Date,Open,High,Low,Close,Volume
2014-12-01,320.0,320.0,320.0,320.0,400.0
2014-12-02,305.0,305.0,305.0,305.0,10000.0
2014-12-04,330.0,330.0,330.0,330.0,10000.0
2014-12-10,350.0,350.0,350.0,350.0,30.0
2014-12-11,212.2,212.2,212.2,212.2,1.0
2014-12-19,330.0,447.0,330.0,350.0,6324.0
2014-12-22,300.0,380.0,290.0,290.0,7764.0
2014-12-23,290.0,290.0,290.0,290.0,1046.0
2014-12-25,285.0,285.0,280.0,280.0,1351.0
2014-12-26,280.0,285.0,270.55,271.0,21007.0
2014-12-29,280.0,280.0,280.0,280.0,1.0
2014-12-30,290.0,310.0,280.0,280.0,4602.0
2015-01-05,321.0,350.0,280.0,280.0,12.0
2015-01-06,320.0,340.0,295.0,310.0,381.0
2015-01-08,300.0,360.0,285.0,335.0,579.0
2015-01-09,300.0,345.0,300.0,306.0,30.0
2015-01-12,290.1,303.0,290.1,303.0,9.0
2015-01-13,290.15,324.9,290.15,319.95,26.0
2015-01-14,324.95,334.95,295.0,315.0,67.0
2015-01-15,300.05,320.0,300.05,305.0,304.0
2015-01-16,305.1,314.95,305.1,308.0,571.0
2015-01-20,315.0,315.0,300.05,310.0,1032.0
2015-01-21,295.0,320.0,295.0,320.0,5101.0
2015-01-22,320.0,330.0,317.5,320.0,4484.0
2015-01-23,324.95,324.95,324.95,324.95,1.0
2015-01-26,320.0,320.0,312.0,320.0,14980.0
2015-01-27,340.0,344.95,312.0,330.0,48.0
2015-01-28,340.0,340.0,340.0,340.0,1.0
2015-01-30,335.0,335.0,335.0,335.0,2.0
2015-02-05,369.0,369.0,369.0,369.0,1.0
2015-02-06,369.0,377.0,330.0,377.0,32219.0
2015-02-09,379.95,379.95,360.25,379.9,17.0
2015-02-10,370.0,380.0,370.0,380.0,129.0
2015-02-11,380.0,389.95,380.0,380.0,83.0
2015-02-12,389.9,394.95,389.9,389.95,43.0
2015-02-13,389.95,395.0,389.95,395.0,121.0
2015-02-16,404.45,410.0,376.0,405.0,622.0
2015-02-17,405.0,405.0,405.0,405.0,1.0
2015-02-18,390.0,390.0,376.0,385.0,2867.0
2015-02-19,380.05,385.0,380.0,380.0,574.0
2015-02-20,384.95,384.95,384.95,384.95,10.0
2015-02-25,380.15,380.15,370.0,370.0,81.0
2015-02-26,379.95,380.0,379.95,380.0,97.0
2015-03-02,375.0,375.0,375.0,375.0,103.0
2015-03-03,381.0,385.05,379.95,380.0,5608.0
2015-03-04,380.0,380.0,380.0,380.0,19.0
2015-03-05,370.05,370.05,370.0,370.0,10.0
2015-03-06,379.9,379.95,379.9,379.95,93.0
2015-03-10,389.9,389.9,365.1,379.5,1051.0
2015-03-11,360.2,374.9,355.1,374.9,37.0
2015-03-12,360.0,369.95,355.05,369.95,28.0
2015-03-13,355.1,369.95,355.1,369.95,2.0
2015-03-16,356.05,374.95,355.05,369.95,40.0
2015-03-17,370.0,370.0,370.0,370.0,50.0
2015-03-18,370.0,370.0,370.0,370.0,31.0
2015-03-20,370.0,370.0,370.0,370.0,1.0
2015-03-25,354.95,354.95,354.95,354.95,100.0
2015-03-26,349.95,349.95,331.05,349.95,130.0
2015-03-30,350.05,354.95,349.95,354.95,1100.0
2015-03-31,350.0,350.0,349.95,349.95,122.0
2015-04-01,359.95,359.95,350.0,350.0,577.0
2015-04-02,340.15,354.9,340.15,354.9,11.0
2015-04-06,338.05,379.95,338.0,379.95,101.0
2015-04-07,365.0,365.0,348.9,349.85,2471.0
2015-04-09,364.95,375.0,340.0,375.0,2671.0
2015-04-10,360.05,384.95,360.05,377.15,271.0
2015-04-13,360.1,384.0,360.1,380.0,152.0
2015-04-14,371.0,384.95,371.0,384.95,164.0
2015-04-15,365.05,405.0,365.05,405.0,1486.0
2015-04-16,390.0,390.0,375.0,389.95,4026.0
2015-04-17,374.95,380.0,360.4,380.0,1675.0
2015-04-20,409.95,434.95,376.0,413.0,1637.0
2015-04-21,425.0,444.95,399.4,444.95,3553.0
2015-04-22,429.5,429.5,410.05,410.05,10.0
2015-04-23,405.0,405.0,390.0,405.0,1078.0
2015-04-24,430.0,434.9,419.95,419.95,123.0
2015-04-28,430.0,444.95,425.05,429.75,204.0
2015-04-29,441.0,444.95,400.35,424.95,814.0
2015-04-30,444.4,454.95,381.0,454.95,1243.0
2015-05-05,447.0,448.0,434.0,447.0,31.0
2015-05-06,443.0,443.0,418.0,419.0,22.0
2015-05-07,424.0,424.0,424.0,424.0,1.0
2015-05-08,424.0,424.0,403.0,419.0,923.0
2015-05-12,433.0,434.0,431.0,431.0,14.0
2015-05-13,440.0,440.0,436.0,439.0,12.0
2015-05-14,444.0,444.0,443.0,443.0,12.0
2015-05-15,443.0,444.0,443.0,444.0,135.0
2015-05-18,434.0,465.0,401.0,429.0,2218.0
2015-05-25,401.0,444.0,401.0,434.0,1307.0
2015-05-26,460.0,475.0,436.0,436.0,5260.0
2015-05-27,443.0,454.0,443.0,444.0,687.0
2015-05-28,444.0,454.0,444.0,454.0,132.0
2015-05-29,449.0,449.0,448.0,448.0,35.0
2015-06-01,459.0,463.0,459.0,463.0,17.0
2015-06-02,460.0,475.0,460.0,473.0,160.0
2015-06-03,475.0,475.0,460.0,460.0,166.0
2015-06-04,479.0,479.0,470.0,470.0,54.0
2015-06-05,474.0,474.0,474.0,474.0,5.0
2015-06-08,470.0,474.0,470.0,474.0,24.0
2015-06-09,468.0,479.0,468.0,471.0,88.0
2015-06-11,464.0,483.0,463.0,466.0,42.0
2015-06-15,455.0,474.0,455.0,474.0,883.0
2015-06-16,425.0,494.0,420.0,480.0,1922.0
2015-06-17,492.0,493.0,492.0,493.0,110.0
2015-06-18,471.0,493.0,470.0,475.0,636.0
2015-06-22,493.0,493.0,493.0,493.0,29.0
2015-06-23,490.0,490.0,490.0,490.0,3.0
2015-06-25,425.0,484.0,425.0,435.0,62.0
2015-06-26,436.0,477.0,436.0,477.0,5.0
2015-06-29,480.0,480.0,480.0,480.0,4.0
2015-06-30,463.0,475.0,463.0,463.0,218.0
2015-07-01,461.0,475.0,461.0,475.0,2.0
2015-07-02,479.0,488.0,475.0,488.0,45.0
2015-07-03,479.0,479.0,479.0,479.0,86.0
2015-07-06,479.0,479.0,479.0,479.0,101.0
2015-07-07,464.0,509.0,464.0,509.0,427.0
2015-07-08,475.0,495.0,471.0,494.0,412.0
2015-07-09,494.0,495.0,477.0,495.0,11.0
2015-07-10,494.0,495.0,481.0,495.0,211.0
2015-07-13,489.0,489.0,489.0,489.0,104.0
2015-07-14,495.0,495.0,485.0,494.0,76.0
2015-07-15,494.0,494.0,494.0,494.0,12.0
2015-07-16,489.0,489.0,489.0,489.0,35.0
2015-07-17,494.0,494.0,472.0,491.0,13988.0
2015-07-20,495.0,495.0,490.0,490.0,2137.0
2015-07-21,472.0,491.0,472.0,490.0,1224.0
2015-07-22,474.0,491.0,474.0,490.0,4006.0
2015-07-23,471.0,509.0,471.0,509.0,600.0
2015-07-24,500.0,507.0,500.0,500.0,4064.0
2015-07-27,509.0,509.0,500.0,500.0,119.0
2015-07-28,518.0,524.0,515.0,515.0,1136.0
2015-07-29,515.0,515.0,500.0,515.0,184.0
2015-07-30,515.0,515.0,515.0,515.0,20.0
2015-07-31,515.0,529.0,515.0,529.0,100.0
2015-08-03,529.0,539.0,525.0,539.0,56.0
2015-08-04,550.0,550.0,550.0,550.0,1.0
2015-08-05,589.0,589.0,560.0,589.0,428.0
2015-08-06,589.0,639.0,589.0,609.0,331.0
2015-08-07,636.0,636.0,600.0,625.0,365.0
2015-08-10,630.0,630.0,521.0,560.0,950.0
2015-08-11,579.0,595.0,520.0,539.0,4156.0
2015-08-12,548.0,548.0,515.0,515.0,1597.0
2015-08-13,518.0,600.0,518.0,520.0,15300.0
2015-08-14,522.0,565.0,520.0,524.0,7198.0
2015-08-17,530.0,565.0,525.0,560.0,3466.0
2015-08-18,531.0,565.0,531.0,565.0,3593.0
2015-08-19,565.0,565.0,537.0,539.0,1068.0
2015-08-20,544.0,564.0,515.0,531.0,1550.0
2015-08-21,544.0,544.0,522.0,540.0,552.0
2015-08-24,520.0,560.0,506.0,534.0,2654.0
2015-08-25,537.0,585.0,537.0,550.0,12082.0
2015-08-26,541.0,559.0,540.0,553.0,2351.0
2015-08-27,554.0,554.0,531.0,539.0,3976.0
2015-08-28,539.0,540.0,532.0,540.0,1616.0
2015-08-31,541.0,580.0,536.0,554.0,13074.0
2015-09-01,554.0,574.0,548.0,558.0,13106.0
2015-09-02,555.0,559.0,546.0,557.0,788.0
2015-09-03,555.0,563.0,548.0,550.0,1066.0
2015-09-04,561.0,569.0,550.0,567.0,7297.0
2015-09-07,565.0,585.0,565.0,584.0,5704.0
2015-09-08,580.0,585.0,560.0,585.0,9281.0
2015-09-09,590.0,598.0,575.0,577.0,22787.0
2015-09-10,577.0,610.0,577.0,590.0,4461.0
2015-09-11,593.0,599.0,570.0,584.0,963.0
2015-09-14,595.0,614.0,578.0,589.0,1319.0
2015-09-15,585.0,606.0,580.0,582.0,3492.0
2015-09-16,593.0,594.0,570.0,570.0,2131.0
2015-09-17,575.0,589.0,563.0,575.0,2159.0
2015-09-18,590.0,590.0,565.0,570.0,2933.0
2015-09-21,577.0,590.0,561.0,566.0,2650.0
2015-09-22,577.0,579.0,562.0,569.0,633.0
2015-09-23,563.0,575.0,553.0,565.0,1993.0
2015-09-24,571.0,575.0,551.0,562.0,2938.0
2015-09-25,565.0,566.0,553.0,560.0,957.0
2015-09-28,556.0,560.0,546.0,555.0,1034.0
2015-09-29,561.0,563.0,530.0,558.0,7829.0
2015-09-30,559.0,559.0,540.0,553.0,2836.0
2015-10-01,539.0,555.0,537.0,555.0,11594.0
2015-10-02,544.0,558.0,543.0,556.0,719.0
2015-10-05,546.0,558.0,545.0,558.0,1690.0
2015-10-06,552.0,559.0,535.0,548.0,6003.0
2015-10-07,540.0,549.0,523.0,535.0,8906.0
2015-10-08,531.0,548.0,502.0,507.0,6640.0
2015-10-09,506.0,515.0,504.0,515.0,10927.0
2015-10-12,516.0,534.0,491.0,520.0,5953.0
2015-10-13,515.0,533.0,515.0,532.0,2036.0
2015-10-14,519.0,544.0,519.0,541.0,2259.0
2015-10-15,534.0,548.0,530.0,538.0,2773.0
2015-10-16,538.0,553.0,536.0,540.0,1612.0
2015-10-19,548.0,589.0,545.0,569.0,9219.0
2015-10-20,585.0,610.0,577.0,585.0,17293.0
2015-10-21,575.0,605.0,575.0,588.0,4363.0
2015-10-22,590.0,597.0,568.0,596.0,12101.0
2015-10-23,595.0,603.0,585.0,600.0,17163.0
2015-10-26,592.0,610.0,586.0,597.0,2633.0
2015-10-27,602.0,647.0,600.0,620.0,9379.0
2015-10-28,628.0,640.0,595.0,613.0,19362.0
2015-10-29,614.0,629.0,585.0,600.0,4270.0
2015-10-30,600.0,616.0,600.0,616.0,786.0
2015-11-02,618.0,618.0,602.0,608.0,3370.0
2015-11-03,602.0,617.0,595.0,610.0,10739.0
2015-11-05,610.0,618.0,610.0,617.0,4344.0
2015-11-06,618.0,840.0,595.0,746.0,28959.0
2015-11-09,768.0,768.0,706.0,730.0,4186.0
2015-11-10,740.0,757.0,716.0,733.0,2115.0
2015-11-11,733.0,793.0,730.0,784.0,28864.0
2015-11-12,775.0,833.0,770.0,826.0,13228.0
2015-11-13,829.0,829.0,782.0,800.0,25288.0
2015-11-16,800.0,819.0,780.0,795.0,6096.0
2015-11-17,795.0,810.0,750.0,773.0,6175.0
2015-11-18,781.0,786.0,751.0,786.0,3397.0
2015-11-19,779.0,809.0,755.0,772.0,7940.0
2015-11-20,772.0,814.0,765.0,790.0,2691.0
2015-11-23,776.0,810.0,775.0,797.0,12572.0
2015-11-24,798.0,798.0,780.0,781.0,6141.0
2015-11-25,781.0,807.0,780.0,800.0,822.0
2015-11-26,800.0,875.0,791.0,807.0,8707.0
2015-11-27,810.0,825.0,791.0,825.0,1792.0
2015-11-30,825.0,869.0,810.0,825.0,9621.0
2015-12-01,826.0,846.0,820.0,835.0,1899.0
2015-12-02,835.0,849.0,820.0,832.0,3142.0
2015-12-03,822.0,848.0,822.0,848.0,873.0
2015-12-04,849.0,850.0,821.0,845.0,734.0
2015-12-07,845.0,865.0,830.0,848.0,1683.0
2015-12-08,839.0,860.0,830.0,852.0,696.0
2015-12-09,863.0,865.0,833.0,854.0,1633.0
2015-12-10,851.0,863.0,828.0,853.0,4365.0
2015-12-11,851.0,882.0,851.0,882.0,3297.0
2015-12-14,874.0,909.0,826.0,909.0,9419.0
2015-12-15,901.0,984.0,891.0,984.0,14004.0
2015-12-16,990.0,1015.0,950.0,950.0,9356.0
2015-12-17,967.0,1000.0,956.0,970.0,4050.0
2015-12-18,974.0,999.0,941.0,948.0,27732.0
2015-12-21,968.0,986.0,967.0,978.0,2338.0
2015-12-22,989.0,989.0,962.0,962.0,4824.0
2015-12-23,975.0,989.0,960.0,960.0,7346.0
2015-12-24,966.0,977.0,950.0,965.0,3296.0
2015-12-25,971.0,975.0,953.0,962.0,1742.0
2015-12-28,967.0,999.0,956.0,990.0,7433.0
2015-12-29,991.0,1005.0,975.0,995.0,1331.0
2015-12-30,999.0,1015.0,972.0,995.0,8623.0
2016-01-04,1013.0,1020.0,960.0,992.0,3121.0
2016-01-05,997.0,1025.0,988.0,1008.0,5308.0
2016-01-06,1011.0,1038.0,1005.0,1027.0,4491.0
2016-01-11,1016.0,1044.0,1011.0,1030.0,5170.0
2016-01-12,1038.0,1043.0,1019.0,1040.0,2288.0
2016-01-13,1043.0,1086.0,1026.0,1040.0,18645.0
2016-01-14,1040.0,1048.0,1020.0,1027.0,6428.0
2016-01-15,1021.0,1060.0,990.0,1015.0,7138.0
2016-01-18,1018.0,1069.0,980.0,1025.0,8228.0
2016-01-19,1029.0,1046.0,1011.0,1037.0,3196.0
2016-01-20,1047.0,1070.0,1020.0,1061.0,10829.0
2016-01-21,1080.0,1151.0,1080.0,1119.0,7929.0
2016-01-22,1132.0,1178.0,1058.0,1062.0,11929.0
2016-01-25,1060.0,1095.0,1048.0,1093.0,8058.0
2016-01-26,1099.0,1115.0,1071.0,1075.0,4409.0
2016-01-27,1087.0,1100.0,1055.0,1073.0,4320.0
2016-01-28,1079.0,1079.0,1032.0,1050.0,3659.0
2016-01-29,1055.0,1055.0,1016.0,1020.0,4937.0
2016-02-01,1042.0,1050.0,1031.0,1040.0,1306.0
2016-02-02,1048.0,1095.0,1048.0,1095.0,9448.0
2016-02-03,1098.0,1124.0,1087.0,1110.0,7167.0
2016-02-04,1123.0,1129.0,1072.0,1096.0,4171.0
2016-02-05,1099.0,1115.0,1080.0,1105.0,5213.0
2016-02-08,1110.0,1115.0,1090.0,1110.0,2315.0
2016-02-09,1112.0,1158.0,1103.0,1150.0,10019.0
2016-02-10,1168.0,1184.0,1132.0,1165.0,5923.0
2016-02-11,1145.0,1227.0,1145.0,1213.0,8149.0
2016-02-12,1240.0,1240.0,1189.0,1230.0,11291.0
2016-02-15,1206.0,1235.0,1186.0,1190.0,10882.0
2016-02-16,1199.0,1249.0,1158.0,1231.0,21203.0
2016-02-17,1244.0,1275.0,1217.0,1243.0,20029.0
2016-02-18,1235.0,1258.0,1211.0,1235.0,10746.0
2016-02-19,1249.0,1268.0,1240.0,1262.0,7395.0
2016-02-20,1262.0,1290.0,1260.0,1268.0,3343.0
2016-02-22,1261.0,1279.0,1250.0,1277.0,30958.0
2016-02-24,1280.0,1311.0,1273.0,1295.0,20346.0
2016-02-25,1307.0,1330.0,1280.0,1294.0,9588.0
2016-02-26,1308.0,1308.0,1275.0,1286.0,11297.0
2016-02-29,1282.0,1334.0,1282.0,1305.0,21126.0
2016-03-01,1298.0,1300.0,1262.0,1269.0,18183.0
2016-03-02,1265.0,1272.0,1242.0,1252.0,14714.0
2016-03-03,1240.0,1273.0,1231.0,1245.0,6579.0
2016-03-04,1236.0,1277.0,1235.0,1261.0,12414.0
2016-03-07,1252.0,1294.0,1247.0,1274.0,6553.0
2016-03-09,1285.0,1290.0,1252.0,1255.0,22335.0
2016-03-10,1240.0,1249.0,1194.0,1219.0,22378.0
2016-03-11,1228.0,1249.0,1182.0,1214.0,11277.0
2016-03-14,1214.0,1229.0,1190.0,1199.0,12327.0
2016-03-15,1210.0,1225.0,1197.0,1224.0,6594.0
2016-03-16,1223.0,1235.0,1205.0,1219.0,6259.0
2016-03-17,1201.0,1210.0,1163.0,1168.0,11436.0
2016-03-18,1161.0,1200.0,1101.0,1200.0,12093.0
2016-03-21,1204.0,1221.0,1200.0,1220.0,6266.0
2016-03-22,1228.0,1240.0,1198.0,1208.0,6389.0
2016-03-23,1209.0,1273.0,1201.0,1224.0,16943.0
2016-03-24,1235.0,1255.0,1226.0,1235.0,11030.0
2016-03-25,1229.0,1240.0,1222.0,1227.0,3131.0
2016-03-28,1232.0,1235.0,1217.0,1234.0,4376.0
2016-03-29,1241.0,1257.0,1215.0,1222.0,8389.0
2016-03-30,1220.0,1227.0,1170.0,1177.0,12121.0
2016-03-31,1197.0,1197.0,1140.0,1153.0,7319.0
2016-04-01,1153.0,1170.0,1139.0,1145.0,4705.0
2016-04-04,1156.0,1170.0,1140.0,1152.0,5696.0
2016-04-05,1167.0,1202.0,1152.0,1198.0,16308.0
2016-04-06,1195.0,1200.0,1175.0,1178.0,6469.0
2016-04-07,1173.0,1191.0,1148.0,1173.0,8894.0
2016-04-08,1171.0,1189.0,1144.0,1148.0,11494.0
2016-04-11,1152.0,1155.0,1140.0,1140.0,2129.0
2016-04-12,1145.0,1147.0,1101.0,1114.0,8404.0
2016-04-13,1123.0,1137.0,1119.0,1132.0,5844.0
2016-04-14,1137.0,1160.0,1137.0,1160.0,8428.0
2016-04-15,1161.0,1177.0,1145.0,1150.0,2165.0
2016-04-18,1146.0,1165.0,1146.0,1157.0,2222.0
2016-04-19,1165.0,1171.0,1128.0,1137.0,3133.0
2016-04-20,1135.0,1150.0,1128.0,1146.0,2502.0
2016-04-21,1134.0,1158.0,1111.0,1115.0,14539.0
2016-04-22,1120.0,1140.0,1076.0,1088.0,21692.0
2016-04-25,1088.0,1125.0,1079.0,1080.0,17601.0
2016-04-26,1096.0,1096.0,1068.0,1080.0,14332.0
2016-04-27,1070.0,1078.0,1038.0,1057.0,16699.0
2016-04-28,1060.0,1070.0,1016.0,1019.0,22446.0
2016-04-29,1023.0,1033.0,1001.0,1010.0,18082.0
2016-05-04,1025.0,1025.0,964.0,993.0,11947.0
2016-05-05,994.0,1020.0,965.0,980.0,12051.0
2016-05-06,967.0,991.0,945.0,950.0,33131.0
2016-05-10,957.0,981.0,942.0,981.0,14893.0
2016-05-11,980.0,980.0,926.0,940.0,37220.0
2016-05-12,939.0,958.0,928.0,944.0,35911.0
2016-05-13,942.0,958.0,921.0,925.0,32877.0
2016-05-16,925.0,927.0,885.0,900.0,40270.0
2016-05-17,901.0,945.0,888.0,945.0,34121.0
2016-05-18,948.0,966.0,925.0,938.0,35618.0
2016-05-19,938.0,954.0,923.0,942.0,18266.0
2016-05-20,936.0,956.0,925.0,934.0,30889.0
2016-05-23,947.0,947.0,905.0,910.0,23010.0
2016-05-24,914.0,915.0,862.0,887.0,45873.0
2016-05-25,887.0,888.0,851.0,859.0,32807.0
2016-05-26,846.0,847.0,816.0,831.0,53462.0
2016-05-27,834.0,867.0,831.0,867.0,33545.0
2016-05-30,862.0,884.0,860.0,878.0,14770.0
2016-05-31,882.0,882.0,846.0,860.0,45722.0
2016-06-01,858.0,864.0,849.0,859.0,11828.0
2016-06-02,860.0,865.0,847.0,850.0,11879.0
2016-06-03,850.0,864.0,843.0,855.0,16054.0
2016-06-06,854.0,860.0,833.0,857.0,20360.0
2016-06-07,859.0,888.0,855.0,888.0,56532.0
2016-06-08,895.0,902.0,880.0,880.0,49204.0
2016-06-09,888.0,910.0,880.0,893.0,36141.0
2016-06-10,902.0,902.0,864.0,885.0,21294.0
2016-06-14,888.0,901.0,877.0,885.0,21280.0
2016-06-15,883.0,904.0,876.0,903.0,25409.0
2016-06-16,903.0,916.0,903.0,914.0,11076.0
2016-06-17,915.0,917.0,885.0,908.0,20550.0
2016-06-20,905.0,924.0,901.0,924.0,16730.0
2016-06-21,931.0,966.0,922.0,958.0,35649.0
2016-06-22,960.0,964.0,936.0,957.0,26879.0
2016-06-23,962.0,982.0,955.0,958.0,20614.0
2016-06-24,931.0,982.0,912.0,976.0,22548.0
2016-06-27,973.0,989.0,961.0,967.0,9221.0
2016-06-28,968.0,969.0,936.0,956.0,16778.0
2016-06-29,956.0,956.0,931.0,935.0,9115.0
2016-06-30,935.0,959.0,931.0,948.0,7917.0
2016-07-01,950.0,961.0,935.0,952.0,7616.0
2016-07-04,951.0,960.0,929.0,948.0,21141.0
2016-07-05,948.0,963.0,943.0,951.0,21831.0
2016-07-06,955.0,957.0,939.0,947.0,13757.0
2016-07-07,954.0,955.0,940.0,943.0,7204.0
2016-07-08,944.0,947.0,925.0,943.0,19089.0
2016-07-11,942.0,950.0,934.0,948.0,8108.0
2016-07-12,948.0,953.0,928.0,939.0,13891.0
2016-07-13,936.0,942.0,887.0,899.0,76522.0
2016-07-14,898.0,910.0,872.0,887.0,61367.0
2016-07-15,889.0,900.0,872.0,897.0,25252.0
2016-07-18,898.0,905.0,883.0,891.0,11161.0
2016-07-19,890.0,893.0,875.0,886.0,31762.0
2016-07-20,877.0,923.0,877.0,911.0,30149.0
2016-07-21,918.0,930.0,901.0,920.0,36541.0
2016-07-22,921.0,954.0,913.0,947.0,23674.0
2016-07-25,954.0,963.0,934.0,941.0,13176.0
2016-07-26,935.0,968.0,933.0,944.0,26431.0
2016-07-27,942.0,952.0,922.0,940.0,24144.0
2016-07-28,944.0,960.0,936.0,956.0,40886.0
2016-07-29,957.0,972.0,948.0,955.0,20344.0
2016-08-01,955.0,962.0,937.0,955.0,21584.0
2016-08-02,955.0,958.0,941.0,947.0,6180.0
2016-08-03,946.0,964.0,937.0,960.0,13320.0
2016-08-04,958.0,962.0,939.0,950.0,26222.0
2016-08-05,949.0,960.0,944.0,958.0,21026.0
2016-08-08,952.0,955.0,927.0,941.0,33318.0
2016-08-09,945.0,953.0,936.0,945.0,9210.0
2016-08-10,945.0,956.0,941.0,949.0,18456.0
2016-08-11,951.0,953.0,929.0,942.0,26775.0
2016-08-12,943.0,955.0,939.0,944.0,16507.0
2016-08-15,945.0,953.0,938.0,947.0,16311.0
2016-08-16,952.0,954.0,930.0,940.0,29120.0
2016-08-17,940.0,949.0,931.0,941.0,29377.0
2016-08-18,941.0,948.0,935.0,940.0,8171.0
2016-08-19,941.0,947.0,936.0,947.0,11114.0
2016-08-22,947.0,956.0,940.0,956.0,18557.0
2016-08-23,956.0,960.0,934.0,939.0,26987.0
2016-08-24,938.0,943.0,920.0,927.0,38605.0
2016-08-25,927.0,932.0,895.0,910.0,39862.0
2016-08-26,910.0,913.0,880.0,900.0,74010.0
2016-08-29,904.0,921.0,901.0,918.0,13181.0
2016-08-30,918.0,925.0,895.0,908.0,29219.0
2016-08-31,908.0,916.0,880.0,895.0,54287.0
2016-09-01,894.0,899.0,862.0,885.0,41202.0
2016-09-02,885.0,896.0,875.0,882.0,22519.0
2016-09-05,885.0,885.0,862.0,873.0,27663.0
2016-09-06,875.0,875.0,861.0,873.0,24976.0
2016-09-07,874.0,880.0,868.0,874.0,21753.0
2016-09-08,874.0,879.0,866.0,871.0,14075.0
2016-09-09,870.0,888.0,861.0,880.0,19070.0
2016-09-12,878.0,883.0,870.0,874.0,11852.0
2016-09-13,880.0,880.0,851.0,868.0,25225.0
2016-09-14,867.0,877.0,856.0,857.0,19100.0
2016-09-15,858.0,868.0,845.0,854.0,12468.0
2016-09-16,855.0,879.0,851.0,872.0,19716.0
2016-09-19,873.0,873.0,849.0,854.0,14083.0
2016-09-20,852.0,854.0,833.0,852.0,37995.0
2016-09-21,851.0,855.0,830.0,846.0,43113.0
2016-09-22,835.0,849.0,831.0,843.0,21706.0
2016-09-23,845.0,874.0,844.0,869.0,32789.0
2016-09-26,872.0,872.0,837.0,842.0,29839.0
2016-09-27,840.0,846.0,831.0,835.0,8359.0
2016-09-28,835.0,839.0,819.0,834.0,21290.0
2016-09-29,830.0,833.0,808.0,830.0,27255.0
2016-09-30,828.0,836.0,818.0,835.0,14651.0
2016-10-03,833.0,834.0,816.0,824.0,5973.0
2016-10-04,822.0,830.0,800.0,823.0,30829.0
2016-10-05,821.0,846.0,819.0,825.0,44139.0
2016-10-06,830.0,830.0,805.0,823.0,23736.0
2016-10-07,817.0,838.0,810.0,823.0,12590.0
2016-10-10,826.0,836.0,804.0,811.0,25414.0
2016-10-11,811.0,830.0,801.0,830.0,33501.0
2016-10-12,827.0,847.0,817.0,847.0,25146.0
2016-10-13,850.0,871.0,848.0,856.0,20214.0
2016-10-14,862.0,865.0,850.0,858.0,10161.0
2016-10-17,856.0,870.0,847.0,859.0,5726.0
2016-10-18,859.0,865.0,854.0,857.0,5397.0
2016-10-19,856.0,860.0,836.0,841.0,18957.0
2016-10-20,837.0,850.0,824.0,835.0,12970.0
2016-10-21,835.0,849.0,821.0,826.0,7901.0
2016-10-24,827.0,832.0,816.0,820.0,7899.0
2016-10-25,820.0,826.0,815.0,821.0,8511.0
2016-10-26,828.0,845.0,819.0,843.0,11959.0
2016-10-27,842.0,842.0,822.0,827.0,9553.0
2016-10-28,831.0,832.0,820.0,830.0,6154.0
2016-10-31,829.0,840.0,820.0,824.0,5761.0
2016-11-01,823.0,835.0,813.0,813.0,26489.0
2016-11-02,818.0,819.0,811.0,811.0,14087.0
2016-11-03,813.0,822.0,811.0,815.0,17328.0
2016-11-07,817.0,817.0,806.0,810.0,5071.0
2016-11-08,811.0,819.0,805.0,808.0,11659.0
2016-11-09,805.0,820.0,798.0,812.0,29539.0
2016-11-10,815.0,816.0,793.0,812.0,44921.0
2016-11-11,811.0,818.0,800.0,815.0,28855.0
2016-11-14,813.0,824.0,806.0,809.0,25482.0
2016-11-15,808.0,809.0,789.0,789.0,38570.0
2016-11-16,789.0,806.0,780.0,790.0,17512.0
2016-11-17,791.0,798.0,774.0,774.0,27959.0
2016-11-18,777.0,783.0,759.0,765.0,15077.0
2016-11-21,770.0,770.0,737.0,751.0,40624.0
2016-11-22,751.0,770.0,740.0,770.0,49611.0
2016-11-23,771.0,795.0,771.0,790.0,45585.0
2016-11-24,785.0,810.0,785.0,805.0,35434.0
2016-11-25,808.0,808.0,795.0,807.0,9188.0
2016-11-28,806.0,806.0,793.0,800.0,19438.0
2016-11-29,801.0,809.0,790.0,809.0,19128.0
2016-11-30,808.0,827.0,805.0,814.0,31157.0
2016-12-01,813.0,820.0,809.0,812.0,36343.0
2016-12-02,811.0,816.0,801.0,809.0,9427.0
2016-12-05,806.0,806.0,790.0,793.0,20819.0
2016-12-06,796.0,800.0,773.0,775.0,35539.0
2016-12-07,777.0,795.0,772.0,790.0,28711.0
2016-12-08,790.0,800.0,787.0,793.0,16011.0
2016-12-09,795.0,800.0,780.0,798.0,28679.0
2016-12-12,798.0,800.0,780.0,787.0,31134.0
2016-12-13,789.0,789.0,777.0,780.0,70435.0
2016-12-14,783.0,800.0,777.0,799.0,40294.0
2016-12-15,801.0,863.0,800.0,833.0,89215.0
2016-12-16,842.0,850.0,828.0,837.0,32266.0
2016-12-19,840.0,863.0,832.0,838.0,123176.0
2016-12-20,843.0,853.0,827.0,827.0,32413.0
2016-12-21,828.0,830.0,820.0,823.0,19591.0
2016-12-22,826.0,830.0,803.0,803.0,39440.0
2016-12-23,809.0,815.0,805.0,815.0,10905.0
2016-12-26,816.0,824.0,815.0,815.0,16962.0
2016-12-27,815.0,820.0,814.0,817.0,6083.0
2016-12-28,816.0,818.0,795.0,800.0,32485.0
2016-12-29,795.0,800.0,783.0,794.0,36743.0
2016-12-30,795.0,811.0,794.0,804.0,18384.0
2017-01-03,810.0,817.0,802.0,811.0,10539.0
2017-01-04,812.0,826.0,812.0,818.0,25001.0
2017-01-05,822.0,831.0,809.0,816.0,39428.0
2017-01-06,818.0,823.0,812.0,820.0,4692.0
2017-01-09,822.0,837.0,814.0,836.0,35805.0
2017-01-10,839.0,872.0,831.0,872.0,50709.0
2017-01-11,869.0,886.0,852.0,855.0,57385.0
2017-01-12,855.0,860.0,843.0,846.0,31847.0
2017-01-13,849.0,864.0,844.0,850.0,9101.0
2017-01-16,849.0,859.0,847.0,850.0,9130.0
2017-01-17,852.0,853.0,841.0,846.0,11938.0
2017-01-18,848.0,849.0,840.0,846.0,7467.0
2017-01-19,846.0,861.0,846.0,848.0,20537.0
2017-01-20,849.0,849.0,846.0,847.0,17104.0
2017-01-23,847.0,847.0,835.0,838.0,15564.0
2017-01-24,839.0,842.0,831.0,837.0,19391.0
2017-01-25,842.0,845.0,833.0,838.0,18249.0
2017-01-26,840.0,865.0,840.0,860.0,40000.0
2017-01-27,860.0,884.0,853.0,857.0,49720.0
2017-01-30,859.0,869.0,853.0,859.0,19580.0
2017-01-31,867.0,867.0,854.0,857.0,8652.0
2017-02-01,860.0,869.0,855.0,857.0,15689.0
2017-02-02,857.0,862.0,831.0,835.0,48442.0
2017-02-03,838.0,844.0,825.0,830.0,24659.0
2017-02-06,830.0,838.0,821.0,824.0,28309.0
2017-02-07,827.0,837.0,824.0,830.0,21395.0
2017-02-08,830.0,840.0,830.0,831.0,17544.0
2017-02-09,835.0,836.0,820.0,824.0,20210.0
2017-02-10,822.0,827.0,816.0,823.0,11303.0
2017-02-13,820.0,822.0,808.0,812.0,27078.0
2017-02-14,810.0,810.0,796.0,797.0,24665.0
2017-02-15,797.0,807.0,787.0,800.0,26456.0
2017-02-16,799.0,803.0,793.0,795.0,6599.0
2017-02-17,796.0,817.0,795.0,809.0,63742.0
2017-02-20,813.0,824.0,805.0,815.0,20440.0
2017-02-21,816.0,823.0,806.0,817.0,12702.0
2017-02-22,819.0,823.0,808.0,810.0,6803.0
2017-02-24,809.0,816.0,800.0,816.0,11568.0
2017-02-27,815.0,819.0,800.0,813.0,25803.0
2017-02-28,815.0,817.0,800.0,810.0,23400.0
2017-03-01,810.0,818.0,806.0,818.0,13907.0
2017-03-02,816.0,821.0,798.0,803.0,19320.0
2017-03-03,802.0,808.0,794.0,799.0,8966.0
2017-03-06,797.0,815.0,797.0,807.0,16003.0
2017-03-07,806.0,814.0,794.0,800.0,17050.0
2017-03-09,799.0,805.0,766.0,769.0,36494.0
2017-03-10,777.0,780.0,727.0,756.0,65337.0
2017-03-13,762.0,785.0,734.0,746.0,80701.0
2017-03-14,753.0,753.0,725.0,725.0,32219.0
2017-03-15,729.0,729.0,701.0,715.0,47517.0
2017-03-16,718.0,725.0,710.0,720.0,18653.0
2017-03-17,724.0,733.0,717.0,726.0,46781.0
2017-03-20,724.0,745.0,711.0,718.0,33052.0
2017-03-21,716.0,724.0,707.0,712.0,29303.0
2017-03-22,713.0,715.0,696.0,709.0,28486.0
2017-03-23,708.0,708.0,690.0,690.0,30942.0
2017-03-24,689.0,699.0,681.0,687.0,20772.0
2017-03-27,690.0,696.0,670.0,677.0,20357.0
2017-03-28,680.0,680.0,667.0,679.0,14890.0
2017-03-29,681.0,704.0,680.0,702.0,39451.0
2017-03-30,705.0,708.0,693.0,703.0,19984.0
2017-03-31,704.0,704.0,689.0,697.0,49721.0
2017-04-03,695.0,709.0,689.0,703.0,19430.0
2017-04-04,704.0,707.0,700.0,700.0,23216.0
2017-04-05,699.0,710.0,697.0,707.0,30371.0
2017-04-06,708.0,715.0,707.0,710.0,29835.0
2017-04-07,707.0,715.0,707.0,713.0,27792.0
2017-04-10,716.0,718.0,706.0,708.0,41715.0
2017-04-11,712.0,717.0,707.0,716.0,35745.0
2017-04-12,691.0,696.0,676.0,684.0,55909.0
2017-04-13,687.0,689.0,671.0,678.0,18340.0
2017-04-14,676.0,678.0,655.0,656.0,30628.0
2017-04-17,658.0,665.0,653.0,664.0,15085.0
2017-04-18,667.0,679.0,664.0,670.0,30985.0
2017-04-19,675.0,694.0,666.0,688.0,52052.0
2017-04-20,686.0,689.0,676.0,678.0,14634.0
2017-04-21,683.0,704.0,670.0,673.0,31479.0
2017-04-24,677.0,680.0,671.0,677.0,13650.0
2017-04-25,677.0,682.0,666.0,680.0,16509.0
2017-04-26,684.0,707.0,681.0,700.0,35681.0
2017-04-27,704.0,706.0,688.0,699.0,18400.0
2017-04-28,700.0,705.0,694.0,699.0,6160.0
2017-05-02,701.0,707.0,695.0,697.0,13067.0
2017-05-03,700.0,700.0,675.0,682.0,17699.0
2017-05-04,685.0,697.0,680.0,694.0,18425.0
2017-05-05,691.0,699.0,687.0,698.0,12885.0
2017-05-10,698.0,700.0,680.0,695.0,19626.0
2017-05-11,696.0,700.0,686.0,693.0,12117.0
2017-05-12,692.0,699.0,682.0,683.0,16483.0
2017-05-15,693.0,694.0,671.0,673.0,12544.0
2017-05-16,671.0,679.0,661.0,676.0,9162.0
2017-05-17,676.0,689.0,676.0,679.0,10547.0
2017-05-18,680.0,684.0,672.0,677.0,12482.0
2017-05-19,675.0,678.0,666.0,666.0,10682.0
2017-05-22,677.0,679.0,664.0,670.0,9203.0
2017-05-23,668.0,670.0,658.0,665.0,6763.0
2017-05-24,667.0,667.0,660.0,663.0,5714.0
2017-05-25,665.0,665.0,655.0,659.0,9009.0
2017-05-26,659.0,662.0,645.0,653.0,21843.0
2017-05-29,657.0,661.0,643.0,648.0,10501.0
2017-05-30,650.0,650.0,638.0,643.0,13414.0
2017-05-31,640.0,644.0,610.0,613.0,42964.0
2017-06-01,614.0,617.0,596.0,596.0,36566.0
2017-06-02,595.0,610.0,592.0,610.0,29036.0
2017-06-05,610.0,615.0,602.0,607.0,12927.0
2017-06-06,607.0,607.0,595.0,602.0,8666.0
2017-06-07,603.0,603.0,588.0,590.0,17238.0
2017-06-08,589.0,600.0,586.0,599.0,18657.0
2017-06-09,597.0,602.0,588.0,598.0,13417.0
2017-06-13,596.0,605.0,591.0,600.0,12388.0
2017-06-14,600.0,612.0,598.0,606.0,28549.0
2017-06-15,606.0,609.0,588.0,604.0,57651.0
2017-06-16,604.0,611.0,598.0,605.0,20965.0
2017-06-19,609.0,640.0,607.0,636.0,52721.0
2017-06-20,639.0,651.0,628.0,644.0,17605.0
2017-06-21,647.0,658.0,646.0,650.0,27015.0
2017-06-22,656.0,668.0,656.0,659.0,25468.0
2017-06-23,661.0,664.0,653.0,663.0,9596.0
2017-06-26,664.0,665.0,657.0,661.0,7293.0
2017-06-27,659.0,664.0,655.0,662.0,32955.0
2017-06-28,663.0,674.0,653.0,669.0,45834.0
2017-06-29,670.0,677.0,658.0,676.0,38754.0
2017-06-30,679.0,693.0,657.0,688.0,26418.0
2017-07-03,692.0,695.0,680.0,688.0,13092.0
2017-07-04,684.0,694.0,677.0,682.0,15256.0
2017-07-05,683.0,690.0,678.0,684.0,14067.0
2017-07-06,686.0,711.0,681.0,711.0,44063.0
2017-07-07,703.0,730.0,695.0,728.0,38796.0
2017-07-10,730.0,735.0,720.0,727.0,9471.0
2017-07-11,725.0,734.0,709.0,716.0,18114.0
2017-07-12,721.0,732.0,715.0,718.0,15112.0
2017-07-13,725.0,748.0,723.0,739.0,45368.0
2017-07-14,744.0,744.0,727.0,733.0,13287.0
2017-07-17,728.0,736.0,711.0,718.0,14779.0
2017-07-18,720.0,735.0,715.0,723.0,4443.0
2017-07-19,721.0,732.0,718.0,728.0,17717.0
2017-07-20,730.0,735.0,723.0,725.0,8733.0
2017-07-21,718.0,733.0,685.0,726.0,32501.0
2017-07-24,732.0,742.0,721.0,738.0,60232.0
2017-07-25,739.0,745.0,731.0,738.0,60499.0
2017-07-26,743.0,743.0,724.0,729.0,54272.0
2017-07-27,734.0,734.0,726.0,729.0,7707.0
2017-07-28,729.0,733.0,715.0,720.0,30357.0
2017-07-31,722.0,731.0,721.0,729.0,46494.0
2017-08-01,729.0,733.0,716.0,730.0,65955.0
2017-08-02,728.0,741.0,726.0,740.0,44703.0
2017-08-03,739.0,743.0,726.0,731.0,42891.0
2017-08-04,726.0,730.0,716.0,723.0,39991.0
2017-08-07,719.0,722.0,718.0,721.0,17265.0
2017-08-08,725.0,725.0,709.0,720.0,46184.0
2017-08-09,720.0,727.0,716.0,723.0,25950.0
2017-08-10,723.0,729.0,715.0,721.0,21030.0
2017-08-11,719.0,720.0,713.0,717.0,5127.0
2017-08-14,727.0,728.0,704.0,705.0,26139.0
2017-08-15,704.0,711.0,702.0,710.0,14201.0
2017-08-16,710.0,713.0,700.0,703.0,11384.0
2017-08-17,703.0,708.0,694.0,695.0,12112.0
2017-08-18,694.0,700.0,690.0,695.0,15354.0
2017-08-21,699.0,700.0,693.0,695.0,5360.0
2017-08-22,697.0,706.0,695.0,705.0,17308.0
2017-08-23,706.0,710.0,700.0,706.0,18672.0
2017-08-24,702.0,710.0,702.0,704.0,30525.0
2017-08-25,703.0,706.0,701.0,701.0,3924.0
2017-08-28,706.0,706.0,692.0,693.0,28646.0
2017-08-29,697.0,700.0,690.0,700.0,4539.0
2017-08-30,705.0,706.0,685.0,703.0,10569.0
2017-08-31,702.0,705.0,699.0,702.0,14282.0
2017-09-01,702.0,707.0,695.0,699.0,11243.0
2017-09-04,697.0,702.0,687.0,690.0,31246.0
2017-09-05,695.0,695.0,686.0,688.0,66638.0
2017-09-06,686.0,705.0,686.0,703.0,28492.0
2017-09-07,707.0,719.0,706.0,709.0,34561.0
2017-09-08,707.0,747.0,707.0,728.0,207151.0
2017-09-11,735.0,769.0,730.0,758.0,41516.0
2017-09-12,760.0,767.0,740.0,746.0,45990.0
2017-09-13,738.0,739.0,720.0,727.0,22818.0
2017-09-14,732.0,736.0,710.0,712.0,15313.0
2017-09-15,714.0,723.0,703.0,706.0,25209.0
2017-09-18,706.0,712.0,700.0,704.0,14718.0
2017-09-19,705.0,711.0,701.0,704.0,4726.0
2017-09-20,706.0,713.0,701.0,713.0,17737.0
2017-09-21,713.0,727.0,709.0,718.0,18746.0
2017-09-22,721.0,723.0,696.0,702.0,10502.0
2017-09-25,700.0,707.0,692.0,695.0,14797.0
2017-09-26,699.0,699.0,688.0,690.0,14966.0
2017-09-27,694.0,701.0,690.0,698.0,15069.0
2017-09-28,699.0,703.0,696.0,698.0,13673.0
2017-09-29,698.0,714.0,696.0,713.0,19272.0
2017-10-02,713.0,713.0,693.0,696.0,24583.0
2017-10-03,697.0,704.0,696.0,702.0,7032.0
2017-10-04,705.0,706.0,695.0,696.0,4949.0
2017-10-05,698.0,698.0,688.0,689.0,8909.0
2017-10-06,690.0,699.0,688.0,693.0,4917.0
2017-10-09,695.0,697.0,672.0,682.0,42285.0
2017-10-10,684.0,685.0,673.0,675.0,14194.0
2017-10-11,677.0,682.0,675.0,681.0,10955.0
2017-10-12,685.0,689.0,679.0,686.0,7898.0
2017-10-13,679.0,690.0,679.0,686.0,4791.0
2017-10-16,687.0,690.0,681.0,689.0,5879.0
2017-10-17,687.0,693.0,675.0,689.0,15642.0
2017-10-18,689.0,691.0,682.0,689.0,3754.0
2017-10-19,691.0,693.0,686.0,689.0,10804.0
2017-10-20,691.0,692.0,679.0,680.0,5859.0
2017-10-23,687.0,687.0,670.0,681.0,15611.0
2017-10-24,680.0,680.0,666.0,672.0,12610.0
2017-10-25,678.0,685.0,671.0,680.0,9090.0
2017-10-26,682.0,683.0,673.0,674.0,12843.0
2017-10-27,677.0,696.0,676.0,691.0,19586.0
2017-10-30,689.0,694.0,686.0,687.0,9221.0
2017-10-31,690.0,701.0,690.0,700.0,8756.0
2017-11-01,703.0,715.0,693.0,694.5,13874.0
2017-11-02,701.0,701.0,689.0,695.5,10131.0
2017-11-03,694.5,701.5,693.5,698.5,3680.0
2017-11-07,699.0,707.5,691.5,703.5,14275.0
2017-11-08,707.0,710.0,703.0,705.0,9946.0
2017-11-09,709.5,710.5,696.0,696.0,5892.0
2017-11-10,699.0,706.0,687.0,699.5,11755.0
2017-11-13,700.5,705.5,695.5,696.5,9896.0
2017-11-14,703.5,712.0,701.0,707.0,69228.0
2017-11-15,707.5,707.5,695.0,703.0,18704.0
2017-11-16,701.5,703.0,685.0,690.0,34533.0
2017-11-17,692.5,695.5,684.5,693.5,22819.0
2017-11-20,696.0,696.0,685.5,691.0,15296.0
2017-11-21,694.0,704.5,687.5,700.0,21607.0
2017-11-22,697.0,710.0,695.0,703.0,23834.0
2017-11-23,708.5,709.5,687.5,687.5,20281.0
2017-11-24,690.5,695.0,686.0,695.0,13736.0
2017-11-27,695.0,695.0,685.0,690.0,13352.0
2017-11-28,692.0,694.0,684.0,691.5,18532.0
2017-11-29,691.0,693.5,681.5,690.0,18002.0
2017-11-30,689.0,730.0,679.5,704.5,123650.0
2017-12-01,707.0,707.0,687.0,690.0,23479.0
2017-12-04,696.5,696.5,678.0,681.5,17356.0
2017-12-05,679.5,685.0,673.5,683.5,8986.0
2017-12-06,677.0,688.0,666.5,666.5,50656.0
2017-12-07,677.0,677.0,655.0,655.5,19050.0
2017-12-08,657.0,665.0,626.0,629.0,34154.0
2017-12-11,630.5,646.0,627.5,642.0,15790.0
2017-12-12,649.0,649.0,621.5,626.0,26515.0
2017-12-13,626.0,640.0,621.0,624.0,19022.0
2017-12-14,627.5,639.5,610.0,620.0,36055.0
2017-12-15,621.5,626.5,610.5,623.0,22469.0
2017-12-18,623.5,623.5,608.5,614.0,32210.0
2017-12-19,615.0,615.0,588.5,589.0,51715.0
2017-12-20,597.5,598.0,582.0,589.0,20316.0
2017-12-21,590.5,596.0,574.0,586.0,59119.0
2017-12-22,590.0,599.5,581.0,585.0,28216.0
2017-12-25,588.5,588.5,578.0,586.0,24401.0
2017-12-26,587.5,592.0,580.0,585.5,36781.0
2017-12-27,585.5,593.0,574.0,574.5,61970.0
2017-12-28,577.0,580.0,566.5,570.0,19512.0
2017-12-29,574.5,578.5,564.0,568.5,18626.0
2018-01-03,583.0,583.0,561.0,570.0,17513.0
2018-01-04,570.5,573.0,560.5,565.0,24954.0
2018-01-05,565.0,568.5,559.5,562.5,22365.0
2018-01-09,563.5,580.0,561.5,566.5,28969.0
2018-01-10,567.0,575.0,566.0,570.0,13801.0
2018-01-11,569.5,575.0,562.0,568.5,30376.0
2018-01-12,568.0,584.0,563.5,582.0,40984.0
2018-01-15,581.0,582.0,572.0,575.5,29926.0
2018-01-16,578.5,592.5,575.0,592.5,52665.0
2018-01-17,588.5,602.5,584.0,602.0,44014.0
2018-01-18,602.0,605.0,596.5,601.0,26323.0
2018-01-19,601.0,610.0,591.5,607.5,20594.0
2018-01-22,609.0,614.5,602.5,606.0,31609.0
2018-01-23,612.5,613.5,591.0,600.0,29426.0
2018-01-24,596.5,602.0,592.0,596.0,13120.0
2018-01-25,599.5,601.0,593.0,593.0,34808.0
2018-01-26,594.5,594.5,580.0,583.0,24955.0
2018-01-29,582.0,594.0,570.0,575.5,16422.0
2018-01-30,574.5,578.0,565.5,578.0,14854.0
2018-01-31,575.0,583.5,574.0,580.5,25249.0
2018-02-01,583.0,584.0,570.0,580.0,20110.0
2018-02-02,581.0,582.5,572.0,574.5,15320.0
2018-02-05,571.0,575.0,570.0,572.5,4738.0
2018-02-06,569.5,573.0,555.0,567.0,17938.0
2018-02-07,570.0,573.5,568.0,571.0,7775.0
2018-02-08,572.0,582.0,570.0,577.0,13023.0
2018-02-09,577.0,581.0,566.0,570.0,7328.0
2018-02-12,576.5,588.0,571.0,586.0,12779.0
2018-02-13,589.0,598.5,581.5,586.0,8877.0
2018-02-14,592.0,592.0,579.0,587.5,7090.0
2018-02-15,585.0,588.5,575.0,587.0,5014.0
2018-02-16,588.0,590.5,575.5,577.0,7107.0
2018-02-19,576.5,580.0,572.0,574.0,3173.0
2018-02-20,574.0,577.0,570.0,574.5,5768.0
2018-02-21,575.5,578.0,565.5,577.0,13318.0
2018-02-22,573.0,580.0,567.0,579.0,9280.0
2018-02-26,581.5,586.0,574.5,574.5,13456.0
2018-02-27,576.5,578.5,566.0,575.0,10383.0
2018-02-28,574.0,583.0,570.0,575.5,13500.0
2018-03-01,573.5,583.5,573.5,581.0,7246.0
2018-03-02,584.5,592.0,581.5,589.5,15398.0
2018-03-05,590.0,596.0,585.0,586.0,20551.0
2018-03-06,592.5,600.0,582.0,596.5,12732.0
2018-03-07,595.5,596.0,583.0,588.5,8637.0
2018-03-09,587.5,599.5,587.5,596.5,8682.0
2018-03-12,599.5,603.0,586.0,587.5,14538.0
2018-03-13,589.0,593.5,582.0,591.5,12118.0
2018-03-14,591.5,591.5,575.5,577.5,15580.0
2018-03-15,577.0,582.0,568.5,572.0,15440.0
2018-03-16,570.5,584.0,566.0,584.0,14357.0
2018-03-19,583.5,596.5,566.0,591.0,23937.0
2018-03-20,590.0,590.0,576.0,583.0,7615.0
2018-03-21,578.5,592.5,578.5,589.5,8808.0
2018-03-22,589.0,592.0,581.5,587.5,10776.0
2018-03-23,582.0,592.0,580.0,588.5,24947.0
2018-03-26,586.5,599.0,585.5,587.5,22943.0
2018-03-27,591.0,592.5,583.5,587.0,5674.0
2018-03-28,586.0,589.5,583.0,588.5,8981.0
2018-03-29,588.0,601.0,586.5,597.0,21135.0
2018-03-30,600.0,603.5,596.0,600.0,14868.0
2018-04-02,601.0,605.5,590.0,592.0,15873.0
2018-04-03,593.0,598.5,590.5,593.0,18624.0
2018-04-04,595.5,613.5,594.0,611.0,31647.0
2018-04-05,613.5,620.5,608.5,616.0,29007.0
2018-04-06,616.5,634.0,616.0,624.0,27726.0
2018-04-09,623.0,629.5,578.5,589.5,91303.0
2018-04-10,589.0,626.5,587.5,620.0,59955.0
2018-04-11,609.0,658.0,609.0,637.0,115270.0
2018-04-12,624.0,646.5,621.0,640.0,25180.0
2018-04-13,640.5,671.0,634.5,670.0,32616.0
2018-04-16,668.0,683.0,636.0,670.0,37411.0
2018-04-17,673.0,683.0,661.0,675.5,16071.0
2018-04-18,675.0,686.0,672.5,673.0,21959.0
2018-04-19,675.5,680.0,650.0,664.0,61193.0
2018-04-20,666.5,672.5,663.0,669.5,13738.0
2018-04-23,675.5,677.5,645.0,668.0,29003.0
2018-04-24,660.5,670.0,650.0,656.0,15896.0
2018-04-25,654.5,675.0,652.5,669.5,69171.0
2018-04-26,671.0,674.0,660.5,672.0,8941.0
2018-04-27,662.0,687.0,662.0,675.0,19558.0
2018-04-28,674.0,677.5,669.0,669.0,2971.0
2018-04-30,677.0,690.0,675.5,689.0,9057.0
2018-05-02,688.0,699.0,680.0,699.0,11939.0
2018-05-03,698.5,698.5,682.0,687.5,10653.0
2018-05-04,689.5,692.5,682.5,687.0,16369.0
2018-05-07,685.0,690.5,672.0,684.5,7822.0
2018-05-08,685.0,695.0,673.0,695.0,11664.0
2018-05-10,695.0,698.0,680.5,692.5,18493.0
2018-05-11,698.5,698.5,689.0,693.0,11528.0
2018-05-14,694.0,698.0,687.5,696.5,9960.0
2018-05-15,696.5,709.0,694.0,704.0,17575.0
2018-05-16,706.5,712.0,675.0,695.0,15873.0
2018-05-17,693.5,698.0,684.5,686.5,19146.0
2018-05-18,687.0,700.5,673.0,687.5,19330.0
2018-05-21,694.0,708.0,689.0,700.0,17357.0
2018-05-22,700.5,702.0,697.5,700.0,4872.0
2018-05-23,703.5,705.5,695.5,696.5,18056.0
2018-05-24,701.0,701.0,691.5,693.0,7461.0
2018-05-25,701.0,705.0,683.5,700.0,13778.0
2018-05-28,702.0,704.0,699.5,701.5,1412.0
2018-05-29,701.0,704.0,695.0,696.5,12044.0
2018-05-30,693.0,698.5,693.0,696.0,3443.0
2018-05-31,697.5,715.0,690.0,715.0,10400.0
2018-06-01,696.5,698.0,692.0,694.0,7484.0
2018-06-04,695.5,704.5,690.0,704.5,15825.0
2018-06-05,696.0,699.5,694.0,699.5,7663.0
2018-06-06,696.5,708.0,693.0,695.0,45481.0
2018-06-07,691.5,710.0,690.5,705.0,18702.0
2018-06-08,701.5,703.5,694.5,694.5,20353.0
2018-06-09,702.5,702.5,693.0,698.5,2762.0
2018-06-11,692.0,699.5,692.0,696.0,2233.0
2018-06-13,702.5,705.0,693.5,696.0,22210.0
2018-06-14,695.0,696.5,685.0,689.5,7293.0
2018-06-15,689.0,700.0,688.5,697.5,4414.0
2018-06-18,697.0,704.0,697.0,700.0,6934.0
2018-06-19,701.5,707.0,693.0,698.5,9344.0
2018-06-20,695.0,698.5,688.5,692.0,34337.0
2018-06-21,693.0,696.0,689.5,691.0,10118.0
2018-06-22,695.0,695.0,682.0,682.0,22527.0
2018-06-25,694.0,698.5,680.0,686.5,8622.0
2018-06-26,691.5,693.0,680.0,685.0,8431.0
2018-06-27,678.5,690.0,672.5,687.0,3083.0
2018-06-28,686.5,688.0,683.0,683.5,4211.0
2018-06-29,688.5,689.0,680.0,680.0,6291.0
2018-07-02,688.5,689.0,682.5,688.5,3037.0
2018-07-03,688.0,689.0,685.0,685.0,2528.0
2018-07-04,689.5,692.0,679.0,684.0,4947.0
2018-07-05,681.0,688.0,679.0,684.5,5895.0
2018-07-06,688.0,689.0,681.5,686.5,4446.0
2018-07-09,685.0,686.0,680.5,681.0,7690.0
2018-07-10,686.5,694.0,675.0,678.5,11107.0
2018-07-11,677.5,679.0,671.0,672.0,7441.0
2018-07-12,674.5,679.0,673.0,676.5,4468.0
2018-07-13,676.5,678.5,661.5,666.0,37472.0
2018-07-16,667.5,670.5,661.5,665.0,3091.0
2018-07-17,667.5,668.0,655.0,658.0,5116.0
2018-07-18,667.0,674.5,662.0,667.0,10411.0
2018-07-19,672.5,679.5,666.0,668.0,15180.0
2018-07-20,669.5,676.5,630.0,670.0,7639.0
2018-07-23,670.5,670.5,652.5,665.0,9557.0
2018-07-24,655.0,673.0,650.5,669.0,6630.0
2018-07-25,669.0,678.0,660.5,668.5,6987.0
2018-07-26,668.0,671.5,665.0,665.0,1671.0
2018-07-27,669.0,673.5,663.0,663.0,3586.0
2018-07-30,661.5,669.0,660.0,660.0,4844.0
2018-07-31,665.5,666.5,660.0,660.0,3936.0
2018-08-01,660.5,668.0,660.5,665.5,7030.0
2018-08-02,665.0,671.5,663.5,665.5,7222.0
2018-08-03,665.0,672.5,665.0,667.5,8995.0
2018-08-06,673.0,683.0,666.0,666.5,11037.0
2018-08-07,670.5,675.5,669.5,670.5,5360.0
2018-08-08,669.0,672.5,665.0,668.5,10295.0
2018-08-09,670.0,685.0,660.5,677.0,21325.0
2018-08-10,676.5,689.5,676.5,686.0,30666.0
2018-08-13,685.5,699.5,683.5,692.0,51478.0
2018-08-14,692.0,697.0,674.0,690.0,33383.0
2018-08-15,693.5,693.5,685.0,688.0,10413.0
2018-08-16,690.0,693.0,685.0,688.0,10963.0
2018-08-17,690.5,696.5,688.5,691.0,16644.0
2018-08-20,689.5,694.0,688.0,691.0,10440.0
2018-08-21,690.5,692.5,686.0,689.5,10485.0
2018-08-22,691.0,694.0,689.5,691.0,11377.0
2018-08-23,691.5,699.5,690.0,692.5,28502.0
2018-08-24,692.0,695.5,685.5,690.0,26281.0
2018-08-27,690.5,696.0,688.0,693.5,23379.0
2018-08-28,693.5,699.0,691.5,698.0,21280.0
2018-08-29,699.0,702.5,693.0,698.0,17127.0
2018-08-30,697.5,699.0,695.0,698.5,17461.0
2018-08-31,695.5,708.0,692.0,708.0,37358.0
2018-09-03,697.0,710.0,696.0,709.5,16287.0
2018-09-04,712.5,713.5,700.5,705.5,28287.0
2018-09-05,703.5,707.5,698.0,703.0,26242.0
2018-09-06,703.5,713.0,700.0,707.0,31767.0
2018-09-07,709.5,721.5,709.5,721.5,26434.0
2018-09-10,721.0,725.0,713.0,725.0,26472.0
2018-09-11,726.0,732.0,723.5,725.0,38576.0
2018-09-12,727.5,737.5,720.5,723.0,44084.0
2018-09-13,719.0,721.0,712.5,718.0,23430.0
2018-09-14,718.0,718.0,700.0,704.5,13371.0
2018-09-17,704.0,705.5,700.0,701.5,3661.0
2018-09-18,701.5,704.0,685.0,688.0,40878.0
2018-09-19,696.5,696.5,675.0,684.5,53619.0
2018-09-20,686.5,686.5,672.0,675.0,20386.0
2018-09-21,675.5,678.0,670.0,673.0,5347.0
2018-09-24,673.5,681.0,665.0,673.0,12771.0
2018-09-25,672.5,676.5,655.0,665.0,31943.0
2018-09-26,664.0,670.5,656.5,670.0,52842.0
2018-09-27,671.5,671.5,661.5,668.0,37862.0
2018-09-28,665.0,679.0,662.0,674.5,18360.0
2018-10-01,674.5,683.5,668.0,676.0,32250.0
2018-10-02,673.5,683.0,664.5,674.5,8948.0
2018-10-03,675.5,694.5,669.5,689.5,25733.0
2018-10-04,689.5,699.5,685.5,693.0,20457.0
2018-10-05,693.0,697.5,688.5,691.5,7071.0
2018-10-08,692.0,699.0,686.0,691.0,20626.0
2018-10-09,695.0,697.0,684.0,690.0,7982.0
2018-10-10,686.5,696.5,686.5,692.5,5520.0
2018-10-11,684.5,688.5,672.0,680.0,21518.0
2018-10-12,683.5,684.5,672.0,677.0,10375.0
2018-10-15,677.5,688.0,675.5,683.0,21953.0
2018-10-16,686.0,686.0,678.0,680.5,6085.0
2018-10-17,678.0,684.0,677.0,683.0,6725.0
2018-10-18,683.0,687.5,678.5,683.0,1642.0
2018-10-19,682.0,685.0,672.0,677.0,28208.0
2018-10-22,675.5,684.0,664.5,672.5,23357.0
2018-10-23,672.5,673.0,655.0,659.5,14588.0
2018-10-24,658.5,663.0,651.0,662.5,8645.0
2018-10-25,661.0,664.5,655.0,660.5,6283.0
2018-10-26,662.0,678.0,652.5,658.0,27497.0
2018-10-29,668.5,669.0,653.5,662.5,5224.0
2018-10-30,662.5,672.0,660.0,662.0,3467.0
2018-10-31,665.0,680.0,660.0,662.0,29862.0
2018-11-01,665.0,666.0,662.5,665.0,1788.0
2018-11-02,664.0,674.5,661.0,668.0,4691.0
2018-11-06,671.5,680.5,671.5,673.5,2148.0
2018-11-07,676.0,677.0,665.0,676.5,8638.0
2018-11-08,675.5,686.5,675.5,685.0,20390.0
2018-11-09,685.5,691.5,678.5,683.5,22032.0
2018-11-12,690.5,705.0,684.5,687.0,14748.0
2018-11-13,689.0,699.0,684.0,695.0,10641.0
2018-11-14,695.0,700.5,694.0,695.5,13072.0
2018-11-15,699.0,699.0,688.0,695.0,5109.0
2018-11-16,688.5,699.5,686.0,689.0,11012.0
2018-11-19,690.0,702.0,686.5,699.5,12688.0
2018-11-20,690.0,704.0,690.0,703.0,17885.0
2018-11-21,699.5,712.0,699.5,712.0,14007.0
2018-11-22,710.0,722.5,707.0,717.0,22996.0
2018-11-23,719.5,723.5,714.0,719.0,12022.0
2018-11-26,722.0,732.0,704.5,728.0,21065.0
2018-11-27,731.5,733.0,720.5,727.0,14593.0
2018-11-28,725.5,734.5,722.5,727.0,30574.0
2018-11-29,722.5,729.5,722.0,729.0,6511.0
2018-11-30,723.0,743.0,723.0,738.0,46072.0
2018-12-03,738.0,749.0,726.5,730.0,28828.0
2018-12-04,735.0,747.0,731.0,747.0,45299.0
2018-12-05,741.0,748.0,734.5,740.5,10665.0
2018-12-06,735.0,744.0,735.0,740.0,11452.0
2018-12-07,737.0,750.0,736.0,736.0,14150.0
2018-12-10,741.0,750.0,738.0,747.5,41719.0
2018-12-11,750.5,755.0,747.0,750.0,10986.0
2018-12-12,752.0,752.0,713.0,747.5,12896.0
2018-12-13,747.5,764.5,741.0,760.0,8775.0
2018-12-14,760.0,768.0,752.0,759.0,7914.0
2018-12-17,751.5,767.0,750.5,751.0,14463.0
2018-12-18,750.5,765.0,741.0,758.5,14599.0
2018-12-19,759.5,780.0,757.0,780.0,16759.0
2018-12-20,771.5,787.0,770.5,778.5,8273.0
2018-12-21,784.5,794.0,765.5,791.0,17662.0
2018-12-24,791.0,798.5,776.0,780.0,5420.0
2018-12-25,770.5,784.0,748.0,750.0,9496.0
2018-12-26,757.0,765.5,742.0,752.5,6456.0
2018-12-27,752.0,793.0,744.5,788.0,26289.0
2018-12-28,786.5,796.0,770.5,794.0,16597.0
2018-12-29,797.0,797.5,786.0,791.5,2091.0
2019-01-03,788.5,800.0,786.0,800.0,5385.0
2019-01-04,799.0,805.0,777.5,778.0,14129.0
2019-01-08,773.5,775.5,761.0,767.0,5649.0
2019-01-09,766.5,784.5,761.5,782.0,11840.0
2019-01-10,778.5,793.0,760.0,774.5,13721.0
2019-01-11,779.0,785.0,767.5,776.0,11479.0
2019-01-14,771.5,797.5,770.0,784.0,16136.0
2019-01-15,780.5,794.5,779.5,792.5,14830.0
2019-01-16,792.0,804.0,750.5,797.0,11960.0
2019-01-17,797.0,820.0,797.0,812.5,12637.0
2019-01-18,813.0,825.5,800.0,812.0,14929.0
2019-01-21,806.5,817.0,804.0,809.0,9337.0
2019-01-22,816.5,816.5,809.0,810.0,6275.0
2019-01-23,810.5,819.0,809.5,815.0,10523.0
2019-01-24,815.0,815.0,787.0,810.0,77463.0
2019-01-25,818.5,828.5,805.0,813.0,32644.0
2019-01-28,817.0,825.0,810.0,813.5,17953.0
2019-01-29,815.5,819.0,808.5,810.0,11474.0
2019-01-30,808.5,813.5,806.5,808.0,17341.0
2019-01-31,809.5,816.0,800.0,811.0,41727.0
2019-02-01,811.0,820.0,805.0,819.0,10490.0
2019-02-04,810.5,820.0,810.0,814.0,4969.0
2019-02-05,811.5,819.5,811.5,812.0,4144.0
2019-02-06,810.5,818.0,808.0,818.0,5724.0
2019-02-07,818.5,827.0,818.5,825.0,32981.0
2019-02-08,826.5,833.0,822.0,827.5,12017.0
2019-02-11,833.0,840.0,826.0,832.0,8447.0
2019-02-12,832.0,840.0,827.5,838.0,13396.0
2019-02-13,842.0,842.0,829.5,831.5,71077.0
2019-02-14,830.0,848.0,815.0,838.5,16122.0
2019-02-15,830.5,848.5,827.0,838.5,5030.0
2019-02-18,842.0,842.0,833.5,834.5,4971.0
2019-02-19,840.0,840.0,820.5,833.0,7207.0
2019-02-20,839.5,839.5,818.5,824.0,34684.0
2019-02-21,825.5,840.0,788.5,813.0,44132.0
2019-02-22,816.0,828.0,815.5,826.0,13451.0
2019-02-25,826.0,828.0,812.5,818.5,7872.0
2019-02-26,815.5,828.5,813.0,815.0,19264.0
2019-02-27,813.0,823.0,812.5,823.0,34086.0
2019-02-28,823.5,829.0,813.5,829.0,36440.0
2019-03-01,820.0,824.0,805.5,818.0,19265.0
2019-03-04,818.5,824.0,811.5,812.5,15213.0
2019-03-05,812.5,819.0,796.5,807.0,30821.0
2019-03-06,801.5,809.0,797.5,805.5,13371.0
2019-03-07,800.0,808.0,799.5,807.5,10292.0
2019-03-11,810.0,810.0,801.5,803.5,2952.0
2019-03-12,804.0,804.0,798.0,801.5,9223.0
2019-03-13,804.5,805.0,774.0,783.0,22145.0
2019-03-14,785.5,786.0,775.0,778.0,9491.0
2019-03-15,780.5,780.5,765.0,774.5,16196.0
2019-03-18,778.5,791.0,757.0,759.5,19031.0
2019-03-19,768.0,768.0,756.0,756.0,8311.0
2019-03-20,758.5,765.0,755.0,761.0,23973.0
2019-03-21,755.0,764.5,743.0,744.0,17376.0
2019-03-22,748.0,750.0,730.0,745.0,13417.0
2019-03-25,742.0,744.0,727.5,735.0,13195.0
2019-03-26,732.5,767.0,731.0,763.0,16297.0
2019-03-27,760.0,768.0,735.5,742.5,11237.0
2019-03-28,746.0,754.0,737.5,752.0,5315.0
2019-03-29,753.0,773.5,743.0,752.0,11434.0
2019-04-01,752.5,761.0,728.0,742.0,17285.0
2019-04-02,742.5,749.5,728.5,738.5,11551.0
2019-04-03,741.5,747.5,731.0,740.0,13830.0
2019-04-04,741.5,749.0,738.0,749.0,5925.0
2019-04-05,756.0,756.0,739.5,742.5,5134.0
2019-04-08,742.0,746.5,741.5,741.5,4272.0
2019-04-09,742.0,743.0,737.0,743.0,13405.0
2019-04-10,738.0,743.0,726.5,727.0,20519.0
2019-04-11,727.5,730.0,713.0,721.0,10418.0
2019-04-12,726.0,730.0,719.0,721.0,8754.0
2019-04-15,724.5,748.5,724.5,734.0,17057.0
2019-04-16,736.0,740.0,726.0,733.5,8270.0
2019-04-17,736.5,736.5,730.5,735.0,6095.0
2019-04-18,735.0,735.5,722.0,729.0,14692.0
2019-04-19,729.0,750.0,727.0,740.0,13026.0
2019-04-22,740.5,750.0,734.0,744.0,17702.0
2019-04-23,745.5,760.0,743.5,748.0,40513.0
2019-04-24,745.5,757.0,745.5,757.0,19276.0
2019-04-25,746.0,756.5,739.0,753.0,25357.0
2019-04-26,753.0,759.5,745.5,746.5,17300.0
2019-04-29,752.0,759.0,742.5,748.0,20644.0
2019-04-30,748.0,750.0,743.0,750.0,3415.0
2019-05-02,743.0,751.8,743.0,747.4,1508.0
2019-05-03,747.4,751.0,747.4,749.2,1438.0
2019-05-06,751.2,751.6,737.6,742.0,5441.0
2019-05-07,744.0,759.0,743.8,753.6,11239.0
2019-05-08,748.8,757.8,744.2,746.2,5389.0
2019-05-10,742.2,746.2,730.2,732.4,4170.0
2019-05-13,732.4,738.4,726.0,727.0,7459.0
2019-05-14,727.2,738.0,726.8,727.6,10236.0
2019-05-15,725.0,737.0,722.2,724.2,7482.0
2019-05-16,724.6,732.4,724.6,725.0,5581.0
2019-05-17,726.0,753.4,726.0,731.2,13592.0
2019-05-20,751.0,780.0,741.6,762.4,113266.0
2019-05-21,768.8,769.0,762.0,765.0,23887.0
2019-05-22,760.6,767.8,760.2,765.4,12461.0
2019-05-23,755.2,765.0,748.4,751.0,12347.0
2019-05-24,748.2,751.0,747.2,748.2,7173.0
2019-05-27,754.8,765.2,750.0,758.0,8911.0
2019-05-28,752.0,780.0,747.2,780.0,53331.0
2019-05-29,771.2,777.4,751.4,755.4,33210.0
2019-05-30,760.0,762.8,753.2,754.6,8263.0
2019-05-31,753.4,767.0,752.6,759.0,9657.0
2019-06-03,759.2,765.0,753.6,753.8,10408.0
2019-06-04,756.0,762.4,756.0,760.2,10172.0
2019-06-05,761.6,778.8,760.2,774.2,22941.0
2019-06-06,778.4,786.0,770.2,771.8,9045.0
2019-06-07,772.4,777.4,768.6,771.0,7695.0
2019-06-10,772.6,773.0,765.2,765.4,4736.0
2019-06-11,765.6,769.6,750.8,754.8,19648.0
2019-06-13,753.4,765.0,730.0,757.0,58014.0
2019-06-14,763.8,763.8,743.2,748.2,15767.0
2019-06-17,748.2,759.6,745.4,746.0,6850.0
2019-06-18,752.6,752.6,742.2,748.2,4554.0
2019-06-19,752.2,755.6,735.0,743.0,16716.0
2019-06-20,739.2,759.6,739.0,750.8,17111.0
2019-06-21,757.6,771.2,745.4,754.8,21698.0
2019-06-24,755.6,760.6,742.0,747.4,17148.0
2019-06-25,745.0,751.2,744.6,746.2,4755.0
2019-06-26,749.0,757.8,745.2,748.0,28284.0
2019-06-27,747.8,758.0,745.8,747.6,6211.0
2019-06-28,746.6,749.0,736.6,741.4,15537.0
2019-07-01,746.4,752.6,740.8,748.4,11978.0
2019-07-02,746.4,752.0,735.0,746.6,6363.0
2019-07-03,750.0,750.8,743.4,748.8,3993.0
2019-07-04,751.4,752.2,746.2,747.4,3358.0
2019-07-05,749.2,763.6,747.2,748.8,7761.0
2019-07-08,754.8,754.8,746.8,749.2,8926.0
2019-07-09,749.2,752.2,747.0,748.2,8409.0
2019-07-10,751.0,751.2,745.0,747.8,29271.0
2019-07-11,746.0,751.0,739.6,741.0,42704.0
2019-07-12,747.2,748.6,741.6,745.2,10909.0
2019-07-15,748.2,751.4,738.4,744.0,18271.0
2019-07-16,746.0,748.0,739.0,744.4,5296.0
2019-07-17,751.6,755.6,740.8,742.0,9054.0
2019-07-18,740.8,747.2,735.0,743.0,13202.0
2019-07-19,742.2,747.6,736.6,743.6,5041.0
2019-07-22,750.0,754.8,743.0,746.8,19009.0
2019-07-23,753.4,753.4,741.8,745.0,27631.0
2019-07-24,749.0,749.0,735.4,738.4,17418.0
2019-07-25,738.8,745.0,735.6,741.0,5499.0
2019-07-26,740.8,744.4,740.0,744.0,3644.0
2019-07-29,747.0,752.2,743.0,744.4,22689.0
2019-07-30,749.4,749.4,736.2,738.6,13475.0
2019-07-31,743.2,748.6,739.0,740.6,18828.0
2019-08-01,742.0,754.2,742.0,744.8,19221.0
2019-08-02,750.2,751.4,732.8,735.0,21850.0
2019-08-05,740.6,743.8,720.0,723.4,22924.0
2019-08-06,724.6,735.0,723.8,730.2,11714.0
2019-08-07,734.2,747.2,730.6,741.0,13049.0
2019-08-08,735.0,745.2,733.0,736.4,9514.0
2019-08-09,742.6,749.0,733.2,736.8,19361.0
2019-08-12,743.6,743.6,726.8,733.4,16796.0
2019-08-13,736.6,738.0,730.8,731.4,9476.0
2019-08-14,734.0,736.6,731.0,733.0,7811.0
2019-08-15,732.8,738.0,728.6,733.0,12029.0
2019-08-16,738.8,741.8,733.0,740.6,11013.0
2019-08-19,738.0,777.0,732.0,739.4,42221.0
2019-08-20,739.2,739.4,725.8,729.0,24512.0
2019-08-21,734.2,735.0,726.0,730.2,13035.0
2019-08-22,734.2,734.2,726.0,729.6,4429.0
2019-08-23,729.6,731.2,726.4,728.4,6179.0
2019-08-26,732.0,733.8,730.0,731.8,4128.0
2019-08-27,732.0,744.0,729.2,744.0,7202.0
2019-08-28,732.4,740.4,694.0,720.0,33370.0
2019-08-29,722.0,725.6,706.6,721.0,31366.0
2019-08-30,724.8,727.6,722.0,725.0,6787.0
2019-09-02,727.4,728.4,723.8,726.4,10098.0
2019-09-03,728.2,734.8,724.2,734.0,27113.0
2019-09-04,734.0,738.0,729.0,736.8,16105.0
2019-09-05,736.0,740.0,730.8,738.6,9862.0
2019-09-06,739.2,739.2,732.4,737.0,10251.0
2019-09-09,737.0,739.6,728.2,733.0,11647.0
2019-09-10,734.2,737.0,729.6,734.2,7799.0
2019-09-11,735.0,736.0,729.8,734.0,32560.0
2019-09-12,726.8,729.6,720.0,721.2,31581.0
2019-09-13,721.8,727.2,718.0,718.8,23773.0
2019-09-16,718.8,722.6,706.2,706.2,51899.0
2019-09-17,702.2,712.0,701.0,707.0,25938.0
2019-09-18,710.2,712.0,703.8,705.6,11714.0
2019-09-19,706.6,713.6,693.4,695.0,30572.0
2019-09-20,695.2,706.6,671.6,677.6,100415.0
2019-09-23,683.2,698.0,670.2,679.8,42347.0
2019-09-24,682.2,695.2,676.6,692.0,27859.0
2019-09-25,691.2,710.0,690.0,693.6,26846.0
2019-09-26,696.0,705.2,695.0,701.2,17343.0
2019-09-27,696.0,708.6,696.0,700.8,7550.0
2019-09-30,699.8,706.2,695.0,697.2,13198.0
2019-10-01,701.6,702.4,692.0,696.8,6248.0
2019-10-02,696.8,700.0,689.8,689.8,15366.0
2019-10-03,694.8,696.2,686.4,694.0,8213.0
2019-10-04,695.6,699.0,680.0,682.0,16009.0
2019-10-07,693.4,693.4,678.4,682.0,8201.0
2019-10-08,687.6,690.0,676.8,676.8,12284.0
2019-10-09,679.8,685.4,678.6,684.8,4515.0
2019-10-10,680.0,686.6,668.0,678.4,11510.0
2019-10-11,679.8,679.8,668.2,668.8,19354.0
2019-10-14,669.8,670.0,664.4,669.8,10010.0
2019-10-15,670.0,670.0,661.8,664.0,11396.0
2019-10-16,666.4,677.0,661.4,675.0,10412.0
2019-10-17,675.4,678.4,671.4,673.0,5053.0
2019-10-18,673.0,678.0,664.0,668.8,14649.0
2019-10-21,671.8,707.8,669.4,689.0,47862.0
2019-10-22,695.8,698.0,677.0,681.0,25529.0
2019-10-23,683.6,699.0,675.6,678.2,16806.0
2019-10-24,679.0,688.0,677.0,685.2,21953.0
2019-10-25,687.6,688.0,679.0,687.2,8204.0
2019-10-28,687.0,691.8,680.0,687.2,13271.0
2019-10-29,676.8,696.6,676.8,685.6,13137.0
2019-10-30,689.8,694.6,676.4,680.0,14629.0
2019-10-31,677.4,689.0,677.4,681.4,5952.0
2019-11-01,681.4,687.6,672.0,677.4,19879.0
2019-11-05,680.4,689.8,677.8,681.0,12148.0
2019-11-06,685.6,690.2,679.0,685.8,11309.0
2019-11-07,689.0,693.0,684.6,690.8,12017.0
2019-11-08,691.0,693.6,681.4,683.4,31213.0
2019-11-11,684.6,697.8,683.0,696.2,21545.0
2019-11-12,698.0,700.8,692.8,700.8,20760.0
2019-11-13,717.2,717.8,702.0,707.0,24482.0
2019-11-14,708.0,708.0,586.0,690.0,50276.0
2019-11-15,690.0,697.0,685.6,689.6,11751.0
2019-11-18,695.8,699.6,678.2,680.4,22735.0
2019-11-19,680.0,690.8,678.0,678.0,25944.0
2019-11-20,682.2,685.0,676.6,677.0,13921.0
2019-11-21,677.8,682.0,666.0,667.0,32649.0
2019-11-22,663.8,668.0,644.0,647.2,71835.0
2019-11-25,649.4,649.4,635.0,635.6,57036.0
2019-11-26,638.4,641.8,623.6,625.0,681303.0
2019-11-27,630.0,659.6,630.0,641.0,85573.0
2019-11-28,645.0,653.0,636.0,641.4,26561.0
2019-11-29,641.8,650.0,641.8,643.8,43328.0
2019-12-02,644.6,649.2,640.2,641.2,37350.0
2019-12-03,640.0,641.6,628.8,635.0,27794.0
2019-12-04,633.8,642.8,631.6,637.8,10017.0
2019-12-05,640.0,641.8,636.0,636.8,20294.0
2019-12-06,638.2,640.0,636.4,637.6,23466.0
2019-12-09,640.6,642.0,635.2,637.6,23862.0
2019-12-10,639.0,641.6,635.2,636.2,26738.0
2019-12-11,636.4,640.2,632.0,633.0,43400.0
2019-12-12,633.8,635.8,626.2,627.4,77306.0
2019-12-13,627.8,631.0,622.2,625.0,53948.0
2019-12-16,628.6,630.0,624.0,624.6,28554.0
2019-12-17,624.8,634.8,621.2,625.0,39871.0
2019-12-18,626.0,631.8,621.4,625.0,40706.0
2019-12-19,626.0,628.4,624.0,624.0,42717.0
2019-12-20,624.4,629.4,624.0,624.4,33288.0
2019-12-23,627.8,633.0,624.4,628.4,47723.0
2019-12-24,629.0,632.0,625.4,626.8,48973.0
2019-12-25,630.2,633.8,626.2,630.0,33298.0
2019-12-26,631.0,636.0,627.0,635.0,55292.0
2019-12-27,636.2,651.4,636.2,644.4,65702.0
2019-12-30,647.2,649.8,641.0,644.8,37039.0
2020-01-03,647.2,655.0,633.0,648.4,31191.0
2020-01-06,648.0,650.0,637.0,646.0,21665.0
2020-01-08,644.4,657.0,640.2,646.4,25048.0
2020-01-09,646.6,648.4,640.0,644.4,29748.0
2020-01-10,646.0,649.2,638.4,640.8,41047.0
2020-01-13,644.2,645.0,640.2,642.6,37787.0
2020-01-14,643.0,647.0,642.0,645.2,43624.0
2020-01-15,645.2,661.8,643.0,644.0,101996.0
2020-01-16,645.6,655.0,644.2,648.4,61333.0
2020-01-17,654.0,655.0,649.0,652.0,65244.0
2020-01-20,655.0,694.0,654.2,670.0,335584.0
2020-01-21,672.8,673.0,652.2,661.0,102175.0
2020-01-22,666.0,675.0,633.0,639.2,283801.0
2020-01-23,638.8,675.0,633.2,650.6,146898.0
2020-01-24,654.8,670.4,654.6,661.8,148897.0
2020-01-27,658.6,659.0,651.0,653.6,61581.0
2020-01-28,652.0,661.2,645.0,649.0,48644.0
2020-01-29,656.4,657.0,648.0,650.2,74618.0
2020-01-30,652.6,652.8,641.0,649.4,28355.0
2020-01-31,649.4,654.4,640.0,640.0,55396.0
2020-02-03,642.0,651.8,632.2,641.0,69259.0
2020-02-04,645.8,650.0,641.0,645.2,34208.0
2020-02-05,645.4,647.8,643.8,644.8,25853.0
2020-02-06,646.0,654.0,644.8,646.0,57078.0
2020-02-07,640.8,652.0,640.8,644.0,34969.0
2020-02-10,647.4,647.4,640.4,645.0,25523.0
2020-02-11,647.0,649.0,643.2,646.2,30255.0
2020-02-12,648.0,654.8,642.0,650.8,29590.0
2020-02-13,650.0,655.0,649.8,651.2,30499.0
2020-02-14,652.0,660.0,650.4,657.6,38034.0
2020-02-17,660.8,663.0,653.0,655.2,45426.0
2020-02-18,657.8,662.0,652.2,653.4,27262.0
2020-02-19,657.6,667.8,646.0,646.0,61128.0
2020-02-20,649.0,656.8,647.2,649.4,22685.0
2020-02-21,650.0,655.0,647.6,649.0,32209.0
2020-02-25,644.0,648.0,634.0,634.6,54922.0
2020-02-26,636.0,636.0,616.0,628.6,75707.0
2020-02-27,627.2,629.0,603.0,604.4,51936.0
2020-02-28,599.8,733.0,565.0,574.2,143234.0
2020-03-02,596.0,630.2,588.2,595.8,67319.0
2020-03-03,609.8,612.2,592.4,609.8,85131.0
2020-03-04,609.0,609.8,595.0,600.8,32101.0
2020-03-05,601.0,606.6,588.8,592.8,96719.0
2020-03-06,588.2,589.4,555.4,564.6,237365.0
2020-03-10,507.2,549.0,485.6,530.8,317384.0
2020-03-11,532.0,555.2,517.4,523.0,260323.0
2020-03-12,509.6,529.6,488.4,488.4,177261.0
2020-03-13,486.0,500.2,481.0,483.0,108332.0
2020-03-16,483.0,575.0,460.0,461.0,148268.0
2020-03-17,475.8,489.8,442.4,451.8,91875.0
2020-03-18,448.8,488.8,440.0,448.8,91363.0
2020-03-19,451.2,477.6,445.0,474.0,62660.0
2020-03-20,483.4,593.4,470.0,500.2,98421.0
2020-03-23,500.0,540.0,480.2,522.6,70684.0
2020-03-24,531.8,577.0,527.0,577.0,105914.0
2020-03-25,579.4,588.8,535.8,546.8,114193.0
2020-03-26,552.0,577.0,537.8,556.0,78207.0
2020-03-27,569.0,574.8,543.0,550.0,62983.0
2020-03-30,561.2,570.8,550.0,568.4,35594.0
2020-03-31,572.0,583.0,568.2,575.4,73270.0
2020-04-01,570.0,592.2,569.6,578.6,65078.0
2020-04-02,583.0,592.2,579.0,592.2,52231.0
2020-04-03,594.8,605.0,590.0,600.0,65303.0
2020-04-06,603.2,606.6,597.0,600.0,80363.0
2020-04-07,609.4,612.0,600.0,605.0,66319.0
2020-04-08,605.0,610.0,601.4,605.6,33116.0
2020-04-09,609.6,619.6,603.0,607.2,72387.0
2020-04-10,612.0,629.8,603.2,628.0,46751.0
2020-04-13,630.0,649.8,611.0,629.0,119349.0
2020-04-14,628.2,639.4,624.0,625.0,107938.0
2020-04-15,625.6,629.2,605.0,613.2,112514.0
2020-04-16,582.0,599.0,575.8,596.0,84391.0
2020-04-17,598.2,619.0,580.8,609.4,66401.0
2020-04-20,608.2,615.0,589.0,605.8,47269.0
2020-04-21,593.8,613.6,581.6,585.2,83033.0
2020-04-22,585.4,604.4,585.2,598.4,50020.0
2020-04-23,599.0,607.8,595.0,601.4,49724.0
2020-04-24,601.4,603.6,598.4,601.8,16548.0
2020-04-27,606.0,618.6,603.2,618.4,83261.0
2020-04-28,619.8,635.0,617.2,628.0,105711.0
2020-04-29,631.6,641.8,627.8,629.0,108474.0
2020-04-30,632.6,636.8,611.0,626.4,60752.0
2020-05-04,625.0,625.4,610.4,619.0,28300.0
2020-05-05,624.8,625.0,592.4,620.8,62995.0
2020-05-06,621.2,640.0,616.0,622.0,47198.0
2020-05-07,625.0,631.6,620.4,621.4,16845.0
2020-05-08,624.2,625.6,620.0,620.2,8520.0
2020-05-12,623.0,628.0,620.0,621.0,24684.0
2020-05-13,622.0,625.2,613.4,615.2,30530.0
2020-05-14,615.2,615.6,600.0,607.0,36703.0
2020-05-15,612.0,620.2,609.4,612.0,25303.0
2020-05-18,620.0,635.4,618.4,628.0,77540.0
2020-05-19,630.0,635.8,623.4,635.0,86412.0
2020-05-20,634.4,650.0,630.8,650.0,198667.0
2020-05-21,653.0,663.0,641.2,642.0,59312.0
2020-05-22,643.0,655.0,635.0,652.6,44684.0
2020-05-25,650.2,665.4,650.0,661.8,72768.0
2020-05-26,669.0,669.0,650.0,658.2,90343.0
2020-05-27,663.0,666.6,642.0,653.4,77449.0
2020-05-28,652.6,664.6,647.8,653.0,49602.0
2020-05-29,653.0,662.0,651.0,658.0,39321.0
2020-06-01,659.8,667.2,659.2,660.4,44467.0
2020-06-02,663.0,667.2,657.8,658.8,51933.0
2020-06-03,660.4,668.6,655.2,663.4,78622.0
2020-06-04,664.0,664.0,648.2,649.2,43035.0
2020-06-05,653.8,656.8,646.0,649.0,48857.0
2020-06-08,650.4,662.0,650.0,655.0,70665.0
2020-06-09,659.8,662.0,642.0,648.4,30130.0
2020-06-10,647.8,658.2,646.4,650.0,29203.0
2020-06-11,651.0,654.8,640.0,651.4,66578.0
2020-06-15,638.0,652.2,636.0,651.0,38699.0
2020-06-16,654.6,659.0,647.0,649.2,51961.0
2020-06-17,651.2,658.4,639.2,656.8,47162.0
2020-06-18,656.2,664.4,650.6,657.0,46236.0
2020-06-19,658.0,666.0,658.0,661.6,34343.0
2020-06-22,665.0,665.2,657.4,659.2,16504.0
2020-06-23,662.0,662.8,647.0,658.4,43337.0
2020-06-25,656.4,657.2,650.0,651.4,17992.0
2020-06-26,655.2,656.8,643.2,646.0,31068.0
2020-06-29,650.4,650.4,642.8,647.2,16339.0
2020-06-30,648.2,650.6,641.8,644.2,28320.0
2020-07-02,648.4,651.2,640.8,648.4,46986.0
2020-07-03,649.8,655.8,648.6,652.8,21947.0
2020-07-06,652.0,659.6,652.0,653.0,119149.0
2020-07-07,659.8,661.6,644.4,650.6,30141.0
2020-07-08,652.6,657.0,650.2,655.4,20490.0
2020-07-09,655.0,657.0,647.4,652.6,49658.0
2020-07-10,651.6,655.2,646.0,648.4,72788.0
2020-07-13,652.0,656.0,649.0,655.4,42233.0
2020-07-14,657.6,677.2,653.8,676.4,121384.0
2020-07-15,676.4,682.2,667.6,677.0,66020.0
2020-07-16,675.4,682.2,670.2,676.0,50900.0
2020-07-17,676.6,679.2,666.6,670.2,32427.0
2020-07-20,673.0,696.0,673.0,681.2,158588.0
2020-07-21,682.8,692.0,680.6,688.6,49138.0
2020-07-22,689.0,696.0,683.4,686.4,28595.0
2020-07-23,686.4,690.0,681.0,682.0,29680.0
2020-07-24,684.8,691.0,668.2,686.0,75752.0
2020-07-27,686.0,707.0,685.8,703.6,108184.0
2020-07-28,708.8,729.8,703.6,722.0,120935.0
2020-07-29,722.0,745.8,722.0,731.6,144257.0
2020-07-30,732.2,750.0,706.2,723.6,150483.0
2020-07-31,726.0,735.0,705.4,720.0,73403.0
2020-08-03,720.0,726.8,710.0,711.2,91945.0
2020-08-04,715.4,721.6,711.0,718.0,42531.0
2020-08-05,720.0,730.2,717.4,720.8,46645.0
2020-08-06,720.8,725.8,713.0,717.0,47581.0
2020-08-07,720.0,722.0,714.6,716.2,45866.0
2020-08-10,719.2,733.2,608.0,712.6,122208.0
2020-08-11,717.2,720.8,710.8,717.6,44115.0
2020-08-12,719.0,723.2,714.8,719.2,47491.0
2020-08-13,720.0,726.0,716.2,718.6,46656.0
2020-08-14,722.6,769.0,720.2,747.2,382636.0
2020-08-17,749.8,754.2,717.6,746.6,162277.0
2020-08-18,749.8,754.8,745.0,748.4,81876.0
2020-08-19,751.2,777.6,750.2,765.2,108507.0
2020-08-20,765.0,765.0,750.6,751.0,43596.0
2020-08-21,755.0,755.8,735.2,738.6,57031.0
2020-08-24,746.2,749.2,740.0,743.6,57540.0
2020-08-25,743.8,767.0,743.0,764.2,61501.0
2020-08-26,760.0,789.8,750.0,762.8,90202.0
2020-08-27,765.8,770.8,752.6,756.4,44529.0
2020-08-28,757.2,760.2,746.0,752.0,36698.0
2020-08-31,754.0,764.0,752.6,761.4,43110.0
2020-09-01,763.0,766.8,750.0,751.0,51922.0
2020-09-02,754.8,761.8,738.6,752.2,57533.0
2020-09-03,752.2,758.2,730.6,734.6,80660.0
2020-09-04,735.0,735.4,720.0,727.4,61545.0
2020-09-07,728.2,740.0,727.4,737.2,49308.0
2020-09-08,741.6,746.8,725.0,731.4,75092.0
2020-09-09,734.0,734.0,719.0,730.0,73066.0
2020-09-10,732.0,732.4,724.2,727.8,22879.0
2020-09-11,730.0,736.6,722.8,724.8,51758.0
2020-09-14,730.2,737.8,725.0,727.4,65255.0
2020-09-15,728.8,738.2,725.0,731.4,84401.0
2020-09-16,733.4,739.6,733.0,738.6,58934.0
2020-09-17,722.8,750.0,720.0,747.8,111210.0
2020-09-18,749.6,753.8,740.4,743.4,39437.0
2020-09-21,745.4,746.4,726.0,726.0,41007.0
2020-09-22,732.4,735.6,721.0,731.8,30268.0
2020-09-23,731.8,739.0,725.4,738.2,38081.0
2020-09-24,738.2,738.6,729.4,731.4,22884.0
2020-09-25,734.8,746.8,730.0,731.2,23219.0
2020-09-28,734.6,739.4,728.2,733.0,38253.0
2020-09-29,736.2,748.4,730.6,742.0,45620.0
2020-09-30,744.4,747.6,735.0,744.4,36293.0
2020-10-01,745.0,749.0,738.2,742.0,32461.0
2020-10-02,741.2,741.6,729.0,732.0,51297.0
2020-10-05,739.6,741.0,730.2,732.8,36164.0
2020-10-06,733.4,736.8,727.0,736.6,55943.0
2020-10-07,736.2,743.0,730.4,731.8,32912.0
2020-10-08,735.2,761.6,730.0,744.0,151254.0
2020-10-09,745.2,749.0,735.8,739.0,62191.0
2020-10-12,742.4,755.8,733.2,748.0,63703.0
2020-10-13,748.0,753.0,735.0,741.2,47277.0
2020-10-14,741.2,750.0,734.6,738.0,74176.0
2020-10-15,741.0,743.0,725.6,731.8,70495.0
2020-10-16,733.8,752.4,732.2,748.4,126691.0
2020-10-19,756.6,758.8,738.2,749.0,123435.0
2020-10-20,745.6,758.4,744.2,750.0,73706.0
2020-10-21,754.0,780.0,745.8,751.8,98095.0
2020-10-22,750.8,757.0,745.0,751.4,24884.0
2020-10-23,752.0,771.6,751.4,769.8,71861.0
2020-10-26,769.2,769.2,758.8,763.6,36234.0
2020-10-27,763.6,766.0,748.6,752.4,37876.0
2020-10-28,752.8,755.0,725.8,732.0,82188.0
2020-10-29,736.4,744.0,723.0,733.0,42587.0
2020-10-30,729.8,735.6,724.2,730.6,66919.0
2020-11-02,729.6,740.0,726.0,736.2,54159.0
2020-11-03,739.4,748.4,731.0,737.6,38763.0
2020-11-05,744.8,750.2,736.8,741.0,43635.0
2020-11-06,739.6,758.8,739.0,752.0,41907.0
2020-11-09,757.0,781.2,755.4,762.0,83731.0
2020-11-10,765.4,766.4,748.4,751.0,46304.0
2020-11-11,764.8,794.0,762.2,779.4,86563.0
2020-11-12,781.6,798.4,779.0,793.0,87313.0
2020-11-13,790.2,820.0,785.2,816.0,169401.0
2020-11-16,828.0,850.0,825.6,850.0,228396.0
2020-11-17,853.8,879.0,832.8,851.0,262140.0
2020-11-18,851.0,870.0,838.0,840.6,195365.0
2020-11-19,844.8,850.0,835.2,841.4,135441.0
2020-11-20,843.0,853.2,825.0,837.2,132404.0
2020-11-23,840.8,849.6,832.0,844.2,89618.0
2020-11-24,847.0,850.2,822.8,833.0,82529.0
2020-11-25,830.2,837.6,816.0,826.8,99546.0
2020-11-26,826.0,830.8,815.2,822.6,76167.0
2020-11-27,827.8,836.8,817.6,835.2,86215.0
2020-11-30,835.2,836.2,804.4,804.4,324639.0
2020-12-01,812.6,828.0,804.6,821.4,185435.0
2020-12-02,824.4,824.4,812.0,818.4,114638.0
2020-12-03,816.0,817.4,805.2,813.2,102907.0
2020-12-04,815.0,819.8,806.2,809.0,115958.0
2020-12-07,813.2,816.0,804.6,808.4,238654.0
2020-12-08,813.2,814.6,801.0,807.8,102007.0
2020-12-09,809.8,811.2,803.0,807.8,78189.0
2020-12-10,808.6,813.0,795.4,804.8,98775.0
2020-12-11,800.0,802.2,786.6,795.2,153625.0
2020-12-14,789.8,796.6,776.0,785.0,162789.0
2020-12-15,790.4,805.0,789.8,803.0,116251.0
2020-12-16,804.8,815.6,790.2,792.0,124484.0
2020-12-17,791.6,809.8,791.6,799.2,307309.0
2020-12-18,801.4,820.8,799.6,805.2,149995.0
2020-12-21,799.6,816.0,782.0,813.4,157734.0
2020-12-22,816.8,826.6,806.6,821.4,239973.0
2020-12-23,821.0,834.0,814.0,819.2,110904.0
2020-12-24,818.6,831.6,814.4,816.8,69702.0
2020-12-25,814.0,832.0,811.0,830.0,48068.0
2020-12-28,832.2,842.8,826.8,838.0,109114.0
2020-12-29,837.8,842.4,806.8,820.8,310102.0
2020-12-30,823.2,840.0,821.2,837.0,219943.0
2021-01-04,837.0,851.6,825.0,847.4,78067.0
2021-01-05,846.8,879.0,840.6,876.6,244670.0
2021-01-06,875.4,918.8,862.4,913.2,352392.0
2021-01-08,913.0,914.8,892.2,898.0,185141.0
2021-01-11,905.2,935.2,891.0,892.8,211941.0
2021-01-12,900.6,908.6,881.2,884.6,110273.0
2021-01-13,885.0,902.2,880.8,882.8,127767.0
2021-01-14,890.2,898.6,875.4,882.2,149869.0
2021-01-15,883.4,895.0,881.0,882.4,87833.0
2021-01-18,889.8,910.0,886.6,890.4,205064.0
2021-01-19,896.0,902.6,888.6,891.2,150323.0
2021-01-20,892.0,901.6,890.0,891.0,160786.0
2021-01-21,900.8,900.8,858.0,876.8,218905.0
2021-01-22,878.6,881.2,861.0,875.2,91092.0
2021-01-25,879.0,898.0,878.0,892.2,102147.0
2021-01-26,894.4,908.2,888.6,900.0,116638.0
2021-01-27,903.2,912.8,890.4,900.0,169150.0
2021-01-28,896.8,900.2,872.6,894.8,129208.0
2021-01-29,895.8,906.2,881.2,888.0,106864.0
2021-02-01,890.2,911.2,872.2,897.0,253787.0
2021-02-02,899.8,909.6,893.6,902.8,152235.0
2021-02-03,904.8,905.0,886.2,889.4,183655.0
2021-02-04,891.0,898.8,888.0,894.0,129207.0
2021-02-05,898.8,901.2,887.2,893.0,84293.0
2021-02-08,896.0,902.0,893.0,894.8,130602.0
2021-02-09,895.4,899.0,882.0,890.0,179863.0
2021-02-10,888.6,895.0,883.2,884.6,120837.0
2021-02-11,889.4,892.0,877.6,886.0,198362.0
2021-02-12,886.0,891.6,875.2,885.0,131871.0
2021-02-15,889.8,896.6,878.4,884.0,117453.0
2021-02-16,886.0,892.2,883.6,885.6,63780.0
2021-02-17,888.0,896.8,882.2,884.0,127090.0
2021-02-18,885.0,892.0,882.4,887.8,99425.0
2021-02-19,889.2,914.2,881.0,888.8,134752.0
2021-02-20,895.0,897.8,887.0,897.4,36929.0
2021-02-22,899.8,899.8,889.0,897.0,81095.0
2021-02-24,894.6,894.6,884.0,889.8,117142.0
2021-02-25,890.2,898.4,881.2,891.4,195617.0
2021-02-26,888.0,900.2,880.0,900.2,172693.0
2021-03-01,895.4,900.0,891.2,898.6,152280.0
2021-03-02,900.2,923.6,896.0,898.0,307476.0
2021-03-03,900.2,917.8,900.0,908.6,265172.0
2021-03-04,910.8,915.0,901.0,903.6,183085.0
2021-03-05,908.2,908.2,891.0,896.8,201453.0
2021-03-09,901.0,914.8,899.6,910.2,158704.0
2021-03-10,912.6,915.0,878.0,903.0,216571.0
2021-03-11,905.0,909.0,897.4,900.0,170939.0
2021-03-12,903.0,918.2,897.0,899.0,258580.0
2021-03-15,903.8,913.4,891.4,899.0,1178149.0
2021-03-16,903.0,910.0,880.4,884.6,764727.0
2021-03-17,885.8,894.0,872.0,884.8,459773.0
2021-03-18,889.0,910.8,882.0,900.4,444785.0
2021-03-19,902.0,910.0,891.4,908.2,285200.0
2021-03-22,910.0,934.4,908.6,927.8,437050.0
2021-03-23,929.0,940.0,905.0,920.0,611442.0
2021-03-24,924.6,929.0,911.6,924.0,203255.0
2021-03-25,924.4,926.0,916.4,917.0,203291.0
2021-03-26,918.8,921.2,907.0,914.4,239617.0
2021-03-29,914.4,929.4,911.2,919.4,292366.0
2021-03-30,922.4,923.2,916.0,922.0,193051.0
2021-03-31,920.2,922.0,911.6,915.4,281393.0
2021-04-01,915.2,928.4,915.2,925.0,179008.0
2021-04-02,927.0,939.0,924.8,937.8,182762.0
2021-04-05,938.6,957.0,938.4,956.8,325979.0
2021-04-06,960.0,969.0,933.6,945.0,402596.0
2021-04-07,947.0,956.0,928.2,946.8,271856.0
2021-04-08,953.6,954.0,935.8,940.2,236040.0
2021-04-09,940.6,948.0,937.6,940.0,200958.0
2021-04-12,944.0,949.8,940.0,942.8,257232.0
2021-04-13,945.0,948.0,940.0,940.0,301229.0
2021-04-14,940.4,955.0,916.4,928.0,793775.0
2021-04-15,863.4,897.6,851.0,896.0,610082.0
2021-04-16,897.0,913.0,895.6,901.0,255700.0
2021-04-19,903.0,904.0,885.0,886.0,216887.0
2021-04-20,886.4,898.0,885.0,889.8,162899.0
2021-04-21,889.0,896.0,888.6,894.0,80853.0
2021-04-22,897.6,900.0,878.0,892.6,148864.0
2021-04-23,893.0,897.2,890.0,893.4,155785.0
2021-04-26,894.2,909.0,894.0,898.2,249255.0
2021-04-27,898.0,906.4,895.2,897.4,124837.0
2021-04-28,897.0,905.4,897.0,897.0,236455.0
2021-04-29,904.0,904.2,888.8,890.2,116340.0
2021-04-30,893.2,900.0,884.2,896.0,116979.0
2021-05-04,899.8,899.8,890.8,894.6,87820.0
2021-05-05,895.4,914.0,893.6,909.6,274866.0
2021-05-06,910.8,922.0,909.2,914.8,109530.0
2021-05-07,917.0,920.8,910.8,915.0,124516.0
2021-05-10,914.8,920.0,909.0,912.8,96652.0
2021-05-11,912.8,920.0,912.8,918.4,114897.0
2021-05-12,919.8,924.4,915.0,919.4,72435.0
2021-05-13,918.8,918.8,903.8,915.0,114134.0
2021-05-14,920.0,920.0,908.6,920.0,95090.0
2021-05-17,927.4,935.0,920.2,932.0,232952.0
2021-05-18,935.0,946.2,933.0,946.0,187151.0
2021-05-19,944.8,947.8,891.0,925.0,487520.0
2021-05-20,926.6,935.0,923.0,931.0,113848.0
2021-05-21,933.0,933.0,908.2,921.8,150508.0
2021-05-24,921.8,925.6,915.2,916.8,66652.0
2021-05-25,917.0,925.4,917.0,920.4,111350.0
2021-05-26,920.4,933.6,920.4,933.0,104970.0
2021-05-27,935.0,940.4,928.4,940.4,101419.0
2021-05-28,935.8,945.0,935.0,938.6,111674.0
2021-05-31,946.8,946.8,935.8,938.6,46481.0
2021-06-01,940.0,944.0,933.0,939.4,136998.0
2021-06-02,939.4,949.0,938.6,949.0,116207.0
2021-06-03,950.4,953.2,940.4,945.0,78453.0
2021-06-04,943.2,948.0,940.2,945.8,82791.0
2021-06-07,947.4,964.6,946.2,960.4,142834.0
2021-06-08,963.0,994.0,963.0,980.0,201547.0
2021-06-09,981.2,1000.4,981.2,992.4,223589.0
2021-06-10,994.8,1005.8,966.6,973.8,295414.0
2021-06-11,977.0,994.8,976.8,992.0,105744.0
2021-06-14,995.0,1032.0,992.2,1023.0,174348.0
2021-06-15,1029.8,1033.8,996.0,1008.0,273801.0
2021-06-16,1010.0,1025.2,1007.2,1016.0,127771.0
2021-06-17,1017.0,1017.8,990.4,999.0,213615.0
2021-06-18,999.0,1002.8,975.0,985.8,130581.0
2021-06-21,985.8,992.6,976.0,988.6,129902.0
2021-06-22,989.0,1008.8,989.0,999.2,89561.0
2021-06-23,999.8,1014.8,997.2,1012.6,103627.0
2021-06-24,1012.6,1013.6,980.2,987.2,116271.0
2021-06-25,987.4,993.8,978.0,989.0,51107.0
2021-06-28,993.8,1002.4,983.6,992.2,72081.0
2021-06-29,999.8,999.8,980.2,990.4,64160.0
2021-06-30,995.0,1005.8,988.2,1001.4,97661.0
2021-07-01,1004.6,1009.0,971.2,990.0,144145.0
2021-07-02,994.4,1002.8,988.0,995.6,77703.0
2021-07-05,995.2,1012.0,995.2,1009.0,85846.0
2021-07-06,1009.8,1023.6,1009.8,1011.6,85766.0
2021-07-07,1018.0,1031.8,1012.6,1031.6,71801.0
2021-07-08,1031.6,1033.0,1000.6,1010.0,91570.0
2021-07-09,1009.6,1055.0,1009.6,1045.4,260306.0
2021-07-12,1048.4,1087.0,1038.0,1077.0,269368.0
2021-07-13,1077.0,1079.8,1038.8,1072.4,142637.0
2021-07-14,1072.8,1080.0,1050.8,1080.0,139886.0
2021-07-15,1077.8,1088.0,1056.8,1088.0,140375.0
2021-07-16,1078.8,1095.0,1066.2,1095.0,167627.0
2021-07-19,1088.0,1093.0,1030.0,1058.0,318507.0
2021-07-20,1054.2,1075.0,1026.0,1067.6,161356.0
2021-07-21,1065.8,1082.0,1058.4,1072.8,53268.0
2021-07-22,1077.0,1082.8,1063.0,1066.0,41630.0
2021-07-23,1070.2,1073.0,1044.0,1048.6,74667.0
2021-07-26,1054.8,1093.8,1051.8,1090.0,194853.0
2021-07-27,1092.0,1098.6,1080.2,1080.2,123632.0
2021-07-28,1091.6,1091.6,1073.0,1077.0,45388.0
2021-07-29,1077.6,1087.0,1069.8,1083.0,61308.0
2021-07-30,1080.8,1087.8,1057.6,1063.0,97739.0
2021-08-02,1069.6,1080.0,1061.0,1073.8,118536.0
2021-08-03,1073.0,1089.0,1072.8,1074.0,77840.0
2021-08-04,1075.0,1107.6,1074.0,1089.0,128521.0
2021-08-05,1093.0,1100.4,1090.0,1099.0,69431.0
2021-08-06,1104.4,1104.4,1091.4,1099.8,71269.0
2021-08-09,1102.2,1110.0,1091.2,1107.4,111508.0
2021-08-10,1101.2,1111.2,1097.8,1101.0,80444.0
2021-08-11,1100.8,1107.0,1097.2,1097.2,57363.0
2021-08-12,1097.8,1107.8,1086.2,1104.6,97521.0
2021-08-13,1104.6,1143.4,1092.0,1142.6,188542.0
2021-08-16,1146.0,1190.2,1132.8,1165.0,363275.0
2021-08-17,1170.4,1177.0,1155.8,1164.0,100028.0
2021-08-18,1172.0,1184.0,1160.0,1179.8,101471.0
2021-08-19,1172.2,1175.8,1125.0,1144.6,214721.0
2021-08-20,1149.8,1155.4,1121.6,1143.0,121114.0
2021-08-23,1150.2,1165.2,1137.0,1139.2,113599.0
2021-08-24,1150.0,1170.0,1147.6,1164.0,62632.0
2021-08-25,1169.8,1179.2,1143.6,1149.8,118508.0
2021-08-26,1154.0,1159.6,1142.8,1148.2,68218.0
2021-08-27,1140.0,1148.8,1103.0,1141.0,180186.0
2021-08-30,1145.0,1168.0,1144.6,1166.2,111085.0
2021-08-31,1165.0,1178.0,1158.8,1174.0,125209.0
2021-09-01,1176.6,1179.8,1163.0,1171.2,113709.0
2021-09-02,1179.4,1187.4,1147.6,1183.4,129780.0
2021-09-03,1183.6,1224.8,1183.4,1196.8,248203.0
2021-09-06,1200.8,1230.0,1200.0,1220.0,192321.0
2021-09-07,1208.0,1230.0,1170.0,1183.4,285445.0
2021-09-08,1184.0,1211.6,1182.0,1209.4,249434.0
2021-09-09,1160.0,1185.0,1152.2,1165.4,274108.0
2021-09-10,1170.0,1176.8,1153.8,1167.6,129137.0
2021-09-13,1172.2,1180.0,1146.0,1152.0,289062.0
2021-09-14,1159.6,1264.8,1149.8,1218.2,855330.0
2021-09-15,1220.0,1238.6,1205.2,1216.0,316531.0
2021-09-16,1216.0,1233.0,1194.2,1199.6,161023.0
2021-09-17,1206.6,1213.6,1187.0,1200.0,168295.0
2021-09-20,1200.0,1201.2,1161.0,1166.8,160327.0
2021-09-21,1165.2,1197.8,1156.0,1158.0,130379.0
2021-09-22,1159.4,1186.0,1147.2,1150.2,190601.0
2021-09-23,1162.2,1169.2,1108.4,1125.0,496186.0
2021-09-24,1131.4,1150.0,1127.0,1150.0,221767.0
2021-09-27,1152.2,1156.0,1100.0,1119.0,552961.0
2021-09-28,1122.2,1131.0,1100.0,1100.0,311715.0
2021-09-29,1087.0,1115.8,1057.4,1074.0,702797.0
2021-09-30,1067.8,1187.6,1033.2,1080.0,2120757.0
2021-10-01,1098.6,1119.0,1087.6,1115.0,690756.0
2021-10-04,1116.6,1152.6,1116.6,1145.0,735335.0
2021-10-05,1150.0,1165.0,1125.0,1128.4,555799.0
2021-10-06,1134.6,1144.4,1105.0,1119.6,322818.0
2021-10-07,1131.8,1154.0,1127.6,1149.6,298695.0
2021-10-08,1156.2,1236.6,1152.2,1224.2,796505.0
2021-10-11,1236.4,1254.0,1187.0,1205.6,448850.0
2021-10-12,1210.6,1231.6,1177.6,1212.0,320680.0
2021-10-13,1217.2,1217.4,1196.2,1203.0,174732.0
2021-10-14,1203.0,1223.6,1201.8,1221.2,152605.0
2021-10-15,1224.8,1243.0,1209.0,1225.0,166175.0
2021-10-18,1227.2,1259.8,1226.0,1243.6,182766.0
2021-10-19,1249.4,1263.8,1238.0,1248.4,148538.0
2021-10-20,1254.8,1257.8,1211.4,1216.8,370910.0
2021-10-21,1215.2,1216.0,1185.0,1193.4,239481.0
2021-10-22,1199.2,1210.8,1188.0,1192.8,147824.0
2021-10-25,1199.0,1225.0,1195.4,1211.2,202510.0
2021-10-26,1217.8,1222.2,1191.0,1201.6,168269.0
2021-10-27,1201.8,1202.0,1172.0,1186.8,220785.0
2021-10-28,1187.0,1189.0,1131.0,1174.0,321310.0
2021-10-29,1177.6,1186.4,1156.2,1178.0,180098.0
2021-11-01,1178.6,1208.2,1168.0,1199.8,191688.0
2021-11-02,1204.8,1225.0,1200.0,1206.4,130562.0
2021-11-03,1205.2,1219.0,1194.0,1202.4,77920.0
2021-11-05,1208.6,1217.8,1194.6,1203.2,96548.0
2021-11-08,1210.6,1230.8,1195.8,1202.2,139189.0
2021-11-09,1208.8,1213.4,1190.2,1194.4,132623.0
2021-11-10,1204.0,1204.0,1180.6,1199.0,78523.0
2021-11-11,1198.6,1198.8,1156.4,1165.0,212626.0
2021-11-12,1174.8,1187.0,1126.0,1155.0,237450.0
2021-11-15,1161.2,1205.0,1154.4,1191.0,315290.0
2021-11-16,1191.2,1202.8,1169.0,1174.2,195877.0
2021-11-17,1175.0,1180.0,1155.0,1173.0,126441.0
2021-11-18,1168.6,1184.0,1157.0,1161.6,106416.0
2021-11-19,1168.6,1170.8,1117.0,1136.6,218493.0
2021-11-22,1141.8,1149.0,1081.0,1112.0,264960.0
2021-11-23,1117.0,1148.2,1070.0,1144.0,208025.0
2021-11-24,1148.4,1163.0,1122.2,1139.8,135712.0
2021-11-25,1131.2,1155.0,1130.6,1141.8,67535.0
2021-11-26,1132.4,1132.4,1094.0,1107.6,119265.0
2021-11-29,1114.2,1127.0,1094.2,1106.6,119970.0
2021-11-30,1104.2,1135.4,1080.0,1135.4,331428.0
2021-12-01,1130.0,1172.8,1121.4,1156.8,233887.0
2021-12-02,1160.2,1180.0,1127.0,1140.4,164020.0
2021-12-03,1140.2,1171.0,1140.2,1153.0,116760.0
2021-12-06,1153.6,1168.0,1112.2,1120.0,91086.0
2021-12-07,1125.0,1148.0,1120.6,1141.0,73475.0
2021-12-08,1148.4,1160.8,1109.4,1115.0,75674.0
2021-12-09,1124.8,1137.0,1118.2,1127.6,40017.0
2021-12-10,1122.8,1128.8,1092.4,1092.6,91025.0
2021-12-13,1104.8,1114.6,1037.2,1048.6,202981.0
2021-12-14,1048.6,1085.0,1008.2,1064.0,255520.0
2021-12-15,1080.0,1125.0,1074.4,1102.0,115960.0
2021-12-16,1120.0,1169.8,1120.0,1162.0,178956.0
2021-12-17,1162.0,1162.0,1114.2,1118.4,138987.0
2021-12-20,1112.0,1146.0,1082.0,1103.8,276154.0
2021-12-21,1123.6,1139.0,1117.4,1132.0,110009.0
2021-12-22,1130.0,1153.2,1123.2,1148.8,84525.0
2021-12-23,1149.4,1172.0,1146.6,1162.0,124031.0
2021-12-24,1161.8,1167.2,1149.0,1155.6,100741.0
2021-12-27,1158.4,1186.2,1155.6,1177.8,99407.0
2021-12-28,1183.6,1187.4,1166.4,1167.0,76074.0
2021-12-29,1166.0,1181.8,1148.2,1153.2,72091.0
2021-12-30,1152.2,1176.6,1143.6,1173.0,91709.0
2022-01-03,1175.0,1197.8,1175.0,1187.0,71658.0
2022-01-04,1189.6,1200.0,1181.8,1198.0,86028.0
2022-01-05,1198.0,1202.0,1180.0,1185.6,46231.0
2022-01-06,1183.8,1192.2,1163.0,1170.0,83268.0
2022-01-10,1175.6,1191.2,1144.4,1150.2,120549.0
2022-01-11,1154.8,1174.8,1150.2,1151.6,79257.0
2022-01-12,1164.8,1172.0,1151.0,1156.8,100968.0
2022-01-13,1157.4,1169.8,1120.0,1127.0,191912.0
2022-01-14,1118.4,1150.0,1082.0,1130.8,393263.0
2022-01-17,1122.0,1151.6,1109.0,1123.8,134656.0
2022-01-18,1124.8,1132.0,1047.0,1083.0,557430.0
2022-01-19,1072.0,1137.0,1056.8,1089.6,554557.0
2022-01-20,1092.2,1105.8,1062.2,1074.0,470125.0
2022-01-21,1073.6,1077.6,1056.8,1065.0,234841.0
2022-01-24,1070.8,1075.8,976.8,1001.0,622912.0
2022-01-25,1028.0,1113.8,1027.0,1058.0,406813.0
2022-01-26,1071.2,1089.8,1034.6,1054.6,169767.0
2022-01-27,1050.0,1090.0,1030.4,1060.2,401207.0
2022-01-28,1075.0,1089.8,1063.2,1074.4,147252.0
2022-01-31,1088.6,1122.8,1085.4,1101.2,189619.0
2022-02-01,1106.4,1121.8,1077.4,1087.0,206045.0
2022-02-02,1096.4,1105.0,1089.2,1094.0,105912.0
2022-02-03,1089.0,1089.6,1052.4,1055.2,154303.0
2022-02-04,1070.2,1088.8,1053.6,1056.8,130516.0
2022-02-07,1064.8,1086.8,1060.8,1071.8,92028.0
2022-02-08,1076.2,1089.0,1051.6,1063.6,281123.0
2022-02-09,1074.8,1082.2,1065.8,1080.0,206380.0
2022-02-10,1080.8,1110.0,1073.8,1102.0,246511.0
2022-02-11,1089.2,1115.0,1074.6,1090.0,246351.0
2022-02-14,1089.0,1089.4,1056.6,1078.8,233058.0
2022-02-15,1096.0,1106.4,1081.6,1097.6,123904.0
2022-02-16,1113.8,1120.4,1088.6,1097.8,171145.0
2022-02-17,1090.8,1090.8,1068.0,1074.8,147959.0
2022-02-18,1076.8,1088.8,1040.0,1056.0,205584.0
2022-02-21,1075.8,1077.6,947.0,978.0,819286.0
2022-02-22,961.0,1027.8,905.0,1016.8,517751.0
2022-02-24,909.6,915.2,650.0,823.0,862767.0
2022-02-25,825.6,947.4,799.2,864.8,423120.0
2022-03-30,1069.2,1282.6,1069.2,1120.0,1241438.0
2022-03-31,1130.2,1175.8,1044.2,1083.0,389893.0
2022-04-01,1093.0,1097.0,1051.0,1077.0,288603.0
2022-04-04,1079.2,1083.6,1015.6,1050.0,159214.0
2022-04-05,1050.0,1052.8,950.0,1012.2,195884.0
2022-04-06,1032.2,1060.0,1012.2,1023.0,259539.0
2022-04-07,1022.8,1050.0,1000.0,1001.2,216785.0
2022-04-08,1002.2,1015.2,1001.2,1006.0,85893.0
2022-04-11,1003.0,1029.2,1002.0,1003.2,105981.0
2022-04-12,1009.0,1015.2,970.2,993.6,66984.0
2022-04-13,995.6,995.6,920.0,955.0,165224.0
2022-04-14,959.0,969.8,908.4,909.0,89178.0
2022-04-15,908.8,928.8,880.0,911.4,80563.0
2022-04-18,910.0,930.0,871.4,878.4,71769.0
2022-04-19,894.8,947.2,871.4,905.6,186597.0
2022-04-20,908.6,930.0,885.4,908.0,76604.0
2022-04-21,910.0,928.0,901.0,916.6,72693.0
2022-04-22,915.8,919.0,864.8,870.0,137509.0
2022-04-25,870.0,870.0,791.0,815.8,254569.0
2022-04-26,803.2,838.0,756.0,814.2,217360.0
2022-04-27,824.8,884.8,817.8,882.0,120604.0
2022-04-28,886.2,918.0,854.0,854.6,116211.0
2022-04-29,879.8,879.8,832.2,856.4,48876.0
2022-05-04,855.0,865.0,840.0,849.8,49763.0
2022-05-05,856.8,868.0,845.8,856.2,59810.0
2022-05-06,864.0,881.0,845.0,869.2,82591.0
2022-05-11,870.6,918.8,870.6,900.8,146878.0
2022-05-12,909.8,920.0,878.8,878.8,82358.0
2022-05-13,878.0,912.0,871.0,907.6,55444.0
2022-05-16,918.0,980.0,910.2,938.6,181876.0
2022-05-17,956.8,975.0,939.2,954.8,109090.0
2022-05-18,966.2,975.0,945.0,947.8,72790.0
2022-05-19,952.8,998.0,947.2,969.8,104282.0
2022-05-20,978.0,978.0,930.0,950.0,124399.0
2022-05-23,949.8,954.8,911.2,922.6,110128.0
2022-05-24,928.8,928.8,895.2,909.6,63259.0
2022-05-25,910.4,928.8,900.2,917.2,36442.0
2022-05-26,925.0,952.0,920.2,946.0,68205.0
2022-05-27,950.0,954.0,936.0,949.6,52408.0
2022-05-30,950.0,962.8,925.0,945.0,67771.0
2022-05-31,946.0,947.0,910.0,920.0,59687.0
2022-06-01,896.4,940.0,896.4,929.6,44913.0
2022-06-02,926.0,938.6,913.2,925.8,21511.0
2022-06-03,915.6,929.8,840.0,870.0,178164.0
2022-06-06,851.2,879.8,770.0,794.6,300500.0
2022-06-07,806.0,850.0,798.2,830.2,169519.0
2022-06-08,846.8,850.0,811.4,822.0,93425.0
2022-06-09,825.0,829.2,798.0,809.4,97801.0
2022-06-10,810.2,830.0,796.6,811.8,95537.0
2022-06-14,806.0,810.0,777.0,785.0,95581.0
2022-06-15,790.0,823.8,786.0,819.0,82357.0
2022-06-16,815.0,884.8,809.6,863.4,143189.0
2022-06-17,863.0,874.0,841.4,859.4,52705.0
2022-06-20,848.4,885.6,848.0,866.4,59283.0
2022-06-21,870.8,878.0,845.0,876.4,58744.0
2022-06-22,863.4,875.0,841.0,852.0,40418.0
2022-06-23,852.0,857.0,841.0,843.2,40815.0
2022-06-24,850.4,862.0,830.2,849.0,57498.0
2022-06-27,849.0,923.0,837.2,922.2,182437.0
2022-06-28,915.0,937.4,880.0,888.0,94274.0
2022-06-29,888.2,909.0,875.0,895.8,62398.0
2022-06-30,899.0,925.0,846.0,863.8,94014.0
2022-07-01,857.0,880.0,846.0,872.0,50908.0
2022-07-04,872.6,888.4,850.4,854.4,55612.0
2022-07-05,856.2,862.8,811.4,837.2,76087.0
2022-07-06,821.8,855.0,820.6,843.8,53484.0
2022-07-07,843.8,865.0,836.0,860.0,30937.0
2022-07-08,862.6,870.0,769.4,838.0,129863.0
2022-07-11,838.4,842.6,809.2,821.2,49877.0
2022-07-12,822.0,825.0,788.2,802.0,67358.0
2022-07-13,802.0,834.0,740.4,752.4,185167.0
2022-07-14,746.0,785.4,735.0,748.0,91924.0
2022-07-15,760.4,795.0,755.2,783.0,97204.0
2022-07-18,788.4,805.2,762.0,770.2,77199.0
2022-07-19,771.4,775.6,750.0,761.0,46398.0
2022-07-20,769.8,779.0,762.0,766.0,22327.0
2022-07-21,765.8,773.6,750.0,754.2,60529.0
2022-07-22,754.2,802.0,751.4,795.0,66277.0
2022-07-25,814.8,841.8,800.0,822.0,105961.0
2022-07-26,830.0,836.0,814.2,828.0,70601.0
2022-07-27,832.8,843.8,810.0,820.8,45448.0
2022-07-28,822.0,834.8,818.0,831.0,27032.0
2022-07-29,832.0,853.0,831.0,846.8,42552.0
2022-08-01,846.8,853.0,823.2,833.0,42353.0
2022-08-02,833.4,833.4,796.0,799.0,41141.0
2022-08-03,798.6,819.2,780.8,815.6,45128.0
2022-08-04,821.6,828.0,805.0,806.4,31962.0
2022-08-05,822.2,822.2,780.0,793.4,47019.0
2022-08-08,810.2,821.0,761.6,787.6,115194.0
2022-08-09,789.2,800.0,777.0,793.0,60034.0
2022-08-10,795.4,821.8,793.0,821.6,61197.0
2022-08-11,822.0,835.6,818.0,820.0,61240.0
2022-08-12,817.0,871.0,805.4,862.8,119778.0
2022-08-15,859.0,899.6,851.2,899.4,136049.0
2022-08-16,899.0,917.6,863.2,892.0,96793.0
2022-08-17,895.0,914.2,870.0,874.6,72687.0
2022-08-18,874.4,883.2,866.2,870.0,24942.0
2022-08-19,882.2,905.0,870.2,875.0,59321.0
2022-08-22,875.4,890.0,870.2,887.6,26476.0
2022-08-23,890.4,910.0,885.0,886.0,55279.0
2022-08-24,887.0,894.8,870.4,893.0,27039.0
2022-08-25,893.0,905.0,891.4,902.0,29548.0
2022-08-26,904.8,920.0,890.0,894.4,49027.0
2022-08-29,897.0,909.0,897.0,902.6,32254.0
2022-08-30,902.6,916.4,902.6,908.6,38434.0
2022-08-31,908.6,919.8,905.0,911.6,45924.0
2022-09-01,912.0,914.6,906.0,908.6,32008.0
2022-09-02,908.6,929.0,891.8,922.0,74491.0
2022-09-05,927.8,947.4,922.6,941.0,58247.0
2022-09-06,943.0,950.0,900.4,928.0,80939.0
2022-09-07,925.4,933.8,910.6,913.0,26998.0
2022-09-08,908.8,919.2,892.0,905.0,38204.0
2022-09-09,915.0,935.0,909.2,927.0,43314.0
2022-09-12,927.0,938.0,900.8,930.0,49589.0
2022-09-13,930.0,936.8,920.6,922.0,23484.0
2022-09-14,922.0,928.6,865.0,893.8,141988.0
2022-09-15,891.2,908.8,891.2,901.8,39219.0
2022-09-16,905.4,909.0,900.0,902.8,18814.0
2022-09-19,899.0,907.0,895.2,895.8,25339.0
2022-09-20,897.4,897.8,801.0,818.0,145324.0
2022-09-21,750.4,790.0,690.0,786.0,169729.0
2022-09-22,786.2,837.0,780.0,786.0,85072.0
2022-09-23,794.8,794.8,733.0,735.2,90568.0
2022-09-26,734.6,734.8,619.0,656.6,261140.0
2022-09-27,659.0,689.8,650.2,688.4,93794.0
2022-09-28,691.2,737.4,675.6,725.0,91445.0
2022-09-29,736.8,739.8,678.6,710.4,124702.0
2022-09-30,712.6,740.0,681.2,711.0,90996.0
2022-10-03,722.0,765.0,720.2,760.8,119101.0
2022-10-04,764.0,781.8,750.0,764.0,49026.0
2022-10-05,756.0,776.8,740.0,747.4,64979.0
2022-10-06,747.2,785.8,743.0,760.0,36560.0
2022-10-07,760.0,774.6,745.6,770.4,50013.0
2022-10-10,707.0,791.6,700.4,784.2,59439.0
2022-10-11,790.0,809.6,776.8,799.6,42616.0
2022-10-12,801.6,816.4,799.8,804.0,27933.0
2022-10-13,804.2,809.0,772.2,785.6,35608.0
2022-10-14,788.0,800.6,785.2,798.4,19633.0
2022-10-17,798.6,808.6,793.2,800.0,32829.0
2022-10-18,803.2,814.0,793.0,800.0,30044.0
2022-10-19,795.4,808.2,772.0,792.4,33889.0
2022-10-20,801.0,805.6,795.2,798.6,15755.0
2022-10-21,801.0,801.6,792.2,799.8,21419.0
2022-10-24,806.4,824.8,805.0,816.4,73117.0
2022-10-25,819.6,826.8,816.4,825.8,47758.0
2022-10-26,831.8,837.4,820.2,829.0,49709.0
2022-10-27,837.4,848.0,829.0,842.8,53080.0
2022-10-28,847.8,847.8,830.0,833.0,32766.0
2022-10-31,845.2,850.0,833.4,841.4,43765.0
2022-11-01,845.0,845.0,832.0,835.4,30508.0
2022-11-02,835.0,839.8,811.2,820.0,40190.0
2022-11-03,817.6,833.4,805.0,809.8,39306.0
2022-11-07,817.4,821.4,803.0,812.0,52654.0
2022-11-08,820.8,820.8,799.0,801.0,41517.0
2022-11-09,801.0,802.8,788.0,791.2,44449.0
2022-11-10,792.4,811.6,786.2,801.0,76524.0
2022-11-11,807.0,812.0,805.0,810.6,34136.0
2022-11-14,819.0,819.0,772.0,784.0,221756.0
2022-11-15,783.6,783.8,761.0,766.2,109425.0
2022-11-16,765.8,773.4,755.4,769.8,47227.0
2022-11-17,773.6,780.2,767.4,773.2,36383.0
2022-11-18,773.8,778.8,763.2,767.2,30757.0
2022-11-21,769.2,770.0,756.0,756.6,29521.0
2022-11-22,762.8,764.2,740.4,755.0,54093.0
2022-11-23,756.0,760.0,745.0,754.8,35635.0
2022-11-24,759.0,789.4,755.6,770.0,61356.0
2022-11-25,772.4,779.0,765.4,765.6,21497.0
2022-11-28,763.2,774.4,751.0,753.6,38003.0
2022-11-29,760.0,763.0,750.0,753.6,32399.0
2022-11-30,754.2,759.8,750.0,752.0,24594.0
2022-12-01,757.2,770.0,753.4,760.2,40137.0
2022-12-02,763.0,766.0,750.0,752.8,26573.0
2022-12-05,752.8,759.6,749.0,749.2,36074.0
2022-12-06,749.2,750.4,698.0,701.6,286670.0
2022-12-07,704.0,709.0,673.0,684.2,255099.0
2022-12-08,686.2,691.4,674.0,675.2,143461.0
2022-12-09,675.4,698.0,671.2,690.2,183125.0
2022-12-12,693.0,708.0,690.8,695.8,80255.0
2022-12-13,695.8,697.6,680.0,683.6,59805.0
2022-12-14,683.6,686.4,672.2,673.6,48739.0
2022-12-15,672.6,672.8,655.0,660.0,79795.0
2022-12-16,667.0,674.6,658.0,665.6,58245.0
2022-12-19,667.0,667.0,650.0,653.0,54824.0
2022-12-20,652.8,666.8,640.0,661.0,72319.0
2022-12-21,665.0,698.4,664.6,682.0,174123.0
2022-12-22,692.4,692.4,667.2,672.8,89037.0
2022-12-23,674.8,686.6,670.0,673.0,42550.0
2022-12-26,672.8,677.8,667.6,670.2,48620.0
2022-12-27,673.2,675.8,667.0,667.0,64144.0
2022-12-28,666.8,669.6,660.8,661.0,52323.0
2022-12-29,662.0,669.4,660.2,668.2,34826.0
2022-12-30,668.8,669.2,659.2,660.8,33464.0
2023-01-03,660.4,671.0,658.2,671.0,24945.0
2023-01-04,671.0,688.0,669.8,683.4,35214.0
2023-01-05,683.6,695.6,675.2,690.2,64067.0
2023-01-06,694.8,697.8,683.0,685.0,21768.0
2023-01-09,686.4,698.0,686.2,692.2,35563.0
2023-01-10,693.6,693.6,671.6,680.0,46679.0
2023-01-11,682.8,692.0,671.2,686.4,70826.0
2023-01-12,686.0,689.8,679.2,682.0,27447.0
2023-01-13,683.6,686.0,675.0,678.2,38441.0
2023-01-16,686.8,691.8,678.4,690.6,105036.0
2023-01-17,697.8,697.8,681.2,682.0,51997.0
2023-01-18,686.0,689.2,616.2,670.6,160485.0
2023-01-19,671.0,673.0,650.0,660.0,56286.0
2023-01-20,660.4,663.2,656.0,658.0,30972.0
2023-01-23,660.8,676.8,659.0,666.6,55979.0
2023-01-24,668.8,674.0,659.6,664.8,27880.0
2023-01-25,665.0,667.4,657.0,657.6,47196.0
2023-01-26,657.6,665.0,657.6,663.0,31655.0
2023-01-27,665.0,668.0,660.2,665.0,36993.0
2023-01-30,671.2,688.0,670.0,682.6,188356.0
2023-01-31,683.0,684.2,670.4,673.8,75659.0
2023-02-01,673.8,679.8,673.0,673.0,64506.0
2023-02-02,677.6,680.0,674.4,679.4,44056.0
2023-02-03,680.0,695.0,677.0,688.0,144883.0
2023-02-06,688.6,712.0,688.0,704.0,170305.0
2023-02-07,705.2,708.4,695.0,702.8,62358.0
2023-02-08,703.6,719.0,703.0,705.2,98736.0
2023-02-09,708.0,709.0,698.2,701.0,41832.0
2023-02-10,701.0,704.0,695.0,704.0,31950.0
2023-02-13,704.4,715.0,700.2,704.4,36575.0
2023-02-14,706.0,707.2,691.0,695.0,81709.0
2023-02-15,694.0,695.0,663.0,664.8,101896.0
2023-02-16,663.2,678.6,661.4,670.2,57954.0
2023-02-17,670.0,676.0,665.0,668.0,32548.0
2023-02-20,669.0,669.8,660.2,667.8,35894.0
2023-02-21,665.2,696.0,664.4,680.8,86507.0
2023-02-22,686.2,688.0,680.0,684.0,20901.0
2023-02-24,687.8,688.6,682.0,685.0,18678.0
2023-02-27,683.4,688.8,676.4,684.2,38623.0
2023-02-28,686.4,704.0,685.6,700.0,106665.0
2023-03-01,702.6,706.8,700.0,704.0,52304.0
2023-03-02,704.6,727.0,698.0,707.0,183585.0
2023-03-03,708.2,717.2,705.8,715.0,45873.0
2023-03-06,725.4,727.6,703.2,710.4,207502.0
2023-03-07,712.0,718.0,707.0,712.2,135348.0
2023-03-09,711.8,712.2,707.0,708.0,38438.0
2023-03-10,709.8,709.8,698.0,703.4,32741.0
2023-03-13,705.6,714.8,703.4,705.2,50566.0
2023-03-14,705.0,713.0,703.6,704.8,48269.0
2023-03-15,704.6,715.0,702.6,705.0,111602.0
2023-03-16,705.4,709.0,681.2,703.8,118141.0
2023-03-17,704.0,715.0,703.6,708.8,98823.0
2023-03-20,713.8,716.4,697.2,709.0,221589.0
2023-03-21,709.0,711.8,703.0,707.8,111689.0
2023-03-22,709.0,709.0,702.4,707.6,41646.0
2023-03-23,708.0,709.0,701.0,703.6,41601.0
2023-03-24,704.6,704.8,700.2,703.6,49546.0
2023-03-27,705.0,730.0,703.8,729.0,182325.0
2023-03-28,730.0,732.8,716.0,724.8,80896.0
2023-03-29,725.0,726.2,715.6,720.0,67581.0
2023-03-30,720.8,725.0,716.2,722.4,55613.0
2023-03-31,723.2,726.0,703.0,711.0,139313.0
2023-04-03,714.4,720.0,701.6,717.4,136359.0
2023-04-04,717.8,721.4,708.0,712.6,83393.0
2023-04-05,712.6,721.2,705.0,721.2,70313.0
2023-04-06,717.4,729.8,715.2,719.0,146041.0
2023-04-07,719.8,729.0,719.4,727.2,74262.0
2023-04-10,727.4,767.2,727.2,762.6,311869.0
2023-04-11,763.0,767.0,736.6,738.0,168871.0
2023-04-12,742.6,763.0,740.4,756.0,88756.0
2023-04-13,760.0,795.0,754.2,788.0,386309.0
2023-04-14,793.0,808.0,757.2,782.0,216204.0
2023-04-17,784.8,795.0,775.6,786.6,104273.0
2023-04-18,791.4,808.6,782.4,802.4,188472.0
2023-04-19,806.2,830.0,782.0,810.2,468528.0
2023-04-20,815.8,818.2,775.2,801.2,222472.0
2023-04-21,800.0,800.0,786.0,796.6,92301.0
2023-04-24,799.6,799.8,780.2,789.4,130709.0
2023-04-25,788.8,799.8,784.0,788.4,90693.0
2023-04-26,790.4,795.0,784.0,784.6,63348.0
2023-04-27,785.0,809.4,780.0,800.0,163901.0
2023-04-28,803.8,805.8,780.0,785.8,87532.0
2023-05-02,785.8,801.4,735.0,755.0,178699.0
2023-05-03,757.8,759.0,715.0,723.2,129814.0
2023-05-04,724.2,751.0,724.0,748.0,51219.0
2023-05-05,749.0,753.8,731.4,750.0,49500.0
2023-05-08,749.8,749.8,734.6,742.8,18868.0
2023-05-10,746.0,775.4,736.4,772.6,92406.0
2023-05-11,775.8,777.0,750.0,763.0,185314.0
2023-05-12,763.0,774.4,760.0,770.8,43929.0
2023-05-15,767.2,795.0,760.2,789.0,251391.0
2023-05-16,790.0,790.0,766.2,778.2,78722.0
2023-05-17,779.4,785.0,772.0,781.2,73855.0
2023-05-18,783.8,791.0,762.6,777.6,107597.0
2023-05-19,781.0,790.0,771.8,790.0,56400.0
2023-05-22,790.8,811.0,776.4,789.6,163461.0
2023-05-23,789.8,791.4,766.2,776.2,89125.0
2023-05-24,777.0,786.2,774.8,779.6,55701.0
2023-05-25,779.8,793.8,774.2,783.0,84907.0
2023-05-26,785.6,820.0,784.0,811.6,278239.0
2023-05-29,814.2,838.4,811.0,829.6,259433.0
2023-05-30,818.4,826.6,775.0,806.8,256176.0
2023-05-31,807.0,867.4,807.0,866.0,565483.0
2023-06-01,865.0,885.0,841.0,847.6,227264.0
2023-06-02,850.8,866.0,839.0,859.8,117885.0
2023-06-05,863.2,868.0,821.2,826.6,155858.0
2023-06-06,827.8,870.0,826.4,839.0,161453.0
2023-06-07,839.8,865.6,834.6,855.4,127629.0
2023-06-08,855.6,863.0,847.2,855.2,62426.0
2023-06-09,856.8,857.0,841.6,851.8,58145.0
2023-06-13,850.0,885.0,850.0,884.2,156776.0
2023-06-14,885.0,887.8,866.4,879.6,97010.0
2023-06-15,880.0,938.2,870.0,927.8,576627.0
2023-06-16,929.4,941.8,914.4,934.0,187258.0
2023-06-19,939.8,950.0,917.0,946.0,175108.0
2023-06-20,943.0,977.0,941.8,956.8,203003.0
2023-06-21,960.4,975.0,948.0,957.2,99867.0
2023-06-22,957.2,957.4,930.4,942.0,82138.0
2023-06-23,940.4,956.0,905.0,917.6,188585.0
2023-06-26,920.6,937.4,885.2,910.0,215465.0
2023-06-27,921.0,985.0,918.0,985.0,638470.0
2023-06-28,993.4,993.4,956.0,963.8,261520.0
2023-06-29,963.0,974.8,956.8,963.6,108756.0
2023-06-30,968.6,984.8,964.0,975.0,163616.0
2023-07-03,984.8,984.8,975.0,975.4,106775.0
2023-07-04,976.0,979.6,960.2,963.2,148735.0
2023-07-05,963.0,974.0,951.6,973.6,121319.0
2023-07-06,973.8,1012.0,972.0,997.0,502958.0
2023-07-07,999.2,1005.4,982.6,987.8,183120.0
2023-07-10,988.4,997.8,980.4,986.6,125043.0
2023-07-11,987.0,990.0,982.6,989.0,68145.0
2023-07-12,994.0,995.0,988.0,992.0,76156.0
2023-07-13,993.8,995.0,984.0,989.8,66716.0
2023-07-14,990.4,998.8,989.8,993.8,135660.0
2023-07-17,994.8,1060.0,990.2,1057.0,547810.0
2023-07-18,1058.0,1078.6,1027.0,1076.2,772047.0
2023-07-19,1081.0,1081.0,1065.8,1076.8,259999.0
2023-07-20,1090.0,1145.0,1082.2,1121.6,1190435.0
2023-07-21,1123.0,1129.8,1101.0,1122.0,337113.0
2023-07-24,1135.2,1150.0,1112.0,1121.8,505885.0
2023-07-25,1125.0,1125.6,1107.2,1116.6,262009.0
2023-07-26,1119.6,1119.8,1076.8,1092.2,249710.0
2023-07-27,1098.4,1119.8,1092.8,1112.2,193217.0
2023-07-28,1104.0,1125.0,1100.2,1110.2,212430.0
2023-07-31,1118.0,1123.8,1103.2,1114.2,184043.0
2023-08-01,1112.0,1145.0,1092.0,1133.4,825839.0
2023-08-02,1136.0,1179.6,1116.2,1170.0,1014379.0
2023-08-03,1169.0,1169.0,1130.2,1162.4,333979.0
2023-08-04,1169.6,1169.6,1102.0,1131.2,417888.0
2023-08-07,1150.6,1175.0,1104.8,1114.6,948786.0
2023-08-08,1117.8,1123.4,1060.0,1115.0,410262.0
2023-08-09,1118.2,1120.0,1091.4,1101.0,165549.0
2023-08-10,1105.2,1120.8,1097.0,1120.8,256745.0
2023-08-11,1121.6,1124.8,1105.0,1114.8,163276.0
2023-08-14,1117.6,1135.4,1074.0,1086.8,383648.0
2023-08-15,1088.2,1132.0,1086.8,1120.0,397265.0
2023-08-16,1125.0,1127.8,1066.0,1094.0,295569.0
2023-08-17,1103.2,1113.0,1082.4,1102.8,152893.0
2023-08-18,1107.0,1109.8,1091.8,1105.8,144528.0
2023-08-21,1119.0,1126.8,1106.0,1123.8,233187.0
2023-08-22,1125.0,1133.0,1111.6,1125.0,174936.0
2023-08-23,1129.0,1129.0,1086.6,1092.4,162357.0
2023-08-24,1092.0,1117.8,1092.0,1111.6,82287.0
2023-08-25,1114.4,1118.6,1107.4,1112.8,57594.0
2023-08-28,1113.0,1149.6,1110.2,1139.4,189533.0
2023-08-29,1141.0,1168.0,1125.0,1159.8,424614.0
2023-08-30,1160.2,1201.0,1135.0,1181.0,558262.0
2023-08-31,1180.0,1252.8,1170.0,1242.4,1157975.0
2023-09-01,1242.6,1247.6,1200.4,1226.6,327185.0
2023-09-04,1228.8,1413.6,1228.0,1347.0,3966706.0
2023-09-05,1347.8,1350.0,1282.0,1310.6,662220.0
2023-09-06,1312.0,1345.0,1265.0,1318.0,581714.0
2023-09-07,1325.0,1331.0,1223.6,1254.4,523978.0
2023-09-08,1258.0,1298.4,1212.0,1277.2,448895.0
2023-09-11,1279.4,1299.0,1241.2,1254.4,227113.0
2023-09-12,1255.0,1285.0,1243.2,1284.2,205394.0
2023-09-13,1284.0,1284.2,1240.0,1256.0,278233.0
2023-09-14,1255.0,1256.0,1120.0,1197.6,496711.0
2023-09-15,1197.0,1224.0,1182.6,1206.2,186697.0
2023-09-18,1209.8,1249.6,1188.0,1205.0,265311.0
2023-09-19,1204.0,1217.0,1121.4,1129.6,453426.0
2023-09-20,1132.8,1152.2,1033.0,1115.0,672425.0
2023-09-21,1111.0,1111.6,1059.6,1061.0,354978.0
2023-09-22,1060.0,1100.0,1039.6,1090.8,303215.0
2023-09-25,1094.4,1109.0,1065.4,1076.8,161811.0
2023-09-26,1077.6,1085.8,1055.0,1081.8,122901.0
2023-09-27,1083.2,1139.0,1083.0,1138.6,275209.0
2023-09-28,1139.0,1224.8,1130.4,1211.2,928356.0
2023-09-29,1214.8,1229.0,1176.4,1190.8,268679.0
2023-10-02,1207.6,1220.0,1180.8,1189.0,205204.0
2023-10-03,1189.8,1190.0,1155.8,1173.0,221769.0
2023-10-04,1174.8,1180.2,1141.8,1149.8,140325.0
2023-10-05,1149.6,1165.0,1135.6,1152.4,127509.0
2023-10-06,1157.4,1165.0,1141.8,1157.0,107989.0
2023-10-09,1160.2,1204.8,1157.8,1200.0,262825.0
2023-10-10,1200.0,1266.2,1200.0,1261.0,778471.0
2023-10-11,1261.0,1305.0,1236.0,1244.4,752635.0
2023-10-12,1226.2,1315.0,1216.0,1305.6,746505.0
2023-10-13,1306.0,1363.8,1305.8,1348.4,1128673.0
2023-10-16,1358.0,1404.6,1352.0,1404.6,870538.0
2023-10-17,1405.0,1419.2,1312.4,1370.6,1174275.0
2023-10-18,1375.2,1412.4,1371.2,1394.0,529788.0
2023-10-19,1390.2,1448.8,1367.0,1442.0,879204.0
2023-10-20,1420.2,1551.8,1415.4,1536.8,2179066.0
2023-10-23,1536.8,1553.6,1463.8,1545.4,1963681.0
2023-10-24,1545.0,1674.6,1526.0,1650.0,3661039.0
2023-10-25,1651.2,1679.2,1557.6,1601.6,2581856.0
2023-10-26,1602.8,1613.6,1492.8,1502.2,1484461.0
2023-10-27,1502.0,1540.0,1443.6,1513.2,1141520.0
2023-10-30,1508.2,1535.0,1473.0,1498.6,521366.0
2023-10-31,1498.0,1498.0,1433.2,1444.0,509532.0
2023-11-01,1443.8,1464.0,1414.4,1426.0,390806.0
2023-11-02,1426.2,1477.4,1407.0,1424.4,439142.0
2023-11-03,1430.0,1437.0,1400.2,1419.4,264767.0
2023-11-06,1419.4,1457.8,1415.0,1452.0,230478.0
2023-11-07,1449.6,1597.0,1441.2,1583.6,2374894.0
2023-11-08,1592.0,1593.2,1522.8,1542.6,1240986.0
2023-11-09,1543.6,1564.6,1498.0,1542.4,688860.0
2023-11-10,1540.0,1549.4,1508.0,1521.8,326238.0
2023-11-13,1521.0,1582.0,1411.2,1446.0,1851015.0
2023-11-14,1445.6,1445.6,1362.0,1384.0,765736.0
2023-11-15,1380.0,1454.8,1359.0,1431.0,781329.0
2023-11-16,1426.6,1447.0,1386.0,1394.2,403222.0
2023-11-17,1394.2,1476.2,1386.0,1467.0,798916.0
2023-11-20,1468.6,1591.0,1458.2,1559.8,2489033.0
2023-11-21,1556.4,1609.0,1511.8,1532.0,1816001.0
2023-11-22,1532.0,1555.0,1482.0,1498.0,491643.0
2023-11-23,1498.4,1514.6,1465.2,1511.4,240265.0
2023-11-24,1525.4,1555.0,1475.2,1500.6,540790.0
2023-11-27,1502.4,1513.8,1454.0,1466.6,211608.0
2023-11-28,1466.6,1515.6,1433.0,1487.8,351415.0
2023-11-29,1495.0,1509.8,1460.6,1470.0,149901.0
2023-11-30,1470.0,1473.6,1436.0,1449.0,165151.0
2023-12-01,1449.4,1459.8,1410.0,1422.4,176332.0
2023-12-04,1410.0,1416.8,1362.8,1375.2,263438.0
2023-12-05,1372.8,1394.0,1317.6,1364.2,375895.0
2023-12-06,1366.8,1410.0,1331.0,1351.8,424094.0
2023-12-07,1346.6,1374.4,1305.0,1326.4,393244.0
2023-12-08,1328.2,1349.4,1288.0,1292.6,286917.0
2023-12-11,1292.6,1292.6,1207.6,1216.2,488982.0
2023-12-12,1213.0,1285.8,1211.2,1268.0,517074.0
2023-12-13,1265.6,1279.2,1251.4,1265.0,229550.0
2023-12-14,1269.4,1297.8,1211.0,1225.8,243567.0
2023-12-15,1220.0,1338.4,1212.2,1320.4,367028.0
2023-12-18,1323.0,1357.2,1311.4,1343.2,268777.0
2023-12-19,1348.0,1359.8,1320.0,1330.0,217590.0
2023-12-20,1334.0,1370.0,1330.2,1345.0,178853.0
2023-12-21,1338.4,1345.0,1305.0,1324.6,277002.0
2023-12-22,1326.2,1356.2,1324.2,1344.0,108380.0
2023-12-25,1345.6,1390.4,1345.6,1379.0,374721.0
2023-12-26,1383.6,1418.6,1383.6,1395.4,298357.0
2023-12-27,1400.4,1418.0,1370.6,1384.0,168441.0
2023-12-28,1386.0,1391.8,1346.4,1367.0,158461.0
2023-12-29,1365.2,1366.8,1299.0,1331.8,134510.0
2024-01-03,1348.8,1396.0,1342.0,1392.0,141354.0
2024-01-04,1397.4,1397.4,1379.2,1385.0,60676.0
2024-01-05,1391.6,1391.6,1365.0,1376.4,53856.0
2024-01-08,1384.8,1414.8,1381.0,1403.0,142835.0
2024-01-09,1408.0,1445.0,1402.6,1429.8,210804.0
2024-01-10,1435.8,1447.0,1404.4,1410.8,127182.0
2024-01-11,1408.8,1408.8,1381.8,1395.0,165466.0
2024-01-12,1395.4,1419.2,1383.2,1385.0,162396.0
2024-01-15,1392.8,1410.8,1385.2,1395.2,88955.0
2024-01-16,1396.8,1397.8,1361.8,1373.2,144549.0
2024-01-17,1377.0,1438.8,1372.6,1428.8,536891.0
2024-01-18,1431.4,1435.0,1402.2,1419.8,183940.0
2024-01-19,1420.2,1425.0,1394.0,1410.2,134677.0
2024-01-22,1415.0,1443.0,1410.4,1437.4,238663.0
2024-01-23,1439.0,1482.8,1432.2,1464.6,417185.0
2024-01-24,1464.8,1479.2,1445.8,1456.2,174524.0
2024-01-25,1460.8,1460.8,1425.0,1440.6,187989.0
2024-01-26,1441.4,1465.8,1433.4,1443.6,110538.0
2024-01-29,1447.4,1485.0,1444.0,1449.6,309692.0
2024-01-30,1455.0,1486.8,1445.0,1460.2,314161.0
2024-01-31,1467.6,1469.0,1440.2,1444.2,142361.0
2024-02-01,1448.2,1455.8,1415.0,1421.0,226284.0
2024-02-02,1421.2,1424.6,1407.2,1412.0,160564.0
2024-02-05,1412.0,1429.2,1381.8,1395.4,294162.0
2024-02-06,1399.6,1407.8,1390.0,1407.6,97273.0
2024-02-07,1411.4,1425.2,1406.0,1413.0,153621.0
2024-02-08,1414.2,1414.8,1385.2,1387.2,122211.0
2024-02-09,1387.8,1398.8,1350.2,1367.6,146195.0
2024-02-12,1375.8,1413.6,1369.2,1405.6,265593.0
2024-02-13,1407.4,1422.4,1391.4,1397.0,173697.0
2024-02-14,1397.2,1415.0,1391.0,1392.4,117558.0
2024-02-15,1392.6,1428.0,1382.4,1425.6,182307.0
2024-02-16,1423.8,1450.0,1398.8,1412.8,391467.0
2024-02-19,1421.0,1439.6,1400.4,1401.2,161220.0
2024-02-20,1400.0,1414.0,1360.0,1364.0,232928.0
2024-02-21,1365.8,1385.0,1297.0,1338.8,331702.0
2024-02-22,1348.8,1365.6,1338.2,1344.0,131178.0
2024-02-26,1363.8,1421.8,1363.8,1418.2,313215.0
2024-02-27,1418.0,1443.0,1410.0,1440.0,291409.0
2024-02-28,1452.0,1459.8,1405.6,1417.8,479929.0
2024-02-29,1423.4,1429.8,1401.2,1408.0,323945.0
2024-03-01,1412.4,1428.0,1408.2,1424.6,343243.0
2024-03-04,1427.6,1448.0,1385.2,1402.0,2147831.0
2024-03-05,1405.0,1407.8,1389.6,1392.0,247432.0
2024-03-06,1394.0,1406.0,1350.0,1387.4,269344.0
2024-03-07,1386.2,1401.0,1385.8,1393.4,160872.0
2024-03-11,1400.2,1405.8,1383.0,1398.2,239976.0
2024-03-12,1390.0,1400.0,1389.6,1397.0,97143.0
2024-03-13,1401.8,1409.2,1391.6,1393.0,143386.0
2024-03-14,1395.8,1397.6,1365.2,1374.2,213602.0
2024-03-15,1382.2,1393.4,1365.0,1371.6,227031.0
2024-03-18,1375.0,1383.4,1360.0,1375.8,218983.0
2024-03-19,1375.8,1412.8,1371.8,1391.4,291226.0
2024-03-20,1391.4,1413.2,1381.4,1411.0,155631.0
2024-03-21,1411.2,1438.8,1398.4,1418.6,479170.0
2024-03-22,1421.0,1425.4,1366.2,1391.0,277048.0
2024-03-25,1386.8,1405.0,1370.0,1400.2,198225.0
2024-03-26,1400.4,1425.0,1399.4,1418.0,223814.0
2024-03-27,1417.4,1419.2,1399.4,1417.2,101395.0
2024-03-28,1415.2,1418.4,1399.0,1406.6,71465.0
2024-03-29,1406.6,1436.0,1400.4,1422.6,282190.0
2024-04-01,1428.0,1474.8,1416.6,1470.2,565258.0
2024-04-02,1471.6,1510.0,1453.0,1458.2,771367.0
2024-04-03,1465.0,1530.0,1460.8,1506.6,917917.0
2024-04-04,1506.8,1515.8,1450.0,1462.4,377364.0
2024-04-05,1462.2,1488.4,1450.0,1467.2,173542.0
2024-04-08,1479.4,1494.0,1451.8,1455.0,387709.0
2024-04-09,1456.0,1477.0,1427.0,1436.0,364961.0
2024-04-10,1440.0,1457.2,1420.0,1443.2,306815.0
2024-04-11,1449.6,1473.8,1431.0,1447.2,393508.0
2024-04-12,1450.0,1457.0,1432.0,1439.0,216687.0
2024-04-15,1440.2,1449.8,1427.0,1444.0,221928.0
2024-04-16,1444.0,1444.2,1427.0,1429.8,202699.0
2024-04-17,1430.6,1441.4,1410.0,1416.4,296715.0
2024-04-18,1417.2,1437.8,1415.8,1428.2,180275.0
2024-04-19,1432.8,1456.0,1427.4,1447.8,456216.0
2024-04-22,1453.8,1482.0,1448.2,1462.2,520033.0
2024-04-23,1464.2,1489.0,1431.0,1464.0,644867.0
2024-04-24,1468.0,1501.0,1440.0,1482.8,750624.0
2024-04-25,1483.8,1568.0,1483.6,1566.8,1454710.0
2024-04-26,1564.0,1594.0,1551.2,1592.0,553242.0
2024-04-27,1590.0,1594.0,1566.4,1585.0,262837.0
2024-04-29,1583.0,1599.0,1567.0,1577.4,130095.0
2024-04-30,1577.8,1581.6,1534.2,1552.2,120064.0
2024-05-02,1552.2,1592.6,1552.2,1565.0,149562.0
2024-05-03,1564.4,1575.0,1536.2,1545.2,196404.0
2024-05-06,1540.6,1596.0,1538.2,1567.8,290732.0
2024-05-07,1567.8,1626.0,1556.6,1618.0,439183.0
2024-05-08,1620.6,1638.2,1579.4,1593.0,390125.0
2024-05-10,1588.4,1596.0,1575.6,1577.0,61086.0
2024-05-13,1580.8,1590.6,1520.0,1545.4,868860.0
2024-05-14,1545.4,1546.0,1490.6,1499.0,436421.0
2024-05-15,1498.4,1532.4,1491.6,1517.8,236291.0
2024-05-16,1520.2,1525.2,1502.0,1502.2,88940.0
2024-05-17,1504.6,1508.2,1474.4,1479.0,178862.0
2024-05-20,1480.0,1491.2,1425.2,1444.2,299112.0
2024-05-21,1444.2,1467.8,1421.6,1428.6,170318.0
2024-05-22,1431.0,1486.2,1427.6,1475.2,261233.0
2024-05-23,1476.0,1485.0,1442.0,1459.4,129377.0
2024-05-24,1459.6,1468.6,1416.4,1419.4,137765.0
2024-05-27,1419.2,1425.8,1364.0,1370.8,330796.0
2024-05-28,1370.6,1420.0,1370.6,1392.6,195582.0
2024-05-29,1394.2,1432.0,1380.8,1432.0,115393.0
2024-05-30,1430.8,1442.6,1393.4,1399.2,164144.0
2024-05-31,1396.8,1427.8,1350.0,1388.0,170835.0
2024-06-03,1378.0,1433.6,1297.4,1401.2,490263.0
2024-06-04,1401.2,1473.4,1381.0,1463.2,283377.0
2024-06-05,1464.2,1493.2,1435.0,1468.4,231317.0
2024-06-06,1478.0,1496.8,1441.0,1479.0,205144.0
2024-06-07,1479.4,1525.4,1460.2,1484.8,239150.0
2024-06-10,1485.2,1501.8,1386.8,1414.0,167840.0
2024-06-11,1414.2,1431.2,1388.0,1396.0,151973.0
2024-06-13,1311.8,1400.0,1311.0,1400.0,123007.0
2024-06-14,1402.8,1412.8,1386.8,1403.0,118453.0
2024-06-17,1403.2,1419.0,1362.2,1385.8,128448.0
2024-06-18,1380.6,1390.0,1347.2,1374.0,79283.0
2024-06-19,1364.4,1375.0,1322.8,1334.6,109161.0
2024-06-20,1335.2,1434.0,1318.2,1417.0,319132.0
2024-06-21,1413.4,1443.0,1387.0,1404.2,75714.0
2024-06-24,1399.0,1404.8,1365.8,1371.8,71053.0
2024-06-25,1367.6,1408.8,1356.6,1402.6,135009.0
2024-06-26,1406.4,1441.4,1385.2,1405.0,261705.0
2024-06-27,1410.0,1452.2,1400.0,1436.0,168122.0
2024-06-28,1441.6,1468.4,1407.6,1420.8,178026.0
2024-07-01,1422.8,1438.2,1400.2,1404.4,92375.0
2024-07-02,1403.2,1407.4,1380.2,1383.0,106949.0
2024-07-03,1380.4,1389.2,1356.4,1358.0,72842.0
2024-07-04,1359.6,1385.6,1342.2,1345.2,234592.0
2024-07-05,1345.2,1395.8,1344.2,1389.0,248352.0
2024-07-08,1388.8,1418.6,1386.2,1410.4,230043.0
2024-07-09,1412.8,1439.0,1365.0,1386.6,777436.0
2024-07-10,1380.0,1434.0,1379.0,1401.0,865626.0
2024-07-11,1409.0,1431.4,1398.0,1430.0,377509.0
2024-07-12,1430.6,1551.0,1405.6,1544.2,1608059.0
2024-07-15,1550.8,1563.8,1481.0,1494.8,1477374.0
2024-07-16,1493.0,1560.0,1455.6,1523.0,604050.0
2024-07-17,1529.2,1535.2,1490.2,1494.8,257513.0
2024-07-18,1499.0,1500.0,1427.6,1448.2,444355.0
2024-07-19,1444.6,1444.6,1415.8,1436.8,241746.0
2024-07-22,1445.2,1468.6,1392.6,1424.0,639934.0
2024-07-23,1421.8,1423.8,1393.0,1405.8,243408.0
2024-07-24,1405.8,1408.8,1386.2,1389.0,144888.0
2024-07-25,1391.0,1391.8,1356.4,1360.0,189035.0
2024-07-26,1355.4,1387.8,1280.0,1342.8,339007.0
2024-07-29,1317.8,1335.0,1251.2,1265.4,321245.0
2024-07-30,1268.2,1304.8,1260.4,1288.2,330540.0
2024-07-31,1290.2,1315.0,1283.2,1309.6,108715.0
2024-08-01,1306.6,1309.2,1284.6,1291.2,91509.0
2024-08-02,1291.6,1294.8,1260.2,1288.0,159845.0
2024-08-05,1280.0,1284.0,1200.0,1211.4,557643.0
2024-08-06,1220.2,1231.8,1202.2,1213.0,139792.0
2024-08-07,1214.2,1252.2,1210.0,1236.0,169488.0
2024-08-08,1230.0,1235.8,1213.4,1220.4,116759.0
2024-08-09,1220.2,1240.0,1210.8,1221.0,108768.0
2024-08-12,1220.6,1231.0,1210.0,1219.6,107501.0
2024-08-13,1220.0,1247.6,1217.2,1238.6,112136.0
2024-08-14,1234.6,1292.8,1231.4,1249.2,371729.0
2024-08-15,1248.8,1263.2,1226.2,1233.2,133342.0
2024-08-16,1229.2,1242.0,1222.0,1241.6,71460.0
2024-08-19,1238.4,1247.4,1225.0,1233.6,93422.0
2024-08-20,1234.2,1274.6,1229.0,1246.6,121140.0
2024-08-21,1249.0,1257.6,1232.0,1239.8,82251.0
2024-08-22,1239.8,1243.0,1200.6,1224.0,152180.0
2024-08-23,1223.8,1245.6,1207.6,1218.6,156478.0
2024-08-26,1229.0,1247.0,1210.8,1217.4,109930.0
2024-08-27,1217.6,1224.0,1212.2,1216.4,79818.0
2024-08-28,1216.6,1234.6,1180.6,1212.6,294440.0
2024-08-29,1212.6,1289.4,1206.0,1255.2,222053.0
2024-08-30,1254.8,1264.8,1212.8,1217.4,135295.0
2024-09-02,1202.4,1258.6,1111.0,1152.2,236544.0
2024-09-03,1143.2,1156.6,1111.2,1120.0,221972.0
2024-09-04,1118.2,1156.0,1103.0,1140.0,143707.0
2024-09-05,1142.0,1155.0,1071.4,1110.0,475861.0
2024-09-06,1102.2,1178.0,1081.2,1171.4,360303.0
2024-09-09,1169.8,1202.0,1104.2,1195.6,982545.0
2024-09-10,1190.0,1199.6,1145.0,1170.8,312291.0
2024-09-11,1160.8,1172.4,1151.6,1163.2,85160.0
2024-09-12,1157.8,1168.2,1130.0,1146.4,103801.0
2024-09-13,1145.2,1189.6,1130.0,1178.6,115744.0
2024-09-16,1178.4,1196.0,1170.8,1188.2,70938.0
2024-09-17,1189.0,1195.0,1171.4,1181.4,71418.0
2024-09-18,1181.8,1188.4,1149.8,1157.2,77812.0
2024-09-19,1157.2,1162.8,1135.4,1145.8,127320.0
2024-09-20,1146.0,1166.4,1137.8,1163.2,52348.0
2024-09-23,1164.4,1172.2,1150.2,1170.0,102741.0
2024-09-24,1171.8,1215.0,1158.4,1195.0,110181.0
2024-09-25,1193.6,1225.0,1182.0,1190.6,107027.0
2024-09-26,1190.6,1207.0,1185.2,1192.4,46225.0
2024-09-27,1195.6,1230.2,1194.2,1226.0,89110.0
2024-09-30,1229.2,1281.0,1229.2,1253.0,243274.0
2024-10-01,1252.6,1289.4,1237.6,1286.0,136723.0
2024-10-02,1286.0,1292.8,1267.2,1281.6,111675.0
2024-10-03,1278.0,1299.8,1268.2,1281.0,97551.0
2024-10-04,1282.2,1315.2,1272.0,1302.6,90179.0
2024-10-07,1300.6,1306.4,1272.0,1290.2,72440.0
2024-10-08,1284.2,1288.8,1245.2,1245.2,95169.0
2024-10-09,1245.0,1247.2,1207.0,1221.2,114238.0
2024-10-10,1220.6,1246.0,1218.8,1234.6,86855.0
2024-10-11,1234.6,1260.0,1220.4,1259.8,60968.0
2024-10-14,1256.6,1256.6,1222.6,1243.8,83346.0
2024-10-15,1242.2,1255.0,1230.0,1235.6,56198.0
2024-10-16,1238.6,1244.4,1227.8,1229.4,28437.0
2024-10-17,1228.2,1234.4,1210.6,1212.4,57513.0
2024-10-18,1212.4,1223.8,1208.0,1210.6,42561.0
2024-10-21,1214.2,1231.8,1211.4,1221.4,34461.0
2024-10-22,1221.2,1232.8,1216.8,1231.4,24255.0
2024-10-23,1227.2,1240.0,1216.8,1226.6,45085.0
2024-10-24,1224.0,1236.0,1212.8,1229.0,52948.0
2024-10-25,1226.6,1235.8,1212.0,1217.2,73320.0
2024-10-28,1199.8,1216.8,1171.4,1195.8,108060.0
2024-10-29,1195.6,1225.0,1150.2,1169.4,143063.0
2024-10-30,1170.0,1177.2,1121.4,1145.4,122537.0
2024-10-31,1136.8,1169.8,1131.2,1135.2,53273.0
2024-11-01,1131.4,1164.2,1130.2,1156.4,48135.0
2024-11-02,1156.6,1169.0,1149.0,1150.4,14666.0
2024-11-05,1165.4,1169.0,1142.2,1159.2,47016.0
2024-11-06,1166.6,1215.0,1162.4,1187.6,58334.0
2024-11-07,1189.8,1225.4,1144.6,1223.0,50958.0
2024-11-08,1227.6,1233.0,1185.4,1220.0,74962.0
2024-11-11,1230.4,1275.8,1220.4,1241.2,177040.0
2024-11-12,1231.4,1257.8,1205.2,1210.4,49886.0
2024-11-13,1206.0,1236.0,1184.2,1205.2,43863.0
2024-11-14,1204.0,1224.0,1162.0,1174.8,43116.0
2024-11-15,1183.0,1204.0,1169.6,1202.6,39942.0
2024-11-18,1169.0,1199.6,1155.0,1170.0,69139.0
2024-11-19,1175.6,1179.2,1133.6,1149.0,51673.0
2024-11-20,1149.0,1195.0,1140.8,1166.8,117757.0
2024-11-21,1167.0,1178.2,1139.2,1153.4,67970.0
2024-11-22,1154.8,1174.2,1137.2,1157.0,46218.0
2024-11-25,1155.0,1168.4,1128.0,1138.6,81831.0
2024-11-26,1141.0,1167.4,1102.2,1121.2,126455.0
2024-11-27,1116.0,1134.4,1046.0,1117.6,585134.0
2024-11-28,1112.6,1209.8,1082.2,1203.0,575401.0
2024-11-29,1210.4,1285.0,1068.0,1107.8,500556.0
2024-12-02,1100.4,1150.2,1080.0,1083.8,642350.0
