Date,Open,High,Low,Close,Volume
2011-11-29,35.0,40.609,35.0,40.609,19100.0
2011-11-30,48.32,54.6,42.0,54.6,76800.0
2011-12-01,67.0,76.44,65.55,76.44,11800.0
2011-12-02,100.1,107.016,45.864,45.864,1898500.0
2011-12-05,37.55,41.985,36.7,37.1,1547100.0
2011-12-06,37.0,37.1,34.75,34.8,831100.0
2011-12-07,34.701,36.0,34.501,35.3,467700.0
2011-12-08,35.3,35.3,34.75,34.821,181100.0
2011-12-09,34.999,35.24,34.2,34.39,631700.0
2011-12-12,34.304,34.797,33.3,33.49,225800.0
2011-12-13,33.003,34.0,30.501,33.9,665500.0
2011-12-14,33.033,33.8,32.62,33.387,103800.0
2011-12-15,33.3,33.5,32.03,32.901,357600.0
2011-12-16,32.95,32.95,31.757,32.198,134300.0
2011-12-19,31.666,31.798,30.71,31.304,133300.0
2011-12-20,31.02,31.499,30.351,31.347,150500.0
2011-12-21,31.287,31.998,30.55,31.049,236800.0
2011-12-22,31.0,31.0,30.353,30.657,107700.0
2011-12-23,30.6,30.9,30.3,30.301,149300.0
2011-12-26,30.013,30.495,30.012,30.347,181900.0
2011-12-27,30.051,30.3,30.0,30.0,18300.0
2011-12-28,30.379,30.4,30.0,30.111,595400.0
2011-12-29,30.021,30.35,29.4,30.2,404800.0
2011-12-30,30.48,31.0,30.48,31.0,572000.0
2012-01-03,31.0,31.0,30.354,30.99,143900.0
2012-01-04,30.711,31.384,30.6,31.0,41600.0
2012-01-05,30.998,31.0,29.4,29.995,313400.0
2012-01-06,29.92,30.17,29.7,30.093,44600.0
2012-01-09,30.048,30.083,29.8,30.07,20200.0
2012-01-10,30.6,30.6,30.1,30.44,180300.0
2012-01-11,30.4,30.598,30.104,30.112,81700.0
2012-01-12,30.106,30.75,29.702,30.699,264700.0
2012-01-13,30.501,30.75,30.135,30.4,25100.0
2012-01-16,30.479,30.479,29.561,30.15,106400.0
2012-01-17,30.15,30.47,29.799,29.9,408100.0
2012-01-18,29.851,29.95,29.7,29.8,201700.0
2012-01-19,29.8,29.9,29.74,29.85,440700.0
2012-01-20,30.0,30.5,29.701,30.2,1640200.0
2012-01-23,30.25,30.375,30.0,30.12,472300.0
2012-01-24,30.02,30.143,29.85,30.05,304000.0
2012-01-25,29.901,30.0,29.811,29.94,100500.0
2012-01-26,29.999,30.179,29.921,29.996,250900.0
2012-01-27,29.996,30.1,29.811,29.92,162800.0
2012-01-30,29.83,29.99,29.33,29.679,296000.0
2012-01-31,29.798,29.85,29.55,29.8,737700.0
2012-02-01,29.8,30.099,29.8,30.05,649600.0
2012-02-02,30.06,32.79,29.95,32.425,3367100.0
2012-02-03,32.45,32.5,31.6,31.85,408900.0
2012-02-06,31.609,31.82,31.35,31.6,424100.0
2012-02-07,31.65,33.2,31.561,33.17,4942400.0
2012-02-08,33.0,33.879,32.82,33.8,4706800.0
2012-02-09,33.8,33.82,32.201,32.849,538700.0
2012-02-10,32.799,32.799,32.025,32.2,491700.0
2012-02-13,32.32,33.45,32.3,33.3,1583800.0
2012-02-14,33.4,33.94,33.35,33.475,955200.0
2012-02-15,33.85,33.95,33.5,33.57,475200.0
2012-02-16,33.475,33.57,33.008,33.2,219200.0
2012-02-17,33.309,33.55,33.25,33.251,265800.0
2012-02-20,33.305,33.5,33.22,33.45,156100.0
2012-02-21,33.4,33.5,33.156,33.312,193200.0
2012-02-22,33.399,33.6,32.301,32.802,273200.0
2012-02-24,32.667,33.33,32.52,32.9,625700.0
2012-02-27,32.624,32.9,32.362,32.418,1200000.0
2012-02-28,32.4,32.4,31.11,31.685,330600.0
2012-02-29,31.551,32.28,31.55,32.109,463500.0
2012-03-01,31.951,32.929,31.712,32.86,1779500.0
2012-03-02,33.1,33.333,32.43,32.5,590800.0
2012-03-05,32.35,32.55,31.8,32.4,695400.0
2012-03-06,32.106,32.5,31.2,31.2,355500.0
2012-03-07,31.579,31.788,31.223,31.526,231500.0
2012-03-11,31.8,31.85,31.52,31.715,72700.0
2012-03-12,31.63,31.749,31.397,31.531,597800.0
2012-03-13,31.551,32.555,31.4,31.815,938600.0
2012-03-14,31.994,32.09,31.762,32.0,625500.0
2012-03-15,32.04,32.32,31.998,32.05,1939900.0
2012-03-16,32.011,32.19,31.951,32.0,744200.0
2012-03-19,32.097,32.3,31.992,32.05,1898200.0
2012-03-20,32.001,32.01,31.711,31.93,550900.0
2012-03-21,31.93,32.0,31.502,31.6,248300.0
2012-03-22,31.899,31.945,31.749,31.935,747800.0
2012-03-23,31.999,32.0,31.8,31.85,265400.0
2012-03-26,32.099,32.099,31.79,31.79,170900.0
2012-03-27,31.801,32.0,31.499,31.579,312200.0
2012-03-28,31.501,31.6,31.36,31.439,100500.0
2012-03-29,31.247,31.474,30.899,31.07,155500.0
2012-03-30,31.14,31.24,30.51,31.095,460500.0
2012-04-02,31.248,31.248,30.8,30.876,407000.0
2012-04-03,30.899,30.999,30.8,30.821,368800.0
2012-04-04,30.699,30.833,30.197,30.299,252000.0
2012-04-05,30.251,30.31,29.4,29.8,432300.0
2012-04-06,29.722,29.999,29.704,29.9,388400.0
2012-04-09,29.9,29.947,29.501,29.889,312300.0
2012-04-10,29.9,30.0,29.7,29.84,431200.0
2012-04-11,29.752,30.001,29.752,29.95,979900.0
2012-04-12,29.998,30.05,29.72,29.851,355600.0
2012-04-13,29.99,30.1,29.851,30.039,260900.0
2012-04-16,30.039,30.039,29.85,29.928,178500.0
2012-04-17,29.853,29.939,29.582,29.679,284600.0
2012-04-18,29.848,29.848,29.7,29.79,613900.0
2012-04-19,29.799,29.85,29.7,29.798,377700.0
2012-04-20,29.8,30.0,29.8,29.9,1061700.0
2012-04-23,29.9,29.9,29.7,29.81,242500.0
2012-04-24,29.703,29.848,29.66,29.76,348800.0
2012-04-25,29.8,29.989,29.8,29.898,626600.0
2012-04-26,29.898,29.944,29.8,29.802,701600.0
2012-04-27,29.756,30.0,29.755,29.95,216600.0
2012-04-28,29.9,29.999,29.881,29.998,217900.0
2012-05-02,29.903,30.0,29.707,29.87,71600.0
2012-05-03,29.702,29.899,29.55,29.646,688800.0
2012-05-04,29.502,29.75,27.0,27.6,619900.0
2012-05-05,27.602,27.997,27.13,27.697,54200.0
2012-05-07,27.898,28.0,27.2,27.95,4400.0
2012-05-08,28.148,28.25,27.55,28.225,6100.0
2012-05-10,28.079,28.15,27.317,27.45,104100.0
2012-05-11,27.449,27.449,27.053,27.3,199600.0
2012-05-12,27.0,27.15,26.01,26.7,217800.0
2012-05-14,26.499,26.499,24.955,25.094,335100.0
2012-05-15,25.001,25.227,24.022,24.888,178100.0
2012-05-16,24.201,24.495,23.999,24.387,328800.0
2012-05-17,24.5,24.895,23.444,23.6,162500.0
2012-05-18,22.203,23.78,21.999,22.99,760100.0
2012-05-21,23.0,23.685,22.655,22.855,187500.0
2012-05-22,23.149,23.55,23.149,23.357,65700.0
2012-05-23,23.299,23.299,22.5,22.642,313400.0
2012-05-24,22.75,22.95,22.038,22.5,452000.0
2012-05-25,22.4,22.798,22.35,22.4,148800.0
2012-05-28,22.455,22.747,22.4,22.4,296900.0
2012-05-29,22.689,23.225,22.499,23.1,517200.0
2012-05-30,22.949,23.449,22.7,22.99,427900.0
2012-05-31,22.9,23.15,22.615,22.787,417500.0
2012-06-01,22.775,22.995,22.55,22.995,459300.0
2012-06-04,22.93,24.4,22.828,23.47,1099700.0
2012-06-05,23.99,24.249,23.8,23.983,338900.0
2012-06-06,24.139,24.25,23.5,23.951,343000.0
2012-06-07,24.049,25.747,24.049,24.989,1167400.0
2012-06-08,24.99,24.999,24.5,24.95,75600.0
2012-06-09,25.15,25.17,24.801,25.099,23800.0
2012-06-13,25.0,25.201,23.5,25.18,995800.0
2012-06-14,25.0,25.45,24.95,25.352,83200.0
2012-06-15,25.271,26.148,25.27,25.973,2247100.0
2012-06-18,25.5,26.5,25.0,25.9,2075500.0
2012-06-19,25.99,26.9,25.505,26.0,2442500.0
2012-06-20,26.138,26.2,25.8,25.9,512400.0
2012-06-21,25.81,25.9,25.101,25.45,249100.0
2012-06-22,25.011,25.09,24.55,24.7,363400.0
2012-06-25,24.894,24.895,24.484,24.486,38700.0
2012-06-26,24.3,24.8,24.25,24.6,170700.0
2012-06-27,24.501,26.0,24.498,24.9,322100.0
2012-06-28,24.898,24.898,24.201,24.495,226000.0
2012-06-29,24.6,24.8,24.011,24.3,2317700.0
2012-07-02,24.399,24.8,24.0,24.6,713200.0
2012-07-03,24.551,25.199,24.551,25.174,1422900.0
2012-07-04,25.14,25.887,24.905,25.048,1237200.0
2012-07-05,24.999,25.05,24.4,24.751,1088400.0
2012-07-06,24.698,24.75,24.5,24.725,176200.0
2012-07-09,24.712,24.99,24.712,24.901,343500.0
2012-07-10,24.801,24.9,24.799,24.899,82800.0
2012-07-11,24.7,24.75,24.352,24.548,318800.0
2012-07-12,24.401,24.55,24.4,24.549,140000.0
2012-07-13,24.749,24.801,24.561,24.8,98700.0
2012-07-16,24.801,24.949,24.801,24.945,33200.0
2012-07-17,25.0,25.25,24.9,25.0,772400.0
2012-07-18,24.901,25.099,24.611,24.89,670400.0
2012-07-19,24.998,25.248,24.71,24.85,142800.0
2012-07-20,24.9,24.949,24.505,24.6,67700.0
2012-07-23,24.85,25.05,24.402,24.666,1216300.0
2012-07-24,24.701,25.201,24.501,25.2,508200.0
2012-07-25,25.1,25.45,24.8,25.45,695600.0
2012-07-26,25.45,25.6,25.339,25.401,8200.0
2012-07-27,25.402,25.402,25.0,25.4,185900.0
2012-07-30,25.301,25.4,25.111,25.349,1143900.0
2012-07-31,25.349,25.74,25.06,25.5,454000.0
2012-08-01,25.55,26.17,25.449,25.5,1429300.0
2012-08-02,25.599,25.6,25.099,25.1,80000.0
2012-08-03,25.15,25.35,25.0,25.25,9800.0
2012-08-06,25.009,25.2,24.806,25.1,54100.0
2012-08-07,25.1,25.3,25.1,25.3,20000.0
2012-08-08,25.3,25.3,25.149,25.15,14200.0
2012-08-09,25.151,25.398,24.699,25.149,69300.0
2012-08-10,24.901,25.0,24.8,24.9,49300.0
2012-08-13,24.9,25.1,24.75,24.95,109600.0
2012-08-14,25.094,25.105,24.911,25.089,109500.0
2012-08-15,24.99,25.0,24.807,24.949,115900.0
2012-08-16,24.815,25.18,24.815,25.1,126600.0
2012-08-17,24.85,25.196,24.85,24.939,87300.0
2012-08-20,24.815,24.88,24.605,24.748,43800.0
2012-08-21,24.711,24.9,24.711,24.8,64100.0
2012-08-22,24.701,24.8,24.701,24.8,59200.0
2012-08-23,24.708,24.9,24.69,24.75,98500.0
2012-08-24,24.795,24.797,24.607,24.607,7000.0
2012-08-27,24.65,24.75,24.64,24.649,138500.0
2012-08-28,24.648,24.7,24.6,24.679,144200.0
2012-08-29,24.746,24.825,24.301,24.352,99500.0
2012-08-30,24.352,24.75,24.352,24.4,29800.0
2012-08-31,24.499,24.499,24.35,24.47,13400.0
2012-09-03,24.401,24.688,24.401,24.63,10600.0
2012-09-04,24.649,24.7,24.405,24.561,78000.0
2012-09-05,24.695,24.7,24.5,24.599,68900.0
2012-09-06,24.499,24.76,24.499,24.6,76000.0
2012-09-07,24.549,24.989,24.549,24.853,109300.0
2012-09-10,24.798,24.949,24.62,24.898,45700.0
2012-09-11,24.75,24.79,24.5,24.75,94200.0
2012-09-12,24.72,24.8,24.601,24.75,82800.0
2012-09-13,24.711,24.711,24.452,24.547,135700.0
2012-09-14,24.799,25.101,24.512,24.675,1097200.0
2012-09-17,24.7,24.85,24.511,24.698,1277500.0
2012-09-18,24.749,24.787,24.55,24.609,100300.0
2012-09-19,24.733,24.798,24.4,24.4,104500.0
2012-09-20,24.479,24.6,24.12,24.349,250300.0
2012-09-21,24.397,24.498,24.2,24.363,71700.0
2012-09-24,24.439,24.5,24.2,24.31,260700.0
2012-09-25,24.4,24.4,24.15,24.15,215100.0
2012-09-26,23.997,24.2,23.95,23.95,56700.0
2012-09-27,24.049,24.149,23.951,24.073,32100.0
2012-09-28,24.15,24.2,24.03,24.146,82100.0
2012-10-01,24.006,24.35,24.006,24.35,138500.0
2012-10-02,24.349,24.35,24.1,24.2,88100.0
2012-10-03,24.2,24.225,24.15,24.15,128200.0
2012-10-04,24.077,24.5,24.075,24.25,1215200.0
2012-10-05,24.3,24.4,24.2,24.3,310600.0
2012-10-08,24.275,24.45,24.22,24.4,225800.0
2012-10-09,24.35,25.001,24.35,24.901,1379100.0
2012-10-10,24.798,24.987,24.605,24.705,190600.0
2012-10-11,24.749,24.999,24.452,24.651,160100.0
2012-10-12,24.799,24.8,24.206,24.549,264200.0
2012-10-15,24.4,24.4,23.93,23.975,1611600.0
2012-10-16,24.2,24.4,23.801,23.85,179900.0
2012-10-17,23.804,23.95,21.999,22.55,3966100.0
2012-10-18,22.9,23.148,22.667,22.856,1918700.0
2012-10-19,22.998,22.998,22.76,22.772,26800.0
2012-10-22,22.556,22.939,22.51,22.801,186900.0
2012-10-23,22.7,22.85,22.0,22.0,604400.0
2012-10-24,22.1,22.2,21.82,21.999,360000.0
2012-10-25,21.829,23.0,21.825,22.95,1071000.0
2012-10-26,22.72,23.0,22.601,22.771,566700.0
2012-10-29,22.751,22.95,22.65,22.95,1901600.0
2012-10-30,22.999,23.09,22.801,22.9,406900.0
2012-10-31,22.811,22.948,22.78,22.78,1041000.0
2012-11-01,22.799,23.15,22.72,23.15,437800.0
2012-11-02,23.199,23.5,23.002,23.299,267000.0
2012-11-06,23.298,23.45,23.1,23.395,454500.0
2012-11-07,23.448,23.498,22.83,23.25,1743900.0
2012-11-08,23.0,23.149,22.855,22.93,830600.0
2012-11-09,23.0,23.15,22.95,23.05,985700.0
2012-11-12,23.188,23.188,22.903,23.018,366800.0
2012-11-13,23.048,23.048,22.702,22.925,1668200.0
2012-11-14,23.025,23.025,22.818,22.818,298900.0
2012-11-15,22.99,22.99,22.75,22.925,168700.0
2012-11-16,22.99,23.095,22.716,23.095,686900.0
2012-11-19,22.905,23.049,22.905,23.047,92300.0
2012-11-20,23.0,23.0,22.8,23.0,168400.0
2012-11-21,22.94,23.1,22.901,23.022,2395800.0
2012-11-22,23.049,23.1,22.958,23.1,165800.0
2012-11-23,23.0,23.15,22.9,23.15,401400.0
2012-11-26,23.148,23.2,22.98,23.15,131500.0
2012-11-27,23.001,23.2,22.65,23.0,682600.0
2012-11-28,23.0,23.049,22.951,23.049,1164600.0
2012-11-29,23.0,23.099,22.961,23.051,179300.0
2012-11-30,23.14,23.14,23.05,23.1,151000.0
2012-12-03,23.09,24.148,23.055,24.045,5247100.0
2012-12-04,23.551,24.35,23.55,24.2,2122300.0
2012-12-05,24.2,25.46,24.0,25.46,1301600.0
2012-12-06,25.597,26.14,25.103,25.3,15815900.0
2012-12-07,25.597,25.597,25.101,25.166,212000.0
2012-12-10,25.249,25.88,25.214,25.25,251600.0
2012-12-11,25.2,25.673,25.2,25.5,101800.0
2012-12-12,25.4,26.0,25.304,25.902,1233500.0
2012-12-13,26.083,26.245,25.67,25.99,1535600.0
2012-12-14,25.782,26.05,25.301,25.967,3307400.0
2012-12-17,26.245,27.7,25.634,26.637,992000.0
2012-12-18,27.0,28.2,26.702,27.5,970700.0
2012-12-19,27.895,28.449,27.15,27.153,429100.0
2012-12-20,27.367,27.5,26.8,27.253,2717200.0
2012-12-21,27.197,28.0,26.751,28.0,3749700.0
2012-12-24,27.52,28.249,27.52,28.125,1164800.0
2012-12-25,28.433,30.1,28.002,30.0,3394500.0
2012-12-26,30.45,30.45,29.5,29.908,769600.0
2012-12-27,29.733,30.15,29.7,30.049,922900.0
2012-12-28,29.755,30.18,29.755,30.0,1318100.0
2013-01-08,31.3,31.4,29.77,30.351,233500.0
2013-01-09,30.192,30.5,29.801,30.05,180900.0
2013-01-10,29.851,30.329,29.03,29.556,3890600.0
2013-01-11,29.507,29.65,29.399,29.55,1220700.0
2013-01-14,29.356,29.7,29.299,29.688,362500.0
2013-01-15,29.6,30.0,29.5,30.0,317600.0
2013-01-16,29.594,29.897,29.519,29.8,83600.0
2013-01-17,29.701,29.996,29.601,29.795,123100.0
2013-01-18,29.798,29.91,29.102,29.7,177200.0
2013-01-21,29.599,29.748,29.311,29.55,262900.0
2013-01-22,29.503,29.698,29.49,29.49,354900.0
2013-01-23,29.354,29.595,29.2,29.35,477500.0
2013-01-24,29.262,29.262,28.501,29.1,219800.0
2013-01-25,29.051,29.537,28.998,29.479,404300.0
2013-01-28,29.4,29.968,29.25,29.48,300800.0
2013-01-29,29.54,29.997,29.467,29.8,673200.0
2013-01-30,29.663,30.01,29.582,29.85,435000.0
2013-01-31,29.542,29.939,28.799,29.929,417000.0
2013-02-01,29.897,30.89,29.7,29.77,420800.0
2013-02-04,29.762,29.9,29.723,29.9,694100.0
2013-02-05,29.9,30.3,29.9,30.172,789000.0
2013-02-06,30.229,30.229,29.903,30.05,621400.0
2013-02-07,29.95,30.3,29.9,30.25,581800.0
2013-02-08,30.001,30.55,29.931,30.5,799000.0
2013-02-11,30.7,30.7,30.5,30.51,1084200.0
2013-02-12,30.415,30.67,30.193,30.585,743200.0
2013-02-13,30.6,31.9,30.6,31.8,1291100.0
2013-02-14,32.088,32.088,31.3,31.8,455600.0
2013-02-15,31.506,31.75,30.812,31.52,340500.0
2013-02-18,31.887,31.887,31.432,31.88,312100.0
2013-02-19,31.889,32.48,31.531,32.32,665900.0
2013-02-20,31.952,34.398,31.947,34.2,2072900.0
2013-02-21,34.12,34.95,33.203,34.735,1273900.0
2013-02-22,34.88,35.35,34.018,35.0,2315500.0
2013-02-25,35.166,35.166,33.862,34.048,1542800.0
2013-02-26,33.75,35.445,33.6,33.85,738500.0
2013-02-27,33.999,34.03,33.5,34.0,308300.0
2013-02-28,34.029,34.03,32.5,32.6,645700.0
2013-03-01,32.503,33.1,32.0,32.85,872900.0
2013-03-04,33.0,33.0,32.5,32.8,320700.0
2013-03-05,32.7,33.2,32.7,33.125,705700.0
2013-03-06,33.199,33.3,32.899,32.95,786400.0
2013-03-07,32.902,33.156,32.889,33.0,657800.0
2013-03-11,32.998,33.0,32.65,32.899,287500.0
2013-03-12,33.049,33.075,32.103,32.847,8029400.0
2013-03-13,32.936,33.615,32.809,33.0,943500.0
2013-03-14,33.065,33.1,30.82,32.851,328400.0
2013-03-15,32.99,33.175,32.205,32.8,389000.0
2013-03-18,32.8,32.8,31.301,32.203,382700.0
2013-03-19,32.032,32.032,31.6,31.66,365500.0
2013-03-20,31.55,32.301,31.01,32.199,355800.0
2013-03-21,31.901,32.297,31.45,31.95,223000.0
2013-03-22,31.949,32.098,31.406,31.85,388100.0
2013-03-25,32.114,32.495,31.533,31.999,415300.0
2013-03-26,31.995,32.001,30.111,30.994,464300.0
2013-03-27,30.511,31.388,30.511,31.001,576700.0
2013-03-28,30.612,31.007,30.55,31.0,245400.0
2013-03-29,30.804,32.9,30.804,31.666,858000.0
2013-04-01,31.41,31.889,31.0,31.0,127200.0
2013-04-02,30.811,31.0,30.762,30.968,242900.0
2013-04-03,30.888,31.82,30.871,31.51,486900.0
2013-04-04,31.25,31.748,30.875,31.3,312400.0
2013-04-05,31.496,32.94,31.021,32.9,2925900.0
2013-04-08,32.888,33.171,32.2,32.45,445500.0
2013-04-09,32.351,33.085,31.801,33.0,410400.0
2013-04-10,33.129,33.13,32.508,32.751,186100.0
2013-04-11,32.311,32.939,32.2,32.2,106600.0
2013-04-12,32.02,32.54,32.02,32.21,325100.0
2013-04-15,32.2,32.79,31.611,32.2,2082900.0
2013-04-16,32.7,32.7,31.7,31.75,1283400.0
2013-04-17,31.8,31.95,31.0,31.21,171600.0
2013-04-18,30.51,32.295,30.51,32.0,185800.0
2013-04-19,32.0,32.0,31.15,31.6,388500.0
2013-04-22,31.412,32.3,31.35,31.35,606900.0
2013-04-23,31.789,32.0,31.35,31.82,19400.0
2013-04-24,31.466,32.401,31.4,32.1,315800.0
2013-04-25,32.463,33.5,31.989,32.75,1036100.0
2013-04-26,32.999,33.5,32.499,32.998,275200.0
2013-04-29,32.579,33.102,31.705,31.72,206800.0
2013-04-30,31.876,32.6,31.23,31.23,532500.0
2013-05-02,30.538,31.988,30.509,30.967,106900.0
2013-05-03,31.985,31.986,31.018,31.447,20800.0
2013-05-06,31.601,31.9,31.301,31.301,69900.0
2013-05-07,31.764,31.982,31.456,31.92,364100.0
2013-05-08,31.609,32.0,31.609,31.843,116300.0
2013-05-10,31.977,32.3,31.55,31.55,69500.0
2013-05-13,31.189,31.85,31.0,31.486,125500.0
2013-05-14,31.5,31.741,31.116,31.12,22527900.0
2013-05-15,31.1,31.551,30.811,31.551,205000.0
2013-05-16,31.7,31.74,31.39,31.67,22366100.0
2013-05-17,31.389,31.997,31.155,31.996,61300.0
2013-05-20,31.601,31.8,31.55,31.65,124700.0
2013-05-21,31.6,31.988,31.5,31.683,26577200.0
2013-05-22,31.569,33.111,31.569,33.111,629600.0
2013-05-23,32.465,33.0,31.604,32.0,591900.0
2013-05-24,32.0,32.0,31.55,31.6,299400.0
2013-05-27,31.896,31.896,31.621,31.887,95100.0
2013-05-28,32.09,32.249,31.82,32.0,427900.0
2013-05-29,31.71,32.25,31.621,32.089,45400.0
2013-05-30,32.2,32.2,31.83,31.83,9631200.0
2013-05-31,32.135,32.615,31.83,32.15,605100.0
2013-06-03,32.4,32.4,31.891,32.0,869300.0
2013-06-04,32.05,33.5,31.85,33.3,3356700.0
2013-06-05,32.967,34.55,32.266,34.375,2092100.0
2013-06-06,34.4,34.95,33.75,33.75,227500.0
2013-06-07,33.922,34.5,33.567,33.85,156800.0
2013-06-10,33.999,34.45,33.75,33.847,298600.0
2013-06-11,34.1,34.294,33.0,33.0,8208700.0
2013-06-13,32.89,33.331,32.69,33.0,3078200.0
2013-06-14,33.249,33.8,33.099,33.349,150800.0
2013-06-17,33.355,34.449,33.005,33.792,941600.0
2013-06-18,33.511,34.1,33.111,33.25,233300.0
2013-06-19,33.449,33.449,32.7,33.3,1141000.0
2013-06-20,32.901,33.4,32.901,33.051,155200.0
2013-06-21,32.825,33.812,32.825,33.055,189000.0
2013-06-24,33.354,33.355,33.0,33.097,368700.0
2013-06-25,33.097,33.197,33.0,33.047,618700.0
2013-06-26,32.825,34.21,32.825,33.999,1977600.0
2013-06-27,33.9,34.68,33.503,34.072,1174100.0
2013-06-28,33.9,34.5,33.751,34.0,539400.0
2013-07-01,34.495,34.495,33.9,34.001,159100.0
2013-07-02,33.9,34.398,33.5,34.365,506400.0
2013-07-03,34.497,34.497,34.09,34.42,674300.0
2013-07-04,34.765,34.765,33.721,34.02,122200.0
2013-07-05,33.705,34.5,24.0,34.009,535600.0
2013-07-08,34.0,34.1,34.0,34.08,140300.0
2013-07-09,34.099,34.1,34.0,34.098,68900.0
2013-07-10,34.0,34.147,34.0,34.0,1232500.0
2013-07-11,34.0,34.247,34.0,34.0,768700.0
2013-07-12,34.2,34.2,33.501,33.797,464100.0
2013-07-15,33.872,33.949,33.5,33.895,133900.0
2013-07-16,33.9,33.95,33.55,33.68,122100.0
2013-07-17,33.734,33.74,33.5,33.595,152400.0
2013-07-18,33.5,33.5,33.0,33.109,163300.0
2013-07-19,33.1,33.451,33.05,33.241,60700.0
2013-07-22,33.009,33.3,33.0,33.195,321100.0
2013-07-23,33.297,33.298,33.011,33.022,63400.0
2013-07-24,33.003,33.05,32.85,33.05,1711100.0
2013-07-25,33.244,33.244,33.0,33.034,236300.0
2013-07-26,33.292,33.292,33.0,33.167,78800.0
2013-07-29,33.199,33.3,33.009,33.093,68500.0
2013-07-30,33.299,33.499,33.0,33.199,296100.0
2013-07-31,33.021,33.49,33.021,33.399,204600.0
2013-08-01,33.465,33.84,33.149,33.84,352500.0
2013-08-02,33.9,33.94,33.043,33.045,59800.0
2013-08-05,33.034,33.249,33.033,33.249,53000.0
2013-08-06,33.24,33.329,33.0,33.0,167700.0
2013-08-07,33.001,33.218,33.0,33.19,297100.0
2013-08-08,33.011,33.227,33.0,33.125,116900.0
2013-08-09,33.0,33.21,32.3,33.099,10334200.0
2013-08-12,33.1,33.1,32.85,33.099,248400.0
2013-08-13,33.19,33.49,33.0,33.248,180200.0
2013-08-14,33.27,33.27,33.0,33.247,216900.0
2013-08-15,33.287,33.289,33.0,33.0,271200.0
2013-08-16,33.0,33.238,33.0,33.0,10364700.0
2013-08-19,33.002,33.172,33.0,33.009,144500.0
2013-08-20,33.02,33.148,33.0,33.05,4984700.0
2013-08-21,33.05,33.42,33.01,33.132,144600.0
2013-08-22,33.012,33.3,33.0,33.295,197600.0
2013-08-23,33.011,34.498,33.011,33.601,669400.0
2013-08-26,33.85,34.0,33.31,33.312,213400.0
2013-08-27,33.389,33.993,33.201,33.3,192500.0
2013-08-28,33.101,33.5,33.033,33.25,169600.0
2013-08-29,33.141,33.431,33.02,33.431,130500.0
2013-08-30,33.051,33.35,33.05,33.05,291700.0
2013-09-02,33.0,33.197,32.612,33.0,696800.0
2013-09-03,33.148,33.198,32.9,33.198,1257300.0
2013-09-04,33.329,33.5,33.018,33.327,161100.0
2013-09-05,33.343,33.349,33.0,33.34,177200.0
2013-09-06,33.4,33.449,33.06,33.061,370500.0
2013-09-09,33.369,33.372,33.034,33.299,242400.0
2013-09-10,33.365,33.365,33.01,33.01,376400.0
2013-09-11,33.007,33.239,32.7,32.896,361100.0
2013-09-12,32.711,33.1,32.6,32.999,756300.0
2013-09-13,32.859,33.095,32.602,32.678,202200.0
2013-09-16,32.724,33.27,32.595,33.25,41495900.0
2013-09-17,33.241,33.8,33.181,33.748,3411600.0
2013-09-18,33.9,35.4,33.887,35.1,2413400.0
2013-09-19,35.45,35.45,34.651,35.099,967700.0
2013-09-20,35.348,35.348,34.311,34.51,338100.0
2013-09-23,34.845,35.256,34.5,35.115,301900.0
2013-09-24,35.119,35.119,34.812,34.9,353900.0
2013-09-25,34.95,35.5,34.867,35.488,1478900.0
2013-09-26,35.143,35.5,35.024,35.5,1008400.0
2013-09-27,35.401,37.347,35.399,36.8,1252500.0
2013-09-30,36.987,37.55,35.671,36.0,665100.0
2013-10-01,36.091,36.95,36.0,36.255,492200.0
2013-10-02,36.3,39.5,36.3,38.502,2860100.0
2013-10-03,38.799,40.989,38.65,39.0,1648600.0
2013-10-04,38.941,38.942,37.751,38.7,724000.0
2013-10-07,38.699,38.7,37.65,37.652,744700.0
2013-10-08,37.621,37.85,37.518,37.777,714400.0
2013-10-09,37.6,37.776,36.997,37.0,860000.0
2013-10-10,37.0,37.097,36.75,36.88,1934900.0
2013-10-11,36.997,36.997,34.75,34.75,2618400.0
2013-10-14,34.771,35.49,34.752,34.823,928800.0
2013-10-15,35.393,35.398,34.777,35.0,1490700.0
2013-10-16,34.999,35.01,34.855,34.999,530500.0
2013-10-17,35.088,35.469,34.874,35.1,433000.0
2013-10-18,35.1,35.398,35.003,35.244,1079000.0
2013-10-21,35.418,35.48,35.0,35.003,366400.0
2013-10-22,35.39,35.39,34.96,34.96,270000.0
2013-10-23,34.951,34.981,34.58,34.85,778600.0
2013-10-24,34.741,35.0,34.7,34.9,1111800.0
2013-10-25,34.946,35.0,34.58,34.95,1976000.0
2013-10-28,35.097,35.799,34.995,35.25,37162300.0
2013-10-29,35.15,36.153,35.011,36.153,31558100.0
2013-10-30,36.16,38.081,36.053,37.4,29423800.0
2013-10-31,37.401,37.635,36.032,36.219,5328900.0
2013-11-01,36.37,36.8,35.7,35.951,3922500.0
2013-11-05,36.005,36.36,35.195,35.2,4852300.0
2013-11-06,35.257,36.043,35.257,36.0,4257100.0
2013-11-07,35.977,36.1,35.695,36.1,3836600.0
2013-11-08,36.0,36.116,35.828,36.1,1819100.0
2013-11-11,36.1,36.225,35.966,36.14,1104200.0
2013-11-12,36.139,36.203,35.4,35.712,1199400.0
2013-11-13,35.325,35.514,34.753,34.753,7701100.0
2013-11-14,35.0,35.489,34.9,35.484,2416300.0
2013-11-15,35.484,35.539,35.124,35.361,2790400.0
2013-11-18,35.361,35.64,35.31,35.51,1048200.0
2013-11-19,35.644,35.898,35.253,35.75,5312100.0
2013-11-20,35.552,35.797,35.3,35.648,1243200.0
2013-11-21,35.75,35.75,35.296,35.399,991600.0
2013-11-22,35.499,35.698,35.22,35.38,1012800.0
2013-11-25,35.3,35.399,35.05,35.056,601200.0
2013-11-26,35.1,35.1,34.84,34.959,1172200.0
2013-11-27,34.781,34.853,33.001,34.1,2068400.0
2013-11-28,34.1,34.398,33.934,34.25,1444200.0
2013-11-29,34.1,35.312,34.012,34.914,1513000.0
2013-12-02,34.919,35.879,34.721,35.825,2183200.0
2013-12-03,35.602,35.808,35.09,35.289,1858400.0
2013-12-04,35.15,35.389,34.765,35.049,387300.0
2013-12-05,34.801,35.293,34.801,35.123,418200.0
2013-12-06,34.806,35.499,34.806,35.445,1750500.0
2013-12-09,35.113,35.703,35.011,35.029,1447300.0
2013-12-10,35.237,35.237,34.322,34.831,1691700.0
2013-12-11,34.552,34.928,34.291,34.38,1555200.0
2013-12-12,34.2,34.206,33.112,33.19,1811500.0
2013-12-13,33.288,33.597,32.723,32.9,1574600.0
2013-12-16,33.095,33.1,32.501,32.75,2182700.0
2013-12-17,32.893,33.44,32.75,33.198,1765000.0
2013-12-18,33.23,34.168,33.111,34.05,2100900.0
2013-12-19,34.348,34.693,34.01,34.418,1474500.0
2013-12-20,34.29,34.635,34.155,34.63,856100.0
2013-12-23,34.716,34.716,34.0,34.077,1118800.0
2013-12-24,34.184,34.42,34.016,34.382,372800.0
2013-12-25,34.161,34.57,34.161,34.549,639400.0
2013-12-26,34.238,35.001,34.238,34.906,2762200.0
2013-12-27,34.854,35.05,34.68,34.8,1634500.0
2013-12-30,34.728,36.014,34.601,35.67,2256800.0
2014-01-06,35.399,35.399,33.405,33.679,1399000.0
2014-01-08,33.788,34.0,32.9,33.076,1478700.0
2014-01-09,33.289,33.39,32.201,32.75,1692600.0
2014-01-10,32.99,33.2,32.289,33.2,2950000.0
2014-01-13,33.203,33.83,33.203,33.5,1601100.0
2014-01-14,33.263,33.331,32.301,32.648,2667500.0
2014-01-15,32.772,33.07,32.099,32.267,3249500.0
2014-01-16,32.554,32.601,31.708,32.0,6621000.0
2014-01-17,32.191,32.3,31.854,32.03,3002000.0
2014-01-20,32.197,32.889,32.197,32.77,3321200.0
2014-01-21,32.872,33.761,32.872,33.7,2968900.0
2014-01-22,33.542,33.927,33.508,33.889,1987500.0
2014-01-23,33.702,35.15,33.7,35.0,3990800.0
2014-01-24,34.805,35.984,34.7,35.67,7918500.0
2014-01-27,35.301,35.803,35.018,35.75,2394900.0
2014-01-28,35.839,36.49,35.444,36.301,3140900.0
2014-01-29,36.268,36.851,34.82,35.3,4599600.0
2014-01-30,35.48,36.2,34.65,36.169,3870800.0
2014-01-31,35.844,36.98,35.839,36.5,3391700.0
2014-02-03,36.571,37.0,35.68,35.7,1589400.0
2014-02-04,35.537,35.537,34.35,34.462,4546700.0
2014-02-05,34.708,36.001,34.346,35.956,3231600.0
2014-02-06,36.088,36.78,36.088,36.77,2252300.0
2014-02-07,36.789,36.937,36.5,36.571,1394200.0
2014-02-10,36.5,36.79,36.341,36.789,1437800.0
2014-02-11,36.565,37.35,36.4,37.149,2429400.0
2014-02-12,37.35,37.394,36.554,36.994,1542900.0
2014-02-13,36.994,36.994,35.62,35.67,1180400.0
2014-02-14,35.978,36.35,35.515,36.2,2074300.0
2014-02-17,36.005,36.481,35.8,36.0,1007700.0
2014-02-18,36.0,36.197,35.82,36.16,8679000.0
2014-02-19,36.274,36.6,35.904,36.54,2177000.0
2014-02-20,36.5,36.656,35.801,36.637,1634800.0
2014-02-21,36.797,37.0,36.516,36.977,1528900.0
2014-02-24,36.823,37.099,36.82,37.001,2746500.0
2014-02-25,37.093,37.093,36.92,36.92,1735300.0
2014-02-26,36.823,37.249,36.823,37.249,2832500.0
2014-02-27,37.399,37.61,36.912,37.61,4212400.0
2014-02-28,37.74,39.499,37.407,38.73,5546400.0
2014-03-03,37.889,37.897,34.502,35.523,8738100.0
2014-03-04,35.978,37.499,35.767,37.435,5713600.0
2014-03-05,37.107,37.59,36.451,37.1,2643300.0
2014-03-06,36.7,37.602,36.7,36.998,3548300.0
2014-03-07,36.7,37.362,36.1,36.801,3347200.0
2014-03-11,36.999,37.336,36.277,37.0,2556000.0
2014-03-12,36.011,37.0,36.001,36.4,4983400.0
2014-03-13,36.5,36.7,35.123,36.2,4189600.0
2014-03-14,35.249,35.249,29.2,33.637,9596300.0
2014-03-17,33.64,35.898,33.455,33.455,5407500.0
2014-03-18,33.501,33.98,31.722,32.894,3510800.0
2014-03-19,33.001,33.775,32.844,32.998,2926700.0
2014-03-20,32.79,33.6,32.659,33.6,2416400.0
2014-03-21,32.9,34.39,32.511,34.27,2127000.0
2014-03-24,34.292,35.49,33.901,34.449,1900000.0
2014-03-25,34.693,34.805,33.22,34.208,3027000.0
2014-03-26,34.396,34.58,33.851,34.01,5901000.0
2014-03-27,33.9,34.598,33.565,34.464,3507800.0
2014-03-28,34.597,34.86,34.167,34.76,1337600.0
2014-03-31,34.752,36.744,34.5,36.063,3053000.0
2014-04-01,36.48,38.468,36.016,37.952,4530100.0
2014-04-02,37.951,38.1,37.7,38.0,1148700.0
2014-04-03,37.998,38.4,37.942,38.19,5241900.0
2014-04-04,38.142,38.401,38.04,38.3,5807600.0
2014-04-07,37.999,38.336,36.4,36.45,2513600.0
2014-04-08,36.45,37.084,36.354,36.82,2666800.0
2014-04-09,36.973,38.04,36.973,37.55,4220300.0
2014-04-10,37.602,38.225,37.602,38.203,3213200.0
2014-04-11,37.287,38.544,37.287,38.32,2294600.0
2014-04-14,38.2,38.324,37.4,37.4,2603200.0
2014-04-15,37.501,37.898,36.03,37.404,3181300.0
2014-04-16,37.496,37.518,36.794,37.12,1360400.0
2014-04-17,37.315,37.803,36.79,36.9,1488100.0
2014-04-18,37.4,37.99,36.721,36.753,1310400.0
2014-04-21,36.91,36.96,36.521,36.655,342400.0
2014-04-22,36.923,36.923,36.095,36.4,1537200.0
2014-04-23,36.689,36.689,35.51,36.0,3942800.0
2014-04-24,36.169,36.169,35.12,35.426,1863300.0
2014-04-25,35.142,36.254,35.0,35.75,4726900.0
2014-04-28,35.751,36.275,34.9,35.5,6178300.0
2014-04-29,35.701,35.881,35.201,35.3,2344400.0
2014-04-30,35.351,37.149,35.203,36.812,4018500.0
2014-05-02,36.805,36.806,35.906,36.0,3373600.0
2014-05-05,36.188,36.283,35.65,35.8,1329100.0
2014-05-06,35.998,36.332,35.806,36.0,3574600.0
2014-05-07,35.81,37.6,35.677,37.501,4689600.0
2014-05-08,37.406,37.94,37.03,37.03,1821000.0
2014-05-12,37.289,38.5,37.095,38.2,3979200.0
2014-05-13,38.45,40.099,38.401,39.8,9098200.0
2014-05-14,39.989,40.971,39.753,40.44,8408200.0
2014-05-15,40.9,41.95,39.978,40.8,18104200.0
2014-05-16,40.7,41.193,40.37,40.6,6295700.0
2014-05-19,40.772,40.772,39.055,39.055,6820800.0
2014-05-20,39.004,39.56,38.929,39.485,5033800.0
2014-05-21,39.361,39.5,38.549,39.101,11120900.0
2014-05-22,39.501,39.977,38.701,39.678,5221900.0
2014-05-23,39.699,39.7,39.299,39.5,11193400.0
2014-05-26,38.907,40.1,38.9,40.0,6671300.0
2014-05-27,39.997,40.5,38.956,39.6,12186000.0
2014-05-28,39.17,40.2,39.162,40.2,13941700.0
2014-05-29,40.397,41.73,39.943,41.317,13929500.0
2014-05-30,41.498,42.51,40.604,41.3,87649400.0
2014-06-02,41.299,43.0,40.832,42.85,8343300.0
2014-06-03,42.402,44.75,41.859,44.75,16524700.0
2014-06-04,44.889,45.197,43.651,44.01,7103500.0
2014-06-05,43.998,44.95,43.801,44.35,6146900.0
2014-06-06,44.102,44.36,41.25,41.452,16138300.0
2014-06-09,41.654,41.654,40.356,40.8,6273000.0
2014-06-10,40.989,41.5,40.358,40.65,5612300.0
2014-06-11,40.978,41.2,39.734,40.3,5963200.0
2014-06-16,40.003,41.38,38.857,40.038,16407600.0
2014-06-17,40.001,40.714,39.6,39.878,5242500.0
2014-06-18,40.041,40.586,39.926,40.459,2887100.0
2014-06-19,40.595,42.0,40.38,42.0,6850700.0
2014-06-20,41.884,42.222,40.5,41.0,6786600.0
2014-06-23,41.425,42.199,41.037,41.1,4716800.0
2014-06-24,41.373,43.489,41.342,43.4,15132100.0
2014-06-25,42.992,43.73,41.944,42.5,13904900.0
2014-06-26,42.999,43.595,41.36,42.5,6297100.0
2014-06-27,42.864,43.136,41.6,42.0,4575900.0
2014-06-30,42.236,42.245,41.031,41.8,8092500.0
2014-07-01,41.926,42.462,41.803,42.2,2682000.0
2014-07-02,42.139,44.403,42.119,44.403,3807900.0
2014-07-03,44.399,44.88,44.216,44.7,6956500.0
2014-07-04,44.756,46.0,44.151,45.0,5606100.0
2014-07-07,44.647,45.449,44.02,45.4,3122000.0
2014-07-08,45.449,49.44,45.291,45.975,5522200.0
2014-07-09,45.801,47.0,45.531,46.25,3672700.0
2014-07-10,46.488,46.758,42.66,44.0,5260100.0
2014-07-11,43.788,45.47,43.578,44.702,3253200.0
2014-07-14,44.759,45.355,44.53,44.625,3030300.0
2014-07-15,44.221,45.018,43.862,44.75,4328100.0
2014-07-16,44.26,48.0,44.26,48.0,9295600.0
2014-07-17,45.546,45.857,44.6,44.8,4181700.0
2014-07-18,44.302,46.211,42.814,46.211,3899000.0
2014-07-21,45.997,45.997,43.231,43.87,4999300.0
2014-07-22,44.052,44.788,42.15,42.215,4271800.0
2014-07-23,42.5,43.999,42.41,43.019,2447400.0
2014-07-24,42.835,44.0,42.646,44.0,3266300.0
2014-07-25,44.226,44.889,43.053,44.5,5716100.0
2014-07-28,44.269,44.723,42.58,42.652,6434000.0
2014-07-29,42.65,43.26,42.342,43.0,3943500.0
2014-07-30,42.8,45.0,42.8,43.57,5706100.0
2014-07-31,43.75,44.35,43.75,44.1,2567900.0
2014-08-01,44.014,44.661,43.872,44.0,1782800.0
2014-08-04,44.119,45.888,44.057,45.888,1917800.0
2014-08-05,45.698,45.699,44.217,44.8,6039300.0
2014-08-06,44.933,46.444,44.1,44.1,6114200.0
2014-08-07,43.513,44.462,41.481,43.87,7128300.0
2014-08-08,44.107,44.5,43.188,43.3,3363700.0
2014-08-11,44.1,44.294,42.695,42.695,3123800.0
2014-08-12,42.85,43.95,42.669,43.78,2762500.0
2014-08-13,43.842,44.55,43.582,44.48,3147300.0
2014-08-14,44.7,45.184,43.822,44.0,3797100.0
2014-08-15,44.254,44.352,43.703,44.0,2697000.0
2014-08-18,44.696,44.696,43.235,43.6,1663700.0
2014-08-19,43.654,43.893,43.081,43.299,1469900.0
2014-08-20,43.206,43.65,42.95,43.3,2140100.0
2014-08-21,43.201,43.95,43.032,43.7,2289100.0
2014-08-22,43.7,44.4,43.3,43.4,2780500.0
2014-08-25,43.796,44.394,43.488,43.5,1563700.0
2014-08-26,43.69,43.85,43.42,43.85,951200.0
2014-08-27,43.78,44.98,43.665,44.895,1556000.0
2014-08-28,44.727,44.75,43.307,43.8,3577800.0
2014-08-29,43.751,44.25,42.351,42.5,5955600.0
2014-09-01,42.497,42.75,40.05,40.05,4393600.0
2014-09-02,40.1,40.333,38.65,39.6,6440300.0
2014-09-03,39.697,41.56,39.152,41.0,13554200.0
2014-09-04,40.733,42.898,40.6,41.37,5241900.0
2014-09-05,41.717,42.237,41.239,41.59,2546300.0
2014-09-08,41.61,41.94,40.715,41.0,2528900.0
2014-09-09,40.351,41.735,40.351,41.037,1428600.0
2014-09-10,40.813,40.944,40.03,40.5,3107000.0
2014-09-11,40.51,41.147,38.592,38.592,8396600.0
2014-09-12,38.686,38.686,36.561,36.799,14210600.0
2014-09-15,36.501,37.19,35.651,36.0,9747500.0
2014-09-16,36.11,37.765,35.901,37.4,13168300.0
2014-09-17,37.373,37.8,36.053,37.155,9258400.0
2014-09-18,37.36,38.75,37.141,38.4,8964800.0
2014-09-19,38.5,38.582,37.7,38.45,5770300.0
2014-09-22,38.451,38.451,37.05,37.3,6498200.0
2014-09-23,37.3,38.397,37.3,37.519,3415900.0
2014-09-24,37.799,38.15,36.711,36.976,4889500.0
2014-09-25,37.134,37.68,36.976,37.0,3055400.0
2014-09-26,36.72,37.18,36.412,36.453,3053400.0
2014-09-29,36.44,36.866,34.5,34.83,3049400.0
2014-09-30,34.5,36.15,34.132,35.5,9788800.0
2014-10-01,35.5,36.49,35.47,36.1,2230100.0
2014-10-02,35.87,36.45,35.77,36.19,3215500.0
2014-10-03,36.42,37.03,36.15,36.4,2135200.0
2014-10-06,36.7,37.75,36.33,37.75,2763600.0
2014-10-07,37.51,39.38,37.45,38.59,5342800.0
2014-10-08,38.8,39.0,37.72,37.94,6251600.0
2014-10-09,38.53,38.87,37.9,38.67,5000900.0
2014-10-10,37.87,39.5,37.74,39.5,8252600.0
2014-10-13,39.3,40.47,39.13,40.21,3670600.0
2014-10-14,40.11,41.37,38.55,39.0,10395500.0
2014-10-15,39.02,39.78,38.11,38.7,4570900.0
2014-10-16,38.76,39.28,38.26,38.42,5709300.0
2014-10-17,38.41,39.35,38.08,39.17,1886900.0
2014-10-20,39.21,40.35,39.21,39.3,3905300.0
2014-10-21,39.23,39.23,38.0,38.6,1969300.0
2014-10-22,38.92,39.26,38.0,38.03,2631800.0
2014-10-23,37.96,38.27,37.21,38.25,3703000.0
2014-10-24,38.03,38.34,37.86,38.33,2418500.0
2014-10-27,38.48,39.03,38.11,38.22,3128500.0
2014-10-28,38.43,38.97,38.2,38.25,2245000.0
2014-10-29,38.33,38.4,37.05,37.05,3471200.0
2014-10-30,37.25,38.26,37.08,38.26,5666500.0
2014-10-31,38.4,38.85,38.11,38.5,4348100.0
2014-11-03,38.2,38.85,37.83,38.75,2988800.0
2014-11-05,38.6,39.5,38.18,39.5,4036700.0
2014-11-06,39.5,39.89,38.21,38.85,2627700.0
2014-11-07,39.05,39.8,37.5,39.52,4777900.0
2014-11-10,39.74,41.49,39.74,41.49,7099000.0
2014-11-11,41.58,43.29,41.1,42.34,6714000.0
2014-11-12,42.36,44.8,41.69,44.8,11263400.0
2014-11-13,44.75,44.8,42.5,43.5,5708200.0
2014-11-14,43.41,44.13,42.5,42.94,1879700.0
2014-11-17,42.74,43.5,42.67,43.5,2541200.0
2014-11-18,43.39,44.69,43.2,44.5,5156700.0
2014-11-19,44.21,45.0,43.75,44.95,3062700.0
2014-11-20,44.99,45.0,43.76,44.8,6251800.0
2014-11-21,44.85,45.5,44.19,45.5,4728500.0
2014-11-24,45.55,45.99,44.82,45.75,1577500.0
2014-11-25,45.58,46.35,44.72,46.0,3273300.0
2014-11-26,45.5,45.98,39.61,45.51,3558800.0
2014-11-27,45.94,46.53,44.09,45.3,3572600.0
2014-11-28,45.48,47.5,44.34,47.49,5486000.0
2014-12-01,47.3,52.23,47.02,48.91,6632400.0
2014-12-02,49.13,51.67,49.11,50.8,6535300.0
2014-12-03,50.02,51.5,50.02,51.09,2746100.0
2014-12-04,51.0,51.75,49.8,51.74,7419100.0
2014-12-05,51.11,52.66,50.8,51.95,16537000.0
2014-12-08,52.0,52.49,47.16,49.55,6877600.0
2014-12-09,49.7,49.97,47.05,48.8,8399000.0
2014-12-10,49.7,50.7,49.0,49.99,3437200.0
2014-12-11,50.0,51.0,48.1,49.5,6204900.0
2014-12-12,49.38,51.94,48.6,51.89,7277200.0
2014-12-15,51.75,54.78,51.17,53.0,9512900.0
2014-12-16,52.52,63.52,49.56,54.55,9949600.0
2014-12-17,55.99,59.99,51.8,55.8,12246700.0
2014-12-18,55.8,55.84,50.55,53.28,10220500.0
2014-12-19,52.61,55.86,51.02,55.86,6389300.0
2014-12-22,54.51,59.4,52.94,59.22,13591500.0
2014-12-23,59.22,69.46,58.4,58.4,14831000.0
2014-12-24,58.59,61.89,55.28,58.15,3380700.0
2014-12-25,57.54,58.47,55.1,57.0,6886300.0
2014-12-26,57.99,59.05,55.54,58.72,1356100.0
2014-12-29,58.01,63.98,57.83,62.49,7755400.0
2014-12-30,61.21,64.0,59.27,63.0,3408500.0
2015-01-05,63.17,64.49,58.91,60.38,4150200.0
2015-01-06,60.19,62.59,59.89,61.28,2559900.0
2015-01-08,61.46,63.55,57.54,60.2,8928600.0
2015-01-09,60.3,63.0,60.3,61.91,4548800.0
2015-01-12,61.5,63.5,61.1,63.0,2550800.0
2015-01-13,63.0,68.0,62.66,66.4,5108600.0
2015-01-14,66.99,72.08,66.7,71.7,9514700.0
2015-01-15,71.9,72.1,67.5,68.6,4624200.0
2015-01-16,68.36,70.45,67.1,69.55,2980800.0
2015-01-19,69.6,73.85,69.2,69.7,3880500.0
2015-01-20,70.15,72.2,69.5,71.0,3223100.0
2015-01-21,72.5,76.7,71.46,76.5,4487100.0
2015-01-22,76.0,77.7,74.78,77.5,6133000.0
2015-01-23,77.4,79.44,73.63,76.0,6643300.0
2015-01-26,76.11,76.94,71.27,73.45,4641800.0
2015-01-27,72.73,77.9,72.61,77.9,5496400.0
2015-01-28,77.9,83.76,75.12,75.3,12859700.0
2015-01-29,75.42,79.39,75.41,76.3,6947400.0
2015-01-30,76.57,80.26,76.57,78.49,6410800.0
2015-02-02,78.1,80.48,76.0,76.1,4942100.0
2015-02-03,76.88,82.12,76.1,82.0,9117700.0
2015-02-04,81.5,81.5,77.56,78.2,9332300.0
2015-02-05,78.8,80.09,77.1,77.42,5746100.0
2015-02-06,78.28,79.77,77.75,79.0,4515000.0
2015-02-09,79.5,81.65,77.61,78.45,6260700.0
2015-02-10,78.9,79.9,76.16,76.16,5734200.0
2015-02-11,76.81,78.0,76.01,77.15,3474700.0
2015-02-12,77.59,78.45,73.55,73.6,7406300.0
2015-02-13,74.0,75.02,70.27,73.35,11553700.0
2015-02-16,73.4,74.97,71.17,72.5,4912200.0
2015-02-17,72.55,73.96,70.5,72.4,5643100.0
2015-02-18,72.69,74.0,71.21,73.48,5437000.0
2015-02-19,73.5,75.0,72.0,75.0,5003300.0
2015-02-20,75.31,75.93,74.5,75.7,2718400.0
2015-02-24,73.99,76.38,73.0,73.87,2608200.0
2015-02-25,73.61,74.0,70.6,73.0,4781700.0
2015-02-26,74.0,74.4,68.2,70.12,6489400.0
2015-02-27,69.5,70.46,67.32,68.5,7060700.0
2015-03-02,68.42,71.0,68.06,68.95,7372500.0
2015-03-03,68.91,72.44,68.41,72.05,12463900.0
2015-03-04,71.87,74.85,71.07,73.95,4314400.0
2015-03-05,74.18,76.95,72.83,74.41,10834700.0
2015-03-06,74.63,75.51,72.91,74.5,4113100.0
2015-03-10,73.99,76.97,73.03,74.55,8614300.0
2015-03-11,75.48,76.48,73.84,75.0,6816700.0
2015-03-12,75.0,77.5,74.01,75.0,5828800.0
2015-03-13,75.65,77.25,75.21,76.12,5487000.0
2015-03-16,76.53,80.97,76.17,79.61,12956500.0
2015-03-17,80.28,84.1,79.87,82.8,16457600.0
2015-03-18,83.28,83.89,79.0,79.5,19942200.0
2015-03-19,79.81,79.99,76.5,77.0,16895600.0
2015-03-20,76.6,79.45,75.18,78.0,89071600.0
2015-03-23,78.5,78.6,74.01,74.9,11249600.0
2015-03-24,74.9,75.95,73.05,75.5,8876400.0
2015-03-25,75.5,75.95,72.54,73.6,4109700.0
2015-03-26,73.75,73.81,68.05,70.2,14348700.0
2015-03-27,70.66,73.29,68.75,70.23,10117100.0
2015-03-30,70.4,72.13,70.1,71.31,5553700.0
2015-03-31,71.47,72.79,69.75,72.0,6334600.0
2015-04-01,71.6,73.32,70.73,73.0,4689500.0
2015-04-02,73.1,74.02,72.32,73.61,3605900.0
2015-04-03,73.5,74.19,72.41,72.41,1518200.0
2015-04-06,73.16,73.57,72.75,72.82,1109400.0
2015-04-07,72.89,73.26,70.61,70.99,4659000.0
2015-04-08,70.77,71.0,68.21,69.0,6158300.0
2015-04-09,69.19,69.49,64.16,65.5,8304200.0
2015-04-10,65.17,65.95,63.12,65.2,11186700.0
2015-04-13,65.5,66.0,62.02,62.02,8525800.0
2015-04-14,62.7,65.25,62.65,64.5,8296400.0
2015-04-15,64.23,64.7,62.95,63.84,9763400.0
2015-04-16,63.98,65.02,62.56,64.85,8639900.0
2015-04-17,64.76,65.75,63.65,63.8,6965800.0
2015-04-20,64.18,67.3,64.01,66.33,11430100.0
2015-04-21,66.87,68.39,66.87,67.62,8050300.0
2015-04-22,68.14,68.49,67.22,67.8,9176200.0
2015-04-23,67.95,68.11,65.85,65.85,11614400.0
2015-04-24,65.9,66.63,64.47,66.25,7195500.0
2015-04-27,66.24,68.0,65.71,67.14,9852300.0
2015-04-28,67.27,67.85,67.0,67.72,4118600.0
2015-04-29,67.52,68.66,67.07,67.8,5784300.0
2015-04-30,67.8,68.55,67.2,68.39,3990500.0
2015-05-05,68.35,71.75,63.13,71.75,7676700.0
2015-05-06,71.51,72.11,68.72,69.5,5135000.0
2015-05-07,69.41,69.87,67.68,69.0,4669300.0
2015-05-08,68.77,69.96,66.81,68.13,7441600.0
2015-05-12,68.2,69.15,66.24,69.15,6112200.0
2015-05-13,69.1,69.55,67.64,69.0,2811800.0
2015-05-14,69.0,69.35,65.55,66.49,3720100.0
2015-05-15,66.71,67.31,65.8,66.7,2984400.0
2015-05-18,66.89,66.89,65.26,66.4,3155100.0
2015-05-19,66.11,67.1,65.9,66.45,4613600.0
2015-05-20,66.79,66.95,64.34,65.34,5459800.0
2015-05-21,65.42,67.25,64.88,66.6,4045800.0
2015-05-22,66.66,68.25,66.03,67.0,3869700.0
2015-05-25,66.85,68.0,66.5,67.16,2402700.0
2015-05-26,67.52,68.2,65.0,65.7,5791300.0
2015-05-27,65.88,67.55,65.53,66.53,4328200.0
2015-05-28,66.6,69.0,66.6,68.74,4483000.0
2015-05-29,68.56,69.25,63.25,63.25,12200200.0
2015-06-01,64.5,66.76,63.99,64.4,5895300.0
2015-06-02,64.87,65.3,62.13,62.74,11201900.0
2015-06-03,63.09,63.09,60.5,60.5,9502900.0
2015-06-04,60.84,62.63,60.61,61.68,9945000.0
2015-06-05,62.1,63.14,62.01,62.94,5225300.0
2015-06-08,63.3,64.48,63.09,63.78,3579900.0
2015-06-09,63.8,64.26,62.8,63.71,4399600.0
2015-06-10,63.78,64.04,62.5,63.8,3351500.0
2015-06-11,63.37,63.98,62.01,62.01,4252800.0
2015-06-15,62.48,62.64,61.05,62.31,4552700.0
2015-06-16,62.15,62.63,61.12,61.2,4736600.0
2015-06-17,61.5,61.77,60.09,61.31,4790700.0
2015-06-18,61.63,61.96,60.7,61.96,2811800.0
2015-06-19,61.56,62.49,61.56,62.49,2528700.0
2015-06-22,62.39,63.2,62.2,62.91,1730700.0
2015-06-23,63.06,64.23,62.45,63.2,4696800.0
2015-06-24,63.98,64.0,62.62,64.0,4305500.0
2015-06-25,63.63,63.65,62.7,62.8,3932800.0
2015-06-26,63.2,63.5,62.8,63.45,2716000.0
2015-06-29,62.86,64.15,62.29,63.78,4923600.0
2015-06-30,63.99,64.1,62.7,63.0,7878200.0
2015-07-01,63.02,63.88,62.9,63.2,4343600.0
2015-07-02,63.55,64.2,63.32,63.37,4909400.0
2015-07-03,63.6,64.2,63.35,64.1,3774400.0
2015-07-06,64.06,67.5,63.79,67.41,9728800.0
2015-07-07,67.41,69.42,66.82,68.15,12982500.0
2015-07-08,68.25,68.69,66.07,68.2,14190800.0
2015-07-09,68.34,70.35,68.0,70.0,7998700.0
2015-07-10,70.4,73.37,70.4,72.3,12546100.0
2015-07-13,72.35,74.5,72.35,73.45,8368600.0
2015-07-14,72.56,73.19,70.79,70.79,5438000.0
2015-07-15,70.55,72.45,69.41,70.24,7184700.0
2015-07-16,70.09,72.59,69.8,72.06,6922000.0
2015-07-17,72.32,72.36,70.1,71.1,5875900.0
2015-07-20,71.0,73.69,71.0,72.97,7641100.0
2015-07-21,72.96,73.95,71.8,72.4,8492200.0
2015-07-22,72.21,73.1,71.51,72.39,10837200.0
2015-07-23,72.05,72.29,70.02,70.1,6203000.0
2015-07-24,70.21,70.7,66.0,66.7,13916900.0
2015-07-27,66.5,67.74,66.15,66.21,7086000.0
2015-07-28,66.28,66.71,65.33,65.73,5840600.0
2015-07-29,66.55,66.58,65.85,66.0,2904900.0
2015-07-30,66.07,67.77,65.95,67.77,5444300.0
2015-07-31,67.22,71.6,66.72,71.2,10071900.0
2015-08-03,70.84,73.95,70.78,73.49,7153500.0
2015-08-04,73.49,73.98,71.4,71.95,5666700.0
2015-08-05,71.9,73.06,71.22,73.06,3510100.0
2015-08-06,73.03,73.95,72.71,73.05,5499800.0
2015-08-07,73.01,73.74,72.87,73.01,3354500.0
2015-08-10,73.04,74.0,72.87,73.21,5097900.0
2015-08-11,73.25,73.72,72.59,73.49,3897600.0
2015-08-12,73.14,73.88,72.55,73.88,2546500.0
2015-08-13,73.9,74.09,71.3,72.52,4442000.0
2015-08-14,72.27,72.3,69.7,69.73,6803700.0
2015-08-17,69.8,69.8,67.1,67.96,10385800.0
2015-08-18,67.97,68.17,67.05,67.05,3812000.0
2015-08-19,67.2,67.49,65.2,65.69,6936000.0
2015-08-20,65.93,66.5,65.05,65.48,8512500.0
2015-08-21,65.25,66.43,64.03,65.5,13649300.0
2015-08-24,63.35,64.84,63.0,63.8,13594000.0
2015-08-25,64.06,65.0,63.24,63.24,8252900.0
2015-08-26,63.4,65.31,62.08,64.61,11560000.0
2015-08-27,65.5,65.92,63.25,63.39,10141300.0
2015-08-28,63.88,65.44,63.52,64.1,12007600.0
2015-08-31,64.4,66.07,63.82,65.0,12143400.0
2015-09-01,65.34,66.82,65.22,66.49,14196600.0
2015-09-02,66.2,67.03,65.9,65.9,5790300.0
2015-09-03,66.44,66.54,64.39,65.2,7698200.0
2015-09-04,65.04,65.58,63.85,64.02,6111000.0
2015-09-07,64.02,64.6,62.85,63.05,6994100.0
2015-09-08,63.35,63.84,62.9,63.02,5492600.0
2015-09-09,63.35,63.37,62.35,62.91,5149200.0
2015-09-10,63.06,64.8,62.8,64.5,9006700.0
2015-09-11,64.69,65.12,64.1,64.85,3909000.0
2015-09-14,64.85,64.96,63.25,63.5,8226900.0
2015-09-15,63.64,63.64,62.13,62.3,7346100.0
2015-09-16,62.42,62.8,60.27,60.78,19408100.0
2015-09-17,61.01,61.78,60.31,61.05,7930100.0
2015-09-18,61.29,61.91,60.4,61.91,6841300.0
2015-09-21,61.2,61.9,60.81,60.81,3440200.0
2015-09-22,61.31,61.31,60.05,60.65,4612400.0
2015-09-23,60.7,60.7,58.12,59.15,10503300.0
2015-09-24,59.16,59.39,56.25,57.51,10270900.0
2015-09-25,57.52,58.12,55.56,55.9,12225400.0
2015-09-28,55.91,56.9,53.12,53.5,11171800.0
2015-09-29,53.48,55.04,52.32,54.77,7001500.0
2015-09-30,54.89,58.0,54.8,57.97,15459900.0
2015-10-01,58.08,59.24,56.74,56.92,10194000.0
2015-10-02,57.01,57.96,56.16,57.44,4775500.0
2015-10-05,57.94,58.77,57.72,58.55,4445300.0
2015-10-06,58.61,60.43,58.31,59.23,11226900.0
2015-10-07,59.46,60.03,58.8,59.66,6298200.0
2015-10-08,59.4,59.79,58.56,59.19,3903100.0
2015-10-09,59.19,59.65,58.58,59.1,4604000.0
2015-10-12,58.94,59.46,57.55,57.55,4852700.0
2015-10-13,57.55,59.0,57.08,59.0,4938900.0
2015-10-14,59.0,59.29,58.23,59.0,3136000.0
2015-10-15,58.3,58.61,56.86,57.96,11591300.0
2015-10-16,58.08,58.72,56.06,56.06,9312200.0
2015-10-19,56.12,57.18,56.12,56.8,5841400.0
2015-10-20,56.91,57.35,55.01,56.0,11312700.0
2015-10-21,55.51,56.12,54.36,54.92,8085400.0
2015-10-22,54.89,55.76,53.53,54.5,10526900.0
2015-10-23,54.56,55.9,54.0,55.9,8522700.0
2015-10-26,56.05,56.2,54.08,54.4,6164900.0
2015-10-27,54.67,54.67,52.81,54.44,12737300.0
2015-10-28,54.31,54.36,53.15,53.89,5214700.0
2015-10-29,53.6,53.82,52.61,52.7,6045700.0
2015-10-30,52.7,52.95,51.4,51.4,7033800.0
2015-11-02,51.35,52.19,50.3,51.38,6971400.0
2015-11-03,51.64,54.42,51.32,53.03,19376500.0
2015-11-05,53.55,54.74,52.2,52.2,9924100.0
2015-11-06,52.46,54.1,51.25,52.22,14786200.0
2015-11-09,52.25,52.8,51.51,52.09,7074200.0
2015-11-10,52.0,52.05,50.92,51.59,6263400.0
2015-11-11,51.88,52.19,51.25,51.4,5439400.0
2015-11-12,51.5,52.5,51.01,51.2,8327500.0
2015-11-13,51.22,51.29,50.72,50.81,3883600.0
2015-11-16,50.88,51.45,50.61,51.05,6884100.0
2015-11-17,51.11,52.84,51.02,52.6,8184600.0
2015-11-18,52.7,53.73,51.85,53.01,10102400.0
2015-11-19,53.28,54.3,53.24,53.95,9616800.0
2015-11-20,53.95,54.19,53.55,53.6,4903600.0
2015-11-23,53.87,55.29,53.2,54.88,11115200.0
2015-11-24,54.98,55.32,52.21,53.2,12204000.0
2015-11-25,53.48,54.95,53.15,54.46,9923000.0
2015-11-26,54.27,55.1,54.03,54.56,4841300.0
2015-11-27,54.2,54.55,52.67,52.72,5655200.0
2015-11-30,52.8,53.0,51.02,52.18,15711800.0
2015-12-01,52.3,52.38,51.1,51.49,7170700.0
2015-12-02,51.87,52.1,51.1,51.55,4841200.0
2015-12-03,51.3,52.34,51.17,51.97,3765200.0
2015-12-04,51.91,52.5,51.0,52.13,6127700.0
2015-12-07,52.15,52.15,50.3,50.5,8687600.0
2015-12-08,50.3,50.48,48.56,48.96,10361200.0
2015-12-09,49.01,50.29,48.42,49.8,6557800.0
2015-12-10,49.49,50.17,48.83,49.55,4538000.0
2015-12-11,49.6,51.03,49.55,50.5,6877200.0
2015-12-14,50.67,53.33,50.43,53.28,18880400.0
2015-12-15,53.32,56.25,53.05,56.0,26517100.0
2015-12-16,56.14,57.6,54.61,55.73,19872000.0
2015-12-17,56.0,56.74,55.11,56.74,11111300.0
2015-12-18,56.69,57.7,54.9,57.6,17293600.0
2015-12-21,57.7,57.87,56.66,56.92,5954000.0
2015-12-22,57.1,57.38,55.56,56.99,6540400.0
2015-12-23,56.99,57.45,55.9,57.35,3913200.0
2015-12-24,57.4,57.75,56.8,57.02,3865900.0
2015-12-25,57.02,57.05,56.0,56.42,2681100.0
2015-12-28,56.47,56.47,53.4,54.23,13929200.0
2015-12-29,54.23,55.39,54.1,55.0,2698700.0
2015-12-30,55.06,56.85,55.05,55.94,11554000.0
2016-01-04,56.0,56.78,55.2,55.21,1543200.0
2016-01-05,55.27,57.8,54.66,57.8,4999400.0
2016-01-06,57.5,58.9,56.86,57.69,5419400.0
2016-01-11,56.9,57.28,55.63,56.11,6820900.0
2016-01-12,56.06,58.4,55.5,58.34,6497200.0
2016-01-13,58.49,59.18,57.17,57.61,7262700.0
2016-01-14,57.54,58.46,56.15,57.26,5655400.0
2016-01-15,56.89,58.04,53.62,53.9,12325600.0
2016-01-18,53.06,54.09,52.33,53.31,7682400.0
2016-01-19,53.89,55.45,53.45,54.09,8807200.0
2016-01-20,53.3,55.29,53.2,55.0,7683200.0
2016-01-21,55.06,57.3,54.75,56.72,9341000.0
2016-01-22,57.0,57.91,55.62,57.1,7874400.0
2016-01-25,57.2,57.69,55.77,56.66,5060500.0
2016-01-26,56.41,60.1,55.86,59.79,16530300.0
2016-01-27,59.9,61.29,59.06,60.6,13633600.0
2016-01-28,60.75,61.95,60.11,61.3,12134000.0
2016-01-29,61.49,61.73,59.55,61.73,11188700.0
2016-02-01,61.7,62.47,60.22,62.0,9891300.0
2016-02-02,62.28,65.98,61.93,64.81,24290400.0
2016-02-03,64.87,65.8,63.8,65.55,12494400.0
2016-02-04,67.22,68.75,66.02,68.37,19310900.0
2016-02-05,68.56,68.68,65.79,66.6,11100000.0
2016-02-08,66.6,67.4,64.55,64.9,9438800.0
2016-02-09,64.9,65.5,62.51,63.2,10755900.0
2016-02-10,62.81,63.9,61.6,62.3,11619700.0
2016-02-11,62.38,64.69,61.83,64.0,12229600.0
2016-02-12,64.42,67.36,63.78,67.32,17049400.0
2016-02-15,67.56,69.44,66.56,69.19,16894400.0
2016-02-16,69.21,70.95,68.87,70.95,17048500.0
2016-02-17,70.98,72.52,68.8,69.0,21538800.0
2016-02-18,68.88,70.35,67.25,68.29,18898900.0
2016-02-19,68.03,68.97,67.52,68.6,6096800.0
2016-02-20,68.61,69.85,68.61,69.19,2525200.0
2016-02-22,69.58,70.42,68.63,70.35,3784600.0
2016-02-24,70.03,71.81,69.62,71.3,11578800.0
2016-02-25,71.87,71.88,69.75,70.52,9592000.0
2016-02-26,70.68,71.45,69.0,69.4,10376800.0
2016-02-29,69.34,71.09,68.7,69.5,11765500.0
2016-03-01,69.69,70.78,69.3,70.75,7944800.0
2016-03-02,70.88,72.16,70.21,71.46,12216400.0
2016-03-03,71.45,71.87,70.54,71.72,6378400.0
2016-03-04,71.8,72.42,71.33,72.25,7987300.0
2016-03-07,72.25,73.09,71.88,72.95,7634000.0
2016-03-09,72.6,72.8,71.0,71.0,6810500.0
2016-03-10,71.06,71.64,70.0,70.75,7406100.0
2016-03-11,70.99,72.0,70.41,70.65,8224500.0
2016-03-14,70.95,71.19,69.6,70.45,6480300.0
2016-03-15,70.59,70.98,69.78,70.03,9629500.0
2016-03-16,70.38,70.68,69.86,70.0,5768300.0
2016-03-17,70.99,71.6,70.25,71.0,7821000.0
2016-03-18,71.15,71.5,70.13,70.17,13057100.0
2016-03-21,70.19,71.35,69.87,71.06,24090900.0
2016-03-22,71.21,71.85,70.31,70.85,38484900.0
2016-03-23,70.76,71.45,69.88,71.2,15756100.0
2016-03-24,71.2,71.34,70.26,70.68,6468300.0
2016-03-25,70.68,70.94,70.15,70.36,3227400.0
2016-03-28,70.37,70.74,68.1,68.93,8569400.0
2016-03-29,69.17,69.64,68.16,69.24,8878400.0
2016-03-30,69.65,70.22,69.17,70.0,6163900.0
2016-03-31,69.9,70.12,69.31,69.6,8404700.0
2016-04-01,69.6,70.48,69.32,70.3,7366300.0
2016-04-04,70.45,70.75,69.78,70.2,5212500.0
2016-04-05,70.17,70.18,69.4,70.1,4473300.0
2016-04-06,69.5,70.28,69.5,70.15,6985300.0
2016-04-07,70.15,70.35,69.89,70.1,4047900.0
2016-04-08,70.29,73.35,69.87,71.89,14476200.0
2016-04-11,72.02,72.95,71.24,71.7,8634300.0
2016-04-12,71.87,72.59,71.4,71.75,8431500.0
2016-04-13,72.28,72.28,70.77,71.2,9820500.0
2016-04-14,71.0,72.0,69.13,71.6,14168300.0
2016-04-15,71.41,71.7,70.78,71.45,3804000.0
2016-04-18,70.71,71.45,69.66,70.76,6480200.0
2016-04-19,70.9,73.79,70.32,73.7,14653200.0
2016-04-20,73.7,76.44,73.05,75.76,15655700.0
2016-04-21,76.05,77.1,73.33,75.08,9671900.0
2016-04-22,75.0,75.12,73.7,75.0,6746800.0
2016-04-25,74.5,75.23,73.5,74.81,6704600.0
2016-04-26,75.2,75.49,73.74,74.2,7346400.0
2016-04-27,74.02,74.49,72.85,74.16,7380900.0
2016-04-28,74.49,74.6,73.51,74.32,4035100.0
2016-04-29,74.26,74.37,71.56,73.9,4376600.0
2016-05-04,73.31,74.65,72.56,73.55,9184900.0
2016-05-05,73.63,73.65,71.18,72.6,7068800.0
2016-05-06,72.6,72.89,71.7,72.64,3677600.0
2016-05-10,72.47,72.64,71.56,72.5,4067200.0
2016-05-11,72.08,73.5,72.0,72.62,3670000.0
2016-05-12,72.5,74.09,72.2,73.08,4713700.0
2016-05-13,72.88,73.49,71.78,73.49,4086700.0
2016-05-16,73.45,76.99,73.4,76.22,13568000.0
2016-05-17,76.34,77.79,75.52,76.55,8928600.0
2016-05-18,76.65,78.0,76.11,78.0,4790600.0
2016-05-19,77.88,79.0,76.31,76.55,5035000.0
2016-05-20,76.66,77.18,73.53,73.59,9865300.0
2016-05-23,74.01,74.43,72.77,73.15,4347400.0
2016-05-24,72.49,75.23,72.46,73.78,8236800.0
2016-05-25,74.11,74.78,71.3,71.75,6264300.0
2016-05-26,72.0,72.36,70.08,70.54,7007200.0
2016-05-27,70.89,71.67,70.56,71.5,4629800.0
2016-05-30,71.86,73.1,71.65,72.96,2842000.0
2016-05-31,74.4,74.49,70.45,70.45,9956000.0
2016-06-01,70.69,71.7,70.5,70.9,5082000.0
2016-06-02,70.7,71.0,69.38,69.7,9107100.0
2016-06-03,69.99,71.28,69.41,69.81,3312000.0
2016-06-06,70.28,70.43,68.95,69.3,6446400.0
2016-06-07,69.47,71.46,69.37,71.46,10592700.0
2016-06-08,71.5,74.0,71.13,73.08,10832600.0
2016-06-09,73.49,73.78,72.61,73.11,4433900.0
2016-06-10,73.0,73.1,70.2,70.7,7206300.0
2016-06-14,70.86,71.77,69.43,70.0,8459400.0
2016-06-15,70.08,70.3,68.09,68.95,11314800.0
2016-06-16,68.6,71.5,68.54,70.75,11602700.0
2016-06-17,71.38,72.3,70.86,71.68,8575900.0
2016-06-20,72.08,73.2,71.61,72.94,7344700.0
2016-06-21,73.0,73.5,71.56,73.11,4188900.0
2016-06-22,73.1,73.3,70.82,71.5,5098100.0
2016-06-23,71.12,72.22,70.51,71.42,3808400.0
2016-06-24,69.42,72.31,68.24,72.15,4821800.0
2016-06-27,72.3,72.39,69.9,70.0,3797500.0
2016-06-28,70.76,71.35,69.42,69.9,8125500.0
2016-06-29,70.18,70.67,69.29,69.5,7579000.0
2016-06-30,69.52,70.2,68.76,69.29,6390500.0
2016-07-01,69.15,69.53,68.35,68.5,3225400.0
2016-07-04,68.9,70.0,68.31,69.5,15796200.0
2016-07-05,70.0,70.2,69.21,69.6,8190300.0
2016-07-06,69.97,69.98,68.6,68.71,11761200.0
2016-07-07,68.96,68.99,67.0,67.63,19238600.0
2016-07-08,67.72,68.6,67.16,67.55,15259700.0
2016-07-11,68.47,69.55,67.8,67.86,25578000.0
2016-07-12,68.1,69.49,67.8,69.18,16446300.0
2016-07-13,69.28,71.79,69.24,71.2,34689800.0
2016-07-14,71.95,72.77,69.8,70.99,53524000.0
2016-07-15,70.5,71.23,70.17,70.5,18038700.0
2016-07-18,69.1,70.17,68.17,69.0,15265800.0
2016-07-19,68.93,70.83,68.34,70.83,13083300.0
2016-07-20,70.79,71.05,69.56,70.0,10493300.0
2016-07-21,70.2,70.92,69.86,70.0,32302300.0
2016-07-22,70.29,70.5,69.36,70.01,17260300.0
2016-07-25,70.02,70.55,69.71,70.29,13372000.0
2016-07-26,70.26,70.5,70.01,70.48,7955600.0
2016-07-27,70.46,70.87,70.25,70.7,7590600.0
2016-07-28,70.67,71.6,70.26,71.6,11251100.0
2016-07-29,71.91,72.55,71.25,71.25,6938100.0
2016-08-01,71.46,72.1,70.8,70.94,6503400.0
2016-08-02,71.34,71.72,69.7,70.89,11549800.0
2016-08-03,71.15,72.0,70.73,71.99,12303800.0
2016-08-04,72.1,72.98,71.89,72.98,11719100.0
2016-08-05,72.99,73.5,72.37,73.5,7736200.0
2016-08-08,73.67,74.2,73.0,74.2,6189800.0
2016-08-09,74.05,74.53,73.8,74.19,13335300.0
2016-08-10,74.25,74.25,73.51,73.99,4859800.0
2016-08-11,73.95,74.05,72.53,73.2,3548800.0
2016-08-12,73.1,73.89,72.81,73.4,4495500.0
2016-08-15,73.59,74.12,73.31,73.73,4133900.0
2016-08-16,73.7,74.0,73.34,74.0,2844800.0
2016-08-17,73.94,76.0,73.88,76.0,17652000.0
2016-08-18,76.01,76.24,75.05,75.39,10022800.0
2016-08-19,75.49,75.89,74.63,74.65,4687100.0
2016-08-22,74.6,75.5,74.02,75.45,8785300.0
2016-08-23,75.02,75.48,74.32,75.48,5148100.0
2016-08-24,75.16,75.47,74.51,75.27,4097100.0
2016-08-25,74.9,75.5,74.2,75.4,6407200.0
2016-08-26,75.5,75.6,72.61,73.0,10012000.0
2016-08-29,73.95,74.58,73.33,73.85,6609500.0
2016-08-30,73.97,76.45,73.7,75.61,11535800.0
2016-08-31,76.09,76.8,75.15,75.3,15731300.0
2016-09-01,75.58,76.39,75.46,75.7,7009400.0
2016-09-02,76.35,76.75,74.7,76.53,10606700.0
2016-09-05,76.8,78.19,76.55,77.95,7368100.0
2016-09-06,77.97,81.25,77.8,81.25,18165000.0
2016-09-07,81.47,81.72,80.22,80.37,14518300.0
2016-09-08,80.31,81.0,79.23,80.33,8952000.0
2016-09-09,80.12,83.15,79.71,82.44,9700000.0
2016-09-12,82.2,82.8,80.4,80.78,16848000.0
2016-09-13,80.89,81.9,80.7,81.14,8403400.0
2016-09-14,81.96,84.35,81.14,84.0,11652800.0
2016-09-15,83.72,85.68,82.97,84.41,8714000.0
2016-09-16,84.5,84.97,83.0,84.69,8763700.0
2016-09-19,84.11,86.7,84.11,86.25,8640600.0
2016-09-20,86.6,86.7,85.62,86.6,11920100.0
2016-09-21,86.5,86.99,85.02,85.58,5825200.0
2016-09-22,85.9,86.7,85.1,86.7,9452700.0
2016-09-23,86.68,88.97,86.29,88.97,11970200.0
2016-09-26,88.51,92.0,88.2,89.99,12358700.0
2016-09-27,90.5,91.43,86.34,87.0,11767700.0
2016-09-28,87.04,88.78,84.35,86.2,15493700.0
2016-09-29,87.0,87.98,86.12,86.8,9251800.0
2016-09-30,86.3,87.5,83.73,86.6,14394500.0
2016-10-03,86.95,88.47,86.15,86.7,8281000.0
2016-10-04,86.7,88.97,86.26,88.6,8916200.0
2016-10-05,89.09,89.96,87.63,88.6,11748200.0
2016-10-06,88.17,92.6,88.17,92.48,17534600.0
2016-10-07,92.49,95.2,92.49,94.3,18766100.0
2016-10-10,94.62,95.48,90.8,91.55,14453800.0
2016-10-11,91.59,93.26,91.1,91.83,9405500.0
2016-10-12,91.91,91.99,90.04,90.51,11969200.0
2016-10-13,90.11,90.34,86.39,87.01,19360100.0
2016-10-14,87.03,88.32,86.38,86.98,9056500.0
2016-10-17,85.12,89.19,85.12,88.29,10473000.0
2016-10-18,88.5,89.34,86.75,87.4,12327900.0
2016-10-19,87.61,87.99,86.76,87.44,5881500.0
2016-10-20,87.14,87.78,86.05,87.0,5477900.0
2016-10-21,86.99,88.15,86.65,87.27,11284800.0
2016-10-24,87.22,87.78,85.29,86.62,7187100.0
2016-10-25,87.65,89.93,87.44,87.75,14675600.0
2016-10-26,87.81,88.0,87.0,87.34,6254800.0
2016-10-27,87.34,87.84,86.4,87.49,3862400.0
2016-10-28,87.78,89.64,86.83,89.0,6308300.0
2016-10-31,89.22,89.29,87.7,88.6,8692700.0
2016-11-01,89.0,89.61,88.48,88.8,8178600.0
2016-11-02,88.71,88.8,87.02,87.02,4229400.0
2016-11-03,86.65,87.3,84.7,84.75,10080200.0
2016-11-07,85.05,86.38,81.55,81.61,19535300.0
2016-11-08,82.42,84.1,80.16,82.0,30845400.0
2016-11-09,80.38,83.91,80.05,82.3,32590500.0
2016-11-10,82.9,85.79,82.33,84.54,39829500.0
2016-11-11,85.0,88.34,82.9,87.12,23485100.0
2016-11-14,88.0,88.97,86.5,88.4,13485500.0
2016-11-15,88.83,90.41,87.29,89.0,17210800.0
2016-11-16,89.45,90.14,87.55,88.18,10208800.0
2016-11-17,88.41,88.66,86.23,88.01,11977400.0
2016-11-18,88.49,89.49,86.81,88.52,8507900.0
2016-11-21,90.1,90.8,87.75,87.75,11264200.0
2016-11-22,88.4,89.85,87.58,89.34,9002400.0
2016-11-23,89.92,89.96,88.88,89.75,5858200.0
2016-11-24,89.9,91.69,89.66,91.0,14391400.0
2016-11-25,91.5,91.5,86.52,89.7,26091800.0
2016-11-28,89.7,91.31,89.53,90.75,9159000.0
2016-11-29,91.19,91.19,88.5,88.61,8046000.0
2016-11-30,89.0,93.74,88.91,92.49,24906300.0
2016-12-01,93.17,94.2,92.11,92.8,11774900.0
2016-12-02,92.6,93.39,91.5,92.7,10517000.0
2016-12-05,92.89,94.74,92.47,94.12,9004900.0
2016-12-06,94.59,94.59,93.23,93.23,13098300.0
2016-12-07,93.45,93.83,91.02,91.26,17164500.0
2016-12-08,91.3,92.48,89.62,91.59,22874100.0
2016-12-09,91.73,92.5,90.74,92.0,14356900.0
2016-12-12,93.59,95.05,92.5,95.0,23177900.0
2016-12-13,95.13,99.0,94.88,98.7,37143000.0
2016-12-14,98.6,100.3,96.58,99.45,17615700.0
2016-12-15,99.21,100.08,97.31,99.0,24340800.0
2016-12-16,99.06,100.4,97.41,97.41,32405000.0
2016-12-19,98.15,98.74,97.41,97.48,6623700.0
2016-12-20,97.48,98.0,96.05,97.65,11374800.0
2016-12-21,97.12,98.01,96.64,97.6,6630800.0
2016-12-22,97.17,97.94,96.11,96.95,8214000.0
2016-12-23,96.61,97.1,95.27,95.68,4578800.0
2016-12-26,96.0,97.4,95.22,97.09,1859300.0
2016-12-27,97.26,97.61,96.07,96.19,2936500.0
2016-12-28,96.19,98.66,96.12,96.24,4905200.0
2016-12-29,96.3,97.05,95.42,96.1,2922700.0
2016-12-30,96.34,97.43,95.7,97.43,4324500.0
2017-01-03,97.5,102.3,97.16,100.54,16951400.0
2017-01-04,100.74,101.27,100.06,101.1,7765200.0
2017-01-05,101.48,101.84,100.2,101.25,7214000.0
2017-01-06,101.58,103.38,99.28,100.66,8298000.0
2017-01-09,101.16,102.58,98.63,99.07,8965800.0
2017-01-10,99.4,102.0,99.01,101.99,11264000.0
2017-01-11,101.99,103.42,96.4,96.4,23822600.0
2017-01-12,98.38,101.95,98.16,101.95,14576900.0
2017-01-13,101.55,102.39,99.71,101.85,9134800.0
2017-01-16,101.3,102.12,99.8,101.0,5341500.0
2017-01-17,101.45,101.45,99.26,99.3,7324500.0
2017-01-18,99.48,102.1,98.96,100.85,10538200.0
2017-01-19,101.2,101.98,99.55,100.45,7070600.0
2017-01-20,100.44,100.45,97.68,99.7,11395400.0
2017-01-23,99.78,102.12,98.8,102.0,11993100.0
2017-01-24,101.99,106.9,101.55,104.81,37487700.0
2017-01-25,105.12,106.8,103.7,103.7,12182700.0
2017-01-26,104.49,105.84,103.53,104.62,8761400.0
2017-01-27,104.63,108.55,104.14,107.52,29581600.0
2017-01-30,107.59,107.83,104.8,107.49,12770200.0
2017-01-31,107.26,107.55,105.25,105.7,13602600.0
2017-02-01,106.25,106.34,104.52,105.44,8320200.0
2017-02-02,105.5,105.79,103.08,103.86,10586600.0
2017-02-03,103.89,104.98,102.76,104.85,8313200.0
2017-02-06,104.8,105.67,103.68,104.2,9141100.0
2017-02-07,104.24,106.25,104.03,105.59,11067600.0
2017-02-08,105.5,106.0,103.7,104.8,4680800.0
2017-02-09,104.56,105.0,102.05,103.88,11485800.0
2017-02-10,104.01,104.21,102.11,103.5,5176100.0
2017-02-13,103.33,103.78,100.54,101.5,9865700.0
2017-02-14,101.6,101.69,98.21,99.3,18061300.0
2017-02-15,99.22,101.15,97.8,98.94,11474300.0
2017-02-16,99.38,101.4,98.54,101.4,8583000.0
2017-02-17,101.4,101.72,98.75,99.0,9611300.0
2017-02-20,98.83,99.75,96.73,99.7,11744500.0
2017-02-21,99.95,100.61,97.17,97.5,13797800.0
2017-02-22,97.87,99.21,95.31,96.21,19240200.0
2017-02-24,95.88,96.29,93.25,94.75,15590900.0
2017-02-27,94.8,95.5,92.5,93.45,11400700.0
2017-02-28,93.45,94.0,90.0,92.06,16138100.0
2017-03-01,92.37,94.57,92.36,94.47,11939200.0
2017-03-02,94.81,96.7,93.36,94.0,13623400.0
2017-03-03,93.59,95.97,92.5,95.85,9103000.0
2017-03-06,95.75,96.15,93.6,94.39,10862400.0
2017-03-07,94.39,94.48,90.37,91.9,16880100.0
2017-03-09,90.72,91.74,88.5,88.99,21842700.0
2017-03-10,89.11,89.79,85.7,86.0,18735300.0
2017-03-13,86.0,88.2,85.31,87.99,12155600.0
2017-03-14,87.99,89.37,87.15,87.85,9221400.0
2017-03-15,88.02,88.84,86.6,87.01,7548800.0
2017-03-16,88.0,92.0,88.0,91.5,29532200.0
2017-03-17,91.78,95.9,91.63,94.5,24664600.0
2017-03-20,94.85,95.73,93.6,93.82,11518200.0
2017-03-21,94.23,95.7,93.83,94.5,8731800.0
2017-03-22,93.85,94.65,92.31,92.85,24927500.0
2017-03-23,95.25,96.45,95.05,96.21,23224000.0
2017-03-24,93.9,96.6,93.75,96.0,14446300.0
2017-03-27,95.43,95.43,93.52,94.69,11482600.0
2017-03-28,94.69,95.1,92.79,94.48,13466300.0
2017-03-29,94.09,94.31,91.4,92.0,15301400.0
2017-03-30,92.1,93.99,91.7,93.55,8335300.0
2017-03-31,93.32,93.63,91.01,91.01,12145400.0
2017-04-03,91.75,93.09,91.28,91.9,8880300.0
2017-04-04,92.2,92.32,91.22,92.0,8905100.0
2017-04-05,92.4,93.0,91.74,92.14,11769600.0
2017-04-06,91.76,92.29,90.5,91.55,11783000.0
2017-04-07,91.35,91.59,88.25,88.57,24060500.0
2017-04-10,88.68,88.86,85.0,85.87,36427500.0
2017-04-11,85.86,90.48,85.74,90.09,28004700.0
2017-04-12,90.3,90.74,88.5,89.7,10726700.0
2017-04-13,90.01,90.71,87.2,88.85,15460600.0
2017-04-14,88.37,88.8,87.6,87.7,4851800.0
2017-04-17,87.6,89.9,86.12,89.8,9721500.0
2017-04-18,90.0,90.44,87.41,88.0,13324800.0
2017-04-19,88.18,89.35,88.01,88.32,12791700.0
2017-04-20,88.43,89.9,87.35,89.25,14724200.0
2017-04-21,89.63,93.25,89.63,93.2,25900300.0
2017-04-24,93.86,95.24,92.39,93.09,21175500.0
2017-04-25,94.52,95.9,93.41,95.21,28481100.0
2017-04-26,95.44,95.66,94.33,95.64,10108500.0
2017-04-27,95.1,97.8,94.53,96.75,21997600.0
2017-04-28,97.2,99.0,95.73,98.11,19315600.0
2017-05-02,98.25,100.9,97.45,98.13,26567000.0
2017-05-03,98.21,98.46,95.47,95.47,10521700.0
2017-05-04,95.5,96.69,94.52,94.7,11899900.0
2017-05-05,94.47,94.5,93.21,93.41,17543800.0
2017-05-10,94.21,95.65,93.15,94.46,13581400.0
2017-05-11,94.46,95.0,92.6,94.47,11570300.0
2017-05-12,94.2,94.75,92.75,93.09,14400300.0
2017-05-15,93.48,94.3,91.38,92.0,13546800.0
2017-05-16,91.71,91.87,89.35,89.5,18241600.0
2017-05-17,89.4,91.15,87.87,90.49,16069700.0
2017-05-18,89.7,90.7,89.21,89.9,10529100.0
2017-05-19,90.0,90.98,89.26,90.06,9732000.0
2017-05-22,90.17,90.37,88.14,89.19,12977900.0
2017-05-23,89.45,92.32,89.15,91.21,13285500.0
2017-05-24,91.9,92.45,90.1,92.12,16529400.0
2017-05-25,92.15,92.45,88.2,89.69,14999700.0
2017-05-26,89.41,89.82,87.8,89.77,12415800.0
2017-05-29,89.7,90.4,88.09,90.3,9667200.0
2017-05-30,89.9,92.34,88.1,89.29,25262200.0
2017-05-31,88.99,89.63,87.25,88.35,21973500.0
2017-06-01,88.35,88.99,87.12,87.81,12444300.0
2017-06-02,87.61,88.5,86.5,88.32,9945700.0
2017-06-05,88.44,89.27,87.85,87.85,4881200.0
2017-06-06,88.01,88.67,87.3,87.64,4532700.0
2017-06-07,87.53,87.59,86.36,86.36,9083400.0
2017-06-08,86.49,86.68,85.27,86.24,19683300.0
2017-06-09,85.99,87.09,85.58,85.81,13684800.0
2017-06-13,86.12,86.12,83.61,83.9,20615800.0
2017-06-14,83.91,83.91,80.65,81.0,30583500.0
2017-06-15,80.51,81.0,77.5,80.9,62164000.0
2017-06-16,81.2,83.12,81.11,83.12,18893700.0
2017-06-19,83.21,83.77,82.07,82.97,10824900.0
2017-06-20,82.97,84.04,82.16,83.1,14715400.0
2017-06-21,83.09,83.45,81.56,81.64,20866700.0
2017-06-22,81.99,83.5,81.14,83.1,16370100.0
2017-06-23,83.51,84.89,82.78,84.36,14262800.0
2017-06-26,84.65,85.55,84.37,84.68,10404400.0
2017-06-27,84.6,86.16,83.91,85.77,9276100.0
2017-06-28,85.65,87.7,85.14,87.7,14612600.0
2017-06-29,87.75,88.2,87.05,87.55,8882500.0
2017-06-30,87.5,87.98,86.12,86.55,10346400.0
2017-07-03,86.85,88.66,86.82,88.66,8640900.0
2017-07-04,88.77,89.44,88.15,89.33,12470700.0
2017-07-05,89.2,90.4,89.04,90.11,11912000.0
2017-07-06,90.29,91.36,90.0,90.6,14840400.0
2017-07-07,90.35,93.67,90.26,93.4,24767300.0
2017-07-10,93.84,93.9,92.71,93.6,24932200.0
2017-07-11,93.3,93.96,92.8,93.96,17772700.0
2017-07-12,94.16,95.08,94.01,94.1,20698300.0
2017-07-13,90.4,96.19,88.31,95.84,30903900.0
2017-07-14,95.5,96.36,95.49,96.1,15840000.0
2017-07-17,96.25,97.89,95.79,96.8,18978100.0
2017-07-18,96.9,97.08,96.0,96.0,28092700.0
2017-07-19,89.9,89.94,88.33,89.34,18644600.0
2017-07-20,89.23,89.95,87.51,87.6,14518300.0
2017-07-21,87.38,87.39,84.8,85.86,22364400.0
2017-07-24,85.65,86.49,84.77,85.3,16197400.0
2017-07-25,85.48,85.86,83.97,84.3,11254000.0
2017-07-26,84.48,86.0,84.3,85.78,13731700.0
2017-07-27,86.1,87.1,84.77,85.9,17445600.0
2017-07-28,85.59,85.72,82.5,82.99,16736500.0
2017-07-31,83.0,85.15,81.77,83.65,22605500.0
2017-08-01,83.52,86.0,83.47,84.98,22425300.0
2017-08-02,85.28,85.28,84.22,85.0,13441700.0
2017-08-03,84.9,85.3,84.01,84.01,12009100.0
2017-08-04,84.13,84.15,81.02,83.25,26610900.0
2017-08-07,81.87,82.8,81.13,82.05,33077400.0
2017-08-08,82.1,82.83,81.73,82.39,14510600.0
2017-08-09,82.08,83.87,81.66,83.32,20275700.0
2017-08-10,83.11,83.5,80.73,81.86,18881200.0
2017-08-11,81.22,81.22,79.85,80.2,17676800.0
2017-08-14,80.3,81.42,79.26,80.57,13991000.0
2017-08-15,80.81,81.1,80.0,80.35,10176600.0
2017-08-16,80.55,80.6,79.51,79.51,9266000.0
2017-08-17,79.5,80.57,79.37,80.2,7738100.0
2017-08-18,80.16,80.4,79.67,79.82,5073300.0
2017-08-21,79.89,79.9,78.06,78.3,14318900.0
2017-08-22,78.4,78.6,76.25,76.75,17681600.0
2017-08-23,76.77,78.64,75.33,78.0,22727800.0
2017-08-24,78.0,78.0,76.5,77.3,9670000.0
2017-08-25,77.18,79.5,76.9,78.8,12490800.0
2017-08-28,78.6,81.69,78.17,81.15,23074600.0
2017-08-29,81.51,81.58,80.55,81.57,8645200.0
2017-08-30,81.78,83.3,81.72,83.03,18069700.0
2017-08-31,82.59,82.71,80.6,81.2,20225200.0
2017-09-01,80.93,81.13,78.7,78.95,18427900.0
2017-09-04,78.72,78.76,76.85,77.0,13932100.0
2017-09-05,76.88,78.28,76.06,78.2,18279000.0
2017-09-06,78.25,78.78,77.11,78.65,13560400.0
2017-09-07,78.58,79.48,78.05,78.5,12899800.0
2017-09-08,78.34,79.67,77.95,78.8,11578800.0
2017-09-11,79.2,80.39,79.11,80.03,12519300.0
2017-09-12,80.43,80.89,79.5,79.85,11592000.0
2017-09-13,79.83,81.84,79.72,81.4,16082300.0
2017-09-14,81.7,81.88,80.55,80.89,10829400.0
2017-09-15,80.8,81.38,80.37,81.15,14781800.0
2017-09-18,81.52,81.64,80.11,81.1,16996100.0
2017-09-19,80.99,81.29,80.41,80.43,11539400.0
2017-09-20,80.29,80.47,78.94,80.3,10441100.0
2017-09-21,80.55,80.58,79.12,79.5,9863800.0
2017-09-22,79.39,80.95,79.29,80.9,12926300.0
2017-09-25,80.91,82.35,80.9,82.2,22911300.0
2017-09-26,82.34,84.22,82.2,83.6,21971000.0
2017-09-27,83.55,84.1,83.08,83.39,10432500.0
2017-09-28,83.5,83.88,81.72,81.76,12135000.0
2017-09-29,81.76,82.7,81.05,82.3,14359500.0
2017-10-02,82.35,82.6,81.42,81.42,7233200.0
2017-10-03,81.41,82.2,81.31,81.7,6001500.0
2017-10-04,82.12,82.18,81.61,81.63,4525700.0
2017-10-05,81.88,81.94,79.56,80.3,15744700.0
2017-10-06,80.2,81.35,79.83,81.09,8781600.0
2017-10-09,81.27,82.4,80.6,82.2,9073600.0
2017-10-10,82.35,82.49,81.13,81.55,6970600.0
2017-10-11,81.1,81.91,80.4,81.16,16952700.0
2017-10-12,81.16,81.57,80.83,81.3,5593100.0
2017-10-13,81.19,82.0,81.11,81.35,5684400.0
2017-10-16,81.58,81.78,80.59,80.99,11341500.0
2017-10-17,80.99,81.26,79.2,79.37,16906600.0
2017-10-18,79.64,79.9,79.16,79.75,9867600.0
2017-10-19,79.67,79.8,77.97,77.97,14904500.0
2017-10-20,77.9,78.6,77.76,78.35,7010700.0
2017-10-23,78.47,79.32,77.91,78.39,8855400.0
2017-10-24,78.38,79.0,77.32,77.35,12134800.0
2017-10-25,77.5,77.71,75.52,75.61,22061700.0
2017-10-26,75.86,76.14,74.1,74.66,18151200.0
2017-10-27,75.1,76.1,74.25,74.4,14433900.0
2017-10-30,74.52,75.55,74.25,74.3,12346100.0
2017-10-31,74.34,76.4,74.25,75.2,20555100.0
2017-11-01,75.49,78.27,75.39,78.25,23943900.0
2017-11-02,78.05,78.86,76.04,77.06,21929100.0
2017-11-03,76.94,78.07,76.14,76.55,9752600.0
2017-11-07,76.99,77.5,75.07,77.3,17850500.0
2017-11-08,77.31,77.74,76.15,76.16,12220800.0
2017-11-09,76.14,76.9,75.4,76.0,15895400.0
2017-11-10,75.75,75.88,74.01,74.05,14894800.0
2017-11-13,74.08,75.8,73.5,75.21,16521600.0
2017-11-14,75.28,75.95,74.85,75.25,13369900.0
2017-11-15,75.0,75.17,74.25,74.31,12064700.0
2017-11-16,74.26,74.88,72.51,73.62,17130900.0
2017-11-17,73.53,75.78,72.57,74.5,18734800.0
2017-11-20,75.02,77.24,73.17,75.4,34158700.0
2017-11-21,76.2,79.17,75.85,79.17,31870400.0
2017-11-22,79.29,79.77,77.25,77.48,24331500.0
2017-11-23,77.58,78.22,76.31,77.73,14236900.0
2017-11-24,78.02,78.77,77.6,78.3,7247500.0
2017-11-27,78.58,79.27,77.82,78.97,6373100.0
2017-11-28,78.99,78.99,77.86,78.7,6669900.0
2017-11-29,78.58,78.67,77.07,77.98,8273700.0
2017-11-30,77.75,77.87,76.0,77.87,22056700.0
2017-12-01,77.57,77.84,76.33,77.53,8176500.0
2017-12-04,77.34,77.41,75.51,75.51,10192400.0
2017-12-05,75.75,75.75,73.51,75.0,16385500.0
2017-12-06,74.75,75.94,74.26,75.8,6434300.0
2017-12-07,75.53,75.69,74.79,74.82,6879300.0
2017-12-08,74.98,75.95,74.5,74.55,6992100.0
2017-12-11,74.75,75.59,74.52,75.5,7374300.0
2017-12-12,75.5,75.63,74.3,75.2,7013200.0
2017-12-13,74.82,75.1,73.1,73.1,14615100.0
2017-12-14,73.48,75.5,73.3,75.5,10226300.0
2017-12-15,75.5,75.7,74.7,74.94,7935200.0
2017-12-18,75.23,75.4,74.5,75.4,7620900.0
2017-12-19,75.24,75.31,73.76,74.04,9131100.0
2017-12-20,74.19,75.5,73.84,75.01,10896500.0
2017-12-21,75.14,76.0,74.06,74.3,12772800.0
2017-12-22,74.66,75.73,74.37,75.2,8901400.0
2017-12-25,75.36,75.39,74.61,75.17,3040100.0
2017-12-26,75.49,75.66,74.7,74.83,3053800.0
2017-12-27,74.79,75.46,74.58,75.0,17260200.0
2017-12-28,74.94,75.35,74.85,75.08,9902600.0
2017-12-29,75.12,75.18,74.84,75.06,4232000.0
2018-01-03,75.21,75.96,75.15,75.81,3908500.0
2018-01-04,75.78,77.54,75.78,77.0,12829100.0
2018-01-05,77.4,77.41,76.21,76.9,5876000.0
2018-01-09,77.03,77.9,76.5,76.79,13184400.0
2018-01-10,76.99,77.4,76.47,76.7,10944200.0
2018-01-11,76.9,77.0,76.37,76.85,11350500.0
2018-01-12,76.89,76.89,75.09,76.37,10651800.0
2018-01-15,76.25,77.47,76.13,76.42,11797400.0
2018-01-16,76.45,77.08,76.2,76.72,10445400.0
2018-01-17,76.4,79.45,76.1,79.35,21671400.0
2018-01-18,79.45,81.75,79.04,81.25,24339300.0
2018-01-19,81.1,83.23,80.8,83.0,23809300.0
2018-01-22,82.98,85.85,82.12,84.0,27773800.0
2018-01-23,84.1,84.5,83.0,84.0,16704400.0
2018-01-24,84.0,84.07,80.77,82.1,28445700.0
2018-01-25,82.13,83.72,80.8,83.3,25655000.0
2018-01-26,83.47,84.0,81.32,81.6,9720900.0
2018-01-29,81.92,82.71,80.44,80.5,12300800.0
2018-01-30,80.51,82.97,79.9,81.5,15427100.0
2018-01-31,81.5,82.77,80.7,81.5,14012600.0
2018-02-01,81.49,82.81,81.37,82.13,8432800.0
2018-02-02,82.26,82.45,81.14,81.81,10406600.0
2018-02-05,81.3,83.0,80.74,83.0,7742500.0
2018-02-06,81.01,81.98,80.42,81.2,18239500.0
2018-02-07,81.57,84.1,81.41,84.0,13961500.0
2018-02-08,83.93,87.68,82.4,86.4,36606000.0
2018-02-09,85.63,86.4,84.9,84.95,28058500.0
2018-02-12,85.37,85.4,84.2,84.8,14216400.0
2018-02-13,86.4,87.11,85.64,85.9,18264100.0
2018-02-14,86.3,86.39,85.5,85.88,7895400.0
2018-02-15,85.82,86.34,84.5,85.32,10035100.0
2018-02-16,85.32,86.4,85.32,85.82,12404600.0
2018-02-19,86.11,86.64,85.35,85.91,8527800.0
2018-02-20,85.86,86.0,85.42,86.0,5429300.0
2018-02-21,85.85,87.09,85.43,87.0,13202300.0
2018-02-22,86.75,88.35,86.51,87.8,14966300.0
2018-02-26,88.05,88.68,87.36,88.5,11363100.0
2018-02-27,88.63,88.8,88.23,88.8,11247000.0
2018-02-28,88.3,88.79,86.3,86.3,14871100.0
2018-03-01,86.7,86.95,85.71,86.12,13995000.0
2018-03-02,86.1,86.66,85.81,86.2,8223400.0
2018-03-05,86.48,88.5,86.23,88.5,9294100.0
2018-03-06,88.39,89.3,88.01,88.72,13011400.0
2018-03-07,88.48,89.3,87.02,89.3,10268600.0
2018-03-09,89.14,90.4,88.82,90.29,7200100.0
2018-03-12,90.25,91.48,90.15,91.09,9906800.0
2018-03-13,90.8,91.46,90.21,91.2,12406000.0
2018-03-14,91.09,91.16,89.11,90.45,12662300.0
2018-03-15,90.68,91.2,89.7,91.15,12479700.0
2018-03-16,90.1,93.82,89.72,93.82,29878600.0
2018-03-19,93.32,93.98,92.65,93.56,8221600.0
2018-03-20,93.45,93.6,92.6,93.05,13815000.0
2018-03-21,93.14,94.67,92.86,94.55,10368000.0
2018-03-22,94.54,94.55,93.05,93.35,7812200.0
2018-03-23,92.86,93.75,92.0,93.75,7550800.0
2018-03-26,93.52,93.77,92.07,92.12,6911400.0
2018-03-27,92.59,93.2,91.55,91.7,7251900.0
2018-03-28,91.58,91.6,89.44,89.44,15762000.0
2018-03-29,89.37,91.21,89.21,91.21,8688700.0
2018-03-30,91.27,92.0,91.2,92.0,2920800.0
2018-04-02,91.85,92.07,90.1,90.1,3414600.0
2018-04-03,90.1,90.6,88.75,89.57,5489700.0
2018-04-04,89.39,90.33,88.61,89.25,7387600.0
2018-04-05,89.89,90.82,89.78,90.82,5149800.0
2018-04-06,90.7,90.72,89.47,90.11,4409300.0
2018-04-09,89.79,89.79,80.8,83.0,29169400.0
2018-04-10,82.75,85.37,80.54,82.84,22479800.0
2018-04-11,82.64,85.09,81.73,82.7,31092400.0
2018-04-12,83.38,86.73,83.18,85.3,24005200.0
2018-04-13,85.41,87.9,84.79,85.4,13045100.0
2018-04-16,85.11,86.6,84.48,86.1,9725900.0
2018-04-17,86.6,87.95,86.6,87.95,8087800.0
2018-04-18,87.95,90.4,87.91,89.0,14650400.0
2018-04-19,89.58,90.3,87.8,87.96,9303900.0
2018-04-20,87.69,88.43,87.28,88.15,5048600.0
2018-04-23,88.3,88.63,86.64,88.0,8501900.0
2018-04-24,88.2,88.78,87.6,87.75,4330600.0
2018-04-25,87.51,88.55,86.95,88.0,6906600.0
2018-04-26,88.26,88.75,87.56,88.05,7947900.0
2018-04-27,88.2,89.9,87.81,89.0,7463200.0
2018-04-28,89.1,89.5,88.51,89.12,106040.0
2018-04-30,89.07,96.79,88.56,89.61,9103800.0
2018-05-02,89.12,89.97,87.52,87.52,6699100.0
2018-05-03,87.77,88.99,87.06,88.7,10447000.0
2018-05-04,89.0,89.4,87.75,88.1,6552400.0
2018-05-07,88.58,89.99,88.57,89.96,7164200.0
2018-05-08,89.53,89.79,88.37,89.61,6220000.0
2018-05-10,89.68,89.8,87.7,87.8,10223100.0
2018-05-11,88.1,88.39,87.5,87.93,4784500.0
2018-05-14,88.06,88.24,86.69,87.47,8329400.0
2018-05-15,86.91,88.77,86.79,88.75,8401400.0
2018-05-16,88.71,92.64,87.22,91.5,22412100.0
2018-05-17,91.7,93.46,90.81,93.25,11874700.0
2018-05-18,93.1,94.35,92.03,92.26,8053900.0
2018-05-21,92.74,93.6,91.5,91.51,4953200.0
2018-05-22,91.61,91.86,90.75,91.1,3636800.0
2018-05-23,90.9,92.46,90.22,90.87,8854200.0
2018-05-24,91.31,92.3,90.82,92.24,7796200.0
2018-05-25,92.28,94.24,92.28,93.7,9879100.0
2018-05-28,93.51,93.54,92.76,93.04,3355100.0
2018-05-29,93.0,93.0,90.56,91.39,6063400.0
2018-05-30,91.29,91.5,88.26,88.61,12741500.0
2018-05-31,89.0,90.46,88.3,88.3,25000700.0
2018-06-01,88.97,89.73,88.82,89.3,7244700.0
2018-06-04,89.57,91.24,89.57,90.5,8321000.0
2018-06-05,90.61,90.75,89.45,90.12,7835200.0
2018-06-06,90.4,91.94,89.08,89.56,11707700.0
2018-06-07,90.03,91.83,89.23,91.5,11522800.0
2018-06-08,91.36,92.98,90.5,90.94,20594300.0
2018-06-09,90.8,91.66,90.7,91.47,61780.0
2018-06-11,91.48,91.67,90.6,91.0,6420700.0
2018-06-13,91.2,91.56,90.15,90.2,20929100.0
2018-06-14,90.12,90.39,89.2,89.2,8745700.0
2018-06-15,89.3,90.23,89.0,89.1,14818800.0
2018-06-18,89.39,89.96,88.23,89.7,10911700.0
2018-06-19,89.75,91.62,88.37,91.0,18089800.0
2018-06-20,91.43,94.27,91.18,94.1,27869600.0
2018-06-21,93.91,98.0,93.71,98.0,48880100.0
2018-06-22,97.99,100.25,96.6,98.5,43339800.0
2018-06-25,98.4,100.25,98.32,100.1,26859900.0
2018-06-26,100.34,100.89,96.84,98.73,24961700.0
2018-06-27,99.0,99.7,98.04,98.2,13759900.0
2018-06-28,98.3,99.39,98.0,98.9,9574000.0
2018-06-29,99.45,100.25,99.07,100.0,8960700.0
2018-07-02,99.96,103.98,99.73,102.3,17411800.0
2018-07-03,102.76,102.99,101.5,102.96,7711100.0
2018-07-04,102.92,105.22,102.65,105.19,12142700.0
2018-07-05,104.92,107.7,104.72,107.7,21830100.0
2018-07-06,107.75,107.75,105.0,105.3,13836400.0
2018-07-09,105.66,106.79,104.9,105.4,7628600.0
2018-07-10,105.75,106.75,105.02,106.5,15927200.0
2018-07-11,105.73,106.4,105.0,106.0,15718300.0
2018-07-12,101.45,101.45,99.26,100.25,18560800.0
2018-07-13,100.26,102.1,99.88,101.49,11372900.0
2018-07-16,100.71,101.65,99.68,101.0,8560200.0
2018-07-17,100.77,100.89,99.75,100.1,8974500.0
2018-07-18,100.72,100.98,99.82,100.4,7744800.0
2018-07-19,100.64,100.64,95.71,96.24,16456300.0
2018-07-20,96.64,97.28,95.03,96.3,8617300.0
2018-07-23,96.55,97.0,95.72,95.9,10064500.0
2018-07-24,96.19,96.22,94.6,95.5,5874600.0
2018-07-25,95.16,96.12,94.56,95.2,9246200.0
2018-07-26,95.26,97.15,95.05,96.68,12982100.0
2018-07-27,96.88,97.35,95.8,96.4,3156800.0
2018-07-30,96.52,97.92,95.8,96.75,10303400.0
2018-07-31,96.75,97.28,96.11,97.28,10606200.0
2018-08-01,97.34,97.82,95.65,95.98,9846700.0
2018-08-02,96.51,96.61,95.0,95.5,20151900.0
2018-08-03,95.23,95.39,94.3,95.15,11505800.0
2018-08-06,94.82,96.44,94.78,96.0,13075900.0
2018-08-07,98.37,100.0,97.64,99.7,44828000.0
2018-08-08,99.38,100.72,96.0,98.7,23863400.0
2018-08-09,97.9,99.0,95.58,97.43,17898400.0
2018-08-10,92.97,94.59,91.22,92.75,35003300.0
2018-08-13,92.53,96.5,92.02,96.19,21406100.0
2018-08-14,96.19,97.4,95.76,97.0,16836800.0
2018-08-15,97.24,97.24,94.94,95.8,13890100.0
2018-08-16,95.53,95.95,93.17,94.1,12926800.0
2018-08-17,94.18,95.09,93.03,93.89,13324000.0
2018-08-20,94.42,96.89,94.0,95.25,16003200.0
2018-08-21,95.18,96.48,94.45,94.9,13208500.0
2018-08-22,95.24,95.36,93.12,93.85,10970100.0
2018-08-23,93.51,94.61,93.25,93.4,17461200.0
2018-08-24,93.89,96.73,93.58,96.5,22501400.0
2018-08-27,96.99,99.0,96.13,97.8,28932800.0
2018-08-28,98.1,99.0,97.53,98.63,9876300.0
2018-08-29,98.56,101.44,97.7,100.49,19536300.0
2018-08-30,100.8,101.95,100.0,100.59,11100800.0
2018-08-31,100.22,101.5,99.05,101.39,11712900.0
2018-09-03,101.1,101.5,100.08,100.33,3743600.0
2018-09-04,100.9,101.0,99.15,99.52,5901300.0
2018-09-05,99.58,100.42,99.23,99.93,8810600.0
2018-09-06,100.04,103.0,99.76,101.0,15004300.0
2018-09-07,101.68,103.0,101.5,102.11,12418800.0
2018-09-10,102.76,104.7,102.31,104.34,16265900.0
2018-09-11,104.93,104.94,102.51,103.48,9296600.0
2018-09-12,103.63,103.95,102.19,103.6,8861300.0
2018-09-13,103.88,104.75,102.57,104.72,11530400.0
2018-09-14,104.5,105.74,103.79,105.0,10669600.0
2018-09-17,104.97,106.27,104.02,106.25,6346000.0
2018-09-18,106.25,107.26,105.21,105.99,13099800.0
2018-09-19,106.14,106.37,103.02,104.35,11304400.0
2018-09-20,104.22,106.45,104.09,105.01,19311400.0
2018-09-21,104.54,106.91,104.31,106.91,12425900.0
2018-09-24,106.75,107.41,105.8,107.0,7155900.0
2018-09-25,106.94,107.29,105.1,105.8,7891300.0
2018-09-26,105.97,106.11,105.13,105.13,3354500.0
2018-09-27,105.17,106.71,105.13,106.53,6992400.0
2018-09-28,106.48,106.79,105.66,106.79,8908500.0
2018-10-01,106.8,107.92,105.8,106.2,8592500.0
2018-10-02,106.41,106.53,105.7,106.4,5800300.0
2018-10-03,106.3,107.1,105.82,106.0,7630700.0
2018-10-04,106.03,106.92,103.82,104.0,10877000.0
2018-10-05,104.0,104.63,103.07,103.2,8308600.0
2018-10-08,103.64,104.37,103.0,104.0,8045900.0
2018-10-09,104.1,105.45,104.1,104.68,9116000.0
2018-10-10,105.15,105.3,104.0,104.1,7903200.0
2018-10-11,102.85,103.45,100.6,101.0,24864300.0
2018-10-12,96.44,98.5,96.44,97.0,15765700.0
2018-10-15,97.4,98.27,96.72,97.51,7379200.0
2018-10-16,97.9,100.0,97.1,100.0,15975500.0
2018-10-17,100.02,101.9,99.22,101.43,13150500.0
2018-10-18,101.14,101.62,98.54,99.3,10544900.0
2018-10-19,99.39,100.23,98.01,99.28,8774400.0
2018-10-22,99.3,100.39,96.6,96.6,12140200.0
2018-10-23,96.46,97.65,95.18,95.23,16080200.0
2018-10-24,96.16,97.5,94.52,95.72,20076600.0
2018-10-25,94.95,98.45,94.93,98.11,16497800.0
2018-10-26,98.31,98.43,93.65,94.6,13938700.0
2018-10-29,94.89,96.55,94.5,96.5,8454100.0
2018-10-30,96.29,97.2,95.37,97.01,9162500.0
2018-10-31,97.43,99.9,97.14,99.9,12668000.0
2018-11-01,99.86,100.95,98.37,100.7,13071500.0
2018-11-02,100.8,101.6,100.32,101.6,9548200.0
2018-11-06,100.99,103.04,100.75,103.04,5076040.0
2018-11-07,103.05,103.4,102.16,103.0,8354260.0
2018-11-08,102.93,104.29,102.45,103.24,14040090.0
2018-11-09,102.5,103.99,101.69,103.99,17419580.0
2018-11-12,104.14,104.37,102.65,103.16,8215750.0
2018-11-13,102.49,103.25,101.62,102.3,15260400.0
2018-11-14,102.5,103.4,102.15,103.15,11846140.0
2018-11-15,102.87,103.1,101.28,101.51,10634750.0
2018-11-16,102.03,102.34,99.52,99.9,9349340.0
2018-11-19,100.62,101.32,99.56,100.51,13648250.0
2018-11-20,100.26,101.84,99.39,100.14,9702070.0
2018-11-21,99.75,100.75,99.4,99.81,8816830.0
2018-11-22,99.82,101.75,99.11,101.3,6012730.0
2018-11-23,101.29,101.94,100.5,101.8,6314810.0
2018-11-26,101.8,101.99,99.2,99.49,7688570.0
2018-11-27,99.73,100.88,99.45,100.04,7872980.0
2018-11-28,100.04,101.44,99.56,101.0,12846120.0
2018-11-29,101.08,102.99,101.08,102.99,8285160.0
2018-11-30,102.93,103.0,98.55,99.63,17457860.0
2018-12-03,100.6,101.3,99.51,100.04,15641530.0
2018-12-04,99.95,100.33,98.08,98.36,13609580.0
2018-12-05,97.97,99.55,97.03,99.55,7190890.0
2018-12-06,99.1,99.61,98.61,98.82,4386130.0
2018-12-07,98.6,99.7,98.07,99.0,8129170.0
2018-12-10,98.94,99.0,96.1,96.1,10173560.0
2018-12-11,96.49,97.3,94.1,96.35,13930870.0
2018-12-12,96.59,96.93,94.87,95.15,8321610.0
2018-12-13,95.45,98.2,94.55,98.14,11562690.0
2018-12-14,97.89,98.99,97.47,98.99,7430120.0
2018-12-17,98.55,98.96,96.85,97.48,5201700.0
2018-12-18,97.03,98.45,95.55,97.78,13354070.0
2018-12-19,97.4,98.1,97.17,97.4,7411370.0
2018-12-20,97.06,99.4,96.37,99.4,12174440.0
2018-12-21,99.27,99.78,98.05,98.66,11139820.0
2018-12-24,98.66,98.85,96.85,97.2,3054000.0
2018-12-25,97.2,97.2,95.64,96.09,2645430.0
2018-12-26,96.0,97.14,96.0,97.03,1485050.0
2018-12-27,97.52,98.0,96.42,98.0,6239820.0
2018-12-28,98.0,99.23,97.53,97.79,6013390.0
2018-12-29,97.75,98.72,97.51,98.62,1066640.0
2019-01-03,98.47,99.99,96.97,99.99,5410310.0
2019-01-04,100.02,102.0,100.0,101.55,7427840.0
2019-01-08,101.4,101.87,98.11,98.65,10366150.0
2019-01-09,98.71,101.4,98.52,101.4,10675240.0
2019-01-10,101.4,102.95,100.47,102.95,10641570.0
2019-01-11,102.96,104.25,101.82,104.0,18769840.0
2019-01-14,103.5,104.0,102.61,103.99,6621960.0
2019-01-15,103.75,104.6,103.25,104.05,7324930.0
2019-01-16,103.54,105.0,103.54,104.6,9015150.0
2019-01-17,104.29,104.76,101.62,102.22,12675510.0
2019-01-18,102.6,103.88,102.0,103.5,10038500.0
2019-01-21,103.55,103.7,102.15,102.55,3630950.0
2019-01-22,102.21,102.72,99.57,100.0,14637030.0
2019-01-23,100.19,101.25,100.16,100.6,9154400.0
2019-01-24,100.62,101.67,100.06,101.0,8811160.0
2019-01-25,100.91,101.51,100.09,100.64,8038420.0
2019-01-28,101.05,101.36,98.41,98.8,7486550.0
2019-01-29,98.93,98.99,97.23,97.23,12287460.0
2019-01-30,97.55,98.19,96.88,97.11,11471940.0
2019-01-31,97.7,98.82,97.01,98.56,13809940.0
2019-02-01,98.3,99.85,98.2,99.5,11248810.0
2019-02-04,99.4,99.7,97.78,97.78,5330970.0
2019-02-05,97.99,99.08,97.55,98.89,5772440.0
2019-02-06,99.18,99.65,98.5,99.5,5856660.0
2019-02-07,99.4,100.64,99.02,100.08,8522750.0
2019-02-08,99.78,100.44,98.6,99.6,4790270.0
2019-02-11,99.32,100.3,99.11,99.5,6055520.0
2019-02-12,99.6,100.06,98.26,98.33,7504360.0
2019-02-13,98.7,98.77,96.8,96.97,11749800.0
2019-02-14,96.4,97.95,95.86,96.05,11606340.0
2019-02-15,96.33,97.68,96.3,96.85,7477650.0
2019-02-18,97.01,98.25,96.43,97.27,5534780.0
2019-02-19,97.34,97.63,95.0,95.1,8969800.0
2019-02-20,95.48,96.87,94.91,96.5,10355220.0
2019-02-21,96.66,96.78,95.11,95.53,8287080.0
2019-02-22,95.65,95.95,94.9,95.47,9469460.0
2019-02-25,95.55,96.25,95.23,96.25,8401700.0
2019-02-26,96.2,97.6,95.55,97.6,10107830.0
2019-02-27,97.35,97.53,96.0,96.3,8027880.0
2019-02-28,96.15,96.45,95.1,95.1,10166220.0
2019-03-01,95.22,95.58,94.83,94.9,8080240.0
2019-03-04,95.09,95.86,93.39,93.65,12443090.0
2019-03-05,93.68,93.73,92.0,92.0,10589650.0
2019-03-06,92.54,93.28,92.32,92.34,7300720.0
2019-03-07,92.58,93.55,92.2,92.53,8321520.0
2019-03-11,92.62,94.5,92.43,93.5,10285010.0
2019-03-12,93.84,94.83,93.6,94.11,8015700.0
2019-03-13,94.24,96.26,93.54,96.04,12408540.0
2019-03-14,96.05,96.35,95.4,95.92,9686020.0
2019-03-15,95.92,96.74,94.85,95.4,22324710.0
2019-03-18,95.76,97.42,95.53,96.75,11444190.0
2019-03-19,96.87,97.29,96.25,96.89,7899560.0
2019-03-20,96.92,96.92,95.84,96.22,6252940.0
2019-03-21,96.35,96.53,95.13,95.7,12289570.0
2019-03-22,95.77,95.8,94.86,95.25,5729800.0
2019-03-25,95.16,96.85,94.25,95.51,7934480.0
2019-03-26,95.21,96.1,94.27,94.27,6863240.0
2019-03-27,94.51,94.94,93.5,93.6,9467030.0
2019-03-28,93.79,94.07,92.76,93.1,5606580.0
2019-03-29,93.11,93.88,92.17,92.42,11567060.0
2019-04-01,92.62,93.49,92.52,93.35,5102680.0
2019-04-02,93.48,93.84,92.7,92.7,5584790.0
2019-04-03,93.06,94.5,92.5,93.21,9796040.0
2019-04-04,93.4,93.95,92.76,93.9,4494460.0
2019-04-05,93.78,94.7,93.55,94.7,5411700.0
2019-04-08,94.57,94.78,94.3,94.69,4690310.0
2019-04-09,94.67,94.74,93.31,94.15,7400200.0
2019-04-10,94.13,94.9,93.89,94.4,9093710.0
2019-04-11,94.43,94.59,93.95,94.1,4399230.0
2019-04-12,94.2,94.8,93.93,94.6,4538340.0
2019-04-15,94.67,94.7,93.6,94.3,4499920.0
2019-04-16,94.2,95.79,94.04,95.4,8221880.0
2019-04-17,95.49,96.5,95.41,96.0,9649710.0
2019-04-18,96.1,96.43,95.14,95.8,5661060.0
2019-04-19,96.16,96.41,95.5,95.79,904910.0
2019-04-22,95.79,96.09,95.57,95.96,1475250.0
2019-04-23,95.96,96.3,95.89,96.3,7023470.0
2019-04-24,96.22,96.23,94.81,95.58,19917600.0
2019-04-25,95.58,95.58,94.51,95.2,8631500.0
2019-04-26,95.65,95.65,93.87,94.0,5315150.0
2019-04-29,94.18,94.5,93.51,94.49,2631270.0
2019-04-30,94.49,95.4,94.2,94.23,5352700.0
2019-05-02,94.47,95.34,94.13,95.34,4267910.0
2019-05-03,95.44,96.25,95.3,95.6,5916510.0
2019-05-06,95.44,95.45,94.75,95.2,2757920.0
2019-05-07,95.0,95.91,94.97,95.62,10316730.0
2019-05-08,95.98,96.74,95.15,96.5,9839750.0
2019-05-10,96.19,96.6,95.5,95.52,8871500.0
2019-05-13,95.59,96.25,94.4,94.48,7802670.0
2019-05-14,94.49,95.29,92.57,93.0,10491590.0
2019-05-15,93.01,93.51,92.7,92.78,9918120.0
2019-05-16,92.8,93.28,92.1,92.47,8807920.0
2019-05-17,92.99,93.9,91.89,91.89,7135160.0
2019-05-20,92.09,92.3,90.78,90.78,10020310.0
2019-05-21,91.23,91.35,89.3,89.65,14399440.0
2019-05-22,89.84,89.85,88.33,88.93,15897190.0
2019-05-23,88.97,90.26,88.21,89.78,13443090.0
2019-05-24,90.25,90.93,89.59,90.13,14273980.0
2019-05-27,90.15,90.61,89.62,90.19,3252950.0
2019-05-28,90.17,90.5,89.37,89.37,15633440.0
2019-05-29,89.52,89.52,87.54,88.05,17505030.0
2019-05-30,88.19,88.52,87.48,87.79,14105630.0
2019-05-31,87.69,89.04,87.61,88.15,11877980.0
2019-06-03,88.31,88.79,87.81,88.62,8131600.0
2019-06-04,88.65,89.78,88.6,89.78,12618070.0
2019-06-05,89.82,89.87,88.87,89.0,7048770.0
2019-06-06,88.88,89.5,88.52,89.15,9421770.0
2019-06-07,89.15,89.26,88.32,88.8,7120060.0
2019-06-10,88.88,89.44,88.61,89.18,5392310.0
2019-06-11,89.23,89.4,88.85,88.91,10975650.0
2019-06-13,88.9,88.96,85.25,86.5,31018370.0
2019-06-14,86.49,86.5,84.66,85.1,27071450.0
2019-06-17,85.35,87.18,83.69,86.93,32983820.0
2019-06-18,87.22,88.48,86.52,88.31,17777430.0
2019-06-19,88.31,90.38,88.31,90.08,20855530.0
2019-06-20,90.09,90.73,88.41,90.19,18616840.0
2019-06-21,89.9,90.87,89.21,90.11,12623540.0
2019-06-24,90.11,90.36,89.0,89.6,9809120.0
2019-06-25,89.53,89.79,87.94,88.93,15459070.0
2019-06-26,88.74,89.49,88.46,89.0,10270120.0
2019-06-27,89.17,89.44,87.12,87.34,21335500.0
2019-06-28,87.12,87.69,86.03,86.04,17586330.0
2019-07-01,86.5,86.56,85.3,85.5,15405220.0
2019-07-02,85.29,85.99,84.8,85.18,24758810.0
2019-07-03,85.33,85.33,84.08,84.32,24304780.0
2019-07-04,84.38,87.0,84.04,87.0,26190390.0
2019-07-05,87.1,87.3,86.21,86.9,11875830.0
2019-07-08,86.82,87.2,86.58,87.1,12374480.0
2019-07-09,87.1,87.45,85.73,86.0,20050160.0
2019-07-10,86.05,86.3,84.37,84.63,26558910.0
2019-07-11,84.75,85.15,82.5,82.52,27780540.0
2019-07-12,79.05,80.13,78.45,79.5,20586160.0
2019-07-15,79.89,80.61,79.61,80.12,10663350.0
2019-07-16,79.97,80.21,79.08,79.96,24385820.0
2019-07-17,79.84,79.94,79.33,79.6,11607830.0
2019-07-18,79.51,80.19,79.4,79.46,17583760.0
2019-07-19,79.52,79.8,78.7,78.7,13282100.0
2019-07-22,78.88,78.94,77.52,78.13,17034660.0
2019-07-23,78.29,80.15,77.95,79.25,17030240.0
2019-07-24,79.36,80.76,79.36,80.76,10033830.0
2019-07-25,80.88,81.89,79.92,81.3,15786810.0
2019-07-26,81.09,82.4,80.68,81.89,18459500.0
2019-07-29,81.94,82.28,80.82,82.0,11590110.0
2019-07-30,82.0,82.0,80.86,81.62,12156430.0
2019-07-31,81.6,81.72,81.2,81.5,11901680.0
2019-08-01,81.2,81.54,80.41,80.53,9807030.0
2019-08-02,80.1,80.16,78.92,79.0,21187460.0
2019-08-05,78.98,79.34,77.73,77.75,16580390.0
2019-08-06,77.93,78.57,77.51,77.51,12515750.0
2019-08-07,77.8,78.13,76.33,77.17,10795280.0
2019-08-08,77.49,77.56,75.5,75.5,17325740.0
2019-08-09,75.51,75.7,74.26,75.0,16843930.0
2019-08-12,75.03,75.8,75.02,75.11,9339490.0
2019-08-13,75.05,75.19,72.73,72.73,20472150.0
2019-08-14,73.01,73.03,70.26,70.7,32658910.0
2019-08-15,70.5,72.88,69.18,71.15,33733430.0
2019-08-16,71.25,72.5,71.2,71.65,20125510.0
2019-08-19,71.89,73.75,71.5,71.75,22002650.0
2019-08-20,71.61,71.9,70.3,70.55,28871010.0
2019-08-21,70.59,72.0,70.16,71.11,13593130.0
2019-08-22,71.25,71.87,70.82,71.1,10430360.0
2019-08-23,71.14,71.65,70.95,71.4,11943080.0
2019-08-26,71.12,71.55,70.9,71.1,5215090.0
2019-08-27,71.19,72.13,71.14,71.81,16469760.0
2019-08-28,71.9,73.7,71.84,73.02,19249020.0
2019-08-29,73.25,74.18,73.1,73.1,13146520.0
2019-08-30,73.1,74.26,72.89,74.26,13408140.0
2019-09-02,74.27,74.86,74.06,74.35,9042220.0
2019-09-03,74.35,75.25,74.19,75.02,12162980.0
2019-09-04,75.19,75.58,74.27,74.6,12155180.0
2019-09-05,74.95,76.18,74.95,75.98,19126120.0
2019-09-06,76.02,76.28,75.06,75.4,9655050.0
2019-09-09,75.58,75.86,75.06,75.3,6609380.0
2019-09-10,75.36,75.42,74.56,75.2,13452280.0
2019-09-11,74.81,75.43,74.76,75.2,10347010.0
2019-09-12,75.15,76.29,75.02,76.22,19619170.0
2019-09-13,76.36,76.5,75.55,76.2,9981890.0
2019-09-16,75.81,77.98,75.75,77.8,15194230.0
2019-09-17,77.81,77.85,76.85,77.05,12158190.0
2019-09-18,77.04,77.71,76.91,77.7,8096960.0
2019-09-19,77.71,77.87,75.66,75.9,16127940.0
2019-09-20,75.9,76.15,74.28,74.28,22348770.0
2019-09-23,74.51,74.52,73.01,73.4,14981130.0
2019-09-24,73.5,74.03,72.36,72.36,9947310.0
2019-09-25,72.42,73.13,71.72,72.97,12315860.0
2019-09-26,73.0,73.56,72.66,73.27,8889440.0
2019-09-27,73.15,73.41,72.72,72.89,6456450.0
2019-09-30,73.0,74.8,72.81,74.5,12458690.0
2019-10-01,74.6,75.19,73.67,74.35,8675420.0
2019-10-02,74.27,75.24,74.02,75.08,16482500.0
2019-10-03,75.08,76.38,74.98,75.34,16418900.0
2019-10-04,75.56,76.0,73.53,74.1,14008560.0
2019-10-07,74.06,74.31,72.19,72.25,16151200.0
2019-10-08,71.96,72.78,70.89,71.8,21176340.0
2019-10-09,71.6,72.63,71.31,72.57,11313810.0
2019-10-10,72.43,73.33,71.83,73.2,19447680.0
2019-10-11,69.91,71.27,69.89,70.6,23103550.0
2019-10-14,70.7,70.87,68.77,68.88,12745790.0
2019-10-15,68.91,70.24,67.36,69.9,23861090.0
2019-10-16,70.07,72.66,70.05,72.39,25014990.0
2019-10-17,72.22,74.3,72.12,73.89,23591270.0
2019-10-18,73.6,74.73,73.1,73.6,18454050.0
2019-10-21,73.33,73.84,72.54,73.35,9227420.0
2019-10-22,73.35,73.35,71.8,72.34,19203300.0
2019-10-23,72.12,72.31,70.95,71.69,17204190.0
2019-10-24,71.7,71.86,70.61,71.0,12936330.0
2019-10-25,71.28,71.28,69.88,70.05,11847210.0
2019-10-28,70.2,71.2,69.71,70.68,8611110.0
2019-10-29,70.87,71.81,70.7,71.67,8355080.0
2019-10-30,71.68,74.8,71.55,74.64,36380440.0
2019-10-31,75.0,75.25,73.73,74.51,16653290.0
2019-11-01,74.4,75.47,74.1,75.47,16511980.0
2019-11-05,75.68,76.05,73.74,74.48,17279280.0
2019-11-06,74.18,75.69,73.8,75.5,16093940.0
2019-11-07,75.29,76.5,75.21,76.28,13805490.0
2019-11-08,76.0,76.97,75.21,76.16,16930040.0
2019-11-11,76.16,76.34,74.55,75.77,8816230.0
2019-11-12,75.61,77.2,75.6,77.2,14104220.0
2019-11-13,77.2,77.59,76.43,77.4,14705130.0
2019-11-14,77.6,77.75,76.83,77.22,11320890.0
2019-11-15,77.09,77.63,76.7,77.63,8086890.0
2019-11-18,77.7,77.99,75.15,75.7,20509440.0
2019-11-19,75.61,76.32,74.9,76.22,9811220.0
2019-11-20,76.19,76.94,75.04,76.46,9338140.0
2019-11-21,76.56,77.24,75.71,77.18,10924280.0
2019-11-22,77.18,77.58,76.77,77.58,11770630.0
2019-11-25,77.42,78.68,77.22,77.7,13707760.0
2019-11-26,77.78,78.16,77.4,77.53,13802150.0
2019-11-27,77.55,77.8,76.9,77.11,11099910.0
2019-11-28,76.86,77.2,76.66,76.95,4472230.0
2019-11-29,76.95,78.26,76.74,77.9,11239470.0
2019-12-02,77.9,78.17,77.08,77.38,11748630.0
2019-12-03,77.26,77.44,75.64,75.8,10225800.0
2019-12-04,75.81,76.86,74.95,76.31,7546960.0
2019-12-05,76.58,76.76,75.64,76.0,6653880.0
2019-12-06,76.0,77.04,75.91,77.04,9365320.0
2019-12-09,76.4,79.6,76.32,79.6,25624640.0
2019-12-10,79.7,81.7,79.37,81.15,34166630.0
2019-12-11,81.49,81.54,80.39,81.06,11966780.0
2019-12-12,81.39,82.17,80.5,80.5,21904190.0
2019-12-13,80.76,81.29,79.61,80.8,13748160.0
2019-12-16,80.69,80.93,80.04,80.66,9370400.0
2019-12-17,80.84,82.13,80.2,81.74,17989460.0
2019-12-18,81.75,82.1,81.38,81.84,10389430.0
2019-12-19,81.9,84.52,81.6,84.52,29184820.0
2019-12-20,84.55,85.35,83.8,85.31,20105750.0
2019-12-23,85.16,85.98,84.07,84.36,9997810.0
2019-12-24,84.36,84.41,83.3,83.34,8963520.0
2019-12-25,83.34,84.18,82.83,83.8,5254480.0
2019-12-26,84.0,84.04,83.33,83.81,3482150.0
2019-12-27,83.82,84.5,83.8,84.49,6508060.0
2019-12-30,84.3,85.44,84.1,84.32,5513310.0
2020-01-03,84.62,85.74,84.24,85.33,9536510.0
2020-01-06,85.35,85.35,84.52,85.24,5735670.0
2020-01-08,84.85,86.18,84.32,85.45,7215820.0
2020-01-09,85.6,88.95,85.3,87.78,16402150.0
2020-01-10,87.99,89.38,87.22,89.3,14486440.0
2020-01-13,89.5,92.0,88.71,91.89,26269150.0
2020-01-14,91.9,92.52,89.66,90.02,19839920.0
2020-01-15,90.03,90.7,89.01,90.37,11325080.0
2020-01-16,90.4,91.19,88.38,88.96,15488120.0
2020-01-17,88.79,91.99,88.6,91.85,18425230.0
2020-01-20,91.8,91.9,90.66,90.99,14973220.0
2020-01-21,90.8,91.85,89.63,90.87,19346620.0
2020-01-22,90.71,92.64,90.71,91.49,22879320.0
2020-01-23,91.0,92.21,89.88,90.02,18688470.0
2020-01-24,90.0,91.01,89.8,90.49,10841830.0
2020-01-27,89.51,89.85,86.54,87.0,17243710.0
2020-01-28,87.02,87.58,84.56,85.53,29907220.0
2020-01-29,85.75,86.63,85.01,85.5,18368490.0
2020-01-30,85.15,85.31,82.82,82.82,25118590.0
2020-01-31,82.98,84.0,80.05,80.2,26072220.0
2020-02-03,79.99,82.21,79.66,81.45,16718320.0
2020-02-04,81.86,82.88,80.76,82.7,25762800.0
2020-02-05,82.97,85.25,82.15,84.39,26601610.0
2020-02-06,84.71,85.36,82.8,83.71,20110480.0
2020-02-07,84.0,84.79,82.8,84.53,11803780.0
2020-02-10,84.63,84.74,79.87,82.05,38935110.0
2020-02-11,82.43,82.9,80.76,82.18,19626890.0
2020-02-12,82.21,83.15,81.5,82.78,15051500.0
2020-02-13,82.47,82.7,81.16,81.47,10464380.0
2020-02-14,81.4,82.36,81.22,82.17,7384560.0
2020-02-17,81.92,82.48,81.64,82.19,5234690.0
2020-02-18,82.05,82.65,80.37,80.5,13549380.0
2020-02-19,80.6,81.81,80.6,81.25,11167090.0
2020-02-20,81.48,83.75,81.3,82.96,20795220.0
2020-02-21,82.71,83.45,81.85,83.2,9055920.0
2020-02-25,81.54,86.03,80.01,80.2,26034860.0
2020-02-26,80.24,80.87,77.0,79.0,32588830.0
2020-02-27,78.71,78.84,75.9,76.26,29023410.0
2020-02-28,74.99,75.25,67.56,71.39,70913560.0
2020-03-02,73.34,73.57,70.0,71.56,31208050.0
2020-03-03,72.71,72.81,70.12,70.82,19353270.0
2020-03-04,70.11,72.16,67.44,71.56,25760370.0
2020-03-05,72.0,72.5,70.68,71.65,10930180.0
2020-03-06,71.2,71.52,68.7,70.75,36013040.0
2020-03-10,63.69,73.98,62.37,68.61,57066490.0
2020-03-11,70.0,71.39,67.03,69.42,30059070.0
2020-03-12,67.4,67.88,63.55,63.55,45406760.0
2020-03-13,64.0,66.28,62.79,62.79,39754310.0
2020-03-16,63.89,63.89,57.31,59.95,42393620.0
2020-03-17,59.28,60.45,57.31,58.98,27455480.0
2020-03-18,57.68,59.19,51.51,54.0,55170230.0
2020-03-19,53.51,59.71,51.01,59.7,46357980.0
2020-03-20,60.99,65.5,56.6,57.3,49795480.0
2020-03-23,55.63,59.63,54.01,57.56,28428880.0
2020-03-24,60.42,62.0,58.06,58.37,41786700.0
2020-03-25,60.01,63.92,60.01,61.61,43963740.0
2020-03-26,61.63,62.07,58.81,60.46,28752030.0
2020-03-27,61.01,61.44,56.04,56.9,25124880.0
2020-03-30,55.77,58.95,54.47,58.72,23434040.0
2020-03-31,59.03,64.59,59.03,64.59,42404670.0
2020-04-01,62.9,64.7,61.76,63.43,31308200.0
2020-04-02,65.0,65.4,60.0,61.8,43512700.0
2020-04-03,61.85,63.3,61.11,61.59,27978290.0
2020-04-06,62.5,64.0,61.64,63.5,21369850.0
2020-04-07,64.77,66.5,63.99,65.8,34361360.0
2020-04-08,65.3,65.58,64.58,65.58,18359490.0
2020-04-09,65.82,67.4,65.61,67.33,27202610.0
2020-04-10,66.82,66.89,65.56,66.35,15974080.0
2020-04-13,66.19,66.35,63.37,64.75,15094550.0
2020-04-14,64.97,65.92,63.5,63.5,26280970.0
2020-04-15,63.5,63.65,59.8,59.9,31371790.0
2020-04-16,60.28,60.74,58.5,59.24,34288250.0
2020-04-17,60.05,61.1,59.02,60.78,26710340.0
2020-04-20,60.79,61.88,59.71,60.02,23756610.0
2020-04-21,59.31,60.84,59.04,60.28,24120120.0
2020-04-22,59.79,62.5,59.76,61.71,22174670.0
2020-04-23,62.11,63.68,61.65,62.87,24824480.0
2020-04-24,62.95,62.95,60.82,61.11,22817350.0
2020-04-27,61.4,62.46,61.32,61.76,13011120.0
2020-04-28,61.89,65.33,61.81,63.77,31653620.0
2020-04-29,64.6,65.09,63.61,63.9,18844660.0
2020-04-30,64.32,64.62,61.25,62.2,34621490.0
2020-05-04,61.66,62.8,60.81,62.5,13358690.0
2020-05-05,63.15,63.34,62.21,62.79,14632110.0
2020-05-06,62.89,63.3,61.36,61.73,18893820.0
2020-05-07,61.77,62.99,61.4,62.51,13684460.0
2020-05-08,62.7,62.83,61.63,62.4,9591290.0
2020-05-12,62.54,63.73,61.82,62.86,24221080.0
2020-05-13,62.8,62.8,61.18,61.18,15889670.0
2020-05-14,60.99,61.99,60.71,61.09,14990850.0
2020-05-15,61.55,62.0,59.82,59.82,14265210.0
2020-05-18,60.49,61.77,60.38,61.33,17003950.0
2020-05-19,61.31,62.2,61.17,61.5,13105010.0
2020-05-20,61.44,64.25,61.05,63.97,33587850.0
2020-05-21,63.85,65.0,62.83,63.6,24006990.0
2020-05-22,63.09,64.55,63.09,63.81,19542710.0
2020-05-25,64.0,64.7,63.75,63.9,12692520.0
2020-05-26,64.4,65.63,64.26,64.7,18923980.0
2020-05-27,64.91,67.21,64.71,65.84,26866290.0
2020-05-28,66.17,67.95,65.9,67.95,20004220.0
2020-05-29,67.64,67.79,65.63,66.0,35894720.0
2020-06-01,66.32,69.44,66.31,69.02,33333900.0
2020-06-02,69.44,70.34,67.53,68.27,34727170.0
2020-06-03,68.59,69.0,66.87,68.03,26158640.0
2020-06-04,67.99,68.3,66.06,66.89,20699210.0
2020-06-05,66.9,67.2,64.73,65.05,33636160.0
2020-06-08,65.5,67.81,65.09,66.5,30924400.0
2020-06-09,66.5,66.8,65.07,65.28,18743320.0
2020-06-10,65.4,65.7,63.6,64.15,31151120.0
2020-06-11,63.81,63.93,62.62,62.95,22402370.0
2020-06-15,62.34,63.5,61.27,63.5,31678110.0
2020-06-16,63.91,64.46,63.23,63.92,27714610.0
2020-06-17,64.03,64.6,63.64,63.94,17468900.0
2020-06-18,63.94,64.05,62.65,63.25,27030070.0
2020-06-19,63.64,65.33,63.38,64.22,27777080.0
2020-06-22,64.24,64.47,63.15,64.2,15185090.0
2020-06-23,64.2,64.83,63.87,64.29,10617820.0
2020-06-25,63.98,64.2,62.83,63.39,24733530.0
2020-06-26,63.43,63.7,62.9,63.24,11167800.0
2020-06-29,63.0,64.5,62.94,64.22,12373880.0
2020-06-30,64.36,64.86,64.13,64.49,11819460.0
2020-07-02,64.77,65.59,64.59,65.32,14043670.0
2020-07-03,65.45,65.79,64.82,65.67,7349460.0
2020-07-06,65.84,66.5,65.51,66.07,17341540.0
2020-07-07,65.66,66.98,65.51,66.15,17487840.0
2020-07-08,66.3,66.92,66.08,66.88,15967960.0
2020-07-09,66.8,66.98,65.65,65.91,21172440.0
2020-07-10,63.69,64.28,63.18,64.2,18420260.0
2020-07-13,64.15,64.85,63.12,63.55,11549840.0
2020-07-14,63.6,63.64,61.85,62.49,14417830.0
2020-07-15,62.91,63.81,62.36,63.41,12331180.0
2020-07-16,63.4,64.38,62.94,64.18,14045330.0
2020-07-17,64.08,64.43,63.66,64.04,6782230.0
2020-07-20,63.8,64.65,63.8,64.5,12349740.0
2020-07-21,64.8,65.92,64.39,65.0,18126620.0
2020-07-22,65.03,65.16,64.33,64.94,10884790.0
2020-07-23,64.98,65.1,63.87,64.02,14137500.0
2020-07-24,63.98,65.05,63.19,64.94,14619950.0
2020-07-27,65.4,66.84,64.93,66.68,18970270.0
2020-07-28,66.71,66.83,65.45,65.64,10882510.0
2020-07-29,65.73,67.6,65.65,66.34,29943860.0
2020-07-30,66.3,67.56,65.83,66.5,22563040.0
2020-07-31,66.7,68.64,66.23,68.27,24596240.0
2020-08-03,68.68,69.35,67.58,68.57,16946900.0
2020-08-04,68.46,70.08,67.57,69.9,24802810.0
2020-08-05,70.01,70.37,69.37,69.86,15108850.0
2020-08-06,70.0,70.18,69.55,70.1,9658420.0
2020-08-07,69.99,69.99,68.33,68.85,15374710.0
2020-08-10,69.93,71.2,69.02,69.85,22499340.0
2020-08-11,69.72,70.25,68.9,69.44,18727310.0
2020-08-12,69.59,70.11,68.8,69.89,9566920.0
2020-08-13,70.13,70.19,69.25,69.75,12372310.0
2020-08-14,69.51,69.81,67.5,67.98,33117490.0
2020-08-17,67.83,67.85,66.0,66.48,24746110.0
2020-08-18,66.43,66.95,65.01,65.42,21407840.0
2020-08-19,65.45,66.66,65.05,66.33,14543370.0
2020-08-20,66.22,66.65,65.42,66.34,13406820.0
2020-08-21,66.45,66.82,65.84,66.43,11330200.0
2020-08-24,66.6,67.54,66.24,67.39,9889270.0
2020-08-25,67.48,67.59,66.61,67.19,9576690.0
2020-08-26,67.25,67.58,66.35,67.4,11258100.0
2020-08-27,67.53,68.14,67.21,67.4,11809510.0
2020-08-28,67.39,67.55,66.8,67.18,5860190.0
2020-08-31,67.31,68.02,65.65,66.15,22014040.0
2020-09-01,66.41,68.76,66.06,68.25,19574650.0
2020-09-02,68.35,68.53,66.06,66.67,14083740.0
2020-09-03,66.57,67.64,66.26,66.9,13728010.0
2020-09-04,66.94,68.18,66.6,67.92,21269000.0
2020-09-07,67.68,68.47,66.7,68.39,13257940.0
2020-09-08,68.42,69.75,68.28,69.37,25143590.0
2020-09-09,69.37,69.76,68.75,69.2,11343900.0
2020-09-10,69.13,72.46,68.53,71.65,48062250.0
2020-09-11,71.91,74.96,71.77,74.94,43014180.0
2020-09-14,75.07,75.64,73.23,73.7,32471290.0
2020-09-15,74.03,75.57,73.57,75.15,25984100.0
2020-09-16,75.48,75.48,74.13,74.98,18176330.0
2020-09-17,75.48,76.48,74.41,75.1,17809080.0
2020-09-18,75.28,77.25,75.02,76.3,24805800.0
2020-09-21,75.65,77.06,73.53,74.7,23302440.0
2020-09-22,75.1,75.24,73.69,74.93,16502340.0
2020-09-23,74.81,76.11,72.66,72.95,24745570.0
2020-09-24,73.07,73.49,71.42,73.04,21293840.0
2020-09-25,73.2,73.2,70.66,71.94,20111420.0
2020-09-28,71.99,72.76,71.6,72.64,11901520.0
2020-09-29,72.54,73.46,71.22,72.1,16055780.0
2020-09-30,72.11,74.12,72.0,73.78,38389700.0
2020-10-01,74.1,74.58,72.73,73.99,17202710.0
2020-10-02,73.7,74.43,72.92,74.12,12534740.0
2020-10-05,74.31,74.81,73.42,74.56,10475330.0
2020-10-06,74.53,77.69,74.44,76.97,26309730.0
2020-10-07,77.09,77.96,75.68,76.28,18734180.0
2020-10-08,76.07,77.97,76.07,77.7,15979940.0
2020-10-09,77.88,78.64,74.56,75.41,33521850.0
2020-10-12,75.6,78.44,75.02,78.22,24464050.0
2020-10-13,78.14,78.39,75.9,76.4,16065560.0
2020-10-14,76.31,77.46,76.03,76.85,10658450.0
2020-10-15,76.58,76.88,75.0,75.71,12263560.0
2020-10-16,75.47,76.97,75.29,76.0,11166100.0
2020-10-19,76.09,76.43,75.0,75.64,8776030.0
2020-10-20,75.4,75.66,74.51,75.48,6908090.0
2020-10-21,75.1,75.62,73.87,74.83,8733960.0
2020-10-22,74.48,75.58,74.41,75.18,7560280.0
2020-10-23,75.15,75.5,74.63,74.94,4920520.0
2020-10-26,74.72,75.89,74.02,74.15,9088350.0
2020-10-27,74.35,74.92,73.52,74.46,11046590.0
2020-10-28,74.47,74.65,69.91,70.24,22426500.0
2020-10-29,70.62,72.2,69.23,71.81,23564010.0
2020-10-30,71.6,71.69,69.94,70.75,14023950.0
2020-11-02,70.87,71.38,70.08,70.96,10498580.0
2020-11-03,71.21,72.13,70.65,71.89,12878970.0
2020-11-05,72.48,75.76,71.9,74.9,23244540.0
2020-11-06,74.66,77.6,74.16,76.78,21244860.0
2020-11-09,77.31,81.94,76.76,79.91,36410220.0
2020-11-10,79.74,80.87,78.34,79.24,22699820.0
2020-11-11,79.0,80.5,78.47,79.67,18418540.0
2020-11-12,79.95,80.59,78.55,79.52,18381190.0
2020-11-13,79.74,81.65,78.76,81.2,18124780.0
2020-11-16,81.89,86.51,81.75,86.4,37183310.0
2020-11-17,86.49,87.4,85.04,86.3,31605860.0
2020-11-18,86.19,90.15,85.74,88.9,36735470.0
2020-11-19,89.15,91.2,88.12,89.54,36532180.0
2020-11-20,89.04,89.4,87.66,88.38,13767320.0
2020-11-23,88.7,89.38,86.5,86.93,22591130.0
2020-11-24,86.9,87.51,83.6,85.74,32522320.0
2020-11-25,85.7,87.98,84.1,87.69,25991370.0
2020-11-26,87.74,89.08,86.89,87.37,17197010.0
2020-11-27,87.22,91.0,87.22,90.53,38003240.0
2020-11-30,89.69,91.14,87.9,88.52,31921270.0
2020-12-01,88.54,90.99,87.9,89.9,19561740.0
2020-12-02,89.68,91.98,89.08,89.76,19247570.0
2020-12-03,90.2,90.79,86.94,89.44,25666100.0
2020-12-04,90.21,92.16,89.4,91.54,21023750.0
2020-12-07,91.45,93.5,90.91,91.93,25422340.0
2020-12-08,92.02,94.49,91.44,92.95,23330050.0
2020-12-09,93.17,93.9,91.41,91.65,13760650.0
2020-12-10,91.74,93.33,90.69,92.21,23786910.0
2020-12-11,92.26,93.29,91.91,92.1,9988550.0
2020-12-14,92.52,92.69,90.07,90.4,18518480.0
2020-12-15,90.11,93.55,89.68,91.95,21839000.0
2020-12-16,92.18,96.49,92.18,96.27,45044450.0
2020-12-17,96.1,98.79,95.58,96.49,32003310.0
2020-12-18,95.89,97.2,93.76,94.58,24803090.0
2020-12-21,94.6,95.28,92.64,94.85,19140460.0
2020-12-22,94.43,97.01,94.41,96.14,17844340.0
2020-12-23,96.2,97.76,96.14,97.23,17168180.0
2020-12-24,97.5,98.92,96.11,97.71,12412170.0
2020-12-25,97.73,98.06,96.13,97.11,4134940.0
2020-12-28,97.07,97.99,96.82,97.65,8242450.0
2020-12-29,97.6,98.44,97.35,97.67,8471370.0
2020-12-30,97.96,99.4,97.53,99.0,11695130.0
2021-01-04,99.17,99.99,98.52,98.73,9078470.0
2021-01-05,98.46,99.88,98.1,99.58,9976860.0
2021-01-06,99.67,101.5,99.58,100.94,17373600.0
2021-01-08,101.59,104.25,101.14,104.17,23578670.0
2021-01-11,104.59,107.27,102.67,105.85,32448720.0
2021-01-12,105.42,107.5,104.76,107.46,29679320.0
2021-01-13,107.51,108.88,105.2,106.13,36311730.0
2021-01-14,105.98,106.92,103.06,105.42,27157360.0
2021-01-15,104.7,106.16,103.53,104.11,16430640.0
2021-01-18,104.2,104.2,102.21,103.06,15237350.0
2021-01-19,104.0,105.71,103.25,103.59,21274440.0
2021-01-20,103.75,106.59,103.75,105.77,16309960.0
2021-01-21,106.02,106.48,101.6,105.99,25224300.0
2021-01-22,105.02,105.45,102.45,103.43,23629640.0
2021-01-25,103.99,104.35,99.5,101.1,30438820.0
2021-01-26,100.4,104.17,99.9,104.11,24208150.0
2021-01-27,104.2,104.65,100.15,100.52,22901790.0
2021-01-28,99.98,102.25,98.49,101.2,19403740.0
2021-01-29,100.88,101.21,98.52,99.22,19183060.0
2021-02-01,100.01,101.48,98.55,100.61,15798940.0
2021-02-02,100.98,103.46,100.37,102.15,24951610.0
2021-02-03,102.75,104.45,102.17,103.66,19396360.0
2021-02-04,103.45,104.18,102.07,102.61,12281440.0
2021-02-05,103.08,103.38,100.56,102.32,12913330.0
2021-02-08,102.39,103.92,102.24,102.95,12703570.0
2021-02-09,103.01,104.9,102.13,104.19,27707300.0
2021-02-10,105.01,105.89,103.39,104.18,19432580.0
2021-02-11,103.99,105.5,103.17,104.45,15677840.0
2021-02-12,104.42,105.0,103.1,104.95,10968390.0
2021-02-15,105.24,106.2,102.62,103.83,21141220.0
2021-02-16,104.11,104.36,101.2,101.46,20332260.0
2021-02-17,101.45,102.1,99.7,100.9,17254380.0
2021-02-18,100.73,100.73,97.6,97.85,24242880.0
2021-02-19,97.62,97.84,95.83,96.95,26519790.0
2021-02-20,96.99,98.47,96.74,97.9,4376000.0
2021-02-22,97.6,98.3,96.71,97.99,18343980.0
2021-02-24,97.2,98.69,96.17,98.45,27766890.0
2021-02-25,98.7,100.08,98.53,99.3,30948250.0
2021-02-26,98.84,100.85,97.6,99.52,16736580.0
2021-03-01,100.39,101.34,99.51,101.1,11410760.0
2021-03-02,100.8,104.0,100.63,102.53,33776980.0
2021-03-03,103.0,104.53,102.65,103.35,20585580.0
2021-03-04,103.4,105.83,101.85,103.62,24939170.0
2021-03-05,104.63,107.62,104.17,106.65,27669400.0
2021-03-09,107.38,108.82,105.61,108.13,22768480.0
2021-03-10,108.4,109.47,106.01,106.57,17826890.0
2021-03-11,106.5,108.78,105.6,107.49,18293980.0
2021-03-12,107.28,107.76,105.0,106.43,18250560.0
2021-03-15,106.5,108.5,104.2,108.5,26983140.0
2021-03-16,108.45,109.16,106.6,108.2,16480970.0
2021-03-17,108.38,108.9,105.36,105.91,16026950.0
2021-03-18,106.23,108.7,105.39,107.16,23158430.0
2021-03-19,106.7,108.4,105.2,105.7,46427170.0
2021-03-22,105.99,106.44,104.83,105.68,10992790.0
2021-03-23,105.14,105.46,103.26,104.31,19935620.0
2021-03-24,104.22,106.24,103.41,105.78,14208070.0
2021-03-25,105.5,106.97,105.12,106.8,9792330.0
2021-03-26,107.06,108.0,106.41,107.85,9457860.0
2021-03-29,107.67,108.75,107.0,108.29,9700720.0
2021-03-30,108.57,108.82,107.03,107.96,10479730.0
2021-03-31,108.32,109.92,105.44,105.98,28442040.0
2021-04-01,106.29,107.07,104.15,104.86,18255390.0
2021-04-02,104.65,105.82,104.2,105.36,5224680.0
2021-04-05,105.59,105.94,104.4,105.58,5439940.0
2021-04-06,105.59,105.9,104.56,104.7,9377040.0
2021-04-07,104.7,105.11,102.88,104.34,14790330.0
2021-04-08,105.07,105.5,103.85,104.77,17989510.0
2021-04-09,104.94,104.94,100.7,101.45,44830870.0
2021-04-12,100.92,102.96,100.52,102.22,22364000.0
2021-04-13,102.12,103.14,101.62,102.88,18509700.0
2021-04-14,103.02,103.35,101.44,102.52,25790380.0
2021-04-15,101.98,106.89,101.71,106.3,29672020.0
2021-04-16,106.64,107.47,104.88,106.13,15840050.0
2021-04-19,106.49,108.09,106.34,107.15,17986660.0
2021-04-20,107.71,108.01,105.83,107.67,15258850.0
2021-04-21,107.31,111.36,107.24,111.13,28753820.0
2021-04-22,111.18,111.78,109.25,109.34,19026260.0
2021-04-23,109.74,113.0,108.9,113.0,20670540.0
2021-04-26,113.01,114.88,112.12,114.22,29951280.0
2021-04-27,114.18,114.22,109.55,110.52,26616870.0
2021-04-28,110.52,113.44,107.8,109.4,33970590.0
2021-04-29,110.0,110.29,106.67,108.4,20373110.0
2021-04-30,108.12,109.07,107.3,108.97,13838840.0
2021-05-04,109.34,110.14,107.76,108.93,15780610.0
2021-05-05,108.94,111.77,108.45,111.3,12657770.0
2021-05-06,111.29,114.04,111.29,113.31,17978520.0
2021-05-07,113.41,114.4,112.62,113.85,16604560.0
2021-05-10,113.85,118.13,113.37,116.69,23136800.0
2021-05-11,116.37,117.29,114.58,115.62,19007070.0
2021-05-12,115.49,117.17,113.58,114.14,24807120.0
2021-05-13,114.14,115.49,112.24,113.8,24643490.0
2021-05-14,113.8,114.34,112.87,114.0,7899530.0
2021-05-17,114.12,114.88,112.44,113.24,17480430.0
2021-05-18,113.26,116.2,112.82,116.15,26147030.0
2021-05-19,116.04,116.7,114.17,115.35,22048280.0
2021-05-20,115.17,116.05,114.37,114.86,12392830.0
2021-05-21,114.95,115.14,113.6,114.69,15991010.0
2021-05-24,115.2,115.74,114.12,114.52,11714460.0
2021-05-25,114.52,115.52,114.42,115.2,12187720.0
2021-05-26,114.8,115.28,113.38,114.13,20890320.0
2021-05-27,113.9,114.39,112.5,113.23,24984050.0
2021-05-28,113.42,114.69,113.31,114.48,9767490.0
2021-05-31,114.48,117.79,114.33,117.2,21719330.0
2021-06-01,117.15,119.55,117.1,118.95,16630970.0
2021-06-02,118.7,121.14,117.87,120.95,26697350.0
2021-06-03,121.03,121.5,118.84,119.86,17277280.0
2021-06-04,120.07,121.74,119.8,120.73,16139400.0
2021-06-07,120.73,124.7,119.82,124.5,20926460.0
2021-06-08,124.79,128.83,124.28,128.59,43636510.0
2021-06-09,128.9,130.06,126.83,129.5,29696440.0
2021-06-10,129.1,135.4,129.0,134.47,67285070.0
2021-06-11,135.0,135.4,132.8,135.26,38899070.0
2021-06-14,135.47,139.94,135.47,139.56,40502940.0
2021-06-15,139.98,141.73,136.9,137.69,38442800.0
2021-06-16,137.6,139.88,137.01,138.72,23013080.0
2021-06-17,138.0,139.19,131.15,134.8,53128030.0
2021-06-18,134.8,134.8,130.22,131.4,58360650.0
2021-06-21,130.76,136.68,130.54,136.56,31191430.0
2021-06-22,137.39,139.67,136.36,139.5,31733330.0
2021-06-23,139.99,140.0,132.52,134.69,45156960.0
2021-06-24,134.57,134.89,131.14,132.86,37119160.0
2021-06-25,132.95,133.95,130.78,132.54,20838390.0
2021-06-28,132.58,134.42,132.4,133.23,20845930.0
2021-06-29,133.35,135.1,132.67,134.08,40146190.0
2021-06-30,134.13,135.59,133.11,133.74,36274320.0
2021-07-01,125.37,129.43,123.83,126.25,69619040.0
2021-07-02,125.8,127.6,125.34,126.14,23765720.0
2021-07-05,126.14,126.4,123.86,124.74,17686840.0
2021-07-06,125.1,125.69,120.74,121.09,30781120.0
2021-07-07,121.0,125.89,120.9,124.6,33012180.0
2021-07-08,124.28,128.0,123.01,127.88,40141130.0
2021-07-09,128.14,131.21,127.0,130.99,35106170.0
2021-07-12,131.23,133.75,130.28,133.11,27319730.0
2021-07-13,133.45,137.51,133.2,137.22,34561740.0
2021-07-14,136.73,139.59,133.31,134.85,39306950.0
2021-07-15,135.1,136.0,132.9,133.27,27452530.0
2021-07-16,133.6,133.89,129.8,129.85,31776930.0
2021-07-19,129.49,131.04,125.72,126.89,26532750.0
2021-07-20,127.3,129.0,126.28,128.71,19684460.0
2021-07-21,129.04,131.15,128.41,128.79,14976990.0
2021-07-22,130.16,131.0,128.0,130.84,14635130.0
2021-07-23,131.47,132.19,128.76,129.75,11819200.0
2021-07-26,128.96,130.6,127.74,130.35,11072270.0
2021-07-27,130.7,131.7,129.47,129.8,16168720.0
2021-07-28,129.9,131.92,129.56,131.72,18384530.0
2021-07-29,132.0,134.4,131.28,133.96,15819590.0
2021-07-30,134.36,134.97,129.53,130.57,34396050.0
2021-08-02,131.0,132.14,129.9,130.55,15846270.0
2021-08-03,130.65,135.12,130.37,135.09,27682720.0
2021-08-04,135.8,139.1,135.2,138.37,33313060.0
2021-08-05,138.36,139.75,137.3,138.98,19826940.0
2021-08-06,139.1,140.7,138.3,138.71,21518560.0
2021-08-09,138.39,139.3,136.65,137.92,19784480.0
2021-08-10,138.29,140.0,136.7,137.96,21666230.0
2021-08-11,138.0,138.54,137.22,137.57,11247760.0
2021-08-12,137.71,139.47,137.36,138.21,15187170.0
2021-08-13,138.05,138.88,132.91,134.98,31074580.0
2021-08-16,134.89,135.0,131.72,133.31,17288430.0
2021-08-17,133.3,134.9,132.65,133.22,15889780.0
2021-08-18,133.55,134.94,133.0,133.15,10714650.0
2021-08-19,132.75,135.25,131.15,134.64,19619880.0
2021-08-20,135.12,135.2,130.22,132.27,18003800.0
2021-08-23,132.4,133.94,131.5,133.54,9042390.0
2021-08-24,133.88,134.29,132.16,133.5,16220390.0
2021-08-25,133.85,133.85,132.51,133.74,9008780.0
2021-08-26,133.7,135.8,133.3,134.22,14821710.0
2021-08-27,134.46,134.9,132.84,134.6,12564200.0
2021-08-30,134.6,140.49,133.65,140.4,26901130.0
2021-08-31,140.74,146.5,139.88,145.11,48736320.0
2021-09-01,145.38,147.0,143.32,145.71,28651350.0
2021-09-02,145.65,145.67,143.54,143.7,17855090.0
2021-09-03,143.5,146.58,142.8,145.83,17628350.0
2021-09-06,145.5,147.27,145.08,146.26,9972930.0
2021-09-07,146.26,148.67,145.83,147.8,13091320.0
2021-09-08,147.81,149.83,147.8,148.2,17354360.0
2021-09-09,147.5,149.35,145.46,145.59,20815310.0
2021-09-10,146.5,150.98,144.41,149.17,25866340.0
2021-09-13,149.65,150.76,149.1,150.3,15197290.0
2021-09-14,151.0,153.73,148.65,149.56,24661890.0
2021-09-15,149.44,149.9,146.57,147.65,13373960.0
2021-09-16,147.47,147.63,144.3,146.36,21734680.0
2021-09-17,147.0,147.13,142.5,143.8,25632340.0
2021-09-20,141.19,142.7,138.52,140.13,21224040.0
2021-09-21,140.89,142.29,136.38,138.55,23672590.0
2021-09-22,139.64,141.78,138.52,141.47,20422170.0
2021-09-23,142.43,142.95,139.26,140.72,23526510.0
2021-09-24,140.68,140.86,138.83,139.74,13786920.0
2021-09-27,140.07,141.6,139.23,140.58,12804450.0
2021-09-28,140.7,141.36,135.82,136.67,23090990.0
2021-09-29,136.4,137.92,132.9,134.5,25165520.0
2021-09-30,134.55,135.9,132.65,133.45,22692940.0
2021-10-01,133.45,138.02,132.0,138.01,19993650.0
2021-10-04,138.5,139.34,134.52,135.65,25319020.0
2021-10-05,136.35,136.5,132.63,135.8,34173140.0
2021-10-06,134.95,135.39,130.32,131.99,44689590.0
2021-10-07,130.96,135.2,127.45,133.8,52620560.0
2021-10-08,133.8,139.12,133.5,138.48,35153880.0
2021-10-11,139.12,142.79,139.12,142.35,51601460.0
2021-10-12,142.77,143.9,141.9,143.62,42341020.0
2021-10-13,143.59,143.6,137.64,139.6,57077120.0
2021-10-14,139.9,140.49,137.51,138.2,27571360.0
2021-10-15,138.01,139.2,136.71,137.95,45656670.0
2021-10-18,129.87,130.97,127.02,128.58,66425560.0
2021-10-19,128.99,132.96,127.68,132.76,37689440.0
2021-10-20,132.74,132.74,130.24,131.4,22320460.0
2021-10-21,131.37,132.47,130.11,130.99,23404680.0
2021-10-22,131.01,131.3,127.1,127.6,23186910.0
2021-10-25,128.18,130.36,127.1,128.2,24769490.0
2021-10-26,128.53,131.75,128.01,130.78,28756350.0
2021-10-27,130.85,132.0,129.15,129.82,17845810.0
2021-10-28,129.93,130.5,128.25,129.54,28805390.0
2021-10-29,129.3,129.44,124.47,125.21,25328910.0
2021-11-01,125.3,130.86,123.2,130.43,33309880.0
2021-11-02,129.92,133.13,128.13,132.0,36011600.0
2021-11-03,131.56,132.66,129.2,130.59,22070310.0
2021-11-05,129.9,131.46,127.54,128.4,13491920.0
2021-11-08,128.7,133.18,128.7,132.4,24854940.0
2021-11-09,132.1,134.59,130.03,130.68,25863180.0
2021-11-10,130.36,133.39,129.8,131.09,28635880.0
2021-11-11,131.86,134.74,130.9,134.03,29971480.0
2021-11-12,134.6,135.97,129.22,131.29,42659690.0
2021-11-15,131.3,132.88,130.52,130.89,23004240.0
2021-11-16,131.11,133.09,131.0,132.25,23843750.0
2021-11-17,132.95,133.38,131.3,132.25,18248870.0
2021-11-18,132.15,135.5,131.68,134.5,35283010.0
2021-11-19,135.5,135.69,128.6,130.43,31831860.0
2021-11-22,130.54,131.0,122.55,124.78,33515730.0
2021-11-23,124.46,131.53,121.53,131.0,36902420.0
2021-11-24,131.35,131.87,125.4,127.0,24469550.0
2021-11-25,127.38,128.2,124.64,125.25,11565880.0
2021-11-26,123.74,124.26,120.2,120.58,19906100.0
2021-11-29,122.99,127.25,121.4,124.99,29013750.0
2021-11-30,123.7,129.49,122.55,128.44,59494540.0
2021-12-01,129.03,130.85,127.51,128.83,27150760.0
2021-12-02,128.32,130.5,126.73,130.13,16487130.0
2021-12-03,130.2,130.6,126.5,127.73,18405590.0
2021-12-06,127.73,128.73,123.44,125.44,9997030.0
2021-12-07,125.44,128.64,124.61,127.94,18136520.0
2021-12-08,128.4,128.66,125.2,126.15,25447490.0
2021-12-09,126.5,127.84,124.86,126.87,17054700.0
2021-12-10,126.8,127.0,121.52,122.62,18555590.0
2021-12-13,122.77,124.2,113.9,114.3,35584530.0
2021-12-14,115.0,118.42,107.45,118.04,52163720.0
2021-12-15,118.09,119.64,115.31,118.35,19189370.0
2021-12-16,118.6,119.85,115.6,116.62,30566540.0
2021-12-17,116.62,117.55,113.8,114.77,39418480.0
2021-12-20,112.95,115.09,111.31,114.02,20254360.0
2021-12-21,114.48,115.6,112.03,113.54,22100540.0
2021-12-22,113.64,114.44,112.73,113.48,16929240.0
2021-12-23,114.0,114.5,112.4,113.7,14144390.0
2021-12-24,113.95,115.45,113.07,115.3,10449280.0
2021-12-27,115.5,116.89,114.99,116.55,11842890.0
2021-12-28,116.58,120.53,116.2,119.98,18284030.0
2021-12-29,119.65,121.36,118.6,121.25,17622500.0
2021-12-30,121.37,123.6,119.52,122.34,20444120.0
2022-01-03,122.49,123.91,122.22,123.27,9351750.0
2022-01-04,123.39,124.32,122.41,123.82,11335530.0
2022-01-05,123.8,124.26,117.4,117.71,16302400.0
2022-01-06,117.51,120.29,115.04,119.33,20998080.0
2022-01-10,119.49,120.8,115.55,117.48,16978860.0
2022-01-11,117.48,121.94,117.24,121.71,25664400.0
2022-01-12,121.95,122.2,118.6,120.11,23249970.0
2022-01-13,120.71,120.9,117.0,118.48,38799060.0
2022-01-14,118.1,119.1,113.47,118.61,34914230.0
2022-01-17,118.61,119.55,115.36,117.15,16649540.0
2022-01-18,117.15,117.54,108.05,108.33,47416260.0
2022-01-19,108.2,112.04,102.26,109.41,60509050.0
2022-01-20,109.42,114.19,106.84,110.84,56025950.0
2022-01-21,110.22,113.05,106.0,107.0,53467690.0
2022-01-24,106.2,107.99,96.52,102.63,60341780.0
2022-01-25,102.15,107.3,99.35,107.26,48218360.0
2022-01-26,107.34,108.14,103.2,103.81,31322630.0
2022-01-27,103.51,110.55,103.26,107.0,40306730.0
2022-01-28,107.45,110.6,107.27,110.59,23198300.0
2022-01-31,110.68,117.36,110.68,113.8,43650510.0
2022-02-01,113.98,116.35,112.4,114.98,20579690.0
2022-02-02,115.0,118.0,114.36,117.68,22458100.0
2022-02-03,117.39,117.53,114.1,115.23,27322590.0
2022-02-04,115.61,118.1,114.54,116.34,27682330.0
2022-02-07,116.79,116.95,113.66,115.98,19492260.0
2022-02-08,115.4,118.98,115.24,118.78,22026920.0
2022-02-09,118.8,122.69,118.8,122.32,25735300.0
2022-02-10,122.35,124.32,119.6,122.8,27481470.0
2022-02-11,122.79,123.26,117.0,117.88,27453940.0
2022-02-14,116.93,120.62,114.14,115.52,57927990.0
2022-02-15,116.32,118.18,113.3,115.79,44642190.0
2022-02-16,116.0,117.3,113.62,115.6,43188630.0
2022-02-17,115.92,115.98,108.12,109.77,58025220.0
2022-02-18,110.17,111.63,102.63,103.44,64311650.0
2022-02-21,103.23,106.89,84.06,90.3,143014080.0
2022-02-22,90.1,101.49,84.44,99.3,132844930.0
2022-02-24,89.97,90.0,55.7,77.01,116461370.0
2022-02-25,74.31,88.25,68.24,79.6,78525480.0
2022-03-24,82.0,99.8,82.0,89.39,19652870.0
2022-03-25,90.99,92.78,87.55,89.98,8465610.0
2022-03-28,89.76,89.8,86.01,86.5,10390010.0
2022-03-29,87.06,88.5,82.0,84.4,8248420.0
2022-03-30,86.99,88.5,85.0,87.9,4999540.0
2022-03-31,88.0,95.95,87.94,95.7,11360460.0
2022-04-01,95.9,97.9,93.2,94.02,9060610.0
2022-04-04,94.92,96.35,90.0,94.7,6449130.0
2022-04-05,94.71,95.5,90.32,92.76,4779560.0
2022-04-06,92.95,96.0,90.36,93.5,5186870.0
2022-04-07,93.55,94.44,92.0,92.8,4968910.0
2022-04-08,89.4,89.74,81.0,82.53,53064120.0
2022-04-11,82.88,84.4,79.5,79.55,16686860.0
2022-04-12,79.9,80.0,75.0,78.46,12341770.0
2022-04-13,78.82,81.0,78.82,79.95,5506170.0
2022-04-14,80.07,80.5,77.1,77.31,4574750.0
2022-04-15,77.45,78.99,73.62,78.99,7277680.0
2022-04-18,78.95,78.96,76.01,76.01,3477250.0
2022-04-19,76.23,76.95,74.2,76.71,6540660.0
2022-04-20,77.44,79.98,76.51,79.0,6992390.0
2022-04-21,79.26,80.99,79.2,79.99,5815050.0
2022-04-22,79.93,81.39,79.01,80.11,3552940.0
2022-04-25,81.0,81.5,78.54,79.64,4468820.0
2022-04-26,80.12,83.2,79.14,82.28,5698190.0
2022-04-27,82.26,84.65,81.71,82.55,5950790.0
2022-04-28,83.26,84.44,79.04,79.18,9168310.0
2022-04-29,79.7,80.88,79.18,80.33,3373490.0
2022-05-04,80.5,81.49,77.2,77.3,5175510.0
2022-05-05,77.72,78.86,77.0,77.52,3331600.0
2022-05-06,77.6,77.81,76.24,77.26,2303520.0
2022-05-11,77.8,78.21,77.0,78.15,2159800.0
2022-05-12,78.28,78.31,74.92,75.83,3359400.0
2022-05-13,76.09,76.64,74.42,74.42,4993160.0
2022-05-16,74.51,75.2,74.42,75.0,4649370.0
2022-05-17,75.0,75.58,74.6,75.0,5515330.0
2022-05-18,75.48,78.9,75.21,77.3,12680850.0
2022-05-19,77.5,78.4,76.15,77.28,3251400.0
2022-05-20,77.5,77.85,73.33,74.0,8253080.0
2022-05-23,74.77,74.95,70.21,70.6,7452980.0
2022-05-24,70.58,70.59,68.22,69.2,7140160.0
2022-05-25,70.02,71.97,69.6,70.34,3779720.0
2022-05-26,70.69,74.0,70.6,71.83,8768730.0
2022-05-27,72.64,73.87,71.95,73.87,4344770.0
2022-05-30,73.98,74.89,72.0,73.5,3946180.0
2022-05-31,73.44,73.98,72.5,73.8,2842430.0
2022-06-01,73.7,75.64,73.5,74.82,4383800.0
2022-06-02,75.11,75.38,72.25,72.96,4354840.0
2022-06-03,72.98,73.13,68.09,70.12,11895810.0
2022-06-06,70.11,71.85,69.21,71.22,3285440.0
2022-06-07,71.18,71.42,69.18,71.05,3697040.0
2022-06-08,69.86,70.88,68.0,68.09,19128470.0
2022-06-09,66.86,67.68,65.0,66.06,17013060.0
2022-06-10,66.14,68.15,65.18,68.02,8651470.0
2022-06-14,67.5,67.5,65.82,66.8,5476750.0
2022-06-15,66.76,67.37,65.81,66.7,3760590.0
2022-06-16,67.09,68.09,66.6,68.0,5691870.0
2022-06-17,68.01,68.54,67.5,67.9,3631260.0
2022-06-20,68.01,69.9,68.01,69.78,5137880.0
2022-06-21,69.91,70.28,68.4,68.8,6025400.0
2022-06-22,68.3,68.8,66.66,67.33,4721210.0
2022-06-23,67.78,69.47,67.37,68.83,5289030.0
2022-06-24,69.2,71.6,68.71,71.26,6413470.0
2022-06-27,71.5,74.72,70.71,74.72,7152400.0
2022-06-28,74.32,74.75,70.21,72.57,13548620.0
2022-06-29,72.19,72.92,70.66,70.81,5093770.0
2022-06-30,71.29,72.0,67.51,67.7,9843960.0
2022-07-01,67.47,67.48,65.9,66.24,12657280.0
2022-07-04,66.23,66.5,64.16,64.55,8777520.0
2022-07-05,64.08,65.2,63.0,64.99,10803000.0
2022-07-06,64.96,66.3,64.67,64.96,8584670.0
2022-07-07,65.0,65.84,64.53,65.35,4279520.0
2022-07-08,65.47,66.84,64.95,66.84,4637970.0
2022-07-11,66.82,66.84,65.11,65.11,3815410.0
2022-07-12,65.1,65.18,63.52,65.18,4182760.0
2022-07-13,65.18,65.19,63.62,63.7,3657820.0
2022-07-14,63.7,64.25,62.66,63.08,5209890.0
2022-07-15,63.33,63.76,61.52,63.76,6154620.0
2022-07-18,63.53,63.72,62.4,62.53,2932400.0
2022-07-19,62.55,62.7,60.15,60.5,5964560.0
2022-07-20,60.68,61.18,60.21,60.84,3431950.0
2022-07-21,60.84,61.88,59.25,61.3,5947210.0
2022-07-22,61.31,62.96,60.87,62.85,4309560.0
2022-07-25,62.86,63.35,61.75,63.0,3068820.0
2022-07-26,63.05,64.17,62.67,64.1,3232250.0
2022-07-27,64.1,64.88,63.85,64.51,4418310.0
2022-07-28,64.83,65.09,63.2,65.0,5450500.0
2022-07-29,65.09,65.47,63.4,64.5,6082070.0
2022-08-01,64.5,64.7,62.26,64.51,16162650.0
2022-08-02,64.32,65.33,63.5,64.46,9439600.0
2022-08-03,64.18,65.0,62.6,62.86,6223220.0
2022-08-04,62.83,63.97,61.68,61.95,5427850.0
2022-08-05,61.94,62.53,60.11,61.21,7054940.0
2022-08-08,62.66,63.47,61.8,61.8,3234190.0
2022-08-09,62.0,62.97,61.16,62.71,2777550.0
2022-08-10,62.94,64.0,62.33,63.69,4083650.0
2022-08-11,63.88,64.99,62.9,62.97,6251950.0
2022-08-12,63.05,64.7,62.7,64.55,3993570.0
2022-08-15,64.56,65.0,63.51,64.5,4066670.0
2022-08-16,64.62,67.3,64.6,67.29,10097690.0
2022-08-17,67.74,68.0,65.8,67.0,7288380.0
2022-08-18,67.07,67.59,66.4,67.56,3376100.0
2022-08-19,67.58,67.85,66.64,66.77,3352010.0
2022-08-22,66.9,68.5,65.55,68.2,6122410.0
2022-08-23,68.21,70.34,67.71,69.74,8310230.0
2022-08-24,70.38,71.8,70.15,71.3,12860510.0
2022-08-25,71.43,72.74,70.02,70.52,10997100.0
2022-08-26,70.55,72.0,70.55,72.0,4863690.0
2022-08-29,72.0,72.66,71.34,72.0,5392260.0
2022-08-30,72.27,72.7,70.56,70.81,5405140.0
2022-08-31,71.95,73.28,70.92,73.1,7306900.0
2022-09-01,73.32,73.88,72.0,72.15,6882670.0
2022-09-02,72.43,74.28,72.2,74.22,6665630.0
2022-09-05,74.5,75.05,73.51,74.9,4583790.0
2022-09-06,75.04,76.64,71.22,73.62,13748730.0
2022-09-07,73.6,74.4,72.59,73.48,5005360.0
2022-09-08,73.6,73.86,71.3,71.51,4966760.0
2022-09-09,71.76,75.7,71.58,75.19,16012410.0
2022-09-12,74.9,77.2,74.42,77.1,13682230.0
2022-09-13,77.13,77.72,75.98,76.32,10286330.0
2022-09-14,76.12,78.74,74.85,78.48,16176450.0
2022-09-15,78.56,79.6,77.24,77.73,15767420.0
2022-09-16,77.9,78.1,77.1,77.8,5823070.0
2022-09-19,77.83,78.4,76.3,76.93,6027650.0
2022-09-20,76.89,77.14,69.21,71.32,19392220.0
2022-09-21,66.21,70.63,65.1,66.94,13911890.0
2022-09-22,66.36,70.5,66.02,68.5,10940860.0
2022-09-23,68.55,68.7,65.31,65.63,11863330.0
2022-09-26,63.11,64.6,57.01,58.9,16807820.0
2022-09-27,59.31,62.89,58.1,61.39,9205210.0
2022-09-28,61.43,62.46,59.62,61.25,7297390.0
2022-09-29,60.8,61.28,58.1,59.67,10973860.0
2022-09-30,59.98,60.99,56.76,59.99,11008210.0
2022-10-03,60.01,64.98,59.8,64.51,14122350.0
2022-10-04,64.95,65.85,63.61,64.84,10401010.0
2022-10-05,64.84,69.9,61.65,69.1,38106730.0
2022-10-06,69.54,70.02,67.01,67.06,16952210.0
2022-10-07,66.72,66.85,62.7,63.83,13991450.0
2022-10-10,60.83,65.98,60.45,65.56,8660250.0
2022-10-11,65.65,69.0,64.95,67.88,13903990.0
2022-10-12,68.56,68.77,66.02,66.11,8456370.0
2022-10-13,66.08,66.81,65.5,66.42,4337330.0
2022-10-14,66.48,66.96,66.2,66.73,3723090.0
2022-10-17,66.8,69.28,66.8,69.11,6556870.0
2022-10-18,69.19,69.76,67.0,67.65,7823310.0
2022-10-19,67.0,67.7,64.7,66.25,12813330.0
2022-10-20,66.31,66.66,65.51,66.05,10326860.0
2022-10-21,66.31,66.31,64.5,65.85,9355770.0
2022-10-24,66.44,66.88,65.0,65.84,9846740.0
2022-10-25,66.02,67.3,65.53,66.96,14487780.0
2022-10-26,67.11,67.4,65.58,66.36,9923370.0
2022-10-27,66.44,67.7,66.02,67.03,17229820.0
2022-10-28,66.9,67.34,65.8,66.4,11103790.0
2022-10-31,66.56,67.2,65.52,66.07,6955220.0
2022-11-01,66.17,66.32,65.55,66.31,5723450.0
2022-11-02,66.4,66.55,63.5,65.04,6502090.0
2022-11-03,64.93,65.44,64.12,65.41,5788870.0
2022-11-07,65.82,66.48,65.41,66.3,9676640.0
2022-11-08,66.47,66.57,65.03,65.93,7277730.0
2022-11-09,65.93,67.87,64.51,65.4,16698550.0
2022-11-10,65.64,67.23,64.71,67.15,12111520.0
2022-11-11,67.27,69.24,66.55,68.61,21531920.0
2022-11-14,68.51,69.7,67.3,68.59,11384490.0
2022-11-15,68.65,69.07,64.71,66.31,12801970.0
2022-11-16,66.96,68.0,66.28,67.77,6262130.0
2022-11-17,67.84,68.18,66.27,66.85,5666750.0
2022-11-18,66.9,66.9,66.06,66.5,2858640.0
2022-11-21,66.51,66.52,65.15,65.73,5070410.0
2022-11-22,65.51,66.45,65.0,66.23,4328680.0
2022-11-23,66.39,66.48,65.44,65.88,7304090.0
2022-11-24,65.9,66.11,65.6,65.76,4236770.0
2022-11-25,65.78,66.04,65.1,65.28,5403530.0
2022-11-28,65.14,65.2,64.13,64.72,6248890.0
2022-11-29,64.69,65.19,64.41,65.0,4860550.0
2022-11-30,65.07,65.26,64.61,64.99,4788930.0
2022-12-01,65.0,65.07,64.44,64.66,5057350.0
2022-12-02,64.53,64.66,63.93,64.16,5244240.0
2022-12-05,64.16,65.0,63.63,64.7,5817920.0
2022-12-06,64.76,65.47,64.5,64.61,4760660.0
2022-12-07,64.5,64.98,64.03,64.66,3939860.0
2022-12-08,64.79,64.82,64.39,64.59,1503690.0
2022-12-09,64.59,64.86,60.77,61.52,38064830.0
2022-12-12,60.85,61.52,60.31,61.15,18429920.0
2022-12-13,61.32,61.5,60.6,61.27,8853520.0
2022-12-14,61.34,61.68,60.61,60.8,7554670.0
2022-12-15,60.68,60.78,59.87,60.41,8563860.0
2022-12-16,60.41,61.0,60.05,60.9,5501900.0
2022-12-19,60.9,60.98,59.4,59.89,9184170.0
2022-12-20,59.89,60.4,58.84,60.16,15461040.0
2022-12-21,60.3,60.5,58.93,59.49,9974830.0
2022-12-22,59.54,59.73,58.96,59.22,8160960.0
2022-12-23,59.21,59.44,58.85,59.2,5899440.0
2022-12-26,59.24,59.67,59.04,59.31,7042480.0
2022-12-27,59.42,59.44,58.9,59.11,8921860.0
2022-12-28,59.1,59.12,58.01,58.22,15268570.0
2022-12-29,58.18,59.0,58.0,58.99,6763360.0
2022-12-30,59.01,59.18,58.5,58.82,5776350.0
2023-01-03,58.84,59.53,58.84,59.35,4520410.0
2023-01-04,59.48,59.48,59.09,59.28,2064870.0
2023-01-05,59.3,59.34,58.58,58.89,3960790.0
2023-01-06,58.8,58.99,58.72,58.83,1763580.0
2023-01-09,59.06,59.25,58.75,59.16,5874630.0
2023-01-10,59.26,59.83,58.87,59.81,7748120.0
2023-01-11,59.9,60.8,59.85,60.75,12268520.0
2023-01-12,60.81,60.86,59.87,60.1,8466840.0
2023-01-13,60.04,60.41,59.77,60.09,7015890.0
2023-01-16,60.2,62.6,60.0,62.52,29500590.0
2023-01-17,63.11,63.68,61.6,61.79,36983110.0
2023-01-18,61.91,62.7,61.1,61.68,16021520.0
2023-01-19,61.58,61.62,59.8,60.3,28360270.0
2023-01-20,60.41,60.62,59.9,60.16,10507070.0
2023-01-23,60.46,61.88,60.09,61.54,17776670.0
2023-01-24,61.75,61.85,60.56,60.7,15283040.0
2023-01-25,60.68,60.93,60.11,60.87,7445660.0
2023-01-26,60.92,61.09,60.22,60.44,7849420.0
2023-01-27,60.52,61.11,60.18,60.78,7777940.0
2023-01-30,61.2,61.69,60.91,61.55,10356570.0
2023-01-31,61.6,62.48,61.56,62.0,13164160.0
2023-02-01,62.11,62.4,61.24,61.73,12426930.0
2023-02-02,61.9,61.94,61.16,61.62,8552610.0
2023-02-03,61.54,61.99,60.85,61.72,8857650.0
2023-02-06,61.97,62.88,61.73,62.55,15156150.0
2023-02-07,62.55,63.41,61.9,62.34,12565330.0
2023-02-08,62.42,62.8,61.3,61.99,11367910.0
2023-02-09,62.06,62.07,61.53,61.78,6498850.0
2023-02-10,61.67,62.06,61.53,61.82,4208650.0
2023-02-13,61.83,62.19,61.61,61.73,4870440.0
2023-02-14,61.7,61.79,59.25,60.39,14530810.0
2023-02-15,60.19,60.19,58.12,58.88,14852710.0
2023-02-16,59.07,59.59,58.53,58.94,8136950.0
2023-02-17,58.73,59.49,58.7,59.39,5737240.0
2023-02-20,59.66,59.88,58.25,59.05,18626620.0
2023-02-21,58.9,60.3,58.81,59.88,12575550.0
2023-02-22,59.9,60.15,59.45,59.95,4387810.0
2023-02-24,60.15,60.8,58.61,59.39,24603560.0
2023-02-27,59.1,60.3,59.01,60.22,7322610.0
2023-02-28,60.39,60.65,60.13,60.52,7248770.0
2023-03-01,60.68,61.53,60.4,61.35,10258940.0
2023-03-02,61.34,61.77,59.96,60.45,10978790.0
2023-03-03,60.84,62.3,60.8,62.18,29141280.0
2023-03-06,62.29,62.82,61.72,61.88,11826810.0
2023-03-07,61.72,61.99,61.3,61.6,7083040.0
2023-03-09,61.7,62.35,61.43,61.5,5223930.0
2023-03-10,61.35,61.74,61.0,61.55,4380350.0
2023-03-13,61.63,62.18,60.6,61.05,8858320.0
2023-03-14,61.05,61.66,60.75,61.35,5446390.0
2023-03-15,61.47,61.7,60.31,60.69,8936650.0
2023-03-16,60.67,60.96,59.88,60.4,8082600.0
2023-03-17,60.4,60.95,60.3,60.8,10876150.0
2023-03-20,60.92,63.23,60.85,63.12,23947630.0
2023-03-21,63.39,65.8,62.85,64.24,46934500.0
2023-03-22,64.25,64.9,63.59,63.79,13555130.0
2023-03-23,63.9,64.1,63.07,63.79,11794730.0
2023-03-24,63.79,63.92,63.21,63.54,6413660.0
2023-03-27,63.73,65.6,63.71,65.44,20158890.0
2023-03-28,65.66,65.9,64.1,64.87,12103620.0
2023-03-29,64.99,65.11,64.21,64.56,8010150.0
2023-03-30,64.37,67.2,64.2,66.51,28776410.0
2023-03-31,66.55,66.9,64.7,65.99,21822670.0
2023-04-03,66.91,67.37,66.18,66.78,17026640.0
2023-04-04,67.0,67.15,65.61,66.26,17398060.0
2023-04-05,66.22,67.05,65.25,66.55,11956930.0
2023-04-06,66.7,67.78,65.81,65.99,22949300.0
2023-04-07,66.11,66.84,66.02,66.64,12617860.0
2023-04-10,66.85,67.95,66.77,67.79,16815570.0
2023-04-11,67.95,68.74,66.3,66.8,23614750.0
2023-04-12,66.95,67.44,66.01,66.57,16928150.0
2023-04-13,66.36,66.49,65.32,65.96,11449550.0
2023-04-14,65.93,66.48,65.53,66.4,6547940.0
2023-04-17,66.57,67.3,66.53,67.07,8488210.0
2023-04-18,67.21,67.58,66.63,67.22,9818460.0
2023-04-19,67.33,67.79,66.3,66.68,15438290.0
2023-04-20,66.68,67.69,65.71,67.19,12914880.0
2023-04-21,67.36,68.78,66.93,68.17,18945550.0
2023-04-24,68.04,69.09,67.56,68.11,14374040.0
2023-04-25,68.2,68.49,67.38,67.55,8332140.0
2023-04-26,67.73,68.65,67.4,68.04,10113690.0
2023-04-27,68.12,68.54,67.56,68.34,11521520.0
2023-04-28,68.51,68.97,66.86,67.75,11685910.0
2023-05-02,67.91,68.2,66.17,66.7,9599860.0
2023-05-03,66.74,67.51,64.81,65.4,15597250.0
2023-05-04,65.51,66.11,65.05,65.86,6591730.0
2023-05-05,65.9,66.4,64.67,64.79,7567360.0
2023-05-08,64.74,65.06,64.1,64.53,3377600.0
2023-05-10,65.65,66.5,64.56,65.96,20275110.0
2023-05-11,66.12,66.97,64.58,65.49,14519960.0
2023-05-12,65.56,65.95,65.01,65.65,6374250.0
2023-05-15,65.73,67.5,65.7,67.4,9969490.0
2023-05-16,67.52,67.9,66.65,67.36,7842020.0
2023-05-17,67.82,68.42,67.05,67.7,13526640.0
2023-05-18,67.73,67.97,66.71,66.89,11811870.0
2023-05-19,66.0,66.44,65.44,66.25,13687180.0
2023-05-22,66.5,66.92,65.9,66.81,6500840.0
2023-05-23,66.91,66.91,66.0,66.63,5782810.0
2023-05-24,66.6,67.35,66.12,66.95,7429830.0
2023-05-25,67.0,67.15,65.8,66.34,7020740.0
2023-05-26,66.19,66.95,66.06,66.78,5974930.0
2023-05-29,67.0,67.88,66.61,66.94,16205030.0
2023-05-30,66.58,71.44,66.13,67.53,148633460.0
2023-05-31,64.38,65.96,64.0,65.79,55868030.0
2023-06-01,66.03,66.81,65.28,65.5,11145330.0
2023-06-02,65.54,66.17,65.3,66.08,13321980.0
2023-06-05,66.32,66.94,65.6,65.8,16210450.0
2023-06-06,65.7,66.17,65.21,66.1,9121590.0
2023-06-07,66.14,66.36,65.73,65.98,6350150.0
2023-06-08,66.05,66.22,65.76,66.05,3591150.0
2023-06-09,66.07,67.5,65.87,66.93,18150260.0
2023-06-13,67.1,67.75,67.09,67.62,10746590.0
2023-06-14,67.73,68.36,67.0,68.36,15265720.0
2023-06-15,68.53,68.75,67.05,67.44,23821130.0
2023-06-16,67.52,67.64,66.7,67.04,12352950.0
2023-06-19,69.51,69.8,68.01,69.3,48499810.0
2023-06-20,69.19,69.71,67.8,68.86,19124760.0
2023-06-21,68.87,69.09,68.3,68.81,8070280.0
2023-06-22,68.69,68.97,68.29,68.38,8572970.0
2023-06-23,68.28,68.65,66.4,66.89,20198270.0
2023-06-26,67.28,67.53,66.1,67.07,15810270.0
2023-06-27,67.16,67.87,67.1,67.61,7019860.0
2023-06-28,67.75,67.8,67.1,67.45,5061620.0
2023-06-29,67.58,68.77,67.58,68.64,11368510.0
2023-06-30,68.82,71.23,68.21,70.3,37348630.0
2023-07-03,70.63,72.35,70.23,71.29,35752450.0
2023-07-04,71.48,71.8,69.8,70.08,19132250.0
2023-07-05,70.11,71.12,69.87,70.8,14812210.0
2023-07-06,71.06,71.67,70.56,71.07,21096280.0
2023-07-07,71.4,72.26,70.82,72.18,16228220.0
2023-07-10,72.3,74.3,72.28,74.14,32432980.0
2023-07-11,74.29,75.07,73.72,74.67,23694180.0
2023-07-12,74.84,76.85,74.7,76.79,27722990.0
2023-07-13,76.97,77.59,75.6,77.33,34955190.0
2023-07-14,77.34,78.29,76.65,77.89,19261030.0
2023-07-17,77.49,78.75,77.0,78.57,19377670.0
2023-07-18,78.63,81.89,78.6,81.77,53237140.0
2023-07-19,81.9,82.52,80.85,81.13,20255030.0
2023-07-20,81.1,81.12,78.65,79.06,35002010.0
2023-07-21,78.82,81.2,78.82,81.07,16002570.0
2023-07-24,81.06,81.85,80.16,80.8,13824110.0
2023-07-25,80.79,80.95,79.61,80.61,11993510.0
2023-07-26,80.62,82.78,80.27,82.71,18342720.0
2023-07-27,84.8,86.26,83.21,84.61,57004280.0
2023-07-28,84.61,84.9,83.45,83.98,16524610.0
2023-07-31,84.07,85.6,83.75,85.5,18915000.0
2023-08-01,85.71,86.5,84.31,85.5,20255520.0
2023-08-02,85.38,86.33,84.62,85.61,19722940.0
2023-08-03,85.63,89.48,85.52,88.69,39998110.0
2023-08-04,89.0,89.6,83.55,85.58,45937410.0
2023-08-07,86.03,87.87,84.25,85.54,29095770.0
2023-08-08,85.56,86.38,82.75,86.12,25519860.0
2023-08-09,86.33,87.64,85.32,87.17,22396310.0
2023-08-10,87.43,89.08,86.86,88.9,17426060.0
2023-08-11,89.0,92.0,88.7,91.98,34989350.0
2023-08-14,92.89,93.7,87.06,87.52,106836900.0
2023-08-15,87.09,88.96,85.32,85.98,32172940.0
2023-08-16,85.92,86.61,81.62,83.38,53904880.0
2023-08-17,84.3,86.19,81.95,85.8,37233320.0
2023-08-18,85.77,88.38,84.2,88.03,41971940.0
2023-08-21,88.05,88.5,85.2,86.08,37711100.0
2023-08-22,86.01,86.07,84.27,85.05,28151520.0
2023-08-23,85.12,85.57,82.82,83.39,27737770.0
2023-08-24,83.61,85.38,83.59,85.1,15764760.0
2023-08-25,85.16,85.9,84.1,84.69,19190340.0
2023-08-28,84.99,85.4,84.16,84.73,17392780.0
2023-08-29,84.47,84.47,82.5,82.85,45837820.0
2023-08-30,82.74,82.76,80.92,81.93,28213110.0
2023-08-31,82.03,82.36,81.1,81.27,16229030.0
2023-09-01,81.33,82.34,80.66,82.23,25842160.0
2023-09-04,82.35,83.33,82.14,83.0,21060520.0
2023-09-05,83.1,83.15,81.51,82.12,15460270.0
2023-09-06,82.0,82.25,81.32,82.01,12281510.0
2023-09-07,82.0,82.01,79.66,80.19,21118200.0
2023-09-08,80.01,81.0,77.77,79.82,21786490.0
2023-09-11,80.03,80.29,77.91,78.15,14841720.0
2023-09-12,78.29,79.7,78.26,79.64,10044550.0
2023-09-13,79.75,80.08,78.55,78.93,6699930.0
2023-09-14,78.95,79.04,77.31,78.12,13416640.0
2023-09-15,78.07,78.29,76.55,77.0,23599540.0
2023-09-18,76.82,76.82,74.95,75.26,30595720.0
2023-09-19,75.09,75.66,73.12,73.64,27773500.0
2023-09-20,73.7,75.26,71.82,72.17,54236650.0
2023-09-21,71.98,71.98,69.7,69.88,37409490.0
2023-09-22,69.56,72.78,69.3,72.69,34385960.0
2023-09-25,72.67,72.68,71.11,71.97,16776660.0
2023-09-26,72.02,73.69,71.14,73.05,14377480.0
2023-09-27,73.1,73.96,72.71,73.26,20234740.0
2023-09-28,73.28,73.71,72.35,73.03,16463040.0
2023-09-29,72.99,73.9,72.2,73.81,16215190.0
2023-10-02,74.04,75.68,72.61,73.19,44142070.0
2023-10-03,73.19,74.84,71.81,74.15,27163020.0
2023-10-04,74.05,74.24,73.17,73.18,10550600.0
2023-10-05,73.4,74.0,73.03,73.78,6907160.0
2023-10-06,73.83,74.77,73.64,74.68,9991140.0
2023-10-09,74.92,75.46,74.24,74.97,11747060.0
2023-10-10,75.01,77.45,74.84,77.32,27825700.0
2023-10-11,77.4,78.09,75.56,75.89,29015780.0
2023-10-12,75.65,77.15,75.15,76.86,11616570.0
2023-10-13,76.95,77.16,76.12,76.7,11070640.0
2023-10-16,77.0,77.45,76.64,76.9,18678160.0
2023-10-17,76.85,77.3,76.4,77.01,33054920.0
2023-10-18,73.33,73.65,72.7,72.82,40265550.0
2023-10-19,72.6,72.7,71.8,72.2,23347530.0
2023-10-20,72.15,72.36,71.4,72.06,12144450.0
2023-10-23,72.03,73.0,71.8,72.61,14251040.0
2023-10-24,72.73,72.74,72.02,72.36,7458450.0
2023-10-25,72.25,72.28,71.44,71.54,9730150.0
2023-10-26,71.49,71.49,70.4,70.79,14876460.0
2023-10-27,71.0,71.54,70.35,70.74,12148700.0
2023-10-30,70.52,70.52,69.8,70.03,10726630.0
2023-10-31,70.1,70.59,69.71,69.98,11163610.0
2023-11-01,69.9,70.7,69.82,70.5,9808280.0
2023-11-02,70.5,71.79,70.15,70.87,15988990.0
2023-11-03,71.09,71.36,69.75,70.01,13607190.0
2023-11-06,70.19,70.5,69.91,70.17,5151630.0
2023-11-07,70.13,70.83,69.98,70.39,6497230.0
2023-11-08,70.42,71.99,70.11,71.62,16836030.0
2023-11-09,71.63,71.78,70.92,71.36,6511660.0
2023-11-10,71.15,71.42,70.2,70.37,7149540.0
2023-11-13,70.25,71.15,68.06,68.5,18856400.0
2023-11-14,68.0,68.38,66.98,68.02,19854990.0
2023-11-15,68.05,69.28,67.21,68.66,19448610.0
2023-11-16,68.62,68.87,66.68,66.95,12893710.0
2023-11-17,66.66,66.99,65.67,66.66,16529350.0
2023-11-20,66.75,66.98,66.03,66.38,7104480.0
2023-11-21,66.38,67.27,65.91,67.07,7558270.0
2023-11-22,67.27,67.43,66.5,66.6,5445230.0
2023-11-23,66.37,66.84,66.01,66.14,4552350.0
2023-11-24,66.14,66.67,65.51,66.01,8643500.0
2023-11-27,65.99,66.25,64.99,65.4,8554320.0
2023-11-28,65.65,66.95,64.2,66.5,13268770.0
2023-11-29,66.5,67.72,65.41,66.73,18318870.0
2023-11-30,66.76,66.96,65.0,65.18,11638000.0
2023-12-01,65.1,65.84,64.65,65.03,7642120.0
2023-12-04,64.97,66.14,64.41,65.24,10087500.0
2023-12-05,65.5,66.95,65.2,66.3,7458000.0
2023-12-06,66.51,66.54,64.7,65.89,22874660.0
2023-12-07,65.75,67.7,65.4,67.53,22157960.0
2023-12-08,67.75,70.96,67.75,70.92,42829740.0
2023-12-11,71.0,72.26,68.75,70.62,49805260.0
2023-12-12,70.89,72.62,69.69,72.19,29754010.0
2023-12-13,72.1,73.14,71.1,71.48,19108790.0
2023-12-14,71.49,71.81,69.1,69.49,17518140.0
2023-12-15,69.39,71.89,69.39,71.2,14278470.0
2023-12-18,71.05,73.35,70.94,72.51,29989370.0
2023-12-19,72.6,72.94,71.61,72.3,16239610.0
2023-12-20,72.25,73.15,71.96,72.19,14139990.0
2023-12-21,71.8,72.36,70.3,71.21,14493990.0
2023-12-22,71.22,72.14,70.58,70.97,16170340.0
2023-12-25,71.07,71.5,70.02,70.05,10057380.0
2023-12-26,70.04,70.79,69.26,70.38,13365850.0
2023-12-27,70.35,70.36,69.77,69.85,9838890.0
2023-12-28,69.85,70.21,69.1,69.5,9694910.0
2023-12-29,69.5,69.98,69.27,69.5,3840190.0
2024-01-03,69.51,71.3,69.28,71.2,8673690.0
2024-01-04,71.0,71.29,70.51,71.22,6153700.0
2024-01-05,71.38,71.71,70.82,71.47,5655840.0
2024-01-08,71.47,71.61,71.03,71.16,3772070.0
2024-01-09,71.14,72.09,70.43,71.98,11978330.0
2024-01-10,72.03,72.7,71.36,71.4,8356330.0
2024-01-11,71.58,71.95,71.25,71.79,6659760.0
2024-01-12,72.01,74.3,71.85,73.73,20482700.0
2024-01-15,74.02,76.2,74.0,75.0,33759710.0
2024-01-16,75.1,75.1,73.38,73.96,25620140.0
2024-01-17,73.9,74.0,72.9,73.38,10102930.0
2024-01-18,73.4,73.67,72.23,73.07,12793420.0
2024-01-19,73.09,73.5,72.57,72.79,8305250.0
2024-01-22,72.89,73.33,72.52,72.98,8188820.0
2024-01-23,73.11,73.45,71.59,71.76,12633830.0
2024-01-24,71.76,71.8,70.56,70.77,14731250.0
2024-01-25,70.71,72.15,70.41,71.2,16599260.0
2024-01-26,71.4,71.94,70.62,70.64,8024760.0
2024-01-29,70.63,71.2,70.01,70.64,10769880.0
2024-01-30,70.64,71.5,70.45,71.29,9934570.0
2024-01-31,71.45,71.75,71.01,71.47,8335690.0
2024-02-01,71.58,72.1,70.74,71.12,9626100.0
2024-02-02,71.21,71.24,70.56,70.72,7164060.0
2024-02-05,70.75,71.15,70.4,70.76,7813040.0
2024-02-06,70.82,71.29,70.8,71.12,7384620.0
2024-02-07,71.3,71.34,70.13,70.38,9937270.0
2024-02-08,70.48,70.59,69.2,69.26,14053240.0
2024-02-09,69.26,69.54,68.71,69.07,8130910.0
2024-02-12,69.1,69.5,67.75,67.96,11995490.0
2024-02-13,67.99,68.56,67.62,68.14,12979940.0
2024-02-14,68.29,69.04,67.9,68.27,10183750.0
2024-02-15,68.41,68.44,67.81,68.3,7130340.0
2024-02-16,68.4,68.99,68.04,68.75,9436520.0
2024-02-19,68.79,70.37,68.45,69.55,23341870.0
2024-02-20,69.62,71.04,69.44,69.81,30907710.0
2024-02-21,69.83,70.12,68.76,69.55,14684680.0
2024-02-22,69.81,70.9,69.01,70.59,16603270.0
2024-02-26,70.89,71.65,70.88,71.26,12342090.0
2024-02-27,71.32,72.93,71.17,72.81,21916290.0
2024-02-28,72.86,72.99,70.64,70.79,36752280.0
2024-02-29,70.76,71.54,70.5,71.32,11349410.0
2024-03-01,71.3,72.37,71.14,72.23,11926570.0
2024-03-04,72.67,73.73,71.93,73.56,19571880.0
2024-03-05,73.7,74.22,73.0,73.62,17552180.0
2024-03-06,73.62,74.71,73.48,74.44,14394160.0
2024-03-07,74.51,74.95,73.8,74.93,11504130.0
2024-03-11,75.05,75.32,74.27,75.31,17013520.0
2024-03-12,75.17,75.44,74.57,75.27,9080420.0
2024-03-13,75.28,75.62,74.64,74.7,12487800.0
2024-03-14,74.71,74.9,73.24,73.86,13660360.0
2024-03-15,73.86,74.45,73.55,74.35,8080180.0
2024-03-18,74.37,74.82,73.6,74.34,12148960.0
2024-03-19,74.35,75.03,73.7,74.99,19027370.0
2024-03-20,75.06,77.5,74.78,77.12,49450750.0
2024-03-21,77.14,77.38,75.56,76.65,32431520.0
2024-03-22,76.74,77.18,74.46,75.58,23994830.0
2024-03-25,75.59,76.5,74.72,76.41,14038370.0
2024-03-26,76.43,76.82,75.4,76.7,13597680.0
2024-03-27,76.71,78.74,76.15,78.39,24032010.0
2024-03-28,78.57,78.78,77.25,78.45,29053360.0
2024-03-29,78.65,79.33,77.8,78.72,16841440.0
2024-04-01,78.78,79.42,77.83,78.61,14639450.0
2024-04-02,78.81,79.89,78.03,79.65,18991690.0
2024-04-03,79.64,79.97,78.34,78.66,15039940.0
2024-04-04,78.66,78.99,78.12,78.26,9670360.0
2024-04-05,78.15,78.48,77.3,77.54,9891840.0
2024-04-08,77.71,78.46,77.5,77.99,16693260.0
2024-04-09,78.09,78.29,76.24,76.51,16873400.0
2024-04-10,76.4,77.36,75.93,76.96,10009940.0
2024-04-11,77.11,77.11,76.27,76.75,6669950.0
2024-04-12,76.85,77.44,76.52,76.9,13409770.0
2024-04-15,76.87,77.2,76.57,76.75,7681530.0
2024-04-16,76.7,77.1,75.68,76.39,25068680.0
2024-04-17,76.4,76.74,75.83,75.87,7681630.0
2024-04-18,75.93,76.21,75.2,75.5,8323490.0
2024-04-19,75.63,76.64,75.41,76.2,7016330.0
2024-04-22,76.29,77.38,76.15,77.32,11458360.0
2024-04-23,77.43,77.96,76.21,76.25,10947900.0
2024-04-24,76.1,76.8,75.67,75.94,9551190.0
2024-04-25,75.92,76.63,75.5,76.51,4881950.0
2024-04-26,76.34,76.97,75.8,76.29,7252720.0
2024-04-27,76.42,76.96,75.9,76.71,5503710.0
2024-04-29,76.81,77.65,76.4,76.79,5223940.0
2024-04-30,76.86,77.56,76.28,77.4,4643600.0
2024-05-02,77.39,79.09,77.38,78.49,24245390.0
2024-05-03,78.64,79.06,77.3,77.63,10249870.0
2024-05-06,77.62,77.94,76.8,77.12,13090520.0
2024-05-07,77.05,78.01,77.0,77.12,8868570.0
2024-05-08,77.19,78.24,77.12,78.11,6632530.0
2024-05-10,78.14,78.57,77.7,78.37,5715400.0
2024-05-13,78.71,79.7,78.15,79.58,12413080.0
2024-05-14,79.7,79.8,78.51,79.23,10187260.0
2024-05-15,79.24,79.91,78.83,79.7,10771910.0
2024-05-16,80.01,81.43,79.51,80.82,31776390.0
2024-05-17,81.01,81.2,80.13,80.92,17046690.0
2024-05-20,82.15,83.18,80.25,81.45,28287410.0
2024-05-21,81.38,81.68,79.82,81.3,15872230.0
2024-05-22,81.47,82.12,80.73,80.73,12864030.0
2024-05-23,80.81,81.9,80.7,81.21,12533840.0
2024-05-24,81.27,81.49,79.1,80.05,14442910.0
2024-05-27,80.1,80.22,78.02,79.29,22370550.0
2024-05-28,79.45,81.2,79.0,80.17,31043010.0
2024-05-29,80.44,80.45,78.8,79.97,12134300.0
2024-05-30,79.97,80.25,77.58,78.9,17831100.0
2024-05-31,76.76,76.98,73.88,74.98,29488110.0
2024-06-03,74.72,75.44,71.22,74.17,26326250.0
2024-06-04,74.16,75.24,73.09,74.71,14568750.0
2024-06-05,75.0,77.0,74.04,74.69,15793070.0
2024-06-06,74.76,75.09,73.51,73.65,7843020.0
2024-06-07,73.84,75.32,73.26,74.53,16033190.0
2024-06-10,75.28,75.88,73.14,73.71,15489110.0
2024-06-11,73.42,75.59,72.62,74.82,23440860.0
2024-06-13,72.5,74.25,71.02,74.0,16309960.0
2024-06-14,74.19,74.71,73.43,73.87,15521770.0
2024-06-17,74.01,74.24,72.0,72.5,15090680.0
2024-06-18,72.44,72.96,70.21,70.96,15858980.0
2024-06-19,70.79,71.18,68.3,69.49,20468670.0
2024-06-20,69.69,72.35,68.97,72.04,23436050.0
2024-06-21,72.06,72.61,70.41,71.3,9887890.0
2024-06-24,71.3,73.88,71.08,71.56,27713940.0
2024-06-25,71.5,72.55,70.24,72.45,12391880.0
2024-06-26,72.51,72.63,71.12,71.3,8621880.0
2024-06-27,71.4,71.45,69.8,71.05,11592230.0
2024-06-28,71.13,71.68,70.33,70.83,6934020.0
2024-07-01,71.14,72.45,70.46,72.24,10437190.0
2024-07-02,72.4,72.44,70.96,71.3,10293650.0
2024-07-03,71.4,71.78,69.81,70.42,11521980.0
2024-07-04,70.36,70.67,69.41,69.87,8964010.0
2024-07-05,69.78,70.24,69.11,70.04,9203220.0
2024-07-08,70.05,70.49,68.55,68.89,8465180.0
2024-07-09,68.8,69.17,67.88,68.05,11695910.0
2024-07-10,68.0,68.61,65.11,65.15,23252480.0
2024-07-11,65.15,67.1,64.36,66.58,42536040.0
2024-07-12,66.51,66.96,64.33,64.47,24297300.0
2024-07-15,64.48,65.12,61.5,62.14,36082040.0
2024-07-16,62.25,62.94,61.05,62.4,29800070.0
2024-07-17,62.45,62.63,60.45,61.48,28569000.0
2024-07-18,61.36,63.4,61.0,63.11,22307470.0
2024-07-19,63.25,64.2,62.33,62.8,24637600.0
2024-07-22,63.07,64.47,62.93,64.0,28915700.0
2024-07-23,64.03,64.5,62.7,63.67,22863410.0
2024-07-24,63.5,64.46,63.3,63.82,18369390.0
2024-07-25,63.8,63.88,63.1,63.19,11697530.0
2024-07-26,63.17,63.89,60.54,61.35,47621650.0
2024-07-29,60.9,61.0,59.75,59.92,25187820.0
2024-07-30,59.89,61.17,59.55,60.68,18243810.0
2024-07-31,60.8,61.45,60.52,60.98,17864150.0
2024-08-01,61.04,61.87,60.5,60.58,11882600.0
2024-08-02,60.58,61.3,59.82,60.24,11929320.0
2024-08-05,59.8,59.88,58.78,59.19,21856050.0
2024-08-06,59.57,60.74,59.19,60.2,17353930.0
2024-08-07,60.24,61.23,59.42,61.06,24789130.0
2024-08-08,61.0,61.78,60.0,60.61,21993730.0
2024-08-09,60.56,61.26,60.3,60.95,10967350.0
2024-08-12,60.8,61.6,59.13,59.5,53267080.0
2024-08-13,59.65,60.17,59.33,59.58,20439820.0
2024-08-14,59.58,60.0,58.55,58.69,21085610.0
2024-08-15,58.76,59.08,58.46,58.7,15878840.0
2024-08-16,58.77,59.01,57.74,57.87,14321730.0
2024-08-19,57.98,58.28,56.94,57.03,18142040.0
2024-08-20,57.01,57.2,55.44,55.63,38810950.0
2024-08-21,55.65,55.99,54.77,55.47,23860560.0
2024-08-22,55.59,55.59,52.35,52.9,29698460.0
2024-08-23,52.88,54.43,52.0,53.88,48389350.0
2024-08-26,54.55,55.0,53.3,54.81,24813270.0
2024-08-27,55.76,56.13,51.55,52.06,56457180.0
2024-08-28,51.99,52.0,50.85,51.59,26262170.0
2024-08-29,51.64,52.48,50.57,51.69,18784420.0
2024-08-30,51.82,51.9,49.43,49.43,18470840.0
2024-09-02,49.08,49.23,45.53,46.5,46436360.0
2024-09-03,46.38,48.86,46.07,47.49,53135100.0
2024-09-04,47.55,49.65,47.15,49.5,28467930.0
2024-09-05,49.74,50.25,48.58,48.72,30194400.0
2024-09-06,48.72,50.2,47.99,50.15,18939970.0
2024-09-09,50.19,51.28,49.63,50.52,40009780.0
2024-09-10,50.65,51.07,49.6,50.13,20806660.0
2024-09-11,50.16,50.31,48.3,48.51,21085460.0
2024-09-12,48.51,49.15,47.55,48.99,16808180.0
2024-09-13,49.09,49.85,47.2,49.64,26695100.0
2024-09-16,49.84,51.87,49.53,51.36,32406780.0
2024-09-17,51.55,53.34,51.05,53.33,34627210.0
2024-09-18,53.14,53.33,51.52,51.83,29447050.0
2024-09-19,51.86,53.5,51.5,52.19,32135360.0
2024-09-20,52.25,52.98,52.18,52.64,16066660.0
2024-09-23,52.77,54.23,52.73,53.89,38202780.0
2024-09-24,54.0,56.09,53.12,55.82,35678610.0
2024-09-25,55.82,55.99,54.3,54.64,31607360.0
2024-09-26,54.62,54.99,53.65,54.64,15722850.0
2024-09-27,54.74,55.46,54.18,55.27,12324870.0
2024-09-30,55.36,56.8,53.86,54.09,36091190.0
2024-10-01,54.15,54.65,53.5,54.44,20718590.0
2024-10-02,54.46,54.99,52.5,53.37,21292880.0
2024-10-03,53.37,54.47,52.52,54.29,18149390.0
2024-10-04,54.28,54.72,53.76,54.52,11804530.0
2024-10-07,54.58,54.99,53.52,54.06,12043440.0
2024-10-08,54.1,54.12,53.05,53.7,10011310.0
2024-10-09,53.72,54.41,53.37,54.13,12339470.0
2024-10-10,54.17,54.79,53.53,53.89,7408540.0
2024-10-11,53.89,53.97,52.63,53.0,13193590.0
2024-10-14,52.96,55.33,52.31,55.23,32680590.0
2024-10-15,54.85,55.66,54.79,55.06,18759790.0
2024-10-16,55.16,55.31,54.71,54.97,13989280.0
2024-10-17,54.95,55.24,53.8,54.15,20755940.0
2024-10-18,51.53,53.27,51.14,52.2,33398360.0
2024-10-21,52.2,52.84,51.8,52.3,13585210.0
2024-10-22,52.26,52.48,50.51,50.78,20671910.0
2024-10-23,50.68,51.56,50.0,50.25,18179950.0
2024-10-24,50.19,50.54,49.55,50.01,20619100.0
2024-10-25,50.08,51.0,48.51,48.92,19728850.0
2024-10-28,48.71,48.92,46.24,47.34,22301890.0
2024-10-29,47.32,48.35,46.45,47.81,27771030.0
2024-10-30,47.87,48.94,46.96,47.2,23267340.0
2024-10-31,47.18,47.9,46.3,47.24,17619180.0
2024-11-01,47.27,48.64,47.07,48.62,16977650.0
2024-11-02,48.62,48.88,47.66,48.41,14072830.0
2024-11-05,48.51,48.68,47.8,48.54,14182470.0
2024-11-06,49.55,51.71,49.52,50.84,48548880.0
2024-11-07,50.74,52.23,50.2,52.0,25637260.0
2024-11-08,52.13,53.14,51.71,52.92,22949230.0
2024-11-11,53.5,53.75,52.76,53.06,19618990.0
2024-11-12,52.95,52.98,51.44,51.9,17207250.0
2024-11-13,51.85,52.7,51.12,51.24,13923550.0
2024-11-14,51.24,51.84,50.7,51.34,12268880.0
2024-11-15,51.45,53.43,51.22,53.22,19828920.0
2024-11-18,52.06,53.2,52.0,52.4,16781790.0
2024-11-19,52.07,52.75,50.5,50.88,19614690.0
2024-11-20,50.91,51.22,49.25,49.88,23777680.0
2024-11-21,49.8,50.33,48.33,49.74,33194020.0
2024-11-22,49.74,50.04,48.84,49.55,13742070.0
2024-11-25,49.28,49.63,46.79,47.21,25726570.0
2024-11-26,47.22,48.53,45.6,46.03,43203050.0
2024-11-27,46.29,49.12,45.0,49.07,52179650.0
2024-11-28,49.1,50.53,48.06,50.24,26914110.0
2024-11-29,50.1,50.69,49.0,49.54,18977800.0
2024-12-02,49.81,50.25,48.63,48.86,15445190.0
2024-12-03,48.86,48.92,47.41,47.5,14028980.0
2024-12-04,47.43,49.1,46.21,46.5,29883930.0
2024-12-05,46.7,48.6,46.1,48.07,27766580.0
2024-12-06,48.2,49.75,47.47,49.46,24933220.0
2024-12-09,49.8,50.19,49.12,49.45,17171300.0
2024-12-10,49.52,49.52,47.61,47.62,16467530.0
2024-12-11,47.52,48.5,47.03,48.46,15939920.0
2024-12-12,48.38,48.41,47.31,47.73,14640040.0
2024-12-13,47.63,47.68,46.6,46.79,17401180.0
2024-12-16,46.6,46.69,45.1,45.6,22251510.0
2024-12-17,45.5,46.03,45.19,45.94,16516720.0
2024-12-18,46.01,46.5,45.65,46.37,17497310.0
2024-12-19,46.23,47.27,46.01,46.87,27344070.0
2024-12-20,46.87,50.99,46.5,50.88,42661170.0
2024-12-23,51.65,52.99,51.12,52.3,35763200.0
2024-12-24,52.31,53.32,50.86,52.98,31502740.0
2024-12-25,52.96,53.5,52.0,52.96,33277140.0
2024-12-26,53.3,54.65,52.85,54.0,40244620.0
2024-12-27,54.05,54.86,53.83,54.69,23720370.0
2024-12-28,54.72,56.44,54.7,56.42,38158910.0
2024-12-30,56.49,58.0,56.43,57.86,19731720.0
2025-01-03,58.35,58.35,55.07,56.05,15036720.0
2025-01-06,56.02,56.02,54.55,55.19,12562240.0
2025-01-08,55.09,56.63,54.8,56.55,9016260.0
2025-01-09,56.56,56.98,54.32,54.66,18583690.0
2025-01-10,54.74,57.2,54.67,57.0,23920340.0
2025-01-13,57.3,59.3,57.25,58.03,32134420.0
2025-01-14,58.15,58.37,57.24,58.0,14324410.0
2025-01-15,58.01,58.32,57.11,58.08,17255740.0
2025-01-16,58.48,58.97,57.36,58.5,24727600.0
2025-01-17,58.5,58.75,57.5,58.26,24809210.0
2025-01-20,58.6,58.88,56.02,56.11,35288620.0
2025-01-21,56.19,56.62,55.67,56.51,15780140.0
2025-01-22,56.6,57.51,55.31,55.92,27318100.0
2025-01-23,55.87,56.04,54.37,55.0,30896170.0
2025-01-24,55.14,55.37,54.58,54.83,23607830.0
2025-01-27,54.9,55.39,54.02,54.96,20263460.0
2025-01-28,54.98,55.73,54.2,55.49,32307690.0
2025-01-29,55.5,56.28,54.8,55.21,23020520.0
2025-01-30,55.4,57.37,55.14,57.07,27475400.0
2025-01-31,57.12,58.4,56.5,56.86,32849690.0
2025-02-03,57.04,57.27,55.27,56.11,16182230.0
2025-02-04,56.3,56.68,54.38,54.51,15724480.0
2025-02-05,54.25,56.58,53.81,56.32,32348490.0
2025-02-06,56.5,57.29,55.77,57.01,18922090.0
2025-02-07,57.06,57.89,56.25,56.76,20892080.0
2025-02-10,57.0,58.89,56.9,57.8,30432350.0
2025-02-11,57.8,58.47,56.54,57.95,20323880.0
2025-02-12,57.8,61.16,57.55,60.97,56537000.0
2025-02-13,61.31,63.58,59.11,61.18,79926490.0
2025-02-14,61.2,63.21,60.22,61.23,47489170.0
2025-02-17,62.2,64.22,61.92,64.12,38383960.0
2025-02-18,64.2,64.4,61.15,61.7,46462510.0
2025-02-19,61.6,63.3,61.1,62.72,17407030.0
2025-02-20,63.0,63.27,62.31,62.77,12155290.0
2025-02-21,62.78,63.79,61.74,62.62,20592640.0
2025-02-24,62.63,64.99,62.42,64.77,20500180.0
2025-02-25,64.8,65.48,62.81,63.45,35041290.0
2025-02-26,63.45,64.08,60.76,61.14,27437590.0
2025-02-27,61.0,61.71,58.72,58.74,48189710.0
2025-02-28,58.79,62.16,58.25,61.76,73294290.0
2025-03-01,61.76,61.88,61.3,61.49,482960.0
2025-03-02,61.32,61.49,61.08,61.12,848860.0
2025-03-03,61.1,61.38,59.01,60.35,33913650.0
2025-03-04,60.5,63.0,60.35,61.42,34038810.0
2025-03-05,61.6,62.38,59.8,60.13,21654260.0
2025-03-06,60.15,61.15,59.77,60.47,14009070.0
2025-03-07,60.5,61.9,59.4,60.32,18663220.0
2025-03-10,60.51,62.16,60.3,61.3,15674550.0
2025-03-11,61.18,61.65,59.2,59.51,36870050.0
2025-03-12,59.52,60.35,58.8,59.79,21571070.0
2025-03-13,59.79,60.61,58.32,59.75,26484910.0
2025-03-14,59.35,60.35,59.11,60.18,13190250.0
2025-03-15,60.18,60.5,60.17,60.28,498030.0
2025-03-16,60.28,61.2,60.07,60.92,1386910.0
2025-03-17,60.76,61.5,60.33,61.15,15044110.0
2025-03-18,61.25,62.45,59.67,60.57,33467090.0
2025-03-19,60.4,60.95,59.36,60.6,16245130.0
2025-03-20,60.53,61.04,58.92,59.31,23589530.0
2025-03-21,59.36,60.06,58.6,58.89,15400560.0
2025-03-24,58.81,58.93,56.04,56.4,28333660.0
2025-03-25,56.5,57.8,56.5,57.46,16425150.0
2025-03-26,57.6,57.9,56.51,56.63,8813930.0
2025-03-27,56.6,56.6,55.21,55.32,16198210.0
2025-03-28,55.3,55.43,54.24,54.66,20074930.0
2025-03-29,54.99,55.09,53.6,53.83,1535160.0
2025-03-30,53.6,54.19,53.6,53.6,801570.0
2025-03-31,53.22,55.15,53.07,54.34,18380480.0
2025-04-01,54.46,54.98,51.84,52.08,23211270.0
2025-04-02,51.92,52.96,51.62,52.58,21922790.0
2025-04-03,52.94,53.08,49.62,50.8,22502930.0
2025-04-04,51.04,51.32,48.7,48.81,28255960.0
2025-04-05,48.81,48.97,47.92,48.77,2981700.0
2025-04-06,48.8,49.98,48.6,49.81,2599330.0
2025-04-07,49.2,49.37,45.6,48.17,37129360.0
2025-04-08,48.17,49.27,46.24,46.33,39767420.0
2025-04-09,46.33,48.32,44.73,48.21,44519780.0
2025-04-10,48.44,48.85,47.31,48.18,21670000.0
2025-04-11,48.2,49.79,48.05,49.03,20690520.0
2025-04-12,49.27,50.1,49.26,50.04,2088810.0
2025-04-13,50.04,50.33,49.87,50.14,1282810.0
2025-04-14,49.94,49.94,48.15,48.44,25476500.0
2025-04-15,48.38,49.27,48.25,48.97,15289620.0
2025-04-16,49.0,50.19,48.1,49.48,32764540.0
2025-04-17,49.47,52.46,49.4,52.33,50161500.0
2025-04-18,51.95,52.24,50.33,50.4,28729410.0
2025-04-21,50.82,51.59,50.64,51.06,9055930.0
2025-04-22,51.33,52.49,50.61,52.07,17655050.0
2025-04-23,52.3,52.36,49.86,50.84,20740960.0
2025-04-24,50.84,51.33,50.32,50.43,11129680.0
2025-04-25,50.44,51.9,50.44,51.5,11394150.0
2025-04-26,51.71,52.27,51.62,51.76,2439350.0
2025-04-27,51.95,51.96,51.61,51.79,644500.0
2025-04-28,51.6,52.49,50.66,51.39,17886800.0
2025-04-29,51.5,51.57,49.11,49.19,22429080.0
2025-04-30,49.2,50.28,48.48,50.1,21772950.0
2025-05-02,50.44,50.44,48.14,48.15,8047230.0
2025-05-03,47.78,48.46,47.76,48.22,882300.0
2025-05-04,48.4,48.61,48.22,48.36,829430.0
2025-05-05,48.29,48.53,46.65,47.49,13045520.0
2025-05-06,47.49,48.38,46.9,47.76,9925090.0
2025-05-07,47.6,48.34,47.45,48.07,6818040.0
2025-05-08,48.07,49.16,48.07,48.54,5933760.0
2025-05-10,48.88,48.91,48.54,48.78,524960.0
2025-05-11,49.08,49.84,49.08,49.36,1883790.0
2025-05-12,49.62,50.21,49.03,49.83,7430610.0
2025-05-13,50.0,50.0,49.19,49.58,5026020.0
2025-05-14,49.59,50.0,48.56,48.64,5668090.0
2025-05-15,48.51,49.05,47.62,48.26,7752100.0
2025-05-16,48.34,48.77,47.21,48.25,8240610.0
2025-05-17,48.25,48.96,48.2,48.66,738310.0
2025-05-18,48.99,49.16,48.75,48.97,874450.0
2025-05-19,49.16,49.16,47.73,48.08,6259000.0
2025-05-20,48.18,48.29,47.1,47.46,8203350.0
2025-05-21,47.52,47.74,46.92,47.34,8383380.0
2025-05-22,47.34,47.45,46.18,46.65,10492710.0
2025-05-23,46.62,46.85,45.73,45.98,7875620.0
2025-05-26,45.97,46.12,44.08,44.48,16779390.0
2025-05-27,44.46,45.35,43.78,44.6,22319930.0
2025-05-28,44.78,46.46,44.66,46.03,13681280.0
2025-05-29,46.0,46.94,45.66,45.89,11349620.0
2025-05-30,45.98,46.7,45.47,46.03,7753510.0
2025-05-31,46.25,46.31,46.05,46.16,521320.0
2025-06-01,46.16,46.19,44.82,45.12,2969690.0
2025-06-02,44.76,46.74,44.76,46.69,9232200.0
2025-06-03,46.76,47.88,46.76,47.62,8398680.0
2025-06-04,47.82,49.75,47.64,48.56,22687530.0
2025-06-05,48.56,49.03,47.92,48.37,9324070.0
2025-06-06,48.37,49.6,46.71,46.76,15667900.0
2025-06-07,46.6,47.11,46.6,46.96,604910.0
2025-06-08,46.96,46.97,46.53,46.71,421880.0
2025-06-09,46.76,46.9,45.37,45.9,7803490.0
2025-06-10,46.02,46.3,45.1,45.38,7412900.0
2025-06-11,45.5,46.58,45.11,46.07,12408690.0
2025-06-13,46.74,46.89,45.02,45.27,9670030.0
2025-06-14,45.09,45.58,45.09,45.57,880950.0
2025-06-15,45.6,45.74,45.3,45.55,768450.0
2025-06-16,45.55,45.56,44.51,44.65,11225850.0
2025-06-17,44.6,45.64,44.21,45.33,13266540.0
2025-06-18,45.39,46.13,45.14,45.19,8775570.0
2025-06-19,45.37,45.6,44.73,45.08,10168850.0
2025-06-20,45.2,45.37,44.56,44.65,7008190.0
2025-06-23,44.66,44.9,44.27,44.48,8040620.0
2025-06-24,44.67,45.49,44.33,45.3,9212240.0
2025-06-25,45.37,45.96,44.96,45.67,13477180.0
2025-06-26,45.74,46.32,45.34,45.88,7796380.0
2025-06-27,45.88,46.93,45.58,46.57,10612740.0
2025-06-28,46.5,46.75,46.46,46.52,557640.0
2025-06-29,46.5,46.52,46.21,46.29,765590.0
2025-06-30,46.2,48.5,46.2,47.94,26377810.0
2025-07-01,47.81,48.38,47.38,47.75,12325740.0
2025-07-02,47.75,48.29,47.41,47.54,10709110.0
2025-07-03,47.5,48.2,46.61,46.61,10341740.0
2025-07-04,46.66,46.98,46.02,46.25,7449190.0
2025-07-05,46.21,46.4,46.11,46.24,130040.0
2025-07-06,46.09,46.27,46.06,46.13,86970.0
2025-07-07,46.0,46.13,45.31,45.31,5238340.0
2025-07-08,45.25,45.66,44.83,44.98,7749730.0
2025-07-09,44.98,45.24,44.6,45.04,5999710.0
2025-07-10,45.1,45.78,44.95,45.15,9664560.0
2025-07-11,45.16,45.29,43.76,43.82,9470830.0
2025-07-12,43.82,44.15,43.78,43.92,372580.0
2025-07-13,44.01,44.11,43.68,43.86,631890.0
2025-07-14,43.61,45.21,42.89,45.1,16003590.0
2025-07-15,45.31,45.51,44.85,44.88,6723900.0
2025-07-16,44.88,46.47,44.64,46.23,16721940.0
2025-07-17,46.34,46.44,45.04,45.1,10092720.0
2025-07-18,45.1,46.7,44.89,46.55,11593790.0
2025-07-19,46.82,47.09,46.42,46.46,1431390.0
2025-07-20,46.45,46.85,46.3,46.53,1546070.0
2025-07-21,46.55,47.92,46.42,47.69,18702260.0
2025-07-22,47.78,47.91,47.05,47.78,8137550.0
2025-07-23,47.97,48.34,47.15,47.36,12091360.0
2025-07-24,47.36,47.77,46.0,46.37,14965040.0
2025-07-25,46.4,46.49,45.03,45.42,12746870.0
2025-07-26,45.42,45.6,45.4,45.54,488950.0
2025-07-27,45.48,45.57,45.3,45.39,516970.0
2025-07-28,45.5,46.2,44.81,45.01,17917090.0
2025-07-29,44.93,45.77,44.93,45.3,6250290.0
2025-07-30,45.37,46.07,45.11,45.74,7192300.0
2025-07-31,45.75,46.34,45.64,45.78,5327390.0
2025-08-01,45.8,46.9,44.86,45.2,15112180.0
2025-08-04,45.21,45.83,45.08,45.73,5946880.0
2025-08-05,45.8,46.29,45.33,45.73,10210660.0
2025-08-06,45.9,47.03,45.16,46.35,12167470.0
2025-08-07,46.35,47.9,45.95,47.22,17709250.0
2025-08-08,47.39,48.25,46.97,48.25,11496440.0
2025-08-11,48.53,49.13,47.74,48.14,16406920.0
2025-08-12,48.14,49.64,47.41,49.53,30467070.0
2025-08-13,49.6,49.87,48.14,48.26,23633280.0
2025-08-14,48.5,48.89,47.6,48.76,11075850.0
2025-08-15,48.9,49.58,48.61,49.15,11137910.0
2025-08-16,48.53,48.73,47.9,48.17,2436340.0
2025-08-17,48.21,48.62,48.04,48.15,949850.0
2025-08-18,48.21,49.09,48.02,48.82,10626580.0
2025-08-19,49.03,50.16,48.96,49.06,20295420.0
2025-08-20,49.08,49.48,48.4,48.53,6491400.0
2025-08-21,48.51,48.71,46.95,47.09,10516630.0
2025-08-22,47.1,48.45,46.7,48.27,13438080.0
2025-08-23,48.39,48.4,48.19,48.24,261420.0
2025-08-24,48.24,48.33,47.9,47.93,396180.0
2025-08-25,48.0,48.09,46.82,47.25,6862370.0
2025-08-26,47.25,47.76,47.0,47.37,4738260.0
2025-08-27,47.39,49.99,47.31,49.28,64979780.0
2025-08-28,49.28,49.42,47.33,47.7,34625590.0
2025-08-29,47.75,48.12,46.92,46.98,20004850.0
2025-08-30,46.98,47.38,46.98,47.13,819190.0
2025-08-31,47.13,47.28,46.95,47.04,804410.0
2025-09-01,47.0,47.31,45.86,46.01,23534550.0
2025-09-02,46.0,46.45,45.07,45.73,20060760.0
2025-09-03,45.74,46.11,45.3,46.01,15286890.0
2025-09-04,46.13,46.47,45.86,46.28,9276300.0
2025-09-05,46.4,47.14,46.24,47.04,14284220.0
2025-09-06,47.1,47.42,47.04,47.17,1013910.0
2025-09-07,47.19,47.19,47.04,47.11,216020.0
2025-09-08,47.16,47.57,46.86,47.39,7695680.0
2025-09-09,47.39,47.75,47.23,47.65,6945390.0
2025-09-10,47.72,47.74,47.07,47.17,8122620.0
2025-09-11,47.1,48.18,46.66,47.84,13198110.0
2025-09-12,47.87,48.58,45.8,46.0,16111930.0
2025-09-13,46.1,46.19,45.86,45.98,669270.0
2025-09-14,46.0,46.15,45.76,46.09,778460.0
2025-09-15,46.09,46.23,45.42,45.57,9628380.0
2025-09-16,45.6,46.17,45.16,45.75,10636410.0
2025-09-17,45.89,46.78,45.56,46.45,13707920.0
2025-09-18,46.5,46.67,44.9,45.36,20353530.0
2025-09-19,45.36,45.42,44.5,44.69,11177850.0
2025-09-22,44.62,44.82,43.87,44.4,10574790.0
2025-09-23,44.59,45.08,43.55,43.81,16023590.0
2025-09-24,43.84,44.47,43.51,44.36,9193180.0
2025-09-25,44.4,44.59,43.84,44.0,5787040.0
2025-09-26,44.0,44.73,43.83,44.33,6883710.0
2025-09-27,44.42,44.57,44.32,44.32,226820.0
2025-09-28,44.37,44.47,44.22,44.33,157030.0
2025-09-29,44.33,45.41,43.51,43.61,14723970.0
2025-09-30,43.8,43.84,42.53,42.96,15125910.0
2025-10-01,42.96,43.35,42.17,42.39,11368210.0
2025-10-02,42.37,42.48,41.3,41.59,11110200.0
2025-10-03,41.63,42.27,40.88,40.96,12220210.0
2025-10-04,41.23,41.26,40.36,40.6,2331250.0
2025-10-05,40.77,40.9,40.47,40.87,643370.0
2025-10-06,41.01,42.0,40.79,41.75,11935000.0
2025-10-07,41.75,42.54,41.57,41.94,6438640.0
2025-10-08,41.99,42.17,39.52,40.05,16461000.0
2025-10-09,40.27,41.65,38.63,41.24,22899440.0
2025-10-10,41.24,42.06,40.03,40.2,8728450.0
2025-10-11,40.07,40.3,39.98,40.3,562660.0
2025-10-12,40.31,40.67,40.3,40.39,489070.0
2025-10-13,40.59,40.94,39.75,40.45,10790890.0
2025-10-14,40.72,40.86,39.75,40.43,5504850.0
2025-10-15,40.43,40.57,39.76,40.05,5965650.0
2025-10-16,39.97,42.24,39.46,42.24,18486650.0
2025-10-17,42.32,42.6,41.56,42.17,9788080.0
2025-10-18,42.2,42.99,42.2,42.98,1732470.0
2025-10-19,43.0,43.16,42.64,42.8,1235610.0
2025-10-20,42.81,43.07,42.51,42.64,4542600.0
2025-10-21,42.65,42.71,40.7,41.16,11506370.0
2025-10-22,41.33,41.49,40.12,40.62,6652270.0
2025-10-23,40.01,40.21,39.59,39.92,6830780.0
2025-10-24,39.96,40.57,39.3,39.5,9324050.0
2025-10-27,39.65,39.68,38.52,38.67,7386737.0
2025-10-28,38.65,39.59,38.35,38.82,11689010.0
2025-10-29,38.92,39.49,38.72,39.12,6132590.0
2025-10-30,39.15,39.84,39.01,39.71,7388130.0
2025-10-31,39.71,39.93,38.86,39.17,6251870.0
2025-11-01,39.22,39.35,39.13,39.23,1452510.0
2025-11-03,39.29,39.82,39.27,39.69,2328950.0
2025-11-05,39.61,39.86,39.29,39.43,5472200.0
2025-11-06,39.4,39.61,39.08,39.51,4875870.0
2025-11-07,39.43,40.2,39.35,39.75,8953100.0
2025-11-08,39.75,39.9,39.73,39.88,376850.0
2025-11-09,39.86,40.0,39.83,40.0,388000.0
2025-11-10,40.03,40.37,39.22,39.39,9527710.0
2025-11-11,39.45,39.9,39.21,39.72,6961910.0
2025-11-12,39.72,39.91,38.92,39.11,8024970.0
2025-11-13,39.09,39.25,38.75,38.89,6374430.0
2025-11-14,38.89,39.0,38.06,38.38,9907700.0
2025-11-15,38.5,38.54,38.27,38.35,646750.0
2025-11-16,38.37,38.51,38.27,38.41,332880.0
2025-11-17,38.45,38.48,37.8,37.82,8913500.0
2025-11-18,37.82,38.62,37.72,38.08,21582020.0
2025-11-19,38.09,39.6,38.09,39.19,24275460.0
2025-11-20,39.19,39.84,38.5,39.77,16446050.0
2025-11-21,39.67,39.93,38.87,39.44,14252650.0
2025-11-24,40.1,40.28,39.0,39.3,13266320.0
2025-11-25,39.33,39.79,39.03,39.57,12818220.0
2025-11-26,39.71,39.71,39.06,39.18,4440750.0
2025-11-27,39.23,39.57,38.84,38.99,9819760.0
2025-11-28,39.07,39.95,38.91,39.73,8247350.0
2025-11-29,39.71,39.79,39.5,39.75,640860.0
2025-11-30,39.73,40.0,39.7,39.94,722330.0
2025-12-01,39.83,40.11,39.41,39.55,9156850.0
2025-12-02,39.66,39.91,39.21,39.58,9092650.0
2025-12-03,39.35,39.58,39.07,39.55,8138920.0
2025-12-04,39.58,39.98,39.55,39.64,6707610.0
2025-12-05,39.6,41.53,39.43,41.47,39329290.0
2025-12-08,41.39,41.65,40.55,40.69,20869230.0
2025-12-09,40.79,41.41,40.62,41.2,9388240.0
2025-12-10,41.09,41.33,40.85,41.01,5211350.0
2025-12-11,41.11,41.84,40.74,41.31,19201570.0
2025-12-12,41.31,41.63,40.06,40.11,12132990.0
2025-12-13,40.19,40.46,40.13,40.44,923420.0
2025-12-14,40.44,40.46,40.17,40.25,671710.0
2025-12-15,40.31,40.69,39.89,40.51,9269580.0
2025-12-16,40.56,41.76,40.44,41.36,18376770.0
2025-12-17,41.4,42.64,41.4,42.02,24196300.0
2025-12-18,42.06,43.71,41.95,43.51,34317800.0
2025-12-19,43.64,43.72,42.9,43.19,21363610.0
2025-12-20,43.19,43.29,43.16,43.18,310690.0
2025-12-21,43.18,43.25,43.07,43.1,463930.0
2025-12-22,43.02,43.18,41.74,41.95,16521420.0
2025-12-23,42.04,42.35,41.55,42.13,8989140.0
2025-12-24,42.12,42.78,41.95,42.36,12067010.0
2025-12-25,42.35,42.98,42.12,42.34,12305300.0
2025-12-26,42.37,43.29,42.29,43.0,13313770.0
2025-12-27,43.07,43.29,42.92,42.96,858430.0
2025-12-28,43.0,43.06,42.62,42.95,1200980.0
2025-12-29,42.83,43.53,41.0,41.56,31040470.0
2025-12-30,41.64,41.87,41.12,41.38,8772380.0
2026-01-05,41.27,41.64,40.62,40.72,5667270.0
2026-01-06,40.85,41.1,40.6,40.68,4759230.0
2026-01-08,40.48,40.97,40.4,40.68,4434450.0
2026-01-09,40.68,41.35,40.68,40.99,3556410.0
2026-01-12,40.98,41.92,40.97,41.72,10286660.0
2026-01-13,41.65,42.04,40.49,40.58,10936100.0
2026-01-14,40.6,41.19,40.12,40.59,10573670.0
2026-01-15,40.56,41.19,40.4,40.75,8418300.0
2026-01-16,40.91,41.66,40.81,41.43,7622000.0
2026-01-17,41.55,41.65,41.35,41.39,455130.0
2026-01-18,41.39,41.53,41.3,41.52,428320.0
2026-01-19,41.47,42.88,41.39,42.29,16879680.0
2026-01-20,42.31,42.58,41.82,42.27,6351320.0
2026-01-21,42.29,42.65,41.85,42.37,12202910.0
2026-01-22,42.43,42.75,41.84,42.16,9682140.0
2026-01-23,42.15,42.26,41.63,41.91,7388160.0
2026-01-24,41.91,42.08,41.74,41.87,986050.0
2026-01-25,41.85,42.1,41.85,42.01,654060.0
2026-01-26,42.02,42.17,40.9,41.08,13693990.0
2026-01-27,41.19,41.97,41.01,41.85,10689790.0
2026-01-28,41.96,42.42,41.6,41.73,14128720.0
2026-01-29,41.73,42.98,41.64,42.17,30537680.0
2026-01-30,42.2,42.45,41.22,41.32,13214680.0
2026-01-31,41.32,41.65,41.32,41.58,611230.0
2026-02-01,41.58,41.77,41.42,41.6,880130.0
2026-02-02,41.72,41.78,41.07,41.67,8756570.0
2026-02-03,41.74,41.81,41.37,41.54,7090270.0
2026-02-04,41.56,42.05,41.08,41.28,11452160.0
2026-02-05,41.2,41.33,40.51,40.88,9727990.0
2026-02-06,40.88,41.18,40.37,40.57,7628790.0
2026-02-07,40.57,40.69,40.51,40.61,589910.0
2026-02-08,40.7,40.7,40.45,40.51,724820.0
2026-02-09,40.6,40.68,40.11,40.29,5409190.0
2026-02-10,40.28,40.46,39.6,39.69,9139010.0
2026-02-11,39.79,40.7,39.71,40.47,11287770.0
2026-02-12,40.4,41.11,40.27,40.59,6799150.0
2026-02-13,40.63,41.04,40.11,40.87,9335740.0
2026-02-16,40.85,41.19,40.29,40.44,10021140.0
2026-02-17,40.4,40.61,39.92,40.1,10657110.0
2026-02-18,40.11,40.47,39.95,40.44,9517400.0
2026-02-19,40.44,40.7,39.96,40.01,8705980.0
2026-02-20,40.1,40.34,39.9,40.06,5102620.0
2026-02-21,40.07,40.17,40.0,40.04,468100.0
2026-02-22,40.14,40.18,40.05,40.09,476260.0
2026-02-23,40.06,40.19,40.0,40.15,725610.0
2026-02-24,40.09,40.28,39.5,39.52,12499590.0
2026-02-25,39.62,40.2,39.52,40.18,10313200.0
2026-02-26,40.19,40.39,39.73,39.93,6414830.0
2026-02-27,39.94,40.37,39.74,40.22,8651450.0
2026-02-28,40.22,40.25,39.87,39.92,2522840.0
2026-03-01,39.92,40.1,39.8,39.97,1492890.0
2026-03-02,39.95,40.3,39.5,39.68,18785950.0
2026-03-03,39.7,39.87,39.01,39.02,15577460.0
2026-03-04,39.05,39.77,39.03,39.4,9823100.0
2026-03-05,39.38,39.75,39.22,39.36,6526090.0
2026-03-06,39.4,39.55,39.07,39.22,6019610.0
2026-03-09,39.25,39.55,38.83,39.15,10915800.0
2026-03-10,39.2,39.48,38.63,38.87,14623590.0
2026-03-11,38.87,39.1,38.41,38.56,10774700.0
2026-03-12,38.6,38.85,37.95,38.17,20780250.0
2026-03-13,38.17,38.67,38.04,38.14,11030720.0
2026-03-14,38.19,38.31,38.09,38.22,935210.0
2026-03-15,38.23,38.29,38.11,38.27,648750.0
2026-03-16,38.29,38.44,37.95,38.12,11799110.0
2026-03-17,38.12,38.19,37.75,37.9,13263580.0
2026-03-18,37.85,38.83,37.59,38.54,22282770.0
2026-03-19,38.5,38.71,38.11,38.43,19612260.0
2026-03-20,38.5,38.54,37.68,37.75,13106070.0
2026-03-23,37.85,37.88,37.05,37.29,18216940.0
2026-03-24,37.38,37.54,36.94,37.21,7176450.0
2026-03-25,37.1,37.37,36.4,36.64,19704610.0
2026-03-26,36.74,36.78,35.85,35.96,19341700.0
2026-03-27,36.0,36.08,35.41,35.44,18988590.0
2026-03-28,35.5,35.63,35.36,35.55,2006200.0
2026-03-29,35.55,35.84,35.51,35.78,2166260.0
2026-03-30,35.8,35.95,34.78,34.82,29953060.0
2026-03-31,34.87,34.98,33.92,34.28,28327340.0
2026-04-01,34.35,34.59,33.84,34.42,22443120.0
2026-04-02,34.4,34.59,33.64,33.72,29515230.0
2026-04-03,33.79,33.98,33.1,33.14,25841460.0
2026-04-04,33.2,33.25,33.08,33.21,1850140.0
2026-04-05,33.21,33.29,33.12,33.18,874570.0
2026-04-06,33.21,34.28,33.08,34.0,38496430.0
2026-04-07,34.1,34.23,33.36,33.44,18614660.0
2026-04-08,33.55,34.05,33.12,33.26,19819900.0
2026-04-09,33.29,33.7,33.15,33.63,18022200.0
2026-04-10,33.7,33.84,33.2,33.25,13999600.0
2026-04-11,33.3,33.33,33.16,33.26,1756410.0
2026-04-12,33.3,33.47,33.16,33.22,4658560.0
2026-04-13,33.2,33.36,31.57,31.99,57183430.0
2026-04-14,31.95,32.56,31.6,31.85,46741370.0
2026-04-15,31.91,32.81,31.85,32.7,25231720.0
2026-04-16,32.77,32.78,32.26,32.35,15708890.0
2026-04-17,32.42,32.73,31.58,31.68,25569650.0
2026-04-18,31.84,31.84,31.62,31.69,2024160.0
2026-04-19,31.79,31.88,31.7,31.83,1487800.0
2026-04-20,31.84,31.95,31.15,31.24,20195150.0
2026-04-21,31.24,31.39,30.56,30.8,29697630.0
2026-04-22,30.88,31.59,30.66,31.31,30031230.0
2026-04-23,31.44,31.66,31.11,31.16,21210360.0
2026-04-24,31.19,31.25,29.72,29.96,51437910.0
