Date,Open,High,Low,Close,Volume
2011-11-18,1375.0,1375.0,1315.0,1325.0,7397.0
2011-11-21,1325.0,1345.0,1275.0,1290.0,3787.0
2011-11-22,1290.0,1305.0,1275.0,1280.0,5999.0
2011-11-23,1270.0,1277.5,1259.0,1260.0,4335.0
2011-11-24,1260.0,1265.0,1250.0,1256.0,691.0
2011-11-25,1250.1,1255.0,1231.0,1241.3,902.0
2011-11-28,1250.0,1260.0,1230.0,1241.0,7917.0
2011-11-29,1235.0,1235.0,1196.0,1201.1,10073.0
2011-11-30,1209.8,1219.0,1190.1,1210.0,4134.0
2011-12-01,1215.0,1234.9,1203.1,1205.0,13311.0
2011-12-02,1205.0,1215.0,1205.0,1208.5,3760.0
2011-12-05,1215.0,1225.0,1210.5,1215.0,2891.0
2011-12-06,1205.1,1245.0,1191.0,1199.3,3946.0
2011-12-07,1209.9,1210.0,1185.0,1190.0,6568.0
2011-12-08,1204.9,1210.0,1188.8,1190.0,4546.0
2011-12-09,1186.5,1207.0,1147.1,1161.0,11926.0
2011-12-12,1179.9,1189.9,1150.1,1152.0,2486.0
2011-12-13,1164.9,1165.0,1148.3,1150.0,4265.0
2011-12-14,1157.9,1170.5,1126.0,1130.0,11758.0
2011-12-15,1121.1,1130.0,1060.0,1095.0,24139.0
2011-12-16,1095.0,1109.0,1094.1,1097.5,8714.0
2011-12-19,1090.0,1100.0,1064.0,1069.9,9671.0
2011-12-20,1062.1,1071.9,1044.7,1052.5,13494.0
2011-12-21,1052.5,1065.0,1040.0,1043.5,9490.0
2011-12-22,1049.8,1070.0,1045.3,1057.5,14407.0
2011-12-23,1064.9,1080.0,1052.0,1059.5,12739.0
2011-12-26,1060.0,1085.0,1056.3,1070.0,9527.0
2011-12-27,1074.9,1092.0,1060.0,1070.0,27855.0
2011-12-28,1070.0,1085.0,1061.0,1065.0,9490.0
2011-12-29,1064.8,1075.0,1050.7,1070.0,6950.0
2011-12-30,1072.5,1080.0,1060.5,1071.0,5308.0
2012-01-03,1079.6,1099.5,1075.0,1095.0,2529.0
2012-01-04,1099.7,1139.7,1096.1,1117.0,1294.0
2012-01-05,1120.0,1120.0,1116.0,1119.9,3420.0
2012-01-06,1116.0,1139.7,1116.0,1132.6,3620.0
2012-01-09,1138.0,1154.0,1130.0,1141.0,4946.0
2012-01-10,1148.0,1158.9,1140.0,1145.0,9014.0
2012-01-11,1146.0,1154.0,1141.0,1146.9,11168.0
2012-01-12,1147.0,1156.9,1143.2,1145.0,14012.0
2012-01-13,1147.4,1168.7,1147.4,1154.9,27974.0
2012-01-16,1150.0,1195.0,1150.0,1190.0,6638.0
2012-01-17,1189.9,1219.5,1189.9,1215.1,13470.0
2012-01-18,1215.0,1227.2,1210.5,1225.9,16448.0
2012-01-19,1223.0,1250.0,1223.0,1236.9,10533.0
2012-01-20,1240.0,1249.0,1223.0,1225.0,13107.0
2012-01-23,1225.0,1227.0,1210.2,1214.0,4944.0
2012-01-24,1213.9,1217.0,1207.5,1210.9,11079.0
2012-01-25,1211.0,1220.5,1209.2,1214.9,30565.0
2012-01-26,1224.9,1239.0,1203.0,1213.0,24467.0
2012-01-27,1205.1,1214.3,1175.0,1180.0,30523.0
2012-01-30,1195.0,1200.0,1174.0,1193.9,8795.0
2012-01-31,1190.0,1214.9,1180.0,1210.0,6474.0
2012-02-01,1209.5,1217.0,1205.6,1214.0,9960.0
2012-02-02,1214.9,1216.0,1205.2,1209.8,20489.0
2012-02-03,1215.7,1226.0,1210.0,1225.0,14188.0
2012-02-06,1234.0,1234.0,1220.0,1228.5,5785.0
2012-02-07,1228.0,1245.0,1227.0,1243.8,19706.0
2012-02-08,1244.9,1283.0,1244.1,1272.0,42179.0
2012-02-09,1272.0,1274.0,1235.1,1258.3,8074.0
2012-02-10,1253.0,1269.7,1240.0,1256.0,21192.0
2012-02-13,1269.9,1274.0,1257.3,1269.2,45961.0
2012-02-14,1265.1,1274.5,1262.0,1267.7,40191.0
2012-02-15,1277.0,1310.0,1277.0,1305.0,27385.0
2012-02-16,1305.0,1305.0,1283.0,1305.0,9283.0
2012-02-17,1317.0,1319.8,1295.0,1307.9,10811.0
2012-02-20,1318.0,1318.0,1307.0,1310.0,10458.0
2012-02-21,1310.0,1312.4,1297.1,1308.6,12161.0
2012-02-22,1300.9,1309.4,1300.1,1305.9,14587.0
2012-02-24,1308.9,1332.9,1307.1,1332.9,59975.0
2012-02-27,1330.0,1339.0,1318.0,1327.0,42280.0
2012-02-28,1332.9,1344.0,1320.0,1334.3,26732.0
2012-02-29,1334.3,1358.9,1330.0,1347.0,19628.0
2012-03-01,1340.0,1352.0,1330.9,1344.9,13812.0
2012-03-02,1353.1,1366.9,1344.6,1359.5,24747.0
2012-03-05,1359.0,1374.0,1359.0,1360.0,32788.0
2012-03-06,1349.8,1360.1,1320.3,1323.0,38055.0
2012-03-07,1326.9,1340.0,1315.1,1335.1,12127.0
2012-03-11,1359.0,1382.8,1337.0,1375.9,12880.0
2012-03-12,1377.0,1437.9,1377.0,1409.0,98605.0
2012-03-13,1419.8,1425.0,1410.2,1414.8,41636.0
2012-03-14,1419.0,1426.3,1410.0,1413.1,83964.0
2012-03-15,1400.0,1408.0,1376.5,1397.0,19161.0
2012-03-16,1392.3,1399.9,1369.2,1370.0,34956.0
2012-03-19,1382.5,1382.5,1355.0,1362.5,23053.0
2012-03-20,1362.4,1362.5,1349.9,1352.0,13739.0
2012-03-21,1359.8,1359.8,1350.6,1353.0,10551.0
2012-03-22,1353.5,1357.0,1320.0,1320.0,20621.0
2012-03-23,1329.9,1359.0,1315.0,1317.6,102819.0
2012-03-26,1320.0,1323.2,1316.0,1317.0,34949.0
2012-03-27,1318.0,1318.0,1285.0,1295.0,33531.0
2012-03-28,1293.0,1293.0,1271.2,1273.0,51528.0
2012-03-29,1271.1,1279.0,1250.0,1258.9,21240.0
2012-03-30,1270.0,1285.0,1262.1,1280.0,29220.0
2012-04-02,1280.0,1280.0,1250.0,1251.3,44341.0
2012-04-03,1257.8,1265.0,1250.0,1257.0,18327.0
2012-04-04,1256.9,1270.1,1252.2,1260.0,28623.0
2012-04-05,1264.8,1272.8,1251.0,1258.1,23071.0
2012-04-06,1263.5,1264.8,1252.2,1259.0,13417.0
2012-04-09,1258.0,1283.9,1253.5,1279.0,17542.0
2012-04-10,1280.0,1290.0,1272.0,1285.9,60731.0
2012-04-11,1285.0,1285.5,1272.0,1278.5,16930.0
2012-04-12,1279.0,1284.5,1266.0,1280.0,32234.0
2012-04-13,1283.7,1283.9,1275.0,1280.0,9934.0
2012-04-16,1274.9,1280.0,1269.9,1275.7,20155.0
2012-04-17,1276.9,1276.9,1250.0,1274.7,11741.0
2012-04-18,1276.8,1276.8,1273.0,1275.0,20649.0
2012-04-19,1274.9,1284.9,1274.9,1280.6,37295.0
2012-04-20,1279.6,1310.0,1278.0,1302.9,24810.0
2012-04-23,1305.0,1325.0,1290.0,1316.0,36718.0
2012-04-24,1319.9,1320.0,1223.0,1253.9,34039.0
2012-04-25,1249.0,1259.5,1235.0,1239.9,73837.0
2012-04-26,1238.8,1238.8,1160.0,1170.0,37767.0
2012-04-27,1178.9,1220.0,1174.9,1216.8,35372.0
2012-04-28,1224.9,1224.9,1194.9,1219.0,11711.0
2012-05-02,1224.9,1228.9,1207.1,1214.9,8705.0
2012-05-03,1217.0,1217.0,1190.5,1196.0,12635.0
2012-05-04,1201.4,1201.4,1167.0,1170.0,11370.0
2012-05-05,1170.0,1178.7,1150.0,1177.7,15793.0
2012-05-07,1165.1,1170.0,1150.0,1170.0,4476.0
2012-05-08,1124.9,1194.9,1124.9,1160.4,2301.0
2012-05-10,1173.9,1173.9,1156.1,1170.9,9987.0
2012-05-11,1174.6,1210.0,1163.5,1179.0,6534.0
2012-05-12,1179.0,1188.8,1166.2,1180.0,5089.0
2012-05-14,1178.1,1180.9,1130.0,1157.0,29299.0
2012-05-15,1147.0,1199.0,1130.1,1194.7,31294.0
2012-05-16,1101.0,1101.0,1037.7,1065.0,26504.0
2012-05-17,1065.0,1069.0,1015.2,1021.1,16342.0
2012-05-18,1015.0,1028.7,982.5,1021.4,11944.0
2012-05-21,1038.9,1053.9,1025.0,1045.1,19199.0
2012-05-22,1049.3,1052.0,1000.0,1048.9,17809.0
2012-05-23,1042.3,1042.3,1000.0,1014.0,8503.0
2012-05-24,1024.0,1045.0,1020.0,1044.2,3595.0
2012-05-25,1045.0,1079.0,1040.0,1070.9,4395.0
2012-05-28,1073.9,1098.5,1070.0,1090.0,6285.0
2012-05-29,1099.0,1119.8,1080.1,1094.2,4080.0
2012-05-30,1098.3,1098.3,1065.0,1085.6,1019.0
2012-05-31,1065.0,1110.0,1065.0,1071.0,7594.0
2012-06-01,1085.0,1085.0,1051.0,1070.0,15195.0
2012-06-04,1051.1,1077.0,1050.0,1075.0,7633.0
2012-06-05,1083.6,1095.0,1069.8,1070.0,3690.0
2012-06-06,1070.0,1108.0,1070.0,1100.0,9825.0
2012-06-07,1110.0,1128.0,1084.9,1125.0,14348.0
2012-06-08,1110.1,1130.0,1088.0,1109.0,15899.0
2012-06-09,1118.6,1124.5,1106.0,1110.0,1002.0
2012-06-13,1120.5,1129.0,1107.2,1115.0,14961.0
2012-06-14,1120.0,1144.0,1120.0,1141.0,11121.0
2012-06-15,1140.1,1165.0,1138.0,1165.0,5092.0
2012-06-18,1169.0,1180.2,1153.1,1159.9,19424.0
2012-06-19,1151.1,1159.0,1116.1,1155.0,3163.0
2012-06-20,1155.0,1165.0,1150.0,1160.0,8923.0
2012-06-21,1146.1,1175.1,1130.0,1157.0,16959.0
2012-06-22,1140.0,1160.0,1140.0,1160.0,5954.0
2012-06-25,1161.9,1165.3,1150.0,1162.5,4764.0
2012-06-26,1162.5,1165.0,1150.0,1161.7,4606.0
2012-06-27,1150.1,1160.0,1150.0,1155.0,2809.0
2012-06-28,1159.8,1179.0,1159.0,1160.0,9327.0
2012-06-29,1169.4,1184.4,1163.0,1175.0,13302.0
2012-07-02,1175.0,1209.0,1170.0,1209.0,15463.0
2012-07-03,1212.9,1212.9,1197.2,1205.0,9441.0
2012-07-04,1210.0,1210.0,1197.0,1205.0,10395.0
2012-07-05,1208.9,1209.4,1199.5,1200.0,2902.0
2012-07-06,1199.0,1200.5,1190.0,1195.1,9375.0
2012-07-09,1198.0,1198.9,1187.0,1192.4,16369.0
2012-07-10,1192.1,1234.0,1179.0,1208.0,39082.0
2012-07-11,1215.0,1215.0,1175.5,1200.0,1965.0
2012-07-12,1200.0,1200.0,1177.2,1184.9,4743.0
2012-07-13,1199.0,1199.0,1164.0,1189.9,8708.0
2012-07-16,1190.1,1219.0,1176.0,1194.7,18221.0
2012-07-17,1194.7,1209.7,1188.1,1200.0,25741.0
2012-07-18,1205.0,1205.0,1191.0,1194.1,9069.0
2012-07-19,1199.9,1200.0,1181.1,1189.9,13822.0
2012-07-20,1189.9,1189.9,1150.0,1170.0,11570.0
2012-07-23,1169.9,1190.0,1115.7,1124.0,21619.0
2012-07-24,1133.9,1143.0,1116.0,1129.0,13485.0
2012-07-25,1129.0,1133.0,1122.0,1128.8,5244.0
2012-07-26,1129.9,1134.9,1125.1,1129.9,14392.0
2012-07-27,1130.0,1151.0,1129.1,1137.0,38393.0
2012-07-30,1140.0,1148.8,1131.7,1137.7,11241.0
2012-07-31,1147.6,1150.0,1134.0,1150.0,20457.0
2012-08-01,1139.8,1143.0,1055.0,1125.1,13716.0
2012-08-02,1129.7,1130.8,1125.0,1127.0,7019.0
2012-08-03,1129.9,1132.8,1120.0,1126.8,14742.0
2012-08-06,1126.0,1135.0,1124.0,1131.5,8522.0
2012-08-07,1135.0,1150.0,1125.0,1140.0,9968.0
2012-08-08,1144.0,1145.0,1132.5,1137.0,10755.0
2012-08-09,1147.9,1160.0,1140.0,1158.0,8328.0
2012-08-10,1143.0,1165.0,1142.9,1154.9,5447.0
2012-08-13,1159.5,1170.0,1135.0,1154.0,5508.0
2012-08-14,1151.1,1165.0,1140.0,1155.9,7200.0
2012-08-15,1141.1,1159.9,1141.1,1148.0,16040.0
2012-08-16,1148.2,1159.0,1140.0,1155.9,2194.0
2012-08-17,1157.4,1157.4,1150.0,1154.4,1515.0
2012-08-20,1157.0,1157.0,1130.1,1140.0,11661.0
2012-08-21,1148.9,1149.9,1138.2,1147.7,6936.0
2012-08-22,1140.1,1156.8,1133.0,1156.7,5146.0
2012-08-23,1159.0,1180.0,1157.0,1173.8,17213.0
2012-08-24,1168.9,1179.0,1165.9,1173.0,2355.0
2012-08-27,1184.0,1184.0,1169.0,1183.0,3584.0
2012-08-28,1180.2,1194.9,1179.7,1193.5,10465.0
2012-08-29,1195.0,1198.7,1186.0,1190.0,20311.0
2012-08-30,1186.0,1209.0,1186.0,1209.0,24878.0
2012-08-31,1212.8,1224.0,1190.0,1219.6,33806.0
2012-09-03,1200.0,1240.0,1200.0,1237.7,13934.0
2012-09-04,1237.4,1275.5,1234.9,1266.0,37708.0
2012-09-05,1261.0,1296.0,1260.0,1290.2,30789.0
2012-09-06,1290.0,1330.0,1282.0,1324.9,45635.0
2012-09-07,1316.0,1333.0,1308.5,1309.4,19118.0
2012-09-10,1308.1,1323.6,1291.2,1295.5,10591.0
2012-09-11,1295.0,1302.5,1261.1,1278.6,49746.0
2012-09-12,1289.9,1304.8,1270.1,1304.5,6034.0
2012-09-13,1299.9,1315.0,1290.0,1295.1,20339.0
2012-09-14,1318.0,1345.0,1299.9,1335.0,40897.0
2012-09-17,1330.1,1408.6,1314.0,1365.0,55098.0
2012-09-18,1356.1,1359.4,1319.0,1320.3,14270.0
2012-09-19,1334.5,1338.7,1295.0,1298.2,11862.0
2012-09-20,1299.0,1324.9,1280.0,1320.4,10040.0
2012-09-21,1329.8,1329.9,1290.0,1310.1,6668.0
2012-09-24,1305.2,1328.8,1299.1,1326.0,11518.0
2012-09-25,1326.0,1337.0,1299.0,1307.0,6299.0
2012-09-26,1305.0,1315.0,1250.4,1284.0,43078.0
2012-09-27,1284.4,1303.5,1260.1,1301.4,13237.0
2012-09-28,1304.7,1310.0,1262.5,1279.9,9842.0
2012-10-01,1270.0,1360.0,1269.9,1339.7,21120.0
2012-10-02,1340.0,1354.9,1328.0,1347.8,27851.0
2012-10-03,1335.1,1365.0,1311.0,1336.0,9784.0
2012-10-04,1337.5,1341.5,1308.1,1331.9,8282.0
2012-10-05,1348.9,1376.0,1340.6,1368.0,18637.0
2012-10-08,1367.9,1380.0,1351.3,1369.0,9604.0
2012-10-09,1369.9,1379.0,1351.0,1365.0,12177.0
2012-10-10,1361.0,1374.9,1340.0,1345.0,14095.0
2012-10-11,1340.1,1344.9,1327.2,1344.9,9935.0
2012-10-12,1343.8,1343.8,1281.2,1314.0,15916.0
2012-10-15,1314.0,1323.8,1305.2,1317.5,27472.0
2012-10-16,1320.0,1325.0,1287.0,1318.5,12300.0
2012-10-17,1321.9,1330.0,1300.3,1315.8,15200.0
2012-10-18,1317.0,1334.4,1310.0,1315.0,7618.0
2012-10-19,1315.0,1325.0,1297.0,1297.0,15731.0
2012-10-22,1312.9,1319.0,1290.0,1319.0,4655.0
2012-10-23,1314.9,1319.9,1264.2,1280.1,18128.0
2012-10-24,1303.0,1303.0,1269.8,1287.9,4358.0
2012-10-25,1289.8,1295.1,1270.4,1292.4,2724.0
2012-10-26,1285.0,1295.0,1265.0,1280.0,9749.0
2012-10-29,1280.1,1289.9,1265.0,1274.0,5471.0
2012-10-30,1279.7,1283.0,1255.0,1260.0,10553.0
2012-10-31,1261.0,1288.8,1260.0,1265.2,6882.0
2012-11-01,1262.6,1280.0,1262.6,1271.9,11679.0
2012-11-02,1279.7,1317.3,1265.0,1315.0,29721.0
2012-11-06,1301.0,1325.0,1301.0,1311.2,5467.0
2012-11-07,1321.5,1321.5,1300.1,1304.1,16317.0
2012-11-08,1304.1,1305.0,1277.0,1278.0,24649.0
2012-11-09,1278.1,1288.5,1263.0,1270.0,5786.0
2012-11-12,1279.7,1279.9,1265.0,1273.9,4051.0
2012-11-13,1273.1,1294.0,1267.2,1277.0,8565.0
2012-11-14,1277.0,1285.0,1270.3,1280.0,5933.0
2012-11-15,1274.0,1292.0,1272.0,1291.9,17954.0
2012-11-16,1285.0,1312.0,1283.2,1310.0,13849.0
2012-11-19,1312.0,1329.9,1312.0,1316.0,19711.0
2012-11-20,1315.0,1320.0,1297.0,1316.0,7950.0
2012-11-21,1310.0,1319.5,1307.2,1307.3,10988.0
2012-11-22,1316.0,1324.5,1311.0,1312.1,32961.0
2012-11-23,1314.9,1318.9,1310.0,1310.0,5459.0
2012-11-26,1309.0,1318.1,1302.0,1304.0,5100.0
2012-11-27,1314.6,1314.6,1300.1,1309.0,15770.0
2012-11-28,1305.1,1314.0,1299.0,1309.6,6353.0
2012-11-29,1313.9,1319.6,1305.0,1318.8,7586.0
2012-11-30,1317.9,1334.9,1312.2,1328.0,30429.0
2012-12-03,1328.0,1345.0,1320.0,1339.9,3995.0
2012-12-04,1327.0,1339.9,1324.0,1326.0,62300.0
2012-12-05,1328.9,1344.8,1328.9,1339.1,11391.0
2012-12-06,1341.3,1341.3,1324.1,1333.0,3604.0
2012-12-07,1330.0,1330.0,1310.0,1320.0,10447.0
2012-12-10,1322.5,1329.8,1312.1,1323.0,8606.0
2012-12-11,1320.0,1328.9,1311.0,1326.9,4869.0
2012-12-12,1329.8,1329.8,1317.0,1317.0,12513.0
2012-12-13,1320.0,1339.9,1315.0,1318.0,4908.0
2012-12-14,1320.0,1329.5,1320.0,1329.0,5948.0
2012-12-17,1329.8,1339.0,1308.0,1339.0,132653.0
2012-12-18,1330.5,1365.9,1330.5,1362.9,26455.0
2012-12-19,1361.7,1361.7,1347.0,1357.2,10062.0
2012-12-20,1357.1,1357.1,1332.0,1345.3,8199.0
2012-12-21,1333.4,1340.0,1315.2,1336.4,13055.0
2012-12-24,1338.0,1338.0,1310.0,1325.0,13278.0
2012-12-25,1325.0,1329.0,1324.1,1327.8,2496.0
2012-12-26,1325.1,1339.0,1324.0,1334.9,2811.0
2012-12-27,1330.1,1338.9,1325.2,1337.0,2041.0
2012-12-28,1330.5,1334.8,1325.6,1332.2,2687.0
2013-01-08,1338.7,1379.9,1331.9,1373.9,5272.0
2013-01-09,1370.0,1373.0,1352.0,1368.0,4572.0
2013-01-10,1356.0,1370.0,1350.1,1369.6,14802.0
2013-01-11,1363.4,1370.0,1350.1,1355.0,26191.0
2013-01-14,1359.9,1369.8,1349.0,1349.1,6983.0
2013-01-15,1349.1,1374.9,1331.0,1364.0,16015.0
2013-01-16,1359.8,1362.3,1333.1,1355.9,16712.0
2013-01-17,1350.1,1364.9,1345.3,1362.5,7292.0
2013-01-18,1351.0,1370.0,1342.0,1362.0,7010.0
2013-01-21,1369.9,1379.0,1354.1,1375.0,20157.0
2013-01-22,1373.0,1379.0,1361.0,1370.0,24531.0
2013-01-23,1365.1,1386.0,1360.0,1373.0,29713.0
2013-01-24,1370.1,1370.1,1356.2,1370.0,15202.0
2013-01-25,1370.0,1374.0,1357.0,1365.3,6067.0
2013-01-28,1365.2,1389.0,1365.2,1388.7,16184.0
2013-01-29,1389.7,1399.2,1386.3,1391.0,28424.0
2013-01-30,1390.3,1407.9,1390.2,1400.0,17568.0
2013-01-31,1397.4,1447.0,1385.1,1446.9,42149.0
2013-02-01,1433.2,1446.9,1419.4,1435.1,22242.0
2013-02-04,1435.1,1443.4,1430.1,1442.0,13479.0
2013-02-05,1440.0,1442.0,1427.3,1432.0,6328.0
2013-02-06,1428.2,1441.0,1417.0,1424.0,31504.0
2013-02-07,1429.8,1438.9,1420.0,1437.9,7994.0
2013-02-08,1434.3,1434.3,1377.0,1413.6,24283.0
2013-02-11,1418.8,1418.8,1390.0,1401.0,8581.0
2013-02-12,1407.3,1407.3,1395.0,1402.8,4986.0
2013-02-13,1404.0,1424.8,1395.0,1422.0,6662.0
2013-02-14,1424.9,1424.9,1395.1,1415.0,17854.0
2013-02-15,1407.1,1422.0,1407.1,1417.0,7828.0
2013-02-18,1410.1,1422.0,1410.0,1421.9,5225.0
2013-02-19,1424.8,1424.8,1409.2,1412.1,4278.0
2013-02-20,1405.1,1419.9,1404.1,1405.1,5451.0
2013-02-21,1405.0,1405.0,1367.0,1367.1,42683.0
2013-02-22,1375.4,1399.8,1367.1,1391.8,8381.0
2013-02-25,1390.0,1403.3,1387.0,1398.6,5507.0
2013-02-26,1393.9,1393.9,1374.0,1384.9,11551.0
2013-02-27,1389.7,1389.8,1370.0,1380.7,4212.0
2013-02-28,1384.9,1389.8,1378.9,1387.7,5775.0
2013-03-01,1385.0,1394.9,1375.0,1381.2,7411.0
2013-03-04,1393.3,1393.3,1376.0,1386.9,10903.0
2013-03-05,1390.0,1394.4,1381.5,1392.0,14175.0
2013-03-06,1398.0,1404.5,1390.3,1404.0,7198.0
2013-03-07,1404.0,1412.9,1392.0,1410.0,6146.0
2013-03-11,1412.4,1435.0,1400.7,1424.8,14815.0
2013-03-12,1432.0,1432.0,1400.0,1429.9,11067.0
2013-03-13,1424.9,1465.0,1410.0,1465.0,30868.0
2013-03-14,1459.9,1468.4,1445.1,1460.0,27803.0
2013-03-15,1466.5,1470.0,1422.3,1422.3,13298.0
2013-03-18,1411.2,1420.0,1360.0,1400.0,11869.0
2013-03-19,1400.0,1400.0,1375.0,1375.5,7768.0
2013-03-20,1378.0,1378.0,1340.0,1374.7,42831.0
2013-03-21,1374.0,1384.8,1361.1,1375.0,13668.0
2013-03-22,1375.5,1375.5,1340.0,1349.4,8686.0
2013-03-25,1351.9,1369.0,1300.0,1315.0,8809.0
2013-03-26,1315.0,1325.0,1305.0,1315.9,18633.0
2013-03-27,1324.9,1331.1,1282.0,1306.0,39576.0
2013-03-28,1308.0,1322.1,1297.1,1307.0,18239.0
2013-03-29,1310.0,1314.9,1300.1,1310.0,6106.0
2013-04-01,1310.0,1329.5,1301.1,1305.2,8034.0
2013-04-02,1306.1,1323.0,1301.0,1311.0,7728.0
2013-04-03,1310.0,1324.9,1305.3,1321.6,5737.0
2013-04-04,1310.3,1329.9,1300.0,1300.0,25355.0
2013-04-05,1300.0,1315.0,1291.9,1300.0,12299.0
2013-04-08,1299.0,1335.0,1281.0,1291.9,9801.0
2013-04-09,1295.1,1317.9,1281.0,1296.6,12216.0
2013-04-10,1297.3,1315.0,1290.0,1300.1,17064.0
2013-04-11,1304.9,1305.3,1292.1,1297.5,24544.0
2013-04-12,1294.6,1305.0,1275.0,1275.8,20517.0
2013-04-15,1275.9,1309.0,1252.9,1260.0,22429.0
2013-04-16,1260.0,1270.1,1207.1,1243.1,29467.0
2013-04-17,1249.9,1263.6,1210.0,1210.0,8399.0
2013-04-18,1210.2,1223.9,1204.1,1204.1,8723.0
2013-04-19,1213.9,1261.0,1211.5,1260.0,11262.0
2013-04-22,1247.4,1280.0,1220.0,1230.0,14366.0
2013-04-23,1235.0,1244.4,1227.7,1234.9,1794.0
2013-04-24,1244.8,1272.8,1240.0,1271.4,10252.0
2013-04-25,1275.0,1278.0,1257.6,1273.0,13360.0
2013-04-26,1272.0,1272.0,1253.0,1268.0,6781.0
2013-04-29,1269.0,1271.8,1235.1,1236.7,3895.0
2013-04-30,1250.3,1254.7,1179.0,1180.5,27133.0
2013-05-02,1150.1,1150.1,1047.7,1065.0,34363.0
2013-05-03,1068.0,1078.7,1033.7,1043.2,22819.0
2013-05-06,1058.9,1069.0,1027.0,1031.9,28376.0
2013-05-07,1033.9,1040.0,1006.0,1040.0,41915.0
2013-05-08,1044.0,1069.9,1024.9,1040.0,35214.0
2013-05-10,1048.8,1060.0,1010.1,1016.8,13481.0
2013-05-13,1015.1,1025.7,1008.0,1017.0,16251.0
2013-05-14,1024.9,1053.5,1012.7,1041.0,24687.0
2013-05-15,1048.9,1054.8,1026.1,1039.0,29557.0
2013-05-16,1016.5,1026.7,1001.0,1007.1,19976.0
2013-05-17,1011.0,1040.0,1005.0,1040.0,17714.0
2013-05-20,1040.0,1054.9,1028.8,1050.0,42607.0
2013-05-21,1045.4,1077.0,1040.0,1063.0,14373.0
2013-05-22,1068.9,1099.0,1050.2,1098.0,73412.0
2013-05-23,1084.0,1087.9,1014.5,1025.4,46436.0
2013-05-24,1038.4,1038.8,1012.0,1020.0,21424.0
2013-05-27,1026.5,1031.0,1020.3,1030.7,6681.0
2013-05-28,1030.0,1057.0,1026.0,1040.0,18164.0
2013-05-29,1034.0,1040.0,1020.0,1038.0,38946.0
2013-05-30,1031.1,1054.0,1025.6,1050.0,15241.0
2013-05-31,1050.0,1065.0,1045.1,1047.3,15690.0
2013-06-03,1044.1,1050.0,1026.1,1035.0,15732.0
2013-06-04,1044.9,1050.0,1024.0,1045.0,33830.0
2013-06-05,1032.6,1044.8,1027.0,1043.1,25447.0
2013-06-06,1038.0,1046.0,1030.0,1030.0,17968.0
2013-06-07,1037.9,1049.0,1035.0,1039.9,16407.0
2013-06-10,1047.7,1056.9,1035.3,1055.0,9590.0
2013-06-11,1045.9,1057.0,1028.1,1029.0,5663.0
2013-06-13,1025.2,1029.6,995.2,1006.0,13304.0
2013-06-14,1017.0,1037.7,1010.0,1018.6,27725.0
2013-06-17,1018.5,1139.4,1016.1,1033.0,66712.0
2013-06-18,1044.9,1076.0,1040.0,1061.4,20489.0
2013-06-19,1066.9,1072.0,1049.7,1065.0,7707.0
2013-06-20,1050.1,1050.1,1020.1,1037.8,10571.0
2013-06-21,1035.3,1053.8,1025.4,1035.3,5034.0
2013-06-24,1040.0,1057.0,1035.2,1047.5,11751.0
2013-06-25,1050.0,1050.0,952.0,955.8,61546.0
2013-06-26,960.0,967.0,854.9,884.4,73932.0
2013-06-27,884.9,918.0,854.9,890.0,45117.0
2013-06-28,890.0,909.9,875.1,892.0,27629.0
2013-07-01,891.9,954.5,890.2,939.6,47386.0
2013-07-02,948.0,989.8,937.0,988.0,68862.0
2013-07-03,990.0,994.3,974.6,987.0,19334.0
2013-07-04,986.9,989.9,975.0,977.0,11881.0
2013-07-05,975.0,995.8,963.6,992.3,12509.0
2013-07-08,992.3,997.4,979.0,991.8,7177.0
2013-07-09,994.7,1000.0,990.0,1000.0,8450.0
2013-07-10,990.3,1002.0,990.3,999.9,3252.0
2013-07-11,1003.0,1020.0,1001.0,1019.8,26554.0
2013-07-12,1023.0,1057.3,1016.3,1052.0,34727.0
2013-07-15,1052.0,1069.9,1041.5,1068.9,15936.0
2013-07-16,1068.9,1090.0,1068.9,1090.0,12255.0
2013-07-17,1089.0,1099.0,1059.9,1088.0,14605.0
2013-07-18,1092.5,1099.8,1055.1,1064.6,12666.0
2013-07-19,1060.1,1089.0,1055.8,1080.0,9078.0
2013-07-22,1080.9,1090.0,1056.1,1090.0,8974.0
2013-07-23,1090.1,1108.0,1069.0,1069.1,18967.0
2013-07-24,1083.9,1083.9,1065.0,1070.1,3361.0
2013-07-25,1077.9,1078.0,1070.0,1073.0,8784.0
2013-07-26,1070.3,1079.7,1070.3,1079.3,3916.0
2013-07-29,1070.5,1089.8,1017.5,1081.8,11769.0
2013-07-30,1090.7,1110.0,1080.1,1089.9,19699.0
2013-07-31,1085.0,1086.0,1011.0,1025.1,37075.0
2013-08-01,1055.9,1095.0,1055.9,1090.0,20346.0
2013-08-02,1079.1,1089.8,1071.8,1079.1,8723.0
2013-08-05,1072.1,1090.9,1058.0,1079.9,2609.0
2013-08-06,1068.3,1077.2,1060.0,1065.0,4238.0
2013-08-07,1057.5,1082.4,1055.1,1079.0,5457.0
2013-08-08,1079.0,1085.0,1072.0,1084.5,4083.0
2013-08-09,1075.0,1080.0,1060.1,1079.9,13429.0
2013-08-12,1080.0,1088.0,1070.0,1075.0,7847.0
2013-08-13,1075.1,1083.0,1070.0,1075.0,7336.0
2013-08-14,1070.1,1085.0,1070.1,1085.0,4465.0
2013-08-15,1080.0,1092.1,1072.5,1073.1,6134.0
2013-08-16,1079.8,1079.8,1062.5,1073.0,8287.0
2013-08-19,1080.0,1092.5,1070.0,1090.0,12451.0
2013-08-20,1085.9,1116.0,1075.3,1115.0,13578.0
2013-08-21,1115.0,1194.0,1104.1,1175.8,29536.0
2013-08-22,1176.9,1193.5,1134.9,1190.0,9385.0
2013-08-23,1180.3,1192.8,1160.3,1187.0,2274.0
2013-08-26,1192.7,1220.1,1189.9,1208.0,22243.0
2013-08-27,1208.0,1249.4,1186.7,1220.0,13871.0
2013-08-28,1220.0,1240.0,1210.2,1217.4,17329.0
2013-08-29,1231.9,1232.0,1212.5,1220.9,16835.0
2013-08-30,1215.5,1219.8,1205.0,1209.7,14009.0
2013-09-02,1212.4,1219.9,1202.9,1203.0,10951.0
2013-09-03,1200.0,1230.0,1200.0,1205.7,11311.0
2013-09-04,1216.9,1217.0,1206.0,1210.6,6870.0
2013-09-05,1213.0,1230.0,1206.1,1230.0,17088.0
2013-09-06,1232.2,1242.5,1215.1,1223.6,11441.0
2013-09-09,1225.0,1239.0,1220.5,1223.0,10025.0
2013-09-10,1229.6,1235.0,1223.1,1223.1,12475.0
2013-09-11,1225.0,1235.0,1220.0,1220.0,18705.0
2013-09-12,1217.6,1230.9,1217.5,1220.2,12422.0
2013-09-13,1229.7,1235.1,1221.1,1223.1,12441.0
2013-09-16,1228.0,1298.0,1223.9,1240.0,63543.0
2013-09-17,1241.5,1241.5,1230.1,1235.9,5425.0
2013-09-18,1232.5,1235.0,1207.5,1220.0,19956.0
2013-09-19,1234.9,1234.9,1218.8,1227.0,25384.0
2013-09-20,1229.9,1235.5,1220.7,1225.0,10969.0
2013-09-23,1228.7,1237.9,1223.1,1235.9,7947.0
2013-09-24,1236.0,1250.0,1228.5,1247.7,7097.0
2013-09-25,1235.6,1277.5,1235.6,1265.0,20961.0
2013-09-26,1264.8,1287.0,1260.9,1270.0,9725.0
2013-09-27,1263.1,1269.8,1242.0,1268.0,12280.0
2013-09-30,1265.9,1272.0,1250.0,1258.7,10628.0
2013-10-01,1259.9,1300.0,1259.8,1279.9,11291.0
2013-10-02,1276.8,1281.5,1255.0,1260.0,11198.0
2013-10-03,1255.3,1289.5,1251.9,1280.0,26084.0
2013-10-04,1280.1,1314.5,1275.0,1314.5,35973.0
2013-10-07,1305.0,1318.9,1303.3,1303.8,5491.0
2013-10-08,1303.5,1336.0,1303.4,1318.0,9558.0
2013-10-09,1317.8,1330.0,1311.5,1329.8,11681.0
2013-10-10,1333.6,1350.0,1320.4,1349.0,13621.0
2013-10-11,1342.8,1356.8,1332.8,1350.0,24982.0
2013-10-14,1349.4,1360.0,1342.5,1358.0,11681.0
2013-10-15,1360.0,1374.1,1360.0,1372.0,18098.0
2013-10-16,1349.0,1370.0,1343.2,1369.8,14155.0
2013-10-17,1376.0,1376.0,1349.8,1365.0,20324.0
2013-10-18,1365.1,1407.0,1360.5,1385.0,23889.0
2013-10-21,1390.0,1409.4,1385.5,1399.0,11929.0
2013-10-22,1400.0,1405.0,1385.7,1405.0,25134.0
2013-10-23,1390.7,1404.9,1390.6,1400.0,10549.0
2013-10-24,1395.8,1419.8,1395.8,1418.3,8025.0
2013-10-25,1407.1,1419.5,1402.1,1414.6,9151.0
2013-10-28,1414.3,1420.0,1405.1,1419.6,7878.0
2013-10-29,1490.0,1504.0,1445.0,1490.0,89860.0
2013-10-30,1494.1,1504.9,1469.0,1471.0,58366.0
2013-10-31,1466.9,1500.0,1458.0,1475.0,41558.0
2013-11-01,1348.0,1349.0,1282.1,1283.0,74354.0
2013-11-05,1283.2,1283.2,1240.2,1258.1,28779.0
2013-11-06,1258.8,1320.0,1220.0,1246.7,29730.0
2013-11-07,1240.0,1240.0,1215.0,1231.0,15558.0
2013-11-08,1220.1,1230.9,1215.0,1227.0,14184.0
2013-11-11,1226.9,1241.1,1220.1,1229.0,7574.0
2013-11-12,1232.1,1249.1,1223.0,1248.9,32637.0
2013-11-13,1239.9,1249.0,1204.9,1218.0,25240.0
2013-11-14,1224.9,1278.0,1224.7,1271.9,27149.0
2013-11-15,1278.9,1287.7,1213.0,1253.9,12255.0
2013-11-18,1260.3,1269.9,1251.5,1263.1,6131.0
2013-11-19,1270.0,1325.1,1260.0,1308.9,28368.0
2013-11-20,1300.0,1320.7,1299.2,1304.4,14847.0
2013-11-21,1304.1,1313.0,1287.1,1305.5,13820.0
2013-11-22,1305.8,1345.0,1305.0,1343.8,38375.0
2013-11-25,1338.3,1371.0,1327.5,1340.0,104220.0
2013-11-26,1349.9,1372.3,1328.6,1369.7,149463.0
2013-11-27,1375.0,1378.9,1341.0,1342.0,21977.0
2013-11-28,1343.1,1363.2,1335.5,1357.0,10106.0
2013-11-29,1366.9,1366.9,1340.0,1352.0,11820.0
2013-12-02,1351.7,1370.0,1315.6,1315.6,7398.0
2013-12-03,1314.0,1325.1,1276.9,1310.0,59452.0
2013-12-04,1312.0,1324.3,1300.0,1310.0,28003.0
2013-12-05,1315.5,1319.4,1310.0,1310.0,31546.0
2013-12-06,1310.0,1348.9,1310.0,1315.1,7025.0
2013-12-09,1330.1,1363.8,1324.0,1363.8,11053.0
2013-12-10,1344.9,1369.9,1343.7,1354.7,26662.0
2013-12-11,1350.0,1369.0,1340.7,1355.9,13936.0
2013-12-12,1347.5,1366.9,1330.3,1356.0,14088.0
2013-12-13,1365.0,1414.9,1357.0,1392.0,31453.0
2013-12-16,1391.8,1447.9,1390.0,1437.9,35514.0
2013-12-17,1440.0,1459.0,1429.9,1450.0,22813.0
2013-12-18,1428.0,1432.7,1399.0,1427.0,55775.0
2013-12-19,1425.0,1435.2,1400.0,1410.2,22907.0
2013-12-20,1401.3,1422.0,1390.1,1390.1,26645.0
2013-12-23,1410.0,1429.7,1405.5,1416.5,45453.0
2013-12-24,1417.8,1421.0,1408.4,1408.4,8739.0
2013-12-25,1408.0,1421.0,1405.0,1414.6,11170.0
2013-12-26,1410.0,1418.8,1408.1,1410.3,7921.0
2013-12-27,1413.8,1418.9,1407.5,1415.0,3774.0
2013-12-30,1411.1,1430.1,1405.5,1430.1,22115.0
2014-01-06,1406.0,1416.6,1391.8,1412.5,21678.0
2014-01-08,1412.0,1420.2,1410.1,1417.0,16689.0
2014-01-09,1415.0,1424.6,1410.1,1421.0,8996.0
2014-01-10,1410.7,1447.0,1410.5,1433.8,35259.0
2014-01-13,1435.0,1435.0,1416.1,1423.1,29947.0
2014-01-14,1415.0,1430.0,1405.0,1427.1,36830.0
2014-01-15,1429.9,1449.0,1420.1,1441.9,57121.0
2014-01-16,1433.8,1459.8,1424.2,1443.6,20574.0
2014-01-17,1449.6,1459.0,1437.0,1450.0,23047.0
2014-01-20,1452.5,1470.0,1450.9,1463.9,37380.0
2014-01-21,1469.5,1474.9,1456.1,1460.3,7984.0
2014-01-22,1459.0,1464.5,1441.0,1445.0,29188.0
2014-01-23,1448.8,1459.9,1435.0,1440.8,51287.0
2014-01-24,1429.8,1444.9,1411.6,1440.0,11765.0
2014-01-27,1434.9,1491.0,1430.0,1478.9,22918.0
2014-01-28,1477.0,1489.9,1452.2,1468.5,19634.0
2014-01-29,1460.2,1490.4,1440.0,1445.9,50039.0
2014-01-30,1449.9,1480.0,1445.1,1467.0,30153.0
2014-01-31,1453.0,1480.0,1441.1,1453.0,23613.0
2014-02-03,1459.9,1464.9,1440.0,1443.0,14146.0
2014-02-04,1429.8,1449.8,1410.2,1430.1,15423.0
2014-02-05,1435.1,1459.7,1430.9,1453.1,9835.0
2014-02-06,1460.0,1466.4,1435.1,1465.0,6831.0
2014-02-07,1452.3,1475.0,1452.0,1473.4,9542.0
2014-02-10,1464.6,1474.9,1451.0,1471.0,6584.0
2014-02-11,1461.6,1473.7,1453.2,1460.3,6491.0
2014-02-12,1469.6,1473.6,1460.2,1464.0,7047.0
2014-02-13,1462.0,1468.0,1449.5,1457.0,10212.0
2014-02-14,1461.9,1471.5,1456.6,1468.8,16260.0
2014-02-17,1469.9,1475.3,1455.1,1472.1,9759.0
2014-02-18,1460.1,1477.0,1459.8,1466.1,14188.0
2014-02-19,1468.8,1474.5,1450.0,1450.5,20511.0
2014-02-20,1450.1,1452.9,1440.3,1445.7,10561.0
2014-02-21,1455.5,1460.0,1445.3,1446.8,19778.0
2014-02-24,1447.0,1449.4,1440.3,1445.5,5724.0
2014-02-25,1449.8,1460.0,1429.1,1429.3,24541.0
2014-02-26,1436.9,1444.7,1412.6,1420.0,18232.0
2014-02-27,1415.6,1430.5,1399.5,1419.7,26272.0
2014-02-28,1418.8,1429.9,1405.0,1412.0,30502.0
2014-03-03,1129.7,1364.1,1129.7,1328.5,37791.0
2014-03-04,1351.0,1415.0,1320.0,1344.9,35876.0
2014-03-05,1345.1,1380.1,1320.5,1365.0,7850.0
2014-03-06,1377.1,1378.8,1322.7,1336.9,23412.0
2014-03-07,1330.4,1372.0,1330.4,1350.0,51582.0
2014-03-11,1359.1,1362.2,1325.0,1325.5,22402.0
2014-03-12,1320.1,1354.9,1310.2,1320.9,19660.0
2014-03-13,1320.7,1340.1,1318.0,1325.0,22312.0
2014-03-14,1300.1,1312.0,1235.1,1251.4,19162.0
2014-03-17,1260.3,1399.0,1248.0,1384.9,53379.0
2014-03-18,1353.3,1373.0,1320.3,1338.2,27443.0
2014-03-19,1347.1,1379.9,1322.5,1349.9,14125.0
2014-03-20,1353.8,1394.0,1350.0,1389.9,17356.0
2014-03-21,1370.0,1400.1,1350.0,1400.0,40090.0
2014-03-24,1400.0,1434.0,1384.8,1385.2,9712.0
2014-03-25,1390.9,1414.8,1381.0,1399.6,14160.0
2014-03-26,1395.4,1434.0,1385.1,1427.7,14738.0
2014-03-27,1420.6,1430.0,1395.4,1404.0,13960.0
2014-03-28,1418.7,1420.3,1395.2,1401.6,7162.0
2014-03-31,1412.0,1435.4,1400.0,1435.4,7347.0
2014-04-01,1420.1,1435.1,1405.1,1415.0,18533.0
2014-04-02,1417.2,1426.0,1415.0,1424.3,8391.0
2014-04-03,1428.9,1435.3,1420.3,1425.1,50340.0
2014-04-04,1430.0,1474.9,1421.1,1474.9,51122.0
2014-04-07,1465.1,1469.5,1404.3,1430.0,72297.0
2014-04-08,1434.8,1458.3,1429.6,1458.3,42934.0
2014-04-09,1452.8,1460.0,1442.5,1460.0,12593.0
2014-04-10,1455.0,1489.0,1453.2,1485.0,15822.0
2014-04-11,1470.6,1499.9,1460.6,1482.0,8562.0
2014-04-14,1475.8,1481.0,1452.5,1464.1,14097.0
2014-04-15,1469.9,1480.0,1415.0,1422.5,22368.0
2014-04-16,1434.9,1484.5,1429.7,1479.0,18716.0
2014-04-17,1480.1,1503.9,1476.5,1487.1,18531.0
2014-04-18,1500.0,1555.4,1500.0,1539.0,11055.0
2014-04-21,1539.0,1574.7,1525.1,1551.4,13019.0
2014-05-06,1648.9,1648.9,1505.1,1525.0,40821.0
2014-05-07,1535.0,1568.0,1526.1,1553.7,38888.0
2014-05-08,1565.0,1565.0,1530.0,1545.0,13548.0
2014-05-12,1559.7,1559.7,1512.2,1515.6,8630.0
2014-05-13,1520.8,1545.0,1500.0,1510.5,19169.0
2014-05-14,1519.0,1555.0,1516.0,1540.0,30293.0
2014-05-15,1556.0,1567.0,1525.3,1533.6,21364.0
2014-05-16,1542.3,1542.8,1523.0,1534.7,10505.0
2014-05-19,1534.7,1556.0,1532.3,1540.0,28761.0
2014-05-20,1545.0,1560.0,1539.0,1540.0,34160.0
2014-05-21,1550.0,1555.3,1541.0,1555.0,17234.0
2014-05-22,1555.0,1559.9,1546.6,1551.0,13404.0
2014-05-23,1551.5,1560.0,1546.9,1554.5,21602.0
2014-05-26,1554.5,1574.2,1554.5,1570.0,21598.0
2014-05-27,1574.5,1597.0,1560.1,1597.0,20703.0
2014-05-28,1596.0,1640.0,1577.7,1631.0,22120.0
2014-05-29,1642.0,1652.0,1634.5,1647.2,21169.0
2014-05-30,1655.0,1680.0,1646.8,1680.0,25326.0
2014-06-02,1679.0,1747.0,1671.5,1715.0,22129.0
2014-06-03,1710.1,1746.3,1710.0,1737.6,15973.0
2014-06-04,1737.5,1793.7,1728.7,1773.0,19336.0
2014-06-05,1775.3,1817.7,1743.8,1815.0,53232.0
2014-06-06,1803.5,1827.7,1792.1,1817.9,31132.0
2014-06-09,1818.9,1847.4,1803.3,1835.3,20364.0
2014-06-10,1835.1,1840.0,1826.0,1833.0,17660.0
2014-06-11,1833.5,1838.9,1815.1,1833.2,23064.0
2014-06-16,1830.0,1880.0,1815.0,1848.1,86103.0
2014-06-17,1845.0,1869.0,1801.1,1832.0,52039.0
2014-06-18,1838.0,1843.8,1820.1,1831.0,47665.0
2014-06-19,1830.0,1840.0,1816.0,1829.4,86456.0
2014-06-20,1620.1,1700.0,1580.4,1654.0,43983.0
2014-06-23,1661.5,1687.0,1601.0,1632.4,12760.0
2014-06-24,1620.2,1682.0,1603.1,1674.7,38931.0
2014-06-25,1663.1,1698.3,1663.1,1676.5,21022.0
2014-06-26,1676.7,1694.9,1653.1,1666.7,21442.0
2014-06-27,1669.9,1674.9,1642.2,1651.1,42798.0
2014-06-30,1653.1,1653.1,1618.0,1632.2,16600.0
2014-07-01,1634.6,1638.0,1616.7,1626.1,8588.0
2014-07-02,1628.0,1696.9,1625.3,1686.9,31758.0
2014-07-03,1670.6,1735.4,1670.6,1695.0,23365.0
2014-07-04,1655.1,1715.3,1655.1,1709.0,34991.0
2014-07-07,1708.8,1770.0,1708.8,1770.0,27899.0
2014-07-08,1753.0,1826.0,1753.0,1826.0,31424.0
2014-07-09,1807.0,1848.0,1754.9,1810.0,31033.0
2014-07-10,1812.0,1837.0,1805.0,1825.1,30471.0
2014-07-11,1824.1,1837.6,1815.8,1830.0,11502.0
2014-07-14,1815.4,1838.1,1780.1,1794.9,13965.0
2014-07-15,1800.0,1800.0,1716.3,1769.3,46791.0
2014-07-16,1740.5,1768.0,1699.9,1745.0,43647.0
2014-07-17,1721.1,1739.9,1651.8,1684.0,71466.0
2014-07-18,1679.9,1680.0,1613.8,1660.0,62881.0
2014-07-21,1669.0,1691.8,1571.2,1575.0,47346.0
2014-07-22,1575.2,1634.8,1575.2,1634.8,43115.0
2014-07-23,1621.7,1651.4,1586.2,1600.0,52587.0
2014-07-24,1590.1,1598.3,1549.1,1563.8,17141.0
2014-07-25,1565.0,1565.0,1540.0,1540.0,25631.0
2014-07-28,1525.3,1533.0,1390.7,1408.0,52735.0
2014-07-29,1400.0,1470.0,1400.0,1410.0,47923.0
2014-07-30,1410.0,1460.0,1410.0,1448.7,35951.0
2014-07-31,1453.5,1492.0,1453.5,1487.0,12657.0
2014-08-01,1474.7,1475.0,1415.5,1465.0,23070.0
2014-08-04,1475.0,1498.0,1451.0,1498.0,14577.0
2014-08-05,1481.1,1497.5,1461.0,1475.0,7570.0
2014-08-06,1476.0,1484.0,1372.0,1374.5,41988.0
2014-08-07,1374.6,1415.7,1280.0,1410.1,68244.0
2014-08-08,1400.2,1430.0,1351.3,1414.9,9790.0
2014-08-11,1421.7,1463.9,1420.0,1424.0,7270.0
2014-08-12,1423.1,1455.0,1422.0,1450.0,9712.0
2014-08-13,1449.9,1470.0,1449.7,1466.0,15913.0
2014-08-14,1453.6,1534.7,1453.6,1524.0,11058.0
2014-08-15,1538.7,1559.9,1509.0,1541.0,9645.0
2014-08-18,1549.9,1584.6,1541.2,1545.0,14889.0
2014-08-19,1551.4,1565.0,1540.5,1544.0,8113.0
2014-08-20,1548.9,1548.9,1512.4,1512.4,13607.0
2014-08-21,1539.9,1559.2,1520.0,1559.2,22652.0
2014-08-22,1554.9,1554.9,1520.0,1548.2,24638.0
2014-08-25,1558.3,1558.4,1518.6,1520.0,32176.0
2014-08-26,1520.3,1536.9,1503.6,1503.6,11425.0
2014-08-27,1505.2,1536.7,1480.0,1480.0,22016.0
2014-08-28,1497.8,1497.8,1441.0,1441.0,13643.0
2014-08-29,1449.9,1450.2,1425.0,1430.8,6617.0
2014-09-01,1440.1,1449.7,1360.1,1375.0,71732.0
2014-09-02,1376.9,1399.9,1372.3,1375.0,7536.0
2014-09-03,1390.0,1409.0,1385.0,1392.2,28144.0
2014-09-04,1406.1,1406.1,1355.2,1365.2,15150.0
2014-09-05,1360.1,1373.9,1331.1,1345.0,24531.0
2014-09-08,1345.0,1359.4,1339.0,1350.0,109130.0
2014-09-09,1353.9,1409.0,1353.8,1379.9,32241.0
2014-09-10,1381.0,1389.4,1374.8,1380.0,10514.0
2014-09-11,1373.9,1390.9,1360.9,1367.3,17833.0
2014-09-12,1379.8,1379.8,1350.5,1361.1,37295.0
2014-09-15,1371.4,1371.4,1302.3,1318.0,54279.0
2014-09-16,1320.0,1341.9,1320.0,1321.5,21130.0
2014-09-17,1260.1,1260.1,1039.0,1060.0,390927.0
2014-09-18,1070.0,1110.0,1035.0,1035.0,90891.0
2014-09-19,1040.0,1044.9,941.1,977.0,321054.0
2014-09-22,975.5,984.8,945.5,946.2,56905.0
2014-09-23,949.7,965.0,943.2,951.7,59671.0
2014-09-24,957.7,995.0,957.7,969.7,71858.0
2014-09-25,977.3,978.7,918.5,921.1,84184.0
2014-09-26,908.5,914.7,807.5,808.0,202895.0
2014-09-29,800.0,833.3,745.2,761.3,170123.0
2014-09-30,767.8,799.5,752.5,795.2,79863.0
2014-10-01,796.0,856.0,781.0,796.0,118199.0
2014-10-02,796.0,827.0,784.0,796.0,67177.0
2014-10-03,810.0,815.0,788.0,800.0,42449.0
2014-10-06,808.0,827.0,804.0,804.0,31118.0
2014-10-07,811.0,818.0,795.0,795.0,22419.0
2014-10-08,803.0,803.0,790.0,790.0,20227.0
2014-10-09,797.0,801.0,758.0,762.0,37297.0
2014-10-10,765.0,765.0,728.0,735.0,45323.0
2014-10-13,740.0,763.0,730.0,752.0,36154.0
2014-10-14,753.0,771.0,749.0,754.0,39845.0
2014-10-15,755.0,758.0,723.0,727.0,22903.0
2014-10-16,731.0,736.0,681.0,699.0,40154.0
2014-10-17,703.0,730.0,699.0,724.0,15715.0
2014-10-20,725.0,744.0,699.0,714.0,33567.0
2014-10-21,713.0,737.0,705.0,722.0,47543.0
2014-10-22,736.0,750.0,707.0,710.0,42362.0
2014-10-23,712.0,713.0,692.0,695.0,34423.0
2014-10-24,692.0,701.0,681.0,683.0,20274.0
2014-10-27,692.0,730.0,692.0,724.0,39770.0
2014-10-28,729.0,798.0,729.0,761.0,106347.0
2014-10-29,775.0,788.0,766.0,768.0,50776.0
2014-10-30,774.0,829.0,760.0,815.0,207988.0
2014-10-31,833.0,923.0,831.0,917.0,228790.0
2014-11-03,920.0,977.0,918.0,959.0,98177.0
2014-11-05,959.0,959.0,884.0,933.0,85644.0
2014-11-06,943.0,955.0,890.0,902.0,69573.0
2014-11-07,900.0,911.0,876.0,887.0,61977.0
2014-11-10,900.0,955.0,900.0,942.0,57066.0
2014-11-11,942.0,955.0,925.0,936.0,31068.0
2014-11-12,936.0,941.0,923.0,937.0,38253.0
2014-11-13,945.0,969.0,924.0,929.0,41804.0
2014-11-14,922.0,936.0,899.0,928.0,45756.0
2014-11-17,935.0,938.0,920.0,929.0,12714.0
2014-11-18,929.0,949.0,918.0,936.0,36861.0
2014-11-19,940.0,956.0,906.0,931.0,57472.0
2014-11-20,939.0,946.0,931.0,944.0,24904.0
2014-11-21,947.0,948.0,936.0,941.0,14578.0
2014-11-24,946.0,949.0,928.0,930.0,31504.0
2014-11-25,929.0,940.0,906.0,908.0,49971.0
2014-11-26,914.0,915.0,882.0,888.0,39312.0
2014-11-27,891.0,905.0,870.0,876.0,30786.0
2014-11-28,861.0,883.0,846.0,850.0,52988.0
2014-12-01,845.0,851.0,829.0,848.0,52107.0
2014-12-02,850.0,889.0,841.0,857.0,38751.0
2014-12-03,856.0,885.0,833.0,856.0,51732.0
2014-12-04,861.0,875.0,847.0,858.0,18265.0
2014-12-05,858.0,873.0,830.0,838.0,37419.0
2014-12-08,832.0,864.0,771.0,790.0,47920.0
2014-12-09,782.0,785.0,747.0,755.0,34364.0
2014-12-10,765.0,839.0,765.0,807.0,66367.0
2014-12-11,807.0,850.0,802.0,823.0,111255.0
2014-12-12,823.0,999.0,801.0,997.0,217706.0
2014-12-15,1014.0,1083.0,929.0,936.0,214185.0
2014-12-16,940.0,940.0,755.0,864.0,271492.0
2014-12-17,871.0,944.0,850.0,894.0,81855.0
2014-12-18,925.0,938.0,890.0,901.0,92004.0
2014-12-19,904.0,924.0,861.0,900.0,50013.0
2014-12-22,901.0,922.0,842.0,860.0,79800.0
2014-12-23,867.0,904.0,850.0,904.0,61296.0
2014-12-24,905.0,948.0,893.0,930.0,212431.0
2014-12-25,931.0,947.0,913.0,936.0,91336.0
2014-12-26,935.0,944.0,917.0,940.0,36009.0
2014-12-29,937.0,962.0,911.0,911.0,59491.0
2014-12-30,911.0,951.0,887.0,922.0,71689.0
2015-01-05,921.0,944.0,915.0,935.0,16014.0
2015-01-06,928.0,938.0,921.0,926.0,9201.0
2015-01-08,927.0,965.0,925.0,956.0,74265.0
2015-01-09,957.0,967.0,925.0,938.0,47925.0
2015-01-12,927.0,942.0,922.0,935.0,21277.0
2015-01-13,935.0,938.0,921.0,929.0,42787.0
2015-01-14,929.0,943.0,928.0,940.0,33046.0
2015-01-15,946.0,979.0,946.0,969.0,141517.0
2015-01-16,970.0,999.0,954.0,986.0,116276.0
2015-01-19,981.0,1046.0,971.0,1025.0,185340.0
2015-01-20,1025.0,1048.0,1010.0,1030.0,55924.0
2015-01-21,1032.0,1075.0,1020.0,1064.0,61231.0
2015-01-22,1070.0,1144.0,1070.0,1143.0,134489.0
2015-01-23,1149.0,1185.0,1131.0,1152.0,126222.0
2015-01-26,1137.0,1164.0,1101.0,1109.0,132827.0
2015-01-27,1089.0,1140.0,1051.0,1123.0,82350.0
2015-01-28,1129.0,1165.0,1123.0,1140.0,78219.0
2015-01-29,1132.0,1147.0,1113.0,1133.0,29407.0
2015-01-30,1137.0,1238.0,1123.0,1238.0,112780.0
2015-02-02,1250.0,1294.0,1191.0,1215.0,108977.0
2015-02-03,1243.0,1279.0,1232.0,1262.0,61871.0
2015-02-04,1274.0,1295.0,1265.0,1280.0,119914.0
2015-02-05,1274.0,1275.0,1245.0,1256.0,129117.0
2015-02-06,1272.0,1291.0,1249.0,1255.0,128441.0
2015-02-09,1260.0,1280.0,1233.0,1250.0,103640.0
2015-02-10,1246.0,1275.0,1246.0,1265.0,41163.0
2015-02-11,1270.0,1280.0,1261.0,1265.0,51704.0
2015-02-12,1274.0,1280.0,1260.0,1272.0,27622.0
2015-02-13,1274.0,1299.0,1271.0,1296.0,67342.0
2015-02-16,1301.0,1315.0,1288.0,1296.0,31922.0
2015-02-17,1301.0,1306.0,1251.0,1261.0,38284.0
2015-02-18,1266.0,1274.0,1243.0,1249.0,18663.0
2015-02-19,1245.0,1250.0,1208.0,1227.0,26815.0
2015-02-20,1235.0,1245.0,1220.0,1240.0,10420.0
2015-02-24,1230.0,1230.0,1212.0,1222.0,10471.0
2015-02-25,1224.0,1230.0,1175.0,1209.0,17753.0
2015-02-26,1220.0,1256.0,1208.0,1242.0,41240.0
2015-02-27,1245.0,1254.0,1210.0,1245.0,51984.0
2015-03-02,1236.0,1251.0,1228.0,1235.0,16890.0
2015-03-03,1235.0,1250.0,1221.0,1249.0,17493.0
2015-03-04,1248.0,1264.0,1220.0,1229.0,24636.0
2015-03-05,1234.0,1295.0,1234.0,1287.0,65954.0
2015-03-06,1291.0,1303.0,1265.0,1294.0,39223.0
2015-03-10,1287.0,1295.0,1265.0,1270.0,25498.0
2015-03-11,1270.0,1274.0,1200.0,1247.0,76155.0
2015-03-12,1252.0,1272.0,1234.0,1255.0,54748.0
2015-03-13,1260.0,1260.0,1233.0,1240.0,59122.0
2015-03-16,1240.0,1262.0,1219.0,1239.0,30031.0
2015-03-17,1245.0,1258.0,1227.0,1250.0,18780.0
2015-03-18,1246.0,1314.0,1240.0,1314.0,48291.0
2015-03-19,1322.0,1330.0,1271.0,1290.0,44757.0
2015-03-20,1282.0,1405.0,1277.0,1383.0,228770.0
2015-03-23,1383.0,1399.0,1339.0,1356.0,57874.0
2015-03-24,1356.0,1361.0,1314.0,1319.0,11982.0
2015-03-25,1317.0,1329.0,1250.0,1274.0,47552.0
2015-03-26,1280.0,1349.0,1240.0,1340.0,142344.0
2015-03-27,1346.0,1351.0,1301.0,1316.0,69082.0
2015-03-30,1328.0,1344.0,1308.0,1330.0,65217.0
2015-03-31,1331.0,1365.0,1315.0,1340.0,48034.0
2015-04-01,1341.0,1367.0,1334.0,1358.0,17989.0
2015-04-02,1357.0,1358.0,1333.0,1344.0,26971.0
2015-04-03,1337.0,1341.0,1310.0,1313.0,18573.0
2015-04-06,1318.0,1339.0,1318.0,1326.0,15789.0
2015-04-07,1328.0,1375.0,1322.0,1357.0,32784.0
2015-04-08,1357.0,1365.0,1331.0,1338.0,70473.0
2015-04-09,1338.0,1382.0,1325.0,1332.0,69202.0
2015-04-10,1337.0,1353.0,1330.0,1342.0,39037.0
2015-04-13,1350.0,1379.0,1350.0,1379.0,49661.0
2015-04-14,1381.0,1415.0,1370.0,1415.0,50669.0
2015-04-15,1416.0,1480.0,1398.0,1460.0,105607.0
2015-04-16,1461.0,1469.0,1443.0,1452.0,32417.0
2015-04-17,1451.0,1452.0,1400.0,1440.0,62847.0
2015-04-20,1446.0,1530.0,1435.0,1503.0,128308.0
2015-04-21,1497.0,1536.0,1468.0,1520.0,71202.0
2015-04-22,1529.0,1536.0,1486.0,1521.0,18292.0
2015-04-23,1532.0,1540.0,1491.0,1525.0,95948.0
2015-04-24,1505.0,1545.0,1502.0,1532.0,36326.0
2015-04-27,1525.0,1542.0,1500.0,1506.0,14895.0
2015-04-28,1510.0,1541.0,1469.0,1540.0,36737.0
2015-04-29,1541.0,1610.0,1535.0,1592.0,67056.0
2015-04-30,1588.0,1708.0,1575.0,1708.0,56987.0
2015-05-05,1670.0,1732.0,1650.0,1727.0,56592.0
2015-05-06,1727.0,1764.0,1682.0,1687.0,82692.0
2015-05-07,1687.0,1691.0,1620.0,1620.0,44974.0
2015-05-08,1636.0,1679.0,1627.0,1669.0,11196.0
2015-05-12,1667.0,1683.0,1654.0,1680.0,11122.0
2015-05-13,1679.0,1707.0,1633.0,1641.0,5363.0
2015-05-14,1641.0,1651.0,1593.0,1605.0,11640.0
2015-05-15,1602.0,1605.0,1546.0,1590.0,9986.0
2015-05-18,1579.0,1579.0,1545.0,1556.0,14356.0
2015-05-19,1563.0,1569.0,1515.0,1525.0,22844.0
2015-05-20,1525.0,1538.0,1442.0,1476.0,40358.0
2015-05-21,1480.0,1500.0,1469.0,1489.0,15487.0
2015-05-22,1492.0,1499.0,1459.0,1496.0,10237.0
2015-05-25,1504.0,1549.0,1494.0,1530.0,10552.0
2015-05-26,1537.0,1543.0,1517.0,1521.0,5373.0
2015-05-27,1537.0,1537.0,1512.0,1528.0,8560.0
2015-05-28,1530.0,1542.0,1502.0,1513.0,14493.0
2015-05-29,1527.0,1549.0,1512.0,1513.0,8016.0
2015-06-01,1520.0,1549.0,1520.0,1532.0,7622.0
2015-06-02,1533.0,1574.0,1524.0,1550.0,23019.0
2015-06-03,1565.0,1577.0,1533.0,1555.0,15648.0
2015-06-04,1543.0,1561.0,1505.0,1516.0,15460.0
2015-06-05,1521.0,1525.0,1485.0,1510.0,7172.0
2015-06-08,1514.0,1542.0,1485.0,1487.0,7103.0
2015-06-09,1490.0,1490.0,1450.0,1469.0,20332.0
2015-06-10,1470.0,1481.0,1422.0,1428.0,19403.0
2015-06-11,1439.0,1459.0,1410.0,1434.0,10886.0
2015-06-15,1433.0,1438.0,1402.0,1425.0,17070.0
2015-06-16,1434.0,1449.0,1426.0,1439.0,11701.0
2015-06-17,1442.0,1462.0,1424.0,1450.0,41429.0
2015-06-18,1461.0,1479.0,1450.0,1475.0,19397.0
2015-06-19,1479.0,1487.0,1440.0,1445.0,29400.0
2015-06-22,1454.0,1469.0,1450.0,1451.0,11964.0
2015-06-23,1458.0,1461.0,1433.0,1435.0,5968.0
2015-06-24,1447.0,1451.0,1398.0,1406.0,30786.0
2015-06-25,1406.0,1415.0,1370.0,1372.0,30349.0
2015-06-26,1370.0,1415.0,1370.0,1415.0,20948.0
2015-06-29,1391.0,1408.0,1371.0,1404.0,27687.0
2015-06-30,1393.0,1430.0,1373.0,1429.0,16584.0
2015-07-01,1428.0,1435.0,1400.0,1400.0,14180.0
2015-07-02,1420.0,1420.0,1398.0,1400.0,8191.0
2015-07-03,1400.0,1401.0,1390.0,1395.0,7050.0
2015-07-06,1382.0,1394.0,1370.0,1394.0,19156.0
2015-07-07,1388.0,1400.0,1352.0,1370.0,32077.0
2015-07-08,1371.0,1386.0,1336.0,1354.0,29369.0
2015-07-09,1364.0,1399.0,1364.0,1380.0,9015.0
2015-07-10,1385.0,1394.0,1357.0,1358.0,14504.0
2015-07-13,1375.0,1386.0,1346.0,1364.0,23001.0
2015-07-14,1364.0,1364.0,1333.0,1337.0,27068.0
2015-07-15,1341.0,1372.0,1337.0,1370.0,101902.0
2015-07-16,1268.0,1315.0,1265.0,1304.0,71062.0
2015-07-17,1308.0,1315.0,1297.0,1297.0,20917.0
2015-07-20,1299.0,1302.0,1276.0,1290.0,29380.0
2015-07-21,1293.0,1300.0,1287.0,1298.0,11679.0
2015-07-22,1298.0,1311.0,1288.0,1297.0,18919.0
2015-07-23,1300.0,1326.0,1297.0,1321.0,35717.0
2015-07-24,1324.0,1331.0,1313.0,1315.0,45494.0
2015-07-27,1318.0,1324.0,1294.0,1323.0,44540.0
2015-07-28,1319.0,1324.0,1310.0,1322.0,17989.0
2015-07-29,1318.0,1337.0,1315.0,1325.0,7240.0
2015-07-30,1326.0,1358.0,1320.0,1353.0,26223.0
2015-07-31,1357.0,1365.0,1342.0,1342.0,12561.0
2015-08-03,1348.0,1363.0,1343.0,1354.0,15176.0
2015-08-04,1354.0,1375.0,1350.0,1360.0,22182.0
2015-08-05,1360.0,1362.0,1345.0,1358.0,11291.0
2015-08-06,1358.0,1369.0,1344.0,1365.0,13299.0
2015-08-07,1369.0,1371.0,1356.0,1369.0,10764.0
2015-08-10,1359.0,1371.0,1350.0,1355.0,20542.0
2015-08-11,1359.0,1377.0,1357.0,1368.0,24250.0
2015-08-12,1368.0,1372.0,1352.0,1364.0,13859.0
2015-08-13,1370.0,1375.0,1359.0,1365.0,18235.0
2015-08-14,1369.0,1384.0,1363.0,1370.0,14792.0
2015-08-17,1374.0,1376.0,1360.0,1371.0,7534.0
2015-08-18,1373.0,1380.0,1363.0,1372.0,13564.0
2015-08-19,1372.0,1372.0,1350.0,1350.0,16503.0
2015-08-20,1354.0,1355.0,1322.0,1352.0,20118.0
2015-08-21,1349.0,1352.0,1330.0,1350.0,20203.0
2015-08-24,1327.0,1330.0,1290.0,1294.0,115671.0
2015-08-25,1299.0,1312.0,1293.0,1303.0,28525.0
2015-08-26,1306.0,1306.0,1278.0,1289.0,28919.0
2015-08-27,1302.0,1328.0,1299.0,1324.0,25193.0
2015-08-28,1330.0,1363.0,1325.0,1357.0,33629.0
2015-08-31,1343.0,1361.0,1336.0,1359.0,12009.0
2015-09-01,1364.0,1364.0,1344.0,1356.0,12302.0
2015-09-02,1356.0,1372.0,1338.0,1365.0,43104.0
2015-09-03,1369.0,1425.0,1369.0,1425.0,77472.0
2015-09-04,1418.0,1421.0,1394.0,1405.0,17746.0
2015-09-07,1411.0,1414.0,1395.0,1402.0,12872.0
2015-09-08,1400.0,1413.0,1400.0,1409.0,9350.0
2015-09-09,1411.0,1417.0,1404.0,1411.0,11418.0
2015-09-10,1412.0,1445.0,1407.0,1439.0,22957.0
2015-09-11,1439.0,1470.0,1428.0,1470.0,51231.0
2015-09-14,1470.0,1492.0,1465.0,1475.0,26396.0
2015-09-15,1478.0,1491.0,1478.0,1491.0,41192.0
2015-09-16,1476.0,1490.0,1440.0,1476.0,71354.0
2015-09-17,1471.0,1475.0,1430.0,1430.0,48162.0
2015-09-18,1431.0,1520.0,1431.0,1520.0,380338.0
2015-09-21,1522.0,1525.0,1456.0,1460.0,47735.0
2015-09-22,1465.0,1465.0,1445.0,1462.0,28390.0
2015-09-23,1461.0,1477.0,1459.0,1460.0,26224.0
2015-09-24,1459.0,1465.0,1441.0,1455.0,35103.0
2015-09-25,1459.0,1464.0,1447.0,1455.0,10567.0
2015-09-28,1458.0,1461.0,1431.0,1443.0,13242.0
2015-09-29,1439.0,1448.0,1435.0,1447.0,17012.0
2015-09-30,1448.0,1454.0,1434.0,1435.0,9631.0
2015-10-01,1447.0,1447.0,1413.0,1430.0,10962.0
2015-10-02,1426.0,1458.0,1411.0,1449.0,37768.0
2015-10-05,1453.0,1475.0,1443.0,1472.0,22504.0
2015-10-06,1476.0,1505.0,1466.0,1499.0,18652.0
2015-10-07,1488.0,1516.0,1480.0,1488.0,7198.0
2015-10-08,1488.0,1488.0,1470.0,1475.0,4540.0
2015-10-09,1480.0,1493.0,1468.0,1474.0,20939.0
2015-10-12,1484.0,1493.0,1477.0,1485.0,5203.0
2015-10-13,1471.0,1499.0,1471.0,1499.0,11100.0
2015-10-14,1499.0,1509.0,1481.0,1508.0,8355.0
2015-10-15,1509.0,1520.0,1500.0,1510.0,10126.0
2015-10-16,1510.0,1517.0,1481.0,1496.0,9400.0
2015-10-19,1492.0,1505.0,1487.0,1504.0,10263.0
2015-10-20,1500.0,1510.0,1500.0,1505.0,5030.0
2015-10-21,1503.0,1530.0,1503.0,1524.0,9947.0
2015-10-22,1524.0,1526.0,1513.0,1521.0,3880.0
2015-10-23,1528.0,1557.0,1525.0,1549.0,22416.0
2015-10-26,1550.0,1574.0,1535.0,1563.0,7340.0
2015-10-27,1569.0,1598.0,1560.0,1598.0,11286.0
2015-10-28,1583.0,1608.0,1583.0,1599.0,10432.0
2015-10-29,1599.0,1617.0,1573.0,1594.0,6288.0
2015-10-30,1598.0,1640.0,1583.0,1591.0,13607.0
2015-11-02,1601.0,1617.0,1590.5,1610.5,7168.0
2015-11-03,1615.0,1637.0,1600.0,1632.5,7558.0
2015-11-05,1631.5,1661.0,1620.5,1640.0,9909.0
2015-11-06,1650.0,1653.0,1640.0,1649.0,13464.0
2015-11-09,1649.5,1678.0,1633.0,1678.0,12671.0
2015-11-10,1678.0,1683.0,1641.0,1655.5,13835.0
2015-11-11,1660.0,1663.0,1620.0,1626.5,9872.0
2015-11-12,1623.5,1627.0,1620.0,1625.5,11476.0
2015-11-13,1629.5,1629.5,1620.0,1622.0,10915.0
2015-11-16,1629.5,1650.0,1620.0,1650.0,8437.0
2015-11-17,1651.0,1668.0,1571.0,1633.0,59639.0
2015-11-18,1643.0,1654.0,1633.0,1654.0,25652.0
2015-11-19,1657.0,1665.5,1650.0,1655.0,11883.0
2015-11-20,1659.5,1659.5,1650.0,1650.0,21968.0
2015-11-23,1653.5,1678.0,1653.5,1672.5,12597.0
2015-11-24,1679.0,1688.5,1650.0,1669.5,14944.0
2015-11-25,1655.0,1748.5,1655.0,1740.0,28585.0
2015-11-26,1740.0,1800.0,1730.0,1735.5,31740.0
2015-11-27,1744.0,1747.5,1670.5,1688.0,15378.0
2015-11-30,1691.0,1707.0,1651.5,1686.0,11336.0
2015-12-01,1689.5,1722.5,1683.0,1708.0,8351.0
2015-12-02,1713.0,1729.5,1711.5,1728.5,4295.0
2015-12-03,1724.0,1818.0,1722.0,1768.5,37794.0
2015-12-04,1774.0,1810.0,1760.0,1799.0,24539.0
2015-12-07,1799.0,1866.5,1768.5,1849.5,56195.0
2015-12-08,1849.5,1875.0,1786.5,1803.0,127501.0
2015-12-09,1812.0,1850.0,1806.0,1850.0,51533.0
2015-12-10,1849.5,1898.0,1837.0,1872.5,44263.0
2015-12-11,1858.5,1889.0,1815.0,1815.0,8342.0
2015-12-14,1810.0,1818.0,1730.0,1748.5,17925.0
2015-12-15,1748.5,1772.0,1723.0,1750.5,7210.0
2015-12-16,1777.0,1817.5,1733.0,1759.0,32633.0
2015-12-17,1780.0,1786.0,1721.0,1747.0,8807.0
2015-12-18,1744.0,1756.0,1719.5,1740.0,23206.0
2015-12-21,1738.0,1759.5,1705.0,1741.0,37188.0
2015-12-22,1745.5,1754.5,1731.0,1731.0,14322.0
2015-12-23,1749.5,1750.0,1732.0,1750.0,7238.0
2015-12-24,1761.5,1763.0,1742.5,1745.0,9165.0
2015-12-25,1750.0,1751.5,1730.0,1730.5,20562.0
2015-12-28,1733.0,1742.0,1713.0,1714.0,17378.0
2015-12-29,1714.5,1719.0,1702.0,1716.0,13012.0
2015-12-30,1715.5,1720.0,1708.5,1715.0,9896.0
2016-01-04,1718.0,1728.0,1705.0,1722.5,2911.0
2016-01-05,1721.5,1740.0,1721.5,1727.0,12498.0
2016-01-06,1732.0,1746.5,1732.0,1745.0,12593.0
2016-01-11,1720.5,1739.5,1702.0,1724.0,6155.0
2016-01-12,1716.0,1716.0,1687.5,1706.5,5706.0
2016-01-13,1711.5,1721.0,1693.0,1693.0,16077.0
2016-01-14,1686.0,1692.0,1660.5,1671.0,9103.0
2016-01-15,1676.0,1718.5,1628.5,1670.0,49676.0
2016-01-18,1664.5,1711.0,1646.0,1700.0,16256.0
2016-01-19,1717.5,1744.0,1698.0,1722.0,7194.0
2016-01-20,1701.0,1713.5,1650.0,1679.5,19271.0
2016-01-21,1684.0,1725.0,1677.5,1707.0,7711.0
2016-01-22,1722.5,1744.0,1717.5,1720.0,13733.0
2016-01-25,1738.5,1738.5,1690.0,1690.0,5045.0
2016-01-26,1691.0,1719.0,1689.0,1707.0,8174.0
2016-01-27,1715.5,1735.0,1704.0,1735.0,5403.0
2016-01-28,1729.5,1756.5,1722.0,1756.5,7263.0
2016-01-29,1751.0,1780.0,1730.0,1730.0,35460.0
2016-02-01,1743.0,1773.5,1743.0,1772.0,13108.0
2016-02-02,1768.5,1789.0,1757.0,1757.0,45286.0
2016-02-03,1760.0,1774.0,1757.0,1765.5,6576.0
2016-02-04,1778.0,1795.0,1769.0,1795.0,34422.0
2016-02-05,1789.0,1840.0,1770.0,1797.0,18924.0
2016-02-08,1800.5,1860.0,1796.5,1802.0,12824.0
2016-02-09,1807.0,1807.0,1763.0,1772.0,4417.0
2016-02-10,1765.0,1785.0,1748.5,1779.5,31115.0
2016-02-11,1779.5,1784.0,1745.0,1763.0,6047.0
2016-02-12,1772.5,1858.0,1766.5,1820.0,37472.0
2016-02-15,1855.5,1881.0,1820.0,1875.0,41384.0
2016-02-16,1878.0,1918.5,1867.0,1889.0,18656.0
2016-02-17,1890.5,1949.0,1870.0,1947.0,23193.0
2016-02-18,1949.0,1968.5,1911.5,1957.0,46119.0
2016-02-19,1946.0,1960.0,1880.0,1880.0,112027.0
2016-02-20,1881.5,1912.0,1833.0,1857.0,16235.0
2016-02-22,1864.5,1874.0,1806.0,1806.0,7568.0
2016-02-24,1790.5,1818.5,1783.0,1811.0,28982.0
2016-02-25,1815.0,1836.5,1788.0,1798.5,49253.0
2016-02-26,1807.0,1834.0,1791.5,1822.0,45640.0
2016-02-29,1825.5,1886.5,1819.0,1853.5,36236.0
2016-03-01,1870.5,1930.0,1863.5,1874.5,20933.0
2016-03-02,1884.5,1888.0,1835.5,1839.0,8132.0
2016-03-03,1850.0,1870.0,1835.5,1858.0,12965.0
2016-03-04,1852.5,1870.0,1845.0,1870.0,11417.0
2016-03-07,1869.5,1880.0,1862.0,1871.5,6754.0
2016-03-09,1859.0,1863.5,1825.5,1849.5,15521.0
2016-03-10,1862.5,1939.0,1836.5,1920.5,129572.0
2016-03-11,1916.0,1949.0,1903.0,1903.0,50088.0
2016-03-14,1912.0,1928.5,1885.0,1923.0,40686.0
2016-03-15,1911.5,1928.5,1884.0,1899.5,60653.0
2016-03-16,1898.5,1898.5,1879.5,1881.0,5334.0
2016-03-17,1890.0,1910.0,1879.5,1884.5,9905.0
2016-03-18,1884.0,1920.0,1873.5,1920.0,46496.0
2016-03-21,1901.0,1925.0,1900.0,1900.0,13278.0
2016-03-22,1918.5,1918.5,1865.5,1888.5,15119.0
2016-03-23,1896.5,1897.0,1870.0,1873.0,2475.0
2016-03-24,1865.0,1869.5,1700.0,1840.0,17068.0
2016-03-25,1836.0,1854.0,1822.5,1825.0,3899.0
2016-03-28,1830.5,1882.0,1824.0,1824.0,5947.0
2016-03-29,1825.0,1829.0,1795.5,1819.0,4119.0
2016-03-30,1822.5,1869.0,1816.5,1829.5,9499.0
2016-03-31,1829.5,1862.0,1815.5,1852.5,52000.0
2016-04-01,1858.0,1858.5,1807.0,1815.0,10864.0
2016-04-04,1819.5,1823.5,1805.0,1813.0,4680.0
2016-04-05,1804.0,1837.0,1804.0,1822.0,11683.0
2016-04-06,1831.0,1851.0,1824.0,1825.5,3669.0
2016-04-07,1837.0,1848.5,1818.5,1848.5,5769.0
2016-04-08,1843.0,1853.0,1829.0,1829.0,4640.0
2016-04-11,1838.0,1865.0,1832.0,1865.0,5441.0
2016-04-12,1866.0,1874.0,1848.5,1870.0,17281.0
2016-04-13,1870.0,1909.5,1866.0,1884.0,40221.0
2016-04-14,1878.0,1924.0,1867.5,1899.0,49519.0
2016-04-15,1899.0,1925.0,1855.0,1885.5,39683.0
2016-04-18,1857.0,1899.0,1840.0,1862.0,22844.0
2016-04-19,1869.0,1898.0,1867.0,1890.0,20010.0
2016-04-20,1895.5,1917.5,1881.5,1914.0,14541.0
2016-04-21,1928.0,1945.0,1919.0,1923.5,30397.0
2016-04-22,1935.0,1948.0,1900.0,1929.5,46616.0
2016-04-25,1930.5,1954.0,1920.0,1940.0,27453.0
2016-04-26,1920.0,1969.5,1907.0,1925.0,11536.0
2016-04-27,1927.5,1940.5,1890.0,1897.0,13364.0
2016-04-28,1892.0,1909.5,1880.5,1909.5,6380.0
2016-04-29,1916.5,1919.5,1860.0,1860.0,29762.0
2016-05-04,1869.0,1995.0,1865.0,1983.0,47539.0
2016-05-05,1978.0,1998.0,1933.0,1941.5,20140.0
2016-05-06,1951.5,1987.5,1924.5,1987.5,8120.0
2016-05-10,1978.0,1997.5,1936.5,1954.5,20874.0
2016-05-11,1940.5,1961.0,1925.0,1925.0,9893.0
2016-05-12,1930.5,1940.5,1906.5,1934.5,12550.0
2016-05-13,1920.0,1951.5,1904.5,1936.0,16420.0
2016-05-16,1915.0,1969.0,1914.5,1960.0,17612.0
2016-05-17,1930.0,2016.0,1925.0,2013.0,29492.0
2016-05-18,2018.0,2109.5,2014.0,2104.5,59341.0
2016-05-19,2104.5,2163.0,2061.0,2070.0,75767.0
2016-05-20,2100.5,2110.0,2002.0,2002.0,42212.0
2016-05-23,2000.0,2033.0,1975.0,2008.5,18971.0
2016-05-24,1995.0,2016.0,1982.0,2012.5,31532.0
2016-05-25,2020.0,2021.0,1995.0,2006.5,16885.0
2016-05-26,2020.5,2030.0,1973.0,1995.0,35205.0
2016-05-27,2020.0,2050.5,1987.5,2007.5,15388.0
2016-05-30,2013.0,2035.0,2005.0,2025.5,16788.0
2016-05-31,2030.0,2049.0,2029.5,2049.0,10235.0
2016-06-01,2045.0,2065.0,2030.0,2040.0,21419.0
2016-06-02,2033.0,2062.0,2025.0,2025.0,13720.0
2016-06-03,2029.5,2042.0,2017.0,2020.0,29130.0
2016-06-06,2027.5,2033.5,2020.5,2030.0,2380.0
2016-06-07,2018.5,2040.0,2010.0,2017.5,7343.0
2016-06-08,2010.5,2024.0,2010.0,2024.0,3270.0
2016-06-09,2011.5,2044.0,2000.0,2000.0,11859.0
2016-06-10,1992.0,2009.5,1981.5,1986.0,6437.0
2016-06-14,1983.5,1983.5,1934.5,1951.0,5708.0
2016-06-15,1941.5,1950.0,1911.5,1931.0,18056.0
2016-06-16,1930.0,1936.0,1907.0,1930.0,30350.0
2016-06-17,1940.0,1950.5,1876.0,1882.0,97962.0
2016-06-20,1904.0,1985.0,1892.0,1923.5,28496.0
2016-06-21,1930.0,1930.0,1883.0,1900.0,7082.0
2016-06-22,1920.0,1920.5,1901.0,1910.0,3876.0
2016-06-23,1916.5,1922.5,1887.0,1904.0,6353.0
2016-06-24,1884.0,1900.0,1850.5,1865.0,33957.0
2016-06-27,1870.0,1905.0,1833.0,1845.0,13206.0
2016-06-28,1859.0,1879.0,1845.0,1866.0,6739.0
2016-06-29,1868.0,1908.0,1865.5,1900.0,9332.0
2016-06-30,1906.0,1913.0,1897.0,1901.5,14818.0
2016-07-01,1886.5,1919.5,1886.5,1900.0,3918.0
2016-07-04,1918.0,1931.5,1900.0,1906.0,7135.0
2016-07-05,1910.0,1920.0,1880.0,1899.0,10547.0
2016-07-06,1903.0,1914.5,1897.5,1899.0,48953.0
2016-07-07,1910.0,1926.0,1905.0,1910.0,40527.0
2016-07-08,1912.0,1936.0,1882.0,1910.0,51019.0
2016-07-11,1922.0,2027.0,1922.0,2009.0,39616.0
2016-07-12,2017.5,2050.0,1980.0,1989.0,52127.0
2016-07-13,1999.0,2042.5,1970.5,2029.5,97097.0
2016-07-14,1918.5,1920.0,1852.5,1854.0,75622.0
2016-07-15,1865.5,1867.0,1845.0,1856.5,27805.0
2016-07-18,1858.0,1858.0,1821.0,1856.0,30861.0
2016-07-19,1846.5,1870.0,1793.5,1828.5,35047.0
2016-07-20,1835.0,1861.0,1815.0,1828.5,75556.0
2016-07-21,1838.0,1857.0,1829.0,1842.0,22895.0
2016-07-22,1842.0,1875.0,1830.0,1865.0,33589.0
2016-07-25,1860.5,1861.0,1843.0,1855.0,16715.0
2016-07-26,1862.0,1863.0,1831.0,1845.0,17112.0
2016-07-27,1848.0,1904.5,1842.0,1877.5,37536.0
2016-07-28,1910.0,1920.0,1875.0,1875.0,32659.0
2016-07-29,1899.0,1911.5,1875.0,1880.0,74782.0
2016-08-01,1887.5,1938.0,1880.5,1911.0,68437.0
2016-08-02,1915.5,1934.5,1760.0,1889.0,13724.0
2016-08-03,1899.0,1912.0,1860.5,1864.5,21196.0
2016-08-04,1862.0,1964.0,1828.0,1920.0,65597.0
2016-08-05,1930.0,1953.0,1915.0,1935.0,31094.0
2016-08-08,1937.5,1944.0,1893.5,1940.0,22399.0
2016-08-09,1937.0,1954.5,1928.0,1945.0,12282.0
2016-08-10,1945.0,1983.0,1945.0,1970.0,18800.0
2016-08-11,1960.5,2000.0,1957.5,1996.5,18556.0
2016-08-12,1998.5,2005.0,1992.0,2002.0,8794.0
2016-08-15,1987.5,2010.0,1970.5,2007.0,8975.0
2016-08-16,1999.0,2010.0,1961.5,1965.5,16105.0
2016-08-17,1894.5,1947.0,1832.5,1920.5,77650.0
2016-08-18,1939.5,1966.0,1910.0,1910.0,21488.0
2016-08-19,1928.5,1928.5,1894.5,1910.0,5778.0
2016-08-22,1912.5,1920.0,1901.0,1918.0,23852.0
2016-08-23,1932.5,1935.5,1901.5,1906.5,3184.0
2016-08-24,1906.5,1924.0,1900.0,1914.5,18396.0
2016-08-25,1921.5,1921.5,1898.5,1898.5,7531.0
2016-08-26,1905.0,1919.0,1897.0,1900.0,5052.0
2016-08-29,1899.5,1988.5,1885.5,1947.0,17131.0
2016-08-30,1938.0,1963.0,1932.0,1961.5,8904.0
2016-08-31,1959.5,1995.5,1953.5,1961.5,22320.0
2016-09-01,1952.0,1960.0,1923.5,1938.0,15033.0
2016-09-02,1939.0,1960.0,1914.0,1953.0,40168.0
2016-09-05,1952.0,1952.5,1927.5,1950.0,31261.0
2016-09-06,1937.5,1960.0,1937.5,1950.0,16553.0
2016-09-07,1963.0,1964.5,1946.0,1953.0,14778.0
2016-09-08,1952.0,1966.0,1940.0,1962.5,74857.0
2016-09-09,1962.5,1962.5,1940.5,1960.5,5397.0
2016-09-12,1941.0,1951.0,1902.5,1904.5,19478.0
2016-09-13,1914.0,1934.5,1834.5,1853.0,23236.0
2016-09-14,1851.5,1893.0,1833.0,1861.5,16330.0
2016-09-15,1850.0,1877.0,1838.0,1848.0,14883.0
2016-09-16,1849.5,1856.5,1829.5,1830.0,6914.0
2016-09-19,1835.0,1860.0,1831.0,1852.0,4300.0
2016-09-20,1850.0,1854.0,1827.0,1842.5,5097.0
2016-09-21,1845.5,1860.0,1835.0,1835.0,9550.0
2016-09-22,1850.0,1874.0,1833.5,1862.0,15193.0
2016-09-23,1860.0,1876.5,1859.5,1862.0,14341.0
2016-09-26,1850.0,1870.0,1844.5,1857.5,14882.0
2016-09-27,1856.0,1860.0,1835.5,1855.0,2054.0
2016-09-28,1859.5,1859.5,1842.0,1850.0,5940.0
2016-09-29,1851.5,1853.5,1844.0,1849.5,2492.0
2016-09-30,1840.0,1877.0,1833.5,1869.0,15556.0
2016-10-03,1916.5,1985.0,1839.5,1848.5,51802.0
2016-10-04,1869.0,1874.5,1809.5,1821.0,12919.0
2016-10-05,1808.0,1821.0,1781.5,1790.0,19765.0
2016-10-06,1781.0,1815.0,1658.0,1670.0,86662.0
2016-10-07,1677.5,1687.5,1542.5,1572.5,106453.0
2016-10-10,1569.5,1580.5,1528.5,1547.5,41613.0
2016-10-11,1553.5,1553.5,1433.0,1486.5,248360.0
2016-10-12,1488.5,1519.0,1466.0,1495.0,78473.0
2016-10-13,1505.0,1531.0,1472.0,1475.0,114657.0
2016-10-14,1465.0,1475.0,1360.0,1410.0,245560.0
2016-10-17,1410.0,1445.0,1387.5,1425.5,38560.0
2016-10-18,1422.5,1433.5,1404.0,1414.0,37952.0
2016-10-19,1414.0,1423.5,1385.5,1400.0,35749.0
2016-10-20,1399.5,1529.5,1393.0,1468.0,195213.0
2016-10-21,1450.0,1498.0,1449.0,1465.0,55286.0
2016-10-24,1465.0,1493.5,1445.0,1452.5,29710.0
2016-10-25,1451.0,1470.5,1433.0,1440.5,56989.0
2016-10-26,1443.5,1445.5,1399.5,1424.5,40027.0
2016-10-27,1423.5,1481.5,1412.0,1470.0,74777.0
2016-10-28,1485.0,1537.0,1460.0,1497.0,267011.0
2016-10-31,1509.5,1530.0,1446.5,1480.0,86714.0
2016-11-01,1481.5,1484.0,1456.5,1460.0,25084.0
2016-11-02,1457.0,1474.0,1430.5,1444.5,19410.0
2016-11-03,1439.5,1448.5,1417.5,1421.0,20897.0
2016-11-07,1426.5,1431.5,1390.0,1395.0,54843.0
2016-11-08,1399.5,1437.0,1393.5,1409.5,44476.0
2016-11-09,1385.0,1424.0,1385.0,1415.0,31961.0
2016-11-10,1408.5,1472.0,1408.0,1450.0,65466.0
2016-11-11,1450.5,1450.5,1406.0,1423.0,43244.0
2016-11-14,1423.0,1429.5,1384.0,1385.0,59787.0
2016-11-15,1380.0,1417.0,1380.0,1385.0,62599.0
2016-11-16,1397.5,1397.5,1370.5,1370.5,54379.0
2016-11-17,1374.5,1375.5,1310.5,1325.0,83237.0
2016-11-18,1329.0,1329.0,1305.5,1310.0,54357.0
2016-11-21,1315.0,1318.5,1277.0,1286.0,72262.0
2016-11-22,1288.0,1385.0,1268.5,1380.0,155646.0
2016-11-23,1389.0,1400.0,1367.5,1380.5,38434.0
2016-11-24,1375.5,1384.5,1340.5,1365.0,28073.0
2016-11-25,1363.5,1400.0,1363.5,1372.5,17066.0
2016-11-28,1373.0,1399.5,1352.0,1375.0,39658.0
2016-11-29,1379.5,1450.0,1377.0,1395.0,42709.0
2016-11-30,1396.5,1417.0,1380.0,1380.0,37360.0
2016-12-01,1391.5,1407.5,1109.5,1392.5,39417.0
2016-12-02,1385.5,1410.0,1382.0,1388.5,23633.0
2016-12-05,1381.5,1400.0,1371.5,1388.0,19430.0
2016-12-06,1390.0,1390.0,1357.0,1365.0,33879.0
2016-12-07,1363.0,1377.0,1351.0,1351.0,24670.0
2016-12-08,1358.5,1368.5,1331.5,1349.0,49343.0
2016-12-09,1348.5,1353.0,1335.0,1337.5,26414.0
2016-12-12,1338.0,1350.0,1322.0,1336.0,49157.0
2016-12-13,1333.5,1341.5,1327.5,1329.0,32571.0
2016-12-14,1329.0,1341.0,1322.0,1334.0,19565.0
2016-12-15,1330.0,1350.0,1328.0,1348.5,51469.0
2016-12-16,1348.5,1372.0,1348.5,1350.0,41782.0
2016-12-19,1351.0,1358.0,1327.5,1334.5,24906.0
2016-12-20,1334.0,1344.0,1321.0,1328.0,17947.0
2016-12-21,1301.0,1323.0,1275.0,1292.0,75951.0
2016-12-22,1284.5,1297.0,1271.0,1289.0,20370.0
2016-12-23,1293.5,1298.0,1251.0,1258.5,46388.0
2016-12-26,1261.0,1265.0,1234.0,1245.0,32758.0
2016-12-27,1250.0,1257.0,1217.0,1247.0,25883.0
2016-12-28,1251.5,1251.5,1231.5,1235.0,32720.0
2016-12-29,1232.5,1234.0,1215.5,1225.0,34485.0
2016-12-30,1227.0,1239.0,1222.5,1228.5,43331.0
2017-01-03,1229.0,1273.0,1229.0,1271.0,22134.0
2017-01-04,1272.5,1284.5,1265.0,1279.0,14865.0
2017-01-05,1283.0,1297.5,1273.5,1274.5,15998.0
2017-01-06,1276.5,1288.0,1275.5,1280.5,13561.0
2017-01-09,1278.5,1295.0,1271.5,1285.5,14382.0
2017-01-10,1288.5,1310.0,1281.5,1294.0,22788.0
2017-01-11,1295.0,1299.5,1287.5,1292.0,19799.0
2017-01-12,1290.5,1326.0,1284.5,1313.5,30492.0
2017-01-13,1315.5,1332.5,1295.0,1303.0,18773.0
2017-01-16,1308.0,1330.5,1303.0,1330.5,14038.0
2017-01-17,1322.0,1370.0,1317.5,1364.5,43652.0
2017-01-18,1364.5,1390.0,1345.5,1360.5,40677.0
2017-01-19,1364.5,1375.0,1337.5,1337.5,19797.0
2017-01-20,1344.0,1365.0,1322.0,1329.0,25567.0
2017-01-23,1340.0,1351.5,1304.5,1315.5,20239.0
2017-01-24,1322.0,1333.0,1305.5,1321.5,11860.0
2017-01-25,1321.0,1334.5,1314.0,1316.0,16028.0
2017-01-26,1321.5,1328.5,1315.5,1323.5,30774.0
2017-01-27,1321.0,1367.0,1318.0,1355.5,56626.0
2017-01-30,1350.5,1379.5,1341.0,1353.0,33413.0
2017-01-31,1354.5,1388.5,1354.5,1362.0,55396.0
2017-02-01,1359.0,1487.0,1359.0,1415.0,168867.0
2017-02-02,1435.0,1445.0,1400.0,1440.0,74478.0
2017-02-03,1439.5,1465.5,1425.0,1459.5,66974.0
2017-02-06,1464.0,1479.5,1414.5,1420.0,56698.0
2017-02-07,1420.0,1443.5,1400.0,1434.5,73130.0
2017-02-08,1438.0,1450.0,1415.5,1420.0,32637.0
2017-02-09,1420.0,1438.0,1405.0,1410.0,47394.0
2017-02-10,1414.0,1423.0,1387.0,1400.0,47004.0
2017-02-13,1404.5,1407.0,1379.5,1381.5,28453.0
2017-02-14,1385.5,1390.0,1361.0,1366.0,29461.0
2017-02-15,1370.0,1379.0,1335.0,1363.5,32536.0
2017-02-16,1369.0,1372.0,1342.0,1352.0,31563.0
2017-02-17,1347.5,1356.5,1334.5,1349.0,22830.0
2017-02-20,1347.5,1376.5,1339.5,1360.0,42274.0
2017-02-21,1357.0,1363.5,1345.0,1352.0,19199.0
2017-02-22,1352.0,1372.0,1346.5,1348.0,25843.0
2017-02-24,1348.0,1352.5,1151.0,1334.5,26666.0
2017-02-27,1318.5,1338.5,1282.5,1300.5,42357.0
2017-02-28,1278.0,1306.5,1155.0,1288.5,108562.0
2017-03-01,1297.5,1330.0,1289.5,1330.0,49437.0
2017-03-02,1334.5,1350.0,1250.0,1279.5,57172.0
2017-03-03,1280.0,1286.0,1220.0,1278.5,101433.0
2017-03-06,1278.5,1311.0,1275.5,1296.5,27391.0
2017-03-07,1296.5,1296.5,1255.0,1265.0,50104.0
2017-03-09,1255.0,1288.0,1223.0,1231.0,62598.0
2017-03-10,1232.5,1246.0,1220.0,1234.0,33672.0
2017-03-13,1231.0,1255.0,1229.0,1241.5,35172.0
2017-03-14,1245.0,1264.5,1240.0,1245.0,42103.0
2017-03-15,1256.5,1256.5,1226.0,1229.0,37431.0
2017-03-16,1235.0,1252.5,1206.5,1222.0,47837.0
2017-03-17,1225.5,1236.5,1213.5,1220.0,66736.0
2017-03-20,1222.5,1231.5,1215.0,1223.0,17446.0
2017-03-21,1223.0,1231.0,1216.5,1230.0,33544.0
2017-03-22,1222.5,1227.5,1207.0,1216.0,48903.0
2017-03-23,1219.5,1224.5,1213.5,1219.0,12569.0
2017-03-24,1220.0,1220.5,1215.5,1220.0,28604.0
2017-03-27,1222.0,1222.5,1208.0,1215.0,47442.0
2017-03-28,1212.5,1221.0,1207.0,1220.0,18952.0
2017-03-29,1220.0,1220.5,1214.5,1215.0,11851.0
2017-03-30,1216.0,1220.0,1209.5,1215.0,29373.0
2017-03-31,1215.5,1283.0,1213.5,1265.0,84118.0
2017-04-03,1252.5,1311.5,1251.0,1290.0,46914.0
2017-04-04,1284.5,1290.0,1226.0,1252.0,102911.0
2017-04-05,1266.0,1282.0,1254.0,1258.5,43975.0
2017-04-06,1260.5,1267.0,1250.5,1257.5,33689.0
2017-04-07,1251.5,1257.5,1236.0,1250.0,28797.0
2017-04-10,1240.5,1262.0,1217.0,1220.0,23747.0
2017-04-11,1220.0,1226.0,1208.0,1214.0,39468.0
2017-04-12,1215.0,1216.0,1190.5,1198.0,38751.0
2017-04-13,1197.5,1203.5,1145.5,1150.0,151169.0
2017-04-14,1152.0,1167.0,1114.5,1127.0,62898.0
2017-04-17,1127.0,1154.0,1116.5,1151.5,42868.0
2017-04-18,1156.0,1160.0,1126.0,1131.5,20771.0
2017-04-19,1129.0,1210.0,1117.5,1187.0,88316.0
2017-04-20,1180.0,1195.0,1168.0,1188.0,41492.0
2017-04-21,1183.0,1216.0,1180.5,1191.0,39539.0
2017-04-24,1205.5,1224.0,1202.5,1224.0,31733.0
2017-04-25,1224.0,1255.0,1212.5,1240.0,73868.0
2017-04-26,1250.5,1252.5,1214.0,1233.5,24962.0
2017-04-27,1230.0,1240.0,1218.0,1234.5,22420.0
2017-04-28,1245.0,1275.0,1236.0,1260.0,53250.0
2017-05-02,1260.0,1284.5,1255.0,1273.0,30928.0
2017-05-03,1273.0,1283.0,1250.5,1254.0,33707.0
2017-05-04,1253.0,1265.0,1250.5,1259.5,23481.0
2017-05-05,1250.0,1252.0,1160.5,1250.0,23163.0
2017-05-10,1250.0,1252.5,1238.0,1242.0,14532.0
2017-05-11,1242.0,1243.5,1226.0,1236.0,9131.0
2017-05-12,1244.0,1245.0,1230.0,1230.5,21085.0
2017-05-15,1242.0,1254.5,1220.0,1246.5,28355.0
2017-05-16,1241.0,1275.5,1237.0,1251.0,41149.0
2017-05-17,1255.5,1257.5,1223.0,1231.5,34098.0
2017-05-18,1234.0,1241.5,1222.0,1227.0,22963.0
2017-05-19,1230.0,1234.0,1217.5,1225.0,14356.0
2017-05-22,1228.5,1236.5,1217.5,1227.0,17854.0
2017-05-23,1227.0,1240.0,1216.5,1236.0,18726.0
2017-05-24,1239.0,1240.0,1217.5,1218.5,31972.0
2017-05-25,1227.0,1262.0,1220.0,1230.0,55672.0
2017-05-26,1231.0,1244.0,1223.5,1230.0,24586.0
2017-05-29,1041.0,1120.5,991.0,1087.5,337153.0
2017-05-30,1090.0,1098.5,1067.5,1089.5,28371.0
2017-05-31,1093.0,1096.5,1060.0,1091.0,44351.0
2017-06-01,1091.0,1098.5,1065.0,1082.0,29932.0
2017-06-02,1075.0,1077.0,1055.0,1068.0,23872.0
2017-06-05,1074.5,1078.0,1062.5,1065.5,22509.0
2017-06-06,1074.0,1074.0,1058.0,1064.5,16445.0
2017-06-07,1068.0,1078.5,1062.5,1066.0,29014.0
2017-06-08,1074.0,1074.0,1063.0,1069.0,12790.0
2017-06-09,1065.0,1073.0,1063.0,1068.0,10627.0
2017-06-13,1072.0,1072.5,1062.0,1068.0,21488.0
2017-06-14,1064.0,1069.5,1035.0,1037.5,34197.0
2017-06-15,1035.5,1060.0,1006.0,1050.0,139272.0
2017-06-16,1052.5,1089.0,1047.0,1089.0,32915.0
2017-06-19,1087.5,1096.0,1072.5,1089.5,15140.0
2017-06-20,1089.5,1123.5,1089.5,1105.5,51576.0
2017-06-21,1107.5,1116.5,1097.5,1103.0,20537.0
2017-06-22,1101.0,1175.0,1096.0,1151.0,97035.0
2017-06-23,1152.0,1196.5,1147.0,1179.0,31659.0
2017-06-26,1179.0,1197.0,1159.5,1180.5,20718.0
2017-06-27,1188.0,1192.5,1167.5,1185.0,36148.0
2017-06-28,1178.0,1236.0,1172.0,1206.0,68303.0
2017-06-29,1213.5,1213.5,1185.5,1185.5,11424.0
2017-06-30,1195.0,1195.0,1126.0,1148.0,70383.0
2017-07-03,1157.5,1188.0,1130.0,1161.0,26615.0
2017-07-04,1157.5,1171.0,1155.0,1165.0,20743.0
2017-07-05,1166.0,1170.5,1152.0,1164.0,11967.0
2017-07-06,1164.0,1170.5,1155.5,1163.0,14944.0
2017-07-07,1164.5,1168.5,1151.0,1154.0,17914.0
2017-07-10,1157.5,1169.5,1154.5,1165.0,17773.0
2017-07-11,1165.5,1229.5,1161.5,1225.0,51814.0
2017-07-12,1225.0,1225.0,1205.0,1225.0,29407.0
2017-07-13,1217.0,1226.5,1197.5,1221.5,20972.0
2017-07-14,1220.5,1243.0,1211.0,1223.0,23866.0
2017-07-17,1230.5,1240.0,1216.0,1227.5,17703.0
2017-07-18,1219.5,1235.5,1210.0,1219.0,14326.0
2017-07-19,1220.5,1238.0,1212.0,1238.0,24450.0
2017-07-20,1240.0,1243.0,1223.0,1223.0,36952.0
2017-07-21,1227.5,1228.0,1216.0,1216.5,9686.0
2017-07-24,1224.5,1227.5,1205.5,1222.5,28887.0
2017-07-25,1222.5,1233.5,1208.5,1208.5,18395.0
2017-07-26,1219.0,1227.5,1207.0,1213.5,7855.0
2017-07-27,1218.0,1222.5,1213.5,1215.0,9203.0
2017-07-28,1216.0,1221.5,1199.5,1211.0,24856.0
2017-07-31,1204.0,1218.0,1200.0,1204.5,11321.0
2017-08-01,1209.5,1220.0,1203.5,1214.0,11898.0
2017-08-02,1217.5,1223.5,1211.5,1219.0,12820.0
2017-08-03,1219.0,1222.0,1208.0,1217.0,16175.0
2017-08-04,1213.0,1218.0,1201.5,1207.5,26818.0
2017-08-07,1209.5,1248.5,1206.5,1227.5,23148.0
2017-08-08,1230.0,1231.0,1215.5,1224.0,29282.0
2017-08-09,1223.0,1229.5,1211.0,1217.0,19299.0
2017-08-10,1220.0,1239.0,1202.0,1202.0,35182.0
2017-08-11,1208.0,1214.5,1185.0,1212.0,20134.0
2017-08-14,1212.0,1222.0,1205.5,1219.0,31284.0
2017-08-15,1216.5,1225.0,1215.0,1218.0,29999.0
2017-08-16,1215.5,1222.0,1215.0,1215.5,13298.0
2017-08-17,1215.0,1220.0,1212.0,1220.0,14882.0
2017-08-18,1219.0,1242.5,1216.0,1239.0,26774.0
2017-08-21,1236.5,1248.0,1222.5,1235.5,28550.0
2017-08-22,1237.0,1247.5,1226.0,1230.0,22891.0
2017-08-23,1228.5,1310.0,1224.5,1285.0,96337.0
2017-08-24,1299.5,1349.0,1299.5,1326.0,117381.0
2017-08-25,1327.0,1329.5,1305.5,1313.5,25971.0
2017-08-28,1312.5,1341.5,1309.0,1335.0,54833.0
2017-08-29,1331.0,1335.0,1319.5,1329.0,17922.0
2017-08-30,1332.0,1348.0,1328.0,1332.0,34181.0
2017-08-31,1334.5,1345.0,1260.5,1293.0,106807.0
2017-09-01,1293.0,1294.0,1266.0,1279.5,32183.0
2017-09-04,1279.0,1285.5,1237.0,1240.5,103683.0
2017-09-05,1245.0,1255.0,1218.5,1230.0,68275.0
2017-09-06,1230.0,1238.0,1214.0,1220.5,42976.0
2017-09-07,1222.0,1225.0,1195.0,1198.5,108119.0
2017-09-08,1213.0,1225.5,1205.0,1211.0,48299.0
2017-09-11,1219.5,1241.5,1209.0,1240.0,52300.0
2017-09-12,1245.0,1264.0,1241.5,1245.0,58123.0
2017-09-13,1245.0,1259.0,1245.0,1253.0,19400.0
2017-09-14,1253.0,1259.0,1250.0,1257.0,28326.0
2017-09-15,1256.5,1302.0,1256.0,1302.0,54618.0
2017-09-18,1301.5,1349.0,1283.0,1298.0,64061.0
2017-09-19,1298.0,1300.0,1285.5,1288.0,13603.0
2017-09-20,1294.0,1296.0,1272.0,1274.0,26840.0
2017-09-21,1273.5,1283.5,1256.5,1259.5,32634.0
2017-09-22,1263.5,1269.0,1256.5,1260.0,20242.0
2017-09-25,1261.5,1267.5,1253.0,1259.5,33539.0
2017-09-26,1264.5,1294.0,1253.0,1265.0,72862.0
2017-09-27,1258.5,1270.0,1248.0,1257.0,46136.0
2017-09-28,1257.0,1258.0,1250.0,1252.0,14624.0
2017-09-29,1253.0,1274.5,1248.0,1270.0,54757.0
2017-10-02,1274.5,1290.0,1266.5,1286.0,48863.0
2017-10-03,1297.5,1320.0,1290.5,1312.5,74621.0
2017-10-04,1319.5,1334.5,1313.0,1330.0,41799.0
2017-10-05,1325.5,1378.0,1324.0,1368.0,132607.0
2017-10-06,1373.0,1395.5,1368.0,1389.0,92392.0
2017-10-09,1389.0,1437.0,1389.0,1435.0,100044.0
2017-10-10,1439.0,1448.0,1360.0,1419.5,111353.0
2017-10-11,1422.0,1434.0,1400.5,1430.0,40404.0
2017-10-12,1430.0,1431.0,1418.0,1427.0,30370.0
2017-10-13,1433.0,1466.0,1427.0,1455.0,78422.0
2017-10-16,1450.0,1470.0,1428.0,1441.5,64898.0
2017-10-17,1444.0,1459.5,1432.0,1457.0,58063.0
2017-10-18,1453.5,1463.0,1443.0,1453.0,34297.0
2017-10-19,1454.5,1454.5,1425.5,1432.0,50437.0
2017-10-20,1425.5,1437.0,1411.0,1433.5,35100.0
2017-10-23,1436.0,1440.0,1425.5,1435.5,17714.0
2017-10-24,1437.5,1438.5,1426.0,1426.0,34794.0
2017-10-25,1431.0,1446.0,1426.0,1441.5,53878.0
2017-10-26,1440.5,1483.5,1434.5,1475.5,94746.0
2017-10-27,1479.5,1525.0,1471.0,1515.0,206614.0
2017-10-30,1530.5,1559.0,1510.0,1517.0,213191.0
2017-10-31,1518.5,1523.0,1495.5,1497.0,68542.0
2017-11-01,1496.5,1514.5,1495.5,1510.5,43947.0
2017-11-02,1512.0,1519.0,1500.5,1519.0,56875.0
2017-11-03,1515.0,1523.0,1515.0,1522.0,49972.0
2017-11-07,1530.0,1550.0,1517.0,1529.5,88910.0
2017-11-08,1529.5,1567.5,1525.0,1551.0,87995.0
2017-11-09,1563.5,1590.0,1555.0,1567.5,115210.0
2017-11-10,1573.5,1580.0,1555.0,1569.0,40233.0
2017-11-13,1571.5,1582.0,1555.0,1559.0,45737.0
2017-11-14,1558.5,1566.0,1545.0,1551.0,69561.0
2017-11-15,1549.5,1555.0,1515.0,1527.5,85881.0
2017-11-16,1531.0,1540.0,1515.5,1520.0,52126.0
2017-11-17,1519.5,1532.5,1512.0,1532.5,48822.0
2017-11-20,1535.0,1555.0,1531.0,1537.5,50779.0
2017-11-21,1541.0,1542.5,1522.0,1534.5,63146.0
2017-11-22,1534.0,1542.0,1523.5,1539.0,57454.0
2017-11-23,1542.5,1543.0,1525.0,1533.5,36178.0
2017-11-24,1531.5,1540.0,1528.5,1533.5,62376.0
2017-11-27,1529.0,1535.0,1523.5,1529.0,36010.0
2017-11-28,1530.0,1532.0,1514.0,1527.5,33818.0
2017-11-29,1528.5,1528.5,1496.5,1504.5,80053.0
2017-11-30,1508.0,1519.5,1498.0,1499.5,89574.0
2017-12-01,1509.5,1528.0,1506.5,1520.0,52949.0
2017-12-04,1522.0,1535.0,1516.0,1525.5,96726.0
2017-12-05,1526.0,1548.0,1515.5,1527.0,148830.0
2017-12-06,1529.0,1536.0,1517.5,1535.5,89102.0
2017-12-07,1537.5,1547.5,1530.0,1541.0,173881.0
2017-12-08,1543.5,1558.5,1525.0,1545.0,407929.0
2017-12-11,1393.0,1415.0,1380.5,1399.5,162071.0
2017-12-12,1402.0,1405.0,1342.5,1370.5,199414.0
2017-12-13,1375.5,1376.0,1340.5,1345.0,73840.0
2017-12-14,1345.0,1351.5,1311.5,1335.0,52473.0
2017-12-15,1343.5,1353.5,1322.5,1350.0,98686.0
2017-12-18,1349.0,1355.0,1330.0,1348.5,163005.0
2017-12-19,1351.0,1373.0,1341.0,1350.0,101454.0
2017-12-20,1350.0,1355.0,1292.0,1303.0,195036.0
2017-12-21,1303.0,1312.5,1282.0,1302.0,111710.0
2017-12-22,1312.0,1331.0,1302.5,1305.0,88639.0
2017-12-25,1378.5,1407.5,1361.0,1379.5,253795.0
2017-12-26,1380.5,1390.5,1360.0,1362.0,101414.0
2017-12-27,1369.5,1370.5,1332.5,1340.0,97005.0
2017-12-28,1348.0,1358.5,1318.0,1325.0,109315.0
2017-12-29,1329.0,1356.0,1306.5,1352.0,110056.0
2018-01-03,1356.5,1382.0,1345.5,1357.0,62211.0
2018-01-04,1361.0,1372.5,1338.5,1364.5,60587.0
2018-01-05,1363.5,1368.5,1355.0,1368.5,24404.0
2018-01-09,1375.0,1408.0,1360.0,1390.0,191357.0
2018-01-10,1402.0,1445.5,1400.5,1444.0,175885.0
2018-01-11,1448.0,1492.0,1444.0,1479.5,166468.0
2018-01-12,1479.5,1498.0,1460.5,1475.0,79300.0
2018-01-15,1482.0,1488.0,1457.0,1463.0,34414.0
2018-01-16,1467.5,1470.5,1436.0,1452.0,74273.0
2018-01-17,1441.0,1475.0,1432.5,1472.0,73660.0
2018-01-18,1474.5,1496.0,1467.0,1475.0,133097.0
2018-01-19,1476.5,1483.0,1468.0,1480.5,67319.0
2018-01-22,1480.5,1490.0,1466.5,1467.0,59617.0
2018-01-23,1475.5,1481.5,1456.5,1467.5,56853.0
2018-01-24,1471.0,1475.0,1461.0,1469.0,26270.0
2018-01-25,1474.0,1476.5,1460.5,1466.5,40403.0
2018-01-26,1466.5,1467.5,1436.5,1440.0,88565.0
2018-01-29,1446.0,1455.0,1410.5,1429.5,72861.0
2018-01-30,1433.0,1446.0,1416.0,1438.0,34532.0
2018-01-31,1439.5,1449.5,1411.0,1411.0,59368.0
2018-02-01,1415.0,1438.5,1413.0,1433.0,51723.0
2018-02-02,1433.5,1441.5,1424.5,1428.0,20231.0
2018-02-05,1424.0,1438.0,1412.0,1432.5,27317.0
2018-02-06,1414.5,1428.5,1393.5,1422.0,110376.0
2018-02-07,1434.0,1439.0,1425.5,1434.0,39541.0
2018-02-08,1432.0,1462.0,1430.5,1443.0,39638.0
2018-02-09,1430.5,1510.0,1430.0,1505.5,137180.0
2018-02-12,1506.0,1545.0,1499.5,1538.5,166352.0
2018-02-13,1542.0,1548.0,1502.5,1535.0,110102.0
2018-02-14,1535.0,1549.0,1525.5,1541.0,65742.0
2018-02-15,1550.0,1567.5,1540.5,1567.5,98065.0
2018-02-16,1575.0,1577.5,1547.0,1563.0,75442.0
2018-02-19,1564.5,1575.5,1551.0,1560.5,68274.0
2018-02-20,1560.5,1585.5,1551.0,1580.0,74788.0
2018-02-21,1587.5,1599.5,1574.5,1592.0,121332.0
2018-02-22,1594.0,1606.5,1590.0,1600.0,80287.0
2018-02-26,1617.5,1624.5,1601.0,1616.5,103955.0
2018-02-27,1611.0,1629.0,1602.5,1627.5,64291.0
2018-02-28,1629.0,1639.5,1618.5,1618.5,131394.0
2018-03-01,1616.5,1625.0,1600.0,1623.0,59754.0
2018-03-02,1619.5,1625.0,1580.0,1601.5,77382.0
2018-03-05,1614.0,1616.5,1602.5,1609.0,54660.0
2018-03-06,1614.5,1623.0,1604.5,1618.5,101593.0
2018-03-07,1617.0,1619.0,1608.0,1615.0,24175.0
2018-03-09,1619.0,1620.0,1601.0,1610.0,29887.0
2018-03-12,1617.0,1623.0,1605.5,1623.0,66287.0
2018-03-13,1621.5,1670.0,1620.0,1668.0,196049.0
2018-03-14,1669.5,1680.0,1642.0,1657.0,118981.0
2018-03-15,1650.0,1673.5,1627.5,1672.0,101367.0
2018-03-16,1671.5,1689.0,1637.5,1689.0,483771.0
2018-03-19,1679.0,1689.5,1661.0,1676.0,103690.0
2018-03-20,1686.5,1686.5,1666.0,1679.5,115564.0
2018-03-21,1672.0,1698.0,1670.0,1693.0,86394.0
2018-03-22,1693.0,1707.0,1680.0,1690.0,102183.0
2018-03-23,1679.5,1689.0,1670.0,1685.5,56306.0
2018-03-26,1681.0,1695.0,1655.0,1679.0,71102.0
2018-03-27,1679.5,1684.0,1659.0,1679.0,28033.0
2018-03-28,1670.5,1676.5,1640.5,1653.0,52142.0
2018-03-29,1651.0,1706.5,1640.0,1701.0,116176.0
2018-03-30,1686.0,1717.0,1686.0,1717.0,56525.0
2018-04-02,1717.0,1719.0,1700.5,1706.0,48399.0
2018-04-03,1704.5,1742.0,1700.5,1737.0,49049.0
2018-04-04,1734.0,1761.0,1732.0,1754.0,57648.0
2018-04-05,1761.0,1765.0,1745.0,1750.0,60694.0
2018-04-06,1756.5,1795.0,1741.5,1789.5,128516.0
2018-04-09,1779.0,1790.5,1600.0,1763.5,373783.0
2018-04-10,1757.5,1759.5,1695.5,1713.5,186302.0
2018-04-11,1720.5,1737.0,1638.0,1638.0,264593.0
2018-04-12,1654.5,1710.0,1654.0,1710.0,89707.0
2018-04-13,1712.0,1721.0,1686.0,1695.0,64625.0
2018-04-16,1676.5,1712.5,1675.0,1706.0,134206.0
2018-04-17,1711.0,1743.5,1710.0,1730.0,103393.0
2018-04-18,1724.0,1748.5,1721.5,1740.0,98097.0
2018-04-19,1746.0,1754.0,1736.5,1742.5,38398.0
2018-04-20,1739.0,1746.5,1717.0,1735.0,38841.0
2018-04-23,1743.5,1747.5,1729.0,1732.0,31686.0
2018-04-24,1738.0,1738.0,1721.0,1726.0,26587.0
2018-04-25,1725.5,1743.0,1709.0,1743.0,27396.0
2018-04-26,1734.5,1774.5,1726.5,1774.5,75179.0
2018-04-27,1774.5,1811.5,1763.0,1800.0,103156.0
2018-04-28,1800.0,1830.0,1783.5,1814.0,14748.0
2018-04-30,1809.0,1835.0,1803.5,1835.0,20670.0
2018-05-02,1830.0,1854.0,1820.5,1854.0,24850.0
2018-05-03,1836.0,1865.0,1836.0,1842.5,33359.0
2018-05-04,1841.5,1845.0,1811.0,1820.0,29515.0
2018-05-07,1827.5,1854.0,1813.0,1853.0,38808.0
2018-05-08,1836.5,1863.0,1836.0,1846.0,33867.0
2018-05-10,1858.0,1892.5,1857.5,1870.0,73538.0
2018-05-11,1878.0,1883.5,1872.5,1875.0,18947.0
2018-05-14,1882.0,1898.5,1879.5,1897.0,84922.0
2018-05-15,1904.5,1908.5,1894.0,1894.0,35207.0
2018-05-16,1895.0,1899.5,1876.5,1885.0,33593.0
2018-05-17,1889.5,1905.0,1878.0,1897.0,32381.0
2018-05-18,1890.0,1893.5,1875.5,1878.0,71235.0
2018-05-21,1885.0,1885.0,1800.5,1861.0,48500.0
2018-05-22,1867.5,1873.0,1812.0,1829.0,57742.0
2018-05-23,1780.5,1789.0,1720.0,1737.5,303521.0
2018-05-24,1747.0,1762.0,1730.5,1748.0,69665.0
2018-05-25,1748.0,1758.5,1747.0,1751.5,56075.0
2018-05-28,1750.0,1755.5,1738.0,1755.0,38881.0
2018-05-29,1757.5,1757.5,1731.0,1745.5,26372.0
2018-05-30,1746.0,1752.0,1736.5,1751.0,34455.0
2018-05-31,1754.0,1755.0,1739.0,1739.0,37296.0
2018-06-01,1737.5,1749.0,1735.5,1736.0,22722.0
2018-06-04,1741.5,1751.0,1740.5,1747.0,59225.0
2018-06-05,1749.5,1755.0,1736.0,1736.5,31948.0
2018-06-06,1739.0,1744.5,1736.0,1736.0,15802.0
2018-06-07,1739.5,1744.5,1723.0,1723.0,46620.0
2018-06-08,1726.0,1735.0,1723.5,1731.0,48560.0
2018-06-09,1737.5,1738.0,1726.0,1733.0,4890.0
2018-06-11,1733.0,1735.0,1728.0,1729.0,7489.0
2018-06-13,1728.5,1733.5,1708.0,1716.5,32985.0
2018-06-14,1720.0,1728.5,1717.5,1724.5,25451.0
2018-06-15,1718.0,1729.0,1718.0,1718.5,21516.0
2018-06-18,1720.5,1739.0,1716.0,1730.0,63439.0
2018-06-19,1737.0,1738.5,1722.5,1730.0,31788.0
2018-06-20,1736.5,1744.0,1730.0,1739.5,30149.0
2018-06-21,1740.5,1749.5,1732.0,1740.0,61032.0
2018-06-22,1745.0,1748.0,1721.5,1730.0,63862.0
2018-06-25,1730.0,1738.0,1722.0,1722.5,22046.0
2018-06-26,1722.5,1730.0,1715.0,1720.0,33365.0
2018-06-27,1720.0,1726.0,1716.0,1718.0,20463.0
2018-06-28,1724.0,1724.5,1703.0,1714.0,44519.0
2018-06-29,1714.0,1730.5,1711.5,1711.5,47630.0
2018-07-02,1720.0,1735.0,1717.0,1730.0,100116.0
2018-07-03,1731.5,1746.0,1725.5,1739.5,59326.0
2018-07-04,1740.0,1755.0,1738.0,1750.0,80307.0
2018-07-05,1750.5,1759.0,1747.0,1758.5,150951.0
2018-07-06,1619.0,1637.0,1610.0,1618.0,159445.0
2018-07-09,1623.0,1637.5,1612.0,1634.5,66960.0
2018-07-10,1632.0,1649.0,1627.0,1648.0,61819.0
2018-07-11,1644.5,1649.5,1625.0,1626.5,38574.0
2018-07-12,1625.5,1635.5,1618.5,1626.0,20271.0
2018-07-13,1635.5,1645.5,1625.0,1630.0,25266.0
2018-07-16,1629.0,1642.5,1626.0,1628.5,30030.0
2018-07-17,1637.5,1638.0,1613.0,1616.0,24988.0
2018-07-18,1616.5,1635.0,1609.5,1635.0,33096.0
2018-07-19,1633.0,1636.5,1615.5,1618.5,30488.0
2018-07-20,1625.0,1625.5,1592.0,1611.0,56084.0
2018-07-23,1611.0,1633.5,1610.5,1624.5,28379.0
2018-07-24,1626.0,1629.0,1616.5,1628.0,26817.0
2018-07-25,1621.5,1626.0,1618.5,1620.0,14053.0
2018-07-26,1625.5,1629.0,1612.0,1626.5,22227.0
2018-07-27,1626.0,1632.0,1619.0,1632.0,16477.0
2018-07-30,1625.5,1650.0,1625.5,1647.5,35670.0
2018-07-31,1646.5,1647.0,1640.0,1647.0,16349.0
2018-08-01,1641.0,1650.0,1640.5,1643.5,10257.0
2018-08-02,1648.0,1669.0,1641.5,1653.0,38493.0
2018-08-03,1653.5,1660.0,1644.0,1649.0,28588.0
2018-08-06,1655.0,1655.0,1640.5,1641.5,18651.0
2018-08-07,1649.5,1677.0,1642.0,1676.5,134813.0
2018-08-08,1683.5,1712.5,1679.5,1690.5,101604.0
2018-08-09,1688.0,1700.0,1656.0,1700.0,92569.0
2018-08-10,1694.5,1721.0,1684.0,1687.5,69044.0
2018-08-13,1696.5,1704.0,1690.0,1700.0,44706.0
2018-08-14,1699.5,1706.0,1676.0,1683.0,28257.0
2018-08-15,1689.0,1693.5,1653.0,1673.0,39292.0
2018-08-16,1681.0,1686.5,1670.0,1676.0,25714.0
2018-08-17,1679.0,1679.5,1650.5,1666.5,28154.0
2018-08-20,1677.0,1680.0,1660.0,1675.0,36533.0
2018-08-21,1686.0,1689.0,1675.0,1689.0,18837.0
2018-08-22,1689.0,1697.5,1683.0,1696.5,18088.0
2018-08-23,1697.5,1705.0,1680.5,1688.0,55050.0
2018-08-24,1692.0,1698.0,1671.0,1690.5,32951.0
2018-08-27,1702.0,1702.0,1685.0,1695.0,18331.0
2018-08-28,1699.0,1699.0,1685.0,1690.0,20050.0
2018-08-29,1701.0,1702.5,1685.0,1687.0,24574.0
2018-08-30,1690.5,1700.0,1689.0,1690.0,58190.0
2018-08-31,1694.5,1697.0,1686.5,1689.5,75486.0
2018-09-03,1697.0,1714.5,1691.0,1710.0,75364.0
2018-09-04,1710.0,1736.0,1710.0,1720.0,67200.0
2018-09-05,1718.5,1726.0,1707.0,1708.0,28902.0
2018-09-06,1707.5,1718.0,1690.0,1718.0,33746.0
2018-09-07,1711.0,1724.5,1710.0,1721.5,24727.0
2018-09-10,1714.5,1723.5,1712.5,1718.0,35286.0
2018-09-11,1718.0,1739.0,1718.0,1738.0,50114.0
2018-09-12,1739.5,1749.0,1732.5,1748.5,47521.0
2018-09-13,1748.5,1758.0,1735.0,1735.0,52113.0
2018-09-14,1742.0,1748.0,1724.0,1733.0,70382.0
2018-09-17,1743.0,1749.5,1736.0,1742.5,17123.0
2018-09-18,1743.0,1760.0,1735.0,1756.5,37373.0
2018-09-19,1757.0,1778.5,1757.0,1770.0,24202.0
2018-09-20,1774.5,1774.5,1753.5,1760.0,27514.0
2018-09-21,1757.5,1863.5,1757.0,1863.5,94312.0
2018-09-24,1826.0,1842.5,1808.0,1839.0,66109.0
2018-09-25,1828.5,1888.5,1828.5,1854.5,59988.0
2018-09-26,1860.0,1868.0,1836.0,1836.0,23865.0
2018-09-27,1852.0,1877.5,1839.0,1859.0,26811.0
2018-09-28,1863.0,1896.5,1844.0,1879.5,50234.0
2018-10-01,1897.0,1901.5,1871.0,1882.0,28785.0
2018-10-02,1888.5,1902.5,1870.5,1895.0,50793.0
2018-10-03,1895.0,1925.0,1877.5,1921.0,54818.0
2018-10-04,1923.0,1952.5,1850.0,1875.0,89113.0
2018-10-05,1877.5,1884.5,1851.5,1862.0,49473.0
2018-10-08,1872.0,1878.0,1855.0,1856.0,34574.0
2018-10-09,1866.5,1874.0,1858.0,1859.5,23132.0
2018-10-10,1865.0,1881.0,1836.0,1836.0,40610.0
2018-10-11,1828.0,1828.0,1750.0,1750.0,163231.0
2018-10-12,1768.0,1820.0,1768.0,1813.5,55102.0
2018-10-15,1815.5,1826.0,1786.5,1810.0,36613.0
2018-10-16,1810.0,1830.0,1805.0,1815.0,19657.0
2018-10-17,1829.5,1852.0,1823.5,1837.5,34859.0
2018-10-18,1839.5,1846.0,1832.0,1844.0,24967.0
2018-10-19,1839.0,1848.0,1830.0,1840.0,52651.0
2018-10-22,1840.0,1849.5,1825.0,1844.0,47644.0
2018-10-23,1835.0,1835.0,1800.0,1815.5,69356.0
2018-10-24,1818.5,1850.0,1787.0,1840.0,36876.0
2018-10-25,1817.0,1837.0,1781.5,1832.5,33119.0
2018-10-26,1839.0,1839.0,1810.0,1816.5,29216.0
2018-10-29,1816.5,1828.0,1799.0,1825.0,36784.0
2018-10-30,1823.5,1839.0,1811.5,1825.0,42783.0
2018-10-31,1837.0,1847.0,1815.0,1815.0,74158.0
2018-11-01,1828.5,1839.0,1821.0,1839.0,23986.0
2018-11-02,1844.0,1844.0,1833.5,1836.5,34421.0
2018-11-06,1849.5,1899.5,1842.0,1885.0,72246.0
2018-11-07,1898.0,1928.0,1890.5,1928.0,86189.0
2018-11-08,1921.5,1933.5,1908.5,1913.0,34711.0
2018-11-09,1905.0,1906.5,1871.5,1881.5,39975.0
2018-11-12,1883.5,1899.5,1883.5,1890.0,25795.0
2018-11-13,1886.5,1889.5,1850.0,1857.0,28887.0
2018-11-14,1847.5,1867.5,1813.5,1862.0,129996.0
2018-11-15,1862.0,1905.5,1854.0,1858.5,29670.0
2018-11-16,1882.5,1887.5,1863.0,1884.0,14823.0
2018-11-19,1884.0,1890.0,1852.5,1862.5,13950.0
2018-11-20,1860.0,1865.0,1835.0,1841.0,14905.0
2018-11-21,1829.0,1863.0,1823.5,1858.0,15487.0
2018-11-22,1862.0,1873.5,1848.0,1850.0,13035.0
2018-11-23,1853.5,1855.0,1808.0,1817.0,30477.0
2018-11-26,1818.0,1828.5,1761.0,1823.0,43764.0
2018-11-27,1828.5,1828.5,1796.0,1800.0,21602.0
2018-11-28,1813.0,1857.0,1802.5,1857.0,32641.0
2018-11-29,1869.0,1869.5,1833.0,1851.0,14748.0
2018-11-30,1850.5,1868.0,1843.5,1843.5,27981.0
2018-12-03,1869.5,1876.5,1862.5,1870.0,18103.0
2018-12-04,1864.0,1898.5,1863.5,1888.0,24015.0
2018-12-05,1860.0,1900.0,1860.0,1900.0,25382.0
2018-12-06,1894.0,1895.5,1861.0,1872.0,15989.0
2018-12-07,1879.0,1886.5,1875.0,1875.0,8504.0
2018-12-10,1872.0,1881.5,1861.0,1875.0,10481.0
2018-12-11,1863.0,1879.5,1862.5,1870.5,5675.0
2018-12-12,1876.5,1876.5,1848.5,1848.5,12357.0
2018-12-13,1864.5,1865.0,1843.5,1845.5,11125.0
2018-12-14,1848.0,1854.0,1822.0,1851.0,16619.0
2018-12-17,1846.5,1868.5,1823.5,1835.0,16797.0
2018-12-18,1836.0,1847.0,1805.5,1813.5,22918.0
2018-12-19,1810.0,1817.0,1772.0,1792.5,47482.0
2018-12-20,1775.0,1789.0,1756.5,1761.0,56596.0
2018-12-21,1760.5,1795.0,1743.0,1795.0,60176.0
2018-12-24,1773.5,1798.5,1729.5,1740.0,30992.0
2018-12-25,1716.0,1730.0,1701.0,1722.0,45934.0
2018-12-26,1727.0,1769.5,1705.5,1760.5,31767.0
2018-12-27,1775.0,1798.0,1772.0,1788.0,35090.0
2018-12-28,1787.5,1804.5,1787.0,1790.0,15194.0
2018-12-29,1801.5,1805.0,1780.0,1782.5,22552.0
2019-01-03,1775.0,1799.0,1763.5,1779.0,7586.0
2019-01-04,1790.0,1792.0,1769.0,1789.0,7524.0
2019-01-08,1792.0,1804.5,1771.5,1772.0,11157.0
2019-01-09,1784.5,1803.5,1775.0,1797.0,30486.0
2019-01-10,1803.5,1894.0,1803.5,1894.0,53769.0
2019-01-11,1873.0,1873.0,1852.0,1852.0,29933.0
2019-01-14,1851.5,1851.5,1820.0,1828.5,19539.0
2019-01-15,1830.0,1852.0,1825.5,1848.0,17802.0
2019-01-16,1850.0,1868.0,1826.0,1830.0,20606.0
2019-01-17,1840.0,1840.0,1805.0,1820.0,63433.0
2019-01-18,1822.5,1859.0,1822.5,1859.0,25933.0
2019-01-21,1852.0,1867.5,1847.0,1849.5,29645.0
2019-01-22,1850.0,1853.5,1837.0,1842.0,14732.0
2019-01-23,1848.0,1862.0,1843.5,1857.5,15568.0
2019-01-24,1850.0,1857.5,1831.5,1840.5,18563.0
2019-01-25,1849.0,1854.0,1835.5,1839.0,19440.0
2019-01-28,1848.0,1853.0,1835.0,1839.5,16779.0
2019-01-29,1843.5,1845.0,1820.5,1840.0,37923.0
2019-01-30,1834.0,1850.0,1833.5,1842.0,15829.0
2019-01-31,1847.0,1850.0,1795.0,1795.0,47525.0
2019-02-01,1811.0,1839.5,1807.5,1833.5,20885.0
2019-02-04,1834.5,1865.0,1834.0,1853.0,39843.0
2019-02-05,1850.5,1874.0,1850.0,1864.0,25456.0
2019-02-06,1861.0,1874.5,1847.5,1851.5,28945.0
2019-02-07,1850.5,1858.5,1834.5,1848.0,58280.0
2019-02-08,1840.0,1873.0,1840.0,1869.5,38731.0
2019-02-11,1861.5,1868.5,1855.5,1859.0,15884.0
2019-02-12,1856.5,1865.0,1855.0,1858.5,18504.0
2019-02-13,1860.0,1870.0,1843.5,1847.0,21193.0
2019-02-14,1835.5,1870.0,1834.0,1858.0,41589.0
2019-02-15,1869.0,1886.5,1861.5,1880.0,64467.0
2019-02-18,1880.0,1934.0,1871.0,1875.0,72445.0
2019-02-19,1875.0,1883.5,1862.0,1875.0,23551.0
2019-02-20,1867.0,1888.0,1867.0,1873.5,13600.0
2019-02-21,1873.5,1882.0,1846.5,1852.5,18541.0
2019-02-22,1864.0,1887.0,1848.5,1884.0,28508.0
2019-02-25,1880.0,1886.0,1865.5,1872.0,13733.0
2019-02-26,1876.0,1876.5,1868.0,1871.0,7236.0
2019-02-27,1877.0,1881.0,1870.0,1880.5,8213.0
2019-02-28,1880.0,1888.0,1857.0,1857.0,19526.0
2019-03-01,1864.5,1876.0,1860.5,1861.0,15633.0
2019-03-04,1867.0,1880.0,1860.5,1879.0,11330.0
2019-03-05,1877.0,1880.0,1860.0,1861.0,11569.0
2019-03-06,1865.5,1870.0,1861.5,1862.0,12031.0
2019-03-07,1870.0,1878.0,1860.0,1860.0,6773.0
2019-03-11,1858.5,1870.0,1840.5,1848.0,24154.0
2019-03-12,1848.0,1855.0,1845.0,1846.5,7576.0
2019-03-13,1848.0,1853.0,1828.0,1839.0,36890.0
2019-03-14,1841.0,1859.0,1838.0,1841.0,29391.0
2019-03-15,1848.5,1857.0,1794.5,1794.5,164812.0
2019-03-18,1824.0,1838.0,1797.0,1805.5,73357.0
2019-03-19,1818.0,1836.0,1812.5,1816.0,44931.0
2019-03-20,1823.5,1830.0,1815.0,1817.0,32953.0
2019-03-21,1825.5,1838.5,1812.0,1815.5,33585.0
2019-03-22,1822.0,1823.5,1805.0,1806.0,25389.0
2019-03-25,1810.0,1818.5,1801.5,1806.5,30531.0
2019-03-26,1809.0,1810.5,1803.5,1807.0,23443.0
2019-03-27,1808.5,1810.0,1782.0,1784.0,54728.0
2019-03-28,1788.0,1804.0,1788.0,1797.5,23486.0
2019-03-29,1798.5,1816.0,1790.5,1813.0,40212.0
2019-04-01,1817.0,1840.0,1817.0,1840.0,26152.0
2019-04-02,1839.0,1852.0,1825.5,1852.0,43151.0
2019-04-03,1851.5,1858.5,1842.5,1842.5,19979.0
2019-04-04,1843.5,1847.0,1826.5,1836.0,14795.0
2019-04-05,1835.0,1847.5,1819.0,1821.5,33233.0
2019-04-08,1825.5,1843.0,1822.5,1823.0,26277.0
2019-04-09,1823.5,1838.5,1817.0,1818.0,44078.0
2019-04-10,1823.0,1825.5,1763.5,1763.5,342420.0
2019-04-11,1797.5,1801.0,1772.5,1775.5,147815.0
2019-04-12,1781.0,1798.0,1781.0,1790.0,32277.0
2019-04-15,1798.0,1806.5,1791.0,1797.5,43357.0
2019-04-16,1800.0,1809.0,1783.5,1803.0,28480.0
2019-04-17,1805.5,1817.5,1802.5,1810.0,22973.0
2019-04-18,1810.5,1816.5,1806.5,1807.5,13617.0
2019-04-19,1809.5,1817.0,1808.5,1816.0,10221.0
2019-04-22,1821.5,1855.0,1818.5,1854.0,78003.0
2019-04-23,1855.5,1880.0,1855.0,1873.5,58306.0
2019-04-24,1878.0,1880.0,1860.5,1870.0,38122.0
2019-04-25,1860.5,1878.0,1860.5,1871.0,30726.0
2019-04-26,1866.0,1920.0,1856.0,1900.0,71374.0
2019-04-29,1917.0,1917.0,1891.5,1900.0,49976.0
2019-04-30,1899.0,1915.0,1892.5,1894.5,110116.0
2019-05-02,1893.0,1926.5,1893.0,1920.0,17944.0
2019-05-03,1913.0,1925.0,1900.0,1900.0,40487.0
2019-05-06,1909.0,1933.0,1904.0,1931.0,37197.0
2019-05-07,1747.0,1805.0,1740.0,1768.0,525353.0
2019-05-08,1768.0,1780.5,1750.0,1760.5,91799.0
2019-05-10,1755.0,1769.0,1730.0,1730.0,55806.0
2019-05-13,1730.5,1758.0,1707.0,1709.0,90001.0
2019-05-14,1713.0,1724.5,1702.0,1712.5,69399.0
2019-05-15,1712.0,1720.0,1700.0,1706.0,70448.0
2019-05-16,1712.0,1749.0,1710.5,1744.0,59492.0
2019-05-17,1748.5,1753.0,1722.5,1749.0,33931.0
2019-05-20,1750.0,1750.0,1730.0,1746.0,30055.0
2019-05-21,1746.0,1747.0,1713.5,1725.5,63021.0
2019-05-22,1728.0,1740.0,1717.5,1733.0,29279.0
2019-05-23,1732.0,1758.0,1728.0,1736.5,38739.0
2019-05-24,1730.5,1739.5,1726.0,1730.5,34785.0
2019-05-27,1731.0,1739.5,1726.0,1728.5,19549.0
2019-05-28,1730.0,1735.0,1713.0,1721.0,51576.0
2019-05-29,1725.0,1728.5,1702.0,1715.0,52693.0
2019-05-30,1721.0,1724.0,1716.0,1719.5,27325.0
2019-05-31,1715.5,1718.5,1707.0,1710.5,40238.0
2019-06-03,1705.0,1719.5,1705.0,1714.0,56394.0
2019-06-04,1712.0,1726.0,1710.5,1719.5,42920.0
2019-06-05,1724.5,1728.0,1710.5,1717.0,33210.0
2019-06-06,1719.5,1727.0,1714.0,1725.0,29619.0
2019-06-07,1727.5,1740.0,1725.5,1734.5,29469.0
2019-06-10,1745.0,1770.0,1739.0,1769.5,77591.0
2019-06-11,1771.5,1780.0,1753.0,1759.0,108579.0
2019-06-13,1760.0,1769.5,1755.0,1758.0,70443.0
2019-06-14,1765.0,1780.0,1758.0,1780.0,69768.0
2019-06-17,1780.0,1798.5,1779.5,1790.5,73308.0
2019-06-18,1791.0,1795.0,1773.0,1775.0,104817.0
2019-06-19,1777.0,1787.5,1771.5,1775.0,64922.0
2019-06-20,1777.5,1789.0,1772.5,1784.0,220586.0
2019-06-21,1645.5,1677.5,1636.5,1670.0,319529.0
2019-06-24,1665.0,1670.5,1655.0,1665.0,53004.0
2019-06-25,1660.0,1660.0,1636.0,1650.0,45129.0
2019-06-26,1655.0,1662.0,1650.0,1660.0,51644.0
2019-06-27,1659.5,1661.0,1647.0,1647.0,40367.0
2019-06-28,1651.0,1651.0,1638.0,1647.0,50520.0
2019-07-01,1647.5,1649.0,1639.0,1649.0,46649.0
2019-07-02,1648.0,1650.5,1637.5,1642.0,37763.0
2019-07-03,1644.0,1644.5,1629.0,1640.0,57803.0
2019-07-04,1640.5,1640.5,1634.0,1636.0,27784.0
2019-07-05,1639.5,1649.0,1634.0,1647.5,62497.0
2019-07-08,1647.5,1660.5,1643.5,1656.0,51266.0
2019-07-09,1657.0,1670.0,1651.5,1665.0,62738.0
2019-07-10,1666.0,1668.0,1646.5,1654.0,38607.0
2019-07-11,1657.5,1660.0,1644.0,1648.5,23257.0
2019-07-12,1644.5,1647.0,1631.0,1640.0,28082.0
2019-07-15,1643.0,1650.0,1633.5,1638.0,21938.0
2019-07-16,1636.5,1636.5,1608.5,1610.0,81539.0
2019-07-17,1614.5,1619.0,1606.0,1610.5,30310.0
2019-07-18,1611.5,1615.0,1576.0,1604.0,81517.0
2019-07-19,1609.0,1615.0,1600.0,1602.5,29386.0
2019-07-22,1601.5,1611.5,1590.0,1595.0,31622.0
2019-07-23,1599.0,1606.0,1594.5,1603.0,14233.0
2019-07-24,1604.0,1616.0,1604.0,1605.0,17462.0
2019-07-25,1607.0,1611.5,1602.5,1605.0,19585.0
2019-07-26,1606.5,1621.0,1606.5,1615.0,21706.0
2019-07-29,1619.5,1650.0,1613.0,1629.5,40783.0
2019-07-30,1632.5,1635.0,1618.0,1623.0,18170.0
2019-07-31,1617.5,1628.0,1610.0,1610.0,17806.0
2019-08-01,1611.0,1615.0,1598.0,1602.0,36810.0
2019-08-02,1600.0,1609.5,1594.0,1596.0,31430.0
2019-08-05,1599.0,1599.5,1584.0,1587.5,38057.0
2019-08-06,1594.0,1599.5,1588.0,1596.5,14229.0
2019-08-07,1599.0,1601.5,1591.5,1600.0,18514.0
2019-08-08,1598.0,1609.5,1598.0,1604.0,17057.0
2019-08-09,1609.0,1609.0,1600.0,1600.0,18108.0
2019-08-12,1602.0,1609.5,1593.0,1595.5,30073.0
2019-08-13,1596.5,1607.0,1590.5,1591.5,17543.0
2019-08-14,1599.0,1606.0,1582.0,1582.0,31982.0
2019-08-15,1584.0,1602.0,1570.0,1582.0,48908.0
2019-08-16,1590.0,1595.0,1570.0,1585.0,56409.0
2019-08-19,1586.0,1593.5,1583.0,1590.0,19714.0
2019-08-20,1594.5,1597.0,1567.0,1579.5,54295.0
2019-08-21,1585.0,1591.0,1580.0,1584.0,16853.0
2019-08-22,1585.5,1587.0,1576.0,1576.0,20626.0
2019-08-23,1576.5,1583.5,1569.0,1569.0,35156.0
2019-08-26,1567.0,1568.0,1560.0,1561.0,31748.0
2019-08-27,1561.5,1563.0,1551.0,1559.0,37138.0
2019-08-28,1560.5,1567.5,1550.5,1551.5,36929.0
2019-08-29,1554.5,1565.0,1550.0,1562.0,21883.0
2019-08-30,1562.0,1575.0,1561.0,1569.0,21830.0
2019-09-02,1568.0,1583.5,1560.0,1560.0,57369.0
2019-09-03,1564.5,1582.5,1561.0,1578.0,49679.0
2019-09-04,1582.0,1598.0,1581.0,1590.0,34861.0
2019-09-05,1592.0,1596.0,1583.0,1589.0,25773.0
2019-09-06,1590.0,1592.0,1585.5,1588.0,14880.0
2019-09-09,1589.0,1595.0,1586.5,1587.5,25195.0
2019-09-10,1593.5,1597.0,1587.5,1593.0,32730.0
2019-09-11,1594.5,1599.5,1590.0,1597.0,24022.0
2019-09-12,1595.5,1613.0,1593.0,1602.0,97077.0
2019-09-13,1605.5,1610.0,1596.0,1607.0,36978.0
2019-09-16,1625.5,1636.0,1615.5,1630.0,69614.0
2019-09-17,1635.0,1672.0,1635.0,1637.0,122013.0
2019-09-18,1637.0,1651.5,1628.0,1643.0,34591.0
2019-09-19,1645.5,1659.0,1637.0,1640.0,39268.0
2019-09-20,1637.0,1642.5,1616.0,1623.0,37278.0
2019-09-23,1626.5,1633.5,1618.0,1626.5,17597.0
2019-09-24,1626.0,1634.5,1617.5,1625.0,20620.0
2019-09-25,1630.0,1636.0,1613.0,1624.5,34396.0
2019-09-26,1617.5,1651.0,1615.0,1638.5,71952.0
2019-09-27,1647.0,1650.0,1636.0,1647.0,40623.0
2019-09-30,1647.0,1688.0,1639.5,1665.0,91438.0
2019-10-01,1665.0,1665.0,1631.5,1634.5,49766.0
2019-10-02,1638.0,1641.0,1601.5,1603.0,66775.0
2019-10-03,1601.5,1611.0,1595.0,1610.5,47624.0
2019-10-04,1610.0,1624.5,1597.0,1609.5,30066.0
2019-10-07,1617.0,1617.5,1603.5,1613.5,25095.0
2019-10-08,1613.0,1613.0,1604.5,1606.0,16372.0
2019-10-09,1609.5,1639.0,1607.0,1639.0,36584.0
2019-10-10,1635.5,1636.0,1613.0,1622.0,22061.0
2019-10-11,1629.5,1636.0,1606.5,1614.5,42395.0
2019-10-14,1615.0,1615.5,1600.5,1607.0,19021.0
2019-10-15,1602.0,1619.0,1601.5,1616.0,11807.0
2019-10-16,1612.0,1619.0,1610.0,1610.5,20520.0
2019-10-17,1614.0,1618.5,1609.0,1616.0,19054.0
2019-10-18,1616.0,1623.5,1613.5,1620.0,24132.0
2019-10-21,1621.5,1622.5,1605.5,1620.0,25746.0
2019-10-22,1612.0,1621.5,1607.5,1619.0,24925.0
2019-10-23,1618.0,1636.0,1614.0,1629.0,48219.0
2019-10-24,1635.0,1652.0,1630.0,1650.0,88234.0
2019-10-25,1655.5,1678.5,1640.0,1675.0,110884.0
2019-10-28,1679.0,1690.0,1651.5,1658.5,66145.0
2019-10-29,1660.5,1700.0,1656.0,1695.5,62863.0
2019-10-30,1698.0,1724.5,1685.5,1715.5,104101.0
2019-10-31,1715.0,1750.0,1701.0,1730.0,155774.0
2019-11-01,1737.5,1766.0,1723.0,1766.0,119672.0
2019-11-05,1771.5,1792.0,1766.0,1780.0,123014.0
2019-11-06,1787.0,1790.5,1741.0,1744.0,105326.0
2019-11-07,1742.5,1762.5,1704.5,1730.5,122470.0
2019-11-08,1724.5,1730.0,1705.5,1710.0,46404.0
2019-11-11,1710.0,1745.0,1707.5,1725.0,37971.0
2019-11-12,1733.0,1744.5,1728.0,1740.0,51452.0
2019-11-13,1738.5,1738.5,1725.0,1729.5,26359.0
2019-11-14,1727.5,1738.0,1725.0,1728.5,19465.0
2019-11-15,1729.5,1736.0,1715.5,1719.5,18999.0
2019-11-18,1723.0,1737.5,1719.0,1722.5,18408.0
2019-11-19,1725.5,1732.5,1711.0,1714.5,31427.0
2019-11-20,1714.5,1777.0,1706.5,1731.0,175267.0
2019-11-21,1738.5,1753.5,1727.0,1734.5,44782.0
2019-11-22,1743.5,1750.0,1723.5,1737.0,31820.0
2019-11-25,1740.0,1750.0,1736.0,1748.0,27464.0
2019-11-26,1749.5,1758.0,1735.0,1736.0,19489.0
2019-11-27,1741.0,1745.5,1731.0,1737.5,13586.0
2019-11-28,1735.0,1740.5,1720.5,1730.0,21318.0
2019-11-29,1736.0,1736.0,1720.0,1724.0,17581.0
2019-12-02,1723.0,1727.5,1715.0,1716.5,18192.0
2019-12-03,1718.5,1720.0,1700.5,1708.0,29626.0
2019-12-04,1702.0,1715.0,1653.5,1713.5,47541.0
2019-12-05,1715.0,1718.0,1695.0,1711.5,19785.0
2019-12-06,1716.0,1730.0,1708.0,1730.0,16403.0
2019-12-09,1729.5,1735.5,1723.0,1724.0,18048.0
2019-12-10,1724.0,1734.5,1724.0,1734.0,29039.0
2019-12-11,1735.5,1738.5,1730.5,1730.5,21534.0
2019-12-12,1730.0,1735.0,1720.0,1720.0,56067.0
2019-12-13,1727.5,1732.0,1711.5,1714.0,72700.0
2019-12-16,1720.0,1733.5,1720.0,1728.0,57599.0
2019-12-17,1737.5,1737.5,1726.0,1729.0,38156.0
2019-12-18,1728.0,1748.5,1728.0,1732.0,100627.0
2019-12-19,1737.0,1737.0,1721.0,1725.0,69273.0
2019-12-20,1730.0,1739.0,1722.0,1724.5,58691.0
2019-12-23,1729.0,1731.5,1722.0,1722.0,59447.0
2019-12-24,1726.0,1728.0,1717.0,1717.0,44148.0
2019-12-25,1720.0,1729.5,1717.0,1718.5,51743.0
2019-12-26,1723.5,1725.5,1716.5,1720.0,53592.0
2019-12-27,1722.0,1728.5,1718.0,1727.0,45987.0
2019-12-30,1727.5,1736.0,1722.5,1722.5,37373.0
2020-01-03,1727.0,1734.0,1727.0,1731.5,28494.0
2020-01-06,1734.0,1747.5,1726.5,1746.5,70459.0
2020-01-08,1749.5,1777.0,1747.0,1767.5,81186.0
2020-01-09,1767.5,1771.0,1731.5,1763.0,68954.0
2020-01-10,1763.5,1779.0,1755.0,1773.0,81847.0
2020-01-13,1779.0,1793.0,1772.0,1780.5,76785.0
2020-01-14,1790.0,1800.0,1770.5,1785.0,123384.0
2020-01-15,1789.5,1828.0,1775.0,1798.0,180761.0
2020-01-16,1801.0,1824.0,1790.5,1820.0,147082.0
2020-01-17,1815.5,1843.5,1815.0,1835.0,103685.0
2020-01-20,1849.5,1872.0,1842.5,1862.0,158469.0
2020-01-21,1863.0,1868.0,1801.5,1840.0,129186.0
2020-01-22,1850.0,1860.0,1817.0,1840.0,122220.0
2020-01-23,1825.0,1829.0,1800.0,1800.0,114125.0
2020-01-24,1808.5,1825.5,1802.5,1813.0,49754.0
2020-01-27,1788.0,1793.5,1755.0,1767.0,110016.0
2020-01-28,1770.5,1777.0,1746.5,1768.0,88026.0
2020-01-29,1774.5,1790.0,1770.5,1775.0,62466.0
2020-01-30,1774.0,1782.5,1761.0,1761.5,50635.0
2020-01-31,1766.5,1780.0,1754.0,1759.0,51682.0
2020-02-03,1756.0,1758.0,1731.5,1744.0,85420.0
2020-02-04,1753.0,1770.0,1749.0,1770.0,76022.0
2020-02-05,1779.5,1799.0,1773.0,1778.0,89574.0
2020-02-06,1787.0,1795.0,1770.0,1770.0,50426.0
2020-02-07,1774.5,1796.0,1761.0,1773.5,61637.0
2020-02-10,1780.0,1787.0,1770.0,1772.0,30878.0
2020-02-11,1779.0,1784.0,1770.0,1773.0,40121.0
2020-02-12,1780.0,1856.0,1777.0,1855.0,256846.0
2020-02-13,1842.5,1867.0,1830.5,1851.0,110400.0
2020-02-14,1855.0,1868.5,1825.5,1858.0,84963.0
2020-02-17,1869.0,1872.5,1854.5,1860.0,51126.0
2020-02-18,1854.0,1868.0,1844.0,1865.0,78214.0
2020-02-19,1872.0,1897.0,1805.0,1810.0,322452.0
2020-02-20,1811.5,1826.5,1805.0,1817.0,65270.0
2020-02-21,1817.0,1817.0,1801.5,1809.5,51708.0
2020-02-25,1779.5,1800.0,1773.0,1777.0,69264.0
2020-02-26,1775.0,1897.0,1744.0,1782.0,168450.0
2020-02-27,1755.0,1770.0,1707.0,1720.0,131770.0
2020-02-28,1699.5,1707.5,1644.5,1663.5,262839.0
2020-03-02,1710.0,1723.0,1663.5,1690.0,121909.0
2020-03-03,1709.0,1713.5,1690.0,1697.0,110073.0
2020-03-04,1695.5,1707.5,1679.0,1690.0,46832.0
2020-03-05,1708.5,1720.0,1691.5,1697.0,42091.0
2020-03-06,1680.0,1690.0,1636.0,1650.0,135451.0
2020-03-10,1498.5,1598.5,1358.0,1579.5,351502.0
2020-03-11,1592.0,1594.5,1515.5,1521.0,131356.0
2020-03-12,1490.0,1493.0,1370.0,1383.5,273287.0
2020-03-13,1381.5,1419.0,1332.0,1341.0,355441.0
2020-03-16,1293.0,1314.0,1165.0,1230.0,378612.0
2020-03-17,1230.0,1253.0,1100.0,1157.0,248903.0
2020-03-18,1130.0,1138.5,1009.5,1041.0,296269.0
2020-03-19,1039.5,1125.0,1018.5,1116.5,261011.0
2020-03-20,1151.5,1255.5,1151.5,1185.0,268691.0
2020-03-23,1130.0,1229.5,1108.5,1190.0,167536.0
2020-03-24,1226.0,1272.5,1225.0,1250.0,94862.0
2020-03-25,1283.0,1334.0,1247.0,1297.0,207423.0
2020-03-26,1304.0,1338.5,1262.0,1338.5,106773.0
2020-03-27,1334.5,1334.5,1267.0,1272.0,106586.0
2020-03-30,1250.0,1274.5,1213.0,1269.5,50979.0
2020-03-31,1295.0,1330.0,1289.0,1330.0,108812.0
2020-04-01,1299.5,1325.5,1283.5,1318.5,69804.0
2020-04-02,1345.0,1380.0,1313.0,1350.5,229923.0
2020-04-03,1360.0,1386.0,1342.5,1369.5,188542.0
2020-04-06,1390.5,1398.0,1376.0,1392.0,205245.0
2020-04-07,1413.0,1426.5,1382.0,1382.0,259449.0
2020-04-08,1385.0,1403.0,1368.0,1382.5,133306.0
2020-04-09,1401.5,1500.0,1392.0,1442.0,397096.0
2020-04-10,1432.5,1470.0,1413.5,1450.0,125349.0
2020-04-13,1465.0,1469.5,1400.0,1409.5,120023.0
2020-04-14,1420.0,1421.5,1365.5,1383.0,131537.0
2020-04-15,1373.0,1377.5,1301.5,1305.0,188635.0
2020-04-16,1311.0,1359.5,1280.0,1336.5,138464.0
2020-04-17,1363.0,1385.0,1338.5,1385.0,82101.0
2020-04-20,1360.0,1384.5,1333.0,1333.0,102024.0
2020-04-21,1329.0,1335.0,1285.0,1324.0,184323.0
2020-04-22,1301.0,1384.5,1300.0,1357.5,142193.0
2020-04-23,1373.0,1385.5,1359.0,1382.0,73197.0
2020-04-24,1372.5,1385.0,1350.0,1375.5,60891.0
2020-04-27,1375.5,1409.0,1372.0,1387.0,71921.0
2020-04-28,1385.0,1409.0,1378.5,1388.5,92948.0
2020-04-29,1402.0,1410.0,1393.0,1408.0,76122.0
2020-04-30,1422.0,1427.5,1371.5,1376.5,153530.0
2020-05-04,1368.0,1390.5,1342.5,1390.5,72758.0
2020-05-05,1419.0,1421.5,1397.0,1420.0,63235.0
2020-05-06,1422.0,1428.5,1409.0,1416.5,59980.0
2020-05-07,1415.0,1428.5,1412.0,1417.5,33801.0
2020-05-08,1410.5,1427.5,1409.0,1426.5,31952.0
2020-05-12,1428.0,1483.5,1427.0,1481.0,135644.0
2020-05-13,1479.5,1490.0,1454.5,1466.0,94619.0
2020-05-14,1461.0,1485.0,1450.5,1465.0,64093.0
2020-05-15,1472.0,1485.0,1450.0,1462.5,85008.0
2020-05-18,1315.0,1417.5,1305.0,1408.5,642491.0
2020-05-19,1415.0,1430.0,1400.5,1415.0,168760.0
2020-05-20,1416.5,1417.0,1396.5,1412.5,166046.0
2020-05-21,1412.5,1423.5,1393.5,1398.0,122151.0
2020-05-22,1393.5,1404.5,1384.5,1403.5,72260.0
2020-05-25,1407.0,1416.0,1405.5,1409.5,62635.0
2020-05-26,1418.5,1423.0,1412.0,1414.0,119850.0
2020-05-27,1419.0,1435.5,1410.5,1418.5,147313.0
2020-05-28,1423.5,1435.0,1417.0,1432.5,77667.0
2020-05-29,1430.5,1433.0,1420.0,1420.0,58423.0
2020-06-01,1440.0,1440.0,1426.5,1431.0,51942.0
2020-06-02,1442.5,1455.0,1435.5,1453.0,98302.0
2020-06-03,1458.0,1469.5,1445.5,1459.5,97712.0
2020-06-04,1460.0,1460.5,1430.0,1444.5,97706.0
2020-06-05,1450.0,1457.5,1446.0,1457.5,76928.0
2020-06-08,1463.5,1478.0,1450.0,1461.0,138006.0
2020-06-09,1470.0,1470.0,1451.0,1460.0,56575.0
2020-06-10,1460.0,1471.5,1453.5,1463.0,60530.0
2020-06-11,1458.0,1458.0,1438.5,1439.5,82196.0
2020-06-15,1434.0,1434.0,1400.0,1427.5,102723.0
2020-06-16,1443.5,1472.5,1439.5,1452.0,202427.0
2020-06-17,1452.0,1495.0,1450.0,1459.0,271833.0
2020-06-18,1457.0,1476.0,1452.0,1464.0,93627.0
2020-06-19,1475.5,1477.5,1440.0,1440.0,337576.0
2020-06-22,1449.0,1464.5,1442.5,1455.5,98537.0
2020-06-23,1463.0,1463.0,1451.5,1451.5,109657.0
2020-06-25,1438.0,1455.0,1421.0,1446.0,109395.0
2020-06-26,1451.5,1459.5,1445.0,1445.0,85571.0
2020-06-29,1440.5,1449.5,1432.0,1442.5,113994.0
2020-06-30,1445.0,1450.0,1436.0,1436.5,158542.0
2020-07-02,1448.0,1460.5,1444.0,1460.5,338784.0
2020-07-03,1364.5,1392.0,1356.0,1387.5,407079.0
2020-07-06,1389.5,1408.5,1384.0,1385.5,108335.0
2020-07-07,1385.5,1386.0,1370.0,1370.0,87946.0
2020-07-08,1371.0,1374.5,1348.5,1349.0,97487.0
2020-07-09,1355.0,1374.0,1350.5,1350.5,58476.0
2020-07-10,1349.0,1362.0,1344.5,1358.5,50084.0
2020-07-13,1362.0,1368.5,1350.0,1350.0,34833.0
2020-07-14,1349.0,1349.0,1313.5,1324.5,77229.0
2020-07-15,1333.5,1346.0,1326.5,1326.5,44251.0
2020-07-16,1332.5,1340.0,1322.5,1323.0,30808.0
2020-07-17,1333.5,1337.0,1326.0,1333.0,21841.0
2020-07-20,1334.0,1345.0,1328.5,1342.0,26149.0
2020-07-21,1342.0,1359.0,1342.0,1359.0,41070.0
2020-07-22,1357.5,1365.0,1350.0,1350.0,30364.0
2020-07-23,1354.5,1359.5,1350.5,1352.0,19972.0
2020-07-24,1346.5,1360.0,1340.5,1350.0,30458.0
2020-07-27,1359.0,1359.0,1346.0,1346.5,30434.0
2020-07-28,1348.5,1353.5,1346.0,1350.0,16885.0
2020-07-29,1348.5,1354.0,1345.5,1350.5,23111.0
2020-07-30,1351.5,1352.5,1341.0,1346.5,32351.0
2020-07-31,1348.5,1352.5,1345.0,1352.0,21278.0
2020-08-03,1352.5,1355.0,1346.0,1350.0,38483.0
2020-08-04,1352.0,1354.5,1346.5,1353.0,28484.0
2020-08-05,1356.0,1374.0,1355.0,1364.0,93566.0
2020-08-06,1367.5,1374.0,1355.5,1366.5,70391.0
2020-08-07,1361.5,1361.5,1353.0,1354.0,39778.0
2020-08-10,1354.5,1363.5,1350.5,1351.0,36550.0
2020-08-11,1359.0,1362.5,1353.5,1361.5,75363.0
2020-08-12,1360.0,1368.5,1354.0,1361.0,164985.0
2020-08-13,1366.5,1369.0,1361.0,1362.0,133891.0
2020-08-14,1362.5,1377.0,1362.0,1365.0,113430.0
2020-08-17,1367.0,1375.0,1356.0,1363.5,111308.0
2020-08-18,1366.0,1368.0,1358.0,1363.0,51250.0
2020-08-19,1364.5,1365.0,1358.5,1364.5,40249.0
2020-08-20,1360.0,1370.0,1344.0,1346.0,98885.0
2020-08-21,1350.0,1354.0,1337.5,1343.0,45261.0
2020-08-24,1349.5,1355.0,1345.0,1346.5,30833.0
2020-08-25,1349.0,1354.0,1342.0,1343.0,34532.0
2020-08-26,1345.0,1354.0,1343.0,1353.0,32347.0
2020-08-27,1351.5,1352.5,1340.5,1348.5,48357.0
2020-08-28,1349.0,1349.5,1335.0,1341.0,30178.0
2020-08-31,1342.5,1347.0,1331.5,1338.0,47488.0
2020-09-01,1338.5,1342.0,1328.5,1332.0,42368.0
2020-09-02,1336.5,1338.0,1319.0,1328.0,53861.0
2020-09-03,1325.0,1327.5,1315.0,1316.5,32250.0
2020-09-04,1313.5,1322.0,1302.0,1307.0,69092.0
2020-09-07,1311.0,1314.0,1300.0,1305.5,35091.0
2020-09-08,1306.5,1310.5,1265.5,1280.5,83412.0
2020-09-09,1286.5,1295.0,1273.0,1294.0,26191.0
2020-09-10,1293.5,1296.0,1274.0,1275.0,36429.0
2020-09-11,1278.5,1294.5,1277.0,1286.5,24197.0
2020-09-14,1293.5,1309.0,1292.0,1292.0,39079.0
2020-09-15,1292.0,1307.5,1292.0,1306.5,37514.0
2020-09-16,1308.5,1313.5,1301.0,1307.5,42736.0
2020-09-17,1299.5,1300.0,1280.0,1296.0,31496.0
2020-09-18,1299.0,1300.5,1280.5,1293.0,88108.0
2020-09-21,1285.5,1287.5,1261.5,1261.5,72802.0
2020-09-22,1271.0,1271.5,1250.5,1251.0,57494.0
2020-09-23,1251.5,1258.0,1239.0,1240.0,76554.0
2020-09-24,1244.0,1244.0,1226.0,1231.5,51667.0
2020-09-25,1239.5,1283.5,1233.0,1252.0,66022.0
2020-09-28,1259.5,1260.5,1239.0,1244.0,34437.0
2020-09-29,1245.5,1256.5,1236.0,1249.0,28623.0
2020-09-30,1248.5,1252.0,1234.5,1234.5,28075.0
2020-10-01,1241.5,1243.5,1230.0,1230.0,22784.0
2020-10-02,1226.5,1240.0,1219.0,1237.5,27036.0
2020-10-05,1239.0,1245.5,1224.0,1232.0,47611.0
2020-10-06,1232.5,1239.5,1230.0,1232.5,52719.0
2020-10-07,1231.5,1234.0,1221.0,1221.0,34757.0
2020-10-08,1223.5,1228.0,1221.5,1222.0,15715.0
2020-10-09,1223.0,1229.5,1216.0,1220.0,27458.0
2020-10-12,1220.0,1226.5,1215.5,1216.5,23755.0
2020-10-13,1218.0,1224.5,1212.0,1212.0,20865.0
2020-10-14,1212.5,1222.5,1211.0,1219.0,16516.0
2020-10-15,1218.0,1222.0,1210.0,1210.0,15970.0
2020-10-16,1215.5,1215.5,1200.0,1207.0,48166.0
2020-10-19,1202.5,1206.5,1183.5,1187.5,50598.0
2020-10-20,1187.5,1198.0,1172.5,1190.5,38123.0
2020-10-21,1195.0,1210.0,1180.5,1183.0,36981.0
2020-10-22,1183.0,1203.0,1182.0,1196.5,18610.0
2020-10-23,1197.5,1206.5,1187.0,1199.0,37767.0
2020-10-26,1196.0,1203.0,1190.5,1193.5,17476.0
2020-10-27,1194.5,1197.5,1182.0,1182.5,20718.0
2020-10-28,1182.5,1188.5,1150.5,1160.0,59685.0
2020-10-29,1157.5,1169.0,1150.0,1153.0,31344.0
2020-10-30,1152.0,1155.0,1126.0,1144.0,51453.0
2020-11-02,1145.0,1150.0,1134.0,1148.0,50377.0
2020-11-03,1151.5,1176.5,1137.0,1162.5,48215.0
2020-11-05,1173.0,1203.5,1167.5,1202.0,34981.0
2020-11-06,1195.0,1201.0,1183.0,1192.0,40671.0
2020-11-09,1202.0,1243.0,1199.5,1239.0,83223.0
2020-11-10,1227.5,1257.0,1218.5,1247.5,73480.0
2020-11-11,1255.5,1281.5,1252.5,1266.0,97850.0
2020-11-12,1257.0,1261.0,1238.0,1256.0,52956.0
2020-11-13,1254.0,1254.0,1238.0,1245.0,43358.0
2020-11-16,1254.0,1275.0,1252.0,1266.0,57396.0
2020-11-17,1271.0,1271.0,1242.5,1246.5,47591.0
2020-11-18,1246.0,1264.0,1238.5,1258.5,41424.0
2020-11-19,1254.0,1260.5,1242.0,1242.5,31317.0
2020-11-20,1242.5,1246.5,1227.5,1227.5,43306.0
2020-11-23,1242.0,1252.0,1231.5,1232.0,50435.0
2020-11-24,1238.0,1250.0,1233.0,1247.0,43978.0
2020-11-25,1248.0,1265.0,1242.0,1251.0,83447.0
2020-11-26,1252.5,1261.5,1241.0,1254.0,63507.0
2020-11-27,1253.5,1264.0,1249.0,1255.0,59522.0
2020-11-30,1253.5,1253.5,1231.0,1231.0,49670.0
2020-12-01,1235.5,1260.0,1231.5,1253.5,48246.0
2020-12-02,1253.5,1257.0,1244.0,1248.5,48229.0
2020-12-03,1248.0,1254.0,1235.0,1236.0,50413.0
2020-12-04,1250.0,1251.0,1242.5,1247.0,44988.0
2020-12-07,1247.0,1249.5,1232.0,1232.5,76734.0
2020-12-08,1230.5,1237.0,1215.0,1215.5,81036.0
2020-12-09,1222.5,1231.0,1213.0,1215.5,71523.0
2020-12-10,1214.5,1229.5,1212.0,1225.5,67116.0
2020-12-11,1228.5,1234.0,1218.5,1221.0,61651.0
2020-12-14,1225.0,1230.5,1215.0,1215.0,89688.0
2020-12-15,1218.5,1221.5,1212.0,1216.5,67263.0
2020-12-16,1213.0,1219.5,1202.5,1205.0,80695.0
2020-12-17,1205.0,1217.0,1196.5,1201.0,120593.0
2020-12-18,1201.0,1204.0,1192.0,1192.0,97984.0
2020-12-21,1195.5,1199.5,1169.5,1170.0,124721.0
2020-12-22,1168.5,1184.5,1164.5,1168.5,88799.0
2020-12-23,1168.5,1183.0,1160.0,1173.0,125550.0
2020-12-24,1176.5,1178.0,1150.0,1152.5,184410.0
2020-12-25,1159.5,1177.0,1153.5,1177.0,123323.0
2020-12-28,1180.0,1185.5,1168.5,1169.5,129715.0
2020-12-29,1169.0,1175.5,1163.0,1169.0,64742.0
2020-12-30,1166.5,1177.0,1162.0,1162.0,97513.0
2021-01-04,1169.0,1193.5,1166.0,1184.0,118723.0
2021-01-05,1188.0,1205.5,1178.5,1203.0,59714.0
2021-01-06,1212.0,1229.0,1210.0,1220.0,111240.0
2021-01-08,1224.0,1248.5,1224.0,1245.0,131197.0
2021-01-11,1234.5,1248.5,1221.5,1246.0,95675.0
2021-01-12,1247.0,1264.0,1240.0,1250.0,115538.0
2021-01-13,1264.0,1266.0,1235.0,1240.0,70501.0
2021-01-14,1244.0,1260.0,1233.5,1252.0,69227.0
2021-01-15,1257.0,1264.0,1234.0,1244.0,79627.0
2021-01-18,1236.0,1244.0,1224.0,1234.0,51315.0
2021-01-19,1238.5,1246.0,1223.0,1225.5,74871.0
2021-01-20,1227.5,1240.0,1225.0,1225.5,30427.0
2021-01-21,1233.0,1235.0,1195.0,1195.5,132888.0
2021-01-22,1193.5,1196.0,1181.5,1195.5,64560.0
2021-01-25,1195.0,1208.0,1194.0,1205.0,41371.0
2021-01-26,1204.5,1209.5,1196.5,1200.5,28446.0
2021-01-27,1200.0,1209.0,1191.0,1191.0,38063.0
2021-01-28,1188.0,1195.0,1182.0,1192.5,48383.0
2021-01-29,1190.0,1198.0,1182.5,1184.0,35849.0
2021-02-01,1182.5,1192.5,1171.0,1171.0,45924.0
2021-02-02,1180.0,1188.5,1175.0,1180.0,82328.0
2021-02-03,1182.5,1187.5,1171.0,1176.0,64778.0
2021-02-04,1181.5,1207.0,1179.0,1194.0,66497.0
2021-02-05,1199.0,1205.0,1192.5,1200.0,51579.0
2021-02-08,1205.0,1215.0,1201.5,1211.5,62535.0
2021-02-09,1216.5,1219.0,1200.0,1204.5,66714.0
2021-02-10,1207.5,1212.5,1188.5,1195.0,72379.0
2021-02-11,1199.0,1210.0,1182.0,1182.5,74226.0
2021-02-12,1185.0,1186.5,1170.5,1173.0,124435.0
2021-02-15,1187.0,1190.0,1175.0,1180.0,83662.0
2021-02-16,1185.0,1188.0,1163.5,1173.0,116548.0
2021-02-17,1176.5,1182.0,1164.0,1170.0,85600.0
2021-02-18,1173.0,1176.5,1163.0,1163.5,93730.0
2021-02-19,1165.0,1166.5,1151.5,1158.0,116641.0
2021-02-20,1162.0,1176.0,1157.0,1173.5,25150.0
2021-02-22,1174.5,1180.0,1164.5,1170.5,29876.0
2021-02-24,1170.0,1176.0,1159.0,1165.0,61064.0
2021-02-25,1169.0,1174.0,1161.0,1162.0,53099.0
2021-02-26,1156.0,1160.0,1149.5,1150.0,67603.0
2021-03-01,1155.5,1163.0,1145.0,1146.0,60358.0
2021-03-02,1143.5,1157.0,1142.5,1153.0,34907.0
2021-03-03,1153.0,1172.0,1153.0,1164.5,61594.0
2021-03-04,1166.0,1181.0,1162.5,1175.5,97213.0
2021-03-05,1177.5,1207.0,1175.5,1200.0,181457.0
2021-03-09,1205.0,1248.5,1190.0,1243.5,261403.0
2021-03-10,1239.0,1244.5,1218.5,1225.0,122014.0
2021-03-11,1229.0,1249.5,1228.5,1244.0,120164.0
2021-03-12,1244.0,1259.0,1232.0,1257.0,138925.0
2021-03-15,1260.0,1309.5,1257.5,1307.0,323787.0
2021-03-16,1305.0,1308.5,1290.0,1304.5,127098.0
2021-03-17,1307.0,1308.0,1274.0,1296.0,155902.0
2021-03-18,1305.5,1309.0,1273.0,1292.0,139611.0
2021-03-19,1274.5,1301.0,1258.0,1266.5,883315.0
2021-03-22,1278.0,1280.0,1251.0,1266.0,80551.0
2021-03-23,1260.5,1271.0,1244.0,1254.0,58620.0
2021-03-24,1253.0,1285.0,1251.0,1282.0,52000.0
2021-03-25,1274.5,1278.0,1265.5,1271.5,33901.0
2021-03-26,1275.5,1297.5,1271.0,1296.0,66722.0
2021-03-29,1296.0,1307.0,1286.0,1287.0,54410.0
2021-03-30,1287.0,1299.0,1276.0,1288.0,36821.0
2021-03-31,1283.0,1299.5,1272.5,1299.5,84759.0
2021-04-01,1294.0,1305.0,1285.5,1285.5,62948.0
2021-04-02,1293.5,1296.5,1287.5,1290.5,13351.0
2021-04-05,1291.0,1296.0,1275.0,1281.0,21725.0
2021-04-06,1278.0,1289.5,1270.0,1277.0,35517.0
2021-04-07,1269.0,1273.0,1254.5,1265.0,67160.0
2021-04-08,1266.0,1269.5,1253.0,1260.5,35725.0
2021-04-09,1260.5,1260.5,1222.0,1226.0,119823.0
2021-04-12,1225.5,1233.5,1209.0,1226.0,72944.0
2021-04-13,1230.0,1237.0,1211.0,1211.0,55170.0
2021-04-14,1226.0,1237.5,1214.0,1230.0,73127.0
2021-04-15,1225.0,1237.5,1212.0,1214.0,54541.0
2021-04-16,1216.5,1225.0,1211.0,1211.0,71021.0
2021-04-19,1214.0,1219.0,1210.0,1210.0,49288.0
2021-04-20,1215.0,1217.5,1186.0,1198.5,106673.0
2021-04-21,1201.5,1203.5,1171.0,1171.0,103884.0
2021-04-22,1178.5,1193.5,1178.0,1181.5,82464.0
2021-04-23,1181.5,1189.0,1166.0,1181.0,69339.0
2021-04-26,1184.0,1207.0,1183.0,1207.0,52453.0
2021-04-27,1205.0,1217.0,1197.0,1202.0,60262.0
2021-04-28,1200.0,1202.5,1182.5,1189.0,37133.0
2021-04-29,1196.0,1198.5,1177.0,1177.0,35834.0
2021-04-30,1178.0,1186.5,1178.0,1179.5,31049.0
2021-05-04,1186.5,1194.0,1178.0,1182.0,26532.0
2021-05-05,1186.5,1203.0,1184.5,1198.5,28743.0
2021-05-06,1200.0,1209.5,1182.5,1182.5,39592.0
2021-05-07,1189.0,1202.0,1185.0,1200.5,27727.0
2021-05-10,1202.5,1212.0,1199.0,1209.5,45556.0
2021-05-11,1209.5,1209.5,1195.5,1202.0,35043.0
2021-05-12,1208.5,1210.0,1193.0,1193.0,28169.0
2021-05-13,1193.0,1194.5,1181.0,1187.0,24319.0
2021-05-14,1192.5,1207.5,1177.0,1182.0,67578.0
2021-05-17,1185.0,1186.0,1180.0,1182.5,66403.0
2021-05-18,1187.5,1189.0,1176.0,1178.5,96005.0
2021-05-19,1183.0,1183.0,1172.0,1172.5,43578.0
2021-05-20,1180.0,1180.0,1160.0,1160.5,91276.0
2021-05-21,1168.5,1177.0,1162.5,1165.0,66667.0
2021-05-24,1170.0,1180.0,1162.0,1162.0,68908.0
2021-05-25,1170.0,1177.5,1165.0,1166.0,63529.0
2021-05-26,1154.0,1161.0,1148.0,1151.0,166929.0
2021-05-27,1153.5,1153.5,1148.0,1148.0,42031.0
2021-05-28,1151.0,1160.0,1149.0,1156.5,55730.0
2021-05-31,1158.0,1162.0,1155.0,1160.0,64665.0
2021-06-01,1165.0,1171.5,1159.0,1166.0,94824.0
2021-06-02,1170.0,1182.0,1167.0,1182.0,101322.0
2021-06-03,1183.0,1194.0,1173.5,1183.5,103836.0
2021-06-04,1189.0,1189.0,1170.0,1174.0,49583.0
2021-06-07,1180.0,1180.0,1172.5,1173.0,63069.0
2021-06-08,1177.0,1178.5,1170.0,1174.0,31031.0
2021-06-09,1178.0,1179.0,1172.5,1174.0,25681.0
2021-06-10,1177.0,1177.0,1165.0,1168.0,35923.0
2021-06-11,1171.5,1172.0,1166.0,1169.5,31240.0
2021-06-14,1170.0,1174.0,1166.0,1167.0,25740.0
2021-06-15,1170.0,1170.0,1161.0,1164.5,40158.0
2021-06-16,1168.0,1168.0,1161.0,1164.5,38718.0
2021-06-17,1164.5,1166.0,1155.0,1158.0,50124.0
2021-06-18,1162.5,1164.0,1153.0,1161.5,84993.0
2021-06-21,1164.0,1169.5,1158.0,1165.0,31992.0
2021-06-22,1167.0,1172.5,1166.0,1172.5,30620.0
2021-06-23,1173.5,1178.5,1165.0,1174.0,43023.0
2021-06-24,1175.0,1175.0,1165.5,1170.0,17103.0
2021-06-25,1166.0,1168.0,1150.0,1155.0,106874.0
2021-06-28,1157.5,1160.0,1143.5,1148.0,76089.0
2021-06-29,1148.5,1151.0,1140.5,1140.5,97677.0
2021-06-30,1143.5,1145.5,1089.5,1089.5,1101483.0
2021-07-01,1099.0,1128.0,1096.0,1118.5,302231.0
2021-07-02,1120.0,1127.0,1116.5,1118.0,91758.0
2021-07-05,1120.0,1129.0,1119.0,1125.5,61993.0
2021-07-06,1130.0,1137.0,1115.0,1115.0,62699.0
2021-07-07,1116.0,1120.0,1092.0,1095.0,135861.0
2021-07-08,1095.5,1097.0,1080.5,1081.0,95550.0
2021-07-09,1088.0,1098.0,1085.5,1092.0,62564.0
2021-07-12,1099.0,1099.0,1075.5,1083.0,72118.0
2021-07-13,1085.0,1089.0,1075.5,1077.0,63244.0
2021-07-14,1080.0,1082.0,1064.0,1064.0,123907.0
2021-07-15,1068.0,1068.0,1053.0,1053.0,83729.0
2021-07-16,1055.0,1057.5,1038.0,1040.0,110157.0
2021-07-19,1040.0,1043.5,1018.0,1018.5,142508.0
2021-07-20,1023.5,1031.5,1018.0,1018.0,71323.0
2021-07-21,1027.5,1028.0,1011.5,1012.5,74310.0
2021-07-22,1015.5,1024.5,1014.5,1020.0,57891.0
2021-07-23,1024.0,1031.0,1015.0,1027.5,74147.0
2021-07-26,1025.0,1027.5,1012.5,1012.5,59191.0
2021-07-27,1018.0,1019.5,1012.0,1016.0,54283.0
2021-07-28,1017.0,1021.5,1016.0,1016.5,42747.0
2021-07-29,1022.5,1026.5,1010.0,1016.0,97532.0
2021-07-30,1011.5,1015.0,999.5,1000.0,196124.0
2021-08-02,1004.0,1008.0,996.5,998.0,101997.0
2021-08-03,999.0,1002.5,983.0,983.5,135663.0
2021-08-04,988.0,994.0,983.0,985.5,89475.0
2021-08-05,986.0,990.0,980.5,989.0,82433.0
2021-08-06,990.0,994.0,982.5,983.5,60992.0
2021-08-09,984.0,995.0,982.0,986.5,92571.0
2021-08-10,992.0,999.0,985.5,987.5,95733.0
2021-08-11,996.5,997.5,988.0,991.5,66250.0
2021-08-12,996.5,996.5,989.0,990.5,42883.0
2021-08-13,991.0,1070.0,991.0,1052.5,500811.0
2021-08-16,1052.5,1093.0,1041.5,1086.0,412893.0
2021-08-17,1080.5,1128.5,1080.5,1128.0,332839.0
2021-08-18,1128.0,1152.5,1059.5,1059.5,515489.0
2021-08-19,1051.0,1079.0,1037.0,1072.5,194731.0
2021-08-20,1068.0,1084.0,1051.5,1068.0,71666.0
2021-08-23,1080.5,1089.5,1058.0,1068.0,121486.0
2021-08-24,1068.0,1076.5,1065.0,1073.5,39711.0
2021-08-25,1068.0,1074.5,1064.5,1070.0,34286.0
2021-08-26,1070.0,1071.0,1047.5,1056.0,65066.0
2021-08-27,1060.0,1063.5,1050.0,1058.5,50936.0
2021-08-30,1060.0,1070.5,1059.0,1069.5,66213.0
2021-08-31,1070.0,1097.0,1068.0,1073.0,75575.0
2021-09-01,1081.0,1107.5,1075.0,1097.0,121657.0
2021-09-02,1102.0,1126.5,1100.0,1118.5,110981.0
2021-09-03,1121.0,1127.0,1095.5,1104.0,81576.0
2021-09-06,1107.0,1109.0,1083.0,1104.0,65869.0
2021-09-07,1100.0,1105.5,1078.0,1081.0,58789.0
2021-09-08,1083.0,1088.0,1041.0,1071.0,110332.0
2021-09-09,1070.0,1077.0,1063.5,1072.0,39438.0
2021-09-10,1074.5,1074.5,1062.0,1062.0,32603.0
2021-09-13,1068.5,1080.0,1068.0,1074.0,68143.0
2021-09-14,1078.5,1082.5,1073.5,1073.5,51068.0
2021-09-15,1074.0,1100.5,1074.0,1085.0,180538.0
2021-09-16,1087.5,1091.0,1070.5,1073.5,85420.0
2021-09-17,1073.0,1077.0,1045.0,1045.0,106207.0
2021-09-20,1054.0,1054.5,1032.0,1040.0,94926.0
2021-09-21,1044.0,1053.5,1041.5,1049.5,59284.0
2021-09-22,1055.0,1062.5,1030.0,1055.0,109477.0
2021-09-23,1057.0,1060.0,1048.0,1056.5,38099.0
2021-09-24,1055.0,1069.0,1051.0,1057.5,52326.0
2021-09-27,1060.5,1094.0,1060.0,1091.0,185978.0
2021-09-28,1096.5,1119.0,1082.0,1092.5,252341.0
2021-09-29,1089.0,1093.5,1063.0,1071.0,111022.0
2021-09-30,1079.0,1099.5,1076.5,1084.0,83167.0
2021-10-01,1084.0,1108.0,1074.5,1091.5,80069.0
2021-10-04,1098.0,1112.0,1088.5,1108.0,103972.0
2021-10-05,1117.0,1148.5,1111.0,1146.0,273118.0
2021-10-06,1151.5,1178.0,1128.5,1145.0,295222.0
2021-10-07,1150.0,1165.0,1129.5,1154.5,146264.0
2021-10-08,1163.0,1164.0,1140.5,1149.5,77610.0
2021-10-11,1152.5,1186.0,1151.5,1165.5,145368.0
2021-10-12,1166.0,1185.0,1154.5,1176.0,116080.0
2021-10-13,1174.5,1174.5,1143.0,1151.5,133581.0
2021-10-14,1162.0,1172.5,1154.5,1160.0,93618.0
2021-10-15,1170.0,1178.0,1160.5,1164.5,72022.0
2021-10-18,1170.5,1186.0,1167.5,1176.0,148269.0
2021-10-19,1187.0,1187.5,1172.0,1178.5,67254.0
2021-10-20,1179.0,1181.5,1170.0,1170.5,101575.0
2021-10-21,1173.5,1178.0,1160.0,1160.0,82842.0
2021-10-22,1165.0,1173.0,1157.5,1165.0,73499.0
2021-10-25,1170.0,1177.0,1161.5,1172.5,66648.0
2021-10-26,1175.0,1179.0,1170.0,1171.5,83910.0
2021-10-27,1167.0,1167.5,1151.0,1153.5,117713.0
2021-10-28,1148.5,1150.5,1129.0,1136.5,135051.0
2021-10-29,1143.0,1147.5,1134.0,1143.5,63371.0
2021-11-01,1146.5,1163.5,1139.0,1153.5,84781.0
2021-11-02,1157.0,1160.0,1145.5,1152.0,60289.0
2021-11-03,1145.5,1148.5,1125.0,1128.5,128519.0
2021-11-05,1124.5,1132.0,1116.0,1130.0,66669.0
2021-11-08,1137.0,1147.0,1131.0,1136.5,53241.0
2021-11-09,1136.5,1144.0,1127.5,1129.5,58971.0
2021-11-10,1129.5,1141.0,1129.0,1140.0,52952.0
2021-11-11,1133.0,1138.5,1125.5,1137.0,76063.0
2021-11-12,1145.5,1196.0,1136.0,1142.0,520333.0
2021-11-15,1143.0,1153.5,1128.0,1130.0,127118.0
2021-11-16,1135.0,1140.5,1116.5,1123.0,96733.0
2021-11-17,1121.0,1132.5,1113.5,1123.5,92030.0
2021-11-18,1123.5,1125.5,1113.0,1116.0,68688.0
2021-11-19,1118.5,1133.5,1082.0,1093.0,180317.0
2021-11-22,1093.0,1093.0,1018.0,1039.0,289476.0
2021-11-23,1044.0,1044.0,1015.5,1040.0,205098.0
2021-11-24,1048.0,1068.0,1042.5,1042.5,94423.0
2021-11-25,1049.5,1061.0,1046.0,1056.5,34240.0
2021-11-26,1005.0,1034.5,987.0,1017.0,388003.0
2021-11-29,1025.5,1037.0,1015.5,1033.5,91230.0
2021-11-30,1015.5,1026.5,1003.0,1021.0,64275.0
2021-12-01,1026.5,1049.5,1024.5,1033.0,81739.0
2021-12-02,1033.5,1040.0,1019.0,1028.0,96241.0
2021-12-03,1032.5,1038.0,1018.5,1023.0,49711.0
2021-12-06,1024.5,1032.0,997.0,1000.5,115015.0
2021-12-07,1002.0,1016.5,1001.5,1010.0,59782.0
2021-12-08,1017.5,1018.0,990.0,998.0,126117.0
2021-12-09,1000.5,1017.5,1000.0,1002.0,43178.0
2021-12-10,1000.0,1005.0,993.5,997.0,58854.0
2021-12-13,1002.0,1009.5,962.5,976.0,161594.0
2021-12-14,974.0,987.0,964.0,968.0,139952.0
2021-12-15,974.0,987.5,969.0,982.5,95504.0
2021-12-16,990.5,1012.5,990.5,1005.0,69785.0
2021-12-17,1004.0,1022.0,997.0,1022.0,87532.0
2021-12-20,1006.5,1008.0,985.5,990.5,92257.0
2021-12-21,1002.5,1006.0,988.0,992.5,68819.0
2021-12-22,998.0,1003.5,993.5,1003.5,89809.0
2021-12-23,1003.5,1006.0,993.0,997.0,84526.0
2021-12-24,1000.0,1001.5,988.0,993.0,45754.0
2021-12-27,997.5,1000.0,988.5,992.0,108683.0
2021-12-28,997.5,1000.0,965.0,989.5,369269.0
2021-12-29,990.0,996.5,985.5,994.0,119845.0
2021-12-30,996.0,1002.0,991.0,995.5,70564.0
2022-01-03,1010.0,1028.0,1000.5,1026.0,68583.0
2022-01-04,1028.0,1047.0,1020.0,1047.0,61404.0
2022-01-05,1044.0,1048.0,1024.0,1024.0,40477.0
2022-01-06,1020.5,1023.0,995.0,1001.5,289422.0
2022-01-10,1006.0,1023.0,999.5,1003.0,156456.0
2022-01-11,1007.0,1025.0,1001.0,1018.0,67938.0
2022-01-12,1027.0,1083.0,1020.5,1070.0,188712.0
2022-01-13,1063.0,1064.5,1028.5,1035.0,123685.0
2022-01-14,1035.0,1045.5,1000.0,1015.0,211089.0
2022-01-17,1021.5,1043.5,999.0,1007.0,128097.0
2022-01-18,1011.0,1012.5,956.5,965.0,199335.0
2022-01-19,959.5,1013.0,949.0,997.0,158863.0
2022-01-20,1010.0,1025.0,1002.0,1016.5,130086.0
2022-01-21,1007.0,1017.0,997.0,1003.5,64971.0
2022-01-24,1003.0,1010.0,929.0,950.0,224790.0
2022-01-25,969.0,971.0,945.0,946.5,119740.0
2022-01-26,958.5,993.5,956.5,984.0,94011.0
2022-01-27,980.5,1024.0,975.0,1013.5,187626.0
2022-01-28,1024.5,1030.0,1009.5,1015.0,59080.0
2022-01-31,1021.0,1032.5,1016.0,1020.5,55522.0
2022-02-01,1016.0,1024.0,985.0,1000.5,77067.0
2022-02-02,1005.5,1018.0,1001.5,1013.5,70110.0
2022-02-03,1008.5,1011.5,987.0,992.5,58122.0
2022-02-04,1002.0,1018.5,998.0,1001.0,67894.0
2022-02-07,1007.5,1016.5,995.5,1012.5,66469.0
2022-02-08,1016.5,1042.0,1016.0,1039.0,242145.0
2022-02-09,1042.0,1071.5,1042.0,1071.5,157878.0
2022-02-10,1069.5,1090.0,1056.0,1075.0,213753.0
2022-02-11,1065.5,1084.0,1024.0,1032.0,299077.0
2022-02-14,1015.0,1023.0,992.0,1007.5,282892.0
2022-02-15,1017.0,1031.5,1010.5,1030.0,158660.0
2022-02-16,1045.0,1045.0,1021.0,1028.0,99013.0
2022-02-17,1016.5,1017.0,1000.0,1001.0,117590.0
2022-02-18,1010.0,1014.0,972.5,985.0,87803.0
2022-02-21,1000.0,1004.0,801.0,885.0,427323.0
2022-02-22,863.0,915.0,795.0,906.0,349660.0
2022-02-24,810.5,815.0,338.5,490.0,873235.0
2022-02-25,538.0,674.0,532.0,616.0,348350.0
2022-03-28,616.0,616.0,529.5,564.0,129999.0
2022-03-29,564.0,598.0,550.5,561.5,103681.0
2022-03-30,576.5,605.5,556.5,604.0,72722.0
2022-03-31,611.5,700.0,605.5,681.0,122978.0
2022-04-01,686.5,782.0,685.5,717.0,121410.0
2022-04-04,720.5,730.0,690.0,703.5,96603.0
2022-04-05,705.0,708.5,651.0,672.0,81056.0
2022-04-06,662.0,695.0,651.5,660.0,52790.0
2022-04-07,661.5,718.0,651.5,679.5,149668.0
2022-04-08,684.0,692.5,665.0,676.5,54824.0
2022-04-11,674.0,686.5,653.0,669.0,56272.0
2022-04-12,676.0,676.0,639.0,658.0,46097.0
2022-04-13,667.5,667.5,648.5,656.5,43641.0
2022-04-14,657.0,657.0,630.0,633.0,60871.0
2022-04-15,630.5,648.0,615.5,635.5,31355.0
2022-04-18,642.0,645.0,612.5,614.0,49620.0
2022-04-19,614.0,622.0,601.0,617.0,59601.0
2022-04-20,614.5,635.0,612.5,624.0,70984.0
2022-04-21,629.0,638.5,618.0,623.5,43520.0
2022-04-22,621.5,630.5,607.5,618.0,42791.0
2022-04-25,617.5,618.0,604.5,613.5,37156.0
2022-04-26,611.0,637.0,611.0,635.0,61798.0
2022-04-27,621.0,653.5,621.0,653.0,56793.0
2022-04-28,654.0,658.5,635.5,638.0,86605.0
2022-04-29,648.5,649.0,637.0,648.0,39475.0
2022-05-04,648.5,648.5,628.0,630.5,52722.0
2022-05-05,630.0,642.0,627.0,635.0,38180.0
2022-05-06,635.5,653.0,630.5,649.0,36558.0
2022-05-11,652.0,670.0,644.5,654.5,65854.0
2022-05-12,652.0,670.0,627.5,641.5,32030.0
2022-05-13,641.5,650.5,630.5,645.5,19452.0
2022-05-16,645.5,710.0,643.5,699.0,119121.0
2022-05-17,702.5,748.0,687.5,726.0,105796.0
2022-05-18,732.0,745.5,727.5,739.0,46304.0
2022-05-19,739.5,759.5,737.0,747.0,85811.0
2022-05-20,747.0,753.5,743.0,743.0,40840.0
2022-05-23,749.5,766.5,741.0,744.5,57026.0
2022-05-24,740.5,744.0,632.5,692.0,162056.0
2022-05-25,686.0,725.5,680.0,719.5,52220.0
2022-05-26,712.0,725.5,686.5,709.5,163612.0
2022-05-27,749.5,845.0,715.0,809.5,454593.0
2022-05-30,818.5,826.5,730.0,766.0,211578.0
2022-05-31,763.0,811.0,730.0,780.0,120217.0
2022-06-01,788.0,798.0,750.0,788.5,69031.0
2022-06-02,785.0,798.5,772.5,786.0,57074.0
2022-06-03,787.0,788.5,755.0,764.0,59400.0
2022-06-06,768.5,780.0,746.0,755.5,41593.0
2022-06-07,754.0,869.5,747.5,817.0,621333.0
2022-06-08,820.5,832.5,811.5,825.0,291275.0
2022-06-09,828.0,834.5,813.0,821.5,103562.0
2022-06-10,825.5,827.5,818.0,820.0,68743.0
2022-06-14,821.5,828.0,815.0,822.5,73352.0
2022-06-15,826.0,844.5,818.0,833.5,118648.0
2022-06-16,845.0,855.0,836.0,848.0,100042.0
2022-06-17,848.0,855.0,841.5,848.0,86481.0
2022-06-20,852.5,870.5,852.0,867.0,119547.0
2022-06-21,869.0,880.0,864.5,875.5,125794.0
2022-06-22,875.5,878.5,850.0,863.5,102981.0
2022-06-23,863.0,868.0,851.5,859.5,64687.0
2022-06-24,863.0,864.5,854.5,857.0,38020.0
2022-06-27,860.5,878.0,857.5,867.5,68975.0
2022-06-28,876.5,879.0,866.0,871.0,57861.0
2022-06-29,872.5,876.0,860.0,868.5,42570.0
2022-06-30,870.0,873.0,767.0,851.0,294703.0
2022-07-01,855.0,880.0,848.0,870.0,125569.0
2022-07-04,869.5,899.5,867.0,884.0,347165.0
2022-07-05,886.5,891.0,854.5,863.0,243892.0
2022-07-06,864.0,865.0,837.0,841.0,302069.0
2022-07-07,843.5,853.0,836.0,850.0,363466.0
2022-07-08,730.0,748.0,716.0,741.0,477372.0
2022-07-11,741.0,748.0,715.0,715.0,198659.0
2022-07-12,715.5,715.5,681.5,683.5,134754.0
2022-07-13,687.0,688.5,656.0,660.5,83921.0
2022-07-14,656.5,664.0,632.5,645.0,97419.0
2022-07-15,644.0,653.5,640.0,651.0,143208.0
2022-07-18,658.0,665.5,641.5,652.5,160135.0
2022-07-19,652.5,658.0,638.0,644.5,47632.0
2022-07-20,645.0,651.5,640.0,643.5,29973.0
2022-07-21,645.0,646.0,620.5,623.0,82454.0
2022-07-22,621.5,640.0,618.0,638.5,57205.0
2022-07-25,624.5,644.5,624.5,641.0,40676.0
2022-07-26,643.5,660.0,642.0,659.5,62011.0
2022-07-27,663.5,673.0,660.0,668.0,60998.0
2022-07-28,669.0,672.0,653.0,658.0,35398.0
2022-07-29,658.0,677.5,655.0,672.5,52406.0
2022-08-01,677.0,678.0,659.0,663.0,41995.0
2022-08-02,661.5,661.5,645.0,649.0,45642.0
2022-08-03,649.5,658.0,647.5,655.0,37688.0
2022-08-04,657.5,659.5,640.5,648.5,29803.0
2022-08-05,647.0,649.0,622.0,634.0,48538.0
2022-08-08,639.0,646.5,638.0,645.5,25036.0
2022-08-09,647.0,662.0,643.0,660.0,36931.0
2022-08-10,659.0,664.5,645.0,649.0,61294.0
2022-08-11,658.0,676.5,650.0,663.5,59588.0
2022-08-12,664.0,666.0,653.5,661.5,23232.0
2022-08-15,661.5,687.0,656.5,676.0,101125.0
2022-08-16,680.0,687.0,675.0,683.0,52366.0
2022-08-17,688.5,696.5,671.5,694.0,86965.0
2022-08-18,690.0,719.0,682.5,694.5,135604.0
2022-08-19,695.0,699.0,682.5,688.5,24406.0
2022-08-22,696.0,707.0,686.5,691.5,100461.0
2022-08-23,696.0,705.5,688.5,699.5,31450.0
2022-08-24,703.0,725.0,700.0,714.0,77378.0
2022-08-25,723.5,742.5,716.5,734.5,111756.0
2022-08-26,734.5,737.0,725.0,726.0,27499.0
2022-08-29,726.5,735.0,726.5,732.0,31287.0
2022-08-30,732.0,736.5,727.5,730.0,32779.0
2022-08-31,720.0,740.0,708.5,729.5,102247.0
2022-09-01,730.0,744.5,725.5,737.5,97916.0
2022-09-02,740.0,758.0,735.5,745.0,91379.0
2022-09-05,749.0,769.0,740.0,757.5,75489.0
2022-09-06,760.0,763.0,723.5,734.0,104439.0
2022-09-07,726.5,738.0,725.0,728.0,31345.0
2022-09-08,728.0,734.0,725.5,731.5,20098.0
2022-09-09,734.0,739.0,730.0,734.0,22090.0
2022-09-12,731.0,743.0,730.0,741.0,66039.0
2022-09-13,742.5,745.0,730.5,732.0,34226.0
2022-09-14,731.0,734.5,721.0,726.0,29865.0
2022-09-15,726.0,731.0,723.5,727.0,23326.0
2022-09-16,725.0,727.0,715.5,720.5,25716.0
2022-09-19,720.0,725.0,711.0,711.0,21945.0
2022-09-20,708.5,711.0,650.5,675.5,123136.0
2022-09-21,608.5,649.5,581.0,626.0,195037.0
2022-09-22,626.0,642.0,624.5,633.5,74785.0
2022-09-23,630.0,639.5,595.0,600.0,48884.0
2022-09-26,598.0,598.5,521.5,550.0,131886.0
2022-09-27,552.0,563.0,543.5,559.0,49307.0
2022-09-28,560.0,580.5,555.0,557.5,42649.0
2022-09-29,558.5,567.0,538.5,548.5,28112.0
2022-09-30,558.5,563.5,540.0,553.5,77696.0
2022-10-03,556.0,590.0,556.0,588.0,48820.0
2022-10-04,589.5,604.5,562.5,579.5,36273.0
2022-10-05,579.0,585.5,555.0,577.5,40425.0
2022-10-06,581.5,591.0,580.0,585.0,18923.0
2022-10-07,584.5,585.0,570.0,572.5,23939.0
2022-10-10,561.0,583.0,543.0,576.5,63281.0
2022-10-11,582.5,585.0,573.0,583.0,31991.0
2022-10-12,585.0,596.0,585.0,588.5,20667.0
2022-10-13,588.5,604.5,588.0,598.0,29616.0
2022-10-14,604.5,604.5,593.0,598.0,12092.0
2022-10-17,599.0,632.5,598.5,622.0,39935.0
2022-10-18,626.0,632.0,616.0,617.5,39853.0
2022-10-19,611.5,613.5,603.0,609.5,27853.0
2022-10-20,613.0,621.5,612.0,617.5,11776.0
2022-10-21,615.0,619.0,610.0,618.5,8132.0
2022-10-24,620.5,635.0,617.0,620.0,24725.0
2022-10-25,618.5,634.0,615.5,634.0,42823.0
2022-10-26,634.5,639.0,624.5,631.0,46269.0
2022-10-27,632.0,654.0,632.0,650.0,75270.0
2022-10-28,649.5,660.0,643.0,657.5,39094.0
2022-10-31,660.0,669.0,659.0,662.0,17848.0
2022-11-01,663.0,684.0,663.0,683.0,45247.0
2022-11-02,684.0,707.0,675.0,701.0,72106.0
2022-11-03,688.5,715.0,688.0,703.5,81815.0
2022-11-07,706.5,720.0,703.0,717.5,55621.0
2022-11-08,717.5,722.5,700.0,715.0,48159.0
2022-11-09,713.0,720.0,707.5,708.5,70291.0
2022-11-10,710.0,717.0,707.5,714.5,29871.0
2022-11-11,715.5,721.0,715.5,715.5,43811.0
2022-11-14,713.5,718.5,701.5,706.0,30417.0
2022-11-15,706.5,706.5,692.5,693.5,34060.0
2022-11-16,691.0,710.0,686.0,710.0,37879.0
2022-11-17,703.0,709.5,693.5,693.5,28392.0
2022-11-18,697.5,697.5,682.5,691.5,31016.0
2022-11-21,691.5,692.0,678.0,678.5,23672.0
2022-11-22,684.5,698.5,683.0,694.0,24763.0
2022-11-23,697.0,705.0,690.0,705.0,28190.0
2022-11-24,703.0,707.0,695.0,696.5,13933.0
2022-11-25,698.0,699.5,687.0,693.5,17780.0
2022-11-28,692.0,693.0,677.5,678.5,33246.0
2022-11-29,685.5,690.0,678.0,688.5,85196.0
2022-11-30,688.5,698.5,685.0,695.0,16520.0
2022-12-01,696.0,700.5,688.5,695.5,30680.0
2022-12-02,695.0,699.5,684.5,696.0,24754.0
2022-12-05,695.0,700.5,661.5,698.0,62302.0
2022-12-06,697.5,698.5,690.0,696.5,17333.0
2022-12-07,697.0,697.0,686.5,691.5,13320.0
2022-12-08,686.0,695.0,686.0,688.0,18316.0
2022-12-09,688.0,693.0,680.0,689.5,23087.0
2022-12-12,692.0,692.0,681.0,683.0,16072.0
2022-12-13,687.0,687.0,677.5,681.5,22917.0
2022-12-14,684.0,685.0,672.5,676.5,16500.0
2022-12-15,673.0,676.0,663.5,669.5,29267.0
2022-12-16,667.0,672.0,657.0,671.5,32256.0
2022-12-19,670.0,672.0,657.0,657.0,32950.0
2022-12-20,658.5,673.0,655.5,672.5,38483.0
2022-12-21,673.5,678.5,664.5,668.5,30321.0
2022-12-22,674.5,677.5,656.0,669.0,47221.0
2022-12-23,669.0,673.0,666.5,670.0,20828.0
2022-12-26,670.0,674.0,667.5,670.5,33923.0
2022-12-27,672.5,677.0,668.5,672.5,45785.0
2022-12-28,674.0,675.0,667.0,669.0,35745.0
2022-12-29,671.0,677.0,669.0,675.5,17786.0
2022-12-30,676.0,681.5,675.5,680.5,23414.0
2024-01-03,1735.0,1794.5,1731.5,1794.5,145256.0
2024-01-04,1797.0,1867.5,1785.0,1856.0,433342.0
2024-01-05,1862.0,1884.5,1825.0,1850.5,242059.0
2024-01-08,1853.5,1895.5,1851.0,1893.5,253252.0
2024-01-09,1895.0,1909.5,1878.5,1895.5,258245.0
2024-01-10,1899.0,1899.0,1862.0,1871.5,165678.0
2024-01-11,1870.0,1904.5,1853.0,1892.5,276073.0
2024-01-12,1901.5,1953.0,1894.5,1933.0,467788.0
2024-01-15,1946.0,1994.5,1945.0,1980.0,423211.0
2024-01-16,1982.0,1988.5,1945.5,1977.0,253707.0
2024-01-17,1978.0,2010.0,1960.5,1990.5,288298.0
2024-01-18,1994.5,2010.0,1970.5,1980.5,138862.0
2024-01-19,1977.0,1979.5,1946.0,1976.5,139198.0
2024-01-22,1983.0,1999.0,1977.0,1977.0,173528.0
2024-01-23,1982.0,2015.0,1972.5,2010.5,209987.0
2024-01-24,2013.0,2117.0,2011.5,2109.5,549271.0
2024-01-25,2115.0,2134.0,2063.0,2074.5,680341.0
2024-01-26,2077.0,2106.0,2076.0,2100.0,298624.0
2024-01-29,2109.0,2130.0,2101.5,2116.0,198506.0
2024-01-30,2120.0,2124.5,2092.0,2105.0,216032.0
2024-01-31,2106.0,2165.5,2100.0,2139.0,389321.0
2024-02-01,2148.0,2193.5,2141.0,2187.0,375898.0
2024-02-02,2191.0,2197.0,2163.5,2172.0,195391.0
2024-02-05,2176.0,2214.0,2175.0,2194.0,379360.0
2024-02-06,2195.0,2205.0,2141.0,2165.0,309001.0
2024-02-07,2173.5,2175.0,2095.0,2096.5,551013.0
2024-02-08,2088.0,2146.5,2050.5,2107.0,759901.0
2024-02-09,2110.0,2185.0,2100.0,2179.5,465629.0
2024-02-12,2185.0,2198.0,2151.0,2192.0,347106.0
2024-02-13,2194.5,2232.0,2188.5,2215.0,407434.0
2024-02-14,2220.0,2223.0,2168.5,2199.5,435134.0
2024-02-15,2187.0,2213.0,2154.0,2179.0,262691.0
2024-02-16,2183.5,2200.0,2174.5,2175.5,143706.0
2024-02-19,2180.0,2199.5,2051.0,2070.0,869634.0
2024-02-20,2059.0,2075.0,1992.5,2031.0,1152111.0
2024-02-21,2008.5,2061.0,1951.0,2009.5,605056.0
2024-02-22,2009.0,2065.0,1981.0,2022.5,240335.0
2024-02-26,2045.5,2073.0,2040.0,2051.5,164195.0
2024-02-27,2061.0,2069.5,2025.0,2039.5,109629.0
2024-02-28,2035.0,2061.5,2031.5,2040.0,87853.0
2024-02-29,2039.5,2084.0,2039.5,2060.0,213057.0
2024-03-01,2072.0,2073.5,2032.5,2063.0,103691.0
2024-03-04,2076.0,2146.5,2073.5,2142.0,357175.0
2024-03-05,2146.0,2194.0,2144.0,2177.0,295785.0
2024-03-06,2180.0,2187.0,2141.0,2151.0,249244.0
2024-03-07,2149.5,2163.0,2123.5,2138.0,163439.0
2024-03-11,2140.5,2170.0,2137.5,2154.5,170943.0
2024-03-12,2162.5,2162.5,2126.0,2138.0,141756.0
2024-03-13,2140.0,2169.5,2127.5,2142.0,226324.0
2024-03-14,2136.0,2136.5,2077.0,2083.0,269854.0
2024-03-15,2083.5,2126.5,2080.5,2105.0,198688.0
2024-03-18,2117.5,2118.5,2093.5,2107.0,81847.0
2024-03-19,2105.5,2148.0,2101.0,2134.5,319483.0
2024-03-20,2132.5,2154.0,2102.0,2133.5,311243.0
2024-03-21,2141.5,2143.5,2117.5,2134.5,125992.0
2024-03-22,2143.0,2143.5,2056.0,2116.5,296746.0
2024-03-25,2120.0,2139.5,2111.0,2128.0,155124.0
2024-03-26,2135.0,2135.0,2105.5,2123.5,225657.0
2024-03-27,2126.0,2127.0,2108.0,2116.0,115910.0
2024-03-28,2120.0,2198.0,2116.0,2197.0,451767.0
2024-03-29,2199.0,2272.5,2177.0,2249.5,555881.0
2024-04-01,2260.5,2280.0,2183.0,2243.5,350044.0
2024-04-02,2244.0,2265.0,2209.0,2237.0,208120.0
2024-04-03,2242.0,2258.5,2215.5,2253.0,156002.0
2024-04-04,2253.0,2259.5,2240.0,2249.0,91969.0
2024-04-05,2248.5,2291.0,2244.0,2288.0,341472.0
2024-04-08,2297.0,2350.0,2291.0,2330.0,351586.0
2024-04-09,2332.0,2367.0,2330.0,2353.0,299141.0
2024-04-10,2359.5,2363.0,2315.5,2335.0,222509.0
2024-04-11,2338.0,2348.0,2331.5,2345.0,83179.0
2024-04-12,2348.0,2354.0,2330.5,2344.0,165178.0
2024-04-15,2352.5,2379.5,2331.5,2339.0,166324.0
2024-04-16,2346.0,2356.0,2291.0,2338.5,337361.0
2024-04-17,2344.0,2347.0,2306.5,2319.0,99131.0
2024-04-18,2319.0,2342.0,2311.5,2324.0,75231.0
2024-04-19,2330.5,2345.0,2317.5,2328.0,89978.0
2024-04-22,2327.5,2335.5,2314.0,2321.5,96406.0
2024-04-23,2321.0,2328.0,2297.5,2319.5,70836.0
2024-04-24,2317.5,2323.0,2280.5,2289.0,115679.0
2024-04-25,2287.0,2298.0,2262.5,2278.5,71303.0
2024-04-26,2285.0,2315.5,2273.5,2302.0,78257.0
2024-04-27,2307.5,2308.0,2287.0,2299.0,31512.0
2024-04-29,2293.5,2299.0,2278.5,2291.0,48291.0
2024-04-30,2292.5,2296.5,2280.0,2285.0,55643.0
2024-05-02,2285.0,2356.5,2285.0,2343.5,231986.0
2024-05-03,2352.0,2362.0,2303.0,2327.0,100469.0
2024-05-06,2331.5,2343.0,2316.5,2319.0,122450.0
2024-05-07,2320.0,2385.0,2320.0,2371.0,374531.0
2024-05-08,2375.0,2398.0,2372.0,2386.0,207207.0
2024-05-10,2386.5,2397.0,2377.0,2392.0,95147.0
2024-05-13,2399.5,2400.0,2365.5,2394.5,258817.0
2024-05-14,2400.0,2400.0,2375.5,2390.5,117042.0
2024-05-15,2390.5,2392.0,2343.5,2375.5,140741.0
2024-05-16,2380.0,2390.0,2362.5,2389.5,86103.0
2024-05-17,2389.5,2426.0,2322.0,2350.0,690165.0
2024-05-20,2349.0,2350.0,2290.5,2330.0,290773.0
2024-05-21,2328.0,2348.0,2285.0,2321.0,315099.0
2024-05-22,2325.0,2337.0,2298.0,2302.5,154135.0
2024-05-23,2308.0,2319.5,2244.0,2286.0,190394.0
2024-05-24,2276.0,2315.0,2200.0,2256.5,276983.0
2024-05-27,2236.0,2252.0,2140.0,2186.0,774096.0
2024-05-28,2193.0,2215.0,2148.5,2176.0,362030.0
2024-05-29,2176.5,2200.0,2144.5,2175.0,188729.0
2024-05-30,2181.5,2209.0,2071.0,2079.0,520966.0
2024-05-31,2070.0,2079.0,1886.5,1934.0,1262691.0
2024-06-03,1926.5,2049.5,1891.0,2042.0,976263.0
2024-06-04,2039.5,2110.0,2000.5,2099.5,556296.0
2024-06-05,2106.0,2119.0,2001.0,2055.5,347191.0
2024-06-06,2056.0,2083.0,2041.0,2069.5,120164.0
2024-06-07,2074.5,2148.0,2063.5,2109.5,460202.0
2024-06-10,2129.5,2145.0,2052.5,2090.0,258690.0
2024-06-11,2094.0,2094.0,2013.5,2024.0,247565.0
2024-06-13,1899.5,2037.5,1888.0,2002.5,456640.0
2024-06-14,2013.0,2025.5,1983.5,2020.0,164106.0
2024-06-17,2034.0,2064.0,2017.5,2023.5,171372.0
2024-06-18,2024.0,2027.5,1933.0,1956.5,271560.0
2024-06-19,1962.5,1964.5,1827.0,1856.5,606281.0
2024-06-20,1861.5,1930.0,1811.5,1929.0,717921.0
2024-06-21,1931.0,1944.5,1880.5,1906.0,246240.0
2024-06-24,1913.0,1925.0,1880.0,1889.5,188182.0
2024-06-25,1889.5,1923.5,1866.0,1916.0,183513.0
2024-06-26,1925.5,1956.0,1913.5,1933.0,282217.0
2024-06-27,1938.0,1979.5,1920.0,1978.5,227873.0
2024-06-28,1982.0,2035.5,1975.5,2024.5,322950.0
2024-07-01,2030.0,2045.0,2010.5,2039.5,192641.0
2024-07-02,2036.0,2060.0,2031.5,2039.0,214506.0
2024-07-03,2040.0,2045.0,1973.0,1984.5,279534.0
2024-07-04,1987.5,2006.5,1932.0,1949.5,340071.0
2024-07-05,1949.5,1955.0,1910.0,1931.5,191993.0
2024-07-08,1934.5,1943.5,1912.5,1921.0,131460.0
2024-07-09,1921.5,1923.5,1820.5,1823.0,562373.0
2024-07-10,1825.0,1833.0,1749.0,1775.0,577894.0
2024-07-11,1772.5,1919.0,1721.0,1918.5,1125603.0
2024-07-12,1674.0,1707.5,1634.0,1643.0,1083316.0
2024-07-15,1644.0,1651.5,1575.5,1577.0,469485.0
2024-07-16,1575.5,1577.0,1503.0,1542.5,699630.0
2024-07-17,1546.5,1605.0,1521.0,1567.5,393178.0
2024-07-18,1568.0,1636.5,1563.5,1633.0,291668.0
2024-07-19,1635.5,1650.0,1611.5,1637.5,234320.0
2024-07-22,1646.5,1656.5,1628.5,1643.0,121457.0
2024-07-23,1648.5,1656.5,1631.5,1644.0,103560.0
2024-07-24,1647.5,1677.0,1635.5,1671.5,173107.0
2024-07-25,1670.0,1696.5,1652.5,1665.5,153699.0
2024-07-26,1666.5,1684.5,1609.5,1623.0,379433.0
2024-07-29,1618.5,1620.0,1558.0,1585.5,250080.0
2024-07-30,1576.5,1605.0,1544.5,1600.0,217296.0
2024-07-31,1602.0,1608.5,1585.0,1607.5,102014.0
2024-08-01,1609.5,1624.5,1593.5,1597.0,86484.0
2024-08-02,1597.0,1604.5,1587.0,1600.0,70992.0
2024-08-05,1579.0,1579.5,1511.0,1531.0,232874.0
2024-08-06,1549.0,1554.5,1512.0,1533.5,170447.0
2024-08-07,1538.0,1581.5,1510.5,1554.5,151679.0
2024-08-08,1555.0,1577.0,1525.0,1540.0,100589.0
2024-08-09,1541.0,1545.0,1528.0,1534.0,43053.0
2024-08-12,1536.5,1559.5,1520.0,1559.0,100908.0
2024-08-13,1562.0,1597.0,1561.0,1595.0,138824.0
2024-08-14,1595.0,1620.0,1590.5,1604.5,151611.0
2024-08-15,1604.5,1612.0,1570.5,1583.0,77497.0
2024-08-16,1585.0,1595.5,1558.0,1563.0,49355.0
2024-08-19,1562.0,1566.0,1527.0,1538.0,117309.0
2024-08-20,1538.0,1538.0,1494.0,1507.0,205721.0
2024-08-21,1505.5,1522.5,1486.5,1520.5,170509.0
2024-08-22,1520.0,1529.5,1479.0,1492.0,117637.0
2024-08-23,1491.0,1499.0,1434.0,1461.0,183018.0
2024-08-26,1503.0,1536.0,1489.0,1523.0,152579.0
2024-08-27,1526.5,1536.5,1475.5,1482.0,84280.0
2024-08-28,1480.5,1505.0,1462.0,1498.5,123196.0
2024-08-29,1498.5,1512.0,1371.0,1372.0,426870.0
2024-08-30,1370.0,1370.0,1284.0,1289.0,698250.0
2024-09-02,1275.0,1292.0,1183.0,1220.0,633179.0
2024-09-03,1230.0,1271.5,1177.5,1206.5,472606.0
2024-09-04,1205.0,1258.5,1193.0,1258.5,235360.0
2024-09-05,1266.0,1281.5,1217.0,1258.5,273674.0
2024-09-06,1257.0,1266.0,1220.0,1239.0,254909.0
2024-09-09,1242.0,1288.5,1239.0,1280.0,181315.0
2024-09-10,1290.5,1298.0,1225.5,1244.0,246219.0
2024-09-11,1240.0,1259.0,1203.0,1214.0,149280.0
2024-09-12,1206.0,1212.0,1171.0,1201.5,294790.0
2024-09-13,1202.5,1260.0,1187.0,1235.0,275478.0
2024-09-16,1248.5,1289.5,1235.5,1286.5,207142.0
2024-09-17,1289.5,1350.5,1272.0,1348.0,316564.0
2024-09-18,1346.0,1360.5,1330.5,1340.0,281447.0
2024-09-19,1344.0,1385.0,1340.0,1375.0,214958.0
2024-09-20,1379.0,1391.5,1362.0,1370.5,154331.0
2024-09-23,1384.0,1385.0,1365.0,1374.5,107726.0
2024-09-24,1377.5,1383.0,1345.5,1359.5,142726.0
2024-09-25,1365.5,1375.0,1338.0,1356.0,131652.0
2024-09-26,1345.0,1351.0,1327.0,1342.5,82801.0
2024-09-27,1342.0,1361.5,1297.5,1316.5,266107.0
2024-09-30,1320.0,1355.0,1308.5,1319.5,128361.0
2024-10-01,1316.0,1350.0,1305.0,1328.5,138848.0
2024-10-02,1334.5,1350.0,1301.5,1320.0,108437.0
2024-10-03,1320.0,1323.5,1289.0,1315.5,96960.0
2024-10-04,1316.0,1334.5,1312.5,1325.0,86416.0
2024-10-07,1329.0,1385.0,1310.0,1334.0,149180.0
2024-10-08,1332.0,1334.0,1304.0,1317.5,63272.0
2024-10-09,1317.5,1321.0,1298.0,1304.5,36701.0
2024-10-10,1302.5,1316.0,1297.0,1302.0,44227.0
2024-10-11,1297.5,1315.0,1293.0,1300.5,61889.0
2024-10-14,1301.0,1314.5,1282.5,1309.0,102355.0
2024-10-15,1305.5,1330.5,1299.0,1317.5,99905.0
2024-10-16,1319.5,1337.0,1301.0,1302.5,86754.0
2024-10-17,1307.0,1307.0,1266.0,1266.5,134863.0
2024-10-18,1266.0,1278.5,1262.0,1272.5,43142.0
2024-10-21,1276.5,1280.5,1252.0,1256.0,59341.0
2024-10-22,1256.0,1258.5,1240.0,1240.0,55936.0
2024-10-23,1239.0,1250.0,1232.0,1237.0,57221.0
2024-10-24,1237.0,1254.5,1223.0,1235.0,55817.0
2024-10-25,1240.5,1250.0,1203.5,1208.5,89051.0
2024-10-28,1187.0,1205.5,1160.0,1163.0,151284.0
2024-10-29,1170.0,1193.0,1158.0,1191.5,131307.0
2024-10-30,1192.5,1218.0,1188.0,1195.5,94131.0
2024-10-31,1194.0,1233.5,1166.5,1200.0,128738.0
2024-11-01,1200.5,1209.0,1181.0,1207.0,58827.0
2024-11-02,1210.5,1233.0,1203.5,1216.5,43563.0
2024-11-05,1222.0,1225.0,1191.5,1208.0,80374.0
2024-11-06,1222.5,1239.5,1206.5,1222.0,116403.0
2024-11-07,1224.5,1250.0,1212.0,1246.0,75945.0
2024-11-08,1249.5,1273.0,1238.0,1263.0,132777.0
2024-11-11,1271.5,1317.0,1270.0,1314.0,210665.0
2024-11-12,1308.5,1311.0,1275.5,1296.0,130247.0
2024-11-13,1299.0,1326.5,1290.0,1291.0,126020.0
2024-11-14,1285.0,1307.0,1272.0,1273.5,104854.0
2024-11-15,1269.5,1296.0,1261.5,1274.5,116637.0
2024-11-18,1245.5,1266.5,1227.0,1243.0,174616.0
2024-11-19,1246.0,1265.5,1220.0,1230.5,205325.0
2024-11-20,1233.5,1241.0,1207.0,1214.0,78633.0
2024-11-21,1214.0,1228.0,1204.5,1225.0,89403.0
2024-11-22,1225.0,1226.0,1201.0,1217.0,43963.0
2024-11-25,1214.5,1214.5,1170.0,1174.0,85362.0
2024-11-26,1174.0,1189.0,1108.0,1120.5,274266.0
2024-11-27,1120.0,1197.5,1089.5,1186.5,295145.0
2024-11-28,1196.5,1197.5,1145.5,1162.5,162447.0
2024-11-29,1155.0,1188.0,1152.0,1157.5,148522.0
2024-12-02,1153.5,1168.5,1119.5,1119.5,304027.0
2024-12-03,1119.0,1119.5,1074.0,1091.5,155851.0
2024-12-04,1093.0,1100.0,1055.5,1061.0,119644.0
2024-12-05,1058.5,1080.0,1053.0,1071.5,136301.0
2024-12-06,1076.0,1084.0,1053.0,1071.0,84733.0
2024-12-09,1075.5,1088.0,1066.0,1087.5,61298.0
2024-12-10,1088.5,1089.5,1062.0,1070.5,56022.0
2024-12-11,1069.0,1090.0,1064.5,1088.0,54164.0
2024-12-12,1086.5,1130.0,1080.0,1080.0,175942.0
2024-12-13,1077.0,1090.0,1071.5,1080.0,52945.0
2024-12-16,1080.0,1080.0,1034.0,1034.0,79310.0
2024-12-17,1034.0,1045.5,1017.0,1023.5,75413.0
2024-12-18,1030.5,1058.5,1020.0,1047.0,59947.0
2024-12-19,1049.5,1089.0,1042.0,1067.0,88591.0
2024-12-20,1067.0,1163.5,1047.0,1137.5,270272.0
2024-12-23,1152.0,1190.5,1132.0,1165.0,277594.0
2024-12-24,1168.5,1179.5,1136.0,1137.5,91504.0
2024-12-25,1135.5,1163.0,1116.0,1155.5,102864.0
2024-12-26,1158.0,1190.0,1155.5,1161.0,167498.0
2024-12-27,1164.0,1194.0,1160.0,1187.5,148173.0
2024-12-28,1188.0,1250.0,1186.0,1247.5,226637.0
2024-12-30,1251.5,1333.0,1245.0,1314.5,258707.0
2025-01-03,1321.0,1335.0,1270.5,1282.5,95758.0
2025-01-06,1282.0,1329.5,1260.0,1302.5,143257.0
2025-01-08,1315.5,1377.5,1313.5,1360.5,209464.0
2025-01-09,1359.5,1374.5,1305.0,1311.0,280564.0
2025-01-10,1319.5,1375.0,1312.0,1364.5,262424.0
2025-01-13,1375.5,1420.0,1352.0,1369.5,273626.0
2025-01-14,1370.0,1378.5,1328.0,1349.0,227848.0
2025-01-15,1355.0,1389.5,1332.0,1380.5,120774.0
2025-01-16,1386.5,1387.0,1356.0,1364.0,119638.0
2025-01-17,1360.0,1380.5,1350.5,1371.5,94061.0
2025-01-20,1379.5,1400.0,1341.0,1350.0,205566.0
2025-01-21,1350.5,1364.0,1331.5,1359.0,73430.0
2025-01-22,1365.0,1424.0,1347.0,1375.0,393835.0
2025-01-23,1377.0,1395.0,1359.0,1373.5,70109.0
2025-01-24,1375.5,1390.0,1359.0,1373.0,95466.0
2025-01-27,1374.0,1374.0,1319.5,1321.5,112403.0
2025-01-28,1326.5,1365.0,1318.0,1355.0,77718.0
2025-01-29,1355.0,1367.0,1332.5,1344.0,64662.0
2025-01-30,1349.0,1353.0,1331.0,1345.5,50575.0
2025-01-31,1349.0,1366.5,1335.0,1337.0,65756.0
2025-02-03,1335.5,1342.0,1314.0,1325.0,68160.0
2025-02-04,1325.0,1338.5,1311.5,1315.5,43542.0
2025-02-05,1315.0,1331.5,1286.5,1329.5,81751.0
2025-02-06,1329.5,1345.5,1326.5,1334.5,55391.0
2025-02-07,1341.5,1357.0,1321.0,1330.5,84231.0
2025-02-10,1334.5,1350.0,1328.0,1328.0,61154.0
2025-02-11,1337.0,1361.5,1329.0,1347.5,95383.0
2025-02-12,1353.0,1437.0,1342.0,1410.0,318017.0
2025-02-13,1419.5,1423.5,1352.0,1379.0,287431.0
2025-02-14,1400.0,1402.0,1315.0,1345.0,334240.0
2025-02-17,1380.5,1384.5,1349.0,1384.0,216702.0
2025-02-18,1374.0,1378.5,1347.0,1362.0,106943.0
2025-02-19,1365.0,1376.5,1344.5,1366.5,92759.0
2025-02-20,1367.0,1389.0,1365.0,1375.5,103185.0
2025-02-21,1380.0,1413.5,1369.0,1380.0,265826.0
2025-02-24,1393.0,1402.0,1337.0,1376.0,380106.0
2025-02-25,1385.0,1387.0,1352.0,1370.0,226332.0
2025-02-26,1371.0,1372.0,1315.5,1323.5,305952.0
2025-02-27,1326.0,1329.5,1263.5,1273.5,464036.0
2025-02-28,1282.0,1289.5,1246.0,1273.0,289350.0
2025-03-03,1262.0,1263.0,1213.0,1221.5,432012.0
2025-03-04,1230.0,1273.5,1223.5,1270.5,267305.0
2025-03-05,1259.5,1271.0,1235.0,1248.0,163633.0
2025-03-06,1249.0,1255.0,1227.0,1235.0,141555.0
2025-03-07,1240.0,1254.0,1221.0,1227.0,113074.0
2025-03-10,1235.0,1255.0,1222.0,1230.5,108736.0
2025-03-11,1230.0,1233.0,1213.0,1224.5,111725.0
2025-03-12,1220.0,1220.0,1201.5,1212.0,116391.0
2025-03-13,1206.0,1247.5,1200.0,1223.5,145453.0
2025-03-14,1223.5,1275.5,1216.5,1241.5,158053.0
2025-03-17,1257.5,1294.0,1257.5,1274.5,154418.0
2025-03-18,1292.0,1292.5,1266.5,1270.0,135002.0
2025-03-19,1271.5,1330.0,1261.0,1311.0,214114.0
2025-03-20,1320.0,1326.5,1294.0,1303.5,148655.0
2025-03-21,1304.0,1306.5,1254.5,1257.0,323608.0
2025-03-24,1261.0,1264.5,1245.0,1254.5,73968.0
2025-03-25,1253.0,1262.5,1223.0,1259.5,134949.0
2025-03-26,1259.5,1270.0,1238.0,1242.5,58537.0
2025-03-27,1241.5,1241.5,1212.5,1216.0,84931.0
2025-03-28,1219.5,1219.5,1183.0,1187.5,127214.0
2025-03-29,1187.5,1187.5,1170.0,1174.5,14899.0
2025-03-30,1174.5,1190.0,1166.0,1166.0,18051.0
2025-03-31,1165.5,1211.5,1163.0,1204.0,105088.0
2025-04-01,1207.0,1235.5,1180.0,1189.5,203632.0
2025-04-02,1189.5,1208.0,1180.0,1198.0,83118.0
2025-04-03,1201.5,1205.5,1162.0,1180.0,81759.0
2025-04-04,1195.0,1200.0,1125.0,1139.5,231341.0
2025-04-05,1139.5,1139.5,1117.5,1135.0,25067.0
2025-04-06,1135.5,1153.0,1131.0,1150.0,18808.0
2025-04-07,1144.0,1144.0,1038.5,1103.0,414145.0
2025-04-08,1109.0,1133.0,1044.0,1093.5,247956.0
2025-04-09,1083.5,1177.5,1058.0,1150.5,379934.0
2025-04-10,1157.5,1163.0,1116.5,1135.0,133768.0
2025-04-11,1137.0,1154.0,1130.5,1145.5,111651.0
2025-04-12,1148.5,1162.5,1143.0,1161.0,19805.0
2025-04-13,1158.0,1162.5,1152.5,1161.0,7903.0
2025-04-14,1157.5,1162.0,1132.0,1140.5,63288.0
2025-04-15,1140.0,1144.5,1131.0,1140.5,31018.0
2025-04-16,1141.0,1149.5,1132.0,1142.0,55550.0
2025-04-17,1141.5,1168.0,1141.5,1166.5,78107.0
2025-04-18,1145.0,1165.5,1144.0,1156.5,64238.0
2025-04-21,1164.5,1180.0,1158.0,1174.0,56160.0
2025-04-22,1178.0,1203.5,1172.0,1195.5,84932.0
2025-04-23,1196.0,1203.0,1175.0,1186.0,74979.0
2025-04-24,1189.0,1195.0,1185.0,1189.0,38302.0
2025-04-25,1189.0,1234.0,1186.5,1230.0,157578.0
2025-04-26,1231.0,1241.5,1221.0,1238.5,27926.0
2025-04-27,1232.5,1237.0,1230.0,1234.5,2947.0
2025-04-28,1235.5,1240.5,1211.0,1215.0,112323.0
2025-04-29,1221.0,1221.0,1169.0,1190.0,90849.0
2025-04-30,1194.5,1195.0,1148.0,1178.0,113994.0
2025-05-02,1178.0,1179.0,1152.0,1156.5,30806.0
2025-05-03,1155.0,1166.0,1152.0,1160.5,3781.0
2025-05-04,1155.5,1163.0,1155.5,1161.5,4558.0
2025-05-05,1161.5,1164.0,1104.0,1130.5,91392.0
2025-05-06,1130.5,1152.0,1122.5,1139.0,47806.0
2025-05-07,1147.0,1157.0,1132.0,1148.0,36156.0
2025-05-08,1153.0,1178.5,1152.5,1172.0,46246.0
2025-05-10,1172.5,1185.0,1172.5,1176.0,9488.0
2025-05-11,1185.0,1191.5,1177.0,1190.0,17278.0
2025-05-12,1191.0,1203.0,1168.5,1184.0,96502.0
2025-05-13,1184.0,1191.0,1162.0,1170.0,31528.0
2025-05-14,1170.0,1175.5,1132.0,1137.0,96020.0
2025-05-15,1137.0,1145.0,1128.5,1139.0,47804.0
2025-05-16,1143.0,1146.5,1120.0,1140.0,38875.0
2025-05-17,1144.5,1148.5,1135.0,1147.0,15315.0
2025-05-18,1149.0,1153.0,1144.5,1149.5,6462.0
2025-05-19,1148.5,1169.5,1140.5,1153.0,74812.0
2025-05-20,1154.5,1161.0,1132.0,1141.0,43386.0
2025-05-21,1142.5,1164.0,1133.0,1160.0,77687.0
2025-05-22,1163.0,1168.0,1140.0,1155.0,124613.0
2025-05-23,1156.0,1195.5,1150.5,1186.5,191200.0
2025-05-26,1187.0,1214.5,1173.5,1199.0,222825.0
2025-05-27,1195.0,1245.0,1123.0,1140.0,942123.0
2025-05-28,1141.0,1152.5,1127.5,1147.0,173903.0
2025-05-29,1148.5,1154.0,1130.5,1135.5,83519.0
2025-05-30,1135.5,1144.5,1126.0,1132.5,78562.0
2025-05-31,1132.5,1136.0,1127.0,1134.0,11721.0
2025-06-01,1134.0,1140.5,1114.5,1123.0,45422.0
2025-06-02,1126.5,1143.0,1119.5,1136.0,91333.0
2025-06-03,1137.0,1153.0,1137.0,1153.0,68733.0
2025-06-04,1153.0,1172.5,1152.5,1155.0,82326.0
2025-06-05,1158.0,1170.5,1155.0,1158.0,50877.0
2025-06-06,1162.5,1176.5,1145.5,1145.5,108340.0
2025-06-07,1153.0,1153.5,1147.5,1152.0,5060.0
2025-06-08,1152.5,1154.5,1147.0,1147.0,4613.0
2025-06-09,1151.0,1160.5,1130.5,1133.5,71529.0
2025-06-10,1137.5,1141.5,1122.5,1127.5,81950.0
2025-06-11,1129.5,1135.5,1122.5,1126.0,58421.0
2025-06-13,1138.5,1154.0,1133.0,1145.0,107342.0
2025-06-14,1154.0,1173.0,1150.0,1166.0,80703.0
2025-06-15,1179.0,1179.0,1156.5,1167.0,56582.0
2025-06-16,1163.5,1172.0,1130.5,1142.0,133486.0
2025-06-17,1146.0,1158.0,1133.0,1151.0,116669.0
2025-06-18,1154.5,1154.5,1141.5,1149.5,73838.0
2025-06-19,1149.5,1154.5,1135.5,1140.5,81275.0
2025-06-20,1142.5,1146.5,1135.5,1140.0,49949.0
2025-06-23,1155.5,1156.0,1138.0,1141.0,86749.0
2025-06-24,1141.5,1144.5,1132.0,1140.5,62339.0
2025-06-25,1141.0,1149.5,1140.0,1142.0,39404.0
2025-06-26,1145.0,1148.0,1138.5,1146.5,41452.0
2025-06-27,1147.5,1165.0,1145.0,1162.0,116955.0
2025-06-28,1162.0,1165.0,1160.0,1163.5,11926.0
2025-06-29,1163.0,1165.0,1158.5,1159.0,12324.0
2025-06-30,1163.5,1168.5,1159.5,1164.5,50125.0
2025-07-01,1166.5,1173.5,1164.5,1166.5,58165.0
2025-07-02,1167.0,1172.5,1151.5,1156.0,75303.0
2025-07-03,1158.0,1168.5,1149.0,1158.5,73209.0
2025-07-04,1158.5,1158.5,1142.0,1150.5,48837.0
2025-07-05,1151.0,1154.0,1147.5,1151.5,3190.0
2025-07-06,1151.5,1155.0,1150.0,1153.0,3676.0
2025-07-07,1153.0,1155.0,1122.5,1139.5,82940.0
2025-07-08,1139.0,1140.0,1118.0,1120.0,101574.0
2025-07-09,1120.0,1128.5,1115.0,1122.0,73514.0
2025-07-10,1121.0,1140.0,1117.5,1126.5,153868.0
2025-07-11,1125.0,1129.5,1096.0,1101.5,398470.0
2025-07-14,984.0,1005.0,970.0,1004.5,428610.0
2025-07-15,1001.5,1008.5,992.5,997.5,114761.0
2025-07-16,998.0,1007.5,996.0,1000.0,105061.0
2025-07-17,1005.5,1007.0,992.0,995.0,103250.0
2025-07-18,998.0,1002.0,995.0,1001.0,81398.0
2025-07-19,1002.0,1019.0,997.5,1013.0,45715.0
2025-07-20,1016.0,1020.0,1010.0,1014.5,15152.0
2025-07-21,1015.0,1024.0,1006.0,1012.0,87367.0
2025-07-22,1012.0,1019.5,1008.0,1009.5,83823.0
2025-07-23,1014.0,1019.0,1006.0,1010.5,47831.0
2025-07-24,1010.5,1018.0,1008.0,1013.5,55221.0
2025-07-25,1016.0,1030.0,1009.0,1017.5,165058.0
2025-07-26,1024.5,1024.5,1015.0,1021.5,6559.0
2025-07-27,1021.5,1028.0,1017.0,1021.5,7968.0
2025-07-28,1024.5,1027.0,1007.5,1013.0,166048.0
2025-07-29,1012.0,1020.0,1009.0,1014.5,48140.0
2025-07-30,1018.0,1018.0,999.5,1003.5,70788.0
2025-07-31,1003.0,1025.0,1002.0,1010.0,50543.0
2025-08-01,1010.5,1024.0,1010.0,1018.5,64494.0
2025-08-04,1018.5,1028.5,1014.0,1028.0,95325.0
2025-08-05,1028.0,1040.0,1026.0,1035.0,77602.0
2025-08-06,1035.5,1044.5,1021.5,1039.5,141517.0
2025-08-07,1039.0,1048.5,1033.0,1038.5,122447.0
2025-08-08,1031.0,1046.5,1030.0,1045.5,65706.0
2025-08-11,1051.0,1070.0,1050.0,1062.0,166022.0
2025-08-12,1061.0,1074.0,1058.0,1064.0,85967.0
2025-08-13,1061.5,1069.0,1057.0,1061.5,47801.0
2025-08-14,1057.5,1065.0,1052.0,1061.5,42924.0
2025-08-15,1064.5,1070.5,1060.0,1067.5,62053.0
2025-08-16,1057.0,1060.0,1051.5,1056.5,17763.0
2025-08-17,1058.0,1058.0,1049.5,1053.0,6566.0
2025-08-18,1057.0,1065.5,1047.5,1053.5,71676.0
2025-08-19,1055.5,1063.0,1052.0,1052.5,45646.0
2025-08-20,1056.5,1065.0,1048.0,1050.5,94713.0
2025-08-21,1053.0,1055.0,1038.0,1042.0,49524.0
2025-08-22,1042.0,1046.5,1035.5,1042.5,28129.0
2025-08-23,1043.0,1046.0,1039.5,1041.5,1938.0
2025-08-24,1045.0,1045.0,1038.0,1038.0,2769.0
2025-08-25,1038.0,1041.5,1022.0,1033.5,103903.0
2025-08-26,1032.5,1046.5,1031.0,1038.0,31778.0
2025-08-27,1038.5,1041.0,1033.0,1037.5,25178.0
2025-08-28,1038.5,1040.5,1005.0,1010.0,114036.0
2025-08-29,1010.5,1016.5,1005.5,1009.0,67860.0
2025-08-30,1013.5,1018.5,1011.0,1014.0,4333.0
2025-08-31,1015.0,1016.0,1013.0,1015.0,3466.0
2025-09-01,1015.5,1019.0,1009.5,1011.5,20456.0
2025-09-02,1014.0,1016.0,989.0,999.0,144308.0
2025-09-03,1000.5,1018.0,993.0,1015.0,70368.0
2025-09-04,1017.5,1027.5,1012.5,1018.5,72931.0
2025-09-05,1021.5,1032.5,1020.0,1028.5,49389.0
2025-09-06,1030.0,1032.0,1026.5,1028.0,1897.0
2025-09-07,1028.0,1037.0,1027.0,1036.5,6297.0
2025-09-08,1031.0,1035.5,1025.5,1034.5,59739.0
2025-09-09,1030.5,1045.5,1029.5,1040.5,69333.0
2025-09-10,1040.5,1049.0,1035.0,1036.5,69156.0
2025-09-11,1039.0,1039.0,1017.0,1031.0,78169.0
2025-09-12,1031.0,1038.0,1006.0,1011.5,63744.0
2025-09-13,1010.5,1014.5,1000.0,1004.0,21374.0
2025-09-14,1005.0,1015.0,1002.0,1014.5,6536.0
2025-09-15,1012.0,1016.5,997.0,1006.0,59786.0
2025-09-16,1006.0,1013.0,995.0,1000.0,87780.0
2025-09-17,1001.5,1006.0,989.5,994.0,86280.0
2025-09-18,994.0,995.5,981.5,984.5,56310.0
2025-09-19,985.5,987.5,972.0,974.0,61618.0
2025-09-22,974.0,976.0,953.0,962.0,102888.0
2025-09-23,963.0,975.0,955.5,960.0,85190.0
2025-09-24,959.0,974.5,951.5,964.5,101872.0
2025-09-25,965.5,970.0,951.0,954.0,60808.0
2025-09-26,956.0,960.0,945.0,951.5,67344.0
2025-09-27,954.5,954.5,947.0,951.0,4404.0
2025-09-28,951.5,954.0,948.0,950.0,1999.0
2025-09-29,950.0,954.5,937.5,938.0,73313.0
2025-09-30,939.0,945.0,934.0,942.0,38925.0
2025-10-01,940.0,946.0,927.0,928.5,44887.0
2025-10-02,928.0,930.5,921.5,921.5,40172.0
2025-10-03,924.5,933.0,912.0,918.5,109407.0
2025-10-04,918.0,921.5,907.5,913.0,18276.0
2025-10-05,914.5,914.5,903.0,912.0,9213.0
2025-10-06,913.5,937.5,910.5,937.0,64867.0
2025-10-07,937.5,939.0,929.0,935.0,29342.0
2025-10-08,936.0,937.0,901.5,910.0,65315.0
2025-10-09,910.5,920.0,885.5,915.5,75457.0
2025-10-10,918.0,920.0,902.5,907.0,42679.0
2025-10-11,904.5,908.0,899.5,902.5,8439.0
2025-10-12,905.0,907.5,900.0,903.5,6456.0
2025-10-13,902.0,921.5,888.5,908.0,110148.0
2025-10-14,906.5,917.5,888.5,894.5,108099.0
2025-10-15,894.5,904.5,887.0,903.5,66085.0
2025-10-16,900.0,951.5,895.0,944.5,138845.0
2025-10-17,945.0,959.5,936.0,944.5,90715.0
2025-10-18,945.0,961.5,945.0,960.0,31554.0
2025-10-19,961.0,963.0,953.5,957.0,5881.0
2025-10-20,954.5,960.0,946.5,956.5,30746.0
2025-10-21,956.5,956.5,911.0,921.5,80611.0
2025-10-22,924.5,934.5,880.0,893.0,135562.0
2025-10-23,877.5,924.0,873.5,905.0,117880.0
2025-10-24,911.5,913.5,889.0,897.0,60214.0
2025-10-27,891.0,898.0,864.0,873.0,114888.0
2025-10-28,870.0,890.0,867.0,887.0,58053.0
2025-10-29,887.5,891.0,883.0,889.0,35064.0
2025-10-30,891.0,902.0,885.0,899.0,68799.0
2025-10-31,900.0,907.0,883.0,889.0,44185.0
2025-11-01,892.0,895.0,887.0,890.5,17373.0
2025-11-03,891.5,904.0,878.5,891.0,63851.0
2025-11-05,890.5,895.0,881.5,888.0,55626.0
2025-11-06,885.5,904.0,882.5,900.5,70126.0
2025-11-07,895.5,906.0,893.0,903.5,37858.0
2025-11-08,901.0,905.5,900.0,903.5,4031.0
2025-11-09,902.5,905.5,899.5,905.5,3788.0
2025-11-10,905.5,915.0,897.0,899.0,42950.0
2025-11-11,902.5,905.0,891.5,901.5,39375.0
2025-11-12,902.5,903.5,883.0,889.5,55825.0
2025-11-13,889.5,890.0,880.5,885.5,30262.0
2025-11-14,889.5,889.5,880.5,888.5,62600.0
2025-11-15,888.0,890.0,886.0,889.5,1706.0
2025-11-16,888.0,889.5,885.0,889.5,3647.0
2025-11-17,887.5,887.5,878.0,880.5,38297.0
2025-11-18,880.5,893.0,878.0,886.0,41926.0
2025-11-19,885.5,908.0,882.0,897.0,100138.0
2025-11-20,893.0,910.0,891.5,910.0,86551.0
2025-11-21,910.0,923.0,898.5,919.0,161749.0
2025-11-24,917.0,933.5,908.5,922.5,113767.0
2025-11-25,923.0,936.5,915.0,933.5,76492.0
2025-11-26,935.0,935.5,925.0,926.0,46878.0
2025-11-27,926.5,930.0,906.0,911.5,44919.0
2025-11-28,911.5,927.0,907.5,925.0,44969.0
2025-11-29,925.0,926.5,924.5,925.5,2180.0
2025-11-30,925.5,930.5,920.5,927.0,7217.0
2025-12-01,931.0,934.5,921.5,925.0,33000.0
2025-12-02,925.0,927.0,915.5,918.0,27547.0
2025-12-03,916.0,923.5,894.0,910.5,62866.0
2025-12-04,910.5,926.5,909.0,909.0,34984.0
2025-12-05,913.0,922.0,894.0,906.0,182964.0
2025-12-08,904.0,907.5,891.5,896.0,147890.0
2025-12-09,893.5,898.0,882.0,891.0,98373.0
2025-12-10,892.5,894.5,885.0,894.5,72186.0
2025-12-11,894.5,915.5,894.0,911.5,168677.0
2025-12-12,913.0,917.5,888.0,891.0,113362.0
2025-12-13,892.5,896.5,890.0,896.0,5273.0
2025-12-14,896.0,896.0,891.5,894.0,2819.0
2025-12-15,896.0,902.0,892.0,894.5,66593.0
2025-12-16,894.5,901.5,891.0,901.0,58134.0
2025-12-17,902.0,905.5,896.5,905.0,61445.0
2025-12-18,905.0,907.0,898.0,902.0,52315.0
2025-12-19,903.0,906.0,895.0,897.5,64276.0
2025-12-20,897.5,902.0,897.5,900.5,9712.0
2025-12-21,902.5,904.0,895.5,897.0,8882.0
2025-12-22,900.0,900.0,871.0,883.0,80614.0
2025-12-23,884.5,891.5,875.0,889.5,58462.0
2025-12-24,890.0,892.0,877.5,880.0,74046.0
2025-12-25,880.0,881.5,877.0,880.5,50161.0
2025-12-26,882.0,896.0,879.0,891.0,106506.0
2025-12-27,891.0,892.5,889.0,891.5,10182.0
2025-12-28,889.0,892.5,886.5,891.5,9546.0
2025-12-29,892.0,905.0,872.5,880.5,233625.0
2025-12-30,882.5,885.5,876.5,879.0,59258.0
2026-01-05,872.5,884.5,870.5,879.0,70689.0
2026-01-06,882.0,882.5,878.0,879.0,25239.0
2026-01-08,878.0,878.0,871.0,875.0,32348.0
2026-01-09,873.0,878.5,870.5,874.5,28252.0
2026-01-12,875.5,884.5,875.0,880.5,42508.0
2026-01-13,882.5,898.5,880.0,895.0,77097.0
2026-01-14,894.0,899.5,879.5,885.5,100112.0
2026-01-15,889.0,900.0,886.0,896.0,46206.0
2026-01-16,896.0,901.0,889.5,890.5,52014.0
2026-01-17,895.5,897.0,893.0,895.5,4806.0
2026-01-18,897.5,899.0,893.5,895.0,4194.0
2026-01-19,897.5,905.0,894.0,901.0,51415.0
2026-01-20,901.0,919.5,899.0,917.0,90350.0
2026-01-21,914.5,921.5,911.5,918.0,54306.0
2026-01-22,920.0,926.5,904.0,913.0,124237.0
2026-01-23,910.5,919.5,906.0,910.5,54361.0
2026-01-24,913.0,916.5,908.0,911.5,8348.0
2026-01-25,911.5,920.5,910.0,918.0,16054.0
2026-01-26,917.5,928.5,912.0,915.5,142058.0
2026-01-27,919.0,930.0,911.5,923.5,62436.0
2026-01-28,922.5,935.0,922.5,929.0,54798.0
2026-01-29,933.5,954.0,928.5,944.5,185140.0
2026-01-30,944.5,949.0,922.5,936.5,98306.0
2026-01-31,937.0,938.5,933.5,935.5,3302.0
2026-02-01,936.0,939.5,934.5,938.5,5260.0
2026-02-02,938.5,940.0,926.5,935.0,35294.0
2026-02-03,935.5,939.0,931.5,936.0,28111.0
2026-02-04,938.5,945.5,930.0,940.0,67501.0
2026-02-05,937.5,940.5,915.0,916.5,89862.0
2026-02-06,922.0,925.0,915.0,920.0,37420.0
2026-02-07,918.0,922.5,917.5,921.0,4098.0
2026-02-08,923.0,923.5,919.0,919.0,7548.0
2026-02-09,919.0,921.0,905.0,907.0,76258.0
2026-02-10,905.5,914.0,900.0,902.0,43548.0
2026-02-11,906.0,912.0,901.0,912.0,31080.0
2026-02-12,913.0,924.0,910.5,913.5,53698.0
2026-02-13,916.5,925.0,914.0,922.5,44133.0
2026-02-16,922.5,934.0,919.5,922.0,84665.0
2026-02-17,920.5,925.0,910.0,912.0,41734.0
2026-02-18,911.0,921.0,909.0,920.0,37741.0
2026-02-19,919.5,923.5,913.5,918.5,39264.0
2026-02-20,917.5,923.0,914.5,917.0,22538.0
2026-02-21,918.0,920.5,916.5,919.0,2701.0
2026-02-22,919.0,921.5,915.0,919.5,7720.0
2026-02-23,919.5,921.5,917.0,921.5,4588.0
2026-02-24,919.5,924.0,911.0,915.0,44398.0
2026-02-25,915.0,917.0,907.0,912.5,29798.0
2026-02-26,912.5,916.5,892.5,900.0,112820.0
2026-02-27,902.5,903.0,894.0,898.0,46227.0
2026-02-28,901.0,926.0,900.0,926.0,154281.0
2026-03-01,926.0,926.0,924.0,926.0,26424.0
2026-03-02,932.5,970.0,926.5,963.0,531300.0
2026-03-03,965.5,1028.5,958.0,968.5,696686.0
2026-03-04,972.5,983.5,954.5,957.0,174443.0
2026-03-05,964.5,985.5,956.0,970.5,165250.0
2026-03-06,978.5,1005.5,966.5,994.0,247908.0
2026-03-09,1027.0,1072.0,984.0,986.0,534068.0
2026-03-10,993.5,1002.0,972.0,992.5,232861.0
2026-03-11,990.0,992.0,980.0,985.0,85848.0
2026-03-12,999.0,1010.0,992.0,998.0,158829.0
2026-03-13,1003.0,1011.5,985.0,1000.5,112765.0
2026-03-14,1000.0,1008.0,998.0,1004.5,10633.0
2026-03-15,1005.0,1007.0,998.0,1004.5,14194.0
2026-03-16,1007.0,1009.0,985.5,990.0,70470.0
2026-03-17,989.0,997.5,985.5,991.0,46996.0
2026-03-18,989.0,1010.0,976.5,1006.5,170390.0
2026-03-19,1015.0,1026.0,1005.0,1011.5,228075.0
2026-03-20,1011.0,1023.5,1009.0,1018.0,102076.0
2026-03-23,1024.0,1029.0,982.0,996.5,250138.0
2026-03-24,997.0,1006.0,991.5,1000.0,83014.0
2026-03-25,995.0,1002.5,991.0,1000.0,51954.0
2026-03-26,997.0,1015.0,993.0,1000.0,107016.0
2026-03-27,1000.0,1006.0,968.5,977.5,141151.0
2026-03-28,983.0,985.0,973.5,979.0,5947.0
2026-03-29,987.5,989.0,979.5,988.0,11774.0
2026-03-30,989.0,991.0,960.5,974.0,117084.0
2026-03-31,978.0,979.0,953.5,979.0,94670.0
2026-04-01,968.5,984.5,965.5,971.0,58929.0
2026-04-02,963.5,997.5,956.5,987.0,276374.0
2026-04-03,985.5,1008.0,985.5,1002.5,136789.0
2026-04-04,998.0,1021.5,998.0,1019.0,28191.0
2026-04-05,1019.0,1020.5,1002.0,1016.5,34398.0
2026-04-06,1011.5,1030.0,995.5,1028.5,164360.0
2026-04-07,1025.0,1050.0,1024.5,1037.5,189508.0
2026-04-08,992.0,1023.5,983.5,1022.5,297923.0
2026-04-09,1024.0,1024.5,997.0,1006.0,126615.0
2026-04-10,1008.0,1010.5,969.0,992.0,89654.0
2026-04-11,992.0,1000.0,991.0,997.0,13554.0
2026-04-12,1004.5,1021.5,1004.0,1021.5,25155.0
2026-04-13,1034.0,1037.5,993.0,1000.0,141990.0
2026-04-14,999.0,1012.5,994.5,1001.0,42738.0
2026-04-15,1004.0,1010.5,998.5,1006.0,41553.0
2026-04-16,1007.5,1020.0,1000.5,1015.0,46103.0
2026-04-17,1017.0,1021.0,988.5,1001.0,136396.0
2026-04-18,1001.0,1016.5,1001.0,1015.5,15356.0
2026-04-19,1018.0,1020.0,1015.0,1017.5,9014.0
2026-04-20,1017.5,1026.5,1006.5,1019.0,85437.0
2026-04-21,1019.0,1025.5,1010.0,1023.0,64565.0
2026-04-22,1021.5,1025.0,1016.0,1020.5,44517.0
2026-04-23,1024.5,1040.0,1016.5,1040.0,122807.0
2026-04-24,1035.5,1048.5,1022.5,1031.0,97734.0
