Date,Open,High,Low,Close,Volume
2016-07-01,400.0,400.0,395.0,396.0,3.0
2016-07-04,403.0,416.0,403.0,407.0,11.0
2016-07-05,401.0,401.0,400.0,400.0,5.0
2016-07-06,400.0,400.0,390.0,395.0,185.0
2016-07-07,397.0,397.0,397.0,397.0,1.0
2016-07-08,399.0,399.0,399.0,399.0,1.0
2016-07-11,398.0,415.0,396.0,398.0,599.0
2016-07-12,400.0,408.0,394.0,394.0,33.0
2016-07-13,403.0,403.0,394.0,402.0,4.0
2016-07-14,397.0,397.0,396.0,396.0,3.0
2016-07-15,398.0,398.0,398.0,398.0,1.0
2016-07-18,394.0,395.0,390.0,395.0,137.0
2016-07-19,392.0,395.0,392.0,392.0,28.0
2016-07-20,395.0,395.0,392.0,395.0,44.0
2016-07-21,394.0,394.0,387.0,392.0,69.0
2016-07-22,390.0,393.0,389.0,390.0,175.0
2016-07-25,393.0,393.0,393.0,393.0,1.0
2016-07-26,393.0,393.0,393.0,393.0,10.0
2016-07-27,393.0,393.0,388.0,388.0,198.0
2016-07-28,389.0,389.0,387.0,388.0,315.0
2016-07-29,388.0,388.0,388.0,388.0,35.0
2016-08-01,388.0,388.0,387.0,388.0,575.0
2016-08-02,387.0,449.0,385.0,441.0,2099.0
2016-08-03,435.0,456.0,425.0,436.0,3579.0
2016-08-04,442.0,480.0,441.0,442.0,3412.0
2016-08-05,450.0,540.0,450.0,488.0,5193.0
2016-08-08,499.0,524.0,471.0,524.0,9670.0
2016-08-09,514.0,538.0,500.0,530.0,6697.0
2016-08-10,536.0,600.0,530.0,562.0,2077.0
2016-08-11,568.0,583.0,532.0,569.0,343.0
2016-08-12,584.0,600.0,570.0,596.0,1442.0
2016-08-15,596.0,744.0,547.0,604.0,2940.0
2016-08-16,607.0,645.0,603.0,630.0,771.0
2016-08-17,624.0,670.0,556.0,571.0,1624.0
2016-08-18,584.0,650.0,583.0,586.0,8307.0
2016-08-19,599.0,648.0,562.0,604.0,38.0
2016-08-22,608.0,640.0,600.0,605.0,205.0
2016-08-23,605.0,624.0,600.0,600.0,298.0
2016-08-24,597.0,618.0,597.0,610.0,1229.0
2016-08-25,607.0,607.0,563.0,579.0,50.0
2016-08-26,571.0,597.0,564.0,579.0,197.0
2016-08-29,570.0,578.0,550.0,570.0,224.0
2016-08-30,564.0,565.0,532.0,548.0,19.0
2016-08-31,565.0,574.0,565.0,571.0,23.0
2016-09-01,573.0,583.0,565.0,580.0,1797.0
2016-09-02,584.0,590.0,580.0,588.0,2071.0
2016-09-05,595.0,596.0,542.0,590.0,34.0
2016-09-06,590.0,606.0,590.0,606.0,1320.0
2016-09-07,608.0,608.0,600.0,600.0,42.0
2016-09-08,598.0,604.0,598.0,600.0,3527.0
2016-09-09,600.0,604.0,600.0,600.0,437.0
2016-09-12,600.0,600.0,600.0,600.0,24.0
2016-09-13,600.0,600.0,600.0,600.0,135.0
2016-09-14,601.0,602.0,600.0,600.0,2616.0
2016-09-15,617.0,634.0,557.0,600.0,2643.0
2016-09-16,596.0,600.0,583.0,599.0,230.0
2016-09-19,600.0,618.0,600.0,614.0,3045.0
2016-09-20,617.0,622.0,605.0,621.0,179.0
2016-09-21,628.0,628.0,620.0,621.0,590.0
2016-09-22,618.0,650.0,603.0,650.0,1271.0
2016-09-23,651.0,658.0,644.0,658.0,28.0
2016-09-26,648.0,661.0,647.0,661.0,356.0
2016-09-27,660.0,668.0,600.0,663.0,4323.0
2016-09-28,660.0,688.0,660.0,665.0,1106.0
2016-09-29,670.0,670.0,662.0,662.0,79.0
2016-09-30,673.0,673.0,664.0,664.0,7.0
2016-10-03,674.0,747.0,664.0,730.0,4230.0
2016-10-04,742.0,754.0,671.0,693.0,190.0
2016-10-05,706.0,718.0,687.0,718.0,103.0
2016-10-06,732.0,733.0,693.0,709.0,28.0
2016-10-07,726.0,744.0,708.0,710.0,1174.0
2016-10-10,705.0,705.0,705.0,705.0,2.0
2016-10-11,723.0,723.0,723.0,723.0,1.0
2016-10-12,700.0,700.0,697.0,697.0,2.0
2016-10-13,709.0,718.0,699.0,718.0,3.0
2016-10-19,720.0,720.0,697.0,697.0,1661.0
2016-10-20,686.0,687.0,682.0,682.0,4.0
2016-10-21,694.0,694.0,682.0,682.0,8.0
2016-10-24,685.0,685.0,685.0,685.0,2.0
2016-10-25,681.0,685.0,674.0,685.0,17.0
2016-10-27,680.0,680.0,656.0,667.0,9.0
2016-10-28,676.0,677.0,676.0,677.0,6.0
2017-08-01,640.0,842.0,630.0,679.0,276.0
2017-08-02,670.0,670.0,618.0,652.0,73.0
2017-08-03,680.0,680.0,628.0,650.0,51.0
2017-08-04,648.0,648.0,646.0,646.0,2.0
2017-08-07,620.0,633.0,615.0,633.0,5.0
2017-08-08,614.0,628.0,606.0,628.0,116.0
2017-08-09,616.0,621.0,600.0,617.0,5523.0
2017-08-10,617.0,617.0,600.0,600.0,174.0
2017-08-11,621.0,635.0,621.0,625.0,1007.0
2017-08-14,631.0,631.0,611.0,615.0,14.0
2017-08-15,637.0,637.0,637.0,637.0,1.0
2017-08-16,610.0,630.0,600.0,614.0,20081.0
2017-08-17,602.0,618.0,600.0,612.0,11101.0
2017-08-18,606.0,606.0,604.0,604.0,26.0
2017-08-21,603.0,603.0,600.0,602.0,5002.0
2017-08-22,601.0,608.0,600.0,608.0,32.0
2017-08-23,608.0,608.0,601.0,608.0,16.0
2017-08-24,601.0,603.0,600.0,600.0,5026.0
2017-08-25,601.0,608.0,600.0,605.0,5034.0
2017-08-28,602.0,609.0,602.0,602.0,6.0
2017-08-29,609.0,644.0,602.0,602.0,28.0
2017-08-30,602.0,611.0,600.0,610.0,18060.0
2017-08-31,603.0,618.0,602.0,610.0,59.0
2017-09-01,604.0,619.0,602.0,602.0,48.0
2017-09-04,609.0,614.0,603.0,610.0,49.0
2017-09-05,613.0,616.0,605.0,605.0,97.0
2017-09-06,603.0,618.0,602.0,618.0,20.0
2017-09-08,604.0,604.0,602.0,603.0,83.0
2017-09-11,603.0,603.0,603.0,603.0,53.0
2017-09-12,614.0,614.0,602.0,602.0,11.0
2017-09-13,611.0,611.0,605.0,605.0,2.0
2017-09-14,603.0,603.0,603.0,603.0,1000.0
2017-09-15,603.0,649.0,603.0,648.0,282.0
2017-09-18,610.0,647.0,603.0,629.0,5085.0
2017-09-19,618.0,625.0,616.0,625.0,9.0
2017-09-20,616.0,624.0,606.0,606.0,11.0
2017-09-21,612.0,638.0,606.0,620.0,113.0
2017-09-22,620.0,630.0,600.0,607.0,21186.0
2017-09-25,605.0,628.0,605.0,624.0,101.0
2017-09-26,626.0,629.0,600.0,620.0,11727.0
2017-09-27,628.0,628.0,615.0,618.0,53.0
2017-09-28,615.0,639.0,605.0,605.0,27718.0
2017-09-29,611.0,619.0,610.0,615.0,20.0
2017-10-02,622.0,625.0,606.0,618.0,277.0
2017-10-03,610.0,617.0,610.0,611.0,1039.0
2017-10-04,613.0,619.0,613.0,619.0,2.0
2017-10-05,618.0,619.0,618.0,619.0,27.0
2017-10-06,623.0,626.0,623.0,626.0,594.0
2017-10-09,620.0,635.0,620.0,628.0,683.0
2017-10-10,632.0,632.0,629.0,629.0,3.0
2017-10-11,634.0,662.0,634.0,650.0,740.0
2017-10-12,644.0,646.0,605.0,620.0,10132.0
2017-10-13,629.0,630.0,629.0,630.0,29.0
2017-10-16,632.0,632.0,632.0,632.0,2.0
2017-10-17,640.0,640.0,625.0,625.0,1013.0
2017-10-18,631.0,649.0,630.0,649.0,22.0
2017-10-19,640.0,640.0,635.0,635.0,52.0
2017-10-20,643.0,649.0,641.0,641.0,8.0
2017-10-23,641.0,643.0,640.0,643.0,77.0
2017-10-24,643.0,643.0,636.0,636.0,21.0
2017-10-25,651.0,651.0,639.0,639.0,5.0
2017-10-26,637.0,640.0,630.0,639.0,72.0
2017-10-27,682.0,682.0,630.0,637.0,64.0
2017-10-30,629.0,635.0,625.0,631.0,182.0
2017-10-31,639.0,639.0,639.0,639.0,5.0
2017-11-01,626.0,626.0,625.0,625.0,6.0
2017-11-02,625.0,625.0,625.0,625.0,1.0
2017-11-07,625.0,625.0,625.0,625.0,152.0
2017-11-08,625.0,650.0,625.0,650.0,140.0
2017-11-09,645.0,645.0,628.0,628.0,2.0
2017-11-10,648.0,648.0,625.0,640.0,270.0
2017-11-13,636.0,638.0,636.0,638.0,10.0
2017-11-14,645.0,650.0,645.0,650.0,561.0
2017-11-15,650.0,650.0,640.0,640.0,59.0
2017-11-16,640.0,640.0,630.0,630.0,73.0
2017-11-17,649.0,650.0,640.0,640.0,44.0
2017-11-20,648.0,658.0,648.0,658.0,148.0
2017-11-21,650.0,650.0,650.0,650.0,1.0
2017-11-22,650.0,650.0,650.0,650.0,65.0
2017-11-23,650.0,656.0,650.0,656.0,41.0
2017-11-24,650.0,650.0,631.0,641.0,631.0
2017-11-27,648.0,648.0,648.0,648.0,1.0
2017-11-28,649.0,649.0,640.0,648.0,67.0
2017-11-30,640.0,641.0,630.0,630.0,1254.0
2017-12-01,636.0,636.0,633.0,635.0,96.0
2017-12-04,630.0,636.0,630.0,636.0,3480.0
2017-12-13,641.0,641.0,638.0,638.0,7.0
2017-12-14,640.0,641.0,640.0,641.0,35.0
2017-12-15,640.0,640.0,630.0,630.0,639.0
2017-12-18,630.0,640.0,630.0,630.0,1161.0
2017-12-19,630.0,631.0,629.0,630.0,6258.0
2017-12-20,631.0,631.0,630.0,630.0,1600.0
2017-12-21,630.0,631.0,630.0,631.0,1072.0
2017-12-22,630.0,630.0,630.0,630.0,50.0
2017-12-25,641.0,642.0,640.0,642.0,3.0
2017-12-27,653.0,653.0,653.0,653.0,1.0
2017-12-28,644.0,644.0,640.0,642.0,6.0
2017-12-29,645.0,645.0,645.0,645.0,1.0
2018-01-03,651.0,676.0,640.0,651.0,89.0
2018-01-04,650.0,650.0,649.0,649.0,3.0
2018-01-09,639.0,639.0,601.0,635.0,19.0
2018-01-10,635.0,636.0,620.0,636.0,749.0
2018-01-11,630.0,636.0,620.0,632.0,1837.0
2018-01-12,625.0,630.0,600.0,620.0,12562.0
2018-01-15,625.0,625.0,620.0,620.0,831.0
2018-01-16,620.0,630.0,620.0,630.0,772.0
2018-01-17,631.0,638.0,631.0,632.0,9.0
2018-01-18,622.0,645.0,622.0,630.0,21.0
2018-01-22,630.0,630.0,630.0,630.0,9.0
2018-01-23,630.0,630.0,630.0,630.0,50.0
2018-01-24,630.0,630.0,630.0,630.0,68.0
2018-01-25,630.0,645.0,630.0,637.0,449.0
2018-01-26,637.0,637.0,630.0,630.0,83.0
2018-01-29,630.0,639.0,630.0,638.0,52.0
2018-01-30,632.0,632.0,630.0,631.0,70.0
2018-01-31,630.0,636.0,617.0,635.0,820.0
2018-02-01,638.0,638.0,633.0,635.0,82.0
2018-02-02,636.0,636.0,635.0,635.0,357.0
2018-02-06,631.0,638.0,631.0,631.0,136.0
2018-02-08,636.0,637.0,632.0,632.0,3.0
2018-02-13,635.0,635.0,635.0,635.0,1.0
2018-02-14,638.0,638.0,638.0,638.0,2.0
2018-02-19,635.0,635.0,630.0,630.0,12602.0
2018-02-20,638.0,649.0,638.0,645.0,101.0
2018-02-21,642.0,643.0,642.0,643.0,24.0
2018-02-26,641.0,648.0,640.0,648.0,151.0
2018-02-27,650.0,650.0,635.0,635.0,130.0
2018-02-28,636.0,638.0,620.0,620.0,106.0
2018-03-01,633.0,638.0,618.0,625.0,438.0
2018-03-02,628.0,632.0,618.0,630.0,2593.0
2018-03-05,630.0,630.0,630.0,630.0,1044.0
2018-03-06,620.0,633.0,620.0,630.0,483.0
2018-03-07,630.0,635.0,629.0,630.0,1603.0
2018-03-09,638.0,643.0,630.0,643.0,1435.0
2018-03-12,648.0,650.0,639.0,640.0,117.0
2018-03-13,641.0,641.0,631.0,639.0,26.0
2018-03-14,631.0,631.0,630.0,630.0,32005.0
2018-03-15,638.0,638.0,630.0,630.0,2008.0
2018-03-16,629.0,638.0,622.0,633.0,29702.0
2018-03-19,631.0,638.0,631.0,635.0,159.0
2018-03-20,631.0,632.0,630.0,632.0,30016.0
2018-03-21,632.0,632.0,630.0,631.0,19.0
2018-03-22,630.0,630.0,630.0,630.0,27.0
2018-03-23,630.0,630.0,630.0,630.0,4594.0
2018-03-26,628.0,630.0,628.0,630.0,125.0
2018-03-28,628.0,628.0,628.0,628.0,552.0
2018-03-29,628.0,630.0,626.0,626.0,3017.0
2018-04-02,630.0,630.0,626.0,626.0,93.0
2018-04-03,630.0,630.0,630.0,630.0,1811.0
2018-04-04,630.0,630.0,630.0,630.0,1000.0
2018-04-06,630.0,635.0,630.0,630.0,2011.0
2018-04-09,621.0,621.0,609.0,609.0,4.0
2018-04-10,600.0,634.0,600.0,620.0,262.0
2018-04-11,625.0,625.0,625.0,625.0,50.0
2018-04-12,625.0,626.0,583.0,626.0,67.0
2018-04-13,611.0,615.0,611.0,615.0,2.0
2018-04-16,613.0,618.0,600.0,615.0,137.0
2018-04-17,615.0,625.0,615.0,615.0,54.0
2018-04-18,614.0,615.0,610.0,615.0,186.0
2018-04-19,630.0,630.0,630.0,630.0,39.0
2018-04-24,621.0,630.0,620.0,630.0,3.0
2018-04-25,630.0,640.0,620.0,630.0,3008.0
2018-04-27,630.0,650.0,630.0,630.0,2101.0
2018-04-28,630.0,650.0,630.0,650.0,406.0
2018-05-02,611.0,611.0,611.0,611.0,79.0
2018-05-03,672.0,679.0,620.0,660.0,2703.0
2018-05-04,685.0,685.0,650.0,675.0,580.0
2018-05-07,675.0,685.0,661.0,685.0,347.0
2018-05-08,685.0,695.0,685.0,695.0,487.0
2018-05-10,690.0,700.0,690.0,700.0,311.0
2018-05-11,700.0,700.0,696.0,700.0,68.0
2018-05-14,702.0,706.0,670.0,705.0,287.0
2018-05-15,705.0,705.0,698.0,705.0,196.0
2018-05-16,705.0,705.0,705.0,705.0,170.0
2018-05-17,710.0,710.0,700.0,705.0,551.0
2018-05-18,706.0,712.0,700.0,710.0,408.0
2018-05-21,711.0,711.0,710.0,710.0,200.0
2018-05-22,713.0,715.0,700.0,700.0,501.0
2018-05-23,709.0,710.0,709.0,710.0,500.0
2018-05-24,700.0,710.0,700.0,710.0,452.0
2018-05-28,710.0,715.0,700.0,700.0,261.0
2018-05-29,709.0,710.0,709.0,710.0,400.0
2018-05-30,715.0,715.0,715.0,715.0,2.0
2018-05-31,715.0,715.0,715.0,715.0,6.0
2018-06-01,705.0,705.0,705.0,705.0,80.0
2018-06-04,705.0,705.0,700.0,700.0,426.0
2018-06-05,702.0,702.0,700.0,700.0,95.0
2018-06-06,701.0,701.0,695.0,700.0,317.0
2018-06-07,700.0,700.0,700.0,700.0,317.0
2018-06-08,700.0,700.0,700.0,700.0,200.0
2018-06-09,705.0,705.0,705.0,705.0,200.0
2018-06-13,700.0,700.0,698.0,700.0,200.0
2018-06-14,695.0,700.0,695.0,700.0,1000.0
2018-06-18,700.0,700.0,700.0,700.0,505.0
2018-06-19,690.0,690.0,690.0,690.0,1.0
2018-06-21,599.0,700.0,599.0,685.0,1012.0
2018-06-25,699.0,700.0,699.0,700.0,50.0
2018-06-26,667.0,699.0,648.0,698.0,63.0
2018-06-27,681.0,699.0,681.0,698.0,506.0
2018-06-28,697.0,700.0,695.0,695.0,702.0
2018-06-29,644.0,697.0,642.0,680.0,80.0
2018-07-02,688.0,690.0,688.0,690.0,443.0
2018-07-03,690.0,692.0,690.0,690.0,423.0
2018-07-04,690.0,690.0,690.0,690.0,700.0
2018-07-05,699.0,700.0,688.0,688.0,15.0
2018-07-06,681.0,688.0,680.0,688.0,451.0
2018-07-09,686.0,692.0,685.0,692.0,715.0
2018-07-10,700.0,700.0,680.0,685.0,154.0
2018-07-11,688.0,688.0,688.0,688.0,1.0
2018-07-12,690.0,690.0,690.0,690.0,21.0
2018-07-13,686.0,686.0,679.0,679.0,27.0
2018-07-16,688.0,688.0,688.0,688.0,9.0
2018-07-17,639.0,685.0,637.0,680.0,62.0
2018-07-18,687.0,688.0,687.0,688.0,1069.0
2018-07-19,681.0,681.0,680.0,680.0,6.0
2018-07-20,684.0,684.0,680.0,680.0,7.0
2018-07-24,680.0,680.0,680.0,680.0,5.0
2018-07-25,680.0,685.0,670.0,670.0,26.0
2018-07-26,675.0,675.0,670.0,670.0,36.0
2018-07-27,675.0,675.0,670.0,674.0,18.0
2018-07-30,670.0,670.0,655.0,665.0,779.0
2018-07-31,665.0,675.0,660.0,670.0,1251.0
2018-08-01,660.0,664.0,660.0,660.0,13.0
2018-08-02,638.0,668.0,638.0,666.0,1766.0
2018-08-03,652.0,652.0,652.0,652.0,1.0
2018-08-06,662.0,664.0,634.0,660.0,762.0
2018-08-07,670.0,670.0,660.0,660.0,7.0
2018-08-08,660.0,670.0,640.0,670.0,17.0
2018-08-09,670.0,670.0,600.0,670.0,327.0
2018-08-10,668.0,700.0,668.0,670.0,546.0
2018-08-14,664.0,680.0,662.0,668.0,171.0
2018-08-15,660.0,660.0,654.0,660.0,11.0
2018-08-16,660.0,678.0,640.0,658.0,114.0
2018-08-17,650.0,678.0,640.0,658.0,626.0
2018-08-20,676.0,678.0,652.0,652.0,59.0
2018-08-21,652.0,668.0,640.0,650.0,414.0
2018-08-23,656.0,678.0,638.0,638.0,142.0
2018-08-27,658.0,668.0,640.0,640.0,45.0
2018-08-28,638.0,640.0,638.0,640.0,10.0
2018-08-29,658.0,698.0,626.0,644.0,183.0
2018-08-30,640.0,640.0,628.0,628.0,14.0
2018-08-31,648.0,688.0,628.0,628.0,145.0
2018-09-03,656.0,678.0,640.0,640.0,238.0
2018-09-04,630.0,650.0,628.0,630.0,425.0
2018-09-05,632.0,646.0,632.0,646.0,18.0
2018-09-06,644.0,658.0,640.0,640.0,68.0
2018-09-07,618.0,650.0,612.0,650.0,156.0
2018-09-10,646.0,646.0,646.0,646.0,1.0
2018-09-11,634.0,634.0,616.0,630.0,17.0
2018-09-12,624.0,630.0,620.0,620.0,20.0
2018-09-13,646.0,648.0,620.0,626.0,159.0
2018-09-14,624.0,624.0,624.0,624.0,11.0
2018-09-17,644.0,644.0,644.0,644.0,25.0
2018-09-18,630.0,638.0,630.0,638.0,17.0
2018-09-19,640.0,640.0,630.0,630.0,4.0
2018-09-24,644.0,648.0,626.0,626.0,8.0
2018-09-25,622.0,622.0,614.0,614.0,13.0
2018-09-26,628.0,628.0,620.0,620.0,2.0
2018-09-27,612.0,612.0,608.0,610.0,88.0
2018-09-28,626.0,638.0,618.0,630.0,148.0
2018-10-01,656.0,658.0,622.0,622.0,78.0
2018-10-02,624.0,624.0,622.0,622.0,4.0
2018-10-04,610.0,628.0,604.0,626.0,23.0
2018-10-05,600.0,610.0,600.0,602.0,178.0
2018-10-08,600.0,608.0,600.0,608.0,28.0
2018-10-10,606.0,606.0,600.0,600.0,430.0
2018-10-11,594.0,610.0,590.0,610.0,10.0
2018-10-12,630.0,630.0,600.0,610.0,25.0
2018-10-15,602.0,618.0,600.0,610.0,107.0
2018-10-16,604.0,610.0,600.0,610.0,201.0
2018-10-17,600.0,610.0,600.0,610.0,141.0
2018-10-18,608.0,610.0,600.0,608.0,171.0
2018-10-19,608.0,628.0,600.0,626.0,172.0
2018-10-22,614.0,614.0,600.0,608.0,73.0
2018-10-23,600.0,606.0,600.0,604.0,117.0
2018-10-24,608.0,612.0,602.0,602.0,19.0
2018-10-25,602.0,602.0,600.0,600.0,9.0
2018-10-26,598.0,602.0,598.0,598.0,161.0
2018-10-29,598.0,598.0,598.0,598.0,11.0
2018-10-31,600.0,600.0,598.0,600.0,65.0
2018-11-01,598.0,600.0,598.0,600.0,8.0
2018-11-02,602.0,602.0,598.0,600.0,39.0
2018-11-06,600.0,600.0,594.0,600.0,51.0
2018-11-07,600.0,600.0,600.0,600.0,19.0
2018-11-08,600.0,600.0,600.0,600.0,13.0
2018-11-09,598.0,608.0,598.0,598.0,14.0
2018-11-12,600.0,600.0,600.0,600.0,17.0
2018-11-13,600.0,600.0,600.0,600.0,10.0
2018-11-14,598.0,600.0,598.0,600.0,24.0
2018-11-19,598.0,602.0,588.0,590.0,954.0
2018-11-20,588.0,590.0,572.0,574.0,300.0
2018-11-21,578.0,580.0,568.0,574.0,125.0
2018-11-22,592.0,592.0,562.0,586.0,276.0
2018-11-23,586.0,586.0,550.0,556.0,547.0
2018-11-26,566.0,566.0,526.0,538.0,611.0
2018-11-27,530.0,564.0,496.0,500.0,1471.0
2018-11-28,502.0,528.0,486.0,490.0,1781.0
2018-11-29,486.0,490.0,470.0,478.0,793.0
2018-11-30,478.0,480.0,460.0,460.0,1619.0
2018-12-03,468.0,478.0,418.0,440.0,1958.0
2018-12-04,434.0,446.0,434.0,444.0,281.0
2018-12-05,450.0,450.0,440.0,440.0,215.0
2018-12-06,438.0,450.0,436.0,444.0,451.0
2018-12-07,450.0,450.0,400.0,422.0,2645.0
2018-12-10,430.0,442.0,404.0,418.0,881.0
2018-12-11,414.0,414.0,398.0,400.0,1120.0
2018-12-12,400.0,400.0,354.0,380.0,4509.0
2018-12-13,380.0,480.0,380.0,396.0,13263.0
2018-12-14,408.0,418.0,392.0,400.0,12099.0
2018-12-17,398.0,398.0,388.0,388.0,811.0
2018-12-18,390.0,400.0,378.0,398.0,1397.0
2018-12-19,400.0,400.0,398.0,400.0,150.0
2018-12-20,410.0,410.0,374.0,390.0,905.0
2018-12-21,396.0,400.0,388.0,390.0,454.0
2018-12-24,388.0,390.0,374.0,378.0,1003.0
2018-12-25,372.0,416.0,372.0,404.0,1408.0
2018-12-26,372.0,420.0,356.0,402.0,627.0
2018-12-27,402.0,402.0,394.0,400.0,192.0
2018-12-28,396.0,420.0,394.0,398.0,3176.0
2018-12-29,414.0,418.0,404.0,408.0,203.0
2019-01-03,400.0,410.0,400.0,410.0,7.0
2019-01-04,402.0,404.0,400.0,404.0,33.0
2019-01-08,416.0,416.0,400.0,410.0,117.0
2019-01-09,416.0,416.0,402.0,408.0,834.0
2019-01-10,418.0,424.0,402.0,410.0,442.0
2019-01-11,410.0,410.0,400.0,410.0,254.0
2019-01-14,410.0,410.0,410.0,410.0,67.0
2019-01-15,408.0,420.0,394.0,406.0,1274.0
2019-01-16,406.0,406.0,398.0,404.0,554.0
2019-01-17,404.0,408.0,400.0,400.0,554.0
2019-01-18,400.0,436.0,398.0,398.0,2907.0
2019-01-21,400.0,402.0,398.0,398.0,177.0
2019-01-22,406.0,406.0,398.0,400.0,174.0
2019-01-23,400.0,420.0,398.0,406.0,2186.0
2019-01-24,420.0,420.0,400.0,412.0,943.0
2019-01-25,412.0,428.0,410.0,418.0,876.0
2019-01-28,410.0,418.0,404.0,404.0,1046.0
2019-01-29,410.0,436.0,404.0,414.0,3686.0
2019-01-30,416.0,498.0,410.0,436.0,5370.0
2019-01-31,436.0,472.0,432.0,450.0,1847.0
2019-02-01,434.0,468.0,431.0,450.0,1165.0
2019-02-04,459.0,465.0,432.0,464.0,1255.0
2019-02-05,451.0,477.0,449.0,473.0,1251.0
2019-02-06,478.0,487.0,471.0,487.0,1853.0
2019-02-07,492.0,502.0,483.0,498.0,2051.0
2019-02-08,498.0,500.0,489.0,500.0,1524.0
2019-02-11,490.0,498.0,481.0,489.0,2269.0
2019-02-12,490.0,490.0,481.0,488.0,6641.0
2019-02-13,476.0,599.0,476.0,511.0,11990.0
2019-02-14,521.0,521.0,482.0,490.0,1476.0
2019-02-15,499.0,520.0,499.0,510.0,1049.0
2019-02-18,538.0,538.0,503.0,517.0,1113.0
2019-02-19,509.0,530.0,509.0,525.0,1224.0
2019-02-20,535.0,538.0,504.0,508.0,1203.0
2019-02-21,510.0,532.0,502.0,525.0,925.0
2019-02-22,530.0,530.0,509.0,516.0,967.0
2019-02-25,525.0,525.0,506.0,512.0,447.0
2019-02-26,520.0,525.0,491.0,506.0,795.0
2019-02-27,505.0,506.0,483.0,499.0,465.0
2019-02-28,495.0,526.0,492.0,505.0,3400.0
2019-03-01,527.0,529.0,507.0,518.0,1027.0
2019-03-04,520.0,540.0,518.0,518.0,772.0
2019-03-05,518.0,518.0,495.0,500.0,1719.0
2019-03-06,500.0,525.0,485.0,498.0,1182.0
2019-03-07,504.0,505.0,492.0,499.0,411.0
2019-03-11,514.0,519.0,492.0,499.0,1247.0
2019-03-12,495.0,515.0,495.0,500.0,554.0
2019-03-13,504.0,504.0,497.0,497.0,601.0
2019-03-14,497.0,497.0,484.0,485.0,707.0
2019-03-15,493.0,493.0,475.0,486.0,340.0
2019-03-18,486.0,500.0,486.0,500.0,612.0
2019-03-19,504.0,504.0,492.0,498.0,473.0
2019-03-20,499.0,499.0,481.0,498.0,167.0
2019-03-21,488.0,497.0,485.0,491.0,287.0
2019-03-22,482.0,499.0,482.0,493.0,83.0
2019-03-25,496.0,499.0,490.0,496.0,229.0
2019-03-26,499.0,499.0,490.0,495.0,73.0
2019-03-27,491.0,498.0,486.0,486.0,94.0
2019-03-28,485.0,499.0,478.0,499.0,282.0
2019-03-29,498.0,498.0,469.0,469.0,710.0
2019-04-01,492.0,500.0,481.0,500.0,1205.0
2019-04-02,490.0,499.0,490.0,495.0,1195.0
2019-04-03,497.0,497.0,462.0,490.0,198.0
2019-04-04,473.0,495.0,473.0,494.0,461.0
2019-04-05,492.0,500.0,491.0,493.0,1542.0
2019-04-08,507.0,510.0,482.0,489.0,234.0
2019-04-09,485.0,488.0,485.0,487.0,4.0
2019-04-10,488.0,488.0,482.0,482.0,9.0
2019-04-11,482.0,488.0,482.0,488.0,3.0
2019-04-12,485.0,485.0,482.0,482.0,155.0
2019-04-15,485.0,488.0,473.0,485.0,227.0
2019-04-16,489.0,489.0,480.0,484.0,88.0
2019-04-17,470.0,486.0,468.0,480.0,50.0
2019-04-18,480.0,485.0,480.0,485.0,47.0
2019-04-19,483.0,483.0,478.0,478.0,68.0
2019-04-22,483.0,485.0,475.0,475.0,52.0
2019-04-23,476.0,489.0,471.0,476.0,573.0
2019-04-24,499.0,499.0,465.0,485.0,1274.0
2019-04-25,495.0,495.0,475.0,480.0,242.0
2019-04-26,488.0,490.0,473.0,480.0,2977.0
2019-04-29,469.0,484.0,469.0,480.0,118.0
2019-04-30,480.0,480.0,468.0,471.0,205.0
2019-05-02,479.0,479.0,472.0,472.0,5.0
2019-05-03,484.0,484.0,471.0,479.0,24.0
2019-05-06,466.0,495.0,466.0,476.0,4582.0
2019-05-07,476.0,480.0,476.0,478.0,5.0
2019-05-08,480.0,480.0,478.0,480.0,102.0
2019-05-10,482.0,482.0,482.0,482.0,1.0
2019-05-13,465.0,470.0,463.0,466.0,194.0
2019-05-14,464.0,480.0,464.0,468.0,121.0
2019-05-15,468.0,478.0,468.0,474.0,43.0
2019-05-16,483.0,483.0,468.0,468.0,40.0
2019-05-17,465.0,465.0,458.0,463.0,188.0
2019-05-20,465.0,471.0,462.0,469.0,232.0
2019-05-21,463.0,464.0,461.0,463.0,87.0
2019-05-22,455.0,483.0,433.0,479.0,748.0
2019-05-23,480.0,482.0,460.0,480.0,693.0
2019-05-24,467.0,488.0,467.0,485.0,505.0
2019-05-27,485.0,494.0,473.0,483.0,377.0
2019-05-28,509.0,509.0,473.0,479.0,167.0
2019-05-29,494.0,494.0,465.0,474.0,79.0
2019-05-30,477.0,484.0,477.0,477.0,80.0
2019-05-31,468.0,480.0,468.0,480.0,107.0
2019-06-03,470.0,482.0,468.0,478.0,193.0
2019-06-04,494.0,494.0,462.0,478.0,465.0
2019-06-05,484.0,484.0,461.0,472.0,1210.0
2019-06-06,473.0,474.0,461.0,468.0,1723.0
2019-06-07,449.0,479.0,449.0,470.0,750.0
2019-06-10,461.0,469.0,459.0,461.0,2020.0
2019-06-11,470.0,475.0,462.0,463.0,5669.0
2019-06-13,475.0,480.0,470.0,479.0,5595.0
2019-06-14,477.0,479.0,470.0,478.0,23446.0
2019-06-17,478.0,479.0,472.0,478.0,17787.0
2019-06-18,475.0,483.0,471.0,477.0,17149.0
2019-06-19,478.0,478.0,475.0,478.0,519.0
2019-06-20,474.0,474.0,466.0,466.0,716.0
2019-06-21,471.0,479.0,470.0,476.0,2630.0
2019-06-24,477.0,482.0,477.0,479.0,17979.0
2019-06-25,484.0,491.0,470.0,491.0,705.0
2019-06-26,492.0,500.0,484.0,500.0,5051.0
2019-06-27,506.0,510.0,490.0,505.0,9417.0
2019-06-28,510.0,515.0,490.0,502.0,5218.0
2019-07-01,504.0,504.0,498.0,498.0,11.0
2019-07-02,496.0,503.0,496.0,503.0,54.0
2019-07-03,504.0,504.0,491.0,498.0,77.0
2019-07-04,509.0,509.0,483.0,492.0,198.0
2019-07-05,509.0,509.0,487.0,498.0,91.0
2019-07-08,500.0,500.0,487.0,487.0,148.0
2019-07-09,496.0,497.0,491.0,494.0,72.0
2019-07-10,491.0,493.0,489.0,492.0,38.0
2019-07-11,495.0,495.0,489.0,493.0,55.0
2019-07-12,507.0,507.0,481.0,482.0,35.0
2019-07-15,496.0,497.0,478.0,481.0,76.0
2019-07-16,487.0,487.0,478.0,480.0,70.0
2019-07-17,478.0,478.0,469.0,475.0,166.0
2019-07-18,477.0,477.0,469.0,471.0,37.0
2019-07-19,478.0,478.0,470.0,474.0,66.0
2019-07-22,477.0,477.0,477.0,477.0,1.0
2019-07-23,470.0,477.0,470.0,477.0,122.0
2019-07-24,478.0,478.0,471.0,471.0,29.0
2019-07-25,470.0,478.0,470.0,477.0,32.0
2019-07-26,469.0,473.0,469.0,471.0,54.0
2019-07-29,490.0,490.0,471.0,480.0,144.0
2019-07-30,481.0,481.0,465.0,478.0,118.0
2019-07-31,477.0,522.0,467.0,495.0,734.0
2019-08-01,495.0,498.0,483.0,486.0,116.0
2019-08-02,496.0,500.0,479.0,488.0,166.0
2019-08-05,489.0,498.0,488.0,491.0,78.0
2019-08-06,489.0,495.0,484.0,495.0,97.0
2019-08-07,499.0,499.0,478.0,497.0,358.0
2019-08-08,497.0,503.0,486.0,500.0,2560.0
2019-08-09,500.0,507.0,492.0,507.0,14952.0
2019-08-12,507.0,508.0,475.0,508.0,1370.0
2019-08-13,507.0,508.0,492.0,498.0,2023.0
2019-08-14,506.0,507.0,491.0,506.0,206.0
2019-08-15,500.0,510.0,489.0,507.0,144.0
2019-08-16,510.0,510.0,499.0,501.0,122.0
2019-08-19,522.0,531.0,499.0,501.0,38.0
2019-08-20,512.0,512.0,497.0,509.0,47.0
2019-08-21,500.0,512.0,500.0,503.0,1273.0
2019-08-22,506.0,517.0,501.0,510.0,106.0
2019-08-23,493.0,522.0,493.0,515.0,419.0
2019-08-26,505.0,510.0,505.0,510.0,43.0
2019-08-27,522.0,522.0,503.0,515.0,37.0
2019-08-28,503.0,522.0,503.0,515.0,202.0
2019-08-29,505.0,505.0,505.0,505.0,5.0
2019-08-30,524.0,528.0,490.0,494.0,1827.0
2019-09-02,511.0,550.0,511.0,516.0,667.0
2019-09-03,520.0,524.0,508.0,517.0,504.0
2019-09-04,521.0,523.0,507.0,523.0,216.0
2019-09-05,530.0,549.0,519.0,540.0,230.0
2019-09-06,535.0,554.0,535.0,552.0,1830.0
2019-09-09,553.0,591.0,553.0,571.0,1047.0
2019-09-10,589.0,589.0,550.0,586.0,1543.0
2019-09-11,589.0,616.0,588.0,605.0,293.0
2019-09-12,610.0,630.0,573.0,616.0,723.0
2019-09-13,630.0,676.0,630.0,644.0,825.0
2019-09-16,661.0,677.0,641.0,649.0,2944.0
2019-09-17,674.0,674.0,632.0,648.0,56650.0
2019-09-18,649.0,675.0,649.0,660.0,888.0
2019-09-19,682.0,698.0,662.0,669.0,1068.0
2019-09-20,688.0,690.0,650.0,660.0,5067.0
2019-09-23,611.0,660.0,610.0,658.0,940.0
2019-09-24,679.0,679.0,650.0,659.0,708.0
2019-09-25,674.0,674.0,652.0,659.0,913.0
2019-09-26,668.0,669.0,651.0,660.0,843.0
2019-09-27,679.0,690.0,659.0,664.0,1216.0
2019-09-30,663.0,679.0,652.0,667.0,1621.0
2019-10-01,669.0,670.0,501.0,662.0,1438.0
2019-10-02,603.0,664.0,602.0,662.0,2383.0
2019-10-03,663.0,674.0,651.0,660.0,828.0
2019-10-04,675.0,675.0,653.0,659.0,1034.0
2019-10-07,660.0,660.0,655.0,660.0,763.0
2019-10-08,658.0,658.0,653.0,655.0,817.0
2019-10-09,670.0,670.0,654.0,655.0,881.0
2019-10-10,668.0,670.0,649.0,655.0,627.0
2019-10-11,660.0,660.0,655.0,660.0,222.0
2019-10-14,660.0,678.0,654.0,670.0,350.0
2019-10-15,670.0,670.0,662.0,663.0,1029.0
2019-10-16,670.0,670.0,657.0,659.0,449.0
2019-10-17,669.0,679.0,662.0,662.0,560.0
2019-10-18,661.0,661.0,653.0,657.0,1764.0
2019-10-21,668.0,668.0,654.0,655.0,22142.0
2019-10-22,657.0,658.0,650.0,650.0,31.0
2019-10-23,651.0,651.0,644.0,647.0,14.0
2019-10-24,640.0,657.0,640.0,654.0,38.0
2019-10-25,642.0,658.0,640.0,640.0,75.0
2019-10-28,641.0,650.0,636.0,650.0,60.0
2019-10-29,650.0,660.0,641.0,644.0,209.0
2019-10-30,656.0,656.0,641.0,648.0,114.0
2019-10-31,651.0,657.0,622.0,649.0,765.0
2019-11-01,649.0,657.0,645.0,657.0,214.0
2019-11-05,644.0,657.0,640.0,652.0,278.0
2019-11-06,658.0,660.0,651.0,652.0,74.0
2019-11-07,656.0,662.0,654.0,659.0,121.0
2019-11-08,653.0,659.0,645.0,654.0,574.0
2019-11-11,655.0,659.0,649.0,653.0,1077.0
2019-11-12,652.0,655.0,646.0,650.0,1041.0
2019-11-13,657.0,657.0,650.0,654.0,14.0
2019-11-14,660.0,685.0,656.0,680.0,5893.0
2019-11-15,685.0,690.0,674.0,690.0,1629.0
2019-11-18,677.0,700.0,673.0,694.0,551.0
2019-11-19,687.0,698.0,685.0,690.0,777.0
2019-11-20,698.0,700.0,692.0,695.0,805.0
2019-11-21,694.0,721.0,689.0,721.0,582.0
2019-11-22,722.0,899.0,680.0,699.0,4041.0
2019-11-25,713.0,713.0,684.0,689.0,840.0
2019-11-26,691.0,700.0,682.0,682.0,298.0
2019-11-27,675.0,697.0,675.0,697.0,28.0
2019-11-28,689.0,693.0,680.0,680.0,80.0
2019-11-29,688.0,690.0,668.0,682.0,169.0
2019-12-02,669.0,688.0,666.0,683.0,13.0
2019-12-03,690.0,690.0,665.0,669.0,46.0
2019-12-04,669.0,671.0,669.0,671.0,2.0
2019-12-05,665.0,677.0,665.0,671.0,15.0
2019-12-06,676.0,676.0,671.0,671.0,2.0
2019-12-09,665.0,668.0,660.0,660.0,14.0
2019-12-10,661.0,667.0,661.0,667.0,31.0
2019-12-11,680.0,687.0,668.0,668.0,43.0
2019-12-12,661.0,670.0,660.0,660.0,593.0
2019-12-13,674.0,674.0,639.0,654.0,1029.0
2019-12-16,659.0,679.0,653.0,665.0,993.0
2019-12-17,643.0,664.0,633.0,654.0,557.0
2019-12-18,650.0,655.0,630.0,655.0,850.0
2019-12-19,642.0,655.0,642.0,655.0,2197.0
2019-12-20,650.0,665.0,650.0,652.0,22.0
2019-12-23,669.0,709.0,667.0,680.0,561.0
2019-12-24,662.0,787.0,662.0,700.0,4163.0
2019-12-25,700.0,759.0,700.0,750.0,5668.0
2019-12-26,770.0,770.0,728.0,739.0,1237.0
2019-12-27,733.0,752.0,730.0,752.0,1521.0
2019-12-30,752.0,755.0,703.0,740.0,3124.0
2020-01-03,708.0,735.0,708.0,726.0,363.0
2020-01-06,707.0,739.0,707.0,729.0,252.0
2020-01-08,707.0,743.0,707.0,717.0,354.0
2020-01-09,712.0,740.0,706.0,723.0,871.0
2020-01-10,720.0,735.0,719.0,725.0,650.0
2020-01-13,725.0,750.0,725.0,733.0,368.0
2020-01-14,742.0,765.0,740.0,751.0,1203.0
2020-01-15,759.0,863.0,751.0,791.0,5059.0
2020-01-16,805.0,863.0,804.0,850.0,2088.0
2020-01-17,862.0,875.0,845.0,851.0,625.0
2020-01-20,855.0,875.0,836.0,872.0,975.0
2020-01-21,872.0,894.0,865.0,888.0,782.0
2020-01-22,872.0,897.0,872.0,889.0,2543.0
2020-01-23,898.0,898.0,877.0,892.0,457.0
2020-01-24,893.0,900.0,888.0,898.0,508.0
2020-01-27,887.0,895.0,876.0,885.0,368.0
2020-01-28,890.0,910.0,890.0,893.0,486.0
2020-01-29,911.0,916.0,891.0,907.0,336.0
2020-01-30,911.0,1090.0,911.0,978.0,1647.0
2020-01-31,991.0,1259.0,955.0,1001.0,7707.0
2020-02-03,1001.0,1050.0,968.0,975.0,1257.0
2020-02-04,985.0,1149.0,931.0,1007.0,4766.0
2020-02-05,1050.0,1050.0,973.0,989.0,2305.0
2020-02-06,972.0,1018.0,972.0,994.0,829.0
2020-02-07,987.0,998.0,987.0,990.0,214.0
2020-02-10,996.0,1040.0,961.0,978.0,1304.0
2020-02-11,1046.0,1046.0,995.0,1010.0,2609.0
2020-02-12,1017.0,1039.0,1008.0,1020.0,3109.0
2020-02-13,1024.0,1039.0,1012.0,1020.0,967.0
2020-02-14,1029.0,1086.0,1000.0,1030.0,5953.0
2020-02-17,1010.0,1124.0,1010.0,1080.0,2217.0
2020-02-18,1101.0,1123.0,1070.0,1070.0,1609.0
2020-02-19,1049.0,1112.0,1049.0,1097.0,1786.0
2020-02-20,1097.0,1120.0,1070.0,1100.0,2686.0
2020-02-21,1095.0,1135.0,1095.0,1100.0,4956.0
2020-02-25,1112.0,1124.0,1099.0,1108.0,1956.0
2020-02-26,1108.0,1140.0,1090.0,1095.0,3317.0
2020-02-27,1092.0,1111.0,1084.0,1110.0,837.0
2020-02-28,1099.0,1107.0,971.0,1031.0,1226.0
2020-03-02,1114.0,1115.0,1054.0,1080.0,1531.0
2020-03-03,1100.0,1186.0,1086.0,1100.0,1269.0
2020-03-04,1129.0,1130.0,1103.0,1120.0,778.0
2020-03-05,1150.0,1150.0,1113.0,1135.0,1814.0
2020-03-06,1157.0,1157.0,1110.0,1110.0,2116.0
2020-03-10,1070.0,1140.0,1011.0,1120.0,1122.0
2020-03-11,1119.0,1178.0,1100.0,1125.0,1082.0
2020-03-12,1188.0,1500.0,1050.0,1117.0,2931.0
2020-03-13,1082.0,1250.0,1082.0,1120.0,829.0
2020-03-16,1133.0,1166.0,1067.0,1125.0,2077.0
2020-03-17,1142.0,1149.0,1056.0,1111.0,1872.0
2020-03-18,1111.0,1150.0,1067.0,1100.0,1704.0
2020-03-19,1095.0,1132.0,1076.0,1127.0,1057.0
2020-03-20,1160.0,1190.0,1132.0,1157.0,899.0
2020-03-23,1157.0,1180.0,1123.0,1173.0,473.0
2020-03-24,1186.0,1186.0,1100.0,1140.0,7026.0
2020-03-25,1150.0,1179.0,1116.0,1129.0,1535.0
2020-03-26,1150.0,1150.0,1077.0,1135.0,1081.0
2020-03-27,1121.0,1144.0,1100.0,1125.0,609.0
2020-03-30,1123.0,1136.0,1092.0,1096.0,2425.0
2020-03-31,1119.0,1127.0,992.0,1100.0,2820.0
2020-04-01,1102.0,1110.0,1096.0,1100.0,602.0
2020-04-02,1114.0,1124.0,1100.0,1124.0,603.0
2020-04-03,1122.0,1140.0,1121.0,1133.0,1093.0
2020-04-06,1135.0,1249.0,1135.0,1200.0,12973.0
2020-04-07,1249.0,1250.0,1212.0,1236.0,4170.0
2020-04-08,1250.0,1339.0,1249.0,1318.0,5244.0
2020-04-09,1320.0,1388.0,1300.0,1320.0,3417.0
2020-04-10,1346.0,1381.0,1336.0,1350.0,2276.0
2020-04-13,1374.0,1623.0,1372.0,1500.0,11492.0
2020-04-14,1440.0,1440.0,1380.0,1401.0,7280.0
2020-04-15,1440.0,1600.0,1419.0,1441.0,9131.0
2020-04-16,1469.0,1500.0,1435.0,1500.0,2241.0
2020-04-17,1483.0,1599.0,1481.0,1550.0,8470.0
2020-04-20,1599.0,1599.0,1502.0,1535.0,2845.0
2020-04-21,1563.0,1563.0,1520.0,1531.0,2466.0
2020-04-22,1555.0,1559.0,1398.0,1495.0,7954.0
2020-04-23,1525.0,1549.0,1482.0,1496.0,2394.0
2020-04-24,1499.0,1529.0,1488.0,1495.0,660.0
2020-04-27,1500.0,1500.0,1441.0,1480.0,1147.0
2020-04-28,1500.0,1500.0,1470.0,1490.0,2988.0
2020-04-29,1510.0,1598.0,1450.0,1480.0,5183.0
2020-04-30,1482.0,1504.0,1468.0,1487.0,2565.0
2020-05-04,1500.0,1525.0,1480.0,1480.0,1348.0
2020-05-05,1498.0,1499.0,1450.0,1458.0,2077.0
2020-05-06,1482.0,1486.0,1411.0,1438.0,2434.0
2020-05-07,1475.0,1489.0,1438.0,1464.0,1860.0
2020-05-08,1474.0,1500.0,1465.0,1500.0,1258.0
2020-05-12,1496.0,1513.0,1489.0,1500.0,1401.0
2020-05-13,1516.0,1517.0,1485.0,1509.0,1348.0
2020-05-14,1525.0,1584.0,1470.0,1498.0,2266.0
2020-05-15,1508.0,1508.0,1470.0,1486.0,1541.0
2020-05-18,1495.0,1520.0,1470.0,1478.0,1798.0
2020-05-19,1488.0,1488.0,1453.0,1479.0,2023.0
2020-05-20,1480.0,1489.0,1442.0,1457.0,3496.0
2020-05-21,1460.0,1480.0,1429.0,1450.0,2409.0
2020-05-22,1460.0,1477.0,1380.0,1432.0,2945.0
2020-05-25,1470.0,1470.0,1411.0,1423.0,2886.0
2020-05-26,1424.0,1440.0,1382.0,1400.0,2941.0
2020-05-27,1434.0,1434.0,1312.0,1375.0,4800.0
2020-05-28,1398.0,1405.0,1345.0,1348.0,2631.0
2020-05-29,1370.0,1370.0,1240.0,1290.0,6508.0
2020-06-01,1324.0,1324.0,1220.0,1234.0,4150.0
2020-06-02,1236.0,1236.0,1153.0,1220.0,6032.0
2020-06-03,1225.0,1350.0,1216.0,1323.0,9467.0
2020-06-04,1325.0,1350.0,1309.0,1335.0,3606.0
2020-06-05,1338.0,1350.0,1324.0,1343.0,2909.0
2020-06-08,1378.0,1404.0,1353.0,1367.0,1960.0
2020-06-09,1371.0,1396.0,1309.0,1341.0,3100.0
2020-06-10,1325.0,1373.0,1325.0,1353.0,439.0
2020-06-11,1353.0,1379.0,1339.0,1350.0,1034.0
2020-06-15,1351.0,1380.0,1315.0,1341.0,620.0
2020-06-16,1350.0,1352.0,1339.0,1350.0,791.0
2020-06-17,1365.0,1375.0,1326.0,1349.0,593.0
2020-06-18,1370.0,1375.0,1337.0,1350.0,544.0
2020-06-19,1351.0,1355.0,1342.0,1355.0,520.0
2020-06-22,1370.0,1376.0,1347.0,1350.0,1025.0
2020-06-23,1351.0,1351.0,1335.0,1342.0,566.0
2020-06-25,1350.0,1374.0,1331.0,1349.0,471.0
2020-06-26,1350.0,1350.0,1330.0,1341.0,1819.0
2020-06-29,1338.0,1350.0,1331.0,1335.0,620.0
2020-06-30,1340.0,1340.0,1309.0,1340.0,671.0
2020-07-02,1342.0,1369.0,1313.0,1362.0,444.0
2020-07-03,1370.0,1380.0,1342.0,1363.0,762.0
2020-07-06,1377.0,1377.0,1343.0,1350.0,495.0
2020-07-07,1370.0,1375.0,1350.0,1368.0,1560.0
2020-07-08,1370.0,1379.0,1353.0,1358.0,714.0
2020-07-09,1380.0,1380.0,1354.0,1370.0,1136.0
2020-07-10,1380.0,1412.0,1356.0,1370.0,3022.0
2020-07-13,1360.0,1369.0,1336.0,1355.0,1594.0
2020-07-14,1355.0,1362.0,1350.0,1354.0,451.0
2020-07-15,1363.0,1370.0,1326.0,1360.0,578.0
2020-07-16,1359.0,1360.0,1345.0,1356.0,890.0
2020-07-17,1360.0,1360.0,1350.0,1350.0,624.0
2020-07-20,1385.0,1395.0,1345.0,1350.0,2503.0
2020-07-21,1389.0,1389.0,1336.0,1346.0,2339.0
2020-07-22,1349.0,1350.0,1330.0,1340.0,2383.0
2020-07-23,1345.0,1358.0,1321.0,1330.0,4487.0
2020-07-24,1374.0,1390.0,1321.0,1348.0,5872.0
2020-07-27,1349.0,1355.0,1319.0,1339.0,2895.0
2020-07-28,1340.0,1345.0,1323.0,1333.0,2179.0
2020-07-29,1336.0,1347.0,1324.0,1329.0,3355.0
2020-07-30,1333.0,1345.0,1325.0,1337.0,1489.0
2020-07-31,1333.0,1338.0,1322.0,1322.0,1634.0
2020-08-03,1330.0,1330.0,1310.0,1322.0,1433.0
2020-08-04,1327.0,1327.0,1300.0,1309.0,1064.0
2020-08-05,1309.0,1310.0,1280.0,1301.0,2880.0
2020-08-06,1306.0,1316.0,1300.0,1309.0,1047.0
2020-08-07,1314.0,1339.0,1304.0,1334.0,1486.0
2020-08-10,1339.0,1374.0,1321.0,1329.0,7561.0
2020-08-11,1345.0,1345.0,1291.0,1319.0,3102.0
2020-08-12,1321.0,1342.0,1310.0,1322.0,1635.0
2020-08-13,1334.0,1334.0,1310.0,1314.0,2401.0
2020-08-14,1319.0,1324.0,1290.0,1323.0,1785.0
2020-08-17,1326.0,1326.0,1305.0,1320.0,1240.0
2020-08-18,1321.0,1343.0,1310.0,1318.0,388.0
2020-08-19,1310.0,1338.0,1304.0,1308.0,855.0
2020-08-20,1321.0,1323.0,1305.0,1309.0,696.0
2020-08-21,1319.0,1320.0,1306.0,1312.0,492.0
2020-08-24,1320.0,1320.0,1299.0,1316.0,1349.0
2020-08-25,1318.0,1318.0,1301.0,1314.0,873.0
2020-08-26,1315.0,1320.0,1302.0,1310.0,1529.0
2020-08-27,1320.0,1336.0,1310.0,1327.0,5120.0
2020-08-28,1330.0,1339.0,1306.0,1322.0,974.0
2020-08-31,1329.0,1330.0,1305.0,1318.0,981.0
2020-09-01,1318.0,1325.0,1307.0,1320.0,1217.0
2020-09-02,1327.0,1327.0,1305.0,1309.0,855.0
2020-09-03,1335.0,1375.0,1314.0,1314.0,11852.0
2020-09-04,1324.0,1324.0,1240.0,1303.0,7553.0
2020-09-07,1320.0,1320.0,1302.0,1307.0,772.0
2020-09-08,1312.0,1312.0,1281.0,1291.0,1202.0
2020-09-09,1310.0,1370.0,1279.0,1295.0,1752.0
2020-09-10,1327.0,1327.0,1285.0,1301.0,1161.0
2020-09-11,1320.0,1320.0,1294.0,1308.0,5036.0
2020-09-14,1328.0,1328.0,1310.0,1315.0,2877.0
2020-09-15,1323.0,1323.0,1306.0,1310.0,10379.0
2020-09-16,1324.0,1324.0,1298.0,1307.0,1436.0
2020-09-17,1314.0,1315.0,1297.0,1310.0,954.0
2020-09-18,1311.0,1318.0,1295.0,1296.0,889.0
2020-09-21,1314.0,1314.0,1261.0,1286.0,1559.0
2020-09-22,1303.0,1304.0,1264.0,1280.0,820.0
2020-09-23,1283.0,1309.0,1281.0,1300.0,3906.0
2020-09-24,1302.0,1302.0,804.0,1290.0,3159.0
2020-09-25,1301.0,1302.0,1272.0,1281.0,2584.0
2020-09-28,1296.0,1296.0,1285.0,1288.0,2574.0
2020-09-29,1298.0,1299.0,1273.0,1278.0,2294.0
2020-09-30,1293.0,1293.0,1274.0,1278.0,599.0
2020-10-01,1295.0,1295.0,1269.0,1272.0,558.0
2020-10-02,1279.0,1279.0,1242.0,1256.0,741.0
2020-10-05,1280.0,1280.0,1255.0,1277.0,815.0
2020-10-06,1281.0,1281.0,1266.0,1279.0,4115.0
2020-10-07,1277.0,1280.0,1246.0,1264.0,1564.0
2020-10-08,1265.0,1275.0,1245.0,1252.0,4525.0
2020-10-09,1264.0,1267.0,1185.0,1252.0,1767.0
2020-10-12,1275.0,1275.0,1251.0,1260.0,2249.0
2020-10-13,1265.0,1265.0,1240.0,1250.0,865.0
2020-10-14,1252.0,1270.0,1244.0,1269.0,3493.0
2020-10-15,1269.0,1270.0,1241.0,1256.0,2869.0
2020-10-16,1250.0,1259.0,1232.0,1242.0,2203.0
2020-10-19,1252.0,1252.0,1235.0,1242.0,2391.0
2020-10-20,1250.0,1255.0,1234.0,1246.0,1414.0
2020-10-21,1258.0,1258.0,1240.0,1245.0,1678.0
2020-10-22,1250.0,1256.0,1241.0,1246.0,4470.0
2020-10-23,1230.0,1250.0,1230.0,1248.0,3096.0
2020-10-26,1270.0,1270.0,1231.0,1235.0,738.0
2020-10-27,1250.0,1250.0,1220.0,1228.0,1330.0
2020-10-28,1238.0,1238.0,1191.0,1195.0,2621.0
2020-10-29,1205.0,1210.0,1192.0,1207.0,518.0
2020-10-30,1207.0,1207.0,1184.0,1196.0,5993.0
2020-11-02,1212.0,1219.0,1180.0,1216.0,1163.0
2020-11-03,1217.0,1250.0,1217.0,1240.0,896.0
2020-11-05,1250.0,1273.0,1240.0,1273.0,2103.0
2020-11-06,1272.0,1283.0,1255.0,1282.0,800.0
2020-11-09,1296.0,1315.0,1283.0,1314.0,4531.0
2020-11-10,1312.0,1330.0,1300.0,1328.0,5366.0
2020-11-11,1326.0,1335.0,1320.0,1326.0,2056.0
2020-11-12,1335.0,1335.0,1313.0,1327.0,1886.0
2020-11-13,1329.0,1345.0,1319.0,1331.0,2830.0
2020-11-16,1338.0,1351.0,1331.0,1343.0,1260.0
2020-11-17,1346.0,1346.0,1320.0,1325.0,827.0
2020-11-18,1348.0,1348.0,1326.0,1338.0,802.0
2020-11-19,1340.0,1340.0,1321.0,1327.0,847.0
2020-11-20,1332.0,1333.0,1321.0,1328.0,1268.0
2020-11-23,1345.0,1345.0,1323.0,1325.0,1126.0
2020-11-24,1341.0,1341.0,1323.0,1327.0,6109.0
2020-11-25,1327.0,1337.0,1320.0,1333.0,4219.0
2020-11-26,1333.0,1334.0,1323.0,1329.0,474.0
2020-11-27,1340.0,1340.0,1320.0,1324.0,4533.0
2020-11-30,1328.0,1328.0,1296.0,1298.0,4862.0
2020-12-01,1312.0,1320.0,1300.0,1313.0,520.0
2020-12-02,1326.0,1337.0,1310.0,1320.0,605.0
2020-12-03,1325.0,1325.0,1308.0,1311.0,511.0
2020-12-04,1324.0,1324.0,1297.0,1304.0,3237.0
2020-12-07,1320.0,1320.0,1291.0,1300.0,1230.0
2020-12-08,1314.0,1314.0,1290.0,1299.0,815.0
2020-12-09,1313.0,1313.0,1292.0,1310.0,596.0
2020-12-10,1308.0,1309.0,1290.0,1302.0,556.0
2020-12-11,1304.0,1304.0,1290.0,1299.0,574.0
2020-12-14,1329.0,1329.0,1292.0,1319.0,870.0
2020-12-15,1305.0,1449.0,1298.0,1393.0,123748.0
2020-12-16,1440.0,1440.0,1351.0,1367.0,20827.0
2020-12-17,1370.0,1388.0,1368.0,1369.0,4782.0
2020-12-18,1370.0,1398.0,1357.0,1368.0,4896.0
2020-12-21,1392.0,1392.0,1356.0,1358.0,3960.0
2020-12-22,1356.0,1366.0,1345.0,1350.0,4040.0
2020-12-23,1377.0,1377.0,1350.0,1360.0,2770.0
2020-12-24,1361.0,1361.0,1350.0,1350.0,876.0
2020-12-25,1334.0,1359.0,1334.0,1358.0,1203.0
2020-12-28,1349.0,1370.0,1348.0,1356.0,5084.0
2020-12-29,1369.0,1490.0,1340.0,1380.0,61987.0
2020-12-30,1382.0,1399.0,1376.0,1395.0,7251.0
2021-01-04,1395.0,1395.0,1378.0,1393.0,6609.0
2021-01-05,1408.0,1408.0,1373.0,1373.0,3371.0
2021-01-06,1363.0,1380.0,1361.0,1370.0,3730.0
2021-01-08,1360.0,1374.0,1355.0,1366.0,2141.0
2021-01-11,1358.0,1388.0,1358.0,1382.0,2960.0
2021-01-12,1381.0,1386.0,1372.0,1372.0,2763.0
2021-01-13,1373.0,1380.0,1363.0,1363.0,1952.0
2021-01-14,1364.0,1370.0,1363.0,1368.0,1166.0
2021-01-15,1364.0,1365.0,1354.0,1355.0,2529.0
2021-01-18,1352.0,1370.0,1352.0,1370.0,3459.0
2021-01-19,1362.0,1376.0,1359.0,1363.0,3090.0
2021-01-20,1360.0,1373.0,1358.0,1361.0,1308.0
2021-01-21,1371.0,1379.0,1353.0,1360.0,3215.0
2021-01-22,1353.0,1363.0,1347.0,1357.0,1613.0
2021-01-25,1350.0,1388.0,1344.0,1361.0,7797.0
2021-01-26,1361.0,1520.0,1355.0,1445.0,42768.0
2021-01-27,1468.0,1772.0,1460.0,1589.0,124935.0
2021-01-28,1627.0,1675.0,1502.0,1598.0,31664.0
2021-01-29,1610.0,1689.0,1596.0,1674.0,14035.0
2021-02-01,1680.0,1750.0,1670.0,1681.0,18733.0
2021-02-02,1690.0,1740.0,1676.0,1699.0,11851.0
2021-02-03,1676.0,1686.0,1501.0,1684.0,12510.0
2021-02-04,1692.0,1727.0,1679.0,1710.0,6347.0
2021-02-05,1732.0,1798.0,1671.0,1736.0,8465.0
2021-02-08,1749.0,1813.0,1740.0,1760.0,12487.0
2021-02-09,1780.0,1817.0,1773.0,1800.0,9631.0
2021-02-10,1815.0,1876.0,1815.0,1830.0,12199.0
2021-02-11,1869.0,2000.0,1841.0,1939.0,13982.0
2021-02-12,1954.0,2288.0,1949.0,2158.0,33899.0
2021-02-15,2200.0,2575.0,2194.0,2510.0,65928.0
2021-02-16,2575.0,3514.0,2466.0,3174.0,300868.0
2021-02-17,3380.0,4442.0,3315.0,4442.0,401379.0
2021-02-18,4750.0,6204.0,4565.0,6204.0,466009.0
2021-02-19,6450.0,6822.0,3722.0,3722.0,422101.0
2021-02-20,2978.0,3299.0,2320.0,2560.0,181853.0
2021-02-22,2439.0,2777.0,2340.0,2499.0,96275.0
2021-02-24,2500.0,2616.0,2400.0,2415.0,29694.0
2021-02-25,2381.0,2417.0,2250.0,2328.0,20525.0
2021-02-26,2304.0,2327.0,2055.0,2055.0,27450.0
2021-03-01,2071.0,2268.0,2008.0,2268.0,41566.0
2021-03-02,2483.0,2494.0,2380.0,2494.0,21086.0
2021-03-03,2600.0,2741.0,2327.0,2415.0,114252.0
2021-03-04,2445.0,2500.0,2092.0,2141.0,33195.0
2021-03-05,2102.0,2292.0,2055.0,2067.0,41796.0
2021-03-09,2100.0,2174.0,2075.0,2138.0,16896.0
2021-03-10,2235.0,2274.0,2113.0,2138.0,27103.0
2021-03-11,2160.0,2599.0,2146.0,2484.0,159942.0
2021-03-12,2555.0,2759.0,2331.0,2423.0,150977.0
2021-03-15,2481.0,2587.0,2362.0,2460.0,52015.0
2021-03-16,2462.0,3443.0,2457.0,3443.0,385142.0
2021-03-17,3763.0,4537.0,3200.0,3321.0,621691.0
2021-03-18,3369.0,3845.0,3322.0,3511.0,144318.0
2021-03-19,3589.0,3716.0,3350.0,3431.0,42279.0
2021-03-22,3433.0,3520.0,3228.0,3280.0,26180.0
2021-03-23,3330.0,3330.0,3053.0,3079.0,25590.0
2021-03-24,3100.0,4126.0,3060.0,3964.0,363486.0
2021-03-25,4062.0,4266.0,3750.0,3960.0,130569.0
2021-03-26,4000.0,4195.0,3816.0,4051.0,88009.0
2021-03-29,4184.0,4322.0,4053.0,4095.0,47332.0
2021-03-30,4147.0,4147.0,3851.0,4008.0,27151.0
2021-03-31,4008.0,4019.0,3890.0,3900.0,11446.0
2021-04-01,3900.0,4016.0,3760.0,3850.0,21657.0
2021-04-02,3930.0,3995.0,3852.0,3917.0,12025.0
2021-04-05,3949.0,3998.0,3850.0,3900.0,12786.0
2021-04-06,3868.0,3923.0,3723.0,3786.0,13361.0
2021-04-07,3789.0,3850.0,3605.0,3670.0,21897.0
2021-04-08,3729.0,3729.0,3400.0,3514.0,48612.0
2021-04-09,3525.0,3589.0,3454.0,3460.0,9585.0
2021-04-12,3507.0,3898.0,3435.0,3655.0,81554.0
2021-04-13,3709.0,3793.0,3600.0,3619.0,22977.0
2021-04-14,3648.0,3656.0,3501.0,3571.0,16185.0
2021-04-15,3594.0,3598.0,3500.0,3512.0,7442.0
2021-04-16,3557.0,3578.0,3501.0,3520.0,8072.0
2021-04-19,3554.0,3627.0,3503.0,3559.0,12000.0
2021-04-20,3580.0,3584.0,3505.0,3528.0,6350.0
2021-04-21,3529.0,3598.0,3473.0,3552.0,9931.0
2021-04-22,3542.0,3552.0,3506.0,3528.0,6792.0
2021-04-23,3541.0,3625.0,3495.0,3550.0,16264.0
2021-04-26,3580.0,3627.0,3551.0,3568.0,12770.0
2021-04-27,3580.0,3619.0,3571.0,3597.0,7716.0
2021-04-28,3640.0,3698.0,3554.0,3626.0,16164.0
2021-04-29,3643.0,3680.0,3572.0,3617.0,9252.0
2021-04-30,3657.0,3658.0,3545.0,3560.0,9864.0
2021-05-04,3580.0,3634.0,3560.0,3620.0,17148.0
2021-05-05,3544.0,3617.0,3513.0,3578.0,10186.0
2021-05-06,3594.0,3647.0,3565.0,3620.0,8092.0
2021-05-07,3619.0,3657.0,3605.0,3620.0,6981.0
2021-05-10,3666.0,3666.0,3585.0,3622.0,6088.0
2021-05-11,3657.0,3657.0,3577.0,3600.0,5636.0
2021-05-12,3625.0,3625.0,3568.0,3582.0,6790.0
2021-05-13,3599.0,3630.0,3568.0,3596.0,5951.0
2021-05-14,3622.0,3649.0,3586.0,3602.0,4262.0
2021-05-17,3630.0,3630.0,3603.0,3624.0,4506.0
2021-05-18,3629.0,3639.0,3605.0,3627.0,3443.0
2021-05-19,3637.0,3660.0,3615.0,3633.0,4157.0
2021-05-20,3640.0,3733.0,3605.0,3639.0,17974.0
2021-05-21,3660.0,3662.0,3615.0,3639.0,5061.0
2021-05-24,3641.0,3700.0,3633.0,3700.0,6055.0
2021-05-25,3700.0,3736.0,3679.0,3704.0,3867.0
2021-05-26,3722.0,3730.0,3685.0,3690.0,4928.0
2021-05-27,3713.0,3713.0,3670.0,3693.0,5541.0
2021-05-28,3705.0,3709.0,3656.0,3673.0,6166.0
2021-05-31,3698.0,3745.0,3573.0,3670.0,30536.0
2021-06-01,3700.0,3728.0,3674.0,3700.0,10992.0
2021-06-02,3718.0,3718.0,3671.0,3691.0,3666.0
2021-06-03,3710.0,3710.0,3674.0,3684.0,5033.0
2021-06-04,3665.0,3671.0,3323.0,3455.0,57726.0
2021-06-07,3497.0,3500.0,3340.0,3343.0,14828.0
2021-06-08,3362.0,3367.0,2999.0,3027.0,58021.0
2021-06-09,2994.0,2994.0,2791.0,2848.0,168498.0
2021-06-10,2850.0,3076.0,2849.0,2945.0,191676.0
2021-06-11,2972.0,3060.0,2875.0,2875.0,82075.0
2021-06-14,2915.0,2999.0,2878.0,2888.0,59134.0
2021-06-15,2904.0,2910.0,2830.0,2830.0,42186.0
2021-06-16,2836.0,2878.0,2805.0,2846.0,49131.0
2021-06-17,2824.0,2862.0,2806.0,2814.0,16087.0
2021-06-18,2837.0,2837.0,2795.0,2805.0,24276.0
2021-06-21,2805.0,2825.0,2781.0,2800.0,16240.0
2021-06-22,2810.0,2814.0,2788.0,2800.0,12414.0
2021-06-23,2800.0,2815.0,2790.0,2798.0,10330.0
2021-06-24,2798.0,2800.0,2780.0,2782.0,9388.0
2021-06-25,2779.0,2779.0,2680.0,2701.0,27948.0
2021-06-28,2712.0,2798.0,2703.0,2765.0,19839.0
2021-06-29,2780.0,2798.0,2750.0,2790.0,9022.0
2021-06-30,2809.0,2849.0,2753.0,2764.0,14353.0
2021-07-01,2792.0,2805.0,2754.0,2771.0,7122.0
2021-07-02,2760.0,2792.0,2759.0,2766.0,8454.0
2021-07-05,2797.0,2798.0,2756.0,2765.0,7533.0
2021-07-06,2796.0,2798.0,2765.0,2771.0,9662.0
2021-07-07,2780.0,2797.0,2731.0,2747.0,11861.0
2021-07-08,2748.0,2748.0,2701.0,2727.0,11208.0
2021-07-09,2739.0,2739.0,2700.0,2705.0,10308.0
2021-07-12,2729.0,2760.0,2705.0,2727.0,7305.0
2021-07-13,2731.0,2731.0,2702.0,2705.0,8594.0
2021-07-14,2715.0,2715.0,2640.0,2646.0,18812.0
2021-07-15,2648.0,2671.0,2580.0,2582.0,23434.0
2021-07-16,2582.0,2590.0,2495.0,2511.0,14737.0
2021-07-19,2530.0,2545.0,2370.0,2400.0,32566.0
2021-07-20,2416.0,2482.0,2385.0,2399.0,15612.0
2021-07-21,2436.0,2779.0,2401.0,2581.0,207763.0
2021-07-22,2616.0,2688.0,2563.0,2604.0,67156.0
2021-07-23,2621.0,2670.0,2576.0,2626.0,18266.0
2021-07-26,2636.0,2649.0,2568.0,2571.0,8554.0
2021-07-27,2593.0,2593.0,2551.0,2560.0,6163.0
2021-07-28,2560.0,2623.0,2560.0,2604.0,11320.0
2021-07-29,2619.0,2700.0,2585.0,2655.0,22707.0
2021-07-30,2654.0,2714.0,2618.0,2655.0,47714.0
2021-08-02,2683.0,2740.0,2656.0,2713.0,21142.0
2021-08-03,2713.0,2750.0,2657.0,2696.0,15474.0
2021-08-04,2696.0,2719.0,2670.0,2686.0,11943.0
2021-08-05,2688.0,2759.0,2683.0,2746.0,18794.0
2021-08-06,2770.0,2840.0,2747.0,2829.0,52911.0
2021-08-09,2853.0,3044.0,2845.0,2995.0,132874.0
2021-08-10,3020.0,3094.0,2922.0,2983.0,54687.0
2021-08-11,3037.0,3077.0,2952.0,3064.0,62162.0
2021-08-12,3094.0,3318.0,3088.0,3317.0,136992.0
2021-08-13,3380.0,3820.0,3200.0,3558.0,488342.0
2021-08-16,3588.0,3724.0,3350.0,3500.0,189124.0
2021-08-17,3500.0,3547.0,3367.0,3450.0,79610.0
2021-08-18,3512.0,3520.0,3228.0,3344.0,123057.0
2021-08-19,3301.0,3333.0,3071.0,3135.0,110817.0
2021-08-20,3151.0,3151.0,3020.0,3100.0,26791.0
2021-08-23,3129.0,3340.0,3117.0,3340.0,77579.0
2021-08-24,3333.0,3340.0,3230.0,3300.0,28276.0
2021-08-25,3330.0,3330.0,3147.0,3240.0,39490.0
2021-08-26,3258.0,3450.0,3200.0,3330.0,83251.0
2021-08-27,3350.0,3415.0,3307.0,3335.0,27270.0
2021-08-30,3359.0,3387.0,3323.0,3370.0,16510.0
2021-08-31,3381.0,3426.0,3350.0,3380.0,31097.0
2021-09-01,3380.0,3420.0,3330.0,3372.0,19311.0
2021-09-02,3371.0,3415.0,3350.0,3370.0,18811.0
2021-09-03,3370.0,3391.0,3033.0,3285.0,41535.0
2021-09-06,3300.0,3348.0,3157.0,3238.0,25676.0
2021-09-07,3238.0,3287.0,3135.0,3250.0,32574.0
2021-09-08,3260.0,3295.0,3200.0,3200.0,13205.0
2021-09-09,3199.0,3260.0,3160.0,3188.0,17337.0
2021-09-10,3191.0,3238.0,3161.0,3176.0,10228.0
2021-09-13,3176.0,3330.0,3176.0,3277.0,23012.0
2021-09-14,3290.0,3395.0,3280.0,3280.0,17577.0
2021-09-15,3279.0,3345.0,3211.0,3311.0,18779.0
2021-09-16,3330.0,3377.0,3287.0,3320.0,15760.0
2021-09-17,3339.0,3347.0,3250.0,3347.0,16652.0
2021-09-20,3337.0,3338.0,3200.0,3220.0,16345.0
2021-09-21,3220.0,3280.0,3202.0,3225.0,8799.0
2021-09-22,3241.0,3350.0,3225.0,3297.0,19722.0
2021-09-23,3340.0,3515.0,3301.0,3437.0,110476.0
2021-09-24,3459.0,3510.0,3370.0,3422.0,37007.0
2021-09-27,3448.0,3489.0,3380.0,3411.0,26147.0
2021-09-28,3400.0,3431.0,3265.0,3359.0,26235.0
2021-09-29,3378.0,3386.0,3246.0,3299.0,15955.0
2021-09-30,3292.0,3329.0,3260.0,3286.0,14033.0
2021-10-01,3235.0,3355.0,3202.0,3316.0,17777.0
2021-10-04,3347.0,3369.0,3270.0,3281.0,16190.0
2021-10-05,3320.0,3429.0,3320.0,3356.0,38618.0
2021-10-06,3378.0,3378.0,3320.0,3358.0,13612.0
2021-10-07,3358.0,3375.0,3323.0,3340.0,13435.0
2021-10-08,3364.0,3449.0,3340.0,3375.0,16276.0
2021-10-11,3382.0,3419.0,3344.0,3390.0,11807.0
2021-10-12,3399.0,3430.0,3360.0,3398.0,12489.0
2021-10-13,3412.0,3416.0,3351.0,3387.0,10908.0
2021-10-14,3401.0,3549.0,3325.0,3517.0,41575.0
2021-10-15,3547.0,3665.0,3500.0,3518.0,82412.0
2021-10-18,3519.0,3597.0,3518.0,3594.0,18629.0
2021-10-19,3612.0,3649.0,3378.0,3555.0,30328.0
2021-10-20,3565.0,3629.0,3468.0,3615.0,28830.0
2021-10-21,3647.0,3815.0,3600.0,3781.0,180834.0
2021-10-22,3820.0,3950.0,3655.0,3820.0,188661.0
2021-10-25,3845.0,3900.0,3712.0,3849.0,50194.0
2021-10-26,3850.0,4000.0,3790.0,3930.0,148546.0
2021-10-27,3930.0,4000.0,3750.0,3990.0,81944.0
2021-10-28,4023.0,4160.0,4010.0,4066.0,162976.0
2021-10-29,4100.0,4118.0,3900.0,3950.0,74229.0
2021-11-01,4004.0,4138.0,4000.0,4111.0,71241.0
2021-11-02,4128.0,4169.0,4032.0,4090.0,39479.0
2021-11-03,4090.0,4110.0,3967.0,4095.0,36683.0
2021-11-05,4095.0,4150.0,4000.0,4055.0,36187.0
2021-11-08,4055.0,4142.0,4048.0,4128.0,32651.0
2021-11-09,4149.0,4276.0,4128.0,4224.0,74330.0
2021-11-10,4240.0,4296.0,4150.0,4215.0,48535.0
2021-11-11,4230.0,4247.0,3971.0,4015.0,81968.0
2021-11-12,4020.0,4094.0,3652.0,3820.0,150619.0
2021-11-15,3858.0,4046.0,3828.0,3980.0,60955.0
2021-11-16,3983.0,4040.0,3831.0,3855.0,42183.0
2021-11-17,3900.0,3990.0,3823.0,3892.0,17128.0
2021-11-18,3931.0,3932.0,3751.0,3800.0,18463.0
2021-11-19,3824.0,3873.0,3689.0,3712.0,26963.0
2021-11-22,3758.0,3758.0,3475.0,3500.0,50631.0
2021-11-23,3535.0,3785.0,3301.0,3732.0,60778.0
2021-11-24,3760.0,3866.0,3688.0,3716.0,21629.0
2021-11-25,3719.0,3754.0,3620.0,3655.0,14527.0
2021-11-26,3621.0,3640.0,3470.0,3491.0,37606.0
2021-11-29,3575.0,3600.0,3500.0,3554.0,16825.0
2021-11-30,3511.0,3539.0,3400.0,3408.0,23106.0
2021-12-01,3426.0,3662.0,3425.0,3586.0,31391.0
2021-12-02,3607.0,3748.0,3525.0,3669.0,33808.0
2021-12-03,3702.0,3820.0,3644.0,3673.0,41509.0
2021-12-06,3709.0,3722.0,3500.0,3511.0,23971.0
2021-12-07,3522.0,3600.0,3513.0,3580.0,17176.0
2021-12-08,3612.0,3650.0,3435.0,3480.0,22616.0
2021-12-09,3527.0,3527.0,3422.0,3479.0,16148.0
2021-12-10,3496.0,3502.0,3311.0,3311.0,31819.0
2021-12-13,3366.0,3400.0,3050.0,3103.0,63018.0
2021-12-14,3077.0,3484.0,2967.0,3381.0,67251.0
2021-12-15,3384.0,3540.0,3333.0,3352.0,29943.0
2021-12-16,3448.0,3505.0,3416.0,3475.0,28743.0
2021-12-17,3477.0,3493.0,3373.0,3373.0,11335.0
2021-12-20,3390.0,3420.0,3265.0,3376.0,16243.0
2021-12-21,3430.0,3478.0,3394.0,3410.0,10088.0
2021-12-22,3484.0,3519.0,3417.0,3479.0,21405.0
2021-12-23,3483.0,3512.0,3390.0,3414.0,11344.0
2021-12-24,3410.0,3485.0,3384.0,3425.0,13871.0
2021-12-27,3430.0,3453.0,3330.0,3367.0,16600.0
2021-12-28,3386.0,3400.0,3323.0,3334.0,14670.0
2021-12-29,3368.0,3374.0,3317.0,3345.0,9621.0
2021-12-30,3357.0,3396.0,3329.0,3350.0,10139.0
2022-01-03,3360.0,3450.0,3355.0,3403.0,14424.0
2022-01-04,3410.0,3478.0,3379.0,3424.0,16006.0
2022-01-05,3448.0,3475.0,3412.0,3429.0,7365.0
2022-01-06,3440.0,3440.0,3321.0,3353.0,14019.0
2022-01-10,3359.0,3399.0,3333.0,3349.0,8735.0
2022-01-11,3349.0,3399.0,3280.0,3397.0,16404.0
2022-01-12,3404.0,3580.0,3400.0,3580.0,54188.0
2022-01-13,3560.0,3744.0,3513.0,3542.0,60291.0
2022-01-14,3635.0,3674.0,3303.0,3381.0,65066.0
2022-01-17,3409.0,3590.0,3405.0,3460.0,31915.0
2022-01-18,3460.0,3524.0,3252.0,3322.0,26847.0
2022-01-19,3319.0,3377.0,3102.0,3355.0,43163.0
2022-01-20,3412.0,3650.0,3351.0,3400.0,38553.0
2022-01-21,3355.0,3416.0,3205.0,3266.0,50076.0
2022-01-24,3272.0,3308.0,2901.0,3072.0,42938.0
2022-01-25,3135.0,3190.0,3005.0,3086.0,15348.0
2022-01-26,3184.0,3205.0,3082.0,3199.0,12413.0
2022-01-27,3130.0,3230.0,3095.0,3229.0,23106.0
2022-01-28,3245.0,3266.0,3175.0,3266.0,23346.0
2022-01-31,3280.0,3280.0,3204.0,3228.0,31553.0
2022-02-01,3230.0,3271.0,3163.0,3229.0,19614.0
2022-02-02,3221.0,3250.0,3200.0,3210.0,6076.0
2022-02-03,3216.0,3226.0,3125.0,3132.0,7059.0
2022-02-04,3135.0,3180.0,3135.0,3154.0,5222.0
2022-02-07,3194.0,3194.0,3114.0,3159.0,5741.0
2022-02-08,3142.0,3221.0,3142.0,3210.0,4583.0
2022-02-09,3198.0,3250.0,3171.0,3211.0,12651.0
2022-02-10,3229.0,3229.0,3186.0,3215.0,15219.0
2022-02-11,3225.0,3230.0,3129.0,3163.0,20595.0
2022-02-14,3140.0,3158.0,3051.0,3106.0,16918.0
2022-02-15,3119.0,3170.0,3085.0,3138.0,15710.0
2022-02-16,3180.0,3213.0,3126.0,3147.0,14461.0
2022-02-17,3135.0,3135.0,3050.0,3053.0,16693.0
2022-02-18,3055.0,3095.0,2966.0,2992.0,16802.0
2022-02-21,3010.0,3059.0,2492.0,2579.0,63269.0
2022-02-22,2575.0,2850.0,2141.0,2787.0,46326.0
2022-02-24,2500.0,2548.0,1690.0,1915.0,47588.0
2022-02-25,1994.0,2677.0,1953.0,2229.0,33253.0
2022-03-28,2140.0,2605.0,1665.0,2466.0,115830.0
2022-03-29,2525.0,2775.0,2350.0,2560.0,41226.0
2022-03-30,2650.0,2770.0,2569.0,2630.0,23502.0
2022-03-31,2693.0,2697.0,2630.0,2692.0,19188.0
2022-04-01,2701.0,2800.0,2700.0,2710.0,16492.0
2022-04-04,2799.0,2830.0,2711.0,2790.0,17927.0
2022-04-05,2821.0,2900.0,2501.0,2601.0,43624.0
2022-04-06,2599.0,2649.0,2550.0,2555.0,8473.0
2022-04-07,2555.0,2850.0,2552.0,2699.0,31733.0
2022-04-08,2725.0,2795.0,2586.0,2607.0,12922.0
2022-04-11,2611.0,2786.0,2607.0,2650.0,29437.0
2022-04-12,2669.0,2683.0,2555.0,2600.0,12055.0
2022-04-13,2606.0,2648.0,2583.0,2621.0,6608.0
2022-04-14,2622.0,2646.0,2500.0,2556.0,14149.0
2022-04-15,2530.0,2545.0,2433.0,2492.0,7737.0
2022-04-18,2500.0,2527.0,2400.0,2403.0,7644.0
2022-04-19,2410.0,2444.0,2175.0,2311.0,13964.0
2022-04-20,2300.0,2391.0,2275.0,2334.0,7122.0
2022-04-21,2337.0,2475.0,2292.0,2350.0,16335.0
2022-04-22,2351.0,2385.0,2275.0,2292.0,9613.0
2022-04-25,2251.0,2271.0,2199.0,2210.0,6481.0
2022-04-26,2250.0,2300.0,2200.0,2271.0,8513.0
2022-04-27,2269.0,2466.0,2264.0,2370.0,19733.0
2022-04-28,2429.0,2460.0,2330.0,2368.0,12781.0
2022-04-29,2392.0,2420.0,2341.0,2381.0,6118.0
2022-05-04,2385.0,2398.0,2311.0,2315.0,6621.0
2022-05-05,2347.0,2536.0,2305.0,2390.0,40522.0
2022-05-06,2413.0,2468.0,2350.0,2380.0,14595.0
2022-05-11,2416.0,2540.0,2378.0,2480.0,22523.0
2022-05-12,2475.0,2652.0,2451.0,2525.0,47215.0
2022-05-13,2525.0,2592.0,2430.0,2528.0,15346.0
2022-05-16,2536.0,2580.0,2500.0,2512.0,10921.0
2022-05-17,2510.0,2645.0,2503.0,2569.0,21696.0
2022-05-18,2570.0,2675.0,2568.0,2590.0,23951.0
2022-05-19,2604.0,2640.0,2540.0,2560.0,6916.0
2022-05-20,2574.0,2607.0,2450.0,2489.0,14045.0
2022-05-23,2501.0,2507.0,2370.0,2379.0,11354.0
2022-05-24,2386.0,2400.0,2304.0,2350.0,8908.0
2022-05-25,2372.0,2393.0,2340.0,2358.0,4306.0
2022-05-26,2365.0,2388.0,2355.0,2357.0,6008.0
2022-05-27,2369.0,2431.0,2352.0,2384.0,7584.0
2022-05-30,2400.0,2420.0,2355.0,2365.0,7640.0
2022-05-31,2366.0,2385.0,2310.0,2315.0,4552.0
2022-06-01,2316.0,2344.0,2290.0,2312.0,6203.0
2022-06-02,2322.0,2346.0,2277.0,2296.0,6876.0
2022-06-03,2294.0,2304.0,2220.0,2275.0,7157.0
2022-06-06,2300.0,2427.0,2283.0,2336.0,33340.0
2022-06-07,2364.0,2424.0,2320.0,2330.0,16830.0
2022-06-08,2357.0,2357.0,2319.0,2321.0,6732.0
2022-06-09,2343.0,2343.0,2280.0,2300.0,5627.0
2022-06-10,2313.0,2338.0,2280.0,2309.0,8441.0
2022-06-14,2333.0,2340.0,2300.0,2310.0,11200.0
2022-06-15,2319.0,2335.0,2290.0,2308.0,17452.0
2022-06-16,2260.0,2298.0,2250.0,2286.0,13604.0
2022-06-17,2289.0,2292.0,2268.0,2279.0,4901.0
2022-06-20,2287.0,2297.0,2250.0,2279.0,10165.0
2022-06-21,2295.0,2345.0,2263.0,2314.0,30328.0
2022-06-22,2314.0,2333.0,2280.0,2299.0,5324.0
2022-06-23,2311.0,2367.0,2289.0,2334.0,18535.0
2022-06-24,2341.0,2393.0,2339.0,2345.0,11623.0
2022-06-27,2347.0,2440.0,2327.0,2405.0,18801.0
2022-06-28,2428.0,2428.0,2348.0,2381.0,12091.0
2022-06-29,2388.0,2499.0,2271.0,2310.0,40211.0
2022-06-30,2318.0,2358.0,2260.0,2285.0,16556.0
2022-07-01,2307.0,2333.0,2265.0,2318.0,10136.0
2022-07-04,2334.0,2350.0,2300.0,2301.0,9590.0
2022-07-05,2324.0,2340.0,2284.0,2327.0,13478.0
2022-07-06,2327.0,2348.0,2303.0,2308.0,9557.0
2022-07-07,2312.0,2437.0,2311.0,2409.0,31885.0
2022-07-08,2409.0,2560.0,2370.0,2520.0,35885.0
2022-07-11,2550.0,2599.0,2432.0,2450.0,27084.0
2022-07-12,2451.0,2466.0,2300.0,2344.0,25829.0
2022-07-13,2350.0,2398.0,2330.0,2370.0,14674.0
2022-07-14,2384.0,2411.0,2320.0,2403.0,8515.0
2022-07-15,2410.0,2532.0,2405.0,2474.0,31304.0
2022-07-18,2509.0,2509.0,2428.0,2431.0,10199.0
2022-07-19,2444.0,2444.0,2300.0,2393.0,13687.0
2022-07-20,2400.0,2490.0,2396.0,2429.0,12338.0
2022-07-21,2429.0,2436.0,2373.0,2415.0,7727.0
2022-07-22,2415.0,2488.0,2395.0,2434.0,13346.0
2022-07-25,2436.0,2490.0,2435.0,2466.0,8830.0
2022-07-26,2483.0,2489.0,2408.0,2451.0,7727.0
2022-07-27,2467.0,2595.0,2449.0,2540.0,27957.0
2022-07-28,2567.0,2590.0,2440.0,2504.0,22970.0
2022-07-29,2538.0,2550.0,2472.0,2496.0,17907.0
2022-08-01,2509.0,2549.0,2415.0,2481.0,19162.0
2022-08-02,2496.0,2505.0,2432.0,2444.0,9971.0
2022-08-03,2444.0,2514.0,2432.0,2505.0,12292.0
2022-08-04,2505.0,2538.0,2450.0,2492.0,9161.0
2022-08-05,2481.0,2511.0,2372.0,2430.0,17661.0
2022-08-08,2431.0,2495.0,2426.0,2457.0,13293.0
2022-08-09,2477.0,2477.0,2438.0,2460.0,5406.0
2022-08-10,2468.0,2510.0,2460.0,2494.0,13448.0
2022-08-11,2495.0,2516.0,2435.0,2465.0,8802.0
2022-08-12,2470.0,2484.0,2441.0,2482.0,5155.0
2022-08-15,2500.0,2625.0,2491.0,2618.0,48846.0
2022-08-16,2700.0,2700.0,2602.0,2657.0,23837.0
2022-08-17,2669.0,2669.0,2566.0,2634.0,17175.0
2022-08-18,2639.0,2670.0,2585.0,2600.0,15723.0
2022-08-19,2610.0,2704.0,2530.0,2582.0,33054.0
2022-08-22,2562.0,2653.0,2562.0,2653.0,12578.0
2022-08-23,2653.0,2680.0,2630.0,2657.0,8896.0
2022-08-24,2658.0,2700.0,2650.0,2690.0,17262.0
2022-08-25,2774.0,2927.0,2722.0,2788.0,141382.0
2022-08-26,2809.0,2867.0,2736.0,2808.0,37281.0
2022-08-29,2800.0,2869.0,2770.0,2858.0,46442.0
2022-08-30,2931.0,3034.0,2900.0,2926.0,91312.0
2022-08-31,2920.0,3000.0,2920.0,2993.0,33412.0
2022-09-01,3005.0,3068.0,2993.0,3000.0,34398.0
2022-09-02,3000.0,3049.0,2994.0,3038.0,18281.0
2022-09-05,3048.0,3055.0,3010.0,3017.0,15765.0
2022-09-06,3027.0,3037.0,2865.0,2921.0,30898.0
2022-09-07,2915.0,2949.0,2889.0,2937.0,10962.0
2022-09-08,2944.0,3015.0,2917.0,2975.0,21864.0
2022-09-09,2997.0,3034.0,2963.0,2999.0,15906.0
2022-09-12,3003.0,3044.0,2922.0,3023.0,10740.0
2022-09-13,3027.0,3046.0,2985.0,2991.0,19422.0
2022-09-14,2992.0,3045.0,2990.0,3021.0,17418.0
2022-09-15,3030.0,3037.0,2995.0,3023.0,10168.0
2022-09-16,3023.0,3060.0,3003.0,3010.0,14996.0
2022-09-19,3016.0,3040.0,3014.0,3033.0,6544.0
2022-09-20,3033.0,3100.0,2692.0,2791.0,77542.0
2022-09-21,2651.0,2988.0,2436.0,2788.0,58587.0
2022-09-22,2802.0,2897.0,2720.0,2800.0,36925.0
2022-09-23,2835.0,2835.0,2567.0,2628.0,28212.0
2022-09-26,2580.0,2749.0,2400.0,2547.0,52512.0
2022-09-27,2562.0,2710.0,2521.0,2662.0,20387.0
2022-09-28,2602.0,2698.0,2594.0,2603.0,12818.0
2022-09-29,2611.0,2648.0,2455.0,2478.0,24460.0
2022-09-30,2455.0,2640.0,2415.0,2551.0,27821.0
2022-10-03,2632.0,2697.0,2594.0,2670.0,77966.0
2022-10-04,2802.0,2820.0,2679.0,2727.0,50907.0
2022-10-05,2740.0,2799.0,2561.0,2674.0,56402.0
2022-10-06,2690.0,2846.0,2674.0,2680.0,74745.0
2022-10-07,2700.0,2745.0,2605.0,2690.0,54304.0
2022-10-10,2599.0,2730.0,2523.0,2711.0,38530.0
2022-10-11,2723.0,2770.0,2720.0,2765.0,52369.0
2022-10-12,2669.0,2750.0,2650.0,2709.0,42985.0
2022-10-13,2724.0,2724.0,2671.0,2697.0,16197.0
2022-10-14,2699.0,2700.0,2661.0,2686.0,10549.0
2022-10-17,2686.0,2728.0,2675.0,2713.0,26407.0
2022-10-18,2720.0,2730.0,2684.0,2707.0,14921.0
2022-10-19,2698.0,2772.0,2651.0,2703.0,34485.0
2022-10-20,2732.0,2858.0,2712.0,2772.0,115380.0
2022-10-21,2793.0,2798.0,2721.0,2776.0,27252.0
2022-10-24,2781.0,2843.0,2740.0,2807.0,27498.0
2022-10-25,2816.0,2845.0,2808.0,2819.0,22102.0
2022-10-26,2826.0,2830.0,2783.0,2800.0,17340.0
2022-10-27,2810.0,2829.0,2798.0,2820.0,22726.0
2022-10-28,2823.0,2830.0,2785.0,2809.0,12162.0
2022-10-31,2808.0,2833.0,2801.0,2812.0,14686.0
2022-11-01,2820.0,2850.0,2790.0,2807.0,14509.0
2022-11-02,2812.0,2820.0,2792.0,2798.0,9331.0
2022-11-03,2794.0,2795.0,2500.0,2759.0,33016.0
2022-11-07,2780.0,2833.0,2770.0,2815.0,22646.0
2022-11-08,2818.0,2850.0,2815.0,2822.0,23835.0
2022-11-09,2820.0,2830.0,2768.0,2776.0,21058.0
2022-11-10,2776.0,2816.0,2774.0,2806.0,16126.0
2022-11-11,2815.0,2828.0,2790.0,2791.0,11228.0
2022-11-14,2800.0,2828.0,2790.0,2799.0,12953.0
2022-11-15,2808.0,2808.0,2780.0,2797.0,10363.0
2022-11-16,2783.0,2793.0,2733.0,2778.0,10272.0
2022-11-17,2788.0,2800.0,2773.0,2793.0,9741.0
2022-11-18,2800.0,2800.0,2765.0,2771.0,5583.0
2022-11-21,2774.0,2783.0,2714.0,2748.0,11684.0
2022-11-22,2755.0,2760.0,2726.0,2742.0,6196.0
2022-11-23,2740.0,2753.0,2728.0,2737.0,4865.0
2022-11-24,2746.0,2800.0,2741.0,2774.0,14809.0
2022-11-25,2774.0,2775.0,2739.0,2747.0,10837.0
2022-11-28,2751.0,2778.0,2750.0,2766.0,11702.0
2022-11-29,2762.0,2838.0,2757.0,2772.0,35852.0
2022-11-30,2790.0,2814.0,2775.0,2785.0,25321.0
2022-12-01,2790.0,2840.0,2785.0,2815.0,50045.0
2022-12-02,2826.0,2861.0,2815.0,2855.0,40922.0
2022-12-05,2945.0,2992.0,2841.0,2851.0,133319.0
2022-12-06,2867.0,2869.0,2799.0,2814.0,32266.0
2022-12-07,2846.0,2952.0,2820.0,2842.0,67213.0
2022-12-08,2836.0,2880.0,2805.0,2813.0,32987.0
2022-12-09,2830.0,2840.0,2806.0,2826.0,14769.0
2022-12-12,2833.0,2840.0,2812.0,2814.0,11095.0
2022-12-13,2819.0,2828.0,2750.0,2773.0,22859.0
2022-12-14,2774.0,2780.0,2730.0,2743.0,13799.0
2022-12-15,2739.0,2786.0,2669.0,2705.0,23934.0
2022-12-16,2705.0,2746.0,2700.0,2727.0,10053.0
2022-12-19,2731.0,2749.0,2692.0,2698.0,13208.0
2022-12-20,2700.0,2785.0,2669.0,2739.0,22863.0
2022-12-21,2745.0,2779.0,2738.0,2752.0,16269.0
2022-12-22,2766.0,2790.0,2733.0,2733.0,21753.0
2022-12-23,2735.0,2756.0,2726.0,2732.0,15630.0
2022-12-26,2733.0,2750.0,2685.0,2729.0,16248.0
2022-12-27,2731.0,2745.0,2721.0,2737.0,11473.0
2022-12-28,2744.0,2800.0,2732.0,2759.0,33317.0
2022-12-29,2786.0,2789.0,2759.0,2775.0,13436.0
2022-12-30,2788.0,2800.0,2755.0,2768.0,17395.0
2023-01-03,2785.0,2827.0,2770.0,2806.0,15632.0
2023-01-04,2812.0,2833.0,2800.0,2811.0,9434.0
2023-01-05,2812.0,2833.0,2811.0,2822.0,10184.0
2023-01-06,2826.0,2860.0,2813.0,2838.0,12536.0
2023-01-09,2836.0,2859.0,2833.0,2851.0,23600.0
2023-01-10,2858.0,2896.0,2839.0,2888.0,44714.0
2023-01-11,2898.0,2935.0,2861.0,2893.0,77484.0
2023-01-12,2903.0,2906.0,2888.0,2890.0,24189.0
2023-01-13,2896.0,2898.0,2860.0,2879.0,24577.0
2023-01-16,2895.0,2911.0,2883.0,2899.0,36603.0
2023-01-17,2909.0,2911.0,2861.0,2878.0,43716.0
2023-01-18,2878.0,2905.0,2865.0,2885.0,31894.0
2023-01-19,2890.0,2891.0,2851.0,2870.0,44313.0
2023-01-20,2803.0,2820.0,2800.0,2802.0,66645.0
2023-01-23,2811.0,2817.0,2801.0,2811.0,14399.0
2023-01-24,2808.0,2835.0,2802.0,2821.0,24506.0
2023-01-25,2825.0,2845.0,2810.0,2829.0,18436.0
2023-01-26,2842.0,2846.0,2822.0,2840.0,13651.0
2023-01-27,2844.0,2849.0,2812.0,2825.0,17767.0
2023-01-30,2839.0,2865.0,2830.0,2858.0,20440.0
2023-01-31,2865.0,2875.0,2857.0,2867.0,11629.0
2023-02-01,2870.0,2890.0,2862.0,2868.0,21525.0
2023-02-02,2879.0,2895.0,2863.0,2875.0,20078.0
2023-02-03,2884.0,2891.0,2838.0,2846.0,15783.0
2023-02-06,2863.0,2943.0,2853.0,2926.0,46625.0
2023-02-07,2931.0,2935.0,2881.0,2916.0,20608.0
2023-02-08,2922.0,2970.0,2901.0,2943.0,42813.0
2023-02-09,2945.0,2956.0,2905.0,2926.0,21964.0
2023-02-10,2926.0,2950.0,2920.0,2930.0,16603.0
2023-02-13,2937.0,2982.0,2932.0,2969.0,26169.0
2023-02-14,2970.0,3010.0,2901.0,2912.0,44667.0
2023-02-15,2915.0,2921.0,2815.0,2836.0,37119.0
2023-02-16,2856.0,2895.0,2831.0,2845.0,28933.0
2023-02-17,2845.0,2863.0,2807.0,2820.0,27458.0
2023-02-20,2839.0,2840.0,2758.0,2819.0,24228.0
2023-02-21,2829.0,2891.0,2806.0,2878.0,27536.0
2023-02-22,2882.0,2890.0,2846.0,2854.0,10134.0
2023-02-24,2873.0,2890.0,2850.0,2886.0,7804.0
2023-02-27,2885.0,2936.0,2864.0,2925.0,23477.0
2023-02-28,2925.0,2969.0,2924.0,2960.0,29190.0
2023-03-01,2957.0,3020.0,2950.0,3017.0,44392.0
2023-03-02,3020.0,3045.0,2900.0,2960.0,67131.0
2023-03-03,2960.0,3036.0,2934.0,3012.0,36094.0
2023-03-06,3027.0,3228.0,3026.0,3200.0,178325.0
2023-03-07,3231.0,3299.0,3200.0,3215.0,115911.0
2023-03-09,3220.0,3499.0,3216.0,3495.0,440035.0
2023-03-10,3486.0,3550.0,3351.0,3381.0,417484.0
2023-03-13,3687.0,3690.0,3508.0,3553.0,496382.0
2023-03-14,3569.0,3590.0,3513.0,3566.0,104149.0
2023-03-15,3570.0,3600.0,3500.0,3527.0,109640.0
2023-03-16,3527.0,3580.0,3521.0,3562.0,72642.0
2023-03-17,3565.0,3580.0,3545.0,3567.0,76605.0
2023-03-20,3579.0,3620.0,3575.0,3605.0,77626.0
2023-03-21,3610.0,3625.0,3605.0,3613.0,44928.0
2023-03-22,3613.0,3846.0,3613.0,3804.0,146475.0
2023-03-23,3814.0,3968.0,3811.0,3919.0,210035.0
2023-03-24,3921.0,3948.0,3860.0,3894.0,91185.0
2023-03-27,3904.0,4010.0,3903.0,4009.0,106156.0
2023-03-28,4019.0,4083.0,3950.0,4038.0,106163.0
2023-03-29,4043.0,4068.0,4007.0,4032.0,42805.0
2023-03-30,4043.0,4044.0,4010.0,4023.0,37385.0
2023-03-31,4027.0,4051.0,4001.0,4037.0,65303.0
2023-04-03,4041.0,4345.0,4041.0,4311.0,250248.0
2023-04-04,4315.0,4536.0,4297.0,4443.0,322627.0
2023-04-05,4451.0,4512.0,4290.0,4409.0,151042.0
2023-04-06,4429.0,4479.0,4416.0,4420.0,89402.0
2023-04-07,4442.0,4442.0,4367.0,4430.0,59791.0
2023-04-10,4456.0,4465.0,4423.0,4449.0,59371.0
2023-04-11,4457.0,4510.0,4000.0,4393.0,158161.0
2023-04-12,4390.0,4435.0,4350.0,4400.0,57504.0
2023-04-13,4401.0,4427.0,4372.0,4394.0,57423.0
2023-04-14,4395.0,4506.0,4381.0,4489.0,81787.0
2023-04-17,4700.0,4700.0,4530.0,4567.0,197681.0
2023-04-18,4588.0,4588.0,4516.0,4555.0,75143.0
2023-04-19,4552.0,4561.0,4516.0,4542.0,61180.0
2023-04-20,4545.0,4562.0,4425.0,4553.0,76384.0
2023-04-21,4555.0,4605.0,4511.0,4598.0,89232.0
2023-04-24,4598.0,4723.0,4595.0,4709.0,235752.0
2023-04-25,4309.0,4543.0,4298.0,4427.0,448329.0
2023-04-26,4427.0,4506.0,4400.0,4421.0,98169.0
2023-04-27,4408.0,4433.0,4306.0,4320.0,105758.0
2023-04-28,4302.0,4314.0,4119.0,4172.0,169872.0
2023-05-02,4170.0,4170.0,3835.0,3940.0,171256.0
2023-05-03,3927.0,4147.0,3755.0,3887.0,206892.0
2023-05-04,3888.0,4072.0,3883.0,4028.0,85123.0
2023-05-05,4041.0,4072.0,3957.0,3983.0,35014.0
2023-05-08,3999.0,3999.0,3900.0,3904.0,17501.0
2023-05-10,3905.0,4065.0,3905.0,4064.0,63695.0
2023-05-11,4080.0,4162.0,3957.0,4026.0,96176.0
2023-05-12,4053.0,4180.0,4013.0,4101.0,60224.0
2023-05-15,4115.0,4150.0,4091.0,4150.0,33215.0
2023-05-16,4168.0,4284.0,4153.0,4283.0,70699.0
2023-05-17,4286.0,4348.0,4176.0,4249.0,90571.0
2023-05-18,4248.0,4257.0,4203.0,4209.0,40838.0
2023-05-19,4215.0,4215.0,4103.0,4150.0,36970.0
2023-05-22,4167.0,4167.0,4050.0,4080.0,37973.0
2023-05-23,4080.0,4150.0,4050.0,4127.0,29030.0
2023-05-24,4139.0,4238.0,4124.0,4220.0,44334.0
2023-05-25,4224.0,4229.0,4170.0,4200.0,24553.0
2023-05-26,4202.0,4280.0,4072.0,4200.0,68038.0
2023-05-29,4235.0,4284.0,4216.0,4246.0,39134.0
2023-05-30,4222.0,4256.0,4151.0,4185.0,46051.0
2023-05-31,4180.0,4181.0,4100.0,4152.0,30856.0
2023-06-01,4152.0,4162.0,4080.0,4104.0,27887.0
2023-06-02,4110.0,4212.0,4085.0,4176.0,36105.0
2023-06-05,4193.0,4196.0,4103.0,4130.0,45033.0
2023-06-06,4120.0,4179.0,3972.0,4150.0,38558.0
2023-06-07,4156.0,4250.0,4110.0,4227.0,40689.0
2023-06-08,4238.0,4280.0,4161.0,4212.0,42996.0
2023-06-09,4212.0,4240.0,4171.0,4205.0,31142.0
2023-06-13,4230.0,4287.0,4210.0,4271.0,49563.0
2023-06-14,4292.0,4319.0,4225.0,4245.0,50823.0
2023-06-15,4255.0,4259.0,4226.0,4242.0,19321.0
2023-06-16,4242.0,4248.0,4200.0,4213.0,23034.0
2023-06-19,4215.0,4224.0,4150.0,4174.0,36655.0
2023-06-20,4180.0,4225.0,4168.0,4202.0,36220.0
2023-06-21,4206.0,4250.0,4185.0,4229.0,28417.0
2023-06-22,4236.0,4430.0,4216.0,4321.0,192596.0
2023-06-23,4363.0,4435.0,4102.0,4172.0,157246.0
2023-06-26,4257.0,4320.0,4032.0,4205.0,92603.0
2023-06-27,4199.0,4253.0,4193.0,4245.0,29732.0
2023-06-28,4249.0,4260.0,4209.0,4218.0,25949.0
2023-06-29,4221.0,4255.0,4217.0,4239.0,24035.0
2023-06-30,4239.0,4240.0,4190.0,4196.0,22708.0
2023-07-03,4204.0,4219.0,4175.0,4184.0,20727.0
2023-07-04,4185.0,4224.0,4155.0,4174.0,24309.0
2023-07-05,4193.0,4299.0,4182.0,4256.0,38272.0
2023-07-06,4270.0,4294.0,4205.0,4211.0,20886.0
2023-07-07,4211.0,4253.0,4209.0,4230.0,17807.0
2023-07-10,4235.0,4395.0,4231.0,4391.0,79450.0
2023-07-11,4399.0,4468.0,4343.0,4415.0,107015.0
2023-07-12,4418.0,4434.0,4343.0,4391.0,46448.0
2023-07-13,4400.0,4586.0,4390.0,4538.0,269276.0
2023-07-14,4547.0,4566.0,4503.0,4538.0,57822.0
2023-07-17,4520.0,4774.0,4462.0,4757.0,253527.0
2023-07-18,4799.0,4920.0,4763.0,4875.0,204936.0
2023-07-19,4880.0,4963.0,4830.0,4885.0,77584.0
2023-07-20,4900.0,4925.0,4687.0,4793.0,119688.0
2023-07-21,4808.0,4967.0,4797.0,4945.0,213306.0
2023-07-24,4950.0,5050.0,4927.0,5007.0,228305.0
2023-07-25,5036.0,5038.0,4975.0,4993.0,79684.0
2023-07-26,4993.0,5012.0,4866.0,4922.0,114378.0
2023-07-27,4930.0,4951.0,4854.0,4926.0,124672.0
2023-07-28,4927.0,4935.0,4851.0,4882.0,75690.0
2023-07-31,4901.0,4913.0,4831.0,4863.0,126253.0
2023-08-01,4881.0,5030.0,4862.0,5004.0,157213.0
2023-08-02,5009.0,5116.0,4975.0,5097.0,171451.0
2023-08-03,5350.0,5490.0,5226.0,5467.0,631671.0
2023-08-04,5470.0,5884.0,5331.0,5617.0,705995.0
2023-08-07,5715.0,5900.0,5614.0,5800.0,301455.0
2023-08-08,5806.0,5813.0,5620.0,5751.0,200050.0
2023-08-09,5796.0,5847.0,5651.0,5717.0,258293.0
2023-08-10,5788.0,5789.0,5501.0,5675.0,364678.0
2023-08-11,5689.0,5693.0,5577.0,5683.0,167222.0
2023-08-14,5738.0,5847.0,5620.0,5686.0,627862.0
2023-08-15,5685.0,5799.0,5550.0,5694.0,223414.0
2023-08-16,5728.0,5740.0,5453.0,5659.0,181595.0
2023-08-17,5681.0,5750.0,5585.0,5670.0,102075.0
2023-08-18,5675.0,5678.0,5561.0,5630.0,152206.0
2023-08-21,5655.0,5685.0,5610.0,5656.0,115891.0
2023-08-22,5670.0,5754.0,5600.0,5722.0,142053.0
2023-08-23,5736.0,5748.0,5550.0,5593.0,152951.0
2023-08-24,5629.0,5670.0,5425.0,5643.0,92866.0
2023-08-25,5646.0,5659.0,5598.0,5645.0,60779.0
2023-08-28,5649.0,5777.0,5645.0,5766.0,155936.0
2023-08-29,5775.0,5830.0,5713.0,5772.0,163689.0
2023-08-30,5780.0,5849.0,5750.0,5836.0,173397.0
2023-08-31,5858.0,5946.0,5850.0,5944.0,217977.0
2023-09-01,5959.0,5975.0,5850.0,5937.0,115861.0
2023-09-04,5950.0,6012.0,5945.0,5992.0,148987.0
2023-09-05,5999.0,6043.0,5872.0,5999.0,144623.0
2023-09-06,6017.0,6020.0,5942.0,5960.0,74913.0
2023-09-07,5967.0,5975.0,5670.0,5834.0,250635.0
2023-09-08,5811.0,5869.0,5650.0,5799.0,132419.0
2023-09-11,5786.0,5810.0,5680.0,5713.0,88675.0
2023-09-12,5740.0,5900.0,5724.0,5886.0,99629.0
2023-09-13,5877.0,5920.0,5820.0,5851.0,72479.0
2023-09-14,5855.0,5859.0,5606.0,5768.0,114036.0
2023-09-15,5764.0,5890.0,5740.0,5874.0,84823.0
2023-09-18,5902.0,6066.0,5900.0,6001.0,204009.0
2023-09-19,6010.0,6055.0,5818.0,5847.0,258599.0
2023-09-20,5859.0,5926.0,5710.0,5872.0,146996.0
2023-09-21,5873.0,5875.0,5711.0,5719.0,126227.0
2023-09-22,5721.0,5830.0,5650.0,5814.0,114825.0
2023-09-25,5845.0,5930.0,5825.0,5910.0,125726.0
2023-09-26,5913.0,5925.0,5822.0,5881.0,158060.0
2023-09-27,5898.0,5960.0,5878.0,5947.0,174622.0
2023-09-28,5945.0,5977.0,5910.0,5948.0,267674.0
2023-09-29,5630.0,5649.0,5515.0,5527.0,433773.0
2023-10-02,5526.0,5628.0,5472.0,5589.0,156869.0
2023-10-03,5588.0,5593.0,5524.0,5568.0,57647.0
2023-10-04,5565.0,5583.0,5500.0,5519.0,46020.0
2023-10-05,5529.0,5560.0,5480.0,5548.0,48007.0
2023-10-06,5559.0,5562.0,5510.0,5540.0,41766.0
2023-10-09,5543.0,5559.0,5513.0,5529.0,40838.0
2023-10-10,5535.0,5638.0,5520.0,5609.0,81146.0
2023-10-11,5620.0,5644.0,5509.0,5516.0,59418.0
2023-10-12,5500.0,5589.0,5367.0,5563.0,61755.0
2023-10-13,5564.0,5711.0,5553.0,5684.0,149708.0
2023-10-16,5690.0,5769.0,5660.0,5759.0,131594.0
2023-10-17,5759.0,5800.0,5742.0,5780.0,73893.0
2023-10-18,5781.0,5800.0,5732.0,5753.0,54463.0
2023-10-19,5753.0,5753.0,5690.0,5700.0,54701.0
2023-10-20,5700.0,5711.0,5605.0,5682.0,51328.0
2023-10-23,5671.0,5797.0,5643.0,5755.0,109053.0
2023-10-24,5771.0,5771.0,5709.0,5713.0,53438.0
2023-10-25,5713.0,5725.0,5680.0,5691.0,29992.0
2023-10-26,5696.0,5710.0,5611.0,5634.0,55203.0
2023-10-27,5639.0,5645.0,5484.0,5595.0,66488.0
2023-10-30,5596.0,5700.0,5545.0,5654.0,47341.0
2023-10-31,5654.0,5700.0,5574.0,5609.0,44340.0
2023-11-01,5609.0,5634.0,5591.0,5614.0,22465.0
2023-11-02,5615.0,5628.0,5570.0,5571.0,27464.0
2023-11-03,5571.0,5597.0,5545.0,5557.0,20079.0
2023-11-06,5558.0,5589.0,5557.0,5584.0,12570.0
2023-11-07,5588.0,5697.0,5587.0,5684.0,48392.0
2023-11-08,5685.0,5739.0,5673.0,5725.0,47796.0
2023-11-09,5729.0,5730.0,5636.0,5658.0,26321.0
2023-11-10,5650.0,5807.0,5636.0,5689.0,136882.0
2023-11-13,5718.0,5795.0,5655.0,5662.0,117210.0
2023-11-14,5674.0,5695.0,5577.0,5598.0,72965.0
2023-11-15,5598.0,5635.0,5557.0,5594.0,48895.0
2023-11-16,5594.0,5616.0,5520.0,5548.0,43311.0
2023-11-17,5553.0,5595.0,5530.0,5559.0,29213.0
2023-11-20,5567.0,5635.0,5559.0,5600.0,35882.0
2023-11-21,5602.0,5623.0,5582.0,5585.0,22189.0
2023-11-22,5603.0,5617.0,5555.0,5583.0,35142.0
2023-11-23,5584.0,5587.0,5520.0,5550.0,47390.0
2023-11-24,5542.0,5580.0,5510.0,5525.0,34184.0
2023-11-27,5526.0,5542.0,5371.0,5412.0,73656.0
2023-11-28,5423.0,5433.0,5264.0,5327.0,85513.0
2023-11-29,5333.0,5523.0,5330.0,5406.0,68633.0
2023-11-30,5425.0,5471.0,5330.0,5354.0,47291.0
2023-12-01,5345.0,5353.0,5125.0,5172.0,105741.0
2023-12-04,5168.0,5170.0,5025.0,5066.0,125572.0
2023-12-05,5073.0,5113.0,4852.0,4986.0,237334.0
2023-12-06,4973.0,5040.0,4780.0,4802.0,114298.0
2023-12-07,4825.0,4933.0,4725.0,4912.0,140290.0
2023-12-08,4920.0,5100.0,4915.0,4979.0,88455.0
2023-12-11,4997.0,4997.0,4762.0,4797.0,79255.0
2023-12-12,4796.0,5003.0,4773.0,4912.0,110488.0
2023-12-13,4886.0,5004.0,4858.0,4896.0,62962.0
2023-12-14,4923.0,4980.0,4771.0,4865.0,55948.0
2023-12-15,4863.0,5176.0,4775.0,5173.0,139000.0
2023-12-18,5203.0,5422.0,5182.0,5419.0,167946.0
2023-12-19,5435.0,5473.0,5225.0,5356.0,127227.0
2023-12-20,5366.0,5399.0,5302.0,5343.0,44322.0
2023-12-21,5330.0,5348.0,5260.0,5278.0,33322.0
2023-12-22,5293.0,5401.0,5278.0,5384.0,47546.0
2023-12-25,5401.0,5459.0,5324.0,5385.0,61747.0
2023-12-26,5385.0,5444.0,5341.0,5364.0,104093.0
2023-12-27,5293.0,5368.0,5247.0,5333.0,95014.0
2023-12-28,5333.0,5378.0,5300.0,5333.0,37815.0
2023-12-29,5333.0,5379.0,5311.0,5347.0,29269.0
2024-01-03,5348.0,5550.0,5348.0,5534.0,42135.0
2024-01-04,5541.0,5599.0,5520.0,5547.0,26439.0
2024-01-05,5553.0,5590.0,5498.0,5500.0,19128.0
2024-01-08,5515.0,5560.0,5461.0,5521.0,31538.0
2024-01-09,5525.0,5617.0,5504.0,5589.0,53819.0
2024-01-10,5607.0,5780.0,5604.0,5697.0,130255.0
2024-01-11,5710.0,5755.0,5668.0,5719.0,37745.0
2024-01-12,5725.0,5769.0,5686.0,5707.0,40796.0
2024-01-15,5715.0,5769.0,5589.0,5696.0,91911.0
2024-01-16,5709.0,5748.0,5670.0,5728.0,54286.0
2024-01-17,5731.0,5811.0,5705.0,5804.0,71081.0
2024-01-18,5812.0,5837.0,5681.0,5740.0,87089.0
2024-01-19,5738.0,5760.0,5627.0,5688.0,40988.0
2024-01-22,5691.0,5729.0,5688.0,5709.0,22469.0
2024-01-23,5709.0,5743.0,5703.0,5714.0,30221.0
2024-01-24,5719.0,5741.0,5670.0,5683.0,26369.0
2024-01-25,5687.0,5701.0,5591.0,5598.0,46649.0
2024-01-26,5599.0,5638.0,5551.0,5568.0,61018.0
2024-01-29,5577.0,5668.0,5572.0,5603.0,65021.0
2024-01-30,5617.0,5664.0,5603.0,5658.0,43497.0
2024-01-31,5662.0,5750.0,5653.0,5737.0,90631.0
2024-02-01,5750.0,5777.0,5713.0,5743.0,74746.0
2024-02-02,5761.0,5775.0,5709.0,5712.0,31901.0
2024-02-05,5713.0,5748.0,5668.0,5692.0,36641.0
2024-02-06,5688.0,5736.0,5687.0,5725.0,40703.0
2024-02-07,5736.0,5750.0,5705.0,5714.0,27509.0
2024-02-08,5725.0,5725.0,5670.0,5682.0,45131.0
2024-02-09,5686.0,5691.0,5621.0,5666.0,32178.0
2024-02-12,5666.0,5714.0,5660.0,5693.0,29703.0
2024-02-13,5699.0,5720.0,5676.0,5719.0,27795.0
2024-02-14,5725.0,5744.0,5684.0,5697.0,29772.0
2024-02-15,5717.0,5805.0,5678.0,5775.0,99949.0
2024-02-16,5794.0,5820.0,5651.0,5694.0,129498.0
2024-02-19,5694.0,5735.0,5670.0,5675.0,41426.0
2024-02-20,5676.0,5682.0,5507.0,5545.0,100004.0
2024-02-21,5540.0,5560.0,5348.0,5549.0,112346.0
2024-02-22,5562.0,5640.0,5516.0,5570.0,45683.0
2024-02-26,5615.0,5720.0,5591.0,5640.0,127290.0
2024-02-27,5643.0,5671.0,5618.0,5660.0,53315.0
2024-02-28,5664.0,5689.0,5600.0,5630.0,79484.0
2024-02-29,5628.0,5666.0,5601.0,5633.0,52232.0
2024-03-01,5644.0,5668.0,5632.0,5641.0,29906.0
2024-03-04,5665.0,5878.0,5659.0,5838.0,195219.0
2024-03-05,5838.0,5875.0,5784.0,5825.0,72968.0
2024-03-06,5800.0,5887.0,5784.0,5837.0,72618.0
2024-03-07,5836.0,5883.0,5803.0,5862.0,40379.0
2024-03-11,5879.0,5971.0,5857.0,5907.0,122328.0
2024-03-12,5920.0,5939.0,5824.0,5859.0,78040.0
2024-03-13,5902.0,5916.0,5852.0,5881.0,48597.0
2024-03-14,5852.0,5852.0,5683.0,5754.0,239030.0
2024-03-15,5766.0,5830.0,5651.0,5667.0,113415.0
2024-03-18,5685.0,5858.0,5654.0,5835.0,186024.0
2024-03-19,5835.0,5910.0,5800.0,5824.0,110990.0
2024-03-20,5829.0,5899.0,5750.0,5825.0,51412.0
2024-03-21,5826.0,5876.0,5821.0,5857.0,28972.0
2024-03-22,5859.0,5868.0,5702.0,5760.0,62506.0
2024-03-25,5762.0,5850.0,5738.0,5821.0,44162.0
2024-03-26,5843.0,5895.0,5825.0,5891.0,44285.0
2024-03-27,5897.0,5968.0,5815.0,5859.0,71677.0
2024-03-28,5861.0,5879.0,5807.0,5843.0,26767.0
2024-03-29,5845.0,5886.0,5825.0,5869.0,35221.0
2024-04-01,5869.0,5928.0,5861.0,5901.0,51920.0
2024-04-02,5912.0,6150.0,5892.0,6115.0,277408.0
2024-04-03,6126.0,6190.0,6061.0,6071.0,105195.0
2024-04-04,6091.0,6198.0,6071.0,6140.0,66893.0
2024-04-05,6147.0,6246.0,6105.0,6195.0,59806.0
2024-04-08,6213.0,6250.0,6167.0,6212.0,59743.0
2024-04-09,6212.0,6250.0,6013.0,6122.0,132903.0
2024-04-10,6138.0,6165.0,6100.0,6126.0,53358.0
2024-04-11,6133.0,6210.0,6132.0,6187.0,46588.0
2024-04-12,6190.0,6219.0,6101.0,6116.0,64400.0
2024-04-15,6119.0,6167.0,6119.0,6150.0,35792.0
2024-04-16,6155.0,6218.0,6149.0,6200.0,49496.0
2024-04-17,6204.0,6240.0,6120.0,6141.0,52553.0
2024-04-18,6145.0,6171.0,6050.0,6090.0,60787.0
2024-04-19,6093.0,6159.0,6092.0,6108.0,51997.0
2024-04-22,6117.0,6130.0,6002.0,6044.0,57367.0
2024-04-23,6042.0,6095.0,5936.0,5979.0,95910.0
2024-04-24,5982.0,6001.0,5885.0,5897.0,75418.0
2024-04-25,5905.0,6000.0,5900.0,5998.0,82940.0
2024-04-26,6002.0,6004.0,5909.0,5962.0,65628.0
2024-04-27,5967.0,5977.0,5852.0,5891.0,77031.0
2024-04-29,5902.0,5950.0,5880.0,5941.0,27549.0
2024-04-30,5949.0,5968.0,5911.0,5922.0,17640.0
2024-05-02,5922.0,6037.0,5920.0,6004.0,76329.0
2024-05-03,6006.0,6024.0,5901.0,5956.0,69554.0
2024-05-06,5958.0,5998.0,5911.0,5942.0,62525.0
2024-05-07,5947.0,6013.0,5931.0,5987.0,90097.0
2024-05-08,5990.0,6040.0,5955.0,5987.0,97339.0
2024-05-10,5993.0,6041.0,5986.0,6032.0,130290.0
2024-05-13,5872.0,5929.0,5822.0,5897.0,241800.0
2024-05-14,5899.0,5899.0,5820.0,5822.0,70136.0
2024-05-15,5830.0,5871.0,5810.0,5848.0,56254.0
2024-05-16,5866.0,5866.0,5819.0,5824.0,24553.0
2024-05-17,5824.0,5919.0,5810.0,5842.0,68774.0
2024-05-20,5852.0,5863.0,5730.0,5782.0,48487.0
2024-05-21,5793.0,5825.0,5791.0,5808.0,21397.0
2024-05-22,5808.0,5815.0,5700.0,5718.0,63438.0
2024-05-23,5719.0,5810.0,5615.0,5711.0,96268.0
2024-05-24,5722.0,5763.0,5601.0,5627.0,65933.0
2024-05-27,5627.0,5715.0,5510.0,5677.0,88153.0
2024-05-28,5692.0,5753.0,5619.0,5625.0,89799.0
2024-05-29,5630.0,5729.0,5625.0,5653.0,26370.0
2024-05-30,5671.0,5940.0,5533.0,5717.0,587641.0
2024-05-31,5722.0,5742.0,5548.0,5595.0,66921.0
2024-06-03,5595.0,5643.0,5295.0,5520.0,162241.0
2024-06-04,5520.0,5716.0,5465.0,5675.0,66615.0
2024-06-05,5696.0,5870.0,5632.0,5672.0,126499.0
2024-06-06,5632.0,5719.0,5496.0,5543.0,137148.0
2024-06-07,5544.0,5690.0,5506.0,5644.0,105834.0
2024-06-10,5645.0,5684.0,5541.0,5588.0,107800.0
2024-06-11,5577.0,5624.0,5555.0,5580.0,30552.0
2024-06-13,5475.0,5593.0,5308.0,5593.0,88971.0
2024-06-14,5593.0,5699.0,5533.0,5630.0,46420.0
2024-06-17,5633.0,5655.0,5516.0,5556.0,66739.0
2024-06-18,5561.0,5601.0,5470.0,5525.0,60382.0
2024-06-19,5529.0,5540.0,5438.0,5492.0,66238.0
2024-06-20,5492.0,5576.0,5403.0,5487.0,69323.0
2024-06-21,5497.0,5610.0,5481.0,5569.0,50508.0
2024-06-24,5569.0,5640.0,5527.0,5583.0,34093.0
2024-06-25,5589.0,5787.0,5514.0,5728.0,102165.0
2024-06-26,5729.0,5790.0,5680.0,5758.0,66414.0
2024-06-27,5772.0,5775.0,5633.0,5680.0,43453.0
2024-06-28,5674.0,5742.0,5665.0,5701.0,26943.0
2024-07-01,5700.0,5720.0,5650.0,5692.0,29459.0
2024-07-02,5708.0,5753.0,5692.0,5729.0,26040.0
2024-07-03,5730.0,5744.0,5610.0,5645.0,29859.0
2024-07-04,5620.0,5699.0,5539.0,5553.0,53318.0
2024-07-05,5553.0,5606.0,5496.0,5600.0,46378.0
2024-07-08,5600.0,5637.0,5501.0,5516.0,38296.0
2024-07-09,5500.0,5517.0,5391.0,5437.0,55643.0
2024-07-10,5434.0,5462.0,4905.0,5184.0,135612.0
2024-07-11,5178.0,5339.0,5161.0,5282.0,117445.0
2024-07-12,5283.0,5317.0,5180.0,5228.0,49213.0
2024-07-15,5228.0,5260.0,5068.0,5145.0,42727.0
2024-07-16,5163.0,5188.0,5041.0,5164.0,43017.0
2024-07-17,5205.0,5208.0,5044.0,5149.0,51722.0
2024-07-18,5142.0,5279.0,5075.0,5269.0,42033.0
2024-07-19,5269.0,5385.0,5229.0,5365.0,26993.0
2024-07-22,5400.0,5485.0,5381.0,5453.0,51745.0
2024-07-23,5457.0,5461.0,5305.0,5347.0,44823.0
2024-07-24,5326.0,5382.0,5187.0,5262.0,110133.0
2024-07-25,5258.0,5290.0,5208.0,5263.0,35383.0
2024-07-26,5256.0,5288.0,5137.0,5219.0,53297.0
2024-07-29,5203.0,5209.0,5055.0,5076.0,34793.0
2024-07-30,5046.0,5145.0,5006.0,5126.0,34781.0
2024-07-31,5118.0,5140.0,5060.0,5106.0,40075.0
2024-08-01,5106.0,5145.0,5088.0,5107.0,19456.0
2024-08-02,5101.0,5170.0,5079.0,5169.0,46105.0
2024-08-05,5112.0,5143.0,4928.0,4941.0,82060.0
2024-08-06,5019.0,5136.0,4953.0,5127.0,143740.0
2024-08-07,5110.0,5136.0,5015.0,5079.0,71745.0
2024-08-08,5097.0,5097.0,4966.0,5016.0,70742.0
2024-08-09,5003.0,5070.0,4950.0,4954.0,53502.0
2024-08-12,4953.0,5016.0,4750.0,4820.0,174358.0
2024-08-13,4813.0,4898.0,4788.0,4814.0,105491.0
2024-08-14,4830.0,4847.0,4642.0,4689.0,131595.0
2024-08-15,4700.0,4767.0,4400.0,4680.0,517772.0
2024-08-22,770.0,2000.0,651.0,714.0,5104318.0
2024-08-23,714.0,719.0,652.0,687.0,1024470.0
2024-08-26,698.0,709.0,650.0,671.0,707264.0
2024-08-27,671.0,674.0,633.0,648.0,431494.0
2024-08-28,646.0,646.0,605.0,618.0,309344.0
2024-08-29,618.0,621.0,605.0,617.0,174975.0
2024-08-30,620.0,620.0,600.0,601.0,172235.0
2024-09-02,597.0,605.0,581.0,598.0,182047.0
2024-09-03,597.0,618.0,594.0,613.0,153466.0
2024-09-04,614.0,640.0,611.0,634.0,146923.0
2024-09-05,636.0,646.0,621.0,627.0,114825.0
2024-09-06,627.0,634.0,626.0,631.0,76673.0
2024-09-09,631.0,635.0,621.0,633.0,121687.0
2024-09-10,633.0,641.0,623.0,625.0,54043.0
2024-09-11,628.0,630.0,615.0,620.0,49479.0
2024-09-12,619.0,620.0,609.0,611.0,67671.0
2024-09-13,614.0,620.0,602.0,619.0,67284.0
2024-09-16,622.0,632.0,621.0,632.0,69128.0
2024-09-17,632.0,682.0,632.0,682.0,683652.0
2024-09-18,685.0,708.0,662.0,670.0,515519.0
2024-09-19,669.0,691.0,666.0,680.0,260702.0
2024-09-20,682.0,705.0,677.0,691.0,263034.0
2024-09-23,694.0,703.0,680.0,692.0,175681.0
2024-09-24,693.0,698.0,682.0,691.0,109344.0
2024-09-25,693.0,693.0,675.0,679.0,113951.0
2024-09-26,680.0,683.0,662.0,669.0,101879.0
2024-09-27,668.0,669.0,665.0,669.0,55544.0
2024-09-30,669.0,689.0,669.0,676.0,173879.0
2024-10-01,679.0,683.0,670.0,679.0,85390.0
2024-10-02,679.0,683.0,666.0,667.0,77446.0
2024-10-03,668.0,672.0,659.0,670.0,65680.0
2024-10-04,671.0,681.0,660.0,668.0,94918.0
2024-10-07,670.0,678.0,653.0,665.0,132290.0
2024-10-08,666.0,667.0,653.0,660.0,57373.0
2024-10-09,660.0,661.0,637.0,642.0,134560.0
2024-10-10,640.0,647.0,633.0,642.0,130717.0
2024-10-11,630.0,634.0,625.0,632.0,99830.0
2024-10-14,622.0,631.0,618.0,629.0,138206.0
2024-10-15,631.0,642.0,628.0,641.0,84001.0
2024-10-16,642.0,657.0,635.0,636.0,150669.0
2024-10-17,639.0,654.0,638.0,645.0,148171.0
2024-10-18,646.0,654.0,640.0,648.0,47169.0
2024-10-21,647.0,650.0,640.0,642.0,39285.0
2024-10-22,642.0,644.0,631.0,633.0,45779.0
2024-10-23,634.0,634.0,623.0,624.0,43250.0
2024-10-24,627.0,629.0,618.0,627.0,44401.0
2024-10-25,627.0,639.0,623.0,628.0,85662.0
2024-10-28,624.0,628.0,607.0,607.0,101347.0
2024-10-29,608.0,627.0,602.0,610.0,143607.0
2024-10-30,611.0,618.0,609.0,609.0,57319.0
2024-10-31,608.0,614.0,600.0,606.0,69163.0
2024-11-01,606.0,612.0,604.0,611.0,40736.0
2024-11-02,611.0,614.0,609.0,611.0,18409.0
2024-11-05,614.0,649.0,611.0,643.0,187236.0
2024-11-06,650.0,653.0,631.0,638.0,230179.0
2024-11-07,637.0,643.0,627.0,642.0,74973.0
2024-11-08,644.0,644.0,630.0,640.0,75527.0
2024-11-11,644.0,644.0,635.0,643.0,103283.0
2024-11-12,641.0,661.0,637.0,647.0,175731.0
2024-11-13,648.0,657.0,643.0,648.0,175226.0
2024-11-14,649.0,655.0,643.0,653.0,136367.0
2024-11-15,655.0,659.0,649.0,650.0,61881.0
2024-11-18,646.0,648.0,616.0,640.0,71092.0
2024-11-19,640.0,656.0,629.0,644.0,210803.0
2024-11-20,645.0,649.0,631.0,633.0,81001.0
2024-11-21,634.0,637.0,625.0,632.0,61101.0
2024-11-22,633.0,635.0,627.0,630.0,28950.0
2024-11-25,629.0,631.0,601.0,606.0,147437.0
2024-11-26,607.0,612.0,564.0,575.0,275359.0
2024-11-27,575.0,597.0,538.0,592.0,264512.0
2024-11-28,591.0,605.0,569.0,593.0,219637.0
2024-11-29,593.0,598.0,584.0,592.0,54307.0
2024-12-02,596.0,612.0,593.0,600.0,88406.0
2024-12-03,601.0,604.0,572.0,577.0,117000.0
2024-12-04,581.0,600.0,565.0,576.0,258616.0
2024-12-05,577.0,593.0,569.0,586.0,163059.0
2024-12-06,587.0,598.0,583.0,594.0,109665.0
2024-12-09,594.0,603.0,579.0,590.0,107242.0
2024-12-10,591.0,591.0,570.0,574.0,122747.0
2024-12-11,579.0,579.0,546.0,562.0,418783.0
2024-12-12,561.0,562.0,545.0,548.0,200042.0
2024-12-13,549.0,550.0,523.0,538.0,518413.0
2024-12-16,485.0,512.0,460.0,470.0,5177788.0
2024-12-17,469.0,489.0,467.0,484.0,1778388.0
2024-12-18,486.0,525.0,485.0,506.0,2670758.0
2024-12-19,514.0,514.0,494.0,500.0,1148971.0
2024-12-20,501.0,529.0,488.0,519.0,1820143.0
2024-12-23,521.0,525.0,502.0,508.0,1546436.0
2024-12-24,509.0,510.0,495.0,500.0,542348.0
2024-12-25,499.0,510.0,498.0,508.0,543898.0
2024-12-26,509.0,513.0,499.0,503.0,663479.0
2024-12-27,502.0,505.0,500.0,502.0,420207.0
2024-12-28,502.0,503.0,496.0,501.0,547045.0
2024-12-30,502.0,519.0,501.0,512.0,667300.0
2025-01-03,513.0,524.0,506.0,508.0,434740.0
2025-01-06,507.0,508.0,501.0,503.0,199807.0
2025-01-08,503.0,525.0,502.0,521.0,518344.0
2025-01-09,518.0,523.0,507.0,510.0,425640.0
2025-01-10,511.0,535.0,509.0,529.0,836191.0
2025-01-13,531.0,542.0,521.0,529.0,862457.0
2025-01-14,529.0,529.0,517.0,521.0,860805.0
2025-01-15,520.0,526.0,508.0,521.0,829391.0
2025-01-16,524.0,524.0,511.0,514.0,990248.0
2025-01-17,514.0,519.0,508.0,512.0,993892.0
2025-01-20,517.0,519.0,492.0,494.0,1255232.0
2025-01-21,496.0,503.0,492.0,498.0,589304.0
2025-01-22,499.0,505.0,494.0,495.0,922336.0
2025-01-23,494.0,502.0,491.0,496.0,670840.0
2025-01-24,497.0,505.0,496.0,499.0,523961.0
2025-01-27,501.0,504.0,495.0,497.0,440814.0
2025-01-28,498.0,515.0,497.0,509.0,688628.0
2025-01-29,511.0,521.0,506.0,519.0,709674.0
2025-01-30,520.0,533.0,519.0,529.0,709175.0
2025-01-31,532.0,533.0,514.0,516.0,552059.0
2025-02-03,514.0,514.5,507.0,509.0,236176.0
2025-02-04,510.5,514.5,509.0,509.5,142005.0
2025-02-05,510.0,517.0,498.0,511.5,471367.0
2025-02-06,512.5,515.5,508.0,511.0,217258.0
2025-02-07,511.0,515.0,509.0,513.0,233629.0
2025-02-10,516.0,522.5,503.0,505.5,547474.0
2025-02-11,506.0,516.5,506.0,512.0,430843.0
2025-02-12,514.5,537.0,508.0,531.5,992529.0
2025-02-13,532.5,535.0,512.0,516.0,472325.0
2025-02-14,522.5,528.5,515.5,522.0,652028.0
2025-02-17,527.5,549.0,524.5,547.0,1105226.0
2025-02-18,542.0,542.0,527.0,533.5,867662.0
2025-02-19,536.0,537.5,530.0,535.0,282686.0
2025-02-20,535.5,543.0,534.5,536.5,395428.0
2025-02-21,538.5,557.5,538.0,546.0,876839.0
2025-02-24,550.0,555.0,544.0,550.0,503077.0
2025-02-25,553.5,566.5,545.5,562.5,675952.0
2025-02-26,564.5,579.0,540.0,543.5,1221597.0
2025-02-27,540.0,545.0,530.5,534.0,488560.0
2025-02-28,536.5,545.0,525.5,538.0,468012.0
2025-03-03,537.5,537.5,519.0,527.5,488729.0
2025-03-04,531.5,538.0,526.0,531.5,347646.0
2025-03-05,530.0,537.5,527.5,530.0,218508.0
2025-03-06,531.5,533.5,510.0,514.5,775161.0
2025-03-07,516.0,545.5,514.5,535.0,2075271.0
2025-03-10,538.5,558.0,529.0,537.0,1363779.0
2025-03-11,538.0,550.5,530.0,542.0,820433.0
2025-03-12,541.5,556.5,539.0,552.5,888892.0
2025-03-13,548.5,559.0,542.0,547.0,1011422.0
2025-03-14,549.0,558.5,547.0,549.5,786479.0
2025-03-17,552.0,564.0,549.5,554.0,1019271.0
2025-03-18,556.0,558.5,546.0,547.5,562056.0
2025-03-19,550.0,560.5,545.0,558.5,551759.0
2025-03-20,560.0,577.0,556.0,568.0,796847.0
2025-03-21,569.5,592.0,568.0,588.0,1407160.0
2025-03-24,588.0,602.0,565.0,568.0,2212844.0
2025-03-25,570.0,579.0,556.0,573.5,642012.0
2025-03-26,573.5,583.5,558.5,570.0,1198140.0
2025-03-27,570.0,574.0,550.0,554.0,892266.0
2025-03-28,554.0,562.5,547.0,553.5,584587.0
2025-03-29,555.0,558.5,545.0,546.0,70801.0
2025-03-30,546.0,547.0,545.0,545.0,19253.0
2025-03-31,544.0,560.0,524.0,537.0,944755.0
2025-04-01,537.5,590.0,536.5,573.0,6772379.0
2025-04-02,572.0,583.5,555.0,565.5,2015159.0
2025-04-03,567.0,573.0,528.5,536.0,2942350.0
2025-04-04,540.0,540.0,505.0,508.5,1243333.0
2025-04-05,508.0,508.5,500.5,506.5,166492.0
2025-04-06,508.0,513.0,504.0,512.5,93803.0
2025-04-07,500.0,505.0,464.5,480.5,1939927.0
2025-04-08,489.0,492.0,473.5,475.0,669871.0
2025-04-09,478.0,486.5,455.0,485.0,1357877.0
2025-04-10,485.5,494.5,475.0,477.0,900006.0
2025-04-11,478.0,489.0,476.5,483.0,466061.0
2025-04-12,486.0,489.0,486.0,489.0,66411.0
2025-04-13,491.0,492.0,482.5,489.0,101396.0
2025-04-14,488.0,506.5,486.5,494.0,636923.0
2025-04-15,497.0,499.5,488.5,495.5,240406.0
2025-04-16,495.5,501.5,491.5,495.0,259837.0
2025-04-17,496.5,506.0,495.5,504.5,336313.0
2025-04-18,503.5,504.5,495.5,500.0,301272.0
2025-04-21,501.0,511.0,501.0,510.5,291164.0
2025-04-22,510.5,517.5,503.0,510.0,554694.0
2025-04-23,510.5,510.5,498.0,506.5,416269.0
2025-04-24,507.0,510.0,502.0,504.0,164810.0
2025-04-25,506.5,506.5,500.5,504.0,226590.0
2025-04-26,505.0,507.0,502.5,503.0,56008.0
2025-04-27,503.0,505.5,502.5,504.0,17279.0
2025-04-28,504.5,509.0,492.5,499.0,375610.0
2025-04-29,498.5,500.0,479.0,484.5,419920.0
2025-04-30,484.5,485.5,472.5,480.5,309951.0
2025-05-02,480.5,483.5,468.5,468.5,269860.0
2025-05-03,471.0,477.5,468.5,474.0,52636.0
2025-05-04,476.0,479.0,475.0,477.0,29246.0
2025-05-05,478.5,480.5,465.5,469.5,196584.0
2025-05-06,471.0,476.0,469.5,473.0,120379.0
2025-05-07,474.0,476.5,470.5,473.0,178951.0
2025-05-08,473.5,480.0,471.5,471.5,183490.0
2025-05-10,472.0,474.5,471.0,472.0,15903.0
2025-05-11,473.0,476.5,473.0,474.5,52231.0
2025-05-12,476.0,490.5,476.0,484.0,487959.0
2025-05-13,483.5,486.0,477.5,479.5,235874.0
2025-05-14,482.0,485.0,472.5,473.5,219396.0
2025-05-15,473.5,476.5,469.0,473.5,227672.0
2025-05-16,477.0,479.5,468.0,474.0,275782.0
2025-05-17,473.0,479.5,473.0,477.5,33462.0
2025-05-18,480.0,482.5,479.0,481.0,38618.0
2025-05-19,482.0,492.0,477.5,479.5,708249.0
2025-05-20,482.0,489.5,477.0,488.0,563596.0
2025-05-21,489.5,494.0,471.0,475.5,760229.0
2025-05-22,476.0,480.0,456.0,458.5,1321101.0
2025-05-23,458.5,463.0,451.5,453.5,686913.0
2025-05-26,454.0,454.5,444.0,446.0,471721.0
2025-05-27,445.0,451.5,438.5,450.0,280362.0
2025-05-28,451.0,464.0,450.5,462.5,422789.0
2025-05-29,464.0,467.0,454.0,458.0,425982.0
2025-05-30,458.0,462.0,455.0,460.0,225535.0
2025-05-31,462.0,462.5,460.0,461.0,35578.0
2025-06-01,460.5,461.5,449.5,454.0,86375.0
2025-06-02,454.0,463.0,451.0,462.0,264538.0
2025-06-03,463.0,468.5,461.0,466.5,332544.0
2025-06-04,467.0,475.5,465.0,472.5,454791.0
2025-06-05,474.5,488.5,473.5,482.0,875271.0
2025-06-06,482.5,485.0,460.0,469.0,1123646.0
2025-06-09,448.5,456.5,440.0,445.5,551398.0
2025-06-10,446.0,449.5,442.0,446.0,205346.0
2025-06-11,446.0,449.0,443.5,445.0,200528.0
2025-06-13,445.0,447.5,441.5,442.5,71681.0
2025-06-14,443.0,446.0,443.0,445.0,19619.0
2025-06-15,445.0,446.5,442.5,444.0,15838.0
2025-06-16,445.0,447.0,431.0,432.0,633763.0
2025-06-17,432.0,441.0,431.5,437.0,307016.0
2025-06-18,436.0,441.0,436.0,437.0,170961.0
2025-06-19,436.5,444.0,436.5,439.0,289984.0
2025-06-20,440.5,442.0,436.5,438.0,246168.0
2025-06-23,439.5,441.0,425.5,428.0,381075.0
2025-06-24,428.5,438.0,425.5,429.5,307110.0
2025-06-25,431.0,433.5,425.0,429.0,474055.0
2025-06-26,429.5,430.0,425.5,427.0,317738.0
2025-06-27,428.0,429.0,422.0,424.5,373357.0
2025-06-28,425.0,426.5,424.5,426.0,28855.0
2025-06-29,426.0,426.5,425.0,426.0,27377.0
2025-06-30,426.0,431.5,424.5,429.5,457619.0
2025-07-01,430.0,433.0,428.0,428.5,458145.0
2025-07-02,428.5,432.0,422.5,423.0,384950.0
2025-07-03,423.0,427.5,422.0,423.0,305841.0
2025-07-04,422.5,434.0,420.0,422.0,659349.0
2025-07-05,422.5,423.5,421.5,422.5,11322.0
2025-07-06,422.5,423.0,421.5,423.0,12407.0
2025-07-07,422.5,426.5,420.5,421.0,278239.0
2025-07-08,421.5,435.0,417.0,429.5,834596.0
2025-07-09,429.0,448.0,428.5,445.0,1260203.0
2025-07-10,443.0,452.0,434.0,437.0,1017462.0
2025-07-11,437.5,440.5,428.0,432.0,443160.0
2025-07-12,432.0,433.5,429.5,429.5,28008.0
2025-07-13,431.5,431.5,428.5,430.0,26982.0
2025-07-14,427.0,441.5,421.5,436.0,688700.0
2025-07-15,436.0,443.0,416.5,429.0,3106045.0
2025-07-16,428.5,433.0,419.0,426.0,1324642.0
2025-07-17,426.5,434.5,425.5,427.5,925643.0
2025-07-18,427.5,450.0,427.0,441.0,1590913.0
2025-07-19,444.5,450.5,442.5,444.5,150024.0
2025-07-20,446.0,450.0,445.0,446.5,109145.0
2025-07-21,448.0,449.5,438.0,440.0,632580.0
2025-07-22,440.0,450.5,435.0,446.0,1135825.0
2025-07-23,446.0,460.5,445.5,454.0,1505444.0
2025-07-24,456.0,458.0,447.0,452.5,432227.0
2025-07-25,453.0,458.0,438.0,448.0,768438.0
2025-07-26,448.5,450.0,447.5,448.0,33960.0
2025-07-27,448.0,449.0,447.0,448.0,15803.0
2025-07-28,447.0,454.5,433.0,437.5,718518.0
2025-07-29,437.0,442.0,435.5,439.5,254983.0
2025-07-30,438.0,442.0,431.0,432.5,328130.0
2025-07-31,432.5,436.0,428.0,432.5,268983.0
2025-08-01,433.0,437.0,432.0,435.2,191858.0
2025-08-04,437.0,438.6,434.6,438.4,182702.0
2025-08-05,438.8,439.2,435.4,437.6,172704.0
2025-08-06,438.4,445.0,434.2,440.0,415095.0
2025-08-07,439.4,445.0,436.8,442.0,457110.0
2025-08-08,443.0,451.2,441.0,450.2,522803.0
2025-08-11,455.0,457.0,450.0,455.0,523343.0
2025-08-12,455.2,458.0,450.8,457.4,407754.0
2025-08-13,457.4,476.8,457.0,466.0,1346748.0
2025-08-14,468.2,468.2,455.6,463.0,493917.0
2025-08-15,463.4,470.6,452.0,456.4,971935.0
2025-08-16,452.0,455.0,445.0,454.6,132326.0
2025-08-17,454.6,456.4,452.8,454.0,28432.0
2025-08-18,454.0,467.8,452.8,463.0,544134.0
2025-08-19,463.2,471.0,461.0,461.8,479871.0
2025-08-20,462.2,464.8,458.6,460.0,568835.0
2025-08-21,460.0,460.8,451.6,453.2,426877.0
2025-08-22,453.2,460.2,453.2,456.8,145062.0
2025-08-23,457.2,459.4,456.8,457.4,6586.0
2025-08-24,457.0,458.8,456.0,457.6,15847.0
2025-08-25,456.8,458.0,450.8,451.6,194106.0
2025-08-26,450.6,455.6,450.4,452.2,117815.0
2025-08-27,452.2,455.2,450.8,452.0,174011.0
2025-08-28,452.6,453.6,438.4,442.6,408364.0
2025-08-29,444.2,450.0,442.6,444.4,305063.0
2025-08-30,444.4,450.4,444.4,447.2,100717.0
2025-08-31,447.2,448.8,446.4,448.4,20342.0
2025-09-01,449.2,455.0,447.4,447.4,390554.0
2025-09-02,449.8,453.0,442.8,446.6,814378.0
2025-09-03,447.0,450.0,444.6,446.6,303758.0
2025-09-04,447.2,450.0,445.0,448.2,274397.0
2025-09-05,449.6,452.0,447.8,448.4,281679.0
2025-09-06,448.6,450.4,448.4,450.0,17334.0
2025-09-07,451.0,452.0,449.8,451.2,36887.0
2025-09-08,451.4,455.4,448.0,449.0,384914.0
2025-09-09,450.4,452.0,444.2,445.6,574607.0
2025-09-10,446.4,452.6,438.0,440.8,592629.0
2025-09-11,441.0,442.0,429.2,435.4,1167135.0
2025-09-12,435.6,438.0,418.0,423.6,1533049.0
2025-09-13,426.2,426.4,422.8,423.4,59337.0
2025-09-14,423.4,425.2,423.0,425.0,41535.0
2025-09-15,425.4,427.0,419.2,420.8,595095.0
2025-09-16,421.6,423.8,411.2,415.8,995958.0
2025-09-17,415.8,418.4,409.0,416.6,520126.0
2025-09-18,417.8,419.4,411.0,412.4,440798.0
2025-09-19,413.0,416.0,409.2,409.8,683239.0
2025-09-22,411.4,413.6,405.2,412.6,635332.0
2025-09-23,412.6,414.2,405.4,407.2,826455.0
2025-09-24,407.0,409.4,400.4,403.8,1157457.0
2025-09-25,403.8,405.0,396.8,398.0,781648.0
2025-09-26,398.0,400.2,392.4,396.0,795918.0
2025-09-27,397.0,397.2,395.4,396.8,27390.0
2025-09-28,397.4,397.6,396.0,396.8,29580.0
2025-09-29,396.8,399.0,384.6,387.2,1152414.0
2025-09-30,388.8,392.0,381.6,388.0,761835.0
2025-10-01,389.2,392.2,382.4,387.6,589769.0
2025-10-02,388.0,388.0,377.0,377.4,756043.0
2025-10-03,377.8,383.0,377.0,378.8,587819.0
2025-10-04,378.4,378.4,370.8,372.4,209950.0
2025-10-05,372.4,375.0,371.2,374.8,76936.0
2025-10-06,377.4,382.4,375.0,379.4,727112.0
2025-10-07,380.0,394.0,377.4,390.4,1040203.0
2025-10-08,391.4,404.4,378.0,388.8,1269111.0
2025-10-09,388.0,391.8,376.0,387.6,1122812.0
2025-10-10,387.4,391.0,379.0,384.8,640957.0
2025-10-11,386.0,386.6,383.6,385.8,39237.0
2025-10-12,386.2,391.0,386.0,390.6,120216.0
2025-10-13,391.0,394.0,388.0,394.0,599626.0
2025-10-14,394.2,399.0,385.0,396.8,1394792.0
2025-10-15,397.4,398.6,386.4,393.0,897001.0
2025-10-16,392.8,415.4,389.2,414.4,2637863.0
2025-10-17,397.0,398.8,388.0,390.0,1862925.0
2025-10-18,390.0,392.8,389.2,392.4,146185.0
2025-10-19,392.4,392.8,390.4,391.6,96379.0
2025-10-20,391.8,395.0,390.6,391.4,643320.0
2025-10-21,391.8,391.8,374.8,381.6,774143.0
2025-10-22,382.0,388.8,376.0,380.8,505955.0
2025-10-23,376.0,380.4,374.0,379.4,314189.0
2025-10-24,379.8,382.4,375.6,377.0,273164.0
2025-10-27,378.0,378.2,371.0,371.2,404182.0
2025-10-28,371.0,373.2,367.6,372.8,308613.0
2025-10-29,373.0,373.8,370.0,371.0,359749.0
2025-10-30,370.8,373.8,370.0,373.4,254554.0
2025-10-31,373.4,378.4,373.4,377.4,436882.0
2025-11-01,377.4,385.0,376.4,384.0,374615.0
2025-11-03,384.4,388.0,383.8,384.8,175087.0
2025-11-05,383.6,383.6,377.8,379.8,509378.0
2025-11-06,380.0,384.0,379.6,381.8,210339.0
2025-11-07,382.2,385.6,379.8,382.6,251821.0
2025-11-08,382.6,383.0,380.2,382.4,24661.0
2025-11-09,383.0,385.0,382.4,384.8,46005.0
2025-11-10,385.0,396.8,384.0,396.6,881436.0
2025-11-11,397.0,413.2,394.4,409.8,2342623.0
2025-11-12,408.8,409.6,398.2,402.0,685289.0
2025-11-13,402.0,408.6,396.4,400.0,617309.0
2025-11-14,401.2,410.0,398.2,409.2,743736.0
2025-11-15,409.4,410.6,407.8,408.6,48521.0
2025-11-16,408.0,409.6,407.2,409.4,23414.0
2025-11-17,410.2,410.2,399.0,401.2,691497.0
2025-11-18,401.2,410.0,400.4,404.4,738585.0
2025-11-19,405.6,416.6,402.2,410.4,1677606.0
2025-11-20,409.8,419.8,408.4,416.4,1043818.0
2025-11-21,418.0,421.0,412.2,420.0,609335.0
2025-11-24,419.8,428.6,418.6,423.6,682652.0
2025-11-25,423.8,437.0,417.6,429.8,1458294.0
2025-11-26,430.4,431.6,424.0,425.2,315510.0
2025-11-27,425.6,428.8,415.6,420.4,360574.0
2025-11-28,420.0,436.4,419.6,433.8,563419.0
2025-11-29,434.6,435.0,433.4,434.0,28094.0
2025-11-30,436.2,436.4,433.8,435.4,70118.0
2025-12-01,434.0,435.8,427.6,430.0,728947.0
2025-12-02,430.0,431.0,418.4,423.2,571977.0
2025-12-03,421.6,428.2,417.2,422.2,1083286.0
2025-12-04,423.0,424.2,419.2,420.2,277795.0
2025-12-05,420.2,423.4,410.6,414.2,1314953.0
2025-12-08,414.4,416.8,410.0,412.0,723011.0
2025-12-09,414.2,418.8,410.0,415.2,629016.0
2025-12-10,415.4,421.0,415.2,419.6,460616.0
2025-12-11,419.6,423.0,418.6,419.6,490881.0
2025-12-12,420.8,420.8,413.6,415.0,342857.0
2025-12-13,415.2,417.0,414.8,416.4,33303.0
2025-12-14,416.4,417.4,414.2,416.0,20763.0
2025-12-15,415.4,420.8,414.6,419.6,409338.0
2025-12-16,419.8,425.0,417.2,423.6,420512.0
2025-12-17,424.0,424.8,416.6,420.4,302641.0
2025-12-18,420.4,424.6,418.4,424.0,340475.0
2025-12-19,423.8,427.0,418.6,420.4,313806.0
2025-12-20,420.6,421.8,419.8,420.4,25095.0
2025-12-21,422.0,422.0,418.4,421.2,44867.0
2025-12-22,420.2,422.6,415.0,415.8,213206.0
2025-12-23,416.4,418.4,409.2,412.0,334056.0
2025-12-24,412.2,415.8,410.0,412.2,287030.0
2025-12-25,412.0,415.0,406.6,408.6,502532.0
2025-12-26,409.4,411.0,405.8,409.0,495556.0
2025-12-27,409.2,411.0,408.6,408.8,77144.0
2025-12-28,408.8,410.2,406.6,409.4,66855.0
2025-12-29,410.4,413.2,404.2,407.2,535136.0
2025-12-30,407.0,412.2,406.2,407.8,264488.0
2026-01-05,407.8,409.4,404.4,406.8,173915.0
2026-01-06,407.2,409.4,407.0,407.8,89640.0
2026-01-08,405.8,407.8,405.6,406.6,80847.0
2026-01-09,407.0,410.6,406.2,409.6,190178.0
2026-01-12,410.0,413.4,409.6,410.6,234748.0
2026-01-13,411.0,411.8,406.6,408.2,155871.0
2026-01-14,409.0,415.0,406.2,412.6,332172.0
2026-01-15,412.8,424.2,411.4,423.0,593226.0
2026-01-16,423.6,430.0,421.6,424.8,422259.0
2026-01-17,424.8,426.6,423.0,424.6,54680.0
2026-01-18,424.2,425.8,423.2,425.2,24295.0
2026-01-19,426.0,431.8,424.0,427.6,389446.0
2026-01-20,427.0,430.6,422.4,426.6,336051.0
2026-01-21,426.4,429.0,424.6,427.2,227310.0
2026-01-22,427.0,428.8,425.0,427.6,295914.0
2026-01-23,427.2,430.6,423.0,428.6,251054.0
2026-01-24,428.4,429.0,424.2,426.4,59084.0
2026-01-25,426.4,429.2,426.0,428.6,77432.0
2026-01-26,428.8,443.6,425.8,440.2,1342295.0
2026-01-27,441.0,447.0,431.0,434.8,904991.0
2026-01-28,435.0,439.8,433.4,435.6,435205.0
2026-01-29,435.6,446.8,434.2,441.0,776458.0
2026-01-30,441.6,448.0,435.6,445.2,742711.0
2026-01-31,445.2,448.8,445.2,447.4,55526.0
2026-02-01,447.4,448.2,446.2,447.4,47436.0
2026-02-02,447.6,448.6,441.0,444.6,269200.0
2026-02-03,444.6,447.4,444.6,446.2,166309.0
2026-02-04,447.0,451.2,442.2,445.6,410783.0
2026-02-05,446.2,446.4,427.8,434.8,580035.0
2026-02-06,435.2,438.8,431.4,435.0,169568.0
2026-02-07,434.6,438.4,434.0,438.2,39393.0
2026-02-08,438.2,439.8,436.6,437.2,37603.0
2026-02-09,437.2,437.6,430.0,434.0,184584.0
2026-02-10,433.6,437.4,422.0,424.8,485190.0
2026-02-11,424.8,428.2,419.0,424.6,430879.0
2026-02-12,425.6,430.8,424.6,425.2,191622.0
2026-02-13,425.2,437.6,423.0,430.0,454525.0
2026-02-16,433.4,439.2,430.0,433.2,412632.0
2026-02-17,435.0,437.2,432.6,435.4,122639.0
2026-02-18,435.4,437.0,432.8,434.8,147040.0
2026-02-19,436.4,439.0,434.6,435.4,243862.0
2026-02-20,436.4,437.4,433.2,434.0,150459.0
2026-02-21,435.0,435.8,434.0,434.0,17363.0
2026-02-22,434.4,436.0,434.2,435.4,18735.0
2026-02-23,435.4,436.0,434.6,434.8,23506.0
2026-02-24,434.4,442.0,434.4,439.0,422858.0
2026-02-25,440.8,446.2,440.0,444.8,333308.0
2026-02-26,445.8,446.8,443.0,444.8,157846.0
2026-02-27,444.0,446.2,442.6,443.8,217600.0
2026-02-28,443.6,446.6,440.4,441.4,75971.0
2026-03-01,440.0,441.4,437.6,440.4,54727.0
2026-03-02,440.0,440.4,433.6,436.4,277363.0
2026-03-03,435.2,443.8,429.4,438.4,382778.0
2026-03-04,439.8,443.4,427.0,431.0,308871.0
2026-03-05,431.6,433.6,427.6,429.8,181670.0
2026-03-06,430.0,432.0,424.4,425.0,197126.0
2026-03-09,425.0,429.0,420.0,425.6,155271.0
2026-03-10,426.4,439.4,425.4,434.0,435420.0
2026-03-11,434.0,436.0,428.6,431.0,112458.0
2026-03-12,431.6,432.6,426.6,431.2,146278.0
2026-03-13,431.2,434.8,425.0,428.6,376788.0
2026-03-14,427.8,430.8,427.6,429.2,20266.0
2026-03-15,429.0,430.0,427.6,429.0,22599.0
2026-03-16,428.8,432.2,428.8,431.8,181879.0
2026-03-17,432.0,436.0,431.6,432.6,209515.0
2026-03-18,432.0,435.0,431.2,433.8,197782.0
2026-03-19,432.2,435.2,428.0,435.0,418441.0
2026-03-20,435.2,437.0,431.8,436.2,191220.0
2026-03-23,436.0,436.2,423.0,424.6,391844.0
2026-03-24,423.2,427.0,409.6,417.0,689432.0
2026-03-25,417.6,419.0,411.6,414.8,187536.0
2026-03-26,416.0,417.8,410.4,412.2,144493.0
2026-03-27,412.0,412.4,395.0,400.4,741325.0
2026-03-28,400.8,402.6,400.0,400.6,24190.0
2026-03-29,400.6,402.8,400.6,402.8,20722.0
2026-03-30,403.2,405.2,390.2,396.4,505476.0
2026-03-31,395.4,403.0,393.2,402.0,198741.0
2026-04-01,403.0,408.4,394.2,400.4,480275.0
2026-04-02,400.0,403.4,397.0,400.6,102945.0
2026-04-03,401.2,404.4,400.2,403.6,150297.0
2026-04-04,402.6,404.4,402.0,404.2,17935.0
2026-04-05,403.2,403.6,401.2,401.4,19914.0
2026-04-06,403.6,403.6,392.4,396.6,388148.0
2026-04-07,396.6,403.6,394.2,399.6,261940.0
2026-04-08,400.8,406.4,396.4,398.6,270762.0
2026-04-09,398.8,400.8,387.0,391.2,336006.0
2026-04-10,393.2,393.6,384.0,386.2,268474.0
2026-04-11,386.0,387.8,384.8,386.8,37768.0
2026-04-12,386.8,390.4,385.8,389.0,44254.0
2026-04-13,389.2,391.2,380.8,384.0,235600.0
2026-04-14,384.8,391.0,383.2,387.8,166800.0
2026-04-15,389.0,391.0,381.0,388.2,418167.0
2026-04-16,388.6,394.4,385.4,387.8,274733.0
2026-04-17,387.8,391.2,382.0,385.0,202148.0
2026-04-18,385.2,387.0,385.2,386.2,24697.0
2026-04-19,386.2,388.2,385.4,387.8,17753.0
2026-04-20,387.8,389.8,383.0,385.2,157869.0
2026-04-21,385.2,387.0,380.0,383.4,286850.0
2026-04-22,384.8,388.6,383.0,387.4,200094.0
2026-04-23,387.6,397.8,385.2,396.0,837893.0
2026-04-24,395.0,403.6,388.4,389.8,836942.0
