Date,Open,High,Low,Close,Volume
2005-06-22,220.0,220.0,217.0,219.0,6400.0
2005-06-23,219.0,230.0,219.0,223.0,4300.0
2005-06-24,225.0,227.0,216.0,216.0,1800.0
2005-06-27,213.5,213.5,211.0,211.0,600.0
2005-06-28,214.0,216.0,208.0,208.0,4300.0
2005-06-29,207.01,210.0,207.0,209.0,1600.0
2005-06-30,209.2,217.4,208.0,208.0,600.0
2005-07-01,208.0,210.0,207.0,210.0,14800.0
2005-07-04,215.9,217.0,211.01,212.0,13200.0
2005-07-05,212.5,216.0,212.5,216.0,4600.0
2005-07-06,220.0,225.95,219.0,225.95,7700.0
2005-07-07,225.0,228.9,224.0,225.0,31600.0
2005-07-08,230.0,230.0,227.55,229.99,4400.0
2005-07-11,233.5,233.5,230.0,230.0,12200.0
2005-07-12,229.8,230.0,226.01,230.0,13000.0
2005-07-13,230.01,234.0,229.51,234.0,3700.0
2005-07-14,231.0,234.0,230.5,230.5,1300.0
2005-07-15,229.0,229.0,227.61,227.81,2200.0
2005-07-18,226.5,229.4,226.5,229.4,600.0
2005-07-19,230.0,231.0,230.0,231.0,300.0
2005-07-20,229.0,233.0,229.0,232.51,3400.0
2005-07-21,232.81,236.0,231.0,231.0,3600.0
2005-07-22,233.0,236.0,232.0,236.0,6600.0
2005-07-25,239.85,243.0,239.85,242.0,4000.0
2005-07-26,242.0,244.0,239.0,240.0,9400.0
2005-07-27,238.5,248.0,238.5,245.0,11500.0
2005-07-28,250.0,250.0,241.0,246.0,3200.0
2005-07-29,246.0,246.0,240.0,240.9,5700.0
2005-08-01,241.0,243.0,237.51,243.0,4700.0
2005-08-02,240.15,244.0,240.15,244.0,15000.0
2005-08-03,243.0,247.0,242.0,242.0,7400.0
2005-08-04,243.0,246.99,243.0,245.0,800.0
2005-08-05,243.0,243.5,241.31,243.0,10400.0
2005-08-08,242.0,242.01,239.0,239.0,8600.0
2005-08-09,240.0,244.5,240.0,243.2,4600.0
2005-08-10,249.98,250.0,243.7,243.7,700.0
2005-08-11,243.33,243.33,241.1,241.1,600.0
2005-08-12,241.0,243.0,241.0,243.0,1200.0
2005-08-15,240.0,243.0,238.5,238.5,6000.0
2005-08-16,243.0,245.9,242.01,245.0,3800.0
2005-08-17,245.0,245.85,245.0,245.1,3700.0
2005-08-18,245.04,248.9,244.0,248.0,5800.0
2005-08-19,247.65,248.5,243.9,246.0,8200.0
2005-08-22,250.0,250.0,244.1,248.0,5800.0
2005-08-23,248.0,248.0,244.81,244.81,1300.0
2005-08-24,244.8,244.8,244.0,244.0,300.0
2005-08-25,244.0,246.0,244.0,245.1,3600.0
2005-08-26,244.5,244.5,241.01,241.01,7500.0
2005-08-29,242.5,243.0,228.96,241.0,8100.0
2005-08-30,244.0,245.4,240.0,240.0,15300.0
2005-08-31,240.0,240.0,236.0,236.5,5400.0
2005-09-01,235.1,238.0,232.22,236.0,8300.0
2005-09-02,235.01,238.5,234.0,234.0,3100.0
2005-09-05,234.5,238.0,234.0,234.0,3500.0
2005-09-06,231.0,237.5,231.0,233.11,15200.0
2005-09-07,233.0,233.0,227.0,231.0,7800.0
2005-09-08,231.9,234.99,231.9,234.99,1200.0
2005-09-09,233.0,237.9,232.78,237.9,4200.0
2005-09-12,238.5,245.0,238.5,241.0,10200.0
2005-09-13,240.0,246.05,240.0,246.0,1600.0
2005-09-14,240.0,246.99,236.0,246.99,8200.0
2005-09-15,245.0,247.77,244.0,247.77,1400.0
2005-09-16,247.0,250.0,247.0,247.0,7100.0
2005-09-19,246.5,253.99,246.5,253.99,2000.0
2005-09-20,260.0,265.0,250.0,257.0,4700.0
2005-09-21,254.0,257.0,250.0,257.0,5400.0
2005-09-22,258.0,262.3,253.1,261.0,5300.0
2005-09-26,256.55,262.9,256.55,258.01,8500.0
2005-09-27,260.0,270.0,260.0,266.0,10100.0
2005-09-28,269.0,270.0,265.12,265.12,5300.0
2005-09-29,279.0,279.1,263.9,269.99,2400.0
2005-09-30,272.0,280.0,272.0,279.0,11800.0
2005-10-03,278.0,284.9,278.0,280.0,8300.0
2005-10-04,282.0,289.9,275.0,276.5,37900.0
2005-10-05,280.0,280.0,270.01,270.01,14800.0
2005-10-06,266.0,266.0,258.0,264.79,10800.0
2005-10-07,257.1,265.0,257.0,265.0,6500.0
2005-10-10,266.0,273.5,266.0,273.5,9100.0
2005-10-11,268.51,274.0,268.51,274.0,700.0
2005-10-12,271.2,272.9,263.51,263.51,4100.0
2005-10-13,257.0,268.0,255.1,267.0,800.0
2005-10-14,277.0,277.0,259.0,259.0,3000.0
2005-10-17,259.0,259.0,259.0,259.0,100.0
2005-10-18,274.2,274.2,258.01,258.01,14500.0
2005-10-19,259.5,263.0,249.97,260.0,24500.0
2005-10-20,255.0,258.0,252.11,252.12,500.0
2005-10-21,252.0,257.0,242.0,246.5,19900.0
2005-10-24,249.95,252.0,246.01,251.9,11800.0
2005-10-25,254.5,266.0,243.0,247.0,41400.0
2005-10-26,248.0,248.0,244.0,247.0,6600.0
2005-10-27,246.0,252.0,246.0,252.0,900.0
2005-10-28,251.99,251.99,250.0,251.99,1900.0
2005-10-31,251.0,253.8,250.0,253.8,1000.0
2005-11-01,255.3,258.99,254.1,256.0,4900.0
2005-11-02,262.9,263.85,260.0,263.85,6000.0
2005-11-03,263.99,270.0,263.0,263.0,8300.0
2005-11-07,265.0,269.86,252.0,266.0,5700.0
2005-11-08,265.7,270.0,262.0,264.5,6300.0
2005-11-09,265.0,275.0,261.5,261.5,15200.0
2005-11-10,262.0,262.3,259.5,259.5,13000.0
2005-11-11,260.0,262.3,259.5,259.5,8000.0
2005-11-14,260.52,267.9,260.52,265.0,1400.0
2005-11-15,269.7,277.0,266.5,271.0,13300.0
2005-11-16,269.0,274.0,265.3,266.8,5400.0
2005-11-17,262.72,270.0,261.0,269.0,8400.0
2005-11-18,270.0,272.0,267.0,270.0,5700.0
2005-11-21,274.99,277.9,270.0,270.0,9900.0
2005-11-22,272.99,272.99,269.0,271.0,12200.0
2005-11-23,272.0,276.5,270.0,272.4,8700.0
2005-11-24,272.0,272.4,270.0,270.05,12300.0
2005-11-25,270.0,273.7,269.25,273.7,3000.0
2005-11-28,272.0,277.49,271.0,271.0,9000.0
2005-11-29,269.51,275.0,269.0,269.5,13400.0
2005-11-30,268.02,270.0,264.1,264.1,4700.0
2005-12-01,264.1,273.0,264.1,272.95,15600.0
2005-12-02,275.0,288.0,275.0,280.0,15300.0
2005-12-05,280.0,285.0,275.0,279.0,9500.0
2005-12-06,282.6,282.6,277.0,279.89,6400.0
2005-12-07,281.0,298.77,281.0,297.0,17400.0
2005-12-08,293.57,296.96,288.0,296.0,8300.0
2005-12-09,299.0,300.0,292.0,292.25,22700.0
2005-12-12,293.0,294.0,291.0,293.49,9100.0
2005-12-13,293.0,296.4,290.01,296.4,6700.0
2005-12-14,298.0,299.0,287.1,290.8,4202.0
2005-12-15,290.8,291.89,287.05,287.05,1538.0
2005-12-16,285.1,291.5,281.51,285.0,17798.0
2005-12-19,292.8,292.8,280.51,280.55,4426.0
2005-12-20,283.5,287.0,280.0,284.0,3436.0
2005-12-21,287.05,287.05,283.0,285.0,3966.0
2005-12-22,285.0,289.0,283.0,283.0,6881.0
2005-12-23,286.0,287.77,284.0,286.9,4053.0
2005-12-26,288.5,291.8,284.0,287.0,8014.0
2005-12-27,295.0,295.0,284.5,288.0,12388.0
2005-12-28,285.0,289.89,284.6,287.0,10628.0
2005-12-29,289.0,289.0,284.5,286.0,6566.0
2005-12-30,288.9,289.0,288.9,289.0,165.0
2006-01-10,292.0,294.0,286.21,292.01,7313.0
2006-01-11,292.01,312.7,292.01,305.01,71353.0
2006-01-12,310.45,311.5,305.0,305.0,53147.0
2006-01-13,309.0,309.0,297.0,304.5,19142.0
2006-01-16,304.5,307.0,302.0,304.1,14963.0
2006-01-17,303.54,307.5,300.0,300.51,18827.0
2006-01-18,300.03,305.0,296.0,305.0,19619.0
2006-01-19,304.0,317.6,304.0,317.47,36913.0
2006-01-20,319.99,324.99,314.5,319.46,19913.0
2006-01-23,319.46,319.46,314.0,314.5,20800.0
2006-01-24,312.05,319.9,312.05,315.0,6328.0
2006-01-25,319.0,319.0,310.0,313.0,35170.0
2006-01-26,315.1,315.5,312.27,314.5,9619.0
2006-01-27,315.0,340.0,315.0,336.0,63786.0
2006-01-30,339.0,343.0,323.22,334.8,29946.0
2006-01-31,334.79,340.0,323.01,332.0,26043.0
2006-02-01,332.0,341.0,300.0,341.0,24801.0
2006-02-02,341.98,349.99,341.0,347.0,26890.0
2006-02-03,345.0,348.9,320.01,343.5,9955.0
2006-02-06,347.9,359.9,347.0,353.0,90896.0
2006-02-07,352.7,368.0,352.7,364.99,95519.0
2006-02-08,365.65,390.0,335.3,345.0,180989.0
2006-02-09,348.0,358.4,348.0,355.75,56527.0
2006-02-10,355.35,356.0,347.0,354.0,24441.0
2006-02-13,347.0,355.25,340.0,355.0,28328.0
2006-02-14,355.25,356.0,343.5,348.0,26665.0
2006-02-15,354.0,355.0,344.85,347.02,23579.0
2006-02-16,346.55,353.81,346.55,346.7,17955.0
2006-02-17,351.0,353.25,349.0,350.11,15285.0
2006-02-20,352.0,354.75,345.0,348.0,39407.0
2006-02-21,347.0,355.25,345.25,350.0,52580.0
2006-02-22,349.0,358.29,348.1,357.0,30184.0
2006-02-26,365.99,366.9,353.0,362.45,36332.0
2006-02-27,364.0,365.75,351.1,361.0,58292.0
2006-02-28,362.4,377.0,352.1,358.5,118377.0
2006-03-01,357.0,373.25,357.0,362.35,61841.0
2006-03-02,369.99,370.5,364.85,369.5,6439.0
2006-03-03,372.98,387.0,369.0,382.0,29550.0
2006-03-06,384.0,443.0,384.0,412.0,79569.0
2006-03-07,402.0,407.0,378.0,386.49,93718.0
2006-03-09,378.0,378.0,365.63,371.0,44604.0
2006-03-10,369.0,380.8,366.0,370.02,24417.0
2006-03-13,374.0,386.98,370.81,372.04,27641.0
2006-03-14,377.0,380.5,351.0,363.9,11790.0
2006-03-15,368.0,368.0,358.0,364.0,5791.0
2006-03-16,365.0,367.2,351.5,360.0,22526.0
2006-03-17,360.0,374.0,357.01,374.0,38227.0
2006-03-20,376.0,381.0,370.81,370.83,17679.0
2006-03-21,369.1,373.95,369.0,373.9,6651.0
2006-03-22,374.0,376.0,369.1,375.0,11747.0
2006-03-23,378.0,389.0,377.8,386.0,31381.0
2006-03-24,388.0,390.4,379.1,383.0,15345.0
2006-03-27,383.0,386.71,380.0,384.0,18506.0
2006-03-28,388.0,388.0,376.05,379.8,15385.0
2006-03-29,380.0,382.0,371.0,376.0,4836.0
2006-03-30,375.0,400.5,367.0,400.0,131860.0
2006-03-31,399.0,399.0,378.5,383.1,121816.0
2006-04-03,386.71,399.47,386.71,396.7,41834.0
2006-04-04,397.5,397.7,386.77,392.99,15256.0
2006-04-05,393.5,404.98,392.0,398.2,38429.0
2006-04-06,399.0,403.0,388.0,391.0,18032.0
2006-04-07,390.0,394.8,385.0,392.0,31228.0
2006-04-10,392.0,394.99,384.0,390.1,40791.0
2006-04-11,388.0,392.0,378.0,379.88,50745.0
2006-04-12,376.27,383.88,371.0,376.98,63285.0
2006-04-13,377.9,378.0,362.0,368.39,55888.0
2006-04-14,365.0,370.0,360.22,366.5,44471.0
2006-04-17,366.5,369.5,363.0,365.4,41998.0
2006-04-18,365.5,375.0,364.17,375.0,53225.0
2006-04-19,376.0,384.99,376.0,381.7,50872.0
2006-04-20,382.2,382.2,365.0,370.0,50096.0
2006-04-21,368.0,372.99,367.01,369.5,27472.0
2006-04-24,373.99,373.99,365.0,370.0,9522.0
2006-04-25,366.56,372.5,365.0,365.0,20944.0
2006-04-26,365.0,374.99,365.0,374.99,37953.0
2006-04-27,375.01,382.0,373.0,373.0,48486.0
2006-04-28,376.99,376.99,361.0,376.76,15855.0
2006-05-02,373.0,375.0,368.18,374.5,8503.0
2006-05-03,376.5,379.0,370.0,371.99,35399.0
2006-05-04,370.0,371.0,363.0,365.28,37006.0
2006-05-05,368.15,369.99,356.0,360.94,34814.0
2006-05-06,356.61,367.78,356.6,365.0,27292.0
2006-05-10,365.2,367.99,349.03,353.11,40429.0
2006-05-11,352.01,358.97,348.0,354.83,17317.0
2006-05-12,353.1,353.11,347.02,348.0,18832.0
2006-05-15,345.65,347.49,330.0,331.0,39362.0
2006-05-16,331.0,339.0,320.01,339.0,101401.0
2006-05-17,340.77,350.0,340.77,345.0,101532.0
2006-05-18,340.83,357.51,322.01,346.0,32969.0
2006-05-19,361.0,361.0,341.0,341.0,31831.0
2006-05-22,347.67,347.67,315.0,322.5,35218.0
2006-05-23,320.0,328.44,312.0,325.01,36918.0
2006-05-24,325.01,327.0,315.15,319.49,47210.0
2006-05-25,324.42,338.12,317.1,330.0,28667.0
2006-05-26,375.0,400.04,355.0,379.5,323066.0
2006-05-29,384.0,402.0,350.0,376.9,326722.0
2006-05-30,386.77,386.77,357.0,369.8,64453.0
2006-05-31,376.0,379.0,353.0,359.0,63406.0
2006-06-01,364.99,369.0,356.04,362.02,23192.0
2006-06-02,364.2,369.95,360.02,364.8,33326.0
2006-06-05,364.0,368.0,350.0,352.0,38514.0
2006-06-06,350.04,352.8,330.5,334.0,31444.0
2006-06-07,333.99,343.66,325.0,331.5,59652.0
2006-06-08,330.0,330.0,310.0,315.0,70255.0
2006-06-09,315.44,320.0,300.0,305.0,33227.0
2006-06-13,300.0,309.98,280.0,283.0,58422.0
2006-06-14,289.95,300.0,275.5,298.5,59552.0
2006-06-15,298.98,298.99,277.11,280.95,179951.0
2006-06-16,284.9,291.0,280.01,285.48,46256.0
2006-06-19,286.04,297.8,282.05,283.52,21006.0
2006-06-20,283.65,285.89,271.02,281.35,24778.0
2006-06-21,285.87,285.87,278.01,281.0,44821.0
2006-06-22,281.9,290.0,279.97,280.0,61710.0
2006-06-23,283.89,283.89,275.04,280.99,20031.0
2006-06-26,280.0,289.0,270.0,275.98,41805.0
2006-06-27,272.0,280.0,272.0,274.0,97094.0
2006-06-28,273.5,279.43,273.4,275.0,45408.0
2006-06-29,279.92,281.59,276.01,279.2,47541.0
2006-06-30,284.0,307.0,280.02,296.0,99451.0
2006-07-03,305.0,315.0,295.95,314.0,95670.0
2006-07-04,315.0,317.0,308.0,316.5,78744.0
2006-07-05,315.0,327.5,312.0,317.0,152115.0
2006-07-06,315.89,320.0,315.0,319.5,79299.0
2006-07-07,322.0,325.0,316.5,321.0,62812.0
2006-07-10,326.69,326.69,316.01,317.5,31890.0
2006-07-11,318.0,321.19,317.99,318.0,44645.0
2006-07-12,320.0,327.0,315.3,324.0,200063.0
2006-07-13,326.98,328.99,317.1,321.0,82729.0
2006-07-14,316.0,319.0,313.0,318.5,120294.0
2006-07-17,317.5,318.0,310.0,311.7,44452.0
2006-07-18,309.01,318.49,301.05,312.99,43999.0
2006-07-19,315.44,329.0,313.01,322.6,29866.0
2006-07-20,326.0,329.0,321.0,321.0,168884.0
2006-07-21,320.9,321.0,314.01,318.9,29902.0
2006-07-24,317.0,319.0,316.01,317.5,14069.0
2006-07-25,318.0,320.5,317.5,317.95,69801.0
2006-07-26,318.0,321.89,318.0,321.8,44108.0
2006-07-27,322.0,340.0,322.0,340.0,153980.0
2006-07-28,338.39,340.0,332.0,339.75,79083.0
2006-07-31,340.0,340.0,335.02,338.0,45942.0
2006-08-01,339.39,350.0,337.0,348.0,154383.0
2006-08-02,350.49,358.5,350.0,356.3,199638.0
2006-08-03,357.0,360.0,353.05,355.11,59593.0
2006-08-04,356.0,356.0,350.5,352.5,86056.0
2006-08-07,350.54,355.0,344.0,345.5,112243.0
2006-08-08,347.0,349.0,345.01,347.0,27068.0
2006-08-09,350.0,358.84,347.0,349.75,39260.0
2006-08-10,350.0,353.0,348.0,352.98,59147.0
2006-08-11,351.15,357.0,351.0,355.8,27130.0
2006-08-14,355.5,355.5,350.0,351.0,24106.0
2006-08-15,350.7,352.44,349.5,351.0,29144.0
2006-08-16,352.0,353.0,348.1,350.0,85556.0
2006-08-17,350.0,350.5,345.65,348.5,17022.0
2006-08-18,348.5,348.97,343.5,344.0,12183.0
2006-08-21,344.48,344.49,342.0,342.01,9128.0
2006-08-22,344.51,355.0,344.51,351.4,302975.0
2006-08-23,353.0,353.0,348.0,350.5,35656.0
2006-08-24,350.1,350.5,348.0,348.66,14076.0
2006-08-25,349.0,351.7,348.5,350.49,22640.0
2006-08-28,349.0,350.48,347.0,347.99,13325.0
2006-08-29,349.0,349.0,345.03,346.01,45116.0
2006-08-30,347.0,347.7,342.57,342.75,102904.0
2006-08-31,343.1,344.0,337.0,337.97,120291.0
2006-09-01,336.11,339.97,328.0,330.01,81081.0
2006-09-04,333.0,333.0,328.55,331.0,64089.0
2006-09-05,330.0,330.99,324.55,326.61,86967.0
2006-09-06,328.3,332.0,325.0,328.5,73795.0
2006-09-07,326.0,329.5,314.0,315.01,175279.0
2006-09-08,315.01,322.5,311.0,320.5,27483.0
2006-09-11,320.05,320.05,310.0,312.0,79592.0
2006-09-12,312.99,317.0,310.03,315.5,20325.0
2006-09-13,315.5,317.5,311.1,313.98,93760.0
2006-09-14,314.99,317.98,312.5,316.0,53769.0
2006-09-15,317.0,317.0,308.03,310.0,89853.0
2006-09-18,313.0,315.44,310.4,314.01,32891.0
2006-09-19,317.66,317.9,314.5,316.39,24069.0
2006-09-20,315.15,316.4,310.0,316.0,54337.0
2006-09-21,314.0,327.77,314.0,320.0,113202.0
2006-09-22,321.0,321.0,313.3,315.0,74650.0
2006-09-25,314.0,315.0,301.0,307.6,47182.0
2006-09-26,307.62,318.0,307.62,314.0,49268.0
2006-09-27,315.0,318.81,310.89,313.0,66685.0
2006-09-28,314.45,316.65,313.2,313.5,54149.0
2006-09-29,314.1,317.5,312.99,313.0,58591.0
2006-10-02,314.99,316.0,313.21,313.21,46534.0
2006-10-03,314.0,314.4,310.41,312.13,46404.0
2006-10-04,312.9,314.5,312.15,314.4,23526.0
2006-10-05,317.4,322.91,313.61,322.0,182621.0
2006-10-06,323.12,334.5,323.0,326.65,163077.0
2006-10-09,326.7,335.0,326.1,334.0,111857.0
2006-10-10,334.99,342.99,334.99,339.0,145728.0
2006-10-11,339.5,342.75,332.5,334.0,190900.0
2006-10-12,333.89,337.99,330.0,337.0,98193.0
2006-10-13,338.39,342.0,337.5,342.0,107231.0
2006-10-16,341.99,341.99,334.0,334.85,110707.0
2006-10-17,334.5,335.13,330.0,334.5,103949.0
2006-10-18,334.0,334.5,329.0,333.01,158480.0
2006-10-19,333.3,334.99,330.8,333.9,89621.0
2006-10-20,333.34,335.78,330.9,334.92,119863.0
2006-10-23,336.02,340.0,334.01,338.9,185916.0
2006-10-24,339.3,345.0,336.0,344.8,226835.0
2006-10-25,345.0,351.42,340.51,351.41,359369.0
2006-10-26,351.01,354.78,345.21,352.0,328912.0
2006-10-27,352.01,354.9,346.1,354.4,269244.0
2006-10-30,352.51,353.98,336.45,344.0,363613.0
2006-10-31,342.0,345.6,337.0,345.5,114984.0
2006-11-01,345.5,349.5,341.18,348.7,64160.0
2006-11-02,349.0,350.5,345.0,349.5,137694.0
2006-11-03,349.48,352.48,348.01,351.55,111633.0
2006-11-07,347.04,351.0,345.27,347.08,233670.0
2006-11-08,345.0,345.0,318.51,324.5,1330889.0
2006-11-09,324.5,327.85,324.0,327.16,287699.0
2006-11-10,328.0,328.89,324.55,325.54,182216.0
2006-11-13,325.1,326.0,322.53,323.0,85404.0
2006-11-14,323.98,325.0,320.2,322.56,116997.0
2006-11-15,323.0,324.64,321.5,322.6,168870.0
2006-11-16,323.2,324.0,319.55,320.08,145444.0
2006-11-17,319.98,320.0,316.2,317.8,110728.0
2006-11-20,317.2,320.98,317.0,319.16,73335.0
2006-11-21,321.9,321.9,319.2,320.8,68500.0
2006-11-22,320.1,321.95,320.01,321.0,54659.0
2006-11-23,321.38,323.49,316.5,318.5,94095.0
2006-11-24,318.77,319.3,311.0,312.99,195670.0
2006-11-27,314.9,314.95,310.11,310.75,162052.0
2006-11-28,310.75,312.46,304.0,305.75,289395.0
2006-11-29,306.06,311.58,303.51,311.5,177720.0
2006-11-30,312.0,322.1,311.89,314.9,412100.0
2006-12-01,316.96,319.17,314.24,318.1,124864.0
2006-12-04,319.99,319.99,317.1,318.02,72994.0
2006-12-05,318.01,320.4,317.0,319.49,131872.0
2006-12-06,319.5,320.7,316.5,318.59,103116.0
2006-12-07,318.36,319.4,316.16,317.0,111477.0
2006-12-08,317.06,317.49,314.05,316.0,82037.0
2006-12-11,316.05,316.05,309.23,310.5,208022.0
2006-12-12,310.5,310.54,299.0,301.8,524239.0
2006-12-13,301.8,301.8,295.1,298.39,229776.0
2006-12-14,299.8,302.0,298.0,300.75,383043.0
2006-12-15,300.99,303.84,300.99,302.8,95505.0
2006-12-18,304.95,306.0,302.85,303.97,206074.0
2006-12-19,303.0,303.0,297.01,297.46,177842.0
2006-12-20,299.99,300.5,297.6,299.14,155210.0
2006-12-21,299.0,299.49,296.12,297.0,99039.0
2006-12-22,297.49,298.63,296.06,298.5,109945.0
2006-12-25,298.79,298.79,296.65,297.94,46878.0
2006-12-26,297.99,298.0,296.02,296.97,111590.0
2006-12-27,297.05,300.3,297.0,300.04,129441.0
2006-12-28,300.5,305.51,300.02,305.0,378989.0
2006-12-29,305.5,309.3,304.01,306.24,145600.0
2007-01-09,301.49,301.5,289.0,291.5,149837.0
2007-01-10,292.0,326.6,288.77,296.33,428559.0
2007-01-11,299.0,301.26,293.6,296.35,577411.0
2007-01-12,297.0,317.5,295.83,309.5,1213184.0
2007-01-15,313.0,314.2,307.02,311.1,428278.0
2007-01-16,311.4,311.4,305.1,306.1,300716.0
2007-01-17,305.01,309.9,302.43,305.5,238869.0
2007-01-18,306.97,308.4,304.01,304.5,151533.0
2007-01-19,304.5,307.77,301.6,307.7,109782.0
2007-01-22,309.8,322.5,308.51,322.0,767407.0
2007-01-23,320.71,336.98,320.0,333.5,895874.0
2007-01-24,335.0,340.49,325.0,337.0,922743.0
2007-01-25,338.03,343.0,338.03,342.5,318328.0
2007-01-26,335.01,342.16,335.01,339.88,249910.0
2007-01-29,340.9,342.9,329.05,329.99,184032.0
2007-01-30,329.01,329.82,322.65,327.8,220484.0
2007-01-31,330.5,331.88,327.81,329.4,187614.0
2007-02-01,331.0,340.05,330.6,339.49,431941.0
2007-02-02,340.02,346.11,337.02,343.48,524150.0
2007-02-05,344.0,345.2,338.0,341.99,260205.0
2007-02-06,340.0,342.99,338.65,340.0,236440.0
2007-02-07,339.41,339.9,335.0,337.75,176897.0
2007-02-08,336.95,336.95,330.01,330.3,308659.0
2007-02-09,333.49,337.77,333.0,336.69,171261.0
2007-02-12,335.5,336.4,321.0,321.5,292247.0
2007-02-13,322.27,328.3,318.35,327.29,304591.0
2007-02-14,333.99,342.5,333.0,342.0,721435.0
2007-02-15,343.0,348.0,342.5,343.01,735552.0
2007-02-16,344.97,346.88,340.11,345.0,312493.0
2007-02-19,345.5,346.99,343.04,343.9,99261.0
2007-02-20,344.2,353.49,343.0,349.0,548063.0
2007-02-21,351.0,359.9,348.0,348.5,693500.0
2007-02-22,351.0,361.99,350.11,361.97,533548.0
2007-02-26,361.0,363.95,358.0,359.5,506382.0
2007-02-27,359.99,360.0,340.57,345.0,1042868.0
2007-02-28,337.0,352.25,321.0,351.5,1064338.0
2007-03-01,348.8,353.42,330.51,338.45,820641.0
2007-03-02,339.99,345.77,332.2,338.93,701212.0
2007-03-05,324.0,329.0,307.01,320.1,755696.0
2007-03-06,319.9,330.0,319.9,325.48,566738.0
2007-03-07,327.02,329.97,322.01,323.51,395566.0
2007-03-09,328.9,333.0,326.01,330.95,266025.0
2007-03-12,332.0,336.1,328.0,334.9,262682.0
2007-03-13,336.5,338.2,329.01,337.05,295523.0
2007-03-14,324.02,332.0,323.02,328.0,506011.0
2007-03-15,332.0,333.51,325.5,329.9,278251.0
2007-03-16,328.9,332.69,327.01,330.75,210936.0
2007-03-19,331.1,336.0,330.51,336.0,229114.0
2007-03-20,337.0,340.0,329.88,332.0,241870.0
2007-03-21,331.99,336.9,331.99,335.0,137905.0
2007-03-22,339.01,349.99,337.01,347.65,441441.0
2007-03-23,348.0,351.14,343.1,349.01,373227.0
2007-03-26,350.0,353.0,345.14,352.2,171891.0
2007-03-27,349.0,353.0,349.0,351.8,237759.0
2007-03-28,352.0,360.0,350.01,359.0,443875.0
2007-03-29,360.0,362.5,357.0,357.99,500278.0
2007-03-30,359.99,362.4,355.0,359.16,397112.0
2007-04-02,361.7,361.7,348.1,348.1,435558.0
2007-04-03,349.9,353.0,348.0,352.0,271917.0
2007-04-04,353.9,358.21,352.61,354.21,303527.0
2007-04-05,355.99,360.99,353.03,355.99,409082.0
2007-04-06,358.0,359.25,353.8,358.97,185989.0
2007-04-09,359.1,364.5,359.0,362.16,412169.0
2007-04-10,361.3,375.59,357.19,375.0,467716.0
2007-04-11,377.0,379.15,370.0,372.79,273494.0
2007-04-12,370.2,373.1,368.01,369.69,249238.0
2007-04-13,370.57,372.87,370.0,371.0,125872.0
2007-04-16,372.0,373.0,365.01,367.5,270448.0
2007-04-17,367.5,368.3,358.5,363.61,485509.0
2007-04-18,364.07,367.8,359.35,361.7,458795.0
2007-04-19,359.41,360.0,345.01,355.5,696546.0
2007-04-20,365.5,368.0,355.8,361.5,369253.0
2007-04-23,364.8,366.8,357.6,358.5,349562.0
2007-04-24,358.72,361.0,351.0,351.0,230681.0
2007-04-25,350.0,353.7,347.2,349.48,273762.0
2007-04-26,351.48,353.4,349.0,351.59,163604.0
2007-04-27,350.02,353.85,345.05,349.03,422399.0
2007-04-28,344.0,347.5,339.01,344.51,84192.0
2007-05-02,342.0,348.5,341.43,347.0,72045.0
2007-05-03,347.98,355.8,347.0,353.0,218374.0
2007-05-04,354.02,361.99,352.53,360.59,272197.0
2007-05-07,361.02,363.49,359.1,363.0,152838.0
2007-05-08,363.0,363.8,355.01,357.09,95010.0
2007-05-10,358.0,358.0,350.0,352.5,166129.0
2007-05-11,349.77,351.96,342.0,345.75,296304.0
2007-05-14,346.49,350.52,344.0,348.31,167994.0
2007-05-15,348.0,348.01,341.0,342.33,251366.0
2007-05-16,344.06,353.5,341.07,353.0,485679.0
2007-05-17,353.5,356.52,350.02,350.02,158452.0
2007-05-18,350.55,355.02,350.03,354.87,79142.0
2007-05-21,354.89,357.5,351.0,352.25,147850.0
2007-05-22,352.25,353.0,348.5,353.0,86202.0
2007-05-23,352.78,353.2,342.52,344.5,140943.0
2007-05-24,342.52,344.5,337.53,340.99,208916.0
2007-05-25,336.99,342.0,335.22,339.0,228395.0
2007-05-28,341.02,343.0,305.53,330.51,171916.0
2007-05-29,330.7,336.52,321.0,326.12,171683.0
2007-05-30,318.0,329.0,316.0,326.5,163453.0
2007-05-31,329.77,347.0,329.34,335.0,136626.0
2007-06-01,338.5,346.48,333.0,346.48,170303.0
2007-06-04,345.0,345.0,337.0,337.77,200400.0
2007-06-05,337.21,344.8,336.52,342.27,146096.0
2007-06-06,341.77,343.8,334.0,336.8,37598.0
2007-06-07,338.0,338.0,328.22,329.9,105743.0
2007-06-08,330.0,331.27,327.6,330.0,126709.0
2007-06-09,333.5,335.69,332.0,335.58,77495.0
2007-06-13,335.48,335.48,328.0,331.51,312169.0
2007-06-14,336.0,353.48,334.4,352.89,379518.0
2007-06-15,354.02,358.99,348.8,358.0,409362.0
2007-06-18,357.05,365.0,356.0,363.74,350990.0
2007-06-19,363.0,366.7,357.52,361.5,309818.0
2007-06-20,361.5,366.7,361.3,363.24,159166.0
2007-06-21,362.77,363.0,358.0,358.0,214861.0
2007-06-22,358.11,361.0,356.0,358.91,134960.0
2007-06-25,358.9,358.9,355.22,357.0,37234.0
2007-06-26,355.69,361.7,354.5,361.61,126629.0
2007-06-27,358.0,363.77,357.52,362.73,197922.0
2007-06-28,363.0,363.0,358.25,362.81,213322.0
2007-06-29,364.27,364.27,358.0,361.98,159124.0
2007-07-02,362.5,373.0,362.5,371.0,285190.0
2007-07-03,373.02,395.5,372.27,395.2,971679.0
2007-07-04,396.68,400.0,391.0,397.9,302836.0
2007-07-05,392.11,409.77,392.1,407.0,807317.0
2007-07-06,407.98,415.0,407.98,412.0,628108.0
2007-07-09,413.6,420.99,408.22,420.0,465002.0
2007-07-10,421.0,421.0,412.0,413.37,337180.0
2007-07-11,408.1,416.2,404.3,415.0,213047.0
2007-07-12,418.5,442.01,418.0,441.1,967729.0
2007-07-13,445.94,449.32,441.2,444.03,574258.0
2007-07-16,444.0,444.0,434.1,436.0,197539.0
2007-07-17,434.9,437.5,427.2,433.49,284723.0
2007-07-18,430.23,439.49,425.0,437.52,380438.0
2007-07-19,439.9,448.7,439.9,446.0,159208.0
2007-07-20,449.49,450.0,441.5,448.52,225422.0
2007-07-23,448.56,460.0,441.55,460.0,504752.0
2007-07-24,461.31,464.4,455.09,457.0,360221.0
2007-07-25,456.9,458.45,445.0,458.1,602020.0
2007-07-26,458.5,459.0,445.27,451.0,783922.0
2007-07-27,445.0,445.0,431.11,434.91,820311.0
2007-07-30,434.91,444.0,419.21,420.49,495166.0
2007-07-31,424.51,450.05,424.1,448.0,712287.0
2007-08-01,437.0,453.0,431.35,450.04,758163.0
2007-08-02,452.89,453.93,443.22,446.92,285285.0
2007-08-03,448.0,449.8,440.52,445.13,161425.0
2007-08-06,439.0,445.18,433.2,442.02,216310.0
2007-08-07,445.99,447.13,431.0,432.0,435571.0
2007-08-08,436.99,443.0,434.71,437.5,254200.0
2007-08-09,442.0,442.99,415.1,417.0,577137.0
2007-08-10,408.5,415.98,397.0,405.0,625282.0
2007-08-13,414.0,417.01,403.0,405.5,406695.0
2007-08-14,404.0,410.0,396.0,406.2,684426.0
2007-08-15,398.0,404.0,390.5,392.5,296915.0
2007-08-16,388.0,389.8,373.0,377.01,785928.0
2007-08-17,375.0,393.99,358.12,390.0,949283.0
2007-08-20,387.98,391.98,383.06,386.37,171043.0
2007-08-21,387.95,389.3,367.1,382.51,363049.0
2007-08-22,383.97,404.3,380.11,400.17,531057.0
2007-08-23,410.0,415.98,405.21,415.9,549799.0
2007-08-24,412.0,419.9,407.4,417.0,286849.0
2007-08-27,423.18,427.45,420.11,426.6,265701.0
2007-08-28,422.5,426.6,417.05,423.0,284524.0
2007-08-29,415.45,421.5,412.2,421.1,228177.0
2007-08-30,424.0,426.98,416.13,417.1,266570.0
2007-08-31,421.64,443.82,420.23,440.95,574837.0
2007-09-03,441.8,446.3,437.75,441.01,216886.0
2007-09-04,441.3,442.83,433.0,434.49,474139.0
2007-09-05,436.0,437.18,430.03,433.45,155031.0
2007-09-06,435.0,439.8,431.5,438.0,224689.0
2007-09-07,439.49,441.0,426.1,429.8,280933.0
2007-09-10,424.0,437.9,424.0,434.3,289054.0
2007-09-11,440.0,442.98,436.03,441.89,323800.0
2007-09-12,444.0,446.0,436.0,438.15,207027.0
2007-09-13,440.0,459.0,439.01,459.0,510319.0
2007-09-14,460.0,460.0,449.0,450.0,315120.0
2007-09-17,450.51,458.0,443.5,446.0,136758.0
2007-09-18,445.0,459.0,444.0,454.9,273061.0
2007-09-19,465.0,480.0,460.0,478.25,1559305.0
2007-09-20,478.51,482.84,471.22,476.1,311099.0
2007-09-21,477.86,504.0,477.0,499.63,809519.0
2007-09-24,501.0,520.0,491.92,504.99,1207819.0
2007-09-25,500.5,509.85,491.3,495.1,645378.0
2007-09-26,499.75,514.98,495.15,511.85,1003700.0
2007-09-27,517.0,524.98,509.0,517.98,647304.0
2007-09-28,522.22,528.3,515.51,523.99,824328.0
2007-10-01,524.0,533.0,517.51,531.01,498363.0
2007-10-02,538.4,567.98,536.5,559.0,1117365.0
2007-10-03,559.0,579.9,552.6,558.75,1393585.0
2007-10-04,558.0,558.49,539.0,540.9,1256745.0
2007-10-05,545.0,554.66,542.0,553.5,760549.0
2007-10-08,557.0,567.95,553.62,559.1,476283.0
2007-10-09,548.5,568.57,545.55,566.0,395150.0
2007-10-10,571.9,593.98,568.01,588.97,1032744.0
2007-10-11,592.73,598.0,579.75,584.99,932232.0
2007-10-12,573.81,579.75,557.1,566.0,597126.0
2007-10-15,569.17,577.84,551.3,556.79,510077.0
2007-10-16,551.15,555.0,533.15,533.82,523753.0
2007-10-17,529.9,550.4,523.15,549.0,1262839.0
2007-10-18,552.09,555.0,539.17,544.5,447488.0
2007-10-19,543.01,552.0,540.0,548.37,286678.0
2007-10-22,535.1,548.5,531.1,546.88,627927.0
2007-10-23,550.02,574.99,550.02,572.0,1387551.0
2007-10-24,574.0,583.04,567.0,580.1,857081.0
2007-10-25,583.0,591.0,579.09,581.0,513311.0
2007-10-26,585.0,592.23,578.0,588.0,451429.0
2007-10-29,592.0,596.75,585.03,586.8,289809.0
2007-10-30,586.8,586.8,560.56,571.0,632027.0
2007-10-31,566.0,590.0,566.0,584.01,505072.0
2007-11-01,591.0,605.04,577.11,586.69,1020489.0
2007-11-02,575.0,589.81,572.7,575.02,888931.0
2007-11-06,574.0,583.31,573.13,578.58,445050.0
2007-11-07,580.0,584.0,571.0,580.3,394843.0
2007-11-08,572.0,582.9,571.3,580.0,242539.0
2007-11-09,580.0,584.2,552.25,559.9,424668.0
2007-11-12,559.01,578.99,554.98,571.88,586936.0
2007-11-13,570.0,575.0,547.35,551.0,654666.0
2007-11-14,560.5,563.2,550.0,558.29,375277.0
2007-11-15,558.37,562.8,552.55,559.0,240957.0
2007-11-16,551.0,558.87,541.0,548.96,237042.0
2007-11-19,548.96,553.5,540.5,541.0,134997.0
2007-11-20,547.25,551.0,535.0,544.0,352508.0
2007-11-21,546.0,546.0,537.3,540.98,122348.0
2007-11-22,540.97,552.5,539.22,551.21,259039.0
2007-11-23,556.0,556.2,548.21,551.8,144526.0
2007-11-26,557.1,563.0,543.17,547.46,284342.0
2007-11-27,544.75,544.99,536.02,539.0,298182.0
2007-11-28,539.5,546.0,530.25,545.05,180295.0
2007-11-29,550.8,560.99,550.8,553.0,539680.0
2007-11-30,556.0,564.89,555.0,564.1,421095.0
2007-12-03,563.95,565.0,547.8,553.12,334761.0
2007-12-04,552.12,554.84,543.0,544.7,211691.0
2007-12-05,544.71,568.5,544.02,566.5,415626.0
2007-12-06,568.0,571.5,557.25,563.5,438690.0
2007-12-07,568.5,568.5,561.33,565.0,179060.0
2007-12-10,564.44,567.0,557.25,563.0,334065.0
2007-12-11,559.11,571.99,559.01,567.0,577036.0
2007-12-12,560.0,565.0,558.5,565.0,172838.0
2007-12-13,563.25,563.69,551.47,554.0,310489.0
2007-12-14,553.0,559.9,550.22,555.0,246844.0
2007-12-17,552.5,561.87,545.05,551.63,233425.0
2007-12-18,547.5,554.46,546.95,551.78,208114.0
2007-12-19,553.91,555.29,547.0,555.0,128574.0
2007-12-20,558.2,568.95,556.05,568.78,369496.0
2007-12-21,570.54,586.69,570.23,577.0,803947.0
2007-12-24,580.98,581.89,567.13,573.0,169445.0
2007-12-25,571.48,575.5,567.0,568.05,151546.0
2007-12-26,568.4,568.4,557.41,559.0,205049.0
2007-12-27,563.75,563.75,555.5,556.0,232859.0
2007-12-28,555.3,561.8,549.45,559.49,312952.0
2008-01-09,562.45,573.5,555.04,565.75,109511.0
2008-01-10,568.0,573.0,555.0,570.2,187483.0
2008-01-11,570.0,584.29,566.04,580.0,354622.0
2008-01-14,575.01,599.0,573.7,593.5,303874.0
2008-01-15,593.0,607.1,591.8,605.0,627796.0
2008-01-16,592.0,598.99,569.0,579.0,655078.0
2008-01-17,578.99,588.93,568.01,574.99,371549.0
2008-01-18,571.99,584.5,566.19,580.9,262418.0
2008-01-21,562.61,571.0,526.0,536.0,633495.0
2008-01-22,514.56,535.0,491.01,529.2,559634.0
2008-01-23,538.0,543.0,505.02,509.93,445860.0
2008-01-24,522.9,532.98,518.0,527.99,200480.0
2008-01-25,535.0,549.0,530.03,548.0,276444.0
2008-01-28,527.21,539.5,519.0,528.0,146700.0
2008-01-29,535.0,550.94,535.0,550.2,304194.0
2008-01-30,549.89,549.89,538.0,538.01,179910.0
2008-01-31,535.0,543.49,509.3,509.3,389425.0
2008-02-01,521.97,544.9,520.78,537.0,302030.0
2008-02-04,550.5,567.0,550.0,566.0,269545.0
2008-02-05,560.5,575.0,555.0,556.5,356605.0
2008-02-06,541.26,556.0,531.0,549.0,471196.0
2008-02-07,549.72,556.9,524.0,536.0,315899.0
2008-02-08,541.0,550.59,538.57,544.0,183874.0
2008-02-11,547.1,569.0,539.0,565.4,317532.0
2008-02-12,568.8,589.1,568.8,586.77,410095.0
2008-02-13,589.0,596.02,579.0,591.0,438422.0
2008-02-14,597.5,600.0,581.22,587.57,328229.0
2008-02-15,587.0,588.99,562.51,571.35,513170.0
2008-02-18,573.8,591.44,571.45,588.5,214976.0
2008-02-19,592.0,600.4,585.0,600.4,337359.0
2008-02-20,594.0,624.98,593.16,615.4,786590.0
2008-02-21,625.0,648.5,624.0,647.43,671699.0
2008-02-22,637.14,645.0,635.51,641.98,384161.0
2008-02-26,652.0,659.13,645.57,648.94,355790.0
2008-02-27,654.98,656.0,639.47,646.0,474440.0
2008-02-28,645.99,647.98,637.15,645.0,340383.0
2008-02-29,642.9,649.0,622.7,624.0,902665.0
2008-03-03,615.01,619.0,598.7,608.6,550507.0
2008-03-04,610.2,624.0,608.65,618.0,377596.0
2008-03-05,622.0,631.99,616.1,628.0,182749.0
2008-03-06,635.0,643.99,623.11,634.3,284899.0
2008-03-07,625.0,631.77,617.0,621.9,459437.0
2008-03-11,615.74,651.0,614.4,650.0,365543.0
2008-03-12,654.29,656.0,646.51,652.5,314413.0
2008-03-13,642.11,655.0,633.01,641.0,292654.0
2008-03-14,646.0,654.9,629.94,632.96,434934.0
2008-03-17,620.0,625.0,577.33,590.0,899788.0
2008-03-18,595.98,600.0,570.56,585.01,583436.0
2008-03-19,594.97,594.97,560.0,567.0,461237.0
2008-03-20,560.0,566.0,535.13,544.99,830214.0
2008-03-21,548.5,557.0,541.75,553.01,445959.0
2008-03-24,569.0,570.5,555.0,569.1,422170.0
2008-03-25,569.1,587.0,541.8,545.0,791818.0
2008-03-26,548.48,568.0,539.01,567.0,650523.0
2008-03-27,559.0,563.99,545.5,551.98,359162.0
2008-03-28,553.0,555.45,528.7,531.0,586149.0
2008-03-31,528.9,534.0,522.0,527.0,259145.0
2008-04-01,529.0,538.92,527.02,537.97,214513.0
2008-04-02,544.1,545.0,533.05,539.1,269669.0
2008-04-03,540.0,543.0,525.4,527.9,302756.0
2008-04-04,525.4,533.17,525.0,530.0,148742.0
2008-04-07,534.77,572.0,534.6,571.0,1028697.0
2008-04-08,570.0,571.0,557.52,568.0,376547.0
2008-04-09,567.0,579.88,567.0,578.0,410300.0
2008-04-10,579.0,583.0,568.0,580.1,666071.0
2008-04-11,585.01,587.0,571.0,575.2,416363.0
2008-04-14,566.0,574.46,560.0,572.95,372504.0
2008-04-15,577.0,588.99,575.9,587.0,532491.0
2008-04-16,588.11,618.0,585.02,618.0,926856.0
2008-04-17,620.01,627.69,597.5,610.0,892361.0
2008-04-18,610.0,619.74,603.0,616.8,437442.0
2008-04-21,619.92,620.98,606.5,608.0,281417.0
2008-04-22,608.0,614.88,606.1,611.25,150475.0
2008-04-23,610.0,619.1,591.3,603.0,585504.0
2008-04-24,606.0,608.99,581.51,590.0,556051.0
2008-04-25,590.0,592.13,583.0,588.0,423644.0
2008-04-28,593.75,602.2,590.0,599.48,346401.0
2008-04-29,602.0,604.0,586.0,591.01,120779.0
2008-04-30,591.01,591.01,576.01,590.01,340010.0
2008-05-04,594.0,609.0,592.0,605.94,195277.0
2008-05-05,605.33,608.0,595.51,598.27,145548.0
2008-05-06,599.5,607.25,599.5,607.0,299966.0
2008-05-07,609.0,623.23,608.8,622.74,563534.0
2008-05-08,620.0,648.88,612.0,644.85,751779.0
2008-05-12,644.84,649.0,625.5,630.5,289612.0
2008-05-13,632.99,640.0,620.0,626.0,379476.0
2008-05-14,628.12,637.0,620.0,634.88,269036.0
2008-05-15,638.99,647.4,631.1,635.0,542580.0
2008-05-16,640.0,666.93,637.0,655.01,718252.0
2008-05-19,658.0,677.97,640.02,645.0,488287.0
2008-05-20,648.0,648.0,623.8,624.99,552100.0
2008-05-21,627.0,632.9,612.45,630.33,672120.0
2008-05-22,630.01,632.2,595.5,602.0,1025460.0
2008-05-23,604.97,605.0,585.0,595.0,414276.0
2008-05-26,592.0,594.0,586.03,592.0,145947.0
2008-05-27,593.0,596.9,582.22,588.0,370777.0
2008-05-28,587.8,619.89,582.0,616.0,595476.0
2008-05-29,621.0,626.84,617.0,624.07,485095.0
2008-05-30,626.0,633.0,610.35,618.0,592407.0
2008-06-02,620.77,628.0,611.0,611.5,254323.0
2008-06-03,607.2,613.0,589.9,595.9,745789.0
2008-06-04,596.0,596.0,582.01,589.93,427937.0
2008-06-05,589.5,598.98,584.41,586.0,421927.0
2008-06-06,593.8,594.99,580.1,582.4,453691.0
2008-06-07,576.0,577.88,569.0,573.11,258619.0
2008-06-09,569.8,583.9,568.1,578.9,449834.0
2008-06-10,579.0,579.0,569.99,572.0,186674.0
2008-06-11,573.0,578.0,570.0,575.51,192810.0
2008-06-16,579.0,587.97,575.0,575.7,167867.0
2008-06-17,576.7,584.23,575.77,584.05,172841.0
2008-06-18,584.05,613.98,578.14,605.0,1534556.0
2008-06-19,602.01,625.0,591.0,618.75,1203179.0
2008-06-20,616.11,623.75,614.31,619.94,646604.0
2008-06-23,618.5,621.69,602.1,611.0,573473.0
2008-06-24,611.0,621.99,592.13,595.01,470774.0
2008-06-25,599.8,609.0,595.0,606.0,378952.0
2008-06-26,607.47,623.0,607.17,611.01,773266.0
2008-06-27,605.0,621.0,598.0,617.51,344186.0
2008-06-30,618.0,621.0,606.05,608.0,325274.0
2008-07-01,609.91,613.98,586.6,589.0,405827.0
2008-07-02,595.0,598.88,572.0,575.9,957055.0
2008-07-03,569.0,569.0,539.1,544.01,1348468.0
2008-07-04,551.0,553.88,532.51,535.7,451936.0
2008-07-07,535.7,545.95,535.04,540.99,463982.0
2008-07-08,535.75,544.0,525.3,541.0,515458.0
2008-07-09,545.99,548.0,534.59,539.0,268286.0
2008-07-10,535.12,541.5,529.99,538.99,439013.0
2008-07-11,540.9,543.99,515.0,515.38,1139595.0
2008-07-14,517.95,522.0,515.11,518.77,141240.0
2008-07-15,512.54,513.9,499.53,503.0,349560.0
2008-07-16,503.01,509.1,492.14,501.0,385827.0
2008-07-17,504.79,513.0,499.8,511.0,466812.0
2008-07-18,505.0,505.87,478.7,480.6,612346.0
2008-07-21,485.0,489.0,473.5,477.0,381225.0
2008-07-22,475.0,480.79,467.0,469.0,290855.0
2008-07-23,470.9,483.5,469.01,469.99,434750.0
2008-07-24,470.0,473.0,452.2,454.0,447820.0
2008-07-25,433.3,439.0,402.0,407.99,1172013.0
2008-07-28,410.9,427.0,395.04,402.95,669923.0
2008-07-29,399.0,408.49,383.0,397.0,454083.0
2008-07-30,402.48,441.94,402.48,434.11,835857.0
2008-07-31,441.73,459.0,427.28,442.0,784303.0
2008-08-01,439.0,457.99,437.0,452.9,530331.0
2008-08-04,447.0,448.0,426.5,426.84,324702.0
2008-08-05,426.0,426.0,398.0,404.99,718248.0
2008-08-06,414.99,429.0,400.01,408.0,548668.0
2008-08-07,412.0,433.41,410.1,424.82,750315.0
2008-08-08,425.0,431.94,405.59,414.21,396080.0
2008-08-11,414.6,434.88,370.62,430.01,750688.0
2008-08-12,431.0,455.0,422.02,448.0,505218.0
2008-08-13,445.0,462.44,440.11,448.3,509831.0
2008-08-14,453.89,476.75,450.0,464.98,513115.0
2008-08-15,465.0,470.5,450.0,464.0,541864.0
2008-08-18,465.5,468.7,452.0,452.11,183542.0
2008-08-19,447.58,448.99,417.01,426.0,584743.0
2008-08-20,428.0,452.0,428.0,445.89,295220.0
2008-08-21,445.0,448.0,422.55,440.0,291416.0
2008-08-22,444.0,445.0,423.52,428.7,222494.0
2008-08-25,432.24,432.24,411.32,415.5,148259.0
2008-08-26,407.0,409.0,383.15,403.9,322720.0
2008-08-27,408.92,418.88,391.02,402.0,307447.0
2008-08-28,406.0,414.11,396.51,410.99,669431.0
2008-08-29,411.0,419.0,404.0,417.15,346719.0
2008-09-01,416.0,428.0,410.0,422.3,149262.0
2008-09-02,417.4,432.63,410.0,429.0,237819.0
2008-09-03,424.01,424.01,401.51,408.0,479444.0
2008-09-04,412.0,425.0,395.01,398.99,858368.0
2008-09-05,386.0,393.0,365.5,383.5,1023495.0
2008-09-08,393.2,403.01,378.59,391.1,308529.0
2008-09-09,385.0,386.8,360.0,360.0,500808.0
2008-09-10,350.0,360.0,321.5,324.0,577301.0
2008-09-11,333.7,353.0,322.79,332.99,533760.0
2008-09-12,338.71,370.5,332.1,369.0,568658.0
2008-09-15,357.5,368.75,345.0,350.51,268195.0
2008-09-16,343.0,365.0,315.0,327.0,752723.0
2008-09-17,338.5,350.2,305.0,319.99,322028.0
2008-09-19,336.51,370.0,322.0,363.0,403677.0
2008-09-22,369.99,375.0,353.0,369.96,389960.0
2008-09-23,365.0,368.0,340.2,349.86,211370.0
2008-09-24,350.0,360.0,331.0,338.0,397852.0
2008-09-25,336.1,340.95,323.75,325.99,301371.0
2008-09-26,325.8,329.49,316.0,324.88,276994.0
2008-09-29,324.87,328.0,285.0,285.99,762376.0
2008-09-30,271.0,280.0,254.5,271.99,654665.0
2008-10-01,275.0,282.98,270.01,272.11,428134.0
2008-10-02,272.2,275.0,250.04,251.49,477262.0
2008-10-03,248.0,248.0,223.0,237.58,539590.0
2008-10-06,222.0,222.0,176.0,182.5,417626.0
2008-10-07,179.15,193.98,163.01,172.42,479922.0
2008-10-08,160.51,162.62,140.51,143.01,63394.0
2008-10-09,160.0,180.0,144.0,152.5,595819.0
2008-10-13,149.0,158.0,126.5,129.54,833656.0
2008-10-14,142.0,164.99,140.0,156.89,843068.0
2008-10-15,154.0,154.98,127.33,132.36,436069.0
2008-10-16,127.0,127.99,101.8,108.0,720880.0
2008-10-20,110.0,112.88,99.99,103.12,807330.0
2008-10-21,107.24,114.89,104.7,113.4,681852.0
2008-10-22,109.0,111.98,101.67,102.11,341548.0
2008-10-23,100.5,105.0,97.11,99.3,396647.0
2008-10-24,97.04,98.5,75.0,79.01,344184.0
2008-10-28,79.88,79.88,68.0,69.9,1251692.0
2008-10-29,74.74,75.99,73.0,75.9,1208168.0
2008-10-30,77.51,93.96,77.51,89.05,2157492.0
2008-10-31,87.05,92.33,83.0,89.99,1595011.0
2008-11-01,90.18,110.0,90.18,108.56,852282.0
2008-11-05,114.0,130.0,106.2,109.0,1559814.0
2008-11-06,97.0,103.0,81.0,95.33,789730.0
2008-11-07,92.99,101.5,90.11,95.49,1001599.0
2008-11-10,102.0,104.95,98.0,98.0,1357910.0
2008-11-11,95.59,96.0,83.91,86.03,593543.0
2008-11-13,71.4,82.95,71.06,80.0,519440.0
2008-11-14,86.0,89.84,77.26,79.79,551861.0
2008-11-17,79.98,82.5,71.79,72.65,742016.0
2008-11-18,70.1,72.65,66.41,68.51,1507697.0
2008-11-19,68.99,68.99,62.22,64.3,732464.0
2008-11-20,59.25,60.58,56.72,58.65,709130.0
2008-11-21,59.0,61.88,58.57,59.95,554711.0
2008-11-24,61.99,70.47,59.75,70.35,1223351.0
2008-11-25,73.0,82.3,72.0,77.5,1951057.0
2008-11-26,78.98,84.25,74.47,75.7,932902.0
2008-11-27,79.0,87.95,77.0,87.9,1410176.0
2008-11-28,88.0,97.99,84.0,86.23,2150657.0
2008-12-01,85.5,86.06,77.04,77.87,613067.0
2008-12-02,73.8,80.21,70.28,79.9,686179.0
2008-12-03,80.58,80.65,75.13,78.3,492269.0
2008-12-04,77.41,80.87,76.1,77.99,507932.0
2008-12-05,75.99,77.97,74.0,74.1,328187.0
2008-12-08,79.0,92.48,78.0,92.4,1706739.0
2008-12-09,91.99,108.78,88.69,103.6,5156791.0
2008-12-10,106.98,116.8,104.01,106.89,3636613.0
2008-12-11,109.0,110.5,103.04,104.0,1734841.0
2008-12-12,98.8,100.02,86.98,93.7,2379046.0
2008-12-15,96.9,103.0,95.53,96.5,1549098.0
2008-12-16,95.7,99.0,92.73,93.6,905608.0
2008-12-17,96.0,97.0,90.6,93.4,941474.0
2008-12-18,92.99,93.98,84.19,85.14,903972.0
2008-12-19,84.0,93.4,80.34,89.65,1852489.0
2008-12-22,90.4,94.0,89.06,91.85,1464762.0
2008-12-23,89.9,92.9,88.5,91.45,1390469.0
2008-12-24,91.02,93.0,89.06,89.23,584941.0
2008-12-25,89.23,89.7,85.0,85.75,525532.0
2008-12-26,86.05,86.49,83.94,84.35,297780.0
2008-12-29,85.02,88.0,84.0,85.8,556517.0
2008-12-30,85.01,86.2,82.33,83.41,398867.0
2008-12-31,84.2,84.99,83.2,84.65,207384.0
2009-01-11,88.03,89.0,86.32,87.59,507894.0
2009-01-12,87.4,91.04,87.35,89.59,544387.0
2009-01-13,88.53,90.98,85.27,89.9,376749.0
2009-01-14,90.99,91.86,85.9,86.0,519242.0
2009-01-15,85.66,88.5,82.39,83.2,1039789.0
2009-01-16,84.4,85.36,82.95,83.87,367053.0
2009-01-19,85.0,87.0,80.1,82.82,522198.0
2009-01-20,83.0,83.0,77.4,81.83,465433.0
2009-01-21,78.23,81.2,77.51,80.3,429962.0
2009-01-22,81.3,81.99,77.0,77.9,358965.0
2009-01-23,78.19,78.8,70.81,74.17,456661.0
2009-01-26,75.0,87.1,74.2,85.41,1057912.0
2009-01-27,85.5,88.19,81.26,83.5,910891.0
2009-01-28,84.19,93.5,84.19,90.0,1220385.0
2009-01-29,90.99,94.99,84.02,91.0,1028185.0
2009-01-30,90.6,93.79,89.11,90.04,718473.0
2009-02-02,88.5,95.3,87.4,94.85,870313.0
2009-02-03,95.4,98.7,93.3,97.92,854223.0
2009-02-04,100.2,111.62,99.96,111.2,2313795.0
2009-02-05,109.0,125.23,108.5,116.0,5473083.0
2009-02-06,120.63,142.67,120.6,142.0,8284229.0
2009-02-09,144.44,165.0,142.21,151.08,7143931.0
2009-02-10,150.48,154.5,136.66,148.2,5043065.0
2009-02-11,144.63,148.0,136.66,137.97,2766973.0
2009-02-12,139.0,139.5,123.55,125.83,2419722.0
2009-02-13,129.0,138.45,127.53,136.7,2587281.0
2009-02-16,134.44,143.0,131.4,135.3,1550472.0
2009-02-17,134.01,134.01,121.98,122.01,1001333.0
2009-02-18,121.9,129.88,114.29,119.5,2749030.0
2009-02-19,121.1,131.15,120.0,124.95,2614968.0
2009-02-20,121.85,122.5,115.81,119.11,1011154.0
2009-02-24,115.98,123.0,114.51,122.51,906921.0
2009-02-25,127.0,130.26,123.5,125.5,1895867.0
2009-02-26,126.5,139.0,126.05,138.6,1867797.0
2009-02-27,137.0,140.77,127.77,130.12,2254301.0
2009-03-02,128.0,128.0,123.7,126.0,795374.0
2009-03-03,124.99,128.93,123.16,126.27,834782.0
2009-03-04,128.5,134.36,128.5,133.3,1678844.0
2009-03-05,133.8,134.0,128.4,129.45,1221818.0
2009-03-06,127.3,132.95,126.69,130.0,910153.0
2009-03-10,131.78,144.0,130.06,138.87,2819800.0
2009-03-11,141.0,141.0,130.65,131.5,2287310.0
2009-03-12,130.51,133.99,125.12,127.16,1533122.0
2009-03-13,129.47,133.69,127.21,128.84,1613448.0
2009-03-16,128.41,136.45,128.0,134.25,1788153.0
2009-03-17,134.5,137.35,132.21,134.23,1311853.0
2009-03-18,135.88,136.0,126.2,127.69,1531059.0
2009-03-19,129.69,131.8,127.91,128.41,1898185.0
2009-03-20,128.49,136.7,126.7,135.5,3351685.0
2009-03-23,137.2,143.4,135.76,141.17,3899782.0
2009-03-24,144.1,144.9,128.77,130.8,2717423.0
2009-03-25,130.1,135.0,129.0,130.79,2425669.0
2009-03-26,131.68,133.0,129.62,132.05,2408449.0
2009-03-27,132.66,135.5,126.25,126.59,2858142.0
2009-03-30,124.6,124.99,117.0,118.94,1886801.0
2009-03-31,119.12,121.99,116.0,116.46,2241674.0
2009-04-01,116.98,117.99,112.25,114.55,1614830.0
2009-04-02,117.34,119.74,116.1,119.0,2157782.0
2009-04-03,119.3,128.5,118.01,127.51,4825505.0
2009-04-06,131.0,134.3,122.21,124.21,3043100.0
2009-04-07,125.05,127.8,120.4,124.7,1550125.0
2009-04-08,121.0,131.45,120.0,130.0,2604504.0
2009-04-09,132.51,136.9,130.0,136.6,3621949.0
2009-04-10,137.55,138.0,133.12,135.6,1195448.0
2009-04-13,135.66,137.12,131.0,131.93,1588915.0
2009-04-14,132.5,143.3,132.0,143.0,4001902.0
2009-04-15,140.23,146.65,138.5,138.6,3293812.0
2009-04-16,142.32,146.7,140.2,143.8,2306896.0
2009-04-17,146.88,156.97,144.99,154.26,4869761.0
2009-04-20,157.5,162.72,140.52,141.08,4491063.0
2009-04-21,138.11,145.3,136.68,142.01,2096361.0
2009-04-22,145.02,148.7,140.37,148.54,1831015.0
2009-04-23,147.16,153.8,145.22,150.0,2608446.0
2009-04-24,149.99,150.8,145.5,146.26,1910755.0
2009-04-27,145.0,145.0,138.0,139.85,1653767.0
2009-04-28,138.5,138.5,130.19,133.75,2225415.0
2009-04-29,134.4,136.68,132.05,136.36,1580427.0
2009-04-30,138.22,141.2,134.6,135.0,1440564.0
2009-05-04,140.01,141.68,137.2,141.4,1383202.0
2009-05-05,143.31,147.85,139.11,143.0,2469609.0
2009-05-06,142.51,146.5,139.6,145.04,1403776.0
2009-05-07,146.89,159.13,146.71,151.0,4456101.0
2009-05-08,151.99,153.97,149.11,153.45,1203768.0
2009-05-12,151.45,164.5,148.1,160.99,2890601.0
2009-05-13,163.27,173.5,144.21,150.62,5806266.0
2009-05-14,146.12,152.55,143.06,149.0,1915756.0
2009-05-15,151.2,152.04,143.5,143.82,2002821.0
2009-05-18,141.82,144.0,138.75,143.75,1732067.0
2009-05-19,146.31,149.39,142.11,144.89,2556354.0
2009-05-20,145.01,157.6,143.7,157.0,3617608.0
2009-05-21,152.53,158.28,148.33,150.0,2588935.0
2009-05-22,150.29,153.95,148.4,150.7,1776955.0
2009-05-25,152.0,154.89,148.61,153.88,990366.0
2009-05-26,152.91,153.49,144.91,148.75,1801530.0
2009-05-27,150.06,163.5,150.06,161.89,3575382.0
2009-05-28,160.88,167.15,156.58,159.98,4205953.0
2009-05-29,164.03,174.7,160.99,173.14,3679694.0
2009-06-01,178.28,192.7,177.0,191.5,3592457.0
2009-06-02,193.01,201.75,180.0,189.0,4305800.0
2009-06-03,191.45,194.0,170.65,171.5,3126492.0
2009-06-04,170.65,177.77,160.5,168.89,2941996.0
2009-06-05,173.5,177.0,169.51,172.0,1966168.0
2009-06-08,173.0,173.0,164.22,168.68,1206215.0
2009-06-09,169.87,172.65,168.71,170.81,913649.0
2009-06-10,173.9,179.4,172.23,176.62,1753135.0
2009-06-11,177.99,183.1,173.8,182.0,1859637.0
2009-06-15,178.89,179.0,168.0,168.0,2126255.0
2009-06-16,166.0,174.4,164.21,171.7,1440414.0
2009-06-17,170.03,172.0,161.44,163.38,1312776.0
2009-06-18,165.0,165.4,157.8,162.3,2023699.0
2009-06-19,163.02,168.7,160.39,163.2,1646821.0
2009-06-22,162.23,165.47,154.0,154.83,2140253.0
2009-06-23,150.16,161.0,148.0,154.61,1785037.0
2009-06-24,156.02,162.8,156.02,162.05,1299526.0
2009-06-25,163.01,163.2,155.0,157.52,902737.0
2009-06-26,160.82,164.45,157.55,158.51,973560.0
2009-06-29,157.95,166.01,155.0,166.0,1050988.0
2009-06-30,168.07,174.1,163.05,165.54,1622232.0
2009-07-01,167.01,169.5,163.06,166.52,1548962.0
2009-07-02,165.58,175.62,161.61,166.0,2365346.0
2009-07-03,165.51,174.8,162.01,172.39,2055877.0
2009-07-06,169.88,169.88,159.0,160.0,1130320.0
2009-07-07,161.61,162.59,154.0,155.0,2384526.0
2009-07-08,151.21,153.3,145.2,147.0,1733070.0
2009-07-09,148.68,149.35,144.01,146.2,1234231.0
2009-07-10,146.44,147.0,142.0,143.98,1038454.0
2009-07-13,140.59,144.83,140.1,141.44,817386.0
2009-07-14,143.58,149.59,143.06,144.99,1341921.0
2009-07-15,146.19,152.85,146.12,151.4,1330947.0
2009-07-16,153.49,155.55,149.2,152.2,1148506.0
2009-07-17,153.79,164.0,151.1,161.49,2221046.0
2009-07-20,164.01,175.55,162.51,173.0,2581872.0
2009-07-21,173.61,184.98,171.59,184.8,3462452.0
2009-07-22,184.97,194.93,180.81,192.14,4201564.0
2009-07-23,195.61,199.97,183.3,190.0,2830414.0
2009-07-24,191.88,191.88,181.33,184.94,1797443.0
2009-07-27,187.05,192.0,186.05,188.83,1829804.0
2009-07-28,190.9,192.7,182.99,185.0,1185380.0
2009-07-29,180.83,198.11,180.82,187.86,2812927.0
2009-07-30,190.06,197.63,188.61,197.19,1705013.0
2009-07-31,198.99,215.0,193.18,213.78,3609793.0
2009-08-03,216.99,224.98,211.32,218.39,3010151.0
2009-08-04,218.39,227.62,215.0,222.7,3003571.0
2009-08-05,222.79,228.42,212.0,215.35,2157777.0
2009-08-06,218.2,221.9,206.0,209.9,2016293.0
2009-08-07,208.74,216.77,200.8,215.64,1633440.0
2009-08-10,215.8,219.88,211.13,216.67,898498.0
2009-08-11,216.71,223.35,210.2,213.0,1663920.0
2009-08-12,210.86,215.48,207.51,214.47,1020533.0
2009-08-13,217.02,223.5,216.0,221.4,1250653.0
2009-08-14,222.79,231.01,219.23,220.67,1660920.0
2009-08-17,215.02,216.25,208.63,212.0,1269143.0
2009-08-18,214.67,218.6,203.81,214.45,1256058.0
2009-08-19,214.99,215.0,207.04,212.0,500873.0
2009-08-20,215.02,217.2,209.38,214.38,517785.0
2009-08-21,212.0,228.27,209.0,228.0,1534883.0
2009-08-24,232.01,238.4,227.21,231.31,1811950.0
2009-08-25,227.5,238.22,223.02,237.81,1057278.0
2009-08-26,237.78,248.0,232.55,236.88,2218092.0
2009-08-27,234.11,237.6,225.01,226.99,1089431.0
2009-08-28,231.01,235.0,230.48,231.4,774601.0
2009-08-31,228.64,229.0,220.51,225.41,767551.0
2009-09-01,226.03,229.99,222.95,224.5,900837.0
2009-09-02,220.49,221.97,205.13,207.2,2681639.0
2009-09-03,209.71,211.38,200.2,204.36,2376349.0
2009-09-04,206.64,209.99,201.04,204.25,1101965.0
2009-09-07,206.0,210.5,205.0,209.98,1217864.0
2009-09-08,210.02,217.21,210.0,214.72,1763994.0
2009-09-09,215.0,215.79,210.7,214.5,1059955.0
2009-09-10,215.49,217.4,211.01,211.67,873720.0
2009-09-11,213.4,223.39,212.0,221.3,1617401.0
2009-09-14,215.71,220.88,213.61,219.19,876093.0
2009-09-15,220.69,225.7,220.2,222.48,1301302.0
2009-09-16,225.74,228.0,223.55,226.67,1463499.0
2009-09-17,229.0,230.62,221.65,224.49,1379381.0
2009-09-18,222.01,234.0,218.61,233.98,1412234.0
2009-09-21,232.5,239.46,227.49,228.03,2003518.0
2009-09-22,231.0,237.2,228.32,232.14,1273980.0
2009-09-23,233.78,240.72,228.6,231.21,1758346.0
2009-09-24,229.0,237.67,227.11,233.98,963807.0
2009-09-25,232.98,237.45,231.42,232.0,709492.0
2009-09-28,231.48,232.77,225.84,232.5,814894.0
2009-09-29,233.98,235.5,230.0,235.0,928662.0
2009-09-30,236.0,244.1,234.1,235.01,2002515.0
2009-10-01,237.49,242.7,236.1,241.25,988698.0
2009-10-02,237.33,239.9,224.11,227.9,1709250.0
2009-10-05,228.82,231.0,223.34,225.02,967944.0
2009-10-06,227.11,231.43,227.1,230.0,1152528.0
2009-10-07,233.0,233.68,227.16,228.51,1110564.0
2009-10-08,231.9,233.0,229.77,231.95,998394.0
2009-10-09,231.96,235.0,228.1,231.67,1079292.0
2009-10-12,233.2,241.49,232.04,237.41,1724447.0
2009-10-13,239.57,246.5,235.5,237.02,2822650.0
2009-10-14,242.16,249.48,240.35,246.6,2068843.0
2009-10-15,249.07,253.0,240.6,244.4,1584153.0
2009-10-16,248.0,249.05,236.03,238.1,1261677.0
2009-10-19,240.7,247.5,238.55,247.5,1043079.0
2009-10-20,249.6,253.0,246.12,249.25,986003.0
2009-10-21,247.56,248.5,240.31,247.0,1310963.0
2009-10-22,243.9,245.93,240.8,243.79,589106.0
2009-10-23,245.0,249.5,244.08,245.84,894403.0
2009-10-26,245.5,247.41,243.6,245.9,649559.0
2009-10-27,244.0,244.0,233.5,235.89,1638854.0
2009-10-28,233.5,235.07,216.0,216.96,2109978.0
2009-10-29,213.5,224.8,209.25,224.4,2512502.0
2009-10-30,226.89,226.9,213.02,213.99,1151121.0
2009-11-02,213.0,220.61,210.77,220.5,867495.0
2009-11-03,219.72,219.72,211.11,212.55,795091.0
2009-11-05,216.0,221.42,213.66,220.6,1172086.0
2009-11-06,221.0,223.38,215.21,218.7,940215.0
2009-11-09,221.0,229.19,221.0,229.0,1025900.0
2009-11-10,229.65,233.19,227.5,231.02,1125128.0
2009-11-11,232.49,234.8,230.69,233.0,678723.0
2009-11-12,231.1,233.0,227.67,230.0,569306.0
2009-11-13,228.32,229.08,225.0,226.91,506424.0
2009-11-16,230.5,233.94,230.35,233.5,1028014.0
2009-11-17,230.5,243.82,230.2,242.0,2260147.0
2009-11-18,244.56,248.33,241.87,246.5,3484017.0
2009-11-19,246.5,257.0,238.85,239.0,4048394.0
2009-11-20,241.53,243.99,232.87,237.99,1460869.0
2009-11-23,241.04,242.97,237.4,239.14,680784.0
2009-11-24,238.5,242.0,231.0,240.0,892519.0
2009-11-25,241.91,242.9,233.0,235.22,547701.0
2009-11-26,229.58,232.5,223.51,224.18,1099329.0
2009-11-27,216.8,224.4,213.2,223.7,1511386.0
2009-11-30,225.64,229.0,219.22,223.0,743540.0
2009-12-01,225.4,231.5,223.3,231.3,734555.0
2009-12-02,231.5,237.0,230.5,236.4,837733.0
2009-12-03,238.0,246.69,237.89,242.0,1721652.0
2009-12-04,241.0,246.0,235.81,244.9,1241511.0
2009-12-07,241.0,245.0,239.02,239.4,549207.0
2009-12-08,237.11,247.87,235.43,240.39,1362614.0
2009-12-09,239.75,243.7,237.51,239.22,432010.0
2009-12-10,238.2,241.29,234.0,239.05,593743.0
2009-12-11,240.81,241.98,237.5,239.0,369568.0
2009-12-14,239.9,242.0,238.8,239.8,343345.0
2009-12-15,240.91,241.9,236.33,241.0,516677.0
2009-12-16,240.0,250.5,239.0,250.5,1238247.0
2009-12-17,247.98,256.3,247.0,252.92,1309473.0
2009-12-18,252.3,259.06,252.3,257.06,894736.0
2009-12-21,260.07,260.69,256.13,259.97,710628.0
2009-12-22,259.0,259.82,252.12,256.39,852498.0
2009-12-23,257.5,258.0,255.43,256.63,377062.0
2009-12-24,258.0,258.79,246.05,249.1,1007650.0
2009-12-25,248.7,249.5,246.02,249.03,313076.0
2009-12-28,249.0,254.0,249.0,253.1,336562.0
2009-12-29,253.31,258.0,252.33,253.42,596674.0
2009-12-30,253.01,255.48,249.2,253.0,294185.0
2009-12-31,252.99,254.68,252.4,253.1,38069.0
2010-01-11,265.65,304.97,262.15,304.5,3327552.0
2010-01-12,303.5,317.6,296.45,302.42,3507532.0
2010-01-13,298.05,323.73,296.03,322.3,3047711.0
2010-01-14,328.0,357.7,326.2,353.0,6904918.0
2010-01-15,353.0,355.55,341.03,347.96,3289411.0
2010-01-18,348.0,381.3,344.5,371.01,6250424.0
2010-01-19,371.88,384.9,357.0,366.8,5554516.0
2010-01-20,369.8,374.0,351.01,353.1,2431582.0
2010-01-21,355.9,360.0,340.54,345.5,3254343.0
2010-01-22,339.52,351.82,335.59,351.48,3499604.0
2010-01-25,349.8,360.0,345.31,347.0,2415019.0
2010-01-26,342.99,345.3,330.95,334.0,1835109.0
2010-01-27,331.97,339.99,327.01,331.48,1528308.0
2010-01-28,335.4,358.59,335.19,352.0,3797577.0
2010-01-29,345.16,352.98,343.3,351.43,2192518.0
2010-02-01,347.99,351.25,340.0,347.1,1527322.0
2010-02-02,349.4,356.44,346.91,355.0,2696430.0
2010-02-03,359.88,371.0,357.32,359.9,4428263.0
2010-02-04,360.0,370.01,342.75,345.3,3505979.0
2010-02-05,338.33,339.75,323.23,326.4,4598716.0
2010-02-08,329.5,334.6,315.1,315.52,3023245.0
2010-02-09,321.85,339.7,317.0,339.5,3238676.0
2010-02-10,343.15,344.52,327.01,332.0,3731747.0
2010-02-11,338.83,341.0,324.5,326.48,3034177.0
2010-02-12,331.98,333.7,315.27,317.0,2946176.0
2010-02-15,320.13,333.9,318.18,333.57,3835701.0
2010-02-16,336.1,348.8,336.0,347.98,5468089.0
2010-02-17,350.91,351.88,342.7,347.05,2597090.0
2010-02-18,344.63,345.65,337.62,344.01,2314096.0
2010-02-19,339.55,347.99,334.04,346.3,1648653.0
2010-02-24,345.65,347.4,332.0,335.01,2123120.0
2010-02-25,333.33,340.05,326.0,328.1,2019588.0
2010-02-26,333.08,339.8,332.27,339.0,2249765.0
2010-02-27,339.87,343.0,338.51,342.05,908457.0
2010-03-01,345.0,350.95,342.62,350.45,2126009.0
2010-03-02,349.99,357.55,348.05,355.38,2996009.0
2010-03-03,355.63,365.0,354.0,364.0,1785691.0
2010-03-04,360.9,370.01,359.09,367.1,3692091.0
2010-03-05,370.1,385.0,369.02,384.5,3442927.0
2010-03-09,388.0,388.88,370.2,388.0,4510779.0
2010-03-10,386.93,402.0,378.06,386.5,5116731.0
2010-03-11,385.5,390.7,372.3,376.5,4165897.0
2010-03-12,379.89,384.77,376.3,378.5,3073530.0
2010-03-15,374.57,378.0,368.45,369.52,2520604.0
2010-03-16,371.0,376.3,369.01,375.4,2543598.0
2010-03-17,380.0,385.32,378.51,383.51,2289007.0
2010-03-18,383.0,385.15,373.01,373.77,2410524.0
2010-03-19,375.02,378.4,369.61,371.28,2002314.0
2010-03-22,369.23,374.13,360.69,370.88,2039333.0
2010-03-23,373.49,381.0,369.09,375.81,2697488.0
2010-03-24,378.55,386.81,377.04,378.7,3660611.0
2010-03-25,379.01,385.93,378.15,385.7,2251238.0
2010-03-26,386.05,395.18,386.05,389.55,2848042.0
2010-03-29,390.9,398.94,390.11,398.8,2199404.0
2010-03-30,399.0,399.57,393.0,398.01,2235121.0
2010-03-31,397.01,404.0,393.65,397.0,2264442.0
2010-04-01,398.19,422.41,398.19,420.0,3884043.0
2010-04-02,422.0,435.22,416.17,423.88,3367403.0
2010-04-05,425.77,429.8,420.52,423.0,1639076.0
2010-04-06,423.02,433.9,416.0,422.95,2677224.0
2010-04-07,422.84,424.19,412.23,413.75,1732809.0
2010-04-08,408.94,416.44,406.09,414.5,1799544.0
2010-04-09,417.13,429.0,417.0,426.99,2208661.0
2010-04-12,430.38,432.99,418.78,428.28,2206476.0
2010-04-13,424.71,425.95,419.2,420.5,1457518.0
2010-04-14,423.53,428.39,422.19,422.5,1145417.0
2010-04-15,425.96,426.1,414.34,418.0,1453383.0
2010-04-16,414.0,418.9,406.0,406.01,1789617.0
2010-04-19,400.0,404.08,384.14,400.01,3317638.0
2010-04-20,404.01,407.98,393.41,396.9,1911179.0
2010-04-21,399.77,402.12,389.25,391.52,1406368.0
2010-04-22,386.0,394.9,380.0,381.32,1455537.0
2010-04-23,382.17,387.99,379.05,387.89,1481630.0
2010-04-26,391.54,400.5,390.0,398.53,2000924.0
2010-04-27,396.0,398.0,390.1,396.1,1623758.0
2010-04-28,385.25,391.0,383.11,386.62,1940466.0
2010-04-29,390.01,394.81,386.35,393.95,1022370.0
2010-04-30,394.0,394.06,389.54,390.7,1745649.0
2010-05-04,391.79,391.99,372.5,372.52,2172060.0
2010-05-05,371.11,376.92,353.08,364.0,2205049.0
2010-05-06,360.52,368.0,355.15,364.54,1007379.0
2010-05-07,351.11,358.0,333.0,335.11,2652578.0
2010-05-11,351.99,363.29,348.8,361.86,2044551.0
2010-05-12,359.65,383.71,356.22,377.49,2109799.0
2010-05-13,380.5,390.0,365.7,370.6,1457903.0
2010-05-14,367.4,367.8,354.0,358.5,1362323.0
2010-05-17,349.99,365.01,345.03,354.76,1764624.0
2010-05-18,357.56,361.89,345.04,355.0,1797621.0
2010-05-19,348.3,349.98,337.0,341.11,1654734.0
2010-05-20,341.11,345.6,318.0,321.99,2655431.0
2010-05-21,323.5,330.71,310.01,329.74,2540063.0
2010-05-24,334.01,339.88,321.8,330.55,1492967.0
2010-05-25,314.34,321.0,300.25,301.65,2300234.0
2010-05-26,309.0,318.85,306.04,315.21,2039900.0
2010-05-27,316.95,328.06,308.2,324.1,2453362.0
2010-05-28,326.66,335.0,321.22,328.9,1538372.0
2010-05-31,326.82,344.97,325.51,344.5,1213324.0
2010-06-01,341.33,343.0,327.3,335.99,3062511.0
2010-06-02,328.99,339.16,326.22,336.34,1690807.0
2010-06-03,343.0,349.89,340.08,341.0,2306593.0
2010-06-04,343.0,346.8,327.05,329.99,2067017.0
2010-06-07,320.02,324.7,312.87,319.5,1953980.0
2010-06-08,322.0,324.47,308.25,308.51,2036103.0
2010-06-09,311.9,315.65,306.98,313.98,1607512.0
2010-06-10,315.17,317.51,307.04,317.2,1885403.0
2010-06-11,318.5,322.74,309.11,312.37,2168259.0
2010-06-15,314.5,324.4,312.42,324.4,1842393.0
2010-06-16,327.0,329.0,317.81,319.49,1560661.0
2010-06-17,318.32,323.9,310.5,312.03,1680886.0
2010-06-18,315.02,319.9,312.0,315.61,1170932.0
2010-06-21,321.24,341.95,321.15,341.65,3093078.0
2010-06-22,335.0,348.5,334.0,347.5,2960140.0
2010-06-23,341.5,347.83,331.13,334.75,2167205.0
2010-06-24,337.0,342.99,328.85,332.51,2053930.0
2010-06-25,332.84,334.37,320.8,323.99,1527007.0
2010-06-28,327.0,334.8,323.57,330.0,1156180.0
2010-06-29,324.1,324.99,314.5,315.0,1592800.0
2010-06-30,314.8,316.88,305.12,307.94,1994395.0
2010-07-01,302.0,309.88,294.36,294.41,2320995.0
2010-07-02,299.14,302.9,296.33,300.0,2113895.0
2010-07-05,300.05,305.78,298.51,304.78,1142180.0
2010-07-06,307.0,319.2,306.08,318.46,2039802.0
2010-07-07,313.78,315.59,307.64,314.5,2098323.0
2010-07-08,320.05,324.2,311.59,314.99,2660711.0
2010-07-09,318.0,319.32,308.29,314.37,1214979.0
2010-07-12,314.38,321.99,312.4,320.5,1273818.0
2010-07-13,319.0,337.23,316.01,334.95,2751133.0
2010-07-14,338.21,339.94,328.08,330.77,1874453.0
2010-07-15,331.07,338.32,327.18,328.0,1502879.0
2010-07-16,327.33,333.9,323.7,326.61,1246529.0
2010-07-19,325.46,331.26,324.0,325.49,949866.0
2010-07-20,328.22,330.98,315.0,319.34,1586238.0
2010-07-21,323.88,338.34,321.15,336.89,3337471.0
2010-07-22,332.6,358.6,331.4,356.61,4518698.0
2010-07-23,358.0,360.0,348.51,351.9,2588558.0
2010-07-26,356.02,366.25,352.0,362.41,2182176.0
2010-07-27,362.41,376.76,358.78,371.29,3527666.0
2010-07-28,373.7,375.61,359.88,368.1,2029254.0
2010-07-29,368.31,374.3,367.0,372.21,1270438.0
2010-07-30,368.8,370.98,351.5,358.0,1966188.0
2010-08-02,363.33,380.0,363.0,379.49,2626271.0
2010-08-03,380.98,384.0,366.15,371.5,2301450.0
2010-08-04,368.99,384.79,367.78,378.61,1961790.0
2010-08-05,379.3,381.29,371.15,373.49,1720496.0
2010-08-06,376.3,378.27,368.67,373.36,1335474.0
2010-08-09,375.63,381.89,374.22,379.67,1725235.0
2010-08-10,377.08,378.4,367.12,368.97,1898235.0
2010-08-11,364.71,365.38,354.77,357.84,2003311.0
2010-08-12,354.81,363.11,352.2,355.0,2625127.0
2010-08-13,358.04,361.88,352.51,354.12,1376267.0
2010-08-16,356.05,357.8,348.12,352.8,1190273.0
2010-08-17,355.0,374.79,352.51,371.88,3150210.0
2010-08-18,372.0,372.0,367.5,371.48,1194104.0
2010-08-19,373.18,374.99,365.51,366.61,1516424.0
2010-08-20,365.49,367.99,357.0,364.27,1483024.0
2010-08-23,366.17,373.99,364.0,371.15,1418036.0
2010-08-24,367.0,368.0,357.61,359.53,1569359.0
2010-08-25,359.0,366.0,353.03,354.88,1708936.0
2010-08-26,358.97,365.5,357.66,365.4,1370012.0
2010-08-27,363.59,371.9,361.5,371.9,1558273.0
2010-08-30,375.1,379.0,369.55,370.5,1386116.0
2010-08-31,365.0,373.99,363.1,372.6,1146748.0
2010-09-01,374.11,386.23,370.75,386.19,1895352.0
2010-09-02,387.0,388.0,382.29,384.65,1620634.0
2010-09-03,385.07,395.99,382.52,393.67,1661031.0
2010-09-06,394.0,398.6,390.7,392.88,980503.0
2010-09-07,390.0,402.75,386.0,401.0,2424694.0
2010-09-08,399.23,411.5,398.1,409.51,2029851.0
2010-09-09,410.5,416.86,407.0,412.51,2341060.0
2010-09-10,410.49,418.27,408.58,414.26,1506580.0
2010-09-13,420.0,425.34,417.77,417.82,1355759.0
2010-09-14,417.4,424.55,413.56,418.84,1790513.0
2010-09-15,419.49,420.49,412.55,418.5,856808.0
2010-09-16,417.0,423.7,415.34,420.64,848559.0
2010-09-17,424.0,424.99,417.31,418.55,677618.0
2010-09-20,419.52,421.17,409.31,417.6,1125364.0
2010-09-21,419.25,430.0,417.01,428.0,1555810.0
2010-09-22,424.48,438.5,422.6,434.69,2169095.0
2010-09-23,435.46,445.5,435.0,442.02,2149955.0
2010-09-24,440.77,459.89,438.4,459.89,2958595.0
2010-09-27,461.48,471.9,450.08,450.3,3013883.0
2010-09-28,448.04,458.94,442.2,454.11,2243984.0
2010-09-29,457.98,462.48,446.67,452.8,1596750.0
2010-09-30,451.01,453.86,443.57,450.04,1562912.0
2010-10-01,450.0,462.19,446.38,448.49,1754235.0
2010-10-04,451.91,453.5,446.2,449.24,1040290.0
2010-10-05,449.24,452.3,440.05,446.0,1656408.0
2010-10-06,448.22,458.37,443.85,458.19,1752023.0
2010-10-07,458.9,465.79,444.46,445.74,2729237.0
2010-10-08,445.74,450.9,441.52,447.18,1532162.0
2010-10-11,451.98,454.98,448.0,451.47,1419136.0
2010-10-12,446.81,449.98,445.22,446.99,708798.0
2010-10-13,450.07,456.12,448.68,455.05,1154405.0
2010-10-14,459.05,460.0,451.0,453.0,1165027.0
2010-10-15,452.04,470.6,450.37,469.04,1867004.0
2010-10-18,465.1,474.5,463.5,464.11,1819975.0
2010-10-19,465.31,470.39,452.56,454.19,1258609.0
2010-10-20,453.5,456.65,442.1,448.58,2054079.0
2010-10-21,450.41,462.38,445.01,462.0,2123790.0
2010-10-22,459.7,459.7,445.48,447.77,1897561.0
2010-10-25,452.07,454.88,445.06,447.0,1541562.0
2010-10-26,445.97,448.37,428.51,431.0,2877503.0
2010-10-27,429.86,433.97,420.89,421.4,2425773.0
2010-10-28,422.2,427.5,420.27,421.06,1534092.0
2010-10-29,419.97,424.47,417.01,421.5,1490895.0
2010-11-01,424.87,431.2,423.9,429.25,2023027.0
2010-11-02,430.0,434.0,427.7,429.5,1179808.0
2010-11-03,430.97,434.46,427.7,431.99,1018029.0
2010-11-08,442.0,447.0,440.0,442.01,1825137.0
2010-11-09,442.91,460.25,440.29,458.1,2825250.0
2010-11-10,455.8,460.74,451.33,459.0,1695107.0
2010-11-11,462.0,465.4,447.0,448.45,2285887.0
2010-11-12,443.97,454.72,442.12,451.25,1762746.0
2010-11-13,447.69,448.49,441.69,443.5,520102.0
2010-11-15,444.46,449.81,438.0,446.52,1456561.0
2010-11-16,444.02,444.02,431.3,431.51,2374501.0
2010-11-17,430.0,439.78,428.71,437.18,2324008.0
2010-11-18,441.8,451.4,439.2,451.4,2203706.0
2010-11-19,451.1,455.9,446.0,455.02,1548526.0
2010-11-22,458.64,461.83,451.11,451.92,1436062.0
2010-11-23,447.0,451.39,441.5,444.0,1822361.0
2010-11-24,445.52,449.91,439.74,449.3,1488142.0
2010-11-25,449.9,457.5,449.32,455.31,1408589.0
2010-11-26,454.44,457.0,446.2,455.04,1089903.0
2010-11-29,458.48,458.89,445.92,447.0,1287806.0
2010-11-30,448.01,452.0,443.1,446.21,1122849.0
2010-12-01,447.93,458.0,447.0,457.12,1414619.0
2010-12-02,460.0,482.0,459.52,482.0,3916981.0
2010-12-03,482.99,499.95,479.33,491.0,3994338.0
2010-12-06,493.14,498.99,484.13,490.0,1574745.0
2010-12-07,493.5,506.89,491.37,494.79,3236856.0
2010-12-08,491.5,508.55,489.0,504.7,3246404.0
2010-12-09,510.17,519.5,508.53,517.28,2564631.0
2010-12-10,516.82,517.87,509.22,512.0,1232297.0
2010-12-13,517.15,518.0,507.11,508.0,1369926.0
2010-12-14,508.23,511.54,504.31,507.43,1174551.0
2010-12-15,506.8,518.0,501.21,512.48,2000647.0
2010-12-16,509.1,511.98,502.01,502.58,996899.0
2010-12-17,505.42,515.25,503.5,511.43,1829240.0
2010-12-20,510.05,515.54,507.6,509.0,953699.0
2010-12-21,510.88,515.5,510.01,514.39,751757.0
2010-12-22,515.01,517.54,512.1,515.69,920968.0
2010-12-23,516.39,519.5,514.46,519.47,883761.0
2010-12-24,519.63,519.99,513.08,513.91,539146.0
2010-12-27,513.16,514.36,503.5,506.58,686168.0
2010-12-28,507.23,510.91,503.11,507.99,557395.0
2010-12-29,509.35,518.5,508.1,515.0,844618.0
2010-12-30,517.17,519.97,514.01,519.85,670592.0
2011-01-11,520.05,554.86,520.0,554.78,2097592.0
2011-01-12,555.0,573.59,550.55,569.1,2122096.0
2011-01-13,570.34,584.6,560.06,567.88,2591720.0
2011-01-14,565.12,579.0,563.03,569.47,1335049.0
2011-01-17,570.84,592.85,570.84,588.05,2054455.0
2011-01-18,588.05,598.58,580.01,582.5,2061345.0
2011-01-19,589.8,591.46,570.5,570.9,2073074.0
2011-01-20,566.82,578.0,562.01,570.8,2607033.0
2011-01-21,573.0,576.31,565.54,568.0,1594922.0
2011-01-24,571.65,571.89,550.08,559.88,2404811.0
2011-01-25,562.04,563.48,552.0,554.2,1320275.0
2011-01-26,557.97,572.0,555.55,563.34,2356478.0
2011-01-27,566.98,569.49,556.5,561.78,1465757.0
2011-01-28,559.77,559.86,537.77,538.97,1850495.0
2011-01-31,536.05,542.9,525.51,540.1,1923623.0
2011-02-01,545.22,554.0,544.02,547.94,2001807.0
2011-02-02,553.41,557.9,545.16,554.04,1808596.0
2011-02-03,554.12,556.95,539.2,541.29,1106150.0
2011-02-04,545.26,550.6,540.71,541.7,1094395.0
2011-02-07,544.01,544.1,528.56,531.75,1392416.0
2011-02-08,532.13,536.9,510.17,510.97,2788431.0
2011-02-09,513.26,516.95,505.01,506.7,1608703.0
2011-02-10,506.03,506.03,490.13,493.86,2227304.0
2011-02-11,494.0,516.47,493.0,514.51,2456600.0
2011-02-14,519.7,529.49,510.03,516.25,2042445.0
2011-02-15,517.51,523.99,510.06,516.15,1663038.0
2011-02-16,517.16,525.2,515.79,523.5,1212019.0
2011-02-17,525.0,533.35,520.0,520.01,1834988.0
2011-02-18,523.63,525.88,511.5,519.13,1010943.0
2011-02-21,520.78,531.98,515.77,528.0,1159556.0
2011-02-22,524.01,524.5,510.0,521.99,1455314.0
2011-02-24,514.57,516.93,498.03,503.0,2234276.0
2011-02-25,508.48,529.0,508.0,529.0,1886822.0
2011-02-28,530.95,551.3,527.07,548.99,2791837.0
2011-03-01,551.8,552.8,534.0,536.0,2036450.0
2011-03-02,530.6,554.4,528.4,552.8,2748830.0
2011-03-03,554.4,564.3,547.2,554.3,2489150.0
2011-03-04,556.6,561.8,539.1,542.1,1613090.0
2011-03-05,541.4,552.0,540.5,548.7,561240.0
2011-03-09,545.1,546.6,537.1,540.7,1001920.0
2011-03-10,536.9,539.0,519.9,523.3,2120870.0
2011-03-11,519.3,526.2,511.5,523.1,2251730.0
2011-03-14,520.0,538.0,516.1,525.0,1802760.0
2011-03-15,518.6,526.4,505.0,521.3,2943300.0
2011-03-16,526.4,531.5,518.6,520.2,1428100.0
2011-03-17,519.6,537.0,519.1,531.4,1577180.0
2011-03-18,538.0,539.5,531.2,537.9,1334010.0
2011-03-21,539.3,546.0,537.5,540.1,1238850.0
2011-03-22,539.1,544.2,525.0,529.0,1735380.0
2011-03-23,527.2,534.0,525.0,530.1,1407070.0
2011-03-24,531.7,542.8,529.0,541.8,2003560.0
2011-03-25,543.0,556.0,540.0,554.3,2258500.0
2011-03-28,552.5,563.3,548.5,558.1,1633730.0
2011-03-29,557.5,560.7,545.5,549.0,1463330.0
2011-03-30,553.4,561.2,553.0,558.9,1575500.0
2011-03-31,560.0,562.2,549.2,557.4,1483460.0
2011-04-01,557.9,566.8,555.7,564.5,1775650.0
2011-04-04,566.1,567.7,558.5,563.0,1418470.0
2011-04-05,562.5,566.7,555.2,561.0,1105690.0
2011-04-06,561.0,569.8,559.2,566.9,1281200.0
2011-04-07,565.4,567.9,556.6,561.6,1108810.0
2011-04-08,566.0,567.2,557.1,559.9,952990.0
2011-04-11,560.0,562.6,543.2,548.4,1443530.0
2011-04-12,543.0,543.0,533.0,536.5,1398560.0
2011-04-13,537.6,540.5,525.0,529.0,1929570.0
2011-04-14,528.4,530.8,517.1,527.9,1600350.0
2011-04-15,527.2,534.8,521.4,522.1,1407970.0
2011-04-18,522.1,532.5,501.2,503.3,2713850.0
2011-04-19,506.0,526.2,505.4,525.6,2102560.0
2011-04-20,529.5,534.0,525.6,530.0,1520140.0
2011-04-21,533.5,536.8,523.5,528.3,1648310.0
2011-04-22,529.9,534.8,528.0,532.1,534380.0
2011-04-25,533.7,544.9,526.7,529.7,1580980.0
2011-04-26,527.9,530.4,520.2,528.0,1427910.0
2011-04-27,531.0,531.5,514.1,514.9,2151990.0
2011-04-28,521.7,523.8,494.3,498.1,3648550.0
2011-04-29,499.7,505.9,490.4,501.6,1510540.0
2011-05-03,501.0,503.8,473.7,475.5,2249110.0
2011-05-04,474.8,482.5,456.5,458.8,2984110.0
2011-05-05,463.0,468.8,446.2,468.0,2502070.0
2011-05-06,462.9,481.8,458.0,479.6,2551060.0
2011-05-10,476.9,482.1,471.6,479.3,1331000.0
2011-05-11,480.5,486.0,466.5,468.3,1898520.0
2011-05-12,462.0,472.5,457.3,471.1,1798920.0
2011-05-13,473.4,478.7,464.3,469.0,1589020.0
2011-05-16,462.7,469.5,459.1,468.5,1044930.0
2011-05-17,469.0,476.9,460.9,463.6,1409990.0
2011-05-18,471.2,478.9,469.5,475.4,1842880.0
2011-05-19,477.6,485.6,475.6,483.9,2237030.0
2011-05-20,484.0,498.7,478.1,480.0,2832680.0
2011-05-23,472.0,473.0,461.1,470.6,2157680.0
2011-05-24,473.3,481.6,472.0,477.5,1631040.0
2011-05-25,474.3,490.9,465.0,489.5,1719690.0
2011-05-26,494.3,496.0,483.5,487.0,1876200.0
2011-05-27,489.4,506.8,488.1,506.0,2134090.0
2011-05-30,505.0,509.6,500.9,503.6,1082610.0
2011-05-31,508.8,519.0,505.2,506.6,2262720.0
2011-06-01,509.6,513.4,498.7,500.0,1854320.0
2011-06-02,491.8,508.9,491.0,507.5,1806770.0
2011-06-03,508.0,520.7,497.1,506.5,2850690.0
2011-06-06,508.8,514.7,501.1,508.3,1151410.0
2011-06-07,506.7,521.6,506.6,519.1,2194060.0
2011-06-08,517.5,526.7,511.5,519.0,2247490.0
2011-06-09,521.6,533.0,518.1,531.5,2140630.0
2011-06-10,529.0,530.9,521.4,523.9,1309950.0
2011-06-14,524.9,528.8,515.1,517.2,1710350.0
2011-06-15,517.5,521.6,507.2,508.6,2532110.0
2011-06-16,504.0,511.9,501.1,511.1,2064540.0
2011-06-17,507.2,515.0,501.1,505.7,1701930.0
2011-06-20,505.0,506.8,496.0,505.1,1275280.0
2011-06-21,508.4,511.4,506.5,507.8,731080.0
2011-06-22,509.7,509.8,500.4,507.0,877390.0
2011-06-23,503.4,505.9,489.0,490.1,1562310.0
2011-06-24,495.7,502.3,494.1,496.3,1563510.0
2011-06-27,491.0,500.5,490.5,497.3,930570.0
2011-06-28,500.0,508.9,496.7,507.6,1346020.0
2011-06-29,508.6,513.9,506.2,510.7,1255880.0
2011-06-30,512.3,514.9,505.2,513.0,1238150.0
2011-07-01,513.7,524.0,507.5,522.0,1769350.0
2011-07-04,523.1,525.0,517.7,520.2,820480.0
2011-07-05,516.8,526.4,515.7,518.1,1364740.0
2011-07-06,520.3,522.7,514.0,516.0,961330.0
2011-07-07,520.6,529.0,518.6,528.1,1327810.0
2011-07-08,527.5,530.0,516.5,518.5,1397020.0
2011-07-11,516.0,522.0,505.6,509.6,1640280.0
2011-07-12,504.8,513.4,501.1,512.3,1970390.0
2011-07-13,514.1,515.4,505.1,514.9,1398860.0
2011-07-14,511.4,516.6,506.3,514.6,1265750.0
2011-07-15,510.0,515.8,508.1,512.3,817280.0
2011-07-18,511.6,514.0,505.0,505.2,1172690.0
2011-07-19,507.0,511.3,506.0,510.1,1043390.0
2011-07-20,513.4,515.0,507.0,508.0,792760.0
2011-07-21,510.0,519.8,503.0,519.3,1574600.0
2011-07-22,519.9,525.9,516.4,522.6,1649350.0
2011-07-25,517.7,524.9,514.2,524.5,919250.0
2011-07-26,526.0,528.2,518.2,521.4,816000.0
2011-07-27,521.8,527.9,519.0,519.5,1042600.0
2011-07-28,518.6,538.7,515.4,537.9,1934890.0
2011-07-29,534.5,536.0,525.7,533.9,1875650.0
2011-08-01,540.0,544.0,533.9,535.5,1407270.0
2011-08-02,533.0,537.7,525.2,529.5,1676360.0
2011-08-03,522.7,525.0,508.5,512.5,2299750.0
2011-08-04,516.0,518.0,485.2,487.1,2859050.0
2011-08-05,474.9,487.0,462.0,467.9,4083800.0
2011-08-08,454.9,464.8,417.1,417.1,5121750.0
2011-08-09,401.1,447.4,392.0,438.1,6409840.0
2011-08-10,450.0,455.0,412.3,414.9,4396910.0
2011-08-11,425.1,434.0,385.0,421.7,4870780.0
2011-08-12,426.6,441.6,411.0,436.0,3436060.0
2011-08-15,442.4,447.8,437.8,443.7,2086390.0
2011-08-16,440.0,441.0,421.9,433.5,2294540.0
2011-08-17,434.3,452.3,425.0,451.0,2496240.0
2011-08-18,443.1,445.3,413.0,423.7,2896120.0
2011-08-19,415.0,422.7,391.5,418.0,4473060.0
2011-08-22,410.0,435.6,406.0,427.0,2972110.0
2011-08-23,433.9,440.7,415.2,427.0,4110810.0
2011-08-24,431.1,432.7,421.5,430.6,2347470.0
2011-08-25,430.6,442.9,429.0,429.0,3081150.0
2011-08-26,434.0,436.4,419.6,434.5,2870680.0
2011-08-29,440.1,452.9,440.0,449.0,1993860.0
2011-08-30,451.9,452.7,437.3,442.5,2260920.0
2011-08-31,445.0,452.3,441.6,448.0,2771770.0
2011-09-01,449.8,449.9,431.7,443.9,2957470.0
2011-09-02,437.5,441.6,428.5,432.0,2688690.0
2011-09-05,425.7,428.8,416.7,419.0,1938270.0
2011-09-06,416.0,426.6,415.0,420.6,1956860.0
2011-09-07,426.5,441.3,426.1,440.0,2454160.0
2011-09-08,440.3,448.7,436.1,445.1,2385090.0
2011-09-09,439.1,443.8,425.2,425.2,2676630.0
2011-09-12,418.7,423.0,410.4,422.0,2715810.0
2011-09-13,426.9,433.5,418.0,429.9,2506150.0
2011-09-14,426.0,435.0,422.7,427.4,1715440.0
2011-09-15,431.8,443.8,429.2,436.8,3018930.0
2011-09-16,440.0,443.5,428.0,430.0,1612420.0
2011-09-19,426.4,427.4,418.0,418.0,1970320.0
2011-09-20,419.2,428.3,417.3,423.4,1802220.0
2011-09-21,421.6,427.3,415.5,416.6,1835770.0
2011-09-22,409.1,409.8,375.1,376.7,4517020.0
2011-09-23,374.2,375.6,319.6,342.5,6952590.0
2011-09-26,333.3,356.2,315.0,336.9,4880860.0
2011-09-27,345.8,358.7,343.3,356.8,3348110.0
2011-09-28,349.7,359.7,344.2,346.8,2646190.0
2011-09-29,343.8,364.9,341.2,361.9,3080510.0
2011-09-30,360.0,362.8,333.5,340.1,3021920.0
2011-10-03,331.9,338.4,318.0,331.2,3060410.0
2011-10-04,326.0,342.0,310.1,315.0,4577400.0
2011-10-05,323.7,330.5,316.5,323.0,3691300.0
2011-10-06,329.9,349.0,327.9,347.0,3571230.0
2011-10-07,353.8,385.0,351.3,379.0,4631540.0
2011-10-10,382.0,397.0,371.9,395.0,3623200.0
2011-10-11,395.8,396.6,382.7,385.7,2975330.0
2011-10-12,388.0,399.4,375.0,391.7,3457190.0
2011-10-13,392.1,392.4,376.8,383.0,3729080.0
2011-10-14,385.7,397.5,378.6,392.2,3210520.0
2011-10-17,396.9,401.0,380.1,381.1,3752290.0
2011-10-18,378.8,384.5,369.0,375.0,3330950.0
2011-10-19,379.0,383.0,370.1,376.2,2298170.0
2011-10-20,369.7,379.7,362.7,370.0,2663460.0
2011-10-21,373.7,389.6,370.5,388.0,2228380.0
2011-10-24,394.0,418.7,392.2,418.0,4887770.0
2011-10-25,418.5,424.0,405.1,416.0,4106200.0
2011-10-26,416.1,439.4,416.1,431.5,6078560.0
2011-10-27,439.1,452.7,433.5,442.0,4064250.0
2011-10-28,446.0,448.7,432.0,448.1,3169990.0
2011-10-31,439.9,448.2,436.2,443.0,1836780.0
2011-11-01,437.4,441.1,419.9,430.5,2642100.0
2011-11-02,431.1,444.0,423.1,441.9,2292970.0
2011-11-03,436.9,454.1,418.7,451.0,3524790.0
2011-11-07,451.9,473.5,451.0,469.7,2889190.0
2011-11-08,465.9,474.0,462.0,464.5,2177990.0
2011-11-09,467.9,469.8,440.1,441.1,3343490.0
2011-11-10,435.2,448.5,430.1,441.0,3766720.0
2011-11-11,445.0,458.0,439.0,456.8,2445400.0
2011-11-14,462.4,464.2,446.3,454.0,2149120.0
2011-11-15,452.0,460.4,437.8,450.7,3151940.0
2011-11-16,444.0,454.2,436.4,438.9,2271840.0
2011-11-17,437.0,443.7,420.0,428.2,2910580.0
2011-11-18,420.2,429.9,415.2,426.1,1656080.0
2011-11-21,420.0,422.0,393.0,395.5,3486610.0
2011-11-22,398.7,408.7,393.7,404.1,3352400.0
2011-11-23,395.7,414.0,395.7,406.0,3693620.0
2011-11-24,405.1,410.1,398.6,399.8,1704840.0
2011-11-25,397.9,404.0,383.3,403.5,3117670.0
2011-11-28,407.6,428.0,407.6,427.8,3292630.0
2011-11-29,430.8,447.0,420.8,443.5,4324810.0
2011-11-30,442.5,455.0,411.0,423.0,13463370.0
2011-12-01,427.7,427.9,403.1,404.2,4798800.0
2011-12-02,407.6,410.5,393.3,397.1,3652580.0
2011-12-05,405.0,411.2,399.4,409.4,2939170.0
2011-12-06,406.3,416.6,400.1,405.8,3984190.0
2011-12-07,409.4,413.8,401.0,405.0,2123580.0
2011-12-08,407.5,412.5,395.2,402.0,2602570.0
2011-12-09,395.0,397.0,380.8,384.4,2586280.0
2011-12-12,389.0,396.0,365.0,368.0,2329980.0
2011-12-13,366.6,377.5,356.6,374.0,2533740.0
2011-12-14,371.0,384.0,366.3,373.0,2658750.0
2011-12-15,364.0,377.0,362.0,375.5,3077330.0
2011-12-16,376.9,381.9,370.2,371.3,1792460.0
2011-12-19,367.7,371.9,363.0,365.3,1581920.0
2011-12-20,366.3,375.5,363.7,374.7,1223120.0
2011-12-21,379.5,383.9,369.3,372.8,2172530.0
2011-12-22,373.6,375.9,363.1,368.6,1356900.0
2011-12-23,371.6,371.6,360.4,361.2,1112090.0
2011-12-26,364.5,373.0,363.5,372.4,587800.0
2011-12-27,372.7,373.4,361.1,364.3,704060.0
2011-12-28,364.0,366.7,361.6,364.0,929490.0
2011-12-29,362.4,365.6,350.0,364.0,1374970.0
2011-12-30,365.0,369.8,359.1,363.8,1110050.0
2012-01-03,366.1,390.5,366.1,389.0,1580420.0
2012-01-04,388.5,397.7,384.3,395.6,1525010.0
2012-01-05,395.5,401.0,393.0,397.0,1244830.0
2012-01-06,397.0,408.9,393.5,404.1,1365040.0
2012-01-09,401.9,410.0,398.0,409.7,978110.0
2012-01-10,412.2,412.9,406.6,408.5,1819810.0
2012-01-11,406.5,410.6,399.8,408.0,1831840.0
2012-01-12,409.8,421.9,403.4,416.6,2914290.0
2012-01-13,417.1,420.0,413.0,413.7,1570080.0
2012-01-16,410.5,419.6,404.8,418.3,1737920.0
2012-01-17,425.0,437.5,424.5,433.3,3156290.0
2012-01-18,433.3,435.1,426.6,433.9,1545590.0
2012-01-19,436.7,441.2,429.3,431.1,1860020.0
2012-01-20,434.0,437.8,429.6,431.6,1853240.0
2012-01-23,430.9,432.6,424.8,430.1,1468040.0
2012-01-24,428.6,431.4,423.1,423.6,1103720.0
2012-01-25,425.7,429.1,421.6,424.5,1049320.0
2012-01-26,428.1,441.7,428.1,436.3,2993710.0
2012-01-27,434.8,439.0,427.0,428.0,1288620.0
2012-01-30,425.0,430.0,421.8,427.0,1187050.0
2012-01-31,430.0,441.1,429.0,438.7,1717400.0
2012-02-01,438.4,444.7,434.4,439.6,2172720.0
2012-02-02,441.4,441.9,430.1,430.6,1942860.0
2012-02-03,429.9,437.0,425.4,435.5,2147560.0
2012-02-06,436.0,440.4,431.0,433.8,1150500.0
2012-02-07,434.2,439.9,429.0,433.1,1156910.0
2012-02-08,434.7,444.3,434.7,437.5,1619170.0
2012-02-09,439.0,452.5,437.5,451.5,2727540.0
2012-02-10,448.8,454.6,427.7,430.5,2790650.0
2012-02-13,435.3,447.0,434.5,445.5,1674350.0
2012-02-14,443.4,452.0,440.0,446.2,1469510.0
2012-02-15,451.9,456.7,450.4,452.0,2206910.0
2012-02-16,446.7,449.4,440.6,443.8,1964650.0
2012-02-17,449.3,452.0,433.4,438.7,2558040.0
2012-02-20,444.8,447.2,437.3,440.0,1323710.0
2012-02-21,442.0,442.4,428.4,432.2,1391920.0
2012-02-22,433.1,434.8,421.5,422.2,1926720.0
2012-02-24,425.0,434.6,415.9,431.5,3379960.0
2012-02-27,430.0,438.2,427.1,433.8,1742900.0
2012-02-28,437.7,437.7,429.5,432.9,1611100.0
2012-02-29,435.4,450.9,434.5,448.1,3240040.0
2012-03-01,443.9,450.7,441.5,448.5,2216880.0
2012-03-02,449.5,452.0,443.0,445.5,1227750.0
2012-03-05,448.2,453.0,438.5,445.1,1495970.0
2012-03-06,440.7,441.3,421.7,422.1,3228590.0
2012-03-07,421.5,426.5,416.5,421.3,2084330.0
2012-03-11,430.0,432.9,427.5,432.4,807800.0
2012-03-12,430.2,432.4,427.0,428.8,1202100.0
2012-03-13,432.6,434.9,423.8,428.6,1013580.0
2012-03-14,432.5,440.0,429.5,435.0,2181660.0
2012-03-15,433.2,439.0,426.0,433.0,2413130.0
2012-03-16,435.0,435.3,421.8,425.0,2503220.0
2012-03-19,427.0,428.3,413.5,418.3,1988580.0
2012-03-20,420.1,423.6,413.6,417.6,1747830.0
2012-03-21,419.6,426.4,409.7,414.4,1910570.0
2012-03-22,414.8,417.8,405.5,409.5,1689550.0
2012-03-23,410.5,414.4,407.0,411.5,1043960.0
2012-03-26,414.6,418.4,412.0,413.5,1619580.0
2012-03-27,415.7,416.1,403.4,406.9,1672080.0
2012-03-28,403.3,409.5,395.5,396.4,1907100.0
2012-03-29,398.4,399.5,388.5,391.5,1814220.0
2012-03-30,395.5,404.8,392.5,392.8,2302680.0
2012-04-02,396.3,407.4,394.2,404.2,2211060.0
2012-04-03,406.0,413.7,404.5,410.9,1947360.0
2012-04-04,406.9,411.0,400.3,402.5,1792370.0
2012-04-05,404.5,411.7,398.1,409.4,1732020.0
2012-04-06,410.9,411.0,397.1,398.6,1100120.0
2012-04-09,398.5,402.7,392.6,400.0,916500.0
2012-04-10,400.6,406.0,395.0,395.3,1391250.0
2012-04-11,395.0,398.1,390.2,395.1,1782040.0
2012-04-12,395.9,399.0,390.2,391.5,1500910.0
2012-04-13,394.4,394.9,386.3,392.0,1740480.0
2012-04-16,390.0,392.6,378.8,378.9,1998460.0
2012-04-17,380.5,382.2,374.3,377.8,1803420.0
2012-04-18,382.0,383.7,378.8,381.6,1139870.0
2012-04-19,382.2,402.6,381.9,402.5,4096360.0
2012-04-20,399.5,407.7,398.7,406.1,2235810.0
2012-04-23,403.0,405.4,393.0,396.3,1658590.0
2012-04-24,397.4,400.0,391.0,394.4,990920.0
2012-04-25,396.0,398.9,391.1,396.6,993980.0
2012-04-26,398.6,399.0,389.2,391.7,1098040.0
2012-04-27,392.0,401.0,389.2,401.0,1431320.0
2012-04-28,399.7,401.7,398.2,400.3,219440.0
2012-05-02,401.4,405.8,389.3,392.1,1369140.0
2012-05-03,392.7,400.1,389.3,397.6,1022700.0
2012-05-04,396.2,396.2,366.5,373.0,3007300.0
2012-05-05,373.0,374.0,367.0,371.0,396100.0
2012-05-07,366.0,374.9,355.7,367.1,896880.0
2012-05-08,369.5,374.5,355.1,362.0,1887970.0
2012-05-10,361.1,374.4,360.2,374.4,2269710.0
2012-05-11,369.3,379.5,365.0,370.7,1304600.0
2012-05-12,369.2,375.9,365.0,374.3,499800.0
2012-05-14,372.6,374.0,355.0,357.6,1533480.0
2012-05-15,358.1,365.5,350.0,365.0,2148180.0
2012-05-16,356.8,364.2,352.6,362.0,1284980.0
2012-05-17,362.8,367.4,350.0,352.0,1539630.0
2012-05-18,343.0,354.2,330.2,344.4,2178740.0
2012-05-21,349.1,364.7,341.5,364.7,1479800.0
2012-05-22,365.5,369.6,360.6,366.7,1506920.0
2012-05-23,359.7,360.9,350.4,355.5,1403450.0
2012-05-24,358.7,360.0,342.6,354.2,1909290.0
2012-05-25,354.0,363.8,350.7,360.1,1079130.0
2012-05-28,363.4,369.2,353.5,356.0,1000910.0
2012-05-29,358.4,382.5,356.2,382.0,2984820.0
2012-05-30,378.1,383.5,374.5,376.1,1884900.0
2012-05-31,375.6,383.0,365.5,367.0,1401510.0
2012-06-01,368.0,373.5,354.1,362.5,1555200.0
2012-06-04,356.1,369.9,356.0,366.4,945400.0
2012-06-05,369.8,375.0,368.6,373.9,1160480.0
2012-06-06,377.6,379.5,368.5,374.3,1908600.0
2012-06-07,378.5,389.0,372.8,386.0,2260060.0
2012-06-08,382.4,386.9,378.2,384.8,981170.0
2012-06-09,387.0,389.0,382.0,382.1,249500.0
2012-06-13,384.2,388.9,380.5,385.0,1872000.0
2012-06-14,384.3,387.2,380.0,384.1,797950.0
2012-06-15,386.2,399.5,384.4,398.0,1948020.0
2012-06-18,400.1,404.8,396.2,400.3,1346200.0
2012-06-19,398.2,402.7,390.0,396.4,1243250.0
2012-06-20,397.0,397.0,388.7,389.0,779290.0
2012-06-21,386.6,400.6,384.8,390.3,1508680.0
2012-06-22,386.9,389.2,380.4,384.1,1238590.0
2012-06-25,383.0,387.4,373.7,375.9,1208900.0
2012-06-26,376.4,383.7,376.1,377.9,982460.0
2012-06-27,379.8,383.5,374.4,377.5,1351200.0
2012-06-28,380.1,381.3,360.2,361.4,3272280.0
2012-06-29,368.5,380.5,368.0,378.8,2138800.0
2012-07-02,378.8,390.9,377.6,387.5,1835790.0
2012-07-03,390.3,396.7,388.3,393.9,1387830.0
2012-07-04,394.4,394.9,390.1,391.5,797710.0
2012-07-05,389.9,396.0,385.3,385.9,1554350.0
2012-07-06,386.0,389.3,375.5,376.4,1150820.0
2012-07-09,376.7,379.7,370.7,372.5,881830.0
2012-07-10,370.8,382.9,369.5,374.6,1653850.0
2012-07-11,373.2,374.7,365.0,366.6,1645430.0
2012-07-12,368.0,370.6,362.4,367.3,995450.0
2012-07-13,370.8,372.5,365.1,368.9,1154740.0
2012-07-16,371.0,374.0,367.4,369.1,1169460.0
2012-07-17,371.1,375.0,368.5,368.9,1206020.0
2012-07-18,370.2,371.4,362.0,363.5,1589770.0
2012-07-19,366.0,372.3,365.7,371.0,1891990.0
2012-07-20,370.3,371.8,366.1,369.1,873310.0
2012-07-23,365.4,365.4,350.1,350.8,1524180.0
2012-07-24,354.1,355.1,343.0,343.5,1538960.0
2012-07-25,341.0,348.5,336.7,342.1,1581340.0
2012-07-26,343.3,351.8,339.1,349.0,1587110.0
2012-07-27,354.0,357.7,351.4,353.9,1155780.0
2012-07-30,355.7,364.8,353.9,361.6,1653590.0
2012-07-31,362.1,365.1,354.1,363.0,1393540.0
2012-08-01,361.3,367.9,361.3,365.0,941900.0
2012-08-02,364.0,376.0,355.5,359.2,2300970.0
2012-08-03,360.0,371.9,357.7,370.5,1107090.0
2012-08-06,372.0,384.1,368.9,380.0,2140770.0
2012-08-07,378.4,394.0,378.0,390.0,2190820.0
2012-08-08,388.3,396.8,388.0,391.7,2699320.0
2012-08-09,393.7,397.9,388.9,395.9,2732120.0
2012-08-10,394.8,396.1,386.2,394.0,1861240.0
2012-08-13,391.7,397.1,389.0,392.6,1374070.0
2012-08-14,394.1,400.3,392.3,397.2,1196400.0
2012-08-15,395.6,396.0,385.2,388.9,1645060.0
2012-08-16,391.7,393.3,388.0,391.3,774970.0
2012-08-17,392.8,395.0,380.8,381.7,917750.0
2012-08-20,383.9,384.9,376.9,380.1,832220.0
2012-08-21,382.1,393.0,382.1,392.0,994620.0
2012-08-22,387.6,390.1,385.7,388.9,603600.0
2012-08-23,393.2,398.8,391.9,394.2,1524930.0
2012-08-24,390.1,394.2,388.2,391.5,1023090.0
2012-08-27,392.8,395.6,387.0,388.4,965560.0
2012-08-28,388.4,390.0,380.8,384.0,1376300.0
2012-08-29,384.0,386.3,375.0,375.4,1267760.0
2012-08-30,375.4,377.4,369.0,369.0,1034680.0
2012-08-31,369.9,374.2,367.0,369.4,983250.0
2012-09-03,368.6,379.7,368.3,379.5,945140.0
2012-09-04,379.5,382.9,373.2,375.0,889450.0
2012-09-05,374.1,374.9,367.5,368.0,1530970.0
2012-09-06,370.0,382.7,370.0,381.5,1822570.0
2012-09-07,383.3,397.9,383.0,395.5,2785450.0
2012-09-10,395.5,396.5,389.4,394.6,1649660.0
2012-09-11,390.9,404.5,390.1,403.8,2228010.0
2012-09-12,404.3,408.9,402.5,405.0,1457920.0
2012-09-13,404.7,405.8,398.5,400.5,985680.0
2012-09-14,416.0,437.7,411.0,432.8,4622010.0
2012-09-17,430.9,435.3,421.1,423.3,2635850.0
2012-09-18,422.0,424.8,416.0,417.5,1478240.0
2012-09-19,420.5,423.8,401.5,406.2,6162440.0
2012-09-20,403.7,409.6,398.0,407.4,2391070.0
2012-09-21,410.8,415.8,406.2,408.8,1656520.0
2012-09-24,406.4,410.0,401.3,406.5,1243760.0
2012-09-25,408.7,410.6,402.8,403.4,895790.0
2012-09-26,399.9,400.0,386.9,387.5,1906310.0
2012-09-27,391.5,395.9,387.8,392.0,1232450.0
2012-09-28,396.8,399.7,389.9,394.6,1461070.0
2012-10-01,392.1,402.0,390.7,400.9,1876570.0
2012-10-02,397.8,403.4,392.0,395.1,2254530.0
2012-10-03,393.6,396.7,391.2,392.0,1064220.0
2012-10-04,394.4,395.7,387.1,390.3,1338650.0
2012-10-05,394.0,400.0,391.1,393.6,2112370.0
2012-10-08,390.8,395.0,389.0,394.1,1053760.0
2012-10-09,395.6,398.4,393.3,395.0,999860.0
2012-10-10,391.2,396.0,390.7,394.7,671750.0
2012-10-11,391.0,396.8,390.4,395.6,741330.0
2012-10-12,394.2,399.2,387.4,390.0,1533720.0
2012-10-15,388.0,392.7,379.1,382.6,1488190.0
2012-10-16,385.7,390.8,380.3,389.1,1504340.0
2012-10-17,390.2,401.8,389.4,398.8,2690710.0
2012-10-18,400.0,405.3,399.1,399.7,1446170.0
2012-10-19,399.0,399.0,390.4,392.2,1611060.0
2012-10-22,388.6,396.0,388.5,394.2,908310.0
2012-10-23,394.2,394.5,385.0,386.8,1142140.0
2012-10-24,389.6,392.0,380.6,386.4,1259680.0
2012-10-25,387.3,392.0,385.0,386.5,876110.0
2012-10-26,383.6,387.7,380.6,383.6,1096110.0
2012-10-29,384.3,385.8,381.7,383.9,376460.0
2012-10-30,383.9,391.1,380.0,381.1,957670.0
2012-10-31,382.8,390.2,381.3,383.9,1678500.0
2012-11-01,382.9,384.3,371.9,380.8,1674740.0
2012-11-02,382.0,385.9,380.5,385.0,1129840.0
2012-11-06,385.5,392.0,383.4,391.8,1150610.0
2012-11-07,392.6,395.5,383.2,384.0,2026500.0
2012-11-08,379.9,384.5,371.1,374.1,1434140.0
2012-11-09,374.1,377.6,363.0,366.8,1660070.0
2012-11-12,370.0,372.5,363.7,366.0,1198760.0
2012-11-13,363.4,363.5,352.1,356.5,2036180.0
2012-11-14,358.5,359.9,348.3,350.6,1572910.0
2012-11-15,349.1,359.7,348.5,355.5,1383300.0
2012-11-16,354.0,357.2,350.3,352.2,926140.0
2012-11-19,355.5,364.5,355.5,363.0,1243430.0
2012-11-20,364.5,366.0,360.6,363.0,871850.0
2012-11-21,360.6,366.4,358.3,364.5,903570.0
2012-11-22,365.0,367.8,361.2,362.1,838950.0
2012-11-23,363.1,364.9,357.7,364.8,924560.0
2012-11-26,365.3,366.3,359.2,360.0,817850.0
2012-11-27,362.3,363.0,354.7,357.1,1061240.0
2012-11-28,354.0,355.5,348.6,348.8,1101020.0
2012-11-29,353.0,354.8,349.7,351.9,970950.0
2012-11-30,351.9,357.8,351.0,352.0,1589810.0
2012-12-03,353.9,358.2,353.0,358.1,737600.0
2012-12-04,357.5,360.0,350.3,352.9,1243520.0
2012-12-05,355.1,361.9,355.1,359.0,1290840.0
2012-12-06,358.8,361.0,352.1,353.5,1269070.0
2012-12-07,354.9,355.9,351.7,354.9,794510.0
2012-12-10,355.8,358.4,353.1,355.4,1020060.0
2012-12-11,355.0,358.0,355.0,356.5,901350.0
2012-12-12,357.9,363.2,355.3,356.1,2270690.0
2012-12-13,355.9,357.3,351.2,351.7,1580810.0
2012-12-14,352.1,356.5,351.0,353.6,1192000.0
2012-12-17,354.5,355.5,352.3,354.8,922870.0
2012-12-18,356.4,361.8,356.4,361.0,1881660.0
2012-12-19,362.1,376.8,361.7,375.1,3956770.0
2012-12-20,373.0,379.7,371.5,378.3,2093280.0
2012-12-21,374.0,386.5,371.3,384.0,2658920.0
2012-12-24,384.0,387.6,376.5,376.6,985810.0
2012-12-25,378.0,381.7,375.0,378.0,581040.0
2012-12-26,378.6,382.5,376.7,381.0,426940.0
2012-12-27,380.5,381.8,375.2,377.7,742670.0
2012-12-28,378.1,378.8,368.8,369.1,1301990.0
2013-01-08,386.2,393.0,385.0,389.9,2075260.0
2013-01-09,389.8,392.5,386.0,389.7,966110.0
2013-01-10,390.3,391.7,387.2,388.0,644200.0
2013-01-11,388.3,392.0,383.6,392.0,1151680.0
2013-01-14,392.5,398.3,392.5,397.9,1301370.0
2013-01-15,396.8,399.1,391.3,392.4,1370200.0
2013-01-16,393.0,393.8,388.1,389.3,970450.0
2013-01-17,388.3,396.4,388.3,394.2,882820.0
2013-01-18,396.2,398.3,395.0,396.2,1000170.0
2013-01-21,396.2,397.5,393.0,394.8,423570.0
2013-01-22,395.0,396.6,388.8,391.0,884350.0
2013-01-23,392.2,394.0,389.8,391.2,668640.0
2013-01-24,389.9,390.0,384.1,386.5,1067520.0
2013-01-25,386.2,389.6,381.5,387.9,1161950.0
2013-01-28,389.4,391.9,387.5,390.0,1299050.0
2013-01-29,390.0,390.4,376.0,377.0,2901950.0
2013-01-30,378.3,382.0,368.7,372.1,2487550.0
2013-01-31,372.3,377.4,370.7,377.2,1827170.0
2013-02-01,377.5,379.5,373.5,373.9,912530.0
2013-02-04,375.1,375.6,365.0,366.2,1240270.0
2013-02-05,364.1,367.5,361.4,367.0,1067120.0
2013-02-06,368.7,371.0,362.6,365.0,1406370.0
2013-02-07,366.0,367.3,361.1,365.7,770950.0
2013-02-08,367.0,368.4,360.2,364.5,961200.0
2013-02-11,365.9,366.1,354.5,355.2,2488960.0
2013-02-12,355.0,359.4,352.2,355.1,1124540.0
2013-02-13,358.1,367.0,352.7,364.2,1676290.0
2013-02-14,364.6,368.0,362.1,365.7,1862160.0
2013-02-15,366.0,373.5,363.3,368.6,1635850.0
2013-02-18,369.6,370.5,362.0,364.6,560180.0
2013-02-19,364.7,366.9,362.4,363.6,718770.0
2013-02-20,365.0,365.6,360.1,360.5,786660.0
2013-02-21,357.0,357.8,351.7,351.9,1783470.0
2013-02-22,352.9,354.5,350.2,352.4,980840.0
2013-02-25,353.5,354.8,350.6,353.5,487680.0
2013-02-26,350.0,352.9,347.1,349.7,1059740.0
2013-02-27,350.6,351.5,345.5,347.2,1004540.0
2013-02-28,349.9,352.0,340.0,341.1,2285750.0
2013-03-01,341.1,342.0,334.4,337.4,1125740.0
2013-03-04,335.1,338.0,330.0,330.2,1162150.0
2013-03-05,331.6,337.0,331.2,335.0,1079140.0
2013-03-06,336.7,344.5,335.8,343.3,1449230.0
2013-03-07,344.5,344.5,335.4,336.9,743050.0
2013-03-11,338.3,341.9,336.5,336.9,686990.0
2013-03-12,337.2,337.3,332.1,333.5,659220.0
2013-03-13,332.0,335.9,326.1,327.2,1520800.0
2013-03-14,326.8,327.6,316.7,323.3,2093520.0
2013-03-15,324.9,326.9,317.7,318.3,1760490.0
2013-03-18,314.4,314.9,306.0,309.8,1816570.0
2013-03-19,311.2,314.9,301.8,302.0,1483260.0
2013-03-20,301.9,304.9,296.5,299.9,2121820.0
2013-03-21,301.0,306.9,298.7,300.9,1912510.0
2013-03-22,300.9,304.0,295.2,302.0,1634540.0
2013-03-25,304.1,306.8,296.0,296.7,1348570.0
2013-03-26,297.5,297.5,276.5,281.1,3021590.0
2013-03-27,283.5,284.0,270.3,275.6,2500010.0
2013-03-28,273.5,282.3,271.0,277.6,2413020.0
2013-03-29,279.0,282.0,277.6,279.7,812610.0
2013-04-01,278.3,279.6,273.6,274.1,711510.0
2013-04-02,273.5,276.0,266.0,269.1,2090180.0
2013-04-03,269.5,269.5,255.6,257.8,2885780.0
2013-04-04,255.5,266.8,251.0,262.8,5474190.0
2013-04-05,262.0,268.0,259.3,262.4,2149860.0
2013-04-08,263.4,266.5,253.2,256.4,1705840.0
2013-04-09,259.1,266.0,257.1,262.2,3017250.0
2013-04-10,263.8,272.4,262.9,271.2,3383190.0
2013-04-11,272.9,275.7,256.0,260.5,3543900.0
2013-04-12,259.5,261.0,252.5,257.4,2279490.0
2013-04-15,254.8,254.8,237.5,243.2,3486460.0
2013-04-16,242.0,249.5,239.1,245.0,2923690.0
2013-04-17,246.4,248.0,233.0,237.8,2104430.0
2013-04-18,237.7,247.4,236.2,238.0,2777360.0
2013-04-19,240.3,246.2,238.7,243.6,1937980.0
2013-04-22,246.0,248.9,238.0,241.6,1768830.0
2013-04-23,240.5,245.9,236.9,245.0,1856580.0
2013-04-24,246.9,260.6,246.0,260.4,2663810.0
2013-04-25,261.4,269.0,259.1,262.9,2716640.0
2013-04-26,262.2,265.1,255.0,259.0,1201580.0
2013-04-29,256.1,261.4,255.0,257.8,1468350.0
2013-04-30,258.6,263.0,255.1,262.0,1626520.0
2013-05-02,261.0,273.5,260.7,267.5,973930.0
2013-05-03,270.9,278.5,270.9,277.5,1258280.0
2013-05-06,278.9,284.6,276.0,282.6,1681500.0
2013-05-07,282.4,283.0,273.5,279.9,1569480.0
2013-05-08,279.9,283.7,274.9,282.9,1133970.0
2013-05-10,283.5,290.0,278.3,282.8,1131410.0
2013-05-13,281.2,281.4,273.5,275.1,1360840.0
2013-05-14,274.9,282.5,266.0,266.6,2180400.0
2013-05-15,267.4,268.7,255.6,260.0,1971770.0
2013-05-16,262.4,264.4,252.8,255.9,1846630.0
2013-05-17,256.0,269.0,254.5,268.7,1755220.0
2013-05-20,270.0,271.8,263.6,266.4,1217530.0
2013-05-21,266.0,275.2,262.2,274.7,1521610.0
2013-05-22,275.5,281.4,274.0,280.0,1582140.0
2013-05-23,275.9,275.9,265.6,265.7,2150680.0
2013-05-24,266.8,269.0,257.3,260.0,1437850.0
2013-05-27,261.5,262.7,257.5,258.3,673330.0
2013-05-28,259.5,269.5,259.5,267.8,2865490.0
2013-05-29,267.1,267.9,259.0,259.5,1611130.0
2013-05-30,260.0,263.5,254.1,257.7,2004140.0
2013-05-31,258.7,264.6,254.1,263.7,2604850.0
2013-06-03,256.5,263.0,251.5,252.5,2844610.0
2013-06-04,255.0,260.0,252.3,256.4,1868950.0
2013-06-05,256.4,256.6,245.2,246.6,2291650.0
2013-06-06,244.8,246.2,233.7,234.1,2332320.0
2013-06-07,237.4,240.0,234.2,237.3,2224240.0
2013-06-10,239.1,242.2,222.6,224.8,3130480.0
2013-06-11,223.8,225.8,213.7,216.7,2619140.0
2013-06-13,211.7,216.9,207.6,216.1,2012770.0
2013-06-14,218.2,224.6,216.5,220.6,2033110.0
2013-06-17,220.4,228.4,220.3,227.1,2099930.0
2013-06-18,226.6,229.6,223.7,224.4,1494420.0
2013-06-19,225.0,227.6,222.3,226.2,1398420.0
2013-06-20,222.0,222.0,217.0,218.3,1324000.0
2013-06-21,215.6,222.3,212.1,214.5,1573180.0
2013-06-24,211.8,215.0,208.5,209.1,1804860.0
2013-06-25,209.8,216.9,209.7,210.5,1920790.0
2013-06-26,211.0,215.0,208.7,210.0,2088030.0
2013-06-27,211.0,212.4,204.3,205.2,2068760.0
2013-06-28,206.1,210.0,203.2,209.8,2032260.0
2013-07-01,210.4,217.7,208.2,216.0,2021050.0
2013-07-02,216.4,222.8,215.9,222.6,2226960.0
2013-07-03,220.7,224.5,217.2,219.1,1809780.0
2013-07-04,221.3,229.0,220.4,229.0,2059560.0
2013-07-05,229.1,231.4,225.8,225.9,1679110.0
2013-07-08,226.4,229.4,224.3,228.3,983140.0
2013-07-09,228.6,233.9,228.6,231.4,1566470.0
2013-07-10,231.6,232.8,225.9,226.5,1048230.0
2013-07-11,229.8,235.3,229.1,233.8,1792240.0
2013-07-12,234.5,237.8,233.0,235.1,1374590.0
2013-07-15,235.5,239.0,233.5,235.2,1204170.0
2013-07-16,234.7,238.3,234.2,235.9,1243690.0
2013-07-17,236.0,242.2,235.9,241.8,1756960.0
2013-07-18,241.9,243.9,235.0,238.3,1235790.0
2013-07-19,238.5,249.2,237.3,247.9,2117320.0
2013-07-22,249.4,251.0,245.8,249.1,1294610.0
2013-07-23,250.9,259.4,250.9,257.0,2553880.0
2013-07-24,257.0,259.7,252.0,253.5,2273270.0
2013-07-25,252.4,254.3,245.5,246.9,2206140.0
2013-07-26,248.6,249.7,246.1,249.3,876130.0
2013-07-29,248.3,254.3,247.5,253.1,1096230.0
2013-07-30,254.0,258.8,252.2,254.5,1199390.0
2013-07-31,254.5,256.3,246.7,247.0,1354660.0
2013-08-01,250.5,254.9,248.3,253.0,1370910.0
2013-08-02,254.6,264.7,252.1,261.0,2461890.0
2013-08-05,261.8,270.7,260.8,266.9,1962460.0
2013-08-06,265.3,266.8,256.1,256.5,1898250.0
2013-08-07,255.8,257.4,247.3,254.3,1869920.0
2013-08-08,256.2,257.4,249.0,255.7,2295750.0
2013-08-09,257.5,274.0,257.5,272.5,3235340.0
2013-08-12,273.0,277.2,271.0,274.2,2190900.0
2013-08-13,272.2,281.3,269.3,278.0,2835310.0
2013-08-14,277.5,282.5,275.4,281.6,1568380.0
2013-08-15,280.0,282.1,272.5,273.5,1589140.0
2013-08-16,273.5,276.7,270.0,273.1,1384790.0
2013-08-19,273.9,278.0,270.2,273.3,1356770.0
2013-08-20,271.9,272.4,266.7,271.1,1596780.0
2013-08-21,271.5,274.0,269.0,273.2,1483880.0
2013-08-22,271.2,281.6,270.6,281.0,1940180.0
2013-08-23,284.0,284.9,279.0,280.6,1412020.0
2013-08-26,282.5,283.8,276.7,279.0,845780.0
2013-08-27,276.6,278.3,273.1,275.3,1162610.0
2013-08-28,274.2,275.3,269.1,270.4,1369330.0
2013-08-29,272.0,277.4,272.0,275.6,1086240.0
2013-08-30,276.0,276.7,272.5,275.9,1110920.0
2013-09-02,279.2,279.8,276.5,277.3,798220.0
2013-09-03,278.4,280.5,274.4,276.7,936110.0
2013-09-04,276.2,279.5,273.4,278.9,922900.0
2013-09-05,279.3,287.7,277.8,287.7,1628020.0
2013-09-06,286.3,298.4,286.0,288.8,1870360.0
2013-09-09,291.3,296.5,290.6,293.0,1235950.0
2013-09-10,294.9,300.5,294.8,299.0,1906470.0
2013-09-11,298.3,299.5,292.2,292.2,1228460.0
2013-09-12,294.0,294.8,288.6,291.1,1234020.0
2013-09-13,289.0,292.7,287.6,291.8,942780.0
2013-09-16,296.4,298.9,295.1,298.3,1572880.0
2013-09-17,296.5,298.5,293.4,298.5,777600.0
2013-09-18,298.5,301.9,295.6,295.7,1162830.0
2013-09-19,301.8,306.0,301.8,304.7,1971490.0
2013-09-20,303.9,304.4,299.1,299.6,1103250.0
2013-09-23,299.0,300.5,292.6,293.3,1362290.0
2013-09-24,291.9,298.3,290.0,290.0,1590550.0
2013-09-25,290.6,295.0,289.0,293.1,1426330.0
2013-09-26,293.7,297.3,292.2,295.0,1348270.0
2013-09-27,295.5,295.5,285.1,286.2,2035210.0
2013-09-30,283.6,284.9,278.0,282.9,1525300.0
2013-10-01,282.9,284.9,279.7,283.4,1192580.0
2013-10-02,282.9,283.8,278.3,280.2,1300740.0
2013-10-03,281.7,282.4,275.5,276.3,1187060.0
2013-10-04,275.6,281.2,273.5,281.1,1345120.0
2013-10-07,279.6,280.8,276.0,280.2,854420.0
2013-10-08,280.8,284.0,280.2,283.8,1204860.0
2013-10-09,282.2,287.5,280.7,282.5,1169170.0
2013-10-10,283.3,288.7,283.3,287.0,1274690.0
2013-10-11,288.2,289.9,285.1,286.5,1035220.0
2013-10-14,285.0,286.8,283.0,285.8,785620.0
2013-10-15,287.6,293.9,287.3,293.9,1825950.0
2013-10-16,293.0,299.6,291.6,298.9,1512530.0
2013-10-17,299.9,301.9,290.7,292.8,2086400.0
2013-10-18,294.7,296.4,291.2,293.5,1259550.0
2013-10-21,295.5,301.0,289.1,291.2,1259910.0
2013-10-22,291.2,292.9,288.1,291.9,929900.0
2013-10-23,290.1,290.4,284.3,286.3,1474270.0
2013-10-24,287.0,287.5,281.9,283.0,1187760.0
2013-10-25,281.9,284.3,280.5,281.9,993260.0
2013-10-28,284.0,287.0,279.1,282.5,1260940.0
2013-10-29,282.4,287.1,281.1,285.0,889230.0
2013-10-30,285.6,286.0,281.1,283.0,934240.0
2013-10-31,280.7,282.2,278.1,280.5,742970.0
2013-11-01,280.5,283.2,280.0,281.5,651290.0
2013-11-05,283.3,285.4,282.5,284.1,953110.0
2013-11-06,284.9,286.2,281.7,282.7,899840.0
2013-11-07,282.5,293.8,281.2,292.5,2503500.0
2013-11-08,289.6,291.4,283.4,286.1,1799660.0
2013-11-11,287.5,289.1,284.7,284.8,761590.0
2013-11-12,285.7,289.0,284.1,286.6,876700.0
2013-11-13,284.5,284.5,262.3,268.0,2126460.0
2013-11-14,273.5,281.9,273.2,278.1,2706760.0
2013-11-15,280.5,282.7,278.1,280.4,1157740.0
2013-11-18,281.3,292.8,280.7,292.5,2515360.0
2013-11-19,292.4,299.8,291.9,299.0,2985080.0
2013-11-20,299.0,310.0,297.5,308.8,3904730.0
2013-11-21,305.9,307.6,303.5,304.1,2140690.0
2013-11-22,305.9,306.7,299.2,304.0,1583940.0
2013-11-25,305.6,311.7,303.7,303.8,1564660.0
2013-11-26,304.5,306.2,298.6,299.9,1728960.0
2013-11-27,300.8,303.0,294.6,296.8,2036380.0
2013-11-28,298.8,301.4,297.3,300.6,846880.0
2013-11-29,300.6,302.8,296.7,301.9,1313240.0
2013-12-02,300.4,305.6,300.2,303.7,1101510.0
2013-12-03,303.7,303.7,296.0,298.4,1784110.0
2013-12-04,298.5,299.8,294.7,295.5,1798510.0
2013-12-05,295.5,301.5,295.1,299.1,1426220.0
2013-12-06,299.1,302.8,296.9,301.7,1265900.0
2013-12-09,303.2,304.6,300.5,302.1,981230.0
2013-12-10,301.9,303.0,297.8,299.6,1059780.0
2013-12-11,298.7,301.0,297.0,299.2,667970.0
2013-12-12,297.5,299.0,295.7,297.6,1126770.0
2013-12-13,298.0,299.0,295.9,297.0,833710.0
2013-12-16,296.1,299.9,295.2,299.1,807230.0
2013-12-17,299.1,302.9,299.0,301.5,900480.0
2013-12-18,301.7,305.0,301.3,304.5,990270.0
2013-12-19,306.5,318.6,305.1,318.4,3026190.0
2013-12-20,318.6,321.0,313.6,315.0,2178090.0
2013-12-23,316.5,318.5,313.1,315.1,1078790.0
2013-12-24,315.2,316.6,313.0,314.9,795040.0
2013-12-25,315.8,316.0,313.6,314.1,308650.0
2013-12-26,314.3,316.7,313.3,315.0,300930.0
2013-12-27,315.4,316.0,313.7,315.0,475490.0
2013-12-30,314.8,320.8,314.2,319.5,868680.0
2014-01-06,315.8,317.2,307.9,308.0,1212420.0
2014-01-08,308.6,310.2,302.1,302.4,1044830.0
2014-01-09,302.4,307.5,301.4,307.0,1070770.0
2014-01-10,305.7,306.9,302.6,305.9,1101670.0
2014-01-13,306.2,311.8,305.2,310.9,1447910.0
2014-01-14,307.8,312.2,304.8,311.1,1174050.0
2014-01-15,312.5,313.9,308.2,309.5,1211660.0
2014-01-16,310.2,312.0,306.0,306.3,886760.0
2014-01-17,305.4,308.5,303.5,306.1,1022300.0
2014-01-20,305.2,307.2,302.5,305.5,836460.0
2014-01-21,307.1,311.6,307.1,310.7,1118040.0
2014-01-22,311.2,311.6,306.0,306.9,1026270.0
2014-01-23,306.0,312.9,305.2,307.3,1311470.0
2014-01-24,305.7,308.0,302.0,302.8,1490800.0
2014-01-27,298.2,303.4,292.4,297.2,2141470.0
2014-01-28,297.2,300.5,292.2,297.5,1639530.0
2014-01-29,299.0,302.9,286.5,286.6,2401780.0
2014-01-30,287.3,291.0,280.4,288.7,3133660.0
2014-01-31,289.0,290.2,282.5,283.5,1649690.0
2014-02-03,285.4,286.7,279.7,280.1,1076490.0
2014-02-04,277.6,278.0,270.5,277.2,2011520.0
2014-02-05,278.1,290.4,275.3,289.2,3454050.0
2014-02-06,289.9,292.4,287.1,292.0,2117460.0
2014-02-07,293.1,299.0,293.1,295.7,2108280.0
2014-02-10,297.0,298.1,292.5,292.8,919460.0
2014-02-11,293.2,295.4,290.5,290.8,852970.0
2014-02-12,293.7,294.5,290.5,293.7,896510.0
2014-02-13,293.0,293.5,288.5,289.0,1197190.0
2014-02-14,290.8,297.3,290.6,296.8,1788720.0
2014-02-17,298.1,301.7,298.0,301.1,1164630.0
2014-02-18,301.7,304.7,297.3,298.8,1179010.0
2014-02-19,298.0,298.2,289.6,291.9,1660660.0
2014-02-20,289.1,293.2,287.0,293.2,1265000.0
2014-02-21,294.9,296.0,291.4,294.9,1084670.0
2014-02-24,296.4,298.0,294.0,297.5,823090.0
2014-02-25,298.3,299.5,292.0,295.2,1008180.0
2014-02-26,295.3,296.0,292.5,295.1,838230.0
2014-02-27,295.0,302.7,284.5,291.4,2915270.0
2014-02-28,291.5,297.7,285.6,297.7,2163100.0
2014-03-03,287.5,289.0,265.4,271.7,3635100.0
2014-03-04,272.4,283.0,272.2,279.0,2263780.0
2014-03-05,280.5,282.9,276.3,282.0,1804430.0
2014-03-06,283.0,288.5,273.4,282.5,2328270.0
2014-03-07,282.9,288.2,277.2,280.6,1393240.0
2014-03-11,274.7,276.6,266.5,267.6,2642630.0
2014-03-12,265.1,265.1,251.2,254.6,2334840.0
2014-03-13,254.8,257.5,239.5,240.1,1744200.0
2014-03-14,232.2,232.2,210.4,228.2,3740840.0
2014-03-17,229.3,242.0,228.6,240.7,3885930.0
2014-03-18,243.8,259.8,239.2,255.8,2948760.0
2014-03-19,256.7,264.0,252.3,259.0,2789630.0
2014-03-20,255.0,258.4,251.3,253.0,1570420.0
2014-03-21,245.7,253.3,241.4,251.4,2309640.0
2014-03-24,250.7,260.5,244.0,244.9,2471960.0
2014-03-25,247.2,255.7,242.1,252.0,2196610.0
2014-03-26,254.5,263.9,254.2,256.0,2874190.0
2014-03-27,255.5,259.6,251.5,254.7,1955500.0
2014-03-28,255.6,262.4,255.3,261.8,1539980.0
2014-03-31,261.8,267.6,260.3,266.5,1964250.0
2014-04-01,268.2,269.1,262.5,265.4,1689160.0
2014-04-02,265.8,266.6,257.0,262.1,1709190.0
2014-04-03,262.6,263.4,255.0,255.6,1385400.0
2014-04-04,256.0,267.5,252.2,266.3,2190190.0
2014-04-07,262.0,266.1,257.5,263.7,2779920.0
2014-04-08,262.6,268.8,260.9,267.3,1178540.0
2014-04-09,266.7,277.7,266.6,277.0,2049270.0
2014-04-10,278.4,287.5,277.0,286.6,2073500.0
2014-04-11,282.9,287.9,278.0,280.2,1402420.0
2014-04-14,277.1,279.3,268.1,269.7,2186400.0
2014-04-15,267.7,271.7,252.5,255.0,2746790.0
2014-04-16,256.3,264.0,252.0,262.5,2217060.0
2014-04-17,264.3,267.8,256.5,260.3,1772010.0
2014-04-18,268.4,269.0,265.2,267.0,772470.0
2014-04-21,266.8,268.0,263.0,263.6,534610.0
2014-04-22,262.3,265.8,256.5,264.6,1390350.0
2014-04-23,264.8,267.8,261.0,264.4,1230470.0
2014-04-24,264.4,265.8,252.5,256.0,1794480.0
2014-04-25,255.0,255.0,244.3,245.6,1751520.0
2014-04-28,244.0,260.2,239.4,259.7,2075780.0
2014-04-29,260.5,265.8,252.8,253.2,2318600.0
2014-04-30,254.5,255.3,246.5,248.9,1394010.0
2014-05-02,242.1,247.3,242.0,246.2,959450.0
2014-05-05,244.5,249.9,244.2,246.3,793190.0
2014-05-06,248.0,255.4,246.6,254.1,1081940.0
2014-05-07,252.4,280.0,252.3,271.4,2222300.0
2014-05-08,271.8,281.5,268.1,279.0,2815970.0
2014-05-12,279.8,287.7,276.9,285.0,2372580.0
2014-05-13,286.6,300.9,285.0,298.1,2874840.0
2014-05-14,298.8,308.1,296.4,305.8,3176420.0
2014-05-15,305.5,307.3,297.8,299.0,2118070.0
2014-05-16,297.8,308.0,295.6,306.4,2617780.0
2014-05-19,307.1,313.7,305.4,311.1,3304980.0
2014-05-20,311.6,319.0,310.6,313.4,3364430.0
2014-05-21,313.0,315.8,307.8,311.5,1712980.0
2014-05-22,312.9,315.0,305.3,308.5,1639290.0
2014-05-23,308.6,313.0,305.0,310.5,1263280.0
2014-05-26,310.7,315.7,308.5,309.4,884590.0
2014-05-27,309.3,309.6,300.7,301.3,1770950.0
2014-05-28,302.7,306.0,297.4,300.9,1782300.0
2014-05-29,302.0,307.0,301.3,304.8,1024610.0
2014-05-30,305.7,306.8,294.5,294.5,1752250.0
2014-06-02,295.4,299.9,295.0,295.6,1663960.0
2014-06-03,293.9,296.5,286.1,291.6,2762660.0
2014-06-04,291.8,294.9,289.0,290.1,1703820.0
2014-06-05,291.1,292.0,285.9,286.4,1328590.0
2014-06-06,287.1,296.0,285.0,294.5,1348460.0
2014-06-09,297.0,305.0,295.0,296.5,1813300.0
2014-06-10,297.5,297.5,291.1,293.4,963070.0
2014-06-11,293.0,296.7,290.0,292.5,814250.0
2014-06-16,290.5,290.9,282.7,285.4,2376360.0
2014-06-17,286.0,291.2,284.6,286.5,1404200.0
2014-06-18,288.3,293.9,286.1,291.9,1498690.0
2014-06-19,295.2,298.0,291.3,294.0,1925800.0
2014-06-20,290.3,290.3,285.3,286.2,1554660.0
2014-06-23,287.0,290.0,284.1,285.1,834800.0
2014-06-24,286.0,293.3,286.0,291.8,1504930.0
2014-06-25,289.6,292.8,284.3,284.5,1270530.0
2014-06-26,285.5,286.2,278.3,280.1,1590560.0
2014-06-27,280.4,283.0,276.8,280.6,1077880.0
2014-06-30,281.1,282.9,276.2,279.0,852740.0
2014-07-01,279.2,279.5,277.1,278.7,950730.0
2014-07-02,279.3,287.3,279.3,285.7,1723140.0
2014-07-03,286.1,289.3,285.2,288.7,1438240.0
2014-07-04,289.0,290.9,282.7,283.4,1221820.0
2014-07-07,283.5,290.7,282.9,289.5,1047310.0
2014-07-08,290.5,295.5,289.6,293.0,2052490.0
2014-07-09,293.1,297.5,289.1,291.4,1977390.0
2014-07-10,293.0,294.1,285.2,287.8,2037890.0
2014-07-11,288.7,292.1,286.0,290.9,1895640.0
2014-07-14,291.2,294.6,289.4,293.5,1101660.0
2014-07-15,294.4,302.0,291.5,298.2,2256170.0
2014-07-16,298.5,305.0,297.6,304.5,1947310.0
2014-07-17,302.3,304.5,296.5,303.9,2092480.0
2014-07-18,299.0,303.2,296.5,302.0,2422280.0
2014-07-21,303.7,309.0,303.0,303.9,3202250.0
2014-07-22,305.8,313.4,305.1,311.7,3153620.0
2014-07-23,312.0,317.0,307.1,310.0,2555880.0
2014-07-24,308.4,312.3,306.2,310.5,1208050.0
2014-07-25,310.4,312.7,307.2,310.1,1217390.0
2014-07-28,308.8,309.5,304.6,307.9,1007640.0
2014-07-29,308.7,321.5,308.2,320.0,2568960.0
2014-07-30,316.6,333.8,316.1,331.3,3439330.0
2014-07-31,331.0,346.2,331.0,343.0,3894170.0
2014-08-01,343.1,347.9,337.4,344.9,2399730.0
2014-08-04,346.1,349.6,339.1,343.1,1381760.0
2014-08-05,344.3,344.8,331.3,333.1,2082270.0
2014-08-06,331.5,335.0,326.3,328.3,2250710.0
2014-08-07,327.0,333.8,325.5,330.7,2180770.0
2014-08-08,330.8,337.0,327.2,334.1,2237800.0
2014-08-11,342.2,343.9,333.0,337.5,2284210.0
2014-08-12,337.5,338.8,332.6,334.1,1177810.0
2014-08-13,333.8,341.7,333.3,338.5,1743790.0
2014-08-14,339.1,345.0,336.6,338.7,1592630.0
2014-08-15,340.0,344.8,337.5,340.0,1119630.0
2014-08-18,341.4,344.4,338.5,343.1,819260.0
2014-08-19,343.8,354.1,342.0,353.9,2129020.0
2014-08-20,353.9,362.6,350.2,362.6,1751510.0
2014-08-21,363.5,370.2,360.5,363.1,1992050.0
2014-08-22,363.1,364.8,355.4,360.5,1407750.0
2014-08-25,361.0,363.0,357.5,359.5,605060.0
2014-08-26,360.4,365.5,358.1,363.8,1151560.0
2014-08-27,365.3,367.2,358.7,359.4,1235790.0
2014-08-28,359.5,359.9,351.2,355.6,1942060.0
2014-08-29,357.2,359.5,352.2,359.5,1022000.0
2014-09-01,362.4,364.5,354.6,358.0,1349390.0
2014-09-02,358.3,360.0,355.3,357.1,698310.0
2014-09-03,357.4,371.8,357.3,371.7,1772530.0
2014-09-04,371.6,374.2,368.3,370.0,1001410.0
2014-09-05,367.1,373.8,364.8,369.0,1213770.0
2014-09-08,368.9,370.9,365.6,366.0,853220.0
2014-09-09,366.5,370.4,365.0,366.1,788640.0
2014-09-10,364.2,365.9,360.6,362.3,1146940.0
2014-09-11,364.6,367.6,361.6,362.2,1107740.0
2014-09-12,361.4,367.9,360.1,366.7,805320.0
2014-09-15,365.9,371.7,363.4,370.7,1331290.0
2014-09-16,369.1,380.6,369.0,378.3,1151870.0
2014-09-17,377.9,384.2,373.1,377.5,1232510.0
2014-09-18,377.5,384.8,376.0,382.0,1087830.0
2014-09-19,379.9,386.0,376.3,383.7,1298260.0
2014-09-22,380.7,385.6,378.0,378.0,966060.0
2014-09-23,379.6,382.5,376.4,380.7,920230.0
2014-09-24,381.2,384.8,379.6,379.6,831440.0
2014-09-25,380.1,383.5,379.5,379.9,590460.0
2014-09-26,379.2,390.7,377.3,390.7,2063880.0
2014-09-29,390.1,396.7,387.9,394.3,1755180.0
2014-09-30,396.0,397.0,388.4,393.5,1626870.0
2014-10-01,392.5,398.95,391.35,393.0,888220.0
2014-10-02,392.2,394.9,389.2,389.55,1190700.0
2014-10-03,391.0,394.0,380.65,380.65,1270460.0
2014-10-06,382.4,389.55,381.1,386.5,1150520.0
2014-10-07,387.25,389.4,382.5,384.95,1033850.0
2014-10-08,382.7,384.75,378.5,380.4,1247030.0
2014-10-09,386.9,388.0,381.0,382.5,685330.0
2014-10-10,382.55,400.0,382.45,400.0,4695140.0
2014-10-13,400.4,414.3,400.3,411.9,2856340.0
2014-10-14,412.2,416.55,409.0,409.0,1211540.0
2014-10-15,408.2,409.6,406.1,406.1,1118410.0
2014-10-16,406.9,412.95,404.3,408.55,1632410.0
2014-10-17,410.7,412.45,408.05,410.15,920370.0
2014-10-20,410.15,417.6,410.0,414.3,2717070.0
2014-10-21,415.0,430.3,413.3,428.9,2553150.0
2014-10-22,430.9,433.9,421.0,421.0,1673170.0
2014-10-23,420.5,424.55,418.0,422.0,1514810.0
2014-10-24,420.1,424.0,420.0,424.0,554620.0
2014-10-27,426.5,431.9,425.3,429.25,1269130.0
2014-10-28,429.5,435.0,427.45,434.85,1408140.0
2014-10-29,436.25,444.45,433.2,443.0,1492640.0
2014-10-30,441.4,449.45,441.0,445.3,2108630.0
2014-10-31,447.15,457.1,445.0,457.1,1927590.0
2014-11-03,455.1,502.6,455.1,473.8,1957590.0
2014-11-05,469.2,489.0,465.0,488.7,2045830.0
2014-11-06,489.0,506.45,489.0,502.5,2414010.0
2014-11-07,507.0,514.6,504.45,508.05,3156140.0
2014-11-10,512.0,514.0,496.15,506.8,2858060.0
2014-11-11,506.8,509.4,493.0,494.95,3522070.0
2014-11-12,495.0,499.0,481.6,487.2,2671500.0
2014-11-13,487.3,494.85,486.2,490.1,1513910.0
2014-11-14,490.85,503.15,489.35,496.0,1891710.0
2014-11-17,495.2,502.5,491.25,493.3,1362770.0
2014-11-18,494.0,500.5,492.25,499.2,1985680.0
2014-11-19,500.0,504.0,497.05,498.0,2316620.0
2014-11-20,498.85,503.65,498.0,501.0,1746860.0
2014-11-21,503.0,525.0,499.4,525.0,2688380.0
2014-11-24,480.0,482.0,447.2,450.4,3680300.0
2014-11-25,449.95,450.45,444.0,446.15,1466920.0
2014-11-26,443.9,447.35,441.2,446.8,1277080.0
2014-11-27,445.6,446.0,440.0,441.0,1332240.0
2014-11-28,439.9,454.8,431.6,454.75,2309040.0
2014-12-01,451.9,491.2,451.15,484.15,3465640.0
2014-12-02,484.15,489.8,476.8,486.6,1831450.0
2014-12-03,487.05,500.0,487.05,497.1,1793310.0
2014-12-04,498.0,502.45,478.8,488.1,2667740.0
2014-12-05,488.0,493.75,470.7,471.5,1213100.0
2014-12-08,472.0,485.0,456.95,467.05,1765520.0
2014-12-09,467.0,490.95,460.55,489.0,1563440.0
2014-12-10,490.0,504.5,488.1,504.5,1929020.0
2014-12-11,500.7,509.5,493.95,498.9,1558650.0
2014-12-12,498.0,524.45,489.15,511.0,2725930.0
2014-12-15,512.35,526.85,512.1,525.85,3007730.0
2014-12-16,517.95,568.0,485.8,530.5,3601280.0
2014-12-17,540.0,550.0,511.0,511.0,2305660.0
2014-12-18,512.25,543.5,491.9,505.15,3068670.0
2014-12-19,506.9,510.0,485.0,490.2,1016680.0
2014-12-22,496.8,502.25,485.15,491.3,1068860.0
2014-12-23,491.1,494.95,467.0,468.8,876790.0
2014-12-24,465.1,489.25,461.3,484.0,707970.0
2014-12-25,490.0,492.9,463.05,472.15,458860.0
2014-12-26,474.3,484.95,473.9,483.45,337770.0
2014-12-29,481.5,509.0,480.0,503.0,885450.0
2014-12-30,502.95,507.2,486.25,501.9,614410.0
2015-01-05,499.3,522.0,499.3,522.0,486770.0
2015-01-06,521.75,556.9,521.75,556.9,1138480.0
2015-01-08,557.0,565.95,542.7,542.7,1171650.0
2015-01-09,543.0,553.95,538.8,548.55,781590.0
2015-01-12,552.0,559.7,547.3,558.45,715510.0
2015-01-13,558.1,589.5,558.1,583.0,1435090.0
2015-01-14,585.0,598.8,577.75,595.0,1283670.0
2015-01-15,595.0,597.85,575.0,577.0,1315610.0
2015-01-16,578.05,589.0,571.2,587.9,691820.0
2015-01-19,588.5,604.6,578.15,589.0,1162670.0
2015-01-20,590.0,597.25,580.0,586.9,840930.0
2015-01-21,586.3,595.95,586.3,592.0,578970.0
2015-01-22,592.0,601.35,590.1,599.5,1113960.0
2015-01-23,601.0,611.0,578.3,587.0,1258890.0
2015-01-26,587.2,618.4,580.0,616.15,1408630.0
2015-01-27,614.45,642.95,612.1,632.5,2115160.0
2015-01-28,638.0,647.05,625.15,630.85,1054680.0
2015-01-29,630.9,656.4,628.0,634.2,1071880.0
2015-01-30,639.7,652.0,633.75,642.35,1104730.0
2015-02-02,640.0,650.9,630.6,645.9,877510.0
2015-02-03,646.0,649.95,626.05,632.0,1094350.0
2015-02-04,633.0,656.0,626.95,656.0,1303590.0
2015-02-05,656.5,669.3,652.0,663.4,1389250.0
2015-02-06,663.4,705.0,657.45,701.2,1675430.0
2015-02-09,704.15,709.45,691.7,696.0,1529170.0
2015-02-10,695.0,695.3,684.0,688.0,875490.0
2015-02-11,692.25,701.55,688.65,695.0,752880.0
2015-02-12,699.45,714.85,687.2,713.0,1170810.0
2015-02-13,715.0,721.0,701.05,711.5,1115690.0
2015-02-16,711.5,712.0,681.2,685.0,757750.0
2015-02-17,685.15,712.6,674.0,698.6,1326410.0
2015-02-18,705.0,715.0,689.15,702.0,1307810.0
2015-02-19,702.0,710.5,687.3,706.0,875280.0
2015-02-20,708.0,709.5,692.9,704.9,502100.0
2015-02-24,700.0,707.3,689.0,698.1,573610.0
2015-02-25,698.2,704.5,682.2,689.0,728000.0
2015-02-26,690.0,690.15,675.7,684.0,708930.0
2015-02-27,684.0,695.7,675.2,682.0,922640.0
2015-03-02,685.1,707.6,685.05,707.6,600430.0
2015-03-03,707.3,744.0,704.0,738.45,1818810.0
2015-03-04,743.55,749.5,725.1,730.0,1285200.0
2015-03-05,735.0,742.0,717.1,730.05,1115980.0
2015-03-06,731.5,735.0,721.0,721.0,748020.0
2015-03-10,717.2,725.5,707.4,710.35,1311260.0
2015-03-11,710.05,738.95,707.2,734.5,1506340.0
2015-03-12,738.0,738.0,705.85,710.0,842540.0
2015-03-13,714.9,717.5,701.1,708.1,837230.0
2015-03-16,708.1,714.3,699.1,708.6,695170.0
2015-03-17,711.0,714.25,692.8,692.8,703850.0
2015-03-18,694.95,701.65,685.0,690.0,940190.0
2015-03-19,688.8,693.5,677.0,680.75,798790.0
2015-03-20,681.0,698.25,676.45,683.0,966210.0
2015-03-23,689.5,695.0,670.5,674.5,786560.0
2015-03-24,673.7,674.0,655.6,661.7,871690.0
2015-03-25,661.85,668.0,650.0,658.15,666290.0
2015-03-26,658.25,658.75,635.0,636.9,985680.0
2015-03-27,633.65,649.55,630.65,642.8,602920.0
2015-03-30,644.4,664.5,643.85,657.0,769790.0
2015-03-31,657.15,667.7,641.0,658.0,985380.0
2015-04-01,654.95,663.0,638.55,644.5,856830.0
2015-04-02,643.0,645.0,635.25,643.0,634400.0
2015-04-03,643.2,649.6,639.05,641.05,340760.0
2015-04-06,643.0,646.5,635.0,638.2,350890.0
2015-04-07,638.0,642.3,633.0,636.9,449470.0
2015-04-08,635.0,636.5,612.0,620.0,831410.0
2015-04-09,617.15,617.25,603.5,612.6,813900.0
2015-04-10,613.0,613.0,592.0,607.0,1077060.0
2015-04-13,612.5,628.75,604.0,604.5,1164750.0
2015-04-14,605.75,607.35,584.0,590.0,1232890.0
2015-04-15,587.0,589.7,576.0,580.95,881180.0
2015-04-16,580.1,581.0,559.4,566.55,1211720.0
2015-04-17,564.95,582.3,560.75,563.0,1753240.0
2015-04-20,564.0,578.45,555.55,564.95,1375110.0
2015-04-21,566.45,578.75,566.2,569.0,903510.0
2015-04-22,570.6,588.3,567.1,572.6,1327130.0
2015-04-23,576.0,579.65,545.3,548.7,1601880.0
2015-04-24,547.95,556.0,539.65,550.0,1392920.0
2015-04-27,551.7,571.75,551.25,565.1,1364430.0
2015-04-28,567.35,578.0,567.35,575.3,1445150.0
2015-04-29,576.6,579.0,570.15,570.6,1048960.0
2015-04-30,569.95,579.75,561.5,578.55,959490.0
2015-05-05,579.5,590.9,571.9,576.5,1158890.0
2015-05-06,576.1,576.5,554.0,571.8,1307290.0
2015-05-07,569.0,586.4,562.0,583.0,1422470.0
2015-05-08,583.0,594.9,580.0,589.8,1205710.0
2015-05-12,595.7,622.1,595.7,617.0,1588550.0
2015-05-13,617.0,621.6,595.6,595.7,1370120.0
2015-05-14,597.7,623.8,591.7,620.3,1630980.0
2015-05-15,623.4,629.0,615.1,621.7,1210980.0
2015-05-18,622.5,623.2,602.0,605.2,1332320.0
2015-05-19,605.2,608.7,598.4,603.9,889050.0
2015-05-20,601.1,606.2,595.7,596.6,603400.0
2015-05-21,597.2,619.0,596.7,615.1,1263650.0
2015-05-22,615.8,626.0,606.0,617.6,1140880.0
2015-05-25,618.3,624.0,605.8,613.8,551290.0
2015-05-26,615.3,622.7,612.0,617.2,600950.0
2015-05-27,617.6,633.4,611.1,630.9,1181590.0
2015-05-28,631.9,640.7,626.1,629.2,1088860.0
2015-05-29,630.4,636.5,608.4,608.4,1330850.0
2015-06-01,618.0,623.6,610.0,611.1,1068050.0
2015-06-02,613.1,619.3,611.1,615.0,550530.0
2015-06-03,617.4,626.0,611.4,622.0,1483580.0
2015-06-04,601.5,609.0,596.4,607.9,971240.0
2015-06-05,608.0,620.4,607.4,618.1,904060.0
2015-06-08,616.0,630.4,615.6,624.9,938730.0
2015-06-09,623.9,628.1,622.2,626.9,529070.0
2015-06-10,627.0,629.2,601.5,604.1,1027510.0
2015-06-11,604.2,611.7,587.4,594.2,1145160.0
2015-06-15,590.1,604.0,590.0,599.0,884320.0
2015-06-16,601.3,604.6,595.0,596.1,545940.0
2015-06-17,597.1,597.3,587.3,587.3,611780.0
2015-06-18,588.1,589.3,572.4,582.0,862120.0
2015-06-19,582.0,594.7,580.0,585.4,777220.0
2015-06-22,589.9,600.6,588.0,596.9,877160.0
2015-06-23,597.7,601.6,591.5,595.0,468870.0
2015-06-24,596.3,597.2,577.1,577.1,816370.0
2015-06-25,574.4,583.0,570.0,577.8,723470.0
2015-06-26,578.7,585.2,574.2,585.0,764780.0
2015-06-29,581.2,594.8,581.1,594.3,680660.0
2015-06-30,592.3,596.4,581.5,594.0,776340.0
2015-07-01,590.8,593.8,582.1,585.3,424420.0
2015-07-02,585.9,597.5,585.3,592.5,673700.0
2015-07-03,595.8,595.9,589.1,593.5,366890.0
2015-07-06,594.1,608.7,592.5,605.7,954990.0
2015-07-07,606.7,617.9,598.6,602.4,1525010.0
2015-07-08,602.3,605.7,582.0,588.5,1567220.0
2015-07-09,590.5,592.4,576.6,579.3,1050020.0
2015-07-10,581.3,589.8,579.0,580.0,703190.0
2015-07-13,582.0,589.8,581.7,586.8,634960.0
2015-07-14,588.4,598.3,587.2,594.0,935380.0
2015-07-15,593.9,597.8,583.7,595.0,888500.0
2015-07-16,594.3,603.8,593.5,596.4,908990.0
2015-07-17,602.9,603.0,592.0,592.2,529380.0
2015-07-20,593.8,600.0,588.5,594.0,606020.0
2015-07-21,595.0,602.0,591.0,598.8,729100.0
2015-07-22,597.1,614.5,593.7,612.4,1343540.0
2015-07-23,613.5,618.6,608.8,609.6,1283850.0
2015-07-24,611.6,624.9,606.3,623.9,858390.0
2015-07-27,622.5,634.5,620.5,632.0,879400.0
2015-07-28,632.0,654.0,632.0,647.6,1241500.0
2015-07-29,648.2,655.0,642.2,650.3,1395410.0
2015-07-30,646.6,671.2,645.6,663.6,1377210.0
2015-07-31,667.9,687.5,662.0,687.5,1683810.0
2015-08-03,688.0,698.7,686.0,692.0,882090.0
2015-08-04,692.2,695.2,686.2,695.0,767830.0
2015-08-05,692.8,694.8,681.0,687.5,795850.0
2015-08-06,689.2,689.5,677.3,681.0,980490.0
2015-08-07,681.0,689.0,673.9,677.1,959570.0
2015-08-10,678.2,683.2,673.1,675.3,551040.0
2015-08-11,676.3,694.3,673.3,682.0,912590.0
2015-08-12,682.0,692.0,675.9,687.9,678790.0
2015-08-13,690.1,699.0,686.2,696.8,812850.0
2015-08-14,696.9,711.9,696.9,705.1,975200.0
2015-08-17,706.0,707.5,696.0,706.7,737310.0
2015-08-18,706.5,711.0,694.8,695.1,851450.0
2015-08-19,695.0,708.3,690.0,706.7,1004690.0
2015-08-20,706.7,729.0,706.0,723.1,1132970.0
2015-08-21,725.1,728.0,715.1,719.1,775270.0
2015-08-24,711.4,738.5,708.3,723.8,1347660.0
2015-08-25,729.4,731.7,704.0,707.0,1068340.0
2015-08-26,708.0,714.1,697.3,700.1,840530.0
2015-08-27,703.4,704.8,686.9,691.5,1049050.0
2015-08-28,691.9,706.5,689.1,693.3,1037350.0
2015-08-31,696.0,727.6,696.0,725.2,1827040.0
2015-09-01,722.6,727.1,713.8,725.0,925110.0
2015-09-02,723.4,726.8,716.3,723.1,794050.0
2015-09-03,723.8,730.9,717.4,730.4,915150.0
2015-09-04,728.3,734.6,721.5,727.0,537880.0
2015-09-07,728.9,733.7,722.5,733.5,321140.0
2015-09-08,732.1,754.6,730.8,744.7,852250.0
2015-09-09,744.4,763.5,744.4,757.1,900200.0
2015-09-10,758.0,761.2,749.3,754.5,501520.0
2015-09-11,756.8,762.9,753.1,755.1,335910.0
2015-09-14,755.1,768.0,753.7,758.6,700600.0
2015-09-15,761.1,761.7,742.6,749.9,757130.0
2015-09-16,749.9,751.5,728.1,730.0,744590.0
2015-09-17,731.0,743.8,727.1,740.5,362400.0
2015-09-18,742.7,744.9,717.0,717.0,985280.0
2015-09-21,720.4,734.9,714.3,732.9,498700.0
2015-09-22,734.7,738.2,706.0,715.3,952720.0
2015-09-23,715.3,715.3,696.4,702.6,903700.0
2015-09-24,703.1,717.5,699.2,710.0,677720.0
2015-09-25,699.0,704.7,689.6,693.1,713200.0
2015-09-28,694.0,696.7,679.5,681.2,347120.0
2015-09-29,681.2,702.0,675.1,696.3,800210.0
2015-09-30,697.0,704.0,691.2,700.0,926630.0
2015-10-01,700.0,701.4,681.0,690.1,676850.0
2015-10-02,689.0,697.9,687.5,693.2,630510.0
2015-10-05,696.6,698.6,677.4,680.2,919440.0
2015-10-06,680.0,694.3,677.5,678.7,762870.0
2015-10-07,678.7,679.6,657.4,670.5,937490.0
2015-10-08,667.9,673.8,660.0,663.5,906950.0
2015-10-09,666.6,671.3,651.1,660.0,872020.0
2015-10-12,660.1,665.0,643.2,658.5,1177100.0
2015-10-13,661.8,674.6,661.8,672.3,779760.0
2015-10-14,674.9,694.8,672.9,685.0,1122660.0
2015-10-15,686.1,729.0,683.6,725.0,2246030.0
2015-10-16,725.0,739.2,710.3,711.7,1359630.0
2015-10-19,712.4,732.5,712.4,726.5,776350.0
2015-10-20,727.9,737.2,725.6,731.9,568860.0
2015-10-21,734.0,742.9,721.4,722.5,1051730.0
2015-10-22,721.2,726.1,712.4,717.6,898150.0
2015-10-23,717.0,722.9,701.0,712.0,1255690.0
2015-10-26,712.0,718.5,702.1,715.0,880380.0
2015-10-27,716.8,734.9,706.4,734.9,1047030.0
2015-10-28,732.9,739.7,711.1,717.0,1143010.0
2015-10-29,715.0,733.5,712.3,731.0,874930.0
2015-10-30,731.0,757.7,726.0,742.0,2020670.0
2015-11-02,745.0,749.7,740.1,749.7,458660.0
2015-11-03,749.5,751.9,736.0,739.2,680680.0
2015-11-05,743.1,752.7,741.1,750.0,974140.0
2015-11-06,749.4,757.6,740.5,747.0,902210.0
2015-11-09,749.9,754.1,735.3,741.0,573170.0
2015-11-10,737.2,739.5,722.6,727.0,955710.0
2015-11-11,727.0,728.2,714.9,722.6,715700.0
2015-11-12,722.0,729.8,718.4,720.0,474950.0
2015-11-13,721.0,726.6,709.0,719.4,635540.0
2015-11-16,716.8,726.7,702.8,714.6,698300.0
2015-11-17,714.9,726.7,706.0,706.0,633230.0
2015-11-18,709.0,735.8,695.2,730.8,1745570.0
2015-11-19,736.0,753.1,729.2,735.4,1813520.0
2015-11-20,734.8,744.0,727.4,737.1,479560.0
2015-11-23,739.1,748.5,731.3,735.0,517640.0
2015-11-24,735.1,737.9,702.7,712.4,1341060.0
2015-11-25,712.4,724.6,705.2,715.2,511510.0
2015-11-26,717.4,725.9,714.0,722.0,381200.0
2015-11-27,722.7,723.8,705.2,710.6,486380.0
2015-11-30,709.0,718.8,702.7,703.8,1106820.0
2015-12-01,707.0,713.2,700.0,703.3,565850.0
2015-12-02,709.4,714.5,702.1,705.7,374130.0
2015-12-03,707.9,707.9,697.4,697.5,628630.0
2015-12-04,698.0,702.9,677.6,686.7,1261720.0
2015-12-07,688.9,689.8,670.0,673.9,623600.0
2015-12-08,673.0,683.5,668.1,674.6,699860.0
2015-12-09,678.9,680.9,656.5,658.0,925880.0
2015-12-10,658.0,667.5,650.0,650.0,959890.0
2015-12-11,651.0,657.5,640.6,644.9,951580.0
2015-12-14,638.2,646.6,630.2,634.6,1176820.0
2015-12-15,635.6,655.6,632.8,645.0,1384350.0
2015-12-16,646.0,649.9,630.5,633.4,921830.0
2015-12-17,635.9,644.7,622.7,630.0,1684580.0
2015-12-18,619.2,623.7,605.3,606.0,1428800.0
2015-12-21,610.1,616.6,602.1,606.6,909470.0
2015-12-22,606.6,612.8,598.4,608.0,508410.0
2015-12-23,606.9,613.5,601.1,604.0,488050.0
2015-12-24,606.1,606.1,593.3,600.1,481870.0
2015-12-25,600.3,604.1,597.1,600.3,181140.0
2015-12-28,600.9,611.6,598.4,610.5,624680.0
2015-12-29,608.9,617.3,608.0,616.0,491900.0
2015-12-30,615.7,618.1,607.4,609.5,374070.0
2016-01-04,608.1,611.0,597.4,597.4,305450.0
2016-01-05,598.8,613.6,597.5,612.8,307600.0
2016-01-06,610.4,644.0,607.9,639.8,1547560.0
2016-01-11,634.0,635.5,613.4,618.9,1048920.0
2016-01-12,615.2,625.4,608.2,620.0,714340.0
2016-01-13,620.1,621.3,609.8,611.3,635690.0
2016-01-14,609.0,613.1,604.0,613.0,551730.0
2016-01-15,612.1,614.3,597.7,604.0,1454060.0
2016-01-18,600.9,625.5,588.5,622.0,1050390.0
2016-01-19,628.5,636.8,622.7,629.0,1553170.0
2016-01-20,622.6,642.0,617.9,634.8,990260.0
2016-01-21,638.9,673.3,635.0,662.0,2061430.0
2016-01-22,666.7,675.0,640.1,642.0,1861360.0
2016-01-25,643.0,655.5,626.3,648.2,1167660.0
2016-01-26,645.2,659.7,641.0,644.8,826170.0
2016-01-27,648.5,658.6,644.2,651.5,868060.0
2016-01-28,651.5,653.2,623.0,630.0,1273050.0
2016-01-29,623.1,629.1,607.2,621.5,2148210.0
2016-02-01,621.5,635.1,619.0,635.0,1021220.0
2016-02-02,634.9,643.8,629.1,634.4,1037850.0
2016-02-03,629.4,639.0,625.1,632.3,704070.0
2016-02-04,632.6,648.9,630.2,642.8,1394050.0
2016-02-05,642.1,642.9,633.1,637.0,575270.0
2016-02-08,634.6,642.7,624.3,641.0,593730.0
2016-02-09,639.5,654.9,639.5,649.0,647050.0
2016-02-10,649.5,662.9,638.6,648.3,812070.0
2016-02-11,649.1,664.5,639.0,663.9,961150.0
2016-02-12,661.3,668.8,654.1,658.0,618460.0
2016-02-15,659.9,661.2,651.0,655.0,385430.0
2016-02-16,652.6,663.6,649.1,662.0,428460.0
2016-02-17,663.4,665.0,644.1,644.1,695070.0
2016-02-18,639.7,650.3,637.0,650.1,912550.0
2016-02-19,650.6,650.6,632.7,645.0,1186130.0
2016-02-20,644.9,646.3,641.0,643.9,66650.0
2016-02-22,644.3,646.9,637.1,645.7,726240.0
2016-02-24,647.0,649.0,639.9,641.3,467250.0
2016-02-25,642.4,654.4,636.7,640.1,1060620.0
2016-02-26,638.0,643.9,620.5,635.0,1313780.0
2016-02-29,625.8,634.0,617.0,630.0,1411230.0
2016-03-01,626.1,630.5,618.3,621.0,832080.0
2016-03-02,621.1,628.6,617.7,626.3,812420.0
2016-03-03,625.9,629.8,621.0,624.0,590330.0
2016-03-04,623.0,635.7,620.1,629.1,1311430.0
2016-03-07,632.3,644.4,630.1,644.3,1100570.0
2016-03-09,642.6,659.5,638.9,640.0,1676800.0
2016-03-10,643.2,654.0,641.3,648.9,938260.0
2016-03-11,650.0,652.7,642.7,652.0,746000.0
2016-03-14,653.1,682.9,650.3,679.0,1931470.0
2016-03-15,682.3,686.9,648.7,651.0,2641400.0
2016-03-16,651.8,664.2,646.8,657.0,1070820.0
2016-03-17,657.0,664.7,648.3,651.5,1147740.0
2016-03-18,652.8,667.6,645.0,667.6,1382810.0
2016-03-21,663.6,680.1,662.3,680.1,1027080.0
2016-03-22,679.8,709.5,678.1,707.6,1720670.0
2016-03-23,709.9,717.0,697.0,705.0,1044510.0
2016-03-24,705.8,716.0,699.2,715.8,546350.0
2016-03-25,715.8,718.7,708.4,713.0,139210.0
2016-03-28,713.0,718.8,705.9,716.0,398410.0
2016-03-29,716.9,727.0,716.2,717.6,633100.0
2016-03-30,719.5,735.6,718.0,731.5,816870.0
2016-03-31,729.9,731.2,711.1,712.0,1019080.0
2016-04-01,709.0,737.3,707.2,734.9,1011110.0
2016-04-04,730.9,754.0,730.8,751.5,853340.0
2016-04-05,748.9,757.6,730.9,746.9,701360.0
2016-04-06,745.4,748.9,736.5,738.6,355370.0
2016-04-07,740.0,748.5,738.1,742.5,751540.0
2016-04-08,739.2,748.2,731.0,731.0,495580.0
2016-04-11,733.1,760.4,731.0,760.4,778830.0
2016-04-12,760.3,766.0,747.3,747.3,1180290.0
2016-04-13,751.9,765.7,751.1,764.5,802730.0
2016-04-14,766.0,796.5,765.2,787.0,1354590.0
2016-04-15,782.2,788.0,777.7,784.9,512960.0
2016-04-18,782.1,787.7,767.7,776.8,863380.0
2016-04-19,776.8,786.6,772.3,779.9,586830.0
2016-04-20,778.4,802.3,773.4,798.8,775670.0
2016-04-21,796.2,809.5,795.3,806.7,972100.0
2016-04-22,806.7,820.0,797.4,817.9,939840.0
2016-04-25,817.9,830.9,814.4,829.0,585940.0
2016-04-26,828.0,828.2,763.1,772.0,2464240.0
2016-04-27,772.1,774.5,754.1,767.0,942680.0
2016-04-28,767.0,770.0,750.6,758.1,712510.0
2016-04-29,758.3,760.0,727.0,727.0,1412210.0
2016-05-04,729.0,739.8,706.8,712.9,1993420.0
2016-05-05,714.6,728.8,705.7,715.9,713500.0
2016-05-06,716.6,725.7,712.5,722.0,697590.0
2016-05-10,716.0,719.2,676.2,686.4,1600110.0
2016-05-11,688.6,696.6,680.0,683.0,994540.0
2016-05-12,685.0,692.9,677.0,690.0,749920.0
2016-05-13,689.9,698.5,682.1,689.0,1170980.0
2016-05-16,690.1,692.3,683.1,683.2,556340.0
2016-05-17,684.8,692.9,677.0,689.1,583780.0
2016-05-18,685.6,714.5,683.6,713.7,1598000.0
2016-05-19,713.0,724.5,700.7,700.7,1485210.0
2016-05-20,704.2,710.0,701.0,704.4,960070.0
2016-05-23,702.5,706.5,683.1,694.8,853080.0
2016-05-24,694.7,706.3,691.8,696.3,712500.0
2016-05-25,699.8,711.0,692.1,703.1,579070.0
2016-05-26,705.7,710.0,692.1,697.0,546170.0
2016-05-27,695.8,708.8,687.3,706.0,439180.0
2016-05-30,705.6,713.9,698.0,701.2,244170.0
2016-05-31,701.3,704.4,670.5,670.5,1069810.0
2016-06-01,674.1,678.5,660.1,674.5,935880.0
2016-06-02,676.0,678.7,661.7,675.2,511880.0
2016-06-03,673.7,685.0,663.6,667.5,533600.0
2016-06-06,669.1,692.4,668.4,688.0,432080.0
2016-06-07,679.0,702.4,678.9,701.9,651000.0
2016-06-08,698.7,703.7,681.4,692.2,469950.0
2016-06-09,693.3,695.5,675.3,675.4,378780.0
2016-06-10,672.9,681.9,670.3,671.9,333020.0
2016-06-14,671.1,674.3,660.2,662.0,581280.0
2016-06-15,662.0,662.9,651.5,651.8,736190.0
2016-06-16,652.8,653.6,631.7,640.6,803770.0
2016-06-17,643.7,667.7,637.7,652.4,1141690.0
2016-06-20,660.7,666.6,655.8,663.2,432740.0
2016-06-21,665.1,674.0,655.4,674.0,577440.0
2016-06-22,665.2,689.0,665.2,689.0,816210.0
2016-06-23,688.0,689.0,667.5,684.0,651420.0
2016-06-24,656.5,689.7,647.3,679.0,703620.0
2016-06-27,678.1,687.8,647.0,656.8,661620.0
2016-06-28,662.4,686.0,660.1,682.4,665380.0
2016-06-29,686.7,700.0,681.4,697.5,722470.0
2016-06-30,698.8,706.2,683.0,700.7,753630.0
2016-07-01,700.6,704.0,695.0,699.1,419430.0
2016-07-04,679.2,687.5,675.0,684.1,396220.0
2016-07-05,685.1,692.0,677.7,691.8,315840.0
2016-07-06,690.9,701.9,688.7,701.0,689410.0
2016-07-07,700.4,703.7,671.3,676.1,862810.0
2016-07-08,678.5,679.3,650.1,658.2,931830.0
2016-07-11,659.0,671.6,659.0,669.1,559530.0
2016-07-12,669.2,702.1,669.2,693.8,1101070.0
2016-07-13,694.0,704.6,691.6,694.3,1182040.0
2016-07-14,694.1,717.7,694.1,711.2,883620.0
2016-07-15,713.7,730.0,708.5,730.0,800060.0
2016-07-18,728.6,739.9,720.8,730.3,732870.0
2016-07-19,728.2,744.0,723.4,738.8,765610.0
2016-07-20,738.8,751.8,731.0,745.0,817710.0
2016-07-21,747.7,752.0,733.0,741.0,703150.0
2016-07-22,738.2,747.9,736.8,747.5,382420.0
2016-07-25,747.0,752.0,743.0,751.0,410730.0
2016-07-26,748.0,766.0,746.3,761.0,547580.0
2016-07-27,763.3,773.3,752.1,764.0,628090.0
2016-07-28,763.0,770.0,741.0,770.0,574440.0
2016-07-29,768.5,794.9,766.2,793.2,880300.0
2016-08-01,792.5,805.1,770.1,774.5,884230.0
2016-08-02,771.8,782.0,766.0,769.3,519380.0
2016-08-03,775.8,789.3,763.0,785.9,558520.0
2016-08-04,786.0,797.8,782.5,796.2,734080.0
2016-08-05,798.7,799.5,783.7,795.0,358940.0
2016-08-08,792.6,801.4,790.7,796.9,388790.0
2016-08-09,792.9,816.0,790.6,816.0,744470.0
2016-08-10,813.1,815.1,793.2,793.3,559430.0
2016-08-11,789.1,797.8,784.3,793.5,459560.0
2016-08-12,795.7,795.8,781.0,788.0,349140.0
2016-08-15,788.0,798.8,782.0,793.0,316550.0
2016-08-16,795.9,804.2,786.4,799.0,422610.0
2016-08-17,797.1,802.0,771.6,777.0,628400.0
2016-08-18,780.9,814.9,775.2,809.0,963260.0
2016-08-19,808.2,812.5,796.4,802.1,584110.0
2016-08-22,803.1,813.8,797.8,813.8,374860.0
2016-08-23,809.7,822.7,807.5,815.0,518660.0
2016-08-24,815.0,818.9,797.5,806.3,328900.0
2016-08-25,806.1,807.0,789.0,802.0,427460.0
2016-08-26,800.0,803.8,783.0,791.0,455430.0
2016-08-29,784.3,785.0,770.5,783.5,386780.0
2016-08-30,783.9,791.0,771.1,778.3,385880.0
2016-08-31,781.3,782.0,752.0,752.0,737920.0
2016-09-01,755.0,769.5,755.0,764.7,404380.0
2016-09-02,764.9,780.9,757.2,777.0,559960.0
2016-09-05,779.5,783.7,772.4,781.6,281690.0
2016-09-06,781.1,789.0,775.0,789.0,355800.0
2016-09-07,787.8,797.1,786.0,787.0,345940.0
2016-09-08,790.0,798.9,785.9,798.9,326360.0
2016-09-09,794.9,797.7,781.6,781.6,520940.0
2016-09-12,775.5,786.6,772.4,782.1,406500.0
2016-09-13,783.3,792.0,780.2,789.0,513110.0
2016-09-14,791.5,792.5,765.0,768.7,776050.0
2016-09-15,751.0,754.5,728.5,730.4,1071450.0
2016-09-16,731.2,739.5,719.7,726.4,670700.0
2016-09-19,726.7,743.8,720.3,735.9,753510.0
2016-09-20,733.1,759.9,726.4,759.9,552570.0
2016-09-21,758.0,778.0,758.0,778.0,853480.0
2016-09-22,780.0,785.2,769.4,785.2,724920.0
2016-09-23,781.2,786.0,773.5,782.0,617240.0
2016-09-26,778.4,788.7,767.7,774.9,868970.0
2016-09-27,774.1,788.0,770.1,781.2,606660.0
2016-09-28,784.8,792.6,778.0,792.2,424490.0
2016-09-29,794.0,796.1,776.3,779.7,451370.0
2016-09-30,774.9,781.8,753.0,753.0,990560.0
2016-10-03,755.6,771.0,751.0,767.0,327100.0
2016-10-04,767.7,789.3,767.1,789.0,780960.0
2016-10-05,789.1,799.0,778.8,798.2,756770.0
2016-10-06,797.7,802.3,791.8,797.6,351670.0
2016-10-07,797.9,799.9,791.1,799.0,257570.0
2016-10-10,799.7,814.0,794.6,808.9,482010.0
2016-10-11,808.9,818.6,806.3,817.0,622820.0
2016-10-12,816.1,820.0,804.3,816.5,520080.0
2016-10-13,815.2,815.2,801.2,810.7,505250.0
2016-10-14,808.9,814.9,803.5,808.0,321920.0
2016-10-17,808.0,825.0,801.6,820.1,769970.0
2016-10-18,820.5,820.9,799.0,800.0,591420.0
2016-10-19,799.2,816.2,796.2,815.0,665600.0
2016-10-20,813.8,827.3,810.9,821.5,719770.0
2016-10-21,821.8,828.9,815.2,827.2,402860.0
2016-10-24,826.0,834.0,822.0,830.4,569500.0
2016-10-25,831.0,838.4,823.7,825.0,870600.0
2016-10-26,825.0,858.8,821.3,855.7,1078680.0
2016-10-27,854.9,880.3,854.5,868.6,906060.0
2016-10-28,867.8,869.3,855.3,866.8,345040.0
2016-10-31,863.2,894.7,860.8,886.4,971160.0
2016-11-01,888.0,892.3,867.1,868.2,952990.0
2016-11-02,862.5,867.5,848.4,848.8,543450.0
2016-11-03,848.7,856.9,838.0,842.8,683610.0
2016-11-07,844.8,874.0,842.8,861.0,853750.0
2016-11-08,862.1,871.8,857.6,864.4,371450.0
2016-11-09,851.1,889.8,850.2,878.0,1052790.0
2016-11-10,880.0,934.2,871.5,922.7,1653520.0
2016-11-11,920.0,953.0,908.6,933.0,1453790.0
2016-11-14,935.2,957.3,925.0,925.0,910530.0
2016-11-15,925.1,928.3,909.0,916.6,678770.0
2016-11-16,921.4,934.5,910.0,916.0,643770.0
2016-11-17,912.0,922.5,905.6,922.0,415070.0
2016-11-18,921.0,931.9,911.5,914.5,355630.0
2016-11-21,917.3,920.8,898.2,907.0,423180.0
2016-11-22,908.3,948.6,900.4,943.0,1029180.0
2016-11-23,943.0,970.0,942.0,960.2,1072720.0
2016-11-24,962.6,978.8,960.3,968.0,973840.0
2016-11-25,969.9,988.5,960.3,983.6,591020.0
2016-11-28,983.6,997.5,978.0,984.0,342530.0
2016-11-29,980.0,994.6,971.1,978.5,548960.0
2016-11-30,975.7,987.4,956.7,960.7,1111110.0
2016-12-01,967.1,978.2,957.5,964.9,428740.0
2016-12-02,961.2,982.7,955.0,973.0,469230.0
2016-12-05,974.1,980.9,963.0,967.5,412780.0
2016-12-06,970.0,1012.0,962.8,1007.6,606190.0
2016-12-07,1008.6,1022.4,1001.8,1007.0,500460.0
2016-12-08,1006.2,1015.7,1002.0,1015.7,402570.0
2016-12-09,1018.8,1051.5,987.5,1006.0,991180.0
2016-12-12,981.0,983.0,958.0,968.9,789970.0
2016-12-13,973.0,979.4,960.2,978.0,768350.0
2016-12-14,977.8,982.0,944.0,950.4,623860.0
2016-12-15,949.1,969.9,946.5,969.9,836920.0
2016-12-16,967.8,978.4,945.0,945.0,679080.0
2016-12-19,947.5,948.6,922.4,923.3,585120.0
2016-12-20,923.0,941.0,914.1,941.0,434680.0
2016-12-21,941.2,944.8,922.9,922.9,249790.0
2016-12-22,923.9,927.4,909.1,910.7,316440.0
2016-12-23,913.8,915.4,898.0,900.8,390720.0
2016-12-26,903.0,924.5,900.9,919.0,163200.0
2016-12-27,921.4,924.7,906.0,910.0,332130.0
2016-12-28,910.1,917.9,905.3,906.0,464600.0
2016-12-29,906.0,919.9,901.0,912.0,419860.0
2016-12-30,912.1,942.2,912.1,942.2,289000.0
2017-01-03,942.2,969.1,937.9,940.0,630110.0
2017-01-04,940.0,953.0,931.4,950.5,314570.0
2017-01-05,953.2,953.8,926.2,942.0,312440.0
2017-01-06,941.9,948.9,923.5,941.9,317180.0
2017-01-09,941.9,954.8,940.0,951.0,274050.0
2017-01-10,951.0,962.0,947.2,962.0,309230.0
2017-01-11,958.9,969.0,948.2,961.7,434610.0
2017-01-12,961.9,962.3,951.3,955.3,184490.0
2017-01-13,953.1,953.1,924.6,942.6,343130.0
2017-01-16,939.7,953.0,930.3,951.7,171970.0
2017-01-17,952.5,954.4,930.5,949.4,256670.0
2017-01-18,948.8,951.3,932.3,940.0,251520.0
2017-01-19,939.5,944.3,918.7,933.4,346260.0
2017-01-20,933.3,933.3,910.8,912.7,304890.0
2017-01-23,912.9,914.2,897.4,901.5,289890.0
2017-01-24,901.4,927.3,901.1,927.3,440170.0
2017-01-25,927.0,943.8,917.7,934.7,387430.0
2017-01-26,937.7,981.8,935.5,980.0,1134020.0
2017-01-27,979.0,994.3,971.1,993.7,546330.0
2017-01-30,984.1,992.2,963.9,964.4,368330.0
2017-01-31,962.7,972.5,950.0,950.0,560420.0
2017-02-01,953.6,978.0,952.0,974.8,417870.0
2017-02-02,975.6,984.5,950.0,952.0,449550.0
2017-02-03,950.0,950.0,921.0,932.6,613050.0
2017-02-06,931.8,955.9,921.8,955.9,464460.0
2017-02-07,957.0,960.2,931.8,940.6,422840.0
2017-02-08,937.1,950.7,917.6,932.0,513310.0
2017-02-09,931.9,937.9,884.0,906.1,2415010.0
2017-02-10,908.7,914.7,902.3,909.8,491780.0
2017-02-13,912.0,928.3,910.0,924.9,498470.0
2017-02-14,926.0,926.0,901.0,907.8,254130.0
2017-02-15,903.9,908.5,888.8,908.5,627590.0
2017-02-16,906.4,908.5,892.2,899.9,510630.0
2017-02-17,899.3,899.3,879.0,882.9,616310.0
2017-02-20,886.0,897.8,871.6,882.0,441350.0
2017-02-21,892.9,899.9,880.5,898.9,499430.0
2017-02-22,900.1,905.0,875.5,875.5,712070.0
2017-02-24,874.1,877.3,841.2,849.7,693870.0
2017-02-27,849.9,854.0,836.3,840.9,436100.0
2017-02-28,841.9,844.1,818.0,827.3,885840.0
2017-03-01,828.1,865.8,827.3,859.6,546730.0
2017-03-02,860.0,869.1,833.0,834.6,667640.0
2017-03-03,834.3,843.3,823.0,825.0,380890.0
2017-03-06,829.0,838.4,819.1,823.1,355670.0
2017-03-07,824.3,826.4,787.7,798.3,914190.0
2017-03-09,801.2,819.0,792.1,809.1,645660.0
2017-03-10,816.5,825.8,804.8,810.2,388480.0
2017-03-13,811.3,832.9,810.4,811.3,410280.0
2017-03-14,811.5,835.0,811.5,822.8,453470.0
2017-03-15,826.8,829.2,811.1,813.0,450850.0
2017-03-16,820.9,833.5,815.9,833.5,944060.0
2017-03-17,834.0,845.0,820.5,833.5,1567550.0
2017-03-20,832.4,837.3,803.1,815.4,692320.0
2017-03-21,817.0,834.2,811.9,834.2,744430.0
2017-03-22,829.5,837.0,816.4,836.3,402680.0
2017-03-23,836.1,844.2,815.8,824.5,542150.0
2017-03-24,824.4,825.4,814.4,825.0,658660.0
2017-03-27,824.7,826.6,800.0,821.3,550120.0
2017-03-28,823.9,831.7,812.6,830.0,501140.0
2017-03-29,831.5,834.1,816.1,830.5,462950.0
2017-03-30,829.8,830.8,811.5,815.1,449080.0
2017-03-31,814.8,820.4,807.8,809.9,430130.0
2017-04-03,813.0,845.9,809.1,839.0,748490.0
2017-04-04,840.0,842.8,823.5,827.0,618570.0
2017-04-05,827.0,860.0,826.2,860.0,999790.0
2017-04-06,855.3,859.9,839.3,843.0,657550.0
2017-04-07,840.2,851.0,831.5,840.0,472950.0
2017-04-10,841.0,853.5,813.1,815.0,808960.0
2017-04-11,813.7,823.0,808.0,812.0,597180.0
2017-04-12,815.0,815.8,792.0,799.0,517100.0
2017-04-13,799.1,801.5,772.7,795.9,787810.0
2017-04-14,797.8,801.1,779.1,781.4,169610.0
2017-04-17,776.9,795.3,776.6,793.8,199960.0
2017-04-18,798.0,798.5,770.2,777.5,611060.0
2017-04-19,777.5,780.2,758.3,765.4,675750.0
2017-04-20,774.1,782.0,747.2,769.8,962890.0
2017-04-21,769.6,779.6,768.1,774.0,908260.0
2017-04-24,774.0,785.0,772.6,783.4,462430.0
2017-04-25,789.7,801.7,776.1,795.0,601570.0
2017-04-26,796.8,798.3,776.7,785.4,642980.0
2017-04-27,790.0,790.0,768.0,778.0,555820.0
2017-04-28,779.0,783.2,772.4,776.0,567130.0
2017-05-02,778.1,786.0,775.1,779.0,759960.0
2017-05-03,783.5,784.9,775.5,777.0,768930.0
2017-05-04,779.7,783.7,769.0,780.6,489380.0
2017-05-05,774.8,777.4,766.3,775.3,379790.0
2017-05-10,777.9,783.6,769.8,779.6,523560.0
2017-05-11,778.9,778.9,756.0,765.9,877700.0
2017-05-12,764.1,767.4,742.4,748.5,572010.0
2017-05-15,748.6,750.9,728.0,736.5,805530.0
2017-05-16,734.3,744.8,725.2,743.0,824180.0
2017-05-17,740.0,755.0,738.9,745.2,699730.0
2017-05-18,743.2,749.7,729.6,734.4,826900.0
2017-05-19,734.8,742.4,724.7,735.6,724490.0
2017-05-22,737.2,737.2,721.6,725.6,399690.0
2017-05-23,726.6,757.9,725.7,746.2,894310.0
2017-05-24,747.8,762.0,747.2,762.0,459660.0
2017-05-25,762.7,768.6,748.0,760.0,808390.0
2017-05-26,761.7,765.2,748.8,749.0,617460.0
2017-05-29,749.4,758.1,748.9,752.7,318140.0
2017-05-30,753.2,762.7,750.1,757.0,617500.0
2017-05-31,758.1,759.7,731.9,738.5,2956890.0
2017-06-01,743.9,746.9,727.9,732.0,593120.0
2017-06-02,729.1,737.7,722.1,726.4,539110.0
2017-06-05,730.1,734.3,722.1,722.1,309550.0
2017-06-06,724.1,726.5,711.7,712.0,786380.0
2017-06-07,712.3,729.0,712.3,723.1,650830.0
2017-06-08,724.9,735.4,723.1,734.0,550190.0
2017-06-09,734.9,749.0,732.0,732.3,716230.0
2017-06-13,731.3,734.4,719.9,722.6,665720.0
2017-06-14,722.5,728.4,689.5,689.5,2271060.0
2017-06-15,691.0,703.1,685.7,697.2,1834310.0
2017-06-16,700.0,723.5,699.9,717.0,1441810.0
2017-06-19,675.0,689.5,672.5,684.2,1207640.0
2017-06-20,687.3,709.0,686.4,704.0,1222490.0
2017-06-21,703.1,717.6,692.3,714.3,961980.0
2017-06-22,712.0,726.4,712.0,720.0,663330.0
2017-06-23,720.1,728.6,703.7,728.0,778620.0
2017-06-26,724.9,736.0,718.0,733.5,523360.0
2017-06-27,733.8,766.3,730.7,766.3,1219910.0
2017-06-28,760.0,783.9,758.3,783.9,727490.0
2017-06-29,783.6,786.0,771.0,774.0,1012940.0
2017-06-30,774.5,777.6,762.2,776.0,725260.0
2017-07-03,776.9,793.0,774.2,793.0,541760.0
2017-07-04,792.5,808.0,785.5,804.0,647650.0
2017-07-05,803.9,817.7,800.0,815.7,701650.0
2017-07-06,814.8,819.6,800.4,805.2,707960.0
2017-07-07,808.0,809.3,790.7,800.6,697060.0
2017-07-10,807.0,809.9,793.4,801.5,447670.0
2017-07-11,801.5,823.5,797.3,823.0,749870.0
2017-07-12,823.4,849.8,823.2,843.9,975720.0
2017-07-13,844.5,851.7,823.8,834.4,593570.0
2017-07-14,834.4,839.7,824.8,835.0,449490.0
2017-07-17,832.9,843.1,824.2,835.0,513150.0
2017-07-18,835.5,843.7,825.5,836.3,764050.0
2017-07-19,833.2,860.0,833.1,860.0,1089560.0
2017-07-20,859.0,864.6,833.0,848.0,1476540.0
2017-07-21,843.0,843.1,815.1,820.0,908900.0
2017-07-24,819.0,837.1,818.0,837.1,643340.0
2017-07-25,837.3,842.5,825.0,840.7,524080.0
2017-07-26,840.2,847.3,835.7,842.0,381800.0
2017-07-27,843.5,843.9,835.3,841.0,248380.0
2017-07-28,838.2,838.6,817.5,820.5,649290.0
2017-07-31,823.0,836.0,818.6,833.7,1202680.0
2017-08-01,835.0,843.7,832.7,841.5,439390.0
2017-08-02,841.3,853.0,838.1,852.0,420790.0
2017-08-03,854.3,859.5,840.4,847.3,369170.0
2017-08-04,845.1,846.7,833.4,845.3,294490.0
2017-08-07,849.2,864.2,845.1,853.2,647540.0
2017-08-08,856.0,870.0,855.1,861.7,690270.0
2017-08-09,856.8,868.8,851.4,857.6,483220.0
2017-08-10,861.9,862.3,842.1,850.2,522840.0
2017-08-11,845.1,847.8,828.0,828.0,649250.0
2017-08-14,831.4,841.3,828.7,838.8,378200.0
2017-08-15,839.0,841.3,830.1,840.3,337480.0
2017-08-16,840.0,847.8,838.4,844.4,650090.0
2017-08-17,844.1,852.5,839.0,852.5,415160.0
2017-08-18,847.1,851.9,840.8,850.0,451600.0
2017-08-21,851.0,858.0,849.1,857.6,459320.0
2017-08-22,858.0,867.0,857.3,865.2,293000.0
2017-08-23,866.0,868.7,857.1,860.2,376320.0
2017-08-24,863.8,864.3,851.8,859.3,196550.0
2017-08-25,864.0,883.9,861.6,879.0,926510.0
2017-08-28,879.9,879.9,866.6,874.9,274260.0
2017-08-29,870.0,877.0,860.3,876.9,510210.0
2017-08-30,881.6,895.0,875.2,894.7,768390.0
2017-08-31,892.1,923.9,892.1,910.0,1140120.0
2017-09-01,918.4,918.6,890.2,894.9,672210.0
2017-09-04,892.1,907.0,890.5,904.5,468650.0
2017-09-05,907.8,907.8,887.3,894.0,549020.0
2017-09-06,890.4,911.7,880.0,911.7,778910.0
2017-09-07,913.1,914.5,896.0,905.0,671320.0
2017-09-08,904.5,907.0,890.5,898.3,453110.0
2017-09-11,898.3,912.9,891.1,906.0,601500.0
2017-09-12,906.5,917.5,905.2,912.3,419890.0
2017-09-13,912.0,922.7,909.8,912.2,463680.0
2017-09-14,915.0,918.0,899.2,912.6,506640.0
2017-09-15,911.0,919.9,903.5,912.2,634220.0
2017-09-18,918.0,918.0,906.0,913.1,413540.0
2017-09-19,911.2,913.7,891.4,891.4,933940.0
2017-09-20,891.9,907.9,887.2,907.9,609210.0
2017-09-21,907.0,909.4,891.5,892.1,863820.0
2017-09-22,890.0,890.1,873.2,882.3,945660.0
2017-09-25,865.1,878.7,861.6,875.9,901330.0
2017-09-26,877.1,885.1,873.9,875.0,556220.0
2017-09-27,877.0,884.3,868.4,874.8,475700.0
2017-09-28,875.3,878.2,866.0,867.1,419960.0
2017-09-29,867.0,873.4,865.2,869.5,315360.0
2017-10-02,870.3,885.7,869.6,883.6,546010.0
2017-10-03,886.7,894.8,886.1,892.3,508750.0
2017-10-04,892.9,894.8,882.0,887.0,375250.0
2017-10-05,886.9,888.3,878.1,887.3,395660.0
2017-10-06,889.0,891.9,878.6,886.2,422960.0
2017-10-09,887.2,896.0,886.2,895.9,714690.0
2017-10-10,897.9,900.0,891.2,898.0,397330.0
2017-10-11,898.5,916.0,894.9,914.9,724050.0
2017-10-12,914.8,914.8,900.5,900.8,566280.0
2017-10-13,900.1,909.8,895.0,903.2,513780.0
2017-10-16,904.1,912.6,898.4,906.7,513320.0
2017-10-17,908.0,909.4,891.9,900.0,513780.0
2017-10-18,903.1,911.3,897.0,897.0,1058140.0
2017-10-19,900.0,902.5,886.0,891.0,799870.0
2017-10-20,892.4,905.0,888.6,905.0,657310.0
2017-10-23,906.7,913.0,900.5,911.0,548600.0
2017-10-24,913.6,923.7,912.3,917.7,758920.0
2017-10-25,921.2,930.0,905.0,908.5,1171250.0
2017-10-26,907.9,910.0,900.0,905.1,608430.0
2017-10-27,907.9,909.5,896.9,905.5,566370.0
2017-10-30,900.0,908.3,897.8,900.9,412850.0
2017-10-31,899.9,904.9,898.3,898.3,341830.0
2017-11-01,901.4,915.0,900.0,910.7,529480.0
2017-11-02,908.8,913.9,898.0,899.2,587570.0
2017-11-03,901.6,911.7,901.6,902.3,937250.0
2017-11-07,906.2,913.3,891.2,911.0,1684620.0
2017-11-08,911.0,928.0,909.1,911.5,1155830.0
2017-11-09,889.9,900.0,881.3,884.5,4124430.0
2017-11-10,884.8,889.6,883.1,884.4,1187170.0
2017-11-13,888.0,911.9,885.5,897.0,3468870.0
2017-11-14,900.0,910.0,897.0,897.0,2875250.0
2017-11-15,900.1,904.6,897.0,902.2,1523160.0
2017-11-16,902.2,904.4,886.8,890.3,1018260.0
2017-11-17,890.2,896.2,886.5,894.6,658560.0
2017-11-20,894.7,901.8,890.0,896.4,553080.0
2017-11-21,897.0,910.4,895.1,905.1,990730.0
2017-11-22,907.0,909.2,900.8,905.0,634950.0
2017-11-23,905.0,908.0,902.3,906.8,465740.0
2017-11-24,908.5,919.8,905.2,910.5,744520.0
2017-11-27,910.6,914.0,897.0,898.0,936620.0
2017-11-28,897.6,905.0,895.6,901.7,590730.0
2017-11-29,903.2,907.0,895.0,895.4,752350.0
2017-11-30,895.9,924.0,895.1,924.0,1337470.0
2017-12-01,918.5,919.0,903.7,912.5,1391530.0
2017-12-04,883.0,889.5,875.0,875.5,964200.0
2017-12-05,877.3,877.8,860.9,868.0,657780.0
2017-12-06,867.2,880.0,864.0,880.0,800680.0
2017-12-07,882.4,892.9,878.2,892.9,962300.0
2017-12-08,891.8,894.9,879.7,886.7,424570.0
2017-12-11,886.0,899.6,883.0,899.6,805240.0
2017-12-12,899.4,901.6,887.3,895.0,836570.0
2017-12-13,892.0,898.6,889.5,898.3,357170.0
2017-12-14,897.2,902.0,892.8,899.6,293460.0
2017-12-15,899.6,901.4,893.5,901.4,610160.0
2017-12-18,901.4,902.7,889.1,891.6,394560.0
2017-12-19,889.2,893.0,881.1,892.8,482540.0
2017-12-20,890.0,892.2,873.5,877.8,414250.0
2017-12-21,880.8,884.6,870.5,871.2,539160.0
2017-12-22,873.6,881.0,868.1,876.9,200110.0
2017-12-25,878.8,881.9,870.3,875.7,67060.0
2017-12-26,876.5,882.0,869.2,869.2,133340.0
2017-12-27,871.9,889.9,869.5,889.9,544440.0
2017-12-28,889.9,894.0,883.2,889.6,220730.0
2017-12-29,889.0,899.9,883.0,887.4,347590.0
2018-01-03,892.3,899.9,887.4,897.4,206760.0
2018-01-04,896.1,908.0,894.1,908.0,657950.0
2018-01-05,903.7,920.0,902.1,920.0,586020.0
2018-01-09,919.2,939.7,915.1,939.3,1130440.0
2018-01-10,938.9,949.4,928.0,949.0,697530.0
2018-01-11,948.0,955.9,938.3,955.9,716540.0
2018-01-12,953.7,968.6,949.1,968.6,677700.0
2018-01-15,965.9,979.5,951.5,963.7,774770.0
2018-01-16,963.0,963.0,937.8,945.0,560500.0
2018-01-17,942.2,942.8,931.4,941.2,651340.0
2018-01-18,941.8,948.7,931.0,936.2,820310.0
2018-01-19,936.2,957.0,936.2,953.0,661410.0
2018-01-22,955.0,967.8,951.1,967.8,600770.0
2018-01-23,967.8,973.7,932.1,935.4,803260.0
2018-01-24,935.0,937.8,921.6,930.0,581510.0
2018-01-25,931.0,950.0,927.1,950.0,990810.0
2018-01-26,948.9,952.7,937.6,952.7,491940.0
2018-01-29,952.3,960.4,934.1,936.9,698960.0
2018-01-30,935.0,941.9,926.0,929.8,505990.0
2018-01-31,927.0,931.1,919.1,919.1,649010.0
2018-02-01,922.0,941.8,916.8,941.8,750530.0
2018-02-02,944.0,959.6,915.2,918.0,1003860.0
2018-02-05,917.7,931.0,911.9,923.8,711250.0
2018-02-06,910.0,922.0,905.0,912.9,1018050.0
2018-02-07,919.9,932.2,915.5,932.2,410540.0
2018-02-08,929.8,929.8,909.2,917.8,609950.0
2018-02-09,908.0,912.4,899.1,907.0,952420.0
2018-02-12,910.6,921.8,907.1,913.5,478390.0
2018-02-13,917.5,944.0,917.1,941.6,910670.0
2018-02-14,943.9,945.9,927.8,930.0,925410.0
2018-02-15,938.0,953.0,932.6,949.2,674070.0
2018-02-16,951.7,963.4,941.0,949.2,738210.0
2018-02-19,952.9,959.0,945.0,945.3,247000.0
2018-02-20,944.9,952.0,936.2,940.0,389170.0
2018-02-21,940.8,942.7,931.5,942.4,525090.0
2018-02-22,940.0,944.5,927.5,936.0,581710.0
2018-02-26,937.9,952.4,937.8,949.9,955790.0
2018-02-27,948.0,948.5,937.7,939.7,440100.0
2018-02-28,936.4,939.0,918.4,918.4,807610.0
2018-03-01,917.0,921.6,912.5,914.2,376550.0
2018-03-02,911.4,919.6,882.7,897.3,1457960.0
2018-03-05,897.3,906.3,896.0,903.2,955400.0
2018-03-06,906.8,909.5,892.5,897.0,847870.0
2018-03-07,894.4,894.4,884.5,891.0,1074690.0
2018-03-09,891.1,891.1,876.4,886.5,674250.0
2018-03-12,890.6,896.7,882.7,886.0,886770.0
2018-03-13,886.8,889.0,875.9,884.5,1063100.0
2018-03-14,884.5,899.7,878.8,895.0,1283460.0
2018-03-15,894.9,897.0,881.9,890.8,841010.0
2018-03-16,892.7,907.1,883.3,907.1,1403720.0
2018-03-19,904.4,911.0,884.8,884.8,1148000.0
2018-03-20,889.3,895.4,866.2,873.6,2101570.0
2018-03-21,873.0,884.6,868.6,880.1,1047000.0
2018-03-22,881.0,884.4,873.3,877.8,1169750.0
2018-03-23,870.0,882.0,863.1,882.0,799300.0
2018-03-26,883.4,883.5,867.3,867.3,701280.0
2018-03-27,873.1,881.5,865.4,865.4,559240.0
2018-03-28,865.0,873.8,863.9,865.8,587690.0
2018-03-29,869.0,874.1,865.8,869.4,1044460.0
2018-03-30,872.8,874.6,870.3,872.4,112710.0
2018-04-02,873.8,883.0,869.5,870.0,341190.0
2018-04-03,872.8,875.6,867.0,874.1,303970.0
2018-04-04,872.9,874.0,867.7,868.1,398160.0
2018-04-05,872.4,884.6,871.5,881.7,652200.0
2018-04-06,879.0,895.1,877.7,890.2,801840.0
2018-04-09,886.0,888.9,786.7,837.0,2503790.0
2018-04-10,839.1,923.0,838.0,902.9,2047990.0
2018-04-11,901.3,913.2,880.3,901.5,1348870.0
2018-04-12,901.7,910.0,884.0,903.8,649040.0
2018-04-13,900.3,908.0,880.7,881.0,752590.0
2018-04-16,880.0,901.6,875.3,895.0,1006830.0
2018-04-17,908.0,930.4,907.6,922.7,1834140.0
2018-04-18,922.9,952.0,922.9,946.5,1318650.0
2018-04-19,948.9,954.9,937.1,948.5,922200.0
2018-04-20,949.2,954.5,946.3,953.7,452810.0
2018-04-23,953.7,962.0,949.2,962.0,866240.0
2018-04-24,962.0,967.8,956.0,965.2,579360.0
2018-04-25,962.3,981.2,955.0,978.4,990640.0
2018-04-26,978.4,996.4,975.2,996.4,610290.0
2018-04-27,997.5,1010.0,990.0,993.9,881230.0
2018-04-28,992.0,993.6,985.3,988.0,8777.0
2018-04-30,992.0,1018.0,988.4,1011.9,663520.0
2018-05-02,1014.5,1014.6,997.0,1000.0,511860.0
2018-05-03,997.0,999.5,976.5,982.1,592130.0
2018-05-04,981.7,989.4,973.2,975.5,522710.0
2018-05-07,980.9,987.0,978.3,978.3,271590.0
2018-05-08,978.1,992.0,967.0,991.0,1154930.0
2018-05-10,992.0,996.6,972.5,973.7,715470.0
2018-05-11,975.1,989.5,973.8,986.2,406100.0
2018-05-14,983.0,998.2,975.5,998.2,576440.0
2018-05-15,996.2,996.8,979.0,986.0,629610.0
2018-05-16,980.1,997.0,980.0,995.0,622710.0
2018-05-17,994.7,998.7,987.2,987.2,503930.0
2018-05-18,987.0,998.0,985.8,994.3,506140.0
2018-05-21,997.4,1001.1,986.9,986.9,488010.0
2018-05-22,987.5,993.2,981.5,986.6,548340.0
2018-05-23,985.0,988.9,978.3,978.3,403070.0
2018-05-24,980.8,995.3,978.4,995.3,433760.0
2018-05-25,992.8,1023.5,991.7,1012.0,740920.0
2018-05-28,1014.0,1016.0,1002.6,1006.0,236290.0
2018-05-29,1011.0,1022.0,1001.5,1008.6,608010.0
2018-05-30,1006.1,1017.9,1002.1,1002.1,639760.0
2018-05-31,1004.0,1014.2,993.5,1002.8,1170230.0
2018-06-01,1002.0,1007.8,994.8,994.8,435430.0
2018-06-04,1000.2,1017.0,998.5,1013.3,395410.0
2018-06-05,1010.5,1025.5,1010.5,1023.4,521640.0
2018-06-06,1025.9,1038.0,1025.9,1031.0,428890.0
2018-06-07,1034.4,1041.3,1026.7,1033.3,386990.0
2018-06-08,1034.1,1037.1,1015.0,1015.0,1025210.0
2018-06-09,1019.9,1029.0,1019.9,1025.0,7169.0
2018-06-11,1024.5,1051.2,1024.5,1041.8,495190.0
2018-06-13,1043.0,1055.3,1040.5,1040.5,605200.0
2018-06-14,1042.0,1044.5,1020.5,1025.9,809590.0
2018-06-15,1025.3,1048.0,1025.3,1039.4,1718440.0
2018-06-18,978.3,1000.0,960.0,964.6,1460770.0
2018-06-19,964.7,964.8,935.4,958.8,1025160.0
2018-06-20,964.4,974.9,955.5,960.0,793810.0
2018-06-21,963.5,972.0,950.0,960.5,554900.0
2018-06-22,964.4,973.3,957.4,961.7,598270.0
2018-06-25,964.9,967.5,943.0,944.0,525640.0
2018-06-26,945.1,951.7,940.5,942.4,257270.0
2018-06-27,946.8,947.0,925.3,925.3,691380.0
2018-06-28,926.7,930.0,907.9,910.4,802870.0
2018-06-29,918.7,933.4,915.1,930.1,670570.0
2018-07-02,926.9,945.5,918.0,931.0,558710.0
2018-07-03,936.5,938.4,923.3,934.7,375100.0
2018-07-04,934.0,935.3,921.1,930.9,418510.0
2018-07-05,930.1,942.3,923.3,942.3,979640.0
2018-07-06,941.4,946.9,932.2,941.9,577330.0
2018-07-09,942.1,968.8,942.1,962.9,757580.0
2018-07-10,967.0,974.9,959.6,967.0,608380.0
2018-07-11,962.1,971.0,951.7,955.0,803250.0
2018-07-12,950.6,961.4,938.3,960.0,482410.0
2018-07-13,958.9,968.4,948.1,961.6,518860.0
2018-07-16,962.0,963.7,946.3,953.1,400730.0
2018-07-17,949.5,967.8,942.7,961.3,556460.0
2018-07-18,961.5,982.8,960.5,980.7,832430.0
2018-07-19,1010.4,1015.6,975.6,984.0,1683120.0
2018-07-20,984.4,988.6,971.5,972.5,646470.0
2018-07-23,973.8,987.8,972.3,983.0,684210.0
2018-07-24,986.3,996.2,977.0,989.9,886260.0
2018-07-25,984.0,993.7,979.9,991.2,766220.0
2018-07-26,994.0,1001.1,988.9,997.5,820070.0
2018-07-27,997.8,1014.7,996.1,1014.7,734530.0
2018-07-30,1013.0,1013.9,1004.7,1009.0,397850.0
2018-07-31,1006.2,1020.3,1006.2,1020.3,674840.0
2018-08-01,1020.0,1025.0,1012.0,1013.4,866430.0
2018-08-02,1013.0,1014.9,984.7,996.1,990250.0
2018-08-03,996.8,1025.7,985.8,1024.5,771940.0
2018-08-06,1025.9,1028.6,1013.0,1024.0,627310.0
2018-08-07,1025.0,1025.7,1015.2,1021.4,394210.0
2018-08-08,1021.2,1024.9,1001.8,1024.9,783870.0
2018-08-09,1022.0,1032.0,1002.6,1018.8,1017140.0
2018-08-10,990.0,1000.0,971.1,986.1,1773030.0
2018-08-13,985.2,1023.4,978.1,1019.9,1136160.0
2018-08-14,1023.7,1030.0,1011.2,1024.5,829570.0
2018-08-15,1025.2,1028.9,1003.4,1022.8,735210.0
2018-08-16,1019.0,1025.0,1011.5,1018.0,524730.0
2018-08-17,1020.0,1027.8,1013.0,1020.2,451950.0
2018-08-20,1024.8,1047.4,1021.4,1045.0,657180.0
2018-08-21,1045.3,1053.4,1036.0,1049.4,482880.0
2018-08-22,1049.6,1058.8,1033.4,1058.8,723650.0
2018-08-23,1057.7,1069.0,1046.3,1049.5,628450.0
2018-08-24,1055.6,1075.0,1043.5,1075.0,543540.0
2018-08-27,1075.1,1097.0,1065.0,1093.1,607460.0
2018-08-28,1090.0,1098.3,1083.5,1084.0,515230.0
2018-08-29,1088.2,1106.0,1076.9,1097.0,512170.0
2018-08-30,1103.0,1103.0,1080.4,1086.5,479820.0
2018-08-31,1081.6,1089.4,1075.4,1086.1,552900.0
2018-09-03,1089.0,1103.7,1087.8,1093.8,310710.0
2018-09-04,1092.2,1100.9,1086.6,1086.6,374170.0
2018-09-05,1081.5,1092.5,1067.6,1067.6,358820.0
2018-09-06,1068.0,1078.0,1059.0,1059.0,331560.0
2018-09-07,1066.5,1070.9,1053.0,1057.0,431780.0
2018-09-10,1060.8,1068.4,1053.6,1065.0,618890.0
2018-09-11,1065.0,1080.8,1051.1,1077.5,1287390.0
2018-09-12,1080.0,1086.0,1064.6,1083.0,594680.0
2018-09-13,1085.1,1095.6,1078.4,1095.6,503180.0
2018-09-14,1095.0,1098.0,1086.3,1087.0,381990.0
2018-09-17,1089.9,1095.5,1079.1,1079.2,389240.0
2018-09-18,1079.0,1087.9,1071.6,1078.2,625550.0
2018-09-19,1082.4,1090.3,1080.5,1082.4,621480.0
2018-09-20,1082.3,1113.0,1082.3,1098.5,1359210.0
2018-09-21,1103.5,1115.0,1099.5,1115.0,1304710.0
2018-09-24,1072.5,1093.0,1062.5,1072.0,1159800.0
2018-09-25,1070.6,1076.4,1059.3,1073.2,689600.0
2018-09-26,1075.0,1081.7,1064.0,1064.0,647230.0
2018-09-27,1065.9,1091.5,1065.0,1091.5,773240.0
2018-09-28,1095.2,1096.9,1074.1,1091.3,827530.0
2018-10-01,1092.6,1094.1,1078.9,1083.4,408330.0
2018-10-02,1085.2,1087.5,1071.9,1078.7,332470.0
2018-10-03,1081.0,1100.0,1079.2,1099.6,596990.0
2018-10-04,1092.4,1118.6,1090.2,1109.1,620010.0
2018-10-05,1110.0,1116.0,1094.2,1094.2,531640.0
2018-10-08,1095.9,1104.7,1088.1,1089.9,490200.0
2018-10-09,1091.9,1112.1,1087.3,1103.2,439160.0
2018-10-10,1106.5,1114.3,1087.0,1092.8,681120.0
2018-10-11,1080.6,1083.7,1054.2,1065.0,1223810.0
2018-10-12,1067.1,1078.9,1050.2,1057.0,619710.0
2018-10-15,1057.0,1064.1,1030.0,1030.0,713030.0
2018-10-16,1023.0,1046.9,1022.1,1044.0,615200.0
2018-10-17,1050.1,1078.7,1049.5,1073.0,632950.0
2018-10-18,1072.4,1078.0,1045.7,1054.8,616690.0
2018-10-19,1060.7,1070.1,1049.3,1049.3,587870.0
2018-10-22,1054.9,1060.6,1045.0,1054.5,462220.0
2018-10-23,1048.5,1050.6,1014.3,1018.9,1269140.0
2018-10-24,1027.0,1036.6,1009.0,1009.1,1046290.0
2018-10-25,1001.9,1016.6,994.2,1015.5,743820.0
2018-10-26,1010.0,1012.2,987.5,994.5,626970.0
2018-10-29,995.2,1005.1,988.0,1001.4,528190.0
2018-10-30,998.0,1000.5,986.5,996.8,373170.0
2018-10-31,1000.9,1030.0,999.4,1030.0,766010.0
2018-11-01,1027.5,1028.4,1012.7,1026.0,484530.0
2018-11-02,1028.8,1045.5,1026.2,1040.5,957110.0
2018-11-06,1041.0,1054.0,1026.4,1032.6,674480.0
2018-11-07,1030.0,1050.2,1027.5,1042.6,555130.0
2018-11-08,1045.1,1046.4,1021.0,1025.6,581590.0
2018-11-09,1017.2,1039.3,1015.5,1039.3,692790.0
2018-11-12,1038.9,1046.0,1029.8,1033.5,546970.0
2018-11-13,1027.2,1041.3,1025.1,1037.0,555960.0
2018-11-14,1037.0,1043.0,1024.1,1024.9,526400.0
2018-11-15,1029.5,1037.4,1023.0,1023.5,630870.0
2018-11-16,1027.0,1033.9,1021.5,1024.1,487240.0
2018-11-19,1025.1,1030.4,1007.0,1010.0,890510.0
2018-11-20,1007.8,1010.9,999.4,1005.0,697290.0
2018-11-21,1005.0,1017.0,1001.0,1015.8,642260.0
2018-11-22,1012.7,1014.0,1004.4,1006.6,736380.0
2018-11-23,1006.6,1010.9,1002.0,1002.0,636290.0
2018-11-26,1004.8,1008.8,991.6,998.0,859160.0
2018-11-27,999.2,1008.4,986.4,986.4,1250260.0
2018-11-28,988.9,998.2,985.5,997.1,880230.0
2018-11-29,1000.4,1008.0,996.1,1003.0,880860.0
2018-11-30,1005.1,1006.2,991.2,1002.7,1720540.0
2018-12-03,974.5,988.4,967.5,978.0,1468330.0
2018-12-04,979.1,979.9,959.0,964.3,1284020.0
2018-12-05,962.5,974.8,960.1,960.6,671770.0
2018-12-06,960.8,961.3,950.3,952.5,637380.0
2018-12-07,958.5,966.3,948.7,955.1,584380.0
2018-12-10,950.6,959.9,947.7,947.7,373520.0
2018-12-11,949.3,952.8,931.0,940.0,834460.0
2018-12-12,940.0,941.6,926.7,937.9,560290.0
2018-12-13,937.1,941.0,925.6,940.4,474600.0
2018-12-14,939.0,939.6,926.5,936.2,427730.0
2018-12-17,935.1,958.8,931.4,957.9,719370.0
2018-12-18,950.0,964.5,948.0,957.3,743590.0
2018-12-19,952.6,969.4,950.2,969.4,835180.0
2018-12-20,960.0,967.0,955.0,962.5,553670.0
2018-12-21,957.1,961.0,938.6,945.0,662680.0
2018-12-24,944.7,948.2,926.9,934.8,495420.0
2018-12-25,926.0,930.0,910.0,926.8,335440.0
2018-12-26,926.9,934.8,904.7,915.0,398790.0
2018-12-27,929.9,930.0,920.9,929.5,779760.0
2018-12-28,933.5,949.5,931.5,937.7,464960.0
2018-12-29,940.0,944.9,937.8,942.9,8466.0
2019-01-03,941.5,942.6,926.3,934.2,601260.0
2019-01-04,934.0,949.7,931.1,949.7,335270.0
2019-01-08,950.5,960.0,941.3,952.7,563930.0
2019-01-09,953.1,973.5,950.0,972.6,1027020.0
2019-01-10,972.6,973.4,958.6,970.0,725000.0
2019-01-11,970.2,972.5,961.5,972.5,709610.0
2019-01-14,967.2,969.6,956.2,960.5,557100.0
2019-01-15,959.9,964.0,951.8,954.8,549480.0
2019-01-16,954.9,959.2,947.1,953.1,509980.0
2019-01-17,953.0,954.8,945.2,953.2,656000.0
2019-01-18,953.7,961.8,950.3,954.8,425460.0
2019-01-21,956.4,956.9,948.2,950.0,273150.0
2019-01-22,951.5,952.3,946.0,952.3,416150.0
2019-01-23,950.0,952.2,943.3,945.8,412850.0
2019-01-24,944.0,944.7,923.7,926.0,952730.0
2019-01-25,929.0,951.0,922.3,951.0,674660.0
2019-01-28,951.0,953.0,942.2,952.5,438420.0
2019-01-29,953.1,959.3,947.0,956.9,490310.0
2019-01-30,955.2,976.6,953.3,976.2,951930.0
2019-01-31,979.3,1006.0,976.7,998.5,1962330.0
2019-02-01,1000.2,1014.8,988.6,1014.8,1140970.0
2019-02-04,1015.2,1030.0,1014.8,1029.0,1101890.0
2019-02-05,1029.0,1039.8,1022.0,1028.8,1133730.0
2019-02-06,1028.0,1028.8,1012.4,1019.0,935200.0
2019-02-07,1016.0,1030.0,1010.2,1026.0,755750.0
2019-02-08,1022.0,1030.0,1020.8,1022.2,460140.0
2019-02-11,1021.4,1035.0,1021.4,1031.4,729990.0
2019-02-12,1033.8,1039.2,1023.0,1035.0,499440.0
2019-02-13,1033.0,1037.4,1010.8,1011.8,830590.0
2019-02-14,1002.8,1023.2,1001.6,1014.0,841580.0
2019-02-15,1015.0,1027.0,1013.2,1024.2,436380.0
2019-02-18,1023.0,1028.0,1005.4,1013.0,373190.0
2019-02-19,1013.2,1014.6,997.2,999.0,340640.0
2019-02-20,998.8,1010.8,995.8,1007.8,694910.0
2019-02-21,1007.4,1008.2,990.4,992.4,622670.0
2019-02-22,994.0,1002.4,994.0,1001.6,464170.0
2019-02-25,1002.0,1029.8,1002.0,1029.8,928620.0
2019-02-26,1025.2,1035.0,1021.2,1035.0,528980.0
2019-02-27,1035.0,1039.6,1022.6,1033.4,508290.0
2019-02-28,1036.6,1037.2,1019.0,1028.8,774280.0
2019-03-01,1028.6,1031.8,1021.6,1029.0,442480.0
2019-03-04,1032.0,1048.6,1029.2,1041.6,1119680.0
2019-03-05,1041.0,1048.0,1024.0,1033.4,815080.0
2019-03-06,1035.6,1038.6,1022.2,1029.6,433780.0
2019-03-07,1029.6,1034.0,1019.4,1020.8,365360.0
2019-03-11,1019.2,1026.8,1011.2,1025.8,342630.0
2019-03-12,1026.0,1031.2,1018.0,1021.6,436360.0
2019-03-13,1017.8,1023.6,1013.0,1014.0,571840.0
2019-03-14,1017.2,1019.8,1004.4,1007.8,451870.0
2019-03-15,1008.6,1041.0,1005.2,1036.8,2078400.0
2019-03-18,1034.8,1036.8,1020.2,1034.2,1094610.0
2019-03-19,1034.8,1038.4,1016.4,1019.8,1013280.0
2019-03-20,1021.2,1021.8,1007.0,1013.4,648930.0
2019-03-21,1015.6,1022.2,1011.0,1017.2,595930.0
2019-03-22,1018.0,1019.8,1010.4,1013.6,401570.0
2019-03-25,1012.0,1016.2,1006.8,1008.4,424610.0
2019-03-26,1011.0,1014.8,1008.4,1014.8,275950.0
2019-03-27,1014.8,1016.0,1006.0,1006.0,305420.0
2019-03-28,1006.0,1030.0,1004.4,1027.8,732940.0
2019-03-29,1026.4,1035.8,1022.2,1028.0,752020.0
2019-04-01,1030.0,1038.0,1021.6,1028.2,626150.0
2019-04-02,1031.6,1045.4,1028.4,1041.8,575480.0
2019-04-03,1043.6,1059.8,1043.0,1058.4,749500.0
2019-04-04,1058.0,1058.0,1041.4,1052.0,556220.0
2019-04-05,1053.0,1053.0,1043.2,1043.2,308840.0
2019-04-08,1045.8,1054.0,1043.0,1043.0,410130.0
2019-04-09,1037.2,1050.0,1034.0,1044.0,707550.0
2019-04-10,1046.0,1052.4,1034.4,1034.4,865070.0
2019-04-11,1035.6,1038.6,1022.6,1023.6,461630.0
2019-04-12,1026.8,1048.4,1023.0,1039.2,592810.0
2019-04-15,1039.2,1042.8,1030.6,1038.0,448030.0
2019-04-16,1039.8,1046.6,1034.8,1046.6,520600.0
2019-04-17,1046.6,1053.4,1033.4,1037.0,777960.0
2019-04-18,1037.0,1038.8,1032.0,1035.4,472990.0
2019-04-19,1041.8,1049.8,1041.6,1047.6,204440.0
2019-04-22,1050.0,1055.0,1048.0,1054.0,186480.0
2019-04-23,1052.0,1052.6,1036.0,1040.4,903340.0
2019-04-24,1039.0,1054.0,1035.2,1053.0,567600.0
2019-04-25,1053.0,1058.2,1045.0,1045.0,576720.0
2019-04-26,1045.0,1059.4,1038.6,1059.4,545030.0
2019-04-29,1059.4,1065.8,1055.4,1058.0,364010.0
2019-04-30,1058.2,1060.4,1045.2,1045.2,581930.0
2019-05-02,1049.4,1060.0,1046.6,1053.6,421000.0
2019-05-03,1058.4,1061.2,1049.0,1055.0,850420.0
2019-05-06,1026.6,1034.0,1024.0,1032.6,451660.0
2019-05-07,1032.0,1043.4,1030.4,1034.0,773720.0
2019-05-08,1035.0,1037.4,1028.4,1028.4,429280.0
2019-05-10,1022.8,1030.6,998.6,998.6,1479000.0
2019-05-13,999.8,1006.0,986.4,988.0,780730.0
2019-05-14,993.0,1000.0,980.0,980.0,895040.0
2019-05-15,980.2,988.6,974.4,976.0,736920.0
2019-05-16,978.8,982.0,972.2,972.2,704040.0
2019-05-17,975.0,978.4,967.0,973.2,649520.0
2019-05-20,977.0,992.0,975.8,978.6,717950.0
2019-05-21,985.0,1004.2,980.0,995.8,923230.0
2019-05-22,997.0,1013.8,993.6,1008.4,987910.0
2019-05-23,1007.8,1008.0,992.4,996.0,616470.0
2019-05-24,996.0,1007.8,994.0,998.2,626890.0
2019-05-27,1000.0,1007.0,1000.0,1002.2,162470.0
2019-05-28,1002.4,1029.8,1001.8,1029.8,1600850.0
2019-05-29,1026.6,1039.0,1019.6,1039.0,628780.0
2019-05-30,1039.0,1050.4,1032.8,1048.2,708620.0
2019-05-31,1044.6,1045.0,1026.2,1036.4,679770.0
2019-06-03,1029.6,1042.0,1024.0,1040.0,696040.0
2019-06-04,1039.6,1045.0,1035.0,1043.8,920130.0
2019-06-05,1042.0,1045.8,1030.6,1033.4,382420.0
2019-06-06,1036.4,1052.8,1034.6,1048.8,660930.0
2019-06-07,1050.0,1054.6,1048.6,1050.0,625530.0
2019-06-10,1052.2,1060.0,1050.2,1060.0,484910.0
2019-06-11,1060.0,1084.8,1057.0,1084.8,1043640.0
2019-06-13,1085.0,1109.0,1081.2,1106.0,1227100.0
2019-06-14,1109.6,1121.6,1103.8,1121.0,1462750.0
2019-06-17,1090.2,1096.8,1059.0,1059.6,1392980.0
2019-06-18,1059.0,1082.2,1053.4,1081.4,1031500.0
2019-06-19,1083.0,1093.6,1075.2,1083.8,718190.0
2019-06-20,1090.0,1101.8,1085.4,1099.2,1228410.0
2019-06-21,1095.0,1098.0,1086.4,1097.4,781020.0
2019-06-24,1095.0,1100.0,1078.6,1083.0,466500.0
2019-06-25,1082.0,1095.4,1077.2,1095.4,300100.0
2019-06-26,1098.0,1104.0,1094.0,1094.0,690320.0
2019-06-27,1097.6,1100.8,1086.2,1087.6,437570.0
2019-06-28,1080.0,1080.0,1065.0,1067.6,714760.0
2019-07-01,1071.0,1085.0,1070.8,1070.8,641540.0
2019-07-02,1070.0,1082.0,1066.2,1075.0,829570.0
2019-07-03,1075.8,1080.8,1068.0,1078.4,605220.0
2019-07-04,1078.0,1078.4,1057.8,1065.0,568440.0
2019-07-05,1065.6,1066.4,1048.4,1051.8,605350.0
2019-07-08,1048.2,1066.8,1044.0,1066.0,602860.0
2019-07-09,1064.4,1074.4,1061.0,1071.4,422960.0
2019-07-10,1071.4,1080.4,1059.4,1079.4,699810.0
2019-07-11,1079.0,1079.4,1048.0,1054.2,744570.0
2019-07-12,1055.0,1058.2,1038.0,1044.4,761730.0
2019-07-15,1050.0,1054.8,1040.6,1043.6,420440.0
2019-07-16,1047.6,1056.2,1043.8,1049.4,607930.0
2019-07-17,1052.0,1054.8,1046.2,1054.6,274270.0
2019-07-18,1052.0,1073.0,1049.2,1063.8,865370.0
2019-07-19,1063.0,1069.4,1042.2,1043.4,590330.0
2019-07-22,1048.2,1059.6,1040.2,1056.0,352550.0
2019-07-23,1056.8,1061.6,1045.4,1051.0,458290.0
2019-07-24,1051.0,1051.8,1032.8,1033.8,573250.0
2019-07-25,1038.6,1050.0,1031.2,1038.8,691850.0
2019-07-26,1039.0,1040.6,1025.2,1026.8,544460.0
2019-07-29,1029.6,1032.0,1022.4,1029.0,264570.0
2019-07-30,1032.0,1036.4,1020.2,1024.0,549480.0
2019-07-31,1022.0,1029.6,1018.4,1028.8,398120.0
2019-08-01,1025.0,1028.0,1016.0,1019.0,341630.0
2019-08-02,1014.0,1050.0,1000.4,1000.4,922050.0
2019-08-05,1002.2,1011.0,990.2,992.0,1290410.0
2019-08-06,996.0,1000.2,986.2,989.0,1481200.0
2019-08-07,992.6,996.8,984.2,987.2,818910.0
2019-08-08,993.8,995.4,989.2,989.2,605390.0
2019-08-09,990.6,992.8,970.6,970.6,1133250.0
2019-08-12,969.8,977.6,968.8,969.6,689400.0
2019-08-13,969.6,971.4,951.0,954.0,1138560.0
2019-08-14,957.0,959.6,938.6,947.4,1392230.0
2019-08-15,950.0,959.4,939.0,943.0,1039950.0
2019-08-16,949.0,949.6,926.8,928.4,791620.0
2019-08-19,933.4,952.0,926.0,946.0,1244860.0
2019-08-20,947.0,964.0,947.0,957.4,1083940.0
2019-08-21,960.0,962.4,951.8,954.2,494950.0
2019-08-22,954.0,956.2,941.2,944.0,713750.0
2019-08-23,946.4,951.8,942.4,946.0,618620.0
2019-08-26,941.6,951.8,937.2,947.0,399820.0
2019-08-27,949.4,953.0,941.4,953.0,1068490.0
2019-08-28,952.6,962.6,950.2,958.8,1058090.0
2019-08-29,959.6,980.4,958.0,979.0,926030.0
2019-08-30,980.0,1002.8,979.6,1002.8,1289107.0
2019-09-02,1001.2,1008.8,993.0,1003.0,868398.0
2019-09-03,1003.0,1005.0,982.4,990.6,1090838.0
2019-09-04,992.8,999.4,983.2,986.6,909203.0
2019-09-05,990.2,1005.0,988.8,1001.6,1083525.0
2019-09-06,1001.0,1001.0,988.2,992.8,712597.0
2019-09-09,1000.0,1001.6,994.0,998.2,676166.0
2019-09-10,999.0,1006.0,993.6,1005.0,878233.0
2019-09-11,1005.0,1023.8,1001.0,1022.0,1157795.0
2019-09-12,1021.0,1022.8,1006.4,1018.6,1005839.0
2019-09-13,1018.0,1019.0,1005.4,1014.0,1200629.0
2019-09-16,991.0,1000.0,977.6,1000.0,1376385.0
2019-09-17,998.0,999.6,990.2,998.8,806747.0
2019-09-18,996.4,1003.6,980.4,986.8,976747.0
2019-09-19,986.6,993.6,966.0,967.0,1713921.0
2019-09-20,967.0,969.0,956.8,965.0,1124169.0
2019-09-23,965.4,966.6,953.2,954.6,816818.0
2019-09-24,956.0,965.4,940.8,942.2,1407675.0
2019-09-25,941.2,948.6,935.0,945.0,1036139.0
2019-09-26,947.0,953.2,942.6,950.8,673226.0
2019-09-27,950.0,951.4,941.0,944.4,512047.0
2019-09-30,946.0,950.2,933.2,933.2,968272.0
2019-10-01,935.8,938.8,921.0,923.8,1315981.0
2019-10-02,922.0,928.4,901.0,901.6,1720272.0
2019-10-03,902.8,903.0,876.2,882.2,2285697.0
2019-10-04,886.4,894.4,869.8,876.8,1436134.0
2019-10-07,878.0,892.8,862.2,880.0,1589936.0
2019-10-08,884.6,897.2,874.2,878.8,1533377.0
2019-10-09,880.0,887.8,870.6,873.0,1019948.0
2019-10-10,877.2,896.0,870.2,894.0,982710.0
2019-10-11,898.4,906.4,889.6,893.4,1146541.0
2019-10-14,898.0,899.6,879.0,881.0,692093.0
2019-10-15,878.8,881.8,864.0,871.4,1705886.0
2019-10-16,873.8,888.8,872.0,887.0,1106368.0
2019-10-17,889.0,898.2,887.6,894.0,1051536.0
2019-10-18,892.2,892.4,878.0,881.0,2398789.0
2019-10-21,879.6,882.0,870.2,871.0,1291436.0
2019-10-22,873.0,882.2,871.2,878.0,1109983.0
2019-10-23,876.6,879.2,871.2,876.0,1013147.0
2019-10-24,878.0,880.6,872.4,877.2,969785.0
2019-10-25,876.0,879.4,872.6,878.4,1147107.0
2019-10-28,880.0,898.2,878.2,886.0,1380104.0
2019-10-29,889.0,906.2,881.6,903.4,1206496.0
2019-10-30,903.0,905.6,890.4,895.0,1102900.0
2019-10-31,897.0,902.0,880.2,882.2,1286300.0
2019-11-01,885.2,893.2,882.2,893.2,631345.0
2019-11-05,895.6,916.0,895.0,914.0,1552507.0
2019-11-06,914.0,926.0,914.0,923.6,1616019.0
2019-11-07,923.0,938.4,916.2,931.2,1805527.0
2019-11-08,930.6,930.6,905.0,909.6,2352150.0
2019-11-11,908.8,916.2,893.6,895.0,1905754.0
2019-11-12,898.0,904.2,893.8,900.0,1396821.0
2019-11-13,897.8,900.8,888.2,889.8,1279956.0
2019-11-14,891.2,893.8,875.2,880.8,1654540.0
2019-11-15,881.4,886.8,877.2,881.4,1062963.0
2019-11-18,883.6,894.6,880.0,884.0,1273513.0
2019-11-19,886.6,904.6,884.4,904.6,1935055.0
2019-11-20,898.0,906.8,895.4,903.0,1198863.0
2019-11-21,898.0,902.4,891.0,895.6,1239065.0
2019-11-22,895.4,902.0,891.8,901.8,884250.0
2019-11-25,903.8,919.0,903.0,917.0,1658957.0
2019-11-26,915.0,920.8,906.0,909.6,2550027.0
2019-11-27,913.0,915.0,906.0,911.2,796968.0
2019-11-28,910.8,910.8,898.8,907.8,832097.0
2019-11-29,907.6,909.4,900.0,908.0,1729597.0
2019-12-02,884.2,891.0,878.6,885.0,1981557.0
2019-12-03,881.8,885.8,870.4,874.6,1272662.0
2019-12-04,877.2,878.4,865.0,875.4,960923.0
2019-12-05,877.0,885.0,868.8,880.8,991366.0
2019-12-06,881.0,885.0,878.0,883.0,626536.0
2019-12-09,884.8,891.6,881.2,891.6,775515.0
2019-12-10,891.6,892.0,885.0,888.8,1268365.0
2019-12-11,889.6,897.8,886.8,896.6,958717.0
2019-12-12,897.8,907.0,896.4,901.0,1351747.0
2019-12-13,904.6,920.0,904.0,918.4,1500151.0
2019-12-16,920.2,929.4,915.6,923.0,1015910.0
2019-12-17,924.4,930.0,917.2,930.0,1273469.0
2019-12-18,929.0,930.0,922.2,928.6,914723.0
2019-12-19,928.8,928.8,914.6,928.4,1130058.0
2019-12-20,926.6,928.0,919.0,926.4,567076.0
2019-12-23,926.0,930.0,920.4,930.0,581211.0
2019-12-24,929.2,936.0,925.6,927.4,387465.0
2019-12-25,928.4,929.0,922.2,926.2,185208.0
2019-12-26,927.4,929.8,924.2,929.4,262210.0
2019-12-27,929.8,943.0,929.6,938.2,691949.0
2019-12-30,940.6,943.8,936.0,937.6,477188.0
2020-01-03,940.6,947.4,938.4,945.8,571782.0
2020-01-06,945.0,945.6,923.2,929.0,737166.0
2020-01-08,925.0,931.6,918.0,927.2,674513.0
2020-01-09,927.0,937.0,927.0,928.2,1025618.0
2020-01-10,932.0,937.4,928.4,937.4,461332.0
2020-01-13,942.0,960.2,936.0,960.2,1324147.0
2020-01-14,960.2,976.2,959.2,967.8,1739800.0
2020-01-15,967.0,967.6,950.0,960.2,1423308.0
2020-01-16,962.0,971.0,960.2,963.4,770934.0
2020-01-17,964.8,978.0,961.0,977.2,1177289.0
2020-01-20,979.0,1000.0,960.0,990.6,1248372.0
2020-01-21,990.0,990.0,971.4,978.6,1110776.0
2020-01-22,978.6,986.2,956.4,959.2,1197304.0
2020-01-23,954.0,968.4,946.0,962.0,986630.0
2020-01-24,964.4,973.0,955.8,956.2,534118.0
2020-01-27,948.2,953.0,925.4,930.0,1292674.0
2020-01-28,933.8,942.6,923.6,938.6,728600.0
2020-01-29,945.0,947.6,933.6,941.2,628124.0
2020-01-30,935.8,942.4,928.4,931.0,724703.0
2020-01-31,940.0,941.2,911.4,911.4,1809154.0
2020-02-03,909.6,918.2,904.2,904.2,1984283.0
2020-02-04,908.2,924.8,908.0,912.4,1381123.0
2020-02-05,916.0,934.6,912.0,923.4,1165669.0
2020-02-06,927.2,934.6,918.2,925.0,1017521.0
2020-02-07,927.0,935.4,920.0,935.4,904976.0
2020-02-10,934.4,937.0,919.2,922.0,846016.0
2020-02-11,926.8,932.4,923.0,923.4,955644.0
2020-02-12,926.0,943.0,920.2,938.0,1336279.0
2020-02-13,935.0,936.0,926.0,926.0,621619.0
2020-02-14,929.8,933.2,921.4,928.0,507660.0
2020-02-17,930.0,933.6,922.2,924.6,514272.0
2020-02-18,922.8,924.4,913.2,914.6,834090.0
2020-02-19,917.2,920.4,908.4,914.0,1104028.0
2020-02-20,914.6,927.6,911.4,915.8,1259609.0
2020-02-21,912.8,915.0,908.0,908.0,1180596.0
2020-02-25,899.0,909.6,890.0,890.0,1656071.0
2020-02-26,888.8,896.8,881.0,886.4,1848279.0
2020-02-27,883.2,892.0,865.4,865.4,2320032.0
2020-02-28,848.2,855.6,807.4,814.6,3881413.0
2020-03-02,832.2,846.8,799.4,810.6,2444357.0
2020-03-03,830.0,834.8,817.4,820.4,1955684.0
2020-03-04,818.6,834.6,812.0,827.0,1263704.0
2020-03-05,836.2,839.8,823.4,830.0,1702691.0
2020-03-06,819.0,826.2,792.6,808.6,2150230.0
2020-03-10,772.2,856.6,770.0,829.0,4343401.0
2020-03-11,844.4,848.8,814.4,824.0,2470344.0
2020-03-12,804.0,805.0,771.6,776.8,3265617.0
2020-03-13,775.2,825.0,773.0,809.6,3031011.0
2020-03-16,820.4,827.2,770.0,818.8,2179882.0
2020-03-17,814.2,830.6,777.0,800.4,1918609.0
2020-03-18,780.0,805.0,775.8,780.0,1904615.0
2020-03-19,780.8,820.0,762.0,812.0,2197928.0
2020-03-20,824.8,845.8,800.4,812.6,2195085.0
2020-03-23,790.0,818.0,780.0,793.6,1424507.0
2020-03-24,814.0,849.8,809.4,843.8,1875146.0
2020-03-25,851.2,892.0,828.0,853.4,2297785.0
2020-03-26,849.2,853.0,819.2,848.8,1330661.0
2020-03-27,841.2,847.6,819.0,825.4,1021225.0
2020-03-30,813.8,843.6,807.2,843.6,1003313.0
2020-03-31,848.4,873.0,837.4,866.6,2173260.0
2020-04-01,851.0,863.2,845.0,848.4,1202476.0
2020-04-02,855.2,872.0,838.0,859.6,1166362.0
2020-04-03,859.0,885.0,856.6,882.0,2013651.0
2020-04-06,887.2,898.0,876.6,892.8,1050311.0
2020-04-07,899.8,904.0,882.4,888.0,1638442.0
2020-04-08,884.0,899.2,878.0,899.2,814115.0
2020-04-09,900.2,905.0,885.2,905.0,1320865.0
2020-04-10,903.0,903.0,892.8,900.0,307140.0
2020-04-13,899.0,900.6,881.4,882.2,511902.0
2020-04-14,890.0,901.4,887.8,899.0,953085.0
2020-04-15,895.0,896.0,853.4,861.2,1297541.0
2020-04-16,863.0,882.2,854.0,857.4,1391727.0
2020-04-17,869.4,877.2,862.2,864.6,601314.0
2020-04-20,862.2,880.8,858.6,874.2,995440.0
2020-04-21,871.8,871.8,850.4,866.0,1412422.0
2020-04-22,865.4,879.0,861.2,868.6,1454204.0
2020-04-23,873.6,874.6,860.0,870.0,995733.0
2020-04-24,869.4,870.8,861.0,862.4,998086.0
2020-04-27,866.8,874.8,863.2,869.0,890310.0
2020-04-28,869.0,886.0,864.2,870.0,1260038.0
2020-04-29,875.8,890.8,870.6,875.6,1196939.0
2020-04-30,880.0,892.4,870.4,889.6,1425158.0
2020-05-04,881.0,881.2,866.0,871.0,878775.0
2020-05-05,876.2,880.8,870.4,873.2,540599.0
2020-05-06,877.2,883.4,870.0,870.6,817592.0
2020-05-07,872.8,881.6,869.2,869.2,1105964.0
2020-05-08,872.8,873.8,866.6,871.4,516150.0
2020-05-12,863.0,867.6,853.4,853.4,1364184.0
2020-05-13,852.0,853.6,838.0,838.0,989968.0
2020-05-14,837.8,841.0,818.4,823.4,1567504.0
2020-05-15,828.6,842.6,824.2,824.2,1153729.0
2020-05-18,831.6,861.0,831.4,861.0,1124552.0
2020-05-19,861.4,868.4,855.0,862.4,1003017.0
2020-05-20,861.2,885.2,855.0,884.4,1121892.0
2020-05-21,884.4,895.8,862.0,863.6,1392091.0
2020-05-22,857.2,875.0,854.2,872.0,1177229.0
2020-05-25,874.0,909.0,873.0,908.0,1508252.0
2020-05-26,909.4,923.0,905.0,905.0,1991582.0
2020-05-27,911.8,923.0,906.4,919.4,1229239.0
2020-05-28,922.2,940.0,915.4,940.0,1340639.0
2020-05-29,937.0,940.0,922.4,934.6,1983073.0
2020-06-01,940.2,946.2,928.0,939.0,963071.0
2020-06-02,938.4,948.0,937.4,945.0,988334.0
2020-06-03,950.6,954.6,941.6,954.6,1458229.0
2020-06-04,950.8,953.2,934.4,940.6,1156830.0
2020-06-05,945.4,951.8,942.4,949.0,696456.0
2020-06-08,952.2,956.6,944.0,944.0,1138314.0
2020-06-09,946.6,954.0,938.0,948.0,1287544.0
2020-06-10,949.0,952.8,942.6,950.4,1205084.0
2020-06-11,944.8,950.0,936.2,939.0,2364992.0
2020-06-15,885.2,892.4,876.4,879.2,2116874.0
2020-06-16,884.8,897.0,880.0,880.0,1490933.0
2020-06-17,884.2,889.2,876.6,883.6,1300048.0
2020-06-18,884.4,884.8,869.2,874.4,1384889.0
2020-06-19,879.4,882.6,871.6,872.2,1807317.0
2020-06-22,873.2,874.0,862.2,870.6,1162560.0
2020-06-23,870.4,878.0,868.0,872.0,753352.0
2020-06-25,866.0,867.4,856.4,861.4,1224858.0
2020-06-26,863.4,864.8,847.2,851.6,1321799.0
2020-06-29,850.0,855.0,841.0,854.8,871282.0
2020-06-30,855.4,870.8,852.6,864.0,1291231.0
2020-07-02,868.0,874.8,863.6,869.0,653764.0
2020-07-03,868.6,887.8,866.0,884.2,896375.0
2020-07-06,892.0,906.0,890.2,901.0,1599608.0
2020-07-07,902.4,903.6,881.4,892.2,869804.0
2020-07-08,892.2,897.4,886.0,894.0,499286.0
2020-07-09,894.0,896.8,867.8,876.2,1012496.0
2020-07-10,868.2,882.4,866.8,880.2,615531.0
2020-07-13,883.0,889.0,870.6,872.8,571640.0
2020-07-14,875.0,879.2,862.4,876.0,896282.0
2020-07-15,880.0,891.0,875.4,883.8,839250.0
2020-07-16,877.6,884.6,874.0,879.8,644067.0
2020-07-17,880.2,884.0,875.4,878.2,427054.0
2020-07-20,878.6,887.6,874.0,887.6,750426.0
2020-07-21,890.4,902.4,890.4,894.2,1074955.0
2020-07-22,896.0,899.6,886.6,896.6,886166.0
2020-07-23,899.8,901.6,889.0,889.6,896868.0
2020-07-24,889.6,897.0,885.2,894.2,611121.0
2020-07-27,894.8,912.6,893.8,909.6,897730.0
2020-07-28,912.2,925.2,911.6,919.2,1171952.0
2020-07-29,921.8,928.6,915.6,925.4,869730.0
2020-07-30,925.4,925.6,896.0,908.4,1280365.0
2020-07-31,911.4,920.0,904.0,912.6,990108.0
2020-08-03,913.0,920.0,910.0,916.8,672093.0
2020-08-04,920.6,935.0,918.0,934.6,1192097.0
2020-08-05,935.0,942.0,929.4,940.6,1144306.0
2020-08-06,941.0,946.0,933.6,939.8,706132.0
2020-08-07,937.6,940.0,912.4,924.8,1189821.0
2020-08-10,926.0,934.0,925.2,933.2,629321.0
2020-08-11,934.2,952.0,933.2,944.4,1728589.0
2020-08-12,942.2,978.0,941.8,973.6,1697250.0
2020-08-13,974.0,976.6,962.8,970.0,1112247.0
2020-08-14,972.0,974.0,956.2,965.6,795978.0
2020-08-17,969.8,974.0,957.2,968.4,794395.0
2020-08-18,965.8,971.0,959.4,960.8,936158.0
2020-08-19,962.8,974.0,956.6,966.0,745336.0
2020-08-20,963.6,968.4,951.8,957.8,827481.0
2020-08-21,959.0,963.8,946.6,960.2,763812.0
2020-08-24,964.6,969.0,961.2,962.6,522567.0
2020-08-25,966.6,968.8,955.8,962.8,721601.0
2020-08-26,963.8,965.0,956.2,962.4,637743.0
2020-08-27,962.8,964.8,948.6,952.2,789027.0
2020-08-28,953.0,953.4,941.0,943.6,550327.0
2020-08-31,945.2,952.2,929.2,931.0,1371331.0
2020-09-01,932.2,947.6,919.6,946.4,1332080.0
2020-09-02,948.0,959.4,941.0,951.0,1350493.0
2020-09-03,950.0,957.0,942.0,943.6,1128040.0
2020-09-04,942.6,949.2,932.4,947.4,1252639.0
2020-09-07,931.0,933.0,925.6,929.6,918542.0
2020-09-08,930.0,936.8,926.0,928.6,1360621.0
2020-09-09,928.0,947.4,927.0,943.6,1605023.0
2020-09-10,947.2,975.2,939.8,966.0,2036823.0
2020-09-11,970.4,973.0,964.2,968.0,1030285.0
2020-09-14,974.0,990.4,971.0,987.4,1159500.0
2020-09-15,989.0,998.0,986.0,997.0,1319990.0
2020-09-16,996.6,998.2,977.0,987.2,1288269.0
2020-09-17,983.4,994.6,980.8,989.8,783658.0
2020-09-18,991.6,991.8,973.4,976.0,1056283.0
2020-09-21,976.8,978.2,960.0,972.2,949898.0
2020-09-22,968.0,981.6,966.6,976.2,878781.0
2020-09-23,978.8,983.6,967.2,968.0,1261875.0
2020-09-24,974.8,979.0,962.2,975.0,797243.0
2020-09-25,973.8,987.0,967.8,984.6,701011.0
2020-09-28,986.6,995.2,975.6,983.0,883041.0
2020-09-29,984.0,1013.8,981.2,1008.0,1686499.0
2020-09-30,1009.0,1010.6,988.4,992.0,851431.0
2020-10-01,997.8,1003.4,986.8,996.6,581394.0
2020-10-02,993.6,1005.6,988.0,1001.6,515976.0
2020-10-05,1003.8,1012.0,997.6,1005.4,866938.0
2020-10-06,1007.0,1008.2,992.4,998.8,743660.0
2020-10-07,997.8,1003.6,990.2,994.8,784561.0
2020-10-08,993.2,1007.8,993.2,1000.2,705195.0
2020-10-09,1001.2,1007.0,995.4,999.6,458045.0
2020-10-12,1001.0,1012.0,998.2,1010.0,572656.0
2020-10-13,1008.4,1016.2,989.2,993.0,731334.0
2020-10-14,992.0,1007.6,985.6,1005.0,671787.0
2020-10-15,1004.4,1006.4,997.0,1001.8,551141.0
2020-10-16,1001.8,1006.8,992.6,995.2,609104.0
2020-10-19,999.6,1000.8,982.0,988.0,459247.0
2020-10-20,988.6,1008.8,988.0,1005.8,655765.0
2020-10-21,1007.8,1017.6,1002.0,1009.2,659366.0
2020-10-22,1015.4,1062.6,1014.8,1061.8,2209290.0
2020-10-23,1061.4,1070.0,1052.2,1067.0,1061337.0
2020-10-26,1063.8,1071.6,1042.0,1063.0,765897.0
2020-10-27,1065.0,1081.0,1059.6,1062.8,1352289.0
2020-10-28,1059.0,1061.0,1035.0,1040.2,1446906.0
2020-10-29,1045.0,1060.8,1039.0,1056.0,896040.0
2020-10-30,1050.6,1092.2,1038.0,1085.0,1484791.0
2020-11-02,1085.2,1099.8,1067.0,1093.0,925372.0
2020-11-03,1099.8,1113.8,1087.4,1107.2,930179.0
2020-11-05,1117.0,1124.8,1066.8,1081.0,2471273.0
2020-11-06,1075.0,1095.6,1065.4,1090.8,1302384.0
2020-11-09,1096.6,1106.8,1083.0,1098.0,1585653.0
2020-11-10,1095.2,1099.0,1081.6,1093.2,1247610.0
2020-11-11,1093.0,1102.6,1087.6,1096.4,1032650.0
2020-11-12,1095.4,1104.8,1082.6,1091.4,1209917.0
2020-11-13,1092.8,1110.0,1085.0,1109.0,971925.0
2020-11-16,1114.6,1134.8,1111.4,1132.0,1312000.0
2020-11-17,1132.6,1134.0,1106.0,1116.2,1217496.0
2020-11-18,1115.4,1124.0,1107.4,1117.8,888472.0
2020-11-19,1117.0,1121.4,1095.4,1105.4,799518.0
2020-11-20,1097.2,1108.0,1096.2,1107.2,410579.0
2020-11-23,1108.0,1122.8,1107.6,1115.0,840379.0
2020-11-24,1117.6,1144.8,1115.4,1139.0,1238573.0
2020-11-25,1139.8,1143.0,1121.0,1128.0,1327694.0
2020-11-26,1126.0,1149.2,1123.6,1147.2,1194084.0
2020-11-27,1148.8,1154.8,1132.8,1147.2,1053257.0
2020-11-30,1146.0,1149.0,1119.6,1131.8,2249601.0
2020-12-01,1136.2,1146.8,1128.8,1144.0,974144.0
2020-12-02,1145.0,1170.2,1142.0,1159.4,1687704.0
2020-12-03,1164.4,1164.4,1135.2,1146.6,1488709.0
2020-12-04,1155.2,1190.4,1151.8,1188.8,2285944.0
2020-12-07,1151.0,1184.0,1148.8,1163.0,3184372.0
2020-12-08,1162.0,1210.0,1147.8,1165.8,3030248.0
2020-12-09,1166.0,1185.8,1165.0,1170.2,1320949.0
2020-12-10,1172.4,1209.0,1172.4,1204.0,1562004.0
2020-12-11,1201.6,1239.2,1200.2,1224.6,1686990.0
2020-12-14,1235.0,1294.0,1203.4,1268.6,4105408.0
2020-12-15,1271.6,1289.6,1251.4,1267.0,1461939.0
2020-12-16,1265.0,1283.0,1244.2,1269.0,1418415.0
2020-12-17,1275.6,1279.4,1241.8,1251.0,1566343.0
2020-12-18,1244.0,1278.4,1217.4,1263.6,1859147.0
2020-12-21,1254.0,1278.0,1218.6,1252.0,1903975.0
2020-12-22,1247.6,1295.6,1244.0,1286.2,1299332.0
2020-12-23,1292.0,1302.4,1280.0,1298.0,856907.0
2020-12-24,1296.0,1327.4,1289.4,1321.2,891391.0
2020-12-25,1326.0,1378.6,1324.6,1363.4,1327749.0
2020-12-28,1356.4,1378.2,1345.6,1374.4,1325103.0
2020-12-29,1375.2,1392.6,1310.2,1337.8,2332775.0
2020-12-30,1335.2,1349.4,1312.2,1323.2,1387797.0
2021-01-04,1324.0,1364.0,1324.0,1343.2,998976.0
2021-01-05,1343.0,1344.6,1298.6,1334.2,2043498.0
2021-01-06,1334.0,1340.6,1317.8,1326.4,840253.0
2021-01-08,1333.8,1384.8,1332.8,1369.2,1689940.0
2021-01-11,1372.0,1384.6,1324.4,1351.2,1416983.0
2021-01-12,1346.0,1361.6,1318.0,1332.8,1343201.0
2021-01-13,1332.0,1343.8,1303.0,1315.6,1473158.0
2021-01-14,1306.0,1382.8,1286.6,1367.6,2844321.0
2021-01-15,1366.0,1394.4,1340.4,1344.8,1742218.0
2021-01-18,1350.2,1361.4,1313.0,1347.8,1698688.0
2021-01-19,1358.4,1365.2,1335.2,1340.4,998178.0
2021-01-20,1342.0,1352.6,1333.0,1340.0,1047963.0
2021-01-21,1346.0,1354.0,1323.6,1344.4,1320830.0
2021-01-22,1336.0,1341.8,1304.0,1320.4,1545744.0
2021-01-25,1328.0,1337.0,1290.8,1313.0,1655733.0
2021-01-26,1309.0,1327.2,1295.0,1316.2,928681.0
2021-01-27,1322.0,1333.4,1273.2,1280.6,2019199.0
2021-01-28,1274.2,1288.8,1263.2,1279.6,1423121.0
2021-01-29,1274.6,1281.8,1252.6,1262.8,1901456.0
2021-02-01,1271.0,1285.0,1263.8,1278.4,1246941.0
2021-02-02,1287.6,1299.4,1280.2,1287.0,1069571.0
2021-02-03,1292.0,1298.6,1272.8,1284.0,822119.0
2021-02-04,1287.4,1313.0,1283.6,1299.6,1785905.0
2021-02-05,1303.2,1308.0,1277.0,1287.0,1157717.0
2021-02-08,1288.8,1306.4,1285.0,1296.4,1296698.0
2021-02-09,1301.2,1304.0,1281.6,1287.6,785471.0
2021-02-10,1288.8,1295.6,1275.0,1283.0,823336.0
2021-02-11,1280.8,1284.8,1273.4,1277.2,527035.0
2021-02-12,1279.0,1289.8,1247.6,1287.2,982422.0
2021-02-15,1289.4,1299.2,1277.0,1287.8,873098.0
2021-02-16,1290.0,1303.0,1280.4,1301.0,940494.0
2021-02-17,1301.0,1305.0,1286.0,1293.0,945778.0
2021-02-18,1291.8,1294.6,1275.0,1280.8,961897.0
2021-02-19,1280.4,1319.4,1271.0,1308.4,984455.0
2021-02-20,1311.8,1320.0,1299.0,1311.8,234784.0
2021-02-22,1315.4,1345.6,1303.8,1334.6,1558182.0
2021-02-24,1324.4,1330.0,1292.4,1304.4,1286159.0
2021-02-25,1306.6,1363.4,1305.8,1341.0,2354570.0
2021-02-26,1332.0,1368.2,1325.8,1343.6,2503752.0
2021-03-01,1350.2,1374.4,1328.6,1366.8,1241197.0
2021-03-02,1364.6,1380.0,1351.2,1360.0,1110476.0
2021-03-03,1360.0,1381.0,1360.0,1375.4,1508581.0
2021-03-04,1377.4,1380.2,1327.2,1333.0,1373913.0
2021-03-05,1340.2,1341.2,1321.6,1339.0,1103678.0
2021-03-09,1345.0,1350.6,1286.6,1315.6,2106091.0
2021-03-10,1310.0,1340.0,1301.4,1334.4,1422936.0
2021-03-11,1344.6,1366.8,1339.8,1361.0,1271887.0
2021-03-12,1368.8,1414.4,1350.0,1408.0,1892421.0
2021-03-15,1400.0,1450.8,1398.0,1436.2,1684398.0
2021-03-16,1442.2,1445.6,1410.0,1435.2,1275397.0
2021-03-17,1435.0,1440.6,1414.4,1417.0,1061568.0
2021-03-18,1420.6,1440.6,1406.2,1411.4,999551.0
2021-03-19,1417.2,1441.8,1407.2,1422.6,1889955.0
2021-03-22,1422.8,1423.8,1403.6,1411.8,743065.0
2021-03-23,1411.8,1415.0,1371.6,1378.6,1320647.0
2021-03-24,1385.0,1413.6,1362.4,1397.6,1128098.0
2021-03-25,1403.2,1420.6,1375.0,1396.6,1882845.0
2021-03-26,1399.4,1429.0,1398.2,1426.2,1754671.0
2021-03-29,1422.4,1451.8,1413.2,1441.2,2359038.0
2021-03-30,1452.4,1486.2,1450.0,1480.6,1564842.0
2021-03-31,1481.4,1553.2,1477.2,1534.6,2298129.0
2021-04-01,1541.0,1560.0,1492.4,1509.2,2177797.0
2021-04-02,1509.2,1531.4,1503.0,1528.2,537746.0
2021-04-05,1529.0,1529.8,1497.2,1507.8,767701.0
2021-04-06,1511.2,1527.8,1493.0,1503.0,1478043.0
2021-04-07,1489.8,1533.0,1467.2,1521.8,2234334.0
2021-04-08,1535.0,1556.2,1521.2,1553.0,1260200.0
2021-04-09,1555.0,1558.0,1525.2,1537.8,830945.0
2021-04-12,1536.8,1610.0,1530.8,1607.8,1593672.0
2021-04-13,1609.0,1650.0,1605.0,1632.2,2216428.0
2021-04-14,1642.0,1647.6,1596.8,1611.8,1327801.0
2021-04-15,1600.0,1671.0,1592.6,1668.6,1404608.0
2021-04-16,1677.8,1769.4,1671.2,1768.8,2482071.0
2021-04-19,1774.8,1819.0,1722.0,1735.6,3575939.0
2021-04-20,1745.0,1776.0,1731.4,1749.0,1773488.0
2021-04-21,1758.4,1828.6,1752.2,1827.8,2570304.0
2021-04-22,1830.2,1911.2,1802.4,1874.8,3602442.0
2021-04-23,1871.6,1889.6,1852.8,1881.2,1632724.0
2021-04-26,1877.6,1905.0,1855.0,1876.0,2059369.0
2021-04-27,1875.0,1877.6,1779.6,1811.8,3731529.0
2021-04-28,1805.4,1836.8,1769.0,1795.2,2220670.0
2021-04-29,1803.2,1817.2,1787.4,1811.6,801571.0
2021-04-30,1807.6,1809.8,1757.6,1774.0,1458512.0
2021-05-04,1777.4,1792.4,1730.2,1757.8,1663216.0
2021-05-05,1757.8,1760.0,1700.4,1752.2,1967127.0
2021-05-06,1757.4,1769.4,1722.6,1760.0,1768284.0
2021-05-07,1760.0,1837.0,1759.4,1835.6,2387306.0
2021-05-10,1836.6,1864.0,1822.0,1831.2,1299880.0
2021-05-11,1826.2,1845.6,1803.6,1827.8,1163650.0
2021-05-12,1826.0,1847.0,1813.8,1819.2,856937.0
2021-05-13,1827.0,1827.2,1764.2,1789.0,1774338.0
2021-05-14,1780.0,1789.8,1751.2,1780.0,1156133.0
2021-05-17,1779.8,1791.8,1753.0,1772.8,754459.0
2021-05-18,1780.6,1815.8,1762.2,1783.8,1719032.0
2021-05-19,1783.8,1787.8,1752.8,1767.8,1471181.0
2021-05-20,1766.4,1824.6,1762.0,1813.0,1944737.0
2021-05-21,1822.0,1822.0,1770.2,1783.4,1342248.0
2021-05-24,1779.2,1787.2,1765.6,1784.0,664931.0
2021-05-25,1780.2,1800.0,1768.6,1789.0,876530.0
2021-05-26,1786.0,1796.0,1731.4,1754.4,2055755.0
2021-05-27,1755.2,1778.6,1734.4,1756.2,2544566.0
2021-05-28,1751.6,1775.0,1739.0,1758.2,2276903.0
2021-05-31,1680.0,1696.8,1652.0,1686.0,2214874.0
2021-06-01,1686.0,1697.6,1675.8,1695.2,1344898.0
2021-06-02,1700.8,1705.0,1662.6,1681.6,1642169.0
2021-06-03,1683.2,1692.6,1654.4,1663.6,1539780.0
2021-06-04,1662.8,1671.0,1605.2,1646.6,2115831.0
2021-06-07,1645.0,1689.2,1628.6,1685.4,1303367.0
2021-06-08,1685.0,1704.2,1643.0,1658.8,1890743.0
2021-06-09,1659.0,1661.6,1634.0,1655.0,1258292.0
2021-06-10,1653.2,1700.0,1645.8,1691.0,2212388.0
2021-06-11,1693.0,1750.8,1685.0,1733.8,2247600.0
2021-06-14,1735.0,1758.0,1708.6,1721.2,1038351.0
2021-06-15,1715.0,1727.8,1690.0,1695.0,1325055.0
2021-06-16,1692.6,1694.2,1660.2,1661.4,1341147.0
2021-06-17,1659.6,1665.6,1627.6,1636.6,1780981.0
2021-06-18,1632.2,1643.2,1603.0,1620.0,2144177.0
2021-06-21,1617.4,1619.8,1578.8,1613.0,2337464.0
2021-06-22,1617.0,1624.8,1586.0,1603.0,1098646.0
2021-06-23,1603.0,1617.2,1591.8,1600.6,894911.0
2021-06-24,1599.8,1616.2,1484.2,1581.6,5658596.0
2021-06-25,1573.2,1592.6,1535.4,1566.2,3646632.0
2021-06-28,1566.0,1597.8,1551.6,1571.4,1919156.0
2021-06-29,1574.4,1578.0,1531.2,1540.6,1263262.0
2021-06-30,1543.8,1579.6,1530.0,1577.4,1584736.0
2021-07-01,1577.0,1593.4,1556.2,1570.0,1012469.0
2021-07-02,1566.0,1587.0,1561.4,1574.0,691252.0
2021-07-05,1570.0,1573.8,1546.6,1555.0,990258.0
2021-07-06,1559.2,1561.4,1511.0,1528.2,1246662.0
2021-07-07,1534.0,1590.0,1531.6,1590.0,1464534.0
2021-07-08,1591.8,1620.8,1552.2,1561.0,1684613.0
2021-07-09,1559.4,1629.4,1556.2,1624.8,1874490.0
2021-07-12,1628.0,1640.4,1604.0,1631.8,1333609.0
2021-07-13,1630.0,1676.4,1620.8,1671.0,2034712.0
2021-07-14,1671.6,1690.0,1646.0,1652.4,1640404.0
2021-07-15,1657.0,1684.2,1646.4,1680.2,1471130.0
2021-07-16,1704.0,1718.2,1642.6,1663.6,2587061.0
2021-07-19,1661.6,1677.8,1642.8,1673.6,1667197.0
2021-07-20,1676.0,1724.0,1675.8,1716.6,2815652.0
2021-07-21,1720.0,1729.8,1704.2,1711.8,1497989.0
2021-07-22,1717.0,1741.8,1710.6,1739.0,1569967.0
2021-07-23,1738.8,1753.0,1727.6,1741.6,985182.0
2021-07-26,1729.8,1749.2,1714.0,1748.6,1024300.0
2021-07-27,1749.0,1789.0,1742.8,1783.2,1939405.0
2021-07-28,1787.4,1804.0,1770.2,1788.0,1165760.0
2021-07-29,1797.0,1810.4,1775.6,1795.4,1289326.0
2021-07-30,1796.2,1808.0,1776.2,1799.4,2527236.0
2021-08-02,1799.8,1814.8,1781.6,1786.0,1034221.0
2021-08-03,1785.0,1795.0,1776.4,1792.8,757670.0
2021-08-04,1792.8,1806.0,1782.2,1789.6,755126.0
2021-08-05,1797.0,1799.0,1783.0,1796.8,801745.0
2021-08-06,1800.6,1803.6,1756.2,1759.8,1178230.0
2021-08-09,1756.6,1757.4,1726.8,1736.0,1695593.0
2021-08-10,1747.0,1777.6,1734.8,1775.0,1291016.0
2021-08-11,1777.2,1788.2,1761.0,1767.4,764198.0
2021-08-12,1767.0,1768.4,1737.4,1744.2,876320.0
2021-08-13,1744.0,1755.0,1729.0,1747.8,648750.0
2021-08-16,1745.0,1774.2,1742.8,1761.2,759290.0
2021-08-17,1751.0,1759.8,1738.6,1743.2,1154972.0
2021-08-18,1744.2,1751.2,1699.0,1707.2,1365204.0
2021-08-19,1693.4,1699.0,1660.4,1683.8,1691602.0
2021-08-20,1689.0,1698.4,1653.8,1669.0,1081873.0
2021-08-23,1674.6,1695.0,1663.2,1690.2,1072468.0
2021-08-24,1695.6,1705.0,1676.4,1688.6,1430159.0
2021-08-25,1691.0,1716.4,1683.4,1709.2,1311107.0
2021-08-26,1709.0,1716.4,1695.8,1698.8,1209701.0
2021-08-27,1704.0,1734.4,1692.2,1734.4,1559415.0
2021-08-30,1742.0,1754.0,1734.4,1739.4,1239040.0
2021-08-31,1746.6,1749.2,1713.2,1722.4,2445541.0
2021-09-01,1647.2,1668.8,1622.6,1661.0,2945061.0
2021-09-02,1656.2,1704.0,1643.2,1671.8,2486076.0
2021-09-03,1671.8,1678.2,1634.6,1648.0,2094897.0
2021-09-06,1645.8,1671.2,1640.0,1663.0,950751.0
2021-09-07,1668.0,1673.6,1650.0,1662.0,720053.0
2021-09-08,1668.4,1668.4,1654.6,1657.4,804375.0
2021-09-09,1654.2,1655.8,1612.6,1615.4,1725622.0
2021-09-10,1620.4,1647.0,1606.0,1635.0,1336208.0
2021-09-13,1638.2,1655.2,1623.6,1648.8,1083000.0
2021-09-14,1647.0,1647.4,1615.2,1622.4,1436591.0
2021-09-15,1622.4,1651.2,1598.4,1630.8,2130004.0
2021-09-16,1624.0,1630.0,1606.0,1609.0,1091922.0
2021-09-17,1612.6,1613.0,1563.8,1571.0,1886993.0
2021-09-20,1554.2,1561.0,1505.0,1510.2,2256318.0
2021-09-21,1522.0,1536.4,1496.0,1521.8,2326399.0
2021-09-22,1535.6,1581.0,1521.8,1561.0,1821916.0
2021-09-23,1573.0,1580.0,1536.0,1579.4,1933065.0
2021-09-24,1579.6,1599.8,1543.8,1563.4,1507930.0
2021-09-27,1567.0,1590.0,1557.0,1568.0,985672.0
2021-09-28,1570.0,1571.8,1524.0,1533.2,1164192.0
2021-09-29,1535.0,1554.6,1528.0,1543.2,1147255.0
2021-09-30,1549.8,1550.0,1510.0,1520.0,1378802.0
2021-10-01,1515.2,1515.6,1491.0,1504.8,1794357.0
2021-10-04,1507.8,1507.8,1439.0,1462.4,2209185.0
2021-10-05,1457.2,1485.0,1430.2,1485.0,2451626.0
2021-10-06,1475.4,1549.8,1462.6,1538.0,2431574.0
2021-10-07,1540.2,1575.0,1528.2,1560.0,2254143.0
2021-10-08,1560.0,1609.4,1541.2,1584.2,2288997.0
2021-10-11,1591.0,1604.0,1570.4,1595.6,1348981.0
2021-10-12,1594.8,1599.0,1575.2,1591.4,1239990.0
2021-10-13,1592.8,1605.0,1572.0,1586.6,1464373.0
2021-10-14,1595.0,1605.0,1579.0,1595.6,1268617.0
2021-10-15,1598.2,1599.8,1544.0,1567.6,1866565.0
2021-10-18,1591.0,1640.8,1576.0,1639.6,3624140.0
2021-10-19,1646.2,1664.8,1618.4,1652.2,2545499.0
2021-10-20,1648.0,1650.6,1612.4,1627.8,1635553.0
2021-10-21,1620.0,1655.8,1614.2,1628.0,1717197.0
2021-10-22,1625.2,1641.6,1618.0,1621.0,1251834.0
2021-10-25,1619.2,1644.2,1619.2,1632.2,1141638.0
2021-10-26,1632.0,1654.4,1625.4,1633.4,1473929.0
2021-10-27,1630.8,1638.0,1611.2,1630.0,972787.0
2021-10-28,1629.0,1635.2,1596.0,1619.4,1947452.0
2021-10-29,1616.0,1624.6,1609.6,1614.2,1062706.0
2021-11-01,1615.0,1664.0,1605.6,1662.4,1194804.0
2021-11-02,1659.8,1665.0,1639.0,1647.4,975561.0
2021-11-03,1644.2,1657.0,1635.2,1651.0,703410.0
2021-11-05,1651.0,1657.0,1617.0,1632.2,993593.0
2021-11-08,1633.0,1672.0,1633.0,1665.8,1091971.0
2021-11-09,1663.0,1694.6,1655.0,1674.6,1216063.0
2021-11-10,1678.2,1682.0,1623.0,1641.0,1223567.0
2021-11-11,1644.8,1680.0,1632.0,1666.0,1090196.0
2021-11-12,1662.0,1679.0,1645.2,1676.4,1256993.0
2021-11-15,1672.4,1690.8,1665.0,1667.4,893562.0
2021-11-16,1674.0,1676.6,1662.0,1669.4,707820.0
2021-11-17,1672.8,1683.8,1668.0,1671.4,689549.0
2021-11-18,1671.4,1709.4,1668.2,1695.0,1266467.0
2021-11-19,1701.0,1708.0,1655.6,1673.8,1141277.0
2021-11-22,1670.6,1673.0,1621.0,1663.6,1555028.0
2021-11-23,1652.4,1677.0,1627.4,1667.8,1969452.0
2021-11-24,1672.0,1676.4,1650.2,1655.2,881966.0
2021-11-25,1652.4,1666.0,1650.0,1656.2,438487.0
2021-11-26,1647.2,1647.2,1590.0,1592.4,1264224.0
2021-11-29,1607.2,1638.0,1602.0,1621.2,804901.0
2021-11-30,1607.6,1616.8,1547.6,1564.6,3056708.0
2021-12-01,1566.8,1594.6,1554.6,1563.0,1401427.0
2021-12-02,1567.0,1588.8,1557.2,1587.4,1133707.0
2021-12-03,1598.6,1612.2,1556.6,1570.2,1213309.0
2021-12-06,1575.0,1585.8,1537.2,1556.0,1059856.0
2021-12-07,1555.0,1608.4,1551.2,1603.4,1386201.0
2021-12-08,1604.0,1630.2,1579.8,1595.6,1694182.0
2021-12-09,1595.6,1604.8,1572.2,1589.8,1525109.0
2021-12-10,1596.4,1604.2,1583.2,1595.6,2066338.0
2021-12-13,1516.8,1523.8,1482.2,1482.8,2111840.0
2021-12-14,1491.0,1494.8,1321.2,1466.2,2347206.0
2021-12-15,1461.2,1478.4,1424.6,1452.2,1674828.0
2021-12-16,1455.0,1518.4,1450.0,1507.0,1578408.0
2021-12-17,1500.0,1511.6,1480.2,1502.8,1104703.0
2021-12-20,1499.0,1522.0,1476.4,1512.0,1041385.0
2021-12-21,1516.2,1547.0,1510.2,1545.4,1061298.0
2021-12-22,1548.0,1570.0,1526.0,1561.0,884171.0
2021-12-23,1561.8,1579.0,1553.8,1561.0,936094.0
2021-12-24,1560.0,1580.0,1550.4,1578.0,462754.0
2021-12-27,1577.2,1599.6,1573.2,1588.6,560656.0
2021-12-28,1589.6,1595.8,1570.2,1587.6,1334018.0
2021-12-29,1587.6,1594.0,1556.8,1570.4,1046963.0
2021-12-30,1564.4,1606.6,1557.2,1604.2,862964.0
2022-01-03,1604.0,1621.0,1594.0,1619.8,455377.0
2022-01-04,1621.0,1625.6,1598.0,1603.4,515469.0
2022-01-05,1603.4,1617.4,1562.6,1575.2,754965.0
2022-01-06,1569.2,1610.4,1562.2,1584.0,562477.0
2022-01-10,1580.0,1600.0,1540.2,1554.6,941251.0
2022-01-11,1560.0,1594.4,1545.0,1572.4,1001302.0
2022-01-12,1576.2,1593.0,1562.0,1591.2,840066.0
2022-01-13,1586.2,1595.8,1534.4,1570.4,1300033.0
2022-01-14,1564.2,1580.0,1499.0,1551.8,1672765.0
2022-01-17,1544.0,1568.8,1493.4,1514.8,1146509.0
2022-01-18,1520.4,1521.8,1416.4,1460.4,2301224.0
2022-01-19,1472.2,1496.8,1416.0,1480.6,3719302.0
2022-01-20,1494.6,1524.8,1471.0,1482.8,1520779.0
2022-01-21,1486.8,1510.0,1465.2,1480.0,1484863.0
2022-01-24,1481.2,1492.6,1367.4,1416.0,2263509.0
2022-01-25,1400.0,1434.0,1374.0,1423.8,1784774.0
2022-01-26,1426.2,1467.8,1400.4,1428.0,1725894.0
2022-01-27,1428.0,1485.8,1405.8,1467.6,2147535.0
2022-01-28,1474.0,1496.0,1451.2,1475.6,1276497.0
2022-01-31,1475.0,1520.0,1471.6,1511.0,1264573.0
2022-02-01,1510.0,1544.0,1491.0,1540.0,1266816.0
2022-02-02,1539.2,1581.0,1530.0,1567.8,1421095.0
2022-02-03,1568.0,1571.8,1540.0,1558.4,1038326.0
2022-02-04,1562.0,1591.6,1545.0,1560.6,1391754.0
2022-02-07,1562.6,1582.0,1550.0,1559.0,1199648.0
2022-02-08,1558.0,1629.4,1553.0,1627.0,1544303.0
2022-02-09,1628.0,1698.6,1622.4,1675.2,2130449.0
2022-02-10,1680.2,1682.6,1622.8,1649.0,1865420.0
2022-02-11,1640.0,1658.6,1592.0,1599.2,1704493.0
2022-02-14,1592.8,1645.0,1542.8,1619.0,3240754.0
2022-02-15,1622.0,1669.8,1616.0,1651.0,1374997.0
2022-02-16,1660.8,1675.2,1634.4,1669.0,1043434.0
2022-02-17,1666.0,1669.0,1597.0,1612.8,2254981.0
2022-02-18,1620.0,1663.8,1600.4,1636.0,2990579.0
2022-02-21,1636.4,1674.8,1382.4,1494.2,5512509.0
2022-02-22,1487.6,1612.0,1430.2,1604.8,4798463.0
2022-02-24,1490.0,1500.0,954.6,1250.0,7239912.0
2022-02-25,1280.0,1432.2,1257.8,1315.0,2056711.0
2022-03-24,1315.0,1439.0,1250.0,1280.0,2583351.0
2022-03-25,1290.6,1340.0,1137.0,1160.4,576177.0
2022-03-28,1159.0,1160.0,1040.0,1053.8,603886.0
2022-03-29,1062.0,1097.0,980.0,1013.8,694549.0
2022-03-30,1002.4,1068.0,1002.4,1058.0,432979.0
2022-03-31,1068.8,1140.0,1066.0,1100.0,1164249.0
2022-04-01,1148.8,1200.0,1111.2,1192.6,1078749.0
2022-04-04,1219.2,1248.0,1163.0,1185.0,849120.0
2022-04-05,1187.0,1208.8,1080.8,1093.0,1029127.0
2022-04-06,1092.8,1095.2,1050.2,1061.8,1124824.0
2022-04-07,1063.2,1085.0,1057.6,1066.0,712618.0
2022-04-08,1082.2,1082.2,1049.0,1067.8,363138.0
2022-04-11,1070.2,1079.0,1015.0,1018.0,649145.0
2022-04-12,1014.0,1046.2,982.0,1035.6,709937.0
2022-04-13,1035.6,1042.2,1001.2,1013.4,335626.0
2022-04-14,1015.2,1019.0,970.4,975.6,374388.0
2022-04-15,974.8,994.6,950.0,971.0,420357.0
2022-04-18,974.0,985.0,957.0,973.6,271061.0
2022-04-19,973.8,1015.6,964.2,1003.4,538938.0
2022-04-20,1004.0,1045.0,986.6,1045.0,709353.0
2022-04-21,1040.6,1064.2,1020.0,1045.0,566487.0
2022-04-22,1045.4,1068.0,995.0,1061.8,405914.0
2022-04-25,1055.2,1058.2,1031.0,1055.0,235604.0
2022-04-26,1044.4,1072.6,1033.4,1069.8,404884.0
2022-04-27,1068.0,1096.6,1060.6,1080.0,341790.0
2022-04-28,1088.0,1097.4,1050.0,1059.8,360646.0
2022-04-29,1052.2,1096.0,1043.0,1095.0,291712.0
2022-05-04,1096.2,1120.0,1074.8,1081.0,300421.0
2022-05-05,1088.8,1103.8,1083.6,1102.0,206691.0
2022-05-06,1098.0,1108.0,1090.0,1108.0,171436.0
2022-05-11,1105.6,1130.0,1104.0,1125.0,304053.0
2022-05-12,1124.4,1134.6,1078.0,1092.6,288995.0
2022-05-13,1099.8,1109.2,1078.0,1082.2,257239.0
2022-05-16,1090.0,1110.0,1084.2,1105.4,283100.0
2022-05-17,1106.0,1120.0,1102.0,1114.0,213536.0
2022-05-18,1119.8,1159.4,1115.0,1144.0,399555.0
2022-05-19,1145.0,1158.8,1125.0,1150.6,282394.0
2022-05-20,1152.2,1152.6,1102.2,1111.6,317514.0
2022-05-23,1117.8,1118.0,1019.0,1051.0,396366.0
2022-05-24,1028.0,1049.6,988.0,1004.0,696909.0
2022-05-25,1008.0,1049.0,1005.6,1046.0,297673.0
2022-05-26,1048.0,1068.0,1025.6,1042.0,398870.0
2022-05-27,1042.4,1059.2,1026.0,1035.0,357596.0
2022-05-30,1030.8,1031.8,989.0,1004.8,479713.0
2022-05-31,1001.0,1001.2,965.0,974.8,404131.0
2022-06-01,963.0,974.6,945.4,962.8,467578.0
2022-06-02,958.8,970.0,807.0,815.8,3701869.0
2022-06-03,811.8,830.0,685.0,711.0,11719344.0
2022-06-06,712.0,735.2,680.2,716.8,4177783.0
2022-06-07,716.8,723.0,694.2,717.4,1696527.0
2022-06-08,718.2,748.4,718.0,731.8,1936505.0
2022-06-09,733.4,739.0,706.4,714.0,955076.0
2022-06-10,714.2,723.8,701.2,721.0,714465.0
2022-06-14,712.0,720.0,704.2,720.0,559877.0
2022-06-15,720.2,733.0,714.2,726.0,557098.0
2022-06-16,726.8,745.0,723.0,741.4,803201.0
2022-06-17,741.4,743.2,724.8,735.0,697115.0
2022-06-20,737.6,775.0,733.0,768.0,1319909.0
2022-06-21,770.0,794.8,753.0,770.6,1509207.0
2022-06-22,765.0,785.8,750.0,785.8,868245.0
2022-06-23,784.0,808.2,774.0,807.0,922066.0
2022-06-24,806.8,837.8,800.0,818.6,1468823.0
2022-06-27,818.8,832.8,811.0,832.6,590027.0
2022-06-28,832.0,843.0,802.8,810.8,634841.0
2022-06-29,805.0,840.0,784.6,840.0,1154293.0
2022-06-30,841.2,849.8,797.0,830.0,1244408.0
2022-07-01,829.2,859.0,810.0,830.0,823225.0
2022-07-04,836.2,848.2,830.0,846.8,439376.0
2022-07-05,847.8,848.0,802.0,832.0,633806.0
2022-07-06,828.4,843.8,820.4,831.2,388913.0
2022-07-07,830.6,830.6,811.0,823.8,345561.0
2022-07-08,822.4,822.6,811.0,821.4,229566.0
2022-07-11,816.2,819.4,800.0,808.6,296618.0
2022-07-12,807.8,808.6,770.6,779.8,541214.0
2022-07-13,779.0,785.0,748.0,756.4,580663.0
2022-07-14,758.4,770.0,738.2,743.6,352742.0
2022-07-15,746.2,749.6,725.0,739.8,562524.0
2022-07-18,739.2,741.0,722.0,722.2,351540.0
2022-07-19,722.6,722.6,706.0,715.0,542350.0
2022-07-20,712.0,721.6,698.6,702.8,811093.0
2022-07-21,698.8,699.0,677.0,683.0,1010169.0
2022-07-22,679.8,689.6,670.4,689.6,686747.0
2022-07-25,688.8,698.6,679.8,695.0,797179.0
2022-07-26,698.6,723.4,697.0,723.0,690803.0
2022-07-27,730.2,753.4,725.4,742.4,1186342.0
2022-07-28,744.0,751.6,712.8,720.0,1120901.0
2022-07-29,715.4,735.8,707.6,733.8,650505.0
2022-08-01,736.6,754.6,732.0,732.0,1058769.0
2022-08-02,730.6,740.0,717.2,725.4,582150.0
2022-08-03,723.4,724.6,695.4,696.0,732621.0
2022-08-04,696.0,703.0,686.6,698.4,419650.0
2022-08-05,704.0,718.8,680.0,680.0,666305.0
2022-08-08,703.0,713.2,683.6,683.6,507946.0
2022-08-09,685.4,707.6,672.0,707.6,685461.0
2022-08-10,707.8,708.6,695.2,698.0,424273.0
2022-08-11,700.8,714.0,697.0,705.0,578610.0
2022-08-12,701.0,705.6,691.6,700.0,309215.0
2022-08-15,705.2,708.2,695.2,708.2,418276.0
2022-08-16,708.4,714.2,701.0,713.6,611620.0
2022-08-17,715.4,720.8,702.0,702.0,464066.0
2022-08-18,703.0,705.0,696.6,699.4,244733.0
2022-08-19,698.8,704.6,691.6,703.4,310021.0
2022-08-22,704.6,709.4,699.8,708.0,254623.0
2022-08-23,709.8,715.6,706.2,712.0,271417.0
2022-08-24,710.0,714.0,704.0,710.0,276509.0
2022-08-25,710.4,713.8,701.0,705.8,299661.0
2022-08-26,707.0,712.6,704.0,712.6,166546.0
2022-08-29,712.0,739.0,711.0,739.0,756723.0
2022-08-30,740.0,754.8,737.0,743.8,771113.0
2022-08-31,744.2,770.6,740.0,754.8,732563.0
2022-09-01,754.8,755.0,740.4,742.4,434787.0
2022-09-02,744.8,774.4,738.6,774.4,805658.0
2022-09-05,777.4,798.0,765.0,798.0,791313.0
2022-09-06,797.8,805.0,780.0,787.8,1350008.0
2022-09-07,788.0,802.8,783.0,785.0,643879.0
2022-09-08,783.2,787.2,769.2,774.4,544996.0
2022-09-09,780.2,783.0,773.2,782.8,487897.0
2022-09-12,779.8,793.0,777.0,780.0,623614.0
2022-09-13,782.2,783.6,772.2,777.8,440780.0
2022-09-14,777.4,777.4,756.6,769.6,575833.0
2022-09-15,770.8,788.0,761.2,775.2,630010.0
2022-09-16,774.0,784.0,773.0,781.4,388661.0
2022-09-19,782.2,790.6,778.2,782.4,334094.0
2022-09-20,781.6,785.4,714.0,728.6,1262066.0
2022-09-21,688.0,723.8,676.0,700.8,957494.0
2022-09-22,701.2,734.6,701.2,724.2,726964.0
2022-09-23,723.8,724.0,687.2,700.4,816269.0
2022-09-26,693.0,693.0,599.2,606.0,1774520.0
2022-09-27,620.2,633.0,589.0,624.4,848197.0
2022-09-28,622.0,633.8,602.0,616.6,552379.0
2022-09-29,617.6,620.0,571.8,580.8,1013760.0
2022-09-30,583.0,626.4,561.0,622.0,1438605.0
2022-10-03,624.6,646.2,611.2,634.2,815537.0
2022-10-04,639.0,640.6,606.0,610.2,629424.0
2022-10-05,607.0,608.8,575.0,595.0,828991.0
2022-10-06,595.0,604.6,585.4,591.0,403637.0
2022-10-07,590.0,592.4,570.0,572.6,496709.0
2022-10-10,564.2,595.0,560.0,592.6,754867.0
2022-10-11,593.0,606.0,582.8,600.6,890869.0
2022-10-12,604.6,608.0,589.0,596.0,481143.0
2022-10-13,594.2,600.6,587.2,590.6,323644.0
2022-10-14,592.6,616.0,586.0,616.0,1509166.0
2022-10-17,617.8,656.0,611.4,655.4,2170019.0
2022-10-18,656.2,666.6,641.2,644.0,1682747.0
2022-10-19,644.6,656.2,636.8,653.8,1128534.0
2022-10-20,657.8,688.6,656.2,687.0,1268386.0
2022-10-21,685.4,736.8,676.8,732.2,2016476.0
2022-10-24,731.8,743.6,712.6,727.6,1359798.0
2022-10-25,727.6,762.6,723.8,757.2,900581.0
2022-10-26,757.6,784.6,745.4,779.6,1652298.0
2022-10-27,779.2,831.8,772.6,826.4,2398116.0
2022-10-28,826.0,830.2,805.4,816.4,1674947.0
2022-10-31,816.0,819.0,784.4,786.8,1296177.0
2022-11-01,791.8,798.4,775.8,789.2,858984.0
2022-11-02,789.6,789.6,760.2,770.0,578542.0
2022-11-03,770.0,788.6,760.0,782.0,1211233.0
2022-11-07,787.6,830.0,787.4,824.0,1544928.0
2022-11-08,824.4,837.0,807.0,822.4,1100941.0
2022-11-09,814.8,819.8,777.0,785.4,1374215.0
2022-11-10,787.0,805.0,773.6,800.4,1093978.0
2022-11-11,803.6,804.6,785.0,798.8,482320.0
2022-11-14,802.4,806.0,787.0,795.2,645801.0
2022-11-15,798.0,802.0,753.0,773.2,882732.0
2022-11-16,774.0,799.8,771.0,791.6,545808.0
2022-11-17,791.0,796.0,780.8,785.4,343080.0
2022-11-18,783.8,788.4,772.0,788.2,335250.0
2022-11-21,789.0,789.0,770.4,776.2,358048.0
2022-11-22,775.8,793.4,768.4,789.6,579026.0
2022-11-23,794.2,801.8,786.6,798.4,503431.0
2022-11-24,799.2,805.0,788.4,792.0,411127.0
2022-11-25,790.2,793.8,782.6,791.6,240840.0
2022-11-28,783.6,792.8,780.8,791.6,270332.0
2022-11-29,792.4,797.0,790.0,792.6,230079.0
2022-11-30,793.4,794.4,783.2,790.8,328524.0
2022-12-01,790.0,792.6,782.6,784.6,281966.0
2022-12-02,784.4,788.0,773.0,778.0,486982.0
2022-12-05,776.2,787.6,771.0,780.4,348906.0
2022-12-06,781.4,789.8,777.0,784.0,252656.0
2022-12-07,783.0,795.8,778.6,792.2,432844.0
2022-12-08,793.6,803.4,790.0,801.0,715341.0
2022-12-09,801.2,816.0,794.6,805.0,528303.0
2022-12-12,805.6,821.8,800.0,820.6,1022158.0
2022-12-13,821.4,848.8,820.6,841.6,1468675.0
2022-12-14,840.0,845.0,833.2,838.2,610504.0
2022-12-15,837.0,844.8,828.0,839.6,1118953.0
2022-12-16,838.0,858.2,835.8,853.8,803449.0
2022-12-19,855.8,881.8,850.6,875.4,1333167.0
2022-12-20,872.8,892.0,870.2,885.8,1063944.0
2022-12-21,888.8,891.8,864.2,869.0,1482438.0
2022-12-22,870.0,885.0,867.4,882.4,882459.0
2022-12-23,884.4,900.0,874.4,888.6,469422.0
2022-12-26,890.4,899.8,883.6,893.0,643402.0
2022-12-27,893.2,907.8,889.6,907.4,588024.0
2022-12-28,906.8,909.6,882.8,888.8,694207.0
2022-12-29,889.2,896.0,883.0,888.2,327510.0
2022-12-30,894.6,929.6,887.2,904.0,649581.0
2023-01-03,902.4,909.6,892.8,897.6,357573.0
2023-01-04,895.6,900.8,883.0,888.6,369805.0
2023-01-05,886.4,891.4,874.4,882.8,296727.0
2023-01-06,882.6,894.0,878.4,884.4,328016.0
2023-01-09,888.0,892.8,862.0,872.6,835477.0
2023-01-10,871.4,871.8,860.0,863.6,403248.0
2023-01-11,865.0,879.8,862.0,879.8,422196.0
2023-01-12,880.0,885.0,869.8,880.4,414864.0
2023-01-13,880.4,893.6,875.2,890.4,330101.0
2023-01-16,891.0,927.8,891.0,922.0,784229.0
2023-01-17,922.2,927.8,902.0,903.8,663272.0
2023-01-18,905.4,923.4,898.0,910.8,506412.0
2023-01-19,906.8,910.6,891.4,894.2,381346.0
2023-01-20,893.2,904.0,881.0,887.8,574128.0
2023-01-23,886.8,893.8,882.2,892.0,332704.0
2023-01-24,893.8,898.0,872.0,875.2,442449.0
2023-01-25,871.2,879.2,868.2,875.2,443045.0
2023-01-26,876.0,883.8,871.4,881.4,305509.0
2023-01-27,882.8,896.0,878.6,895.4,488868.0
2023-01-30,896.4,917.6,894.0,912.8,687563.0
2023-01-31,913.8,932.0,911.8,929.0,998229.0
2023-02-01,931.2,977.0,925.8,976.6,1659959.0
2023-02-02,981.6,1014.4,960.6,997.2,1842636.0
2023-02-03,995.0,1025.0,981.4,1016.2,1430291.0
2023-02-06,1016.4,1048.0,1006.0,1035.0,1510327.0
2023-02-07,1041.0,1045.0,992.2,1000.0,1742095.0
2023-02-08,999.0,1009.4,981.0,982.2,1355404.0
2023-02-09,980.8,1019.0,971.0,1008.6,1625015.0
2023-02-10,1007.8,1027.0,1000.0,1020.6,892656.0
2023-02-13,1020.6,1038.4,1015.0,1016.0,723197.0
2023-02-14,1017.6,1019.6,991.4,996.0,925750.0
2023-02-15,991.6,998.4,948.4,964.6,1476133.0
2023-02-16,968.0,989.0,956.4,973.8,983750.0
2023-02-17,970.2,988.2,957.4,975.6,620964.0
2023-02-20,979.8,988.6,958.0,985.0,712717.0
2023-02-21,986.0,1018.4,981.0,1012.8,1377751.0
2023-02-22,1012.8,1032.0,1004.0,1025.8,1294414.0
2023-02-24,1025.0,1043.0,1021.6,1041.6,993396.0
2023-02-27,1039.0,1062.0,1030.6,1061.0,1112698.0
2023-02-28,1062.8,1074.8,1050.0,1055.0,1024823.0
2023-03-01,1057.2,1066.2,1047.2,1060.4,645940.0
2023-03-02,1061.0,1072.0,1032.0,1049.0,1093906.0
2023-03-03,1050.0,1065.0,1046.2,1063.4,398851.0
2023-03-06,1067.0,1070.2,1049.2,1053.0,682684.0
2023-03-07,1053.0,1060.0,1045.2,1055.8,518922.0
2023-03-09,1058.8,1064.0,1048.2,1052.6,435396.0
2023-03-10,1047.8,1061.8,1044.6,1052.2,637103.0
2023-03-13,1053.0,1059.6,1033.8,1042.0,722040.0
2023-03-14,1041.0,1044.8,1035.0,1036.0,554369.0
2023-03-15,1035.4,1040.0,1010.8,1019.4,843152.0
2023-03-16,1017.6,1031.8,1002.0,1028.4,855954.0
2023-03-17,1033.2,1039.8,1023.0,1033.6,669819.0
2023-03-20,1036.4,1062.0,1030.0,1060.0,896291.0
2023-03-21,1063.6,1065.0,1034.2,1038.6,616019.0
2023-03-22,1036.4,1053.8,1033.2,1046.8,413965.0
2023-03-23,1046.0,1049.6,1038.0,1039.2,289423.0
2023-03-24,1041.4,1043.0,1028.0,1034.6,359490.0
2023-03-27,1036.0,1042.6,1032.2,1039.8,410187.0
2023-03-28,1041.0,1044.0,1033.0,1038.0,268776.0
2023-03-29,1040.0,1078.4,1035.4,1074.6,1793625.0
2023-03-30,1074.6,1084.8,1058.0,1061.0,1301208.0
2023-03-31,1061.0,1061.0,1041.6,1050.6,753891.0
2023-04-03,1053.0,1058.2,1041.6,1053.0,596813.0
2023-04-04,1054.4,1057.0,1040.0,1044.2,676034.0
2023-04-05,1045.2,1050.0,1036.2,1048.8,785425.0
2023-04-06,1049.0,1054.2,1039.0,1039.4,897243.0
2023-04-07,1039.0,1043.8,1021.0,1033.8,1347075.0
2023-04-10,1033.6,1049.0,1028.2,1038.6,1120216.0
2023-04-11,1038.6,1042.0,1018.0,1023.4,1220988.0
2023-04-12,1021.0,1035.6,1012.6,1026.2,1037923.0
2023-04-13,1027.0,1032.0,1014.8,1021.6,724316.0
2023-04-14,1022.0,1023.8,1015.4,1021.4,447408.0
2023-04-17,1026.2,1039.0,1022.0,1038.0,990985.0
2023-04-18,1041.0,1056.0,1030.0,1052.2,1368793.0
2023-04-19,1052.8,1067.0,1020.0,1026.8,2675917.0
2023-04-20,1026.0,1027.2,1002.2,1013.6,1634371.0
2023-04-21,1014.0,1021.0,1005.2,1018.8,500043.0
2023-04-24,1019.8,1024.2,1014.2,1016.6,635211.0
2023-04-25,1016.0,1018.0,1006.2,1010.2,500024.0
2023-04-26,1010.4,1014.2,995.0,998.0,680277.0
2023-04-27,999.0,1006.0,986.4,1004.6,916635.0
2023-04-28,1005.6,1007.0,990.2,1002.0,509783.0
2023-05-02,1002.4,1004.0,969.2,972.6,868098.0
2023-05-03,976.0,990.8,950.2,957.4,1551423.0
2023-05-04,959.0,972.6,951.6,963.2,618625.0
2023-05-05,963.4,970.4,953.8,954.6,385886.0
2023-05-08,954.0,964.8,942.6,962.0,361716.0
2023-05-10,965.0,988.8,962.0,987.2,683340.0
2023-05-11,988.2,1004.0,971.8,985.8,1002151.0
2023-05-12,987.6,994.0,976.2,988.0,417567.0
2023-05-15,990.0,1000.0,986.0,995.6,646489.0
2023-05-16,997.8,1009.6,992.4,1008.4,715585.0
2023-05-17,1010.0,1014.6,1002.0,1009.8,527598.0
2023-05-18,1008.0,1013.6,996.0,1003.8,438700.0
2023-05-19,996.6,999.8,982.2,997.0,630334.0
2023-05-22,1000.0,1003.8,984.6,988.6,342655.0
2023-05-23,988.0,1000.6,983.0,996.0,376817.0
2023-05-24,994.0,1000.4,987.0,993.6,334629.0
2023-05-25,994.0,1020.8,990.8,1006.6,1736838.0
2023-05-26,1010.2,1017.8,1000.2,1005.8,519648.0
2023-05-29,1010.8,1027.0,1007.4,1027.0,882439.0
2023-05-30,1021.0,1042.4,1011.6,1025.8,1587305.0
2023-05-31,1022.4,1032.0,1013.0,1024.0,518061.0
2023-06-01,1026.0,1037.0,1020.4,1032.0,554402.0
2023-06-02,1027.8,1040.0,1025.8,1037.8,563830.0
2023-06-05,1041.2,1054.0,1027.2,1031.4,742377.0
2023-06-06,1029.0,1029.0,1008.0,1021.0,799343.0
2023-06-07,1022.6,1033.0,1013.6,1020.6,618955.0
2023-06-08,1020.2,1044.0,1015.0,1040.6,682556.0
2023-06-09,1042.4,1044.4,1030.2,1030.4,275317.0
2023-06-13,1032.4,1053.8,1028.0,1052.4,806058.0
2023-06-14,1055.4,1056.8,1046.4,1049.0,466957.0
2023-06-15,1051.2,1079.6,1047.2,1077.6,1148698.0
2023-06-16,1079.0,1080.0,1064.2,1073.6,445438.0
2023-06-19,1073.4,1158.0,1056.0,1155.0,4720967.0
2023-06-20,1154.6,1160.0,1127.0,1145.0,2354231.0
2023-06-21,1144.2,1188.0,1133.0,1182.0,2272455.0
2023-06-22,1183.0,1199.0,1153.0,1164.8,1875034.0
2023-06-23,1157.0,1205.0,1153.0,1164.6,2906070.0
2023-06-26,1178.2,1197.8,1127.0,1158.2,2637829.0
2023-06-27,1160.8,1196.0,1146.6,1187.8,1963317.0
2023-06-28,1191.0,1199.8,1165.8,1169.0,1038989.0
2023-06-29,1170.0,1176.8,1160.6,1166.8,687716.0
2023-06-30,1166.0,1184.0,1156.2,1174.0,626983.0
2023-07-03,1177.0,1227.4,1174.0,1219.0,2007539.0
2023-07-04,1221.6,1229.0,1197.0,1201.4,1569518.0
2023-07-05,1206.0,1220.0,1203.2,1213.0,799316.0
2023-07-06,1214.8,1219.0,1198.2,1203.8,749310.0
2023-07-07,1206.2,1206.4,1187.8,1199.4,784104.0
2023-07-10,1206.2,1223.4,1200.0,1218.4,663476.0
2023-07-11,1221.8,1227.8,1208.6,1222.8,581123.0
2023-07-12,1224.0,1249.4,1218.0,1244.0,1116811.0
2023-07-13,1244.4,1250.0,1231.8,1238.8,590790.0
2023-07-14,1240.0,1255.0,1233.2,1253.0,661786.0
2023-07-17,1248.2,1280.0,1244.4,1275.0,912057.0
2023-07-18,1276.4,1300.0,1265.2,1287.8,1587382.0
2023-07-19,1291.8,1292.0,1271.2,1277.4,626271.0
2023-07-20,1278.6,1286.0,1258.8,1260.8,782273.0
2023-07-21,1259.2,1275.0,1233.8,1274.2,758884.0
2023-07-24,1275.8,1292.0,1272.0,1286.0,663941.0
2023-07-25,1285.8,1317.4,1284.4,1313.6,933597.0
2023-07-26,1316.6,1319.6,1292.6,1301.4,779354.0
2023-07-27,1303.6,1337.0,1294.0,1328.0,1240072.0
2023-07-28,1327.0,1336.0,1318.2,1334.8,628043.0
2023-07-31,1340.0,1375.0,1333.0,1367.6,968077.0
2023-08-01,1368.4,1383.8,1351.8,1364.6,844103.0
2023-08-02,1364.6,1372.8,1353.2,1364.0,738359.0
2023-08-03,1362.0,1401.0,1354.4,1399.0,1052259.0
2023-08-04,1401.0,1406.6,1323.8,1348.4,1835418.0
2023-08-07,1356.0,1381.8,1316.0,1327.4,1293486.0
2023-08-08,1327.4,1329.8,1291.0,1326.2,1375857.0
2023-08-09,1330.2,1354.4,1322.0,1339.4,1593324.0
2023-08-10,1343.4,1359.0,1330.2,1356.4,1073272.0
2023-08-11,1357.4,1369.8,1340.0,1345.4,970883.0
2023-08-14,1353.0,1358.8,1303.8,1307.8,1458286.0
2023-08-15,1304.6,1334.0,1297.0,1305.6,1022850.0
2023-08-16,1306.8,1314.6,1251.6,1278.0,1438540.0
2023-08-17,1286.8,1298.4,1266.0,1291.0,898159.0
2023-08-18,1286.6,1304.0,1270.6,1302.2,696002.0
2023-08-21,1313.2,1320.0,1294.8,1299.8,1156668.0
2023-08-22,1302.2,1333.0,1287.4,1329.6,1598851.0
2023-08-23,1333.2,1353.0,1290.6,1302.6,2456593.0
2023-08-24,1309.0,1348.8,1306.0,1346.8,1205902.0
2023-08-25,1347.0,1360.0,1330.2,1360.0,989770.0
2023-08-28,1361.8,1395.0,1350.4,1385.4,1344579.0
2023-08-29,1390.0,1404.8,1347.8,1358.6,2371862.0
2023-08-30,1359.8,1399.0,1352.4,1385.0,1369931.0
2023-08-31,1386.6,1429.2,1383.2,1427.4,1683178.0
2023-09-01,1427.2,1439.6,1412.0,1431.6,824118.0
2023-09-04,1438.4,1445.0,1422.8,1432.2,748732.0
2023-09-05,1430.0,1433.4,1400.4,1411.0,881178.0
2023-09-06,1407.0,1407.4,1357.4,1370.0,1975290.0
2023-09-07,1374.0,1385.8,1332.6,1342.0,1577196.0
2023-09-08,1340.0,1349.0,1312.0,1316.6,1082219.0
2023-09-11,1316.4,1322.4,1271.0,1289.0,2185629.0
2023-09-12,1299.2,1328.0,1285.6,1326.6,989479.0
2023-09-13,1323.0,1338.0,1290.2,1295.8,1016366.0
2023-09-14,1299.6,1305.0,1262.2,1293.6,1314695.0
2023-09-15,1296.0,1314.4,1281.0,1311.4,716372.0
2023-09-18,1312.6,1325.8,1286.6,1292.8,820704.0
2023-09-19,1292.8,1299.6,1263.6,1286.8,1233119.0
2023-09-20,1286.0,1314.6,1265.0,1285.2,1163142.0
2023-09-21,1278.4,1293.4,1258.0,1268.8,1437003.0
2023-09-22,1268.0,1344.0,1259.0,1342.0,2427894.0
2023-09-25,1341.4,1350.0,1325.4,1331.8,969716.0
2023-09-26,1329.0,1383.6,1317.0,1370.8,1596280.0
2023-09-27,1374.0,1386.2,1364.0,1378.4,941703.0
2023-09-28,1379.2,1387.8,1354.0,1375.2,918247.0
2023-09-29,1376.6,1381.4,1360.0,1368.4,525906.0
2023-10-02,1370.8,1393.8,1362.0,1390.0,1066561.0
2023-10-03,1392.0,1393.8,1351.0,1358.4,1135099.0
2023-10-04,1356.0,1388.4,1345.0,1370.6,1094622.0
2023-10-05,1370.0,1384.0,1360.0,1372.2,529128.0
2023-10-06,1372.0,1376.2,1353.4,1367.0,678409.0
2023-10-09,1366.8,1380.0,1361.0,1368.4,535831.0
2023-10-10,1368.0,1375.0,1361.8,1374.4,373631.0
2023-10-11,1375.0,1415.6,1355.0,1358.0,1756074.0
2023-10-12,1358.2,1373.4,1352.0,1368.8,931038.0
2023-10-13,1370.4,1380.8,1367.2,1378.2,545365.0
2023-10-16,1379.8,1405.0,1378.8,1403.8,796017.0
2023-10-17,1405.2,1437.8,1398.0,1422.2,988359.0
2023-10-18,1425.0,1432.8,1393.4,1408.6,834561.0
2023-10-19,1408.0,1408.0,1387.6,1396.0,581782.0
2023-10-20,1396.0,1419.0,1368.0,1409.8,1025318.0
2023-10-23,1410.0,1411.6,1391.2,1399.8,670411.0
2023-10-24,1400.4,1406.0,1389.8,1395.2,395521.0
2023-10-25,1395.2,1397.4,1380.0,1387.4,440232.0
2023-10-26,1385.0,1393.2,1368.0,1369.6,471533.0
2023-10-27,1367.0,1378.4,1340.4,1362.8,574172.0
2023-10-30,1363.2,1384.4,1354.2,1372.0,481753.0
2023-10-31,1368.4,1374.0,1347.6,1354.8,469290.0
2023-11-01,1356.6,1364.0,1343.0,1351.0,288165.0
2023-11-02,1350.2,1369.6,1348.6,1359.8,441441.0
2023-11-03,1359.6,1379.4,1341.0,1372.0,506990.0
2023-11-06,1374.0,1399.0,1373.0,1386.2,542057.0
2023-11-07,1385.6,1400.0,1369.0,1391.6,730635.0
2023-11-08,1391.0,1397.4,1370.0,1375.2,662056.0
2023-11-09,1377.4,1377.4,1354.0,1359.2,817650.0
2023-11-10,1359.6,1372.8,1349.0,1366.8,750299.0
2023-11-13,1364.0,1388.4,1352.6,1378.8,488555.0
2023-11-14,1380.0,1380.0,1350.4,1356.8,611144.0
2023-11-15,1354.6,1363.8,1345.0,1360.0,516119.0
2023-11-16,1358.8,1375.8,1344.6,1350.8,560819.0
2023-11-17,1348.4,1358.8,1313.6,1351.0,677743.0
2023-11-20,1351.2,1356.0,1330.2,1332.4,642412.0
2023-11-21,1330.4,1333.2,1315.0,1327.0,953587.0
2023-11-22,1326.0,1351.8,1325.4,1349.8,682715.0
2023-11-23,1352.8,1354.8,1323.2,1330.4,604385.0
2023-11-24,1331.0,1334.2,1308.6,1317.2,738552.0
2023-11-27,1317.0,1317.0,1284.2,1294.2,1028372.0
2023-11-28,1292.8,1315.6,1286.0,1304.2,740464.0
2023-11-29,1302.2,1309.4,1285.2,1297.2,484425.0
2023-11-30,1297.2,1299.6,1266.0,1268.2,789659.0
2023-12-01,1265.0,1278.6,1254.0,1257.0,754256.0
2023-12-04,1257.0,1281.6,1241.8,1274.0,804156.0
2023-12-05,1275.0,1297.0,1263.6,1295.2,770849.0
2023-12-06,1297.8,1303.6,1250.0,1252.0,878170.0
2023-12-07,1252.2,1265.0,1228.2,1245.0,915377.0
2023-12-08,1248.6,1274.8,1244.2,1270.4,715431.0
2023-12-11,1269.0,1289.4,1246.2,1251.0,809633.0
2023-12-12,1250.8,1261.2,1235.2,1240.6,789376.0
2023-12-13,1240.2,1252.8,1234.0,1245.4,555132.0
2023-12-14,1247.8,1250.8,1216.6,1216.6,550608.0
2023-12-15,1216.4,1273.6,1216.4,1273.6,729976.0
2023-12-18,1275.2,1309.0,1273.6,1283.2,965978.0
2023-12-19,1282.4,1313.0,1273.6,1307.2,1103321.0
2023-12-20,1310.8,1336.6,1310.0,1330.0,963391.0
2023-12-21,1327.6,1349.8,1319.6,1336.6,959041.0
2023-12-22,1336.6,1354.8,1327.0,1333.8,798210.0
2023-12-25,1333.8,1345.8,1333.0,1341.2,513803.0
2023-12-26,1343.6,1377.2,1338.0,1375.2,767559.0
2023-12-27,1376.0,1389.4,1375.0,1382.0,646107.0
2023-12-28,1382.6,1414.0,1375.2,1408.0,891068.0
2023-12-29,1408.4,1409.8,1392.0,1407.0,558087.0
2024-01-03,1407.0,1431.6,1403.4,1427.0,456678.0
2024-01-04,1426.8,1435.0,1412.2,1419.4,310630.0
2024-01-05,1418.8,1444.6,1410.2,1442.4,505684.0
2024-01-08,1444.4,1467.8,1441.0,1467.0,756870.0
2024-01-09,1468.6,1469.0,1432.0,1434.6,1006255.0
2024-01-10,1433.8,1448.2,1417.2,1443.2,1081272.0
2024-01-11,1444.4,1555.0,1444.2,1541.2,5633617.0
2024-01-12,1545.4,1573.8,1527.4,1561.4,2285459.0
2024-01-15,1564.8,1575.0,1536.4,1548.2,1366542.0
2024-01-16,1547.0,1554.0,1529.0,1550.2,809396.0
2024-01-17,1550.2,1564.8,1546.4,1560.2,621843.0
2024-01-18,1563.2,1568.8,1537.6,1541.8,1009363.0
2024-01-19,1540.0,1583.8,1525.0,1582.0,1742007.0
2024-01-22,1584.2,1619.6,1577.0,1619.4,1720953.0
2024-01-23,1620.2,1624.8,1586.2,1604.4,1298507.0
2024-01-24,1606.0,1619.6,1595.2,1614.0,950420.0
2024-01-25,1617.0,1623.8,1601.0,1609.0,663814.0
2024-01-26,1609.4,1615.6,1590.4,1602.0,873822.0
2024-01-29,1609.0,1630.6,1592.2,1629.8,1725776.0
2024-01-30,1635.0,1685.0,1631.0,1683.8,2058316.0
2024-01-31,1686.0,1688.8,1647.8,1664.0,1959112.0
2024-02-01,1658.2,1679.8,1650.4,1672.0,1539299.0
2024-02-02,1668.8,1710.0,1625.0,1627.8,7209839.0
2024-02-05,1623.0,1627.0,1604.4,1621.2,1730684.0
2024-02-06,1627.6,1627.6,1597.2,1603.4,1638605.0
2024-02-07,1603.2,1603.4,1590.6,1591.2,1121832.0
2024-02-08,1590.2,1591.0,1556.4,1558.0,1585415.0
2024-02-09,1556.2,1588.8,1555.0,1587.0,1203265.0
2024-02-12,1590.6,1599.8,1567.2,1589.0,1085625.0
2024-02-13,1592.8,1616.8,1589.0,1609.8,1308010.0
2024-02-14,1615.0,1622.0,1605.4,1608.4,662438.0
2024-02-15,1610.0,1618.2,1591.6,1613.2,853572.0
2024-02-16,1615.4,1620.2,1595.4,1603.0,757122.0
2024-02-19,1603.4,1610.6,1597.4,1604.0,424222.0
2024-02-20,1602.0,1603.8,1551.0,1565.4,1077262.0
2024-02-21,1567.0,1579.6,1550.0,1568.2,936264.0
2024-02-22,1570.6,1585.4,1564.0,1581.6,825586.0
2024-02-26,1594.2,1616.4,1594.2,1615.0,849893.0
2024-02-27,1612.0,1635.0,1608.2,1634.4,1220069.0
2024-02-28,1634.8,1639.2,1620.2,1634.8,721356.0
2024-02-29,1635.6,1656.6,1627.0,1651.6,904876.0
2024-03-01,1651.8,1678.8,1639.0,1671.2,1075541.0
2024-03-04,1674.8,1682.2,1661.6,1670.8,723490.0
2024-03-05,1674.0,1688.8,1663.4,1679.2,649185.0
2024-03-06,1683.0,1688.8,1678.2,1685.4,574598.0
2024-03-07,1687.0,1706.2,1682.8,1704.2,1058731.0
2024-03-11,1706.4,1728.2,1704.2,1720.0,760754.0
2024-03-12,1721.2,1728.2,1708.2,1726.2,478914.0
2024-03-13,1728.2,1740.0,1727.0,1735.2,550691.0
2024-03-14,1735.2,1738.6,1696.2,1705.4,1133342.0
2024-03-15,1705.4,1724.4,1698.6,1721.8,488905.0
2024-03-18,1724.4,1743.6,1723.2,1731.8,633480.0
2024-03-19,1730.0,1730.8,1708.6,1719.0,543255.0
2024-03-20,1720.0,1742.0,1719.2,1741.0,795048.0
2024-03-21,1743.4,1805.0,1743.4,1796.4,1996666.0
2024-03-22,1796.8,1804.6,1767.0,1774.2,1368901.0
2024-03-25,1778.6,1836.8,1775.6,1832.8,1392605.0
2024-03-26,1836.0,1857.6,1830.2,1846.0,866203.0
2024-03-27,1847.4,1894.4,1838.6,1883.8,972260.0
2024-03-28,1884.2,1889.8,1850.0,1861.4,929855.0
2024-03-29,1861.2,1890.0,1841.0,1877.8,1274257.0
2024-04-01,1877.8,1896.0,1850.4,1857.4,1102754.0
2024-04-02,1857.4,1874.0,1847.8,1865.8,464697.0
2024-04-03,1869.0,1869.0,1852.2,1857.6,379545.0
2024-04-04,1860.0,1860.0,1824.0,1824.8,1071379.0
2024-04-05,1825.0,1840.4,1815.6,1818.0,846017.0
2024-04-08,1817.6,1844.0,1805.8,1840.0,879349.0
2024-04-09,1843.6,1867.2,1839.0,1859.0,787652.0
2024-04-10,1859.2,1865.0,1835.0,1849.0,587464.0
2024-04-11,1850.0,1853.0,1830.8,1832.8,516323.0
2024-04-12,1833.6,1838.4,1821.8,1831.6,674817.0
2024-04-15,1831.8,1845.8,1830.2,1835.2,459743.0
2024-04-16,1836.6,1838.0,1826.2,1831.2,485163.0
2024-04-17,1831.2,1879.0,1814.2,1860.0,1408628.0
2024-04-18,1867.4,1885.0,1860.8,1863.6,887457.0
2024-04-19,1867.2,1873.8,1850.6,1864.4,599298.0
2024-04-22,1868.0,1885.0,1864.0,1879.0,688597.0
2024-04-23,1885.0,1887.8,1850.0,1856.6,1170055.0
2024-04-24,1860.2,1878.4,1856.0,1864.0,642856.0
2024-04-25,1864.0,1877.0,1864.0,1873.0,524345.0
2024-04-26,1875.4,1884.0,1867.0,1871.2,541642.0
2024-04-27,1874.8,1889.0,1871.6,1887.6,516915.0
2024-04-29,1892.4,1935.8,1891.2,1931.0,874675.0
2024-04-30,1931.0,1946.0,1915.0,1927.6,493396.0
2024-05-02,1932.0,1936.4,1891.4,1904.2,812198.0
2024-05-03,1904.4,1924.6,1887.2,1915.4,730200.0
2024-05-06,1917.0,1923.6,1890.0,1898.0,655988.0
2024-05-07,1903.4,1921.8,1901.6,1919.2,382045.0
2024-05-08,1921.2,1934.0,1917.2,1928.2,383767.0
2024-05-10,1930.0,1963.0,1925.0,1960.0,592285.0
2024-05-13,1969.8,1989.2,1961.0,1976.2,898729.0
2024-05-14,1975.8,1977.0,1962.4,1967.2,497528.0
2024-05-15,1969.8,1978.0,1953.0,1970.6,442688.0
2024-05-16,1971.0,1977.4,1967.0,1972.6,286735.0
2024-05-17,1975.6,1975.6,1965.6,1970.2,265872.0
2024-05-20,1974.2,1976.8,1937.6,1951.4,673888.0
2024-05-21,1949.6,1970.6,1943.0,1968.4,460105.0
2024-05-22,1968.4,2009.0,1966.4,2006.0,877788.0
2024-05-23,2002.0,2008.4,1982.6,1997.6,813964.0
2024-05-24,1997.8,2002.4,1968.2,1990.8,721893.0
2024-05-27,1990.6,2011.8,1918.0,1942.6,1364276.0
2024-05-28,1944.8,1969.2,1881.6,1887.6,1689661.0
2024-05-29,1891.2,1934.0,1853.0,1928.2,1744034.0
2024-05-30,1929.8,1935.0,1830.0,1848.6,1463325.0
2024-05-31,1854.6,1867.8,1710.6,1778.0,2448436.0
2024-06-03,1793.2,1847.6,1770.0,1840.2,2305485.0
2024-06-04,1847.0,1866.6,1794.0,1841.0,1622304.0
2024-06-05,1845.2,1862.0,1824.4,1833.8,1083795.0
2024-06-06,1833.8,1842.8,1813.8,1826.8,737659.0
2024-06-07,1827.0,1850.0,1817.4,1841.4,1205750.0
2024-06-10,1861.4,1892.0,1825.0,1852.6,1698134.0
2024-06-11,1851.4,1858.0,1809.2,1832.2,1223619.0
2024-06-13,1750.0,1845.0,1707.4,1837.4,1690087.0
2024-06-14,1838.2,1848.8,1812.0,1836.4,1398362.0
2024-06-17,1841.2,1862.0,1816.0,1821.2,2852922.0
2024-06-18,1641.0,1643.0,1529.4,1555.6,6833692.0
2024-06-19,1553.6,1554.0,1489.8,1504.8,2951031.0
2024-06-20,1504.8,1590.0,1492.0,1579.2,3008561.0
2024-06-21,1582.0,1595.6,1558.2,1575.8,1100632.0
2024-06-24,1570.2,1595.0,1542.8,1547.6,1087077.0
2024-06-25,1550.8,1563.2,1522.0,1555.6,975761.0
2024-06-26,1559.0,1568.2,1531.2,1542.0,637764.0
2024-06-27,1543.6,1557.8,1525.0,1549.4,853868.0
2024-06-28,1550.6,1552.4,1538.0,1549.8,408687.0
2024-07-01,1552.2,1582.0,1545.2,1577.2,857509.0
2024-07-02,1577.8,1601.0,1563.0,1569.8,952328.0
2024-07-03,1570.4,1579.6,1556.6,1562.8,525077.0
2024-07-04,1561.0,1570.0,1507.0,1522.2,1025947.0
2024-07-05,1522.2,1544.6,1505.0,1529.6,862446.0
2024-07-08,1529.8,1546.0,1522.0,1523.2,533431.0
2024-07-09,1522.0,1525.0,1448.2,1451.4,1343094.0
2024-07-10,1451.4,1479.6,1391.6,1393.6,1786570.0
2024-07-11,1394.4,1484.0,1393.8,1474.6,1324198.0
2024-07-12,1480.4,1480.4,1450.0,1471.6,564211.0
2024-07-15,1480.4,1487.0,1406.4,1422.0,873976.0
2024-07-16,1419.8,1455.0,1374.6,1448.0,1799576.0
2024-07-17,1451.2,1454.8,1408.4,1413.4,812161.0
2024-07-18,1413.4,1477.0,1412.0,1471.8,840887.0
2024-07-19,1475.4,1521.6,1456.0,1502.8,2285004.0
2024-07-22,1506.8,1519.0,1456.0,1460.0,2442734.0
2024-07-23,1457.4,1471.0,1437.8,1465.0,1189831.0
2024-07-24,1467.2,1473.6,1445.8,1448.0,628950.0
2024-07-25,1447.8,1457.6,1438.8,1449.0,516089.0
2024-07-26,1449.2,1465.8,1411.0,1443.6,1131369.0
2024-07-29,1441.0,1442.4,1402.8,1406.2,689137.0
2024-07-30,1405.0,1424.0,1400.4,1421.0,651694.0
2024-07-31,1423.2,1430.8,1411.0,1423.4,682166.0
2024-08-01,1423.4,1423.8,1410.0,1411.0,348576.0
2024-08-02,1409.0,1412.6,1392.0,1405.6,663236.0
2024-08-05,1394.0,1399.0,1365.2,1373.4,897411.0
2024-08-06,1378.4,1401.8,1351.0,1372.4,814395.0
2024-08-07,1373.0,1397.0,1353.2,1390.0,702436.0
2024-08-08,1389.8,1408.2,1371.0,1377.6,384696.0
2024-08-09,1378.4,1395.0,1375.0,1383.6,275489.0
2024-08-12,1384.0,1394.2,1365.2,1391.4,477499.0
2024-08-13,1391.0,1404.8,1388.6,1402.0,702674.0
2024-08-14,1407.2,1413.2,1385.0,1388.8,494314.0
2024-08-15,1387.2,1405.0,1380.2,1382.0,455635.0
2024-08-16,1384.0,1390.0,1371.2,1375.0,372448.0
2024-08-19,1375.0,1382.2,1340.0,1342.8,592641.0
2024-08-20,1345.4,1356.0,1327.2,1338.0,622358.0
2024-08-21,1336.8,1343.8,1310.4,1321.0,488230.0
2024-08-22,1321.0,1328.0,1285.6,1292.8,660955.0
2024-08-23,1285.0,1298.0,1234.6,1253.2,1306890.0
2024-08-26,1280.4,1319.0,1276.0,1318.6,839328.0
2024-08-27,1322.0,1349.2,1265.4,1275.2,1026415.0
2024-08-28,1272.8,1276.6,1225.8,1275.4,838070.0
2024-08-29,1281.6,1288.8,1247.4,1268.2,923357.0
2024-08-30,1271.6,1278.8,1220.0,1225.0,726268.0
2024-09-02,1224.2,1234.8,1155.4,1172.0,1398806.0
2024-09-03,1169.0,1214.0,1140.2,1176.2,1524785.0
2024-09-04,1176.4,1239.6,1174.8,1235.6,1238416.0
2024-09-05,1244.6,1294.8,1225.6,1236.0,1824452.0
2024-09-06,1237.6,1258.4,1215.8,1244.0,979656.0
2024-09-09,1248.2,1315.0,1248.0,1313.0,1867633.0
2024-09-10,1283.0,1288.0,1251.0,1254.2,1999447.0
2024-09-11,1250.4,1260.0,1196.2,1201.2,1001234.0
2024-09-12,1204.0,1212.4,1181.0,1208.4,964162.0
2024-09-13,1210.6,1235.8,1160.6,1233.8,1407730.0
2024-09-16,1236.4,1269.0,1235.0,1265.0,1050148.0
2024-09-17,1267.0,1300.0,1261.8,1294.4,1276747.0
2024-09-18,1294.4,1294.6,1270.0,1272.0,884685.0
2024-09-19,1274.4,1284.8,1259.0,1273.8,791318.0
2024-09-20,1273.8,1319.0,1271.2,1319.0,687641.0
2024-09-23,1325.0,1340.0,1302.0,1309.6,1329257.0
2024-09-24,1312.4,1325.0,1295.0,1302.2,1207724.0
2024-09-25,1305.0,1328.4,1274.0,1287.8,1373646.0
2024-09-26,1283.8,1294.6,1260.4,1271.0,814667.0
2024-09-27,1273.8,1293.2,1265.0,1288.4,592639.0
2024-09-30,1290.2,1315.0,1256.6,1257.6,1032372.0
2024-10-01,1259.0,1283.0,1254.0,1272.0,1088137.0
2024-10-02,1272.4,1292.0,1236.6,1247.8,1315292.0
2024-10-03,1245.0,1256.4,1208.4,1241.8,1119850.0
2024-10-04,1243.0,1259.8,1228.0,1236.0,656090.0
2024-10-07,1236.0,1236.0,1213.8,1221.0,668542.0
2024-10-08,1220.0,1247.6,1204.0,1239.0,914217.0
2024-10-09,1239.0,1246.8,1206.2,1224.0,764761.0
2024-10-10,1224.2,1239.4,1217.4,1228.2,637068.0
2024-10-11,1224.0,1234.0,1210.0,1221.0,782648.0
2024-10-14,1219.8,1254.8,1207.6,1248.4,848391.0
2024-10-15,1247.6,1265.6,1232.4,1242.4,1249027.0
2024-10-16,1242.4,1250.0,1233.0,1243.2,498807.0
2024-10-17,1243.2,1244.0,1182.6,1191.0,2569015.0
2024-10-18,1189.6,1204.4,1170.2,1192.2,1675787.0
2024-10-21,1193.2,1229.0,1181.6,1189.8,2631080.0
2024-10-22,1191.0,1202.0,1178.4,1192.4,873119.0
2024-10-23,1195.4,1195.4,1170.8,1172.0,753510.0
2024-10-24,1170.2,1179.2,1155.0,1173.8,1161361.0
2024-10-25,1173.0,1178.0,1135.2,1144.2,1201311.0
2024-10-28,1137.0,1137.0,1094.2,1102.8,1258979.0
2024-10-29,1104.8,1129.0,1085.6,1126.4,1166309.0
2024-10-30,1131.4,1142.0,1102.4,1107.0,752357.0
2024-10-31,1107.0,1120.8,1078.0,1085.6,1070002.0
2024-11-01,1085.6,1103.4,1076.4,1103.2,904473.0
2024-11-02,1101.4,1118.0,1101.4,1113.0,238673.0
2024-11-05,1113.4,1133.6,1104.0,1127.8,577589.0
2024-11-06,1146.8,1168.6,1143.0,1158.6,1151101.0
2024-11-07,1160.8,1185.2,1141.0,1174.0,794101.0
2024-11-08,1177.4,1210.0,1170.2,1209.8,1237485.0
2024-11-11,1226.0,1274.0,1215.0,1272.4,1651767.0
2024-11-12,1269.6,1269.6,1220.2,1228.0,1260921.0
2024-11-13,1225.6,1243.6,1209.8,1211.0,863249.0
2024-11-14,1209.0,1229.6,1190.2,1202.0,547228.0
2024-11-15,1202.8,1237.8,1193.0,1235.0,809448.0
2024-11-18,1199.4,1224.2,1195.0,1199.8,766700.0
2024-11-19,1201.4,1203.2,1146.2,1152.2,845451.0
2024-11-20,1154.8,1168.8,1111.8,1120.0,911391.0
2024-11-21,1122.2,1129.0,1085.0,1117.8,1370955.0
2024-11-22,1122.0,1138.0,1106.8,1130.4,850289.0
2024-11-25,1131.4,1137.0,1094.0,1101.4,712663.0
2024-11-26,1103.0,1119.0,1051.4,1072.0,1330504.0
2024-11-27,1071.4,1103.6,1050.0,1096.8,1712024.0
2024-11-28,1100.0,1127.6,1081.2,1095.8,1339296.0
2024-11-29,1098.0,1131.4,1088.4,1123.2,945888.0
2024-12-02,1132.0,1148.2,1128.0,1142.8,794101.0
2024-12-03,1143.0,1145.4,1092.4,1100.0,827510.0
2024-12-04,1097.8,1109.2,1054.8,1058.0,1500780.0
2024-12-05,1058.2,1088.8,1040.4,1081.6,1300202.0
2024-12-06,1084.0,1107.0,1076.4,1097.4,987334.0
2024-12-09,1100.8,1128.6,1100.8,1125.8,827986.0
2024-12-10,1127.0,1128.4,1090.4,1098.8,1053168.0
2024-12-11,1098.0,1106.8,1083.0,1103.2,709997.0
2024-12-12,1103.0,1114.8,1081.0,1083.0,524024.0
2024-12-13,1083.4,1097.2,1076.0,1091.2,500866.0
2024-12-16,1088.2,1090.2,1050.6,1054.4,950501.0
2024-12-17,1012.0,1025.0,1005.4,1016.4,810136.0
2024-12-18,1018.2,1054.2,1015.0,1033.8,849639.0
2024-12-19,1035.2,1059.8,1026.0,1043.6,1332058.0
2024-12-20,1041.8,1206.8,1035.8,1163.0,2575800.0
2024-12-23,1170.4,1218.8,1130.0,1148.2,2305837.0
2024-12-24,1151.6,1197.6,1127.8,1135.8,1875882.0
2024-12-25,1128.0,1165.0,1118.4,1161.8,1712015.0
2024-12-26,1161.4,1192.6,1148.0,1174.4,1351448.0
2024-12-27,1174.2,1191.8,1169.4,1186.2,739929.0
2024-12-28,1189.0,1239.6,1184.4,1232.2,1513242.0
2024-12-30,1241.4,1337.4,1235.0,1337.4,1806824.0
2025-01-03,1330.0,1337.0,1279.0,1288.6,1098539.0
2025-01-06,1279.8,1297.4,1267.0,1296.6,504268.0
2025-01-08,1297.0,1297.6,1280.4,1283.0,423413.0
2025-01-09,1283.0,1287.6,1227.2,1228.0,1078875.0
2025-01-10,1232.4,1293.2,1230.0,1292.2,1315319.0
2025-01-13,1295.0,1319.6,1268.2,1277.4,1100582.0
2025-01-14,1274.0,1286.0,1262.8,1281.6,630948.0
2025-01-15,1284.0,1284.0,1245.0,1282.6,996993.0
2025-01-16,1285.6,1303.6,1272.2,1285.0,950453.0
2025-01-17,1287.6,1333.6,1271.4,1326.8,1542520.0
2025-01-20,1342.4,1365.8,1285.4,1295.4,2351950.0
2025-01-21,1297.8,1303.0,1263.4,1290.0,912346.0
2025-01-22,1290.4,1294.4,1250.0,1252.0,1172267.0
2025-01-23,1249.8,1259.0,1221.0,1258.6,1542403.0
2025-01-24,1259.4,1266.4,1237.6,1243.4,896009.0
2025-01-27,1243.4,1256.0,1222.2,1225.4,983962.0
2025-01-28,1225.4,1260.8,1203.2,1259.2,1043801.0
2025-01-29,1259.2,1275.0,1250.4,1252.6,894708.0
2025-01-30,1254.6,1283.0,1250.2,1279.6,819565.0
2025-01-31,1276.0,1285.2,1207.6,1211.8,3674212.0
2025-02-03,1211.8,1211.8,1166.0,1192.4,5732966.0
2025-02-04,1191.2,1205.8,1171.6,1175.0,2593694.0
2025-02-05,1174.4,1205.0,1162.8,1202.8,1483465.0
2025-02-06,1202.8,1210.6,1190.0,1196.8,1312252.0
2025-02-07,1195.8,1212.4,1193.2,1207.6,710678.0
2025-02-10,1209.2,1227.4,1203.4,1205.4,841252.0
2025-02-11,1204.0,1242.0,1198.6,1242.0,1071645.0
2025-02-12,1242.0,1329.0,1239.6,1313.6,2035515.0
2025-02-13,1319.6,1366.2,1277.0,1325.0,1821938.0
2025-02-14,1429.2,1429.2,1201.6,1307.6,1729212.0
2025-02-17,1316.0,1371.4,1315.0,1371.4,1073946.0
2025-02-18,1372.0,1380.8,1303.0,1313.4,1230717.0
2025-02-19,1313.4,1349.6,1300.0,1340.8,808586.0
2025-02-20,1345.0,1363.8,1331.6,1345.2,872285.0
2025-02-21,1348.0,1395.0,1336.4,1385.8,1575978.0
2025-02-24,1379.0,1444.4,1376.0,1442.2,1777603.0
2025-02-25,1444.0,1449.4,1407.2,1416.2,1260004.0
2025-02-26,1417.8,1432.6,1350.4,1363.6,1338722.0
2025-02-27,1361.0,1392.0,1332.6,1351.0,935503.0
2025-02-28,1345.0,1367.0,1317.4,1350.2,1324263.0
2025-03-01,1358.0,1364.6,1350.6,1357.6,9585.0
2025-03-02,1352.0,1358.8,1341.0,1347.0,12878.0
2025-03-03,1343.4,1346.8,1301.0,1325.4,977055.0
2025-03-04,1327.6,1378.2,1325.6,1370.0,974697.0
2025-03-05,1370.0,1395.0,1331.6,1334.8,1298846.0
2025-03-06,1333.2,1389.4,1331.2,1370.0,1088269.0
2025-03-07,1370.4,1389.8,1327.0,1357.2,1112687.0
2025-03-10,1360.0,1365.6,1334.2,1340.0,428051.0
2025-03-11,1340.0,1357.2,1326.2,1342.6,472889.0
2025-03-12,1342.6,1350.0,1323.4,1330.2,337186.0
2025-03-13,1334.0,1334.6,1283.2,1316.2,1633161.0
2025-03-14,1313.0,1318.2,1296.4,1301.0,968523.0
2025-03-15,1301.0,1306.8,1300.2,1306.0,18315.0
2025-03-16,1306.0,1316.4,1302.2,1313.2,52245.0
2025-03-17,1315.0,1351.2,1315.0,1349.0,921790.0
2025-03-18,1352.0,1363.6,1330.0,1336.2,1023036.0
2025-03-19,1336.2,1350.0,1318.6,1332.0,609894.0
2025-03-20,1332.0,1344.0,1303.0,1322.8,957736.0
2025-03-21,1322.8,1335.0,1295.0,1311.0,753372.0
2025-03-24,1310.6,1312.2,1252.0,1259.8,1144093.0
2025-03-25,1258.4,1284.6,1247.0,1279.6,798433.0
2025-03-26,1283.0,1292.0,1242.6,1245.8,913419.0
2025-03-27,1244.4,1247.0,1194.4,1199.2,1299435.0
2025-03-28,1201.2,1209.0,1142.0,1153.2,1797512.0
2025-03-29,1156.0,1158.8,1123.0,1129.6,201642.0
2025-03-30,1129.6,1138.0,1123.0,1123.0,76779.0
2025-03-31,1122.2,1189.6,1113.6,1188.0,1375363.0
2025-04-01,1188.0,1196.6,1130.4,1137.0,1139427.0
2025-04-02,1136.6,1170.0,1131.6,1161.2,815339.0
2025-04-03,1161.4,1176.6,1099.0,1122.2,1310754.0
2025-04-04,1126.0,1127.0,1076.4,1081.4,1599526.0
2025-04-05,1080.0,1092.0,1064.2,1084.2,110487.0
2025-04-06,1090.8,1105.0,1081.0,1105.0,112817.0
2025-04-07,1095.0,1095.2,1015.4,1053.4,2216199.0
2025-04-08,1056.0,1077.8,991.6,992.8,4463635.0
2025-04-09,992.8,1059.4,958.0,1058.6,4584241.0
2025-04-10,1060.2,1062.0,1006.0,1022.4,3137916.0
2025-04-11,1027.4,1064.8,1022.4,1058.6,1787575.0
2025-04-12,1063.6,1084.0,1060.2,1080.8,229745.0
2025-04-13,1080.2,1086.6,1080.0,1086.6,86910.0
2025-04-14,1082.6,1091.2,1029.0,1035.0,1339168.0
2025-04-15,1031.2,1048.4,1018.4,1042.0,871084.0
2025-04-16,1044.6,1056.4,1021.0,1041.4,986332.0
2025-04-17,1041.4,1065.0,1037.6,1062.0,1247444.0
2025-04-18,1055.8,1055.8,1006.2,1022.4,1631940.0
2025-04-21,1026.8,1044.0,1017.6,1040.6,1297803.0
2025-04-22,1043.0,1107.6,1033.0,1093.0,3120182.0
2025-04-23,1100.0,1103.4,1055.0,1062.4,1711025.0
2025-04-24,1060.0,1089.2,1051.4,1071.4,1488937.0
2025-04-25,1078.0,1112.0,1073.2,1106.4,1297473.0
2025-04-26,1120.2,1121.0,1099.8,1105.4,174281.0
2025-04-27,1106.4,1110.0,1102.4,1107.0,49535.0
2025-04-28,1109.0,1111.4,1070.0,1081.2,2096503.0
2025-04-29,1079.0,1082.2,1025.4,1033.6,1588909.0
2025-04-30,1033.0,1061.0,1012.8,1054.0,2202752.0
2025-05-02,1054.0,1054.0,1011.2,1016.0,712985.0
2025-05-03,1021.8,1027.4,1013.6,1017.0,53719.0
2025-05-04,1017.0,1026.0,1017.0,1025.0,45157.0
2025-05-05,1024.6,1027.6,972.6,992.8,1651126.0
2025-05-06,994.0,1021.8,978.2,1007.8,1405107.0
2025-05-07,1007.0,1021.0,996.2,1013.0,716300.0
2025-05-08,1014.0,1035.2,1012.4,1015.0,444776.0
2025-05-10,1015.2,1026.2,1014.0,1021.0,40969.0
2025-05-11,1031.0,1041.8,1027.0,1033.2,152526.0
2025-05-12,1040.4,1053.8,1038.2,1047.6,654405.0
2025-05-13,1048.0,1056.6,1042.0,1046.6,494831.0
2025-05-14,1046.2,1050.8,1028.0,1029.0,537867.0
2025-05-15,1029.2,1035.6,1010.2,1031.2,639954.0
2025-05-16,1032.0,1039.0,1008.0,1027.2,504391.0
2025-05-17,1031.0,1040.0,1027.2,1039.0,63346.0
2025-05-18,1043.0,1046.0,1037.4,1044.8,80216.0
2025-05-19,1046.6,1047.6,1021.0,1025.4,533453.0
2025-05-20,1025.4,1028.0,1000.4,1008.2,635144.0
2025-05-21,1008.2,1012.6,993.0,1002.6,530269.0
2025-05-22,1002.4,1006.4,982.2,996.0,705611.0
2025-05-23,996.6,1000.6,980.0,982.2,629887.0
2025-05-26,982.0,982.2,942.0,947.6,920656.0
2025-05-27,946.6,960.0,926.4,951.8,886609.0
2025-05-28,953.2,995.8,953.2,988.8,1178718.0
2025-05-29,992.0,1006.0,977.0,985.8,884640.0
2025-05-30,985.4,1010.0,978.6,1004.8,535187.0
2025-05-31,1007.2,1013.2,1003.2,1005.0,37034.0
2025-06-01,1005.0,1005.6,974.6,975.0,210932.0
2025-06-02,975.2,1010.6,972.8,1008.2,589886.0
2025-06-03,1008.4,1053.0,1007.0,1052.2,1060199.0
2025-06-04,1053.4,1074.8,1050.8,1052.2,1737137.0
2025-06-05,1050.0,1066.8,1042.6,1049.2,864919.0
2025-06-06,1050.0,1095.0,1012.4,1016.8,1655004.0
2025-06-07,1016.8,1027.2,1016.8,1026.2,49704.0
2025-06-08,1021.0,1026.0,1003.4,1015.0,81662.0
2025-06-09,1020.0,1021.4,979.6,987.2,901903.0
2025-06-10,989.2,994.8,975.4,983.2,598781.0
2025-06-11,984.4,999.4,976.0,987.0,511415.0
2025-06-13,991.0,1004.6,981.8,982.4,295374.0
2025-06-14,983.0,991.6,982.8,990.0,37731.0
2025-06-15,989.8,995.0,986.4,990.0,46587.0
2025-06-16,989.8,1003.4,978.0,989.2,763862.0
2025-06-17,990.8,1041.2,987.2,1041.0,1617356.0
2025-06-18,1040.6,1050.0,1015.0,1021.2,1687420.0
2025-06-19,1022.0,1028.0,1002.4,1009.8,1139387.0
2025-06-20,1013.0,1021.2,1005.8,1009.8,624404.0
2025-06-23,1012.2,1013.6,986.0,993.6,728434.0
2025-06-24,992.8,1001.6,978.4,996.6,843466.0
2025-06-25,996.0,1016.8,993.2,1011.8,816002.0
2025-06-26,1012.8,1023.0,1010.2,1013.2,571331.0
2025-06-27,1013.2,1033.0,1000.0,1033.0,870370.0
2025-06-28,1029.8,1036.8,1028.4,1030.0,53489.0
2025-06-29,1030.2,1033.0,1023.8,1026.0,50263.0
2025-06-30,1026.2,1066.8,1020.2,1055.6,1038115.0
2025-07-01,1055.4,1069.0,1042.0,1047.6,1074592.0
2025-07-02,1047.8,1055.4,1033.4,1042.0,612398.0
2025-07-03,1035.2,1074.8,1034.4,1063.0,1098585.0
2025-07-04,1061.0,1065.8,1031.0,1040.0,865275.0
2025-07-05,1038.8,1044.0,1035.6,1038.4,51696.0
2025-07-06,1038.2,1040.4,1036.4,1040.4,12998.0
2025-07-07,1039.2,1039.4,1007.4,1011.8,806759.0
2025-07-08,1011.8,1017.6,992.0,998.2,685924.0
2025-07-09,999.0,1014.0,994.0,1010.2,704545.0
2025-07-10,1013.8,1021.8,999.0,1002.6,646270.0
2025-07-11,1000.8,1005.0,980.8,983.6,696265.0
2025-07-12,987.0,992.8,984.2,991.0,37618.0
2025-07-13,992.4,992.4,976.6,984.2,73946.0
2025-07-14,985.8,1022.8,970.0,1016.4,828204.0
2025-07-15,1020.0,1038.6,1017.2,1030.4,764146.0
2025-07-16,1030.8,1045.6,1030.4,1034.0,517341.0
2025-07-17,1034.0,1040.6,1018.0,1020.2,499905.0
2025-07-18,1018.0,1057.0,1017.0,1040.6,1961130.0
2025-07-19,1041.0,1051.0,1038.0,1042.8,172333.0
2025-07-20,1046.0,1047.6,1040.8,1045.0,83220.0
2025-07-21,1042.6,1054.0,1026.4,1042.6,1629619.0
2025-07-22,1040.0,1072.4,1035.6,1061.2,1268300.0
2025-07-23,1061.0,1066.2,1035.2,1040.0,1095120.0
2025-07-24,1040.2,1045.6,1015.8,1031.8,1215570.0
2025-07-25,1029.0,1037.6,1006.0,1008.6,900206.0
2025-07-26,1013.2,1013.2,1009.0,1012.4,24624.0
2025-07-27,1012.4,1014.4,1006.8,1009.2,27164.0
2025-07-28,1010.0,1024.0,999.0,1003.2,906810.0
2025-07-29,1001.6,1014.4,999.0,1001.4,598926.0
2025-07-30,1001.0,1008.2,991.0,993.0,532593.0
2025-07-31,995.0,1003.2,992.4,998.2,439912.0
2025-08-01,999.0,1011.8,991.4,996.4,460872.0
2025-08-04,998.8,1008.8,996.8,1003.6,452206.0
2025-08-05,1006.0,1024.6,999.2,1013.8,942273.0
2025-08-06,1015.4,1037.4,1000.0,1027.4,1072117.0
2025-08-07,1023.6,1057.0,1020.0,1039.2,1324294.0
2025-08-08,1039.4,1074.0,1023.0,1073.8,1420626.0
2025-08-11,1080.8,1147.6,1080.6,1129.0,4019585.0
2025-08-12,1133.6,1133.6,1097.0,1105.2,2187869.0
2025-08-13,1108.8,1116.6,1083.6,1092.0,898188.0
2025-08-14,1093.8,1122.8,1087.4,1118.0,1201374.0
2025-08-15,1118.8,1125.8,1111.4,1120.2,788311.0
2025-08-16,1099.0,1099.2,1087.4,1092.0,251233.0
2025-08-17,1095.0,1095.0,1087.4,1087.4,62414.0
2025-08-18,1085.4,1117.0,1075.4,1114.0,1931817.0
2025-08-19,1113.6,1130.8,1102.2,1116.4,1534142.0
2025-08-20,1117.8,1119.8,1095.4,1105.0,596486.0
2025-08-21,1102.4,1107.6,1057.0,1065.0,1259674.0
2025-08-22,1066.0,1074.0,1055.2,1066.6,754912.0
2025-08-23,1066.6,1071.6,1066.6,1071.0,21463.0
2025-08-24,1069.6,1071.4,1063.8,1066.0,27184.0
2025-08-25,1065.4,1071.6,1053.0,1068.0,865576.0
2025-08-26,1068.2,1080.4,1066.8,1077.0,537240.0
2025-08-27,1079.6,1105.2,1075.6,1100.2,581377.0
2025-08-28,1100.4,1101.6,1061.2,1070.6,751590.0
2025-08-29,1071.6,1084.0,1057.2,1061.0,682377.0
2025-08-30,1061.0,1064.4,1060.2,1062.0,23721.0
2025-08-31,1062.2,1064.6,1060.6,1063.4,31089.0
2025-09-01,1064.4,1079.2,1053.6,1057.6,750746.0
2025-09-02,1061.2,1079.2,1035.8,1046.8,1480285.0
2025-09-03,1047.0,1066.0,1038.0,1066.0,637100.0
2025-09-04,1066.0,1070.6,1048.8,1064.6,457535.0
2025-09-05,1066.8,1075.8,1062.6,1072.6,396369.0
2025-09-06,1072.6,1074.6,1069.0,1069.2,15270.0
2025-09-07,1069.8,1074.4,1065.0,1074.2,38711.0
2025-09-08,1073.8,1081.8,1066.8,1080.2,686271.0
2025-09-09,1080.2,1108.4,1080.0,1105.6,1186981.0
2025-09-10,1106.0,1106.0,1081.0,1081.8,939627.0
2025-09-11,1084.8,1088.6,1055.0,1063.0,1066746.0
2025-09-12,1063.0,1070.6,1043.0,1052.4,1581712.0
2025-09-13,1052.4,1055.0,1046.0,1048.6,36196.0
2025-09-14,1048.8,1055.2,1044.2,1052.4,48021.0
2025-09-15,1053.6,1057.4,1020.0,1030.2,862935.0
2025-09-16,1030.2,1038.6,1010.4,1019.2,750587.0
2025-09-17,1021.0,1023.6,1003.0,1016.6,768712.0
2025-09-18,1017.0,1028.0,1009.4,1016.8,1232044.0
2025-09-19,1018.6,1021.8,974.4,980.8,1476726.0
2025-09-22,980.8,994.2,971.6,988.0,1219035.0
2025-09-23,991.2,997.0,960.2,965.2,1123568.0
2025-09-24,964.6,978.4,954.6,974.4,913453.0
2025-09-25,974.2,982.0,965.8,967.0,511126.0
2025-09-26,968.6,980.0,962.0,977.8,647515.0
2025-09-27,978.0,979.2,975.0,975.2,36144.0
2025-09-28,975.8,978.4,971.4,973.4,23768.0
2025-09-29,974.0,992.4,956.6,960.6,841811.0
2025-09-30,963.0,965.0,941.0,943.2,951034.0
2025-10-01,944.4,955.6,917.2,922.2,1079607.0
2025-10-02,922.4,934.6,911.8,928.8,911917.0
2025-10-03,928.6,937.8,907.0,907.8,747890.0
2025-10-04,909.8,914.2,899.4,903.8,176086.0
2025-10-05,906.0,913.8,900.0,911.8,85505.0
2025-10-06,915.0,935.0,904.0,932.8,952164.0
2025-10-07,932.2,954.0,926.2,948.2,753947.0
2025-10-08,950.0,951.6,899.8,907.2,884049.0
2025-10-09,907.2,932.4,876.8,927.0,1789230.0
2025-10-10,930.8,934.6,903.2,904.8,990430.0
2025-10-11,904.6,907.6,900.6,906.4,46254.0
2025-10-12,907.2,912.0,905.2,910.2,38843.0
2025-10-13,911.4,919.8,897.2,905.0,671797.0
2025-10-14,908.8,908.8,878.8,885.0,665158.0
2025-10-15,888.0,889.0,870.0,874.8,1069860.0
2025-10-16,876.0,932.0,869.2,929.0,1742033.0
2025-10-17,934.2,948.0,921.0,939.2,1183042.0
2025-10-18,939.2,958.2,939.2,955.4,190281.0
2025-10-19,957.2,957.6,942.0,950.8,83500.0
2025-10-20,954.6,956.6,920.0,928.8,1721706.0
2025-10-21,929.0,929.8,900.6,914.0,1329711.0
2025-10-22,913.8,924.6,896.2,905.0,922509.0
2025-10-23,889.6,898.0,887.0,895.2,582071.0
2025-10-24,897.8,903.0,875.6,875.8,912083.0
2025-10-27,876.2,878.2,848.6,850.8,751544.0
2025-10-28,850.8,872.6,845.6,864.4,768001.0
2025-10-29,865.0,870.6,846.6,853.2,1399286.0
2025-10-30,853.4,882.8,848.2,878.0,1433622.0
2025-10-31,877.8,880.8,847.0,853.4,1562580.0
2025-11-01,856.0,859.4,851.8,855.2,273253.0
2025-11-03,857.2,869.0,855.2,862.4,449543.0
2025-11-05,862.4,868.0,852.4,859.4,723759.0
2025-11-06,861.0,864.0,851.2,852.6,429616.0
2025-11-07,852.2,867.0,851.0,864.4,665773.0
2025-11-08,865.0,880.8,864.0,868.6,135128.0
2025-11-09,868.6,874.8,867.6,873.4,60058.0
2025-11-10,873.4,883.6,865.6,870.2,999817.0
2025-11-11,870.2,894.0,865.2,892.6,920302.0
2025-11-12,892.6,895.0,879.0,886.2,1240174.0
2025-11-13,887.6,894.0,870.4,875.4,739738.0
2025-11-14,877.0,881.6,855.6,861.6,777615.0
2025-11-15,862.0,864.8,861.6,862.4,30561.0
2025-11-16,861.8,862.6,858.4,861.0,29723.0
2025-11-17,861.2,863.6,850.0,851.2,626513.0
2025-11-18,850.0,882.2,848.0,876.0,1506889.0
2025-11-19,876.8,932.8,876.4,913.0,2501956.0
2025-11-20,911.4,943.2,898.0,942.2,1677748.0
2025-11-21,942.2,944.2,917.6,931.6,1185253.0
2025-11-24,941.2,948.8,913.0,918.0,907761.0
2025-11-25,919.0,945.0,904.0,937.8,1199310.0
2025-11-26,937.8,937.8,923.0,926.2,325787.0
2025-11-27,926.2,929.6,908.6,919.0,641505.0
2025-11-28,919.0,941.8,916.2,938.2,644303.0
2025-11-29,939.0,940.0,935.4,936.8,21976.0
2025-11-30,936.8,945.6,936.4,945.2,61467.0
2025-12-01,944.8,954.0,935.6,944.4,591424.0
2025-12-02,944.4,948.8,928.8,936.2,585099.0
2025-12-03,926.4,930.8,909.0,923.4,811844.0
2025-12-04,926.2,944.0,926.0,932.0,465099.0
2025-12-05,932.2,954.0,928.4,945.2,1092608.0
2025-12-08,946.6,961.4,937.0,938.2,1327575.0
2025-12-09,939.0,958.6,935.4,952.8,1204234.0
2025-12-10,952.4,956.8,942.4,949.2,558532.0
2025-12-11,949.2,977.8,948.2,960.8,1692524.0
2025-12-12,960.8,965.4,952.0,953.6,1031251.0
2025-12-13,955.6,963.6,955.4,959.0,76363.0
2025-12-14,959.4,960.6,953.4,955.4,80184.0
2025-12-15,956.0,967.6,955.8,967.4,707981.0
2025-12-16,967.6,990.0,964.2,987.0,792533.0
2025-12-17,986.8,994.0,970.8,983.8,917228.0
2025-12-18,982.4,999.4,978.4,992.4,894663.0
2025-12-19,992.8,1001.2,982.6,994.2,1051477.0
2025-12-20,992.4,996.8,989.4,991.4,40398.0
2025-12-21,991.6,994.0,989.2,989.8,32155.0
2025-12-22,990.0,992.8,965.2,971.0,893103.0
2025-12-23,971.0,977.4,958.0,973.2,604934.0
2025-12-24,974.2,976.4,963.4,965.8,524472.0
2025-12-25,965.2,969.4,959.2,964.2,306074.0
2025-12-26,964.0,982.0,963.4,980.0,689902.0
2025-12-27,979.8,983.8,979.2,980.8,68001.0
2025-12-28,980.8,983.0,975.6,978.0,58423.0
2025-12-29,981.6,995.0,963.4,967.6,1184390.0
2025-12-30,968.2,973.0,960.4,962.2,536741.0
2026-01-05,961.0,964.6,942.8,951.2,346532.0
2026-01-06,951.2,956.2,942.0,949.4,248894.0
2026-01-08,944.6,949.0,934.8,935.4,279164.0
2026-01-09,935.6,943.8,932.0,933.6,169216.0
2026-01-12,933.4,957.8,933.0,956.0,444134.0
2026-01-13,955.0,957.6,933.2,933.2,472884.0
2026-01-14,934.0,944.0,920.2,926.8,578866.0
2026-01-15,927.8,947.0,927.0,942.0,473295.0
2026-01-16,941.0,956.0,938.0,947.2,521975.0
2026-01-17,949.6,951.0,947.4,950.2,28563.0
2026-01-18,951.0,952.0,948.4,951.2,20998.0
2026-01-19,951.0,967.6,941.0,956.0,740006.0
2026-01-20,956.0,969.6,952.6,967.4,413001.0
2026-01-21,967.4,978.2,956.0,974.0,740964.0
2026-01-22,975.0,976.8,958.2,964.2,484349.0
2026-01-23,964.2,981.6,959.8,978.2,502777.0
2026-01-24,979.2,981.8,968.6,976.8,99537.0
2026-01-25,978.2,982.6,975.0,979.0,86993.0
2026-01-26,980.8,981.2,962.6,968.6,427125.0
2026-01-27,971.0,977.8,961.6,974.0,578395.0
2026-01-28,973.6,986.6,963.8,967.4,897754.0
2026-01-29,967.8,1022.8,967.8,1012.0,3379961.0
2026-01-30,1012.0,1020.6,986.8,999.8,1253628.0
2026-01-31,999.0,1005.0,998.0,999.8,41330.0
2026-02-01,1002.2,1007.8,996.0,1001.0,70318.0
2026-02-02,999.0,1000.8,980.0,989.6,1302467.0
2026-02-03,991.0,1004.0,982.0,994.0,2072771.0
2026-02-04,989.2,996.2,979.0,983.0,848603.0
2026-02-05,980.6,981.0,960.8,969.0,944391.0
2026-02-06,966.4,973.6,960.6,968.0,438049.0
2026-02-07,973.2,975.2,968.2,968.2,47059.0
2026-02-08,970.0,970.8,957.0,959.0,76459.0
2026-02-09,960.6,961.2,944.0,948.6,578632.0
2026-02-10,949.6,955.6,939.6,941.6,480516.0
2026-02-11,941.2,969.0,940.2,959.0,806844.0
2026-02-12,961.4,977.0,955.2,970.6,610899.0
2026-02-13,974.4,991.8,961.4,989.6,806142.0
2026-02-16,989.0,994.2,970.2,971.0,723258.0
2026-02-17,971.2,979.0,958.4,960.6,580899.0
2026-02-18,961.2,965.0,953.6,963.6,505128.0
2026-02-19,963.6,972.6,955.4,957.2,501272.0
2026-02-20,959.6,963.2,954.4,960.0,396728.0
2026-02-21,960.2,962.0,958.6,960.2,15866.0
2026-02-22,960.2,966.8,960.2,964.8,50177.0
2026-02-23,964.2,971.4,962.6,969.6,51371.0
2026-02-24,967.6,971.4,951.8,952.8,390493.0
2026-02-25,954.4,960.8,950.4,958.0,409307.0
2026-02-26,960.8,967.6,955.6,958.8,560351.0
2026-02-27,958.8,971.4,955.4,965.6,542272.0
2026-02-28,969.0,969.0,956.2,958.6,130334.0
2026-03-01,958.6,962.8,957.2,959.2,75787.0
2026-03-02,960.4,969.6,942.0,946.0,753833.0
2026-03-03,945.8,959.2,942.8,947.2,912754.0
2026-03-04,945.6,961.2,942.2,958.2,802117.0
2026-03-05,960.0,966.2,931.0,939.8,924251.0
2026-03-06,940.0,942.0,921.0,924.6,957657.0
2026-03-09,928.0,940.8,920.0,935.0,577091.0
2026-03-10,934.6,952.0,926.4,931.6,906509.0
2026-03-11,932.6,940.8,930.0,931.8,463782.0
2026-03-12,931.8,935.4,917.0,919.6,801348.0
2026-03-13,921.0,932.0,915.4,927.8,663285.0
2026-03-14,927.8,931.2,924.0,926.6,31553.0
2026-03-15,924.0,927.2,924.0,925.6,21767.0
2026-03-16,927.6,938.2,921.2,924.4,431739.0
2026-03-17,924.2,930.0,915.8,919.2,418720.0
2026-03-18,920.0,924.0,905.0,906.0,886178.0
2026-03-19,908.6,923.0,903.6,910.2,906178.0
2026-03-20,910.2,918.6,905.0,906.4,300934.0
2026-03-23,907.0,908.0,885.0,888.0,865239.0
2026-03-24,888.0,890.8,870.6,875.8,632089.0
2026-03-25,876.6,886.6,873.2,886.4,556410.0
2026-03-26,886.4,888.4,861.8,863.2,550620.0
2026-03-27,863.2,868.2,841.0,848.6,1439723.0
2026-03-28,848.8,851.6,847.4,849.6,44638.0
2026-03-29,850.2,854.0,849.8,852.0,50499.0
2026-03-30,852.6,866.6,843.0,859.8,1280469.0
2026-03-31,860.2,866.6,837.2,842.4,937546.0
2026-04-01,842.6,857.0,840.2,852.6,905390.0
2026-04-02,853.0,854.8,838.2,841.4,914324.0
2026-04-03,843.2,847.6,823.2,823.8,1268848.0
2026-04-04,825.2,828.8,820.4,826.6,121787.0
2026-04-05,826.6,827.4,824.2,825.0,41182.0
2026-04-06,825.0,839.6,817.2,838.8,1014464.0
2026-04-07,839.6,847.6,828.0,829.8,975323.0
2026-04-08,836.0,854.6,832.8,837.8,999564.0
2026-04-09,839.8,840.2,820.0,826.0,797717.0
2026-04-10,827.6,829.6,813.0,813.0,621369.0
2026-04-11,814.0,816.8,812.2,816.2,86116.0
2026-04-12,816.2,821.4,816.2,819.2,85712.0
2026-04-13,819.2,821.4,798.8,806.4,889693.0
2026-04-14,808.8,817.6,800.0,807.6,806397.0
2026-04-15,808.2,831.4,806.4,831.4,857631.0
2026-04-16,832.0,838.4,822.0,823.8,965193.0
2026-04-17,824.4,832.8,815.8,817.8,750387.0
2026-04-18,820.8,822.2,812.8,815.6,92105.0
2026-04-19,815.8,819.6,814.2,817.8,29142.0
2026-04-20,816.4,821.4,804.0,811.6,1137470.0
2026-04-21,811.6,815.8,802.0,812.0,1887105.0
2026-04-22,810.4,837.4,807.0,836.0,1404109.0
2026-04-23,835.8,836.0,819.4,822.6,704737.0
2026-04-24,823.2,829.8,797.2,800.2,1715643.0
