Date,Open,High,Low,Close,Volume
2001-10-31,3.79,3.79,3.66,3.6601,120000.0
2001-11-01,3.7199,3.7866,3.7199,3.7845,772500.0
2001-11-02,3.8001,3.82,3.62,3.65,2166600.0
2001-11-05,3.64,3.735,3.58,3.65,4499800.0
2001-11-06,3.67,3.7,3.5,3.55,1017400.0
2001-11-08,3.49,3.834,3.45,3.834,4595500.0
2001-11-09,3.8,4.0,3.725,3.9,3336500.0
2001-11-12,4.0,4.05,3.71,3.84,3110300.0
2001-11-13,3.905,4.45,3.9,4.4,5699100.0
2001-11-14,4.55,4.635,4.255,4.4,4739600.0
2001-11-15,4.3,4.4,4.16,4.19,2462900.0
2001-11-16,4.13,4.27,4.13,4.23,820900.0
2001-11-19,4.2,4.47,4.2,4.33,1267000.0
2001-11-20,4.4,4.5,4.3502,4.44,1622300.0
2001-11-21,4.47,4.5757,4.43,4.57,1957100.0
2001-11-22,4.545,4.744,4.545,4.73,4317600.0
2001-11-23,4.799,4.83,4.52,4.74,2276200.0
2001-11-26,4.798,4.95,4.79,4.91,2034700.0
2001-11-27,4.99,5.029,4.875,5.02,2677100.0
2001-11-28,4.95,4.96,4.7203,4.788,1997400.0
2001-11-29,4.75,4.75,4.6,4.67,1601200.0
2001-11-30,4.8,4.85,4.61,4.6895,811100.0
2001-12-03,4.56,4.74,4.56,4.58,1805100.0
2001-12-04,4.71,4.8099,4.56,4.805,3258300.0
2001-12-05,4.8,4.8199,4.7,4.79,1556400.0
2001-12-06,4.81,4.988,4.81,4.9,2204600.0
2001-12-07,4.85,4.94,4.821,4.9123,1568500.0
2001-12-10,4.97,4.98,4.93,4.955,1167700.0
2001-12-11,4.95,5.11,4.95,5.085,6085000.0
2001-12-13,5.104,5.13,4.78,4.8,4063300.0
2001-12-14,4.84,4.84,4.73,4.83,1746900.0
2001-12-17,4.85,4.915,4.8,4.915,1146800.0
2001-12-18,4.9,4.949,4.8605,4.932,1162500.0
2001-12-19,4.91,5.04,4.88,5.022,3952200.0
2001-12-20,5.01,5.18,4.9601,5.07,5541400.0
2001-12-21,5.01,5.08,4.935,5.0294,2877400.0
2001-12-24,5.06,5.104,5.0316,5.06,2511400.0
2001-12-25,5.05,5.09,4.96,4.9835,1061800.0
2001-12-26,4.99,4.99,4.935,4.961,999500.0
2001-12-27,5.0,5.035,4.95,5.0,1182600.0
2001-12-28,5.03,5.15,5.03,5.125,3676000.0
2001-12-29,5.1299,5.15,5.09,5.1289,1289200.0
2002-01-03,5.152,5.37,5.152,5.35,2820000.0
2002-01-04,5.47,5.63,5.35,5.6,3085300.0
2002-01-08,5.66,5.98,5.66,5.82,2670600.0
2002-01-09,5.81,5.81,5.561,5.61,4594100.0
2002-01-10,5.647,5.6788,5.45,5.46,2151300.0
2002-01-11,5.4,5.52,5.35,5.5059,1551800.0
2002-01-14,5.4,5.45,5.105,5.12,6201700.0
2002-01-15,5.02,5.2,5.0,5.2,4668600.0
2002-01-16,5.2,5.22,5.05,5.08,2000900.0
2002-01-17,5.1,5.2,5.06,5.18,2917200.0
2002-01-18,5.2,5.221,4.99,5.051,5205200.0
2002-01-21,5.09,5.09,4.99,5.039,4224600.0
2002-01-22,5.03,5.149,5.0105,5.0999,9782900.0
2002-01-23,5.0703,5.099,4.91,4.94,6740500.0
2002-01-24,4.93,4.93,4.61,4.64,9277300.0
2002-01-25,4.71,4.729,4.562,4.605,4201800.0
2002-01-28,4.659,4.7449,4.6301,4.685,4915200.0
2002-01-29,4.7499,5.0,4.7,4.931,12622000.0
2002-01-30,4.8498,4.8739,4.7101,4.75,17499800.0
2002-01-31,4.85,4.987,4.82,4.98,4695800.0
2002-02-01,5.03,5.1345,4.99,5.05,12340400.0
2002-02-04,5.0105,5.02,4.9611,5.0,5659700.0
2002-02-05,4.935,4.965,4.88,4.9165,3307600.0
2002-02-06,4.9865,5.08,4.96,5.05,4654200.0
2002-02-07,5.0298,5.34,5.001,5.289,16728900.0
2002-02-08,5.33,5.57,5.33,5.37,23554600.0
2002-02-11,5.45,5.5,5.3705,5.4,8112500.0
2002-02-12,5.425,5.49,5.41,5.443,6391900.0
2002-02-13,5.4502,5.47,5.38,5.439,3449600.0
2002-02-14,5.39,5.446,5.345,5.4,4013000.0
2002-02-15,5.425,5.425,5.3611,5.365,10614800.0
2002-02-18,5.341,5.49,5.341,5.461,6226900.0
2002-02-19,5.443,5.6299,5.443,5.495,9907700.0
2002-02-20,5.401,5.47,5.38,5.43,5834700.0
2002-02-21,5.45,5.64,5.44,5.5994,7641000.0
2002-02-22,5.6,5.965,5.57,5.9,16473900.0
2002-02-26,5.99,6.23,5.99,6.089,15494400.0
2002-02-27,6.09,6.15,5.92,6.02,11228600.0
2002-02-28,6.05,6.17,5.955,6.085,7361800.0
2002-03-01,6.0998,6.329,6.0998,6.19,17316500.0
2002-03-04,6.27,6.349,6.15,6.1902,10170000.0
2002-03-05,6.22,6.2699,6.0,6.111,4349500.0
2002-03-06,6.05,6.18,6.04,6.145,10063500.0
2002-03-07,6.198,6.35,6.173,6.28,4325300.0
2002-03-11,6.2502,6.33,6.18,6.21,4683400.0
2002-03-12,6.2,6.265,6.15,6.2,2732100.0
2002-03-13,6.25,6.37,6.231,6.295,6801500.0
2002-03-14,6.31,6.42,6.293,6.39,7770100.0
2002-03-15,6.419,6.56,6.415,6.55,7923000.0
2002-03-18,6.59,6.708,6.522,6.707,3174500.0
2002-03-19,6.72,6.88,6.655,6.79,7232500.0
2002-03-20,6.7849,6.7849,6.5355,6.589,7682200.0
2002-03-21,6.6,6.829,6.571,6.793,5750800.0
2002-03-22,6.82,6.85,6.75,6.79,5115800.0
2002-03-25,6.75,6.95,6.62,6.67,7039300.0
2002-03-26,6.65,6.725,6.5802,6.65,4756900.0
2002-03-27,6.7,6.75,6.5993,6.61,3112600.0
2002-03-28,6.63,6.82,6.621,6.814,6315800.0
2002-03-29,6.849,6.85,6.7501,6.78,4465700.0
2002-04-01,6.81,6.81,6.74,6.76,1631900.0
2002-04-02,6.76,6.78,6.6666,6.6702,3198200.0
2002-04-03,6.661,6.68,6.45,6.5425,6039100.0
2002-04-04,6.525,6.58,6.15,6.505,11768500.0
2002-04-05,6.5001,6.53,6.4732,6.4825,3680400.0
2002-04-08,6.4303,6.6,6.43,6.51,3365700.0
2002-04-09,6.5499,6.61,6.5242,6.5507,5791400.0
2002-04-10,6.549,6.73,6.48,6.72,6171300.0
2002-04-11,6.748,6.82,6.6015,6.8,8500700.0
2002-04-12,6.72,6.82,6.653,6.74,3570300.0
2002-04-15,6.79,6.87,6.727,6.84,4876900.0
2002-04-16,6.95,7.08,6.92,6.98,9029300.0
2002-04-17,7.05,7.1849,7.0015,7.1395,6386600.0
2002-04-18,7.199,7.5,7.13,7.19,16388800.0
2002-04-19,7.2,7.8,7.16,7.799,27885500.0
2002-04-22,7.85,7.9398,7.56,7.64,9739200.0
2002-04-23,7.52,7.75,7.5,7.62,16904900.0
2002-04-24,7.5701,7.66,7.356,7.39,7613500.0
2002-04-25,7.3501,7.46,7.18,7.35,10239300.0
2002-04-26,7.45,7.48,7.3001,7.4,6976500.0
2002-04-27,7.43,7.44,7.3307,7.4,1813400.0
2002-04-29,7.4,7.49,7.35,7.47,5078600.0
2002-04-30,7.48,7.4848,7.28,7.35,6050600.0
2002-05-06,7.35,7.38,7.2604,7.2998,1092300.0
2002-05-07,7.2727,7.2799,6.96,6.99,8394500.0
2002-05-08,7.07,7.24,7.02,7.17,2162100.0
2002-05-13,7.13,7.16,6.8901,6.92,5749600.0
2002-05-14,7.03,7.21,6.9304,7.204,9387300.0
2002-05-15,7.24,7.34,7.1,7.15,11717100.0
2002-05-16,7.14,7.2389,7.09,7.2,6584300.0
2002-05-17,7.2,7.275,7.14,7.22,16564400.0
2002-05-18,7.2722,7.43,7.2102,7.3836,10350500.0
2002-05-20,7.38,7.505,7.32,7.34,11423900.0
2002-05-21,7.32,7.4239,7.3115,7.3501,6502700.0
2002-05-22,7.35,7.35,7.16,7.19,8358800.0
2002-05-23,7.23,7.3,7.16,7.18,5583400.0
2002-05-24,7.25,7.25,7.1401,7.23,7566800.0
2002-05-27,6.005,7.4298,6.005,7.4298,8225000.0
2002-05-28,7.4469,7.53,7.1651,7.1725,8650000.0
2002-05-29,7.1801,7.2485,7.1001,7.218,7588800.0
2002-05-30,7.28,7.37,7.1,7.1851,8367000.0
2002-05-31,7.175,7.29,7.101,7.28,5285000.0
2002-06-03,7.299,7.385,7.2201,7.24,5156300.0
2002-06-04,7.15,7.2295,7.051,7.1599,5467600.0
2002-06-05,7.299,7.35,7.1,7.162,8101000.0
2002-06-06,7.2,7.3199,7.17,7.22,6919500.0
2002-06-07,7.2,7.23,7.101,7.2001,2988000.0
2002-06-10,7.2,7.3199,7.18,7.23,4206600.0
2002-06-11,7.22,7.3079,7.2,7.28,3405300.0
2002-06-13,7.26,7.323,7.23,7.25,4693400.0
2002-06-14,7.2798,7.2798,6.95,7.07,4640900.0
2002-06-17,7.1,7.1,6.8,6.83,5161400.0
2002-06-18,6.91,6.919,6.42,6.494,4957500.0
2002-06-19,6.426,6.45,6.2325,6.31,3715000.0
2002-06-20,6.3,6.46,6.03,6.079,7296500.0
2002-06-21,6.04,6.11,5.7711,6.07,6205100.0
2002-06-24,6.0449,6.1498,5.94,5.99,3424700.0
2002-06-25,6.1,6.37,6.025,6.3699,8340900.0
2002-06-26,6.1725,6.2485,6.0025,6.17,5987500.0
2002-06-27,6.26,6.58,6.2111,6.56,7960800.0
2002-06-28,6.6666,6.7,6.4616,6.58,4406400.0
2002-07-01,6.6,6.7199,6.48,6.7199,8752800.0
2002-07-02,6.6025,6.7499,6.53,6.555,4106300.0
2002-07-03,6.598,6.6989,6.45,6.68,5598600.0
2002-07-04,6.7,6.81,6.6801,6.79,3371300.0
2002-07-05,6.7702,6.9679,6.7702,6.92,3626300.0
2002-07-08,6.95,6.99,6.7102,6.95,3042000.0
2002-07-09,6.905,7.0775,6.905,7.0775,5018700.0
2002-07-10,6.9505,7.11,6.9505,7.05,3591900.0
2002-07-11,6.96,6.9999,6.82,6.85,8052800.0
2002-07-12,6.96,7.0,6.82,6.86,5408500.0
2002-07-15,6.8998,6.905,6.7015,6.84,2844200.0
2002-07-16,6.7701,6.875,6.66,6.6601,2573600.0
2002-07-17,6.7,6.96,6.68,6.949,7209600.0
2002-07-18,6.8702,7.37,6.8701,7.27,16742400.0
2002-07-19,7.1902,7.27,7.1,7.2191,5410500.0
2002-07-22,7.127,7.18,6.94,6.9511,8243900.0
2002-07-23,7.0,7.04,6.85,6.87,4985500.0
2002-07-24,6.75,6.78,6.03,6.23,11936400.0
2002-07-25,6.43,6.6,6.1,6.2499,5026400.0
2002-07-26,6.18,6.26,6.01,6.188,5854200.0
2002-07-29,6.2599,6.5199,6.185,6.4,4673000.0
2002-07-30,6.69,6.69,6.4055,6.47,4027500.0
2002-07-31,6.48,6.565,6.2651,6.27,4480300.0
2002-08-01,6.26,6.45,6.26,6.385,2218300.0
2002-08-02,6.3,6.4785,6.28,6.4,1237300.0
2002-08-05,6.3105,6.3799,6.15,6.15,4341100.0
2002-08-06,6.02,6.189,5.9551,6.188,6963200.0
2002-08-07,6.25,6.284,6.11,6.13,2403400.0
2002-08-08,6.1501,6.2998,6.1152,6.165,3619600.0
2002-08-09,6.27,6.2799,6.0242,6.165,2938400.0
2002-08-12,6.1361,6.19,6.0701,6.1215,872300.0
2002-08-13,6.1799,6.21,6.1253,6.16,1848500.0
2002-08-14,6.125,6.32,6.0551,6.281,3926300.0
2002-08-15,6.45,6.48,6.2705,6.2705,4647000.0
2002-08-16,6.3188,6.3188,6.201,6.239,2008700.0
2002-08-19,6.1804,6.35,6.1804,6.335,3184500.0
2002-08-20,6.3999,6.3999,6.2,6.205,3724800.0
2002-08-21,6.1701,6.2599,6.1701,6.211,7252700.0
2002-08-22,6.2501,6.32,6.21,6.211,3688800.0
2002-08-23,6.2349,6.2349,6.069,6.09,3986800.0
2002-08-26,6.0999,6.0999,6.0265,6.0265,1104200.0
2002-08-27,6.0418,6.14,6.0,6.062,4777000.0
2002-08-28,6.0001,6.085,6.0001,6.0445,1790100.0
2002-08-29,6.0685,6.0685,5.84,5.88,4464800.0
2002-08-30,5.93,6.009,5.861,6.009,3549900.0
2002-09-02,5.9601,5.9601,5.775,5.8,2113000.0
2002-09-03,5.82,5.86,5.6101,5.7907,2914000.0
2002-09-04,5.75,5.915,5.71,5.874,3290900.0
2002-09-05,5.9,5.919,5.752,5.7525,2337600.0
2002-09-06,5.7699,5.85,5.72,5.84,2061000.0
2002-09-09,5.879,5.879,5.77,5.78,744400.0
2002-09-10,5.8498,6.1097,5.805,6.08,7447200.0
2002-09-11,6.12,6.16,6.0676,6.1599,4654200.0
2002-09-12,6.118,6.22,6.05,6.2,5359200.0
2002-09-13,6.28,6.29,5.98,6.11,8548400.0
2002-09-16,6.11,6.1298,6.046,6.09,684300.0
2002-09-17,6.1589,6.1859,6.02,6.0206,2873700.0
2002-09-18,6.03,6.03,5.85,5.9551,2287600.0
2002-09-19,6.0299,6.0499,5.8,5.825,4622400.0
2002-09-20,5.86,5.88,5.72,5.72,4854500.0
2002-09-23,5.77,5.938,5.6,5.6002,5173900.0
2002-09-24,5.6002,5.635,5.48,5.5595,5689000.0
2002-09-25,5.5499,5.5775,5.4606,5.5,6889400.0
2002-09-26,5.52,5.69,5.52,5.639,9168200.0
2002-09-27,5.67,5.68,5.3831,5.4,8372100.0
2002-09-30,5.35,5.37,5.18,5.1901,6001900.0
2002-10-01,5.2895,5.31,5.1822,5.26,7549800.0
2002-10-02,5.3199,5.3998,5.2751,5.3001,6118900.0
2002-10-03,5.253,5.32,5.226,5.282,7284600.0
2002-10-04,5.3002,5.44,5.29,5.4199,18488700.0
2002-10-07,5.3842,5.59,5.3301,5.579,13643300.0
2002-10-08,5.59,5.68,5.5351,5.57,32414800.0
2002-10-09,5.58,5.735,5.5,5.535,64766000.0
2002-10-10,5.5,5.5655,5.37,5.4,7450800.0
2002-10-11,5.43,5.495,5.3514,5.495,6473700.0
2002-10-14,5.49,5.52,5.415,5.4789,2842400.0
2002-10-15,5.47,5.691,5.47,5.68,9656600.0
2002-10-16,5.63,5.7649,5.6201,5.7202,13422400.0
2002-10-17,5.75,6.0299,5.75,5.964,18385400.0
2002-10-18,6.0606,6.1,5.93,5.9777,6398900.0
2002-10-21,5.9651,6.0564,5.92,5.97,6735300.0
2002-10-22,5.98,5.99,5.8105,5.83,7550300.0
2002-10-23,5.847,5.87,5.763,5.8,10448500.0
2002-10-24,5.78,5.78,5.65,5.708,15275500.0
2002-10-25,5.7267,5.8789,5.692,5.8299,12905700.0
2002-10-28,5.8899,5.998,5.88,5.968,16346200.0
2002-10-29,5.9799,5.9817,5.871,5.8949,7350600.0
2002-10-30,5.95,6.1399,5.88,6.1,16833900.0
2002-10-31,6.0431,6.3099,6.0333,6.309,18726400.0
2002-11-01,6.3,6.47,6.2401,6.4001,15761300.0
2002-11-04,6.475,6.56,6.4,6.547,8045700.0
2002-11-05,6.5002,6.525,6.28,6.28,9847400.0
2002-11-06,6.34,6.34,6.23,6.26,6336700.0
2002-11-10,6.25,6.33,6.25,6.2605,2457700.0
2002-11-11,6.282,6.2895,6.1701,6.2,4645900.0
2002-11-12,6.21,6.3869,6.171,6.3799,12909900.0
2002-11-13,6.39,6.454,6.38,6.39,12688500.0
2002-11-14,6.4,6.4001,6.316,6.38,7195300.0
2002-11-15,6.38,6.68,6.373,6.589,34200000.0
2002-11-18,6.63,6.733,6.5903,6.6201,10994500.0
2002-11-19,6.6201,6.6201,6.435,6.49,14526600.0
2002-11-20,6.49,6.6798,6.46,6.6645,12606400.0
2002-11-21,6.7,6.91,6.7,6.7705,18464400.0
2002-11-22,6.7945,6.8899,6.6,6.62,8213200.0
2002-11-25,6.63,6.7296,6.487,6.5129,7286800.0
2002-11-26,6.5249,6.5249,6.322,6.3501,14546000.0
2002-11-27,6.3699,6.482,6.35,6.475,9680900.0
2002-11-28,6.501,6.635,6.4652,6.6201,7926700.0
2002-11-29,6.648,6.67,6.57,6.6,8974700.0
2002-12-02,6.63,6.7599,6.5302,6.54,9784600.0
2002-12-03,6.573,6.5899,6.46,6.4915,7299100.0
2002-12-04,6.48,6.5688,6.34,6.392,7456200.0
2002-12-05,6.4094,6.474,6.4,6.43,3734300.0
2002-12-06,6.4834,6.4834,6.283,6.325,4476500.0
2002-12-09,6.34,6.35,6.1301,6.15,8445500.0
2002-12-10,6.1897,6.1897,6.05,6.0699,8503600.0
2002-12-11,6.08,6.1377,5.95,5.98,7507600.0
2002-12-15,6.0198,6.143,6.0,6.1189,6156400.0
2002-12-16,6.134,6.3586,6.1051,6.3586,18313300.0
2002-12-17,6.386,6.61,6.3006,6.597,26384700.0
2002-12-18,6.597,6.715,6.55,6.62,23683300.0
2002-12-19,6.6452,6.7049,6.62,6.6755,6086000.0
2002-12-20,6.651,6.725,6.62,6.63,7879000.0
2002-12-23,6.67,6.7,6.6,6.694,5259400.0
2002-12-24,6.69,6.71,6.516,6.563,6498700.0
2002-12-25,6.55,6.585,6.5051,6.5799,2290300.0
2002-12-26,6.6,6.65,6.52,6.588,1509800.0
2002-12-27,6.565,6.6557,6.56,6.64,3456500.0
2002-12-30,6.66,6.66,6.51,6.53,3986900.0
2002-12-31,6.55,6.55,6.44,6.4697,2176700.0
2003-01-04,6.4697,6.5499,6.41,6.5405,3643400.0
2003-01-05,6.52,6.56,6.49,6.5498,3167800.0
2003-01-08,6.62,6.915,6.6,6.9099,20641800.0
2003-01-09,6.9399,7.13,6.9105,7.125,31217800.0
2003-01-10,7.1202,7.25,7.02,7.23,17909500.0
2003-01-13,7.2,7.391,7.2,7.3151,18219600.0
2003-01-14,7.31,7.37,7.2001,7.235,19251000.0
2003-01-15,7.225,7.33,7.22,7.306,11353800.0
2003-01-16,7.311,7.37,7.2811,7.365,9178900.0
2003-01-17,7.3599,7.3897,7.16,7.2,15696500.0
2003-01-20,7.1601,7.2087,7.1,7.115,8335800.0
2003-01-21,7.11,7.249,6.945,7.0,16625800.0
2003-01-22,7.0,7.277,7.0,7.277,22683100.0
2003-01-23,7.25,7.454,7.22,7.3599,31422700.0
2003-01-24,7.38,7.39,7.26,7.3438,10515600.0
2003-01-27,7.38,7.38,7.1101,7.29,14581900.0
2003-01-28,7.2502,7.375,7.25,7.36,7255000.0
2003-01-29,7.3337,7.5198,7.29,7.5198,19159200.0
2003-01-30,7.53,7.6477,7.48,7.64,12584900.0
2003-01-31,7.649,7.749,7.5314,7.73,11574600.0
2003-02-03,7.75,7.8489,7.65,7.7908,13065100.0
2003-02-04,7.8,7.985,7.762,7.86,14184600.0
2003-02-05,7.8501,7.9,7.7806,7.88,6656500.0
2003-02-06,7.852,7.875,7.7,7.765,9262200.0
2003-02-07,7.7599,7.8999,7.741,7.86,11180100.0
2003-02-10,7.84,7.986,7.79,7.96,11216500.0
2003-02-11,7.95,7.995,7.8698,7.95,8844800.0
2003-02-12,7.9498,7.95,7.6301,7.65,12370500.0
2003-02-13,7.65,7.7294,7.555,7.6825,6776000.0
2003-02-14,7.729,7.75,7.67,7.74,4048800.0
2003-02-17,7.775,7.8333,7.747,7.804,2767100.0
2003-02-18,7.7993,7.8198,7.75,7.8198,1861200.0
2003-02-19,7.8199,7.827,7.64,7.65,4408900.0
2003-02-20,7.68,7.8,7.65,7.74,4380300.0
2003-02-21,7.75,7.839,7.73,7.761,4698600.0
2003-02-25,7.81,7.8699,7.73,7.7597,4822500.0
2003-02-26,7.79,7.79,7.615,7.68,7111500.0
2003-02-27,7.7,7.79,7.65,7.7814,5330800.0
2003-02-28,7.7,7.9,7.7,7.899,6683600.0
2003-03-03,7.92,8.17,7.9,8.158,11584800.0
2003-03-04,8.11,8.2195,8.07,8.092,5007700.0
2003-03-05,8.1,8.213,8.0025,8.2,9460100.0
2003-03-06,8.21,8.36,8.18,8.3101,10972200.0
2003-03-07,8.3,8.45,8.15,8.22,19134000.0
2003-03-11,8.2,8.3699,8.05,8.284,11468800.0
2003-03-12,8.301,8.3599,8.153,8.19,6590900.0
2003-03-13,8.1999,8.3902,8.17,8.33,11490100.0
2003-03-14,8.36,8.4399,8.252,8.27,8893900.0
2003-03-17,8.24,8.25,8.13,8.1302,5984500.0
2003-03-18,8.1898,8.1898,7.93,7.96,5590600.0
2003-03-19,7.99,8.1,7.9301,8.07,2891800.0
2003-03-20,8.05,8.09,7.81,7.93,4384800.0
2003-03-21,7.99,8.1396,7.87,8.12,3812200.0
2003-03-24,8.0327,8.1495,7.951,8.0749,7824600.0
2003-03-25,8.075,8.108,7.932,7.9889,4201500.0
2003-03-26,8.04,8.04,7.7701,7.79,4595900.0
2003-03-27,7.79,7.8293,7.5302,7.556,14009100.0
2003-03-28,7.56,7.669,7.4801,7.5815,8082400.0
2003-03-31,7.53,7.5798,7.4552,7.48,3146000.0
2003-04-01,7.4889,7.6,7.4889,7.5645,5089900.0
2003-04-02,7.5998,7.69,7.5998,7.6516,5820700.0
2003-04-03,7.66,7.72,7.5,7.5,5388600.0
2003-04-04,7.522,7.5499,7.4101,7.44,8719500.0
2003-04-07,7.4869,7.533,7.4402,7.5,5756300.0
2003-04-08,7.495,7.56,7.47,7.5,7483300.0
2003-04-09,7.52,7.635,7.5,7.611,19735100.0
2003-04-10,7.55,7.694,7.55,7.6,12495500.0
2003-04-11,7.6199,7.647,7.56,7.62,4115000.0
2003-04-14,7.6297,7.6699,7.5012,7.51,8835500.0
2003-04-15,7.5355,7.6,7.48,7.59,11394600.0
2003-04-16,7.6,7.73,7.532,7.5325,14608800.0
2003-04-17,7.515,7.58,7.465,7.5,7155100.0
2003-04-18,7.52,7.648,7.516,7.6295,14306600.0
2003-04-21,7.657,7.76,7.6,7.66,15571700.0
2003-04-22,7.6399,7.705,7.6399,7.67,3024100.0
2003-04-23,7.67,7.989,7.67,7.93,22402900.0
2003-04-24,7.93,7.97,7.75,7.799,13734200.0
2003-04-25,7.82,7.84,7.632,7.64,6927000.0
2003-04-28,7.64,7.64,7.451,7.48,22888000.0
2003-04-29,7.49,7.54,7.37,7.491,13729100.0
2003-04-30,7.5,7.535,7.1,7.15,16736100.0
2003-05-05,7.16,7.405,7.16,7.4,9961000.0
2003-05-06,7.4,7.65,7.3401,7.6498,19644200.0
2003-05-07,7.6525,7.678,7.52,7.55,12070600.0
2003-05-08,7.5251,7.582,7.5,7.555,4087900.0
2003-05-12,7.56,7.66,7.56,7.647,10389300.0
2003-05-13,7.65,7.926,7.65,7.894,32246100.0
2003-05-14,7.9151,7.945,7.8002,7.8214,18890200.0
2003-05-15,7.7999,7.9075,7.72,7.8,12498700.0
2003-05-16,7.8,8.14,7.7441,8.08,39919600.0
2003-05-19,8.1,8.2099,7.9632,8.0288,22732500.0
2003-05-20,8.0101,8.05,7.8177,7.85,15508900.0
2003-05-21,7.87,8.04,7.76,7.85,15705500.0
2003-05-22,7.9,7.989,7.83,7.86,16371000.0
2003-05-23,7.86,7.97,7.73,7.799,19984000.0
2003-05-26,7.8074,8.19,7.8074,8.13,22010700.0
2003-05-27,8.13,8.16,7.9605,7.99,15158200.0
2003-05-28,8.03,8.2,8.0,8.14,28133300.0
2003-05-29,8.11,8.11,7.9,7.97,19674900.0
2003-05-30,7.99,8.582,7.9701,8.53,57573100.0
2003-06-02,8.58,8.62,8.3422,8.48,35528800.0
2003-06-03,8.5,8.966,8.41,8.9299,55720300.0
2003-06-04,8.92,9.079,8.76,8.91,51829200.0
2003-06-05,8.94,9.11,8.83,8.9298,34991600.0
2003-06-06,8.9301,9.27,8.93,9.24,42070400.0
2003-06-09,9.24,9.6889,9.205,9.412,20548500.0
2003-06-10,9.42,9.52,9.07,9.1199,24101300.0
2003-06-11,9.1033,9.484,9.05,9.468,29049000.0
2003-06-16,9.88,10.3887,9.88,10.21,32053600.0
2003-06-17,10.25,10.77,10.1453,10.7,34997200.0
2003-06-18,10.7,10.9898,10.52,10.97,18368500.0
2003-06-19,10.9775,11.05,10.4501,10.5601,31966300.0
2003-06-20,10.5601,10.8244,10.4,10.5899,10472700.0
2003-06-21,10.55,10.6594,10.4,10.5439,3353100.0
2003-06-23,10.643,10.7489,10.23,10.24,8883200.0
2003-06-24,10.29,10.48,10.11,10.31,10531100.0
2003-06-25,10.37,10.56,10.329,10.398,5854900.0
2003-06-26,10.45,10.686,10.16,10.351,17239500.0
2003-06-27,10.4,10.481,10.112,10.35,8856000.0
2003-06-30,10.333,10.56,10.25,10.51,10501000.0
2003-07-01,10.505,10.65,10.3701,10.55,5579600.0
2003-07-02,10.64,10.8949,10.57,10.825,10093900.0
2003-07-03,10.8,10.8,10.5112,10.5989,4610700.0
2003-07-04,10.51,10.65,10.41,10.4852,6016200.0
2003-07-07,10.2678,10.74,10.2678,10.5191,6015000.0
2003-07-08,10.505,10.59,10.0,10.12,13875900.0
2003-07-09,10.1107,10.175,9.84,9.9383,7492700.0
2003-07-10,9.8675,9.9589,9.6701,9.78,13341300.0
2003-07-11,9.75,9.9,9.66,9.7839,6241000.0
2003-07-14,9.78,9.9317,9.72,9.9317,5826500.0
2003-07-15,9.9901,10.325,9.99,10.16,13597300.0
2003-07-16,10.18,10.2334,9.72,9.733,16028600.0
2003-07-17,9.75,9.8449,9.11,9.15,10997100.0
2003-07-18,9.1101,9.52,9.11,9.4,6264300.0
2003-07-21,9.79,9.8199,9.3758,9.8,6508200.0
2003-07-22,9.799,10.4,9.7603,10.3,17619300.0
2003-07-23,10.345,10.4899,10.0102,10.09,10510600.0
2003-07-24,10.1552,10.84,10.03,10.82,18409000.0
2003-07-25,10.79,11.44,10.62,10.8503,21181100.0
2003-07-28,10.845,11.3,10.8,11.1499,9483500.0
2003-07-29,11.14,11.14,10.505,10.84,11028400.0
2003-07-30,10.84,11.18,10.8011,11.0001,10412200.0
2003-07-31,11.0878,11.39,10.97,11.36,13830400.0
2003-08-01,10.9,11.4,10.9,11.29,6957300.0
2003-08-04,10.745,11.6,10.745,11.4979,6750900.0
2003-08-05,11.5555,11.61,11.233,11.3598,7312200.0
2003-08-06,11.35,11.7299,11.2501,11.64,12638700.0
2003-08-07,11.66,11.785,11.28,11.44,8973500.0
2003-08-08,11.435,11.58,11.2511,11.4,5813800.0
2003-08-11,11.4978,11.4978,11.3712,11.42,3372100.0
2003-08-12,11.465,11.7501,11.36,11.75,8529100.0
2003-08-13,11.75,12.1,11.7,12.03,15755300.0
2003-08-14,12.0,12.23,11.9377,12.027,12881000.0
2003-08-15,12.1,12.17,11.8,11.847,8238900.0
2003-08-18,11.8501,12.04,11.786,12.0,7374800.0
2003-08-19,12.0001,12.0889,11.88,12.0288,5243100.0
2003-08-20,12.029,12.349,11.72,12.3489,12732200.0
2003-08-21,12.305,12.4499,12.15,12.29,15102100.0
2003-08-22,12.3,12.32,12.05,12.228,5548900.0
2003-08-25,12.228,12.26,12.02,12.032,3080000.0
2003-08-26,12.0937,12.0937,11.8101,11.9016,5525900.0
2003-08-27,11.915,12.0,11.381,11.45,10866700.0
2003-08-28,11.4539,11.67,11.433,11.6213,7923800.0
2003-08-29,11.611,12.05,11.511,12.0479,11391100.0
2003-09-01,12.06,12.25,12.06,12.125,6351900.0
2003-09-02,12.145,12.235,12.04,12.15,7826800.0
2003-09-03,12.175,12.5,12.12,12.41,19405900.0
2003-09-04,12.407,12.6399,12.15,12.481,13252400.0
2003-09-05,12.5,12.56,12.3102,12.4799,3692500.0
2003-09-08,12.4223,12.67,12.38,12.58,7710000.0
2003-09-09,12.6444,12.91,12.59,12.7502,10841500.0
2003-09-10,12.731,12.888,12.64,12.7699,9480600.0
2003-09-11,12.7995,12.91,12.68,12.8898,8287200.0
2003-09-12,12.9,13.2969,12.8501,13.2969,11488400.0
2003-09-15,13.2992,13.559,13.2992,13.41,5950100.0
2003-09-16,13.43,13.715,13.35,13.6,10531600.0
2003-09-17,13.1389,13.8995,13.1389,13.7,16182200.0
2003-09-18,13.7,14.249,13.682,14.2487,13297800.0
2003-09-19,14.325,14.81,14.26,14.76,14533300.0
2003-09-22,14.8,15.0499,14.555,14.795,11382600.0
2003-09-23,14.704,15.148,14.704,15.05,12177900.0
2003-09-24,15.05,15.5399,14.882,15.0188,24640200.0
2003-09-25,15.005,15.005,14.6,14.69,11337100.0
2003-09-26,14.6777,14.8499,14.4702,14.67,6011400.0
2003-09-29,14.64,15.184,14.528,15.17,12210400.0
2003-09-30,15.2,15.29,15.05,15.12,8869900.0
2003-10-01,15.0905,15.2,14.9501,14.9501,6384200.0
2003-10-02,14.95,15.3401,14.95,15.1849,8808500.0
2003-10-03,15.1925,15.44,15.15,15.379,12480500.0
2003-10-06,15.4,15.96,15.2702,15.94,16260500.0
2003-10-07,15.985,17.0399,15.98,16.8,25719300.0
2003-10-08,16.9738,18.67,16.55,18.5301,41281000.0
2003-10-09,18.675,20.0,17.8501,17.99,40289600.0
2003-10-10,17.97,18.37,17.35,17.8,20353600.0
2003-10-13,17.745,18.8,17.65,18.75,17853900.0
2003-10-14,18.975,19.7,18.79,19.191,31004900.0
2003-10-15,19.225,19.53,18.62,19.02,22275800.0
2003-10-16,19.045,19.25,18.75,19.1,14220100.0
2003-10-17,19.15,19.25,18.28,18.6299,22886900.0
2003-10-20,18.585,18.8907,18.401,18.575,10063700.0
2003-10-21,18.515,18.647,17.45,17.57,21563900.0
2003-10-22,17.3001,17.7,17.011,17.17,17989900.0
2003-10-23,17.1695,17.7999,16.8022,17.799,17681300.0
2003-10-24,17.685,18.13,17.32,17.54,20752500.0
2003-10-27,16.4551,17.2499,14.64,17.04,28918400.0
2003-10-28,17.035,17.67,16.8,17.2501,15019200.0
2003-10-29,17.29,17.5447,16.5,17.4,15201600.0
2003-10-30,17.15,17.489,15.02,15.02,32905900.0
2003-10-31,15.5,16.19,15.3,15.785,11653700.0
2003-11-03,15.99,16.65,15.9002,16.599,14312500.0
2003-11-04,16.61,17.1999,16.4,16.9202,16336400.0
2003-11-05,17.01,17.44,16.6,17.3,18711200.0
2003-11-06,17.3,17.77,16.8102,17.0,14662400.0
2003-11-10,17.1,17.35,16.9,17.03,8869500.0
2003-11-11,17.14,17.14,16.27,16.52,16139000.0
2003-11-12,16.525,16.5799,15.45,16.1501,17190900.0
2003-11-13,16.475,16.48,15.9212,16.0,10571100.0
2003-11-14,15.95,16.0299,15.74,15.842,5783600.0
2003-11-17,15.825,16.49,15.75,16.35,19032000.0
2003-11-18,16.38,16.45,15.45,15.6997,18257500.0
2003-11-19,15.6003,15.81,14.77,15.087,18973600.0
2003-11-20,15.085,15.87,15.0001,15.496,10595100.0
2003-11-21,15.5,15.7956,15.211,15.65,10410300.0
2003-11-24,15.685,16.65,15.4105,16.63,16507200.0
2003-11-25,16.695,16.83,16.2101,16.81,19134000.0
2003-11-26,16.85,17.05,16.7,16.9,12836000.0
2003-11-27,16.97,17.0,16.62,16.83,11643800.0
2003-11-28,16.8959,17.437,16.4101,17.31,26543000.0
2003-12-01,17.3,17.3,16.0311,16.3505,33812900.0
2003-12-02,16.4,16.81,16.095,16.5,23538300.0
2003-12-03,16.595,17.05,16.36,17.0,17921800.0
2003-12-04,17.0485,17.195,16.5159,16.65,16249100.0
2003-12-05,16.7061,16.8395,16.42,16.67,8920400.0
2003-12-08,16.55,17.0555,16.15,16.94,14861200.0
2003-12-09,16.925,17.76,16.925,17.6144,29946500.0
2003-12-10,17.65,18.26,17.6487,17.8,30536300.0
2003-12-11,17.78,17.95,17.57,17.74,9415500.0
2003-12-15,17.8,18.1599,17.8,17.929,8650100.0
2003-12-16,17.995,18.09,17.87,17.9899,9709500.0
2003-12-17,18.0076,18.5877,18.0,18.35,30322600.0
2003-12-18,18.31,18.7999,18.31,18.79,14727900.0
2003-12-19,18.8043,19.0,18.73,18.97,15896100.0
2003-12-22,19.0,19.25,18.7503,19.19,17282800.0
2003-12-23,19.19,19.44,19.04,19.061,23039800.0
2003-12-24,19.085,19.2,18.564,18.6201,12560000.0
2003-12-25,18.65,18.89,18.561,18.7,10498200.0
2003-12-26,18.75,19.0,18.75,18.9,6518400.0
2003-12-29,19.01,19.14,18.87,18.9575,4537200.0
2003-12-30,19.0,19.0399,18.77,19.0,3892500.0
2004-01-05,19.7,20.58,19.6,20.5499,20347400.0
2004-01-06,20.65,21.18,20.4,20.77,19970700.0
2004-01-08,20.1611,20.31,19.51,19.87,25008700.0
2004-01-09,20.4,20.699,19.9,20.64,21036700.0
2004-01-12,20.7,20.77,20.14,20.19,11447600.0
2004-01-13,19.95,20.15,19.4001,19.41,27448600.0
2004-01-14,19.5,19.72,18.91,19.5803,28559000.0
2004-01-15,19.6,19.6,18.6,18.6495,27635000.0
2004-01-16,18.58,19.2994,18.58,19.139,21455700.0
2004-01-19,19.1995,19.3999,18.91,19.16,15630900.0
2004-01-20,19.1975,19.46,18.9502,19.065,20305900.0
2004-01-21,19.07,19.4,19.07,19.265,21610700.0
2004-01-22,19.4039,20.0886,19.18,20.02,42554600.0
2004-01-23,20.1,20.74,19.91,20.65,47477100.0
2004-01-26,20.72,20.73,19.9901,20.0,19239500.0
2004-01-27,20.1061,20.7,19.8602,20.3699,33457600.0
2004-01-28,20.45,20.74,20.25,20.5399,26941700.0
2004-01-29,20.5,21.07,20.3303,20.58,32282100.0
2004-01-30,20.395,20.75,20.0,20.588,34966300.0
2004-02-02,20.65,20.93,19.87,19.87,47649900.0
2004-02-03,19.6,20.19,19.2,20.0108,51229600.0
2004-02-04,20.045,20.4,19.8801,20.33,27119900.0
2004-02-05,20.4,20.495,20.05,20.05,16368600.0
2004-02-06,19.9,20.14,19.67,20.0,18823800.0
2004-02-09,20.0,20.2,19.877,20.02,22490200.0
2004-02-10,20.0124,20.09,19.525,19.58,29848700.0
2004-02-11,19.5801,19.65,19.2,19.279,34200300.0
2004-02-12,19.3,19.77,19.3,19.5484,34399000.0
2004-02-13,19.555,19.96,19.555,19.85,26734800.0
2004-02-16,19.985,20.05,19.6501,19.9898,15246700.0
2004-02-17,19.9975,20.2475,19.912,20.15,25931900.0
2004-02-18,19.8261,20.72,19.8261,20.57,47087000.0
2004-02-19,20.5695,20.67,20.0921,20.23,18636600.0
2004-02-20,20.36,20.4249,20.1701,20.28,13924100.0
2004-02-24,20.1,20.3,19.8311,20.15,28842500.0
2004-02-25,20.15,20.349,20.12,20.13,15189900.0
2004-02-26,20.14,20.26,20.0601,20.1366,11677600.0
2004-02-27,20.1,20.45,19.901,20.37,20196400.0
2004-03-01,20.4176,21.059,20.29,21.05,40366800.0
2004-03-02,21.11,21.69,21.11,21.3299,65275300.0
2004-03-03,21.195,21.43,21.0,21.12,47379200.0
2004-03-04,21.01,21.1777,20.5612,20.67,30686300.0
2004-03-05,20.6649,20.939,20.6201,20.81,21313500.0
2004-03-09,21.0101,21.22,20.8469,21.06,28950300.0
2004-03-10,21.19,21.19,20.27,20.3522,30132800.0
2004-03-11,20.3,20.42,19.86,19.962,28165900.0
2004-03-12,19.865,20.41,19.823,20.34,21369700.0
2004-03-15,20.4,20.59,20.05,20.05,21454900.0
2004-03-16,20.0,20.34,19.9605,20.33,15972400.0
2004-03-17,20.5,21.0,20.42,20.89,43300900.0
2004-03-18,20.9995,21.104,20.75,20.93,32250900.0
2004-03-19,21.12,21.44,20.97,21.35,46603100.0
2004-03-22,21.35,21.39,20.7555,21.1,17282300.0
2004-03-23,21.06,21.577,20.9161,21.4231,53910100.0
2004-03-24,21.411,21.64,20.911,21.0,43174600.0
2004-03-25,21.0205,21.134,20.67,20.9052,27863000.0
2004-03-26,20.985,21.0995,20.9206,20.99,13647700.0
2004-03-29,21.5275,21.74,20.97,21.3511,62228100.0
2004-03-30,21.46,21.55,21.1,21.16,29119900.0
2004-03-31,21.18,21.67,21.18,21.488,36568200.0
2004-04-01,21.5,22.2829,21.4,22.2699,93025200.0
2004-04-02,22.3,22.95,22.3,22.72,80469300.0
2004-04-05,22.8,22.94,22.505,22.68,33886000.0
2004-04-06,22.7,22.8,22.21,22.57,42030100.0
2004-04-07,22.49,22.8999,22.49,22.85,41060300.0
2004-04-08,22.935,23.28,22.83,23.15,37700100.0
2004-04-09,23.175,23.175,22.85,22.962,13668600.0
2004-04-12,23.105,23.2097,23.0159,23.1255,25523300.0
2004-04-13,23.575,23.575,22.25,22.3,31783600.0
2004-04-14,22.2,22.2,21.5101,21.59,34739100.0
2004-04-15,21.6,21.9,21.4201,21.62,27184700.0
2004-04-16,21.65,21.6995,21.13,21.21,19219900.0
2004-04-19,21.3,21.55,21.1501,21.5,13394200.0
2004-04-20,21.5056,21.6489,21.26,21.645,13507300.0
2004-04-21,21.6245,21.6245,20.0501,20.2986,35363300.0
2004-04-22,20.3,20.54,19.8001,19.9698,40326700.0
2004-04-23,20.0949,20.33,19.722,19.9005,16799400.0
2004-04-26,21.0,21.0,19.75,20.19,26341900.0
2004-04-27,20.015,20.18,19.48,19.9999,25376400.0
2004-04-28,20.1495,20.35,18.701,18.83,38799600.0
2004-04-29,18.595,18.6,16.53,16.86,57921300.0
2004-04-30,17.1,17.68,16.91,17.5,24683200.0
2004-05-05,17.71,18.5485,17.7,18.39,19822000.0
2004-05-06,18.435,18.5,17.9,18.0699,13615200.0
2004-05-07,17.99,17.99,16.81,17.2,19452200.0
2004-05-11,15.62,16.3398,15.311,16.04,22602000.0
2004-05-12,16.225,17.4,16.225,16.9796,30686400.0
2004-05-13,17.09,17.74,16.9911,17.74,27513700.0
2004-05-14,17.7399,17.8,17.02,17.19,14872500.0
2004-05-17,17.2,17.9,16.9,17.7885,34160800.0
2004-05-18,17.8,18.11,17.2501,17.27,26946000.0
2004-05-19,17.35,18.2,17.2,18.02,29155400.0
2004-05-20,18.0,18.25,17.82,18.0,17841000.0
2004-05-21,17.945,18.19,17.55,18.15,21686800.0
2004-05-24,18.345,18.51,18.23,18.33,18143500.0
2004-05-25,18.99,18.99,17.29,17.3,38129800.0
2004-05-26,17.33,17.9,17.33,17.72,25462700.0
2004-05-27,17.7,17.93,16.95,17.08,22939300.0
2004-05-28,17.05,17.1788,16.0001,16.0695,33199600.0
2004-05-31,16.15,16.47,15.89,16.4698,18102400.0
2004-06-01,16.435,16.65,15.43,15.51,27297300.0
2004-06-02,15.6495,15.86,15.1,15.75,39105800.0
2004-06-03,15.78,15.8495,14.6623,14.9217,52197200.0
2004-06-04,15.0,15.0,13.84,14.0,53581800.0
2004-06-07,14.1,14.76,14.1,14.71,35356700.0
2004-06-08,14.7655,15.65,14.55,15.49,39567500.0
2004-06-09,15.4991,15.7399,15.12,15.29,25602100.0
2004-06-10,15.2005,15.48,14.755,15.43,32429100.0
2004-06-11,15.5,16.0965,15.1727,15.815,46225500.0
2004-06-15,15.785,15.8995,14.76,14.92,35494900.0
2004-06-16,15.0509,15.06,14.2,15.0,34309200.0
2004-06-17,15.1049,16.9,14.9223,16.6,58932300.0
2004-06-18,16.795,17.25,16.551,17.11,59209400.0
2004-06-21,17.25,17.9599,17.2,17.6502,33506800.0
2004-06-22,17.7,17.7,16.9455,17.0,24361900.0
2004-06-23,16.951,17.3,16.4616,16.55,40117600.0
2004-06-24,16.55,16.99,16.3601,16.87,31656600.0
2004-06-25,16.885,17.04,16.5004,16.66,14376600.0
2004-06-28,16.6506,16.97,16.07,16.28,17057600.0
2004-06-29,16.25,16.37,15.65,15.8,20953300.0
2004-06-30,15.79,16.189,15.75,15.9697,19589800.0
2004-07-01,16.1545,16.689,15.05,15.6,45463700.0
2004-07-02,15.305,15.51,15.075,15.33,24378100.0
2004-07-05,15.105,15.7299,14.78,15.7,20656500.0
2004-07-06,15.75,16.28,15.6002,15.8731,38823100.0
2004-07-07,16.09,16.27,15.5101,16.05,20761700.0
2004-07-08,16.01,16.24,15.8135,16.06,16643500.0
2004-07-09,16.0026,16.0989,15.9,16.0289,11122600.0
2004-07-12,16.0101,16.44,16.0101,16.43,12794300.0
2004-07-13,16.4,16.6299,16.37,16.542,23036700.0
2004-07-14,16.695,16.72,16.06,16.55,22505600.0
2004-07-15,16.5178,16.72,16.415,16.605,12230000.0
2004-07-16,16.1199,16.6966,16.1199,16.62,9363800.0
2004-07-19,16.62,17.345,16.57,17.29,34836500.0
2004-07-20,17.22,17.53,16.51,16.6989,41849700.0
2004-07-21,16.685,16.92,16.112,16.16,22903300.0
2004-07-22,16.1757,16.1757,15.2001,15.4,39565000.0
2004-07-23,15.4501,15.87,15.45,15.571,14520300.0
2004-07-26,15.699,15.74,15.0755,15.1802,14332500.0
2004-07-27,15.23,15.4492,14.44,14.51,22274200.0
2004-07-28,14.5901,14.6999,12.92,12.98,40393300.0
2004-07-29,13.1,13.84,13.0508,13.7,37701300.0
2004-07-30,13.75,14.93,13.7001,14.9,35295200.0
2004-08-02,14.8564,15.5852,14.63,15.49,28342600.0
2004-08-03,15.445,15.445,15.07,15.1502,15948000.0
2004-08-04,15.15,15.4088,14.9,14.99,11445900.0
2004-08-05,15.15,15.7798,15.15,15.33,48444000.0
2004-08-06,15.195,15.48,14.77,15.42,36073000.0
2004-08-09,15.76,16.1298,15.6,15.7213,29676500.0
2004-08-10,15.3555,15.7555,15.3555,15.715,18157200.0
2004-08-11,15.7,15.85,15.0103,15.1,23849800.0
2004-08-12,15.0301,15.4755,15.0301,15.4205,14807100.0
2004-08-13,15.45,16.12,15.35,15.86,23482000.0
2004-08-16,15.9051,16.0999,15.6101,15.935,21495700.0
2004-08-17,15.8955,16.28,15.8955,16.25,26816900.0
2004-08-18,16.2655,16.38,15.51,15.57,44700200.0
2004-08-19,15.6218,16.07,15.59,15.92,24304400.0
2004-08-20,16.415,16.415,15.85,16.05,22672400.0
2004-08-23,16.0,16.0455,15.7312,16.02,15045300.0
2004-08-24,16.1,16.3,15.861,16.0208,21220100.0
2004-08-25,15.985,16.155,15.8525,16.0792,22762300.0
2004-08-26,16.19,16.2493,15.83,15.88,21133500.0
2004-08-27,15.8475,16.03,15.6501,15.9399,21881300.0
2004-08-30,15.915,16.06,15.75,15.86,10638300.0
2004-08-31,15.86,16.53,15.8115,16.42,40116300.0
2004-09-01,16.35,16.54,16.1,16.52,25667300.0
2004-09-02,16.48,16.85,16.4107,16.6,38413800.0
2004-09-03,16.6,16.7,16.25,16.66,29061500.0
2004-09-06,16.56,16.84,16.4103,16.794,16901100.0
2004-09-07,16.822,17.09,16.7012,16.91,45476500.0
2004-09-08,16.95,16.9897,16.7044,16.7539,22923700.0
2004-09-09,16.7675,16.825,16.6,16.634,21579000.0
2004-09-10,16.65,16.8648,16.5303,16.72,29242700.0
2004-09-13,16.76,17.03,16.7256,16.76,31175900.0
2004-09-14,16.7998,17.249,16.66,17.23,56066700.0
2004-09-15,17.2499,17.6955,17.171,17.62,48918900.0
2004-09-16,17.6651,17.9082,17.3,17.43,51209500.0
2004-09-17,17.405,17.6,17.31,17.455,21905000.0
2004-09-20,17.47,17.6994,17.35,17.42,27933800.0
2004-09-21,17.44,17.5498,17.361,17.4149,17471800.0
2004-09-22,17.465,17.545,17.0204,17.11,35011100.0
2004-09-23,17.1125,17.35,16.8411,17.16,42679400.0
2004-09-24,17.1815,17.39,17.15,17.3507,19172900.0
2004-09-27,17.4257,17.63,17.2006,17.24,41787900.0
2004-09-28,17.235,17.59,17.16,17.5497,41014900.0
2004-09-29,17.57,18.35,17.55,18.28,98710200.0
2004-09-30,18.28,18.85,18.27,18.58,61683500.0
2004-10-01,18.71,19.5514,18.7,19.35,104443300.0
2004-10-04,19.406,19.47,19.0105,19.0488,51613100.0
2004-10-05,19.07,19.4,19.07,19.33,43842700.0
2004-10-06,19.3835,19.6451,19.26,19.6,46047900.0
2004-10-07,19.6901,20.1,19.68,19.88,71482000.0
2004-10-08,19.9047,20.03,19.685,19.8905,35056500.0
2004-10-11,19.9481,20.38,19.8,20.25,54172700.0
2004-10-12,20.255,20.28,18.93,19.01,83419800.0
2004-10-13,19.02,19.1985,18.35,18.45,79676900.0
2004-10-14,18.4,18.4,17.92,18.035,89683900.0
2004-10-15,17.9,18.0,17.63,17.82,50334800.0
2004-10-18,18.045,18.41,18.03,18.329,51843800.0
2004-10-19,18.33,18.52,18.055,18.3899,49478100.0
2004-10-20,18.345,18.3988,17.3,17.4851,55040800.0
2004-10-21,17.5011,18.039,17.313,17.74,75240000.0
2004-10-22,17.869,18.445,17.75,18.4,46525900.0
2004-10-25,18.3995,18.68,18.025,18.18,37648500.0
2004-10-26,18.2056,18.47,17.775,18.45,34579000.0
2004-10-27,18.5,18.79,18.461,18.668,41833700.0
2004-10-28,18.69,18.75,17.4111,17.67,94213300.0
2004-10-29,17.6753,18.1,17.5656,17.92,55086200.0
2004-11-01,18.0001,18.2112,17.76,17.7715,25864300.0
2004-11-02,17.775,17.775,17.2201,17.7399,36255300.0
2004-11-03,17.8105,17.9798,17.504,17.849,25657900.0
2004-11-04,17.815,18.251,17.4001,18.19,54483300.0
2004-11-05,18.3,18.41,18.15,18.32,33559600.0
2004-11-09,18.32,18.5199,18.058,18.1501,47325500.0
2004-11-10,18.2234,18.2234,17.831,18.0,30115300.0
2004-11-11,18.0,18.24,17.65,17.8,40345000.0
2004-11-12,17.8009,18.0,17.772,17.8935,17346300.0
2004-11-15,18.005,18.088,17.9,17.93,27300000.0
2004-11-16,18.22,18.22,17.706,17.7987,25329800.0
2004-11-17,17.795,18.0614,17.745,18.0195,31944500.0
2004-11-18,17.8995,18.1985,17.75,18.0,54688900.0
2004-11-19,18.0,18.06,16.7,16.9298,85449100.0
2004-11-22,16.995,17.315,16.8,17.14,32244700.0
2004-11-23,17.194,17.23,16.5153,16.62,58404200.0
2004-11-24,16.5305,16.83,15.9,16.4,69250500.0
2004-11-25,16.4,16.79,15.76,16.79,83850800.0
2004-11-26,16.7313,17.0698,16.4888,16.611,42425100.0
2004-11-29,16.6,16.8,16.2303,16.45,20747200.0
2004-11-30,16.675,16.88,16.3,16.4,36254900.0
2004-12-01,16.4,16.4,15.3203,15.4877,57382300.0
2004-12-02,15.82,16.2,15.25,15.5,60136900.0
2004-12-03,15.45,16.0888,14.9001,15.22,83720500.0
2004-12-06,15.29,15.4,14.8888,15.07,44023000.0
2004-12-07,15.0725,15.31,14.74,14.8,59315500.0
2004-12-08,14.6425,14.98,12.95,13.43,126165300.0
2004-12-09,13.6,13.79,12.2505,12.53,85419800.0
2004-12-10,12.525,12.9,11.92,12.31,62648700.0
2004-12-14,12.505,13.6199,12.505,13.55,62452200.0
2004-12-15,13.61,13.768,13.2101,13.52,47959700.0
2004-12-16,13.245,13.65,13.22,13.31,30234600.0
2004-12-17,13.3246,13.4,12.665,12.79,57598100.0
2004-12-20,12.8,13.4998,12.441,13.46,35156800.0
2004-12-21,13.5,14.5551,13.5,14.1,93731500.0
2004-12-22,14.02,14.3849,13.859,14.0801,43741500.0
2004-12-23,14.025,14.7975,14.025,14.69,54353400.0
2004-12-24,14.705,15.03,14.6501,14.855,34025500.0
2004-12-27,14.92,15.45,14.7702,15.4,24049000.0
2004-12-28,15.405,15.7367,14.9,15.0,47677500.0
2004-12-29,15.07,15.325,14.711,15.28,40812600.0
2004-12-30,15.29,15.4,15.025,15.07,26920100.0
2005-01-11,14.495,15.2,14.3,14.555,49770600.0
2005-01-12,14.55,14.8499,14.16,14.405,43027800.0
2005-01-13,14.42,14.6,14.2011,14.32,27740600.0
2005-01-14,14.76,15.1,14.25,14.7001,42432600.0
2005-01-17,14.6,15.3995,14.6,14.69,62031600.0
2005-01-18,14.7435,15.0,14.25,14.41,66016200.0
2005-01-19,14.45,14.8749,14.3,14.8749,51370200.0
2005-01-20,14.919,14.919,14.36,14.545,67714400.0
2005-01-21,14.54,14.9,14.4655,14.815,31878500.0
2005-01-24,15.0,15.35,14.84,15.345,60114200.0
2005-01-25,15.41,15.67,15.25,15.45,91345100.0
2005-01-26,15.449,15.5948,15.2102,15.387,44654900.0
2005-01-27,15.4001,15.653,15.31,15.58,43327300.0
2005-01-28,15.55,16.3199,15.4498,16.25,99890300.0
2005-01-31,16.27,16.74,15.91,16.14,90671600.0
2005-02-01,16.145,16.4963,16.0306,16.417,81669900.0
2005-02-02,16.3851,16.7244,16.35,16.4501,75614400.0
2005-02-03,16.499,16.63,16.37,16.41,57495500.0
2005-02-04,16.41,16.495,16.181,16.3663,48870000.0
2005-02-07,16.402,16.55,16.057,16.07,59699200.0
2005-02-08,16.07,16.389,15.831,16.3202,50508500.0
2005-02-09,16.42,16.55,16.0777,16.15,72276300.0
2005-02-10,16.15,16.2499,15.9211,16.2499,45895100.0
2005-02-11,16.252,16.3399,15.93,16.04,51480100.0
2005-02-14,16.05,16.15,15.85,15.91,35498200.0
2005-02-15,15.8612,16.2,15.84,16.19,36326300.0
2005-02-16,16.217,16.419,16.19,16.33,32576000.0
2005-02-17,16.3888,16.5,16.3507,16.4364,27143100.0
2005-02-18,16.4301,16.52,16.27,16.38,44742900.0
2005-02-21,16.4111,16.6849,16.4001,16.659,38987900.0
2005-02-22,16.6868,16.78,16.5783,16.7,63606700.0
2005-02-24,16.89,17.4554,16.89,17.45,78879000.0
2005-02-25,17.519,17.69,17.3515,17.5173,69373900.0
2005-02-28,17.482,18.345,17.4322,18.32,99690600.0
2005-03-01,18.3,18.3,17.73,17.7801,85060900.0
2005-03-02,17.77,18.02,17.16,17.2,112671100.0
2005-03-03,17.25,17.45,17.07,17.339,66474200.0
2005-03-04,17.37,17.768,17.37,17.735,58419900.0
2005-03-05,17.7777,17.8,17.6601,17.77,15422900.0
2005-03-09,17.92,18.11,17.5672,17.85,72017500.0
2005-03-10,17.848,17.9,17.2,17.339,71751100.0
2005-03-11,17.309,17.4377,17.01,17.4,65902700.0
2005-03-14,17.4,17.46,16.9,17.0,46389100.0
2005-03-15,17.0476,17.32,16.85,16.96,67004200.0
2005-03-16,16.9915,17.065,16.2608,16.31,103400000.0
2005-03-17,16.3115,16.6198,16.3115,16.525,57007000.0
2005-03-18,16.5525,16.7888,16.25,16.3,66528200.0
2005-03-21,16.3506,16.4988,15.775,15.8299,87007500.0
2005-03-22,15.82,16.1499,15.6701,16.09,62795500.0
2005-03-23,15.9995,15.9995,15.2701,15.5,99615700.0
2005-03-24,15.55,16.4783,15.5001,16.43,108749800.0
2005-03-25,16.4948,16.7777,16.4895,16.67,46511800.0
2005-03-28,16.6575,16.74,16.25,16.65,30968400.0
2005-03-29,16.6,16.79,16.36,16.452,41455600.0
2005-03-30,16.39,16.39,16.03,16.0999,44502100.0
2005-03-31,16.155,16.43,16.05,16.39,59103700.0
2005-04-01,16.41,16.6957,16.285,16.66,39498400.0
2005-04-04,16.654,16.914,16.43,16.43,82327400.0
2005-04-05,16.4525,16.749,16.4319,16.64,52402400.0
2005-04-06,16.69,17.2,16.6531,17.1399,117874900.0
2005-04-07,17.22,17.54,17.1825,17.37,122108800.0
2005-04-08,17.35,17.69,17.2,17.53,89757500.0
2005-04-11,17.55,17.58,16.6,17.02,161853100.0
2005-04-12,16.5995,17.13,16.5311,16.8287,94850900.0
2005-04-13,16.935,17.11,16.61,16.701,106598300.0
2005-04-14,16.6,16.6404,16.31,16.3899,88356100.0
2005-04-15,16.34,16.34,15.9002,16.055,94169800.0
2005-04-18,15.8999,15.9493,15.51,15.65,111626700.0
2005-04-19,15.6505,16.0581,15.6505,16.0355,99968300.0
2005-04-20,16.095,16.34,15.79,15.8001,85282500.0
2005-04-21,15.75,16.2,15.73,16.15,70725200.0
2005-04-22,16.24,16.2988,15.826,16.11,73726300.0
2005-04-25,16.195,16.42,16.1207,16.21,62308300.0
2005-04-26,16.25,16.35,16.09,16.18,48936200.0
2005-04-27,16.1775,16.1775,15.67,15.68,72061600.0
2005-04-28,15.72,15.91,15.5714,15.72,66188700.0
2005-04-29,15.65,15.75,15.4502,15.5887,55788500.0
2005-05-03,15.6148,15.7596,15.6148,15.73,19041600.0
2005-05-04,15.7503,15.9,15.6549,15.8,39671700.0
2005-05-05,15.9,16.03,15.7712,15.835,59173900.0
2005-05-06,15.852,16.0,15.7735,15.876,42403900.0
2005-05-11,16.0,16.14,15.811,15.92,65884200.0
2005-05-12,15.9504,15.99,15.7002,15.752,38596900.0
2005-05-13,15.7,15.72,15.3101,15.5,80034800.0
2005-05-14,15.5,15.5,15.3903,15.4402,10529100.0
2005-05-16,15.4987,15.4987,14.9819,15.0102,49546700.0
2005-05-17,15.135,15.5498,14.9155,15.5299,88516600.0
2005-05-18,15.6199,15.63,15.35,15.4,56427900.0
2005-05-19,15.55,15.7185,15.42,15.47,77985000.0
2005-05-20,15.49,15.54,15.37,15.502,31893700.0
2005-05-23,15.9725,15.9725,15.4522,15.5999,28649800.0
2005-05-24,15.6451,16.3697,15.61,16.3414,104931600.0
2005-05-25,16.3407,16.3998,16.05,16.0723,61355500.0
2005-05-26,16.5362,16.5362,16.0221,16.189,45904200.0
2005-05-27,16.28,16.42,16.2356,16.29,68001300.0
2005-05-30,16.24,16.38,16.08,16.14,30446900.0
2005-05-31,16.14,16.5295,16.05,16.4201,72435900.0
2005-06-01,16.495,16.495,16.1095,16.233,70271400.0
2005-06-02,16.26,16.67,16.26,16.6298,96175800.0
2005-06-03,16.6433,16.769,16.5635,16.6202,53872000.0
2005-06-06,16.6295,16.63,16.3256,16.45,54278900.0
2005-06-07,16.45,16.5332,16.2,16.3311,77310600.0
2005-06-08,16.3323,16.4,16.1502,16.27,29506800.0
2005-06-09,16.3,16.4,16.2,16.25,39709700.0
2005-06-10,16.28,16.4,16.27,16.33,39945400.0
2005-06-14,16.4722,16.82,16.4011,16.745,65371500.0
2005-06-15,16.7475,16.88,16.7001,16.8697,58104300.0
2005-06-16,16.8994,17.1978,16.89,17.1595,124729300.0
2005-06-17,17.2003,17.344,17.1111,17.3205,83069100.0
2005-06-20,17.35,17.429,17.19,17.2599,52677400.0
2005-06-21,17.1911,17.244,17.03,17.11,57705300.0
2005-06-22,17.1395,17.5,17.101,17.46,84074500.0
2005-06-23,17.495,17.5502,17.3555,17.4303,81172900.0
2005-06-24,17.376,17.4,17.17,17.34,56473900.0
2005-06-27,16.8255,17.28,16.8255,17.035,55815000.0
2005-06-28,17.1025,17.15,16.8201,17.065,92116200.0
2005-06-29,17.1,17.245,16.93,17.07,102230100.0
2005-06-30,17.0701,17.43,17.07,17.365,91762100.0
2005-07-01,17.35,17.58,17.3,17.58,74025700.0
2005-07-04,17.6006,17.7171,17.39,17.416,53588100.0
2005-07-05,17.555,17.555,17.32,17.4585,51096300.0
2005-07-06,17.49,18.0899,17.4701,18.07,90942200.0
2005-07-07,18.0138,18.285,17.5212,18.0522,211276600.0
2005-07-08,18.1194,18.5199,18.1187,18.4488,138608300.0
2005-07-11,18.49,18.5355,18.2601,18.4999,70676100.0
2005-07-12,18.51,18.5997,18.27,18.535,51748800.0
2005-07-13,18.5325,18.8445,18.4622,18.6401,59819800.0
2005-07-14,18.65,18.718,18.4712,18.5713,44100400.0
2005-07-15,18.52,18.5599,18.3,18.36,43151400.0
2005-07-18,18.3999,18.496,18.1505,18.2687,40996100.0
2005-07-19,18.2629,18.43,18.26,18.405,44471900.0
2005-07-20,18.42,18.77,18.4112,18.68,60811400.0
2005-07-21,18.7275,18.88,18.58,18.74,75408100.0
2005-07-22,18.73,19.5,18.58,19.25,84667300.0
2005-07-25,19.35,19.5398,19.1406,19.35,68775100.0
2005-07-26,19.35,19.45,19.0,19.11,58232200.0
2005-07-27,19.11,19.379,19.11,19.2448,31964000.0
2005-07-28,19.2713,19.55,19.2612,19.53,57588800.0
2005-07-29,19.55,19.9236,19.55,19.685,74186200.0
2005-08-01,19.6948,19.9,19.41,19.77,49531000.0
2005-08-02,19.8375,19.9975,19.7857,19.9669,53350800.0
2005-08-03,20.0,20.0579,19.5761,19.7399,79851800.0
2005-08-04,19.79,20.105,19.62,20.04,61529300.0
2005-08-05,20.0051,20.1,19.8551,20.06,36054700.0
2005-08-08,20.1,20.24,19.99,20.0799,50747700.0
2005-08-09,20.617,20.617,19.9602,20.12,46055000.0
2005-08-10,20.12,20.18,19.81,19.91,62412900.0
2005-08-11,19.929,20.0595,19.61,19.66,62033900.0
2005-08-12,19.6999,19.93,19.4801,19.79,54340500.0
2005-08-15,19.7752,20.0,19.67,19.9199,28714200.0
2005-08-16,19.9649,20.56,19.9497,20.34,94020500.0
2005-08-17,20.3,20.6261,20.125,20.375,97167000.0
2005-08-18,20.288,20.3789,20.0,20.2,67329500.0
2005-08-19,20.2,20.38,20.133,20.3201,44254100.0
2005-08-22,20.3495,20.5542,20.0598,20.304,73073400.0
2005-08-23,20.3781,20.425,20.17,20.2408,29308600.0
2005-08-24,20.235,20.33,20.1,20.27,42601300.0
2005-08-25,20.2201,20.28,20.1,20.1636,27508000.0
2005-08-26,20.1718,20.32,20.06,20.21,47146300.0
2005-08-29,20.1501,20.2688,20.08,20.23,26405200.0
2005-08-30,20.1206,20.613,20.1206,20.362,73216500.0
2005-08-31,20.3599,20.45,20.07,20.352,48168200.0
2005-09-01,20.4005,20.9,20.31,20.7688,67996500.0
2005-09-02,20.87,21.4699,20.85,21.43,99126100.0
2005-09-05,21.5481,21.75,21.339,21.5367,86945000.0
2005-09-06,21.5003,21.588,20.7411,20.89,124244400.0
2005-09-07,20.975,21.15,20.2701,20.54,111245500.0
2005-09-08,20.61,20.898,20.31,20.8,62185800.0
2005-09-09,21.0575,21.44,20.81,21.3189,62201500.0
2005-09-12,21.3688,21.4975,21.1,21.22,41625500.0
2005-09-13,20.8151,21.4,20.8151,21.15,35179200.0
2005-09-14,21.085,21.245,20.752,21.245,32050000.0
2005-09-15,21.26,21.342,21.1511,21.249,30098600.0
2005-09-16,21.2,21.2,20.7804,20.9,47275500.0
2005-09-19,20.82,21.5797,20.82,21.35,81271300.0
2005-09-20,21.4,21.99,20.967,21.2502,66786800.0
2005-09-21,21.215,21.42,20.9,21.42,46764600.0
2005-09-22,21.55,22.22,21.37,21.69,118827000.0
2005-09-23,21.6975,21.989,21.53,21.6602,49225800.0
2005-09-26,21.55,21.597,21.28,21.4,26241800.0
2005-09-27,21.4373,22.5697,21.4373,22.55,127045000.0
2005-09-28,22.5506,22.79,22.1802,22.68,84416100.0
2005-09-29,22.8,22.97,22.315,22.36,59150500.0
2005-09-30,22.4994,22.779,22.4994,22.6001,28670600.0
2005-10-03,22.6061,23.49,22.39,23.45,57393000.0
2005-10-04,23.5,23.7388,23.33,23.5201,101071200.0
2005-10-05,23.35,23.35,22.44,22.5,90991900.0
2005-10-06,22.2925,22.2925,21.0373,21.1111,89607000.0
2005-10-07,21.1306,21.42,20.85,21.07,48148000.0
2005-10-10,21.1455,21.68,21.1455,21.59,45737700.0
2005-10-11,21.5,22.19,21.3178,22.149,53462900.0
2005-10-12,22.2,22.4,21.1201,21.24,50335000.0
2005-10-13,21.0578,21.375,20.51,20.7997,73539200.0
2005-10-14,20.7105,20.8475,20.005,20.24,70295700.0
2005-10-17,21.07,21.07,19.8201,20.4099,46847200.0
2005-10-18,20.57,20.7884,20.2232,20.2758,31539700.0
2005-10-19,19.9946,19.9946,19.3212,19.3505,69213400.0
2005-10-20,19.6439,19.91,19.302,19.43,38931500.0
2005-10-21,19.025,19.8436,18.9,19.68,55630300.0
2005-10-24,19.4125,20.551,19.4125,20.21,61849800.0
2005-10-25,20.465,20.599,19.9122,20.28,56994700.0
2005-10-26,20.345,20.59,20.0888,20.38,26956900.0
2005-10-27,20.355,20.4,19.76,19.887,40789700.0
2005-10-28,19.8,20.28,19.65,20.16,18100800.0
2005-10-31,20.28,20.955,20.18,20.93,46980700.0
2005-11-01,20.98,21.47,20.8502,21.1689,70239200.0
2005-11-02,21.2462,21.77,21.2107,21.69,44241400.0
2005-11-03,21.8,21.87,21.2704,21.49,42406100.0
2005-11-07,21.3,21.95,21.12,21.61,37344200.0
2005-11-08,21.5725,22.0389,21.45,21.89,38634600.0
2005-11-09,22.09,22.3888,21.8012,22.049,49935800.0
2005-11-10,22.1,22.27,21.9002,22.0002,55688900.0
2005-11-11,21.9892,22.1,21.9,21.91,40655900.0
2005-11-14,21.6888,22.43,21.61,22.34,34330200.0
2005-11-15,22.3402,22.3999,22.1,22.235,25220300.0
2005-11-16,22.22,22.65,22.11,22.64,46536400.0
2005-11-17,22.8,23.5055,22.8,23.313,78736400.0
2005-11-18,23.35,23.85,23.16,23.7505,72040400.0
2005-11-21,23.91,24.21,23.545,23.55,79525700.0
2005-11-22,23.75,23.915,23.15,23.15,85792800.0
2005-11-23,23.2399,23.43,23.0862,23.25,36057800.0
2005-11-24,23.28,24.13,23.28,24.1,54685400.0
2005-11-25,24.12,24.84,23.87,24.83,102643800.0
2005-11-28,24.91,25.2699,24.55,24.6,96186200.0
2005-11-29,24.59,24.68,24.2166,24.4115,71865300.0
2005-11-30,24.388,24.45,24.1301,24.31,60537900.0
2005-12-01,24.399,24.97,24.35,24.96,78499000.0
2005-12-02,25.19,25.68,24.7601,25.51,124385900.0
2005-12-05,25.51,25.76,24.9725,25.32,71776100.0
2005-12-06,25.42,25.54,24.85,25.1024,61558100.0
2005-12-07,25.2485,25.4,24.97,25.11,77113100.0
2005-12-08,24.95,24.95,24.27,24.8,60681000.0
2005-12-09,24.9999,25.1498,24.401,24.8,59165300.0
2005-12-12,24.9607,25.3475,24.8112,25.22,45067000.0
2005-12-13,25.23,25.2587,25.0085,25.1399,27310100.0
2005-12-14,25.16,25.21,24.7111,25.0215,45814500.0
2005-12-15,25.025,25.0797,24.611,24.7,53975800.0
2005-12-16,24.6412,24.79,24.5,24.59,42149600.0
2005-12-19,24.59,24.78,24.4301,24.7,27591500.0
2005-12-20,24.71,24.939,24.55,24.8874,28863800.0
2005-12-21,24.95,25.195,24.9,25.139,48808900.0
2005-12-22,25.1747,25.97,25.17,25.8999,86610300.0
2005-12-23,25.9605,26.17,25.79,25.79,64258000.0
2005-12-26,25.9,26.1498,25.6502,25.68,18926900.0
2005-12-27,25.68,25.8877,25.55,25.6,26096000.0
2005-12-28,25.5,25.7499,25.3801,25.5,41127800.0
2005-12-29,25.5,25.74,25.45,25.53,28065700.0
2005-12-30,25.6199,25.85,25.5,25.5753,12422800.0
2006-01-10,24.8849,25.2393,22.8303,23.57,58065700.0
2006-01-11,23.5,23.5873,22.47,22.621,49804100.0
2006-01-12,22.5698,22.6979,22.2177,22.321,34139500.0
2006-01-13,22.25,22.3,21.305,21.5,47065500.0
2006-01-16,21.55,22.55,21.55,22.35,55207800.0
2006-01-17,22.5,22.9,21.62,22.0,54418400.0
2006-01-18,21.67,22.18,21.45,21.8201,52170500.0
2006-01-19,21.79,22.73,21.75,22.6999,94988200.0
2006-01-20,22.8,23.4871,22.6203,23.43,82083600.0
2006-01-23,23.35,23.54,22.7,23.1813,48411000.0
2006-01-24,23.2003,23.5899,23.0,23.382,57868600.0
2006-01-25,23.4347,23.84,23.0602,23.83,63605900.0
2006-01-26,23.75,24.98,23.73,24.5601,117911800.0
2006-01-27,24.85,25.3497,24.79,25.3489,81627100.0
2006-01-30,25.489,25.7033,24.4,24.625,73796700.0
2006-01-31,24.705,24.9699,23.8122,24.1098,72818800.0
2006-02-01,24.03,24.9223,23.625,24.651,55346000.0
2006-02-02,24.731,24.88,24.3924,24.47,22554500.0
2006-02-03,24.3924,24.45,23.7102,24.0478,58073500.0
2006-02-06,24.12,24.38,24.0201,24.14,36332300.0
2006-02-07,24.11,24.35,23.9011,24.0901,43998900.0
2006-02-08,23.8901,24.0799,23.512,24.005,46679200.0
2006-02-09,23.97,24.64,23.97,24.61,37486700.0
2006-02-10,24.72,24.8745,24.4,24.5555,31668400.0
2006-02-13,24.33,24.4818,24.07,24.2502,25483000.0
2006-02-14,24.1,24.7,24.04,24.24,27349000.0
2006-02-15,24.365,24.66,24.0001,24.445,41087300.0
2006-02-16,24.4,25.35,24.31,25.155,74504900.0
2006-02-17,25.2698,26.4,25.1895,26.37,130808000.0
2006-02-20,26.5,26.84,26.06,26.222,70029900.0
2006-02-21,26.399,26.55,25.9001,26.02,79243500.0
2006-02-22,25.95,26.689,25.7201,26.4,57929200.0
2006-02-26,26.5897,27.028,26.5,26.71,47619500.0
2006-02-27,26.75,26.9797,25.98,26.0,57871100.0
2006-02-28,25.95,26.3999,24.8,24.9,66047400.0
2006-03-01,24.9,25.2,23.96,24.8,72017600.0
2006-03-02,25.0997,25.25,24.66,25.21,28574500.0
2006-03-03,25.34,25.62,25.03,25.25,33951200.0
2006-03-06,25.29,25.4,24.9101,25.04,21086900.0
2006-03-07,24.88,24.899,23.6,23.7,39684900.0
2006-03-09,23.2,23.63,22.87,23.56,53105100.0
2006-03-10,23.39,23.9,22.96,23.3,34488200.0
2006-03-13,23.51,24.24,23.45,24.18,32867300.0
2006-03-14,24.23,24.48,23.1226,23.6,44125000.0
2006-03-15,24.001,24.0783,23.651,23.89,26264500.0
2006-03-16,23.95,24.24,23.5295,24.07,25587700.0
2006-03-17,24.22,25.25,24.22,25.15,49827100.0
2006-03-20,25.15,25.3999,24.53,24.57,26970100.0
2006-03-21,24.4005,24.879,24.15,24.69,22037300.0
2006-03-22,24.25,24.89,24.2499,24.89,10920900.0
2006-03-23,25.01,25.2979,24.6101,24.9,30329600.0
2006-03-24,25.0,25.39,24.81,25.28,40254300.0
2006-03-27,25.4,25.893,25.35,25.86,44930600.0
2006-03-28,25.8698,26.14,25.3111,25.5899,48610300.0
2006-03-29,25.46,25.588,24.6565,24.8,41089000.0
2006-03-30,25.03,26.249,25.0,26.23,92861800.0
2006-03-31,26.29,26.55,25.77,26.0849,66689300.0
2006-04-03,26.1001,26.38,26.061,26.34,37947000.0
2006-04-04,26.47,26.6,26.03,26.19,38982300.0
2006-04-05,26.2511,27.17,26.0001,27.1026,75276100.0
2006-04-06,27.2199,27.6,27.0594,27.2755,51483200.0
2006-04-07,27.15,28.8,27.05,28.5,109051000.0
2006-04-10,28.28,30.1998,27.91,29.9758,120785900.0
2006-04-11,30.2,30.74,29.6124,29.8,162741900.0
2006-04-12,29.951,31.04,29.67,31.025,103485900.0
2006-04-13,31.1,31.9,30.11,30.465,183384700.0
2006-04-14,30.7099,31.0776,30.15,30.69,69278800.0
2006-04-17,30.92,31.2,30.5415,30.889,51292100.0
2006-04-18,31.17,31.52,30.81,31.3885,103582600.0
2006-04-19,31.66,31.95,31.3001,31.875,66461400.0
2006-04-20,31.963,32.69,31.64,32.05,111170700.0
2006-04-21,31.7502,32.94,31.5,32.61,105741900.0
2006-04-24,32.8,34.55,32.75,34.5298,123259200.0
2006-04-25,34.43,35.5999,34.01,34.6612,158131100.0
2006-04-26,34.922,35.55,34.72,35.04,81391900.0
2006-04-27,35.15,35.1998,32.17,33.2,140235700.0
2006-04-28,33.15,34.7969,32.52,34.44,67252000.0
2006-05-02,34.89,36.3999,34.89,36.27,85185700.0
2006-05-03,36.72,37.65,36.1501,36.9538,117741900.0
2006-05-04,36.7,39.2,36.33,39.2,96314400.0
2006-05-05,39.4867,40.3,38.821,39.65,173563800.0
2006-05-06,39.95,40.15,39.41,40.05,59541500.0
2006-05-10,41.0,42.56,40.5111,40.9003,154857800.0
2006-05-11,41.46,42.7,38.2002,41.35,201944600.0
2006-05-12,40.9,40.9,38.33,38.6,106250400.0
2006-05-15,38.0101,38.3887,35.27,35.7108,154089300.0
2006-05-16,35.3601,37.1,34.29,36.48,186476600.0
2006-05-17,36.84,38.6,35.0102,35.251,241763100.0
2006-05-18,34.3612,35.3879,32.8,34.13,190169000.0
2006-05-19,34.3,35.1,32.6,32.8,128309300.0
2006-05-22,32.3792,32.6995,28.02,29.0,164782100.0
2006-05-23,29.9001,32.35,28.25,32.1,159332800.0
2006-05-24,32.08,32.89,29.811,31.15,187442700.0
2006-05-25,30.2,33.8,30.0303,33.8,149117000.0
2006-05-26,34.29,35.72,34.1,35.38,139259100.0
2006-05-29,36.38,36.5993,34.6,34.8499,135469900.0
2006-05-30,34.948,35.2501,32.95,33.67,156037800.0
2006-05-31,32.72,33.3299,31.71,32.4314,142115200.0
2006-06-01,32.5,32.78,31.5674,31.93,85621400.0
2006-06-02,32.14,33.8713,32.1,33.76,88949500.0
2006-06-05,34.15,34.83,33.2,33.3935,70852700.0
2006-06-06,32.5174,32.7,31.0,31.111,76659800.0
2006-06-07,30.91,31.38,29.51,30.7,70012100.0
2006-06-08,29.7,30.3644,28.52,28.8156,105174000.0
2006-06-09,29.7,30.4599,28.5,28.58,74543200.0
2006-06-13,27.02,27.4398,24.551,25.1091,105466000.0
2006-06-14,25.0,28.0,24.4,26.94,120654600.0
2006-06-15,27.65,28.8988,27.2143,28.8988,89584100.0
2006-06-16,29.93,30.49,27.33,28.06,151539300.0
2006-06-19,28.0103,28.85,27.82,28.07,56557100.0
2006-06-20,27.62,29.0099,27.03,29.0,52906000.0
2006-06-21,29.0,29.69,28.07,29.3999,86811500.0
2006-06-22,30.27,30.7,28.023,28.07,112608600.0
2006-06-23,28.1777,28.5,27.37,27.85,60262600.0
2006-06-26,27.98,28.995,27.71,28.995,42209500.0
2006-06-27,29.29,31.789,28.86,31.15,149015600.0
2006-06-28,30.66,32.1,29.8,32.0301,132908200.0
2006-06-29,32.29,33.2777,31.8505,32.9999,123499600.0
2006-06-30,34.0,35.325,33.9344,34.95,136851900.0
2006-07-03,34.9949,35.9912,34.71,35.0999,81258400.0
2006-07-04,35.25,35.881,34.371,35.78,76916500.0
2006-07-05,35.78,35.8,33.3333,33.62,103206400.0
2006-07-06,34.1,35.55,33.6501,35.5,105975200.0
2006-07-07,35.53,36.0,34.8,35.32,101725600.0
2006-07-10,35.0986,35.75,35.0,35.5501,54948800.0
2006-07-11,35.45,36.3,35.3044,35.84,104583100.0
2006-07-12,36.2,36.8,36.05,36.3383,96967700.0
2006-07-13,35.97,36.2489,33.66,34.2,122281800.0
2006-07-14,33.8,34.93,32.85,34.44,132472000.0
2006-07-17,34.01,34.374,32.92,33.052,75036700.0
2006-07-18,32.9,33.6496,32.31,33.3,73890800.0
2006-07-19,33.29,34.3,32.022,34.25,99405900.0
2006-07-20,34.4999,34.99,33.5701,33.7,91161700.0
2006-07-21,33.5,33.809,32.7,32.88,57979400.0
2006-07-24,32.6,33.7,32.24,33.68,57424200.0
2006-07-25,34.0023,34.81,33.3333,33.4,107913400.0
2006-07-26,33.8,34.67,33.7,34.5,78451700.0
2006-07-27,34.8499,36.742,34.8,36.583,137149400.0
2006-07-28,36.32,37.09,35.6,36.8195,125200200.0
2006-07-31,37.0,37.3,36.11,36.3,88837600.0
2006-08-01,36.55,37.3,35.6501,36.0175,113567500.0
2006-08-02,36.24,36.8466,36.0111,36.7399,100213400.0
2006-08-03,36.87,37.21,35.77,37.0,148799700.0
2006-08-04,37.0,37.53,36.5,37.39,97814400.0
2006-08-07,37.01,37.1987,36.4613,36.8,60908600.0
2006-08-08,37.0,37.198,36.3,36.8,68070900.0
2006-08-09,36.8386,37.5,36.7,37.3295,91218400.0
2006-08-10,37.1601,37.2302,36.44,36.64,83650800.0
2006-08-11,36.8001,37.7299,36.7972,37.6,102626400.0
2006-08-14,37.69,38.51,37.5233,37.8,111580100.0
2006-08-15,37.7989,38.29,36.802,38.24,107482200.0
2006-08-16,38.49,38.88,37.4401,38.4975,139930600.0
2006-08-17,38.76,39.198,38.15,38.1503,141029400.0
2006-08-18,38.04,38.04,35.7,35.84,157016000.0
2006-08-21,36.1795,36.7,35.7303,36.2,76846600.0
2006-08-22,36.5,37.2075,36.2414,36.5701,97471900.0
2006-08-23,36.7,37.1944,36.4,36.95,116317300.0
2006-08-24,36.5,36.8,36.0101,36.15,84119600.0
2006-08-25,36.48,36.5947,36.0218,36.0993,55693500.0
2006-08-28,36.097,36.58,35.91,36.489,42368700.0
2006-08-29,36.66,36.87,35.8326,35.9736,83654100.0
2006-08-30,36.15,36.66,36.1,36.55,48090700.0
2006-08-31,36.68,36.83,36.03,36.1,52780800.0
2006-09-01,36.2,36.3995,35.261,35.505,78433100.0
2006-09-04,35.84,36.02,35.3,35.91,40880900.0
2006-09-05,35.95,36.498,35.555,36.405,74851000.0
2006-09-06,36.3705,36.4,35.6,35.7004,45759600.0
2006-09-07,35.459,35.5,33.8001,34.0,103144700.0
2006-09-08,34.0,34.0999,33.3401,33.66,85760300.0
2006-09-11,33.2,33.23,31.97,32.17,86754200.0
2006-09-12,32.4001,32.8,32.0,32.6402,89282700.0
2006-09-13,32.6,33.58,32.4654,33.307,100129900.0
2006-09-14,33.65,34.2386,33.17,33.282,88582100.0
2006-09-15,32.765,33.8999,32.4125,32.73,102106000.0
2006-09-18,32.75,33.2499,31.95,32.999,78494700.0
2006-09-19,33.3333,33.7,33.02,33.4862,54921400.0
2006-09-20,32.9801,33.03,32.2,32.612,75904300.0
2006-09-21,32.45,33.188,32.0,32.225,91273000.0
2006-09-22,32.5,32.65,30.811,30.87,82787100.0
2006-09-25,30.85,30.98,29.52,29.76,106962200.0
2006-09-26,30.19,31.22,30.19,31.0776,137410100.0
2006-09-27,31.51,32.12,31.31,31.85,109253200.0
2006-09-28,32.41,33.225,32.4,33.114,92318900.0
2006-09-29,33.0304,34.14,32.6111,34.08,164858100.0
2006-10-02,34.3,34.898,33.702,33.92,139570100.0
2006-10-03,33.6884,33.6987,32.9,32.9995,79426000.0
2006-10-04,32.49,33.2395,32.1,32.68,157248700.0
2006-10-05,33.29,34.7,33.1301,34.4697,166735000.0
2006-10-06,34.632,35.15,33.81,34.25,183177500.0
2006-10-09,34.4404,34.99,34.05,34.85,85654500.0
2006-10-10,34.8152,35.484,34.557,35.484,165545900.0
2006-10-11,35.33,36.2,35.1377,36.15,178195200.0
2006-10-12,35.9112,36.97,35.87,36.87,190208000.0
2006-10-13,37.31,37.89,37.101,37.76,145369900.0
2006-10-16,37.9,38.0698,37.1113,37.9301,119720200.0
2006-10-17,38.45,38.7,37.37,37.45,166143800.0
2006-10-18,37.35,38.48,37.1242,38.2,148327200.0
2006-10-19,37.99,38.5852,37.92,38.47,102573700.0
2006-10-20,38.73,38.88,37.83,37.98,92035200.0
2006-10-23,38.0,38.1874,37.42,38.131,84795400.0
2006-10-24,38.27,38.3101,37.5,38.168,92051000.0
2006-10-25,38.29,38.5148,37.824,38.38,62178200.0
2006-10-26,38.771,38.8,37.6,37.82,92834400.0
2006-10-27,37.74,37.93,37.01,37.72,90993800.0
2006-10-30,37.5,37.9296,37.015,37.1,58585400.0
2006-10-31,37.0997,38.09,37.02,38.068,76849800.0
2006-11-01,38.19,38.747,38.0505,38.6103,97579900.0
2006-11-02,38.4505,38.59,37.5644,37.6811,85976500.0
2006-11-03,37.7999,38.3475,37.7102,38.1897,57307600.0
2006-11-07,38.62,39.3497,38.3001,39.032,100849300.0
2006-11-08,38.75,39.33,38.75,39.0622,63109400.0
2006-11-09,39.28,39.6311,39.13,39.387,64346200.0
2006-11-10,39.3101,39.39,38.76,39.1387,59596400.0
2006-11-13,38.95,39.12,37.76,37.9801,144282500.0
2006-11-14,38.0468,38.52,37.833,38.1,79312300.0
2006-11-15,38.2,38.25,37.4115,37.67,68783900.0
2006-11-16,37.7388,38.37,37.5705,38.298,72391900.0
2006-11-17,37.77,38.05,36.87,37.4,126307800.0
2006-11-20,37.2,37.694,37.0721,37.5299,69562700.0
2006-11-21,37.7,38.3185,37.7,37.97,75158500.0
2006-11-22,38.37,38.6949,38.0,38.1399,88741200.0
2006-11-23,38.3,38.595,38.1351,38.5,47180500.0
2006-11-24,38.64,38.6666,38.3005,38.4033,58389600.0
2006-11-27,38.75,39.4333,38.6235,39.25,114113200.0
2006-11-28,39.1,39.338,38.65,38.9979,85147400.0
2006-11-29,39.1898,39.6,39.0111,39.28,60402300.0
2006-11-30,39.5,39.81,39.27,39.6,57481800.0
2006-12-01,39.7397,40.402,39.65,39.8,121031100.0
2006-12-04,39.98,40.25,39.7011,40.061,63776300.0
2006-12-05,40.211,40.61,40.1,40.36,59703200.0
2006-12-06,40.494,40.8899,40.1511,40.6,67821100.0
2006-12-07,40.6,40.66,40.2002,40.3,43963400.0
2006-12-08,40.4444,40.4899,40.0111,40.26,34279200.0
2006-12-11,40.1501,40.3469,39.307,39.88,55384900.0
2006-12-12,39.9,40.88,39.7012,40.06,128247200.0
2006-12-13,40.05,40.23,39.1523,39.651,75277400.0
2006-12-14,39.82,40.45,39.71,40.28,57957000.0
2006-12-15,40.68,41.0896,40.34,41.0896,133071800.0
2006-12-18,41.05,41.4141,40.76,40.87,34185600.0
2006-12-19,40.69,40.69,39.3939,40.0205,86675800.0
2006-12-20,40.2205,40.49,39.9871,40.1673,42817100.0
2006-12-21,40.1,40.14,39.52,39.75,54984700.0
2006-12-22,39.67,40.0,39.21,39.92,34807400.0
2006-12-25,39.8987,40.1899,39.3515,39.58,24512400.0
2006-12-26,39.5011,39.8395,39.36,39.51,16832200.0
2006-12-27,39.52,40.39,39.4012,40.37,28965100.0
2006-12-28,40.45,41.0496,40.272,40.9945,45664000.0
2006-12-29,41.0,41.2,40.78,40.8774,22217700.0
2007-01-09,38.98,38.98,37.5,37.55,81383600.0
2007-01-10,37.6499,38.25,36.57,37.2294,86858100.0
2007-01-11,37.3,39.0798,37.11,39.0798,122306800.0
2007-01-12,39.0005,39.47,38.55,38.6701,99488300.0
2007-01-15,39.2,41.17,39.13,41.1499,140126900.0
2007-01-16,41.0998,42.0,40.56,40.75,170266400.0
2007-01-17,40.7,41.6,40.2501,40.6501,126121000.0
2007-01-18,41.41,42.642,41.36,42.18,190297600.0
2007-01-19,42.16,42.44,41.621,42.2899,113775800.0
2007-01-22,42.83,43.744,42.8,43.4003,128008300.0
2007-01-23,43.4998,43.99,43.25,43.6,84235000.0
2007-01-24,44.1,44.2498,43.31,43.6999,108479800.0
2007-01-25,43.9744,44.2997,43.22,43.53,94353100.0
2007-01-26,43.3989,43.642,42.757,42.8999,58254000.0
2007-01-29,43.15,43.75,42.8016,43.05,83712300.0
2007-01-30,42.75,43.3001,42.5,43.24,84421100.0
2007-01-31,43.64,44.0778,43.3913,43.9999,110381200.0
2007-02-01,44.32,46.6,44.3,46.6,220833300.0
2007-02-02,46.75,47.998,45.9,46.84,306050900.0
2007-02-05,47.1201,47.9489,46.812,47.5509,208483000.0
2007-02-06,47.6,48.65,47.4003,47.9999,171183700.0
2007-02-07,48.22,48.3999,47.5001,48.0799,101592700.0
2007-02-08,47.8,47.889,46.4646,46.56,113760500.0
2007-02-09,47.1,47.79,46.75,47.089,84487900.0
2007-02-12,46.7001,47.86,44.8,44.86,195757300.0
2007-02-13,44.7497,46.85,44.1244,46.798,165324600.0
2007-02-14,47.09,47.39,46.5505,47.05,93833500.0
2007-02-15,47.2676,47.9,47.151,47.559,91032200.0
2007-02-16,47.76,48.35,47.6,48.0,125034800.0
2007-02-19,48.26,48.3767,47.709,47.8011,65610800.0
2007-02-20,47.8012,48.13,47.4501,47.77,91290100.0
2007-02-21,47.9,48.19,47.77,47.9,52914400.0
2007-02-22,48.21,49.28,47.9,48.8,124010400.0
2007-02-26,49.3,49.55,49.01,49.4699,77173200.0
2007-02-27,49.3,49.3,46.8318,47.45,180080300.0
2007-02-28,46.5736,47.45,45.5,46.48,217668100.0
2007-03-01,46.29,46.985,43.1511,44.3501,208642800.0
2007-03-02,44.95,45.48,43.52,44.3,146621500.0
2007-03-05,42.9,43.55,40.4223,43.4,183284400.0
2007-03-06,43.7,44.6,43.46,43.65,129209600.0
2007-03-07,44.4,44.45,42.65,43.15,103567000.0
2007-03-09,44.456,45.2,43.95,45.122,147364700.0
2007-03-12,44.95,45.8,44.0621,44.6,156247400.0
2007-03-13,45.01,45.99,44.15,45.34,225561400.0
2007-03-14,43.1123,43.79,42.7,43.65,205461700.0
2007-03-15,44.54,45.78,44.23,45.65,234177900.0
2007-03-16,45.99,46.64,45.6133,46.179,223626200.0
2007-03-19,46.6,47.65,46.6,47.626,166558200.0
2007-03-20,47.82,47.91,46.8006,47.4101,184782500.0
2007-03-21,47.4,47.4,46.66,46.8,101530600.0
2007-03-22,47.57,48.18,47.2222,47.8,154228100.0
2007-03-23,47.9,48.18,47.5556,47.791,85988100.0
2007-03-26,47.6,48.15,47.2004,47.7,80807500.0
2007-03-27,47.4747,48.2898,47.43,47.9,100501200.0
2007-03-28,48.102,48.44,47.852,47.9,123473700.0
2007-03-29,48.1,48.701,48.06,48.6,94896000.0
2007-03-30,48.9,48.938,48.05,48.25,63502100.0
2007-04-02,48.3,48.71,47.6212,48.48,68936000.0
2007-04-03,48.79,49.78,48.5401,49.721,210100400.0
2007-04-04,50.16,50.9504,50.05,50.4593,200986300.0
2007-04-05,50.9,51.27,50.6,51.2,121412000.0
2007-04-06,51.33,51.5,51.03,51.41,67736600.0
2007-04-09,51.45,52.63,51.41,52.3,110353700.0
2007-04-10,52.3608,53.58,52.3,53.4,171738200.0
2007-04-11,53.35,53.53,52.3,53.1501,176487800.0
2007-04-12,52.6,52.8649,51.8777,51.9899,158488100.0
2007-04-13,52.3203,52.7998,52.054,52.7,80078600.0
2007-04-16,53.01,53.376,52.7105,53.0989,69966200.0
2007-04-17,53.0,53.14,51.65,51.7522,146514300.0
2007-04-18,52.0325,52.4777,51.02,51.1,154811900.0
2007-04-19,50.0001,50.39,49.13,49.825,181352700.0
2007-04-20,50.61,52.0999,50.6,52.05,101325700.0
2007-04-23,52.75,53.089,52.27,52.44,97643000.0
2007-04-24,52.55,52.62,51.1111,51.75,104081900.0
2007-04-25,51.19,51.75,50.8211,51.45,88483000.0
2007-04-26,51.99,51.99,50.4377,50.57,92711600.0
2007-04-27,50.25,50.64,48.35,48.8,134338300.0
2007-04-28,49.5,49.5,49.1,49.46,27721300.0
2007-05-02,49.05,49.8,48.9555,49.3,41075500.0
2007-05-03,49.7228,51.76,49.59,51.7,184951500.0
2007-05-04,51.93,52.2988,51.4196,51.67,119363000.0
2007-05-07,52.15,52.599,52.0362,52.1702,75729400.0
2007-05-08,52.45,52.48,51.0777,51.16,78539100.0
2007-05-10,51.24,52.15,50.51,50.78,113369100.0
2007-05-11,50.0025,50.4002,49.41,49.7,120419000.0
2007-05-14,50.251,50.75,49.03,50.3,110326300.0
2007-05-15,49.65,49.903,48.8265,49.6,115240600.0
2007-05-16,49.78,50.34,49.3,50.3,122391500.0
2007-05-17,50.55,50.6486,48.9,48.908,120779200.0
2007-05-18,49.01,50.0498,48.4125,49.8899,115662900.0
2007-05-21,50.3,50.5,49.7,50.4,81098100.0
2007-05-22,50.6707,50.79,49.7777,49.9003,76791900.0
2007-05-23,49.67,49.8498,47.82,48.059,172022600.0
2007-05-24,47.6,48.1201,45.7001,47.84,211674700.0
2007-05-25,46.93,47.9,46.52,47.25,94670100.0
2007-05-28,47.74,47.9,46.55,46.8112,75491000.0
2007-05-29,46.8346,47.399,44.751,45.0,149211900.0
2007-05-30,44.12,45.9777,43.501,45.53,176302400.0
2007-05-31,46.24,48.198,46.025,48.09,202715200.0
2007-06-01,48.13,52.079,47.521,51.85,391633400.0
2007-06-04,51.5501,52.6499,50.6203,51.3,338305000.0
2007-06-05,51.57,52.3012,50.9777,51.1,178945000.0
2007-06-06,51.279,51.51,50.0591,51.089,191270800.0
2007-06-07,50.8,51.3499,49.9507,50.2497,188707900.0
2007-06-08,49.88,50.4999,49.15,49.9,207694200.0
2007-06-09,50.4122,50.4898,50.0459,50.2803,39075100.0
2007-06-13,49.47,50.75,49.11,50.63,136846600.0
2007-06-14,51.03,52.8078,51.0,52.7177,172993700.0
2007-06-15,52.95,53.2399,52.21,52.85,164545800.0
2007-06-18,53.3709,54.7,52.8802,54.52,233988400.0
2007-06-19,54.17,54.2999,52.5815,52.6802,214128200.0
2007-06-20,52.6,53.5499,52.3011,53.02,130012200.0
2007-06-21,52.42,53.2777,52.25,52.8203,157669400.0
2007-06-22,53.0,54.27,52.95,53.4802,189391600.0
2007-06-25,53.1113,53.28,52.61,52.92,91170200.0
2007-06-26,53.1,54.399,52.779,54.3499,215662900.0
2007-06-27,53.9013,54.16,53.0499,53.2687,138084300.0
2007-06-28,53.74,54.1898,53.3777,53.9979,111030900.0
2007-06-29,54.2299,54.25,53.18,53.59,83855400.0
2007-07-02,53.64,55.1699,53.5,55.15,158738400.0
2007-07-03,55.45,55.98,55.15,55.4,175920900.0
2007-07-04,55.4999,55.9852,55.33,55.9852,86357900.0
2007-07-05,56.09,57.069,56.04,57.0575,168722600.0
2007-07-06,57.05,57.24,56.427,56.6,89144800.0
2007-07-09,56.7005,56.9,55.7025,56.0496,100133000.0
2007-07-10,55.8223,55.849,53.89,54.0125,171563900.0
2007-07-11,53.5,54.79,53.25,54.27,188490500.0
2007-07-12,54.64,56.25,54.6,56.21,169422000.0
2007-07-13,56.8666,56.9,55.75,55.92,137971500.0
2007-07-16,55.85,55.9,54.9126,55.0,138000100.0
2007-07-17,54.7861,54.7861,54.0,54.65,106586200.0
2007-07-18,54.0,54.33,53.4103,53.7543,106373600.0
2007-07-19,54.21,56.0368,54.2001,55.89,163486500.0
2007-07-20,56.3474,56.74,55.21,55.69,206098700.0
2007-07-23,55.32,56.58,55.1503,56.281,143623000.0
2007-07-24,56.55,57.57,55.72,55.83,267086700.0
2007-07-25,55.239,57.25,55.2001,57.13,223731600.0
2007-07-26,57.36,57.75,55.5501,55.75,277718700.0
2007-07-27,54.5,56.5,54.3245,56.0,276486400.0
2007-07-30,56.0,57.07,55.305,56.15,217547400.0
2007-07-31,56.77,57.34,56.4337,57.0298,159976800.0
2007-08-01,56.0298,56.09,55.11,55.5,152822200.0
2007-08-02,55.92,56.4289,55.6505,55.9,90843100.0
2007-08-03,55.98,55.9987,55.0126,55.22,132743900.0
2007-08-06,54.3501,54.7499,53.9204,54.4,109633600.0
2007-08-07,54.7,54.999,54.16,54.2831,67385600.0
2007-08-08,54.6025,55.2,54.6,55.0,89317100.0
2007-08-09,55.26,55.3,52.7101,53.15,163861700.0
2007-08-10,52.0,52.4499,51.1592,51.86,138291700.0
2007-08-13,52.35,53.07,52.1125,52.99,105238700.0
2007-08-14,52.75,54.15,52.5,53.95,145159800.0
2007-08-15,53.0117,53.17,52.4125,52.79,122839500.0
2007-08-16,51.5499,51.7399,50.43,51.1199,184462400.0
2007-08-17,50.653,52.39,50.1625,51.8218,305436600.0
2007-08-20,52.1,52.2999,51.33,51.7,105892500.0
2007-08-21,51.91,52.3358,50.955,52.0,160936200.0
2007-08-22,52.15,53.3591,52.12,53.3591,121812400.0
2007-08-23,53.9,54.437,53.75,54.4119,154654600.0
2007-08-24,54.06,54.702,53.4,54.3996,116474200.0
2007-08-27,54.9,55.245,54.81,55.1,85343800.0
2007-08-28,54.88,55.5398,54.61,55.1699,101722400.0
2007-08-29,54.27,55.21,54.1,55.1799,116746400.0
2007-08-30,55.5555,55.95,55.48,55.7242,99281700.0
2007-08-31,56.1,57.2772,55.9701,57.15,147710100.0
2007-09-03,57.19,57.3384,56.51,56.5113,103287700.0
2007-09-04,56.39,56.75,55.6701,55.919,124169400.0
2007-09-05,56.17,56.3636,55.5502,56.03,104235100.0
2007-09-06,56.1,56.85,55.9,56.8499,100085200.0
2007-09-07,56.6,56.9511,55.5656,55.88,115189000.0
2007-09-10,55.5,56.77,55.4,56.5,99378200.0
2007-09-11,56.82,56.95,56.51,56.69,70151800.0
2007-09-12,56.9999,57.0398,55.7,56.1964,117025100.0
2007-09-13,56.48,56.8,56.05,56.7825,64491600.0
2007-09-14,56.8125,56.8998,56.1811,56.53,63582700.0
2007-09-17,56.5,56.63,56.0,56.17,47951600.0
2007-09-18,56.1,57.45,56.07,57.4,138454000.0
2007-09-19,58.61,60.8,58.5,60.768,284814400.0
2007-09-20,60.698,61.57,59.9501,61.22,342935100.0
2007-09-21,61.08,62.4854,61.0198,62.3,147286700.0
2007-09-24,62.54,65.55,62.5,64.67,262852700.0
2007-09-25,65.1,65.769,61.37,61.4,401019700.0
2007-09-26,62.3,64.7041,62.2001,64.47,226608500.0
2007-09-27,64.95,65.2,62.5,64.05,260634600.0
2007-09-28,64.25,64.3,63.162,63.63,88190000.0
2007-10-01,63.2,63.28,62.2201,62.731,94868000.0
2007-10-02,63.92,66.6599,63.87,66.44,235694000.0
2007-10-03,66.49,68.2495,65.7226,67.2555,324450500.0
2007-10-04,66.6601,68.091,66.34,67.96,226636000.0
2007-10-05,68.3,68.89,65.8477,66.7599,251153800.0
2007-10-08,66.85,67.85,66.5125,66.95,110401700.0
2007-10-09,66.7,68.75,66.5001,68.651,133075900.0
2007-10-10,68.9448,69.7788,68.0111,68.399,166941300.0
2007-10-11,68.85,70.1,68.7214,69.87,137437800.0
2007-10-12,68.8,69.54,68.26,69.3718,113071400.0
2007-10-15,69.6996,69.79,68.6,68.64,58767400.0
2007-10-16,68.46,68.478,66.2211,66.3702,94103700.0
2007-10-17,66.3,68.2488,65.6565,68.0001,178220100.0
2007-10-18,68.0,68.19,65.8,66.3,113835300.0
2007-10-19,66.0,67.1881,65.831,66.45,78735100.0
2007-10-22,65.1,65.97,64.81,65.69,93236500.0
2007-10-23,66.2,68.07,66.1101,68.0,94949800.0
2007-10-24,68.01,68.6299,67.35,68.27,115593800.0
2007-10-25,68.5464,71.69,68.5064,71.0705,226714800.0
2007-10-26,71.6,72.4988,70.6602,72.06,143813600.0
2007-10-29,72.06,72.95,69.83,71.5,180088500.0
2007-10-30,71.02,71.5299,69.9,70.59,128331600.0
2007-10-31,70.3,73.0,70.24,72.7,206896400.0
2007-11-01,73.5397,74.57,71.81,72.6489,202561700.0
2007-11-02,71.9,76.3799,71.84,76.1,256731500.0
2007-11-06,75.2,76.5432,74.6,75.02,170316900.0
2007-11-07,75.5075,75.71,73.407,74.1,131835200.0
2007-11-08,73.01,76.36,72.8501,75.75,180058300.0
2007-11-09,75.995,77.06,75.3525,76.205,148066600.0
2007-11-12,75.488,77.23,75.4555,76.199,105372900.0
2007-11-13,76.3,76.4588,74.511,75.4,89893600.0
2007-11-14,75.5438,75.759,73.78,74.98,142417300.0
2007-11-15,74.2,74.5999,72.05,72.08,170556800.0
2007-11-16,70.99,70.99,68.801,69.25,218818900.0
2007-11-19,69.3001,69.9997,66.455,66.6,154882800.0
2007-11-20,66.75,68.45,65.79,68.3017,267641500.0
2007-11-21,68.22,69.8,66.9662,69.05,291935900.0
2007-11-22,69.5389,69.88,67.4,67.62,153976900.0
2007-11-23,67.9,71.12,67.1702,70.851,248028600.0
2007-11-26,72.03,72.97,71.0031,71.253,177917700.0
2007-11-27,70.69,71.24,69.05,69.2,146782800.0
2007-11-28,69.6279,70.0,67.601,69.36,187316500.0
2007-11-29,70.15,71.0,68.7601,69.0,125848900.0
2007-11-30,69.27,70.37,68.79,69.2201,133122600.0
2007-12-03,69.15,69.2201,67.3,67.3999,108211900.0
2007-12-04,67.35,68.17,66.36,66.5005,121704100.0
2007-12-05,66.82,67.87,66.62,67.602,102769700.0
2007-12-06,68.0122,68.25,66.58,66.92,99080900.0
2007-12-07,67.3449,68.77,67.09,68.08,133211300.0
2007-12-10,68.25,68.7999,67.5225,67.58,106763400.0
2007-12-11,67.8018,68.03,66.6077,66.87,96854000.0
2007-12-12,66.1,66.8495,65.5,66.45,88361500.0
2007-12-13,66.28,66.28,64.9,65.1,105625800.0
2007-12-14,65.2,65.47,62.625,63.36,149858100.0
2007-12-17,62.995,63.0,61.7015,62.2005,81705800.0
2007-12-18,62.03,64.49,62.0,63.4,158897700.0
2007-12-19,63.9,65.07,63.5005,64.21,160741600.0
2007-12-20,64.7,66.51,64.3107,66.3802,208802900.0
2007-12-21,66.87,67.91,64.4001,65.97,341888300.0
2007-12-24,66.11,66.45,65.1365,65.4,78969800.0
2007-12-25,65.7211,65.97,65.2525,65.51,48780100.0
2007-12-26,65.56,65.7,64.55,64.7201,34805500.0
2007-12-27,64.88,66.15,64.08,65.45,76750900.0
2007-12-28,65.19,65.5497,64.301,64.6,46460900.0
2008-01-09,63.7613,65.02,63.5803,64.2001,52382700.0
2008-01-10,64.34,65.69,64.1222,65.14,70584500.0
2008-01-11,65.18,65.4501,64.5588,64.602,45787800.0
2008-01-14,64.369,65.885,63.9101,65.85,78694700.0
2008-01-15,65.8001,66.62,64.2601,64.66,132885900.0
2008-01-16,63.6,63.9,61.2,61.99,124639800.0
2008-01-17,62.4,62.7,58.65,58.95,212105400.0
2008-01-18,58.35,60.2,57.6,59.25,178296900.0
2008-01-21,58.15,58.15,53.0,53.86,208231200.0
2008-01-22,52.0,58.0,49.133,54.9,328546600.0
2008-01-23,56.42,57.15,52.5001,52.9602,224113600.0
2008-01-24,55.55,56.699,54.862,56.0,221264400.0
2008-01-25,57.0,59.9242,56.6,59.58,265378000.0
2008-01-28,57.41,58.85,56.65,57.5002,201639200.0
2008-01-29,58.8,59.48,58.5001,59.27,151195900.0
2008-01-30,59.0,59.45,58.11,58.3,140954300.0
2008-01-31,58.9,60.1823,56.35,56.9,311324200.0
2008-02-01,58.7,61.698,58.321,61.41,292518500.0
2008-02-04,63.0,66.15,63.0,65.8,377333500.0
2008-02-05,65.81,67.95,63.101,63.11,383343400.0
2008-02-06,61.47,66.95,61.1,65.7,440653100.0
2008-02-07,66.5,67.75,64.1125,65.44,416213400.0
2008-02-08,66.4496,66.695,63.7999,64.85,222017600.0
2008-02-11,64.85,67.56,64.15,67.36,202310100.0
2008-02-12,68.05,70.96,68.0,70.95,287910900.0
2008-02-13,70.601,71.46,68.505,70.71,282379100.0
2008-02-14,71.98,71.999,69.1,69.7605,217957200.0
2008-02-15,69.1002,70.2,67.5611,68.05,163496700.0
2008-02-18,68.81,71.1169,68.2601,71.1,218435200.0
2008-02-19,71.6,71.9333,69.771,71.9,206843700.0
2008-02-20,71.111,73.04,70.61,71.85,204602000.0
2008-02-21,73.0006,73.8776,72.51,73.5,153450400.0
2008-02-22,72.53,73.5792,72.2,73.5495,97660000.0
2008-02-26,74.12,74.4997,72.6848,73.0515,88845600.0
2008-02-27,73.6,73.67,71.68,72.15,136590000.0
2008-02-28,72.01,72.4977,69.8625,70.0,121674900.0
2008-02-29,69.87,71.37,68.489,69.55,154285600.0
2008-03-03,68.8499,72.26,67.86,71.9,181811700.0
2008-03-04,72.3038,72.75,71.11,71.93,138804000.0
2008-03-05,72.001,72.92,71.4,71.99,92235300.0
2008-03-06,72.4579,73.2,71.705,72.5,95793100.0
2008-03-07,71.79,72.099,70.58,71.2101,89948100.0
2008-03-11,71.2101,72.15,70.4601,71.7,88198100.0
2008-03-12,72.4801,72.4801,69.81,70.17,111242200.0
2008-03-13,69.3,70.05,68.803,69.0606,90503300.0
2008-03-14,69.59,70.3,68.62,69.0,85334200.0
2008-03-17,67.86,68.35,64.7625,65.41,107494600.0
2008-03-18,65.85,66.87,64.77,66.23,88047600.0
2008-03-19,67.05,67.38,65.33,65.7125,75051300.0
2008-03-20,64.35,66.14,63.62,64.84,122617600.0
2008-03-21,65.4,66.4,64.6333,64.7409,94037300.0
2008-03-24,64.95,66.6597,64.4,66.63,55070200.0
2008-03-25,66.63,66.63,64.9,65.1999,61084200.0
2008-03-26,65.39,65.84,64.5504,65.02,53908600.0
2008-03-27,64.9899,66.401,64.8,66.19,59505100.0
2008-03-28,66.3,67.26,66.22,67.0698,48535100.0
2008-03-31,66.7,66.85,65.85,66.2,38127500.0
2008-04-01,66.21,66.9,65.9,66.2,42493200.0
2008-04-02,66.6701,66.899,65.8,65.96,33519000.0
2008-04-03,66.1,66.3,64.11,64.2,38854000.0
2008-04-04,64.3,64.65,63.0768,63.9,57835000.0
2008-04-07,64.15,66.28,64.1,66.071,98310500.0
2008-04-08,65.8667,67.25,65.5,67.05,134471700.0
2008-04-09,67.17,69.9875,67.17,69.821,178002700.0
2008-04-10,69.9,70.39,68.5601,69.199,129202000.0
2008-04-11,69.8,70.02,67.79,67.99,100336400.0
2008-04-14,67.655,69.29,66.805,66.92,104442200.0
2008-04-15,67.4822,67.7,66.71,67.0135,61450800.0
2008-04-16,67.3,69.06,66.9,68.8154,105670000.0
2008-04-17,69.4,69.4895,67.25,67.7,81432000.0
2008-04-18,68.45,69.67,68.4,69.02,115943600.0
2008-04-21,69.35,69.5,67.96,68.0025,59547900.0
2008-04-22,68.005,68.96,67.611,68.1499,62367500.0
2008-04-23,68.2,68.7,67.4,67.94,48529600.0
2008-04-24,68.06,68.19,65.28,65.551,68237100.0
2008-04-25,65.78,67.05,65.021,66.55,73128300.0
2008-04-28,66.77,66.9,65.3125,65.82,37994700.0
2008-04-29,65.9998,65.9998,64.7216,64.8611,45548500.0
2008-04-30,64.47,64.7,63.8115,64.08,50524600.0
2008-05-04,64.4997,65.84,64.102,65.59,41111400.0
2008-05-05,65.28,66.0,64.6,64.97,44137300.0
2008-05-06,65.152,65.3,64.145,64.39,43061900.0
2008-05-07,64.7155,65.14,64.4,64.83,42525300.0
2008-05-08,64.47,66.4212,64.2,66.21,77399100.0
2008-05-12,66.411,67.5,65.81,66.8,77155400.0
2008-05-13,67.25,68.4696,66.61,68.3964,100012600.0
2008-05-14,68.62,70.2499,68.4633,70.2002,136001900.0
2008-05-15,70.4,70.89,69.3,70.25,88221500.0
2008-05-16,70.62,71.6,70.1336,70.95,92305300.0
2008-05-19,71.3,72.09,69.9033,71.85,77854800.0
2008-05-20,71.71,74.42,70.7,73.512,208346500.0
2008-05-21,73.37,74.8872,73.161,73.85,141396600.0
2008-05-22,73.8693,74.0,71.01,71.65,134080000.0
2008-05-23,71.65,71.99,69.9302,70.35,134454900.0
2008-05-26,69.98,69.98,68.6,68.6,58294100.0
2008-05-27,68.5,69.3,65.3838,65.7,124282700.0
2008-05-28,65.43,66.96,65.05,66.8,102284500.0
2008-05-29,68.399,70.3333,67.7,68.88,260280600.0
2008-05-30,69.19,70.1,68.61,69.8003,118918700.0
2008-06-02,70.281,70.8003,69.25,69.6101,82134200.0
2008-06-03,69.2101,69.8,67.6111,68.35,121986300.0
2008-06-04,67.9,68.25,66.27,66.5499,77601000.0
2008-06-05,66.05,67.4,65.75,66.75,87942600.0
2008-06-06,67.9974,68.194,66.0,66.1501,74539100.0
2008-06-07,65.17,65.7,64.28,64.8603,85047600.0
2008-06-09,65.25,65.65,64.632,65.2,85542300.0
2008-06-10,65.1,65.1,64.2,64.55,69701600.0
2008-06-11,64.55,64.62,63.3525,63.69,106008000.0
2008-06-16,64.5,64.85,64.0215,64.28,59885400.0
2008-06-17,64.17,65.3272,63.8501,64.63,89906900.0
2008-06-18,64.58,65.3,63.86,64.23,84111600.0
2008-06-19,63.8,64.7499,63.6001,64.399,44505100.0
2008-06-20,64.4,64.88,63.5,63.5161,78315900.0
2008-06-23,63.37,63.59,61.5801,62.2,84169800.0
2008-06-24,62.22,62.505,60.4,60.4,82489700.0
2008-06-25,60.5,61.2,59.3,59.5898,148071000.0
2008-06-26,59.75,60.0898,58.923,59.4,97584400.0
2008-06-27,58.3,61.0,58.1,60.3355,132317400.0
2008-06-30,60.49,60.99,58.5004,59.05,129776900.0
2008-07-01,59.2689,60.4875,56.5334,56.75,257000400.0
2008-07-02,57.45,58.2899,57.0225,57.3399,105565600.0
2008-07-03,56.5,57.602,55.6,57.24,137533400.0
2008-07-04,57.4,57.93,56.8001,57.3745,57986100.0
2008-07-07,57.73,58.55,57.34,57.4,102566300.0
2008-07-08,56.02,56.685,55.15,56.199,131833100.0
2008-07-09,56.45,56.45,54.244,54.3,98024300.0
2008-07-10,54.01,54.9501,53.8,53.97,90226400.0
2008-07-11,54.3,54.5,51.5,51.5999,109419200.0
2008-07-14,52.0,52.47,51.6,51.9604,80457900.0
2008-07-15,51.15,51.3369,49.75,50.22,96059500.0
2008-07-16,50.65,53.3497,50.2501,52.92,184663500.0
2008-07-17,53.73,54.999,52.85,54.9,179334500.0
2008-07-18,54.5,54.5,52.26,52.5,168615900.0
2008-07-21,52.944,54.04,52.111,53.1,100488800.0
2008-07-22,52.7475,52.9774,50.6833,50.86,116570200.0
2008-07-23,51.67,51.8,50.55,50.8207,67726000.0
2008-07-24,50.5,51.3897,50.1043,50.375,80635000.0
2008-07-25,49.2,49.3,46.85,47.36,121739700.0
2008-07-28,47.9,47.9989,42.7102,43.1323,150337300.0
2008-07-29,42.8,45.6,41.7145,45.4899,215806100.0
2008-07-30,46.03,49.25,45.8,49.15,187033500.0
2008-07-31,49.62,51.49,48.2525,49.6589,279864800.0
2008-08-01,49.5,52.5,49.3222,52.11,274636600.0
2008-08-04,52.14,52.64,50.1501,50.55,151003700.0
2008-08-05,49.93,54.5,48.52,48.6,392074900.0
2008-08-06,50.3101,50.55,43.75,47.26,252693700.0
2008-08-07,47.03,48.84,45.8222,47.3001,181859500.0
2008-08-08,47.0,47.69,44.45,45.35,142549600.0
2008-08-11,45.85,46.0,42.0,44.8201,128941700.0
2008-08-12,44.45,45.67,43.0555,44.99,160370000.0
2008-08-13,44.5993,46.9899,44.2,46.15,136871800.0
2008-08-14,46.6,49.26,46.565,49.23,170742200.0
2008-08-15,49.12,50.35,48.1213,49.9,132044600.0
2008-08-18,50.25,50.79,48.825,48.87,94557200.0
2008-08-19,48.1125,48.65,46.1016,46.5005,131744300.0
2008-08-20,46.9,48.55,46.2,48.35,107024400.0
2008-08-21,48.49,50.4,47.215,50.09,162455800.0
2008-08-22,50.65,50.9899,48.52,48.55,109989700.0
2008-08-25,51.95,52.0,49.16,49.35,151449200.0
2008-08-26,49.02,49.1,46.7001,48.59,126360800.0
2008-08-27,49.0999,49.68,47.02,48.2491,85990700.0
2008-08-28,48.8005,49.79,47.8506,49.37,81818000.0
2008-08-29,49.332,49.332,47.5511,48.16,64863100.0
2008-09-01,47.77,48.96,47.3457,48.551,44220000.0
2008-09-02,48.0654,48.785,46.255,46.6499,78521900.0
2008-09-03,46.1501,46.87,44.84,44.9,74060900.0
2008-09-04,44.91,45.5499,42.1502,42.1502,110005700.0
2008-09-05,40.5,41.5,35.972,38.25,232415300.0
2008-09-08,39.82,40.1625,36.75,37.5,101278400.0
2008-09-09,36.91,36.97,31.3333,31.7,179217500.0
2008-09-10,30.146,33.6,24.2501,31.7,296031500.0
2008-09-11,31.99,32.6893,30.251,30.51,120669900.0
2008-09-12,31.66,33.45,29.5116,32.4999,184112700.0
2008-09-15,31.78,35.0008,30.67,34.7,195959700.0
2008-09-16,33.4467,35.2999,30.4133,31.0,190676900.0
2008-09-17,32.29,33.95,29.13,30.521,57435400.0
2008-09-19,32.6,36.19,28.25,33.1,86590800.0
2008-09-22,34.42,35.3998,32.37,35.1,43253200.0
2008-09-23,34.4001,35.19,32.8098,32.9,31181000.0
2008-09-24,32.8,34.8,32.1,34.111,38322600.0
2008-09-25,34.19,36.141,33.51,35.73,44472100.0
2008-09-26,36.0,37.25,35.35,37.0,67324300.0
2008-09-29,37.02,38.79,33.5,35.0207,90387600.0
2008-09-30,32.99,34.8664,31.2,34.79,74036500.0
2008-10-01,35.0,36.19,34.7208,35.44,61389100.0
2008-10-02,35.4,36.3,32.67,33.0,62378400.0
2008-10-03,32.55,33.0,26.858,26.99,93912700.0
2008-10-06,24.1111,26.4648,18.11,18.8498,81395800.0
2008-10-07,19.93,20.49,16.7822,17.43,128180600.0
2008-10-08,16.6056,16.61,14.0,15.24,10466400.0
2008-10-09,15.9081,17.7,15.401,15.78,97789900.0
2008-10-13,15.94,17.39,14.8505,15.95,60696500.0
2008-10-14,17.4888,19.5,16.8767,19.47,72099400.0
2008-10-15,19.0,19.9799,16.57,19.35,81360600.0
2008-10-16,17.5125,18.9599,17.33,18.6,59834400.0
2008-10-17,19.29,19.93,16.8,18.05,72926800.0
2008-10-20,19.0,20.11,18.5555,19.087,42754400.0
2008-10-21,19.61,19.8,19.109,19.6,31906000.0
2008-10-22,18.95,22.0999,18.2,21.15,158176100.0
2008-10-23,20.5965,21.7,17.75,19.8,111527500.0
2008-10-24,18.63,19.0,15.25,15.7,77851900.0
2008-10-28,16.4988,17.47,14.55,17.0,153555200.0
2008-10-29,17.25,19.35,16.5001,19.21,82715300.0
2008-10-30,19.82,23.8521,19.82,23.8521,87425500.0
2008-10-31,22.95,27.24,21.6701,27.096,96909300.0
2008-11-01,27.99,29.2998,27.041,28.2015,22877700.0
2008-11-05,33.64,37.2,28.7308,29.9998,110219100.0
2008-11-06,29.0,29.05,25.9,27.0,92208600.0
2008-11-07,26.0,28.2,25.91,27.3101,39909900.0
2008-11-10,28.8288,30.65,27.3,27.55,52562900.0
2008-11-11,27.0,27.0,24.0101,24.4201,63813000.0
2008-11-13,17.15,24.4,17.0,23.85,136270000.0
2008-11-14,25.17,28.98,21.6133,21.72,78371100.0
2008-11-17,21.9599,22.6622,19.8,20.85,81679500.0
2008-11-18,19.8,21.1,18.6,21.03,113609800.0
2008-11-19,21.051,21.1,18.911,20.3,64340200.0
2008-11-20,18.2,19.8201,17.85,19.75,179508000.0
2008-11-21,19.5111,20.88,18.42,18.5595,64048000.0
2008-11-24,19.1,20.4,18.351,20.1899,66967200.0
2008-11-25,20.6,22.8,19.03,20.16,163796900.0
2008-11-26,20.59,21.509,19.6,19.8687,91818400.0
2008-11-27,20.66,21.17,20.02,20.3498,41360700.0
2008-11-28,20.585,20.59,19.4321,20.2054,43151000.0
2008-12-01,20.1,20.199,18.2112,18.3118,43366000.0
2008-12-02,17.3771,18.25,17.3,17.57,60961000.0
2008-12-03,17.83,17.835,16.55,16.87,39139300.0
2008-12-04,16.99,17.6,16.6101,17.2555,43399000.0
2008-12-05,16.9899,17.8,16.9103,17.428,32147500.0
2008-12-08,18.37,18.94,18.1501,18.6199,47687800.0
2008-12-09,18.62,18.63,17.5,17.8341,43755100.0
2008-12-10,18.0499,18.47,17.8701,18.1998,45023500.0
2008-12-11,18.45,19.55,18.24,19.19,95081400.0
2008-12-12,18.2305,19.2989,18.0475,19.189,64106300.0
2008-12-15,19.7999,20.18,18.95,19.17,54574900.0
2008-12-16,18.951,19.78,18.755,18.9,42711600.0
2008-12-17,19.2731,19.4388,17.8,18.339,63121200.0
2008-12-18,18.05,18.5,17.15,17.2301,39190900.0
2008-12-19,17.03,17.41,16.51,17.16,41936900.0
2008-12-22,17.2,18.0975,16.9999,18.0,72735400.0
2008-12-23,17.7,19.17,17.6013,19.07,90101400.0
2008-12-24,19.052,19.8477,18.733,19.51,96468600.0
2008-12-25,19.37,20.0,19.0005,19.1,61807300.0
2008-12-26,19.2,19.3901,18.6,19.01,25197100.0
2008-12-29,19.14,19.7485,19.08,19.4001,33397300.0
2008-12-30,19.5,20.15,18.51,20.05,37663700.0
2008-12-31,20.0,20.07,19.3136,19.6707,20090000.0
2009-01-11,19.8001,19.99,19.22,19.4754,19787300.0
2009-01-12,19.36,19.85,19.01,19.0701,30980600.0
2009-01-13,18.8999,19.18,18.3801,18.47,29657300.0
2009-01-14,18.7599,19.1977,16.7201,16.84,82550900.0
2009-01-15,16.6006,17.43,15.651,15.8,96721100.0
2009-01-16,16.3001,16.49,15.36,15.65,66876600.0
2009-01-19,15.9601,16.14,14.58,14.825,54245400.0
2009-01-20,14.8251,14.969,13.8002,13.8798,63834300.0
2009-01-21,13.56,14.49,13.03,13.83,123390200.0
2009-01-22,14.23,14.26,12.9501,13.0,71634600.0
2009-01-23,13.0201,13.28,12.0151,12.2001,81141800.0
2009-01-26,12.4059,13.2898,11.8011,13.06,123804400.0
2009-01-27,13.11,13.47,12.2777,12.8999,138165100.0
2009-01-28,13.0501,13.47,12.718,13.29,89466900.0
2009-01-29,13.3,13.77,12.9607,13.7101,89620900.0
2009-01-30,13.5299,15.7499,13.5,14.8701,190453400.0
2009-02-02,14.71,15.237,14.15,14.8088,101209000.0
2009-02-03,14.9401,15.14,14.3,14.5,76386900.0
2009-02-04,14.7341,14.9892,14.41,14.76,72482100.0
2009-02-05,14.6101,14.9794,14.01,14.0204,70483900.0
2009-02-06,14.329,15.9105,14.26,15.8389,114378600.0
2009-02-09,15.839,17.05,15.7385,16.252,183921500.0
2009-02-10,16.21,19.05,16.01,18.67,188696300.0
2009-02-11,18.09,20.72,17.3334,20.251,320334100.0
2009-02-12,20.2899,21.78,18.75,19.4001,298176100.0
2009-02-13,19.8698,21.68,19.6501,21.4899,202137600.0
2009-02-16,21.4999,22.12,20.08,20.325,138240500.0
2009-02-17,20.06,20.0999,16.55,17.05,141828300.0
2009-02-18,16.9999,17.4697,14.73,15.89,248761300.0
2009-02-19,16.1001,17.68,16.0,17.01,202155800.0
2009-02-20,16.65,16.7499,15.6,16.28,178544300.0
2009-02-24,15.6555,16.49,15.4111,15.97,159913900.0
2009-02-25,16.525,16.75,15.9,15.98,124670800.0
2009-02-26,16.3089,17.27,16.2101,17.17,168273900.0
2009-02-27,17.4,18.3087,16.47,17.0499,246720700.0
2009-03-02,16.5002,16.84,16.0137,16.1036,125781500.0
2009-03-03,15.8562,16.686,15.8036,16.4977,99889700.0
2009-03-04,16.7211,17.5748,16.6812,17.4899,157341200.0
2009-03-05,17.624,17.85,16.6707,16.8601,121012800.0
2009-03-06,16.5858,17.55,16.41,17.15,106378900.0
2009-03-10,17.39,18.49,17.25,18.3,157026100.0
2009-03-11,18.451,18.54,17.1,17.19,158507100.0
2009-03-12,17.1302,18.48,17.06,18.3699,242257600.0
2009-03-13,18.8999,19.24,18.35,18.54,213843300.0
2009-03-16,18.5,20.0,18.3232,19.83,195753300.0
2009-03-17,20.0101,20.7485,19.55,19.9004,235243300.0
2009-03-18,20.2504,20.34,19.22,19.4,107865400.0
2009-03-19,19.7001,21.1,19.7001,20.9203,199909000.0
2009-03-20,20.9601,24.0,20.781,23.62,281727100.0
2009-03-23,24.8499,25.97,24.3,24.75,185447900.0
2009-03-24,25.0,25.36,21.75,22.05,179113700.0
2009-03-25,22.0499,22.3,20.601,21.78,162506000.0
2009-03-26,22.02,23.6099,22.0,22.67,200146500.0
2009-03-27,22.9599,23.54,21.1089,21.3201,203907800.0
2009-03-30,20.698,21.49,19.632,20.8701,144786500.0
2009-03-31,21.3199,21.7999,20.57,20.6703,102725200.0
2009-04-01,20.7703,21.136,20.01,20.8499,85417600.0
2009-04-02,21.52,22.5488,21.15,22.43,158358300.0
2009-04-03,22.42,23.7897,22.0202,22.87,209752700.0
2009-04-06,23.5823,24.5,22.4001,22.73,163047800.0
2009-04-07,22.9002,23.9376,22.605,23.2748,100773500.0
2009-04-08,22.7121,25.0,22.6001,24.97,121350400.0
2009-04-09,25.5888,26.8399,25.12,26.78,199182600.0
2009-04-10,26.85,27.96,25.91,27.7999,143452100.0
2009-04-13,27.7999,29.0,27.006,27.05,220135800.0
2009-04-14,27.5001,28.6744,25.8615,26.5801,201176900.0
2009-04-15,26.48,27.11,25.251,26.102,141300000.0
2009-04-16,26.8999,27.06,26.05,26.25,119769400.0
2009-04-17,26.6399,26.8,26.2501,26.5,91671700.0
2009-04-20,26.4758,27.3404,25.6295,26.15,138164200.0
2009-04-21,25.8852,26.9899,24.5703,25.27,173132500.0
2009-04-22,25.5999,26.5,25.01,26.3397,114761400.0
2009-04-23,26.3801,27.251,25.9118,26.8,139187000.0
2009-04-24,26.7801,26.99,26.0606,26.34,102490000.0
2009-04-27,26.0701,26.7,25.61,26.5899,82346100.0
2009-04-28,26.2501,26.39,25.0857,26.35,100624900.0
2009-04-29,26.46,27.0,26.02,26.8784,87315300.0
2009-04-30,27.2001,28.35,27.19,27.75,115034100.0
2009-05-04,28.36,29.1267,28.1297,28.98,82982400.0
2009-05-05,29.26,29.64,28.55,29.03,105288300.0
2009-05-06,28.8001,30.63,28.24,30.3899,118280700.0
2009-05-07,30.8998,33.4901,30.78,31.62,187976500.0
2009-05-08,32.0216,32.65,31.77,32.3156,99324100.0
2009-05-12,32.59,35.3499,32.59,33.8499,166834700.0
2009-05-13,34.4,35.3077,31.4101,31.7501,148657300.0
2009-05-14,31.11,31.95,30.5005,31.5,101109900.0
2009-05-15,31.96,32.39,30.6125,31.4,87568400.0
2009-05-18,30.9801,31.46,30.1,31.4589,106218000.0
2009-05-19,32.1501,33.57,31.8801,33.49,156855100.0
2009-05-20,33.8001,35.8499,33.2831,35.5,209846300.0
2009-05-21,34.97,35.43,33.9,34.0099,100866900.0
2009-05-22,34.2488,34.9,33.75,34.0499,84292800.0
2009-05-25,34.385,34.7,32.911,33.2251,55582400.0
2009-05-26,33.2251,33.2999,31.5174,32.6198,85449900.0
2009-05-27,33.1899,33.95,32.7816,33.6011,100197900.0
2009-05-28,32.9999,34.54,32.8909,33.7621,100093600.0
2009-05-29,34.3499,34.9837,34.1,34.8,94740900.0
2009-06-01,35.53,37.1595,35.3535,37.13,102902100.0
2009-06-02,37.3399,37.56,35.01,36.7001,137818800.0
2009-06-03,36.8801,37.0401,33.1,33.1416,103742900.0
2009-06-04,33.02,34.5,31.92,32.8,112260200.0
2009-06-05,33.4,34.4,32.6998,33.7,71275500.0
2009-06-08,33.2,33.2,31.31,31.579,85290200.0
2009-06-09,32.0,32.4877,30.81,31.45,96451000.0
2009-06-10,32.45,33.6843,32.0,33.6499,117600000.0
2009-06-11,33.8501,35.045,32.68,34.95,109054500.0
2009-06-15,33.99,34.25,32.05,32.15,86968400.0
2009-06-16,31.9913,33.3999,31.711,32.77,107949800.0
2009-06-17,32.5201,32.7492,30.2525,30.32,104191700.0
2009-06-18,30.68,30.99,27.6607,28.94,204003800.0
2009-06-19,29.3201,29.49,27.7208,27.9501,128776500.0
2009-06-22,27.7001,27.7489,25.8,26.0021,101138700.0
2009-06-23,25.34,26.0,24.1543,24.9453,155738200.0
2009-06-24,25.51,27.5,25.2106,27.5,161872800.0
2009-06-25,27.5,27.62,26.0111,26.7031,127750000.0
2009-06-26,27.3391,28.7475,27.1702,27.792,183937000.0
2009-06-29,27.48,29.4449,27.15,29.4099,133733800.0
2009-06-30,29.8998,30.13,28.12,28.2,135212700.0
2009-07-01,28.4498,29.78,28.04,29.78,146094400.0
2009-07-02,29.5803,29.9,28.4117,28.7003,115994900.0
2009-07-03,28.6801,29.045,27.6,28.17,82365100.0
2009-07-06,27.69,27.7665,26.3077,26.4603,82851600.0
2009-07-07,26.7499,27.5703,25.94,26.22,140358200.0
2009-07-08,25.57,26.37,25.15,26.3491,143220300.0
2009-07-09,26.4,26.8393,25.82,26.05,154809000.0
2009-07-10,26.1607,26.5999,24.7105,24.8899,155669900.0
2009-07-13,24.5001,25.54,24.0532,24.4799,149702700.0
2009-07-14,25.2699,26.3,24.85,25.5995,178628300.0
2009-07-15,26.1623,27.75,26.1622,27.6601,141241000.0
2009-07-16,28.1001,28.15,26.938,27.59,140820500.0
2009-07-17,27.78,29.6,27.4003,29.3629,196144000.0
2009-07-20,29.9501,31.6831,29.93,30.9811,253120500.0
2009-07-21,31.2022,31.85,30.08,30.5501,266192600.0
2009-07-22,30.6001,31.23,29.3,29.4567,177653000.0
2009-07-23,30.0,32.29,29.8531,32.15,238239700.0
2009-07-24,32.29,32.65,31.0201,31.2702,188293500.0
2009-07-27,32.0002,32.47,30.9962,31.2001,140425300.0
2009-07-28,31.449,32.16,30.21,30.3511,253390100.0
2009-07-29,29.89,30.073,29.0125,29.1101,182818300.0
2009-07-30,29.38,30.9,29.3502,30.8699,199211900.0
2009-07-31,31.3001,31.7036,30.3001,31.699,236723700.0
2009-08-03,32.1781,33.26,31.99,33.0702,154758600.0
2009-08-04,32.8904,33.56,32.63,33.549,142782300.0
2009-08-05,33.49,34.34,32.913,33.01,213727700.0
2009-08-06,33.5499,34.667,33.11,33.5298,321956500.0
2009-08-07,33.2,34.595,32.3525,34.5,174024500.0
2009-08-10,34.4799,34.74,33.5851,33.96,154121100.0
2009-08-11,34.01,34.22,32.75,32.86,127943200.0
2009-08-12,32.6,33.5199,32.0,33.44,163497900.0
2009-08-13,34.0001,34.8186,33.3333,34.1948,206737600.0
2009-08-14,34.0999,34.5036,33.3583,33.5499,140750400.0
2009-08-17,32.5935,32.8,31.85,32.39,99168900.0
2009-08-18,32.77,33.17,31.7301,32.5,136812900.0
2009-08-19,32.4776,32.8003,31.73,32.6001,95051600.0
2009-08-20,33.1501,33.3,32.4138,33.0999,100373800.0
2009-08-21,32.6195,34.49,32.5605,34.47,107850200.0
2009-08-24,34.9999,35.0,33.7511,34.2001,161934800.0
2009-08-25,33.7265,34.7095,33.3002,34.2499,102203100.0
2009-08-26,34.188,34.41,33.01,33.4125,86449800.0
2009-08-27,33.1499,34.281,33.0,33.5,129955800.0
2009-08-28,34.0,34.98,33.72,34.8501,112675900.0
2009-08-31,34.25,34.8,33.69,33.85,79057400.0
2009-09-01,34.13,34.48,33.51,34.2026,78812700.0
2009-09-02,33.45,33.7773,32.66,32.8501,114947600.0
2009-09-03,33.11,33.3933,32.6982,32.9798,63303800.0
2009-09-04,33.15,33.63,32.01,32.59,105974000.0
2009-09-07,32.9505,33.52,32.7205,33.4304,69473600.0
2009-09-08,33.5005,34.2534,33.3,34.0999,90658400.0
2009-09-09,33.9086,34.4005,33.53,34.1201,108587000.0
2009-09-10,34.5499,34.7949,33.311,33.6,110424500.0
2009-09-11,33.8189,34.6999,33.3525,34.2401,100813700.0
2009-09-14,33.5,34.19,33.35,34.14,70616500.0
2009-09-15,34.2389,35.7591,34.1005,35.39,107412700.0
2009-09-16,35.9002,36.76,35.3397,35.6979,242241800.0
2009-09-17,36.21,37.9001,36.0555,37.2499,348630300.0
2009-09-18,36.7999,37.7399,36.54,37.2,187104700.0
2009-09-21,36.9513,37.2682,36.05,36.12,144592600.0
2009-09-22,36.47,38.28,36.47,37.79,142594400.0
2009-09-23,37.79,39.0399,37.551,37.88,150140700.0
2009-09-24,37.454,38.44,36.48,36.51,249132100.0
2009-09-25,36.72,37.73,36.33,37.6679,118957700.0
2009-09-28,36.8856,38.0899,36.62,38.0199,81332800.0
2009-09-29,38.0999,38.49,37.2202,37.647,88756600.0
2009-09-30,37.87,38.75,36.711,37.325,114596400.0
2009-10-01,37.72,38.19,37.2025,37.8336,85818900.0
2009-10-02,37.07,37.29,35.0099,35.8305,133473600.0
2009-10-05,36.0498,36.31,35.258,35.7801,94393700.0
2009-10-06,36.35,37.05,36.25,37.049,87961000.0
2009-10-07,37.3112,37.67,36.75,36.8001,90784100.0
2009-10-08,37.42,38.62,37.4115,38.5888,117481200.0
2009-10-09,38.572,39.836,37.6202,38.82,144161300.0
2009-10-12,39.2365,40.98,38.912,40.9696,118492300.0
2009-10-13,40.9001,41.2,39.0798,39.15,147528300.0
2009-10-14,40.1111,41.7,40.0406,41.1122,196947000.0
2009-10-15,41.7318,41.85,40.4,40.5,153532500.0
2009-10-16,41.35,41.6397,39.1374,39.23,136441200.0
2009-10-19,39.7098,41.1992,39.7,41.1992,114219300.0
2009-10-20,41.55,42.12,41.1089,41.66,131831900.0
2009-10-21,41.2,42.9713,40.5888,42.9713,153065600.0
2009-10-22,42.3,43.55,41.8509,43.01,150975700.0
2009-10-23,43.6899,44.1,42.65,42.98,169417900.0
2009-10-26,42.8001,43.35,42.4,42.45,93903600.0
2009-10-27,42.041,42.45,41.2125,42.3077,115236300.0
2009-10-28,42.066,42.2222,39.001,39.3136,154934500.0
2009-10-29,38.975,40.57,37.6133,40.4203,208553900.0
2009-10-30,40.64,40.8499,38.28,38.611,157896800.0
2009-11-02,38.224,39.4989,37.601,39.4717,109925100.0
2009-11-03,39.2274,39.2486,37.7,38.2615,77712700.0
2009-11-05,38.8,39.89,38.03,39.65,94872500.0
2009-11-06,39.6499,40.088,38.29,38.9897,102670400.0
2009-11-09,39.58,40.94,39.55,40.914,81980700.0
2009-11-10,40.75,41.9,40.2576,41.55,98047800.0
2009-11-11,41.3707,42.1494,41.1,41.15,79827400.0
2009-11-12,41.3011,41.347,40.25,40.74,82648200.0
2009-11-13,40.25,40.8,40.0211,40.7,56860500.0
2009-11-16,41.38,42.4969,41.3727,42.4,91204100.0
2009-11-17,42.17,42.4901,41.67,41.9585,77182700.0
2009-11-18,42.3781,43.4,41.962,42.5092,115819000.0
2009-11-19,42.0659,42.49,40.93,41.0696,88433200.0
2009-11-20,41.273,41.65,40.25,41.07,79449800.0
2009-11-23,41.7,42.22,40.9633,41.2012,150332100.0
2009-11-24,40.6,40.6,39.5125,39.8182,97209200.0
2009-11-25,40.36,40.47,39.0,39.85,90367400.0
2009-11-26,39.3,39.4798,38.12,38.7,94906600.0
2009-11-27,37.617,39.9,37.3,39.8,136582000.0
2009-11-30,40.3028,40.5,38.93,40.4983,104331000.0
2009-12-01,40.54,41.15,40.2,40.9,67600500.0
2009-12-02,41.18,42.35,40.8218,42.2806,112205600.0
2009-12-03,42.47,42.97,41.71,41.77,98423100.0
2009-12-04,41.4151,42.98,41.2,42.2713,104327800.0
2009-12-07,41.76,41.9594,40.93,41.22,73792400.0
2009-12-08,40.9327,41.92,40.5956,41.78,94984800.0
2009-12-09,41.49,41.98,41.0,41.1782,57753200.0
2009-12-10,41.0,41.8588,40.6059,41.1251,64836500.0
2009-12-11,41.4,41.5777,40.27,40.612,61851700.0
2009-12-14,41.0601,41.28,40.383,41.2269,43937500.0
2009-12-15,41.26,41.8,40.8005,41.75,58972200.0
2009-12-16,41.62,43.039,41.45,42.9044,85240500.0
2009-12-17,42.5616,43.659,41.7318,41.9999,89789000.0
2009-12-18,41.97,42.79,41.746,41.7701,57102200.0
2009-12-21,42.16,42.45,41.71,42.2999,50228000.0
2009-12-22,42.1602,42.35,41.21,41.8103,52539100.0
2009-12-23,42.1,42.76,41.83,42.25,46878000.0
2009-12-24,42.6346,42.7199,41.05,41.4494,61228600.0
2009-12-25,41.4485,41.7499,40.75,41.6507,34362100.0
2009-12-28,41.85,42.15,41.55,42.1394,24265300.0
2009-12-29,42.1789,42.7885,42.001,42.62,34146300.0
2009-12-30,42.48,42.72,42.2107,42.4412,24197400.0
2009-12-31,42.6385,42.6412,42.261,42.3574,4951800.0
2010-01-11,45.11,47.44,45.1,46.954,103521900.0
2010-01-12,46.7973,46.954,45.87,46.4006,75451200.0
2010-01-13,45.89,47.3,45.6511,46.5414,77905800.0
2010-01-14,47.22,49.07,47.2,48.9294,140195500.0
2010-01-15,48.7499,49.55,48.42,48.8462,82132600.0
2010-01-18,48.69,50.35,48.52,50.27,97640700.0
2010-01-19,50.15,50.8499,49.1501,50.4,100157400.0
2010-01-20,50.2,50.8375,49.1111,49.45,96020400.0
2010-01-21,49.75,49.95,48.5603,49.0294,91447700.0
2010-01-22,48.4997,48.85,47.5323,48.0915,106029500.0
2010-01-25,47.54,48.25,46.67,47.2,89530800.0
2010-01-26,46.67,46.97,45.71,45.8996,100724700.0
2010-01-27,45.7894,47.1,44.71,46.2296,123650300.0
2010-01-28,46.8,47.6,46.5108,47.22,95009000.0
2010-01-29,46.6399,47.29,46.0454,47.1133,91267200.0
2010-02-01,46.6012,46.98,46.2107,46.749,57181900.0
2010-02-02,47.1026,47.85,46.92,47.8,83832600.0
2010-02-03,48.199,48.5096,47.19,47.2938,102054000.0
2010-02-04,47.2938,47.4996,45.56,45.8794,96611200.0
2010-02-05,44.99,45.538,44.0203,44.8499,131490600.0
2010-02-08,44.88,45.3987,44.4506,45.0,91318500.0
2010-02-09,45.26,45.94,44.9,45.7509,89678400.0
2010-02-10,46.07,46.24,44.3525,44.72,96856100.0
2010-02-11,45.1928,45.44,44.157,44.3133,67167800.0
2010-02-12,44.8577,45.2398,43.231,44.11,109131100.0
2010-02-15,44.26,44.9177,43.9101,44.9,46505400.0
2010-02-16,45.2707,46.37,45.1016,46.3306,68808500.0
2010-02-17,46.7,46.8889,45.8,45.92,77432500.0
2010-02-18,45.7277,46.2,45.22,46.2,72848100.0
2010-02-19,45.4801,47.1499,44.8602,47.1,80055200.0
2010-02-24,46.5998,46.8823,45.02,45.36,86309500.0
2010-02-25,44.9955,45.8,43.9,44.3805,74894100.0
2010-02-26,44.932,45.35,44.2155,45.25,70581200.0
2010-02-27,45.3,46.0,45.1777,45.9,22426300.0
2010-03-01,46.44,47.4,46.2001,47.214,107596900.0
2010-03-02,47.0,47.6,46.6136,47.17,75783200.0
2010-03-03,47.0201,48.12,46.75,48.0641,93208700.0
2010-03-04,47.7043,49.0,47.62,48.5215,91360600.0
2010-03-05,49.0015,49.39,48.61,49.33,72382900.0
2010-03-09,49.2826,49.31,48.141,48.6,61917900.0
2010-03-10,48.6488,49.67,48.21,48.9488,88970300.0
2010-03-11,48.7987,49.3,48.4458,48.7,59126900.0
2010-03-12,48.9109,49.88,48.61,49.6,73675800.0
2010-03-15,49.24,49.65,48.95,48.95,48187600.0
2010-03-16,49.2,49.75,48.98,49.75,61054200.0
2010-03-17,50.11,51.1377,49.95,50.6701,109338400.0
2010-03-18,50.49,50.9769,49.8228,49.8291,66013200.0
2010-03-19,50.0,50.45,49.5,49.8775,68677500.0
2010-03-22,49.4206,49.55,48.5549,49.272,62724800.0
2010-03-23,49.482,50.0,49.0211,49.8394,74001700.0
2010-03-24,49.9,49.99,49.11,49.31,56145000.0
2010-03-25,49.25,50.5,49.2,50.4,74330200.0
2010-03-26,50.46,51.6995,50.312,51.54,93356100.0
2010-03-29,51.5857,53.95,51.5411,53.87,120044700.0
2010-03-30,54.0,54.25,52.9125,53.9,103271100.0
2010-03-31,53.65,54.97,53.5,54.3,86469500.0
2010-04-01,54.45,56.7446,54.4208,56.3988,121056100.0
2010-04-02,56.5017,56.7475,55.3753,56.283,66117700.0
2010-04-05,56.56,56.7499,55.8125,56.0058,39206900.0
2010-04-06,56.0,56.53,55.3228,55.45,68020300.0
2010-04-07,55.38,55.6997,54.01,54.1,74010200.0
2010-04-08,53.56,54.54,53.255,54.53,84956700.0
2010-04-09,55.0013,55.55,54.6506,55.41,63918600.0
2010-04-12,55.819,56.4487,55.2,56.1484,84724000.0
2010-04-13,55.68,56.5998,55.5611,56.389,65708200.0
2010-04-14,56.8026,57.8832,56.8,57.6,88326700.0
2010-04-15,58.0,58.2,57.0555,58.1141,94276700.0
2010-04-16,57.71,57.867,56.313,56.4183,82857000.0
2010-04-19,55.5326,55.8988,54.21,55.29,102139100.0
2010-04-20,55.74,56.39,55.5,56.09,68152500.0
2010-04-21,56.3794,56.55,54.6626,54.8979,64076300.0
2010-04-22,54.6,55.6,53.5,53.6005,100047000.0
2010-04-23,53.9536,55.924,53.6327,55.92,118697700.0
2010-04-26,56.5,57.12,56.06,56.7,71346800.0
2010-04-27,56.35,56.55,55.45,56.0201,66881400.0
2010-04-28,54.75,55.58,54.1111,54.52,98600700.0
2010-04-29,54.9,57.305,54.35,57.27,120240200.0
2010-04-30,57.2,57.88,56.1,56.529,102607500.0
2010-05-04,56.7666,57.0,53.0269,53.0508,128580400.0
2010-05-05,52.86,53.71,50.1357,50.75,209128200.0
2010-05-06,50.34,51.67,49.5164,50.04,141416000.0
2010-05-07,48.4848,49.2999,45.32,46.2494,132285100.0
2010-05-11,49.0,49.7874,47.7523,48.296,153597600.0
2010-05-12,47.7418,50.7609,47.5512,50.3493,181533200.0
2010-05-13,50.97,51.7999,49.75,50.5864,124043500.0
2010-05-14,50.1496,50.93,49.33,49.75,137995600.0
2010-05-17,48.4,52.04,47.95,51.8682,194377300.0
2010-05-18,52.11,52.77,50.61,51.3691,137120700.0
2010-05-19,50.4301,51.1887,49.37,50.5,127030000.0
2010-05-20,50.39,51.5,48.2112,48.9548,164123300.0
2010-05-21,49.45,50.0,48.3175,49.8,126350600.0
2010-05-24,49.18,49.37,46.9753,48.3008,101476700.0
2010-05-25,46.44,47.61,46.11,46.8615,124955800.0
2010-05-26,47.998,48.38,46.6002,46.9497,126307300.0
2010-05-27,47.48,49.43,46.5,49.1784,158000400.0
2010-05-28,49.2,50.4998,48.11,50.3393,112532300.0
2010-05-31,50.4049,50.9275,49.53,50.1889,57123700.0
2010-06-01,49.74,51.93,49.2006,51.6102,116565600.0
2010-06-02,50.6941,52.05,50.4142,51.68,114445100.0
2010-06-03,52.45,52.77,50.6,50.6,132996900.0
2010-06-04,50.59,51.5,48.93,49.21,107486400.0
2010-06-07,48.0,49.07,47.1156,48.6786,91019900.0
2010-06-08,49.0,49.5,47.3995,48.1278,94861600.0
2010-06-09,48.71,49.75,48.27,49.15,85196900.0
2010-06-10,49.29,50.25,48.41,50.181,88378500.0
2010-06-11,50.2,50.37,49.2523,50.03,67123700.0
2010-06-15,50.2,51.4,49.9501,51.2398,66304900.0
2010-06-16,51.626,51.9297,50.17,50.86,75691600.0
2010-06-17,50.75,51.3,49.1608,49.4,80067700.0
2010-06-18,49.5506,50.08,48.9,49.1013,58444100.0
2010-06-21,50.3,51.0,50.033,50.95,75059200.0
2010-06-22,50.3811,51.0804,49.63,49.89,67851700.0
2010-06-23,49.47,50.3,49.2248,49.406,54664400.0
2010-06-24,49.8001,50.0956,48.5526,48.9001,62068400.0
2010-06-25,48.69,49.0,47.9003,48.0004,51544600.0
2010-06-28,48.1128,49.169,47.9305,48.7657,48096200.0
2010-06-29,48.1,48.1819,46.9212,47.2,63782900.0
2010-06-30,47.15,47.5,44.95,44.95,98672500.0
2010-07-01,44.57,44.9978,43.5,43.6885,105628200.0
2010-07-02,44.31,45.3724,43.5512,45.05,82270200.0
2010-07-05,45.05,46.29,44.501,46.18,76151100.0
2010-07-06,46.52,47.53,46.2707,47.399,68894400.0
2010-07-07,46.96,47.94,45.94,47.8562,91852100.0
2010-07-08,48.41,48.69,47.2115,47.5826,75950600.0
2010-07-09,47.9982,48.385,47.3137,48.15,58700600.0
2010-07-12,48.0,49.5,47.5717,49.1409,87425000.0
2010-07-13,48.92,50.2998,48.65,49.4979,81900300.0
2010-07-14,49.99,50.0997,49.0202,49.17,59378600.0
2010-07-15,49.064,50.1975,48.2606,48.4022,65314100.0
2010-07-16,48.6491,49.25,47.85,48.15,65057500.0
2010-07-19,47.886,49.449,47.807,48.52,57064300.0
2010-07-20,48.96,49.18,47.73,48.2931,59779500.0
2010-07-21,48.62,49.63,48.6001,48.93,78849800.0
2010-07-22,48.45,50.25,48.3514,50.05,102059300.0
2010-07-23,50.1901,51.8,49.62,50.73,104668300.0
2010-07-26,51.35,51.65,50.03,51.1,111415100.0
2010-07-27,51.1,51.74,50.51,50.52,88459300.0
2010-07-28,50.89,51.33,49.6201,49.8994,72286200.0
2010-07-29,50.35,51.17,49.9001,50.7448,51097800.0
2010-07-30,50.4377,50.65,48.8423,49.7,80733800.0
2010-08-02,50.1777,51.24,50.1133,51.2,59698600.0
2010-08-03,51.25,51.4444,50.0999,50.3999,60124100.0
2010-08-04,50.05,51.27,49.7525,50.69,60016100.0
2010-08-05,50.879,51.3894,50.3001,51.0,49656300.0
2010-08-06,51.1,51.37,49.9111,50.25,54153200.0
2010-08-09,50.6,52.0304,50.516,51.8301,96724000.0
2010-08-10,51.6526,52.09,51.03,51.5408,75155400.0
2010-08-11,51.1717,51.4837,50.37,50.4894,69006200.0
2010-08-12,50.19,51.2,49.5,49.9,80155000.0
2010-08-13,50.35,50.5,49.642,50.1,58605500.0
2010-08-16,50.1,50.99,49.7891,50.85,67609200.0
2010-08-17,50.9772,52.07,50.7035,52.02,81982400.0
2010-08-18,51.9491,52.3499,51.61,52.28,61589800.0
2010-08-19,52.43,52.8697,51.4,51.55,73559400.0
2010-08-20,51.49,51.84,51.05,51.7,50941600.0
2010-08-23,51.8,52.2,51.2206,51.8491,44510100.0
2010-08-24,51.46,51.5,50.3,50.67,54519400.0
2010-08-25,50.7,50.988,49.9001,50.18,51153400.0
2010-08-26,50.72,51.46,50.4127,51.2399,51961500.0
2010-08-27,51.077,52.01,50.55,51.98,58498000.0
2010-08-30,52.33,53.0162,52.1777,52.7645,52097500.0
2010-08-31,52.0888,52.3787,51.22,51.9,66183600.0
2010-09-01,52.22,53.15,51.8549,53.0513,55761500.0
2010-09-02,52.9952,53.4999,52.3125,52.3125,54674700.0
2010-09-03,52.57,53.25,52.29,52.68,47533500.0
2010-09-06,53.2,53.21,51.9702,52.25,30913600.0
2010-09-07,51.8,52.0,51.3,51.777,50615600.0
2010-09-08,51.54,53.3265,51.5,52.6399,77011000.0
2010-09-09,52.6026,53.092,52.2913,52.3313,61186200.0
2010-09-10,52.18,53.0992,51.75,52.0888,74853900.0
2010-09-13,52.75,52.9497,51.977,52.1198,41200600.0
2010-09-14,51.88,52.1291,50.7,50.8,82348300.0
2010-09-15,50.75,51.05,49.48,49.7669,128973400.0
2010-09-16,49.64,50.3,49.3,50.0887,56804400.0
2010-09-17,50.41,50.6235,49.4,49.45,43950700.0
2010-09-20,49.55,49.85,49.038,49.34,44021500.0
2010-09-21,49.4794,50.0877,49.4111,49.695,51223200.0
2010-09-22,49.843,49.988,48.9172,49.828,61240800.0
2010-09-23,49.85,50.55,49.5701,50.12,76118300.0
2010-09-24,49.94,50.7,49.6,50.5795,52866300.0
2010-09-27,50.8,50.97,50.25,50.319,47612400.0
2010-09-28,50.17,50.5,49.737,50.0486,50485900.0
2010-09-29,50.2999,51.341,50.1701,51.25,82601300.0
2010-09-30,51.051,52.044,51.03,51.9604,66178000.0
2010-10-01,51.89,52.7734,51.71,52.547,77513900.0
2010-10-04,52.7205,53.4,52.5,53.15,71552300.0
2010-10-05,53.05,53.55,52.71,52.9482,71836700.0
2010-10-06,53.3777,53.9418,52.88,53.38,87815100.0
2010-10-07,53.46,53.8695,53.2206,53.535,59757500.0
2010-10-08,53.2608,53.5467,52.4335,53.049,68512600.0
2010-10-11,53.2995,54.1499,53.2705,53.6995,47120300.0
2010-10-12,53.1499,54.0888,53.07,53.8865,48703700.0
2010-10-13,54.1577,54.5,53.7501,54.0,60020600.0
2010-10-14,54.5,54.595,54.02,54.3295,68997300.0
2010-10-15,54.25,55.4,54.2219,54.92,87048900.0
2010-10-18,54.48,55.3208,54.47,55.16,35304200.0
2010-10-19,55.15,55.3601,54.16,54.2501,56531800.0
2010-10-20,53.99,54.98,53.7,54.7696,43533200.0
2010-10-21,54.75,55.6999,54.6,55.5008,53450000.0
2010-10-22,55.3777,55.6,54.18,54.5523,110398700.0
2010-10-25,55.1,56.59,54.95,56.09,96713400.0
2010-10-26,55.9,56.48,55.5555,55.75,56024700.0
2010-10-27,55.55,55.8999,55.03,55.12,42855500.0
2010-10-28,55.3,56.2155,55.3,55.7367,48962900.0
2010-10-29,55.58,55.934,55.08,55.843,40621400.0
2010-11-01,56.2001,56.6,56.0,56.1297,45183300.0
2010-11-02,56.05,56.6,55.9246,56.4,30723800.0
2010-11-03,56.4787,56.68,55.9,56.0495,54597800.0
2010-11-08,57.48,58.7594,57.45,58.7003,83440400.0
2010-11-09,58.5916,60.891,58.5612,60.8,104393800.0
2010-11-10,60.3,60.95,59.811,60.2,68666500.0
2010-11-11,60.7,61.33,59.1,59.1697,94967700.0
2010-11-12,58.488,59.3493,58.1001,59.0629,66130200.0
2010-11-13,58.75,58.9,58.2,58.6,19993100.0
2010-11-15,58.8771,59.49,57.9125,59.1995,60917600.0
2010-11-16,58.83,58.83,57.4301,57.51,60780200.0
2010-11-17,57.36,57.95,56.3,57.91,87870200.0
2010-11-18,58.3578,58.6186,57.8,58.41,46415500.0
2010-11-19,58.5001,59.3817,58.0,59.2604,65125600.0
2010-11-22,59.8,60.2,59.0559,59.0995,54955800.0
2010-11-23,58.7505,59.23,58.2,58.6505,55228900.0
2010-11-24,58.85,60.6,58.2476,60.44,79020100.0
2010-11-25,60.5898,61.8253,60.3636,61.4008,124565700.0
2010-11-26,61.0998,61.8,60.3,60.45,81966900.0
2010-11-29,60.896,61.19,59.53,59.73,54792600.0
2010-11-30,59.88,60.8888,59.255,60.5303,62543900.0
2010-12-01,60.903,61.61,60.55,61.61,65676600.0
2010-12-02,61.8,65.0,61.5117,64.5,113279300.0
2010-12-03,64.4,67.288,64.171,66.7,150760900.0
2010-12-06,66.7,67.45,65.5498,66.5527,72209600.0
2010-12-07,66.89,67.5,65.8402,66.1,87499700.0
2010-12-08,65.38,66.5555,64.71,64.79,81430800.0
2010-12-09,65.68,66.1,65.0637,65.665,56737800.0
2010-12-10,65.76,66.9888,65.0218,66.9888,74201600.0
2010-12-13,67.26,67.48,66.17,66.18,87444800.0
2010-12-14,66.1199,67.5838,65.89,67.25,107471900.0
2010-12-15,66.8011,68.19,66.35,67.9,125239000.0
2010-12-16,67.52,68.68,66.95,67.0,122983200.0
2010-12-17,67.4,67.8399,66.7,66.98,56605400.0
2010-12-20,66.9,67.4962,66.63,66.78,47398800.0
2010-12-21,67.35,67.3998,66.7079,66.955,48887000.0
2010-12-22,67.1501,67.969,67.05,67.8,43259200.0
2010-12-23,67.7111,68.25,67.5,68.24,38961300.0
2010-12-24,68.6,68.68,67.8,68.12,35185100.0
2010-12-27,68.12,68.42,67.5122,67.5519,17707500.0
2010-12-28,67.66,68.25,67.3,68.0,22733400.0
2010-12-29,68.202,72.19,68.2,71.95,108087400.0
2010-12-30,72.05,72.45,71.4125,71.65,49645700.0
2011-01-11,70.98,73.099,70.0,72.87,67604100.0
2011-01-12,72.9988,75.76,72.96,74.9899,154578800.0
2011-01-13,74.9999,75.3784,73.808,73.95,54637000.0
2011-01-14,73.8112,74.6,73.12,74.0,62120900.0
2011-01-17,74.1,75.17,74.0029,74.6284,47238200.0
2011-01-18,74.8,75.05,74.2278,74.9012,37747800.0
2011-01-19,75.1093,75.3398,74.4,74.64,30824500.0
2011-01-20,73.99,74.54,73.52,74.21,49535800.0
2011-01-21,74.0996,75.27,73.31,75.0,57624600.0
2011-01-24,74.97,75.4,74.15,75.4,46367200.0
2011-01-25,75.4,75.7,74.7125,75.02,43275500.0
2011-01-26,75.3498,75.7,74.48,75.1519,40736900.0
2011-01-27,75.45,76.39,74.6243,76.02,95753900.0
2011-01-28,75.7996,77.0,75.4,77.0,40603200.0
2011-01-31,76.1605,76.4,74.51,74.7,76996700.0
2011-02-01,75.3999,75.4,74.3191,75.13,36139500.0
2011-02-02,75.4,76.6,75.2258,75.9,49853000.0
2011-02-03,75.766,76.21,74.6293,74.74,35787300.0
2011-02-04,74.8622,75.2,73.7,74.41,43780100.0
2011-02-07,74.78,74.964,72.25,73.71,59198800.0
2011-02-08,73.4997,73.85,72.16,72.31,53750100.0
2011-02-09,72.3101,72.8019,70.4,70.52,42793300.0
2011-02-10,70.52,70.5693,68.35,68.3998,69735300.0
2011-02-11,68.39,72.14,68.11,71.4827,99388100.0
2011-02-14,72.17,72.8647,70.41,71.1,49797300.0
2011-02-15,71.2855,71.9,70.25,70.65,38594900.0
2011-02-16,70.8755,70.94,69.0271,69.65,44098900.0
2011-02-17,70.2505,70.35,67.8,68.17,46544000.0
2011-02-18,68.3,68.3791,66.81,67.0114,36996900.0
2011-02-21,67.15,69.1,66.55,68.15,59472200.0
2011-02-22,67.6996,68.2374,66.8002,67.8547,50500800.0
2011-02-24,66.777,66.9999,65.1125,65.7996,67753600.0
2011-02-25,65.9896,68.65,65.9601,68.5776,66638400.0
2011-02-28,69.0557,70.465,68.4009,69.93,71745800.0
2011-03-01,70.44,71.67,69.75,70.21,79171200.0
2011-03-02,69.75,71.46,69.14,71.35,60592200.0
2011-03-03,71.63,72.08,70.82,71.01,43459000.0
2011-03-04,71.47,72.46,71.05,71.3,56252900.0
2011-03-05,71.3,72.19,71.11,71.98,14694700.0
2011-03-09,71.54,71.85,70.9,71.16,53212000.0
2011-03-10,70.79,70.85,68.48,68.8,74084900.0
2011-03-11,68.3,69.77,67.57,67.66,63895600.0
2011-03-14,67.55,70.0,67.23,69.36,68454800.0
2011-03-15,68.02,70.8,67.7,70.16,135216600.0
2011-03-16,70.71,71.48,69.55,69.95,66356700.0
2011-03-17,69.96,71.65,69.65,71.65,57600700.0
2011-03-18,71.99,72.29,70.75,71.4,43678700.0
2011-03-21,71.93,72.28,71.55,72.0,28886400.0
2011-03-22,71.76,71.8,69.91,71.05,49109500.0
2011-03-23,70.75,72.37,70.51,72.35,59754400.0
2011-03-24,72.5,73.35,71.66,72.91,75902500.0
2011-03-25,73.01,75.14,72.44,74.95,95558700.0
2011-03-28,74.71,75.8,74.53,75.55,35532500.0
2011-03-29,75.81,76.25,73.65,74.32,67052700.0
2011-03-30,74.8,75.98,74.64,75.14,44649700.0
2011-03-31,75.1,75.37,73.82,74.63,46341300.0
2011-04-01,74.49,76.96,74.31,76.71,76440800.0
2011-04-04,76.65,78.2,76.4,78.18,85986200.0
2011-04-05,79.0,79.8,77.3,77.31,88594600.0
2011-04-06,78.01,78.28,76.93,77.51,52343900.0
2011-04-07,77.24,77.6,76.21,76.49,46930900.0
2011-04-08,76.96,77.11,75.77,76.09,47798000.0
2011-04-11,76.25,77.09,75.78,76.15,31320300.0
2011-04-12,75.35,76.16,74.52,75.6,63152100.0
2011-04-13,75.5,77.75,75.1,77.72,70959800.0
2011-04-14,77.71,77.79,75.8,76.68,53311200.0
2011-04-15,76.68,77.73,75.72,77.05,81187900.0
2011-04-18,77.07,77.31,73.25,73.6,93926200.0
2011-04-19,74.1,75.3,73.57,74.74,68523800.0
2011-04-20,75.52,76.98,74.95,76.94,60502300.0
2011-04-21,77.45,77.69,76.1,76.7,41379900.0
2011-04-22,76.91,77.23,76.51,77.0,17138100.0
2011-04-25,77.2,77.5,75.33,75.33,41527000.0
2011-04-26,75.11,76.98,74.82,76.79,61346000.0
2011-04-27,76.95,77.45,75.5,76.25,52161400.0
2011-04-28,76.98,77.15,75.52,76.25,38581300.0
2011-04-29,76.08,76.64,75.22,76.56,23440600.0
2011-05-03,76.56,76.98,72.2,72.3,67211000.0
2011-05-04,72.39,73.39,70.0,71.7,90744100.0
2011-05-05,72.03,72.65,70.01,70.81,77394100.0
2011-05-06,70.2,72.6,69.2,72.28,72697400.0
2011-05-10,72.08,74.39,71.59,73.65,70371800.0
2011-05-11,73.8,74.1,71.39,71.68,52546600.0
2011-05-12,71.0,73.3,70.55,73.05,96966100.0
2011-05-13,73.67,74.2,72.27,72.89,53759000.0
2011-05-16,72.0,73.05,71.32,71.7,44507900.0
2011-05-17,70.2,71.07,69.52,69.99,71507500.0
2011-05-18,70.95,71.27,70.01,70.95,41046600.0
2011-05-19,71.0,72.65,70.27,71.98,74555300.0
2011-05-20,72.0,72.64,70.06,70.1,44382100.0
2011-05-23,69.37,70.0,68.88,68.99,57944900.0
2011-05-24,69.3,70.77,69.08,70.3,50028900.0
2011-05-25,69.85,71.23,69.41,70.89,42146700.0
2011-05-26,71.22,71.5,70.01,70.31,44432700.0
2011-05-27,70.8,71.94,70.36,71.2,51169500.0
2011-05-30,71.4,71.75,70.8,71.52,19840500.0
2011-05-31,71.76,72.18,69.76,70.01,89169000.0
2011-06-01,70.4,71.25,69.8,70.36,51594300.0
2011-06-02,69.75,70.55,69.55,70.2,37316400.0
2011-06-03,70.24,70.42,69.05,69.09,42332500.0
2011-06-06,69.08,69.39,67.93,68.4,49893800.0
2011-06-07,68.3,69.96,68.2,69.67,49225100.0
2011-06-08,69.48,70.29,68.55,70.01,64895600.0
2011-06-09,70.25,70.6,69.5,70.3,37533500.0
2011-06-10,70.35,71.44,70.2,71.15,48185400.0
2011-06-14,71.15,71.25,70.21,70.45,36111900.0
2011-06-15,70.57,71.69,70.1,70.3,74289100.0
2011-06-16,69.66,70.5,69.5,70.13,46380900.0
2011-06-17,70.0,71.4,69.95,70.2,83308600.0
2011-06-20,70.05,70.35,68.71,69.01,52292800.0
2011-06-21,69.5,69.75,69.04,69.19,31131900.0
2011-06-22,69.3,70.63,68.38,70.4,55591100.0
2011-06-23,70.08,70.9,69.3,70.26,55832900.0
2011-06-24,70.76,71.4,70.36,71.35,51131500.0
2011-06-27,70.96,71.6,70.63,71.27,30182500.0
2011-06-28,71.49,73.55,71.28,73.16,76012300.0
2011-06-29,73.31,73.55,72.6,73.1,37320500.0
2011-06-30,73.18,73.6,72.43,72.95,38636900.0
2011-07-01,72.9,74.0,72.52,73.53,52653700.0
2011-07-04,73.8,74.18,73.6,73.98,23190800.0
2011-07-05,73.98,75.03,73.77,74.87,48454300.0
2011-07-06,75.06,75.25,74.48,74.91,29859500.0
2011-07-07,75.24,75.7,75.04,75.45,39151500.0
2011-07-08,75.5,75.56,74.6,74.99,31159400.0
2011-07-11,74.7,75.6,74.42,75.42,59073400.0
2011-07-12,75.3,76.5,74.8,76.32,67517100.0
2011-07-13,76.4,76.75,75.31,75.79,45667500.0
2011-07-14,75.48,76.05,75.15,75.6,40434900.0
2011-07-15,75.28,76.0,75.06,75.5,27592100.0
2011-07-18,75.55,75.8,74.83,75.0,31670000.0
2011-07-19,75.1,75.68,75.1,75.59,28308400.0
2011-07-20,75.9,76.4,75.48,75.5,25061500.0
2011-07-21,75.6,76.0,74.1,75.9,58298600.0
2011-07-22,75.97,76.28,75.1,75.3,31069000.0
2011-07-25,74.96,75.55,74.63,75.04,25320000.0
2011-07-26,75.0,75.4,74.14,74.63,21586800.0
2011-07-27,74.7,75.22,73.55,73.7,31049800.0
2011-07-28,73.51,74.25,73.16,73.65,26986900.0
2011-07-29,73.26,74.19,73.01,74.01,37219800.0
2011-08-01,74.87,75.3,74.41,74.67,35793700.0
2011-08-02,74.6,74.9,73.9,74.25,33337900.0
2011-08-03,73.52,73.92,72.15,72.59,35409100.0
2011-08-04,73.01,73.22,71.29,71.3,52910300.0
2011-08-05,69.8,71.25,69.15,70.66,60768800.0
2011-08-08,68.5,70.18,66.5,67.17,87677500.0
2011-08-09,65.14,67.94,61.95,64.89,112302800.0
2011-08-10,66.46,67.8,61.95,66.09,192085700.0
2011-08-11,66.9,68.48,62.46,64.6,105025500.0
2011-08-12,66.12,68.4,64.6,67.3,72070100.0
2011-08-15,68.1,69.5,67.6,68.03,43174400.0
2011-08-16,67.38,67.4,65.26,66.32,36877700.0
2011-08-17,66.66,67.95,65.65,67.0,36599000.0
2011-08-18,66.17,66.52,64.13,64.86,41868000.0
2011-08-19,63.71,65.9,63.62,65.0,62402300.0
2011-08-22,64.47,65.8,63.63,64.8,27767800.0
2011-08-23,65.4,65.7,62.52,63.5,48338800.0
2011-08-24,63.7,65.2,62.5,64.76,39500900.0
2011-08-25,64.89,65.85,64.16,64.85,43157800.0
2011-08-26,64.94,68.38,64.06,68.3,60871700.0
2011-08-29,69.44,71.2,68.78,70.99,46426200.0
2011-08-30,71.0,71.16,68.88,70.03,40196600.0
2011-08-31,70.55,73.1,69.7,72.12,47783000.0
2011-09-01,71.91,72.32,69.7,72.0,52465700.0
2011-09-02,71.2,71.61,69.9,70.39,26102800.0
2011-09-05,69.7,72.9,69.0,70.71,56440600.0
2011-09-06,70.53,72.4,69.73,71.83,57636300.0
2011-09-07,72.28,75.1,72.12,73.64,107003500.0
2011-09-08,74.0,75.57,72.61,75.1,71913600.0
2011-09-09,74.73,75.74,73.42,74.02,73483700.0
2011-09-12,72.9,75.54,72.5,75.54,64550200.0
2011-09-13,75.99,76.77,74.38,76.29,80538400.0
2011-09-14,75.7,76.59,75.58,76.01,38605100.0
2011-09-15,76.3,78.55,76.3,77.09,119781800.0
2011-09-16,77.6,77.77,71.91,72.2,94312600.0
2011-09-19,71.47,72.08,68.59,68.73,86314800.0
2011-09-20,68.8,70.9,68.11,69.34,65133000.0
2011-09-21,69.22,70.45,69.11,69.2,57115200.0
2011-09-22,67.99,68.28,63.99,65.74,96756300.0
2011-09-23,65.28,65.74,62.3,63.63,91689200.0
2011-09-26,63.08,65.93,61.22,63.91,67934400.0
2011-09-27,65.6,66.23,64.58,65.13,49138600.0
2011-09-28,64.52,71.98,63.0,70.2,226346900.0
2011-09-29,70.2,71.18,69.1,70.41,74582400.0
2011-09-30,70.51,70.84,68.14,70.13,83169000.0
2011-10-03,68.99,70.1,66.77,66.8,52922800.0
2011-10-04,66.0,67.44,59.82,61.94,87714400.0
2011-10-05,62.95,64.39,60.63,61.16,74081600.0
2011-10-06,62.02,64.17,61.75,62.8,56899800.0
2011-10-07,63.52,65.21,62.33,64.0,61896000.0
2011-10-10,64.48,64.88,62.64,63.78,58021800.0
2011-10-11,64.1,64.1,62.3,63.3,40587800.0
2011-10-12,62.79,63.3,61.89,62.83,52984100.0
2011-10-13,63.2,66.49,63.01,64.99,106696900.0
2011-10-14,65.32,66.99,64.7,66.59,55778000.0
2011-10-17,67.05,67.52,63.92,65.0,65615100.0
2011-10-18,64.48,66.99,64.14,66.7,54120400.0
2011-10-19,66.91,67.19,64.47,65.25,50491800.0
2011-10-20,64.7,66.74,64.16,66.55,53662700.0
2011-10-21,66.78,66.99,65.05,65.8,26796500.0
2011-10-24,66.07,66.9,65.81,66.4,38672100.0
2011-10-25,66.39,66.73,62.21,63.06,60148000.0
2011-10-26,63.0,63.75,61.72,62.21,44046800.0
2011-10-27,62.8,64.6,62.31,62.45,57850400.0
2011-10-28,62.98,63.91,60.55,61.32,49513200.0
2011-10-31,60.78,62.4,59.3,59.7,44509500.0
2011-11-01,59.31,60.13,55.5,56.95,55119100.0
2011-11-02,57.01,58.4,56.64,57.85,42031300.0
2011-11-03,56.49,60.53,54.22,58.88,94076200.0
2011-11-07,59.01,60.33,58.31,59.83,31134100.0
2011-11-08,59.83,60.47,58.57,58.65,37892500.0
2011-11-09,59.41,59.41,55.55,55.7,52066900.0
2011-11-10,55.05,56.58,54.39,56.15,50500400.0
2011-11-11,56.36,56.68,54.79,55.23,35534100.0
2011-11-14,56.18,56.46,54.56,54.68,32903700.0
2011-11-15,54.86,56.0,52.53,52.78,65542800.0
2011-11-16,52.5,52.97,50.22,50.51,82950800.0
2011-11-17,50.75,52.78,49.55,52.35,106520500.0
2011-11-18,51.47,53.85,50.6,52.96,83513700.0
2011-11-21,52.77,52.89,50.12,50.42,59498000.0
2011-11-22,50.69,52.2,50.1,51.32,63958000.0
2011-11-23,50.54,52.84,50.5,52.15,65973300.0
2011-11-24,52.3,52.98,51.5,51.51,34800100.0
2011-11-25,51.3,51.7,50.1,51.69,44925100.0
2011-11-28,52.45,53.7,52.01,53.52,52836100.0
2011-11-29,53.87,54.19,51.87,52.1,50896200.0
2011-11-30,52.3,54.7,51.74,54.31,76493000.0
2011-12-01,54.74,55.72,53.91,55.06,66563400.0
2011-12-02,55.12,55.85,54.07,54.15,51557600.0
2011-12-05,54.52,55.69,54.1,55.41,33125200.0
2011-12-06,55.11,56.2,53.2,53.4,83490500.0
2011-12-07,54.0,54.5,52.88,53.6,49164900.0
2011-12-08,53.9,54.9,53.23,53.42,46046900.0
2011-12-09,52.66,52.7,50.33,50.51,75211400.0
2011-12-12,51.26,51.82,47.49,47.5,70992200.0
2011-12-13,47.47,50.09,46.8,49.99,81012300.0
2011-12-14,49.5,51.24,49.12,49.76,68916100.0
2011-12-15,49.09,50.8,49.0,50.55,68864500.0
2011-12-16,50.84,51.17,49.22,49.9,41094000.0
2011-12-19,49.2,49.7,48.18,49.05,35434900.0
2011-12-20,49.55,49.59,48.66,49.26,31500700.0
2011-12-21,49.7,50.64,48.2,48.67,63753900.0
2011-12-22,48.95,49.05,47.17,47.75,36297800.0
2011-12-23,48.0,48.11,46.85,47.1,24523900.0
2011-12-26,47.45,47.71,47.24,47.58,11856600.0
2011-12-27,47.68,47.8,47.1,47.43,11967400.0
2011-12-28,47.57,48.01,47.35,47.82,26188900.0
2011-12-29,47.71,49.35,47.15,49.34,35142600.0
2011-12-30,49.6,49.86,49.11,49.29,15792200.0
2012-01-03,50.0,50.45,49.71,50.15,22225500.0
2012-01-04,50.25,50.3,49.52,50.01,16979700.0
2012-01-05,50.01,50.17,48.5,48.56,22673700.0
2012-01-06,48.67,49.19,48.32,48.52,15646200.0
2012-01-09,48.52,49.45,48.34,49.29,15674400.0
2012-01-10,49.56,52.27,49.45,52.19,64474600.0
2012-01-11,51.91,53.19,51.62,52.4,70188600.0
2012-01-12,52.7,54.17,52.0,53.5,58676700.0
2012-01-13,53.8,54.35,53.15,53.4,46019900.0
2012-01-16,52.91,53.71,52.3,53.41,32904400.0
2012-01-17,53.87,54.89,53.83,54.77,39613700.0
2012-01-18,54.8,54.87,54.1,54.71,33857500.0
2012-01-19,55.0,55.21,54.52,54.74,36528100.0
2012-01-20,54.96,55.0,54.4,54.51,23181000.0
2012-01-23,54.51,55.75,53.74,55.69,50664200.0
2012-01-24,55.41,56.08,55.22,55.55,40008300.0
2012-01-25,55.83,57.0,55.73,56.63,67481200.0
2012-01-26,57.2,58.04,56.88,57.71,62957600.0
2012-01-27,57.4,58.57,57.25,58.0,48306700.0
2012-01-30,57.96,58.25,56.69,57.01,40508300.0
2012-01-31,57.49,58.4,57.26,58.14,27098700.0
2012-02-01,58.0,58.94,57.75,58.93,40098400.0
2012-02-02,59.17,59.18,57.06,57.73,86140000.0
2012-02-03,57.83,58.78,57.24,58.52,37068300.0
2012-02-06,58.8,58.98,58.16,58.46,44723700.0
2012-02-07,58.64,59.15,58.32,58.81,43358500.0
2012-02-08,59.17,59.7,59.11,59.41,33650900.0
2012-02-09,59.5,59.98,57.3,57.47,61278800.0
2012-02-10,57.46,57.46,56.18,56.23,43032400.0
2012-02-13,56.61,58.4,56.61,58.29,31299200.0
2012-02-14,58.0,59.09,57.35,57.46,40118300.0
2012-02-15,58.01,58.7,57.75,57.92,33897200.0
2012-02-16,57.4,57.49,56.5,56.76,41834300.0
2012-02-17,57.51,57.73,56.35,56.56,25861700.0
2012-02-20,57.1,57.83,56.9,57.62,28641400.0
2012-02-21,57.76,57.89,56.4,56.46,31494700.0
2012-02-22,56.61,56.96,55.24,55.32,33521300.0
2012-02-24,55.59,57.48,54.95,57.3,55980000.0
2012-02-27,57.12,58.49,56.75,57.55,37941100.0
2012-02-28,58.13,58.25,57.02,57.15,33701800.0
2012-02-29,57.55,58.21,57.32,57.79,37394600.0
2012-03-01,57.45,57.6,56.7,57.54,30229300.0
2012-03-02,57.68,58.94,57.6,58.8,57924900.0
2012-03-05,58.92,60.0,58.85,59.32,44547700.0
2012-03-06,59.01,59.1,56.02,56.61,53838900.0
2012-03-07,56.3,57.19,55.62,56.66,40278400.0
2012-03-11,57.51,58.0,57.3,57.95,14575400.0
2012-03-12,57.66,58.39,57.12,57.4,37732400.0
2012-03-13,57.91,58.24,57.36,57.84,29696600.0
2012-03-14,58.5,59.2,58.24,59.08,40660100.0
2012-03-15,58.89,59.35,58.5,58.75,48930000.0
2012-03-16,58.95,58.97,57.7,58.08,22046400.0
2012-03-19,58.28,58.4,57.02,57.55,27416500.0
2012-03-20,57.55,57.76,55.15,55.23,50280300.0
2012-03-21,55.27,55.29,53.25,53.6,71449200.0
2012-03-22,53.35,54.25,52.71,53.84,55481300.0
2012-03-23,54.15,54.19,53.0,53.62,34919600.0
2012-03-26,54.01,54.7,53.62,53.66,37805800.0
2012-03-27,53.98,54.34,52.53,54.23,43362300.0
2012-03-28,54.0,54.5,53.55,53.91,58640100.0
2012-03-29,53.88,54.5,53.15,53.52,40977200.0
2012-03-30,53.88,54.96,53.8,54.0,50136300.0
2012-04-02,54.46,54.6,53.12,53.9,29010000.0
2012-04-03,54.35,55.28,53.83,55.0,38430900.0
2012-04-04,54.48,54.89,53.15,53.4,37084600.0
2012-04-05,53.59,54.23,52.57,53.94,35850400.0
2012-04-06,54.05,54.17,53.05,53.22,22716700.0
2012-04-09,53.1,53.68,52.32,53.45,30265400.0
2012-04-10,53.3,53.85,52.7,52.81,26719700.0
2012-04-11,52.54,53.35,52.26,52.62,32196400.0
2012-04-12,52.9,52.93,51.74,52.39,32630300.0
2012-04-13,52.79,53.15,52.11,52.35,22336600.0
2012-04-16,52.1,52.48,50.77,50.93,24790500.0
2012-04-17,51.01,51.19,50.35,50.7,33086400.0
2012-04-18,51.11,51.99,50.75,51.05,22351200.0
2012-04-19,51.09,52.67,51.08,52.59,38429700.0
2012-04-20,52.22,53.47,52.15,53.35,24995300.0
2012-04-23,53.1,53.3,51.25,51.41,26625500.0
2012-04-24,51.6,51.85,50.79,51.25,34768200.0
2012-04-25,51.75,51.75,50.85,50.97,20665200.0
2012-04-26,51.24,51.5,50.42,50.85,26362400.0
2012-04-27,50.85,52.05,50.56,51.85,25028600.0
2012-04-28,52.0,52.35,51.76,52.08,10429600.0
2012-05-02,52.31,52.74,51.56,51.71,18796200.0
2012-05-03,51.77,52.29,51.2,51.62,14995600.0
2012-05-04,51.5,51.55,48.9,49.33,33896400.0
2012-05-05,49.06,49.97,49.02,49.04,8499900.0
2012-05-07,48.5,49.62,47.8,49.16,11887700.0
2012-05-08,49.24,49.9,48.9,49.4,14524600.0
2012-05-10,49.24,50.53,49.2,50.01,36527500.0
2012-05-11,49.58,50.03,49.05,50.03,25233800.0
2012-05-12,49.8,50.25,49.61,50.18,5187600.0
2012-05-14,49.66,50.09,48.6,49.0,33784000.0
2012-05-15,48.98,49.94,48.47,49.25,28645300.0
2012-05-16,48.73,51.1,48.2,50.7,45159800.0
2012-05-17,50.75,51.47,49.2,49.33,46402200.0
2012-05-18,48.48,50.25,47.5,49.57,40842500.0
2012-05-21,49.78,50.5,48.87,50.41,20236000.0
2012-05-22,50.7,50.73,49.5,49.92,25664100.0
2012-05-23,49.43,49.72,48.16,48.93,29696900.0
2012-05-24,49.3,49.47,47.91,49.01,28337600.0
2012-05-25,47.51,48.18,47.25,47.78,25091600.0
2012-05-28,48.11,48.47,47.56,47.81,12664200.0
2012-05-29,48.11,49.39,48.02,49.23,24404400.0
2012-05-30,49.0,49.13,48.25,48.65,25550900.0
2012-05-31,48.61,49.96,48.61,49.28,35053700.0
2012-06-01,49.4,50.1,47.51,48.43,32232200.0
2012-06-04,47.67,49.8,47.06,49.1,31659600.0
2012-06-05,49.67,49.91,48.51,48.8,17951800.0
2012-06-06,49.27,49.4,48.55,49.01,21543000.0
2012-06-07,49.38,51.0,48.57,50.81,40275400.0
2012-06-08,50.4,50.95,49.77,50.2,28575100.0
2012-06-09,50.55,50.87,50.35,50.57,5362800.0
2012-06-13,50.76,51.4,50.02,50.37,20883100.0
2012-06-14,50.25,51.2,50.05,51.17,14861900.0
2012-06-15,51.36,52.5,51.1,52.23,42649200.0
2012-06-18,52.7,53.0,52.2,52.94,28576400.0
2012-06-19,52.75,53.89,52.62,53.21,33702200.0
2012-06-20,53.37,53.42,52.42,52.99,18481600.0
2012-06-21,52.56,53.33,51.76,52.39,24461100.0
2012-06-22,51.5,52.72,51.45,52.41,22131900.0
2012-06-25,52.38,52.64,51.62,52.18,19203500.0
2012-06-26,52.18,53.4,52.18,52.99,27413000.0
2012-06-27,53.19,54.25,53.06,54.03,34343500.0
2012-06-28,54.13,54.23,53.41,53.46,40865500.0
2012-06-29,53.8,54.54,53.76,53.76,37525000.0
2012-07-02,53.79,54.54,53.55,53.92,22032800.0
2012-07-03,54.29,54.79,53.67,53.75,37480400.0
2012-07-04,53.89,53.94,53.16,53.42,21453600.0
2012-07-05,53.34,54.1,52.75,53.47,30818400.0
2012-07-06,53.32,53.79,52.52,53.35,21430200.0
2012-07-09,53.37,53.56,52.78,52.99,15869500.0
2012-07-10,52.93,53.44,52.65,52.88,17026200.0
2012-07-11,52.8,52.86,51.86,52.13,20559400.0
2012-07-12,52.35,52.94,51.76,52.64,20966800.0
2012-07-13,53.05,53.5,52.71,52.97,19440000.0
2012-07-16,53.2,53.21,52.1,52.37,21212100.0
2012-07-17,52.52,52.6,51.51,51.67,28000900.0
2012-07-18,51.95,51.97,50.7,50.89,19664600.0
2012-07-19,51.15,51.78,50.7,51.4,23200500.0
2012-07-20,51.27,51.45,50.85,50.95,12042900.0
2012-07-23,50.7,50.94,49.21,49.6,34780800.0
2012-07-24,50.04,50.15,49.29,49.61,21686100.0
2012-07-25,49.4,50.8,49.05,49.3,25768500.0
2012-07-26,49.5,50.12,49.1,49.8,20841000.0
2012-07-27,50.1,50.67,50.0,50.39,17304900.0
2012-07-30,50.74,51.49,50.7,51.03,17609200.0
2012-07-31,51.19,51.34,49.77,50.02,16141300.0
2012-08-01,50.0,50.9,49.82,50.45,11679600.0
2012-08-02,50.25,51.7,49.91,50.35,28536400.0
2012-08-03,50.15,51.23,50.07,50.95,15939500.0
2012-08-06,51.13,51.67,50.65,50.97,21422800.0
2012-08-07,51.25,51.8,50.75,51.61,23198400.0
2012-08-08,51.44,51.69,51.15,51.16,13469500.0
2012-08-09,51.35,51.7,50.6,51.3,20562600.0
2012-08-10,51.09,51.47,50.15,50.7,20416900.0
2012-08-13,50.7,51.0,50.27,50.53,20411600.0
2012-08-14,50.61,50.95,50.41,50.78,13282500.0
2012-08-15,50.75,50.79,49.93,50.25,15555100.0
2012-08-16,50.45,50.63,49.54,50.01,15555900.0
2012-08-17,50.26,50.29,49.75,49.91,10718700.0
2012-08-20,49.99,50.15,49.21,49.75,20993900.0
2012-08-21,50.11,50.95,49.91,50.41,30187100.0
2012-08-22,49.96,50.2,49.8,49.92,14845400.0
2012-08-23,50.29,50.82,50.15,50.39,24458200.0
2012-08-24,50.21,50.43,49.74,50.39,22463800.0
2012-08-27,50.46,50.59,50.22,50.33,11500900.0
2012-08-28,50.36,50.79,50.22,50.28,16564600.0
2012-08-29,50.33,50.5,49.5,49.5,18217300.0
2012-08-30,49.49,49.79,48.76,48.85,25744500.0
2012-08-31,48.97,49.45,47.56,47.74,54902500.0
2012-09-03,48.08,48.49,47.77,48.26,25859700.0
2012-09-04,48.36,48.52,47.6,47.87,30326400.0
2012-09-05,47.8,48.1,47.5,47.58,17610800.0
2012-09-06,47.85,48.96,47.69,48.82,36118600.0
2012-09-07,49.03,49.94,48.95,49.45,55794800.0
2012-09-10,49.47,49.57,48.8,49.2,23520200.0
2012-09-11,49.0,49.49,48.7,49.46,26274100.0
2012-09-12,49.64,49.64,49.0,49.05,39781800.0
2012-09-13,49.08,49.18,48.75,48.89,22691300.0
2012-09-14,50.09,51.92,49.99,51.75,165566600.0
2012-09-17,51.49,52.03,51.1,51.3,56227100.0
2012-09-18,51.05,51.59,51.0,51.16,47644900.0
2012-09-19,51.45,51.54,50.2,50.49,52091200.0
2012-09-20,50.2,50.8,50.01,50.43,34946200.0
2012-09-21,50.84,50.98,50.06,50.26,28166400.0
2012-09-24,49.97,50.15,49.5,49.91,23814100.0
2012-09-25,50.14,50.32,49.72,49.85,17772800.0
2012-09-26,49.4,49.69,49.07,49.21,45157700.0
2012-09-27,49.61,49.66,49.08,49.45,22429500.0
2012-09-28,49.84,49.9,49.15,49.5,20867800.0
2012-10-01,49.33,50.45,49.26,50.36,25165300.0
2012-10-02,50.47,50.59,49.97,50.32,23464900.0
2012-10-03,50.19,50.22,49.32,49.59,18595200.0
2012-10-04,49.68,49.84,48.73,48.97,27834300.0
2012-10-05,49.23,49.81,49.17,49.69,28317500.0
2012-10-08,49.44,49.44,48.83,49.23,15746400.0
2012-10-09,49.46,49.48,49.0,49.0,18385800.0
2012-10-10,48.81,48.82,47.92,48.2,36736600.0
2012-10-11,48.04,48.52,47.81,48.28,22191200.0
2012-10-12,48.39,48.39,47.88,48.06,23547600.0
2012-10-15,48.03,48.32,48.01,48.19,15249300.0
2012-10-16,48.37,48.9,48.26,48.7,27964000.0
2012-10-17,48.82,49.0,48.54,48.97,22803100.0
2012-10-18,48.97,49.12,48.14,48.35,25776100.0
2012-10-19,48.4,48.4,47.92,48.04,19514800.0
2012-10-22,47.87,48.18,47.6,48.18,18782000.0
2012-10-23,48.33,48.39,47.51,48.21,41287400.0
2012-10-24,48.31,49.0,48.31,48.4,33519800.0
2012-10-25,48.46,48.7,48.21,48.38,13259400.0
2012-10-26,48.14,48.29,47.65,47.7,17250100.0
2012-10-29,47.8,47.96,47.52,47.8,14073700.0
2012-10-30,47.8,48.15,47.61,47.75,11293400.0
2012-10-31,48.28,48.95,47.97,48.3,37098200.0
2012-11-01,48.2,48.69,48.02,48.58,22625100.0
2012-11-02,48.73,49.03,48.31,48.71,34529300.0
2012-11-06,48.53,49.16,48.52,48.87,26788500.0
2012-11-07,49.06,49.15,47.9,48.05,23542300.0
2012-11-08,47.61,48.28,47.6,48.2,25513300.0
2012-11-09,48.19,48.5,48.09,48.44,20755200.0
2012-11-12,48.56,48.69,48.1,48.15,25293500.0
2012-11-13,48.0,48.11,46.33,46.59,31753000.0
2012-11-14,46.79,46.84,45.02,46.14,31160900.0
2012-11-15,45.74,46.9,45.62,46.2,25558100.0
2012-11-16,45.96,46.39,45.86,46.19,23937300.0
2012-11-19,46.67,46.67,46.21,46.3,16009900.0
2012-11-20,46.49,46.53,46.24,46.5,19098300.0
2012-11-21,46.37,47.2,46.28,46.9,23433700.0
2012-11-22,46.91,47.16,46.7,46.95,10687800.0
2012-11-23,47.0,47.19,46.38,46.81,19785700.0
2012-11-26,46.99,47.63,46.05,46.52,39582800.0
2012-11-27,47.1,47.1,46.19,46.31,19917800.0
2012-11-28,46.27,47.26,46.1,47.0,28114000.0
2012-11-29,47.4,47.93,46.92,47.06,95974000.0
2012-11-30,47.07,48.6,47.05,48.11,60982200.0
2012-12-03,48.24,48.47,47.65,48.11,29471500.0
2012-12-04,48.01,48.85,48.0,48.76,48756800.0
2012-12-05,48.98,51.95,48.89,51.84,131879900.0
2012-12-06,51.99,53.6,51.9,53.3,97000500.0
2012-12-07,53.36,53.56,52.57,53.0,40784500.0
2012-12-10,53.0,54.26,52.94,53.8,60386300.0
2012-12-11,53.56,53.6,52.01,52.65,85244300.0
2012-12-12,53.17,53.96,53.05,53.79,40361600.0
2012-12-13,53.75,53.8,53.11,53.58,29210900.0
2012-12-14,53.58,53.93,53.41,53.72,22263800.0
2012-12-17,53.83,55.85,53.78,55.81,76153600.0
2012-12-18,56.2,56.97,55.87,56.3,67951400.0
2012-12-19,56.56,56.83,55.79,56.83,33973200.0
2012-12-20,56.62,57.76,56.03,57.5,59314000.0
2012-12-21,56.87,57.31,56.42,56.9,35021300.0
2012-12-24,56.91,57.0,56.24,56.29,13955800.0
2012-12-25,56.28,56.95,56.02,56.6,11636400.0
2012-12-26,56.61,56.65,55.82,56.44,11610700.0
2012-12-27,56.31,56.87,56.16,56.26,12780000.0
2012-12-28,56.35,56.38,56.0,56.03,17402800.0
2013-01-08,56.94,57.56,56.65,57.41,19164100.0
2013-01-09,57.43,58.84,57.26,58.8,33099700.0
2013-01-10,59.34,60.35,59.03,59.35,49013700.0
2013-01-11,59.4,59.45,58.61,59.3,20781100.0
2013-01-14,59.5,60.06,59.4,60.0,25734400.0
2013-01-15,59.91,60.23,59.33,59.58,48344000.0
2013-01-16,59.68,59.98,59.35,59.8,34646500.0
2013-01-17,59.82,60.2,59.42,59.56,25757400.0
2013-01-18,59.77,60.32,59.73,60.32,35615200.0
2013-01-21,60.29,61.3,60.29,60.7,29810500.0
2013-01-22,60.85,60.92,59.53,59.84,28056000.0
2013-01-23,59.89,61.15,59.55,61.01,41507200.0
2013-01-24,60.66,60.95,60.1,60.38,25846600.0
2013-01-25,60.38,60.84,60.12,60.6,14813000.0
2013-01-28,60.91,61.05,59.78,60.15,25682300.0
2013-01-29,60.2,60.25,59.55,59.8,21537100.0
2013-01-30,59.9,60.49,59.55,59.84,32733900.0
2013-01-31,59.67,60.07,59.5,59.86,23865300.0
2013-02-01,59.92,60.25,59.51,59.76,15217100.0
2013-02-04,59.85,59.89,59.11,59.35,18128900.0
2013-02-05,59.35,59.69,58.63,59.69,24062400.0
2013-02-06,59.75,60.05,59.24,59.47,27754200.0
2013-02-07,59.4,59.65,59.03,59.35,16652200.0
2013-02-08,59.53,59.53,58.5,58.71,13932900.0
2013-02-11,58.73,59.15,58.55,58.97,11688900.0
2013-02-12,58.97,59.11,58.35,58.41,11298800.0
2013-02-13,58.55,58.94,57.88,58.75,25423900.0
2013-02-14,58.67,58.7,56.56,56.77,44735300.0
2013-02-15,56.57,56.64,55.38,55.5,40501800.0
2013-02-18,55.51,55.88,55.2,55.3,24999300.0
2013-02-19,55.39,56.91,55.35,56.76,51818600.0
2013-02-20,56.74,57.09,55.53,55.74,29956600.0
2013-02-21,54.96,55.44,54.6,54.91,52243700.0
2013-02-22,55.15,55.62,54.65,54.96,20298500.0
2013-02-25,55.05,55.86,54.85,55.77,14748100.0
2013-02-26,54.89,55.55,54.82,54.87,19623400.0
2013-02-27,55.05,55.77,54.88,55.17,27151900.0
2013-02-28,55.66,55.66,53.85,54.04,33337000.0
2013-03-01,53.88,53.99,53.29,53.47,20642000.0
2013-03-04,53.33,53.62,52.6,52.85,25077500.0
2013-03-05,53.1,54.38,53.06,54.3,41479100.0
2013-03-06,54.62,54.92,54.18,54.85,27825500.0
2013-03-07,54.84,55.05,54.36,54.65,14685600.0
2013-03-11,54.9,55.43,54.77,54.94,19946500.0
2013-03-12,55.14,55.14,54.18,54.38,21870000.0
2013-03-13,54.19,54.71,52.9,53.15,48823000.0
2013-03-14,53.3,53.57,52.98,53.33,20681300.0
2013-03-15,53.63,54.09,52.75,52.75,27545200.0
2013-03-18,52.05,52.23,50.52,51.69,46596600.0
2013-03-19,51.94,52.6,51.2,51.64,35751800.0
2013-03-20,51.73,52.37,51.22,51.95,27382600.0
2013-03-21,52.22,52.38,51.61,51.75,21329500.0
2013-03-22,51.27,51.85,51.08,51.59,17028000.0
2013-03-25,52.0,52.41,50.14,50.55,39268000.0
2013-03-26,50.8,51.45,50.48,51.25,31708000.0
2013-03-27,51.37,51.7,50.8,51.39,16336000.0
2013-03-28,51.3,52.47,51.23,52.4,24794300.0
2013-03-29,52.5,52.67,52.3,52.49,5717000.0
2013-04-01,52.24,52.88,51.85,52.01,10414600.0
2013-04-02,51.9,52.63,51.87,52.63,14617900.0
2013-04-03,52.54,52.97,52.14,52.51,17854500.0
2013-04-04,52.11,53.69,51.95,52.69,29281600.0
2013-04-05,52.7,52.97,52.05,52.23,18581000.0
2013-04-08,52.39,52.92,51.55,51.65,17058500.0
2013-04-09,52.0,53.22,51.95,53.06,21517700.0
2013-04-10,53.17,53.93,52.59,53.3,21301400.0
2013-04-11,53.44,53.5,51.66,51.92,19421400.0
2013-04-12,51.91,51.92,50.81,51.59,25836700.0
2013-04-15,51.0,51.3,49.63,49.8,41059600.0
2013-04-16,49.91,50.39,49.0,49.07,25023000.0
2013-04-17,49.24,49.48,47.71,48.31,32597700.0
2013-04-18,48.16,50.18,48.05,49.09,51942100.0
2013-04-19,49.53,50.17,49.25,49.98,17256900.0
2013-04-22,50.21,50.84,49.62,49.97,25293200.0
2013-04-23,49.77,49.89,49.06,49.38,20042000.0
2013-04-24,49.45,50.95,49.31,50.95,36272800.0
2013-04-25,51.17,51.49,50.0,50.55,33238600.0
2013-04-26,51.07,52.47,51.05,52.37,47979100.0
2013-04-29,52.42,53.4,52.07,52.22,41608300.0
2013-04-30,52.32,52.79,51.22,51.6,45154200.0
2013-05-02,48.11,48.67,47.06,47.4,39428000.0
2013-05-03,47.7,48.22,47.45,48.15,15845800.0
2013-05-06,48.32,49.15,48.05,48.32,35326000.0
2013-05-07,48.25,49.2,48.11,49.02,23736300.0
2013-05-08,49.19,49.69,48.32,49.34,20927100.0
2013-05-10,49.37,49.59,48.93,49.29,14896100.0
2013-05-13,49.17,49.25,47.81,48.16,35300100.0
2013-05-14,48.16,48.81,47.8,48.2,24131100.0
2013-05-15,48.42,48.5,46.85,47.1,23960300.0
2013-05-16,47.47,47.49,45.84,45.88,34158900.0
2013-05-17,45.99,46.78,45.66,46.62,20316500.0
2013-05-20,46.81,47.0,45.91,46.13,20150100.0
2013-05-21,46.24,47.35,45.81,47.2,25984300.0
2013-05-22,47.16,48.47,47.06,48.16,35272300.0
2013-05-23,46.99,47.25,46.14,46.43,37311100.0
2013-05-24,46.63,46.8,45.85,46.04,20652800.0
2013-05-27,46.3,46.79,45.93,46.17,10215700.0
2013-05-28,46.37,47.61,46.35,47.39,23622900.0
2013-05-29,47.13,47.3,46.25,46.4,18521800.0
2013-05-30,46.5,47.1,46.18,46.98,18620000.0
2013-05-31,47.0,47.36,45.83,46.45,30834000.0
2013-06-03,46.16,47.01,45.65,46.27,30365800.0
2013-06-04,46.41,47.0,46.16,46.78,18916900.0
2013-06-05,46.41,46.6,45.37,45.64,28976200.0
2013-06-06,45.45,46.25,45.36,45.65,24209800.0
2013-06-07,46.0,46.98,45.95,46.77,23226900.0
2013-06-10,46.82,47.1,46.2,46.42,19050100.0
2013-06-11,46.28,46.67,44.32,44.65,43510100.0
2013-06-13,43.81,44.05,42.82,43.85,34416000.0
2013-06-14,44.4,45.94,43.92,45.9,35498100.0
2013-06-17,45.88,46.73,45.88,46.7,34788600.0
2013-06-18,46.64,47.53,46.25,47.4,29527200.0
2013-06-19,47.3,47.69,46.61,47.25,17318000.0
2013-06-20,46.19,46.96,45.86,46.36,24280500.0
2013-06-21,46.12,46.82,44.71,44.99,39441100.0
2013-06-24,44.8,45.66,44.44,45.0,21384000.0
2013-06-25,45.12,46.46,45.1,45.95,22656600.0
2013-06-26,46.15,47.18,46.03,46.85,22834800.0
2013-06-27,47.02,47.32,46.52,46.94,20977300.0
2013-06-28,47.14,47.57,46.71,47.56,24217700.0
2013-07-01,47.47,47.87,46.92,47.54,16073200.0
2013-07-02,47.59,47.8,46.73,46.85,18269200.0
2013-07-03,46.56,46.77,46.01,46.35,17158100.0
2013-07-04,46.49,46.87,46.05,46.87,16749300.0
2013-07-05,47.0,47.27,45.89,46.09,21917900.0
2013-07-08,46.19,46.33,45.65,46.16,15614100.0
2013-07-09,46.28,46.56,45.94,46.07,11430200.0
2013-07-10,46.14,46.23,45.28,45.58,17095500.0
2013-07-11,46.25,46.99,45.94,46.99,27562000.0
2013-07-12,47.04,47.94,46.99,47.49,23983900.0
2013-07-15,47.7,47.89,46.5,46.75,21357600.0
2013-07-16,46.83,47.29,46.67,47.1,22801300.0
2013-07-17,47.04,48.55,46.94,48.39,34620200.0
2013-07-18,48.46,48.89,46.86,47.07,34621300.0
2013-07-19,46.86,47.7,46.52,46.8,25382600.0
2013-07-22,46.98,47.25,46.6,46.77,12658100.0
2013-07-23,47.06,47.68,47.06,47.21,18483400.0
2013-07-24,47.16,47.52,47.0,47.25,14391700.0
2013-07-25,46.98,47.31,46.0,46.16,28674300.0
2013-07-26,46.25,46.47,46.05,46.1,9030800.0
2013-07-29,46.12,46.36,45.29,45.41,22809700.0
2013-07-30,45.51,45.9,44.95,45.18,16752500.0
2013-07-31,45.25,45.29,44.02,44.39,35874300.0
2013-08-01,44.6,45.04,44.52,44.9,17729600.0
2013-08-02,45.19,45.24,44.01,44.25,24067500.0
2013-08-05,44.38,44.57,43.8,44.13,17387200.0
2013-08-06,44.13,44.16,43.65,43.85,18655400.0
2013-08-07,43.73,43.86,42.4,42.52,34865700.0
2013-08-08,42.74,42.79,40.77,41.05,72364400.0
2013-08-09,41.21,42.37,40.63,42.14,63722400.0
2013-08-12,42.14,42.69,41.65,42.56,26487100.0
2013-08-13,42.88,44.25,42.6,44.01,62582500.0
2013-08-14,44.15,44.99,43.72,44.68,40575300.0
2013-08-15,44.54,44.89,42.7,42.93,43318000.0
2013-08-16,43.2,43.47,42.53,43.11,35053300.0
2013-08-19,43.0,43.49,42.68,43.46,19007200.0
2013-08-20,43.2,43.25,42.66,43.08,13501600.0
2013-08-21,43.08,43.4,42.72,43.18,17981800.0
2013-08-22,42.97,44.44,42.82,44.25,34254000.0
2013-08-23,44.65,44.75,44.05,44.27,22332200.0
2013-08-26,44.53,44.66,44.03,44.13,10165900.0
2013-08-27,43.96,44.08,43.35,43.83,17434600.0
2013-08-28,43.6,43.86,43.07,43.31,19884000.0
2013-08-29,43.39,43.66,42.82,43.3,21709700.0
2013-08-30,43.3,44.5,42.89,43.7,28259800.0
2013-09-02,43.95,44.28,43.72,44.09,10920800.0
2013-09-03,44.22,44.43,43.54,44.16,17555800.0
2013-09-04,44.11,44.28,43.63,44.24,20381300.0
2013-09-05,44.38,45.68,44.13,45.55,43613600.0
2013-09-06,45.58,47.07,45.38,46.5,55636400.0
2013-09-09,46.72,47.78,46.33,47.2,43195800.0
2013-09-10,47.29,47.68,46.52,47.23,39869000.0
2013-09-11,47.23,47.23,45.75,46.0,39101900.0
2013-09-12,46.2,46.7,45.56,46.7,53266300.0
2013-09-13,46.51,46.89,46.02,46.24,26604500.0
2013-09-16,46.57,47.3,46.52,47.02,42524100.0
2013-09-17,46.91,47.48,46.74,47.35,21040400.0
2013-09-18,47.4,48.05,47.25,47.55,31955500.0
2013-09-19,48.51,49.1,48.15,48.42,66413800.0
2013-09-20,48.21,48.53,48.12,48.34,28593100.0
2013-09-23,48.21,48.31,47.67,47.74,24637900.0
2013-09-24,47.64,48.33,47.55,48.2,19590500.0
2013-09-25,48.15,48.44,47.83,48.32,19565900.0
2013-09-26,48.36,48.67,48.0,48.49,22941800.0
2013-09-27,48.44,48.48,47.44,47.44,22271100.0
2013-09-30,47.0,47.6,46.52,46.88,33435600.0
2013-10-01,47.16,48.15,46.92,47.65,46845500.0
2013-10-02,47.42,47.89,47.24,47.5,30377000.0
2013-10-03,47.67,47.84,47.41,47.52,22191100.0
2013-10-04,47.5,47.88,47.25,47.74,29849100.0
2013-10-07,47.57,47.78,47.31,47.6,23733000.0
2013-10-08,47.66,48.4,47.42,48.16,36317100.0
2013-10-09,47.95,48.57,47.9,48.27,23806300.0
2013-10-10,48.29,48.84,48.13,48.26,42095900.0
2013-10-11,48.5,48.62,47.98,48.4,23688300.0
2013-10-14,48.19,48.75,47.78,48.65,25381000.0
2013-10-15,48.94,49.7,48.94,49.69,43023500.0
2013-10-16,49.6,49.66,49.04,49.07,50972800.0
2013-10-17,49.29,49.3,47.86,48.27,58034200.0
2013-10-18,48.51,48.77,47.59,48.52,44016900.0
2013-10-21,48.67,48.7,48.16,48.52,23280800.0
2013-10-22,48.5,48.98,48.11,48.67,48022600.0
2013-10-23,48.46,49.5,48.32,49.39,87524800.0
2013-10-24,49.39,49.81,49.14,49.5,52264900.0
2013-10-25,49.25,50.73,49.11,50.6,65616600.0
2013-10-28,50.76,51.38,50.7,51.03,37225100.0
2013-10-29,50.67,50.99,50.31,50.4,36519900.0
2013-10-30,50.4,50.75,50.03,50.25,44865900.0
2013-10-31,48.69,48.95,48.1,48.56,64971200.0
2013-11-01,48.5,49.31,48.24,49.2,37897500.0
2013-11-05,49.22,49.38,48.9,49.11,21995800.0
2013-11-06,49.17,49.19,48.59,48.67,26306500.0
2013-11-07,48.7,49.0,48.4,48.74,22036700.0
2013-11-08,48.65,48.68,48.11,48.45,31765600.0
2013-11-11,48.55,49.0,48.49,48.82,29238500.0
2013-11-12,48.93,49.36,48.52,48.7,37165500.0
2013-11-13,48.52,48.69,47.58,47.8,42160800.0
2013-11-14,48.18,48.47,47.94,48.01,31405200.0
2013-11-15,48.22,48.42,47.65,47.78,32974100.0
2013-11-18,47.91,48.35,47.9,48.3,27816600.0
2013-11-19,48.21,48.85,48.11,48.73,21573900.0
2013-11-20,48.57,48.79,48.34,48.75,19495100.0
2013-11-21,48.5,48.75,48.36,48.65,20622100.0
2013-11-22,48.73,49.03,48.48,48.76,21524000.0
2013-11-25,48.89,49.26,48.61,49.14,21727600.0
2013-11-26,49.14,49.55,48.82,49.52,31156900.0
2013-11-27,49.52,49.79,49.1,49.4,34264500.0
2013-11-28,49.6,50.05,49.59,49.78,18259700.0
2013-11-29,49.66,49.85,49.21,49.84,29701400.0
2013-12-02,49.81,50.15,49.8,50.01,17783800.0
2013-12-03,49.9,50.18,49.57,49.82,32390600.0
2013-12-04,49.92,49.92,49.52,49.69,26157100.0
2013-12-05,49.68,50.8,49.68,50.16,39953800.0
2013-12-06,50.17,50.86,50.03,50.75,25655900.0
2013-12-09,50.93,51.25,50.43,50.88,46209000.0
2013-12-10,50.97,50.97,50.61,50.73,24026800.0
2013-12-11,50.55,50.66,50.24,50.39,19906100.0
2013-12-12,50.06,50.59,49.81,50.53,28284400.0
2013-12-13,50.51,51.0,50.28,50.91,30131900.0
2013-12-16,50.73,51.48,50.65,51.46,34416500.0
2013-12-17,51.46,52.21,51.27,52.15,34722000.0
2013-12-18,52.11,52.67,52.11,52.55,25370500.0
2013-12-19,53.02,54.34,52.7,54.21,62630100.0
2013-12-20,54.13,54.39,53.56,53.71,33816800.0
2013-12-23,54.02,54.08,53.31,53.63,21309600.0
2013-12-24,53.52,53.97,53.06,53.76,19680200.0
2013-12-25,53.83,54.08,53.75,54.02,12862000.0
2013-12-26,54.07,54.07,53.56,53.64,12902500.0
2013-12-27,53.77,54.07,53.58,54.06,10883800.0
2013-12-30,53.99,54.19,53.8,53.99,11711200.0
2014-01-06,53.51,53.59,52.37,52.8,20869100.0
2014-01-08,52.78,52.83,51.44,51.5,19070000.0
2014-01-09,51.49,51.66,51.35,51.4,21383600.0
2014-01-10,51.33,52.19,51.23,52.15,25062900.0
2014-01-13,52.31,54.73,52.24,54.69,66726800.0
2014-01-14,54.17,54.38,53.62,53.91,41607000.0
2014-01-15,54.1,54.45,53.82,54.38,32185100.0
2014-01-16,54.47,54.94,54.15,54.7,32006200.0
2014-01-17,54.75,55.6,54.41,55.28,40140700.0
2014-01-20,55.04,55.6,54.97,55.43,19309900.0
2014-01-21,55.62,56.1,55.52,55.96,27847600.0
2014-01-22,56.01,56.06,55.25,55.47,35873400.0
2014-01-23,55.38,55.66,54.67,55.2,34927500.0
2014-01-24,54.84,55.36,54.7,55.05,40446300.0
2014-01-27,54.69,55.08,54.35,54.59,33572200.0
2014-01-28,54.61,55.0,53.4,53.41,41209900.0
2014-01-29,53.79,54.49,53.12,53.32,46470000.0
2014-01-30,53.35,53.95,52.75,53.71,53897700.0
2014-01-31,53.74,54.98,53.58,53.78,63907800.0
2014-02-03,54.07,54.23,53.05,53.2,28201800.0
2014-02-04,52.85,53.58,52.33,53.3,45240000.0
2014-02-05,53.38,54.43,53.3,54.39,35034700.0
2014-02-06,54.54,55.19,54.1,55.14,38091200.0
2014-02-07,55.34,56.07,55.13,56.03,44693400.0
2014-02-10,56.0,56.64,55.61,55.79,27697700.0
2014-02-11,55.85,55.95,55.36,55.61,35270700.0
2014-02-12,55.83,56.18,55.8,55.93,18193900.0
2014-02-13,55.79,56.19,55.56,55.78,27282500.0
2014-02-14,55.99,56.94,55.9,56.94,36151800.0
2014-02-17,57.03,57.85,57.01,57.6,26705200.0
2014-02-18,57.8,58.37,57.6,58.14,34153300.0
2014-02-19,58.0,58.37,57.86,58.35,45686400.0
2014-02-20,58.08,58.5,57.5,58.32,43880800.0
2014-02-21,58.53,59.06,58.44,58.99,32496700.0
2014-02-24,58.95,59.62,58.66,59.46,30581500.0
2014-02-25,59.56,59.72,58.77,59.1,36993000.0
2014-02-26,59.1,59.27,58.03,58.65,42882900.0
2014-02-27,58.43,58.97,58.3,58.7,54248200.0
2014-02-28,58.9,59.97,58.51,59.8,50795700.0
2014-03-03,58.5,58.87,55.66,56.99,152301700.0
2014-03-04,56.3,59.47,56.23,59.36,66377900.0
2014-03-05,59.34,60.27,58.15,59.9,48239000.0
2014-03-06,60.06,61.97,59.86,61.86,85532400.0
2014-03-07,61.7,63.95,61.61,62.67,62274100.0
2014-03-11,62.25,62.51,61.26,61.92,52256400.0
2014-03-12,61.42,61.5,58.98,59.09,64450000.0
2014-03-13,59.46,60.0,58.09,58.1,65233800.0
2014-03-14,57.47,57.68,55.75,57.68,68272200.0
2014-03-17,58.5,59.11,57.17,58.92,65450400.0
2014-03-18,59.28,61.35,58.24,61.15,47138700.0
2014-03-19,61.38,62.0,59.85,60.16,49007400.0
2014-03-20,59.83,59.83,58.31,58.41,37518900.0
2014-03-21,57.3,59.2,56.68,58.92,57386000.0
2014-03-24,58.98,60.21,58.9,58.96,28588400.0
2014-03-25,59.35,60.72,58.49,60.15,32885600.0
2014-03-26,60.28,60.67,58.4,58.51,41770100.0
2014-03-27,58.25,58.88,57.56,58.75,28239000.0
2014-03-28,58.83,59.68,58.01,58.16,38138800.0
2014-03-31,58.06,59.0,58.0,58.65,26451500.0
2014-04-01,59.01,60.05,58.74,59.63,31819000.0
2014-04-02,59.79,60.9,59.4,60.9,36976800.0
2014-04-03,60.95,61.35,60.04,60.51,23693400.0
2014-04-04,60.75,61.5,60.28,61.35,21791000.0
2014-04-07,60.75,61.45,60.22,61.18,40912200.0
2014-04-08,61.15,62.65,60.6,62.4,40892600.0
2014-04-09,62.44,63.77,62.09,62.09,44329500.0
2014-04-10,62.95,63.79,62.29,63.76,33733000.0
2014-04-11,63.05,65.07,62.93,64.71,33954400.0
2014-04-14,64.78,65.6,64.2,64.99,28360300.0
2014-04-15,64.7,64.94,64.01,64.15,31144900.0
2014-04-16,64.28,64.76,63.42,64.48,24192300.0
2014-04-17,64.54,64.96,64.06,64.4,13484100.0
2014-04-18,64.9,65.2,64.33,64.4,13570500.0
2014-04-21,64.45,64.55,63.55,63.93,11701400.0
2014-04-22,63.96,64.34,63.64,64.24,25505600.0
2014-04-23,64.1,64.43,63.63,64.28,20080300.0
2014-04-24,64.4,64.64,63.8,64.2,22836900.0
2014-04-25,64.16,65.14,63.82,64.91,38069200.0
2014-04-28,64.65,65.42,64.37,64.6,22043600.0
2014-04-29,64.79,64.97,64.18,64.25,26970000.0
2014-04-30,64.25,64.44,64.02,64.05,11270600.0
2014-05-02,63.9,64.11,63.35,64.09,10345600.0
2014-05-05,64.09,64.39,63.51,63.9,8874100.0
2014-05-06,63.9,64.45,63.72,64.15,21536600.0
2014-05-07,64.13,68.04,63.84,66.82,50316600.0
2014-05-08,67.15,69.43,66.83,67.84,39817200.0
2014-05-12,68.2,68.78,66.4,67.5,43012600.0
2014-05-13,67.74,68.0,67.11,67.57,21015500.0
2014-05-14,67.57,67.57,66.5,66.89,17336900.0
2014-05-15,66.55,66.65,65.92,66.17,20992500.0
2014-05-16,65.8,66.43,65.06,66.25,26666500.0
2014-05-19,66.25,67.0,66.23,66.43,21583700.0
2014-05-20,66.6,66.95,66.08,66.75,19043500.0
2014-05-21,66.6,66.95,65.56,65.73,20227400.0
2014-05-22,65.83,66.0,65.28,65.55,15724600.0
2014-05-23,65.55,65.78,64.72,64.94,13014800.0
2014-05-26,64.96,65.39,64.74,65.12,9249600.0
2014-05-27,65.16,65.75,64.51,65.34,28980600.0
2014-05-28,65.49,66.06,65.46,65.8,20039600.0
2014-05-29,65.79,66.4,65.76,66.19,15564500.0
2014-05-30,66.25,67.3,66.11,66.56,18915400.0
2014-06-02,66.99,68.47,66.81,67.98,35213200.0
2014-06-03,67.9,68.7,67.61,68.7,17067200.0
2014-06-04,68.5,69.4,68.46,68.98,18720900.0
2014-06-05,68.98,69.4,68.72,68.82,21934500.0
2014-06-06,68.94,69.75,68.68,69.75,16943900.0
2014-06-09,69.8,70.76,69.71,70.29,21280400.0
2014-06-10,70.26,70.38,69.0,69.0,20735400.0
2014-06-11,68.94,69.4,68.61,69.4,20769600.0
2014-06-16,66.91,66.99,65.48,66.49,51800800.0
2014-06-17,66.42,66.82,65.5,66.22,21924000.0
2014-06-18,66.12,68.01,65.86,67.8,27656700.0
2014-06-19,68.48,68.95,67.97,68.39,18787800.0
2014-06-20,68.4,69.24,68.05,68.65,24732900.0
2014-06-23,68.89,69.4,68.21,68.99,19550000.0
2014-06-24,69.0,69.25,68.48,68.95,19149800.0
2014-06-25,68.67,69.06,67.63,67.66,19152800.0
2014-06-26,67.84,68.19,66.78,67.2,22881800.0
2014-06-27,67.2,67.4,66.55,67.15,12036400.0
2014-06-30,67.19,67.58,66.6,67.19,16397100.0
2014-07-01,67.22,67.99,66.69,67.98,13226400.0
2014-07-02,67.95,69.2,67.95,69.2,20469100.0
2014-07-03,69.48,70.2,69.08,70.05,23121300.0
2014-07-04,70.0,70.32,69.41,69.71,14825700.0
2014-07-07,69.7,71.49,69.48,71.49,18475800.0
2014-07-08,71.12,73.19,71.12,72.8,38107500.0
2014-07-09,72.56,73.25,72.15,73.16,16724300.0
2014-07-10,73.2,74.02,71.84,72.1,31752900.0
2014-07-11,72.21,72.75,71.62,72.6,15871200.0
2014-07-14,72.7,73.05,72.32,72.63,12498800.0
2014-07-15,72.74,73.19,72.2,73.0,20472900.0
2014-07-16,72.9,73.9,71.42,71.6,27422900.0
2014-07-17,70.22,71.48,69.77,71.35,33879100.0
2014-07-18,70.62,71.32,69.68,70.1,28026700.0
2014-07-21,70.1,70.1,68.18,68.19,25463500.0
2014-07-22,68.6,70.29,68.5,70.09,22049900.0
2014-07-23,69.98,71.93,69.94,71.45,20561300.0
2014-07-24,71.4,72.2,70.92,72.19,13077600.0
2014-07-25,71.9,72.0,69.8,70.39,27548200.0
2014-07-28,69.95,70.38,69.01,69.81,19404900.0
2014-07-29,70.01,71.16,69.9,70.3,18590200.0
2014-07-30,69.98,72.0,69.91,70.83,20713700.0
2014-07-31,70.91,71.8,70.17,70.6,16386000.0
2014-08-01,70.2,70.72,68.76,69.53,20213400.0
2014-08-04,69.65,70.29,69.1,70.0,17826900.0
2014-08-05,70.28,70.67,68.51,68.56,21776000.0
2014-08-06,68.4,69.37,67.09,67.33,27317900.0
2014-08-07,66.9,68.58,66.31,68.0,21987700.0
2014-08-08,67.9,69.5,67.5,68.83,18892600.0
2014-08-11,69.4,70.28,69.4,69.95,15591100.0
2014-08-12,69.95,70.1,68.98,69.17,14084300.0
2014-08-13,69.17,70.14,68.89,69.8,23650100.0
2014-08-14,70.08,70.44,69.33,69.61,18204400.0
2014-08-15,69.67,70.76,69.32,70.25,14989500.0
2014-08-18,70.33,70.65,69.96,70.65,9210700.0
2014-08-19,70.71,73.13,70.7,73.0,23502200.0
2014-08-20,73.06,74.47,72.79,74.47,22594600.0
2014-08-21,74.49,75.35,73.82,74.45,24875400.0
2014-08-22,74.29,74.38,72.87,73.0,17477100.0
2014-08-25,72.9,73.84,72.9,73.42,6968100.0
2014-08-26,73.43,73.76,72.25,72.52,14764100.0
2014-08-27,72.79,73.2,72.43,73.0,11449700.0
2014-08-28,72.89,72.89,71.53,72.8,22524900.0
2014-08-29,72.67,73.5,72.3,72.3,22157000.0
2014-09-01,72.81,73.57,72.13,72.4,19283800.0
2014-09-02,72.51,73.0,71.55,71.77,15001800.0
2014-09-03,71.85,73.65,70.86,73.31,39262700.0
2014-09-04,73.19,74.0,72.8,73.09,21657000.0
2014-09-05,73.05,75.35,72.15,75.21,43294500.0
2014-09-08,74.72,75.8,74.72,75.1,23193500.0
2014-09-09,74.93,75.33,73.84,73.93,16552600.0
2014-09-10,73.73,74.53,73.44,73.8,17460600.0
2014-09-11,74.04,74.49,73.3,73.34,17995800.0
2014-09-12,73.48,74.95,73.1,74.0,17362600.0
2014-09-15,74.09,74.65,73.3,74.6,27009500.0
2014-09-16,74.51,76.7,74.4,76.25,29475000.0
2014-09-17,76.0,77.06,75.31,76.47,27626200.0
2014-09-18,76.3,76.94,75.88,76.47,14071900.0
2014-09-19,76.37,76.46,74.04,74.85,27046000.0
2014-09-22,74.46,74.5,71.5,71.6,38494200.0
2014-09-23,71.66,72.98,71.66,72.79,17726800.0
2014-09-24,72.98,73.95,72.83,73.25,14547600.0
2014-09-25,73.54,74.69,73.51,74.25,24272000.0
2014-09-26,74.08,75.3,73.96,74.98,19191000.0
2014-09-29,74.99,75.39,73.2,73.2,21260800.0
2014-09-30,73.58,74.28,72.39,73.2,27641800.0
2014-10-01,73.04,74.19,72.58,72.6,26597000.0
2014-10-02,72.46,72.9,69.5,69.96,46042400.0
2014-10-03,70.69,70.99,68.93,69.37,21133100.0
2014-10-06,69.86,70.97,69.75,70.48,23631400.0
2014-10-07,70.32,70.9,69.14,70.15,31260800.0
2014-10-08,69.66,69.77,68.11,68.11,30471500.0
2014-10-09,68.95,69.89,68.57,69.11,31993500.0
2014-10-10,68.49,69.28,67.8,68.0,25465600.0
2014-10-13,67.97,70.83,67.66,69.47,27818900.0
2014-10-14,69.47,70.84,69.47,69.56,26684500.0
2014-10-15,69.78,70.8,68.66,70.3,24844800.0
2014-10-16,70.39,71.26,69.57,69.9,37581800.0
2014-10-17,70.36,71.66,70.23,71.15,26105600.0
2014-10-20,71.36,71.88,70.84,71.65,22904200.0
2014-10-21,71.28,75.5,70.9,75.01,66107900.0
2014-10-22,75.37,76.75,75.11,76.3,59437000.0
2014-10-23,76.15,78.86,75.98,77.6,59680200.0
2014-10-24,77.5,78.05,76.55,77.4,26155400.0
2014-10-27,78.03,78.9,75.05,75.9,40912700.0
2014-10-28,76.0,77.49,75.1,75.8,30792800.0
2014-10-29,76.27,78.06,76.11,77.6,39204400.0
2014-10-30,77.4,78.4,76.0,76.89,40050700.0
2014-10-31,77.4,80.33,76.95,80.33,53181500.0
2014-11-03,80.07,81.38,79.78,79.96,16931100.0
2014-11-05,79.19,79.97,78.76,79.54,23829000.0
2014-11-06,79.85,81.87,79.8,80.41,30437600.0
2014-11-07,80.61,82.17,79.2,80.0,52322900.0
2014-11-10,80.48,80.9,79.12,80.48,28010400.0
2014-11-11,80.48,81.27,80.2,80.84,21449100.0
2014-11-12,80.9,81.4,80.23,81.03,16466600.0
2014-11-13,81.1,81.63,80.25,80.3,23046100.0
2014-11-14,80.22,81.55,79.82,81.52,19726100.0
2014-11-17,81.31,83.0,81.11,82.8,22528200.0
2014-11-18,82.93,84.13,82.16,83.95,29717400.0
2014-11-19,83.9,84.93,83.6,84.83,16883300.0
2014-11-20,84.76,86.25,84.16,85.1,19502900.0
2014-11-21,85.21,85.7,82.66,84.22,28244100.0
2014-11-24,84.29,84.56,83.06,84.3,19002200.0
2014-11-25,84.13,85.62,83.65,85.02,17865600.0
2014-11-26,84.98,85.75,84.84,85.61,24376600.0
2014-11-27,85.49,86.95,85.0,86.05,27964900.0
2014-11-28,85.98,88.73,85.88,88.2,35167900.0
2014-12-01,88.53,97.02,88.32,96.4,81582300.0
2014-12-02,96.45,99.75,95.8,98.14,56842900.0
2014-12-03,98.55,100.27,97.1,99.0,39926800.0
2014-12-04,99.02,100.35,98.15,98.35,39047700.0
2014-12-05,98.49,99.85,97.77,98.51,25102000.0
2014-12-08,98.8,99.39,95.12,95.96,32292500.0
2014-12-09,95.89,96.9,94.5,94.63,25519800.0
2014-12-10,94.98,97.59,94.89,95.28,24842700.0
2014-12-11,95.11,96.31,93.29,93.68,29435700.0
2014-12-12,93.87,96.5,92.55,94.7,33268100.0
2014-12-15,94.9,97.66,93.53,95.75,64695200.0
2014-12-16,95.01,113.19,89.0,108.05,78836100.0
2014-12-17,108.88,112.95,92.01,92.16,61851600.0
2014-12-18,92.87,97.36,89.11,91.93,43555000.0
2014-12-19,87.5,92.2,86.0,88.6,29418200.0
2014-12-22,89.01,91.0,86.1,87.99,26516500.0
2014-12-23,87.35,87.87,79.93,80.49,28909900.0
2014-12-24,80.1,82.75,79.62,81.68,14385900.0
2014-12-25,81.0,81.75,79.89,80.05,6311900.0
2014-12-26,80.37,80.95,79.89,79.9,8654500.0
2014-12-29,79.8,86.0,79.75,83.6,21763500.0
2014-12-30,84.1,85.53,80.11,80.8,15522900.0
2015-01-05,81.41,85.9,80.5,85.9,13210500.0
2015-01-06,85.5,92.7,85.5,91.01,26772400.0
2015-01-08,92.0,95.65,91.51,95.5,23359500.0
2015-01-09,96.06,97.98,95.05,97.4,16642900.0
2015-01-12,97.8,99.27,96.51,98.39,12446300.0
2015-01-13,98.6,101.77,97.55,100.25,18827800.0
2015-01-14,100.18,101.25,94.82,96.0,36979200.0
2015-01-15,96.39,97.77,92.2,92.9,26798100.0
2015-01-16,92.75,96.2,91.77,95.61,17172400.0
2015-01-19,95.71,97.0,94.15,94.17,20054900.0
2015-01-20,94.2,96.4,93.01,94.7,23515100.0
2015-01-21,95.1,97.17,94.56,96.75,15736900.0
2015-01-22,97.09,104.5,96.85,103.86,39817600.0
2015-01-23,104.7,106.48,102.61,104.0,26522200.0
2015-01-26,103.01,107.55,101.47,107.55,24601900.0
2015-01-27,106.52,114.0,106.51,111.79,36867500.0
2015-01-28,111.89,116.42,111.87,115.34,28347200.0
2015-01-29,116.0,117.8,113.19,114.5,25280300.0
2015-01-30,114.98,117.0,113.72,116.1,24523500.0
2015-02-02,116.66,116.8,112.52,112.8,16178500.0
2015-02-03,112.99,114.32,109.77,109.9,15029700.0
2015-02-04,109.9,110.79,107.0,107.5,14459300.0
2015-02-05,108.52,112.15,107.96,111.0,33021600.0
2015-02-06,111.5,114.58,110.61,113.94,26247300.0
2015-02-09,114.1,120.0,112.71,113.52,29516100.0
2015-02-10,113.0,116.39,112.01,113.45,18462600.0
2015-02-11,114.99,117.78,113.8,116.97,20792900.0
2015-02-12,117.38,121.34,114.21,120.37,39624300.0
2015-02-13,121.15,122.47,119.6,121.06,23933000.0
2015-02-16,121.0,121.68,116.77,119.0,14215400.0
2015-02-17,119.0,121.21,113.5,113.75,22907400.0
2015-02-18,114.92,116.0,110.72,111.4,22322600.0
2015-02-19,111.51,113.6,108.9,113.55,20977700.0
2015-02-20,114.38,114.79,111.52,113.3,11946700.0
2015-02-24,111.47,114.47,111.37,113.48,11024100.0
2015-02-25,113.5,114.17,109.06,110.61,15427700.0
2015-02-26,111.0,111.7,107.55,110.93,17634000.0
2015-02-27,110.22,112.74,108.95,111.82,14939000.0
2015-03-02,112.18,113.4,111.3,112.69,11901700.0
2015-03-03,112.31,116.32,110.81,114.8,20521900.0
2015-03-04,115.0,115.03,110.5,111.4,14173400.0
2015-03-05,111.4,112.79,108.8,111.8,21917800.0
2015-03-06,111.69,112.38,108.53,109.9,12892800.0
2015-03-10,108.8,109.27,103.33,104.25,22350100.0
2015-03-11,104.0,107.5,103.82,105.88,17499300.0
2015-03-12,106.0,109.18,104.1,107.3,21271500.0
2015-03-13,107.13,107.26,102.8,103.8,22460400.0
2015-03-16,103.99,104.55,102.3,102.98,17366400.0
2015-03-17,103.53,107.11,102.93,105.95,20067400.0
2015-03-18,106.0,107.99,105.63,106.92,14788500.0
2015-03-19,107.55,108.7,104.1,104.1,28479000.0
2015-03-20,104.1,106.17,103.07,105.01,16618200.0
2015-03-23,105.5,106.37,103.6,104.2,13861400.0
2015-03-24,104.03,105.0,102.76,103.3,14449300.0
2015-03-25,103.46,105.3,102.94,105.0,14388400.0
2015-03-26,105.2,105.6,103.0,103.1,15162100.0
2015-03-27,103.38,103.39,97.6,99.05,23280200.0
2015-03-30,99.77,105.49,99.53,105.3,27643900.0
2015-03-31,105.4,107.89,103.0,103.99,36102100.0
2015-04-01,103.7,106.94,102.23,105.39,23458500.0
2015-04-02,104.97,105.0,100.81,100.9,36478900.0
2015-04-03,101.42,102.97,101.02,102.37,13656200.0
2015-04-06,102.45,103.85,101.51,102.0,14790600.0
2015-04-07,102.22,102.42,100.35,101.25,18222300.0
2015-04-08,100.9,101.0,98.76,99.86,19038800.0
2015-04-09,99.41,99.41,95.1,97.4,46280200.0
2015-04-10,96.99,99.77,95.25,99.36,44291100.0
2015-04-13,99.87,100.97,98.02,98.39,37093900.0
2015-04-14,98.17,98.18,93.52,95.2,39668800.0
2015-04-15,94.8,97.12,92.75,96.32,50900700.0
2015-04-16,97.01,97.33,93.3,94.8,39323600.0
2015-04-17,94.49,95.9,93.77,94.6,35372900.0
2015-04-20,95.1,97.14,94.45,95.9,27608600.0
2015-04-21,96.14,97.6,96.01,97.0,24134500.0
2015-04-22,97.16,98.87,95.19,96.0,36903100.0
2015-04-23,96.0,96.1,93.22,95.3,39990300.0
2015-04-24,95.3,97.64,94.22,97.19,27100500.0
2015-04-27,97.3,98.43,96.65,96.65,24367400.0
2015-04-28,96.65,97.39,96.24,96.73,17863900.0
2015-04-29,96.73,97.42,95.51,95.52,10443800.0
2015-04-30,95.56,97.33,95.3,96.4,16069500.0
2015-05-05,98.45,102.33,98.11,101.7,50122300.0
2015-05-06,102.19,105.33,101.24,105.0,37678300.0
2015-05-07,104.99,105.0,101.56,102.01,23257700.0
2015-05-08,102.19,106.2,102.12,105.4,21293700.0
2015-05-12,106.6,107.9,105.1,106.8,27938700.0
2015-05-13,106.9,107.5,104.06,104.35,21127500.0
2015-05-14,104.54,105.3,102.45,102.45,21157100.0
2015-05-15,102.65,103.36,101.66,102.88,15455600.0
2015-05-18,102.9,103.4,101.41,102.48,13665800.0
2015-05-19,102.24,103.0,99.61,100.39,19504100.0
2015-05-20,100.4,102.5,98.45,101.8,22130600.0
2015-05-21,101.89,102.7,101.06,102.1,37788100.0
2015-05-22,96.9,98.2,94.55,95.34,34446700.0
2015-05-25,95.34,95.76,93.25,95.15,11416200.0
2015-05-26,95.19,96.46,92.5,92.5,24333900.0
2015-05-27,92.88,94.36,90.9,93.8,24258200.0
2015-05-28,94.02,95.29,93.29,93.97,13931000.0
2015-05-29,94.12,95.75,90.05,90.05,22890600.0
2015-06-01,90.78,94.37,90.62,93.03,19453200.0
2015-06-02,93.9,96.4,93.51,96.19,25885400.0
2015-06-03,96.53,97.87,95.8,97.04,33860500.0
2015-06-04,97.35,98.4,96.0,97.42,25362500.0
2015-06-05,97.8,99.98,97.36,99.86,32419600.0
2015-06-08,100.0,100.98,99.3,99.54,17290200.0
2015-06-09,99.6,100.24,96.99,97.01,21370900.0
2015-06-10,97.0,97.01,95.56,95.95,15473400.0
2015-06-11,95.9,97.04,95.5,96.55,14889300.0
2015-06-15,95.8,97.67,95.8,97.58,15994200.0
2015-06-16,97.49,98.2,96.67,96.95,11268700.0
2015-06-17,97.03,97.5,96.13,96.8,11725800.0
2015-06-18,96.98,97.0,95.14,95.79,13436200.0
2015-06-19,95.78,96.99,95.5,96.85,12587600.0
2015-06-22,96.73,97.5,96.23,96.7,12669700.0
2015-06-23,96.7,96.81,94.61,95.03,19842400.0
2015-06-24,95.35,95.67,93.26,94.5,20444800.0
2015-06-25,94.33,94.95,93.58,94.0,11325300.0
2015-06-26,94.04,96.34,93.94,95.75,13584300.0
2015-06-29,94.97,96.2,94.52,95.4,8079300.0
2015-06-30,95.57,95.8,93.68,95.0,18039300.0
2015-07-01,94.72,94.97,92.0,92.15,33100500.0
2015-07-02,92.26,93.49,92.2,92.5,17930200.0
2015-07-03,92.7,93.14,92.6,92.63,7108000.0
2015-07-06,92.42,92.99,91.27,92.77,16354800.0
2015-07-07,92.51,94.14,92.51,93.4,22943500.0
2015-07-08,92.99,93.1,89.77,91.0,34121900.0
2015-07-09,91.6,91.61,90.06,91.01,19743600.0
2015-07-10,91.51,91.96,90.21,91.47,15118400.0
2015-07-13,91.46,93.92,91.17,93.66,24409200.0
2015-07-14,93.9,95.09,93.75,94.5,21005600.0
2015-07-15,94.59,95.63,94.35,94.88,15968500.0
2015-07-16,95.22,96.0,94.88,96.0,11505700.0
2015-07-17,95.99,96.8,95.02,95.36,13484300.0
2015-07-20,95.39,95.4,93.4,93.93,14839800.0
2015-07-21,93.68,94.65,93.65,94.28,11789700.0
2015-07-22,94.02,94.07,92.33,93.2,16851400.0
2015-07-23,93.09,93.16,90.75,91.19,23356800.0
2015-07-24,90.99,91.63,90.21,90.25,23753100.0
2015-07-27,90.09,90.99,89.55,90.22,29721900.0
2015-07-28,90.49,92.95,90.31,92.31,30569900.0
2015-07-29,92.76,93.75,92.5,93.59,27079400.0
2015-07-30,93.29,93.85,92.38,93.65,19977800.0
2015-07-31,93.67,94.46,92.31,94.27,23035500.0
2015-08-03,94.17,95.92,94.07,95.14,23665200.0
2015-08-04,95.14,98.95,95.0,98.89,38436800.0
2015-08-05,99.12,101.07,97.62,100.9,29166400.0
2015-08-06,101.0,102.49,100.5,101.25,25741500.0
2015-08-07,101.6,101.81,100.52,101.12,14257700.0
2015-08-10,101.97,102.4,100.75,102.22,16379700.0
2015-08-11,101.99,104.5,101.4,101.66,26054700.0
2015-08-12,101.01,101.26,97.9,98.5,39020200.0
2015-08-13,98.91,99.79,97.6,98.7,22999200.0
2015-08-14,98.71,101.14,98.41,100.61,26837300.0
2015-08-17,100.6,101.91,99.29,100.0,25925300.0
2015-08-18,99.79,99.85,98.0,98.1,21044000.0
2015-08-19,98.4,98.6,96.83,97.25,20541300.0
2015-08-20,97.46,100.47,97.2,100.47,32105800.0
2015-08-21,99.96,101.5,99.3,100.6,30618300.0
2015-08-24,99.1,103.21,98.6,102.15,43951300.0
2015-08-25,102.15,103.88,100.65,100.71,22512200.0
2015-08-26,100.8,103.5,100.03,102.9,19941200.0
2015-08-27,103.1,104.76,103.0,103.71,22104200.0
2015-08-28,104.01,105.4,103.34,104.3,15873900.0
2015-08-31,104.5,105.75,103.7,105.69,16145500.0
2015-09-01,105.35,105.5,102.52,103.29,20942400.0
2015-09-02,103.18,105.05,102.5,103.5,17544800.0
2015-09-03,103.74,106.5,103.61,106.0,20975500.0
2015-09-04,105.65,106.7,104.72,105.7,15832900.0
2015-09-07,106.0,107.3,106.0,107.16,10837100.0
2015-09-08,107.39,108.89,106.83,107.46,17909700.0
2015-09-09,108.0,112.05,107.84,110.99,28788300.0
2015-09-10,110.42,111.0,109.03,109.31,17291200.0
2015-09-11,109.41,110.5,108.0,108.7,19095400.0
2015-09-14,108.46,110.35,108.46,109.24,10804600.0
2015-09-15,109.26,110.38,109.2,110.09,13086300.0
2015-09-16,110.39,111.57,110.11,111.19,16839500.0
2015-09-17,111.24,112.12,110.41,112.06,10134600.0
2015-09-18,112.4,112.84,110.12,111.0,19884000.0
2015-09-21,111.48,111.9,110.11,110.8,12433200.0
2015-09-22,111.0,111.21,106.14,106.93,29087400.0
2015-09-23,106.34,106.53,100.7,102.0,49158100.0
2015-09-24,99.38,99.84,96.01,96.62,54395700.0
2015-09-25,97.19,98.15,95.15,95.65,27402400.0
2015-09-28,95.89,96.69,93.4,93.82,26085000.0
2015-09-29,92.99,94.94,92.14,93.25,24548300.0
2015-09-30,93.7,95.0,93.0,95.0,24783200.0
2015-10-01,95.0,95.44,93.25,93.94,23644200.0
2015-10-02,93.9,94.75,93.01,94.7,16215800.0
2015-10-05,95.29,96.03,93.9,94.5,27596300.0
2015-10-06,94.71,95.3,92.41,93.46,34036600.0
2015-10-07,93.38,93.48,90.46,92.1,55187800.0
2015-10-08,92.2,92.26,90.25,91.49,38463500.0
2015-10-09,91.6,96.25,91.01,95.6,60280400.0
2015-10-12,96.0,97.6,95.0,96.2,36432000.0
2015-10-13,96.03,97.15,95.03,97.15,23054600.0
2015-10-14,96.93,99.2,96.55,97.0,40641300.0
2015-10-15,97.44,98.89,96.86,97.83,24854900.0
2015-10-16,98.16,98.87,95.91,96.01,24080700.0
2015-10-19,96.1,97.84,95.96,97.61,18298300.0
2015-10-20,97.64,98.32,96.06,96.58,20199100.0
2015-10-21,96.85,96.89,93.12,93.9,27002200.0
2015-10-22,94.0,95.5,92.32,95.45,28801000.0
2015-10-23,95.8,98.14,94.87,97.35,32003700.0
2015-10-26,97.35,97.79,95.71,97.0,22583700.0
2015-10-27,96.83,97.1,95.25,97.1,19528700.0
2015-10-28,97.11,97.35,95.39,96.7,23741000.0
2015-10-29,96.75,96.75,95.02,95.03,17250300.0
2015-10-30,95.2,96.11,94.65,94.87,11858100.0
2015-11-02,94.75,95.9,94.55,95.85,8968700.0
2015-11-03,95.88,97.4,95.4,95.46,21613600.0
2015-11-05,95.46,96.54,95.34,95.8,17711900.0
2015-11-06,96.25,97.25,93.89,95.13,26894500.0
2015-11-09,95.5,95.93,94.0,94.99,13815200.0
2015-11-10,94.99,95.4,94.4,94.74,17067000.0
2015-11-11,94.75,94.98,93.28,93.71,14303300.0
2015-11-12,93.75,94.77,93.4,94.75,17793700.0
2015-11-13,94.69,95.37,93.51,94.69,20115000.0
2015-11-16,94.56,94.99,93.3,93.35,21497100.0
2015-11-17,93.59,94.85,93.35,93.64,23785500.0
2015-11-18,93.85,96.5,93.45,96.4,34600400.0
2015-11-19,96.5,97.63,95.6,96.7,31398500.0
2015-11-20,96.8,97.45,95.68,96.5,13475800.0
2015-11-23,95.76,95.98,94.4,94.92,25026100.0
2015-11-24,94.94,95.24,92.2,93.44,35875200.0
2015-11-25,93.56,94.59,93.52,94.27,14220700.0
2015-11-26,94.5,95.9,93.8,93.9,24625000.0
2015-11-27,93.79,94.46,92.2,92.2,24483800.0
2015-11-30,92.31,93.37,89.2,89.2,47891400.0
2015-12-01,89.76,91.75,89.75,90.54,31744200.0
2015-12-02,91.0,91.6,88.63,89.39,31530700.0
2015-12-03,89.36,91.75,89.03,91.13,34529600.0
2015-12-04,91.53,92.2,88.22,88.51,36419100.0
2015-12-07,88.9,89.7,87.34,89.25,25193400.0
2015-12-08,89.2,90.19,88.11,89.7,24020800.0
2015-12-09,89.92,90.75,89.33,89.35,18979500.0
2015-12-10,89.48,90.5,88.82,89.25,20400200.0
2015-12-11,89.36,89.8,88.43,89.0,17906900.0
2015-12-14,88.84,89.19,87.77,87.8,20965000.0
2015-12-15,88.0,90.55,88.0,89.65,28590800.0
2015-12-16,89.99,91.75,89.63,91.08,23184500.0
2015-12-17,91.4,94.5,91.01,94.5,37709000.0
2015-12-18,94.03,94.89,92.25,92.29,28959800.0
2015-12-21,92.47,93.45,89.8,90.48,26080200.0
2015-12-22,90.51,92.24,90.42,92.2,14880400.0
2015-12-23,92.11,94.43,92.1,94.1,20778400.0
2015-12-24,94.18,94.5,92.35,93.44,17305600.0
2015-12-25,93.51,93.75,92.92,93.44,7400700.0
2015-12-28,93.08,93.74,92.99,93.5,13108600.0
2015-12-29,90.57,91.99,90.51,91.89,16343100.0
2015-12-30,92.22,92.31,91.24,91.5,10041100.0
2016-01-04,90.9,91.4,88.92,89.22,11694600.0
2016-01-05,89.3,91.2,88.91,90.85,13770100.0
2016-01-06,91.0,91.48,89.9,89.9,13913500.0
2016-01-11,87.98,88.0,85.07,86.0,34453200.0
2016-01-12,85.5,87.18,85.0,85.53,22954500.0
2016-01-13,85.9,87.88,85.44,86.14,28553500.0
2016-01-14,85.8,87.33,84.0,84.64,30375800.0
2016-01-15,84.73,84.73,80.4,80.5,45171500.0
2016-01-18,80.6,83.85,78.4,82.9,38184700.0
2016-01-19,83.99,86.22,83.7,85.4,36394200.0
2016-01-20,84.75,87.09,83.25,86.49,39748400.0
2016-01-21,86.67,92.16,86.55,91.3,57966700.0
2016-01-22,92.21,93.0,89.51,91.0,51313400.0
2016-01-25,91.07,91.2,89.8,90.5,28783200.0
2016-01-26,89.57,91.65,88.33,88.8,31517400.0
2016-01-27,89.01,90.49,89.0,89.91,18944500.0
2016-01-28,90.11,90.47,88.63,89.7,24102000.0
2016-01-29,89.55,89.84,87.3,88.5,38523200.0
2016-02-01,88.3,89.06,86.25,86.98,20050100.0
2016-02-02,87.0,89.24,86.47,89.24,28827200.0
2016-02-03,89.25,89.5,87.7,87.7,12422000.0
2016-02-04,88.55,90.14,87.95,89.99,27584800.0
2016-02-05,89.43,90.79,89.13,90.05,16636400.0
2016-02-08,89.6,89.95,88.12,88.7,15572300.0
2016-02-09,88.61,89.0,86.2,86.5,23274700.0
2016-02-10,86.15,86.83,85.1,85.1,22008100.0
2016-02-11,85.06,85.37,82.51,83.76,32210000.0
2016-02-12,84.25,84.6,83.29,83.5,16431500.0
2016-02-15,84.64,85.09,82.8,83.45,24708100.0
2016-02-16,83.8,84.86,83.25,84.86,22091800.0
2016-02-17,85.01,86.56,85.0,86.33,23553000.0
2016-02-18,86.51,88.88,86.44,88.8,30492400.0
2016-02-19,88.01,88.35,86.6,87.45,21337600.0
2016-02-20,87.48,88.2,87.1,87.2,3760500.0
2016-02-22,87.5,88.0,86.8,87.5,8938000.0
2016-02-24,86.9,87.8,86.25,87.5,20196300.0
2016-02-25,87.59,88.7,86.71,87.5,17466000.0
2016-02-26,87.99,90.09,87.7,89.35,27670700.0
2016-02-29,89.2,91.7,88.6,91.42,28759000.0
2016-03-01,91.05,91.97,90.43,91.05,18238100.0
2016-03-02,91.55,91.66,90.42,90.93,11495200.0
2016-03-03,90.75,92.48,90.75,91.9,23682800.0
2016-03-04,92.34,93.12,91.81,93.0,31214700.0
2016-03-07,93.3,94.94,93.2,94.94,21739400.0
2016-03-09,93.8,94.12,92.77,93.0,20584000.0
2016-03-10,92.97,93.5,92.28,92.81,16710800.0
2016-03-11,92.87,93.26,90.8,92.21,24880200.0
2016-03-14,92.25,92.62,91.14,91.5,16071200.0
2016-03-15,91.88,92.56,91.12,92.02,29373800.0
2016-03-16,92.1,92.29,90.21,91.19,24953300.0
2016-03-17,91.55,92.48,91.13,92.43,29385200.0
2016-03-18,92.55,94.9,92.12,94.9,36584600.0
2016-03-21,94.1,94.7,93.03,93.9,23446400.0
2016-03-22,93.85,94.55,93.2,94.19,16478600.0
2016-03-23,94.28,94.5,91.78,92.4,19688400.0
2016-03-24,92.0,92.68,89.43,90.2,29726800.0
2016-03-25,90.46,90.76,90.01,90.46,5741900.0
2016-03-28,90.93,91.19,89.23,89.95,13154600.0
2016-03-29,89.96,90.3,87.87,89.35,26982300.0
2016-03-30,89.61,90.8,89.05,89.5,20883800.0
2016-03-31,89.6,90.1,86.6,87.0,47546000.0
2016-04-01,86.4,86.5,83.96,84.6,46254400.0
2016-04-04,84.53,85.41,83.3,84.59,40240600.0
2016-04-05,84.72,87.19,84.51,87.0,43487600.0
2016-04-06,87.4,88.43,87.18,87.99,35640500.0
2016-04-07,88.21,88.49,86.05,86.88,28249400.0
2016-04-08,86.87,87.0,85.5,86.29,21902900.0
2016-04-11,86.16,87.88,85.82,87.83,25617800.0
2016-04-12,87.9,88.4,86.52,87.3,28469700.0
2016-04-13,87.52,91.83,87.51,91.21,66459400.0
2016-04-14,91.21,92.4,91.07,91.5,41858000.0
2016-04-15,91.34,91.9,90.0,91.2,20728000.0
2016-04-18,89.99,92.7,89.91,92.7,29571900.0
2016-04-19,92.6,93.3,91.51,92.41,26629300.0
2016-04-20,91.95,93.64,91.56,92.59,33565900.0
2016-04-21,93.08,93.78,92.1,93.68,35515900.0
2016-04-22,93.55,97.5,93.36,97.5,64051400.0
2016-04-25,97.41,97.76,95.83,96.31,25341000.0
2016-04-26,96.18,97.5,95.9,97.5,20190600.0
2016-04-27,97.4,98.41,96.05,97.0,19282400.0
2016-04-28,96.49,97.09,94.11,97.09,33882200.0
2016-04-29,96.93,96.93,93.26,94.09,24733800.0
2016-05-04,93.51,94.79,90.1,91.0,30212100.0
2016-05-05,90.75,90.75,88.09,88.09,31563100.0
2016-05-06,88.0,89.0,87.2,87.6,24754200.0
2016-05-10,87.41,88.68,86.34,88.15,20690500.0
2016-05-11,88.25,89.91,88.25,88.5,19623400.0
2016-05-12,88.87,90.7,88.65,89.11,24035800.0
2016-05-13,89.0,89.86,88.11,89.86,19696000.0
2016-05-16,90.04,91.14,89.29,89.3,15065500.0
2016-05-17,89.6,89.94,88.28,89.3,11723200.0
2016-05-18,89.29,91.65,88.8,90.95,20399800.0
2016-05-19,90.67,92.45,90.52,91.9,26363900.0
2016-05-20,92.19,93.04,90.84,91.2,17653400.0
2016-05-23,91.2,91.33,89.8,90.31,11857400.0
2016-05-24,90.18,91.45,89.82,90.85,8849200.0
2016-05-25,91.17,91.94,90.65,90.79,13911200.0
2016-05-26,91.0,92.3,90.54,91.52,16456600.0
2016-05-27,91.7,92.29,91.23,91.4,9320300.0
2016-05-30,91.9,92.0,91.33,92.0,3741300.0
2016-05-31,92.0,92.84,89.9,89.9,20927800.0
2016-06-01,90.09,91.06,88.89,90.29,14800700.0
2016-06-02,90.28,90.73,88.99,89.25,8574400.0
2016-06-03,89.78,91.0,88.29,88.59,14830700.0
2016-06-06,88.6,90.67,88.59,89.68,13031100.0
2016-06-07,89.81,90.48,89.2,89.74,13881600.0
2016-06-08,89.83,89.89,87.55,88.73,17316900.0
2016-06-09,88.72,88.97,86.2,86.99,20311700.0
2016-06-10,86.87,88.46,86.75,86.96,11707400.0
2016-06-14,87.01,87.49,86.11,86.7,16589800.0
2016-06-15,86.7,86.73,85.02,85.53,22744500.0
2016-06-16,85.5,85.5,83.55,84.98,22986100.0
2016-06-17,85.2,86.05,84.25,84.48,31745600.0
2016-06-20,83.02,84.3,82.75,83.0,23470500.0
2016-06-21,83.28,84.24,81.97,84.13,21910900.0
2016-06-22,84.3,84.65,82.91,83.49,15626100.0
2016-06-23,83.48,84.07,82.26,84.07,12271800.0
2016-06-24,80.71,83.8,80.65,83.8,25280400.0
2016-06-27,83.68,83.98,82.32,82.85,14199500.0
2016-06-28,83.0,84.8,82.85,84.8,18105500.0
2016-06-29,84.84,85.79,84.24,84.85,17277500.0
2016-06-30,84.62,85.45,84.25,85.4,10773800.0
2016-07-01,85.41,85.56,83.77,84.96,12546600.0
2016-07-04,85.3,88.87,85.07,88.61,35062400.0
2016-07-05,88.61,89.79,87.59,88.09,24742200.0
2016-07-06,87.87,88.29,87.24,87.72,12183100.0
2016-07-07,88.46,88.88,86.53,87.2,15381000.0
2016-07-08,86.85,86.94,85.19,86.72,15891300.0
2016-07-11,87.16,88.75,87.15,88.55,13484100.0
2016-07-12,88.8,90.4,88.52,90.25,22384900.0
2016-07-13,90.26,93.0,89.61,93.0,41697700.0
2016-07-14,93.0,93.3,90.9,92.97,21019000.0
2016-07-15,92.0,93.0,91.93,92.9,11990900.0
2016-07-18,92.65,93.75,92.44,93.08,14433000.0
2016-07-19,93.19,93.39,92.2,93.1,11608700.0
2016-07-20,92.95,93.15,90.41,92.97,16472500.0
2016-07-21,92.52,94.0,91.55,93.9,14101300.0
2016-07-22,93.5,94.57,93.22,94.0,14416200.0
2016-07-25,94.09,94.5,92.73,93.06,11768400.0
2016-07-26,93.09,93.56,91.75,93.39,11302200.0
2016-07-27,93.49,94.45,92.51,94.45,11412500.0
2016-07-28,94.22,95.35,93.21,95.35,18255400.0
2016-07-29,95.12,96.0,94.44,94.44,14875700.0
2016-08-01,94.99,96.74,94.99,96.37,14914100.0
2016-08-02,96.39,97.0,95.63,95.81,19404100.0
2016-08-03,95.8,97.17,95.8,96.6,11573300.0
2016-08-04,96.82,97.75,96.1,97.34,12535600.0
2016-08-05,97.32,97.92,96.88,97.78,11484900.0
2016-08-08,97.88,98.5,97.57,98.3,7318700.0
2016-08-09,98.19,98.89,97.91,98.5,9591800.0
2016-08-10,98.9,99.35,97.84,99.27,14553200.0
2016-08-11,99.23,100.67,99.0,99.89,20199800.0
2016-08-12,99.89,100.07,97.9,98.6,14531900.0
2016-08-15,98.6,100.3,97.3,99.67,13645900.0
2016-08-16,99.7,100.15,98.1,99.75,12129300.0
2016-08-17,99.39,99.47,97.1,97.7,8824500.0
2016-08-18,97.76,98.46,95.55,96.01,14582600.0
2016-08-19,96.23,98.62,96.05,97.88,13997800.0
2016-08-22,97.78,98.9,97.36,98.9,12880100.0
2016-08-23,99.14,99.45,98.37,98.79,6911700.0
2016-08-24,98.79,99.2,97.4,98.53,7861600.0
2016-08-25,98.47,98.47,96.49,97.6,10142600.0
2016-08-26,97.49,97.55,95.42,95.97,14694800.0
2016-08-29,95.56,96.5,94.54,96.4,10780500.0
2016-08-30,96.5,97.49,96.05,96.28,9017600.0
2016-08-31,96.56,96.56,95.0,95.71,8329500.0
2016-09-01,96.4,96.89,95.82,96.31,11456900.0
2016-09-02,96.57,97.54,96.22,97.17,9768000.0
2016-09-05,97.65,98.09,96.71,97.1,10296100.0
2016-09-06,97.11,99.26,97.06,99.26,11323600.0
2016-09-07,99.45,99.47,98.45,98.71,7726000.0
2016-09-08,98.94,99.1,97.6,97.8,7937900.0
2016-09-09,97.8,98.75,97.2,97.2,9082000.0
2016-09-12,96.67,97.35,96.25,96.9,9531900.0
2016-09-13,97.14,98.4,96.27,97.5,8710700.0
2016-09-14,97.51,97.57,95.46,95.46,12143200.0
2016-09-15,95.5,95.84,94.05,95.2,19940600.0
2016-09-16,95.0,95.72,93.6,94.7,12055400.0
2016-09-19,95.0,95.78,94.36,95.05,12490900.0
2016-09-20,95.27,95.98,94.64,95.62,9126400.0
2016-09-21,95.79,95.95,94.04,94.2,7456400.0
2016-09-22,94.6,97.15,94.32,97.15,23073400.0
2016-09-23,96.99,97.36,95.26,97.3,14812900.0
2016-09-26,96.78,97.35,96.07,96.67,8113200.0
2016-09-27,96.79,98.67,96.67,97.8,16435200.0
2016-09-28,98.02,100.35,98.0,99.52,23318200.0
2016-09-29,100.1,100.6,98.77,99.18,11101400.0
2016-09-30,99.0,99.97,97.65,98.12,13555800.0
2016-10-03,98.13,98.35,96.05,96.48,10230000.0
2016-10-04,96.51,97.27,95.19,96.39,9437400.0
2016-10-05,96.28,96.32,94.2,95.3,14611000.0
2016-10-06,94.78,96.11,94.3,94.75,12461900.0
2016-10-07,94.77,95.58,93.67,94.01,14875500.0
2016-10-10,94.36,94.9,93.97,94.06,11626000.0
2016-10-11,94.11,94.7,93.84,94.5,9947000.0
2016-10-12,94.53,94.98,93.7,94.32,11940400.0
2016-10-13,94.22,94.42,93.05,94.0,12915900.0
2016-10-14,94.2,94.58,93.5,93.9,5692500.0
2016-10-17,93.71,94.16,92.06,92.5,14881900.0
2016-10-18,92.93,94.04,92.63,93.64,10201000.0
2016-10-19,93.66,93.89,92.2,92.69,10409900.0
2016-10-20,92.68,92.97,92.0,92.0,6173600.0
2016-10-21,92.0,93.8,91.54,93.76,8883900.0
2016-10-24,93.85,93.96,92.1,92.5,8984200.0
2016-10-25,92.53,94.06,92.31,93.04,9586500.0
2016-10-26,93.05,93.77,92.5,93.07,8910100.0
2016-10-27,93.25,95.09,93.19,94.51,13368500.0
2016-10-28,94.28,94.59,93.11,93.45,8058500.0
2016-10-31,93.78,93.89,92.0,93.44,16937200.0
2016-11-01,93.51,94.22,93.1,93.1,11432400.0
2016-11-02,92.98,93.09,92.0,92.0,9690900.0
2016-11-03,92.0,92.49,91.37,91.57,10320200.0
2016-11-07,92.31,93.88,92.17,92.3,16800800.0
2016-11-08,93.09,94.42,93.09,94.0,13038800.0
2016-11-09,92.9,96.21,92.9,95.9,20854900.0
2016-11-10,96.43,104.25,96.41,100.46,55716300.0
2016-11-11,102.01,103.79,100.52,101.5,44287200.0
2016-11-14,101.93,104.18,101.24,103.8,22657100.0
2016-11-15,103.78,105.35,102.29,103.67,24778600.0
2016-11-16,103.85,105.4,102.12,102.7,21749900.0
2016-11-17,102.52,103.48,101.5,102.89,13872900.0
2016-11-18,103.0,103.4,100.72,101.44,14698200.0
2016-11-21,102.01,102.45,100.55,101.37,9184800.0
2016-11-22,101.75,103.27,101.15,102.77,13572900.0
2016-11-23,102.99,104.99,102.94,104.9,14103500.0
2016-11-24,105.11,105.91,104.0,104.98,11088500.0
2016-11-25,104.61,105.47,103.7,104.5,7195800.0
2016-11-28,105.1,105.95,104.7,105.5,12627600.0
2016-11-29,105.01,105.89,104.19,104.68,13495500.0
2016-11-30,104.38,105.09,102.8,103.71,21635200.0
2016-12-01,104.15,106.31,103.9,106.2,18222800.0
2016-12-02,106.0,107.05,105.32,106.8,9799000.0
2016-12-05,106.58,109.17,106.54,108.3,12865900.0
2016-12-06,108.3,109.66,108.08,109.0,9034400.0
2016-12-07,109.1,111.11,108.6,109.9,12669800.0
2016-12-08,109.99,110.9,109.01,110.7,13406300.0
2016-12-09,110.87,111.99,109.03,109.96,11197200.0
2016-12-12,110.15,110.53,107.16,109.09,23389300.0
2016-12-13,109.09,109.27,107.2,108.04,16687300.0
2016-12-14,108.25,108.88,105.07,105.9,21065500.0
2016-12-15,105.11,106.08,102.14,105.12,40338700.0
2016-12-16,105.55,105.88,103.63,105.25,16679600.0
2016-12-19,105.4,105.4,102.37,102.6,13553400.0
2016-12-20,103.0,104.0,101.7,102.49,25121000.0
2016-12-21,102.85,103.3,101.5,101.94,22803900.0
2016-12-22,101.94,102.8,101.65,101.9,20401400.0
2016-12-23,102.0,102.48,101.05,101.7,21117600.0
2016-12-26,101.99,102.96,101.33,102.02,16851500.0
2016-12-27,98.1,99.25,98.0,98.96,17923600.0
2016-12-28,98.89,99.98,97.74,97.9,13791200.0
2016-12-29,97.8,99.67,96.65,99.51,14120900.0
2016-12-30,99.59,101.27,99.35,101.22,11505400.0
2017-01-03,101.29,103.5,101.29,102.45,18704500.0
2017-01-04,102.45,102.86,99.9,101.95,15009300.0
2017-01-05,102.09,102.5,99.18,100.25,11342600.0
2017-01-06,100.25,100.6,99.37,100.4,7691500.0
2017-01-09,100.51,101.31,100.38,101.15,5935600.0
2017-01-10,101.34,103.98,101.16,103.97,15532100.0
2017-01-11,103.29,104.57,102.81,104.39,12664000.0
2017-01-12,103.95,104.35,98.32,99.94,61134000.0
2017-01-13,100.15,100.9,96.42,97.56,34619800.0
2017-01-16,97.77,98.54,97.02,97.61,13672700.0
2017-01-17,97.49,97.8,96.0,96.15,16972900.0
2017-01-18,96.3,96.5,95.1,95.49,15789700.0
2017-01-19,95.5,96.38,95.15,95.9,13524700.0
2017-01-20,95.7,95.7,93.41,93.6,20774800.0
2017-01-23,93.9,94.82,93.26,94.24,13538700.0
2017-01-24,94.4,95.19,93.55,94.86,25098000.0
2017-01-25,94.93,95.45,94.42,95.35,18223600.0
2017-01-26,95.55,98.39,95.4,97.9,27453200.0
2017-01-27,97.48,98.37,97.0,97.92,14685000.0
2017-01-30,97.91,98.89,97.1,97.72,11197300.0
2017-01-31,97.59,98.27,96.22,96.29,13790800.0
2017-02-01,96.62,98.6,96.46,98.48,16333900.0
2017-02-02,98.62,102.88,98.23,102.55,50322200.0
2017-02-03,102.11,102.35,100.0,100.89,25176000.0
2017-02-06,100.99,101.55,98.8,99.22,17445600.0
2017-02-07,99.38,101.43,98.8,101.36,17068000.0
2017-02-08,101.5,102.38,100.51,101.35,18142100.0
2017-02-09,101.25,101.64,99.4,99.99,11834700.0
2017-02-10,100.17,100.72,99.02,100.72,11898100.0
2017-02-13,101.11,101.35,98.05,98.9,17612000.0
2017-02-14,98.71,99.0,96.83,97.4,14129100.0
2017-02-15,97.43,99.96,95.74,99.4,24799900.0
2017-02-16,99.59,100.45,98.3,99.57,16878000.0
2017-02-17,99.56,99.56,96.8,97.2,26654300.0
2017-02-20,97.83,97.83,95.2,95.85,19613900.0
2017-02-21,95.43,96.98,95.05,96.77,10450800.0
2017-02-22,96.91,96.91,95.23,96.0,7975700.0
2017-02-24,95.7,95.8,93.5,94.98,18387300.0
2017-02-27,95.0,95.36,93.0,93.41,17510200.0
2017-02-28,93.51,93.76,86.97,93.11,24855600.0
2017-03-01,93.2,94.64,92.81,93.71,15556800.0
2017-03-02,93.99,95.05,92.65,93.06,16017000.0
2017-03-03,92.85,93.78,92.03,93.36,9708900.0
2017-03-06,93.18,94.15,92.32,93.24,8312800.0
2017-03-07,93.22,93.22,89.8,90.61,34172900.0
2017-03-09,88.97,89.95,88.0,88.07,28934300.0
2017-03-10,88.39,89.0,87.01,88.55,16831400.0
2017-03-13,88.64,90.73,88.18,89.65,13292600.0
2017-03-14,89.95,91.08,89.67,90.97,11371200.0
2017-03-15,91.14,91.89,90.05,90.57,18007000.0
2017-03-16,91.45,92.19,90.01,90.54,27404800.0
2017-03-17,90.43,92.72,90.27,91.69,24137400.0
2017-03-20,91.58,92.0,89.89,90.11,19606800.0
2017-03-21,90.41,91.5,90.0,91.09,16212300.0
2017-03-22,90.9,91.8,89.2,91.8,18867300.0
2017-03-23,91.87,92.35,91.08,91.82,10084600.0
2017-03-24,91.66,92.07,90.5,91.65,7896100.0
2017-03-27,91.14,91.14,88.65,88.91,19283200.0
2017-03-28,89.31,90.11,88.85,90.11,10315200.0
2017-03-29,90.11,90.49,89.31,89.85,8052800.0
2017-03-30,89.73,90.09,88.85,89.89,8996900.0
2017-03-31,89.76,89.98,88.39,89.29,9495800.0
2017-04-03,89.29,90.5,88.65,89.74,11424200.0
2017-04-04,89.59,90.5,89.46,90.0,10507200.0
2017-04-05,90.44,91.91,90.21,91.86,12448200.0
2017-04-06,91.8,91.81,90.91,91.33,12325200.0
2017-04-07,90.99,91.41,89.35,90.25,19644600.0
2017-04-10,90.03,90.39,88.85,89.56,15539400.0
2017-04-11,89.54,90.65,89.39,89.64,10968100.0
2017-04-12,90.11,90.15,88.75,89.24,11180300.0
2017-04-13,89.44,89.45,86.84,87.75,20806400.0
2017-04-14,87.66,88.27,87.08,87.1,4291100.0
2017-04-17,87.42,88.66,86.5,88.41,7683500.0
2017-04-18,88.48,88.58,85.51,85.56,18970700.0
2017-04-19,85.85,86.5,84.92,85.53,13578400.0
2017-04-20,85.51,86.2,84.71,86.2,13084100.0
2017-04-21,86.15,86.45,84.62,85.38,14521900.0
2017-04-24,85.69,87.05,84.67,86.85,17635600.0
2017-04-25,87.2,89.04,86.15,88.73,14935700.0
2017-04-26,88.92,89.4,87.21,88.9,17147000.0
2017-04-27,88.5,89.78,86.77,87.5,19345000.0
2017-04-28,87.88,88.93,87.4,87.47,16069300.0
2017-05-02,87.8,89.4,87.7,88.09,15389200.0
2017-05-03,88.0,88.0,86.75,86.88,15175900.0
2017-05-04,86.66,87.42,85.76,87.01,16576200.0
2017-05-05,86.53,87.69,85.66,87.65,13136500.0
2017-05-10,87.99,88.15,85.71,86.58,20005700.0
2017-05-11,86.36,86.59,84.78,85.0,20767100.0
2017-05-12,85.04,85.11,83.52,84.05,15320800.0
2017-05-15,84.08,85.3,83.51,85.3,16449900.0
2017-05-16,85.2,85.2,83.65,84.02,11386300.0
2017-05-17,83.88,84.51,83.6,83.72,13540500.0
2017-05-18,83.53,84.44,82.48,84.2,24118500.0
2017-05-19,84.22,84.95,83.05,83.05,12243800.0
2017-05-22,83.06,83.75,82.51,82.75,11220800.0
2017-05-23,82.7,83.89,82.09,83.59,10952500.0
2017-05-24,83.44,83.99,82.92,83.99,8185800.0
2017-05-25,83.99,84.48,82.27,82.27,14491100.0
2017-05-26,82.51,82.64,81.65,82.0,12606100.0
2017-05-29,82.2,82.47,81.43,81.43,7047200.0
2017-05-30,81.6,81.6,80.35,80.5,15423800.0
2017-05-31,80.37,80.67,79.02,79.02,31434400.0
2017-06-01,79.49,79.58,77.5,77.91,28361800.0
2017-06-02,78.0,78.9,76.77,78.29,23288400.0
2017-06-05,78.5,79.75,77.91,78.87,15965400.0
2017-06-06,79.25,79.55,78.0,78.98,12475400.0
2017-06-07,78.95,79.54,78.54,78.65,12243800.0
2017-06-08,78.74,80.2,78.74,80.13,14956500.0
2017-06-09,79.91,81.41,79.89,81.0,19353400.0
2017-06-13,80.6,81.45,80.22,80.58,15850200.0
2017-06-14,80.6,81.46,80.59,81.13,15269600.0
2017-06-15,80.79,81.09,78.62,80.11,47267900.0
2017-06-16,80.36,81.94,80.32,81.54,24842000.0
2017-06-19,81.8,82.73,81.62,82.5,17065800.0
2017-06-20,82.65,83.76,82.31,83.11,21228100.0
2017-06-21,82.99,83.59,81.73,82.9,24809000.0
2017-06-22,79.21,79.49,77.91,78.5,44253900.0
2017-06-23,78.76,80.95,78.26,80.15,37922000.0
2017-06-26,80.55,81.23,79.91,79.99,13347800.0
2017-06-27,79.8,81.45,79.67,81.26,16291300.0
2017-06-28,81.04,82.46,80.75,81.75,16011000.0
2017-06-29,82.01,82.38,81.31,81.8,12708100.0
2017-06-30,81.7,82.88,80.68,80.68,19557600.0
2017-07-03,81.08,82.47,80.9,82.46,12080600.0
2017-07-04,82.26,82.45,81.61,81.97,9655100.0
2017-07-05,82.01,82.98,81.65,82.88,15181700.0
2017-07-06,82.8,83.86,82.79,83.43,13683600.0
2017-07-07,82.58,84.05,82.4,83.73,15066700.0
2017-07-10,83.99,85.15,83.82,85.15,19344900.0
2017-07-11,85.5,85.99,85.1,85.91,11945700.0
2017-07-12,85.97,86.4,85.12,86.0,19866500.0
2017-07-13,86.0,86.2,84.2,84.96,17865800.0
2017-07-14,84.77,84.91,83.91,84.8,13508000.0
2017-07-17,85.1,85.93,84.5,85.93,17815000.0
2017-07-18,85.74,86.15,85.32,85.74,15305900.0
2017-07-19,85.7,86.93,85.58,86.93,12623600.0
2017-07-20,86.88,87.46,82.6,84.1,29354200.0
2017-07-21,83.97,84.51,82.91,83.88,41783600.0
2017-07-24,83.73,85.85,83.73,85.85,34849900.0
2017-07-25,85.95,87.13,85.73,86.75,78981400.0
2017-07-26,86.61,87.24,86.12,86.46,29165800.0
2017-07-27,86.74,88.67,86.55,88.65,25361000.0
2017-07-28,88.4,88.96,87.18,88.31,27785500.0
2017-07-31,88.31,89.6,88.31,89.3,20181600.0
2017-08-01,89.58,90.9,89.11,90.55,22600000.0
2017-08-02,90.23,91.77,90.23,91.42,23650700.0
2017-08-03,91.57,91.97,90.44,90.95,22610600.0
2017-08-04,90.82,91.15,90.1,90.99,11581900.0
2017-08-07,91.0,92.7,90.99,92.7,20925200.0
2017-08-08,92.6,92.8,91.31,92.0,16851600.0
2017-08-09,92.36,92.95,92.1,92.69,15459300.0
2017-08-10,92.7,92.88,91.33,91.8,14862500.0
2017-08-11,90.66,90.99,89.2,90.0,24856100.0
2017-08-14,90.31,91.15,89.84,90.5,11552400.0
2017-08-15,90.54,90.86,88.4,89.19,29780800.0
2017-08-16,88.9,88.94,86.16,87.25,60225000.0
2017-08-17,87.11,88.44,87.02,87.68,16611200.0
2017-08-18,87.33,89.19,87.01,88.99,26090200.0
2017-08-21,89.25,90.28,89.1,90.05,19737400.0
2017-08-22,90.51,90.98,90.25,90.71,16190100.0
2017-08-23,90.6,91.3,90.54,91.3,24999100.0
2017-08-24,91.34,92.2,90.97,92.2,21427300.0
2017-08-25,90.92,92.09,89.23,91.5,35573400.0
2017-08-28,91.46,92.89,91.05,92.89,13554800.0
2017-08-29,92.95,94.73,92.21,94.73,30524000.0
2017-08-30,94.93,96.2,94.1,95.0,27941400.0
2017-08-31,94.83,98.16,94.71,97.9,55612200.0
2017-09-01,98.2,99.2,97.07,98.03,35730000.0
2017-09-04,98.0,98.5,96.74,97.46,13028700.0
2017-09-05,97.59,97.87,96.5,96.92,14617600.0
2017-09-06,96.82,98.6,96.81,98.25,26178000.0
2017-09-07,98.68,98.68,96.6,96.6,22743500.0
2017-09-08,96.7,98.15,96.12,96.75,17289200.0
2017-09-11,96.89,97.98,96.01,96.67,22800500.0
2017-09-12,96.62,98.67,96.44,98.67,18605700.0
2017-09-13,98.55,98.74,96.5,96.5,19521600.0
2017-09-14,96.27,96.5,94.7,95.6,24918300.0
2017-09-15,95.65,95.78,94.27,95.35,20850000.0
2017-09-18,95.67,96.91,95.35,95.47,16837200.0
2017-09-19,95.3,96.29,95.25,96.13,14330500.0
2017-09-20,96.43,96.79,95.32,96.73,19912200.0
2017-09-21,96.39,97.32,95.71,97.1,24303500.0
2017-09-22,96.29,96.4,95.03,95.93,26446200.0
2017-09-25,95.92,96.85,95.24,96.5,18748200.0
2017-09-26,96.73,97.73,95.94,96.07,16347500.0
2017-09-27,96.2,97.15,96.0,96.49,15807400.0
2017-09-28,96.52,96.63,95.82,96.48,10981800.0
2017-09-29,96.51,99.45,96.45,99.2,39691000.0
2017-10-02,99.24,101.4,99.04,101.34,34387700.0
2017-10-03,101.67,102.91,101.45,102.53,29078700.0
2017-10-04,102.89,103.06,101.35,102.13,21961200.0
2017-10-05,102.15,103.58,101.71,103.28,18757300.0
2017-10-06,103.8,104.0,102.86,103.13,11820600.0
2017-10-09,103.32,104.38,103.32,104.38,13891000.0
2017-10-10,104.47,104.47,101.8,102.54,19227900.0
2017-10-11,102.53,103.06,101.52,102.75,17672700.0
2017-10-12,102.79,102.92,100.68,101.55,27883200.0
2017-10-13,101.56,104.96,101.56,104.9,49205900.0
2017-10-16,105.01,108.34,104.9,107.8,58650200.0
2017-10-17,107.49,107.74,106.5,107.3,26924900.0
2017-10-18,105.7,109.18,105.3,107.56,40342500.0
2017-10-19,107.61,108.2,105.27,105.27,27432700.0
2017-10-20,106.14,107.42,106.04,106.96,20913600.0
2017-10-23,107.28,107.5,106.0,106.73,12892100.0
2017-10-24,106.79,107.34,104.92,106.66,13377900.0
2017-10-25,106.69,106.85,103.5,103.9,23944500.0
2017-10-26,103.9,105.65,102.89,104.25,21049100.0
2017-10-27,104.0,105.57,103.83,105.32,15090400.0
2017-10-30,105.18,106.56,104.2,105.9,14323400.0
2017-10-31,106.45,107.89,105.92,105.92,18069100.0
2017-11-01,107.5,110.7,107.4,110.5,41494500.0
2017-11-02,110.52,114.6,109.22,113.5,50440400.0
2017-11-03,113.99,117.87,113.47,115.51,51598900.0
2017-11-07,116.8,119.38,113.18,116.1,42416800.0
2017-11-08,115.33,115.33,113.54,114.55,22094400.0
2017-11-09,113.21,115.27,112.2,114.65,24337100.0
2017-11-10,114.6,115.89,113.64,114.0,14623500.0
2017-11-13,114.48,115.5,113.6,114.7,13413100.0
2017-11-14,114.23,115.03,110.8,111.51,17354300.0
2017-11-15,110.86,111.5,108.03,108.03,21601900.0
2017-11-16,108.14,111.77,108.14,110.44,17640700.0
2017-11-17,110.44,110.99,108.0,108.13,11209500.0
2017-11-20,108.44,110.0,104.1,105.44,31397300.0
2017-11-21,103.99,107.0,102.12,105.15,47173400.0
2017-11-22,105.43,107.84,104.31,107.68,16613600.0
2017-11-23,107.49,107.51,104.85,106.09,11372800.0
2017-11-24,106.5,107.69,106.16,107.5,10417100.0
2017-11-27,106.5,106.59,104.5,105.5,10102800.0
2017-11-28,104.31,104.31,101.25,102.2,21314600.0
2017-11-29,102.75,103.76,100.82,101.07,15668400.0
2017-11-30,100.77,101.47,98.76,98.76,26774000.0
2017-12-01,99.25,100.8,98.9,100.8,13746300.0
2017-12-04,101.23,102.8,100.3,101.66,11660800.0
2017-12-05,101.25,101.28,99.31,100.77,13562600.0
2017-12-06,100.22,101.87,99.36,101.66,13156800.0
2017-12-07,101.0,101.5,99.69,100.63,10499300.0
2017-12-08,100.88,101.84,100.24,100.77,9743600.0
2017-12-11,100.54,104.23,100.35,104.23,13413100.0
2017-12-12,104.1,107.87,103.8,107.87,26903200.0
2017-12-13,107.68,107.68,104.4,105.12,14194700.0
2017-12-14,105.12,106.89,104.77,106.69,12972200.0
2017-12-15,106.5,107.39,104.42,105.95,17304900.0
2017-12-18,106.16,107.59,105.12,106.8,13772400.0
2017-12-19,106.8,106.99,105.3,106.53,9286600.0
2017-12-20,105.71,107.0,105.6,106.13,10722400.0
2017-12-21,106.62,107.17,104.51,105.31,13718100.0
2017-12-22,105.16,107.29,104.03,107.1,10574500.0
2017-12-25,107.08,107.08,106.2,106.55,2679200.0
2017-12-26,106.49,106.84,105.3,106.29,3528400.0
2017-12-27,105.61,107.0,105.0,106.21,12449100.0
2017-12-28,106.48,107.18,105.86,106.94,6973300.0
2017-12-29,106.74,108.55,106.08,108.5,9285100.0
2018-01-03,108.88,113.02,108.83,113.02,15284900.0
2018-01-04,113.1,116.0,112.69,115.85,20060500.0
2018-01-05,116.06,116.39,114.56,115.65,19114900.0
2018-01-09,116.1,117.94,115.9,116.75,24383300.0
2018-01-10,116.69,116.97,114.82,116.55,23105600.0
2018-01-11,116.54,118.5,115.4,116.62,22494900.0
2018-01-12,116.6,117.22,114.81,116.0,12897100.0
2018-01-15,116.65,117.5,115.8,117.5,13589000.0
2018-01-16,116.99,117.0,113.2,113.75,21397600.0
2018-01-17,113.25,114.98,111.35,114.98,26336600.0
2018-01-18,114.98,116.3,114.16,115.6,19944400.0
2018-01-19,115.67,116.0,113.84,114.7,15561500.0
2018-01-22,114.5,115.69,113.9,114.88,15729300.0
2018-01-23,115.3,115.3,111.06,111.98,27880800.0
2018-01-24,111.9,113.78,109.65,113.25,24770500.0
2018-01-25,114.16,115.37,113.5,115.37,25831000.0
2018-01-26,115.19,115.19,112.21,114.2,17407800.0
2018-01-29,115.01,117.09,114.21,115.39,20563500.0
2018-01-30,114.17,115.19,113.66,114.83,16601500.0
2018-01-31,114.43,116.64,114.04,116.08,17458200.0
2018-02-01,116.07,117.5,115.47,116.39,17233200.0
2018-02-02,116.47,116.95,114.0,114.96,19346500.0
2018-02-05,114.35,116.7,112.5,115.81,16917800.0
2018-02-06,112.88,114.91,112.65,113.08,30409800.0
2018-02-07,114.52,115.12,112.05,112.68,18924200.0
2018-02-08,112.38,112.5,110.2,111.1,16279100.0
2018-02-09,109.49,113.49,109.06,111.01,21272900.0
2018-02-12,112.59,112.91,111.22,111.47,13302800.0
2018-02-13,111.96,115.0,111.22,115.0,21381700.0
2018-02-14,115.09,117.61,114.6,117.61,26456900.0
2018-02-15,118.0,119.7,117.6,117.85,31464100.0
2018-02-16,117.99,117.99,104.22,108.1,114014500.0
2018-02-19,108.01,112.81,105.1,111.71,57946400.0
2018-02-20,111.98,112.44,109.5,110.6,36206900.0
2018-02-21,110.0,116.4,109.99,113.0,51481300.0
2018-02-22,112.61,114.0,111.07,113.8,25984700.0
2018-02-26,115.72,119.26,114.37,118.74,40175100.0
2018-02-27,118.94,118.98,115.05,115.5,26548300.0
2018-02-28,114.98,115.0,111.35,111.59,34678800.0
2018-03-01,110.95,112.78,110.21,111.73,19605100.0
2018-03-02,111.51,112.49,110.37,112.48,13805100.0
2018-03-05,112.72,113.94,111.31,111.99,15813800.0
2018-03-06,112.1,113.96,107.6,111.61,53450500.0
2018-03-07,111.36,111.76,110.11,111.6,15552100.0
2018-03-09,111.25,112.87,109.13,110.77,16649100.0
2018-03-12,111.46,112.09,110.25,111.57,10990400.0
2018-03-13,111.45,111.47,110.35,111.01,9895900.0
2018-03-14,110.79,110.79,108.0,108.81,21225700.0
2018-03-15,108.4,109.33,107.25,108.9,18251200.0
2018-03-16,108.51,109.93,107.62,109.27,21181300.0
2018-03-19,109.44,110.21,108.93,109.11,8188900.0
2018-03-20,109.41,109.66,107.6,109.5,14744300.0
2018-03-21,109.2,110.44,108.6,109.32,11021800.0
2018-03-22,109.43,110.67,108.75,110.03,9368200.0
2018-03-23,109.3,109.98,107.6,109.98,13834800.0
2018-03-26,109.53,109.53,107.5,107.5,10661600.0
2018-03-27,108.02,108.45,106.69,107.28,12212700.0
2018-03-28,106.98,107.82,106.28,106.95,9637500.0
2018-03-29,107.11,107.95,106.6,107.95,12071600.0
2018-03-30,107.8,108.0,107.4,107.6,2821400.0
2018-04-02,107.89,110.11,107.61,108.0,9571500.0
2018-04-03,108.1,108.74,107.18,108.3,11932900.0
2018-04-04,108.26,108.87,106.8,107.35,16322000.0
2018-04-05,107.74,108.19,106.62,107.44,14241800.0
2018-04-06,106.92,107.53,106.2,107.33,12933700.0
2018-04-09,106.25,106.25,88.24,91.7,129808300.0
2018-04-10,92.3,99.98,91.0,98.13,68061000.0
2018-04-11,98.14,103.43,96.61,98.88,41235500.0
2018-04-12,99.06,103.76,96.59,103.76,42098000.0
2018-04-13,103.66,105.7,102.5,104.9,31902400.0
2018-04-16,102.8,106.78,97.78,99.0,57907600.0
2018-04-17,102.9,103.7,100.61,102.29,27898800.0
2018-04-18,102.58,106.72,102.1,106.72,36876000.0
2018-04-19,107.54,110.75,105.2,106.85,41615600.0
2018-04-20,106.79,107.3,105.25,106.15,12979600.0
2018-04-23,106.01,108.9,104.05,108.75,33351600.0
2018-04-24,109.1,109.32,107.27,108.6,12716800.0
2018-04-25,107.96,108.88,107.2,108.03,12672100.0
2018-04-26,108.08,109.88,107.57,109.88,17756000.0
2018-04-27,109.87,110.0,107.77,109.89,14019700.0
2018-04-28,109.19,109.5,108.81,109.49,2277600.0
2018-04-30,109.64,109.85,108.06,108.14,7880900.0
2018-05-02,108.2,111.15,108.01,110.4,14984000.0
2018-05-03,110.08,110.98,108.56,108.56,12885800.0
2018-05-04,109.02,110.3,108.75,109.96,10737800.0
2018-05-07,110.35,112.1,110.35,111.5,9913200.0
2018-05-08,111.52,111.54,108.73,110.94,22596600.0
2018-05-10,110.55,110.65,106.65,107.3,34552000.0
2018-05-11,107.6,108.28,106.64,107.29,11376200.0
2018-05-14,107.54,107.89,106.28,107.78,11735500.0
2018-05-15,107.51,109.35,106.65,109.15,20691100.0
2018-05-16,108.99,110.1,107.8,108.0,17042700.0
2018-05-17,108.3,108.39,107.32,107.9,19535400.0
2018-05-18,107.97,108.46,107.06,107.32,13072600.0
2018-05-21,107.58,110.47,107.55,109.22,17011400.0
2018-05-22,109.16,110.75,108.32,109.98,13835800.0
2018-05-23,109.33,110.19,108.5,108.5,12449800.0
2018-05-24,108.85,109.77,108.21,108.8,9047500.0
2018-05-25,109.99,111.09,109.41,110.9,19061800.0
2018-05-28,110.53,111.74,110.52,111.7,5142600.0
2018-05-29,111.68,111.97,110.43,111.44,10520600.0
2018-05-30,111.42,112.59,110.12,110.66,17161400.0
2018-05-31,111.0,111.82,110.23,111.11,24595300.0
2018-06-01,111.42,113.63,110.75,111.5,16599400.0
2018-06-04,111.97,114.74,111.97,114.74,11608600.0
2018-06-05,114.8,115.9,114.18,115.51,9771200.0
2018-06-06,115.31,116.4,114.21,116.4,13174600.0
2018-06-07,116.23,117.39,115.2,116.44,10347700.0
2018-06-08,116.31,117.35,113.55,113.55,18243600.0
2018-06-09,114.0,114.9,113.91,114.84,1697600.0
2018-06-11,114.58,115.9,113.8,115.0,5475100.0
2018-06-13,114.9,115.65,112.73,112.75,14021000.0
2018-06-14,112.65,112.95,110.85,111.61,13529400.0
2018-06-15,111.79,112.52,110.58,110.66,18865700.0
2018-06-18,110.5,111.65,110.11,110.51,9959400.0
2018-06-19,110.21,112.0,108.61,111.26,18496600.0
2018-06-20,111.59,113.5,111.56,112.43,17645400.0
2018-06-21,112.65,113.42,112.1,112.24,11379000.0
2018-06-22,112.65,113.83,112.0,112.22,12166100.0
2018-06-25,112.02,114.87,112.01,112.85,12637400.0
2018-06-26,113.13,114.0,112.07,112.22,6017300.0
2018-06-27,112.22,112.7,110.53,111.0,22964000.0
2018-06-28,112.6,113.0,110.8,111.15,15327500.0
2018-06-29,111.84,113.99,111.51,113.99,16077400.0
2018-07-02,113.3,116.24,113.04,116.0,15896500.0
2018-07-03,116.13,116.45,114.64,115.4,10627000.0
2018-07-04,115.6,116.02,114.38,114.58,11046100.0
2018-07-05,114.7,116.0,113.81,115.66,24117300.0
2018-07-06,115.6,117.47,115.31,116.98,14973400.0
2018-07-09,117.55,118.84,116.5,117.99,18133800.0
2018-07-10,118.07,118.68,116.5,117.25,17444100.0
2018-07-11,116.46,116.46,112.6,112.6,35500000.0
2018-07-12,113.5,113.89,112.01,113.59,20605900.0
2018-07-13,113.49,114.8,113.01,113.98,29826700.0
2018-07-16,109.28,109.69,106.31,106.8,28114500.0
2018-07-17,106.7,106.71,104.7,106.1,18282900.0
2018-07-18,106.25,106.67,104.75,105.74,19282800.0
2018-07-19,105.61,105.9,102.8,103.5,16292300.0
2018-07-20,103.5,104.47,101.74,102.55,17842000.0
2018-07-23,102.78,104.34,102.2,103.14,9913800.0
2018-07-24,103.4,107.9,103.39,107.6,28148900.0
2018-07-25,106.91,108.82,105.69,108.45,14860500.0
2018-07-26,108.7,109.39,107.37,108.27,14608400.0
2018-07-27,108.0,108.71,106.69,108.48,10716600.0
2018-07-30,108.05,109.35,107.4,108.66,9804500.0
2018-07-31,108.3,109.39,107.25,108.82,13607000.0
2018-08-01,108.6,109.03,107.6,107.82,8091000.0
2018-08-02,107.46,107.81,105.92,107.0,12544300.0
2018-08-03,106.69,108.14,105.17,108.14,11033300.0
2018-08-06,107.83,108.4,106.52,107.7,7761000.0
2018-08-07,107.74,108.47,107.15,108.3,8411700.0
2018-08-08,108.28,108.5,106.5,108.3,18294100.0
2018-08-09,108.2,109.99,107.35,109.99,27645700.0
2018-08-10,106.19,108.0,104.86,108.0,43185800.0
2018-08-13,107.5,111.0,107.37,110.05,29566300.0
2018-08-14,111.09,111.91,109.26,109.9,24593100.0
2018-08-15,109.71,110.0,108.61,110.0,25138400.0
2018-08-16,110.09,110.67,108.44,109.01,14316800.0
2018-08-17,109.28,109.78,107.8,108.21,15269500.0
2018-08-20,108.62,110.0,108.39,109.5,15407200.0
2018-08-21,109.74,110.15,108.91,109.3,12086200.0
2018-08-22,109.47,110.74,108.96,110.74,19974200.0
2018-08-23,110.31,111.37,109.21,109.5,14931600.0
2018-08-24,109.32,110.35,109.1,110.15,9306400.0
2018-08-27,110.26,110.72,109.86,110.72,6582000.0
2018-08-28,110.63,113.37,110.6,112.5,27948600.0
2018-08-29,112.51,113.82,112.3,113.38,12693200.0
2018-08-30,113.79,113.85,112.14,112.62,13605400.0
2018-08-31,112.4,113.09,111.82,112.2,12462900.0
2018-09-03,112.23,113.23,112.0,112.87,6329000.0
2018-09-04,112.7,113.24,111.57,112.5,9296500.0
2018-09-05,112.24,112.39,111.36,111.36,9427200.0
2018-09-06,111.55,113.05,111.25,112.06,10179800.0
2018-09-07,112.22,112.98,111.18,112.0,10069900.0
2018-09-10,112.19,113.68,112.11,113.65,11315600.0
2018-09-11,113.56,114.8,112.9,114.56,17609700.0
2018-09-12,114.49,115.68,114.21,115.65,11509200.0
2018-09-13,115.65,116.7,115.26,116.37,9970000.0
2018-09-14,116.37,116.37,115.05,115.25,9211900.0
2018-09-17,115.11,115.4,113.53,115.4,11647400.0
2018-09-18,115.27,116.3,115.1,115.87,10618500.0
2018-09-19,116.01,117.9,115.4,116.51,22545800.0
2018-09-20,116.52,118.38,115.94,117.05,27736300.0
2018-09-21,117.4,120.73,117.3,120.73,33181200.0
2018-09-24,120.4,121.44,117.57,119.16,21810200.0
2018-09-25,119.14,119.79,118.01,119.57,16678900.0
2018-09-26,119.57,119.97,118.8,118.86,10497400.0
2018-09-27,118.71,119.3,117.57,118.3,32505800.0
2018-09-28,111.7,114.59,111.01,113.88,31792000.0
2018-10-01,114.31,115.29,112.51,113.07,15674200.0
2018-10-02,113.39,113.93,111.56,112.29,12474700.0
2018-10-03,112.28,115.06,112.27,113.65,16818100.0
2018-10-04,114.01,114.44,113.07,114.16,9987600.0
2018-10-05,113.8,114.1,112.47,112.92,8897400.0
2018-10-08,113.4,113.99,112.9,113.21,7834500.0
2018-10-09,113.42,115.09,113.26,114.03,8989800.0
2018-10-10,114.21,116.5,113.51,113.76,18354500.0
2018-10-11,112.19,112.85,111.14,112.53,18003700.0
2018-10-12,112.9,113.26,111.43,111.7,15019800.0
2018-10-15,111.5,111.76,110.11,110.88,16932500.0
2018-10-16,110.98,112.64,110.55,112.64,13554500.0
2018-10-17,112.83,114.7,112.54,114.3,11071000.0
2018-10-18,114.22,114.22,112.57,113.6,10707800.0
2018-10-19,113.7,114.86,112.85,113.78,14088300.0
2018-10-22,113.91,115.8,112.8,112.91,13687400.0
2018-10-23,112.88,112.89,110.61,110.61,12942900.0
2018-10-24,111.11,112.3,110.25,110.25,16868400.0
2018-10-25,109.93,110.75,108.7,109.02,19097400.0
2018-10-26,108.73,109.14,105.7,106.5,20285200.0
2018-10-29,106.27,107.7,105.55,106.79,9776600.0
2018-10-30,106.52,107.67,106.11,107.02,11011900.0
2018-10-31,107.49,110.0,107.4,110.0,15412900.0
2018-11-01,109.49,112.5,109.1,112.5,18859000.0
2018-11-02,112.65,114.7,112.35,114.7,28437500.0
2018-11-06,114.3,115.88,113.22,115.65,13465600.0
2018-11-07,115.35,116.95,114.61,116.95,14907800.0
2018-11-08,116.84,117.5,115.71,116.98,12148000.0
2018-11-09,116.43,116.93,115.3,116.89,16924300.0
2018-11-12,116.99,117.05,115.95,116.08,7480700.0
2018-11-13,116.11,117.17,115.6,116.08,9651900.0
2018-11-14,115.89,116.85,115.21,116.83,9351500.0
2018-11-15,116.9,118.69,116.33,117.01,13533600.0
2018-11-16,117.43,118.12,115.78,117.14,11735800.0
2018-11-19,117.2,118.49,116.91,117.46,10582700.0
2018-11-20,117.06,117.6,115.95,117.42,10369000.0
2018-11-21,116.82,118.4,116.61,118.2,11095100.0
2018-11-22,118.02,119.0,117.5,118.76,10543800.0
2018-11-23,118.49,119.84,117.88,119.54,12982800.0
2018-11-26,119.73,120.26,116.17,119.59,21490100.0
2018-11-27,119.55,123.79,119.47,123.79,26061800.0
2018-11-28,123.55,127.95,123.21,127.7,24759400.0
2018-11-29,127.89,129.7,126.51,126.91,21978300.0
2018-11-30,126.76,127.89,125.53,127.38,23316500.0
2018-12-03,127.88,129.92,127.02,128.17,13248200.0
2018-12-04,127.67,128.87,124.72,126.66,20499500.0
2018-12-05,125.71,128.2,124.79,128.2,14328400.0
2018-12-06,127.31,127.74,125.72,126.99,9193400.0
2018-12-07,127.2,127.54,126.5,127.45,9685400.0
2018-12-10,126.92,128.11,126.22,126.3,10112300.0
2018-12-11,126.31,127.83,125.31,127.38,12064900.0
2018-12-12,127.04,129.34,127.03,128.9,12998700.0
2018-12-13,129.1,132.32,128.75,132.2,20320500.0
2018-12-14,132.2,132.2,130.54,131.6,10116000.0
2018-12-17,131.11,134.9,131.11,133.49,14435200.0
2018-12-18,132.07,133.24,131.33,132.12,13559200.0
2018-12-19,132.12,132.19,129.41,131.25,15416700.0
2018-12-20,131.0,132.17,129.05,132.17,16943400.0
2018-12-21,131.61,131.77,129.13,130.14,15718500.0
2018-12-24,129.8,130.1,127.21,127.83,6171400.0
2018-12-25,127.01,127.02,124.61,125.55,5860300.0
2018-12-26,125.62,128.93,125.62,128.67,6902400.0
2018-12-27,129.94,129.96,128.16,128.89,9883800.0
2018-12-28,129.6,131.55,128.94,130.73,8353100.0
2018-12-29,131.02,131.31,129.51,130.39,1864600.0
2019-01-03,130.0,130.43,128.51,129.93,6345200.0
2019-01-04,130.25,130.75,129.34,130.7,5782000.0
2019-01-08,130.7,131.28,130.3,131.28,7969800.0
2019-01-09,131.73,133.17,131.63,132.29,9036300.0
2019-01-10,132.02,133.43,131.37,133.43,10628400.0
2019-01-11,133.53,135.45,133.08,134.37,12902700.0
2019-01-14,133.55,134.35,132.77,133.89,8595800.0
2019-01-15,134.0,134.61,132.23,133.89,13993200.0
2019-01-16,133.53,133.82,131.42,131.8,8315600.0
2019-01-17,131.99,133.09,130.69,132.82,14397600.0
2019-01-18,133.33,133.79,132.11,133.59,8686100.0
2019-01-21,133.74,133.75,133.09,133.53,4656400.0
2019-01-22,133.1,133.38,132.33,133.06,10534600.0
2019-01-23,133.19,134.02,132.56,133.78,10898600.0
2019-01-24,133.78,134.44,132.85,133.69,11434800.0
2019-01-25,133.76,134.72,132.72,133.12,12325600.0
2019-01-28,133.16,133.36,130.61,130.89,10439100.0
2019-01-29,131.05,132.6,130.01,132.6,11750600.0
2019-01-30,132.25,136.39,131.92,136.39,23605100.0
2019-01-31,136.66,139.0,135.96,135.96,22674100.0
2019-02-01,136.16,137.58,135.0,135.34,13310000.0
2019-02-04,135.52,136.26,134.8,135.0,7645100.0
2019-02-05,135.7,136.94,135.0,135.88,8910300.0
2019-02-06,135.98,137.88,135.86,136.9,11749100.0
2019-02-07,136.68,137.16,135.64,136.5,9164500.0
2019-02-08,136.08,137.38,135.84,137.32,6599700.0
2019-02-11,137.3,137.88,136.84,137.02,9114300.0
2019-02-12,137.56,137.9,137.2,137.8,8541500.0
2019-02-13,137.8,137.92,135.42,135.52,9702500.0
2019-02-14,134.86,137.58,134.68,137.4,12803900.0
2019-02-15,137.52,138.88,136.76,137.5,13541700.0
2019-02-18,137.42,137.48,135.56,136.6,9740100.0
2019-02-19,136.7,138.0,135.84,138.0,10627500.0
2019-02-20,138.2,142.58,138.04,142.5,21794300.0
2019-02-21,142.58,142.6,139.64,140.52,13215000.0
2019-02-22,140.5,141.82,139.96,141.22,9479400.0
2019-02-25,141.4,146.06,141.4,145.94,24523400.0
2019-02-26,145.74,146.58,143.7,144.2,20228300.0
2019-02-27,144.4,145.3,141.82,143.02,12707700.0
2019-02-28,143.0,143.22,140.9,141.14,17717600.0
2019-03-01,141.68,142.4,140.66,141.0,10198000.0
2019-03-04,141.16,141.16,137.88,137.94,16227900.0
2019-03-05,137.32,138.04,136.32,137.7,11370900.0
2019-03-06,138.38,145.26,138.36,144.42,31813500.0
2019-03-07,144.5,145.96,143.5,144.42,24104400.0
2019-03-11,143.7,144.34,140.46,141.0,34253000.0
2019-03-12,142.26,144.68,141.76,143.8,26166500.0
2019-03-13,137.78,140.02,137.56,138.5,136843200.0
2019-03-14,138.8,140.0,138.5,139.52,36672700.0
2019-03-15,139.92,142.26,139.92,142.26,29753400.0
2019-03-18,142.26,143.0,141.04,142.84,24964100.0
2019-03-19,143.12,144.2,142.5,143.5,23315200.0
2019-03-20,143.96,144.34,142.26,143.16,24381100.0
2019-03-21,143.1,143.5,141.56,142.9,22005600.0
2019-03-22,143.02,143.28,141.76,142.8,15548600.0
2019-03-25,142.34,143.36,141.06,142.8,17296500.0
2019-03-26,143.38,144.0,142.4,143.0,24547700.0
2019-03-27,141.0,141.54,137.76,138.74,43871200.0
2019-03-28,138.46,138.98,134.02,134.36,37584700.0
2019-03-29,134.5,137.3,134.2,137.2,21754300.0
2019-04-01,137.24,140.64,137.12,139.94,16827400.0
2019-04-02,140.0,141.94,139.9,141.6,18500200.0
2019-04-03,142.0,142.9,140.7,141.86,23348900.0
2019-04-04,141.88,142.88,141.24,142.88,13074800.0
2019-04-05,142.8,144.0,142.66,143.32,16032800.0
2019-04-08,143.4,144.2,142.58,143.48,9454300.0
2019-04-09,143.22,144.16,142.58,144.0,13154800.0
2019-04-10,143.76,145.28,143.32,144.4,9649500.0
2019-04-11,144.42,144.48,141.52,142.3,10754500.0
2019-04-12,142.02,144.58,141.72,144.18,11538100.0
2019-04-15,143.9,144.38,143.26,143.92,5680700.0
2019-04-16,144.1,146.0,143.54,145.58,14486000.0
2019-04-17,145.3,146.3,144.76,146.0,9003000.0
2019-04-18,145.52,145.98,143.82,145.1,11379300.0
2019-04-19,144.74,145.48,144.74,145.1,2375600.0
2019-04-22,145.52,145.88,145.24,145.28,2348100.0
2019-04-23,145.34,145.44,143.34,144.3,8443900.0
2019-04-24,144.1,144.44,141.98,143.16,10528000.0
2019-04-25,142.88,144.8,141.82,144.7,12217700.0
2019-04-26,144.42,147.26,143.82,147.2,13769400.0
2019-04-29,146.9,147.96,144.5,144.9,7953900.0
2019-04-30,145.06,145.3,142.12,143.42,15549900.0
2019-05-02,143.18,143.2,142.0,142.8,6299500.0
2019-05-03,142.8,143.8,142.0,142.38,10080900.0
2019-05-06,141.88,144.0,140.8,144.0,8422300.0
2019-05-07,143.78,144.38,141.52,141.52,11849100.0
2019-05-08,141.58,142.0,140.9,141.08,14468100.0
2019-05-10,140.96,141.34,138.68,139.22,12297700.0
2019-05-13,138.96,140.64,138.96,139.7,11521900.0
2019-05-14,140.6,141.64,139.3,139.54,12663300.0
2019-05-15,139.76,140.14,138.0,138.0,13451700.0
2019-05-16,138.26,138.98,135.6,135.6,13196900.0
2019-05-17,136.0,137.8,135.68,135.9,11808500.0
2019-05-20,136.02,136.34,133.52,133.58,15666800.0
2019-05-21,134.18,135.98,134.06,135.48,16878000.0
2019-05-22,135.48,138.84,135.24,137.82,15994700.0
2019-05-23,137.52,137.52,134.66,135.2,14058000.0
2019-05-24,135.7,137.24,135.7,136.02,10717900.0
2019-05-27,136.48,137.26,136.42,137.1,3680700.0
2019-05-28,137.3,138.46,136.38,136.4,28151100.0
2019-05-29,136.6,137.66,136.5,137.08,11837300.0
2019-05-30,137.52,137.62,136.36,137.0,12114100.0
2019-05-31,136.68,137.18,136.1,137.18,14627100.0
2019-06-03,137.04,138.08,136.76,137.7,12817400.0
2019-06-04,137.56,138.18,137.0,137.96,19046000.0
2019-06-05,137.98,138.18,136.94,137.72,15649000.0
2019-06-06,137.6,138.5,137.28,138.5,15092000.0
2019-06-07,138.88,139.4,137.7,138.02,19490100.0
2019-06-10,138.3,138.52,135.16,138.52,40480100.0
2019-06-11,138.66,143.92,138.08,143.04,32613200.0
2019-06-13,143.6,146.76,143.42,146.76,22385500.0
2019-06-14,146.02,147.36,145.64,146.02,12793500.0
2019-06-17,145.9,147.0,144.58,145.06,12097400.0
2019-06-18,145.06,147.5,145.04,147.5,14703200.0
2019-06-19,147.7,148.68,146.54,148.68,18445800.0
2019-06-20,143.0,143.1,141.12,142.24,32420800.0
2019-06-21,142.06,144.26,141.8,141.8,26806200.0
2019-06-24,142.2,143.32,141.8,142.72,8086500.0
2019-06-25,142.46,142.56,138.7,140.6,15294800.0
2019-06-26,140.24,141.98,140.24,141.48,11534900.0
2019-06-27,141.48,141.9,140.16,141.68,8030600.0
2019-06-28,141.7,143.74,141.14,143.08,10540600.0
2019-07-01,143.58,144.52,142.08,142.36,10192800.0
2019-07-02,142.32,144.2,141.4,144.2,10919400.0
2019-07-03,143.78,145.24,143.24,144.32,11589400.0
2019-07-04,144.18,144.56,142.62,142.8,9013700.0
2019-07-05,142.82,144.5,142.4,144.5,10118800.0
2019-07-08,143.96,144.3,143.12,143.66,6398200.0
2019-07-09,143.56,144.0,142.54,142.92,8478900.0
2019-07-10,143.18,144.14,141.06,142.7,13660000.0
2019-07-11,143.14,143.18,140.86,141.46,7326900.0
2019-07-12,141.24,141.98,140.3,141.94,5176500.0
2019-07-15,142.64,142.84,141.34,142.66,5213700.0
2019-07-16,142.36,144.46,141.9,144.4,12719100.0
2019-07-17,144.2,146.88,143.54,144.8,13533600.0
2019-07-18,144.52,147.7,144.32,147.7,18813600.0
2019-07-19,147.7,152.18,147.42,149.02,23065100.0
2019-07-22,149.46,149.64,146.52,146.52,9993100.0
2019-07-23,146.9,147.98,145.74,146.68,8502800.0
2019-07-24,147.3,147.38,145.34,146.48,7856300.0
2019-07-25,146.42,146.42,145.08,145.9,10507500.0
2019-07-26,145.9,145.9,143.4,143.92,18656200.0
2019-07-29,143.96,145.44,143.8,144.16,6536400.0
2019-07-30,144.54,145.1,143.26,145.1,9633300.0
2019-07-31,145.08,146.96,144.24,146.46,10903800.0
2019-08-01,145.82,146.28,143.82,144.48,9131800.0
2019-08-02,143.32,145.32,142.62,143.2,12775500.0
2019-08-05,143.2,143.66,140.72,141.92,16847100.0
2019-08-06,142.06,145.3,141.96,144.82,16544400.0
2019-08-07,144.54,148.2,144.22,147.0,19166800.0
2019-08-08,148.46,151.36,148.42,150.84,32439300.0
2019-08-09,150.4,151.8,147.9,148.0,17952300.0
2019-08-12,148.2,150.8,147.18,150.24,18242900.0
2019-08-13,149.7,151.4,148.5,148.58,16141600.0
2019-08-14,148.9,149.84,147.32,148.04,14145700.0
2019-08-15,148.48,149.56,147.52,149.24,15120300.0
2019-08-16,149.78,150.14,146.52,146.52,13029600.0
2019-08-19,147.2,148.84,147.04,147.58,11026600.0
2019-08-20,148.32,151.9,147.8,151.5,23075200.0
2019-08-21,151.86,151.88,150.52,151.2,12709000.0
2019-08-22,151.2,155.0,150.56,154.6,23890700.0
2019-08-23,154.88,155.58,153.82,153.82,15711800.0
2019-08-26,153.18,154.66,152.32,153.4,11731400.0
2019-08-27,153.8,154.44,152.68,153.86,24822800.0
2019-08-28,154.5,154.68,153.5,154.3,25753500.0
2019-08-29,154.78,155.86,154.34,155.58,18976800.0
2019-08-30,155.56,162.5,155.22,160.88,75748200.0
2019-09-02,162.52,165.88,162.52,165.0,36530600.0
2019-09-03,165.04,165.88,162.6,163.4,25047000.0
2019-09-04,164.4,165.44,164.0,165.0,16245800.0
2019-09-05,165.5,165.72,161.9,163.9,22088800.0
2019-09-06,164.0,164.0,161.14,161.98,15506500.0
2019-09-09,162.18,162.3,159.34,159.4,17449400.0
2019-09-10,159.6,160.0,158.06,159.44,18565700.0
2019-09-11,159.58,160.5,158.58,160.04,19083200.0
2019-09-12,160.22,160.62,158.02,159.5,20693100.0
2019-09-13,159.6,159.64,156.5,156.5,17489900.0
2019-09-16,156.8,158.66,154.98,158.46,19478000.0
2019-09-17,158.02,159.38,157.36,158.3,13216700.0
2019-09-18,158.2,161.0,157.88,161.0,14984000.0
2019-09-19,161.0,161.48,159.08,159.54,15965300.0
2019-09-20,159.82,161.28,159.08,161.28,13136400.0
2019-09-23,161.1,163.5,160.94,163.08,16117300.0
2019-09-24,163.22,163.28,160.76,160.96,13102800.0
2019-09-25,160.72,162.72,160.22,162.72,12499800.0
2019-09-26,163.0,164.26,162.46,163.88,10993000.0
2019-09-27,163.88,165.64,163.46,164.68,11604100.0
2019-09-30,165.3,166.96,164.56,166.86,18132600.0
2019-10-01,167.4,167.5,164.92,167.2,15144500.0
2019-10-02,167.2,167.22,165.7,166.7,16298000.0
2019-10-03,166.5,167.16,165.02,166.02,18853700.0
2019-10-04,158.24,159.4,157.84,158.94,17262800.0
2019-10-07,158.96,161.74,158.22,160.48,15922500.0
2019-10-08,160.18,160.62,159.02,160.3,10189600.0
2019-10-09,160.34,162.64,160.06,161.04,16778000.0
2019-10-10,161.4,161.88,160.02,161.4,11504900.0
2019-10-11,161.42,161.62,160.26,160.78,9047100.0
2019-10-14,160.54,160.8,159.08,159.4,10084200.0
2019-10-15,159.1,160.34,158.34,160.22,12752900.0
2019-10-16,160.24,161.92,160.24,161.56,11200800.0
2019-10-17,161.56,161.9,160.52,161.7,8674700.0
2019-10-18,161.2,162.74,160.9,162.5,8418300.0
2019-10-21,162.5,163.44,161.52,163.06,8234800.0
2019-10-22,163.04,165.3,160.82,164.62,30623300.0
2019-10-23,165.0,165.44,163.72,165.44,9247000.0
2019-10-24,165.44,171.3,164.9,171.3,19897900.0
2019-10-25,171.6,172.9,169.52,172.0,18489900.0
2019-10-28,172.0,184.0,172.0,177.14,47300500.0
2019-10-29,177.56,179.5,175.04,179.48,19484700.0
2019-10-30,179.0,181.92,178.3,181.92,19278700.0
2019-10-31,182.3,183.36,177.8,178.88,24397300.0
2019-11-01,178.92,182.2,177.2,181.86,19635900.0
2019-11-05,182.04,182.44,179.8,181.4,11379600.0
2019-11-06,181.02,183.04,180.04,183.04,17854300.0
2019-11-07,185.08,187.36,183.04,187.06,29314200.0
2019-11-08,187.74,187.98,184.02,185.2,18426500.0
2019-11-11,185.02,186.38,179.94,181.12,31833800.0
2019-11-12,180.22,180.88,175.3,176.42,33047400.0
2019-11-13,175.9,176.12,173.64,174.22,18391000.0
2019-11-14,173.9,177.7,172.3,174.26,23555300.0
2019-11-15,174.5,177.26,174.5,176.8,13739300.0
2019-11-18,176.92,178.38,173.18,173.58,23586300.0
2019-11-19,173.06,176.36,172.12,175.92,19031500.0
2019-11-20,175.42,176.46,173.82,176.46,11114500.0
2019-11-21,176.34,177.44,175.02,176.58,12630100.0
2019-11-22,175.9,177.58,174.14,174.76,14372500.0
2019-11-25,175.04,175.68,172.6,173.44,15001300.0
2019-11-26,173.56,174.82,172.2,172.4,29473700.0
2019-11-27,172.3,173.2,171.06,172.12,10186900.0
2019-11-28,171.78,172.7,165.08,171.72,15116000.0
2019-11-29,171.06,171.52,170.0,170.46,10741700.0
2019-12-02,170.2,172.4,169.1,170.94,21456000.0
2019-12-03,171.12,174.6,170.66,173.04,22195200.0
2019-12-04,173.04,174.46,172.0,172.46,12018900.0
2019-12-05,173.18,176.32,172.62,176.22,16933700.0
2019-12-06,176.48,180.48,176.36,180.48,22121600.0
2019-12-09,180.64,184.68,180.06,184.2,20116000.0
2019-12-10,184.4,184.78,180.24,184.78,20757300.0
2019-12-11,184.84,187.12,183.76,186.78,19629800.0
2019-12-12,187.2,191.58,186.64,189.28,27273200.0
2019-12-13,189.8,194.94,189.4,194.74,27578800.0
2019-12-16,195.02,199.78,194.18,197.22,31896400.0
2019-12-17,197.5,197.96,194.12,195.04,28978500.0
2019-12-18,195.0,196.26,192.22,196.26,27573700.0
2019-12-19,196.04,198.5,196.0,197.96,20953100.0
2019-12-20,198.08,199.26,197.58,197.76,15769200.0
2019-12-23,196.76,197.48,194.9,196.76,18688200.0
2019-12-24,196.24,196.8,195.24,196.3,8856400.0
2019-12-25,196.78,198.9,193.78,198.9,11386800.0
2019-12-26,193.44,193.56,191.06,192.2,19207600.0
2019-12-27,192.2,193.5,192.2,192.92,11055600.0
2019-12-30,193.24,193.88,191.02,191.02,12447300.0
2020-01-03,192.34,194.72,191.4,194.48,13083900.0
2020-01-06,194.62,196.2,193.72,195.88,9660400.0
2020-01-08,195.84,198.5,194.68,198.5,13909600.0
2020-01-09,198.64,199.06,196.42,198.38,17336500.0
2020-01-10,198.22,199.06,196.68,198.78,10467900.0
2020-01-13,199.2,203.8,198.5,203.62,23448200.0
2020-01-14,204.1,205.46,199.18,200.0,28752500.0
2020-01-15,200.48,204.58,200.12,203.96,23027500.0
2020-01-16,205.0,209.0,204.24,209.0,20754400.0
2020-01-17,208.94,215.38,208.38,215.24,34938200.0
2020-01-20,217.52,221.0,216.5,218.5,26988300.0
2020-01-21,217.5,217.68,214.5,214.5,17996200.0
2020-01-22,216.0,216.86,211.76,213.1,19756600.0
2020-01-23,213.16,216.22,210.1,211.46,20259000.0
2020-01-24,212.06,215.52,211.5,211.88,15417100.0
2020-01-27,209.4,211.68,208.2,211.0,22057000.0
2020-01-28,211.32,214.16,210.04,212.82,19685700.0
2020-01-29,213.64,214.68,212.0,212.3,19028000.0
2020-01-30,211.32,212.4,208.7,208.8,16561300.0
2020-01-31,210.82,211.86,205.84,208.0,19491500.0
2020-02-03,207.18,207.78,203.66,204.1,22495300.0
2020-02-04,205.4,211.24,205.4,208.98,39815400.0
2020-02-05,210.6,214.0,208.7,213.16,30260100.0
2020-02-06,215.14,216.66,212.3,212.4,21132000.0
2020-02-07,211.5,213.62,210.54,212.0,19692500.0
2020-02-10,213.16,214.56,211.62,214.42,18211100.0
2020-02-11,215.58,219.42,214.8,219.1,18643800.0
2020-02-12,219.52,219.94,217.54,219.66,16129700.0
2020-02-13,219.26,220.0,214.7,215.1,23478400.0
2020-02-14,215.52,216.28,212.04,215.3,15093700.0
2020-02-17,216.0,218.18,215.62,217.9,9607200.0
2020-02-18,217.8,219.46,217.02,218.18,14375400.0
2020-02-19,221.32,226.98,221.3,225.2,31063800.0
2020-02-20,225.6,226.22,221.8,223.42,23496700.0
2020-02-21,222.0,224.34,221.84,222.2,11926400.0
2020-02-25,217.12,220.88,215.5,215.54,27441500.0
2020-02-26,215.02,222.0,213.22,218.26,39421500.0
2020-02-27,217.0,220.28,211.6,212.38,34365400.0
2020-02-28,207.08,211.18,199.6,202.5,63930400.0
2020-03-02,206.48,209.94,196.6,201.6,52558100.0
2020-03-03,205.62,209.4,203.0,207.14,36301700.0
2020-03-04,206.54,208.98,205.02,207.56,24239300.0
2020-03-05,208.8,209.98,205.24,207.8,25719700.0
2020-03-06,204.76,218.86,197.14,217.62,81187500.0
2020-03-10,210.98,236.56,205.0,212.3,89653900.0
2020-03-11,217.1,224.74,200.66,202.38,59668600.0
2020-03-12,197.7,200.0,177.76,185.0,84937600.0
2020-03-13,181.92,195.88,176.52,180.38,77571100.0
2020-03-16,182.18,182.18,160.14,170.9,70369400.0
2020-03-17,168.54,174.18,162.24,171.8,61553200.0
2020-03-18,168.7,169.16,155.0,155.0,58929300.0
2020-03-19,156.04,162.98,142.0,162.52,78710400.0
2020-03-20,168.36,177.32,163.12,163.58,71475300.0
2020-03-23,157.5,165.8,152.78,162.4,45003600.0
2020-03-24,171.02,199.84,171.0,190.28,122094400.0
2020-03-25,196.28,203.5,185.22,199.3,86421100.0
2020-03-26,202.4,202.54,190.0,201.0,49496900.0
2020-03-27,200.9,202.74,190.2,193.06,45836900.0
2020-03-30,190.88,195.2,187.96,194.62,28639200.0
2020-03-31,197.88,199.0,191.62,195.18,42984800.0
2020-04-01,191.24,192.44,188.3,189.52,27272100.0
2020-04-02,194.2,194.92,185.66,189.98,46488100.0
2020-04-03,189.0,192.6,187.56,190.32,24643600.0
2020-04-06,192.08,195.9,190.8,195.9,24787500.0
2020-04-07,198.3,201.32,196.16,197.8,37787000.0
2020-04-08,196.0,201.64,195.04,201.64,29948500.0
2020-04-09,203.52,212.54,202.84,211.38,35335100.0
2020-04-10,209.98,209.98,205.3,206.5,13646900.0
2020-04-13,206.6,208.98,199.8,201.0,18849800.0
2020-04-14,203.16,208.72,202.46,207.02,26163700.0
2020-04-15,206.0,207.32,193.8,196.46,34186800.0
2020-04-16,198.0,200.34,193.0,195.2,34808400.0
2020-04-17,199.02,199.36,196.06,197.18,19900300.0
2020-04-20,197.4,201.12,196.08,200.36,15121900.0
2020-04-21,197.4,199.24,185.2,192.4,42621700.0
2020-04-22,189.96,197.9,189.38,196.14,31169900.0
2020-04-23,198.0,204.86,195.16,202.16,31638200.0
2020-04-24,200.8,205.2,198.7,201.5,27210500.0
2020-04-27,202.82,204.7,199.12,200.34,19257500.0
2020-04-28,200.64,203.3,198.74,200.54,25904900.0
2020-04-29,201.52,208.48,200.3,205.96,23446800.0
2020-04-30,207.24,208.76,203.06,204.78,22750900.0
2020-05-04,202.44,202.92,198.66,201.26,19236200.0
2020-05-05,203.02,204.52,199.58,200.34,14515600.0
2020-05-06,201.28,203.34,199.2,199.4,20688900.0
2020-05-07,199.86,203.24,199.62,202.24,25183200.0
2020-05-08,203.2,203.7,201.3,201.44,12843500.0
2020-05-12,203.58,211.26,202.76,210.16,41460200.0
2020-05-13,209.12,209.74,206.5,207.62,22841500.0
2020-05-14,206.8,208.62,200.0,201.04,28575500.0
2020-05-15,203.4,207.54,202.06,202.06,23857300.0
2020-05-18,206.24,215.0,205.5,214.74,35217200.0
2020-05-19,215.52,219.7,213.6,219.2,34889800.0
2020-05-20,219.22,231.58,218.02,229.52,41932000.0
2020-05-21,229.52,231.5,224.52,225.36,37313000.0
2020-05-22,217.88,223.88,215.24,220.02,34274800.0
2020-05-25,220.0,224.18,217.86,223.94,18680200.0
2020-05-26,226.2,228.4,220.34,221.18,22472600.0
2020-05-27,220.78,226.8,217.24,221.1,31357800.0
2020-05-28,222.52,226.14,221.88,225.44,24341000.0
2020-05-29,224.76,224.78,220.12,221.1,33305700.0
2020-06-01,223.78,224.12,218.26,220.26,23475600.0
2020-06-02,221.2,223.6,219.12,222.2,29298500.0
2020-06-03,223.66,223.94,217.0,218.24,37657700.0
2020-06-04,215.66,216.14,197.38,200.0,170324000.0
2020-06-05,201.1,208.16,199.5,204.0,120368600.0
2020-06-08,205.1,208.44,201.5,205.02,49783800.0
2020-06-09,205.3,206.42,201.02,202.48,28372000.0
2020-06-10,203.2,203.6,198.7,202.4,41642700.0
2020-06-11,199.48,200.0,191.34,194.82,81603100.0
2020-06-15,191.88,191.88,187.12,190.58,46653600.0
2020-06-16,193.7,199.12,193.0,194.72,44310800.0
2020-06-17,195.16,196.32,191.74,192.56,28568000.0
2020-06-18,192.56,192.56,187.8,189.26,37090600.0
2020-06-19,190.36,194.14,189.2,190.04,39289600.0
2020-06-22,189.8,191.5,186.44,191.22,24504000.0
2020-06-23,190.16,197.5,190.16,196.36,36817600.0
2020-06-25,194.02,198.92,192.34,198.5,35048000.0
2020-06-26,198.98,201.42,195.46,196.78,27199500.0
2020-06-29,195.98,195.98,189.86,191.96,45010300.0
2020-06-30,191.94,192.38,186.5,187.84,45450700.0
2020-07-02,187.26,188.98,185.3,187.54,36874600.0
2020-07-03,187.5,191.18,187.26,190.0,23843000.0
2020-07-06,192.04,193.78,178.96,182.6,87204400.0
2020-07-07,179.5,187.1,179.26,185.74,52545500.0
2020-07-08,186.22,190.36,185.7,189.7,35082900.0
2020-07-09,190.04,190.78,184.22,185.96,41726600.0
2020-07-10,184.72,187.12,184.02,185.5,23408600.0
2020-07-13,184.46,185.22,179.02,179.46,50666300.0
2020-07-14,178.74,178.9,173.5,178.26,54388600.0
2020-07-15,178.62,181.94,176.92,179.78,34403800.0
2020-07-16,178.38,182.22,177.28,181.12,25486500.0
2020-07-17,181.02,183.78,181.02,183.5,19600600.0
2020-07-20,183.44,184.64,181.42,183.94,22788900.0
2020-07-21,184.3,186.86,183.2,183.8,35814900.0
2020-07-22,184.0,184.0,180.78,182.34,28352800.0
2020-07-23,182.96,189.78,182.36,187.24,46892600.0
2020-07-24,187.08,190.94,184.88,190.6,36050000.0
2020-07-27,191.94,197.96,191.28,197.9,42039600.0
2020-07-28,198.04,198.26,195.1,196.18,25379000.0
2020-07-29,196.1,199.32,194.02,198.08,31090000.0
2020-07-30,197.04,198.08,195.1,196.2,26107600.0
2020-07-31,196.88,199.24,195.3,196.5,20207900.0
2020-08-03,196.3,201.28,194.56,200.18,28395800.0
2020-08-04,200.86,204.14,199.36,203.98,26550800.0
2020-08-05,204.38,209.44,203.9,208.86,35224300.0
2020-08-06,209.02,210.0,207.12,208.42,22524800.0
2020-08-07,207.8,208.0,202.32,204.38,29279300.0
2020-08-10,203.9,206.98,202.96,206.12,21077200.0
2020-08-11,205.84,208.34,203.52,204.26,42367400.0
2020-08-12,204.18,208.22,203.08,207.7,33484700.0
2020-08-13,207.88,211.36,206.78,209.3,38594300.0
2020-08-14,208.68,209.3,206.1,207.86,17370900.0
2020-08-17,208.42,210.98,205.4,207.1,28905100.0
2020-08-18,206.74,209.18,205.04,207.98,21437200.0
2020-08-19,207.56,208.2,204.5,205.0,28607600.0
2020-08-20,204.36,204.36,198.08,199.88,43803200.0
2020-08-21,200.34,201.34,195.7,199.42,30955100.0
2020-08-24,200.46,201.72,198.18,200.0,21379700.0
2020-08-25,200.44,201.3,196.92,198.3,18925600.0
2020-08-26,198.2,200.7,196.0,199.76,26946900.0
2020-08-27,199.96,200.2,196.02,196.7,24899500.0
2020-08-28,197.12,197.7,193.0,193.64,28514900.0
2020-08-31,194.36,196.72,192.5,193.94,40257200.0
2020-09-01,194.42,199.44,193.32,199.3,37912900.0
2020-09-02,199.7,202.38,195.26,199.16,64257200.0
2020-09-03,199.12,201.42,197.86,198.38,27649000.0
2020-09-04,198.1,200.04,196.28,199.24,26877100.0
2020-09-07,199.04,200.52,198.14,200.06,11662800.0
2020-09-08,200.5,201.78,196.8,198.9,28555100.0
2020-09-09,198.54,199.0,196.02,197.08,17197300.0
2020-09-10,197.06,198.04,193.78,195.28,25047200.0
2020-09-11,195.0,195.2,191.74,193.54,30858700.0
2020-09-14,194.44,196.2,194.1,194.92,24508400.0
2020-09-15,195.02,197.76,194.5,196.34,47023300.0
2020-09-16,195.7,195.88,190.86,192.7,68528000.0
2020-09-17,191.64,194.98,190.54,193.7,37219600.0
2020-09-18,194.2,195.12,192.52,193.0,26305900.0
2020-09-21,192.76,193.36,185.42,186.94,44979500.0
2020-09-22,186.98,188.68,184.9,187.58,29114700.0
2020-09-23,187.48,192.86,186.82,188.6,32853700.0
2020-09-24,187.8,188.8,185.92,187.8,25749300.0
2020-09-25,188.44,189.3,185.56,188.88,22459900.0
2020-09-28,188.9,190.1,187.16,188.26,17799200.0
2020-09-29,187.98,188.68,185.7,188.0,17179000.0
2020-09-30,187.24,189.16,186.48,187.62,15792900.0
2020-10-01,188.5,189.42,187.08,187.26,14948400.0
2020-10-02,186.9,189.16,184.2,188.4,28642900.0
2020-10-05,189.04,192.88,187.68,192.82,32074700.0
2020-10-06,193.0,194.8,187.46,187.82,36308700.0
2020-10-07,188.14,189.0,185.54,186.54,26087100.0
2020-10-08,186.66,189.96,185.62,189.24,20378800.0
2020-10-09,189.88,194.88,188.2,194.5,40981200.0
2020-10-12,194.38,198.22,192.84,195.34,32300400.0
2020-10-13,195.6,198.18,194.4,196.04,25090600.0
2020-10-14,196.58,198.8,195.8,197.92,16565300.0
2020-10-15,197.42,197.86,195.0,196.8,20596300.0
2020-10-16,196.58,198.26,196.04,196.82,21910700.0
2020-10-19,197.04,199.88,196.72,198.58,22391800.0
2020-10-20,199.14,202.76,198.32,201.92,31875700.0
2020-10-21,202.04,203.68,197.54,198.28,28984800.0
2020-10-22,197.88,198.5,195.04,196.72,25147400.0
2020-10-23,197.16,199.66,195.4,198.38,19880200.0
2020-10-26,197.8,198.38,194.2,195.14,28033200.0
2020-10-27,195.12,195.26,191.0,191.5,29322100.0
2020-10-28,191.04,192.1,184.0,185.48,37717000.0
2020-10-29,187.1,190.82,184.86,189.98,25325200.0
2020-10-30,188.96,191.12,186.54,188.64,23439500.0
2020-11-02,188.94,193.74,187.34,193.34,22557400.0
2020-11-03,193.82,195.98,191.5,195.12,34715700.0
2020-11-05,196.12,198.18,195.26,196.84,26645300.0
2020-11-06,196.7,202.0,195.84,201.38,34143500.0
2020-11-09,203.12,208.88,202.72,205.9,55816700.0
2020-11-10,206.2,207.88,203.12,206.26,36138100.0
2020-11-11,206.7,207.58,203.82,205.1,32782000.0
2020-11-12,205.0,206.1,204.02,204.48,15406400.0
2020-11-13,205.2,205.38,201.56,204.86,24696200.0
2020-11-16,206.02,208.32,205.8,207.8,24192200.0
2020-11-17,207.64,207.9,204.2,206.02,21417500.0
2020-11-18,205.7,208.5,204.8,207.2,19301700.0
2020-11-19,207.0,207.88,206.06,206.6,16977800.0
2020-11-20,206.44,207.84,205.68,207.34,11463600.0
2020-11-23,207.64,210.94,207.64,210.28,34262200.0
2020-11-24,210.98,215.92,210.5,215.78,27928200.0
2020-11-25,215.56,216.3,212.48,214.6,26057700.0
2020-11-26,215.06,216.6,214.5,215.7,20310300.0
2020-11-27,216.04,218.52,214.58,217.2,21491700.0
2020-11-30,216.4,218.4,213.18,214.76,40743900.0
2020-12-01,215.52,220.64,215.52,219.08,37266100.0
2020-12-02,219.08,229.96,218.64,229.06,56668400.0
2020-12-03,229.2,232.2,227.2,231.36,37218800.0
2020-12-04,231.5,234.0,228.1,231.88,30455100.0
2020-12-07,231.14,233.48,229.52,230.84,18589900.0
2020-12-08,230.92,230.92,225.52,228.42,26384100.0
2020-12-09,228.1,234.26,227.86,231.7,25582400.0
2020-12-10,231.88,240.5,231.0,240.48,39263600.0
2020-12-11,240.84,244.88,238.28,240.56,40177900.0
2020-12-14,241.22,244.68,238.12,239.44,27690100.0
2020-12-15,238.96,240.0,233.82,236.92,24314700.0
2020-12-16,235.8,237.72,232.6,233.78,22707100.0
2020-12-17,234.48,239.8,233.12,234.72,37227200.0
2020-12-18,234.8,235.74,230.1,234.38,34160400.0
2020-12-21,233.9,236.42,229.38,234.0,33550200.0
2020-12-22,232.8,239.48,231.86,237.6,26429100.0
2020-12-23,231.98,235.96,231.42,233.86,21966500.0
2020-12-24,233.7,234.42,231.26,232.2,10874000.0
2020-12-25,232.04,233.72,231.52,233.4,4842100.0
2020-12-28,233.72,237.3,233.72,236.2,13626900.0
2020-12-29,237.0,238.48,235.08,235.28,15573000.0
2020-12-30,235.94,237.94,233.52,236.82,12236500.0
2021-01-04,238.2,245.84,238.12,243.14,26663000.0
2021-01-05,243.04,246.98,241.16,246.76,21150100.0
2021-01-06,246.64,250.88,245.9,250.24,23918700.0
2021-01-08,256.0,267.08,255.52,265.44,61928600.0
2021-01-11,263.0,271.44,260.08,262.9,59768600.0
2021-01-12,264.6,266.2,256.36,259.34,39071100.0
2021-01-13,259.54,261.42,254.3,259.76,25618900.0
2021-01-14,259.34,265.4,257.28,264.32,31805700.0
2021-01-15,261.98,263.32,256.12,257.96,23302000.0
2021-01-18,257.46,259.8,254.58,258.74,21650200.0
2021-01-19,260.02,261.9,257.28,258.26,19319600.0
2021-01-20,259.0,266.54,258.14,265.5,24279900.0
2021-01-21,267.84,269.36,260.6,265.38,32741900.0
2021-01-22,263.76,263.76,256.7,261.72,33852400.0
2021-01-25,262.98,264.24,257.4,259.82,26129600.0
2021-01-26,257.52,260.24,256.14,257.68,17932600.0
2021-01-27,258.48,259.18,248.26,249.96,42327500.0
2021-01-28,248.8,252.8,247.76,252.3,28031100.0
2021-01-29,250.52,251.12,242.5,243.64,35445900.0
2021-02-01,245.9,249.48,244.38,248.66,28804200.0
2021-02-02,249.52,251.94,246.82,247.7,22223600.0
2021-02-03,248.36,254.88,245.64,253.12,31837100.0
2021-02-04,253.26,258.62,252.4,257.66,28583100.0
2021-02-05,258.26,259.4,248.28,254.78,60114500.0
2021-02-08,254.7,258.2,254.66,258.04,20734200.0
2021-02-09,258.34,259.9,252.26,254.58,28586300.0
2021-02-10,253.74,257.4,250.28,253.42,30862700.0
2021-02-11,253.66,256.94,251.0,254.32,21263900.0
2021-02-12,253.88,254.44,248.78,253.9,22785700.0
2021-02-15,254.5,263.7,254.38,263.28,30300600.0
2021-02-16,263.76,265.2,259.72,262.08,28318800.0
2021-02-17,261.98,266.82,261.3,264.88,30059800.0
2021-02-18,265.22,268.24,263.32,267.02,32157700.0
2021-02-19,266.48,282.24,265.3,281.3,57641300.0
2021-02-20,278.64,280.0,267.3,270.88,49436600.0
2021-02-22,269.0,270.38,258.0,261.56,102250000.0
2021-02-24,258.1,263.08,242.24,248.46,102928900.0
2021-02-25,248.0,251.32,232.0,232.04,171683700.0
2021-02-26,230.8,238.7,227.6,235.02,108539600.0
2021-03-01,237.8,243.92,233.28,242.68,73911400.0
2021-03-02,241.72,243.78,235.5,237.74,57863500.0
2021-03-03,238.2,239.32,231.56,233.04,72717000.0
2021-03-04,231.52,231.8,221.32,221.72,109581000.0
2021-03-05,223.18,224.5,218.66,223.48,77706600.0
2021-03-09,223.42,232.48,222.7,229.54,80186300.0
2021-03-10,228.46,235.58,227.14,231.64,59009200.0
2021-03-11,233.32,234.56,230.92,233.96,40869900.0
2021-03-12,234.4,237.5,232.24,237.46,40678600.0
2021-03-15,237.38,244.98,237.38,241.14,61804000.0
2021-03-16,240.84,241.38,222.76,228.46,162618800.0
2021-03-17,228.2,231.0,223.04,228.78,80803700.0
2021-03-18,229.58,232.4,225.02,225.96,63380400.0
2021-03-19,226.12,229.0,224.32,226.86,36368000.0
2021-03-22,226.88,227.94,224.92,227.66,20207500.0
2021-03-23,226.82,227.7,222.1,222.38,38523200.0
2021-03-24,222.0,222.56,212.14,213.26,99391600.0
2021-03-25,212.76,214.74,209.74,212.52,51874100.0
2021-03-26,213.6,222.36,213.14,222.06,60030200.0
2021-03-29,222.38,235.4,222.24,231.16,123976300.0
2021-03-30,232.76,234.98,227.84,231.72,53096400.0
2021-03-31,232.82,238.44,231.82,237.04,65199300.0
2021-04-01,238.08,241.36,236.5,237.76,48609400.0
2021-04-02,238.5,239.44,237.4,238.6,13590700.0
2021-04-05,239.0,239.12,233.62,237.36,29124500.0
2021-04-06,238.0,238.78,231.72,231.8,38036200.0
2021-04-07,230.3,238.2,228.52,236.02,54478200.0
2021-04-08,236.7,239.8,235.8,239.24,37837400.0
2021-04-09,239.24,245.68,238.02,244.1,101744700.0
2021-04-12,244.06,255.78,242.46,254.32,95783500.0
2021-04-13,255.3,256.78,251.2,253.84,49661600.0
2021-04-14,254.7,255.24,247.9,248.86,39471000.0
2021-04-15,247.5,251.98,245.62,251.12,44556700.0
2021-04-16,251.96,255.36,251.24,254.8,34284300.0
2021-04-19,255.48,256.5,251.86,252.4,27017200.0
2021-04-20,252.66,254.58,250.22,252.02,34723000.0
2021-04-21,253.24,254.3,250.38,253.08,29849000.0
2021-04-22,253.44,259.0,252.62,256.9,47822300.0
2021-04-23,257.52,259.32,255.9,257.7,32125600.0
2021-04-26,258.0,264.76,257.64,264.44,43121800.0
2021-04-27,264.98,270.38,259.0,269.52,95352000.0
2021-04-28,270.0,271.8,260.78,263.26,60431500.0
2021-04-29,264.48,266.5,260.8,263.34,33259300.0
2021-04-30,262.74,264.58,255.9,257.32,46991400.0
2021-05-04,258.28,263.98,258.0,262.02,31879800.0
2021-05-05,262.96,266.86,262.32,266.46,24139800.0
2021-05-06,266.9,269.08,264.9,268.24,28413300.0
2021-05-07,268.62,271.74,268.28,270.0,29255700.0
2021-05-10,270.8,273.5,269.46,270.46,23803000.0
2021-05-11,270.02,273.5,268.24,273.38,33731500.0
2021-05-12,273.64,275.8,272.04,272.66,30361800.0
2021-05-13,273.22,274.18,269.3,273.88,31387700.0
2021-05-14,274.82,275.4,271.2,273.9,16561000.0
2021-05-17,274.0,274.86,270.64,273.52,22162600.0
2021-05-18,274.08,275.7,273.04,273.52,18870600.0
2021-05-19,273.52,273.74,268.08,271.1,31065500.0
2021-05-20,271.6,272.18,269.02,271.56,17518200.0
2021-05-21,271.4,272.36,269.4,270.64,17924100.0
2021-05-24,271.28,272.2,268.1,269.82,19746500.0
2021-05-25,270.2,270.64,266.16,267.3,27075900.0
2021-05-26,267.8,269.98,266.6,269.86,22253100.0
2021-05-27,269.86,270.32,266.72,269.94,37537400.0
2021-05-28,270.64,272.98,268.66,271.34,35474600.0
2021-05-31,262.58,266.0,262.2,264.04,25438600.0
2021-06-01,264.98,268.46,264.56,267.5,19867900.0
2021-06-02,267.0,269.48,266.46,269.44,18576600.0
2021-06-03,269.74,270.3,264.38,266.3,24908400.0
2021-06-04,266.14,266.32,263.0,264.0,21845600.0
2021-06-07,263.6,264.24,262.02,262.46,18868700.0
2021-06-08,262.18,262.9,259.6,260.72,20825600.0
2021-06-09,260.72,265.6,259.22,265.02,25953800.0
2021-06-10,264.68,265.18,261.2,261.92,17200900.0
2021-06-11,262.24,263.46,260.42,261.78,14858600.0
2021-06-14,262.22,264.56,261.8,263.14,9551700.0
2021-06-15,263.08,264.48,260.18,260.54,13646800.0
2021-06-16,260.2,260.22,256.52,256.64,28278900.0
2021-06-17,255.68,256.14,248.2,249.7,53003100.0
2021-06-18,249.48,251.18,246.78,250.0,36933600.0
2021-06-21,249.8,253.88,247.54,253.72,25199500.0
2021-06-22,254.42,254.82,249.14,250.78,21140100.0
2021-06-23,251.28,254.66,249.5,253.36,26041100.0
2021-06-24,253.6,253.7,237.86,243.58,69077300.0
2021-06-25,244.04,247.96,241.82,247.34,23146700.0
2021-06-28,247.54,250.84,247.0,249.48,17237200.0
2021-06-29,248.88,249.06,244.0,247.02,21588100.0
2021-06-30,247.2,250.18,244.8,248.12,26036900.0
2021-07-01,248.14,249.48,245.1,246.12,17526100.0
2021-07-02,246.12,250.8,244.94,250.14,19810000.0
2021-07-05,250.9,252.24,247.38,249.24,16763200.0
2021-07-06,249.5,249.5,244.0,244.62,24177600.0
2021-07-07,244.96,249.5,244.62,246.58,17725100.0
2021-07-08,246.9,247.6,243.12,245.14,23525100.0
2021-07-09,244.84,249.4,244.28,247.8,21247000.0
2021-07-12,248.1,251.9,246.24,251.12,22018400.0
2021-07-13,251.48,257.28,249.88,256.62,32177100.0
2021-07-14,256.62,258.48,253.0,257.34,24888600.0
2021-07-15,257.14,259.5,255.24,256.24,21046300.0
2021-07-16,257.16,257.38,251.14,252.48,19367700.0
2021-07-19,251.3,252.5,247.8,250.46,24010400.0
2021-07-20,251.74,253.9,249.16,251.38,16834900.0
2021-07-21,251.06,252.82,249.12,250.5,11636500.0
2021-07-22,251.2,251.74,248.48,250.8,11216200.0
2021-07-23,251.16,252.0,249.0,249.9,12996800.0
2021-07-26,248.5,251.84,248.06,251.8,12313900.0
2021-07-27,251.2,256.26,249.72,254.32,28991100.0
2021-07-28,254.7,257.78,253.8,256.9,18380800.0
2021-07-29,257.52,258.1,248.86,251.78,54279300.0
2021-07-30,250.9,253.32,249.5,253.18,24843500.0
2021-08-02,254.0,255.8,252.22,252.9,14658800.0
2021-08-03,253.38,256.0,252.34,255.82,15422100.0
2021-08-04,255.84,257.46,253.32,254.46,14936000.0
2021-08-05,254.38,256.0,253.14,254.96,14729700.0
2021-08-06,255.66,255.86,250.8,251.02,13629600.0
2021-08-09,250.96,251.28,246.84,248.7,24392800.0
2021-08-10,249.02,250.4,245.04,246.5,24646900.0
2021-08-11,246.5,247.36,244.72,245.28,17851200.0
2021-08-12,246.44,248.14,245.3,247.0,16263700.0
2021-08-13,246.7,247.38,244.14,244.6,10650900.0
2021-08-16,244.02,245.54,242.1,244.26,17990900.0
2021-08-17,244.0,247.86,243.62,245.72,19626000.0
2021-08-18,246.82,247.0,241.22,241.46,17068300.0
2021-08-19,240.84,241.9,236.0,237.36,29296500.0
2021-08-20,237.3,238.78,234.8,235.5,23191100.0
2021-08-23,237.72,238.96,235.9,238.58,17686900.0
2021-08-24,239.7,240.92,236.6,240.66,17854300.0
2021-08-25,240.6,240.72,237.98,239.32,12444700.0
2021-08-26,238.9,240.14,236.8,237.12,14679400.0
2021-08-27,237.46,239.9,236.9,239.86,12509200.0
2021-08-30,240.2,243.98,239.98,242.66,16480800.0
2021-08-31,243.96,245.62,239.54,240.32,27151400.0
2021-09-01,240.72,242.5,238.8,242.28,19801500.0
2021-09-02,241.56,242.0,238.68,238.8,24800300.0
2021-09-03,239.38,244.9,239.38,244.42,31402000.0
2021-09-06,245.08,247.84,245.0,246.58,21153000.0
2021-09-07,246.58,246.84,242.96,243.76,14068000.0
2021-09-08,243.04,244.74,241.34,242.6,22372500.0
2021-09-09,242.02,243.08,239.78,239.8,18553900.0
2021-09-10,240.84,245.44,240.6,245.08,18585500.0
2021-09-13,245.6,247.1,243.3,244.92,23242200.0
2021-09-14,244.2,244.28,239.0,240.44,30213300.0
2021-09-15,239.98,241.2,236.82,239.78,27856100.0
2021-09-16,239.2,239.72,232.96,234.84,41688600.0
2021-09-17,234.32,238.2,229.7,232.56,63884700.0
2021-09-20,230.32,231.62,224.9,225.1,38518600.0
2021-09-21,226.12,229.4,225.12,226.62,22595700.0
2021-09-22,227.8,231.7,227.24,231.5,20078300.0
2021-09-23,233.02,233.82,227.44,230.96,36549400.0
2021-09-24,231.48,232.56,227.76,228.56,20631200.0
2021-09-27,229.44,229.84,226.0,227.12,16251500.0
2021-09-28,227.14,227.72,223.02,223.24,27302900.0
2021-09-29,223.0,226.4,221.5,222.18,38566300.0
2021-09-30,222.5,222.9,215.86,218.3,42369500.0
2021-10-01,216.82,222.22,216.24,221.22,23523300.0
2021-10-04,220.88,221.36,215.42,216.36,21619200.0
2021-10-05,215.48,218.7,211.8,218.18,38646500.0
2021-10-06,218.14,218.14,212.74,215.24,28570500.0
2021-10-07,215.54,224.1,215.54,222.72,46484700.0
2021-10-08,225.0,227.68,223.74,227.66,35794500.0
2021-10-11,228.88,232.44,225.76,226.44,48150400.0
2021-10-12,225.8,227.68,223.0,225.28,19570600.0
2021-10-13,226.0,227.72,223.28,227.18,26567900.0
2021-10-14,228.26,230.0,226.5,229.28,31819800.0
2021-10-15,229.5,231.24,227.62,231.08,24468700.0
2021-10-18,231.22,231.78,229.74,231.2,15131900.0
2021-10-19,232.0,237.0,231.66,236.72,34453900.0
2021-10-20,236.8,236.98,231.9,235.3,26358900.0
2021-10-21,234.94,235.18,231.48,232.1,16696800.0
2021-10-22,232.16,233.0,228.0,228.64,18653200.0
2021-10-25,229.64,230.7,226.5,230.24,16819300.0
2021-10-26,230.38,231.36,226.88,226.88,16278100.0
2021-10-27,226.46,226.46,221.7,222.5,29601500.0
2021-10-28,222.52,224.88,220.1,223.62,24281000.0
2021-10-29,223.02,223.16,219.74,221.7,19511100.0
2021-11-01,221.96,224.0,221.6,223.96,17136000.0
2021-11-02,223.52,224.88,220.72,221.34,14709800.0
2021-11-03,221.26,221.92,218.74,220.38,14610600.0
2021-11-05,220.2,220.22,215.6,216.64,21867600.0
2021-11-08,217.7,219.62,216.62,218.72,17893900.0
2021-11-09,218.62,225.38,218.04,221.88,28897500.0
2021-11-10,222.32,225.2,216.0,216.94,30433800.0
2021-11-11,217.46,220.94,217.32,220.5,19077700.0
2021-11-12,220.4,223.2,217.56,221.0,25179200.0
2021-11-15,220.46,224.74,219.0,223.58,24971600.0
2021-11-16,224.04,231.26,224.04,226.26,50155000.0
2021-11-17,227.7,228.98,223.54,225.32,24767900.0
2021-11-18,225.22,226.4,221.78,222.92,23809400.0
2021-11-19,223.88,224.94,218.72,221.44,27346500.0
2021-11-22,221.2,224.54,214.0,218.5,53009900.0
2021-11-23,218.12,224.48,212.76,224.0,42180800.0
2021-11-24,224.62,225.26,219.68,221.82,25181400.0
2021-11-25,222.28,223.78,219.68,221.28,11210700.0
2021-11-26,217.38,218.98,214.0,215.6,33173900.0
2021-11-29,218.38,219.98,214.42,216.86,26157400.0
2021-11-30,213.86,217.6,212.8,215.38,41462800.0
2021-12-01,219.98,222.8,217.08,219.52,31204900.0
2021-12-02,219.2,221.74,218.68,221.1,22392200.0
2021-12-03,221.98,222.3,217.78,218.26,15145200.0
2021-12-06,219.46,220.44,215.62,218.86,15370600.0
2021-12-07,219.0,220.38,217.34,219.2,16377700.0
2021-12-08,219.72,221.88,218.64,218.88,26448800.0
2021-12-09,219.98,221.08,217.04,220.06,17118000.0
2021-12-10,220.16,220.54,218.0,218.88,12835600.0
2021-12-13,219.04,220.2,208.32,208.5,34977400.0
2021-12-14,208.88,212.98,188.54,209.58,65056900.0
2021-12-15,209.88,213.26,207.3,212.96,30180200.0
2021-12-16,214.2,217.46,211.84,213.1,36326300.0
2021-12-17,213.24,218.48,210.54,217.38,32961000.0
2021-12-20,216.44,217.38,213.34,216.44,21517700.0
2021-12-21,217.22,218.82,215.5,216.62,21071400.0
2021-12-22,216.62,219.24,216.22,218.34,18752800.0
2021-12-23,218.3,220.2,217.5,218.72,19133200.0
2021-12-24,218.1,219.18,216.5,218.24,10740200.0
2021-12-27,219.0,225.5,218.54,225.28,21583900.0
2021-12-28,225.94,229.3,225.1,226.42,23972600.0
2021-12-29,226.5,228.34,225.34,226.28,16537300.0
2021-12-30,226.28,229.24,225.9,229.0,18118100.0
2022-01-03,229.98,234.5,229.62,233.78,19521400.0
2022-01-04,234.0,234.5,231.32,233.14,20192500.0
2022-01-05,233.14,236.2,226.04,230.1,33178100.0
2022-01-06,229.3,233.88,228.5,232.8,20095100.0
2022-01-10,234.98,237.3,233.74,235.08,33122600.0
2022-01-11,235.1,237.94,234.2,237.34,42874100.0
2022-01-12,237.06,240.82,235.34,240.4,54184800.0
2022-01-13,227.02,233.36,222.5,228.36,89485200.0
2022-01-14,227.98,230.44,221.9,226.48,57149100.0
2022-01-17,227.2,227.56,215.52,218.2,41713200.0
2022-01-18,218.38,219.3,197.06,206.94,98908400.0
2022-01-19,207.26,221.88,198.0,220.24,76506100.0
2022-01-20,221.02,226.66,217.82,223.0,47062500.0
2022-01-21,220.42,224.36,216.82,221.0,44326100.0
2022-01-24,221.48,222.4,204.72,212.5,73770900.0
2022-01-25,212.76,216.3,208.58,214.66,42550800.0
2022-01-26,214.0,223.1,210.7,217.88,45715100.0
2022-01-27,216.98,225.64,214.42,220.66,42849400.0
2022-01-28,221.4,223.64,219.58,220.82,25089300.0
2022-01-31,220.76,224.94,216.62,219.16,31057100.0
2022-02-01,220.0,221.28,216.22,219.48,23808900.0
2022-02-02,219.6,220.34,214.68,216.7,26054700.0
2022-02-03,216.48,217.5,212.2,213.92,19010000.0
2022-02-04,214.4,217.7,212.34,214.0,20338900.0
2022-02-07,214.58,217.2,212.5,215.8,13701500.0
2022-02-08,215.78,224.48,214.7,223.72,32094500.0
2022-02-09,224.3,228.3,223.24,226.74,31693700.0
2022-02-10,226.36,228.72,222.52,224.54,30761000.0
2022-02-11,224.52,225.22,215.26,216.88,33694700.0
2022-02-14,216.64,221.94,212.64,220.82,38113300.0
2022-02-15,221.5,225.1,220.0,223.24,27772100.0
2022-02-16,223.28,225.6,220.2,223.04,27362200.0
2022-02-17,223.3,223.4,216.48,217.74,29284400.0
2022-02-18,218.46,221.0,213.04,214.5,29964300.0
2022-02-21,214.4,219.22,181.58,192.52,100342300.0
2022-02-22,192.36,213.06,188.0,211.5,112791000.0
2022-02-24,190.5,198.22,145.0,182.0,82353900.0
2022-02-25,185.64,206.4,185.64,190.52,46978900.0
2022-03-24,210.34,237.0,208.12,209.9,30666100.0
2022-03-25,213.1,219.32,205.72,210.7,10677100.0
2022-03-28,210.58,210.7,205.64,208.5,7829500.0
2022-03-29,208.56,209.7,195.0,200.28,13444200.0
2022-03-30,204.5,208.4,201.0,204.62,5852700.0
2022-03-31,205.02,211.0,204.66,209.74,10121700.0
2022-04-01,210.82,217.34,209.84,215.0,11591700.0
2022-04-04,217.48,225.82,211.5,217.5,7927100.0
2022-04-05,216.24,217.44,202.14,209.86,7499900.0
2022-04-06,209.82,215.0,206.0,211.5,4769000.0
2022-04-07,212.58,214.16,207.0,210.5,3936200.0
2022-04-08,210.6,212.02,206.64,211.12,4227800.0
2022-04-11,211.98,213.92,209.0,210.06,3220900.0
2022-04-12,210.12,211.84,208.16,209.9,3717600.0
2022-04-13,208.96,209.84,207.2,207.94,1845200.0
2022-04-14,207.98,208.48,198.3,200.04,4292800.0
2022-04-15,200.0,203.0,196.0,202.4,4463500.0
2022-04-18,202.54,205.0,197.72,198.86,2656700.0
2022-04-19,199.0,200.84,192.88,196.76,4911200.0
2022-04-20,197.06,205.9,194.5,205.9,6605000.0
2022-04-21,205.7,205.7,198.3,204.54,5640400.0
2022-04-22,202.94,203.0,196.52,197.0,7052400.0
2022-04-25,201.88,202.0,197.08,199.0,5323100.0
2022-04-26,199.3,210.88,199.16,209.94,6612000.0
2022-04-27,209.8,212.84,207.1,212.72,5764400.0
2022-04-28,213.0,214.86,209.0,210.0,5362300.0
2022-04-29,210.34,215.64,210.14,215.5,5209000.0
2022-05-04,215.34,216.0,213.0,213.52,3606800.0
2022-05-05,215.0,215.5,213.58,215.44,2150900.0
2022-05-06,215.02,218.5,214.3,217.66,4306500.0
2022-05-11,217.4,217.48,210.5,213.3,5588700.0
2022-05-12,213.04,214.2,210.5,212.38,3548800.0
2022-05-13,213.02,214.1,211.04,212.0,2186400.0
2022-05-16,212.22,214.18,212.1,213.64,2844900.0
2022-05-17,213.72,214.88,213.4,213.48,4815000.0
2022-05-18,213.56,217.0,213.5,214.16,4682100.0
2022-05-19,214.5,214.92,212.12,213.0,2422600.0
2022-05-20,213.12,214.0,206.5,207.0,6428700.0
2022-05-23,206.42,207.48,197.08,198.0,7381500.0
2022-05-24,198.8,202.22,196.0,200.1,5913200.0
2022-05-25,201.58,202.46,199.06,200.8,2699400.0
2022-05-26,201.2,205.0,200.72,201.98,5691600.0
2022-05-27,202.0,204.5,200.5,201.62,5303000.0
2022-05-30,202.24,202.86,199.36,201.32,4586800.0
2022-05-31,201.32,202.0,200.02,201.9,3768100.0
2022-06-01,202.5,204.28,200.7,204.16,3748100.0
2022-06-02,204.3,205.0,199.54,201.54,6940700.0
2022-06-03,202.02,204.8,201.06,203.14,5884000.0
2022-06-06,203.38,207.2,202.5,202.94,5617900.0
2022-06-07,203.5,203.7,198.1,202.0,5584100.0
2022-06-08,202.0,202.62,200.52,201.34,4935700.0
2022-06-09,201.48,203.48,199.0,203.1,8644900.0
2022-06-10,193.5,195.54,192.66,194.9,9403300.0
2022-06-14,193.98,193.98,190.02,191.02,5074400.0
2022-06-15,191.04,191.56,188.18,190.4,6892300.0
2022-06-16,190.48,194.78,189.72,193.7,6960700.0
2022-06-17,193.68,193.68,191.0,191.94,3856100.0
2022-06-20,191.88,192.24,190.44,191.8,4618900.0
2022-06-21,191.7,192.18,188.2,188.2,5333700.0
2022-06-22,188.04,189.4,186.0,189.4,5870000.0
2022-06-23,188.86,192.3,186.52,191.0,6965300.0
2022-06-24,190.9,191.98,187.4,189.34,3824300.0
2022-06-27,188.64,188.86,184.5,185.86,7532500.0
2022-06-28,185.86,185.88,181.12,182.52,7377600.0
2022-06-29,182.14,182.5,175.6,176.52,13000000.0
2022-06-30,177.02,179.44,170.14,174.0,13929000.0
2022-07-01,174.42,177.42,170.0,171.0,9148700.0
2022-07-04,170.5,173.5,168.4,170.24,6656800.0
2022-07-05,172.06,178.22,158.26,167.0,26780900.0
2022-07-06,166.0,169.8,162.82,164.52,8967400.0
2022-07-07,164.6,166.96,163.2,165.5,5198900.0
2022-07-08,166.24,168.0,165.16,167.2,3818600.0
2022-07-11,166.9,168.98,161.12,162.7,5241200.0
2022-07-12,162.02,162.54,159.0,159.22,5395500.0
2022-07-13,159.5,160.2,150.6,152.0,12641400.0
2022-07-14,152.88,154.8,150.0,153.02,11073200.0
2022-07-15,153.88,156.26,151.6,156.0,7591900.0
2022-07-18,157.46,158.64,151.02,152.82,7932400.0
2022-07-19,152.5,153.0,148.0,149.14,7807200.0
2022-07-20,149.4,150.5,148.54,150.5,5001100.0
2022-07-21,150.12,150.84,146.26,148.0,7178900.0
2022-07-22,148.2,149.8,146.0,147.3,8664300.0
2022-07-25,148.5,148.5,146.8,147.94,9016800.0
2022-07-26,148.5,158.76,148.38,158.5,17346500.0
2022-07-27,158.58,162.7,153.68,156.4,20534700.0
2022-07-28,157.32,158.66,153.16,155.0,11843300.0
2022-07-29,154.0,162.3,153.26,161.5,13818500.0
2022-08-01,162.0,163.88,155.74,155.9,12291800.0
2022-08-02,155.9,156.46,151.16,151.4,12006800.0
2022-08-03,151.48,154.34,147.52,147.54,14558800.0
2022-08-04,147.44,148.68,146.06,147.1,9984100.0
2022-08-05,147.28,148.2,143.0,143.94,10919600.0
2022-08-08,147.9,147.9,144.5,144.58,6316400.0
2022-08-09,144.98,151.74,143.72,151.5,9521400.0
2022-08-10,151.48,153.38,148.22,149.7,11964800.0
2022-08-11,150.32,151.6,148.36,149.08,6030300.0
2022-08-12,149.06,149.6,147.2,148.26,4200600.0
2022-08-15,148.2,151.42,147.02,151.42,7064000.0
2022-08-16,151.44,154.9,151.02,154.44,7519600.0
2022-08-17,154.9,155.98,151.62,153.7,6150600.0
2022-08-18,153.58,153.88,150.6,151.6,5383300.0
2022-08-19,151.6,153.56,149.8,153.3,4960800.0
2022-08-22,152.96,155.42,152.68,154.3,7223400.0
2022-08-23,154.28,157.88,153.28,155.92,9266200.0
2022-08-24,156.14,156.66,153.8,154.58,4863000.0
2022-08-25,154.58,155.98,153.02,153.84,5739600.0
2022-08-26,154.32,154.36,152.02,153.92,4075200.0
2022-08-29,153.92,156.04,153.4,155.94,4112700.0
2022-08-30,155.94,157.66,154.2,156.5,7937700.0
2022-08-31,157.5,161.4,157.04,161.4,11376300.0
2022-09-01,161.54,166.7,159.1,166.0,11081400.0
2022-09-02,165.5,169.78,165.32,167.46,10579600.0
2022-09-05,167.72,170.0,164.32,170.0,6880700.0
2022-09-06,170.04,172.24,164.5,166.04,12709100.0
2022-09-07,166.12,167.48,162.22,162.22,6992200.0
2022-09-08,162.32,163.98,160.8,162.44,6126100.0
2022-09-09,162.58,167.42,162.46,167.4,6404900.0
2022-09-12,167.42,169.6,165.68,167.56,6166000.0
2022-09-13,167.9,168.1,164.0,164.32,5247200.0
2022-09-14,164.2,164.38,159.5,162.14,15781600.0
2022-09-15,162.18,164.44,161.52,162.12,12097400.0
2022-09-16,162.0,163.9,160.28,162.28,8014200.0
2022-09-19,162.4,162.94,159.54,160.16,9104000.0
2022-09-20,159.8,160.54,150.5,152.6,25004600.0
2022-09-21,145.58,151.3,140.96,147.76,19799100.0
2022-09-22,148.0,151.34,147.02,147.94,9525100.0
2022-09-23,148.3,148.3,141.06,141.48,14068200.0
2022-09-26,139.82,140.0,123.6,128.5,28120000.0
2022-09-27,131.16,134.0,128.0,132.78,12446000.0
2022-09-28,132.2,133.72,127.5,129.3,10466100.0
2022-09-29,129.98,132.0,120.12,123.38,21447800.0
2022-09-30,123.88,127.88,119.44,124.58,20564600.0
2022-10-03,124.58,132.5,122.9,131.86,12454200.0
2022-10-04,132.4,133.0,127.14,129.56,11615000.0
2022-10-05,129.32,129.32,123.18,125.16,14971400.0
2022-10-06,125.7,126.4,123.42,124.0,8595500.0
2022-10-07,123.46,123.46,119.0,119.32,9601200.0
2022-10-10,115.88,125.08,115.0,125.0,16637000.0
2022-10-11,124.98,129.38,122.5,127.94,12030600.0
2022-10-12,128.6,130.36,124.62,126.98,10147700.0
2022-10-13,126.7,128.88,125.24,126.16,7194700.0
2022-10-14,126.2,126.88,123.4,126.4,6615000.0
2022-10-17,126.46,132.7,126.32,132.46,10441800.0
2022-10-18,133.4,135.3,129.7,132.22,13846700.0
2022-10-19,131.7,132.7,127.5,130.18,11296200.0
2022-10-20,130.44,132.46,129.4,130.84,10385000.0
2022-10-21,130.76,131.84,128.0,131.6,11243700.0
2022-10-24,132.04,133.92,130.26,131.52,13137500.0
2022-10-25,131.8,135.5,130.64,134.7,12181300.0
2022-10-26,134.98,136.5,129.9,131.36,20588600.0
2022-10-27,131.56,133.8,130.5,132.66,15995800.0
2022-10-28,132.04,135.66,130.92,135.48,16517000.0
2022-10-31,136.0,138.3,134.26,137.58,15732300.0
2022-11-01,138.0,138.48,135.7,136.24,6907900.0
2022-11-02,136.32,136.8,132.5,134.04,6970200.0
2022-11-03,134.38,134.94,132.6,134.06,6383800.0
2022-11-07,135.4,140.9,134.94,140.7,13116400.0
2022-11-08,140.86,141.44,138.3,139.68,10451900.0
2022-11-09,139.42,141.38,135.72,137.2,13131800.0
2022-11-10,137.58,140.7,136.52,140.44,10095600.0
2022-11-11,140.6,147.64,140.6,147.64,21178700.0
2022-11-14,148.36,155.0,146.84,154.56,21913000.0
2022-11-15,154.88,154.98,145.4,149.84,23869400.0
2022-11-16,150.38,154.2,149.68,152.24,12884500.0
2022-11-17,152.12,153.2,147.74,149.46,11749700.0
2022-11-18,149.3,150.18,146.62,149.86,9738200.0
2022-11-21,149.68,149.94,144.74,146.54,13542300.0
2022-11-22,146.12,148.9,145.42,148.02,11458300.0
2022-11-23,148.2,148.8,146.7,147.52,7551800.0
2022-11-24,147.58,148.44,146.9,147.66,4960300.0
2022-11-25,147.6,147.6,145.7,146.32,5058200.0
2022-11-28,145.6,146.92,144.78,145.7,8255700.0
2022-11-29,146.06,147.44,143.14,144.64,10811400.0
2022-11-30,144.62,144.84,142.18,143.84,8193100.0
2022-12-01,144.0,147.0,143.06,146.5,11620600.0
2022-12-02,146.66,146.7,144.04,144.84,7787200.0
2022-12-05,145.18,149.78,144.3,148.24,13149600.0
2022-12-06,148.5,149.48,146.56,147.18,9091800.0
2022-12-07,147.1,150.98,145.56,150.38,12987100.0
2022-12-08,150.8,151.5,147.9,148.86,10857700.0
2022-12-09,149.04,150.66,148.2,149.4,8111100.0
2022-12-12,149.5,150.0,147.0,147.6,7820300.0
2022-12-13,147.86,149.98,147.14,149.24,8646400.0
2022-12-14,149.3,150.48,147.1,147.18,8810200.0
2022-12-15,146.48,146.9,142.2,142.8,17026900.0
2022-12-16,142.7,145.88,141.3,144.98,9794500.0
2022-12-19,144.88,148.8,143.4,146.52,12710100.0
2022-12-20,146.2,149.32,146.06,148.16,9210300.0
2022-12-21,148.98,149.8,147.16,148.7,8367000.0
2022-12-22,148.96,150.84,148.06,149.58,8873200.0
2022-12-23,149.56,149.56,148.12,149.04,3928500.0
2022-12-26,149.44,150.9,149.06,150.5,5616100.0
2022-12-27,150.8,153.2,150.6,152.82,9862100.0
2022-12-28,152.8,153.48,151.0,151.4,6886200.0
2022-12-29,151.3,152.8,150.12,152.42,4412800.0
2022-12-30,152.48,153.0,151.6,153.0,4216900.0
2023-01-03,153.48,155.5,153.18,155.2,4438600.0
2023-01-04,155.5,156.82,155.1,155.74,4063200.0
2023-01-05,155.88,155.9,153.24,153.4,3928100.0
2023-01-06,153.4,154.9,152.5,154.38,3600400.0
2023-01-09,154.36,155.58,152.88,153.7,5525900.0
2023-01-10,153.48,153.48,152.02,153.24,3471500.0
2023-01-11,153.34,154.78,153.2,154.1,4053200.0
2023-01-12,153.98,155.88,152.74,154.4,6350900.0
2023-01-13,154.24,154.4,152.8,153.34,5731400.0
2023-01-16,153.68,155.7,153.4,154.88,7217600.0
2023-01-17,154.94,156.4,152.5,152.94,8851100.0
2023-01-18,152.92,153.98,151.7,153.16,6525300.0
2023-01-19,153.12,153.5,151.02,152.0,4787100.0
2023-01-20,152.12,152.44,150.16,151.54,4857900.0
2023-01-23,146.92,149.96,145.8,149.8,13767900.0
2023-01-24,150.02,150.84,147.24,147.76,9541800.0
2023-01-25,147.56,149.54,146.3,148.82,8412500.0
2023-01-26,149.1,149.42,146.92,148.0,6540000.0
2023-01-27,147.96,150.88,147.2,150.32,9332400.0
2023-01-30,150.5,152.0,150.44,151.5,5828000.0
2023-01-31,151.78,153.1,150.34,151.44,6487200.0
2023-02-01,151.48,153.0,150.8,152.58,6641900.0
2023-02-02,152.72,153.86,151.1,151.64,5707900.0
2023-02-03,151.44,151.56,149.2,149.9,7334500.0
2023-02-06,150.1,150.18,148.4,149.42,10285700.0
2023-02-07,149.5,150.0,148.02,149.6,8034800.0
2023-02-08,149.62,151.38,148.16,148.52,9010700.0
2023-02-09,148.78,149.98,148.14,149.18,6847100.0
2023-02-10,148.9,149.38,146.22,148.4,13011900.0
2023-02-13,148.32,149.86,147.94,148.92,5077900.0
2023-02-14,148.86,149.52,147.6,147.6,5110800.0
2023-02-15,147.54,148.44,144.02,145.0,11051500.0
2023-02-16,145.98,147.38,143.16,143.98,8710900.0
2023-02-17,143.48,145.1,142.82,144.78,5269800.0
2023-02-20,144.76,146.28,142.6,145.4,5969700.0
2023-02-21,145.64,147.3,145.34,147.1,5146600.0
2023-02-22,147.4,147.92,144.44,144.74,6289500.0
2023-02-24,144.7,145.3,143.5,143.9,5140200.0
2023-02-27,143.7,145.98,143.18,145.78,6443200.0
2023-02-28,146.26,146.28,144.18,144.98,5046000.0
2023-03-01,145.22,148.0,144.62,147.34,7735200.0
2023-03-02,147.18,147.34,144.6,145.1,6832500.0
2023-03-03,145.12,145.84,144.5,145.62,3275300.0
2023-03-06,145.96,146.5,145.0,145.6,6717800.0
2023-03-07,145.7,147.84,145.22,146.76,7566900.0
2023-03-09,146.76,147.6,145.02,145.86,7809100.0
2023-03-10,145.48,146.6,144.7,145.76,4359400.0
2023-03-13,146.2,147.2,145.04,145.54,5128600.0
2023-03-14,145.36,146.08,145.1,145.56,4062000.0
2023-03-15,145.58,145.92,143.7,144.64,5267400.0
2023-03-16,144.7,145.36,143.0,144.42,7880200.0
2023-03-17,144.9,146.16,143.34,145.6,8282500.0
2023-03-20,145.76,150.44,144.82,150.44,14848100.0
2023-03-21,150.46,151.08,148.12,148.64,8053100.0
2023-03-22,148.62,150.2,147.5,149.7,6024800.0
2023-03-23,149.84,150.4,149.0,149.32,5189600.0
2023-03-24,149.26,150.96,149.1,150.8,5776000.0
2023-03-27,150.94,152.0,150.9,151.84,7036500.0
2023-03-28,152.08,152.9,151.02,151.86,5286300.0
2023-03-29,151.9,152.06,149.02,150.84,8276300.0
2023-03-30,150.8,150.8,149.04,150.24,4510000.0
2023-03-31,150.5,150.56,149.1,150.1,4824300.0
2023-04-03,150.3,151.5,150.3,150.84,6110200.0
2023-04-04,151.08,153.5,150.86,152.14,9706600.0
2023-04-05,152.22,152.4,150.5,152.0,6298600.0
2023-04-06,152.02,154.88,152.0,153.8,11975900.0
2023-04-07,154.46,154.8,153.5,154.3,6121100.0
2023-04-10,154.62,156.06,154.0,155.0,8051100.0
2023-04-11,155.46,156.72,153.14,153.6,10792700.0
2023-04-12,153.58,154.76,151.8,154.04,6945100.0
2023-04-13,154.12,154.76,153.08,154.04,4792900.0
2023-04-14,154.14,158.9,153.8,157.86,23507500.0
2023-04-17,158.86,159.94,157.7,159.0,10159600.0
2023-04-18,159.42,159.68,157.12,159.08,9684700.0
2023-04-19,159.04,161.04,157.9,159.18,15228600.0
2023-04-20,159.14,159.48,157.28,158.02,9483000.0
2023-04-21,157.44,159.7,154.2,157.98,13363600.0
2023-04-24,157.9,158.5,156.0,157.0,8042300.0
2023-04-25,156.98,157.0,155.0,155.38,6731900.0
2023-04-26,155.68,155.8,153.02,153.3,10746200.0
2023-04-27,153.32,153.88,152.02,153.7,15091700.0
2023-04-28,153.68,153.7,145.6,145.72,46783900.0
2023-05-02,145.06,146.84,143.0,145.42,31211100.0
2023-05-03,145.58,146.82,144.0,144.4,17744100.0
2023-05-04,144.7,145.74,143.8,144.7,7876600.0
2023-05-05,144.8,145.42,143.28,143.52,6792100.0
2023-05-08,143.5,143.96,142.02,142.18,4981400.0
2023-05-10,142.4,146.88,142.02,146.04,12000900.0
2023-05-11,146.5,147.54,143.4,144.76,13119300.0
2023-05-12,144.88,146.42,143.82,145.44,8440900.0
2023-05-15,146.32,147.96,145.5,147.68,9382200.0
2023-05-16,148.02,148.48,146.2,147.62,6315900.0
2023-05-17,147.6,148.5,146.82,147.78,5536800.0
2023-05-18,147.82,149.32,147.0,147.36,6692400.0
2023-05-19,146.92,147.4,145.2,147.3,7263900.0
2023-05-22,147.46,147.84,145.8,146.02,3857800.0
2023-05-23,146.18,146.84,145.26,146.48,5556400.0
2023-05-24,146.4,147.58,145.64,146.96,5359600.0
2023-05-25,147.2,147.2,145.5,145.62,4845400.0
2023-05-26,145.7,147.28,145.52,146.7,5277300.0
2023-05-29,146.98,147.96,145.62,146.54,6638400.0
2023-05-30,145.88,147.5,145.26,145.74,6371400.0
2023-05-31,145.5,145.88,144.0,145.8,5240800.0
2023-06-01,146.22,146.38,144.8,145.76,4539300.0
2023-06-02,146.04,147.94,145.8,147.82,6128600.0
2023-06-05,148.04,151.82,147.06,147.64,13797900.0
2023-06-06,147.68,148.14,145.16,146.44,9300600.0
2023-06-07,146.5,147.16,145.8,146.28,4273100.0
2023-06-08,146.28,147.6,145.84,147.38,3354300.0
2023-06-09,147.84,150.74,147.5,148.4,9045300.0
2023-06-13,148.58,150.98,148.52,150.94,6843800.0
2023-06-14,151.1,152.88,150.0,150.52,11274100.0
2023-06-15,150.54,153.44,150.06,152.86,11194500.0
2023-06-16,153.08,154.34,151.78,153.62,8108700.0
2023-06-19,153.48,155.48,153.3,155.1,10171200.0
2023-06-20,155.04,155.1,152.0,153.32,8095600.0
2023-06-21,153.34,154.46,152.0,153.06,7191800.0
2023-06-22,153.06,153.4,151.22,151.78,4705000.0
2023-06-23,151.74,152.8,149.38,149.88,7228100.0
2023-06-26,150.92,152.0,147.62,148.62,10588400.0
2023-06-27,149.1,149.44,146.92,148.42,12884900.0
2023-06-28,149.18,149.88,148.76,149.34,9226300.0
2023-06-29,149.6,150.62,147.86,148.82,10419500.0
2023-06-30,149.24,149.46,146.7,147.26,12072200.0
2023-07-03,148.2,148.7,146.06,147.02,13648300.0
2023-07-04,147.24,148.4,146.54,147.44,11334200.0
2023-07-05,148.16,149.16,147.48,148.68,11521700.0
2023-07-06,149.28,152.9,149.28,151.62,25994700.0
2023-07-07,152.0,152.4,150.24,150.8,8054300.0
2023-07-10,152.0,153.38,151.02,152.64,12580600.0
2023-07-11,152.76,153.02,151.8,153.02,6879800.0
2023-07-12,153.16,155.14,152.6,154.54,10575900.0
2023-07-13,155.0,156.98,153.36,155.4,19165900.0
2023-07-14,155.3,155.5,153.76,155.04,7735700.0
2023-07-17,154.36,158.18,154.04,157.74,14662300.0
2023-07-18,157.9,163.44,157.2,163.36,23949800.0
2023-07-19,163.48,168.8,161.0,165.46,29023700.0
2023-07-20,166.1,166.1,158.5,159.04,28128500.0
2023-07-21,159.0,162.48,158.82,160.82,17270500.0
2023-07-24,161.82,162.82,158.84,161.26,17048400.0
2023-07-25,161.3,163.2,160.5,162.6,10578400.0
2023-07-26,162.66,163.74,161.08,161.7,11102800.0
2023-07-27,161.96,163.44,161.8,161.9,7850900.0
2023-07-28,161.96,162.96,161.52,162.36,8139400.0
2023-07-31,163.0,167.3,162.94,167.12,20358000.0
2023-08-01,167.94,171.24,166.76,170.0,25588400.0
2023-08-02,169.78,169.78,165.2,165.6,30061300.0
2023-08-03,165.6,166.76,162.5,166.5,20684600.0
2023-08-04,166.58,168.74,162.72,163.38,24650100.0
2023-08-07,163.64,165.38,160.1,161.54,16733400.0
2023-08-08,161.48,162.74,158.62,161.06,15844500.0
2023-08-09,161.4,162.42,160.12,161.92,9508900.0
2023-08-10,162.28,164.94,162.22,164.64,10600800.0
2023-08-11,164.68,165.8,163.7,164.6,9250600.0
2023-08-14,165.52,168.52,161.9,162.8,22159600.0
2023-08-15,161.96,165.06,160.4,161.7,14359500.0
2023-08-16,162.0,162.9,158.3,159.08,15430400.0
2023-08-17,159.92,160.98,157.0,159.24,15311400.0
2023-08-18,159.32,162.84,157.48,161.98,13962800.0
2023-08-21,162.8,163.34,160.72,162.62,9148700.0
2023-08-22,163.06,163.98,161.7,162.7,9334400.0
2023-08-23,163.08,163.4,159.36,160.1,15070800.0
2023-08-24,160.0,161.48,159.64,160.82,10258900.0
2023-08-25,160.82,161.46,159.8,161.44,6663400.0
2023-08-28,162.04,168.42,161.94,167.8,25893500.0
2023-08-29,167.9,168.48,165.22,166.28,14635500.0
2023-08-30,166.4,168.5,165.06,166.8,10741500.0
2023-08-31,166.92,169.7,166.54,168.32,13736100.0
2023-09-01,168.86,169.46,167.38,167.86,7806000.0
2023-09-04,168.46,171.68,168.16,171.12,15136900.0
2023-09-05,171.36,172.4,169.04,170.6,13568600.0
2023-09-06,170.6,170.72,168.68,169.0,8488700.0
2023-09-07,169.22,171.96,163.76,164.66,30687700.0
2023-09-08,164.94,165.04,161.7,163.2,14184300.0
2023-09-11,162.98,163.76,161.44,162.5,13298000.0
2023-09-12,163.36,165.48,162.76,164.7,13851900.0
2023-09-13,165.26,166.0,163.12,163.92,6272300.0
2023-09-14,163.9,163.92,160.26,163.0,11647100.0
2023-09-15,163.0,165.5,162.66,164.36,10432500.0
2023-09-18,164.96,165.4,162.4,163.08,9209700.0
2023-09-19,162.86,163.54,159.5,159.98,13772400.0
2023-09-20,160.08,165.0,158.96,161.9,16320000.0
2023-09-21,161.48,163.6,159.58,160.18,15865300.0
2023-09-22,160.0,161.2,158.26,159.92,11861100.0
2023-09-25,160.16,160.42,158.5,158.72,5346300.0
2023-09-26,158.76,160.96,157.3,159.46,11222900.0
2023-09-27,160.24,160.92,159.2,160.74,5814100.0
2023-09-28,160.88,163.92,160.3,163.04,10681700.0
2023-09-29,163.26,163.26,160.34,161.88,9123600.0
2023-10-02,162.42,163.48,161.5,161.72,4613900.0
2023-10-03,161.76,161.86,160.12,161.68,4394800.0
2023-10-04,161.22,162.7,160.3,160.3,7020500.0
2023-10-05,160.56,161.86,160.04,161.72,5950000.0
2023-10-06,161.76,162.76,160.56,162.68,6167500.0
2023-10-09,162.46,164.2,161.88,162.56,7761700.0
2023-10-10,162.58,163.12,161.56,162.94,4226500.0
2023-10-11,163.24,164.2,160.34,161.26,7627100.0
2023-10-12,160.92,163.3,160.08,162.78,6065700.0
2023-10-13,162.86,163.48,162.16,162.84,3664800.0
2023-10-16,163.2,164.7,162.9,164.32,6974600.0
2023-10-17,164.5,165.48,163.78,165.2,7390800.0
2023-10-18,165.32,165.38,163.08,164.72,8433100.0
2023-10-19,164.2,168.5,164.02,167.88,11209500.0
2023-10-20,168.66,174.84,168.06,171.22,36916500.0
2023-10-23,172.14,173.0,168.52,171.08,19013100.0
2023-10-24,171.2,172.66,169.54,171.96,8554300.0
2023-10-25,171.96,175.34,170.8,174.6,12088400.0
2023-10-26,174.76,177.76,172.5,172.5,19964400.0
2023-10-27,172.76,175.98,171.0,175.06,21357300.0
2023-10-30,175.52,178.88,175.3,175.72,15981600.0
2023-10-31,175.5,176.4,173.52,175.74,10741100.0
2023-11-01,175.74,178.28,175.3,178.04,6921500.0
2023-11-02,177.92,181.86,177.68,180.78,21701200.0
2023-11-03,181.36,183.36,178.16,178.98,36045100.0
2023-11-06,179.9,180.02,176.0,177.64,14347500.0
2023-11-07,177.84,178.14,176.0,176.9,9209800.0
2023-11-08,176.9,177.44,174.12,174.6,15563500.0
2023-11-09,174.6,174.94,172.9,174.12,9709600.0
2023-11-10,174.02,174.1,172.62,173.44,9720100.0
2023-11-13,173.46,175.7,172.94,174.1,9339200.0
2023-11-14,173.98,174.36,171.12,171.78,11129900.0
2023-11-15,171.78,172.1,169.08,171.36,11212400.0
2023-11-16,171.06,172.4,169.84,170.08,6687800.0
2023-11-17,169.9,172.36,168.5,171.68,8012600.0
2023-11-20,171.6,173.34,170.12,170.98,4985000.0
2023-11-21,170.68,172.5,170.16,172.5,5842200.0
2023-11-22,172.82,174.36,171.5,172.18,6862700.0
2023-11-23,172.18,173.86,171.68,173.04,6176200.0
2023-11-24,173.48,174.0,170.5,170.96,6961700.0
2023-11-27,170.9,172.4,170.24,170.52,6394400.0
2023-11-28,170.82,171.12,168.76,170.56,7739500.0
2023-11-29,170.72,170.72,169.1,169.22,4644600.0
2023-11-30,169.22,169.5,166.8,167.36,7808700.0
2023-12-01,167.34,168.46,166.16,166.46,6230900.0
2023-12-04,166.44,168.24,166.1,166.68,7232700.0
2023-12-05,167.2,168.6,166.76,168.04,6960300.0
2023-12-06,168.2,168.9,164.04,164.12,9111700.0
2023-12-07,164.74,169.68,163.84,169.12,12788300.0
2023-12-08,169.4,172.4,167.5,167.76,8892200.0
2023-12-11,168.22,168.3,166.0,166.6,5963100.0
2023-12-12,166.6,167.98,164.2,164.78,8582100.0
2023-12-13,164.18,167.2,163.44,166.0,7517900.0
2023-12-14,166.5,167.56,165.82,166.46,5628500.0
2023-12-15,166.66,169.98,166.6,169.88,12445200.0
2023-12-18,170.06,172.46,169.54,171.5,11793400.0
2023-12-19,171.9,172.34,170.3,172.02,7550700.0
2023-12-20,171.96,173.46,170.6,171.14,12000000.0
2023-12-21,171.16,171.28,169.0,170.82,11595300.0
2023-12-22,170.84,171.5,170.08,171.22,11065500.0
2023-12-25,171.0,171.86,169.2,171.3,22186200.0
2023-12-26,163.6,164.34,162.9,163.6,23173400.0
2023-12-27,163.9,164.16,162.82,163.1,10141100.0
2023-12-28,163.12,163.2,161.52,161.56,7629300.0
2023-12-29,161.56,162.4,161.5,161.72,4360900.0
2024-01-03,161.64,163.7,161.4,163.56,3420100.0
2024-01-04,163.62,163.94,162.74,162.96,2821300.0
2024-01-05,163.06,163.3,162.18,162.8,2110100.0
2024-01-08,163.22,165.5,162.6,164.26,4477000.0
2024-01-09,164.34,165.02,163.22,163.84,4985900.0
2024-01-10,164.0,164.56,163.52,163.76,5728300.0
2024-01-11,163.96,164.24,160.72,162.76,16022700.0
2024-01-12,162.8,163.12,161.7,162.34,6066100.0
2024-01-15,162.36,163.5,161.74,162.26,7612800.0
2024-01-16,162.24,162.7,161.36,161.92,5514900.0
2024-01-17,161.9,163.0,161.4,162.02,8541500.0
2024-01-18,162.14,162.4,161.42,161.56,3997800.0
2024-01-19,161.58,161.74,160.5,160.52,5353200.0
2024-01-22,160.84,161.3,160.16,160.76,5267700.0
2024-01-23,160.74,161.98,160.44,160.78,5768900.0
2024-01-24,160.98,161.74,158.38,160.02,10555400.0
2024-01-25,160.02,160.48,159.02,159.86,7577000.0
2024-01-26,159.94,160.8,159.64,160.56,5848400.0
2024-01-29,160.92,161.4,159.96,160.26,7804700.0
2024-01-30,160.26,161.1,159.2,160.36,10116800.0
2024-01-31,160.58,160.7,159.4,159.46,7768200.0
2024-02-01,159.48,160.2,159.1,159.92,7412800.0
2024-02-02,159.92,159.92,159.2,159.5,5586200.0
2024-02-05,159.56,159.7,159.16,159.5,5495500.0
2024-02-06,159.58,160.48,159.12,159.44,6495300.0
2024-02-07,159.42,160.42,159.38,159.6,8596900.0
2024-02-08,159.7,159.74,157.3,157.42,10942400.0
2024-02-09,157.44,158.1,155.7,157.28,17016900.0
2024-02-12,157.3,157.72,154.22,155.46,14681400.0
2024-02-13,155.5,155.96,153.66,153.8,10282400.0
2024-02-14,154.12,154.68,151.24,151.86,15355900.0
2024-02-15,152.16,152.32,150.06,151.72,16377000.0
2024-02-16,151.88,152.92,150.1,150.36,15198300.0
2024-02-19,150.4,150.86,148.46,149.24,12557400.0
2024-02-20,149.3,149.58,144.28,144.8,25553600.0
2024-02-21,144.8,145.76,143.28,144.38,17744800.0
2024-02-22,144.9,145.56,143.3,143.72,10848200.0
2024-02-26,145.18,147.46,144.66,147.44,11015600.0
2024-02-27,147.4,147.4,144.8,145.14,9562600.0
2024-02-28,145.32,146.34,144.82,146.02,8695500.0
2024-02-29,146.38,147.22,145.54,145.68,8285600.0
2024-03-01,146.0,146.2,144.86,146.02,6709000.0
2024-03-04,146.16,150.16,146.14,150.08,18927500.0
2024-03-05,150.02,150.04,148.32,149.46,10932600.0
2024-03-06,149.52,151.34,148.64,150.84,15543100.0
2024-03-07,150.88,151.82,150.26,150.98,8797000.0
2024-03-11,151.46,152.28,149.74,150.28,13981700.0
2024-03-12,150.18,150.78,148.6,150.28,8354900.0
2024-03-13,150.66,151.68,149.5,149.98,8746400.0
2024-03-14,150.04,151.5,149.02,150.18,10809500.0
2024-03-15,150.34,151.2,149.86,150.7,5964600.0
2024-03-18,151.06,151.5,149.5,149.64,9709900.0
2024-03-19,149.6,150.0,147.08,147.76,14349100.0
2024-03-20,147.8,148.84,145.16,148.04,13644200.0
2024-03-21,148.42,150.52,146.84,149.3,15657600.0
2024-03-22,149.36,149.98,147.62,147.98,15192200.0
2024-03-25,147.98,152.7,146.88,151.38,15899700.0
2024-03-26,151.66,153.14,150.16,151.36,12154700.0
2024-03-27,151.62,153.22,151.24,153.0,9877400.0
2024-03-28,153.22,153.58,151.2,152.08,7534300.0
2024-03-29,152.5,152.5,151.0,151.1,6927400.0
2024-04-01,151.14,152.08,150.48,150.54,6300600.0
2024-04-08,152.52,156.38,152.12,152.96,22159520.0
2024-04-09,152.86,164.0,152.54,164.0,57170440.0
2024-04-10,164.02,165.8,161.1,163.3,35625760.0
2024-04-11,163.56,164.6,160.3,161.48,14828650.0
2024-04-12,161.98,167.48,161.64,164.8,34496960.0
2024-04-15,164.8,164.98,160.42,162.34,23976430.0
2024-04-16,162.3,162.3,158.24,158.92,19737090.0
2024-04-17,158.4,160.38,158.4,159.42,8969000.0
2024-04-18,159.42,160.76,157.44,158.62,5668870.0
2024-04-19,158.76,160.4,158.4,158.66,7115680.0
2024-04-22,158.48,160.88,157.64,159.3,9141350.0
2024-04-23,159.4,159.74,156.4,156.58,9054240.0
2024-04-24,156.52,157.84,155.14,155.82,7745140.0
2024-04-25,155.52,158.0,155.28,157.52,5798810.0
2024-04-26,157.58,157.86,155.0,156.54,5159170.0
2024-04-27,156.8,157.0,155.8,156.04,3345900.0
2024-04-29,156.4,156.9,153.9,155.16,4595360.0
2024-04-30,155.26,155.26,153.12,153.9,2881930.0
2024-05-02,153.9,156.88,153.68,154.48,5682310.0
2024-05-03,154.44,155.38,153.4,154.4,5293560.0
2024-05-06,154.42,156.8,153.1,155.8,8649630.0
2024-05-07,155.74,156.46,153.7,154.44,5886660.0
2024-05-08,154.54,154.7,153.5,153.82,4691600.0
2024-05-10,153.98,154.64,152.46,152.78,6040000.0
2024-05-13,152.8,152.9,151.58,152.04,5787880.0
2024-05-14,152.16,152.66,151.82,152.48,6623750.0
2024-05-15,152.58,152.98,151.04,152.68,8939690.0
2024-05-16,152.78,153.78,152.22,152.6,8647230.0
2024-05-17,152.98,157.3,152.6,156.3,27921250.0
2024-05-20,157.5,159.44,151.52,151.88,18536730.0
2024-05-21,151.62,153.38,148.12,148.92,23717450.0
2024-05-22,149.0,153.0,148.0,150.0,17898790.0
2024-05-23,149.82,155.76,146.7,154.06,45472000.0
2024-05-24,154.06,157.7,151.5,153.04,25447230.0
2024-05-27,153.04,153.88,148.62,149.8,14144420.0
2024-05-28,149.88,152.1,148.82,149.62,11346100.0
2024-05-29,149.6,153.04,149.26,152.0,7010200.0
2024-05-30,152.38,153.0,145.32,146.5,10651540.0
2024-05-31,146.36,147.94,138.14,139.98,16205760.0
2024-06-03,140.9,142.64,133.76,138.52,18387050.0
2024-06-04,138.54,143.02,136.4,140.8,14225020.0
2024-06-05,141.02,141.76,138.1,139.24,8078070.0
2024-06-06,139.3,141.8,138.72,141.8,6696990.0
2024-06-07,141.84,145.36,140.6,143.28,10186770.0
2024-06-10,143.42,143.96,138.12,139.14,7005720.0
2024-06-11,138.52,140.54,136.94,138.86,13240920.0
2024-06-13,135.42,140.18,132.62,139.18,9446010.0
2024-06-14,139.46,141.6,138.3,140.3,5617040.0
2024-06-17,140.64,140.86,138.52,138.54,4872510.0
2024-06-18,138.62,139.6,135.76,136.26,7220770.0
2024-06-19,136.0,136.26,130.6,134.0,13014510.0
2024-06-20,134.12,136.66,130.4,136.32,37098520.0
2024-06-21,136.5,138.88,133.7,134.0,9654620.0
2024-06-24,134.0,134.7,130.2,130.24,6850900.0
2024-06-25,130.3,131.82,128.2,131.18,14611250.0
2024-06-26,131.7,132.42,130.4,130.8,7652770.0
2024-06-27,130.96,131.26,129.0,129.32,8154100.0
2024-06-28,129.14,130.44,129.0,129.92,3930870.0
2024-07-01,130.0,132.66,128.84,132.5,10152930.0
2024-07-02,132.5,135.28,131.3,134.38,12590650.0
2024-07-03,134.96,135.52,132.22,132.66,12070460.0
2024-07-04,132.8,133.54,129.9,130.38,8390770.0
2024-07-05,130.74,134.46,129.6,134.34,9417540.0
2024-07-08,134.32,135.0,132.16,132.52,8049140.0
2024-07-09,132.52,133.08,128.52,129.14,7903480.0
2024-07-10,129.68,129.68,124.02,124.3,15439710.0
2024-07-11,124.68,126.88,124.58,126.1,13800540.0
2024-07-12,125.8,126.46,123.64,125.26,14376800.0
2024-07-15,125.24,125.84,122.24,122.76,7275230.0
2024-07-16,123.26,127.08,122.6,126.1,10421540.0
2024-07-17,126.48,127.44,124.24,125.26,8785330.0
2024-07-18,125.46,129.36,124.42,128.3,9013080.0
2024-07-19,128.54,129.5,127.2,128.5,12148890.0
2024-07-22,129.02,130.46,128.36,129.88,6288580.0
2024-07-23,129.96,130.34,127.62,128.08,5416210.0
2024-07-24,128.6,131.92,127.9,130.86,10314860.0
2024-07-25,130.48,131.1,129.28,129.56,4484710.0
2024-07-26,129.5,131.58,124.76,126.46,14248390.0
2024-07-29,126.08,127.98,124.5,125.2,7239710.0
2024-07-30,125.34,128.0,124.0,127.92,8857260.0
2024-07-31,128.16,130.72,127.0,130.16,6105370.0
2024-08-01,130.22,130.56,128.12,128.64,3657000.0
2024-08-02,128.54,128.86,127.28,128.0,3474010.0
2024-08-05,126.0,126.62,122.92,123.92,10317290.0
2024-08-06,124.24,125.78,124.24,124.88,4550160.0
2024-08-07,125.26,125.88,122.4,124.6,10410960.0
2024-08-08,124.9,125.52,122.64,122.88,5874060.0
2024-08-09,122.88,124.44,122.5,123.46,3482340.0
2024-08-12,123.1,126.08,122.62,125.7,6182080.0
2024-08-13,125.48,129.54,125.1,127.82,11201280.0
2024-08-14,127.98,128.42,125.38,125.76,7533250.0
2024-08-15,125.74,126.2,124.66,125.0,3059450.0
2024-08-16,125.16,127.8,124.22,125.88,5136470.0
2024-08-19,126.08,127.32,124.0,126.0,8430260.0
2024-08-20,126.0,126.2,124.02,124.18,5608370.0
2024-08-21,124.18,124.9,120.56,121.44,13776140.0
2024-08-22,121.3,122.28,117.0,118.9,12525920.0
2024-08-23,118.8,119.06,109.7,113.04,32470920.0
2024-08-26,114.28,118.48,114.24,118.44,13748820.0
2024-08-27,118.42,118.42,111.56,112.9,20173030.0
2024-08-28,112.84,113.34,110.04,112.1,16365380.0
2024-08-29,112.16,113.2,108.7,111.34,14497180.0
2024-08-30,112.0,112.06,104.62,108.58,22677660.0
2024-09-02,107.9,109.86,102.12,103.12,18174640.0
2024-09-03,103.18,107.5,102.24,104.02,18479350.0
2024-09-04,104.22,107.0,103.1,106.72,13674990.0
2024-09-05,107.1,107.28,104.06,104.88,12159850.0
2024-09-06,104.8,107.16,104.5,107.04,7661490.0
2024-09-09,107.28,108.9,105.86,108.1,13441860.0
2024-09-10,108.44,108.88,104.9,105.96,8890680.0
2024-09-11,105.96,106.38,103.06,103.6,11496150.0
2024-09-12,103.8,104.18,100.26,101.5,13883340.0
2024-09-13,101.28,102.88,99.0,102.62,20043550.0
2024-09-16,102.8,106.46,102.76,106.44,11656800.0
2024-09-17,106.54,107.0,104.78,106.82,9338200.0
2024-09-18,106.74,107.96,106.1,106.22,13634370.0
2024-09-19,106.34,111.42,105.72,111.2,26032350.0
2024-09-20,111.24,112.94,109.06,109.42,21753040.0
2024-09-23,110.08,110.76,108.6,110.34,15318780.0
2024-09-24,111.0,116.0,110.06,115.22,31306190.0
2024-09-25,115.86,118.2,112.54,114.02,38495060.0
2024-09-26,113.96,116.82,113.34,115.48,24447140.0
2024-09-27,115.68,116.46,112.68,115.4,34609150.0
2024-09-30,115.58,117.66,113.04,113.04,19362320.0
2024-10-01,112.76,113.96,109.92,110.6,30530020.0
2024-10-02,110.68,111.5,107.62,107.84,23642080.0
2024-10-03,107.82,107.98,105.0,106.46,30178730.0
2024-10-04,106.8,108.0,106.5,106.96,11580110.0
2024-10-07,107.02,107.38,104.62,106.22,19622610.0
2024-10-08,105.88,107.0,104.9,106.4,10420420.0
2024-10-09,106.34,106.82,103.36,103.82,19384550.0
2024-10-10,103.86,104.46,103.16,103.48,14759210.0
2024-10-11,103.5,103.86,101.5,101.56,16173910.0
2024-10-14,101.54,105.74,100.3,105.5,34037080.0
2024-10-15,105.44,108.78,104.5,108.5,33459910.0
2024-10-16,108.44,109.98,105.82,106.82,40695440.0
2024-10-17,106.72,107.24,103.54,104.2,26570970.0
2024-10-18,104.1,105.8,102.74,104.26,29963710.0
2024-10-21,104.34,107.58,104.1,106.14,21981770.0
2024-10-22,106.5,107.9,105.52,105.82,25317760.0
2024-10-23,105.5,107.44,103.68,104.16,22779240.0
2024-10-24,104.06,105.7,103.26,105.12,16355670.0
2024-10-25,105.28,106.28,100.5,101.34,28884390.0
2024-10-28,100.58,101.6,94.22,96.1,46041580.0
2024-10-29,96.22,100.7,95.08,99.74,28823990.0
2024-10-30,100.0,100.42,97.04,97.54,19596070.0
2024-10-31,97.3,99.46,96.76,99.0,20613530.0
2024-11-01,99.38,100.0,97.22,99.16,18703960.0
2024-11-02,98.98,100.88,98.32,100.8,7056700.0
2024-11-05,100.78,105.0,100.28,104.2,21071840.0
2024-11-06,105.5,108.48,105.1,105.9,36498280.0
2024-11-07,105.78,110.48,104.66,109.42,38567780.0
2024-11-08,109.26,112.4,108.08,111.58,41395160.0
2024-11-11,112.3,113.26,110.64,112.64,28532680.0
2024-11-12,112.46,114.84,111.12,113.5,27262290.0
2024-11-13,113.26,115.8,112.7,112.98,38602480.0
2024-11-14,112.96,114.6,110.56,111.68,22569560.0
2024-11-15,111.6,115.5,111.28,115.16,19896910.0
2024-11-18,112.3,115.8,111.7,114.46,34571050.0
2024-11-19,114.66,116.1,109.52,111.0,39991720.0
2024-11-20,111.2,112.0,106.0,108.28,29166920.0
2024-11-21,108.28,109.78,106.6,109.32,29958010.0
2024-11-22,109.44,109.96,106.76,108.52,24606140.0
2024-11-25,108.46,108.8,103.1,103.94,22353180.0
2024-11-26,103.58,106.5,101.86,104.08,26873550.0
2024-11-27,104.2,111.4,102.74,110.96,45812360.0
2024-11-28,111.42,112.24,108.08,110.08,33219790.0
2024-11-29,110.52,114.0,109.68,112.96,23176380.0
2024-12-02,113.2,114.9,112.72,114.1,17177140.0
2024-12-03,113.94,114.34,109.3,110.4,22884210.0
2024-12-04,110.52,110.82,104.1,104.2,30695480.0
2024-12-05,104.62,108.7,102.8,108.16,33477560.0
2024-12-06,108.18,109.84,106.72,107.8,24482840.0
2024-12-09,108.52,109.0,106.38,106.86,21135120.0
2024-12-10,106.86,106.9,103.5,103.6,23461130.0
2024-12-11,103.6,104.84,101.5,104.1,23588910.0
2024-12-12,104.38,104.54,100.1,100.3,23811070.0
2024-12-13,100.28,102.2,99.68,99.9,20055930.0
2024-12-16,98.16,99.1,95.3,95.9,31971090.0
2024-12-17,96.02,96.7,94.8,94.98,22721480.0
2024-12-18,95.38,95.86,93.04,95.66,25834980.0
2024-12-19,95.88,99.16,95.0,95.7,45542260.0
2024-12-20,95.72,105.96,95.7,105.08,53266950.0
2024-12-23,107.0,108.4,104.0,105.0,52975680.0
2024-12-24,105.04,106.9,103.78,104.96,37268050.0
2024-12-25,104.72,108.72,103.54,108.0,42634200.0
2024-12-26,108.48,111.1,106.54,109.66,48192500.0
2024-12-27,109.94,111.66,109.26,111.04,21180610.0
2024-12-28,111.4,114.4,111.1,113.8,24487190.0
2024-12-30,114.56,115.8,114.36,115.5,16426500.0
2025-01-03,115.72,115.8,111.82,112.68,10291150.0
2025-01-06,112.36,113.82,110.66,113.42,9566500.0
2025-01-08,113.6,114.34,112.82,114.0,6826070.0
2025-01-09,114.04,114.82,111.02,111.8,18689480.0
2025-01-10,111.94,116.5,111.02,116.26,30008990.0
2025-01-13,116.9,120.22,116.8,118.38,39003360.0
2025-01-14,118.46,120.82,117.44,119.98,24642810.0
2025-01-15,119.96,121.22,117.16,119.46,26275600.0
2025-01-16,119.76,120.76,118.4,119.12,20432080.0
2025-01-17,119.4,125.0,118.7,124.88,36128740.0
2025-01-20,126.3,128.86,123.2,123.4,40177090.0
2025-01-21,124.36,124.66,121.34,124.56,20072920.0
2025-01-22,125.04,127.28,121.94,123.74,24571490.0
2025-01-23,123.52,125.0,121.58,124.96,14823710.0
2025-01-24,125.22,127.98,123.0,124.14,29690280.0
2025-01-27,124.6,124.98,118.74,119.46,23328720.0
2025-01-28,119.3,121.94,117.12,121.2,30176500.0
2025-01-29,121.42,123.0,120.84,121.78,14891780.0
2025-01-30,121.82,123.24,121.6,122.76,13351060.0
2025-01-31,122.7,124.6,119.54,121.18,24646560.0
2025-02-03,121.0,121.0,117.02,118.3,24752810.0
2025-02-04,118.26,120.0,116.5,117.16,17712430.0
2025-02-05,117.1,121.0,116.02,120.4,23750270.0
2025-02-06,120.8,123.0,120.08,121.5,21591610.0
2025-02-07,121.86,123.62,120.48,122.28,21757600.0
2025-02-10,122.42,127.0,119.0,120.82,99932910.0
2025-02-11,120.54,122.1,119.62,121.12,36295550.0
2025-02-12,121.4,128.0,119.24,127.26,61395060.0
2025-02-13,127.34,129.94,123.5,128.1,49103210.0
2025-02-14,129.0,133.98,125.0,131.5,71277920.0
2025-02-17,133.5,139.0,132.64,138.2,56916550.0
2025-02-18,138.6,138.8,133.2,134.6,36415970.0
2025-02-19,134.8,139.0,132.68,138.52,28689610.0
2025-02-20,139.02,139.68,136.0,137.74,25628460.0
2025-02-21,137.98,140.3,135.14,137.18,27902790.0
2025-02-24,137.5,147.26,135.72,146.94,56675820.0
2025-02-25,147.22,150.14,141.3,143.04,111058320.0
2025-02-26,145.02,145.14,136.54,138.02,43089570.0
2025-02-27,138.32,139.26,134.2,134.34,38496650.0
2025-02-28,134.36,141.0,133.52,140.32,47171820.0
2025-03-01,140.5,140.76,139.58,139.92,528330.0
2025-03-02,140.06,140.32,138.5,139.04,1111330.0
2025-03-03,139.12,139.42,133.04,135.92,45726230.0
2025-03-04,136.08,142.26,136.08,140.92,47781470.0
2025-03-05,141.2,142.0,136.62,136.98,34447370.0
2025-03-06,137.08,138.64,134.14,136.46,21984070.0
2025-03-07,136.46,139.2,133.02,135.7,27917610.0
2025-03-10,136.4,137.5,134.42,137.14,27158090.0
2025-03-11,137.38,138.88,135.06,135.72,24230560.0
2025-03-12,135.82,136.42,133.8,134.0,14990380.0
2025-03-13,133.8,135.5,128.16,131.9,51648880.0
2025-03-14,132.0,132.46,129.0,130.54,28123720.0
2025-03-15,130.92,131.8,130.86,131.2,690760.0
2025-03-16,131.2,132.28,130.68,131.96,2175110.0
2025-03-17,132.0,134.68,131.58,134.06,29411130.0
2025-03-18,134.4,136.4,131.5,132.08,42250940.0
2025-03-19,132.18,133.16,130.22,132.04,17788590.0
2025-03-20,132.02,133.04,129.46,131.16,24114370.0
2025-03-21,131.16,132.34,128.58,129.8,18913670.0
2025-03-24,129.7,129.74,125.32,125.88,19696160.0
2025-03-25,125.9,130.0,123.22,129.58,28991160.0
2025-03-26,129.7,130.52,124.5,125.8,22152150.0
2025-03-27,126.02,126.3,122.5,122.98,23941440.0
2025-03-28,123.0,124.1,120.5,121.56,27840560.0
2025-03-29,120.7,121.28,119.42,119.42,3104970.0
2025-03-30,119.42,119.98,119.42,119.42,1177640.0
2025-03-31,118.98,124.5,118.42,123.3,23194170.0
2025-04-01,123.3,125.3,120.12,120.8,26636260.0
2025-04-02,120.56,121.98,117.52,120.1,31875080.0
2025-04-03,120.22,121.8,114.02,116.42,34693160.0
2025-04-04,118.0,118.0,110.5,110.9,42576130.0
2025-04-05,108.8,111.0,108.68,110.7,4545980.0
2025-04-06,110.26,112.6,109.82,111.94,5139510.0
2025-04-07,109.94,113.66,102.68,111.32,60054700.0
2025-04-08,111.98,113.98,105.66,106.8,29729090.0
2025-04-09,106.5,117.3,105.52,116.08,67845010.0
2025-04-10,115.98,116.84,112.0,114.04,39763540.0
2025-04-11,114.12,117.5,113.98,117.1,22561870.0
2025-04-12,117.22,118.98,117.22,118.38,2618140.0
2025-04-13,118.38,118.96,118.06,118.56,1712030.0
2025-04-14,118.56,118.64,113.18,114.5,18224570.0
2025-04-15,114.66,115.7,111.48,112.2,20549560.0
2025-04-16,112.0,114.58,110.2,113.04,24856650.0
2025-04-17,113.42,116.02,112.3,115.56,21857920.0
2025-04-18,113.28,114.44,110.8,111.62,27889920.0
2025-04-21,112.88,114.96,112.24,113.92,15076760.0
2025-04-22,114.48,118.3,112.64,116.7,29483130.0
2025-04-23,117.34,117.48,112.66,114.44,23841920.0
2025-04-24,114.4,116.28,113.16,113.84,15293650.0
2025-04-25,114.16,117.76,114.06,117.7,20206280.0
2025-04-26,118.0,120.36,117.84,118.42,5763280.0
2025-04-27,118.78,119.5,118.7,119.48,1154790.0
2025-04-28,119.48,120.0,116.5,117.3,20193030.0
2025-04-29,117.48,117.54,112.7,113.62,15257640.0
2025-04-30,113.14,115.2,111.34,114.38,25839630.0
2025-05-02,114.1,114.1,108.56,109.0,14546610.0
2025-05-03,109.0,109.76,108.36,109.26,1391480.0
2025-05-04,109.26,110.04,109.0,109.4,1175420.0
2025-05-05,109.4,109.82,106.5,107.26,16284210.0
2025-05-06,107.4,109.58,106.56,107.7,13378560.0
2025-05-07,107.9,109.8,107.26,108.86,12057300.0
2025-05-08,108.94,111.88,108.86,111.6,11034650.0
2025-05-10,111.94,112.16,111.2,111.8,1652500.0
2025-05-11,113.0,114.5,112.5,112.88,3288000.0
2025-05-12,113.28,114.64,112.74,114.48,13480890.0
2025-05-13,114.58,114.98,112.72,112.98,13215780.0
2025-05-14,112.86,114.72,110.58,110.6,13625510.0
2025-05-15,111.12,111.8,108.98,110.52,13475690.0
2025-05-16,110.56,111.2,107.74,110.6,12242070.0
2025-05-17,110.6,112.6,110.22,112.3,1735140.0
2025-05-18,112.7,113.0,112.1,112.7,1922200.0
2025-05-19,112.48,112.84,109.6,109.92,12268310.0
2025-05-20,110.36,110.6,107.04,107.82,10916370.0
2025-05-21,107.96,108.1,105.02,105.56,15436910.0
2025-05-22,105.6,106.3,103.54,105.02,19691480.0
2025-05-23,105.1,105.34,103.1,103.68,8905210.0
2025-05-26,103.64,103.66,99.0,100.04,17997760.0
2025-05-27,100.02,101.9,98.5,101.34,15843960.0
2025-05-28,101.64,107.58,101.34,107.2,23651130.0
2025-05-29,107.26,107.4,104.5,104.84,13081950.0
2025-05-30,104.68,106.96,104.1,106.42,14136510.0
2025-05-31,106.44,108.18,106.4,107.08,1383310.0
2025-06-01,106.78,106.78,103.24,103.24,4240570.0
2025-06-02,103.5,106.46,103.02,105.68,13023800.0
2025-06-03,105.68,110.42,105.68,110.4,17811030.0
2025-06-04,110.44,113.36,109.58,111.38,29156120.0
2025-06-05,111.36,112.4,109.02,109.82,14327250.0
2025-06-06,109.6,112.86,108.2,108.2,25111690.0
2025-06-07,108.2,108.72,108.2,108.48,532450.0
2025-06-08,108.48,108.68,107.1,107.68,1040710.0
2025-06-09,107.8,111.2,106.6,110.7,32357750.0
2025-06-10,111.0,111.92,105.62,106.24,37357570.0
2025-06-11,106.36,108.46,104.56,106.8,23132390.0
2025-06-13,107.08,108.14,104.82,105.5,7653240.0
2025-06-14,105.52,106.3,105.5,106.16,1240270.0
2025-06-15,106.32,106.66,105.42,106.18,1037710.0
2025-06-16,106.0,106.22,104.1,104.42,11114120.0
2025-06-17,104.58,107.98,103.66,107.52,16386610.0
2025-06-18,107.56,108.6,106.26,107.28,12429850.0
2025-06-19,107.42,108.36,105.0,106.72,15861820.0
2025-06-20,106.9,107.2,104.48,104.5,9065810.0
2025-06-23,104.78,105.3,102.7,103.9,14304270.0
2025-06-24,103.92,105.26,103.22,104.98,12888790.0
2025-06-25,105.1,107.5,105.02,107.18,14960130.0
2025-06-26,107.5,110.68,107.3,110.4,29866190.0
2025-06-27,110.56,111.58,109.56,111.58,29915480.0
2025-06-28,111.78,111.96,111.2,111.4,961120.0
2025-06-29,111.28,111.6,111.06,111.06,1050370.0
2025-06-30,111.26,112.62,109.78,111.22,28595080.0
2025-07-01,111.42,112.82,110.0,110.48,28611290.0
2025-07-02,110.7,112.46,110.2,112.02,22139480.0
2025-07-03,112.0,112.7,108.82,109.4,31165150.0
2025-07-04,109.38,110.5,108.08,109.48,17264540.0
2025-07-05,109.68,109.7,109.22,109.38,208420.0
2025-07-06,109.38,109.38,108.74,109.02,329880.0
2025-07-07,109.02,109.1,106.36,106.4,13620190.0
2025-07-08,106.38,107.7,103.1,103.72,26470470.0
2025-07-09,103.72,104.7,102.2,104.16,27255480.0
2025-07-10,104.22,105.42,103.12,104.42,13092960.0
2025-07-11,104.6,104.88,101.08,101.5,17065580.0
2025-07-12,101.96,102.44,101.5,102.0,887360.0
2025-07-13,101.98,102.18,100.86,101.74,1395090.0
2025-07-14,101.58,109.52,100.62,109.26,51537570.0
2025-07-15,109.52,110.9,108.76,110.1,29616940.0
2025-07-16,110.1,112.3,109.04,110.04,32044850.0
2025-07-17,110.36,111.18,108.46,108.68,17973090.0
2025-07-18,108.68,115.44,108.1,115.36,50155960.0
2025-07-19,115.36,118.84,114.8,117.3,8765640.0
2025-07-20,118.18,118.46,117.02,117.4,2589590.0
2025-07-21,117.0,118.14,114.74,116.54,31277080.0
2025-07-22,116.46,120.1,115.46,119.5,28885100.0
2025-07-23,119.52,120.76,117.42,118.24,23881490.0
2025-07-24,118.18,119.38,117.48,118.26,17217360.0
2025-07-25,118.46,118.9,113.2,114.68,30439060.0
2025-07-26,114.68,114.9,114.06,114.46,685470.0
2025-07-27,114.44,114.6,114.0,114.3,457380.0
2025-07-28,114.08,117.68,113.42,117.0,45130920.0
2025-07-29,117.06,123.32,116.14,122.9,75496420.0
2025-07-30,122.9,123.2,119.16,119.46,34012110.0
2025-07-31,119.76,121.6,117.82,120.86,29053530.0
2025-08-01,121.38,121.9,118.7,120.12,14524970.0
2025-08-04,119.54,121.96,118.42,120.68,14248820.0
2025-08-05,121.0,122.36,120.12,122.16,11834940.0
2025-08-06,122.38,126.48,119.7,123.7,37794650.0
2025-08-07,123.66,127.8,122.92,125.5,37258770.0
2025-08-08,126.0,128.8,124.1,128.3,20461000.0
2025-08-11,129.98,130.96,126.9,128.1,30542900.0
2025-08-12,128.14,128.68,126.54,128.2,12095750.0
2025-08-13,128.32,129.5,127.58,128.2,13314250.0
2025-08-14,127.72,131.64,127.08,131.46,25452640.0
2025-08-15,131.62,132.64,130.1,130.58,26483720.0
2025-08-16,128.84,128.84,126.6,126.98,6220990.0
2025-08-17,127.02,127.18,126.6,126.6,1579670.0
2025-08-18,126.36,131.4,125.44,129.88,21116620.0
2025-08-19,130.02,131.0,127.8,128.34,17543550.0
2025-08-20,128.34,129.08,125.3,125.72,12847510.0
2025-08-21,125.7,126.12,121.5,121.8,22044990.0
2025-08-22,121.96,124.52,120.98,122.94,15461490.0
2025-08-23,123.02,123.3,122.92,123.1,305490.0
2025-08-24,123.1,123.38,121.94,122.12,630270.0
2025-08-25,122.0,123.66,120.0,123.42,12444620.0
2025-08-26,123.48,125.16,121.86,122.96,10226940.0
2025-08-27,123.02,127.54,122.16,127.1,17140310.0
2025-08-28,127.1,127.14,123.84,124.32,15697900.0
2025-08-29,124.54,125.78,124.0,125.44,8748250.0
2025-08-30,125.44,125.68,125.04,125.18,403460.0
2025-08-31,125.2,125.9,125.18,125.48,567190.0
2025-09-01,125.7,126.58,122.7,123.2,7440940.0
2025-09-02,123.18,123.86,121.22,123.36,11376340.0
2025-09-03,123.3,125.3,122.08,124.88,9815790.0
2025-09-04,124.96,125.7,123.34,124.7,11231080.0
2025-09-05,124.7,126.24,123.5,126.0,10553200.0
2025-09-06,126.0,126.32,125.7,126.14,321620.0
2025-09-07,126.0,127.0,126.0,126.6,859260.0
2025-09-08,126.5,129.28,125.66,129.18,13594270.0
2025-09-09,129.2,130.5,128.64,130.2,18750980.0
2025-09-10,130.18,131.76,128.5,129.66,21518820.0
2025-09-11,129.64,130.32,127.5,129.44,19279690.0
2025-09-12,129.7,130.02,124.0,124.04,35547680.0
2025-09-13,124.2,124.5,123.32,123.42,1180130.0
2025-09-14,123.44,124.62,123.0,124.6,1035960.0
2025-09-15,124.4,125.04,122.44,123.56,15035450.0
2025-09-16,123.7,125.12,121.38,124.12,17431570.0
2025-09-17,124.2,126.36,122.5,126.3,11713890.0
2025-09-18,126.46,126.7,122.7,122.88,20657430.0
2025-09-19,122.88,124.48,119.06,119.28,23014060.0
2025-09-22,119.38,122.32,117.42,121.8,22530340.0
2025-09-23,121.74,123.9,118.08,119.34,22833790.0
2025-09-24,119.44,123.7,117.66,123.7,20325630.0
2025-09-25,123.74,123.86,120.1,120.56,14929330.0
2025-09-26,120.66,123.68,119.84,122.78,16975370.0
2025-09-27,122.78,123.8,122.6,123.56,891990.0
2025-09-28,123.54,123.72,122.88,122.9,492130.0
2025-09-29,123.06,127.2,122.66,125.96,46147000.0
2025-09-30,125.9,125.98,122.42,123.88,22830280.0
2025-10-01,123.88,124.58,120.46,121.1,15294850.0
2025-10-02,121.24,122.12,120.2,121.4,15218830.0
2025-10-03,121.6,122.7,119.5,120.08,12249330.0
2025-10-04,120.0,120.64,118.02,118.66,2671140.0
2025-10-05,118.68,120.2,118.3,120.14,1188690.0
2025-10-06,120.5,124.66,119.32,124.02,19250020.0
2025-10-07,124.02,126.0,123.04,125.96,26731980.0
2025-10-08,125.94,126.76,121.0,121.86,36508820.0
2025-10-09,122.28,130.5,120.0,128.68,77432190.0
2025-10-10,129.1,129.78,125.5,125.64,41702740.0
2025-10-11,125.48,126.24,124.96,126.24,1260300.0
2025-10-12,126.2,126.9,125.52,126.6,1158170.0
2025-10-13,126.86,129.8,126.72,129.04,42781000.0
2025-10-14,129.08,129.34,125.78,126.56,30604110.0
2025-10-15,126.7,127.9,125.0,125.22,21567450.0
2025-10-16,126.06,135.0,124.58,134.34,51863130.0
2025-10-17,134.3,134.32,130.8,131.52,32794270.0
2025-10-18,132.34,133.68,131.94,133.24,2612390.0
2025-10-19,133.28,133.62,132.3,132.88,1437770.0
2025-10-20,133.2,133.9,131.8,133.54,13649600.0
2025-10-21,133.68,133.68,126.52,128.0,36002460.0
2025-10-22,128.1,130.86,125.7,127.3,21982800.0
2025-10-23,126.02,128.38,125.5,127.36,18251010.0
2025-10-24,127.42,128.36,125.0,126.18,15606740.0
2025-10-27,125.78,126.0,118.22,118.5,28346776.0
2025-10-28,118.5,123.3,117.9,122.6,25195430.0
2025-10-29,122.5,125.9,122.18,125.3,22874340.0
2025-10-30,125.3,126.72,124.42,126.7,16319780.0
2025-10-31,126.68,126.7,123.52,123.94,11620900.0
2025-11-01,123.88,125.5,123.88,125.12,3361880.0
2025-11-03,125.34,127.38,125.18,127.0,4260110.0
2025-11-05,126.92,126.92,124.36,125.02,10668440.0
2025-11-06,124.94,125.44,123.82,124.74,5530320.0
2025-11-07,124.3,127.5,123.66,126.52,9354490.0
2025-11-08,126.52,126.7,126.2,126.34,441670.0
2025-11-09,126.34,126.98,126.2,126.98,496920.0
2025-11-10,127.02,127.72,125.82,126.56,9219350.0
2025-11-11,126.56,128.1,126.0,126.82,12876600.0
2025-11-12,126.96,127.28,123.92,124.7,15539640.0
2025-11-13,124.7,126.3,124.04,125.38,10535700.0
2025-11-14,125.4,125.74,122.66,123.9,7254800.0
2025-11-15,123.9,124.1,123.74,123.84,246810.0
2025-11-16,123.9,124.08,123.38,123.48,424750.0
2025-11-17,123.12,124.38,122.24,123.02,8040790.0
2025-11-18,123.28,127.7,122.38,127.0,21959850.0
2025-11-19,127.4,131.94,126.42,129.8,27808270.0
2025-11-20,129.82,134.5,128.72,133.38,19807040.0
2025-11-21,133.36,133.86,130.22,132.62,19336340.0
2025-11-24,132.74,134.36,128.74,129.8,20823890.0
2025-11-25,129.7,133.34,128.8,132.34,17861390.0
2025-11-26,132.62,132.62,130.88,131.36,5113380.0
2025-11-27,131.5,132.12,126.9,127.86,16779880.0
2025-11-28,128.08,131.4,127.54,130.96,10776730.0
2025-11-29,130.86,131.18,130.36,130.76,451090.0
2025-11-30,130.62,131.54,130.46,131.48,978190.0
2025-12-01,131.68,132.24,130.02,131.1,10568400.0
2025-12-02,131.26,131.78,130.42,130.96,10271230.0
2025-12-03,129.56,130.14,128.1,129.96,15551150.0
2025-12-04,130.0,130.66,128.9,128.94,7775880.0
2025-12-05,128.94,134.5,128.9,134.02,24116910.0
2025-12-08,133.98,135.52,133.0,133.02,19212950.0
2025-12-09,133.1,138.88,132.74,137.8,31307500.0
2025-12-10,137.98,138.12,135.56,136.9,16527050.0
2025-12-11,136.98,139.44,135.84,136.36,22956600.0
2025-12-12,136.44,138.5,135.6,136.78,18288600.0
2025-12-13,136.8,137.36,136.38,136.82,1148530.0
2025-12-14,136.82,136.98,136.02,136.12,877530.0
2025-12-15,137.06,139.46,136.16,139.0,17139620.0
2025-12-16,139.22,141.24,138.44,140.48,17535440.0
2025-12-17,140.5,141.48,139.2,140.44,15026270.0
2025-12-18,140.48,143.44,140.02,142.68,28851550.0
2025-12-19,142.78,144.58,141.0,142.2,24669960.0
2025-12-20,142.2,142.54,142.06,142.28,473940.0
2025-12-21,142.3,142.64,141.88,141.98,502520.0
2025-12-22,142.08,144.2,141.94,143.42,29594910.0
2025-12-23,143.58,148.12,143.48,148.08,35145450.0
2025-12-24,148.36,148.6,144.6,145.72,35114450.0
2025-12-25,145.64,147.54,144.64,147.16,16321610.0
2025-12-26,147.48,152.0,147.3,152.0,31254670.0
2025-12-27,152.26,152.76,151.94,152.56,3495290.0
2025-12-28,152.7,152.98,151.3,152.72,3308550.0
2025-12-29,152.64,153.1,148.08,148.7,35338120.0
2025-12-30,148.7,149.92,148.32,149.46,16898010.0
2026-01-05,149.02,150.84,147.4,150.62,10704630.0
2026-01-06,150.74,153.0,150.68,152.64,9873660.0
2026-01-08,151.42,151.42,149.0,149.46,10028910.0
2026-01-09,149.54,150.72,149.38,149.9,6323120.0
2026-01-12,150.16,156.78,150.0,156.52,48491480.0
2026-01-13,156.28,158.52,154.28,156.5,37475180.0
2026-01-14,158.42,159.0,155.86,157.06,23778710.0
2026-01-15,156.0,157.16,155.08,156.4,15179770.0
2026-01-16,155.86,156.9,155.3,156.36,18051980.0
2026-01-17,156.16,156.6,156.16,156.38,543170.0
2026-01-18,156.32,156.9,156.1,156.66,620300.0
2026-01-19,157.2,159.54,157.1,158.72,19989170.0
2026-01-20,158.6,159.66,157.92,158.84,14582120.0
2026-01-21,159.1,163.08,158.84,162.0,26606720.0
2026-01-22,162.08,162.42,159.38,161.88,18122180.0
2026-01-23,161.48,165.38,161.32,165.36,21634230.0
2026-01-24,165.5,166.72,165.1,166.04,4415060.0
2026-01-25,166.06,169.34,166.04,169.04,8996520.0
2026-01-26,169.76,170.4,165.72,166.48,41084250.0
2026-01-27,166.86,167.5,163.68,165.94,36678720.0
2026-01-28,166.76,169.3,166.58,168.3,23633180.0
2026-01-29,168.84,173.2,166.68,170.52,56814880.0
2026-01-30,168.2,169.22,159.12,160.0,46961870.0
2026-01-31,160.12,161.64,159.88,160.2,2942940.0
2026-02-01,160.48,161.52,160.06,160.86,1772400.0
2026-02-02,159.5,162.28,155.92,160.44,43222580.0
2026-02-03,161.06,163.84,161.04,162.08,23619290.0
2026-02-04,162.7,163.74,156.5,158.1,25701200.0
2026-02-05,156.88,157.24,152.96,153.04,29774840.0
2026-02-06,152.82,157.34,152.3,156.92,19670660.0
2026-02-07,157.36,158.22,157.0,157.88,1660180.0
2026-02-08,157.7,157.88,156.4,156.7,1655700.0
2026-02-09,156.56,158.12,154.84,157.6,12348660.0
2026-02-10,157.1,157.44,155.28,155.96,8899220.0
2026-02-11,156.52,162.62,156.3,161.74,31345720.0
2026-02-12,161.3,161.48,158.0,158.22,23349070.0
2026-02-13,158.48,159.96,153.1,154.7,38957500.0
2026-02-16,154.6,156.4,151.98,155.82,19287500.0
2026-02-17,155.9,155.92,153.42,154.0,11544720.0
2026-02-18,154.58,156.18,153.2,155.08,12918960.0
2026-02-19,155.74,157.38,152.66,153.28,16331090.0
2026-02-20,153.74,155.14,151.52,154.66,12292870.0
2026-02-21,154.72,155.16,154.54,154.68,442470.0
2026-02-22,154.68,154.94,154.36,154.72,424840.0
2026-02-23,155.1,155.38,154.5,155.22,683760.0
2026-02-24,155.38,158.28,155.34,156.42,15976360.0
2026-02-25,156.74,161.58,156.28,160.9,23410950.0
2026-02-26,160.5,162.18,160.0,161.86,14808670.0
2026-02-27,161.88,165.74,161.88,165.2,25262600.0
2026-02-28,164.94,166.16,163.34,164.5,6050520.0
2026-03-01,164.52,165.62,164.22,165.2,2432320.0
2026-03-02,165.18,165.18,160.82,161.3,20841860.0
2026-03-03,161.5,163.14,156.62,157.78,22169190.0
2026-03-04,158.2,162.42,157.6,161.4,14598400.0
2026-03-05,161.88,162.0,159.36,160.46,12868150.0
2026-03-06,160.98,160.98,158.14,159.3,12903640.0
2026-03-09,159.4,159.5,154.2,157.8,13856040.0
2026-03-10,157.8,160.32,155.8,157.06,15202020.0
2026-03-11,157.3,158.9,155.8,156.4,7874880.0
2026-03-12,156.4,157.02,154.58,155.46,9080180.0
2026-03-13,155.8,158.32,154.74,155.24,8835260.0
2026-03-14,155.56,155.68,155.14,155.46,467740.0
2026-03-15,155.12,155.98,155.0,155.98,600970.0
2026-03-16,155.98,155.98,153.5,154.16,11172470.0
2026-03-17,154.3,155.1,153.7,153.98,6166190.0
2026-03-18,154.12,156.14,152.12,152.14,15402160.0
2026-03-19,152.18,153.5,150.8,152.52,17536630.0
2026-03-20,152.5,154.5,152.32,152.54,9270730.0
2026-03-23,151.42,151.44,146.8,147.84,31364580.0
2026-03-24,147.8,148.72,144.78,145.98,13665100.0
2026-03-25,146.76,148.18,146.1,146.72,14682820.0
2026-03-26,146.92,146.96,142.48,143.68,12799310.0
2026-03-27,143.78,145.0,139.98,140.2,21632770.0
2026-03-28,140.02,140.34,139.44,139.9,838030.0
2026-03-29,139.9,142.72,139.26,141.98,4235330.0
2026-03-30,142.3,144.74,139.84,141.16,23422140.0
2026-03-31,141.94,142.98,138.66,139.9,18108950.0
2026-04-01,140.1,142.24,138.7,140.02,18883770.0
2026-04-02,139.78,139.8,136.62,137.02,19188150.0
2026-04-03,137.34,137.82,133.9,133.9,21682250.0
2026-04-04,133.9,134.44,133.34,133.92,1873530.0
2026-04-05,133.98,134.56,133.36,134.48,883820.0
2026-04-06,134.48,137.88,133.66,137.3,23573990.0
2026-04-07,137.6,137.8,134.52,135.0,14010110.0
2026-04-08,136.52,138.9,135.4,136.54,29124300.0
2026-04-09,136.46,136.94,134.54,135.48,10548550.0
2026-04-10,135.7,136.08,133.82,134.24,7683130.0
2026-04-11,134.24,134.6,133.88,134.26,560370.0
2026-04-12,134.26,134.5,131.0,131.9,6699010.0
2026-04-13,133.0,133.06,129.16,131.36,18387140.0
2026-04-14,131.34,134.34,129.8,132.02,20712730.0
2026-04-15,132.18,135.12,131.52,134.2,17431230.0
2026-04-16,134.58,137.38,134.24,136.16,19651320.0
2026-04-17,136.2,138.48,135.2,137.68,17935260.0
2026-04-18,137.7,137.96,135.78,136.26,2470900.0
2026-04-19,136.36,136.44,135.8,136.32,786890.0
2026-04-20,136.38,139.68,134.54,139.22,20134980.0
2026-04-21,139.24,141.68,138.5,141.22,24773690.0
2026-04-22,141.46,142.96,139.24,140.82,17613830.0
2026-04-23,140.8,141.18,138.82,139.6,12290840.0
2026-04-24,140.14,140.72,137.34,137.76,11254890.0
