Date,Open,High,Low,Close,Volume
2000-01-19,2.49,2.49,2.49,2.49,12000.0
2000-03-24,3.0,3.0,3.0,3.0,26800.0
2000-04-04,2.71,2.73,2.71,2.73,300.0
2000-04-05,2.5,2.5,2.5,2.5,100.0
2000-04-06,3.0,3.0,3.0,3.0,400.0
2000-04-07,3.15,3.15,3.15,3.15,400.0
2000-04-10,3.35,3.35,3.35,3.35,400.0
2000-05-11,3.1,3.1,2.95,2.95,44800.0
2005-08-03,14.5,14.5,14.5,14.5,4800.0
2006-09-04,12.0,12.0,12.0,12.0,1000.0
2006-09-05,12.0,12.0,12.0,12.0,2000.0
2006-09-08,14.1,14.1,14.1,14.1,1000.0
2006-09-11,21.3,21.3,15.0,15.0,1200.0
2006-09-12,12.5,13.7,12.5,13.7,20200.0
2006-09-13,14.5,15.0,14.4,14.85,14000.0
2006-09-14,15.0,16.0,15.0,15.5,1800.0
2006-09-15,16.0,16.0,15.9,15.9,200.0
2006-09-18,14.001,16.0,14.001,16.0,200.0
2006-09-19,18.75,18.75,18.75,18.75,1000.0
2006-09-21,15.51,17.6,15.5,17.6,7100.0
2006-09-25,15.6,15.6,15.6,15.6,800.0
2006-10-03,15.0,15.0,14.423,14.423,400.0
2006-10-05,15.1,15.1,15.1,15.1,100.0
2006-10-06,16.0,16.0,15.2,15.2,17500.0
2006-10-09,15.5,16.0,15.5,16.0,600.0
2006-10-10,16.1,17.1,16.1,17.1,9100.0
2006-10-11,16.501,16.51,16.501,16.51,600.0
2006-10-12,16.8,16.8,16.8,16.8,6000.0
2006-10-13,17.6,18.1,17.6,17.8,8600.0
2006-10-16,18.2,18.2,18.2,18.2,2200.0
2006-10-17,18.3,18.3,18.3,18.3,2500.0
2006-10-18,19.0,19.2,19.0,19.0,17500.0
2006-10-19,19.1,19.1,18.9,19.0,700.0
2006-10-20,18.8,18.8,18.8,18.8,2400.0
2006-10-23,18.5,18.5,18.5,18.5,4300.0
2006-10-24,18.55,18.55,18.0,18.0,11600.0
2006-10-25,18.1,18.7,18.1,18.7,9500.0
2006-10-26,18.74,18.85,18.7,18.7,27200.0
2006-10-27,18.9,22.0,18.9,22.0,40600.0
2006-10-30,20.5,22.0,20.5,22.0,1200.0
2006-10-31,23.0,24.0,23.0,24.0,9400.0
2006-11-01,23.8,27.0,23.2,26.5,16700.0
2006-11-02,26.3,26.3,25.71,26.0,4100.0
2006-11-03,25.501,25.501,25.501,25.501,100.0
2006-11-07,26.0,27.0,26.0,27.0,5600.0
2006-11-08,28.0,28.0,27.0,27.0,4900.0
2006-11-09,28.0,29.3,28.0,29.3,21500.0
2006-11-10,29.0,29.8,27.9,28.3,17100.0
2006-11-13,29.0,32.1,29.0,32.1,27200.0
2006-11-14,31.0,32.4,30.8,32.4,9900.0
2006-11-15,32.5,35.5,32.5,35.085,27400.0
2006-11-16,35.6,36.0,34.5,36.0,9600.0
2006-11-17,35.0,35.99,33.55,35.0,11600.0
2006-11-20,36.0,37.25,35.5,35.5,13100.0
2006-11-21,35.999,36.0,33.0,33.0,8500.0
2006-11-22,33.0,35.47,28.051,32.7,29700.0
2006-11-23,34.5,34.5,33.2,33.3,9600.0
2006-11-24,33.5,34.9,33.4,34.3,26500.0
2006-11-27,35.1,35.5,34.55,35.5,65100.0
2006-11-28,35.2,35.32,34.51,35.0,22000.0
2006-11-29,35.8,35.8,34.625,34.625,8900.0
2006-11-30,34.82,34.82,34.0,34.8,7500.0
2006-12-01,35.0,35.32,34.5,35.0,26900.0
2006-12-04,34.6,34.6,34.0,34.0,8600.0
2006-12-05,34.2,34.799,33.5,34.5,19600.0
2006-12-06,34.8,34.8,32.8,34.25,27500.0
2006-12-07,35.5,35.89,34.8,35.5,34200.0
2006-12-08,35.6,35.6,34.25,34.25,10200.0
2006-12-11,34.5,35.0,34.0,34.0,5000.0
2006-12-12,34.0,34.8,34.0,34.0,12400.0
2006-12-13,34.0,34.0,33.0,33.0,4900.0
2006-12-15,33.0,33.9,32.0,33.0,20900.0
2006-12-18,33.4,33.4,32.001,32.001,2600.0
2006-12-19,32.0,32.0,31.0,31.0,9200.0
2006-12-20,30.1,32.85,30.0,31.87,28300.0
2006-12-21,30.001,31.499,30.0,30.5,12900.0
2006-12-22,29.019,30.89,29.0,30.65,10900.0
2006-12-25,30.001,30.999,30.0,30.645,32000.0
2006-12-26,30.66,30.79,30.011,30.595,19200.0
2006-12-27,29.55,30.6,29.55,30.398,17800.0
2006-12-28,30.0,35.0,30.0,31.5,47200.0
2006-12-29,34.9,34.9,30.8,30.95,85000.0
2007-01-09,30.99,31.499,30.0,30.0,17600.0
2007-01-10,30.25,30.25,30.25,30.25,4400.0
2007-01-11,31.0,34.9,30.0,31.0,14200.0
2007-01-12,30.5,31.0,30.5,31.0,7500.0
2007-01-15,31.5,31.5,31.2,31.2,400.0
2007-01-16,31.0,31.05,30.5,30.5,14500.0
2007-01-17,30.0,30.5,30.0,30.0,10200.0
2007-01-18,30.0,30.0,28.0,29.7,25400.0
2007-01-19,29.6,29.69,29.6,29.69,16300.0
2007-01-22,29.59,29.9,29.0,29.0,19100.0
2007-01-23,30.0,30.0,29.0,29.5,41300.0
2007-01-24,30.1,30.1,29.75,29.75,15000.0
2007-01-25,29.501,29.899,29.5,29.85,16100.0
2007-01-26,30.0,30.0,29.5,29.5,4700.0
2007-01-29,29.501,33.0,29.5,31.5,86900.0
2007-01-30,31.519,31.519,31.0,31.119,24400.0
2007-01-31,31.999,35.0,31.159,33.7,68400.0
2007-02-01,34.495,34.5,33.05,34.25,27000.0
2007-02-02,34.501,35.58,34.012,34.9,50100.0
2007-02-05,35.0,35.5,34.0,34.0,29300.0
2007-02-06,34.001,36.75,33.67,35.0,93200.0
2007-02-07,34.501,35.449,34.1,35.449,6300.0
2007-02-08,36.5,36.5,34.0,34.0,20200.0
2007-02-09,34.001,36.52,33.66,34.25,7900.0
2007-02-12,34.001,34.999,33.0,33.0,16100.0
2007-02-13,33.6,34.497,32.709,34.48,45000.0
2007-02-14,34.001,34.997,34.0,34.7,19900.0
2007-02-15,34.515,34.515,34.0,34.5,19500.0
2007-02-16,34.8,34.8,34.25,34.789,17200.0
2007-02-19,34.95,34.95,34.95,34.95,200.0
2007-02-20,34.997,35.0,34.0,34.1,15700.0
2007-02-21,34.6,34.6,34.1,34.1,7900.0
2007-02-22,34.1,35.5,34.0,35.5,29100.0
2007-02-26,36.2,36.2,34.0,35.35,35700.0
2007-02-27,34.502,36.0,34.5,34.5,7400.0
2007-02-28,34.001,35.0,33.5,34.0,49600.0
2007-03-01,34.0,34.85,32.0,32.0,9300.0
2007-03-02,32.1,33.0,32.0,32.1,3200.0
2007-03-05,33.0,33.0,32.0,32.98,4900.0
2007-03-06,32.95,33.997,32.5,33.996,40200.0
2007-03-07,33.5,34.35,33.5,34.35,13600.0
2007-03-09,33.99,33.99,33.99,33.99,100.0
2007-03-12,32.0,32.119,32.0,32.119,3200.0
2007-03-13,32.799,33.99,32.799,33.99,9400.0
2007-03-14,32.99,32.99,32.02,32.02,2300.0
2007-03-16,32.5,33.2,32.5,32.519,1600.0
2007-03-19,32.5,33.6,32.5,33.6,26700.0
2007-03-20,34.0,34.47,34.0,34.0,46400.0
2007-03-21,34.01,34.01,33.89,33.89,10500.0
2007-03-23,33.995,34.4,33.995,34.4,2200.0
2007-03-26,34.321,34.321,33.5,33.5,20900.0
2007-03-27,33.0,34.0,33.0,33.838,16900.0
2007-03-28,33.001,34.5,33.0,34.2,35400.0
2007-03-29,34.001,34.79,34.0,34.79,5500.0
2007-03-30,35.0,35.0,34.5,34.501,35300.0
2007-04-02,34.5,34.8,34.5,34.8,3500.0
2007-04-04,34.002,35.0,34.002,34.4,7600.0
2007-04-05,34.001,34.339,34.0,34.339,20600.0
2007-04-06,34.103,34.103,34.1,34.1,4900.0
2007-04-09,33.021,33.936,33.02,33.936,2600.0
2007-04-10,33.94,33.94,32.507,33.6,73100.0
2007-04-11,33.5,33.899,33.5,33.899,1100.0
2007-04-13,33.999,34.0,33.999,34.0,9600.0
2007-04-17,34.001,34.104,33.995,34.104,6400.0
2007-04-18,34.0,34.15,33.6,33.6,14000.0
2007-04-19,33.0,33.3,33.0,33.3,9900.0
2007-04-20,34.0,34.69,34.0,34.69,9000.0
2007-04-23,35.1,35.21,34.0,34.99,7200.0
2007-04-24,35.1,35.1,33.5,34.0,9300.0
2007-04-25,34.0,35.0,34.0,35.0,10700.0
2007-04-26,34.51,34.95,34.0,34.001,17900.0
2007-04-27,34.501,34.501,33.2,33.2,51300.0
2007-04-28,33.4,34.0,33.4,34.0,600.0
2007-05-02,35.0,35.0,33.5,33.5,8900.0
2007-05-03,33.5,34.0,33.5,34.0,50400.0
2007-05-08,33.0,34.0,33.0,33.3,10600.0
2007-05-10,33.5,33.98,33.5,33.5,5100.0
2007-05-11,34.8,34.8,32.0,32.0,37200.0
2007-05-16,32.895,33.0,32.5,32.5,14500.0
2007-05-17,35.0,35.0,32.5,32.5,5200.0
2007-05-18,33.0,33.0,32.33,32.33,9200.0
2007-05-21,32.5,32.5,32.5,32.5,4800.0
2007-05-22,32.5,32.5,32.25,32.302,35100.0
2007-05-23,32.5,32.5,32.5,32.5,15000.0
2007-05-24,32.5,32.5,32.25,32.25,6300.0
2007-05-28,32.0,32.0,32.0,32.0,300.0
2007-05-29,32.0,33.49,31.01,33.49,17800.0
2007-05-31,31.0,31.3,31.0,31.15,18500.0
2007-06-05,31.5,31.5,31.5,31.5,300.0
2007-06-06,31.15,31.5,31.0,31.5,8000.0
2007-06-07,31.9,31.9,31.0,31.0,45000.0
2007-06-09,31.45,31.5,31.0,31.5,18900.0
2007-06-13,31.001,31.001,31.001,31.001,300.0
2007-06-14,32.5,34.0,32.0,32.0,8900.0
2007-06-15,32.5,32.5,31.0,31.0,24300.0
2007-06-18,32.0,32.0,31.0,31.0,7800.0
2007-06-19,31.0,31.0,30.5,30.5,10300.0
2007-06-20,30.5,30.601,30.01,30.601,10100.0
2007-06-21,30.799,30.8,30.799,30.8,32400.0
2007-06-22,31.25,32.0,31.25,32.0,6400.0
2007-06-25,31.999,31.999,31.999,31.999,100.0
2007-06-26,31.499,32.0,31.499,32.0,3900.0
2007-06-27,31.51,31.51,31.0,31.0,8500.0
2007-06-28,31.997,32.99,31.997,32.99,4000.0
2007-06-29,33.49,33.99,32.5,33.99,10700.0
2007-07-02,33.5,33.975,33.0,33.975,4600.0
2007-07-03,33.5,33.99,33.25,33.25,12300.0
2007-07-04,33.999,33.999,32.0,32.013,25900.0
2007-07-05,33.5,34.9,33.5,34.9,16700.0
2007-07-09,32.0,32.95,31.75,32.15,53000.0
2007-07-10,32.15,32.18,32.01,32.01,5600.0
2007-07-11,32.1,32.1,32.1,32.1,2500.0
2007-07-12,32.0,32.0,32.0,32.0,100.0
2007-07-13,31.031,32.0,29.004,32.0,23200.0
2007-07-16,31.6,31.6,31.6,31.6,300.0
2007-07-17,30.5,30.5,29.9,29.9,2400.0
2007-07-18,30.02,30.5,30.02,30.5,300.0
2007-07-19,30.01,30.01,30.006,30.006,700.0
2007-07-20,30.0,30.005,30.0,30.005,6100.0
2007-07-24,30.548,30.55,30.0,30.0,11500.0
2007-07-25,30.5,30.5,30.5,30.5,100.0
2007-07-26,29.603,29.603,29.5,29.501,4200.0
2007-07-27,29.5,30.6,29.0,29.5,31600.0
2007-07-30,29.5,29.5,29.0,29.5,17800.0
2007-07-31,29.5,29.5,29.5,29.5,3600.0
2007-08-01,29.4,29.97,29.4,29.97,700.0
2007-08-03,29.989,30.0,29.989,30.0,36000.0
2007-08-06,29.5,29.75,29.5,29.515,11000.0
2007-08-07,30.0,30.1,29.75,29.75,15500.0
2007-08-08,29.5,30.0,29.45,29.975,30000.0
2007-08-09,29.5,29.5,29.5,29.5,5000.0
2007-08-10,29.25,29.7,29.15,29.7,61300.0
2007-08-13,29.5,29.5,29.5,29.5,20000.0
2007-08-16,28.69,28.95,28.518,28.6,10400.0
2007-08-21,29.4,29.999,29.4,29.999,6900.0
2007-08-22,29.998,29.998,29.998,29.998,100.0
2007-08-23,29.1,29.1,29.1,29.1,1000.0
2007-08-24,29.62,29.62,29.0,29.0,2000.0
2007-08-28,29.001,29.001,29.0,29.0,2600.0
2007-08-30,29.001,29.001,29.0,29.0,5000.0
2007-08-31,29.9,29.97,29.9,29.97,12400.0
2007-09-03,29.5,29.999,29.15,29.999,5000.0
2007-09-05,29.5,30.495,29.5,29.9,26700.0
2007-09-07,29.45,29.45,29.45,29.45,18000.0
2007-09-10,29.001,29.001,27.9,28.0,2100.0
2007-09-11,28.1,28.1,28.0,28.0,300.0
2007-09-12,27.5,27.5,27.5,27.5,3800.0
2007-09-18,27.251,27.251,27.25,27.25,300.0
2007-09-19,28.488,29.0,28.2,28.3,1100.0
2007-09-20,28.2,28.2,28.2,28.2,100.0
2007-09-21,29.0,29.1,29.0,29.0,1200.0
2007-09-25,27.251,27.251,27.101,27.101,1800.0
2007-09-26,27.898,27.9,27.898,27.9,400.0
2007-09-27,27.72,27.72,27.72,27.72,200.0
2007-09-28,27.01,27.01,27.0,27.0,6100.0
2007-10-01,27.0,27.0,26.5,26.5,10400.0
2007-10-02,26.251,26.251,26.01,26.01,900.0
2007-10-03,27.883,27.883,27.883,27.883,100.0
2007-10-09,26.052,26.252,25.5,25.5,800.0
2007-10-10,26.25,27.999,26.25,27.0,34100.0
2007-10-11,26.126,28.0,26.126,28.0,3100.0
2007-10-16,27.3,28.0,27.3,28.0,46000.0
2007-10-17,27.85,28.998,27.85,28.0,7400.0
2007-10-18,27.5,27.5,27.5,27.5,5000.0
2007-10-19,27.05,28.499,27.05,28.499,10600.0
2007-10-23,28.888,28.888,28.0,28.3,19800.0
2007-10-24,28.0,28.0,28.0,28.0,9000.0
2007-10-25,28.5,28.5,27.75,27.75,20000.0
2007-10-26,28.3,28.3,28.3,28.3,2000.0
2007-10-29,29.98,29.98,29.98,29.98,5900.0
2007-10-30,29.0,29.0,29.0,29.0,2000.0
2007-10-31,28.334,28.334,28.3,28.3,3500.0
2007-11-02,28.252,28.252,28.25,28.25,2000.0
2007-11-06,28.251,28.251,28.25,28.25,8500.0
2007-11-08,28.3,28.3,28.0,28.0,13000.0
2007-11-09,28.913,30.001,28.913,30.0,34300.0
2007-11-12,31.0,33.2,31.0,33.0,23600.0
2007-11-13,33.0,34.5,33.0,34.0,25700.0
2007-11-14,33.75,33.75,33.51,33.51,16000.0
2007-11-15,33.5,33.5,33.0,33.0,17000.0
2007-11-16,33.9,33.9,33.9,33.9,100.0
2007-11-19,33.9,34.0,33.9,34.0,3400.0
2007-11-20,34.5,34.5,34.5,34.5,1700.0
2007-11-21,34.8,34.8,33.5,33.5,13000.0
2007-11-22,34.5,35.45,34.0,34.0,7600.0
2007-11-23,33.5,33.5,33.5,33.5,600.0
2007-11-26,33.44,33.45,33.4,33.45,6600.0
2007-11-28,33.0,33.0,33.0,33.0,5000.0
2007-11-29,33.0,33.0,33.0,33.0,5000.0
2007-11-30,32.9,32.9,32.9,32.9,5000.0
2007-12-03,32.8,32.8,32.8,32.8,5000.0
2007-12-05,32.8,32.8,32.0,32.0,16900.0
2007-12-06,32.1,32.1,32.1,32.1,100.0
2007-12-07,32.5,32.5,32.5,32.5,2000.0
2007-12-10,32.5,32.5,32.5,32.5,5300.0
2007-12-11,32.5,35.0,32.5,35.0,24100.0
2007-12-12,35.5,35.5,35.5,35.5,2000.0
2007-12-14,35.5,35.5,35.0,35.0,1300.0
2007-12-17,34.3,34.3,33.5,34.1,8200.0
2007-12-18,34.8,35.5,34.8,35.5,16500.0
2007-12-19,34.0,35.51,33.5,35.51,56000.0
2007-12-21,35.0,36.0,35.0,35.75,24200.0
2007-12-24,35.5,37.0,35.5,37.0,74000.0
2007-12-26,36.0,36.5,36.0,36.5,10000.0
2007-12-27,36.5,36.5,36.0,36.0,6900.0
2007-12-28,36.79,47.0,36.0,42.0,51500.0
2008-01-09,39.0,39.01,39.0,39.0,25000.0
2008-01-10,39.0,39.0,38.5,38.5,19200.0
2008-01-11,39.0,39.0,39.0,39.0,9300.0
2008-01-15,39.89,39.89,39.89,39.89,100.0
2008-01-17,39.89,39.89,39.89,39.89,100.0
2008-01-21,36.591,36.591,36.591,36.591,100.0
2008-01-22,35.1,35.1,33.001,33.001,8600.0
2008-01-23,35.0,35.0,35.0,35.0,2500.0
2008-01-24,33.25,33.25,33.25,33.25,100.0
2008-01-25,34.5,35.5,34.5,35.5,16400.0
2008-01-29,34.0,34.5,34.0,34.001,37300.0
2008-01-30,34.5,35.0,34.5,35.0,16000.0
2008-01-31,36.0,36.0,35.0,35.0,25000.0
2008-02-01,34.001,34.001,34.001,34.001,6700.0
2008-02-04,34.3,34.3,34.3,34.3,8600.0
2008-02-05,35.4,35.4,34.002,34.5,14400.0
2008-02-06,33.501,35.5,33.501,35.5,10900.0
2008-02-07,34.0,34.0,33.5,33.5,14200.0
2008-02-08,35.3,35.5,35.2,35.2,77300.0
2008-02-11,34.5,34.5,34.3,34.3,2600.0
2008-02-12,34.5,34.7,34.5,34.7,8500.0
2008-02-14,35.5,36.0,35.5,36.0,46800.0
2008-02-15,36.0,39.0,36.0,39.0,23300.0
2008-02-18,38.0,38.9,38.0,38.9,18700.0
2008-02-19,39.0,39.5,38.0,39.348,25200.0
2008-02-20,38.0,38.498,37.9,38.45,33200.0
2008-02-21,38.5,39.5,38.0,38.0,19800.0
2008-02-22,39.0,39.99,38.0,39.99,27800.0
2008-02-26,38.5,40.0,38.5,40.0,1400.0
2008-02-27,41.0,41.0,38.7,38.7,43300.0
2008-02-29,38.0,38.0,37.5,37.5,11800.0
2008-03-04,37.001,37.031,37.001,37.001,27100.0
2008-03-05,37.001,37.001,37.0,37.0,13400.0
2008-03-07,37.005,37.005,37.0,37.0,4700.0
2008-03-12,36.6,36.6,36.6,36.6,100.0
2008-03-13,36.0,36.0,36.0,36.0,2300.0
2008-03-17,35.5,36.0,35.0,36.0,40100.0
2008-03-18,35.0,36.1,35.0,36.1,23000.0
2008-03-19,36.1,36.1,36.0,36.0,3500.0
2008-03-20,36.0,36.0,36.0,36.0,10100.0
2008-03-21,36.5,37.0,36.12,36.2,38300.0
2008-03-24,36.7,36.7,36.3,36.36,8300.0
2008-03-26,36.3,36.3,36.0,36.0,2000.0
2008-03-27,36.001,36.3,36.0,36.3,42400.0
2008-03-28,36.8,36.8,36.0,36.0,22900.0
2008-04-03,35.5,35.5,35.0,35.0,7600.0
2008-04-04,35.0,35.0,35.0,35.0,400.0
2008-04-07,34.5,34.5,34.5,34.5,10000.0
2008-04-08,37.0,37.0,34.0,34.5,19200.0
2008-04-09,34.0,34.5,34.0,34.0,5500.0
2008-04-10,33.501,33.52,33.501,33.501,10700.0
2008-04-11,34.0,34.0,33.1,33.1,8400.0
2008-04-14,33.2,33.2,33.0,33.0,5100.0
2008-04-15,33.0,33.0,32.5,32.5,6800.0
2008-04-16,32.6,32.6,32.5,32.5,7000.0
2008-04-17,32.1,32.101,32.0,32.0,10700.0
2008-04-18,32.2,32.2,32.0,32.0,3700.0
2008-04-21,32.7,32.7,32.7,32.7,1500.0
2008-04-22,35.35,35.35,31.2,31.2,10800.0
2008-04-23,30.59,31.2,29.999,30.0,37000.0
2008-04-24,29.501,29.501,29.5,29.5,600.0
2008-04-25,30.333,31.0,30.001,31.0,2100.0
2008-04-28,30.301,30.301,30.3,30.3,400.0
2008-04-29,31.3,31.6,31.3,31.6,3000.0
2008-04-30,30.601,30.601,30.6,30.6,1300.0
2008-05-05,30.999,31.0,30.95,31.0,5200.0
2008-05-06,30.511,30.511,30.511,30.511,100.0
2008-05-07,30.91,30.91,30.91,30.91,59200.0
2008-05-08,31.5,31.5,31.5,31.5,600.0
2008-05-13,30.9,30.9,30.0,30.0,2100.0
2008-05-14,31.25,31.25,31.25,31.25,38500.0
2008-05-19,30.9,31.0,30.9,31.0,6600.0
2008-05-20,30.3,31.0,30.0,31.0,3100.0
2008-05-21,31.3,31.5,31.3,31.5,5700.0
2008-05-22,32.0,32.5,30.8,30.8,18600.0
2008-05-23,30.5,31.0,30.5,30.7,11100.0
2008-05-26,30.49,30.49,30.0,30.0,11600.0
2008-05-27,29.501,29.501,29.5,29.5,1200.0
2008-05-28,29.65,29.65,29.65,29.65,5500.0
2008-05-29,29.7,29.7,29.6,29.6,8900.0
2008-05-30,29.6,29.6,29.6,29.6,3200.0
2008-06-02,30.499,30.5,29.0,29.0,6600.0
2008-06-03,29.0,29.0,29.0,29.0,600.0
2008-06-04,29.001,29.001,29.001,29.001,300.0
2008-06-07,29.001,29.001,28.0,28.0,9900.0
2008-06-09,28.8,28.8,28.501,28.501,5000.0
2008-06-10,29.0,29.0,28.801,28.801,15300.0
2008-06-11,28.501,28.501,28.501,28.501,2300.0
2008-06-17,28.5,29.0,27.5,29.0,11600.0
2008-06-19,28.501,28.501,28.501,28.501,8500.0
2008-06-20,29.0,29.498,28.5,29.498,8600.0
2008-06-23,29.999,33.5,29.999,32.001,62700.0
2008-06-24,31.801,33.098,31.5,33.098,20400.0
2008-06-25,31.9,33.0,31.9,32.5,23800.0
2008-06-26,33.95,33.98,32.5,32.5,14100.0
2008-06-27,32.7,33.2,32.25,32.25,5700.0
2008-06-30,32.0,32.6,32.0,32.6,3500.0
2008-07-01,32.0,33.6,31.4,33.6,42800.0
2008-07-02,32.5,32.7,32.5,32.5,5000.0
2008-07-03,32.3,35.0,32.3,34.8,74100.0
2008-07-04,33.05,33.05,32.501,32.501,5000.0
2008-07-08,32.8,34.5,32.8,34.5,23000.0
2008-07-10,33.15,34.25,33.0,34.25,21800.0
2008-07-11,33.0,33.0,33.0,33.0,1000.0
2008-07-14,32.75,32.75,32.75,32.75,1000.0
2008-07-15,32.58,33.6,32.58,33.6,16600.0
2008-07-16,32.702,33.15,32.5,33.15,14300.0
2008-07-17,33.0,33.9,32.0,33.9,46400.0
2008-07-18,32.5,34.0,32.5,34.0,34100.0
2008-07-21,32.5,33.25,32.0,33.25,14700.0
2008-07-22,33.0,34.8,32.1,34.0,23800.0
2008-07-23,33.99,34.0,33.99,34.0,5700.0
2008-07-24,34.77,34.77,32.801,32.801,21700.0
2008-07-25,32.0,34.0,32.0,34.0,8500.0
2008-07-28,32.502,33.999,32.2,33.999,19200.0
2008-07-29,32.51,33.499,32.5,33.49,5800.0
2008-07-30,32.5,32.99,31.5,32.99,8400.0
2008-07-31,32.1,33.0,31.5,33.0,30300.0
2008-08-01,31.801,33.29,30.9,33.29,13000.0
2008-08-05,31.801,31.801,31.801,31.801,100.0
2008-08-06,31.802,31.802,31.2,31.2,6400.0
2008-08-07,32.0,33.0,32.0,33.0,12000.0
2008-08-08,32.1,32.1,32.0,32.0,3300.0
2008-08-12,31.5,32.2,31.2,32.2,3100.0
2008-08-13,31.0,31.0,31.0,31.0,100.0
2008-08-14,31.0,31.0,31.0,31.0,19900.0
2008-08-15,31.0,31.0,31.0,31.0,200.0
2008-08-18,31.001,32.89,31.0,31.5,36600.0
2008-08-19,31.201,31.201,31.0,31.0,18000.0
2008-08-20,31.0,33.0,31.0,33.0,22900.0
2008-08-21,32.8,32.97,32.8,32.97,8600.0
2008-08-22,32.7,33.1,32.7,33.1,19300.0
2008-08-26,31.0,31.9,30.5,31.9,17300.0
2008-08-27,31.0,31.1,30.001,30.001,20200.0
2008-08-29,30.99,31.0,30.001,30.001,2600.0
2008-09-01,30.999,30.999,30.0,30.0,15800.0
2008-09-03,29.801,30.849,28.7,30.849,26500.0
2008-09-05,28.5,29.0,27.5,29.0,27700.0
2008-09-08,28.51,28.51,28.0,28.0,6700.0
2008-09-09,28.5,28.999,27.5,28.999,46700.0
2008-09-11,28.1,30.5,28.0,30.5,13300.0
2008-09-12,29.5,30.49,29.5,30.49,5700.0
2008-09-15,30.0,30.0,30.0,30.0,2600.0
2008-09-16,28.0,28.0,28.0,28.0,1500.0
2008-09-17,30.49,31.5,25.0,25.0,14400.0
2008-09-19,33.0,35.0,33.0,35.0,1200.0
2008-09-23,31.0,33.0,30.889,33.0,13300.0
2008-09-24,29.001,30.99,28.989,28.99,13000.0
2008-09-25,27.0,28.99,26.5,28.0,12500.0
2008-09-26,29.999,29.999,29.999,29.999,100.0
2008-10-01,25.0,28.994,25.0,28.994,200.0
2008-10-02,30.0,30.0,25.0,25.0,3700.0
2008-10-03,29.0,29.898,25.0,27.4,15200.0
2008-10-06,26.0,26.0,26.0,26.0,2000.0
2008-10-07,25.0,28.0,25.0,28.0,45700.0
2008-10-09,25.0,25.0,25.0,25.0,2000.0
2008-10-13,24.999,27.0,24.999,25.0,30500.0
2008-10-15,27.0,27.0,24.0,26.999,800.0
2008-10-16,27.748,27.748,27.748,27.748,100.0
2008-10-21,27.999,27.999,24.0,24.0,700.0
2008-10-22,27.0,27.0,25.0,25.0,5100.0
2008-10-23,24.899,24.899,24.899,24.899,100.0
2008-10-29,24.0,30.0,24.0,30.0,46900.0
2008-10-30,25.0,25.01,24.5,24.5,163100.0
2008-10-31,24.75,24.75,22.0,22.2,1300.0
2008-11-01,20.0,20.0,19.5,19.5,2000.0
2008-11-05,23.0,23.0,19.5,20.4,7700.0
2008-11-07,18.894,22.5,18.872,22.5,40900.0
2008-11-10,16.2,17.0,16.2,17.0,200.0
2008-11-11,20.75,23.0,20.75,23.0,13600.0
2008-11-13,19.6,22.8,19.6,22.8,200.0
2008-11-14,19.4,20.0,17.0,17.0,4000.0
2008-11-18,19.987,19.987,17.0,17.999,1600.0
2008-11-19,17.999,20.0,17.999,18.0,19800.0
2008-11-24,14.208,14.501,14.208,14.302,600.0
2008-11-26,17.5,19.989,16.7,19.989,600.0
2008-11-27,14.41,19.9,14.41,19.9,3400.0
2008-11-28,18.5,18.52,18.5,18.52,90000.0
2008-12-03,18.84,18.85,13.11,13.11,24300.0
2008-12-05,16.8,16.8,16.8,16.8,500.0
2008-12-09,14.95,17.787,14.9,17.78,19000.0
2008-12-10,15.12,15.12,15.12,15.12,6500.0
2008-12-11,15.0,15.0,15.0,15.0,500.0
2008-12-16,13.1,15.0,13.0,15.0,2000.0
2008-12-17,13.2,13.2,13.0,13.0,1000.0
2008-12-18,12.0,12.0,11.0,12.0,2600.0
2008-12-19,11.0,11.0,11.0,11.0,300.0
2008-12-22,11.0,11.0,10.5,10.5,600.0
2008-12-23,10.998,10.999,8.204,8.226,600.0
2008-12-24,10.7,10.925,10.7,10.925,280100.0
2008-12-25,9.308,10.0,9.308,10.0,3700.0
2008-12-26,10.998,11.0,8.227,10.6,6000.0
2008-12-30,10.95,13.395,10.95,11.0,1500.0
2008-12-31,8.51,8.51,8.51,8.51,300.0
2009-01-12,10.3,10.3,10.3,10.3,100.0
2009-01-13,10.87,10.87,10.87,10.87,100.0
2009-01-14,10.7,10.75,10.7,10.75,200.0
2009-01-20,10.19,10.19,10.19,10.19,300.0
2009-01-22,7.65,7.65,7.134,7.4,1700.0
2009-01-23,7.999,8.0,7.999,8.0,1000.0
2009-01-28,8.998,8.998,8.0,8.0,129300.0
2009-01-29,7.001,7.001,7.001,7.001,10800.0
2009-01-30,8.0,8.01,8.0,8.01,320000.0
2009-02-02,8.0,8.0,8.0,8.0,200.0
2009-02-13,8.848,8.849,8.848,8.849,200.0
2009-02-16,8.0,8.0,8.0,8.0,8500.0
2009-02-25,7.8,8.0,7.8,8.0,401000.0
2009-03-06,7.2,8.8,7.2,8.8,500.0
2009-03-11,9.0,9.0,9.0,9.0,300.0
2009-03-13,9.5,9.5,9.5,9.5,100.0
2009-03-17,8.0,12.35,8.0,8.907,2500.0
2009-03-19,11.5,11.5,11.5,11.5,100.0
2009-03-20,11.501,11.501,11.5,11.501,1000.0
2009-03-23,11.5,11.5,11.5,11.5,1200.0
2009-03-25,10.81,10.83,10.81,10.83,300000.0
2009-03-27,12.5,14.066,12.0,12.0,4600.0
2009-03-31,12.5,12.5,12.5,12.5,100.0
2009-04-01,12.5,12.5,12.0,12.0,4200.0
2009-04-06,12.999,12.999,12.999,12.999,100.0
2009-04-08,12.5,12.5,12.5,12.5,400.0
2009-04-10,11.7,11.71,11.7,11.71,300000.0
2009-04-13,8.801,8.801,8.801,8.801,100.0
2009-04-14,11.441,11.441,10.5,10.5,4400.0
2009-04-16,11.0,11.0,10.0,10.0,300.0
2009-04-17,10.63,10.63,10.63,10.63,200.0
2009-04-20,12.998,13.819,10.633,13.0,19200.0
2009-04-21,13.0,13.0,13.0,13.0,500.0
2009-04-22,12.5,13.5,12.5,13.5,1600.0
2009-04-23,13.9,13.9,13.9,13.9,100.0
2009-04-24,13.5,13.5,13.5,13.5,1000.0
2009-04-27,13.0,13.0,13.0,13.0,1000.0
2009-04-28,12.5,12.5,12.5,12.5,4700.0
2009-04-29,12.05,12.055,12.05,12.055,900.0
2009-04-30,12.061,12.999,12.05,12.999,1000.0
2009-05-05,11.5,13.891,10.0,13.891,900.0
2009-05-06,13.789,13.79,11.7,12.699,2300.0
2009-05-07,13.5,15.5,12.86,12.86,5600.0
2009-05-08,14.0,14.0,14.0,14.0,900.0
2009-05-12,12.516,12.555,12.516,12.555,5000.0
2009-05-13,14.596,14.598,13.5,13.5,2700.0
2009-05-15,12.501,13.49,12.0,13.12,2500.0
2009-05-18,13.68,13.68,13.68,13.68,300.0
2009-05-19,12.011,12.011,12.0,12.0,700.0
2009-05-20,12.517,15.0,12.516,15.0,7900.0
2009-05-21,14.5,15.999,14.35,15.999,1600.0
2009-05-22,16.0,16.0,13.3,13.3,1100.0
2009-05-25,14.7,17.0,14.7,17.0,1200.0
2009-05-26,15.017,15.017,15.017,15.017,100.0
2009-05-27,17.2,19.5,16.85,19.499,4700.0
2009-05-28,19.5,19.5,16.502,16.906,1200.0
2009-05-29,17.999,18.22,17.752,17.752,113800.0
2009-06-01,15.711,17.95,15.71,17.752,6700.0
2009-06-02,17.752,18.25,17.55,18.25,3000.0
2009-06-03,18.4,18.4,18.0,18.0,6000.0
2009-06-04,17.1,18.4,17.1,18.1,5400.0
2009-06-05,18.3,18.45,18.3,18.45,300.0
2009-06-08,18.4,18.7,18.1,18.7,3800.0
2009-06-09,19.0,19.77,18.75,18.75,4700.0
2009-06-11,18.7,19.0,18.7,18.85,900.0
2009-06-15,18.57,18.65,18.0,18.0,7600.0
2009-06-16,18.03,19.0,17.99,19.0,14500.0
2009-06-17,19.0,19.35,18.6,18.648,14500.0
2009-06-18,18.63,18.63,18.63,18.63,100.0
2009-06-19,20.0,20.0,18.4,18.4,300.0
2009-06-22,18.45,18.63,18.01,18.01,51400.0
2009-06-23,16.643,17.7,16.6,17.7,27700.0
2009-06-24,17.0,17.0,17.0,17.0,300.0
2009-06-25,18.3,18.3,18.3,18.3,100.0
2009-06-26,18.1,18.1,18.1,18.1,100.0
2009-06-29,18.12,18.12,18.1,18.1,200.0
2009-07-01,18.1,18.15,18.08,18.15,19200.0
2009-07-02,17.5,17.92,17.1,17.92,41300.0
2009-07-03,17.6,17.6,17.6,17.6,100.0
2009-07-06,16.7,16.712,15.001,16.712,1400.0
2009-07-07,16.799,16.8,16.6,16.6,400.0
2009-07-08,16.6,16.6,16.6,16.6,100.0
2009-07-09,18.02,18.02,17.4,17.4,26500.0
2009-07-10,16.7,16.7,16.7,16.7,100.0
2009-07-14,16.5,16.5,16.1,16.1,2100.0
2009-07-15,16.5,16.5,16.5,16.5,1000.0
2009-07-16,16.88,17.399,16.88,17.01,2200.0
2009-07-20,17.6,17.6,17.5,17.5,2000.0
2009-07-21,17.05,17.05,17.05,17.05,1900.0
2009-07-22,17.3,17.35,17.29,17.29,13100.0
2009-07-23,17.33,17.549,17.33,17.549,14800.0
2009-07-24,17.55,17.55,17.1,17.1,16800.0
2009-07-27,17.0,17.1,17.0,17.1,6300.0
2009-07-28,17.2,17.2,17.2,17.2,1100.0
2009-07-29,17.0,17.5,17.0,17.5,400.0
2009-07-30,17.31,17.31,17.31,17.31,100.0
2009-07-31,17.4,17.4,17.3,17.4,700.0
2009-08-03,17.71,17.71,17.6,17.6,2000.0
2009-08-04,17.6,18.0,17.6,18.0,1400.0
2009-08-05,17.91,18.01,17.9,17.95,20500.0
2009-08-06,19.0,19.0,17.8,17.8,700.0
2009-08-07,17.6,17.6,17.6,17.6,100.0
2009-08-10,17.7,18.11,17.7,17.83,11100.0
2009-08-11,17.93,17.93,17.89,17.89,200.0
2009-08-12,17.918,17.918,17.75,17.75,15200.0
2009-08-13,17.8,17.8,17.8,17.8,100.0
2009-08-14,17.999,18.0,17.999,18.0,25800.0
2009-08-17,17.7,17.7,17.7,17.7,100.0
2009-08-19,17.7,18.0,17.7,17.9,1300.0
2009-08-20,17.97,17.97,17.97,17.97,100.0
2009-08-21,18.0,18.1,18.0,18.1,27100.0
2009-08-24,18.45,18.6,18.2,18.6,27600.0
2009-08-26,19.3,19.3,18.0,18.25,6300.0
2009-08-27,18.299,18.3,18.299,18.3,3100.0
2009-08-28,18.3,18.65,18.3,18.65,8300.0
2009-08-31,18.501,19.1,18.501,19.04,14200.0
2009-09-01,18.95,19.03,18.9,18.9,6400.0
2009-09-02,18.95,18.95,18.95,18.95,300.0
2009-09-03,18.9,19.1,18.9,19.1,2400.0
2009-09-04,19.301,19.301,18.9,18.9,7200.0
2009-09-08,18.87,19.148,18.86,19.148,4000.0
2009-09-09,19.199,19.199,19.199,19.199,200.0
2009-09-10,19.001,20.01,18.5,19.8,16600.0
2009-09-11,19.5,20.2,19.5,19.601,4500.0
2009-09-14,19.519,25.481,19.519,25.0,11800.0
2009-09-15,24.0,30.0,21.5,27.0,19300.0
2009-09-16,25.5,26.03,21.802,26.03,4600.0
2009-09-17,25.555,25.555,25.0,25.0,1900.0
2009-09-18,27.0,27.0,19.999,22.1,76800.0
2009-09-21,21.521,22.1,20.5,21.998,10700.0
2009-09-22,21.999,22.999,21.999,22.999,3000.0
2009-09-23,22.122,22.122,22.0,22.1,1800.0
2009-09-24,22.0,22.0,21.5,21.5,1100.0
2009-09-25,21.997,21.997,21.997,21.997,100.0
2009-09-28,22.1,22.5,19.2,20.9,10700.0
2009-09-29,22.0,22.05,20.999,22.05,5900.0
2009-09-30,23.0,23.9,21.601,22.0,16100.0
2009-10-01,22.09,23.199,22.09,23.0,7600.0
2009-10-02,22.9,23.1,21.207,22.1,18300.0
2009-10-05,22.65,22.65,21.498,21.5,18500.0
2009-10-06,21.6,23.0,21.6,22.0,5400.0
2009-10-07,22.0,22.995,22.0,22.2,900.0
2009-10-08,23.0,25.0,23.0,23.7,32900.0
2009-10-09,24.0,24.0,23.35,23.35,1600.0
2009-10-12,23.501,24.5,23.0,23.0,9000.0
2009-10-13,25.25,26.0,22.499,23.0,7400.0
2009-10-14,23.5,23.5,22.5,23.035,3400.0
2009-10-15,23.1,23.863,21.003,21.003,11300.0
2009-10-16,21.8,23.5,21.8,23.0,8700.0
2009-10-19,23.08,23.08,23.03,23.08,700.0
2009-10-20,23.5,25.0,23.5,23.5,12600.0
2009-10-21,23.5,23.5,22.5,22.6,1600.0
2009-10-23,23.5,23.5,23.0,23.0,700.0
2009-10-26,22.103,24.05,22.101,23.4,2700.0
2009-10-27,23.0,23.0,21.401,22.6,2800.0
2009-10-28,23.0,23.0,21.84,21.9,5000.0
2009-10-29,21.688,21.905,21.601,21.905,1100.0
2009-10-30,22.0,22.648,22.0,22.6,1400.0
2009-11-03,22.8,22.8,22.35,22.5,1200.0
2009-11-05,22.9,23.0,22.9,23.0,700.0
2009-11-06,23.499,23.499,22.5,22.5,2500.0
2009-11-09,22.75,23.0,22.5,23.0,6300.0
2009-11-10,22.1,22.945,22.052,22.7,1900.0
2009-11-11,22.749,22.78,22.749,22.78,700.0
2009-11-12,22.515,22.6,22.5,22.6,4600.0
2009-11-13,22.6,23.0,22.6,22.6,9900.0
2009-11-16,22.71,23.5,22.61,22.7,41300.0
2009-11-17,22.71,23.1,22.71,22.9,2500.0
2009-11-18,23.001,23.489,23.001,23.05,2400.0
2009-11-19,23.0,23.0,23.0,23.0,3000.0
2009-11-20,22.9,22.9,22.7,22.7,11400.0
2009-11-23,23.0,23.1,23.0,23.1,2900.0
2009-11-24,22.8,22.85,22.75,22.75,17800.0
2009-11-25,22.88,22.88,21.002,22.5,19400.0
2009-11-26,22.012,22.25,21.0,21.9,15400.0
2009-11-27,22.0,22.0,22.0,22.0,600.0
2009-11-30,21.9,21.9,21.9,21.9,200.0
2009-12-01,21.975,22.25,21.9,22.0,8200.0
2009-12-02,22.593,22.9,22.45,22.45,12200.0
2009-12-03,22.0,22.02,21.7,21.7,9500.0
2009-12-04,22.0,22.05,22.0,22.05,500.0
2009-12-07,22.0,22.0,21.5,21.75,11000.0
2009-12-08,21.88,21.88,21.5,21.7,800.0
2009-12-09,21.9,21.9,21.9,21.9,100.0
2009-12-11,22.001,22.001,21.8,21.9,6400.0
2009-12-15,21.699,22.1,21.699,22.0,16900.0
2009-12-16,22.1,22.1,22.1,22.1,2500.0
2009-12-17,22.25,22.4,22.25,22.4,5000.0
2009-12-18,22.4,22.5,22.0,22.0,23500.0
2009-12-21,21.91,22.5,21.91,22.4,18100.0
2009-12-22,22.4,22.8,22.4,22.4,4000.0
2009-12-23,22.32,22.33,22.3,22.3,2900.0
2009-12-24,22.4,23.0,22.22,23.0,13100.0
2009-12-25,22.601,23.9,22.6,23.0,10500.0
2009-12-28,23.2,23.238,23.2,23.238,900.0
2009-12-29,23.0,23.23,23.0,23.23,900.0
2009-12-30,22.731,22.731,22.7,22.7,3400.0
2009-12-31,22.738,22.8,22.738,22.8,1000.0
2010-01-11,22.7,23.0,22.0,22.55,9900.0
2010-01-12,22.55,22.55,22.55,22.55,500.0
2010-01-13,22.67,22.75,22.67,22.75,2300.0
2010-01-14,22.9,23.99,22.8,22.8,6100.0
2010-01-15,23.0,24.0,23.0,23.311,16100.0
2010-01-18,23.295,23.295,23.295,23.295,200.0
2010-01-19,23.2,23.25,23.001,23.25,1900.0
2010-01-20,23.27,23.27,23.2,23.2,8000.0
2010-01-21,23.1,23.349,23.05,23.2,5200.0
2010-01-22,22.8,23.1,22.5,23.1,11400.0
2010-01-25,23.391,23.391,23.05,23.05,2600.0
2010-01-26,23.02,23.05,22.6,23.043,27300.0
2010-01-27,22.95,23.0,22.7,23.0,25100.0
2010-01-28,23.399,23.899,23.3,23.6,21100.0
2010-01-29,25.0,29.2,23.3,24.1,24900.0
2010-02-01,23.801,25.0,23.0,24.3,31600.0
2010-02-02,24.7,24.7,24.5,24.5,1600.0
2010-02-03,24.999,24.999,24.5,24.65,8200.0
2010-02-04,24.7,24.7,24.026,24.026,2100.0
2010-02-05,24.0,24.5,24.0,24.0,10300.0
2010-02-08,24.1,25.5,24.1,24.7,18500.0
2010-02-09,24.699,25.2,24.699,25.192,24900.0
2010-02-10,25.33,26.04,25.2,25.351,5300.0
2010-02-11,25.55,25.55,25.21,25.21,300.0
2010-02-12,25.6,26.3,25.6,25.825,4600.0
2010-02-15,26.295,26.4,26.1,26.4,4000.0
2010-02-16,26.8,27.051,26.585,26.8,23900.0
2010-02-17,26.85,27.2,26.85,27.2,3800.0
2010-02-18,27.095,27.2,27.095,27.2,5200.0
2010-02-19,27.2,27.4,27.01,27.18,21100.0
2010-02-24,27.1,27.1,27.1,27.1,200.0
2010-02-25,27.05,27.05,26.5,26.5,1300.0
2010-02-26,26.295,26.35,26.0,26.35,7500.0
2010-02-27,26.4,26.55,26.4,26.401,3500.0
2010-03-01,26.7,26.949,26.7,26.949,2200.0
2010-03-02,26.7,26.7,26.5,26.5,1000.0
2010-03-03,26.599,26.7,26.5,26.7,10700.0
2010-03-04,26.8,26.8,26.709,26.709,1700.0
2010-03-05,26.0,27.15,26.0,27.15,53900.0
2010-03-09,27.06,27.3,27.05,27.05,5100.0
2010-03-10,26.95,27.2,26.85,27.05,11100.0
2010-03-11,27.05,27.05,26.722,26.722,19300.0
2010-03-12,26.96,27.025,26.768,27.0,5000.0
2010-03-15,26.9,27.095,26.556,26.7,23500.0
2010-03-16,26.75,26.999,26.75,26.999,2900.0
2010-03-17,26.9,26.99,26.5,26.702,14900.0
2010-03-18,26.9,26.9,26.7,26.9,6100.0
2010-03-19,26.85,27.399,26.85,26.901,2200.0
2010-03-22,26.97,27.3,26.95,27.3,16100.0
2010-03-23,28.0,29.27,27.0,27.65,30600.0
2010-03-24,27.5,27.65,27.4,27.4,39200.0
2010-03-25,27.4,27.4,27.25,27.25,2700.0
2010-03-26,27.35,27.75,27.1,27.3,16200.0
2010-03-29,27.2,27.349,27.0,27.0,48400.0
2010-03-30,27.0,27.362,27.0,27.33,1400.0
2010-03-31,27.488,29.399,27.488,29.399,55000.0
2010-04-01,29.999,32.1,29.0,31.69,58100.0
2010-04-02,32.0,33.9,31.5,33.549,32800.0
2010-04-05,33.8,36.496,33.5,35.97,38500.0
2010-04-06,36.1,36.1,33.903,34.35,16600.0
2010-04-07,35.0,35.0,32.999,33.2,14200.0
2010-04-08,32.303,33.148,32.303,33.148,2700.0
2010-04-09,33.4,33.719,33.4,33.719,1500.0
2010-04-12,34.0,34.0,31.1,32.739,54000.0
2010-04-13,32.5,32.786,31.001,32.2,24700.0
2010-04-14,32.5,32.6,31.9,32.6,11400.0
2010-04-15,33.0,33.0,31.79,32.3,10800.0
2010-04-16,32.6,32.6,31.823,32.0,15100.0
2010-04-19,31.001,31.98,30.6,31.98,6300.0
2010-04-20,32.0,34.278,31.711,32.59,13600.0
2010-04-21,32.199,32.5,31.0,31.94,22800.0
2010-04-22,31.501,32.0,31.47,32.0,12400.0
2010-04-23,32.0,32.0,30.502,31.8,7000.0
2010-04-26,29.122,32.0,29.122,31.51,6200.0
2010-04-27,31.5,31.87,31.45,31.87,6100.0
2010-04-28,30.7,31.999,25.1,30.91,19700.0
2010-04-29,31.0,31.62,31.0,31.4,3600.0
2010-04-30,31.45,31.99,31.45,31.55,3700.0
2010-05-04,31.0,32.2,30.702,32.16,32200.0
2010-05-05,31.002,31.8,31.0,31.8,11300.0
2010-05-06,31.101,33.9,31.101,32.011,10700.0
2010-05-07,33.5,33.8,31.701,32.44,98100.0
2010-05-11,32.0,32.989,30.011,31.0,61300.0
2010-05-12,30.2,30.2,27.0,28.66,32200.0
2010-05-13,28.65,28.65,27.113,28.19,45700.0
2010-05-14,27.5,27.5,26.5,27.05,27000.0
2010-05-17,27.0,27.0,26.004,26.898,1200.0
2010-05-18,27.0,27.05,26.8,27.0,700.0
2010-05-19,26.5,26.885,26.001,26.55,27400.0
2010-05-20,26.945,31.899,26.0,26.88,9700.0
2010-05-21,26.8,26.8,25.501,26.0,10500.0
2010-05-24,26.2,26.67,25.95,26.4,7100.0
2010-05-25,26.5,26.94,26.5,26.5,20900.0
2010-05-26,26.5,26.5,25.5,26.22,14600.0
2010-05-27,26.333,26.5,26.0,26.3,7000.0
2010-05-28,26.5,26.5,26.16,26.5,22900.0
2010-05-31,26.55,29.9,26.55,27.05,14700.0
2010-06-01,27.112,27.112,26.68,27.0,8100.0
2010-06-02,27.0,27.0,26.85,26.85,900.0
2010-06-03,26.88,27.09,26.7,27.09,9700.0
2010-06-04,27.05,27.1,26.951,26.951,2800.0
2010-06-07,27.0,27.0,26.68,26.68,6200.0
2010-06-08,25.505,26.9,25.505,26.48,7700.0
2010-06-09,26.5,26.5,26.4,26.4,3600.0
2010-06-10,26.5,26.5,25.75,26.0,20100.0
2010-06-11,26.061,26.061,25.8,25.95,600.0
2010-06-15,26.23,26.245,25.9,25.96,9400.0
2010-06-17,26.01,26.01,25.5,25.95,7300.0
2010-06-18,26.0,26.282,26.0,26.282,1700.0
2010-06-21,26.05,26.542,25.7,25.905,46700.0
2010-06-22,26.7,26.7,26.16,26.16,21900.0
2010-06-23,25.9,26.33,25.601,26.33,73300.0
2010-06-24,26.1,26.35,25.7,26.35,66100.0
2010-06-25,26.2,26.2,26.2,26.2,3300.0
2010-06-28,26.095,26.379,25.333,25.501,4700.0
2010-06-29,25.267,25.573,25.057,25.057,3200.0
2010-06-30,25.4,26.0,25.4,25.7,6800.0
2010-07-01,25.35,25.6,25.0,25.6,11800.0
2010-07-02,25.7,25.7,25.2,25.4,8300.0
2010-07-05,25.4,25.4,25.25,25.392,300.0
2010-07-06,25.45,25.75,25.35,25.75,4900.0
2010-07-07,25.55,25.55,21.15,25.25,16700.0
2010-07-08,25.3,25.5,25.0,25.24,6700.0
2010-07-09,25.27,25.3,25.2,25.3,4500.0
2010-07-12,25.2,25.25,25.0,25.25,4300.0
2010-07-13,25.7,26.0,25.3,25.6,11200.0
2010-07-14,25.8,26.2,25.8,26.1,1700.0
2010-07-15,25.9,25.9,25.7,25.8,2700.0
2010-07-16,25.81,25.84,25.75,25.75,1800.0
2010-07-19,25.8,25.8,25.2,25.47,6800.0
2010-07-20,25.7,25.7,25.5,25.55,3100.0
2010-07-21,25.55,25.7,25.392,25.49,24500.0
2010-07-22,25.5,25.65,25.35,25.6,36200.0
2010-07-23,25.75,25.95,25.7,25.7,19100.0
2010-07-26,25.63,26.0,25.4,25.7,22000.0
2010-07-27,25.7,25.85,25.115,25.85,50700.0
2010-07-28,25.56,25.8,25.55,25.7,5900.0
2010-07-29,25.41,25.55,25.2,25.55,51400.0
2010-07-30,25.6,25.64,25.253,25.253,16500.0
2010-08-02,25.549,25.699,25.549,25.699,400.0
2010-08-03,25.79,26.0,25.777,25.779,30800.0
2010-08-04,25.77,26.023,25.77,26.023,12200.0
2010-08-05,26.21,27.21,25.901,26.0,2200.0
2010-08-06,26.0,26.0,25.999,25.999,1200.0
2010-08-09,25.7,25.75,25.7,25.75,7900.0
2010-08-10,25.701,25.72,25.54,25.58,2000.0
2010-08-11,25.16,25.567,25.16,25.51,800.0
2010-08-12,25.25,25.31,25.25,25.25,3100.0
2010-08-13,25.3,25.9,25.3,25.8,11500.0
2010-08-16,25.999,25.999,25.4,25.75,10100.0
2010-08-17,25.99,26.2,25.911,26.2,14700.0
2010-08-18,26.999,26.999,25.9,26.19,7800.0
2010-08-19,26.2,26.25,25.75,26.0,27300.0
2010-08-20,25.95,26.0,25.85,25.851,22400.0
2010-08-23,26.0,26.299,25.97,26.0,7700.0
2010-08-24,26.0,26.0,25.55,25.55,16000.0
2010-08-25,25.7,26.0,25.7,25.85,5300.0
2010-08-26,25.8,25.88,25.65,25.88,13900.0
2010-08-27,25.949,28.0,25.8,26.2,64500.0
2010-08-30,26.261,27.25,26.101,27.25,31500.0
2010-08-31,27.229,32.32,27.229,27.599,56100.0
2010-09-01,27.6,27.992,27.6,27.992,2400.0
2010-09-02,28.59,28.59,27.001,27.5,12700.0
2010-09-03,27.952,28.95,27.7,28.95,15600.0
2010-09-06,28.5,30.8,28.5,30.119,23200.0
2010-09-07,30.0,30.844,30.0,30.1,13300.0
2010-09-08,31.0,31.497,29.5,29.8,23400.0
2010-09-09,29.88,30.098,29.85,30.0,7600.0
2010-09-10,30.151,30.5,29.73,29.73,16200.0
2010-09-13,29.81,30.0,28.0,30.0,26400.0
2010-09-14,29.703,30.0,29.7,29.7,8500.0
2010-09-15,29.9,30.3,29.9,30.0,4200.0
2010-09-16,30.0,30.111,29.9,30.0,8200.0
2010-09-17,30.099,30.1,30.001,30.001,1100.0
2010-09-20,30.0,30.0,29.003,29.85,11400.0
2010-09-21,29.72,30.25,29.72,30.2,3300.0
2010-09-22,30.2,30.25,29.11,30.1,9600.0
2010-09-23,30.0,30.001,29.411,29.7,24000.0
2010-09-24,29.599,30.5,29.599,30.5,28900.0
2010-09-27,30.604,31.5,30.604,31.3,19400.0
2010-09-28,30.401,31.5,30.401,31.153,7700.0
2010-09-29,31.2,31.6,30.703,31.6,2200.0
2010-09-30,31.311,31.79,31.0,31.6,3300.0
2010-10-01,31.5,32.129,31.5,32.05,11600.0
2010-10-04,32.06,32.15,31.901,32.15,13300.0
2010-10-05,32.235,32.75,32.235,32.34,11300.0
2010-10-06,32.33,32.33,32.33,32.33,200.0
2010-10-07,32.236,32.236,31.901,31.901,20200.0
2010-10-08,31.601,31.7,31.3,31.7,22000.0
2010-10-11,31.916,32.795,31.65,32.0,11200.0
2010-10-12,32.0,32.0,31.9,31.9,3800.0
2010-10-13,32.1,32.5,32.1,32.3,3500.0
2010-10-14,32.001,32.001,31.5,31.95,5600.0
2010-10-15,31.991,32.5,31.759,31.759,25500.0
2010-10-18,31.601,32.0,31.1,31.989,5000.0
2010-10-19,31.602,32.1,31.021,32.0,6700.0
2010-10-20,31.679,31.95,31.02,31.95,8800.0
2010-10-21,31.991,32.05,31.991,32.0,2400.0
2010-10-22,31.9,31.9,31.899,31.9,9500.0
2010-10-25,31.903,32.0,31.903,32.0,4300.0
2010-10-26,32.07,33.0,32.0,32.0,9700.0
2010-10-27,31.678,32.0,31.599,31.8,12900.0
2010-10-28,32.0,32.499,31.75,32.0,21400.0
2010-10-29,32.237,32.499,31.95,32.45,30200.0
2010-11-01,32.559,33.0,32.47,33.0,46200.0
2010-11-02,32.75,33.0,32.75,33.0,8500.0
2010-11-03,33.0,34.3,32.9,33.472,46600.0
2010-11-08,33.677,34.365,32.0,32.3,33100.0
2010-11-09,32.7,33.5,32.299,33.0,37800.0
2010-11-10,32.599,33.249,32.502,32.7,4900.0
2010-11-11,32.999,34.0,32.999,34.0,22900.0
2010-11-12,33.529,34.24,33.11,34.24,30900.0
2010-11-13,34.295,34.365,33.902,34.0,6100.0
2010-11-15,34.0,34.177,34.0,34.0,17200.0
2010-11-16,33.871,34.033,33.006,34.033,7400.0
2010-11-17,33.999,34.53,33.999,34.4,10300.0
2010-11-18,34.364,34.5,33.701,33.711,8600.0
2010-11-19,34.0,34.0,34.0,34.0,100.0
2010-11-22,33.701,33.701,33.614,33.614,1300.0
2010-11-23,33.647,34.99,33.647,33.801,18100.0
2010-11-24,33.677,34.99,33.5,34.6,10000.0
2010-11-25,35.0,35.0,34.9,35.0,2000.0
2010-11-26,35.116,35.119,35.116,35.119,500.0
2010-11-29,35.498,36.9,35.102,36.801,28000.0
2010-11-30,36.499,36.76,35.102,36.61,10300.0
2010-12-01,36.202,36.239,35.101,36.2,9000.0
2010-12-02,36.24,36.498,36.24,36.498,500.0
2010-12-03,36.031,36.101,35.701,36.098,7700.0
2010-12-06,36.097,36.097,35.699,35.722,12300.0
2010-12-07,35.999,36.487,35.103,36.26,4900.0
2010-12-08,36.21,36.21,36.2,36.2,300.0
2010-12-09,36.427,36.429,35.95,36.1,10900.0
2010-12-10,36.1,36.2,36.0,36.2,10600.0
2010-12-13,35.899,35.9,35.899,35.9,2600.0
2010-12-14,36.457,36.457,36.15,36.15,2100.0
2010-12-15,35.903,35.903,35.889,35.9,7900.0
2010-12-16,36.2,36.2,35.821,36.2,2500.0
2010-12-17,36.29,36.3,35.81,35.81,1900.0
2010-12-20,36.154,36.177,36.154,36.177,1300.0
2010-12-21,36.38,36.38,35.821,36.0,53100.0
2010-12-22,36.0,36.15,35.9,35.9,35900.0
2010-12-23,35.85,36.134,35.793,35.849,700.0
2010-12-24,35.76,36.17,35.76,36.17,300.0
2010-12-27,36.0,36.0,35.9,35.9,900.0
2010-12-28,35.9,36.06,35.801,35.801,50600.0
2010-12-29,35.85,36.144,35.801,36.144,3400.0
2010-12-30,36.28,36.4,35.5,35.8,22300.0
2011-01-11,35.551,36.459,35.551,36.39,56500.0
2011-01-12,35.851,36.2,35.0,36.2,15300.0
2011-01-13,35.815,36.19,35.815,36.01,4200.0
2011-01-14,36.0,36.079,35.801,36.079,4100.0
2011-01-17,36.15,36.25,36.001,36.2,1700.0
2011-01-18,36.2,36.21,35.999,36.21,29800.0
2011-01-19,36.2,36.25,35.999,36.1,43300.0
2011-01-20,36.001,36.7,36.0,36.4,19900.0
2011-01-21,36.001,36.4,35.978,36.185,16100.0
2011-01-24,36.052,39.707,35.9,38.318,198700.0
2011-01-25,37.0,38.5,37.0,37.489,5600.0
2011-01-26,36.748,37.5,36.748,37.5,26800.0
2011-01-27,37.101,37.8,37.099,37.49,61700.0
2011-01-28,37.201,38.311,37.181,38.311,31600.0
2011-01-31,38.448,38.8,37.9,38.35,19600.0
2011-02-01,37.737,39.98,37.737,39.98,26300.0
2011-02-02,39.41,40.0,39.4,39.55,37400.0
2011-02-03,40.499,40.7,39.62,40.592,3400.0
2011-02-04,40.006,41.5,37.5,41.5,65400.0
2011-02-07,40.9,43.0,40.395,42.0,43000.0
2011-02-08,41.853,44.0,41.791,43.844,41200.0
2011-02-09,43.78,44.0,39.001,42.657,38400.0
2011-02-10,42.75,44.0,42.0,42.7,18800.0
2011-02-11,43.694,44.105,42.901,43.499,13200.0
2011-02-14,43.993,44.209,43.449,43.999,9900.0
2011-02-15,43.001,43.999,43.001,43.75,6200.0
2011-02-16,43.75,44.1,43.551,43.552,37000.0
2011-02-17,43.699,44.0,43.561,43.561,9700.0
2011-02-18,43.7,43.7,43.451,43.65,5800.0
2011-02-21,43.411,44.0,42.911,43.0,6600.0
2011-02-22,42.903,43.993,42.801,43.993,2500.0
2011-02-24,42.854,43.464,42.549,43.096,11600.0
2011-02-25,43.324,43.435,42.502,43.102,12400.0
2011-02-28,43.214,44.0,42.711,43.231,3900.0
2011-03-01,43.994,43.994,43.2,43.2,4400.0
2011-03-02,43.864,43.998,43.0,43.596,14200.0
2011-03-03,43.452,50.0,43.452,46.25,86200.0
2011-03-04,46.126,46.8,44.904,45.573,57000.0
2011-03-05,45.199,46.448,44.915,46.15,72500.0
2011-03-09,47.999,47.999,44.001,47.333,52600.0
2011-03-10,47.334,47.714,45.99,46.5,34400.0
2011-03-11,46.201,46.201,45.375,45.9,81000.0
2011-03-14,46.0,46.195,45.9,46.0,12600.0
2011-03-15,46.286,46.286,45.0,45.0,16500.0
2011-03-16,45.897,46.195,44.8,45.35,30600.0
2011-03-17,45.436,47.0,44.75,44.75,33900.0
2011-03-18,45.308,46.448,45.1,45.599,133600.0
2011-03-21,46.38,46.38,45.36,45.549,9700.0
2011-03-22,46.051,46.9,45.0,45.37,11400.0
2011-03-23,45.563,45.563,44.501,45.182,45100.0
2011-03-24,45.899,46.3,45.0,45.25,21800.0
2011-03-25,46.294,46.3,45.5,45.75,27800.0
2011-03-28,45.301,46.285,45.301,45.6,6900.0
2011-03-29,45.6,45.9,45.51,45.52,44000.0
2011-03-30,46.067,46.067,45.002,45.66,11300.0
2011-03-31,45.767,46.28,45.628,45.99,3300.0
2011-04-01,46.027,46.3,46.0,46.3,8100.0
2011-04-04,46.322,46.4,45.5,45.625,35400.0
2011-04-05,45.88,46.0,45.511,45.998,5900.0
2011-04-06,46.0,46.0,45.0,45.1,24200.0
2011-04-07,45.0,45.3,45.0,45.3,4500.0
2011-04-08,45.457,46.0,44.923,44.95,13900.0
2011-04-11,45.0,45.996,44.92,45.555,48500.0
2011-04-12,45.989,46.0,44.908,44.908,10400.0
2011-04-13,44.9,45.0,44.801,45.0,20000.0
2011-04-14,44.957,45.199,44.8,45.0,8800.0
2011-04-15,45.339,45.339,44.5,44.5,33600.0
2011-04-18,44.997,44.998,42.918,43.0,51000.0
2011-04-19,42.997,43.79,42.997,43.79,13200.0
2011-04-20,43.5,44.9,43.144,44.485,37600.0
2011-04-21,44.003,44.004,43.144,43.917,5700.0
2011-04-22,43.579,43.7,43.578,43.579,11600.0
2011-04-25,43.375,43.7,43.15,43.5,27700.0
2011-04-26,43.307,44.0,43.307,43.5,15300.0
2011-04-27,43.989,44.0,43.287,43.287,26200.0
2011-04-28,43.915,43.915,43.144,43.144,400.0
2011-04-29,43.697,43.698,42.507,43.0,3000.0
2011-05-03,42.504,42.876,42.501,42.501,1600.0
2011-05-04,42.501,43.05,42.5,42.5,3400.0
2011-05-05,42.38,42.38,41.0,41.2,13900.0
2011-05-06,41.125,41.513,40.001,41.021,13600.0
2011-05-10,41.1,41.1,40.3,40.5,18800.0
2011-05-11,41.2,44.0,41.2,42.703,422200.0
2011-05-12,39.501,39.501,36.3,36.607,162700.0
2011-05-13,37.082,37.082,36.12,36.507,19800.0
2011-05-16,36.507,38.0,35.9,37.716,39500.0
2011-05-17,38.003,38.003,36.12,37.14,26400.0
2011-05-18,37.587,37.968,37.0,37.298,2700.0
2011-05-19,37.449,37.449,36.877,36.877,800.0
2011-05-20,36.951,37.3,36.625,37.081,2100.0
2011-05-23,35.503,37.99,35.502,36.626,10000.0
2011-05-24,37.198,37.198,37.198,37.198,100.0
2011-05-25,37.205,38.0,37.205,37.96,40100.0
2011-05-26,38.095,39.87,36.1,38.251,22800.0
2011-05-27,38.852,39.469,38.0,38.45,10900.0
2011-05-30,38.475,38.726,38.0,38.219,5700.0
2011-05-31,37.998,38.996,37.998,38.996,15900.0
2011-06-01,38.5,38.5,38.11,38.497,3200.0
2011-06-02,38.0,38.19,37.8,37.875,6100.0
2011-06-03,39.49,39.49,37.75,38.221,62800.0
2011-06-06,38.222,39.75,38.0,38.19,2800.0
2011-06-07,37.924,38.333,36.9,38.333,17100.0
2011-06-08,37.752,38.499,37.7,38.319,13100.0
2011-06-09,38.299,38.299,37.011,38.05,19000.0
2011-06-10,38.5,38.5,37.5,38.05,6300.0
2011-06-14,37.011,38.992,37.011,38.398,13000.0
2011-06-15,37.829,38.997,37.8,38.15,45300.0
2011-06-16,38.149,38.149,37.1,37.729,17700.0
2011-06-17,37.966,38.0,37.96,38.0,4500.0
2011-06-20,37.022,38.092,37.01,37.999,1700.0
2011-06-21,38.899,38.999,37.1,37.65,13700.0
2011-06-22,37.65,37.75,37.5,37.75,3900.0
2011-06-23,37.842,38.049,37.734,37.734,2000.0
2011-06-24,37.019,37.5,36.91,36.91,32800.0
2011-06-27,37.999,38.218,36.83,36.83,11700.0
2011-06-28,37.83,38.0,36.9,37.0,42200.0
2011-06-29,37.499,37.499,37.0,37.0,23700.0
2011-06-30,37.463,37.47,36.25,36.25,20000.0
2011-07-01,36.703,37.336,36.703,37.006,15400.0
2011-07-04,37.451,37.451,37.0,37.45,6600.0
2011-07-05,37.002,37.453,37.002,37.45,8100.0
2011-07-06,37.3,37.3,37.0,37.2,15800.0
2011-07-07,37.001,37.314,37.001,37.002,16200.0
2011-07-08,37.002,37.965,37.0,37.249,16000.0
2011-07-11,37.4,37.587,37.0,37.0,19600.0
2011-07-12,36.866,37.994,36.866,37.0,1300.0
2011-07-13,36.91,37.771,36.6,36.7,13400.0
2011-07-14,36.991,36.992,36.6,36.866,7300.0
2011-07-15,36.55,36.913,36.55,36.913,1200.0
2011-07-18,36.853,36.854,36.801,36.801,500.0
2011-07-19,36.608,37.002,36.601,37.0,7200.0
2011-07-20,37.0,37.0,36.52,36.84,14200.0
2011-07-21,36.998,37.0,36.998,36.998,700.0
2011-07-22,36.999,37.0,36.85,36.85,3700.0
2011-07-25,36.8,37.002,36.6,36.668,12800.0
2011-07-26,37.0,37.004,36.1,36.25,30800.0
2011-07-27,36.11,36.93,36.1,36.3,26000.0
2011-07-28,36.428,36.428,36.0,36.0,39000.0
2011-07-29,35.852,36.36,35.63,35.722,11000.0
2011-08-01,36.196,36.469,35.511,36.0,19900.0
2011-08-02,36.323,36.47,36.0,36.0,23100.0
2011-08-03,36.06,36.12,35.0,35.0,22100.0
2011-08-04,35.275,36.333,34.28,34.972,50400.0
2011-08-05,34.02,34.99,33.02,33.9,38600.0
2011-08-08,33.035,34.326,31.02,33.533,30100.0
2011-08-09,30.301,33.8,28.0,33.799,73000.0
2011-08-10,32.5,32.999,28.302,31.0,58500.0
2011-08-11,29.983,32.99,28.78,30.0,77100.0
2011-08-12,30.845,34.0,29.07,31.2,29000.0
2011-08-15,32.0,33.0,30.9,32.0,25800.0
2011-08-16,32.653,34.999,31.757,31.81,8600.0
2011-08-17,31.503,32.254,31.503,31.95,33200.0
2011-08-18,31.949,31.949,31.0,31.0,4300.0
2011-08-19,30.801,31.512,30.0,30.397,21900.0
2011-08-22,29.952,30.599,29.3,29.8,33500.0
2011-08-23,30.02,30.2,29.4,30.2,85000.0
2011-08-24,30.5,30.5,29.41,30.4,31400.0
2011-08-25,30.8,31.514,29.5,29.999,8200.0
2011-08-26,30.0,30.49,29.4,30.49,7000.0
2011-08-29,30.996,30.996,29.601,29.79,59700.0
2011-08-30,30.001,30.499,29.1,29.1,86500.0
2011-08-31,29.1,29.616,28.62,29.1,161900.0
2011-09-01,29.15,29.496,28.62,29.0,37800.0
2011-09-02,29.0,29.0,28.51,28.51,13000.0
2011-09-05,28.181,28.699,28.04,28.349,53600.0
2011-09-06,28.3,28.5,27.4,27.536,174600.0
2011-09-07,27.5,28.4,27.407,27.5,219100.0
2011-09-08,27.5,27.5,26.6,26.999,200800.0
2011-09-09,27.209,27.209,26.8,27.0,13200.0
2011-09-12,26.405,27.008,26.0,26.199,45600.0
2011-09-13,26.101,26.3,25.9,26.0,80300.0
2011-09-14,26.0,26.1,25.95,25.95,38000.0
2011-09-15,25.754,26.499,25.754,26.198,49500.0
2011-09-16,26.2,26.35,25.705,26.07,39000.0
2011-09-19,25.838,25.849,25.5,25.769,46100.0
2011-09-20,25.645,25.944,25.5,25.937,11200.0
2011-09-21,25.949,26.2,24.999,25.399,67300.0
2011-09-22,24.757,25.0,23.4,23.73,70000.0
2011-09-23,23.004,24.499,22.081,23.998,36100.0
2011-09-26,23.0,24.427,23.0,24.399,2800.0
2011-09-27,24.398,24.789,23.962,24.214,31300.0
2011-09-28,24.669,24.989,22.8,22.8,36200.0
2011-09-29,22.919,23.0,21.191,22.0,139500.0
2011-09-30,22.5,22.5,20.99,21.398,41800.0
2011-10-03,20.622,21.475,20.23,21.457,101400.0
2011-10-04,21.477,21.496,20.15,21.094,84600.0
2011-10-05,20.55,21.327,20.4,20.99,61900.0
2011-10-06,20.501,21.7,20.3,21.7,37500.0
2011-10-07,21.9,22.5,20.2,22.28,42100.0
2011-10-10,21.99,22.4,21.699,22.1,36200.0
2011-10-11,21.523,23.0,21.522,21.8,32200.0
2011-10-12,21.8,23.498,21.8,23.31,25100.0
2011-10-13,23.499,24.06,22.7,24.06,34900.0
2011-10-14,23.402,25.497,23.0,25.4,69700.0
2011-10-17,25.5,27.97,25.5,25.8,144700.0
2011-10-18,26.001,26.001,24.3,25.998,20900.0
2011-10-19,25.033,25.52,25.03,25.52,13600.0
2011-10-20,26.499,29.97,25.384,27.85,245800.0
2011-10-21,28.498,30.0,26.6,27.111,59500.0
2011-10-24,27.369,28.2,27.124,28.2,10500.0
2011-10-25,28.499,29.36,28.058,28.25,35500.0
2011-10-26,28.0,28.3,27.752,27.999,14200.0
2011-10-27,28.603,28.8,27.852,28.28,30200.0
2011-10-28,28.0,28.2,27.7,27.9,24300.0
2011-10-31,27.655,28.3,27.655,27.9,5200.0
2011-11-01,27.605,27.605,26.4,26.95,14000.0
2011-11-02,26.84,28.0,26.84,27.5,11000.0
2011-11-03,27.333,27.79,27.001,27.219,2800.0
2011-11-07,27.689,27.689,27.498,27.5,4800.0
2011-11-08,27.449,27.9,27.0,27.4,21400.0
2011-11-09,27.204,27.204,26.0,26.297,29000.0
2011-11-10,25.828,26.499,25.828,26.42,22200.0
2011-11-11,26.595,26.6,26.549,26.6,12400.0
2011-11-14,26.753,27.152,26.5,26.814,7200.0
2011-11-15,25.9,27.195,25.9,26.43,10600.0
2011-11-16,26.5,26.5,25.5,25.9,10600.0
2011-11-17,26.254,26.358,25.001,25.3,18000.0
2011-11-18,25.746,25.746,25.407,25.407,600.0
2011-11-21,25.998,25.999,24.701,25.598,8400.0
2011-11-22,25.095,25.598,24.503,24.503,5500.0
2011-11-23,24.776,24.776,24.776,24.776,200.0
2011-11-24,25.114,25.176,24.77,24.771,5800.0
2011-11-25,24.994,25.0,24.35,24.5,23300.0
2011-11-28,25.001,25.31,25.0,25.31,9800.0
2011-11-29,25.313,25.566,25.2,25.25,7300.0
2011-11-30,25.499,25.945,25.25,25.85,21600.0
2011-12-01,26.0,26.16,25.903,26.158,22000.0
2011-12-02,26.198,26.298,25.754,26.0,16300.0
2011-12-05,25.103,26.441,25.103,26.0,4200.0
2011-12-06,26.324,26.324,24.002,24.551,20600.0
2011-12-07,24.94,24.94,24.658,24.658,5300.0
2011-12-08,24.88,25.186,24.87,25.186,9200.0
2011-12-09,25.252,25.252,23.0,24.932,59300.0
2011-12-12,24.5,24.5,23.25,24.17,11700.0
2011-12-13,24.499,24.499,23.1,24.0,19000.0
2011-12-14,23.261,23.682,23.26,23.51,6000.0
2011-12-15,23.751,23.766,23.08,23.08,13300.0
2011-12-16,25.435,25.435,23.25,23.897,9800.0
2011-12-19,23.043,23.95,23.0,23.95,10300.0
2011-12-20,24.0,24.0,22.516,23.9,19800.0
2011-12-21,24.04,24.04,22.52,22.868,48800.0
2011-12-22,22.51,22.53,21.336,22.27,22400.0
2011-12-23,22.9,22.9,21.524,22.1,152300.0
2011-12-26,22.45,23.15,22.45,23.098,8700.0
2011-12-27,22.0,23.026,22.0,22.969,14700.0
2011-12-28,22.64,22.799,21.86,22.17,115600.0
2011-12-29,22.26,22.26,21.7,22.0,33700.0
2011-12-30,22.0,22.0,21.312,21.979,95500.0
2012-01-03,21.899,23.14,21.899,23.14,1600.0
2012-01-04,23.429,23.429,22.35,22.5,3900.0
2012-01-05,21.715,23.149,21.715,22.5,13500.0
2012-01-06,23.148,26.725,22.0,22.549,8500.0
2012-01-09,23.009,23.149,22.401,22.898,4300.0
2012-01-10,24.999,24.999,22.502,22.826,33300.0
2012-01-11,22.999,23.3,22.85,22.85,18500.0
2012-01-12,23.198,23.199,22.837,23.14,6300.0
2012-01-13,22.859,23.1,22.302,22.999,10400.0
2012-01-16,22.95,23.03,22.527,23.03,5800.0
2012-01-17,23.15,23.19,22.93,23.19,5700.0
2012-01-18,23.1,23.27,23.01,23.25,3700.0
2012-01-19,23.37,23.996,23.2,23.666,31200.0
2012-01-20,23.667,23.724,23.451,23.451,2000.0
2012-01-23,23.998,23.998,23.285,23.979,14900.0
2012-01-24,23.995,24.184,23.701,24.184,20400.0
2012-01-25,24.184,24.697,23.9,24.2,21000.0
2012-01-26,24.817,24.921,24.287,24.806,14300.0
2012-01-27,24.799,24.799,24.539,24.54,12100.0
2012-01-30,23.649,24.199,23.63,23.8,32500.0
2012-01-31,24.0,24.396,23.851,24.098,17300.0
2012-02-01,24.011,24.6,24.01,24.295,26500.0
2012-02-02,24.805,25.4,24.6,25.05,28400.0
2012-02-03,25.1,25.2,25.0,25.2,21600.0
2012-02-06,25.399,25.6,25.2,25.477,42100.0
2012-02-07,25.207,25.6,25.206,25.4,15500.0
2012-02-08,25.6,26.449,25.2,25.251,109700.0
2012-02-09,25.3,25.9,24.9,25.242,49200.0
2012-02-10,25.4,25.472,25.202,25.202,15800.0
2012-02-13,25.6,26.0,25.6,26.0,7800.0
2012-02-14,26.222,26.749,25.956,25.98,46800.0
2012-02-15,26.72,26.72,25.45,25.45,39700.0
2012-02-16,25.499,25.499,25.0,25.354,34900.0
2012-02-17,25.5,25.585,25.256,25.262,12500.0
2012-02-20,25.162,25.5,24.8,25.07,30600.0
2012-02-21,25.6,25.6,24.88,25.094,17000.0
2012-02-22,25.001,25.001,24.602,24.998,23500.0
2012-02-24,24.9,25.2,24.5,25.16,83600.0
2012-02-27,25.43,25.799,24.9,25.133,33400.0
2012-02-28,24.876,25.0,24.876,24.876,1800.0
2012-02-29,25.199,25.199,24.891,24.897,19100.0
2012-03-01,24.408,24.984,24.407,24.8,44600.0
2012-03-02,24.799,24.8,24.2,24.596,21000.0
2012-03-05,24.599,24.599,24.127,24.127,17500.0
2012-03-06,24.128,24.128,22.6,23.2,65100.0
2012-03-07,23.0,23.5,23.0,23.5,22000.0
2012-03-11,23.505,23.69,23.265,23.69,8500.0
2012-03-12,23.417,23.6,23.299,23.58,6900.0
2012-03-13,23.303,23.99,23.3,23.868,16700.0
2012-03-14,24.0,24.0,23.869,23.971,3700.0
2012-03-15,23.993,24.125,23.875,24.125,25600.0
2012-03-16,24.125,25.0,24.125,24.38,39200.0
2012-03-19,24.622,24.668,24.375,24.381,3500.0
2012-03-20,24.496,24.622,24.326,24.496,4800.0
2012-03-21,24.326,24.326,23.876,24.0,5000.0
2012-03-22,23.876,23.967,23.26,23.479,55100.0
2012-03-23,23.256,23.616,23.25,23.483,3100.0
2012-03-26,23.492,23.492,23.0,23.478,20100.0
2012-03-27,23.45,23.492,23.3,23.45,7100.0
2012-03-28,23.489,23.616,23.36,23.36,11500.0
2012-03-29,23.3,23.492,23.25,23.25,13300.0
2012-03-30,23.648,23.648,23.25,23.492,10100.0
2012-04-02,24.492,24.67,23.02,23.201,24900.0
2012-04-03,23.349,24.3,23.349,23.625,32100.0
2012-04-04,23.725,24.099,23.501,23.743,9100.0
2012-04-05,23.849,23.849,23.5,23.643,3700.0
2012-04-06,23.402,23.82,23.399,23.579,6800.0
2012-04-09,23.58,23.8,23.577,23.75,29100.0
2012-04-10,23.749,24.244,23.578,23.75,91100.0
2012-04-11,23.6,24.079,23.3,23.7,12600.0
2012-04-12,24.089,24.089,23.799,24.01,127200.0
2012-04-13,24.497,24.497,23.799,24.119,72600.0
2012-04-16,24.11,24.111,23.825,23.825,8100.0
2012-04-17,23.999,24.777,22.9,24.086,22500.0
2012-04-18,23.01,24.602,23.01,23.401,17000.0
2012-04-19,23.962,23.998,23.21,23.998,3400.0
2012-04-20,23.638,24.0,23.251,23.997,66900.0
2012-04-23,23.405,23.988,23.403,23.899,1900.0
2012-04-24,23.899,23.9,23.46,23.46,15400.0
2012-04-25,23.504,23.75,23.501,23.506,1600.0
2012-04-26,23.355,23.5,22.626,22.7,106800.0
2012-04-27,22.801,22.801,22.8,22.8,300.0
2012-04-28,23.098,23.1,22.73,22.732,1100.0
2012-05-02,22.732,22.831,22.012,22.78,27300.0
2012-05-03,22.299,22.6,22.015,22.5,40500.0
2012-05-04,22.141,22.141,21.031,21.629,34400.0
2012-05-05,20.2,20.643,20.001,20.476,54900.0
2012-05-07,20.211,20.211,19.201,19.52,10000.0
2012-05-08,20.938,20.938,20.938,20.938,100.0
2012-05-10,20.448,20.512,19.9,20.0,5900.0
2012-05-11,20.0,20.0,19.5,19.5,15000.0
2012-05-12,19.7,19.7,19.504,19.61,3100.0
2012-05-14,19.65,19.65,15.5,18.5,87700.0
2012-05-15,18.5,19.639,18.0,18.917,106800.0
2012-05-16,17.111,18.351,16.999,18.351,43200.0
2012-05-17,17.901,17.901,16.701,17.703,179000.0
2012-05-18,16.506,17.695,16.109,16.935,5500.0
2012-05-21,16.997,19.0,16.997,18.9,8900.0
2012-05-22,18.9,18.9,18.2,18.201,20800.0
2012-05-23,18.1,18.201,17.0,17.497,29000.0
2012-05-24,17.6,17.6,17.002,17.169,11800.0
2012-05-25,18.098,18.445,16.61,18.0,51400.0
2012-05-28,17.11,18.39,17.0,18.39,7800.0
2012-05-29,18.001,18.001,17.989,17.99,3900.0
2012-05-30,18.0,18.443,17.501,17.55,13900.0
2012-05-31,17.58,17.667,17.208,17.557,9700.0
2012-06-01,17.351,17.358,16.105,17.165,23400.0
2012-06-04,16.999,17.778,16.999,17.418,20700.0
2012-06-05,17.418,18.05,17.3,17.6,164500.0
2012-06-06,17.501,17.6,17.399,17.5,7300.0
2012-06-07,17.6,17.6,16.611,17.35,30200.0
2012-06-08,17.5,17.5,17.3,17.3,8800.0
2012-06-09,17.389,17.4,17.389,17.4,10700.0
2012-06-13,17.698,17.698,17.2,17.294,11200.0
2012-06-14,17.6,17.6,17.1,17.1,4600.0
2012-06-15,17.182,17.2,17.025,17.197,8200.0
2012-06-18,17.25,17.4,16.8,16.852,26600.0
2012-06-19,17.274,17.46,17.0,17.0,7300.0
2012-06-20,17.1,17.35,16.9,16.9,6100.0
2012-06-21,16.85,17.099,16.85,17.098,6100.0
2012-06-22,16.929,16.929,16.6,16.6,13900.0
2012-06-25,16.701,16.75,16.4,16.526,17900.0
2012-06-26,16.6,16.6,16.5,16.548,500.0
2012-06-27,16.5,16.8,16.5,16.8,2500.0
2012-06-28,16.898,16.899,16.895,16.899,3100.0
2012-06-29,17.0,17.15,16.8,17.02,1800.0
2012-07-02,17.1,17.7,17.1,17.4,3700.0
2012-07-03,17.329,19.5,17.3,18.4,14400.0
2012-07-04,17.832,18.5,17.0,17.4,18200.0
2012-07-05,17.2,17.65,17.1,17.4,3200.0
2012-07-09,17.399,17.545,17.209,17.545,2600.0
2012-07-10,17.018,17.2,16.41,17.2,310700.0
2012-07-11,17.291,18.9,17.291,18.375,350700.0
2012-07-12,18.899,18.899,16.8,16.9,318000.0
2012-07-13,16.998,17.4,16.558,16.852,483700.0
2012-07-16,16.8,17.9,16.8,17.209,39800.0
2012-07-17,17.695,18.146,17.675,17.75,343700.0
2012-07-18,17.5,18.144,17.21,17.4,555400.0
2012-07-19,17.281,17.281,16.7,16.759,243800.0
2012-07-20,16.827,16.895,16.572,16.6,97900.0
2012-07-23,16.51,16.51,16.1,16.2,32800.0
2012-07-24,16.151,16.398,16.149,16.395,10200.0
2012-07-25,16.441,16.8,16.3,16.3,20100.0
2012-07-26,16.674,17.039,16.2,16.2,78600.0
2012-07-27,16.4,16.6,16.186,16.2,68500.0
2012-07-30,16.39,16.399,16.201,16.202,5300.0
2012-07-31,16.202,16.375,16.118,16.21,7100.0
2012-08-01,16.298,16.298,16.2,16.2,6600.0
2012-08-02,16.289,16.289,16.2,16.2,1300.0
2012-08-03,16.2,16.3,15.6,16.041,24000.0
2012-08-06,16.2,16.49,15.899,15.9,36000.0
2012-08-07,16.0,16.397,15.899,15.9,47200.0
2012-08-08,16.0,16.03,15.89,15.9,41300.0
2012-08-09,16.04,16.9,15.868,15.868,718400.0
2012-08-10,15.85,15.9,15.7,15.75,4800.0
2012-08-13,16.29,16.298,15.66,16.199,68600.0
2012-08-14,16.1,16.1,15.8,15.9,44500.0
2012-08-15,15.9,15.9,15.871,15.888,11800.0
2012-08-16,15.95,15.99,15.861,15.9,1029200.0
2012-08-17,15.9,15.9,15.801,15.801,16300.0
2012-08-20,15.897,15.9,15.812,15.88,15200.0
2012-08-21,15.899,15.9,15.751,15.88,142300.0
2012-08-22,15.86,15.86,15.73,15.73,11000.0
2012-08-23,15.799,15.9,15.271,15.6,103700.0
2012-08-24,15.65,15.952,15.65,15.9,51100.0
2012-08-27,15.9,16.4,15.844,16.1,87200.0
2012-08-28,16.001,16.3,16.001,16.3,11600.0
2012-08-29,16.3,16.546,16.2,16.3,65600.0
2012-08-30,16.2,16.3,15.832,16.3,20700.0
2012-08-31,16.1,16.5,15.978,16.5,65600.0
2012-09-03,16.597,16.656,16.5,16.656,9200.0
2012-09-04,16.95,17.0,16.449,16.65,71300.0
2012-09-05,16.5,16.698,16.5,16.55,8300.0
2012-09-06,16.699,16.7,16.4,16.601,7100.0
2012-09-07,16.8,17.3,16.601,17.0,115900.0
2012-09-10,17.1,17.288,17.1,17.12,17900.0
2012-09-11,17.11,17.11,16.9,16.9,20000.0
2012-09-12,16.998,17.3,16.91,17.2,43600.0
2012-09-13,17.1,17.1,17.1,17.1,100.0
2012-09-14,17.469,18.149,17.112,17.55,111100.0
2012-09-17,17.513,17.972,17.5,17.7,7100.0
2012-09-18,17.799,17.8,17.5,17.501,8700.0
2012-09-19,17.45,17.502,17.4,17.4,22600.0
2012-09-20,17.351,17.532,17.3,17.3,16500.0
2012-09-21,17.777,17.96,17.492,17.959,40600.0
2012-09-24,17.961,18.3,17.616,18.012,48600.0
2012-09-25,17.999,18.1,17.886,18.0,29100.0
2012-09-26,17.997,18.3,17.7,18.006,50600.0
2012-09-27,18.222,18.222,17.85,17.9,6800.0
2012-09-28,17.93,18.5,17.75,18.301,92100.0
2012-10-01,18.889,18.889,18.302,18.779,54100.0
2012-10-02,18.638,18.876,18.45,18.66,6500.0
2012-10-03,19.098,19.099,18.709,18.824,4400.0
2012-10-04,18.746,18.746,18.449,18.694,43700.0
2012-10-05,18.867,19.49,18.867,19.245,44200.0
2012-10-08,19.235,19.247,19.183,19.183,1000.0
2012-10-09,19.182,19.3,18.804,19.3,38200.0
2012-10-10,19.251,19.91,19.251,19.851,123500.0
2012-10-11,19.969,20.71,19.796,19.8,169200.0
2012-10-12,19.9,20.03,19.581,19.702,108000.0
2012-10-15,20.0,20.8,19.4,20.7,308100.0
2012-10-16,20.451,20.8,20.39,20.592,99800.0
2012-10-17,20.555,21.25,20.365,21.2,20600.0
2012-10-18,20.507,21.449,20.507,21.0,2400.0
2012-10-19,20.904,20.99,20.3,20.52,138700.0
2012-10-22,20.402,20.402,19.5,19.875,99600.0
2012-10-23,19.744,19.75,18.7,18.7,14400.0
2012-10-24,19.0,19.0,18.34,18.655,3300.0
2012-10-25,18.675,19.248,18.374,19.0,31300.0
2012-10-26,18.653,18.703,18.375,18.572,23000.0
2012-10-29,18.65,19.3,18.599,19.3,9700.0
2012-10-30,19.1,19.22,18.5,18.764,14500.0
2012-10-31,18.405,19.26,18.405,18.9,34100.0
2012-11-01,18.501,18.558,18.351,18.522,4700.0
2012-11-02,18.0,18.186,17.277,17.66,19100.0
2012-11-06,17.65,18.0,17.61,18.0,16700.0
2012-11-07,18.11,18.19,17.801,17.82,19500.0
2012-11-08,17.503,17.7,17.35,17.7,14800.0
2012-11-09,17.673,17.7,17.5,17.669,8800.0
2012-11-12,17.699,17.699,17.699,17.699,400.0
2012-11-13,17.599,17.6,17.554,17.554,3700.0
2012-11-14,17.869,17.87,17.27,17.27,13400.0
2012-11-15,17.301,17.691,17.264,17.691,6600.0
2012-11-16,17.69,17.69,17.0,17.3,27600.0
2012-11-19,17.42,17.66,17.3,17.35,6800.0
2012-11-20,17.356,17.401,17.2,17.2,7900.0
2012-11-21,17.25,17.409,17.25,17.262,5700.0
2012-11-22,17.291,17.296,17.281,17.286,1400.0
2012-11-23,17.158,17.599,17.151,17.5,15000.0
2012-11-26,17.5,17.65,17.5,17.5,4000.0
2012-11-27,17.5,17.5,17.313,17.369,500.0
2012-11-28,17.195,17.195,16.5,17.0,23100.0
2012-11-29,17.5,17.6,17.1,17.4,10800.0
2012-11-30,17.4,17.4,17.101,17.348,5900.0
2012-12-03,17.151,17.267,17.15,17.267,1000.0
2012-12-04,17.091,17.3,17.091,17.285,1300.0
2012-12-05,17.379,17.594,17.379,17.594,3000.0
2012-12-06,17.6,17.611,17.306,17.48,4600.0
2012-12-07,17.391,17.5,17.364,17.5,3000.0
2012-12-10,17.5,17.709,17.5,17.66,3100.0
2012-12-11,17.503,17.599,17.092,17.092,13600.0
2012-12-12,17.489,17.489,17.396,17.396,1700.0
2012-12-13,17.3,17.398,17.3,17.398,1600.0
2012-12-14,17.264,17.351,17.263,17.35,1800.0
2012-12-17,17.265,17.499,17.199,17.21,22400.0
2012-12-18,19.91,19.91,17.3,17.55,26000.0
2012-12-19,17.78,17.79,17.589,17.593,1400.0
2012-12-20,17.595,17.999,17.591,17.797,14500.0
2012-12-21,17.899,17.899,17.6,17.6,6800.0
2012-12-24,17.808,17.808,17.21,17.497,78700.0
2012-12-25,17.691,17.691,17.32,17.4,2200.0
2012-12-26,17.323,17.597,17.25,17.4,3600.0
2012-12-27,17.659,17.659,17.335,17.4,6400.0
2012-12-28,17.659,17.659,17.5,17.599,2600.0
2013-01-08,17.7,17.72,17.7,17.711,900.0
2013-01-09,17.8,17.898,17.7,17.75,6800.0
2013-01-10,17.92,18.339,17.755,18.339,23300.0
2013-01-11,17.825,18.381,17.82,18.069,5400.0
2013-01-14,18.455,18.6,18.3,18.419,28300.0
2013-01-15,18.698,18.7,18.2,18.2,11800.0
2013-01-16,18.299,18.395,18.016,18.229,3700.0
2013-01-17,18.3,18.465,18.15,18.3,4100.0
2013-01-18,18.3,18.494,18.11,18.326,7400.0
2013-01-21,18.311,18.311,18.31,18.31,1000.0
2013-01-22,18.399,18.399,18.0,18.0,10400.0
2013-01-23,17.922,18.449,17.922,18.257,10700.0
2013-01-24,17.981,18.257,17.981,18.132,6000.0
2013-01-25,18.494,18.494,18.2,18.357,9500.0
2013-01-28,18.4,18.51,17.98,18.51,47300.0
2013-01-29,18.7,18.7,18.3,18.3,6800.0
2013-01-30,18.3,18.497,17.9,17.999,39300.0
2013-01-31,18.005,18.005,17.77,17.9,81000.0
2013-02-01,17.96,17.999,17.605,17.69,16500.0
2013-02-04,17.601,17.797,17.49,17.49,12500.0
2013-02-05,17.499,17.499,17.1,17.277,29100.0
2013-02-06,17.399,18.0,17.2,17.3,39100.0
2013-02-07,17.4,17.4,16.8,16.95,32400.0
2013-02-08,16.969,17.3,16.871,17.25,16700.0
2013-02-11,17.2,17.2,17.2,17.2,900.0
2013-02-12,17.049,17.3,17.049,17.3,600.0
2013-02-13,17.3,17.397,17.3,17.397,8800.0
2013-02-14,17.4,17.4,17.101,17.29,28000.0
2013-02-15,17.29,17.29,17.0,17.098,19100.0
2013-02-18,17.199,17.949,17.013,17.205,13300.0
2013-02-19,17.3,17.3,17.2,17.2,1100.0
2013-02-20,17.029,17.298,16.92,16.954,36700.0
2013-02-21,16.95,16.953,16.899,16.899,1800.0
2013-02-22,16.885,16.885,16.85,16.85,3100.0
2013-02-25,16.811,16.813,16.511,16.52,12600.0
2013-02-26,16.6,16.6,16.4,16.401,31600.0
2013-02-27,16.42,16.42,16.101,16.11,13600.0
2013-02-28,16.111,16.266,15.75,15.97,36400.0
2013-03-01,15.97,16.0,15.7,15.997,23900.0
2013-03-04,15.808,15.808,15.15,15.3,44400.0
2013-03-05,15.4,15.49,15.232,15.315,7000.0
2013-03-06,15.5,15.5,15.322,15.45,6600.0
2013-03-07,15.301,15.399,14.99,15.146,84200.0
2013-03-11,15.101,15.5,15.1,15.26,16100.0
2013-03-12,15.399,15.4,15.1,15.1,32100.0
2013-03-13,15.1,15.199,14.992,15.0,65600.0
2013-03-14,15.1,15.194,15.0,15.05,33300.0
2013-03-15,15.098,15.098,14.925,14.999,51300.0
2013-03-18,15.0,15.0,14.151,14.5,82400.0
2013-03-19,14.592,14.592,13.95,14.0,62100.0
2013-03-20,14.0,14.097,13.304,13.398,78400.0
2013-03-21,13.4,13.498,12.702,12.997,99500.0
2013-03-22,12.95,12.95,11.662,12.0,188600.0
2013-03-25,12.0,12.396,11.851,11.862,52600.0
2013-03-26,11.981,12.0,11.67,11.67,17500.0
2013-03-27,11.787,11.939,11.481,11.5,18400.0
2013-03-28,11.6,12.697,11.6,12.6,69100.0
2013-03-29,12.776,13.395,12.705,13.033,100900.0
2013-04-01,13.276,13.694,13.1,13.55,68800.0
2013-04-02,13.499,13.6,13.4,13.41,30300.0
2013-04-03,13.404,13.5,13.3,13.46,26300.0
2013-04-04,13.498,13.598,13.402,13.55,19100.0
2013-04-05,13.508,13.589,13.402,13.586,8800.0
2013-04-08,13.549,13.75,13.549,13.679,22900.0
2013-04-09,13.749,13.898,13.55,13.55,19800.0
2013-04-10,13.502,13.502,13.31,13.447,9200.0
2013-04-11,13.304,13.35,12.6,13.0,74600.0
2013-04-12,12.9,13.195,12.856,13.195,18200.0
2013-04-15,13.0,13.0,12.515,12.98,17600.0
2013-04-16,12.95,12.95,12.704,12.75,6200.0
2013-04-17,12.9,12.9,12.6,12.787,10400.0
2013-04-18,12.92,12.999,12.65,12.99,5100.0
2013-04-19,13.0,13.0,12.851,12.9,3600.0
2013-04-22,12.901,12.95,12.901,12.91,3000.0
2013-04-23,12.9,13.65,12.8,13.005,57100.0
2013-04-24,13.005,13.2,13.005,13.198,23800.0
2013-04-25,13.2,13.3,13.051,13.107,49700.0
2013-04-26,13.102,13.3,13.0,13.0,76500.0
2013-04-29,13.229,13.298,13.035,13.298,53000.0
2013-04-30,13.15,13.398,13.15,13.297,38800.0
2013-05-02,13.298,13.298,13.0,13.294,6400.0
2013-05-03,13.297,13.298,13.116,13.2,7000.0
2013-05-06,12.817,13.1,12.113,12.5,56000.0
2013-05-07,12.15,12.15,11.935,11.997,198600.0
2013-05-08,12.0,12.0,11.906,11.966,16600.0
2013-05-10,11.949,11.974,11.872,11.974,7300.0
2013-05-13,11.972,11.997,11.9,11.9,36600.0
2013-05-14,11.9,11.9,11.8,11.86,28800.0
2013-05-15,11.897,12.25,11.897,12.017,213100.0
2013-05-16,11.96,12.245,11.901,12.2,119600.0
2013-05-17,12.247,12.248,12.0,12.051,39300.0
2013-05-20,12.199,12.4,12.102,12.4,69000.0
2013-05-21,12.247,12.248,12.1,12.22,404200.0
2013-05-22,12.298,12.298,12.207,12.258,14800.0
2013-05-23,12.21,12.246,12.101,12.11,7600.0
2013-05-24,12.247,12.258,12.2,12.2,24500.0
2013-05-27,12.23,12.243,12.106,12.243,29700.0
2013-05-28,12.101,12.242,12.1,12.151,8300.0
2013-05-29,12.15,12.219,12.05,12.219,9000.0
2013-05-30,12.15,12.15,12.1,12.1,6900.0
2013-05-31,12.149,12.149,12.041,12.041,2200.0
2013-06-03,12.041,12.247,12.0,12.0,55400.0
2013-06-04,11.906,12.157,11.906,12.095,3100.0
2013-06-05,12.001,12.002,11.899,11.9,26700.0
2013-06-06,11.999,11.999,11.8,11.937,8300.0
2013-06-07,11.804,11.808,11.7,11.8,8400.0
2013-06-10,11.95,11.997,11.92,11.987,4200.0
2013-06-11,11.987,11.998,11.921,11.93,5500.0
2013-06-13,11.93,12.0,11.6,11.75,36800.0
2013-06-14,11.75,12.0,11.75,12.0,13100.0
2013-06-17,11.987,12.0,11.987,12.0,1900.0
2013-06-18,12.0,12.0,11.854,12.0,10400.0
2013-06-19,12.049,12.05,12.001,12.001,2000.0
2013-06-20,12.0,12.297,12.0,12.121,152700.0
2013-06-21,12.248,12.397,12.101,12.2,145500.0
2013-06-24,12.299,12.447,12.1,12.251,90200.0
2013-06-25,12.297,12.39,12.201,12.201,33600.0
2013-06-26,12.281,12.281,12.055,12.055,89800.0
2013-06-27,12.05,12.2,11.999,11.999,474200.0
2013-06-28,12.0,12.0,11.8,12.0,19100.0
2013-07-01,12.028,12.029,11.95,12.029,400.0
2013-07-02,12.03,12.03,11.8,12.02,52600.0
2013-07-03,12.0,12.297,12.0,12.289,27800.0
2013-07-04,12.2,12.297,12.2,12.297,500.0
2013-07-05,12.297,12.297,12.296,12.296,3600.0
2013-07-08,12.344,12.545,12.151,12.151,75200.0
2013-07-09,12.397,12.397,12.1,12.396,67600.0
2013-07-10,12.395,12.396,12.15,12.15,50700.0
2013-07-11,12.2,12.397,12.2,12.397,60600.0
2013-07-12,12.345,12.35,12.295,12.3,117800.0
2013-07-15,12.3,12.3,12.23,12.231,67300.0
2013-07-16,12.3,12.3,12.29,12.3,65400.0
2013-07-17,12.29,12.3,12.231,12.29,110900.0
2013-07-18,12.35,12.35,12.166,12.298,67100.0
2013-07-19,12.29,12.3,12.18,12.18,135600.0
2013-07-22,12.18,12.3,12.18,12.298,6400.0
2013-07-23,12.3,12.3,12.2,12.3,54900.0
2013-07-24,12.22,12.3,12.203,12.3,64500.0
2013-07-25,12.3,12.3,12.24,12.3,23900.0
2013-07-26,12.3,12.3,12.25,12.3,103400.0
2013-07-29,12.25,12.3,12.218,12.3,68300.0
2013-07-30,12.251,12.298,12.251,12.298,1700.0
2013-07-31,12.3,12.3,12.2,12.29,11400.0
2013-08-01,12.2,12.36,12.2,12.36,12800.0
2013-08-02,12.3,12.3,12.299,12.3,1000.0
2013-08-05,12.3,12.3,12.213,12.213,7100.0
2013-08-06,12.26,12.5,12.26,12.489,50000.0
2013-08-07,12.34,12.34,12.05,12.17,46700.0
2013-08-08,12.18,12.181,12.0,12.0,31700.0
2013-08-09,12.0,12.0,11.998,12.0,88500.0
2013-08-12,12.0,12.0,11.801,11.984,63500.0
2013-08-13,12.0,12.0,11.9,12.0,64100.0
2013-08-14,11.99,12.2,11.99,12.0,164400.0
2013-08-15,12.12,12.35,12.004,12.04,50100.0
2013-08-16,12.286,12.29,11.825,11.99,85700.0
2013-08-19,11.99,12.1,11.99,12.0,56900.0
2013-08-20,12.0,12.087,11.82,12.0,88000.0
2013-08-21,12.05,12.32,11.825,12.0,22600.0
2013-08-22,12.05,12.3,12.0,12.299,125000.0
2013-08-23,12.18,12.36,12.0,12.36,335100.0
2013-08-26,12.3,12.3,12.128,12.3,50200.0
2013-08-27,12.27,12.299,12.1,12.246,59300.0
2013-08-28,12.247,12.29,12.15,12.289,23800.0
2013-08-29,12.017,12.299,12.01,12.01,19100.0
2013-08-30,12.075,12.1,11.85,11.988,23800.0
2013-09-02,11.988,11.988,11.93,11.93,7000.0
2013-09-03,12.0,12.292,11.98,12.0,91000.0
2013-09-04,12.0,12.0,11.975,12.0,63700.0
2013-09-05,12.05,12.05,11.951,12.025,7500.0
2013-09-06,11.975,12.29,11.963,12.0,13800.0
2013-09-09,12.05,12.149,11.95,12.149,81800.0
2013-09-10,12.149,12.149,11.975,11.975,52700.0
2013-09-11,12.025,12.05,11.95,12.0,37600.0
2013-09-12,12.025,12.1,11.95,11.95,40900.0
2013-09-13,12.029,12.03,11.996,11.999,99800.0
2013-09-16,12.025,12.25,11.96,11.999,43700.0
2013-09-17,12.049,12.05,11.999,11.999,49900.0
2013-09-18,12.01,12.1,11.95,12.025,53300.0
2013-09-19,12.05,12.1,11.753,11.85,61700.0
2013-09-20,11.969,11.995,11.87,11.875,73900.0
2013-09-23,11.86,11.86,11.725,11.85,35500.0
2013-09-24,11.87,11.89,11.83,11.85,65000.0
2013-09-25,11.875,11.89,11.75,11.799,136300.0
2013-09-26,11.8,11.974,11.8,11.974,60700.0
2013-09-27,11.98,12.074,11.902,12.025,109400.0
2013-09-30,12.0,12.0,11.775,11.85,27000.0
2013-10-01,11.811,11.9,11.81,11.899,3500.0
2013-10-02,11.898,11.92,11.86,11.87,2000.0
2013-10-03,11.918,12.049,11.918,11.975,35000.0
2013-10-04,12.025,12.06,11.926,11.95,73800.0
2013-10-07,12.0,12.047,11.9,11.975,29900.0
2013-10-08,12.025,12.04,11.999,12.0,74700.0
2013-10-09,11.975,12.0,11.811,11.811,78300.0
2013-10-10,11.875,12.044,11.875,11.998,15100.0
2013-10-11,11.998,12.039,11.801,12.025,64400.0
2013-10-14,12.0,12.048,12.0,12.0,39600.0
2013-10-15,12.05,12.099,11.803,11.999,58900.0
2013-10-16,12.025,12.025,11.68,11.825,69900.0
2013-10-17,11.85,11.998,11.8,11.901,19500.0
2013-10-18,11.975,12.04,11.95,12.0,91200.0
2013-10-21,12.0,12.0,11.901,11.995,72000.0
2013-10-22,11.995,12.0,11.925,11.95,85800.0
2013-10-23,11.98,11.98,11.5,11.8,142500.0
2013-10-24,11.85,11.95,11.801,11.924,13200.0
2013-10-25,11.924,11.924,11.799,11.799,84600.0
2013-10-28,11.81,11.85,11.775,11.78,51400.0
2013-10-29,11.8,11.8,11.7,11.74,28000.0
2013-10-30,11.775,11.82,11.725,11.77,59200.0
2013-10-31,11.8,11.85,11.65,11.65,68300.0
2013-11-01,11.7,11.842,11.651,11.8,12700.0
2013-11-05,11.775,11.95,11.7,11.775,113400.0
2013-11-06,11.8,11.849,11.775,11.8,2000.0
2013-11-07,11.849,11.989,11.781,11.801,63200.0
2013-11-08,11.84,11.943,11.81,11.811,8300.0
2013-11-11,11.81,11.811,11.55,11.617,72600.0
2013-11-12,11.701,11.78,11.6,11.65,55700.0
2013-11-13,11.75,11.796,11.51,11.561,15000.0
2013-11-14,11.575,11.697,11.453,11.529,64600.0
2013-11-15,11.575,11.695,11.405,11.512,70700.0
2013-11-18,11.55,11.62,11.3,11.401,94600.0
2013-11-19,11.497,11.497,11.051,11.289,117400.0
2013-11-20,11.281,11.281,11.15,11.248,14200.0
2013-11-21,11.2,11.288,11.05,11.2,40000.0
2013-11-22,11.296,11.296,11.176,11.179,4800.0
2013-11-25,11.175,11.295,11.05,11.05,125500.0
2013-11-26,11.175,11.196,10.99,11.0,80600.0
2013-11-27,11.0,11.0,10.8,10.85,93300.0
2013-11-28,11.001,11.1,10.85,11.0,159400.0
2013-11-29,11.0,11.479,10.9,11.002,98900.0
2013-12-02,11.075,11.17,10.99,11.0,38100.0
2013-12-03,10.99,11.167,10.81,10.904,27700.0
2013-12-04,10.904,11.225,10.9,11.15,19000.0
2013-12-05,11.15,11.325,10.975,11.0,73100.0
2013-12-06,11.05,11.175,11.026,11.15,81100.0
2013-12-09,11.175,11.2,10.8,10.85,82100.0
2013-12-10,10.925,11.1,10.925,11.0,21900.0
2013-12-11,10.95,11.11,10.95,11.105,9800.0
2013-12-12,11.12,11.12,10.95,10.999,148400.0
2013-12-13,10.95,10.95,10.842,10.905,46300.0
2013-12-16,10.899,11.299,10.899,11.25,146800.0
2013-12-17,11.23,11.23,10.991,11.0,115700.0
2013-12-18,11.0,11.0,10.993,11.0,18100.0
2013-12-19,11.0,11.0,10.975,11.0,67300.0
2013-12-20,10.97,11.0,10.9,11.0,7700.0
2013-12-23,11.025,11.974,10.999,11.18,146700.0
2013-12-24,11.15,11.43,11.05,11.2,25300.0
2013-12-25,11.25,11.525,11.101,11.3,38000.0
2013-12-26,11.34,11.45,11.201,11.45,12900.0
2013-12-27,11.451,11.451,11.189,11.19,55200.0
2013-12-30,11.25,11.399,11.175,11.374,107700.0
2014-01-06,11.375,11.479,11.34,11.449,8200.0
2014-01-08,11.4,11.4,11.34,11.4,5200.0
2014-01-09,11.425,11.68,11.4,11.68,18500.0
2014-01-10,11.68,11.916,11.677,11.7,45200.0
2014-01-13,11.702,11.775,11.6,11.757,70800.0
2014-01-14,11.725,11.75,11.625,11.75,66400.0
2014-01-15,11.77,11.939,11.73,11.905,76500.0
2014-01-16,11.9,11.997,11.8,11.804,83200.0
2014-01-17,11.874,11.948,11.858,11.925,9500.0
2014-01-20,11.95,12.0,11.9,11.9,78300.0
2014-01-21,11.95,12.02,11.88,12.02,15800.0
2014-01-22,12.025,12.5,12.025,12.399,85500.0
2014-01-23,12.375,12.375,11.99,11.99,114500.0
2014-01-24,11.975,11.975,11.825,11.85,36500.0
2014-01-27,11.85,11.85,11.6,11.823,119000.0
2014-01-28,11.78,12.198,11.78,12.198,160900.0
2014-01-29,12.15,12.51,12.1,12.102,484700.0
2014-01-30,12.175,12.199,11.701,12.1,60500.0
2014-01-31,12.051,12.074,11.91,11.91,6500.0
2014-02-03,11.974,12.097,11.8,11.8,53400.0
2014-02-04,11.8,11.849,11.725,11.849,1900.0
2014-02-05,11.849,11.875,11.651,11.875,10500.0
2014-02-06,11.9,11.951,11.854,11.9,26700.0
2014-02-07,11.91,11.92,11.756,11.825,88700.0
2014-02-10,11.82,12.0,11.82,11.952,138700.0
2014-02-11,11.952,12.125,11.9,11.949,17700.0
2014-02-12,11.975,12.03,11.951,12.03,1000.0
2014-02-13,11.976,12.15,11.976,12.001,36200.0
2014-02-14,12.0,12.074,12.0,12.074,300.0
2014-02-17,12.071,12.275,12.004,12.133,108900.0
2014-02-18,12.133,12.2,12.023,12.082,6400.0
2014-02-19,12.181,12.258,12.006,12.051,82800.0
2014-02-20,12.161,12.285,12.0,12.285,198300.0
2014-02-21,12.288,12.49,12.051,12.428,172100.0
2014-02-24,12.284,12.499,12.254,12.498,12700.0
2014-02-25,12.328,12.391,12.2,12.391,22700.0
2014-02-26,12.217,12.26,12.042,12.042,74900.0
2014-02-27,12.01,12.15,11.9,11.9,73200.0
2014-02-28,11.889,11.997,11.85,11.995,37100.0
2014-03-03,12.0,12.0,10.85,11.4,145600.0
2014-03-04,11.796,11.796,11.4,11.65,7600.0
2014-03-05,11.789,11.798,11.622,11.791,5400.0
2014-03-06,11.793,12.02,11.66,11.724,26400.0
2014-03-07,11.704,11.87,11.66,11.869,11000.0
2014-03-11,11.706,11.843,11.66,11.8,12000.0
2014-03-12,11.603,11.603,11.208,11.208,42200.0
2014-03-13,11.302,11.302,11.018,11.03,63500.0
2014-03-14,11.01,11.65,10.401,11.051,90200.0
2014-03-17,11.001,11.8,11.0,11.8,117900.0
2014-03-18,11.84,12.25,11.84,12.238,61800.0
2014-03-19,11.833,12.38,11.8,12.17,104900.0
2014-03-20,12.1,12.6,12.001,12.436,37400.0
2014-03-21,12.011,12.8,12.011,12.8,32300.0
2014-03-24,12.749,12.75,12.551,12.671,69600.0
2014-03-25,12.699,12.8,12.699,12.8,67500.0
2014-03-26,12.81,13.201,12.81,13.2,82400.0
2014-03-27,13.2,13.5,13.199,13.5,112500.0
2014-03-28,13.45,13.6,13.3,13.501,75400.0
2014-03-31,13.685,13.95,13.545,13.95,57000.0
2014-04-01,13.633,14.0,13.601,14.0,62300.0
2014-04-02,13.85,14.0,13.323,13.479,125000.0
2014-04-03,13.546,13.588,12.95,12.999,11300.0
2014-04-04,13.279,13.279,12.407,12.79,50400.0
2014-04-07,12.615,12.718,12.354,12.7,17100.0
2014-04-08,12.888,12.901,12.881,12.901,1200.0
2014-04-09,13.148,14.0,12.6,13.498,200700.0
2014-04-10,13.898,13.98,13.475,13.98,14200.0
2014-04-11,14.0,17.598,14.0,15.27,225100.0
2014-04-14,15.5,16.0,14.57,14.57,18300.0
2014-04-15,14.592,14.709,13.971,14.0,43900.0
2014-04-16,14.129,14.39,14.0,14.006,15600.0
2014-04-17,14.513,15.2,14.0,14.5,264600.0
2014-04-18,14.788,15.5,14.65,15.5,34700.0
2014-04-21,15.071,15.55,14.7,15.55,62300.0
2014-04-22,15.438,16.3,15.1,16.0,178900.0
2014-04-23,15.501,16.38,15.501,16.0,60600.0
2014-04-24,16.255,16.255,14.6,14.9,308100.0
2014-04-25,14.633,15.0,14.599,15.0,42600.0
2014-04-28,15.086,15.292,14.854,15.292,15100.0
2014-04-29,15.016,15.146,14.888,14.888,17900.0
2014-04-30,14.999,15.048,14.96,15.003,46400.0
2014-05-02,15.189,15.189,14.85,14.85,1000.0
2014-05-05,14.999,15.387,14.95,14.982,17400.0
2014-05-06,15.269,15.55,15.17,15.55,26300.0
2014-05-07,15.55,17.29,15.4,17.0,84900.0
2014-05-08,17.15,17.25,16.95,17.1,40100.0
2014-05-12,16.901,16.997,16.65,16.997,11300.0
2014-05-13,17.013,17.2,16.701,16.92,19300.0
2014-05-14,17.096,17.097,16.4,16.524,86600.0
2014-05-15,16.353,16.399,16.0,16.002,24500.0
2014-05-16,15.952,17.25,15.94,16.26,76100.0
2014-05-19,16.703,18.39,16.702,18.39,174600.0
2014-05-20,17.651,18.0,17.641,17.815,25400.0
2014-05-21,17.7,18.16,17.7,17.8,52500.0
2014-05-22,17.715,17.715,15.5,15.7,159300.0
2014-05-23,15.509,15.551,14.359,14.897,166400.0
2014-05-26,15.0,15.0,13.306,13.689,221700.0
2014-05-27,13.5,14.5,12.5,13.9,152200.0
2014-05-28,13.7,14.3,13.7,14.3,34700.0
2014-05-29,14.3,14.882,14.044,14.5,47900.0
2014-05-30,14.839,14.839,14.101,14.101,39500.0
2014-06-02,14.501,14.83,14.5,14.83,42400.0
2014-06-03,14.624,14.7,14.624,14.669,17700.0
2014-06-04,14.55,14.6,14.502,14.503,2100.0
2014-06-05,14.646,14.725,14.44,14.55,21700.0
2014-06-06,14.5,14.709,14.301,14.5,3700.0
2014-06-09,14.714,14.725,14.25,14.7,80100.0
2014-06-10,14.554,14.98,14.55,14.6,24800.0
2014-06-11,14.979,15.0,14.767,15.0,18400.0
2014-06-16,15.344,15.344,14.83,15.26,18400.0
2014-06-17,15.239,15.24,14.83,14.83,64000.0
2014-06-18,14.76,14.76,13.4,14.0,121600.0
2014-06-19,14.297,15.0,14.297,14.8,50200.0
2014-06-20,14.75,15.09,14.65,15.09,89300.0
2014-06-23,14.811,15.55,14.811,15.4,85400.0
2014-06-24,15.4,15.401,14.902,14.902,65500.0
2014-06-25,14.994,16.15,14.994,15.504,152000.0
2014-06-26,15.649,15.65,14.997,15.0,87900.0
2014-06-27,14.89,15.38,14.597,15.0,144300.0
2014-06-30,14.93,15.0,14.93,15.0,400.0
2014-07-01,14.998,14.999,14.652,14.652,4200.0
2014-07-02,14.652,14.652,14.35,14.351,18900.0
2014-07-03,14.7,14.75,14.699,14.75,1500.0
2014-07-04,14.727,15.29,14.578,14.8,14400.0
2014-07-07,14.979,14.98,14.79,14.978,1800.0
2014-07-08,14.562,14.976,14.557,14.73,6300.0
2014-07-09,14.976,15.151,14.927,14.927,13100.0
2014-07-10,14.749,14.749,14.551,14.551,63200.0
2014-07-11,14.532,14.615,14.4,14.615,72800.0
2014-07-14,14.552,14.552,14.426,14.433,53600.0
2014-07-15,14.428,14.428,14.311,14.314,6100.0
2014-07-16,14.325,14.648,14.3,14.383,63500.0
2014-07-17,14.272,14.505,14.271,14.504,15600.0
2014-07-18,14.272,14.272,14.043,14.043,20000.0
2014-07-21,14.02,14.2,14.02,14.2,62700.0
2014-07-22,14.31,14.31,14.248,14.286,70600.0
2014-07-23,14.268,14.825,14.15,14.6,97700.0
2014-07-24,14.998,15.999,14.899,15.141,121400.0
2014-07-25,14.804,15.55,14.801,15.3,127900.0
2014-07-28,15.487,15.531,15.301,15.48,37000.0
2014-07-29,15.48,15.49,15.48,15.48,58400.0
2014-07-30,15.491,15.6,15.4,15.5,37800.0
2014-07-31,15.979,16.01,15.844,15.844,33300.0
2014-08-01,15.24,15.25,15.229,15.232,4000.0
2014-08-04,15.201,15.201,14.95,15.2,12000.0
2014-08-05,15.198,15.198,15.079,15.08,3200.0
2014-08-06,15.099,15.4,15.099,15.35,12900.0
2014-08-07,15.052,15.5,15.051,15.471,12800.0
2014-08-08,15.449,15.52,15.3,15.5,16700.0
2014-08-11,15.5,15.55,15.251,15.251,19800.0
2014-08-12,15.326,15.598,15.326,15.598,1000.0
2014-08-13,15.596,15.599,15.488,15.488,3000.0
2014-08-14,15.597,15.999,15.5,15.507,4900.0
2014-08-15,15.5,15.5,15.5,15.5,200.0
2014-08-18,15.521,15.996,15.125,15.301,78800.0
2014-08-19,15.204,15.5,15.204,15.414,80500.0
2014-08-20,15.443,15.5,15.3,15.4,92200.0
2014-08-21,15.463,15.6,15.38,15.55,80700.0
2014-08-22,15.386,15.394,15.151,15.353,75600.0
2014-08-25,15.394,15.434,15.394,15.434,82200.0
2014-08-26,15.299,15.578,15.263,15.45,81800.0
2014-08-27,15.5,15.5,15.4,15.42,97300.0
2014-08-28,15.47,15.995,15.45,15.65,81600.0
2014-08-29,15.55,15.594,15.2,15.3,77400.0
2014-09-01,15.3,15.497,15.2,15.2,42500.0
2014-09-02,15.2,15.2,15.2,15.2,41600.0
2014-09-03,15.448,15.5,15.4,15.402,42700.0
2014-09-04,15.402,15.402,15.402,15.402,50000.0
2014-09-05,15.402,15.402,15.402,15.402,40700.0
2014-09-08,15.514,15.59,15.3,15.3,45200.0
2014-09-09,15.39,15.39,15.2,15.2,46600.0
2014-09-10,15.201,15.385,15.151,15.151,51500.0
2014-09-11,15.151,15.151,15.151,15.151,39800.0
2014-09-12,15.052,15.15,15.022,15.101,47600.0
2014-09-15,15.448,15.45,15.397,15.398,38600.0
2014-09-16,15.09,15.09,14.7,14.999,34100.0
2014-09-17,14.901,15.17,14.603,15.17,40200.0
2014-09-18,15.396,15.396,14.9,14.9,40700.0
2014-09-19,14.9,14.9,14.808,14.808,40900.0
2014-09-22,14.805,15.133,14.8,14.831,41000.0
2014-09-23,14.831,14.988,13.9,14.988,45200.0
2014-09-24,14.551,14.6,14.5,14.6,41100.0
2014-09-25,14.6,14.773,14.2,14.773,40900.0
2014-09-26,14.576,14.598,14.176,14.176,44100.0
2014-09-29,14.417,14.702,14.417,14.5,38200.0
2014-09-30,14.5,14.618,14.3,14.618,51000.0
2014-10-01,14.25,14.6,14.2,14.3,44900.0
2014-10-02,14.2,14.4,14.05,14.05,53400.0
2014-10-03,14.1,14.1,14.0,14.0,46000.0
2014-10-06,13.95,14.0,13.7,13.7,41600.0
2014-10-07,14.5,14.5,13.5,13.55,11800.0
2014-10-08,13.75,13.75,13.55,13.55,76600.0
2014-10-09,13.7,13.7,13.45,13.5,45400.0
2014-10-10,13.35,13.5,13.25,13.3,42000.0
2014-10-13,13.35,13.35,13.15,13.35,46700.0
2014-10-14,13.25,13.5,12.9,13.5,46800.0
2014-10-15,13.25,13.3,12.5,12.85,31500.0
2014-10-16,12.9,13.05,12.8,13.05,47200.0
2014-10-17,13.15,13.2,12.95,13.0,62000.0
2014-10-20,13.0,13.0,12.65,12.65,73200.0
2014-10-21,12.75,14.2,12.7,13.1,13700.0
2014-10-22,13.05,13.05,12.8,12.8,5700.0
2014-10-23,12.7,12.9,12.55,12.55,2300.0
2014-10-24,12.65,12.75,12.5,12.75,16800.0
2014-10-27,12.75,12.95,12.75,12.75,97300.0
2014-10-28,12.75,13.4,12.7,13.05,87600.0
2014-10-29,13.0,13.1,12.9,13.0,89600.0
2014-10-30,13.0,13.15,12.7,12.9,86600.0
2014-10-31,12.9,13.9,12.9,13.05,121000.0
2014-11-03,13.2,13.4,13.2,13.2,2200.0
2014-11-05,13.25,13.25,12.55,12.8,59000.0
2014-11-06,12.6,13.0,12.6,12.95,52200.0
2014-11-07,12.95,13.05,12.7,13.05,63100.0
2014-11-10,13.1,13.1,12.95,13.05,50000.0
2014-11-11,13.0,13.05,12.75,13.05,67100.0
2014-11-12,13.1,13.1,13.05,13.05,51200.0
2014-11-13,12.95,13.1,12.9,12.9,57600.0
2014-11-14,13.0,13.1,12.95,12.95,65800.0
2014-11-17,13.0,13.15,12.8,13.15,82400.0
2014-11-18,13.1,13.2,12.9,12.9,55800.0
2014-11-19,13.0,13.0,12.8,12.9,82900.0
2014-11-20,12.85,12.95,12.8,12.95,61800.0
2014-11-21,12.95,13.0,12.95,13.0,44700.0
2014-11-24,12.95,13.0,12.9,13.0,86500.0
2014-11-25,13.0,13.0,12.95,13.0,96700.0
2014-11-26,13.0,13.0,12.75,13.0,76900.0
2014-11-27,12.95,12.95,12.95,12.95,100.0
2014-11-28,12.95,13.0,12.95,13.0,25400.0
2014-12-01,13.15,13.15,12.9,12.95,50800.0
2014-12-02,12.75,12.95,12.65,12.85,57800.0
2014-12-03,12.75,12.9,12.35,12.9,50700.0
2014-12-04,13.1,13.1,12.9,12.9,47300.0
2014-12-05,12.9,12.95,12.85,12.85,54700.0
2014-12-08,12.9,12.9,12.5,12.55,65900.0
2014-12-09,12.45,12.5,11.85,12.5,58200.0
2014-12-10,12.3,12.6,11.9,12.0,49900.0
2014-12-11,12.0,12.0,11.85,11.95,8100.0
2014-12-12,11.9,11.95,11.5,11.8,111600.0
2014-12-15,11.65,12.0,11.55,11.95,56700.0
2014-12-16,11.8,11.8,10.5,10.75,48300.0
2014-12-17,10.8,10.9,10.55,10.85,52200.0
2014-12-18,10.8,12.5,10.6,11.0,39900.0
2014-12-19,11.3,11.3,10.7,10.8,61500.0
2014-12-22,11.0,11.0,10.45,10.65,71700.0
2014-12-23,10.8,11.8,10.5,10.7,68200.0
2014-12-24,10.75,10.8,10.6,10.7,65000.0
2014-12-25,11.0,11.0,10.7,10.9,59300.0
2014-12-26,11.0,11.0,10.7,10.9,13600.0
2014-12-29,11.0,11.65,11.0,11.5,125400.0
2014-12-30,11.5,12.25,10.7,11.2,24500.0
2015-01-05,10.7,11.25,10.5,11.25,28200.0
2015-01-06,11.25,11.3,11.1,11.1,5000.0
2015-01-08,11.35,12.0,11.35,11.95,20200.0
2015-01-09,12.0,12.0,11.75,11.95,1600.0
2015-01-12,12.05,12.25,11.9,11.9,83400.0
2015-01-13,12.0,12.0,11.2,11.65,72100.0
2015-01-14,11.55,11.9,11.5,11.5,69200.0
2015-01-15,11.65,11.7,11.45,11.5,85700.0
2015-01-16,11.45,11.45,11.2,11.2,95500.0
2015-01-19,11.6,11.6,11.25,11.25,94900.0
2015-01-20,11.6,11.6,11.45,11.45,82000.0
2015-01-21,11.55,11.7,11.4,11.6,81900.0
2015-01-22,11.6,12.1,11.6,11.75,85300.0
2015-01-23,11.9,11.9,11.5,11.85,62400.0
2015-01-26,11.65,11.85,11.35,11.85,67700.0
2015-01-27,11.1,11.6,11.1,11.5,143000.0
2015-01-28,11.45,11.6,11.35,11.4,169900.0
2015-01-29,11.35,11.45,11.25,11.35,15100.0
2015-01-30,11.3,11.5,11.25,11.5,22800.0
2015-02-02,11.4,11.4,11.35,11.35,69900.0
2015-02-03,11.4,11.45,11.2,11.2,68600.0
2015-02-04,11.35,11.35,11.25,11.25,10700.0
2015-02-05,11.35,11.5,11.2,11.25,83500.0
2015-02-06,11.35,11.7,11.35,11.6,17000.0
2015-02-09,11.75,11.9,11.6,11.6,66200.0
2015-02-10,11.65,12.0,11.55,12.0,69700.0
2015-02-11,11.95,11.95,11.8,11.8,60400.0
2015-02-12,11.75,12.5,11.6,12.5,108100.0
2015-02-13,12.3,13.0,12.0,12.55,92800.0
2015-02-16,12.65,13.15,12.35,12.45,69800.0
2015-02-17,12.4,12.7,12.25,12.7,80300.0
2015-02-18,12.55,12.55,12.15,12.35,56300.0
2015-02-19,12.5,12.55,12.15,12.3,72700.0
2015-02-20,12.25,12.5,12.1,12.5,74200.0
2015-02-24,12.3,12.3,12.0,12.2,55200.0
2015-02-25,12.35,12.35,11.9,12.05,58300.0
2015-02-26,12.05,12.4,12.0,12.3,66100.0
2015-02-27,12.15,12.35,11.8,12.25,49900.0
2015-03-02,12.15,12.25,12.0,12.25,55700.0
2015-03-03,12.1,12.35,12.0,12.0,33200.0
2015-03-04,12.0,12.9,12.0,12.6,105500.0
2015-03-05,12.7,12.9,12.0,12.4,112400.0
2015-03-06,12.2,12.45,12.05,12.25,51500.0
2015-03-10,12.25,12.25,11.7,11.95,41300.0
2015-03-11,11.75,11.9,11.5,11.85,27700.0
2015-03-12,11.7,11.7,11.4,11.5,24600.0
2015-03-13,11.8,11.8,11.25,11.5,91200.0
2015-03-16,11.5,11.5,11.2,11.2,65300.0
2015-03-17,11.35,11.7,11.15,11.45,61400.0
2015-03-18,11.15,11.6,11.15,11.2,41800.0
2015-03-19,11.3,11.5,11.25,11.4,110300.0
2015-03-20,11.25,11.45,11.0,11.2,121200.0
2015-03-23,11.1,11.1,10.6,10.75,76500.0
2015-03-24,10.8,10.8,10.45,10.55,91000.0
2015-03-25,10.8,10.8,10.65,10.75,21000.0
2015-03-26,10.85,10.95,10.45,10.5,59600.0
2015-03-27,10.55,10.55,10.0,10.0,80700.0
2015-03-30,10.1,10.55,10.0,10.55,46700.0
2015-03-31,10.65,10.65,9.95,10.2,52200.0
2015-04-01,10.2,10.2,9.6,10.1,86800.0
2015-04-02,10.5,10.5,10.2,10.3,23300.0
2015-04-03,10.4,10.45,10.0,10.3,49800.0
2015-04-06,10.2,10.6,10.2,10.5,103900.0
2015-04-07,10.55,10.65,10.35,10.6,36200.0
2015-04-08,10.6,10.6,10.5,10.6,63200.0
2015-04-09,10.6,10.6,10.35,10.4,100800.0
2015-04-10,10.5,10.6,10.25,10.4,94800.0
2015-04-13,10.5,10.6,10.4,10.6,75100.0
2015-04-14,10.65,11.15,10.65,10.8,46000.0
2015-04-15,10.9,11.5,10.55,11.0,60700.0
2015-04-16,11.05,11.05,10.75,10.8,53100.0
2015-04-17,10.85,11.0,10.25,10.9,47600.0
2015-04-20,11.15,11.7,10.9,11.15,128400.0
2015-04-21,11.2,11.6,11.2,11.55,27000.0
2015-04-22,11.5,11.5,11.0,11.15,33000.0
2015-04-23,11.3,11.6,10.6,10.95,105400.0
2015-04-24,11.2,11.2,11.0,11.1,82600.0
2015-04-27,11.0,11.0,10.85,11.0,10200.0
2015-04-28,10.9,11.35,10.9,10.9,24300.0
2015-04-29,10.8,10.85,10.7,10.85,55600.0
2015-04-30,10.75,10.9,10.75,10.9,4200.0
2015-05-05,11.0,11.15,10.85,11.15,75300.0
2015-05-06,11.15,11.15,10.75,10.75,4800.0
2015-05-07,10.65,10.85,10.55,10.65,16800.0
2015-05-08,10.9,10.9,10.6,10.9,79600.0
2015-05-12,10.7,11.2,10.6,11.0,79100.0
2015-05-13,11.15,11.25,11.0,11.25,89600.0
2015-05-14,11.05,11.05,10.15,10.7,38500.0
2015-05-15,10.55,10.95,10.55,10.7,17500.0
2015-05-18,10.75,10.75,10.4,10.55,103700.0
2015-05-19,10.7,10.8,10.45,10.5,95300.0
2015-05-20,10.6,10.6,10.3,10.4,99300.0
2015-05-21,10.5,10.5,9.95,10.1,122200.0
2015-05-22,10.3,10.6,10.25,10.35,214000.0
2015-05-25,10.15,10.5,10.05,10.4,141100.0
2015-05-26,10.35,10.5,10.1,10.25,162500.0
2015-05-27,10.25,10.25,9.7,10.2,58700.0
2015-05-28,9.95,10.1,9.95,10.0,26000.0
2015-05-29,9.95,10.4,9.25,9.75,141600.0
2015-06-01,9.75,9.9,9.65,9.75,10700.0
2015-06-02,9.9,9.9,9.6,9.75,88600.0
2015-06-03,9.9,10.3,9.8,9.9,105200.0
2015-06-04,9.85,10.4,9.8,10.0,30900.0
2015-06-05,10.3,10.65,10.0,10.0,31500.0
2015-06-08,10.0,10.0,9.8,9.8,102100.0
2015-06-09,9.9,10.05,9.75,9.9,110500.0
2015-06-10,9.7,9.9,9.3,9.75,31900.0
2015-06-11,9.9,9.95,9.75,9.9,95200.0
2015-06-15,10.4,13.8,10.1,13.8,1130700.0
2015-06-16,14.1,17.0,12.55,13.45,1683300.0
2015-06-17,13.15,13.45,12.2,13.35,261700.0
2015-06-18,13.4,13.75,12.6,13.45,163900.0
2015-06-19,13.2,13.25,12.85,12.85,2800.0
2015-06-22,12.65,13.15,12.65,13.0,9600.0
2015-06-23,12.75,12.8,12.35,12.6,22200.0
2015-06-24,12.55,12.7,11.75,12.1,47200.0
2015-06-25,12.0,12.1,11.75,11.95,21600.0
2015-06-26,11.8,11.95,11.6,11.85,86800.0
2015-06-29,11.65,11.8,11.3,11.8,11200.0
2015-06-30,11.5,11.9,11.5,11.9,19600.0
2015-07-01,11.85,12.1,11.85,11.9,9500.0
2015-07-02,11.75,12.15,11.45,11.75,18200.0
2015-07-03,11.8,12.0,11.5,12.0,40700.0
2015-07-06,11.65,11.9,11.45,11.6,44300.0
2015-07-07,11.5,11.5,10.6,11.25,133000.0
2015-07-08,10.75,11.05,10.3,11.05,56700.0
2015-07-09,11.05,11.3,11.0,11.0,18500.0
2015-07-10,11.0,11.45,11.0,11.45,30600.0
2015-07-13,11.5,11.8,11.5,11.75,33800.0
2015-07-14,11.8,11.9,11.55,11.6,11700.0
2015-07-15,11.7,11.7,11.4,11.65,11600.0
2015-07-16,11.6,11.65,11.4,11.65,25000.0
2015-07-17,11.4,11.4,11.25,11.4,900.0
2015-07-20,11.4,11.5,11.35,11.35,3100.0
2015-07-21,11.4,11.55,11.35,11.4,10900.0
2015-07-22,11.35,11.35,11.25,11.25,2200.0
2015-07-23,11.3,11.3,11.1,11.1,2100.0
2015-07-24,11.15,11.25,11.0,11.25,4200.0
2015-07-27,11.05,11.05,10.7,11.0,35100.0
2015-07-28,10.9,11.1,10.9,11.1,3600.0
2015-07-29,11.0,11.2,10.95,11.2,6300.0
2015-07-30,11.25,11.4,10.85,11.2,7300.0
2015-07-31,11.2,11.5,11.15,11.15,5100.0
2015-08-03,11.15,11.8,11.05,11.25,23100.0
2015-08-04,11.3,12.6,11.3,11.95,45200.0
2015-08-05,11.8,11.9,11.35,11.4,19500.0
2015-08-06,11.7,11.7,11.45,11.45,11200.0
2015-08-07,11.5,11.5,11.4,11.4,800.0
2015-08-10,11.3,11.65,11.25,11.65,39000.0
2015-08-11,11.6,11.65,11.4,11.6,14900.0
2015-08-12,11.5,11.75,11.5,11.7,17000.0
2015-08-13,11.55,11.55,11.5,11.5,2700.0
2015-08-14,11.4,12.2,11.35,11.75,10200.0
2015-08-17,11.95,12.0,11.5,11.8,12900.0
2015-08-18,11.9,11.9,11.55,11.8,10200.0
2015-08-19,11.9,11.9,11.2,11.5,39000.0
2015-08-20,11.45,11.65,11.2,11.45,27900.0
2015-08-21,11.7,11.7,11.25,11.5,21000.0
2015-08-24,11.25,11.35,11.05,11.15,76200.0
2015-08-25,11.15,11.55,11.15,11.55,3500.0
2015-08-26,11.55,11.55,11.5,11.5,10300.0
2015-08-27,11.55,11.6,11.55,11.6,10800.0
2015-08-28,11.65,11.9,11.35,11.9,38200.0
2015-08-31,11.7,11.7,11.35,11.45,4600.0
2015-09-01,11.45,11.8,11.45,11.5,3700.0
2015-09-02,11.45,11.9,11.4,11.65,11000.0
2015-09-03,11.9,11.9,11.5,11.5,3200.0
2015-09-04,11.5,11.55,11.45,11.55,5900.0
2015-09-07,11.65,11.65,11.55,11.55,2800.0
2015-09-08,11.65,11.65,11.45,11.65,23300.0
2015-09-09,11.8,11.9,11.5,11.8,16700.0
2015-09-10,12.0,12.0,11.5,11.8,9300.0
2015-09-11,11.85,11.9,11.35,11.35,8100.0
2015-09-14,11.75,12.85,11.75,12.35,15000.0
2015-09-15,12.4,12.7,12.4,12.4,23600.0
2015-09-16,12.25,12.65,12.2,12.65,10500.0
2015-09-17,12.75,12.8,12.35,12.5,14500.0
2015-09-18,12.7,12.95,12.0,12.1,35600.0
2015-09-21,12.3,12.6,12.2,12.4,12900.0
2015-09-22,12.1,12.35,11.95,12.2,15700.0
2015-09-23,12.4,12.4,11.7,12.0,5000.0
2015-09-24,11.75,12.25,11.65,12.25,5800.0
2015-09-25,12.2,12.2,12.05,12.2,600.0
2015-09-28,12.3,12.35,12.0,12.2,3900.0
2015-09-29,12.0,12.0,12.0,12.0,900.0
2015-09-30,12.0,12.2,11.9,12.1,2100.0
2015-10-01,11.85,12.2,11.8,12.05,2600.0
2015-10-02,11.9,12.0,11.65,11.8,8700.0
2015-10-05,11.75,12.05,11.7,12.05,44200.0
2015-10-06,11.9,12.2,11.8,12.15,60400.0
2015-10-07,12.2,12.2,12.15,12.15,69300.0
2015-10-08,12.0,12.1,11.95,12.1,5700.0
2015-10-09,12.0,12.1,11.8,12.1,17600.0
2015-10-12,12.2,12.2,11.9,11.95,2300.0
2015-10-13,12.0,12.05,11.95,11.95,400.0
2015-10-14,11.95,12.0,11.9,12.0,3100.0
2015-10-15,12.15,12.15,11.8,11.8,7400.0
2015-10-16,11.95,12.0,11.85,12.0,23600.0
2015-10-19,11.85,11.85,11.8,11.8,200.0
2015-10-20,11.95,12.0,11.9,11.9,2100.0
2015-10-21,12.05,12.75,11.75,11.8,36600.0
2015-10-22,11.95,12.3,11.95,12.0,89400.0
2015-10-23,12.15,12.15,12.1,12.1,200.0
2015-10-26,11.95,12.05,11.9,12.0,13000.0
2015-10-27,12.05,12.05,12.0,12.0,3000.0
2015-10-28,12.15,12.15,12.0,12.1,16600.0
2015-10-29,12.0,12.0,11.9,12.0,5600.0
2015-10-30,12.15,12.15,12.05,12.1,1800.0
2015-11-02,12.15,12.15,12.1,12.15,2100.0
2015-11-03,12.05,12.5,11.75,12.45,28000.0
2015-11-05,12.25,12.4,11.85,12.05,7600.0
2015-11-06,12.15,12.15,11.9,11.9,15400.0
2015-11-09,11.9,12.0,11.9,12.0,60300.0
2015-11-10,12.0,12.0,11.6,11.75,59900.0
2015-11-11,12.0,12.0,11.8,12.0,31600.0
2015-11-12,12.05,12.1,12.0,12.1,22900.0
2015-11-16,11.8,12.1,11.8,12.0,6900.0
2015-11-17,11.85,12.0,11.85,12.0,10800.0
2015-11-18,12.0,12.5,12.0,12.0,37500.0
2015-11-19,12.05,12.2,12.0,12.0,18400.0
2015-11-20,12.1,12.2,12.1,12.1,10700.0
2015-11-23,11.95,12.2,11.85,12.1,17700.0
2015-11-24,12.2,12.2,12.0,12.15,20200.0
2015-11-25,12.05,12.15,11.95,12.15,1500.0
2015-11-26,12.0,12.15,12.0,12.15,1700.0
2015-11-27,12.1,12.1,12.0,12.0,6000.0
2015-11-30,12.1,12.15,11.95,12.15,12600.0
2015-12-01,12.15,12.15,12.0,12.15,2700.0
2015-12-02,12.15,12.15,12.05,12.05,2700.0
2015-12-03,12.05,12.05,11.9,11.9,17900.0
2015-12-04,12.05,12.2,12.05,12.05,6000.0
2015-12-07,12.1,12.15,12.05,12.05,4600.0
2015-12-08,12.05,12.1,11.8,11.95,16100.0
2015-12-09,11.95,12.15,11.85,11.95,13100.0
2015-12-10,12.1,14.9,12.0,12.0,202200.0
2015-12-11,12.2,12.2,11.9,11.95,10500.0
2015-12-14,11.95,12.0,11.6,11.65,39700.0
2015-12-15,11.65,12.0,11.65,12.0,16500.0
2015-12-16,11.8,12.0,11.75,12.0,15300.0
2015-12-17,12.0,12.1,12.0,12.1,10500.0
2015-12-18,12.15,12.2,12.1,12.1,9100.0
2015-12-21,12.2,12.4,11.85,12.1,26600.0
2015-12-22,12.15,12.25,11.85,11.95,17100.0
2015-12-23,12.0,12.0,11.85,12.0,15300.0
2015-12-24,11.95,12.0,11.75,12.0,6600.0
2015-12-25,11.9,12.0,11.75,11.95,19900.0
2015-12-28,11.8,11.9,11.55,11.75,58500.0
2015-12-29,11.9,12.0,11.75,11.85,10400.0
2015-12-30,11.9,12.0,11.85,11.85,8400.0
2016-01-04,11.85,12.1,11.6,12.0,4000.0
2016-01-05,12.0,12.25,11.95,12.05,7000.0
2016-01-06,12.05,12.2,12.0,12.2,1400.0
2016-01-11,12.05,12.2,11.8,12.0,20600.0
2016-01-12,11.85,12.05,11.7,12.0,28600.0
2016-01-13,11.9,12.5,11.75,12.3,57500.0
2016-01-14,12.15,12.95,12.1,12.5,29800.0
2016-01-15,12.5,12.95,12.1,12.2,41700.0
2016-01-18,12.15,12.6,12.05,12.2,44900.0
2016-01-19,12.35,12.8,12.2,12.25,5300.0
2016-01-20,12.35,12.4,12.05,12.2,51400.0
2016-01-21,12.5,12.5,12.15,12.45,46500.0
2016-01-22,12.2,12.5,12.15,12.5,3000.0
2016-01-25,12.7,12.9,12.4,12.65,18400.0
2016-01-26,12.5,12.6,12.45,12.6,4100.0
2016-01-27,12.65,12.7,12.55,12.55,2500.0
2016-01-28,12.7,12.95,12.7,12.9,4400.0
2016-01-29,12.95,13.0,12.6,13.0,29500.0
2016-02-01,12.9,13.8,12.55,13.35,28200.0
2016-02-02,13.15,13.4,13.1,13.4,1800.0
2016-02-03,13.65,13.95,13.5,13.75,16000.0
2016-02-04,13.3,13.7,13.1,13.45,6300.0
2016-02-05,13.8,13.85,13.6,13.6,5100.0
2016-02-08,13.5,13.6,13.1,13.25,14800.0
2016-02-09,13.25,13.7,13.2,13.2,26400.0
2016-02-10,13.35,13.8,13.35,13.7,17400.0
2016-02-11,13.7,13.7,13.2,13.2,7300.0
2016-02-12,13.05,13.55,12.8,13.5,19200.0
2016-02-15,13.55,13.6,13.3,13.3,3800.0
2016-02-16,13.45,13.45,13.15,13.45,5800.0
2016-02-17,13.4,13.4,12.6,13.0,139000.0
2016-02-18,13.05,13.3,13.0,13.1,18500.0
2016-02-19,13.25,13.25,13.05,13.2,33100.0
2016-02-20,13.75,13.75,13.75,13.75,100.0
2016-02-22,13.4,13.6,13.2,13.4,4700.0
2016-02-24,13.25,13.4,13.05,13.2,33300.0
2016-02-25,13.35,13.35,13.35,13.35,900.0
2016-02-26,13.4,13.7,13.2,13.45,36600.0
2016-02-29,13.55,13.85,13.5,13.75,31700.0
2016-03-01,13.65,13.9,13.35,13.7,23100.0
2016-03-02,13.8,13.8,13.35,13.65,4600.0
2016-03-03,13.65,14.0,13.55,13.6,19400.0
2016-03-04,13.65,13.95,13.6,13.95,10100.0
2016-03-07,14.1,14.2,13.7,14.05,5500.0
2016-03-09,14.15,14.15,13.75,13.95,26300.0
2016-03-10,14.25,14.25,13.8,13.8,12500.0
2016-03-11,13.85,14.05,13.75,13.9,4500.0
2016-03-14,14.05,14.2,13.8,14.05,15600.0
2016-03-15,13.9,14.1,13.8,14.1,23900.0
2016-03-16,14.15,14.2,14.1,14.2,12300.0
2016-03-17,14.25,14.35,14.05,14.2,14000.0
2016-03-18,14.1,14.4,13.7,14.4,23100.0
2016-03-21,14.55,14.55,13.95,13.95,22100.0
2016-03-22,14.05,14.1,14.05,14.05,17900.0
2016-03-23,14.0,14.15,13.8,14.0,21400.0
2016-03-24,14.0,14.3,13.9,14.15,52300.0
2016-03-25,14.2,14.5,13.85,14.05,40000.0
2016-03-28,14.2,14.2,13.8,14.0,18500.0
2016-03-29,14.0,14.6,14.0,14.55,27300.0
2016-03-30,14.55,14.6,14.3,14.5,3700.0
2016-03-31,14.6,14.6,14.4,14.4,4900.0
2016-04-01,14.35,14.55,14.25,14.4,3500.0
2016-04-04,14.6,14.6,14.5,14.5,39100.0
2016-04-05,14.65,14.65,14.25,14.45,8900.0
2016-04-06,14.35,14.65,14.25,14.65,9700.0
2016-04-07,14.55,14.6,14.4,14.6,3200.0
2016-04-08,14.65,15.1,14.65,15.05,42200.0
2016-04-11,15.15,15.45,14.8,15.0,42100.0
2016-04-12,15.0,15.5,14.2,15.2,39900.0
2016-04-13,15.3,15.4,15.0,15.4,3000.0
2016-04-14,15.1,15.55,15.1,15.45,2900.0
2016-04-15,15.6,15.8,14.85,14.95,95800.0
2016-04-18,14.9,15.25,13.8,14.15,178700.0
2016-04-19,13.95,14.3,13.85,14.3,54500.0
2016-04-20,14.1,14.85,14.1,14.45,22300.0
2016-04-21,14.6,14.65,14.3,14.4,39200.0
2016-04-22,14.3,14.5,14.2,14.4,21000.0
2016-04-25,14.4,14.6,14.35,14.55,20700.0
2016-04-26,14.55,15.0,14.55,14.95,88600.0
2016-04-27,14.95,15.0,14.65,14.9,22700.0
2016-04-28,14.65,15.15,14.65,15.15,25000.0
2016-04-29,15.1,15.1,14.65,14.65,8700.0
2016-05-04,15.05,15.1,14.8,15.0,6500.0
2016-05-05,15.0,15.85,15.0,15.4,58100.0
2016-05-06,15.1,15.55,15.1,15.55,6200.0
2016-05-10,15.55,15.55,15.05,15.15,15200.0
2016-05-11,15.25,15.4,15.0,15.0,13200.0
2016-05-12,15.25,15.35,15.05,15.25,29200.0
2016-05-13,15.1,15.1,14.9,15.0,22500.0
2016-05-16,14.9,15.1,14.7,15.05,11400.0
2016-05-17,15.0,15.1,14.9,15.1,9200.0
2016-05-18,15.15,15.15,14.9,15.05,12100.0
2016-05-19,14.9,15.0,14.85,15.0,15900.0
2016-05-20,14.8,15.45,14.7,14.9,54400.0
2016-05-23,15.0,15.1,14.8,14.9,6500.0
2016-05-24,15.05,15.1,14.95,15.0,18700.0
2016-05-25,15.3,15.3,14.85,14.95,54600.0
2016-05-26,15.1,15.2,14.95,14.95,71900.0
2016-05-27,15.0,15.25,14.75,15.0,14500.0
2016-05-30,14.8,15.0,14.5,14.9,29300.0
2016-05-31,14.9,14.95,14.8,14.95,10200.0
2016-06-01,15.05,15.1,14.95,14.95,32800.0
2016-06-02,15.15,15.2,15.0,15.15,582200.0
2016-06-03,15.0,15.15,15.0,15.0,40300.0
2016-06-06,15.05,15.3,14.95,15.0,80800.0
2016-06-07,15.1,15.3,14.7,15.3,293700.0
2016-06-08,15.45,15.7,15.0,15.7,1570100.0
2016-06-09,15.75,15.9,15.3,15.4,1023500.0
2016-06-10,15.35,15.6,15.2,15.3,176000.0
2016-06-14,15.45,15.55,15.1,15.55,937200.0
2016-06-15,15.65,15.65,15.3,15.4,181900.0
2016-06-16,15.4,16.35,15.1,15.3,219000.0
2016-06-17,15.2,15.3,15.05,15.3,241900.0
2016-06-20,15.15,15.25,15.1,15.1,880900.0
2016-06-21,15.15,15.35,15.05,15.1,256500.0
2016-06-22,15.05,15.2,15.05,15.2,131900.0
2016-06-23,15.2,15.5,15.15,15.2,212300.0
2016-06-24,15.2,15.55,15.1,15.2,210600.0
2016-06-27,15.25,15.25,15.05,15.05,99900.0
2016-06-28,15.05,15.2,15.05,15.1,80100.0
2016-06-29,15.1,15.2,15.05,15.1,152400.0
2016-06-30,15.1,15.1,14.95,15.1,529700.0
2016-07-01,15.15,15.5,15.1,15.45,1500700.0
2016-07-04,15.75,16.95,15.7,16.0,3151500.0
2016-07-05,16.5,19.6,16.15,19.2,2504000.0
2016-07-06,20.7,22.65,20.05,22.65,3741100.0
2016-07-07,23.0,23.0,20.1,21.35,811600.0
2016-07-08,21.05,21.45,20.6,21.1,150600.0
2016-07-11,21.2,22.35,21.2,21.75,26000.0
2016-07-12,21.15,22.2,21.0,21.6,252500.0
2016-07-13,21.6,21.7,21.5,21.6,128300.0
2016-07-14,21.6,22.45,21.4,22.35,87700.0
2016-07-15,22.45,22.95,22.05,22.95,419300.0
2016-07-18,22.85,23.25,22.6,22.9,62600.0
2016-07-19,22.9,22.95,22.45,22.55,76600.0
2016-07-20,22.5,22.65,21.5,21.75,111400.0
2016-07-21,21.75,22.2,21.6,22.2,189100.0
2016-07-22,22.2,22.45,22.0,22.4,153500.0
2016-07-25,22.9,25.9,22.65,25.5,2196100.0
2016-07-26,25.75,26.5,24.25,24.85,1144100.0
2016-07-27,25.0,26.25,24.7,25.3,849500.0
2016-07-28,25.7,27.25,25.6,27.25,963800.0
2016-07-29,27.35,27.5,26.65,26.95,421600.0
2016-08-01,32.3,36.95,27.5,27.7,1600500.0
2016-08-02,28.15,33.85,28.0,33.55,6257500.0
2016-08-03,34.8,35.0,30.6,32.0,3204600.0
2016-08-04,32.0,35.0,30.05,33.05,2328000.0
2016-08-05,33.45,34.95,33.35,34.8,685400.0
2016-08-08,34.95,36.95,34.8,36.75,1210400.0
2016-08-09,37.0,39.8,36.85,39.8,1616500.0
2016-08-10,40.1,41.7,37.55,38.6,2095200.0
2016-08-11,38.95,40.0,37.1,39.25,756700.0
2016-08-12,39.0,39.15,37.45,37.85,642200.0
2016-08-15,38.0,39.8,37.5,39.65,738400.0
2016-08-16,39.65,40.8,39.65,40.0,545200.0
2016-08-17,39.9,40.5,39.65,40.0,273600.0
2016-08-18,40.0,40.2,38.2,38.8,511600.0
2016-08-19,39.3,39.65,38.2,39.25,145300.0
2016-08-22,39.3,39.3,38.15,38.25,468200.0
2016-08-23,40.85,41.6,38.45,38.9,1671500.0
2016-08-24,38.9,39.55,38.3,38.75,424100.0
2016-08-25,39.0,39.4,38.25,38.8,251000.0
2016-08-26,39.15,39.25,38.1,38.55,452600.0
2016-08-29,38.7,40.0,38.25,39.55,583100.0
2016-08-30,40.0,42.1,39.85,41.95,974200.0
2016-08-31,41.6,43.4,41.0,43.0,762700.0
2016-09-01,42.6,43.4,42.15,43.2,340300.0
2016-09-02,43.5,43.95,42.45,43.25,497400.0
2016-09-05,43.5,44.75,42.5,44.35,203900.0
2016-09-06,44.45,45.0,44.05,44.6,307300.0
2016-09-07,44.95,45.05,43.5,44.0,713200.0
2016-09-08,43.95,43.95,42.5,43.4,256400.0
2016-09-09,43.35,44.9,43.0,43.0,162500.0
2016-09-12,43.05,44.7,42.65,44.1,160500.0
2016-09-13,43.9,44.65,43.8,44.05,169200.0
2016-09-14,44.15,44.75,43.7,44.05,296100.0
2016-09-15,44.25,44.25,43.65,44.15,195700.0
2016-09-16,44.0,44.2,43.6,43.6,280000.0
2016-09-19,43.8,44.5,43.75,44.1,136300.0
2016-09-20,44.5,44.5,43.6,43.95,117500.0
2016-09-21,43.95,46.95,43.95,44.45,448000.0
2016-09-22,44.95,44.95,43.1,43.8,541700.0
2016-09-23,43.75,44.15,43.15,43.9,300600.0
2016-09-26,44.1,45.2,44.1,44.7,600200.0
2016-09-27,44.75,45.0,43.65,44.35,334100.0
2016-09-28,44.0,44.5,43.55,44.3,212900.0
2016-09-29,44.5,44.75,43.95,43.95,93200.0
2016-09-30,44.15,44.4,43.5,43.95,208100.0
2016-10-03,44.05,44.05,43.1,43.95,95100.0
2016-10-04,44.05,44.95,43.7,44.45,173700.0
2016-10-05,44.35,44.5,43.8,43.95,96700.0
2016-10-06,43.95,44.1,43.3,43.95,120200.0
2016-10-07,44.0,44.15,43.65,44.0,48700.0
2016-10-10,43.8,43.9,43.0,43.6,338900.0
2016-10-11,43.5,43.95,42.8,43.25,327200.0
2016-10-12,43.55,43.6,42.5,42.85,176800.0
2016-10-13,43.0,43.0,41.45,41.9,204000.0
2016-10-14,42.45,42.45,40.05,40.2,558700.0
2016-10-17,40.5,42.15,39.1,42.15,338600.0
2016-10-18,42.3,43.2,41.8,42.0,338000.0
2016-10-19,42.4,42.9,41.1,41.45,419500.0
2016-10-20,41.85,41.9,40.05,40.7,398000.0
2016-10-21,40.55,40.95,40.0,40.25,280800.0
2016-10-24,40.25,41.2,39.15,40.9,428200.0
2016-10-25,40.7,51.1,40.15,43.2,776000.0
2016-10-26,43.1,43.9,41.2,41.85,193800.0
2016-10-27,41.8,43.4,41.1,43.05,183400.0
2016-10-28,43.05,47.0,42.65,45.0,478600.0
2016-10-31,45.0,48.0,45.0,47.95,579000.0
2016-11-01,48.05,48.8,45.8,48.15,542700.0
2016-11-02,48.15,49.75,46.55,48.5,877100.0
2016-11-03,48.65,50.95,45.55,46.0,2085200.0
2016-11-07,46.55,46.9,44.15,46.0,961600.0
2016-11-08,45.5,46.2,43.95,44.55,1534100.0
2016-11-09,43.75,45.9,43.1,44.7,582200.0
2016-11-10,45.0,45.65,43.5,44.7,487500.0
2016-11-11,44.3,44.9,43.7,44.3,276200.0
2016-11-14,44.15,44.15,42.2,43.7,516800.0
2016-11-15,43.4,43.8,42.45,42.85,239800.0
2016-11-16,43.0,43.15,42.15,42.8,345200.0
2016-11-17,42.8,43.75,42.65,43.15,182800.0
2016-11-18,43.1,43.95,43.0,43.25,416000.0
2016-11-21,43.5,43.8,42.75,42.95,121800.0
2016-11-22,42.95,43.3,42.75,42.95,64500.0
2016-11-23,43.3,43.8,43.0,43.65,55600.0
2016-11-24,43.6,44.05,43.05,43.75,111300.0
2016-11-25,43.85,43.85,43.35,43.35,35600.0
2016-11-28,43.5,43.55,43.0,43.0,144400.0
2016-11-29,43.05,43.2,42.95,43.0,145400.0
2016-11-30,43.0,43.5,42.7,43.05,238200.0
2016-12-01,43.15,43.5,42.6,43.1,150800.0
2016-12-02,43.2,45.0,43.0,45.0,457900.0
2016-12-05,46.8,46.8,44.85,44.95,190200.0
2016-12-06,45.25,45.4,44.35,44.65,201600.0
2016-12-07,44.8,44.9,44.2,44.45,112500.0
2016-12-08,44.5,46.0,44.5,45.0,729000.0
2016-12-09,45.35,45.9,44.9,45.3,137800.0
2016-12-12,45.3,46.95,44.75,45.45,221900.0
2016-12-13,45.1,45.65,44.75,44.8,170700.0
2016-12-14,44.7,45.15,44.0,44.5,205000.0
2016-12-15,44.35,45.0,44.35,44.95,85500.0
2016-12-16,44.8,44.95,44.4,44.6,70600.0
2016-12-19,44.5,44.5,43.8,44.1,169600.0
2016-12-20,44.0,44.35,43.0,43.0,190800.0
2016-12-21,43.0,44.15,43.0,43.7,181300.0
2016-12-22,43.85,44.1,42.3,43.15,379200.0
2016-12-23,43.0,43.45,42.5,43.3,93700.0
2016-12-26,43.6,43.9,42.9,43.65,121200.0
2016-12-27,43.7,44.45,43.3,44.2,83900.0
2016-12-28,44.3,45.3,44.1,45.0,147000.0
2016-12-29,44.95,45.3,44.8,45.3,56900.0
2016-12-30,45.1,45.7,44.55,45.4,85100.0
2017-01-03,45.65,46.45,45.55,46.4,74300.0
2017-01-04,46.5,46.5,46.05,46.1,48100.0
2017-01-05,46.15,46.55,46.1,46.3,35500.0
2017-01-06,46.3,46.45,45.8,46.2,25400.0
2017-01-09,46.4,46.8,45.55,46.8,145400.0
2017-01-10,46.55,47.85,46.55,47.85,155100.0
2017-01-11,47.95,49.3,46.3,46.5,498100.0
2017-01-12,46.7,47.6,46.55,47.6,147600.0
2017-01-13,47.6,48.2,46.85,47.65,134700.0
2017-01-16,47.65,47.95,46.6,47.25,122300.0
2017-01-17,47.05,47.25,46.2,47.15,106700.0
2017-01-18,47.15,47.85,46.6,47.1,135800.0
2017-01-19,47.55,47.55,46.35,46.45,128900.0
2017-01-20,46.4,46.8,45.35,46.1,128400.0
2017-01-23,46.0,46.2,45.6,45.9,49900.0
2017-01-24,45.6,46.3,45.15,45.9,136900.0
2017-01-25,46.1,46.35,45.8,45.9,140300.0
2017-01-26,46.25,47.0,45.8,46.3,439900.0
2017-01-27,46.5,46.85,45.85,46.35,154200.0
2017-01-30,46.45,48.0,46.05,47.55,246600.0
2017-01-31,47.35,49.45,47.35,48.75,141200.0
2017-02-01,48.45,49.85,48.3,49.0,136200.0
2017-02-02,49.8,50.0,47.7,47.95,270000.0
2017-02-03,48.25,50.95,47.5,48.85,259400.0
2017-02-06,48.7,49.0,47.7,48.5,237800.0
2017-02-07,48.7,49.55,48.7,49.1,140200.0
2017-02-08,48.95,53.35,48.5,51.7,707300.0
2017-02-09,51.1,53.9,50.5,51.9,287000.0
2017-02-10,51.6,52.9,51.5,52.5,114400.0
2017-02-13,52.5,53.5,51.25,51.8,255200.0
2017-02-14,51.45,51.6,49.75,50.4,252300.0
2017-02-15,50.65,51.0,48.5,49.6,313800.0
2017-02-16,50.2,50.8,49.6,49.95,95100.0
2017-02-17,49.85,51.0,49.6,49.8,138900.0
2017-02-20,49.6,51.9,49.6,50.25,84000.0
2017-02-21,50.75,51.5,49.75,51.5,113500.0
2017-02-22,51.5,52.0,50.4,51.0,150800.0
2017-02-24,51.3,52.0,49.6,51.4,145900.0
2017-02-27,50.95,52.0,48.15,48.8,372700.0
2017-02-28,49.4,49.8,45.5,46.4,810900.0
2017-03-01,47.05,48.35,46.5,47.4,280900.0
2017-03-02,47.3,59.0,47.05,53.0,2512100.0
2017-03-03,54.3,54.35,51.1,51.55,1056300.0
2017-03-06,52.4,53.85,50.75,51.3,619900.0
2017-03-07,51.6,51.6,49.25,50.0,489800.0
2017-03-09,49.3,50.0,45.75,46.6,1094500.0
2017-03-10,47.0,50.35,44.25,49.85,1168000.0
2017-03-13,50.0,50.1,48.05,49.15,370800.0
2017-03-14,49.35,50.85,49.0,49.65,203500.0
2017-03-15,50.25,50.6,49.0,49.4,146600.0
2017-03-16,49.6,51.0,49.55,50.0,258300.0
2017-03-17,50.3,51.95,50.05,51.8,384400.0
2017-03-20,52.2,52.95,51.5,51.8,188500.0
2017-03-21,52.2,52.7,51.55,51.7,122200.0
2017-03-22,51.4,51.45,50.3,50.85,311700.0
2017-03-23,50.65,51.55,49.9,50.55,196400.0
2017-03-24,50.7,51.2,50.2,50.35,260100.0
2017-03-27,50.05,50.05,48.0,48.95,451300.0
2017-03-28,49.1,49.4,47.7,48.5,341300.0
2017-03-29,47.95,48.5,47.5,48.1,191300.0
2017-03-30,48.05,48.05,47.35,47.5,327300.0
2017-03-31,47.15,47.5,46.5,46.5,334800.0
2017-04-03,46.7,49.8,46.35,49.75,341700.0
2017-04-04,48.55,50.05,48.4,49.3,110800.0
2017-04-05,48.9,49.9,48.9,49.2,207800.0
2017-04-06,48.9,50.45,48.7,49.2,366900.0
2017-04-07,49.25,49.35,48.15,48.6,268600.0
2017-04-10,48.65,49.35,46.5,47.3,417100.0
2017-04-11,47.1,47.5,47.1,47.45,199200.0
2017-04-12,47.35,47.85,46.75,47.1,106300.0
2017-04-13,47.4,47.5,46.25,47.3,233000.0
2017-04-14,47.3,48.25,46.95,47.3,78100.0
2017-04-17,47.95,49.75,47.5,49.05,314400.0
2017-04-18,49.05,50.2,48.5,48.8,274200.0
2017-04-19,48.95,49.4,48.3,48.5,85300.0
2017-04-20,48.6,48.6,46.8,47.55,334900.0
2017-04-21,47.85,48.1,46.8,47.0,628400.0
2017-04-24,47.5,48.55,47.0,47.95,339200.0
2017-04-25,48.45,48.9,48.0,48.65,321700.0
2017-04-26,49.0,50.3,48.65,50.25,692900.0
2017-04-27,50.6,50.7,49.15,50.35,182600.0
2017-04-28,50.5,52.45,50.15,51.8,315200.0
2017-05-02,52.35,53.0,51.8,53.0,186500.0
2017-05-03,53.25,53.5,40.0,50.05,825100.0
2017-05-04,50.0,50.95,49.15,50.0,194500.0
2017-05-05,49.0,50.35,48.4,49.55,330900.0
2017-05-10,49.35,51.85,47.2,49.6,394900.0
2017-05-11,50.0,50.7,49.6,49.85,285600.0
2017-05-12,49.25,49.9,49.0,49.45,126900.0
2017-05-15,49.85,50.6,49.1,49.9,303600.0
2017-05-16,50.0,50.45,49.55,50.0,115900.0
2017-05-17,50.2,50.35,49.5,49.95,396900.0
2017-05-18,49.9,52.1,48.95,51.6,616400.0
2017-05-19,51.95,53.0,50.0,50.55,379200.0
2017-05-22,51.0,53.5,50.15,51.95,596500.0
2017-05-23,52.75,53.4,50.3,53.35,362600.0
2017-05-24,53.2,59.5,51.7,58.95,2295300.0
2017-05-25,61.0,61.9,57.5,57.85,1849000.0
2017-05-26,58.2,59.4,56.7,59.2,1100200.0
2017-05-29,59.45,59.55,57.55,58.1,487400.0
2017-05-30,58.25,59.15,57.5,58.65,542700.0
2017-05-31,59.4,59.4,57.05,57.45,696400.0
2017-06-01,58.05,58.1,55.8,57.4,423100.0
2017-06-02,57.7,57.7,56.25,57.25,274700.0
2017-06-05,57.8,57.8,55.95,57.0,399800.0
2017-06-06,57.2,57.2,56.5,57.05,150100.0
2017-06-07,57.1,57.5,57.0,57.3,160100.0
2017-06-08,58.2,58.5,56.95,58.1,1057700.0
2017-06-09,58.0,59.35,57.2,58.95,510700.0
2017-06-13,59.1,60.3,58.9,59.95,755900.0
2017-06-14,60.7,63.9,59.1,61.85,2028500.0
2017-06-15,61.85,62.5,58.0,62.25,1161000.0
2017-06-16,62.65,63.1,61.0,62.25,453200.0
2017-06-19,62.6,62.7,61.15,62.4,690600.0
2017-06-20,62.55,62.6,61.4,61.75,440500.0
2017-06-21,62.0,62.3,59.5,59.75,804900.0
2017-06-22,59.8,60.8,59.0,60.0,956300.0
2017-06-23,51.15,55.0,51.15,54.8,854000.0
2017-06-26,55.0,57.5,54.55,56.55,488000.0
2017-06-27,56.6,56.6,53.8,54.45,484800.0
2017-06-28,54.65,54.65,52.9,53.0,491800.0
2017-06-29,53.05,53.05,50.8,51.05,557100.0
2017-06-30,51.65,52.5,51.2,52.5,176000.0
2017-07-03,52.75,54.7,52.1,53.75,180600.0
2017-07-04,53.8,54.45,53.0,53.9,127100.0
2017-07-05,54.45,54.45,52.0,52.7,431700.0
2017-07-06,53.0,53.0,51.65,51.75,617800.0
2017-07-07,51.75,52.3,51.65,51.95,132200.0
2017-07-10,52.65,53.75,52.0,53.7,243000.0
2017-07-11,53.9,54.05,53.05,53.45,183400.0
2017-07-12,53.35,53.7,52.85,53.25,217500.0
2017-07-13,53.45,53.5,52.9,53.25,106700.0
2017-07-14,53.15,53.6,52.9,53.15,164700.0
2017-07-17,53.15,54.7,52.95,53.9,166100.0
2017-07-18,53.9,56.0,53.9,55.65,372600.0
2017-07-19,55.7,56.0,54.65,55.7,97400.0
2017-07-20,56.15,57.0,56.05,56.7,154500.0
2017-07-21,56.7,58.0,55.55,56.05,468200.0
2017-07-24,55.95,56.45,54.1,55.5,533400.0
2017-07-25,55.75,57.2,55.65,56.95,202600.0
2017-07-26,57.2,59.2,56.8,59.15,406500.0
2017-07-27,59.5,61.2,58.4,60.2,683200.0
2017-07-28,61.4,61.6,59.85,60.75,587700.0
2017-07-31,60.9,61.9,60.15,60.6,481800.0
2017-08-01,60.9,61.75,60.7,61.65,182800.0
2017-08-02,61.8,62.0,61.0,61.25,212900.0
2017-08-03,61.2,61.9,60.15,61.85,197000.0
2017-08-04,61.85,61.95,61.25,61.95,131900.0
2017-08-07,62.0,64.25,61.65,63.85,417600.0
2017-08-08,64.2,67.65,63.85,67.0,434100.0
2017-08-09,67.45,69.7,66.85,67.05,657000.0
2017-08-10,67.7,68.7,67.0,67.0,205200.0
2017-08-11,67.05,67.7,64.65,67.7,427900.0
2017-08-14,68.4,68.9,65.7,66.55,320600.0
2017-08-15,66.35,66.85,65.35,65.95,237700.0
2017-08-16,66.0,67.3,65.05,67.0,581700.0
2017-08-17,67.5,67.5,65.55,66.35,64700.0
2017-08-18,67.7,67.8,65.85,66.45,159100.0
2017-08-21,67.1,67.25,65.25,66.55,124700.0
2017-08-22,66.55,66.85,64.95,65.3,489500.0
2017-08-23,64.95,65.6,64.3,65.35,418400.0
2017-08-24,65.3,67.7,64.85,65.45,529800.0
2017-08-25,65.85,66.0,64.5,64.95,319700.0
2017-08-28,65.35,65.35,64.0,64.85,258800.0
2017-08-29,65.05,65.05,63.5,64.7,181200.0
2017-08-30,64.7,65.45,64.5,65.2,103700.0
2017-08-31,65.0,66.0,64.5,64.95,255400.0
2017-09-01,64.9,66.7,64.6,66.4,288400.0
2017-09-04,66.25,66.25,64.6,65.65,131600.0
2017-09-05,65.05,66.0,64.9,65.6,102300.0
2017-09-06,65.7,69.5,65.05,67.4,565400.0
2017-09-07,67.85,69.1,67.0,68.35,183700.0
2017-09-08,69.05,69.2,67.2,68.0,137100.0
2017-09-11,68.45,69.4,67.8,68.95,211900.0
2017-09-12,69.25,70.65,68.1,70.0,344700.0
2017-09-13,70.35,70.35,68.3,68.9,282800.0
2017-09-14,69.9,69.9,67.7,68.6,163100.0
2017-09-15,68.75,69.25,68.05,68.5,107800.0
2017-09-18,68.7,69.2,68.15,69.0,65200.0
2017-09-19,69.85,69.9,69.15,69.5,96100.0
2017-09-20,69.65,70.3,69.4,70.05,106400.0
2017-09-21,70.4,72.05,69.55,71.8,305500.0
2017-09-22,71.9,72.0,70.55,71.6,99600.0
2017-09-25,72.3,72.3,70.8,72.0,116300.0
2017-09-26,72.4,72.9,71.4,72.2,125900.0
2017-09-27,72.7,72.9,70.0,72.0,196100.0
2017-09-28,72.55,72.9,72.0,72.4,123800.0
2017-09-29,72.35,72.65,71.7,71.95,182100.0
2017-10-02,72.0,72.8,70.8,72.65,143900.0
2017-10-03,72.9,74.45,72.35,74.25,251200.0
2017-10-04,74.25,74.7,73.5,74.05,178700.0
2017-10-05,73.95,75.0,73.95,74.75,111600.0
2017-10-06,74.95,75.95,74.9,75.5,105800.0
2017-10-09,75.7,78.5,75.2,78.0,248100.0
2017-10-10,77.85,79.25,76.1,77.0,230800.0
2017-10-11,77.5,77.5,76.2,76.25,81500.0
2017-10-12,76.5,78.2,76.35,78.15,97700.0
2017-10-13,78.15,81.55,78.15,81.0,233400.0
2017-10-16,81.4,83.6,80.7,82.75,256900.0
2017-10-17,82.95,84.25,78.35,81.5,536100.0
2017-10-18,81.0,82.9,78.6,81.7,483100.0
2017-10-19,81.85,83.25,79.2,79.95,184900.0
2017-10-20,80.45,82.0,80.05,81.65,151800.0
2017-10-23,81.7,83.45,80.35,80.75,159800.0
2017-10-24,80.95,82.05,80.0,80.9,136900.0
2017-10-25,81.6,82.4,80.0,80.35,105900.0
2017-10-26,80.15,82.45,78.75,81.85,252800.0
2017-10-27,81.8,83.45,81.8,83.1,158200.0
2017-10-30,83.75,85.0,83.1,84.3,135100.0
2017-10-31,84.5,86.6,83.75,84.0,150100.0
2017-11-01,84.0,84.6,83.1,84.1,166200.0
2017-11-02,84.55,87.5,82.25,86.4,431300.0
2017-11-03,85.15,89.3,85.15,88.85,312600.0
2017-11-07,88.9,92.9,87.4,91.0,315100.0
2017-11-08,91.75,92.4,90.05,91.45,235400.0
2017-11-09,92.0,93.0,89.85,92.5,167200.0
2017-11-10,92.5,92.95,90.1,91.3,284900.0
2017-11-13,92.15,92.7,90.6,91.55,116900.0
2017-11-14,91.85,92.1,90.6,91.5,101500.0
2017-11-15,90.65,92.05,87.5,88.75,253700.0
2017-11-16,87.95,89.9,86.2,87.8,183700.0
2017-11-17,88.8,90.6,88.35,89.2,75200.0
2017-11-20,89.1,90.3,88.15,89.8,152100.0
2017-11-21,89.15,90.2,88.5,88.6,202800.0
2017-11-22,89.5,90.7,88.2,89.7,207100.0
2017-11-23,89.05,90.6,88.8,88.9,122400.0
2017-11-24,89.8,89.9,87.7,88.6,132500.0
2017-11-27,88.1,88.95,87.85,88.3,118500.0
2017-11-28,88.1,88.65,80.0,85.75,591900.0
2017-11-29,86.8,87.3,84.0,85.4,238600.0
2017-11-30,85.45,87.2,85.45,86.4,102300.0
2017-12-01,85.6,87.65,85.15,86.3,103300.0
2017-12-04,86.25,86.25,82.85,83.35,332700.0
2017-12-05,83.5,83.95,81.05,82.15,243100.0
2017-12-06,82.25,85.0,81.7,84.0,277800.0
2017-12-07,84.4,85.2,82.55,83.6,143200.0
2017-12-08,84.4,85.0,83.4,83.95,85900.0
2017-12-11,84.0,85.45,83.1,84.9,137200.0
2017-12-12,84.45,85.2,84.1,84.75,60200.0
2017-12-13,85.2,85.4,84.35,84.4,73800.0
2017-12-14,84.95,85.45,82.7,84.4,80400.0
2017-12-15,85.2,85.2,83.8,84.3,77200.0
2017-12-18,84.8,84.85,80.0,81.55,812900.0
2017-12-19,81.25,82.25,80.3,80.7,165900.0
2017-12-20,80.95,81.5,78.2,81.1,396800.0
2017-12-21,81.45,81.75,80.7,81.45,101100.0
2017-12-22,81.7,82.0,80.15,80.85,300400.0
2017-12-25,78.5,81.5,78.15,80.6,177400.0
2017-12-26,80.1,80.95,79.0,80.05,208700.0
2017-12-27,80.05,80.8,78.85,80.25,178900.0
2017-12-28,80.1,80.95,79.85,80.2,112900.0
2017-12-29,80.35,81.4,79.6,81.4,138400.0
2018-01-03,81.4,82.95,80.4,81.0,243600.0
2018-01-04,81.9,83.45,80.8,83.15,179300.0
2018-01-05,83.5,84.5,82.8,84.15,143400.0
2018-01-09,84.65,85.5,84.15,85.45,423300.0
2018-01-10,87.9,89.15,85.1,85.8,440500.0
2018-01-11,86.55,86.55,84.9,85.7,166900.0
2018-01-12,85.9,88.0,85.5,86.95,297800.0
2018-01-15,87.35,87.95,86.7,86.85,130400.0
2018-01-16,86.7,87.8,84.4,86.45,209700.0
2018-01-17,86.35,86.95,85.7,86.2,135500.0
2018-01-18,85.8,86.95,85.3,86.4,158600.0
2018-01-19,86.2,86.5,85.4,85.95,99400.0
2018-01-22,85.65,87.0,85.4,86.85,233800.0
2018-01-23,86.95,87.45,85.7,86.3,129100.0
2018-01-24,85.65,87.0,84.25,86.15,201700.0
2018-01-25,86.45,86.8,85.2,86.15,174000.0
2018-01-26,85.55,86.25,85.1,85.5,101900.0
2018-01-29,86.1,86.25,85.2,85.65,96200.0
2018-01-30,86.3,87.5,85.55,87.05,181400.0
2018-01-31,87.75,88.0,85.85,86.3,233200.0
2018-02-01,86.55,87.0,85.45,86.95,167900.0
2018-02-02,86.95,87.65,85.65,86.1,170100.0
2018-02-05,86.0,86.95,85.45,86.05,150800.0
2018-02-06,84.95,85.4,82.1,83.85,443900.0
2018-02-07,84.1,85.85,83.7,85.0,152900.0
2018-02-08,84.6,86.65,83.8,85.95,233800.0
2018-02-09,84.15,86.3,83.1,84.8,304900.0
2018-02-12,85.4,87.1,85.4,86.2,236800.0
2018-02-13,86.9,89.0,86.4,89.0,250500.0
2018-02-14,89.15,90.45,88.1,89.2,355800.0
2018-02-15,89.05,90.0,87.55,88.35,196600.0
2018-02-16,87.95,88.8,86.5,87.15,107200.0
2018-02-19,87.5,87.95,86.15,87.1,92000.0
2018-02-20,87.0,87.75,86.2,86.6,139300.0
2018-02-21,87.05,87.85,87.05,87.55,85100.0
2018-02-22,87.6,87.6,86.75,87.3,144900.0
2018-02-26,89.2,94.0,85.4,92.95,1421600.0
2018-02-27,94.8,108.5,94.1,102.0,3188500.0
2018-02-28,103.0,105.0,101.25,101.8,619300.0
2018-03-01,102.05,102.7,100.1,101.0,603300.0
2018-03-02,101.65,102.0,101.15,101.75,248200.0
2018-03-05,102.45,103.4,101.3,101.5,227100.0
2018-03-06,101.95,102.7,99.75,100.65,439000.0
2018-03-07,100.9,101.05,100.0,100.2,156600.0
2018-03-09,100.2,100.85,100.2,100.75,35000.0
2018-03-12,100.85,101.8,100.7,101.0,304700.0
2018-03-13,101.35,102.0,101.0,101.6,330500.0
2018-03-14,101.1,102.95,101.1,101.1,196600.0
2018-03-15,101.6,102.0,99.15,100.5,385900.0
2018-03-16,99.95,100.9,99.55,100.9,383200.0
2018-03-19,101.5,104.05,100.1,100.7,373400.0
2018-03-20,100.25,101.25,99.95,100.25,294000.0
2018-03-21,100.35,100.85,99.95,100.6,162800.0
2018-03-22,100.9,100.9,100.0,100.3,301000.0
2018-03-23,100.25,100.65,99.55,99.95,313500.0
2018-03-26,100.45,100.45,98.65,99.3,261300.0
2018-03-27,99.5,100.5,99.4,100.15,142500.0
2018-03-28,99.8,100.35,99.5,99.75,112000.0
2018-03-29,100.25,100.5,99.8,100.0,113300.0
2018-03-30,100.4,100.9,100.05,100.85,159300.0
2018-04-02,101.05,101.9,100.6,100.7,232200.0
2018-04-03,100.85,101.9,100.05,101.9,139800.0
2018-04-04,101.95,102.5,101.45,101.6,177600.0
2018-04-05,101.95,102.3,101.65,102.0,158100.0
2018-04-06,102.0,103.95,102.0,102.95,306100.0
2018-04-09,102.9,102.9,93.3,98.85,1530700.0
2018-04-10,98.6,100.1,97.0,98.75,866700.0
2018-04-11,99.5,100.0,97.25,97.75,537100.0
2018-04-12,99.0,99.95,98.0,99.75,403500.0
2018-04-13,100.05,100.5,99.5,99.9,142300.0
2018-04-16,99.0,100.0,97.1,99.6,243400.0
2018-04-17,99.8,101.7,99.8,101.35,197500.0
2018-04-18,101.3,103.85,101.15,103.25,273300.0
2018-04-19,103.8,104.5,100.25,101.75,216000.0
2018-04-20,101.5,102.1,101.2,101.85,92900.0
2018-04-23,102.05,105.45,101.9,105.4,558200.0
2018-04-24,105.4,108.0,105.4,106.65,428500.0
2018-04-25,106.45,109.2,106.45,108.3,270500.0
2018-04-26,109.1,110.0,108.45,110.0,286500.0
2018-04-27,110.0,111.5,109.6,110.9,255700.0
2018-04-28,111.35,111.95,110.35,111.5,14330.0
2018-04-30,112.0,113.9,111.65,112.65,86100.0
2018-05-02,113.5,113.75,107.05,111.95,195900.0
2018-05-03,112.3,116.8,111.95,115.3,438300.0
2018-05-04,115.4,116.95,100.5,104.3,3502500.0
2018-05-07,101.9,110.5,93.9,109.7,6015600.0
2018-05-08,112.9,114.95,110.4,110.7,764200.0
2018-05-10,112.25,112.9,106.05,111.45,646800.0
2018-05-11,110.7,116.0,110.55,114.9,1395500.0
2018-05-14,115.4,115.4,112.7,113.65,835000.0
2018-05-15,113.95,114.9,113.4,113.7,382400.0
2018-05-16,114.15,115.25,113.5,114.9,204300.0
2018-05-17,115.0,115.5,114.5,114.6,261400.0
2018-05-18,114.3,115.0,114.05,114.5,231600.0
2018-05-21,114.85,115.45,114.5,114.85,203100.0
2018-05-22,115.15,115.2,114.6,114.85,156500.0
2018-05-23,115.0,115.15,114.5,114.6,189800.0
2018-05-24,115.0,115.1,114.65,114.7,173300.0
2018-05-25,114.9,114.9,112.05,113.8,609500.0
2018-05-28,113.9,114.35,113.05,114.3,239200.0
2018-05-29,114.9,118.0,107.0,113.1,590500.0
2018-05-30,113.6,114.4,113.15,114.25,141500.0
2018-05-31,114.75,114.9,114.25,114.5,216300.0
2018-06-01,114.95,115.75,114.5,115.05,238400.0
2018-06-04,115.05,117.9,115.05,117.8,296400.0
2018-06-05,118.0,119.0,117.4,118.3,333800.0
2018-06-06,118.8,119.75,117.25,119.25,338400.0
2018-06-07,119.6,119.9,118.05,118.6,353300.0
2018-06-08,119.1,119.8,117.1,117.35,1172100.0
2018-06-09,118.55,119.0,117.35,118.95,23180.0
2018-06-11,119.0,119.5,118.05,119.2,131300.0
2018-06-13,119.5,120.2,118.15,120.0,580600.0
2018-06-14,120.2,121.1,119.85,120.9,510800.0
2018-06-15,121.0,122.0,116.6,120.0,1223900.0
2018-06-18,108.6,109.9,103.6,104.0,1715400.0
2018-06-19,104.1,104.2,99.2,100.2,1030800.0
2018-06-20,101.0,105.2,101.0,104.8,445900.0
2018-06-21,104.8,105.2,103.0,103.3,234300.0
2018-06-22,103.8,104.0,100.5,102.8,666400.0
2018-06-25,103.3,103.4,101.15,101.4,208000.0
2018-06-26,101.25,101.65,100.0,100.6,233300.0
2018-06-27,100.85,101.35,97.6,99.05,420300.0
2018-06-28,99.3,99.45,98.3,98.35,142100.0
2018-06-29,98.9,99.35,96.15,98.0,479500.0
2018-07-02,97.9,98.9,95.65,98.1,420300.0
2018-07-03,98.5,98.9,97.65,98.85,148800.0
2018-07-04,98.55,100.0,98.55,99.9,265800.0
2018-07-05,99.9,104.5,99.3,103.9,439800.0
2018-07-06,103.1,103.9,102.15,102.5,136400.0
2018-07-09,102.35,103.85,102.0,102.5,244300.0
2018-07-10,102.55,103.15,100.65,101.0,287200.0
2018-07-11,100.9,101.5,98.75,99.9,190700.0
2018-07-12,100.65,100.65,99.65,99.7,142800.0
2018-07-13,99.7,100.5,99.35,99.95,183100.0
2018-07-16,100.3,100.35,99.55,99.65,141200.0
2018-07-17,100.0,100.3,99.0,99.45,161300.0
2018-07-18,99.15,99.9,99.15,99.5,83400.0
2018-07-19,99.2,99.65,97.3,98.2,292900.0
2018-07-20,97.85,98.85,97.1,98.1,163700.0
2018-07-23,97.8,99.6,97.3,98.35,215700.0
2018-07-24,98.3,98.95,96.75,98.7,235700.0
2018-07-25,98.5,98.9,97.1,98.0,153300.0
2018-07-26,97.55,98.45,96.8,97.6,206700.0
2018-07-27,97.9,102.0,96.9,101.65,633500.0
2018-07-30,101.85,103.15,98.0,98.65,596000.0
2018-07-31,98.1,99.6,97.7,99.55,268400.0
2018-08-01,99.6,100.05,97.8,98.35,205500.0
2018-08-02,98.0,98.9,96.85,97.0,275400.0
2018-08-03,97.65,98.9,95.55,96.95,262600.0
2018-08-06,97.85,97.95,96.95,97.55,126900.0
2018-08-07,97.45,98.05,97.25,97.45,111100.0
2018-08-08,97.8,97.85,94.15,94.4,415300.0
2018-08-09,95.15,96.75,91.6,96.75,470500.0
2018-08-10,96.7,97.65,94.1,94.95,266400.0
2018-08-13,92.45,96.75,92.2,96.05,202600.0
2018-08-14,96.95,97.95,96.1,96.6,127800.0
2018-08-15,97.4,97.4,95.0,95.7,129700.0
2018-08-16,95.3,96.1,94.15,94.6,139900.0
2018-08-17,94.65,95.45,92.75,93.15,214400.0
2018-08-20,93.3,94.0,92.9,93.5,112800.0
2018-08-21,93.55,94.05,92.2,93.4,144100.0
2018-08-22,93.65,94.65,92.6,93.25,144000.0
2018-08-23,93.0,93.4,92.3,92.3,160100.0
2018-08-24,92.6,92.95,90.15,91.25,395200.0
2018-08-27,91.95,91.95,90.8,91.25,144100.0
2018-08-28,91.25,91.75,89.7,90.8,206700.0
2018-08-29,90.85,91.1,90.5,90.8,106500.0
2018-08-30,90.5,90.75,89.2,89.2,242200.0
2018-08-31,89.2,89.7,86.55,88.45,383500.0
2018-09-03,88.15,89.3,86.75,88.15,227600.0
2018-09-04,88.15,89.7,87.9,88.55,169300.0
2018-09-05,88.55,88.95,88.0,88.35,97700.0
2018-09-06,88.6,88.6,87.3,87.55,86400.0
2018-09-07,87.15,88.35,86.0,86.5,186300.0
2018-09-10,86.05,87.2,83.75,83.85,308000.0
2018-09-11,82.25,85.0,82.25,83.35,224900.0
2018-09-12,83.45,84.75,82.5,84.65,240800.0
2018-09-13,84.65,91.7,84.15,89.75,472500.0
2018-09-14,91.0,93.6,89.05,92.7,308000.0
2018-09-17,92.0,93.65,91.7,93.5,123100.0
2018-09-18,93.5,93.5,91.3,92.6,149200.0
2018-09-19,92.65,95.7,92.4,94.85,244300.0
2018-09-20,95.45,95.9,94.9,95.0,94000.0
2018-09-21,95.4,95.9,94.55,94.8,74100.0
2018-09-24,95.75,95.75,94.1,94.35,184200.0
2018-09-25,94.05,94.85,92.0,93.0,153300.0
2018-09-26,92.1,93.3,91.5,92.05,112900.0
2018-09-27,92.95,93.85,91.0,93.25,263500.0
2018-09-28,93.55,93.75,91.2,93.35,71300.0
2018-10-01,93.95,94.5,93.4,94.15,125100.0
2018-10-02,93.45,96.6,93.2,95.6,174900.0
2018-10-03,95.95,96.95,95.4,95.7,129900.0
2018-10-04,95.6,95.65,92.2,92.6,255500.0
2018-10-05,92.3,93.45,91.05,93.0,101100.0
2018-10-08,92.95,93.0,92.05,92.3,60200.0
2018-10-09,92.6,94.05,92.35,92.85,102900.0
2018-10-10,92.55,92.9,91.35,92.45,178700.0
2018-10-11,90.65,91.0,88.6,90.35,325100.0
2018-10-12,89.8,93.0,89.55,91.5,106800.0
2018-10-15,92.65,92.7,91.1,91.55,69400.0
2018-10-16,91.9,92.1,91.1,92.05,53600.0
2018-10-17,92.2,92.95,91.45,92.25,82000.0
2018-10-18,92.15,92.15,91.15,91.95,62500.0
2018-10-19,91.6,91.95,90.05,91.0,108500.0
2018-10-22,91.0,91.2,89.5,90.0,125000.0
2018-10-23,89.85,90.05,88.8,90.0,134900.0
2018-10-24,90.65,90.65,89.35,90.15,74700.0
2018-10-25,89.5,89.75,88.55,89.1,116200.0
2018-10-26,89.05,89.7,86.7,87.85,187900.0
2018-10-29,86.9,89.75,86.9,89.7,99600.0
2018-10-30,89.8,90.0,88.1,89.45,68400.0
2018-10-31,89.95,99.25,88.95,96.25,831800.0
2018-11-01,97.4,98.0,94.78,95.4,181900.0
2018-11-02,95.64,96.9,94.9,96.02,127800.0
2018-11-06,96.02,96.96,96.02,96.34,84700.0
2018-11-07,96.52,96.52,95.14,95.62,182700.0
2018-11-08,95.6,95.7,94.04,95.54,172100.0
2018-11-09,95.54,95.58,94.68,95.3,110000.0
2018-11-12,95.38,96.5,95.02,95.84,83300.0
2018-11-13,95.66,96.06,95.04,96.0,73100.0
2018-11-14,96.02,96.04,95.52,95.82,86000.0
2018-11-15,95.82,96.5,95.56,96.12,105600.0
2018-11-16,95.74,97.34,95.54,96.82,127000.0
2018-11-19,96.88,98.56,96.88,98.14,230000.0
2018-11-20,97.12,97.96,95.6,96.0,265800.0
2018-11-21,96.26,97.2,95.0,96.78,124400.0
2018-11-22,96.04,98.0,96.0,97.6,164200.0
2018-11-23,97.62,98.54,96.18,96.34,116600.0
2018-11-26,96.52,97.38,95.02,95.4,153700.0
2018-11-27,95.04,96.56,95.02,95.84,79400.0
2018-11-28,96.56,96.56,95.56,95.92,59200.0
2018-11-29,95.66,96.36,95.18,96.24,89700.0
2018-11-30,96.62,96.7,95.52,95.8,61100.0
2018-12-03,96.6,96.78,96.0,96.12,91100.0
2018-12-04,96.02,96.78,95.76,95.92,115500.0
2018-12-05,95.7,96.48,95.7,96.28,69900.0
2018-12-06,96.18,96.26,95.62,95.66,77500.0
2018-12-07,96.14,96.5,95.82,95.82,80900.0
2018-12-10,96.1,96.3,95.66,96.0,171000.0
2018-12-11,95.84,96.24,95.84,95.86,106900.0
2018-12-12,95.64,96.24,95.64,95.64,71800.0
2018-12-13,95.62,95.98,95.5,95.5,49700.0
2018-12-14,95.52,95.66,94.8,94.8,81800.0
2018-12-17,95.56,95.94,94.34,94.36,108400.0
2018-12-18,94.34,94.34,93.24,93.98,149400.0
2018-12-19,93.64,94.34,93.5,93.8,77100.0
2018-12-20,93.58,93.94,92.42,93.9,134300.0
2018-12-21,93.52,93.7,92.42,92.88,201100.0
2018-12-24,92.5,94.0,90.0,91.5,273900.0
2018-12-25,90.92,91.26,89.52,91.18,290900.0
2018-12-26,91.66,94.04,91.32,93.34,267500.0
2018-12-27,94.0,94.7,93.22,93.48,122700.0
2018-12-28,94.36,94.38,93.04,93.52,96500.0
2018-12-29,93.34,94.64,93.32,94.1,8180.0
2019-01-03,94.16,94.98,94.12,94.76,45400.0
2019-01-04,94.9,95.68,94.38,95.48,60900.0
2019-01-08,95.02,96.02,95.02,95.92,60900.0
2019-01-09,95.94,96.26,95.82,95.82,73200.0
2019-01-10,95.82,96.28,95.8,96.22,58700.0
2019-01-11,95.84,96.98,95.84,96.28,87400.0
2019-01-14,96.4,96.42,95.8,96.3,87100.0
2019-01-15,96.1,96.86,96.0,96.28,85800.0
2019-01-16,96.74,96.86,92.72,96.4,205600.0
2019-01-17,96.2,96.64,95.8,96.24,64600.0
2019-01-18,96.48,96.6,96.02,96.16,81100.0
2019-01-21,96.16,96.68,95.18,96.32,187500.0
2019-01-22,96.56,96.98,95.5,96.34,171600.0
2019-01-23,96.74,98.48,96.44,97.86,204200.0
2019-01-24,97.74,100.82,97.38,99.7,270200.0
2019-01-25,99.9,100.76,99.6,100.16,146200.0
2019-01-28,100.38,100.52,98.38,99.1,161000.0
2019-01-29,99.0,99.94,98.1,99.2,117600.0
2019-01-30,98.8,99.84,97.9,99.3,200800.0
2019-01-31,99.3,99.84,98.38,99.5,74900.0
2019-02-01,100.2,100.4,98.8,100.15,101100.0
2019-02-04,100.3,101.5,99.55,100.25,125500.0
2019-02-05,100.8,100.95,100.2,100.2,102100.0
2019-02-06,100.5,100.65,99.35,99.85,118400.0
2019-02-07,100.2,100.2,99.0,100.0,193400.0
2019-02-08,100.0,101.2,97.35,100.8,182100.0
2019-02-11,100.95,103.0,100.8,102.4,201200.0
2019-02-12,102.95,104.35,102.9,104.35,185800.0
2019-02-13,104.95,105.0,103.3,104.0,213600.0
2019-02-14,103.65,104.5,101.55,103.7,202800.0
2019-02-15,103.7,104.75,102.0,104.45,119600.0
2019-02-18,104.6,106.45,104.2,106.0,249700.0
2019-02-19,105.55,106.5,104.65,106.0,139900.0
2019-02-20,105.55,107.5,105.55,107.5,119700.0
2019-02-21,107.05,107.85,102.6,104.6,894200.0
2019-02-22,103.0,104.75,99.0,99.35,1901300.0
2019-02-25,99.0,100.55,98.2,99.65,603800.0
2019-02-26,99.2,101.15,99.2,100.0,247800.0
2019-02-27,98.5,99.6,96.0,96.85,1299000.0
2019-02-28,97.0,97.5,96.5,97.2,257800.0
2019-03-01,97.5,98.45,97.25,98.25,269600.0
2019-03-04,98.45,99.8,98.0,99.55,226100.0
2019-03-05,99.15,99.7,97.1,97.95,308700.0
2019-03-06,98.0,99.0,97.35,98.8,207700.0
2019-03-07,98.8,99.75,97.75,99.45,236000.0
2019-03-11,99.15,99.55,98.05,98.7,150000.0
2019-03-12,99.6,99.75,98.35,99.5,111900.0
2019-03-13,99.65,100.9,99.15,100.7,227400.0
2019-03-14,100.55,102.6,99.45,102.35,356200.0
2019-03-15,102.35,102.35,98.0,98.0,529900.0
2019-03-18,99.35,99.85,98.15,99.0,266400.0
2019-03-19,98.6,99.85,98.6,99.5,81300.0
2019-03-20,99.15,99.6,98.95,99.4,63100.0
2019-03-21,99.5,100.25,98.55,98.8,97400.0
2019-03-22,99.2,99.45,98.0,98.5,272700.0
2019-03-25,98.85,98.85,98.1,98.1,84700.0
2019-03-26,98.1,98.45,98.0,98.35,122400.0
2019-03-27,98.7,98.7,96.95,97.8,198000.0
2019-03-28,97.85,98.0,97.3,97.7,74900.0
2019-03-29,98.0,98.05,97.05,97.6,130800.0
2019-04-01,97.3,98.15,97.2,97.85,80900.0
2019-04-02,97.65,98.85,97.6,97.95,119100.0
2019-04-03,98.0,98.6,97.6,98.25,110600.0
2019-04-04,98.25,98.5,98.0,98.3,68400.0
2019-04-05,98.3,98.8,97.15,97.7,193800.0
2019-04-08,98.3,98.35,97.55,97.85,169800.0
2019-04-09,97.7,98.6,97.4,97.65,101400.0
2019-04-10,97.85,97.9,96.0,96.35,442800.0
2019-04-11,96.9,96.9,95.75,95.85,242100.0
2019-04-12,96.55,97.5,96.05,97.5,113900.0
2019-04-15,96.5,97.4,96.5,96.6,106600.0
2019-04-16,96.7,96.95,96.1,96.85,91100.0
2019-04-17,97.1,97.4,96.65,97.2,67800.0
2019-04-18,97.2,97.35,96.5,96.6,57600.0
2019-04-19,96.65,97.05,96.2,96.9,111200.0
2019-04-22,96.65,97.3,96.6,97.05,95500.0
2019-04-23,97.2,97.25,96.5,96.7,106500.0
2019-04-24,97.05,97.05,96.4,96.85,51100.0
2019-04-25,97.05,97.75,96.8,97.6,126000.0
2019-04-26,97.65,98.25,97.2,98.05,168400.0
2019-04-29,98.1,102.1,98.1,101.3,530400.0
2019-04-30,102.15,102.9,101.05,101.2,201900.0
2019-05-02,101.65,101.65,100.15,101.2,47400.0
2019-05-03,101.45,102.35,101.2,101.75,77600.0
2019-05-06,102.05,102.05,100.5,100.95,160000.0
2019-05-07,101.1,101.5,100.5,101.3,145600.0
2019-05-08,101.6,102.0,100.75,101.15,118800.0
2019-05-10,101.15,101.85,100.5,101.0,81800.0
2019-05-13,101.35,101.35,100.4,101.0,108200.0
2019-05-14,101.45,102.0,100.05,100.9,144000.0
2019-05-15,101.0,101.5,100.15,101.2,102400.0
2019-05-16,101.85,101.95,101.15,101.85,128800.0
2019-05-17,101.9,102.7,101.45,102.65,147700.0
2019-05-20,102.45,103.0,101.5,102.85,130900.0
2019-05-21,103.15,103.85,100.85,101.0,426100.0
2019-05-22,101.6,103.4,101.55,103.0,318900.0
2019-05-23,103.1,103.3,100.7,101.0,373600.0
2019-05-24,101.6,102.0,100.85,101.15,311700.0
2019-05-27,102.6,102.95,101.0,102.3,194700.0
2019-05-28,102.3,102.9,101.95,102.25,426800.0
2019-05-29,102.35,103.4,102.15,103.05,213800.0
2019-05-30,103.2,103.5,102.3,103.35,126100.0
2019-05-31,102.5,103.95,102.2,103.7,151800.0
2019-06-03,103.9,104.45,103.25,103.95,252400.0
2019-06-04,104.0,104.65,103.2,104.4,146900.0
2019-06-05,104.75,104.8,104.05,104.55,101700.0
2019-06-06,104.8,104.9,104.1,104.9,113000.0
2019-06-07,105.0,105.0,104.4,105.0,214600.0
2019-06-10,105.0,106.15,104.7,106.15,185900.0
2019-06-11,105.65,108.0,105.65,108.0,298500.0
2019-06-13,107.55,109.6,107.55,109.25,363300.0
2019-06-14,109.75,111.0,109.0,110.8,376400.0
2019-06-17,111.0,112.15,110.0,110.9,409800.0
2019-06-18,110.5,111.95,110.1,111.95,186300.0
2019-06-19,112.65,112.65,111.2,111.75,148700.0
2019-06-20,111.55,111.95,111.3,111.55,225900.0
2019-06-21,111.3,114.8,110.1,114.8,508400.0
2019-06-24,112.95,113.0,111.55,112.4,267400.0
2019-06-25,112.45,112.9,111.1,111.6,244500.0
2019-06-26,112.2,112.2,109.1,110.4,1043000.0
2019-06-27,109.55,111.15,109.55,110.7,1408300.0
2019-06-28,101.55,102.5,101.0,101.55,1771200.0
2019-07-01,101.95,102.9,101.55,102.5,351300.0
2019-07-02,102.5,102.85,101.5,102.35,360900.0
2019-07-03,102.5,102.65,101.7,101.9,247100.0
2019-07-04,102.0,102.65,101.8,102.2,186700.0
2019-07-05,102.6,102.65,102.0,102.3,113400.0
2019-07-08,102.65,104.05,102.15,104.0,226800.0
2019-07-09,103.95,107.05,103.95,106.9,420700.0
2019-07-10,106.95,108.8,106.95,107.75,220700.0
2019-07-11,107.35,108.9,104.5,104.5,265100.0
2019-07-12,105.4,106.6,103.2,106.15,264500.0
2019-07-15,106.05,107.0,105.55,106.3,113300.0
2019-07-16,106.4,106.95,104.95,105.65,149200.0
2019-07-17,106.4,106.95,104.75,106.95,155200.0
2019-07-18,106.15,108.4,106.05,108.35,170400.0
2019-07-19,108.45,109.0,107.55,108.4,169900.0
2019-07-22,108.3,109.1,107.05,108.35,207000.0
2019-07-23,109.05,109.9,107.65,108.95,153300.0
2019-07-24,108.1,109.55,108.0,108.8,99400.0
2019-07-25,108.85,110.6,108.65,109.8,202000.0
2019-07-26,110.3,110.45,109.05,109.5,85900.0
2019-07-29,113.95,114.0,110.65,111.8,500400.0
2019-07-30,113.0,113.25,111.05,111.85,194600.0
2019-07-31,111.3,112.35,111.3,112.15,136200.0
2019-08-01,112.0,112.75,111.05,111.3,130400.0
2019-08-02,110.6,111.45,109.25,110.45,254000.0
2019-08-05,110.6,110.85,109.0,110.0,379000.0
2019-08-06,110.1,113.65,109.9,113.65,418100.0
2019-08-07,112.85,115.9,112.85,114.7,344100.0
2019-08-08,115.95,117.3,114.5,115.9,288500.0
2019-08-09,117.0,121.0,115.65,119.25,456900.0
2019-08-12,119.3,119.95,116.5,116.95,258800.0
2019-08-13,116.65,117.7,115.25,116.4,195000.0
2019-08-14,116.55,117.0,114.05,114.2,157500.0
2019-08-15,115.65,115.65,114.05,114.55,101000.0
2019-08-16,114.15,115.2,113.1,113.8,124400.0
2019-08-19,113.45,116.3,113.05,114.55,133500.0
2019-08-20,115.0,117.8,115.0,116.1,72600.0
2019-08-21,116.65,118.8,116.1,117.85,151200.0
2019-08-22,117.5,118.4,116.75,116.75,95400.0
2019-08-23,117.3,118.1,115.05,117.65,102900.0
2019-08-26,117.75,121.4,117.75,121.15,429100.0
2019-08-27,120.8,121.4,119.1,119.4,146100.0
2019-08-28,119.85,120.75,119.0,119.0,105400.0
2019-08-29,119.85,120.0,119.0,119.75,39000.0
2019-08-30,119.35,119.95,118.85,118.85,60340.0
2019-09-02,118.9,119.85,118.3,118.8,128580.0
2019-09-03,118.75,118.9,117.05,118.6,99100.0
2019-09-04,119.0,120.45,119.0,119.6,94270.0
2019-09-05,119.9,120.2,119.0,120.0,129140.0
2019-09-06,120.0,121.45,119.3,121.35,152890.0
2019-09-09,122.0,124.55,119.5,123.0,227720.0
2019-09-10,123.0,125.0,122.65,124.25,226750.0
2019-09-11,124.75,125.0,123.3,123.9,198010.0
2019-09-12,124.0,126.0,123.55,125.8,202920.0
2019-09-13,125.8,127.45,124.5,126.75,106190.0
2019-09-16,127.1,130.1,126.85,129.25,318870.0
2019-09-17,129.05,130.9,125.55,125.6,248980.0
2019-09-18,125.8,128.6,125.5,127.75,215970.0
2019-09-19,127.95,130.1,127.5,128.2,232820.0
2019-09-20,129.85,130.5,128.2,128.2,165320.0
2019-09-23,129.35,132.35,126.3,132.35,200270.0
2019-09-24,129.9,129.9,127.0,129.1,132130.0
2019-09-25,129.45,129.8,126.6,126.8,84160.0
2019-09-26,128.6,129.45,126.8,128.45,104430.0
2019-09-27,128.35,129.2,127.0,127.8,57540.0
2019-09-30,127.95,129.0,127.95,128.45,57260.0
2019-10-01,127.35,129.7,127.35,127.6,88600.0
2019-10-02,128.35,128.6,124.25,124.8,235130.0
2019-10-03,125.7,126.5,122.6,125.25,204890.0
2019-10-04,126.3,127.1,124.05,126.85,131390.0
2019-10-07,126.9,127.35,124.6,125.7,92160.0
2019-10-08,125.65,127.25,125.0,126.8,125570.0
2019-10-09,126.35,128.4,126.35,128.2,80000.0
2019-10-10,128.25,129.8,127.35,128.4,126180.0
2019-10-11,128.85,129.6,127.65,127.9,141310.0
2019-10-14,128.55,129.0,127.3,128.0,71370.0
2019-10-15,128.15,129.0,128.0,128.0,98150.0
2019-10-16,128.75,128.75,127.0,128.05,160680.0
2019-10-17,127.9,128.8,126.8,127.35,106060.0
2019-10-18,127.35,128.0,126.9,127.4,74310.0
2019-10-21,127.95,128.3,127.05,127.65,81770.0
2019-10-22,127.85,128.5,127.1,128.45,71440.0
2019-10-23,128.55,128.95,127.8,128.5,104090.0
2019-10-24,128.85,129.75,127.6,128.05,115800.0
2019-10-25,128.4,128.65,127.05,127.3,118040.0
2019-10-28,120.95,124.2,118.55,122.4,895230.0
2019-10-29,123.0,123.45,119.75,120.85,457410.0
2019-10-30,121.2,121.2,117.3,119.5,620190.0
2019-10-31,120.0,122.5,119.3,122.5,284150.0
2019-11-01,122.55,123.55,120.25,120.6,196830.0
2019-11-05,121.25,123.1,121.25,121.7,142680.0
2019-11-06,122.2,122.4,121.0,121.7,132630.0
2019-11-07,121.7,121.9,120.55,121.7,222610.0
2019-11-08,122.5,122.5,121.1,121.7,120300.0
2019-11-11,122.2,122.2,119.1,120.1,179100.0
2019-11-12,120.1,121.95,120.1,121.3,168840.0
2019-11-13,121.7,122.25,120.9,121.0,136760.0
2019-11-14,121.7,121.7,120.45,120.65,96080.0
2019-11-15,120.6,121.45,120.1,120.6,84230.0
2019-11-18,121.0,121.65,120.5,120.65,75570.0
2019-11-19,120.7,121.35,120.3,120.85,109580.0
2019-11-20,120.8,121.4,120.35,120.65,133490.0
2019-11-21,121.15,121.15,120.3,120.95,86560.0
2019-11-22,121.15,123.75,120.65,123.7,194600.0
2019-11-25,123.85,125.35,123.85,124.0,184900.0
2019-11-26,123.9,124.5,122.55,123.7,143850.0
2019-11-27,124.35,127.0,122.55,123.6,332120.0
2019-11-28,124.7,126.9,121.55,122.8,239050.0
2019-11-29,123.25,124.4,121.9,122.25,89400.0
2019-12-02,123.3,124.45,122.4,122.4,125380.0
2019-12-03,123.3,123.3,121.2,121.85,148920.0
2019-12-04,121.95,122.65,121.4,122.65,105190.0
2019-12-05,121.95,122.65,121.65,122.1,59280.0
2019-12-06,122.45,123.5,121.75,122.85,95030.0
2019-12-09,123.25,123.8,122.45,122.85,158520.0
2019-12-10,123.0,123.5,122.8,122.8,130110.0
2019-12-11,123.35,124.35,122.9,123.35,132840.0
2019-12-12,124.0,124.05,121.8,122.9,191980.0
2019-12-13,123.35,123.75,122.4,123.2,83690.0
2019-12-16,123.6,123.8,120.0,121.7,497010.0
2019-12-17,121.0,121.9,120.9,121.65,130300.0
2019-12-18,122.0,122.6,121.0,121.25,160120.0
2019-12-19,121.85,122.1,120.6,121.45,132230.0
2019-12-20,121.1,122.7,121.1,122.7,151870.0
2019-12-23,122.6,123.4,121.65,122.6,144720.0
2019-12-24,122.6,122.85,121.25,122.35,209680.0
2019-12-25,120.75,122.25,120.7,122.0,161350.0
2019-12-26,122.0,122.3,121.3,121.8,110660.0
2019-12-27,121.7,122.5,121.6,122.3,142950.0
2019-12-30,122.25,123.3,122.2,122.3,149980.0
2020-01-03,123.0,123.5,122.3,123.25,88370.0
2020-01-06,123.25,125.0,122.6,124.95,174300.0
2020-01-08,125.1,129.5,122.7,128.55,319190.0
2020-01-09,128.6,129.55,125.55,128.0,238210.0
2020-01-10,127.6,129.3,127.05,129.0,155350.0
2020-01-13,129.6,134.8,129.6,134.8,516270.0
2020-01-14,135.05,137.8,132.05,136.25,485440.0
2020-01-15,135.95,138.9,133.15,138.15,328470.0
2020-01-16,138.75,142.35,136.7,140.1,1860340.0
2020-01-17,140.9,141.0,138.5,139.25,346120.0
2020-01-20,139.9,141.0,138.15,140.25,212170.0
2020-01-21,140.55,140.6,137.45,138.1,338800.0
2020-01-22,138.3,139.7,136.5,136.5,157780.0
2020-01-23,136.3,139.9,133.05,139.9,401340.0
2020-01-24,139.95,143.85,139.2,141.0,194150.0
2020-01-27,140.95,141.0,138.05,138.45,274610.0
2020-01-28,139.3,140.5,138.6,140.15,219680.0
2020-01-29,140.15,142.0,140.15,140.4,228760.0
2020-01-30,141.0,143.7,139.7,143.0,334100.0
2020-01-31,141.85,145.0,141.65,143.75,269290.0
2020-02-03,143.1,146.0,142.15,144.05,298700.0
2020-02-04,143.4,147.0,143.4,146.7,160180.0
2020-02-05,147.6,153.0,147.55,151.2,462710.0
2020-02-06,151.95,153.5,147.1,147.5,295830.0
2020-02-07,147.45,152.75,146.2,147.5,143770.0
2020-02-10,148.2,151.0,147.35,148.45,101100.0
2020-02-11,148.8,151.45,148.3,150.9,92110.0
2020-02-12,151.3,151.75,149.75,149.9,127500.0
2020-02-13,149.9,150.85,148.4,149.45,90340.0
2020-02-14,149.9,150.8,148.3,149.35,148840.0
2020-02-17,149.5,149.65,148.1,148.35,154050.0
2020-02-18,148.2,148.75,144.05,146.5,265210.0
2020-02-19,147.3,148.0,146.8,147.85,135860.0
2020-02-20,147.95,149.5,147.15,148.85,69010.0
2020-02-21,149.3,149.35,146.05,148.5,159760.0
2020-02-25,148.35,150.5,146.35,147.5,242580.0
2020-02-26,147.5,148.9,144.95,148.8,288090.0
2020-02-27,147.5,148.5,141.4,142.7,340610.0
2020-02-28,138.35,141.85,134.4,138.35,846410.0
2020-03-02,144.1,145.95,138.0,140.75,383910.0
2020-03-03,140.65,144.5,138.55,144.5,189600.0
2020-03-04,144.5,145.8,140.9,145.35,113350.0
2020-03-05,145.8,148.0,143.6,144.6,120320.0
2020-03-06,142.7,144.6,138.65,140.35,347830.0
2020-03-10,130.95,139.85,127.35,137.75,878280.0
2020-03-11,137.95,140.0,133.7,135.15,263870.0
2020-03-12,128.0,131.0,120.85,122.5,897680.0
2020-03-13,122.1,129.8,121.15,124.2,479630.0
2020-03-16,122.05,124.4,112.4,119.95,604580.0
2020-05-18,139.15,148.95,139.0,144.8,1160730.0
2020-05-19,146.5,148.85,145.5,148.25,355890.0
2020-05-20,148.05,158.3,148.05,157.0,640930.0
2020-05-21,157.0,163.9,156.25,160.2,938190.0
2020-05-22,160.45,163.35,156.0,163.0,435480.0
2020-05-25,163.8,172.95,162.0,172.15,692020.0
2020-05-26,173.85,175.5,166.5,170.05,987490.0
2020-05-27,170.15,171.55,165.55,168.2,357680.0
2020-05-28,168.85,169.95,168.05,168.15,181070.0
2020-05-29,167.85,168.9,167.05,168.9,203060.0
2020-06-01,169.0,171.0,167.35,168.35,485210.0
2020-06-02,168.95,169.4,167.75,168.1,278430.0
2020-06-03,168.6,169.9,167.75,168.9,307470.0
2020-06-04,168.9,168.95,167.05,167.05,290170.0
2020-06-05,167.5,167.8,165.35,166.55,396580.0
2020-06-08,167.55,170.35,167.1,170.3,768090.0
2020-06-09,170.0,171.2,166.1,168.65,1086220.0
2020-06-10,156.3,158.8,154.5,157.25,1116460.0
2020-06-11,157.05,161.7,155.0,159.0,560540.0
2020-06-15,159.0,159.2,154.8,155.55,313580.0
2020-06-16,155.95,158.8,155.65,155.8,171400.0
2020-06-17,155.8,157.35,154.6,154.6,140130.0
2020-06-18,156.4,156.4,154.7,155.45,123530.0
2020-06-19,155.35,165.0,155.2,165.0,428080.0
2020-06-22,162.5,162.95,159.05,160.2,95550.0
2020-06-23,161.2,161.2,159.2,159.5,68740.0
2020-06-25,159.3,159.5,157.2,157.2,128630.0
2020-06-26,159.05,159.05,154.75,156.4,88360.0
2020-06-29,155.95,158.0,153.7,154.8,157810.0
2020-06-30,156.2,156.2,153.0,154.6,95560.0
2020-07-02,155.85,157.95,154.65,156.8,147810.0
2020-07-03,157.25,158.0,155.85,156.9,81040.0
2020-07-06,157.35,158.75,156.8,157.5,150740.0
2020-07-07,157.8,159.35,156.0,157.7,76330.0
2020-07-08,157.7,158.25,155.0,155.1,77260.0
2020-07-09,156.95,157.15,154.75,155.25,144200.0
2020-07-10,156.6,156.6,154.35,155.5,88260.0
2020-07-13,156.5,156.75,155.4,155.4,80150.0
2020-07-14,156.0,156.2,152.55,153.8,111090.0
2020-07-15,154.75,155.9,153.85,155.25,42670.0
2020-07-16,155.4,155.4,153.25,153.65,60530.0
2020-07-17,153.75,154.85,153.65,154.7,79430.0
2020-07-20,155.15,155.45,153.3,153.75,81830.0
2020-07-21,154.5,155.15,153.6,154.1,177730.0
2020-07-22,154.8,155.6,153.45,154.1,119060.0
2020-07-23,154.25,154.45,152.85,153.5,150630.0
2020-07-24,153.35,153.4,150.85,150.9,170250.0
2020-07-27,150.8,151.4,147.45,150.8,397090.0
2020-07-28,150.85,151.5,150.05,150.35,167500.0
2020-07-29,150.4,151.8,150.0,150.95,240440.0
2020-07-30,151.5,151.95,149.45,149.5,114310.0
2020-07-31,150.75,151.95,148.1,150.5,339610.0
2020-08-03,151.65,151.9,148.75,149.1,249270.0
2020-08-04,149.1,150.0,149.05,149.5,117890.0
2020-08-05,149.7,153.4,149.7,152.5,244060.0
2020-08-06,153.2,157.3,152.2,155.3,279370.0
2020-08-07,155.9,156.75,155.35,155.8,123090.0
2020-08-10,155.8,156.45,155.5,156.0,95960.0
2020-08-11,156.0,156.3,154.85,155.2,97570.0
2020-08-12,155.95,156.35,155.0,156.35,156410.0
2020-08-13,156.25,156.8,155.2,155.55,114440.0
2020-08-14,156.1,156.2,155.15,155.15,107270.0
2020-08-17,155.9,156.45,154.8,154.85,148660.0
2020-08-18,155.55,155.95,153.95,154.85,92770.0
2020-08-19,155.2,155.6,154.05,154.5,61950.0
2020-08-20,154.5,155.2,152.25,152.3,132180.0
2020-08-21,152.95,154.05,151.35,152.0,84230.0
2020-08-24,152.45,153.0,150.8,152.1,96310.0
2020-08-25,152.0,153.2,152.0,152.5,72460.0
2020-08-26,152.1,152.5,150.95,151.4,126700.0
2020-08-27,151.85,152.7,151.0,151.2,70060.0
2020-08-28,151.45,152.1,151.05,151.9,44680.0
2020-08-31,151.95,152.5,150.5,151.5,115020.0
2020-09-01,151.95,151.95,150.15,150.5,114570.0
2020-09-02,151.35,151.75,146.05,149.15,194250.0
2020-09-03,150.15,150.25,148.0,148.0,102460.0
2020-09-04,148.65,148.65,147.05,148.45,115420.0
2020-09-07,148.95,149.4,148.2,149.05,70250.0
2020-09-08,149.4,149.9,148.1,148.1,139790.0
2020-09-09,148.75,149.2,148.0,149.15,39130.0
2020-09-10,149.6,150.0,149.05,150.0,78020.0
2020-09-11,150.1,150.9,150.1,150.75,64740.0
2020-09-14,150.75,152.0,149.85,150.4,136730.0
2020-09-15,150.45,154.0,150.0,152.35,153080.0
2020-09-16,152.75,153.6,152.4,153.6,118810.0
2020-09-17,153.0,153.65,152.4,153.45,61560.0
2020-09-18,153.6,155.0,152.8,155.0,137250.0
2020-09-21,153.9,155.0,151.5,151.55,76200.0
2020-09-22,151.6,155.0,151.45,154.05,87140.0
2020-09-23,154.35,154.35,152.0,152.6,64630.0
2020-09-24,152.15,162.3,150.65,157.0,335710.0
2020-09-25,157.15,158.45,153.85,154.2,79010.0
2020-09-28,155.85,155.85,151.7,152.3,148520.0
2020-09-29,153.55,153.7,151.0,151.8,121160.0
2020-09-30,151.8,153.75,151.0,152.75,88780.0
2020-10-01,153.5,153.65,152.05,152.9,50050.0
2020-10-02,153.05,153.1,151.2,151.5,43980.0
2020-10-05,152.2,152.8,151.25,152.35,118810.0
2020-10-06,152.55,153.7,151.7,152.9,66230.0
2020-10-07,153.35,153.35,151.0,152.35,48670.0
2020-10-08,152.95,153.0,152.0,152.8,44560.0
2020-10-09,152.95,154.9,151.75,153.4,188100.0
2020-10-12,153.9,155.45,152.25,153.85,122570.0
2020-10-13,153.9,155.4,153.4,154.4,94740.0
2020-10-14,154.95,155.85,152.55,153.55,64500.0
2020-10-15,153.1,155.05,152.75,154.0,63260.0
2020-10-16,154.2,155.0,152.1,152.6,93320.0
2020-10-19,152.15,153.65,151.2,151.5,53310.0
2020-10-20,151.15,152.85,151.0,151.75,89550.0
2020-10-21,151.8,153.5,151.25,152.6,66150.0
2020-10-22,152.55,153.85,152.0,153.55,47030.0
2020-10-23,152.65,153.45,151.6,152.8,65820.0
2020-10-26,152.95,153.05,149.75,150.3,200030.0
2020-10-27,150.95,151.55,148.4,149.5,115480.0
2020-10-28,149.0,149.75,142.65,143.35,392020.0
2020-10-29,143.95,147.9,143.25,146.1,106510.0
2020-10-30,145.75,147.0,144.45,145.95,61220.0
2020-11-02,145.95,147.25,143.9,144.7,174310.0
2020-11-03,145.95,149.75,145.05,149.15,103290.0
2020-11-05,152.4,154.4,150.65,151.7,223360.0
2020-11-06,151.7,153.0,151.05,152.7,86630.0
2020-11-09,153.45,154.95,152.65,152.9,204550.0
2020-11-10,152.7,153.45,151.7,151.85,95540.0
2020-11-11,151.8,154.15,151.65,152.0,75540.0
2020-11-12,152.05,153.0,151.4,152.0,72220.0
2020-11-13,152.25,152.8,150.3,151.05,197690.0
2020-11-16,151.1,153.5,150.95,152.9,127530.0
2020-11-17,153.3,153.4,152.35,152.4,63520.0
2020-11-18,152.4,152.7,151.25,151.85,56690.0
2020-11-19,151.35,152.7,150.5,151.05,121300.0
2020-11-20,151.55,152.75,151.1,151.9,76190.0
2020-11-23,152.7,152.75,151.85,152.05,62410.0
2020-11-24,152.0,152.5,151.4,151.65,90540.0
2020-11-25,152.3,152.35,151.05,151.75,68570.0
2020-11-26,151.75,152.1,150.7,151.1,88450.0
2020-11-27,151.1,152.1,151.05,151.5,49680.0
2020-11-30,151.95,152.0,151.25,151.7,89610.0
2020-12-01,151.8,152.5,151.45,151.9,123420.0
2020-12-02,152.1,152.4,151.8,152.15,85680.0
2020-12-03,152.25,153.45,152.1,153.2,156800.0
2020-12-04,153.4,155.0,153.0,154.75,160610.0
2020-12-07,154.9,155.9,152.55,153.0,142570.0
2020-12-08,152.7,153.95,152.45,152.6,85420.0
2020-12-09,153.6,153.9,152.4,153.5,82400.0
2020-12-10,153.0,153.8,148.0,152.15,266550.0
2020-12-11,152.1,152.4,151.15,151.6,78410.0
2020-12-14,152.05,152.8,151.2,152.5,94330.0
2020-12-15,152.6,153.5,151.9,152.4,101950.0
2020-12-16,152.45,153.45,152.15,152.4,92560.0
2020-12-17,153.2,154.5,152.3,152.3,96520.0
2020-12-18,153.0,153.1,149.8,149.8,232640.0
2020-12-21,150.85,150.85,148.55,149.05,248970.0
2020-12-22,149.65,150.45,149.0,150.1,121110.0
2020-12-23,150.0,150.4,149.5,149.95,64980.0
2020-12-24,150.1,150.75,148.5,149.2,199980.0
2020-12-25,149.75,149.75,148.5,148.85,211760.0
2020-12-28,148.55,149.75,148.55,149.0,165880.0
2020-12-29,149.15,152.8,149.15,151.0,141690.0
2020-12-30,151.7,154.55,150.4,152.8,187570.0
2021-01-04,153.4,153.7,151.95,153.05,95470.0
2021-01-05,152.2,153.55,152.05,153.4,77950.0
2021-01-06,153.4,153.5,152.3,152.75,47250.0
2021-01-08,153.15,155.0,152.4,154.9,234080.0
2021-01-11,154.9,160.0,154.3,159.75,285180.0
2021-01-12,159.8,162.0,156.6,157.5,217850.0
2021-01-13,157.95,158.9,155.6,157.2,135650.0
2021-01-14,157.8,159.65,155.85,159.05,103570.0
2021-01-15,156.3,162.0,156.2,158.7,244350.0
2021-01-18,160.15,160.8,156.55,156.7,199720.0
2021-01-19,157.6,157.75,155.7,155.7,101720.0
2021-01-20,156.0,157.2,155.95,156.8,102170.0
2021-01-21,157.65,157.85,153.65,156.65,173690.0
2021-01-22,155.25,156.6,153.05,154.05,164690.0
2021-01-25,155.65,156.9,153.65,155.8,106390.0
2021-01-26,156.7,156.7,155.4,155.5,66930.0
2021-01-27,155.5,157.45,155.4,156.1,126030.0
2021-01-28,156.05,156.85,154.3,156.85,128790.0
2021-01-29,156.8,157.6,156.8,157.2,78040.0
2021-02-01,157.5,159.3,157.0,158.85,105950.0
2021-02-02,159.0,161.9,158.85,160.8,155680.0
2021-02-03,161.5,161.7,160.25,161.4,65030.0
2021-02-04,160.2,161.1,158.9,160.0,169910.0
2021-02-05,160.0,161.45,158.2,159.3,170470.0
2021-02-08,159.95,160.5,155.5,156.85,342760.0
2021-02-09,156.85,158.4,154.25,155.65,277850.0
2021-02-10,156.55,156.55,151.4,153.8,415970.0
2021-02-11,154.9,154.9,153.3,153.8,67800.0
2021-02-12,154.0,159.6,152.35,157.9,285020.0
2021-02-15,158.05,159.0,155.8,157.0,105490.0
2021-02-16,157.95,158.2,156.45,157.35,86980.0
2021-02-17,157.3,158.3,155.8,156.35,70610.0
2021-02-18,156.95,157.0,155.0,155.05,75260.0
2021-02-19,155.95,157.5,154.5,157.4,93750.0
2021-02-20,157.0,158.85,157.0,158.0,111850.0
2021-02-22,158.45,160.45,156.55,160.4,140340.0
2021-02-24,158.3,160.5,155.1,156.45,236860.0
2021-02-25,157.05,157.2,156.1,156.35,65890.0
2021-02-26,155.55,156.8,154.3,155.0,87970.0
2021-03-01,158.9,160.3,154.7,155.4,447460.0
2021-03-02,155.9,157.0,153.8,154.1,415230.0
2021-03-03,155.0,155.3,154.0,154.6,186140.0
2021-03-04,154.8,155.0,154.0,154.3,111330.0
2021-03-05,154.35,155.8,153.0,153.95,142170.0
2021-03-09,153.95,153.95,152.55,153.85,129170.0
2021-03-10,153.9,154.95,152.25,152.95,159460.0
2021-03-11,153.35,154.0,152.8,153.0,121190.0
2021-03-12,153.55,153.55,152.75,153.0,79500.0
2021-03-15,153.0,153.75,151.6,152.3,228750.0
2021-03-16,151.65,152.7,151.3,151.45,189330.0
2021-03-17,151.5,152.6,151.45,151.5,104050.0
2021-03-18,151.65,152.05,151.25,151.5,59780.0
2021-03-19,151.7,152.2,150.5,150.5,183730.0
2021-03-22,150.4,152.3,150.4,151.3,120000.0
2021-03-23,151.95,151.95,150.1,151.25,147110.0
2021-03-24,151.65,155.15,149.55,155.0,354190.0
2021-03-25,154.6,155.25,151.2,154.8,328480.0
2021-03-26,155.05,155.5,152.75,153.25,115380.0
2021-03-29,152.5,154.35,151.65,152.1,167350.0
2021-03-30,152.15,153.2,151.85,152.5,120970.0
2021-03-31,152.5,154.8,152.2,154.0,357680.0
2021-04-01,154.95,155.3,154.05,155.05,256540.0
2021-04-02,154.7,158.0,154.45,157.25,217420.0
2021-04-05,157.35,158.3,156.3,157.7,177250.0
2021-04-06,157.75,158.55,157.0,157.4,154750.0
2021-04-07,157.45,160.0,156.75,160.0,243270.0
2021-04-08,160.0,163.0,158.15,163.0,347620.0
2021-04-09,163.05,166.55,163.05,164.75,377490.0
2021-04-12,164.75,165.25,161.0,163.8,256640.0
2021-04-13,164.25,166.3,164.25,165.1,454750.0
2021-04-14,166.0,166.5,163.1,164.2,158380.0
2021-04-15,164.05,164.9,161.5,162.5,94360.0
2021-04-16,163.95,164.65,162.7,163.95,68670.0
2021-04-19,165.0,165.3,163.5,164.0,59830.0
2021-04-20,164.8,164.85,160.85,161.2,119820.0
2021-04-21,162.45,162.5,160.15,161.1,76140.0
2021-04-22,162.4,162.7,160.0,160.8,86700.0
2021-04-23,161.3,162.7,160.7,162.05,69070.0
2021-04-26,161.55,162.5,161.0,161.45,86080.0
2021-04-27,161.2,161.75,160.1,160.25,109690.0
2021-04-28,160.15,161.1,158.5,158.95,99990.0
2021-04-29,159.2,160.6,159.15,159.75,65940.0
2021-04-30,159.9,160.4,158.75,160.0,110350.0
2021-05-04,161.15,163.0,159.55,160.45,175160.0
2021-05-05,161.2,167.45,160.5,164.85,357170.0
2021-05-06,164.85,166.5,164.3,164.45,116340.0
2021-05-07,165.8,166.2,164.45,165.5,112700.0
2021-05-10,166.2,166.2,164.25,164.95,113140.0
2021-05-11,165.85,165.85,163.6,164.85,91850.0
2021-05-12,165.0,165.75,164.35,165.0,205340.0
2021-05-13,164.8,165.7,162.0,163.55,127960.0
2021-05-14,163.95,164.9,163.25,164.0,98990.0
2021-05-17,163.3,165.0,163.3,164.55,77570.0
2021-05-18,164.85,167.0,164.3,165.6,165220.0
2021-05-19,166.3,166.4,164.9,164.9,116000.0
2021-05-20,166.05,166.85,165.25,166.4,92920.0
2021-05-21,166.5,169.5,166.2,168.7,349650.0
2021-05-24,169.35,170.3,168.0,170.0,268400.0
2021-05-25,170.0,170.5,168.05,168.05,198020.0
2021-05-26,169.3,169.5,168.3,168.85,149600.0
2021-05-27,168.9,168.95,168.0,168.3,113820.0
2021-05-28,168.9,169.25,167.1,167.65,128510.0
2021-05-31,168.75,170.2,168.0,170.0,139720.0
2021-06-01,170.0,170.25,169.35,169.95,166580.0
2021-06-02,169.95,170.15,167.15,169.0,594950.0
2021-06-03,169.25,169.9,168.65,169.15,186780.0
2021-06-04,169.6,170.5,168.8,170.5,211870.0
2021-06-07,169.45,170.5,169.4,170.25,159200.0
2021-06-08,170.1,170.45,169.15,170.05,199800.0
2021-06-09,170.35,170.5,169.8,170.5,132140.0
2021-06-10,170.1,170.5,170.0,170.4,131980.0
2021-06-11,170.45,172.0,168.65,169.7,342100.0
2021-06-14,169.7,171.0,169.05,170.85,210200.0
2021-06-15,170.85,170.9,167.4,170.5,254360.0
2021-06-16,170.85,170.9,170.0,170.45,141170.0
2021-06-17,170.45,171.15,170.0,170.35,187830.0
2021-06-18,170.35,170.7,169.0,169.0,208840.0
2021-06-21,168.55,170.5,168.55,169.7,251310.0
2021-06-22,169.95,170.45,169.4,169.8,256950.0
2021-06-23,170.35,170.35,168.75,168.8,392900.0
2021-06-24,169.7,169.7,167.5,168.15,562920.0
2021-06-25,168.1,168.7,165.25,168.0,1134040.0
2021-06-28,151.5,154.0,149.5,154.0,986600.0
2021-06-29,153.9,154.0,150.6,150.65,472020.0
2021-06-30,151.15,154.85,150.55,153.65,628250.0
2021-07-01,153.7,154.65,151.5,152.5,136040.0
2021-07-02,152.85,153.2,151.35,152.05,115790.0
2021-07-05,153.05,153.05,150.2,151.55,320500.0
2021-07-06,151.65,151.65,150.15,150.9,194630.0
2021-07-07,151.9,152.2,150.95,151.6,153480.0
2021-07-08,151.8,153.75,151.5,153.3,209590.0
2021-07-09,153.85,156.4,153.05,155.65,234050.0
2021-07-12,156.45,158.9,153.25,157.9,190160.0
2021-07-13,157.05,161.1,155.35,159.3,214550.0
2021-07-14,159.3,160.2,156.4,158.2,93640.0
2021-07-15,159.2,159.2,155.0,157.35,130110.0
2021-07-16,156.65,157.25,154.3,154.45,102100.0
2021-07-19,156.9,160.1,151.0,153.55,445050.0
2021-07-20,154.1,159.85,153.5,159.7,414860.0
2021-07-21,159.9,159.9,157.55,159.0,111590.0
2021-07-22,159.0,161.25,157.75,160.85,167110.0
2021-07-23,161.15,161.45,159.6,160.1,59240.0
2021-07-26,160.8,160.8,157.2,158.75,90780.0
2021-07-27,159.65,160.8,158.8,159.0,61370.0
2021-07-28,159.95,160.4,158.1,159.0,86730.0
2021-07-29,160.2,160.25,158.45,159.35,116890.0
2021-07-30,157.5,161.2,157.5,161.15,158190.0
2021-08-02,161.15,164.45,160.4,164.05,325360.0
2021-08-03,164.5,164.5,162.25,163.7,122620.0
2021-08-04,166.5,166.95,164.0,164.15,501130.0
2021-08-05,165.5,168.15,162.1,166.95,358650.0
2021-08-06,167.9,168.3,166.2,168.0,188090.0
2021-08-09,168.05,168.25,164.9,166.7,124970.0
2021-08-10,167.45,168.2,166.75,167.9,230210.0
2021-08-11,167.5,168.2,166.7,167.8,104340.0
2021-08-12,168.15,169.15,168.0,168.5,196390.0
2021-08-13,168.7,169.75,168.55,169.6,131910.0
2021-08-16,169.8,170.25,168.5,169.95,192670.0
2021-08-17,169.6,170.0,169.0,169.2,52400.0
2021-08-18,169.9,170.1,168.4,169.25,130080.0
2021-08-19,168.3,169.85,166.1,169.0,200840.0
2021-08-20,169.05,172.15,168.5,171.95,261160.0
2021-08-23,173.8,173.8,168.25,172.0,140480.0
2021-08-24,172.0,172.95,170.0,172.95,231860.0
2021-08-25,172.9,179.75,171.2,174.9,204610.0
2021-08-26,174.15,176.0,174.1,174.95,83440.0
2021-08-27,174.4,176.65,170.9,176.55,238340.0
2021-08-30,176.55,177.5,174.1,176.95,266420.0
2021-08-31,176.9,177.65,174.1,174.5,86140.0
2021-09-01,175.85,175.9,169.6,171.85,279550.0
2021-09-02,172.95,174.6,170.2,173.95,104850.0
2021-09-03,174.2,177.7,173.45,177.3,119370.0
2021-09-06,177.4,177.85,174.15,176.4,99140.0
2021-09-07,176.9,177.4,174.1,176.75,77880.0
2021-09-08,176.75,177.15,172.0,173.8,96130.0
2021-09-09,174.1,174.35,171.2,173.0,71800.0
2021-09-10,173.55,173.9,172.05,172.9,54080.0
2021-09-13,174.4,179.5,171.9,173.45,165670.0
2021-09-14,174.95,176.15,173.6,175.15,96360.0
2021-09-15,175.85,176.85,173.0,173.0,76960.0
2021-09-16,173.65,174.7,167.4,168.85,172280.0
2021-09-17,169.6,173.5,168.2,168.2,138030.0
2021-09-20,170.5,170.75,164.15,165.55,154630.0
2021-09-21,166.4,171.3,165.9,168.1,126880.0
2021-09-22,170.05,170.8,168.25,168.55,80600.0
2021-09-23,169.95,171.95,166.0,167.75,171520.0
2021-09-24,166.65,169.6,163.5,164.7,197810.0
2021-09-27,165.8,168.9,164.9,167.15,115920.0
2021-09-28,168.3,169.85,165.1,165.15,111290.0
2021-09-29,165.85,167.3,164.6,164.7,65010.0
2021-09-30,165.95,166.9,164.95,166.9,70710.0
2021-10-01,166.95,167.35,165.3,166.25,58520.0
2021-10-04,167.15,169.0,166.05,167.6,74890.0
2021-10-05,168.25,170.9,168.25,170.15,74450.0
2021-10-06,170.0,174.2,167.05,173.0,181950.0
2021-10-07,173.05,175.0,171.15,173.9,91400.0
2021-10-08,174.0,175.5,172.0,173.6,92350.0
2021-10-11,174.85,175.4,170.25,172.2,135260.0
2021-10-12,171.5,173.7,170.3,171.95,85000.0
2021-10-13,171.1,189.85,170.5,178.1,785820.0
2021-10-14,181.35,189.9,169.35,171.6,1938470.0
2021-10-15,172.5,173.3,168.3,169.65,324700.0
2021-10-18,170.45,172.7,169.0,170.4,254020.0
2021-10-19,171.4,172.3,170.6,171.75,102330.0
2021-10-20,172.4,182.0,170.05,181.0,692430.0
2021-10-21,181.05,181.4,175.2,175.8,337020.0
2021-10-22,175.6,177.95,172.9,172.9,109180.0
2021-10-25,173.95,177.0,172.4,176.5,198580.0
2021-10-26,176.9,179.3,175.25,177.5,197240.0
2021-10-27,176.1,179.0,174.75,176.4,163990.0
2021-10-28,176.45,180.75,175.0,175.95,230430.0
2021-10-29,177.25,177.85,173.65,176.0,98560.0
2021-11-01,177.5,178.8,175.45,176.95,121300.0
2021-11-02,177.85,178.95,172.3,173.6,313740.0
2021-11-03,174.9,187.8,170.15,177.95,869630.0
2021-11-05,178.0,186.6,175.4,186.4,520640.0
2021-11-08,186.45,187.75,182.75,183.7,259950.0
2021-11-09,186.4,187.8,184.0,186.8,252230.0
2021-11-10,186.7,188.25,184.5,187.5,142880.0
2021-11-11,187.5,187.5,181.5,181.65,190860.0
2021-11-12,181.65,185.5,180.0,180.3,255540.0
2021-11-15,182.95,184.6,180.3,180.3,228220.0
2021-11-16,182.7,183.9,180.5,181.15,193130.0
2021-11-17,182.85,184.3,181.15,183.15,122100.0
2021-11-18,183.65,185.9,180.85,181.2,117650.0
2021-11-19,182.9,183.45,176.75,179.95,180420.0
2021-11-22,178.75,180.8,171.0,174.5,240550.0
2021-11-23,174.6,175.95,171.0,172.05,254710.0
2021-11-24,173.15,176.55,172.45,173.4,98270.0
2021-11-25,173.45,177.4,171.7,172.25,132200.0
2021-11-26,171.35,172.4,168.8,169.1,172000.0
2021-11-29,169.15,173.95,169.1,171.3,191300.0
2021-11-30,171.05,173.35,170.05,171.25,93560.0
2021-12-01,173.25,174.3,168.5,170.05,133460.0
2021-12-02,172.3,172.3,168.5,170.0,86120.0
2021-12-03,170.0,172.9,170.0,171.7,63210.0
2021-12-06,171.65,173.35,169.3,171.6,85140.0
2021-12-07,171.05,174.9,167.35,169.75,121090.0
2021-12-08,170.95,174.95,169.95,173.95,118140.0
2021-12-09,174.15,176.85,170.55,171.05,90650.0
2021-12-10,170.45,174.35,167.15,169.15,93140.0
2021-12-13,168.7,170.95,163.05,163.55,187740.0
2021-12-14,163.5,166.85,160.5,162.2,248550.0
2021-12-15,165.55,171.0,161.95,162.25,263460.0
2021-12-16,165.95,167.5,164.15,165.8,141510.0
2021-12-17,166.45,166.6,161.4,161.4,336180.0
2021-12-20,163.2,163.2,157.5,161.0,335980.0
2021-12-21,161.95,167.8,161.5,166.9,297850.0
2021-12-22,166.95,168.0,161.25,163.0,272560.0
2021-12-23,163.75,165.5,161.95,163.9,157420.0
2021-12-24,164.6,165.05,162.9,164.0,67760.0
2021-12-27,165.4,169.15,164.4,169.05,189080.0
2021-12-28,168.55,172.5,167.3,171.65,118740.0
2021-12-29,172.5,173.25,167.55,169.65,170710.0
2021-12-30,170.0,170.5,168.0,169.5,114960.0
2022-01-03,171.5,173.9,168.95,173.6,61510.0
2022-01-04,174.0,174.9,173.15,174.5,47330.0
2022-01-05,173.1,175.0,172.15,172.9,40500.0
2022-01-06,171.2,172.35,169.6,170.05,78780.0
2022-01-10,170.3,174.0,167.0,168.05,158240.0
2022-01-11,168.55,169.4,166.9,168.15,89120.0
2022-01-12,168.35,169.95,167.95,168.15,61260.0
2022-01-13,169.0,169.45,165.45,166.0,91380.0
2022-01-14,167.0,169.55,161.35,163.85,270350.0
2022-01-17,164.55,166.65,161.3,163.95,173070.0
2022-01-18,162.0,164.95,151.0,154.8,467740.0
2022-01-19,154.4,160.0,151.55,155.05,397700.0
2022-01-20,160.0,162.85,155.05,160.2,168160.0
2022-01-21,159.85,162.0,157.0,158.6,108910.0
2022-01-24,160.0,161.2,146.65,150.4,606230.0
2022-01-25,153.0,155.0,149.55,151.65,331010.0
2022-01-26,152.5,154.95,150.1,151.75,185550.0
2022-01-27,152.05,155.5,151.0,154.35,167790.0
2022-01-28,154.95,158.0,154.4,156.7,127320.0
2022-01-31,157.0,161.85,156.7,159.7,112020.0
2022-02-01,160.75,160.75,157.0,157.0,94540.0
2022-02-02,157.95,160.1,153.85,155.05,124710.0
2022-02-03,154.15,155.0,152.45,152.6,101130.0
2022-02-04,153.45,154.7,153.05,153.2,77830.0
2022-02-07,154.7,155.45,152.85,153.8,77600.0
2022-02-08,154.9,156.0,153.3,155.7,79560.0
2022-02-09,155.9,168.1,155.9,164.85,290980.0
2022-02-10,164.9,166.15,160.6,161.6,113080.0
2022-02-11,161.6,163.6,158.0,158.1,125130.0
2022-02-14,158.0,160.55,156.25,159.7,137440.0
2022-02-15,160.6,162.85,159.3,160.95,114260.0
2022-02-16,164.15,167.0,159.95,162.8,154870.0
2022-02-17,162.9,164.1,158.0,158.0,105450.0
2022-02-18,160.75,167.05,150.25,155.0,213400.0
2022-02-21,156.15,157.1,141.05,143.0,462480.0
2022-02-22,141.05,152.8,129.0,151.85,497090.0
2022-02-24,136.7,139.0,96.9,102.0,881910.0
2022-02-25,112.0,132.6,108.4,126.05,688480.0
2022-03-28,123.0,124.0,100.8,107.05,1098500.0
2022-03-29,111.95,112.9,105.0,105.2,307480.0
2022-03-30,112.85,114.65,107.25,112.65,261350.0
2022-03-31,113.75,122.95,113.3,118.3,487150.0
2022-04-01,118.2,128.0,118.05,123.0,413040.0
2022-04-04,123.55,127.4,118.35,126.95,347850.0
2022-04-05,127.65,130.0,120.1,124.0,383850.0
2022-04-06,123.1,124.95,120.05,121.2,171860.0
2022-04-07,121.85,123.9,117.3,120.9,336630.0
2022-04-08,120.85,121.7,118.2,121.65,250030.0
2022-04-11,121.65,122.6,118.5,119.1,221540.0
2022-04-12,119.1,120.05,116.7,118.0,155600.0
2022-04-13,118.3,118.95,114.2,116.9,211660.0
2022-04-14,116.9,116.9,111.1,112.55,369460.0
2022-04-15,112.8,123.0,110.9,121.85,540820.0
2022-04-18,122.85,127.9,120.05,122.65,350460.0
2022-04-19,122.7,125.5,116.55,120.45,425100.0
2022-04-20,121.5,122.9,118.1,120.0,164050.0
2022-04-21,121.0,125.0,119.5,121.0,250290.0
2022-04-22,121.0,123.9,120.35,122.45,187280.0
2022-04-25,122.5,126.5,122.15,124.05,253740.0
2022-04-26,125.8,131.95,123.55,127.9,228170.0
2022-04-27,129.45,138.35,128.5,129.9,490920.0
2022-04-28,130.0,138.4,129.0,138.35,429350.0
2022-04-29,138.6,139.0,134.0,138.8,323260.0
2022-05-04,139.55,155.9,135.15,152.5,1769320.0
2022-05-05,153.4,157.6,152.5,154.2,605220.0
2022-05-06,154.4,155.15,150.1,152.5,348780.0
2022-05-11,153.9,158.2,152.55,158.2,386610.0
2022-05-12,158.25,159.85,152.05,154.65,338610.0
2022-05-13,155.0,155.45,153.0,155.2,148400.0
2022-05-16,154.8,156.75,153.05,155.7,345590.0
2022-05-17,155.75,158.8,155.55,158.0,236710.0
2022-05-18,158.45,159.3,157.55,158.1,216170.0
2022-05-19,158.2,158.5,157.0,157.65,126900.0
2022-05-20,158.0,158.3,155.9,156.0,196060.0
2022-05-23,156.3,158.4,153.0,154.7,237670.0
2022-05-24,154.2,157.7,152.0,156.15,217640.0
2022-05-25,156.8,161.9,156.05,158.55,263790.0
2022-05-26,158.8,168.55,154.0,157.95,539250.0
2022-05-27,158.65,159.55,155.0,159.55,294720.0
2022-05-30,161.6,163.85,159.8,162.35,285220.0
2022-05-31,162.4,163.2,159.9,161.75,296690.0
2022-06-01,161.8,165.25,161.55,163.95,323200.0
2022-06-02,164.3,165.5,160.0,163.7,290200.0
2022-06-03,163.05,164.0,161.0,163.0,371070.0
2022-06-06,164.6,165.5,163.5,165.3,490710.0
2022-06-07,165.55,165.9,161.9,163.0,542340.0
2022-06-08,163.0,164.9,162.4,164.0,1158670.0
2022-06-09,142.0,145.45,139.0,139.35,1231920.0
2022-06-10,140.0,141.35,136.25,136.25,393660.0
2022-06-14,136.2,136.55,130.25,131.8,385510.0
2022-06-15,132.95,134.95,131.45,133.0,314030.0
2022-06-16,133.95,138.7,133.0,137.5,299570.0
2022-06-17,137.9,138.4,136.0,136.5,127390.0
2022-06-20,137.4,143.5,136.7,143.0,220470.0
2022-06-21,142.5,143.8,140.35,141.05,115400.0
2022-06-22,140.15,141.55,138.55,139.85,178340.0
2022-06-23,140.9,141.35,139.6,140.05,94110.0
2022-06-24,139.7,140.45,139.35,139.95,99780.0
2022-06-27,140.15,140.45,139.7,139.8,103670.0
2022-06-28,140.45,140.45,137.45,139.05,172690.0
2022-06-29,139.65,142.4,137.85,140.75,204330.0
2022-06-30,141.7,142.25,132.1,138.75,468720.0
2022-07-01,138.65,140.85,135.5,139.0,201210.0
2022-07-04,138.9,141.8,137.2,139.15,332440.0
2022-07-05,139.05,159.0,137.1,147.5,959110.0
2022-07-06,147.05,153.1,144.3,148.8,371010.0
2022-07-07,149.1,153.0,148.15,150.75,140600.0
2022-07-08,150.8,152.15,149.9,150.05,83350.0
2022-07-11,150.1,150.4,147.05,147.35,88830.0
2022-07-12,146.7,147.4,141.8,144.4,145530.0
2022-07-13,144.75,145.95,143.8,144.3,73340.0
2022-07-14,143.8,144.7,141.4,141.6,104670.0
2022-07-15,142.2,150.0,140.2,145.3,241130.0
2022-07-18,144.35,144.35,130.45,130.8,1232160.0
2022-07-19,130.2,130.6,110.75,112.5,1917620.0
2022-07-20,113.0,119.85,112.6,117.85,616800.0
2022-07-21,117.9,119.3,114.45,118.05,291840.0
2022-07-22,118.5,121.8,117.4,120.2,225790.0
2022-07-25,121.4,129.9,119.05,128.75,316330.0
2022-07-26,129.3,132.2,124.05,126.25,350200.0
2022-07-27,126.55,129.5,126.35,128.05,190240.0
2022-07-28,128.05,128.9,126.25,127.6,104840.0
2022-07-29,128.95,128.95,126.65,126.85,68060.0
2022-08-01,127.6,127.65,124.2,125.7,103330.0
2022-08-02,125.4,127.0,121.0,123.1,104120.0
2022-08-03,123.15,128.6,123.15,125.6,134190.0
2022-08-04,125.5,125.6,122.2,123.35,133430.0
2022-08-05,124.95,131.65,122.4,124.1,370380.0
2022-08-08,125.95,129.65,124.0,126.85,298530.0
2022-08-09,126.8,129.0,125.1,128.0,163730.0
2022-08-10,128.0,135.95,127.0,131.7,300710.0
2022-08-11,133.45,134.5,129.1,130.0,114140.0
2022-08-12,130.95,131.25,127.15,128.0,80810.0
2022-08-15,128.25,129.95,127.5,129.45,59350.0
2022-08-16,129.85,131.95,129.0,129.75,58930.0
2022-08-17,129.8,130.7,128.65,129.15,61910.0
2022-08-18,129.1,130.0,126.45,128.9,88180.0
2022-08-19,128.05,128.7,126.95,128.35,48150.0
2022-08-22,128.3,128.9,126.9,127.4,61190.0
2022-08-23,127.55,128.2,125.65,126.45,105010.0
2022-08-24,126.9,127.95,125.35,126.1,55080.0
2022-08-25,126.45,127.3,126.0,126.65,47840.0
2022-08-26,127.1,127.75,126.2,127.35,49710.0
2022-08-29,127.5,128.55,127.1,128.1,58330.0
2022-08-30,128.05,128.55,127.0,127.2,116910.0
2022-08-31,126.95,128.7,126.0,127.7,84260.0
2022-09-01,128.0,130.05,126.9,128.5,190070.0
2022-09-02,128.8,130.85,128.15,129.0,98220.0
2022-09-05,129.35,132.0,129.1,131.7,120170.0
2022-09-06,132.0,134.55,127.0,129.65,213130.0
2022-09-07,129.3,130.0,128.0,128.85,101690.0
2022-09-08,128.85,129.75,128.25,128.95,59080.0
2022-09-09,128.55,129.95,128.0,128.5,88770.0
2022-09-12,129.7,129.7,128.5,128.95,73760.0
2022-09-13,129.4,129.45,122.5,127.05,216510.0
2022-09-14,127.2,127.75,125.9,126.95,68450.0
2022-09-15,127.5,128.25,126.5,126.75,59800.0
2022-09-16,127.15,127.45,125.85,126.05,108800.0
2022-09-19,126.05,126.95,126.0,126.2,46500.0
2022-09-20,126.7,126.75,112.8,116.65,331570.0
2022-09-21,111.8,124.95,105.0,118.35,276120.0
2022-09-22,118.4,123.4,117.0,120.95,75440.0
2022-09-23,121.9,122.5,116.0,117.05,134300.0
2022-09-26,115.05,115.4,105.05,107.85,337090.0
2022-09-27,108.95,111.8,106.4,108.95,94140.0
2022-09-28,109.15,114.95,109.0,109.45,109700.0
2022-09-29,111.9,112.85,101.95,103.5,205010.0
2022-09-30,104.5,107.4,100.1,104.65,214850.0
2022-10-03,105.9,114.8,105.0,114.35,159010.0
2022-10-04,114.35,120.0,114.0,117.3,116850.0
2022-10-05,117.4,117.85,113.05,116.9,126480.0
2022-10-06,117.2,118.6,116.25,116.85,38250.0
2022-10-07,117.8,117.8,115.15,115.15,44810.0
2022-10-10,111.0,118.1,110.0,117.1,62130.0
2022-10-11,117.8,121.5,117.45,119.75,57730.0
2022-10-12,119.75,121.3,119.0,120.85,38440.0
2022-10-13,121.25,122.6,120.9,122.2,35120.0
2022-10-14,123.8,123.8,121.3,122.5,53710.0
2022-10-17,123.1,124.8,123.05,124.25,52570.0
2022-10-18,124.9,125.5,124.05,125.0,49970.0
2022-10-19,124.75,125.8,122.55,125.0,69240.0
2022-10-20,125.0,126.0,124.5,125.2,69790.0
2022-10-21,125.35,125.6,124.3,125.5,28650.0
2022-10-24,125.55,126.5,125.45,125.9,51730.0
2022-10-25,126.4,129.7,126.0,128.75,117740.0
2022-10-26,129.25,129.55,126.5,127.6,84780.0
2022-10-27,127.65,130.6,127.2,129.25,117440.0
2022-10-28,129.35,131.5,128.4,130.8,117380.0
2022-10-31,130.85,131.75,130.0,131.2,71650.0
2022-11-01,133.1,139.05,132.0,136.0,234330.0
2022-11-02,135.9,138.0,133.6,136.15,198460.0
2022-11-03,135.95,137.0,134.05,135.05,93970.0
2022-11-07,135.3,138.15,135.15,136.7,155170.0
2022-11-08,136.75,138.1,136.0,137.1,77710.0
2022-11-09,137.15,137.35,133.2,134.55,81270.0
2022-11-10,137.3,137.35,132.2,134.55,158910.0
2022-11-11,134.55,136.45,133.7,134.35,86880.0
2022-11-14,134.5,136.15,133.6,134.6,136160.0
2022-11-15,135.7,135.7,134.15,134.9,99790.0
2022-11-16,134.35,135.7,134.25,134.7,48250.0
2022-11-17,134.9,134.95,134.05,134.6,38780.0
2022-11-18,134.35,134.9,133.05,133.8,49250.0
2022-11-21,133.5,134.0,130.05,130.1,129490.0
2022-11-22,131.55,133.6,130.2,132.35,145380.0
2022-11-23,133.45,134.7,132.4,134.5,86350.0
2022-11-24,133.9,139.9,133.85,139.0,357450.0
2022-11-25,140.0,151.0,139.55,142.5,2352730.0
2022-11-28,142.6,146.45,139.5,141.55,656330.0
2022-11-29,141.65,141.7,128.5,129.05,1614410.0
2022-11-30,126.5,130.0,121.25,128.05,2025720.0
2022-12-01,128.75,130.3,127.0,128.15,176810.0
2022-12-02,128.6,128.65,126.05,127.0,166490.0
2022-12-05,126.95,128.8,125.5,128.5,275120.0
2022-12-06,128.85,129.45,126.3,126.75,88200.0
2022-12-07,127.0,127.0,124.5,125.2,124400.0
2022-12-08,125.4,125.6,124.6,124.85,47000.0
2022-12-09,125.0,125.15,123.55,123.8,69440.0
2022-12-12,124.2,124.25,120.5,121.75,127870.0
2022-12-13,121.8,123.7,121.05,121.4,97110.0
2022-12-14,121.6,123.35,121.1,122.1,114670.0
2022-12-15,122.1,142.5,121.6,131.2,4510160.0
2022-12-16,133.4,139.0,120.0,120.0,4765010.0
2022-12-19,120.15,122.65,117.5,117.85,991640.0
2022-12-20,117.9,120.0,116.05,117.0,622260.0
2022-12-21,117.3,118.65,113.7,115.25,415460.0
2022-12-22,116.75,116.75,113.8,114.0,246010.0
2022-12-23,114.5,116.95,113.7,115.85,256610.0
2022-12-26,115.8,116.25,114.75,114.9,236500.0
2022-12-27,115.1,115.85,114.75,115.15,171790.0
2022-12-28,115.5,117.75,114.5,117.0,344030.0
2022-12-29,117.45,118.9,117.0,118.65,150280.0
2022-12-30,118.65,119.5,117.2,118.8,159790.0
2023-01-03,119.25,123.95,118.65,121.85,154950.0
2023-01-04,121.25,122.0,120.05,120.5,92780.0
2023-01-05,120.5,121.6,118.85,121.35,68160.0
2023-01-06,121.45,121.95,120.1,120.3,53140.0
2023-01-09,120.9,122.95,120.3,122.8,135660.0
2023-01-10,122.8,122.95,121.65,122.5,64320.0
2023-01-11,122.65,129.85,122.0,125.7,1453460.0
2023-01-12,126.0,126.9,122.1,123.3,195260.0
2023-01-13,123.55,125.7,122.3,123.5,117180.0
2023-01-16,123.55,125.15,122.4,124.4,82790.0
2023-01-17,124.4,124.65,122.5,122.5,70310.0
2023-01-18,123.0,124.25,122.05,123.35,129620.0
2023-01-19,123.8,123.8,121.05,122.0,89380.0
2023-01-20,122.0,122.45,121.4,121.75,69000.0
2023-01-23,121.75,123.65,121.05,122.15,134850.0
2023-01-24,122.25,124.0,121.7,121.75,72410.0
2023-01-25,122.15,122.4,121.05,121.4,62880.0
2023-01-26,121.4,121.8,120.25,121.0,139320.0
2023-01-27,120.95,122.4,120.4,121.5,98220.0
2023-01-30,121.55,121.85,121.05,121.8,101380.0
2023-01-31,121.8,127.0,121.65,124.0,264290.0
2023-02-01,125.3,125.3,123.05,123.25,131720.0
2023-02-02,123.65,125.4,123.25,124.45,188540.0
2023-02-03,124.7,125.9,124.0,124.3,194260.0
2023-02-06,124.35,126.2,124.35,125.95,121370.0
2023-02-07,126.15,127.25,125.75,125.75,171430.0
2023-02-08,126.55,127.75,124.3,124.8,162470.0
2023-02-09,124.75,125.7,123.15,124.8,279910.0
2023-02-10,124.45,125.3,124.3,124.95,61670.0
2023-02-13,124.95,127.5,124.5,126.15,97220.0
2023-02-14,126.2,126.25,124.3,125.0,69430.0
2023-02-15,125.5,125.7,121.95,121.95,153960.0
2023-02-16,122.5,129.85,121.55,125.3,489520.0
2023-02-17,125.25,125.5,122.9,124.7,90280.0
2023-02-20,124.7,125.2,123.95,124.6,62690.0
2023-02-21,124.15,126.95,123.75,125.9,86650.0
2023-02-22,125.8,126.45,124.7,125.8,56470.0
2023-02-24,126.05,127.0,125.9,126.75,41080.0
2023-02-27,126.5,128.0,124.1,127.45,145200.0
2023-02-28,127.95,130.0,126.8,129.0,159840.0
2023-03-01,129.25,133.1,129.05,131.65,187880.0
2023-03-02,131.65,133.9,128.45,129.8,275040.0
2023-03-03,131.45,133.7,129.85,133.7,140820.0
2023-03-06,133.7,137.15,133.0,135.35,192490.0
2023-03-07,136.35,136.35,135.1,136.15,58600.0
2023-03-09,137.1,142.5,136.25,136.65,531890.0
2023-03-10,136.9,137.5,135.85,136.95,111310.0
2023-03-13,136.3,138.0,135.05,136.2,157610.0
2023-03-14,136.05,136.65,135.5,136.45,81230.0
2023-03-15,136.55,136.65,133.6,135.95,147070.0
2023-03-16,135.1,136.5,134.5,135.6,102530.0
2023-03-17,136.0,137.7,135.65,137.0,175290.0
2023-03-20,137.0,138.9,137.0,138.5,128080.0
2023-03-21,138.65,142.4,138.35,138.6,346840.0
2023-03-22,139.45,140.15,137.75,139.2,125940.0
2023-03-23,138.9,142.85,138.6,141.2,203580.0
2023-03-24,141.4,149.2,141.2,146.3,679030.0
2023-03-27,146.95,151.5,146.9,150.1,754040.0
2023-03-28,151.25,154.5,149.0,151.35,628360.0
2023-03-29,153.4,153.4,143.1,147.85,570260.0
2023-03-30,148.0,148.3,147.0,147.6,183830.0
2023-03-31,147.8,148.35,146.1,146.85,151440.0
2023-04-03,146.9,148.0,146.9,147.8,117780.0
2023-04-04,147.8,152.9,147.3,150.05,1488650.0
2023-04-05,150.05,151.0,146.4,148.35,356880.0
2023-04-06,148.35,148.7,147.65,148.1,157400.0
2023-04-07,148.1,150.0,147.0,147.95,375380.0
2023-04-10,148.1,150.9,148.0,149.25,384300.0
2023-04-11,149.0,149.65,148.0,148.0,241070.0
2023-04-12,148.2,149.0,148.0,148.7,115140.0
2023-04-13,148.85,149.85,148.2,149.65,223070.0
2023-04-14,150.1,150.35,148.35,149.0,199450.0
2023-04-17,152.1,154.6,147.7,150.3,546270.0
2023-04-18,150.4,150.85,148.1,149.4,216890.0
2023-04-19,149.5,149.75,148.15,148.8,138360.0
2023-04-20,149.05,149.3,147.5,147.95,213740.0
2023-04-21,148.25,148.65,147.6,148.1,188350.0
2023-04-24,148.35,152.15,147.95,151.2,655350.0
2023-04-25,151.6,153.0,151.0,152.5,227210.0
2023-04-26,152.85,154.65,151.55,153.15,393340.0
2023-04-27,152.95,154.2,152.1,152.6,139500.0
2023-04-28,152.8,153.5,151.55,152.6,168370.0
2023-05-02,153.3,157.0,127.15,151.85,970340.0
2023-05-03,151.5,152.5,144.25,147.85,310890.0
2023-05-04,147.0,151.75,147.0,149.2,184160.0
2023-05-05,151.7,151.7,148.5,149.0,130820.0
2023-05-08,149.2,152.0,148.25,151.25,235630.0
2023-05-10,151.95,156.5,151.3,155.35,276750.0
2023-05-11,155.5,163.75,155.2,163.7,1111390.0
2023-05-12,161.9,164.1,157.05,163.9,719200.0
2023-05-15,164.15,169.15,159.1,167.5,1823780.0
2023-05-16,170.3,175.95,170.1,174.75,2269260.0
2023-05-17,175.0,177.9,174.5,176.85,1030880.0
2023-05-18,177.4,177.8,171.5,174.1,597130.0
2023-05-19,173.5,174.05,172.1,173.25,255400.0
2023-05-22,174.0,174.1,172.0,173.35,233480.0
2023-05-23,173.6,174.0,170.0,173.85,295990.0
2023-05-24,174.05,175.55,173.9,174.55,304130.0
2023-05-25,174.95,176.2,173.85,175.65,415970.0
2023-05-26,176.0,178.0,175.7,178.0,401570.0
2023-05-29,178.5,187.1,178.4,187.1,1181920.0
2023-05-30,185.3,197.05,181.85,194.1,1614660.0
2023-05-31,194.1,197.0,192.0,196.5,558010.0
2023-06-01,195.95,199.6,195.1,197.2,672660.0
2023-06-02,197.85,204.95,197.5,203.95,841990.0
2023-06-05,204.0,219.45,203.95,212.6,1680450.0
2023-06-06,213.65,218.8,192.0,206.25,1551180.0
2023-06-07,206.5,210.0,200.0,209.3,1048320.0
2023-06-08,209.4,210.0,205.1,207.65,326690.0
2023-06-09,208.8,215.0,206.35,214.95,490340.0
2023-06-13,215.6,220.85,215.0,218.85,1054630.0
2023-06-14,220.0,223.0,218.2,222.5,679990.0
2023-06-15,222.55,229.4,220.85,226.55,1253540.0
2023-06-16,229.75,241.8,227.55,237.1,3529830.0
2023-06-19,239.8,243.4,237.1,238.6,1450630.0
2023-06-20,241.85,241.85,226.35,236.0,1176310.0
2023-06-21,236.1,236.85,227.15,228.85,1308680.0
2023-06-22,232.6,232.6,228.4,229.25,685050.0
2023-06-23,228.0,231.5,221.2,228.9,1758020.0
2023-06-26,206.05,209.9,200.05,205.1,3396040.0
2023-06-27,205.5,206.8,203.0,204.35,839080.0
2023-06-28,204.1,205.5,201.0,204.0,983690.0
2023-06-29,203.9,204.5,195.05,198.65,997470.0
2023-06-30,198.5,202.05,197.15,198.0,468950.0
2023-07-03,196.7,198.25,194.0,194.0,492090.0
2023-07-04,195.45,203.65,190.95,202.5,1230010.0
2023-07-05,203.4,203.4,198.3,198.8,360610.0
2023-07-06,199.75,201.95,198.55,200.0,172040.0
2023-07-07,200.85,200.85,198.6,199.95,114730.0
2023-07-10,199.5,205.0,199.5,202.6,521700.0
2023-07-11,203.7,205.0,196.55,203.85,357890.0
2023-07-12,203.85,209.7,203.2,208.55,514970.0
2023-07-13,210.95,211.95,203.5,205.05,675140.0
2023-07-14,205.05,208.0,203.65,205.6,330640.0
2023-07-17,204.45,206.5,203.85,205.05,250240.0
2023-07-18,205.05,211.6,204.15,209.2,1031760.0
2023-07-19,210.65,216.95,205.25,214.0,2249670.0
2023-07-20,214.95,214.95,206.85,210.2,528070.0
2023-07-21,210.0,211.0,206.2,209.2,250170.0
2023-07-24,209.3,214.85,208.05,212.2,423620.0
2023-07-25,213.95,214.85,211.0,212.7,287680.0
2023-07-26,212.7,213.4,207.0,210.4,429410.0
2023-07-27,210.4,211.4,206.25,208.85,388460.0
2023-07-28,209.5,213.4,208.1,210.0,525280.0
2023-07-31,211.35,213.15,210.5,212.4,430970.0
2023-08-01,213.05,214.0,211.05,212.55,339930.0
2023-08-02,212.7,216.7,207.0,213.45,1055430.0
2023-08-03,213.45,216.0,213.4,214.1,311780.0
2023-08-04,215.0,218.1,197.0,209.15,961080.0
2023-08-07,211.95,220.7,211.0,214.15,1193290.0
2023-08-08,218.95,226.15,209.85,224.75,3268330.0
2023-08-09,224.95,227.9,220.2,223.85,1626550.0
2023-08-10,224.75,231.0,222.05,223.15,2212480.0
2023-08-11,224.95,224.95,217.05,217.7,599260.0
2023-08-14,219.0,221.45,205.0,208.95,863190.0
2023-08-15,208.2,212.9,200.05,209.25,715650.0
2023-08-16,209.25,209.25,197.5,201.6,1247780.0
2023-08-17,203.0,203.2,199.7,201.95,243950.0
2023-08-18,202.6,204.4,201.75,204.35,218330.0
2023-08-21,206.85,214.8,205.55,213.2,685750.0
2023-08-22,214.0,218.0,212.1,214.55,753730.0
2023-08-23,214.85,215.7,205.05,209.9,490990.0
2023-08-24,210.0,211.4,207.65,209.35,187970.0
2023-08-25,210.85,213.95,209.4,210.05,405210.0
2023-08-28,210.95,211.95,207.95,209.35,270520.0
2023-08-29,210.25,211.45,208.4,209.4,382060.0
2023-08-30,210.05,211.4,203.6,207.7,385210.0
2023-08-31,207.75,209.75,206.6,208.05,314040.0
2023-09-01,207.8,209.05,207.5,207.75,158010.0
2023-09-04,208.0,212.35,207.85,210.0,416770.0
2023-09-05,211.0,218.0,210.05,214.1,1319170.0
2023-09-06,217.2,217.2,213.0,214.75,451010.0
2023-09-07,215.3,216.0,202.2,207.25,810090.0
2023-09-08,207.65,212.0,202.8,204.85,327230.0
2023-09-11,205.65,206.0,200.0,202.25,336050.0
2023-09-12,202.7,211.0,202.25,207.8,607100.0
2023-09-13,208.95,210.35,206.55,206.9,276750.0
2023-09-14,208.15,208.15,195.2,202.8,662700.0
2023-09-15,202.7,207.55,200.65,205.25,208540.0
2023-09-18,206.35,206.85,201.15,203.6,205410.0
2023-09-19,203.95,204.8,198.45,199.35,260170.0
2023-09-20,199.85,202.8,194.0,199.85,400030.0
2023-09-21,199.05,202.0,196.4,197.5,202440.0
2023-09-22,198.75,200.0,195.65,199.45,165450.0
2023-09-25,199.45,202.0,198.85,199.3,163600.0
2023-09-26,200.8,200.8,197.05,199.4,67050.0
2023-09-27,199.4,201.75,197.5,200.1,143730.0
2023-09-28,200.0,201.9,198.6,201.3,125230.0
2023-09-29,202.0,202.8,199.55,200.45,76070.0
2023-10-02,200.65,201.65,197.55,197.9,184830.0
2023-10-03,197.85,199.95,195.0,198.3,189170.0
2023-10-04,198.8,201.85,198.6,199.3,167630.0
2023-10-05,200.85,206.8,199.5,203.1,645360.0
2023-10-06,203.7,203.95,196.8,199.3,195770.0
2023-10-09,200.1,200.9,194.0,198.95,176910.0
2023-10-10,199.25,201.1,198.1,199.1,158720.0
2023-10-11,200.0,205.0,198.15,200.15,280150.0
2023-10-12,197.45,201.35,194.7,199.45,136860.0
2023-10-13,200.0,200.0,197.55,198.7,109290.0
2023-10-16,199.05,200.25,198.2,199.3,129650.0
2023-10-17,199.95,201.0,199.35,200.0,92570.0
2023-10-18,200.1,204.2,199.0,199.8,196040.0
2023-10-19,200.6,200.9,199.5,200.0,82720.0
2023-10-20,200.25,200.5,199.05,199.45,67120.0
2023-10-23,200.4,203.5,199.5,201.25,180620.0
2023-10-24,201.9,204.95,199.65,204.15,361260.0
2023-10-25,205.35,212.85,205.1,210.3,875440.0
2023-10-26,210.75,211.75,206.2,206.35,369810.0
2023-10-27,206.3,208.45,202.15,206.45,315920.0
2023-10-30,207.2,209.25,206.05,206.75,209450.0
2023-10-31,206.75,209.8,204.15,207.2,293930.0
2023-11-01,207.35,208.7,205.45,206.8,131420.0
2023-11-02,207.4,213.0,207.05,210.5,1171550.0
2023-11-03,210.5,212.95,203.35,206.5,323160.0
2023-11-06,207.15,209.0,201.35,204.65,306230.0
2023-11-07,205.5,205.95,203.3,204.55,119660.0
2023-11-08,204.8,204.8,202.3,202.35,121020.0
2023-11-09,202.55,202.8,200.05,200.3,204060.0
2023-11-10,200.65,201.6,198.15,200.45,179380.0
2023-11-13,200.6,202.85,199.5,200.7,159250.0
2023-11-14,200.7,204.5,197.05,198.9,589780.0
2023-11-15,199.0,199.95,188.05,198.7,709900.0
2023-11-16,198.7,202.0,197.05,198.2,238340.0
2023-11-17,198.2,198.2,195.05,196.45,163720.0
2023-11-20,196.7,198.1,195.35,197.8,89460.0
2023-11-21,197.8,197.95,196.5,197.25,70780.0
2023-11-22,197.2,199.75,196.5,196.65,79900.0
2023-11-23,197.55,197.55,195.1,195.3,81280.0
2023-11-24,196.0,199.7,195.15,197.3,173690.0
2023-11-27,197.9,198.2,193.05,193.5,193340.0
2023-11-28,194.35,197.9,189.0,195.5,503050.0
2023-11-29,195.65,196.45,191.0,191.25,127520.0
2023-11-30,191.25,191.7,188.0,189.95,205080.0
2023-12-01,190.0,190.85,187.6,188.65,113020.0
2023-12-04,188.75,188.75,181.1,183.2,223360.0
2023-12-05,184.0,184.65,176.2,184.1,381760.0
2023-12-06,184.65,187.15,180.75,181.75,137460.0
2023-12-07,181.8,182.75,177.05,181.3,169730.0
2023-12-08,181.55,186.4,181.4,181.95,76950.0
2023-12-11,181.9,181.95,178.6,179.3,121350.0
2023-12-12,179.2,183.05,176.05,179.6,190580.0
2023-12-13,179.5,181.5,176.4,180.0,140870.0
2023-12-14,181.35,182.0,179.05,179.8,78540.0
2023-12-15,179.8,183.05,178.0,182.5,127200.0
2023-12-18,183.55,189.5,182.65,189.05,144180.0
2023-12-19,189.2,193.35,187.2,189.55,115860.0
2023-12-20,188.85,191.9,187.95,191.2,155550.0
2023-12-21,191.15,191.15,184.0,186.6,167470.0
2023-12-22,186.6,193.35,186.35,189.55,103170.0
2023-12-25,189.55,193.6,186.1,187.5,116280.0
2023-12-26,187.35,187.75,184.0,185.8,115790.0
2023-12-27,185.45,191.75,184.3,187.1,310550.0
2023-12-28,187.65,191.45,186.0,187.4,188940.0
2023-12-29,188.2,188.85,187.55,187.95,108450.0
2024-01-03,188.5,189.85,187.4,189.15,69330.0
2024-01-04,189.3,191.8,188.85,190.95,110380.0
2024-01-05,191.5,194.25,190.5,192.5,220330.0
2024-01-08,193.2,196.95,192.5,194.4,150080.0
2024-01-09,195.0,206.95,194.3,204.6,643980.0
2024-01-10,204.5,205.4,201.5,204.4,205080.0
2024-01-11,202.4,204.25,200.3,200.8,98240.0
2024-01-12,201.0,209.0,200.2,208.45,405210.0
2024-01-15,208.45,208.95,205.4,205.95,176680.0
2024-01-16,205.8,205.9,203.0,205.7,111130.0
2024-01-17,205.7,206.4,204.15,205.1,74810.0
2024-01-18,205.6,208.7,205.25,206.6,163860.0
2024-01-19,206.75,206.75,204.9,205.4,100180.0
2024-01-22,205.4,206.7,205.05,205.2,75750.0
2024-01-23,205.1,206.45,204.75,205.15,123160.0
2024-01-24,206.0,210.9,205.45,208.25,419470.0
2024-01-25,208.0,210.05,206.55,207.15,189600.0
2024-01-26,207.15,209.3,206.8,207.6,112360.0
2024-01-29,208.75,209.75,207.9,208.45,109760.0
2024-01-30,208.7,209.85,207.0,207.5,122940.0
2024-01-31,207.3,207.65,205.15,206.35,123260.0
2024-02-01,206.55,207.85,205.55,206.9,116660.0
2024-02-02,207.35,207.5,206.0,206.25,61550.0
2024-02-05,206.7,208.3,205.6,207.75,131820.0
2024-02-06,207.95,208.55,206.3,207.3,70090.0
2024-02-07,207.25,209.25,207.05,207.5,110610.0
2024-02-08,207.5,208.95,206.7,207.25,122230.0
2024-02-09,207.2,207.25,206.0,206.55,98790.0
2024-02-12,206.7,207.75,205.85,207.1,135060.0
2024-02-13,207.55,210.0,207.0,210.0,299680.0
2024-02-14,209.85,213.9,209.75,212.7,475590.0
2024-02-15,212.75,213.3,210.55,211.65,158930.0
2024-02-16,212.0,212.0,201.0,201.5,665460.0
2024-02-19,204.0,204.6,202.25,202.9,225600.0
2024-02-20,202.85,203.05,201.2,201.6,139190.0
2024-02-21,201.0,201.0,194.2,197.95,270460.0
2024-02-22,198.95,200.3,197.75,198.6,84130.0
2024-02-26,202.95,204.75,200.95,202.4,141140.0
2024-02-27,203.2,203.8,201.0,201.45,69190.0
2024-02-28,201.45,203.0,199.9,200.7,117360.0
2024-02-29,200.7,200.8,198.45,200.8,107170.0
2024-03-01,200.95,202.35,200.35,201.0,121890.0
2024-03-04,201.95,205.8,201.0,204.25,275040.0
2024-03-05,204.9,205.95,202.05,204.75,135000.0
2024-03-06,204.8,204.9,203.0,203.0,82120.0
2024-03-07,203.0,204.45,201.0,201.7,81650.0
2024-03-11,202.7,205.25,202.0,203.05,130070.0
2024-03-12,203.3,205.2,201.6,204.05,132720.0
2024-03-13,204.0,204.35,202.4,202.5,92890.0
2024-03-14,202.4,202.8,200.35,202.4,121670.0
2024-03-15,202.0,203.15,200.2,201.5,87180.0
2024-03-18,203.1,203.6,196.2,197.0,612260.0
2024-03-19,195.5,197.6,191.7,193.4,694920.0
2024-03-20,194.0,194.95,189.7,191.0,482420.0
2024-03-21,191.75,192.5,190.1,191.9,258650.0
2024-03-22,192.45,198.6,191.35,191.95,477540.0
2024-03-25,192.5,193.7,190.2,193.45,119760.0
2024-03-26,193.6,196.75,193.3,195.4,224600.0
2024-03-27,195.75,196.35,194.05,194.1,89540.0
2024-03-28,194.8,196.15,193.8,196.1,81640.0
2024-03-29,196.3,196.65,194.8,195.35,122260.0
2024-04-01,195.0,197.65,195.0,196.55,171160.0
2024-04-02,196.95,199.95,195.2,199.05,252750.0
2024-04-03,199.3,199.6,197.6,198.5,125030.0
2024-04-04,198.5,199.3,197.6,198.6,125220.0
2024-04-05,198.0,198.95,195.4,197.3,101650.0
2024-04-08,198.5,200.4,197.75,199.85,127220.0
2024-04-09,199.9,200.6,195.5,196.6,221940.0
2024-04-10,196.6,198.95,195.8,198.6,105530.0
2024-04-11,198.8,199.0,197.0,198.05,94630.0
2024-04-12,198.05,198.75,197.2,197.5,71340.0
2024-04-15,197.6,198.15,196.55,197.75,96710.0
2024-04-16,198.1,202.8,197.6,201.05,394890.0
2024-04-17,201.65,204.7,200.1,204.0,257650.0
2024-04-18,204.05,204.4,200.05,203.95,180020.0
2024-04-19,204.6,204.95,202.0,203.35,181870.0
2024-04-22,204.9,205.15,201.0,201.65,139280.0
2024-04-23,201.65,203.15,200.25,200.55,124980.0
2024-04-24,201.1,201.1,198.05,199.45,156460.0
2024-04-25,200.7,201.4,199.15,200.3,70670.0
2024-04-26,200.1,201.0,197.1,200.6,189900.0
2024-04-27,200.65,202.45,199.5,202.35,125020.0
2024-04-29,202.4,203.6,201.15,201.45,99430.0
2024-04-30,201.75,202.85,201.25,201.55,77740.0
2024-05-02,201.45,205.7,201.3,204.75,356080.0
2024-05-03,205.0,208.0,204.95,206.4,355170.0
2024-05-06,207.2,218.3,207.2,216.55,1181780.0
2024-05-07,218.6,220.9,214.2,217.0,834050.0
2024-05-08,217.5,217.85,212.5,214.85,405020.0
2024-05-10,215.1,215.9,212.8,213.45,173740.0
2024-05-13,213.95,218.25,213.95,216.4,306920.0
2024-05-14,216.75,222.0,216.0,217.95,913100.0
2024-05-15,217.25,219.5,215.05,216.6,281040.0
2024-05-16,217.05,217.5,213.1,217.2,296130.0
2024-05-17,217.2,219.35,203.75,214.6,1550150.0
2024-05-20,214.45,216.9,208.0,209.1,947390.0
2024-05-21,209.85,211.55,207.5,210.25,359680.0
2024-05-22,211.55,219.9,210.6,219.0,687810.0
2024-05-23,218.85,224.95,218.2,224.0,786500.0
2024-05-24,223.85,224.7,215.15,220.4,570540.0
2024-05-27,221.0,223.8,215.15,216.65,322850.0
2024-05-28,217.0,222.65,214.45,220.85,424620.0
2024-05-29,221.0,227.15,217.8,223.0,676400.0
2024-05-30,223.4,226.0,219.15,220.0,259980.0
2024-05-31,218.45,222.9,214.45,217.5,598830.0
2024-06-03,220.0,226.85,213.15,220.7,604500.0
2024-06-04,221.0,226.3,220.6,225.65,443330.0
2024-06-05,226.0,227.0,223.0,225.55,255620.0
2024-06-06,225.6,225.95,221.8,225.95,245650.0
2024-06-07,224.65,231.0,224.65,230.8,531930.0
2024-06-10,231.85,232.4,225.0,227.45,353420.0
2024-06-11,227.1,231.0,222.0,227.0,277450.0
2024-06-13,222.3,226.75,217.5,226.0,297720.0
2024-06-14,225.95,231.0,225.95,229.45,386420.0
2024-06-17,229.5,230.1,225.0,226.4,156890.0
2024-06-18,225.75,227.8,220.15,221.3,224200.0
2024-06-19,219.4,222.8,216.0,216.85,413470.0
2024-06-20,216.85,221.35,214.2,218.7,338360.0
2024-06-21,218.95,220.0,217.05,217.6,155660.0
2024-06-24,218.5,224.0,217.0,222.75,379920.0
2024-06-25,223.0,225.0,221.85,223.6,320830.0
2024-06-26,224.55,226.0,223.55,224.3,300990.0
2024-06-27,224.05,224.95,218.0,220.3,259030.0
2024-06-28,221.05,223.0,216.35,221.05,648100.0
2024-07-01,221.05,221.7,218.1,218.5,1319340.0
2024-07-02,196.65,208.6,193.5,205.75,3531360.0
2024-07-03,206.1,215.05,205.75,211.6,1580560.0
2024-07-04,210.25,213.4,206.05,206.85,781410.0
2024-07-05,206.8,210.35,205.1,208.2,480320.0
2024-07-08,208.3,208.85,205.3,206.4,222790.0
2024-07-09,205.7,207.0,201.25,201.6,438350.0
2024-07-10,201.05,202.95,197.4,199.4,346280.0
2024-07-11,199.4,205.35,199.4,204.7,274270.0
2024-07-12,207.25,209.35,205.1,208.65,123320.0
2024-07-15,208.65,209.15,200.35,200.55,170220.0
2024-07-16,201.5,209.0,197.65,205.35,325850.0
2024-07-17,205.5,207.95,202.65,203.15,142890.0
2024-07-18,203.3,205.95,201.5,205.0,131370.0
2024-07-19,205.65,207.2,203.5,204.4,188250.0
2024-07-22,204.6,205.7,202.4,202.75,148450.0
2024-07-23,202.75,204.1,201.0,201.1,119840.0
2024-07-24,201.05,206.8,200.55,205.35,246850.0
2024-07-25,205.0,212.85,202.25,212.6,460240.0
2024-07-26,212.4,215.0,204.5,207.7,463070.0
2024-07-29,208.0,208.0,200.65,203.3,295380.0
2024-07-30,203.2,208.8,200.75,208.55,200890.0
2024-07-31,207.8,210.7,207.2,210.3,110040.0
2024-08-01,210.3,213.7,210.3,211.95,96880.0
2024-08-02,210.85,211.3,207.0,210.55,161030.0
2024-08-05,208.4,209.4,203.0,206.9,260520.0
2024-08-06,206.4,210.3,206.4,209.35,76440.0
2024-08-07,209.45,212.0,206.65,211.35,138140.0
2024-08-08,211.35,212.1,209.1,209.75,90560.0
2024-08-09,214.2,221.0,213.6,218.85,1370930.0
2024-08-12,218.15,219.9,216.75,218.9,341940.0
2024-08-13,219.0,228.0,218.1,227.55,669570.0
2024-08-14,227.0,234.0,221.35,222.0,254100.0
2024-08-15,222.0,224.95,220.3,223.75,227180.0
2024-08-16,223.95,226.5,220.6,220.95,131530.0
2024-08-19,220.15,221.35,212.5,214.6,169600.0
2024-08-20,215.15,218.5,206.45,208.0,1047590.0
2024-08-21,208.2,212.0,204.2,209.5,914960.0
2024-08-22,211.0,212.3,200.5,204.25,2331940.0
2024-08-23,205.2,207.5,199.25,200.25,815170.0
2024-08-26,203.55,212.8,201.0,201.65,638560.0
2024-08-27,205.7,206.0,196.55,199.8,833170.0
2024-08-28,199.8,200.95,194.0,196.5,852980.0
2024-08-29,196.05,197.75,190.2,192.5,646150.0
2024-08-30,192.75,193.6,184.9,185.1,821090.0
2024-09-02,185.1,188.4,180.0,181.5,1151770.0
2024-09-03,182.1,187.9,181.65,182.5,384910.0
2024-09-04,182.75,192.9,182.6,192.3,410380.0
2024-09-05,194.0,203.65,192.05,193.75,626330.0
2024-09-06,196.0,196.0,190.4,191.3,278470.0
2024-09-09,192.35,202.7,191.6,198.1,420670.0
2024-09-10,201.3,202.9,192.55,194.8,222610.0
2024-09-11,194.8,197.15,192.0,195.0,96330.0
2024-09-12,193.05,193.1,188.15,189.9,170090.0
2024-09-13,189.75,196.0,185.0,193.25,413330.0
2024-09-16,195.9,198.0,193.65,197.0,213550.0
2024-09-17,197.8,199.85,194.4,197.0,181630.0
2024-09-18,197.35,198.8,194.8,195.1,184290.0
2024-09-19,195.3,197.05,191.45,194.75,236570.0
2024-09-20,194.75,198.7,194.1,197.6,163190.0
2024-09-23,198.0,200.45,197.8,200.05,166230.0
2024-09-24,200.7,202.75,194.75,196.9,185220.0
2024-09-25,199.05,199.7,192.5,194.7,218960.0
2024-09-26,195.25,195.75,191.5,192.55,217980.0
2024-09-27,193.85,194.6,192.85,193.85,138770.0
2024-09-30,194.95,195.95,194.0,194.8,165780.0
2024-10-01,194.85,196.15,192.4,193.75,162340.0
2024-10-02,195.1,203.0,194.4,196.85,741220.0
2024-10-03,197.95,202.0,196.0,199.8,226900.0
2024-10-04,199.8,201.35,198.85,200.25,144070.0
2024-10-07,199.0,203.8,197.0,198.1,239330.0
2024-10-08,198.1,199.65,196.2,198.4,105290.0
2024-10-09,198.0,198.35,195.0,195.55,94530.0
2024-10-10,196.1,198.15,195.65,195.65,64030.0
2024-10-11,196.0,196.65,193.65,195.25,143500.0
2024-10-14,195.65,198.95,193.3,197.3,124310.0
2024-10-15,197.85,200.0,197.3,199.9,89070.0
2024-10-16,199.9,202.5,198.6,199.65,109370.0
2024-10-17,198.4,201.85,198.4,198.8,69270.0
2024-10-18,200.0,200.0,196.25,197.15,81310.0
2024-10-21,197.9,198.55,196.5,196.8,58590.0
2024-10-22,196.8,197.1,194.0,194.6,88790.0
2024-10-23,193.55,196.05,193.5,193.7,117900.0
2024-10-24,193.2,198.0,193.1,196.15,102340.0
2024-10-25,196.25,198.1,191.95,193.6,305490.0
2024-10-28,192.95,193.45,187.0,188.5,231830.0
2024-10-29,188.45,191.7,188.0,190.9,153850.0
2024-10-30,191.0,195.95,190.3,195.2,169610.0
2024-10-31,193.5,194.35,191.6,191.7,70950.0
2024-11-01,192.15,193.5,185.2,190.15,363300.0
2024-11-02,191.05,191.95,190.05,190.6,40790.0
2024-11-05,191.75,196.65,191.4,194.3,145060.0
2024-11-06,196.1,199.15,195.35,198.0,260650.0
2024-11-07,197.5,204.0,196.35,201.95,193740.0
2024-11-08,204.3,208.0,202.9,206.15,565710.0
2024-11-11,206.95,209.7,201.3,205.5,464670.0
2024-11-12,205.5,206.35,200.25,201.35,221170.0
2024-11-13,200.6,202.2,198.0,199.7,238150.0
2024-11-14,198.85,199.7,196.1,196.2,143500.0
2024-11-15,196.45,197.7,194.3,197.15,213740.0
2024-11-18,196.85,201.35,194.3,199.9,204500.0
2024-11-19,199.3,199.55,192.9,194.3,242940.0
2024-11-20,195.0,196.8,191.15,192.65,143010.0
2024-11-21,193.45,194.5,190.65,191.55,130650.0
2024-11-22,192.65,194.4,192.1,193.05,97810.0
2024-11-25,192.0,192.95,189.15,190.7,147150.0
2024-11-26,190.15,192.4,187.3,187.85,199640.0
2024-11-27,187.85,191.0,184.0,186.85,299310.0
2024-11-28,190.35,191.0,184.25,185.15,228260.0
2024-11-29,186.85,189.35,185.8,187.85,131420.0
2024-12-02,188.8,191.45,188.4,191.25,113510.0
2024-12-03,192.0,192.45,183.1,186.85,179640.0
2024-12-04,187.65,190.85,186.1,187.0,77500.0
2024-12-05,187.4,189.8,185.05,189.1,120590.0
2024-12-06,189.1,189.8,187.0,188.55,107570.0
2024-12-09,188.7,193.25,188.7,192.0,145010.0
2024-12-10,191.8,196.8,189.0,190.4,140160.0
2024-12-11,191.0,191.55,185.1,186.05,105500.0
2024-12-12,189.1,190.2,186.05,186.45,66040.0
2024-12-13,186.45,193.0,185.0,190.95,262650.0
2024-12-16,190.9,192.5,187.05,188.2,180840.0
2024-12-17,188.25,193.0,186.3,188.0,202320.0
2024-12-18,188.5,191.75,187.5,190.35,113140.0
2024-12-19,190.4,194.95,190.0,191.85,295130.0
2024-12-20,191.85,204.35,191.65,202.25,491800.0
2024-12-23,202.35,207.0,197.55,199.05,263550.0
2024-12-24,199.95,206.5,198.25,201.35,243190.0
2024-12-25,201.35,205.5,200.4,203.5,304630.0
2024-12-26,203.95,207.0,203.75,205.9,249130.0
2024-12-27,205.9,209.2,205.45,208.5,195240.0
2024-12-28,208.35,212.45,208.0,211.15,125400.0
2024-12-30,212.85,218.8,211.15,214.15,204720.0
2025-01-03,214.7,214.95,211.0,211.7,67420.0
2025-01-06,210.3,211.1,208.5,209.5,71890.0
2025-01-08,209.5,215.45,208.75,213.45,111790.0
2025-01-09,214.0,215.3,209.05,210.65,136230.0
2025-01-10,210.45,218.0,210.0,216.95,146790.0
2025-01-13,216.95,219.65,212.7,215.6,187850.0
2025-01-14,215.5,215.5,212.0,214.4,134370.0
2025-01-15,214.5,215.5,211.0,213.7,90040.0
2025-01-16,215.2,219.3,214.5,218.2,198440.0
2025-01-17,218.1,220.0,210.75,217.75,218190.0
2025-01-20,218.4,220.1,212.3,217.0,198560.0
2025-01-21,215.75,223.8,215.05,217.4,218960.0
2025-01-22,217.45,221.3,217.1,219.2,94890.0
2025-01-23,218.2,220.7,216.2,219.75,153830.0
2025-01-24,221.75,224.85,220.1,223.05,176300.0
2025-01-27,218.6,223.9,218.0,220.25,133450.0
2025-01-28,219.8,220.4,216.6,220.25,194340.0
2025-01-29,220.3,221.55,217.0,217.6,120710.0
2025-01-30,218.55,219.25,216.55,218.1,100180.0
2025-01-31,219.25,219.5,216.0,216.95,111420.0
2025-02-03,216.5,216.5,214.35,215.55,115390.0
2025-02-04,216.4,216.95,212.85,213.7,179560.0
2025-02-05,213.7,214.05,209.3,209.35,187030.0
2025-02-06,212.4,214.65,211.15,212.0,169430.0
2025-02-07,214.2,214.3,212.5,213.8,89650.0
2025-02-10,214.6,216.2,212.55,213.9,181300.0
2025-02-11,214.2,214.3,210.8,211.7,179190.0
2025-02-12,214.6,214.7,209.4,209.95,308300.0
2025-02-13,222.1,222.45,213.5,214.9,547740.0
2025-02-14,218.0,218.8,205.5,210.0,1035280.0
2025-02-17,210.0,211.65,206.15,210.05,669420.0
2025-02-18,209.95,212.4,206.9,208.6,352190.0
2025-02-19,208.7,210.55,206.95,208.95,166330.0
2025-02-20,209.75,211.0,207.1,209.9,304920.0
2025-02-21,210.8,210.8,207.75,208.5,354100.0
2025-02-24,209.6,213.2,208.8,211.55,447130.0
2025-02-25,213.0,215.2,209.0,210.0,711080.0
2025-02-26,211.7,211.8,206.55,208.35,387420.0
2025-02-27,207.6,208.35,203.25,204.0,501470.0
2025-02-28,204.35,204.5,201.4,203.45,367720.0
2025-03-03,203.45,204.9,201.95,203.0,178910.0
2025-03-04,204.2,208.25,203.1,204.2,221820.0
2025-03-05,205.0,206.95,203.45,204.45,168930.0
2025-03-06,205.2,205.2,203.1,204.0,132300.0
2025-03-07,204.05,205.7,203.8,203.85,137880.0
2025-03-10,205.9,206.75,203.5,204.15,98240.0
2025-03-11,203.85,205.65,202.1,203.8,112180.0
2025-03-12,203.8,206.95,203.3,205.0,178600.0
2025-03-13,204.0,204.9,200.2,202.0,201970.0
2025-03-14,203.0,204.5,201.5,204.5,141710.0
2025-03-17,206.15,208.0,203.05,207.15,294730.0
2025-03-18,208.4,209.2,206.2,206.25,129890.0
2025-03-19,206.5,209.4,204.6,209.4,192730.0
2025-03-20,209.45,211.45,209.1,210.2,230100.0
2025-03-21,209.5,210.7,203.4,206.65,1356410.0
2025-03-24,207.25,209.05,205.5,207.4,196720.0
2025-03-25,207.0,208.25,204.2,206.0,213360.0
2025-03-26,206.7,209.4,206.0,206.8,210120.0
2025-03-27,205.9,205.95,203.8,204.35,187310.0
2025-03-28,203.5,204.0,200.55,202.7,260740.0
2025-03-31,202.4,205.7,200.45,204.5,229320.0
2025-04-01,204.6,207.4,204.6,206.05,231600.0
2025-04-02,206.05,206.05,204.15,205.35,160680.0
2025-04-03,205.35,206.6,201.1,201.5,191260.0
2025-04-04,203.25,203.55,195.0,198.0,339030.0
2025-04-07,188.05,200.95,187.05,198.5,386170.0
2025-04-08,199.45,201.05,198.95,199.45,65910.0
2025-04-09,199.45,199.45,192.85,197.4,238330.0
2025-04-10,201.95,205.3,198.9,200.2,327000.0
2025-04-11,204.6,204.6,202.45,203.75,82870.0
2025-04-14,204.0,206.15,202.65,203.35,86330.0
2025-04-15,204.3,204.45,201.55,203.45,96410.0
2025-04-16,203.55,205.9,203.05,205.75,47860.0
2025-04-17,205.75,206.85,204.65,205.9,78450.0
2025-04-18,205.8,206.8,204.1,205.6,61070.0
2025-04-21,206.75,208.5,205.65,207.2,85080.0
2025-04-22,207.2,208.7,206.1,207.05,65050.0
2025-04-23,206.0,207.25,205.0,205.65,73280.0
2025-04-24,205.7,206.9,205.4,205.9,32350.0
2025-04-25,206.0,208.2,206.0,208.0,75000.0
2025-04-28,207.8,210.3,206.75,206.8,159920.0
2025-04-29,207.05,207.55,205.2,205.25,77010.0
2025-04-30,205.15,208.0,202.05,207.3,145960.0
2025-05-02,206.4,207.3,205.0,205.1,44280.0
2025-05-05,205.45,205.9,204.0,204.1,79980.0
2025-05-06,205.05,207.0,205.05,206.45,82890.0
2025-05-07,206.5,208.45,204.7,207.05,49370.0
2025-05-08,207.05,208.0,206.2,207.15,28960.0
2025-05-12,208.5,209.95,207.5,208.1,76190.0
2025-05-13,208.5,214.8,208.05,212.9,443820.0
2025-05-14,212.95,213.5,211.05,212.1,92030.0
2025-05-15,212.1,213.5,208.85,209.1,118660.0
2025-05-16,209.25,213.45,207.05,210.9,190910.0
2025-05-19,212.5,214.2,211.85,214.2,158400.0
2025-05-20,214.7,217.5,213.65,216.1,204680.0
2025-05-21,214.75,217.0,214.0,214.0,88880.0
2025-05-22,213.55,215.25,211.65,214.7,83660.0
2025-05-23,214.7,218.0,212.9,217.9,118140.0
2025-05-26,216.6,220.2,214.3,215.0,254640.0
2025-05-27,215.7,219.0,212.5,214.85,120050.0
2025-05-28,215.45,217.95,215.25,216.35,81090.0
2025-05-29,217.55,228.0,216.25,218.65,257120.0
2025-05-30,219.05,219.15,216.65,218.1,93930.0
2025-06-02,217.75,220.0,217.0,219.95,73790.0
2025-06-03,220.2,222.0,218.45,219.8,100870.0
2025-06-04,219.55,219.9,219.15,219.55,101260.0
2025-06-05,219.9,223.0,219.9,221.75,114210.0
2025-06-06,221.75,226.7,221.4,221.95,243500.0
2025-06-07,223.35,224.0,222.55,223.55,5600.0
2025-06-08,223.95,223.95,222.5,223.05,7980.0
2025-06-09,223.55,227.0,221.65,225.15,182600.0
2025-06-10,225.8,226.75,221.75,224.5,107730.0
2025-06-11,225.85,228.0,222.55,227.85,130470.0
2025-06-13,227.7,229.0,226.9,227.45,62280.0
2025-06-14,228.45,228.45,227.5,227.8,17350.0
2025-06-15,227.85,228.55,225.05,227.85,26800.0
2025-06-16,228.0,228.8,226.5,227.05,134990.0
2025-06-17,227.1,228.5,226.2,227.5,74670.0
2025-06-18,227.5,229.5,227.2,229.05,156540.0
2025-06-19,229.65,231.4,228.05,229.9,210280.0
2025-06-20,229.9,232.0,229.05,230.85,198220.0
2025-06-23,230.5,231.85,230.05,231.2,114530.0
2025-06-24,231.1,231.8,228.5,229.7,158590.0
2025-06-25,229.55,231.0,228.7,229.65,117520.0
2025-06-26,229.9,230.45,229.25,229.65,109810.0
2025-06-27,229.65,230.25,229.05,229.45,109790.0
2025-06-28,230.15,231.0,229.45,230.15,26040.0
2025-06-29,230.15,231.0,229.25,230.8,23960.0
2025-06-30,230.95,235.0,230.65,234.95,444680.0
2025-07-01,235.0,239.0,234.3,236.55,640600.0
2025-07-02,233.7,249.2,233.7,245.0,1223930.0
2025-07-03,222.6,229.0,216.05,217.3,1640630.0
2025-07-04,217.3,218.95,211.0,216.05,408210.0
2025-07-05,216.95,216.95,215.15,216.0,18500.0
2025-07-06,216.7,217.95,216.25,217.3,16390.0
2025-07-07,217.4,217.8,212.25,212.9,293250.0
2025-07-08,213.3,216.95,208.6,213.5,416160.0
2025-07-09,212.75,216.15,210.95,214.0,202930.0
2025-07-10,214.55,216.15,211.1,211.25,234140.0
2025-07-11,212.85,213.4,207.7,208.0,217530.0
2025-07-12,208.5,211.3,208.5,210.1,16980.0
2025-07-13,210.9,211.0,209.4,210.05,13230.0
2025-07-14,210.15,215.85,205.7,215.7,242070.0
2025-07-15,214.9,220.45,214.8,218.0,210210.0
2025-07-16,218.0,220.4,217.5,219.85,206270.0
2025-07-17,220.0,226.4,219.6,226.0,349860.0
2025-07-18,224.5,228.0,224.5,227.6,269850.0
2025-07-19,228.05,231.0,228.0,230.55,49140.0
2025-07-20,230.15,231.8,229.9,230.45,12860.0
2025-07-21,230.5,231.85,227.8,229.35,210210.0
2025-07-22,229.1,229.85,224.25,229.75,154110.0
2025-07-23,229.85,229.9,226.65,227.2,105170.0
2025-07-24,227.95,228.3,222.7,226.55,221700.0
2025-07-25,226.85,230.55,224.8,230.55,227260.0
2025-07-26,230.55,233.2,229.7,232.5,30700.0
2025-07-27,232.5,235.8,231.5,232.4,43300.0
2025-07-28,232.7,234.55,231.25,231.8,449870.0
2025-07-29,231.85,237.35,230.65,236.55,308650.0
2025-07-30,236.95,236.95,231.1,234.5,164040.0
2025-07-31,234.5,235.65,232.5,234.65,87210.0
2025-08-01,234.85,238.9,231.2,236.5,211590.0
2025-08-04,236.5,244.0,236.25,244.0,289010.0
2025-08-05,244.0,248.0,242.5,247.15,205750.0
2025-08-06,247.15,250.5,243.05,248.5,390930.0
2025-08-07,249.7,250.9,246.6,249.35,198140.0
2025-08-08,249.6,254.9,247.75,254.9,194870.0
2025-08-11,257.55,260.75,253.6,256.0,294070.0
2025-08-12,256.0,258.0,252.05,256.05,127170.0
2025-08-13,256.55,257.85,248.6,249.8,257390.0
2025-08-14,250.35,254.7,248.65,254.65,189940.0
2025-08-15,253.9,256.0,253.1,254.85,120150.0
2025-08-16,254.75,255.4,251.5,254.6,28830.0
2025-08-17,255.0,255.0,254.25,254.95,14980.0
2025-08-18,255.5,264.0,254.1,261.0,412950.0
2025-08-19,259.75,264.95,258.05,262.3,275620.0
2025-08-20,262.4,268.25,261.35,263.55,206390.0
2025-08-21,264.3,276.3,261.0,270.0,333630.0
2025-08-22,270.0,273.0,267.8,271.95,143210.0
2025-08-23,272.45,273.7,271.65,272.1,19130.0
2025-08-24,272.75,272.8,271.35,271.5,19380.0
2025-08-25,271.45,272.75,264.65,270.5,182550.0
2025-08-26,270.5,273.0,265.35,267.0,98360.0
2025-08-27,268.65,270.85,260.5,262.9,308890.0
2025-08-28,262.95,273.0,260.15,267.55,419710.0
2025-08-29,267.6,272.0,263.6,264.65,172330.0
2025-08-30,264.7,267.1,262.8,265.5,19550.0
2025-08-31,265.65,267.2,265.65,266.85,11850.0
2025-09-01,268.0,268.0,264.25,265.2,97940.0
2025-09-02,265.25,266.85,260.2,263.1,143740.0
2025-09-03,262.5,265.9,261.4,262.85,105200.0
2025-09-04,262.2,267.05,262.2,267.05,116530.0
2025-09-05,267.05,268.25,265.1,266.4,121120.0
2025-09-06,266.55,267.3,265.65,266.95,5810.0
2025-09-07,266.9,268.0,265.65,267.85,16050.0
2025-09-08,265.9,269.2,265.9,269.0,86720.0
2025-09-09,269.45,270.95,264.45,267.45,113890.0
2025-09-10,267.95,279.65,266.5,274.2,504510.0
2025-09-11,274.45,275.95,272.0,272.4,112490.0
2025-09-12,272.5,273.65,250.7,265.2,665230.0
2025-09-13,265.8,267.1,265.5,266.95,8490.0
2025-09-14,267.0,267.0,264.35,266.95,8750.0
2025-09-15,267.25,268.5,262.2,264.2,83390.0
2025-09-16,264.55,265.65,256.2,257.05,366830.0
2025-09-17,260.05,260.2,256.15,258.1,203760.0
2025-09-18,257.85,258.15,256.25,256.55,42850.0
2025-09-19,256.45,258.0,248.2,248.2,357280.0
2025-09-22,250.65,256.5,248.3,256.45,266030.0
2025-09-23,256.7,261.3,251.55,254.65,172660.0
2025-09-24,254.0,270.5,250.0,267.15,468270.0
2025-09-25,266.05,270.0,263.15,264.35,152700.0
2025-09-26,265.6,268.3,260.1,267.25,177850.0
2025-09-27,266.6,270.9,265.55,270.0,48330.0
2025-09-28,270.65,270.65,268.0,269.4,12710.0
2025-09-29,269.35,275.0,267.0,273.0,219930.0
2025-09-30,272.15,274.5,268.05,268.4,175210.0
2025-10-01,268.4,271.35,262.8,265.4,117160.0
2025-10-02,265.05,266.45,257.75,259.4,221570.0
2025-10-03,258.4,262.65,257.7,258.95,102110.0
2025-10-04,259.3,259.3,255.7,257.4,25650.0
2025-10-05,259.35,266.1,255.85,266.0,50320.0
2025-10-06,265.0,272.8,261.3,270.8,324170.0
2025-10-07,270.85,271.85,267.3,269.7,121600.0
2025-10-08,268.45,271.95,260.0,263.2,239050.0
2025-10-09,266.05,269.55,258.3,261.0,294540.0
2025-10-10,261.05,264.75,236.15,238.1,2094900.0
2025-10-11,239.85,239.85,232.45,232.45,127310.0
2025-10-12,232.45,232.45,232.45,232.45,48890.0
2025-10-13,221.45,238.5,206.8,225.0,2860030.0
2025-10-14,224.4,235.0,212.4,215.0,751320.0
2025-10-15,216.1,263.0,211.55,250.2,3073520.0
2025-10-16,250.25,253.35,243.2,252.15,715820.0
2025-10-17,252.2,256.05,245.5,246.55,517340.0
2025-10-18,247.95,253.65,246.85,253.4,37690.0
2025-10-19,253.7,253.85,246.15,246.6,118620.0
2025-10-20,247.35,253.4,246.2,248.95,360940.0
2025-10-21,248.8,252.45,245.5,248.4,433390.0
2025-10-22,246.6,248.4,245.55,247.0,130980.0
2025-10-23,245.7,249.4,243.3,246.2,127710.0
2025-10-24,248.4,250.0,246.2,246.95,71200.0
2025-10-27,246.0,246.85,241.5,242.15,248075.0
2025-10-28,242.1,249.9,240.1,248.4,190510.0
2025-10-29,247.8,250.5,245.25,249.75,104350.0
2025-10-30,248.95,258.2,246.3,250.0,142340.0
2025-10-31,251.05,251.45,248.1,249.25,182690.0
2025-11-01,248.15,250.1,247.0,250.0,70870.0
2025-11-03,249.75,250.65,248.4,250.2,32540.0
2025-11-05,250.15,251.8,248.0,250.0,68570.0
2025-11-06,251.75,253.3,247.35,252.45,84100.0
2025-11-07,252.5,257.45,252.45,254.0,110620.0
2025-11-08,254.7,257.5,254.2,254.65,24070.0
2025-11-09,256.75,257.35,255.8,257.3,10470.0
2025-11-10,257.4,260.65,257.3,259.4,108530.0
2025-11-11,260.65,260.7,257.95,259.8,44200.0
2025-11-12,259.75,261.0,258.05,260.65,110940.0
2025-11-13,261.0,263.9,257.0,259.2,149860.0
2025-11-14,259.8,261.6,257.0,259.45,125250.0
2025-11-15,259.55,260.3,258.35,258.85,8070.0
2025-11-16,259.35,261.45,258.15,261.45,12210.0
2025-11-17,260.0,262.15,257.0,258.1,105200.0
2025-11-18,258.9,259.45,250.15,255.0,237490.0
2025-11-19,254.25,259.2,249.95,256.5,212990.0
2025-11-20,256.5,258.6,255.15,257.9,144690.0
2025-11-21,257.3,267.2,255.35,262.7,309870.0
2025-11-24,263.3,265.8,260.6,262.45,104440.0
2025-11-25,262.05,272.0,261.5,269.0,227740.0
2025-11-26,268.95,269.0,262.0,267.0,107330.0
2025-11-27,266.9,271.7,266.0,270.5,108800.0
2025-11-28,270.5,271.95,268.2,269.85,113710.0
2025-11-29,269.85,270.2,268.65,269.8,6430.0
2025-11-30,269.0,269.9,269.0,269.8,7320.0
2025-12-01,269.0,271.9,267.85,269.25,104530.0
2025-12-02,269.0,275.5,268.7,271.0,202020.0
2025-12-03,271.2,274.0,268.75,272.6,129310.0
2025-12-04,272.25,280.0,272.2,280.0,167000.0
2025-12-05,280.0,284.5,278.5,282.45,132160.0
2025-12-08,283.45,285.9,280.05,282.8,118300.0
2025-12-09,281.65,286.0,281.65,285.5,73110.0
2025-12-10,284.05,287.6,276.6,276.95,127200.0
2025-12-11,279.95,284.9,279.35,284.7,109990.0
2025-12-12,284.1,294.7,284.05,285.9,222760.0
2025-12-13,285.6,286.85,283.5,286.3,11810.0
2025-12-14,286.5,287.3,285.1,285.8,9360.0
2025-12-15,286.25,289.5,282.75,283.0,78350.0
2025-12-16,283.05,284.0,281.7,283.4,76180.0
2025-12-17,283.05,287.95,279.05,285.5,90840.0
2025-12-18,284.1,289.6,284.0,287.8,81440.0
2025-12-19,287.8,291.65,285.25,289.8,130150.0
2025-12-20,290.0,290.2,288.35,288.8,9010.0
2025-12-21,290.0,290.35,287.75,289.25,13250.0
2025-12-22,289.6,290.2,283.45,287.1,94240.0
2025-12-23,286.35,290.5,285.05,285.4,76810.0
2025-12-24,287.0,288.95,285.3,286.5,78370.0
2025-12-25,288.05,293.0,286.65,292.75,115820.0
2025-12-26,292.65,295.45,291.35,294.15,167420.0
2025-12-27,295.35,296.0,294.2,295.2,32650.0
2025-12-28,298.0,301.0,296.8,300.8,76400.0
2025-12-29,302.45,307.45,301.2,302.5,276140.0
2025-12-30,302.5,304.95,296.6,302.15,141890.0
2026-01-05,304.4,305.0,299.2,303.7,90310.0
2026-01-06,303.85,308.9,302.9,306.6,94370.0
2026-01-08,306.7,307.95,303.0,304.75,75880.0
2026-01-09,305.15,306.35,303.1,305.15,48270.0
2026-01-12,304.95,305.15,295.0,298.05,257420.0
2026-01-13,299.8,299.8,292.3,294.05,187940.0
2026-01-14,295.4,297.3,293.0,297.2,100540.0
2026-01-15,296.0,301.0,295.55,300.25,99840.0
2026-01-16,300.25,302.0,297.7,299.0,112770.0
2026-01-17,299.95,300.6,298.7,300.25,7550.0
2026-01-18,301.1,302.7,300.3,302.7,10830.0
2026-01-19,302.15,303.25,300.05,300.95,69040.0
2026-01-20,301.25,301.8,296.65,299.45,89500.0
2026-01-21,299.45,300.35,286.1,298.0,551500.0
2026-01-22,297.4,301.9,297.4,300.95,135340.0
2026-01-23,300.8,304.45,300.8,303.5,115790.0
2026-01-24,303.5,304.5,303.2,303.9,18230.0
2026-01-25,304.0,304.0,302.6,303.05,29540.0
2026-01-26,303.5,304.95,302.25,303.1,98250.0
2026-01-27,302.5,307.75,301.2,303.95,143730.0
2026-01-28,304.75,305.0,302.0,303.6,99730.0
2026-01-29,303.95,306.4,296.8,304.15,156730.0
2026-01-30,304.15,304.75,300.85,301.95,86560.0
2026-01-31,302.8,303.75,302.25,302.9,10070.0
2026-02-01,301.3,303.95,301.15,302.7,11630.0
2026-02-02,302.6,304.5,300.35,303.95,97890.0
2026-02-03,302.75,305.7,301.6,304.05,111420.0
2026-02-04,304.0,306.2,302.0,303.8,86230.0
2026-02-05,303.75,305.25,297.35,303.75,124850.0
2026-02-06,303.15,305.95,302.0,302.9,59390.0
2026-02-07,302.95,304.9,302.7,303.7,9730.0
2026-02-08,303.55,305.0,303.0,303.6,13210.0
2026-02-09,303.3,316.0,297.1,301.5,411450.0
2026-02-10,300.05,305.0,300.0,300.4,84000.0
2026-02-11,301.05,303.75,299.1,299.15,122230.0
2026-02-12,299.35,301.25,297.2,298.75,84860.0
2026-02-13,298.75,307.5,298.1,306.9,227390.0
2026-02-16,308.75,315.45,296.1,305.95,571700.0
2026-02-17,305.65,310.0,305.55,307.95,94780.0
2026-02-18,308.7,311.4,306.1,307.5,95920.0
2026-02-19,310.0,310.6,307.2,308.6,134030.0
2026-02-20,308.5,312.9,305.7,309.85,165080.0
2026-02-21,311.05,312.0,309.45,311.7,23170.0
2026-02-22,310.75,311.95,309.55,311.85,11420.0
2026-02-23,311.5,315.45,310.85,315.0,68320.0
2026-02-24,314.2,318.3,314.2,318.3,210460.0
2026-02-25,318.3,319.5,315.05,318.25,214100.0
2026-02-26,318.3,318.95,316.0,317.8,130180.0
2026-02-27,317.5,320.0,317.2,319.55,89530.0
2026-02-28,319.95,319.95,316.2,319.1,52270.0
2026-03-01,319.1,319.25,317.7,318.6,14130.0
2026-03-02,318.6,322.55,317.4,319.85,158580.0
2026-03-03,319.2,321.35,314.0,316.1,185730.0
2026-03-04,316.1,318.5,316.1,318.2,72650.0
2026-03-05,317.25,320.3,317.25,319.0,52980.0
2026-03-06,319.35,322.0,313.0,313.8,174930.0
2026-03-09,313.8,318.95,306.2,316.05,102670.0
2026-03-10,316.2,321.45,316.0,318.55,104610.0
2026-03-11,318.3,321.95,316.0,320.55,58570.0
2026-03-12,320.55,321.95,317.65,319.25,53310.0
2026-03-13,319.25,321.0,317.7,320.95,46110.0
2026-03-14,319.0,320.95,319.0,320.95,19580.0
2026-03-15,319.15,321.95,318.05,321.6,12030.0
2026-03-16,321.0,326.0,321.0,322.65,188950.0
2026-03-17,322.6,325.95,316.0,321.3,111740.0
2026-03-18,321.35,322.45,320.55,321.55,78830.0
2026-03-19,322.55,323.0,316.55,318.3,203280.0
2026-03-20,320.05,331.95,318.35,322.6,232260.0
2026-03-23,322.6,326.6,318.35,319.7,129430.0
2026-03-24,321.3,326.1,319.35,324.8,157050.0
2026-03-25,324.25,325.5,322.7,325.4,62840.0
2026-03-26,325.0,327.0,324.3,326.15,94410.0
2026-03-27,326.15,329.35,323.1,326.0,177990.0
2026-03-28,325.45,328.0,324.9,327.75,21040.0
2026-03-29,328.0,328.15,327.05,327.95,13120.0
2026-03-30,327.35,329.75,326.6,327.9,99180.0
2026-03-31,328.45,328.45,321.8,324.0,116370.0
2026-04-01,324.1,328.75,324.0,328.4,127760.0
2026-04-02,328.45,328.75,327.55,328.4,88190.0
2026-04-03,328.4,328.75,326.4,328.75,117480.0
2026-04-04,328.45,328.75,327.3,328.75,23840.0
2026-04-05,328.75,328.75,328.0,328.75,15650.0
2026-04-06,328.6,335.6,328.1,333.85,203940.0
2026-04-07,333.55,341.5,333.5,340.0,250620.0
2026-04-08,340.0,348.0,338.8,344.0,226840.0
2026-04-09,343.05,348.45,339.0,340.95,261410.0
2026-04-10,342.65,348.15,340.6,342.95,240240.0
2026-04-11,345.0,345.0,342.15,343.15,28050.0
2026-04-12,344.75,345.0,343.35,343.95,18560.0
2026-04-13,343.25,348.2,339.05,340.6,186530.0
2026-04-14,340.6,341.45,334.35,336.55,281380.0
2026-04-15,337.75,345.0,336.25,344.9,114730.0
2026-04-16,342.7,345.9,342.0,343.95,100220.0
2026-04-17,343.95,344.55,340.9,342.25,56640.0
2026-04-18,344.2,344.5,341.6,343.35,21250.0
2026-04-19,342.3,344.6,342.3,344.0,7890.0
2026-04-20,343.8,348.0,343.1,346.15,107700.0
2026-04-21,347.4,354.5,345.9,351.1,275480.0
2026-04-22,352.4,354.9,350.05,352.45,150380.0
2026-04-23,353.3,357.95,351.95,357.95,119650.0
2026-04-24,357.05,360.0,350.65,357.9,193240.0
