Date,Open,High,Low,Close,Volume
2006-05-16,810.0,810.0,730.0,730.0,600.0
2006-06-07,638.0,641.0,633.0,636.0,2000.0
2006-06-08,635.26,644.0,630.13,644.0,900.0
2006-06-14,600.0,600.0,595.0,597.0,3100.0
2006-06-15,595.0,620.0,595.0,597.0,6500.0
2006-06-16,540.13,545.0,540.13,545.0,800.0
2006-06-19,560.0,561.0,555.0,555.0,1600.0
2006-06-28,560.0,595.0,560.0,595.0,400.0
2006-06-29,608.0,608.0,608.0,608.0,200.0
2006-06-30,608.0,608.0,608.0,608.0,4200.0
2006-07-03,604.5,604.5,604.5,604.5,500.0
2006-07-04,650.0,665.9,650.0,665.9,1700.0
2006-07-06,642.0,642.0,642.0,642.0,500.0
2006-07-10,650.0,650.0,650.0,650.0,200.0
2006-07-11,660.0,660.0,660.0,660.0,400.0
2006-07-12,680.0,700.0,680.0,700.0,1100.0
2006-07-17,680.0,690.0,680.0,690.0,2000.0
2006-07-18,680.0,690.0,680.0,690.0,1400.0
2006-07-19,695.3,695.3,695.3,695.3,200.0
2006-07-20,705.0,705.0,705.0,705.0,300.0
2006-07-21,720.0,720.0,720.0,720.0,500.0
2006-07-28,711.0,730.0,705.0,730.0,700.0
2006-08-01,720.0,720.0,720.0,720.0,600.0
2006-08-03,724.0,724.0,711.0,724.0,300.0
2006-08-04,738.0,739.0,738.0,739.0,2000.0
2006-08-08,739.0,739.0,738.0,738.0,800.0
2006-08-09,739.0,742.0,739.0,742.0,400.0
2006-08-14,745.0,745.0,745.0,745.0,200.0
2006-08-15,738.0,744.0,737.0,744.0,1300.0
2006-08-16,739.0,743.0,739.0,743.0,500.0
2006-08-17,741.0,741.0,737.0,737.0,400.0
2006-08-18,737.0,737.0,737.0,737.0,100.0
2006-08-21,740.0,745.0,740.0,745.0,900.0
2006-08-22,739.26,740.0,739.26,740.0,400.0
2006-08-23,748.0,760.0,748.0,760.0,800.0
2006-08-24,757.0,757.0,757.0,757.0,1000.0
2006-08-25,757.0,765.0,757.0,765.0,200.0
2006-08-29,1000.0,1000.0,1000.0,1000.0,100.0
2006-09-01,850.0,850.0,850.0,850.0,100.0
2006-09-04,795.0,795.0,795.0,795.0,400.0
2006-09-05,870.0,1000.0,870.0,1000.0,400.0
2006-09-08,820.0,850.0,820.0,850.0,400.0
2006-09-11,870.0,870.0,850.0,850.0,400.0
2006-09-12,870.0,870.0,825.0,825.0,900.0
2006-09-14,787.0,870.0,787.0,870.0,200.0
2006-09-18,876.0,876.0,876.0,876.0,600.0
2006-09-19,888.0,899.99,888.0,892.0,6400.0
2006-09-21,895.0,900.0,888.0,888.0,800.0
2006-09-22,870.0,889.9,870.0,874.0,1000.0
2006-09-25,867.1,867.1,867.1,867.1,100.0
2006-09-26,882.0,883.0,882.0,883.0,200.0
2006-09-28,879.0,879.0,879.0,879.0,400.0
2006-10-02,883.0,883.0,875.0,875.0,400.0
2006-10-03,880.0,880.0,880.0,880.0,100.0
2006-10-04,875.0,875.0,875.0,875.0,200.0
2006-10-05,875.0,875.0,875.0,875.0,700.0
2006-10-06,870.0,870.0,870.0,870.0,100.0
2006-10-17,888.0,890.0,885.0,885.0,1100.0
2006-10-18,800.0,891.0,800.0,880.0,28200.0
2006-10-19,878.01,878.01,878.01,878.01,300.0
2006-10-23,890.0,890.99,870.0,889.0,400.0
2006-10-24,852.0,890.99,852.0,890.99,300.0
2006-10-25,887.0,900.0,887.0,900.0,600.0
2006-10-26,900.0,900.0,885.01,900.0,600.0
2006-10-27,899.99,900.0,825.1,825.1,600.0
2006-10-31,880.0,883.0,880.0,883.0,400.0
2006-11-01,888.0,900.0,888.0,900.0,2700.0
2006-11-07,900.0,900.0,900.0,900.0,100.0
2006-11-09,899.0,910.0,898.0,910.0,1100.0
2006-11-16,910.0,915.0,898.0,915.0,500.0
2006-11-21,919.99,920.0,919.99,920.0,200.0
2006-11-22,907.0,912.0,900.0,912.0,1800.0
2006-11-23,910.0,920.0,905.0,920.0,4500.0
2006-11-24,926.0,926.0,922.0,922.0,400.0
2006-11-27,920.0,930.0,915.0,915.0,500.0
2006-11-28,921.0,925.0,915.0,915.0,800.0
2006-11-29,905.01,905.01,900.0,905.0,1400.0
2006-12-01,905.0,905.0,895.0,900.0,1400.0
2006-12-04,891.0,891.0,875.0,891.0,1700.0
2006-12-05,882.02,889.0,882.0,889.0,500.0
2006-12-06,882.03,891.0,880.0,880.0,3800.0
2006-12-07,881.02,881.02,881.0,881.0,1200.0
2006-12-11,890.0,892.0,890.0,892.0,200.0
2006-12-12,891.0,893.0,890.0,890.0,1300.0
2006-12-13,880.0,880.0,870.0,870.0,500.0
2006-12-14,880.0,892.0,878.0,891.0,1100.0
2006-12-15,890.0,1000.0,890.0,904.0,9700.0
2006-12-18,905.0,945.0,905.0,940.0,3500.0
2006-12-19,910.01,949.99,910.0,910.0,1000.0
2006-12-20,949.99,990.0,949.99,990.0,2500.0
2006-12-21,990.0,990.0,990.0,990.0,100.0
2006-12-25,999.9,999.9,950.0,950.0,700.0
2006-12-26,926.0,930.0,925.0,925.0,3300.0
2006-12-27,930.0,946.0,925.0,929.0,29600.0
2006-12-28,928.0,940.0,920.0,925.0,2900.0
2006-12-29,930.0,984.0,930.0,984.0,500.0
2007-01-09,900.0,950.0,900.0,920.0,3000.0
2007-01-10,928.0,931.0,900.01,900.01,2100.0
2007-01-11,900.01,995.0,900.01,995.0,1100.0
2007-01-12,950.0,1000.0,950.0,1000.0,2000.0
2007-01-15,1000.0,1000.0,1000.0,1000.0,100.0
2007-01-16,1070.0,1200.0,1070.0,1200.0,1600.0
2007-01-17,1200.0,1200.0,1050.0,1075.0,1900.0
2007-01-18,1099.0,1099.99,1099.0,1099.99,200.0
2007-01-19,1100.0,1100.0,1100.0,1100.0,3900.0
2007-01-22,1200.0,1400.0,1090.0,1110.0,2200.0
2007-01-23,1100.01,1100.01,1050.0,1050.0,2100.0
2007-01-24,1060.0,1088.0,990.01,990.01,9300.0
2007-01-25,1000.5,1004.44,998.0,998.0,3700.0
2007-01-26,975.2,987.0,975.2,987.0,300.0
2007-01-29,985.0,985.0,980.0,980.0,300.0
2007-01-30,946.0,990.0,946.0,986.0,1600.0
2007-01-31,999.9,1000.0,972.01,980.0,3500.0
2007-02-01,1000.0,1049.99,1000.0,1040.0,9300.0
2007-02-02,1050.0,1074.0,1050.0,1073.0,3000.0
2007-02-05,1056.0,1110.0,1041.02,1070.0,16700.0
2007-02-06,1095.99,1130.0,1070.0,1120.0,3600.0
2007-02-07,1081.1,1133.97,1080.0,1100.0,14000.0
2007-02-08,1100.0,1136.99,1075.0,1090.0,2400.0
2007-02-09,1124.0,1124.0,1092.0,1123.0,1600.0
2007-02-12,1124.99,1147.0,1071.2,1071.2,4500.0
2007-02-13,1045.0,1120.0,1045.0,1109.0,2100.0
2007-02-14,1111.0,1124.0,1083.0,1083.0,8900.0
2007-02-15,1055.04,1100.0,1055.04,1072.0,5100.0
2007-02-16,1078.0,1080.0,1072.0,1079.0,3600.0
2007-02-19,1080.0,1086.0,1075.0,1075.0,14100.0
2007-02-20,1070.2,1118.9,1070.0,1070.0,11000.0
2007-02-21,1074.99,1099.0,1060.0,1069.8,9100.0
2007-02-22,1071.9,1099.0,1071.0,1084.0,5600.0
2007-02-26,1080.0,1081.0,1070.0,1076.1,3200.0
2007-02-27,1071.12,1098.5,1065.01,1070.0,7400.0
2007-02-28,1060.0,1065.0,1030.0,1031.0,8200.0
2007-03-01,1058.0,1065.0,1030.01,1035.0,1800.0
2007-03-02,1087.4,1087.8,1020.0,1050.0,2800.0
2007-03-05,935.0,1010.0,935.0,1000.0,5700.0
2007-03-06,995.0,1037.0,995.0,1025.0,1200.0
2007-03-07,1030.0,1045.0,1030.0,1040.0,1100.0
2007-03-09,1090.0,1090.0,1080.0,1089.99,1500.0
2007-03-12,1090.0,1090.0,1080.0,1090.0,800.0
2007-03-13,1089.0,1090.0,1065.0,1065.0,600.0
2007-03-14,1050.0,1050.0,1015.0,1030.0,900.0
2007-03-15,1055.0,1090.0,1055.0,1074.99,1500.0
2007-03-16,1080.0,1086.63,1080.0,1086.63,1800.0
2007-03-19,1052.0,1084.0,1052.0,1076.0,6400.0
2007-03-20,1089.99,1100.0,1085.0,1100.0,7100.0
2007-03-21,1100.0,1120.0,1100.0,1120.0,4900.0
2007-03-22,1120.0,1135.0,1117.0,1128.0,5600.0
2007-03-23,1130.0,1130.0,1122.0,1124.0,1400.0
2007-03-26,1127.0,1137.0,1124.01,1125.0,403.0
2007-03-27,1123.0,1134.99,1100.0,1129.0,2490.0
2007-03-28,1120.0,1127.0,1108.0,1120.0,8424.0
2007-03-29,1123.0,1128.0,1123.0,1127.0,941.0
2007-03-30,1129.0,1185.0,1125.0,1125.5,7782.0
2007-04-02,1132.0,1132.0,1120.02,1125.0,10101.0
2007-04-03,1123.0,1150.0,1051.0,1126.98,8365.0
2007-04-04,1129.0,1130.0,1123.0,1130.0,3344.0
2007-04-05,1131.95,1140.0,1120.0,1139.9,6947.0
2007-04-06,1140.0,1150.0,1125.01,1149.0,4220.0
2007-04-09,1149.0,1150.0,1132.0,1140.0,24406.0
2007-04-10,1144.99,1144.99,1136.0,1142.0,455.0
2007-04-11,1145.0,1146.99,1135.0,1135.0,1755.0
2007-04-12,1191.75,1191.75,1134.0,1134.0,842.0
2007-04-13,1137.0,1140.0,1131.0,1140.0,4865.0
2007-04-16,1140.0,1163.0,1140.0,1158.0,23003.0
2007-04-17,1158.0,1190.0,1158.0,1190.0,8315.0
2007-04-18,1181.0,1200.0,1174.0,1198.0,33859.0
2007-04-19,1172.0,1220.0,1172.0,1204.99,17035.0
2007-04-20,1200.0,1215.0,1165.0,1215.0,20309.0
2007-04-23,1175.0,1219.0,1165.0,1218.0,6207.0
2007-04-24,1219.0,1219.0,1190.0,1218.0,16884.0
2007-04-25,1213.0,1222.0,1209.0,1220.0,6575.0
2007-04-26,1171.0,1229.95,1171.0,1221.0,19375.0
2007-04-27,1224.0,1232.0,1206.0,1220.0,7160.0
2007-04-28,1228.78,1230.62,1210.0,1225.0,1686.0
2007-05-02,1208.0,1231.0,1208.0,1216.1,1621.0
2007-05-03,1222.0,1235.0,1220.0,1225.0,3268.0
2007-05-04,1234.9,1234.9,1218.01,1230.0,650.0
2007-05-07,1240.0,1240.0,1201.01,1201.01,3546.0
2007-05-08,1220.0,1220.0,1200.0,1205.0,1628.0
2007-05-10,1218.0,1218.0,1200.0,1205.0,3966.0
2007-05-11,1200.13,1215.0,1200.0,1203.0,4741.0
2007-05-14,1205.0,1210.0,1178.0,1210.0,5896.0
2007-05-15,1207.0,1209.0,1196.0,1197.0,1599.0
2007-05-16,1190.0,1200.0,1187.01,1191.0,687.0
2007-05-17,1190.0,1190.0,1175.52,1175.53,2328.0
2007-05-18,1186.0,1190.0,1175.0,1178.0,3207.0
2007-05-21,1155.0,1199.0,1150.0,1170.0,2262.0
2007-05-22,1170.0,1170.0,1160.0,1166.0,881.0
2007-05-23,1150.0,1160.0,1140.0,1146.02,2325.0
2007-05-24,1148.0,1150.0,1054.5,1112.0,2920.0
2007-05-25,1081.0,1134.98,1081.0,1118.0,2882.0
2007-05-28,1125.0,1239.0,1103.0,1106.0,2535.0
2007-05-29,1106.0,1115.0,1083.0,1083.01,4340.0
2007-05-30,1060.0,1095.0,1025.01,1086.0,3984.0
2007-05-31,1085.0,1094.0,1080.01,1083.0,1359.0
2007-06-01,1083.0,1100.0,1065.0,1080.03,5226.0
2007-06-04,1086.0,1086.0,1070.0,1070.0,794.0
2007-06-05,1069.0,1071.01,1060.0,1061.0,2403.0
2007-06-06,1060.0,1060.0,1035.0,1035.0,2159.0
2007-06-07,1038.96,1099.0,1037.61,1060.0,830.0
2007-06-08,1020.0,1050.0,1010.01,1050.0,2915.0
2007-06-09,1050.0,1090.0,1049.01,1060.0,520.0
2007-06-13,1055.0,1060.0,1043.0,1045.11,2752.0
2007-06-14,1050.0,1050.0,1040.0,1042.0,4230.0
2007-06-15,1040.0,1045.0,1030.0,1043.0,9425.0
2007-06-18,1039.0,1040.0,1035.0,1040.0,2217.0
2007-06-19,1035.0,1065.0,1034.0,1043.0,12864.0
2007-06-20,1048.0,1120.0,1048.0,1115.0,7411.0
2007-06-21,1060.0,1144.59,1060.0,1135.0,8492.0
2007-06-22,1135.0,1147.0,1135.0,1135.2,850.0
2007-06-25,1140.0,1140.0,1100.0,1125.0,7609.0
2007-06-26,1104.25,1132.0,1104.25,1121.0,2149.0
2007-06-27,1115.0,1130.0,1115.0,1118.0,21664.0
2007-06-28,1124.0,1135.0,1124.0,1130.0,1468.0
2007-06-29,1127.0,1140.0,1110.0,1129.0,1723.0
2007-07-02,1130.0,1145.0,1124.0,1132.0,4010.0
2007-07-03,1132.0,1144.0,1130.0,1144.0,7733.0
2007-07-04,1142.0,1142.0,1124.0,1141.33,926.0
2007-07-05,1141.33,1154.0,1130.0,1142.0,12159.0
2007-07-06,1150.0,1153.0,1145.0,1150.0,5298.0
2007-07-09,1153.0,1170.0,1153.0,1156.05,1046.0
2007-07-10,1165.0,1176.0,1155.0,1165.0,2579.0
2007-07-11,1155.02,1190.0,1155.01,1190.0,4421.0
2007-07-12,1185.0,1213.0,1177.0,1205.0,10400.0
2007-07-13,1201.0,1225.0,1181.95,1213.0,7423.0
2007-07-16,1205.0,1214.9,1200.0,1214.0,6162.0
2007-07-17,1220.0,1220.0,1200.0,1210.0,4581.0
2007-07-18,1219.99,1219.99,1199.0,1199.0,5389.0
2007-07-19,1196.9,1215.0,1195.0,1211.0,10065.0
2007-07-20,1205.0,1211.99,1200.0,1205.0,11168.0
2007-07-23,1210.0,1220.0,1200.0,1205.0,3254.0
2007-07-24,1201.02,1220.0,1201.02,1201.11,5333.0
2007-07-25,1201.0,1239.0,1180.0,1204.01,9208.0
2007-07-26,1203.98,1210.0,1200.0,1200.0,909.0
2007-07-27,1185.0,1191.0,1180.0,1180.0,4995.0
2007-07-30,1190.0,1193.0,1151.01,1151.02,2327.0
2007-07-31,1164.97,1191.0,1150.0,1191.0,4108.0
2007-08-01,1191.0,1191.0,1100.02,1164.0,2279.0
2007-08-02,1151.0,1190.0,1151.0,1190.0,746.0
2007-08-03,1199.99,1205.0,1155.17,1155.17,816.0
2007-08-06,1163.13,1168.98,1130.0,1168.98,1487.0
2007-08-07,1181.0,1182.25,1130.0,1135.02,5235.0
2007-08-08,1144.0,1157.0,1144.0,1157.0,2592.0
2007-08-09,1158.0,1159.99,1130.1,1140.0,1471.0
2007-08-10,1140.0,1150.0,1118.0,1122.0,1385.0
2007-08-13,1158.14,1158.14,1118.0,1122.01,1400.0
2007-08-14,1120.01,1125.02,1115.0,1120.0,2426.0
2007-08-15,1115.99,1116.0,1110.0,1110.0,5721.0
2007-08-16,1105.0,1105.0,1021.0,1032.0,4291.0
2007-08-17,1030.0,1055.0,1012.0,1050.5,5180.0
2007-08-20,1055.0,1055.0,1040.0,1050.0,819.0
2007-08-21,1050.0,1055.0,1031.0,1035.0,6931.0
2007-08-22,1033.0,1060.0,1033.0,1041.0,18716.0
2007-08-23,1045.0,1050.0,1040.0,1045.0,10867.0
2007-08-24,1030.01,1062.0,1030.01,1050.0,16000.0
2007-08-27,1050.0,1075.0,1040.0,1040.0,3641.0
2007-08-28,1040.0,1059.99,1021.01,1030.0,4077.0
2007-08-29,1026.0,1054.95,1020.0,1030.0,3956.0
2007-08-30,1035.0,1050.0,1025.0,1030.0,2901.0
2007-08-31,1030.0,1058.0,1021.0,1058.0,4118.0
2007-09-03,1057.21,1065.0,1052.0,1065.0,4050.0
2007-09-04,1090.0,1090.0,1077.0,1083.0,8966.0
2007-09-05,1090.0,1099.0,1066.01,1083.5,10736.0
2007-09-06,1090.0,1098.03,1080.0,1091.0,2209.0
2007-09-07,1090.0,1090.0,1069.99,1070.0,4143.0
2007-09-10,1068.9,1081.0,1060.0,1081.0,4808.0
2007-09-11,1081.0,1095.0,1071.0,1095.0,3508.0
2007-09-12,1095.0,1095.0,1082.0,1087.0,2159.0
2007-09-13,1080.2,1090.0,1066.03,1072.0,3515.0
2007-09-14,1070.0,1075.99,1055.0,1070.0,1181.0
2007-09-17,1069.99,1072.0,1050.0,1055.0,9532.0
2007-09-18,1064.99,1064.99,1050.01,1059.98,1442.0
2007-09-19,1070.0,1085.0,1059.0,1075.0,7108.0
2007-09-20,1062.0,1079.0,1051.1,1054.0,8715.0
2007-09-21,1055.0,1057.0,1048.55,1053.0,4977.0
2007-09-24,1053.0,1053.0,1045.1,1045.1,2769.0
2007-09-25,1074.9,1074.9,1045.01,1060.0,2038.0
2007-09-26,1050.0,1050.0,1045.0,1046.0,6517.0
2007-09-27,1047.0,1050.0,1040.0,1040.0,3588.0
2007-09-28,1042.0,1052.0,1040.01,1042.5,2819.0
2007-10-01,1059.98,1092.5,1047.2,1058.0,3602.0
2007-10-02,1060.0,1065.0,1049.0,1054.99,7150.0
2007-10-03,1065.0,1065.0,1028.02,1047.0,6660.0
2007-10-04,1040.01,1049.36,1040.0,1047.0,1122.0
2007-10-05,1047.0,1059.9,1045.3,1050.0,1244.0
2007-10-08,1044.0,1049.9,1040.1,1044.0,3988.0
2007-10-09,1043.01,1050.0,1043.01,1048.0,24722.0
2007-10-10,1064.99,1065.0,1050.0,1064.99,15448.0
2007-10-11,1068.0,1148.0,1057.1,1135.1,62856.0
2007-10-12,1125.0,1148.0,1119.82,1128.0,8449.0
2007-10-15,1133.0,1145.0,1119.01,1127.0,9622.0
2007-10-16,1120.5,1133.8,1118.0,1126.0,22646.0
2007-10-17,1120.2,1138.5,1120.2,1138.5,6334.0
2007-10-18,1138.5,1180.0,1138.5,1153.0,15195.0
2007-10-19,1000.0,1168.0,1000.0,1165.99,75239.0
2007-10-22,1134.0,1159.0,1121.0,1149.0,24654.0
2007-10-23,1146.0,1155.0,1141.0,1149.0,13523.0
2007-10-24,1143.1,1158.9,1143.1,1154.0,23603.0
2007-10-25,1128.0,1154.0,1128.0,1145.0,17118.0
2007-10-26,1141.0,1190.0,1135.03,1165.0,62284.0
2007-10-29,1169.0,1170.0,1150.02,1158.0,5896.0
2007-10-30,1160.0,1175.0,1133.55,1158.48,35570.0
2007-10-31,1166.94,1166.94,1150.01,1155.0,1225.0
2007-11-01,1163.0,1167.0,1144.01,1154.97,11768.0
2007-11-02,1150.0,1166.0,1140.0,1140.0,3945.0
2007-11-06,1139.8,1145.1,1136.0,1143.0,37115.0
2007-11-07,1140.0,1145.0,1120.0,1131.0,38670.0
2007-11-08,1135.0,1155.0,1120.0,1147.5,39853.0
2007-11-09,1149.5,1190.0,1145.5,1185.0,50056.0
2007-11-12,1170.0,1179.0,1145.0,1179.0,25009.0
2007-11-13,1180.0,1180.0,1155.36,1175.0,4467.0
2007-11-14,1174.99,1190.0,1173.0,1181.1,9386.0
2007-11-15,1180.02,1186.98,1180.0,1181.0,2373.0
2007-11-16,1175.0,1185.0,1175.0,1176.03,3548.0
2007-11-19,1178.0,1189.5,1177.22,1187.9,2641.0
2007-11-20,1181.1,1185.99,1167.01,1170.0,6712.0
2007-11-21,1179.0,1179.99,1158.5,1165.0,1027.0
2007-11-22,1166.0,1169.99,1135.0,1140.03,3018.0
2007-11-23,1145.0,1145.0,1120.01,1139.0,3608.0
2007-11-26,1152.0,1152.0,1121.01,1125.0,20419.0
2007-11-27,1120.5,1133.0,1120.5,1133.0,567.0
2007-11-28,1133.0,1138.0,1125.01,1138.0,3374.0
2007-11-29,1138.0,1140.0,1125.0,1137.99,1749.0
2007-11-30,1132.0,1145.0,1130.0,1145.0,11474.0
2007-12-03,1145.0,1160.0,1135.0,1135.0,4172.0
2007-12-04,1130.01,1138.0,1125.0,1130.0,6521.0
2007-12-05,1136.99,1145.0,1110.02,1139.0,31119.0
2007-12-06,1139.91,1174.99,1139.91,1165.0,10326.0
2007-12-07,1169.0,1179.0,1154.0,1175.0,5101.0
2007-12-10,1175.0,1189.5,1167.0,1189.5,24712.0
2007-12-11,1180.0,1198.0,1171.0,1194.8,6145.0
2007-12-12,1194.8,1200.0,1165.01,1195.99,6029.0
2007-12-13,1178.44,1196.95,1178.1,1178.1,2475.0
2007-12-14,1180.0,1194.97,1180.0,1186.0,3512.0
2007-12-17,1182.0,1208.0,1182.0,1203.0,4745.0
2007-12-18,1200.0,1219.0,1183.0,1214.0,10071.0
2007-12-19,1211.0,1217.79,1200.02,1216.0,4060.0
2007-12-20,1221.0,1234.0,1220.01,1228.98,9842.0
2007-12-21,1230.0,1239.0,1211.01,1220.0,8030.0
2007-12-24,1221.0,1248.01,1203.5,1210.01,8460.0
2007-12-25,1212.0,1228.54,1202.02,1221.0,6265.0
2007-12-26,1224.57,1244.0,1224.0,1226.6,14655.0
2007-12-27,1225.02,1245.0,1223.0,1234.99,6962.0
2007-12-28,1234.0,1295.78,1225.0,1270.0,92641.0
2008-01-09,1260.01,1337.98,1260.01,1310.0,16787.0
2008-01-10,1324.88,1335.0,1200.0,1308.92,100371.0
2008-01-11,1318.78,1368.83,1313.0,1368.83,65741.0
2008-01-14,1365.0,1379.0,1341.0,1379.0,12055.0
2008-01-15,1380.0,1388.88,1354.88,1360.0,22494.0
2008-01-16,1359.0,1360.0,1308.99,1331.0,14129.0
2008-01-17,1331.0,1373.99,1305.11,1334.99,42111.0
2008-01-18,1310.0,1354.97,1285.11,1297.0,20708.0
2008-01-21,1265.01,1290.0,1210.0,1234.99,15378.0
2008-01-22,1200.0,1222.0,1120.0,1159.0,47708.0
2008-01-23,1178.0,1229.0,1132.0,1135.0,26055.0
2008-01-24,1155.0,1190.0,1136.01,1153.0,39131.0
2008-01-25,1170.0,1200.6,1160.0,1197.0,21404.0
2008-01-28,1157.0,1191.5,1150.0,1191.5,11856.0
2008-01-29,1215.0,1239.0,1170.55,1171.0,26343.0
2008-01-30,1170.0,1188.0,1160.0,1168.02,4535.0
2008-01-31,1165.0,1188.99,1140.0,1147.0,13396.0
2008-02-01,1150.0,1175.0,1147.7,1154.06,8677.0
2008-02-04,1190.0,1193.08,1085.44,1159.0,9894.0
2008-02-05,1170.0,1180.0,1150.1,1158.9,11675.0
2008-02-06,1140.0,1155.0,1130.0,1139.02,10193.0
2008-02-07,1139.0,1139.9,1120.0,1120.0,25257.0
2008-02-08,1129.9,1135.0,1117.0,1125.0,13320.0
2008-02-11,1129.9,1130.0,1115.03,1125.19,23094.0
2008-02-12,1125.19,1170.0,1125.19,1170.0,22129.0
2008-02-13,1171.5,1171.5,1150.03,1159.0,13046.0
2008-02-14,1180.0,1191.3,1159.5,1165.0,26633.0
2008-02-15,1160.05,1173.99,1144.0,1165.0,8017.0
2008-02-18,1168.0,1178.01,1160.5,1170.0,11944.0
2008-02-19,1170.0,1185.0,1163.0,1180.0,7594.0
2008-02-20,1181.0,1192.87,1172.5,1183.0,20411.0
2008-02-21,1198.0,1224.0,1190.0,1217.0,101759.0
2008-02-22,1218.0,1242.5,1195.0,1212.5,13793.0
2008-02-26,1220.0,1243.0,1215.03,1235.0,12223.0
2008-02-27,1240.0,1245.0,1222.0,1237.8,8665.0
2008-02-28,1242.0,1242.0,1212.0,1215.0,9001.0
2008-02-29,1212.9,1233.99,1210.0,1226.0,20196.0
2008-03-03,1220.0,1220.0,1181.21,1205.0,16655.0
2008-03-04,1205.0,1229.9,1205.0,1229.9,7934.0
2008-03-05,1227.8,1228.0,1209.0,1212.0,23233.0
2008-03-06,1212.11,1215.0,1182.12,1197.5,7998.0
2008-03-07,1185.51,1202.0,1160.0,1191.0,20096.0
2008-03-11,1190.0,1192.0,1177.0,1182.0,34166.0
2008-03-12,1184.0,1200.0,1180.0,1185.0,17068.0
2008-03-13,1186.9,1187.0,1153.0,1180.0,17230.0
2008-03-14,1167.0,1179.5,1159.0,1164.0,19167.0
2008-03-17,1150.0,1161.5,1127.1,1130.0,34732.0
2008-03-18,1130.0,1145.0,1130.0,1138.0,6401.0
2008-03-19,1144.9,1173.0,1139.0,1165.0,38727.0
2008-03-20,1160.0,1173.0,1125.76,1161.5,8844.0
2008-03-21,1168.01,1169.97,1151.2,1165.0,2494.0
2008-03-24,1165.0,1185.0,1157.37,1160.0,8364.0
2008-03-25,1172.0,1172.0,1152.49,1162.5,18628.0
2008-03-26,1169.0,1169.0,1148.0,1160.0,11213.0
2008-03-27,1159.2,1164.0,1145.01,1152.0,10998.0
2008-03-28,1150.0,1155.0,1132.01,1147.0,17876.0
2008-03-31,1135.0,1136.0,1120.12,1121.0,9137.0
2008-04-01,1121.0,1123.0,1110.0,1110.0,12617.0
2008-04-02,1115.5,1117.0,1067.02,1100.0,8033.0
2008-04-03,1100.1,1102.89,1089.0,1090.0,6599.0
2008-04-04,1089.0,1096.23,1070.0,1071.0,7501.0
2008-04-07,1100.0,1100.0,1069.0,1073.0,12646.0
2008-04-08,1070.0,1075.0,1061.05,1068.9,5462.0
2008-04-09,1065.0,1068.18,1057.6,1064.7,7683.0
2008-04-10,1064.01,1074.0,1062.0,1071.0,24555.0
2008-04-11,1072.0,1104.9,1072.0,1091.2,25223.0
2008-04-14,1089.9,1089.9,1067.03,1087.0,6600.0
2008-04-15,1100.0,1109.0,1033.0,1033.0,27284.0
2008-04-16,1025.0,1065.0,1007.04,1054.99,21134.0
2008-04-17,1056.5,1059.0,1045.0,1057.8,7368.0
2008-04-18,1069.0,1070.0,1055.0,1061.99,6712.0
2008-04-21,1070.02,1070.02,1040.11,1056.28,6233.0
2008-04-22,1056.28,1062.28,1054.4,1060.0,40987.0
2008-04-23,1050.0,1070.0,1041.0,1052.91,7750.0
2008-04-24,1055.0,1070.61,1055.0,1060.0,8281.0
2008-04-25,1061.0,1068.72,1053.0,1064.0,9722.0
2008-04-28,1060.0,1065.0,1040.0,1049.0,10439.0
2008-04-29,1054.1,1055.0,1039.12,1041.0,2918.0
2008-04-30,1041.0,1042.89,1036.5,1038.0,4947.0
2008-05-04,1038.0,1045.0,1038.0,1043.0,5217.0
2008-05-05,1043.0,1049.99,1030.1,1042.3,1538.0
2008-05-06,1040.1,1052.7,1040.1,1047.0,11836.0
2008-05-07,1052.24,1057.0,1047.02,1054.0,56328.0
2008-05-08,1055.0,1060.0,1051.01,1058.98,11325.0
2008-05-12,1059.1,1099.0,1058.99,1089.96,38350.0
2008-05-13,1110.0,1168.0,1110.0,1155.0,44226.0
2008-05-14,1165.0,1169.95,1130.0,1169.48,25027.0
2008-05-15,1169.48,1175.0,1155.01,1163.0,18959.0
2008-05-16,1170.0,1198.97,1155.01,1196.96,39299.0
2008-05-19,1180.0,1220.0,1170.0,1217.5,19508.0
2008-05-20,1224.92,1259.5,1200.0,1240.0,47093.0
2008-05-21,1235.0,1249.0,1220.01,1237.0,40021.0
2008-05-22,1230.11,1289.89,1211.0,1280.0,82025.0
2008-05-23,1265.0,1298.0,1240.01,1250.02,52819.0
2008-05-26,1248.0,1265.0,1246.0,1252.5,6507.0
2008-05-27,1252.0,1254.0,1211.03,1244.0,43283.0
2008-05-28,1240.0,1260.0,1205.0,1227.0,24306.0
2008-05-29,1210.0,1232.94,1200.01,1206.52,5398.0
2008-05-30,1210.0,1221.99,1205.0,1220.0,9415.0
2008-06-02,1220.0,1220.0,1181.01,1199.0,11644.0
2008-06-03,1204.99,1205.0,1180.5,1184.02,1901.0
2008-06-04,1179.99,1179.99,1160.01,1164.97,3946.0
2008-06-05,1164.97,1193.85,1160.0,1180.0,10450.0
2008-06-06,1185.0,1185.0,1170.0,1170.0,6819.0
2008-06-07,1159.58,1165.9,1145.2,1163.0,3443.0
2008-06-09,1162.0,1176.95,1161.0,1170.0,864.0
2008-06-10,1157.67,1167.0,1147.06,1165.0,2127.0
2008-06-11,1162.5,1165.0,1152.01,1163.0,5500.0
2008-06-16,1163.0,1164.0,1139.7,1142.1,7102.0
2008-06-17,1140.02,1159.99,1140.0,1155.0,5479.0
2008-06-18,1142.0,1150.0,1142.0,1149.99,3976.0
2008-06-19,1145.04,1249.5,1138.11,1234.99,10874.0
2008-06-20,1210.02,1210.02,1180.0,1181.69,7600.0
2008-06-23,1189.99,1194.71,1173.0,1193.28,5054.0
2008-06-24,1180.0,1181.97,1151.51,1170.0,3559.0
2008-06-25,1170.0,1173.99,1152.01,1167.49,2705.0
2008-06-26,1170.0,1170.0,1134.02,1140.0,5393.0
2008-06-27,1134.3,1140.0,1116.01,1120.0,5353.0
2008-06-30,1120.01,1129.99,1101.0,1110.0,3869.0
2008-07-01,1117.0,1117.0,1080.0,1102.0,5417.0
2008-07-02,1109.0,1180.0,1107.99,1140.0,5106.0
2008-07-03,1130.01,1141.0,1100.02,1136.0,7291.0
2008-07-04,1141.0,1156.0,1135.0,1139.99,2536.0
2008-07-07,1139.0,1155.99,1136.07,1152.97,2815.0
2008-07-08,1125.02,1140.0,1124.99,1140.0,1773.0
2008-07-09,1129.96,1140.0,1110.0,1129.0,4647.0
2008-07-10,1111.0,1139.0,1052.0,1120.0,7400.0
2008-07-11,1120.01,1120.01,1110.0,1114.0,8155.0
2008-07-14,1110.0,1114.0,1100.02,1114.0,2931.0
2008-07-15,1114.0,1134.96,1102.0,1110.0,4107.0
2008-07-16,1102.0,1113.87,1100.0,1112.98,3888.0
2008-07-17,1103.0,1116.99,1102.01,1112.0,5462.0
2008-07-18,1112.0,1117.0,1099.99,1111.0,4052.0
2008-07-21,1107.0,1139.69,1104.05,1125.0,1832.0
2008-07-22,1120.0,1128.0,1114.99,1122.0,378.0
2008-07-23,1115.01,1122.0,1106.41,1115.01,12692.0
2008-07-24,1123.0,1133.0,1081.7,1100.0,3656.0
2008-07-25,1081.01,1108.19,1021.5,1058.0,17006.0
2008-07-28,1064.99,1068.91,1040.57,1052.0,4639.0
2008-07-29,1052.0,1086.0,1022.43,1080.0,5072.0
2008-07-30,1091.0,1115.45,1070.01,1080.0,3494.0
2008-07-31,1071.0,1096.99,1050.0,1059.93,22480.0
2008-08-01,1054.0,1080.0,1054.0,1066.32,1080.0
2008-08-04,1056.2,1079.0,1056.2,1060.0,1802.0
2008-08-05,1059.99,1065.0,1030.0,1034.99,48290.0
2008-08-06,1047.99,1050.0,1035.0,1044.0,3668.0
2008-08-07,1045.0,1045.0,1023.11,1029.0,13330.0
2008-08-08,1029.01,1035.02,941.3,970.0,36827.0
2008-08-11,950.0,959.99,911.18,950.07,10306.0
2008-08-12,940.02,1050.01,935.0,1010.0,12157.0
2008-08-13,995.0,1049.99,970.74,1049.99,13498.0
2008-08-14,1044.0,1065.0,1012.0,1045.03,16702.0
2008-08-15,1049.88,1100.0,1043.0,1079.9,4806.0
2008-08-18,1091.0,1091.0,1039.1,1048.99,2127.0
2008-08-19,1044.0,1045.0,1002.01,1016.0,17279.0
2008-08-20,1034.99,1035.0,1006.02,1030.0,2823.0
2008-08-21,1020.1,1045.0,1007.83,1019.77,6301.0
2008-08-22,1021.99,1030.0,996.01,1020.0,12184.0
2008-08-25,996.0,1020.0,996.0,1000.0,3629.0
2008-08-26,996.0,1009.0,951.11,995.0,14531.0
2008-08-27,996.0,1000.0,970.0,982.0,5317.0
2008-08-28,975.03,985.0,970.0,982.0,3870.0
2008-08-29,982.01,1000.0,970.11,984.0,5149.0
2008-09-01,999.99,1000.0,981.1,985.0,1500.0
2008-09-02,991.99,992.77,982.15,987.06,1992.0
2008-09-03,990.0,1004.0,982.01,993.0,3641.0
2008-09-04,990.0,993.0,975.0,975.0,1412.0
2008-09-05,973.61,973.61,840.0,890.0,12846.0
2008-09-08,900.03,1111.71,863.04,890.0,8341.0
2008-09-09,872.26,889.99,847.5,851.99,14965.0
2008-09-10,843.0,843.0,792.13,817.99,13279.0
2008-09-11,804.0,820.0,786.6,805.0,3336.0
2008-09-12,800.0,860.0,800.0,825.0,798.0
2008-09-15,790.0,839.99,786.0,825.01,4918.0
2008-09-16,800.17,800.17,740.01,760.0,4529.0
2008-09-17,814.89,814.89,730.0,750.0,2248.0
2008-09-19,804.9,825.0,770.05,775.0,6438.0
2008-09-22,850.0,850.0,780.0,810.0,5714.0
2008-09-23,795.0,830.0,785.0,820.0,1229.0
2008-09-24,835.0,860.0,830.01,850.0,7505.0
2008-09-25,849.99,850.0,830.08,835.0,2398.0
2008-09-26,824.5,848.99,824.5,835.01,5790.0
2008-09-29,825.01,835.0,810.0,835.0,4799.0
2008-09-30,825.0,900.0,799.84,858.0,3065.0
2008-10-01,860.0,870.0,783.01,870.0,2212.0
2008-10-02,858.8,858.8,823.0,828.88,17302.0
2008-10-03,801.41,815.0,766.0,770.0,1445.0
2008-10-06,758.0,758.0,602.23,740.0,3661.0
2008-10-07,703.01,770.0,667.02,770.0,45928.0
2008-10-08,702.01,710.0,700.0,702.0,2727.0
2008-10-09,704.0,709.0,655.0,689.99,13435.0
2008-10-13,695.0,695.0,605.04,642.0,10586.0
2008-10-14,650.0,650.0,627.0,636.89,3748.0
2008-10-15,629.81,629.81,569.99,575.01,3531.0
2008-10-16,550.01,568.15,477.77,478.0,7848.0
2008-10-17,478.0,499.99,475.01,490.0,4331.0
2008-10-20,490.99,495.01,479.01,490.0,37832.0
2008-10-21,490.0,490.0,465.52,480.0,4223.0
2008-10-22,451.09,478.6,424.99,470.0,6403.0
2008-10-23,445.1,459.99,394.99,430.0,6175.0
2008-10-24,404.4,429.98,376.03,429.98,6159.0
2008-10-28,331.01,427.0,331.0,339.99,13399.0
2008-10-29,353.99,355.0,325.0,348.0,9896.0
2008-10-30,349.96,399.08,344.04,383.02,27834.0
2008-10-31,355.56,434.99,350.01,408.0,24274.0
2008-11-01,420.0,420.0,379.0,387.0,28152.0
2008-11-05,400.0,418.0,381.0,397.99,11849.0
2008-11-06,366.37,389.0,366.37,388.0,16644.0
2008-11-07,368.51,399.0,365.0,392.01,5460.0
2008-11-10,400.95,415.0,392.04,400.02,11916.0
2008-11-11,387.0,400.0,357.0,363.0,3778.0
2008-11-13,344.85,360.0,319.5,357.0,2020.0
2008-11-14,379.98,379.98,332.01,346.0,2075.0
2008-11-17,359.96,360.0,300.02,317.03,3481.0
2008-11-18,300.52,320.0,300.0,312.0,14232.0
2008-11-19,305.01,308.97,291.0,300.0,14954.0
2008-11-20,290.0,300.0,260.04,290.5,13121.0
2008-11-21,294.98,302.0,282.0,302.0,7300.0
2008-11-24,304.99,304.99,299.0,301.0,9495.0
2008-11-25,304.0,314.99,300.0,309.0,31969.0
2008-11-26,309.99,314.99,291.0,314.0,23541.0
2008-11-27,314.0,365.0,305.26,360.0,9580.0
2008-11-28,364.99,375.0,360.0,370.0,9779.0
2008-12-01,359.38,373.47,356.15,366.8,13036.0
2008-12-02,348.46,364.0,348.46,356.01,4560.0
2008-12-03,359.99,362.0,354.01,356.51,3142.0
2008-12-04,359.91,380.0,355.0,372.0,11980.0
2008-12-05,379.93,380.0,372.0,380.0,5973.0
2008-12-08,360.04,411.0,360.04,386.0,9330.0
2008-12-09,377.04,400.01,377.0,398.98,3898.0
2008-12-10,383.5,415.0,374.84,410.0,13700.0
2008-12-11,410.0,480.0,410.0,467.0,19593.0
2008-12-12,464.0,473.98,440.0,440.0,5110.0
2008-12-15,449.99,460.0,432.01,451.01,2508.0
2008-12-16,459.9,478.8,450.03,463.0,12160.0
2008-12-17,472.22,472.22,454.52,462.01,12276.0
2008-12-18,464.49,469.07,455.0,462.9,5941.0
2008-12-19,450.0,480.0,450.0,471.0,11946.0
2008-12-22,454.21,520.0,454.21,493.97,8463.0
2008-12-23,498.7,499.96,480.0,490.0,2831.0
2008-12-24,481.01,494.99,475.0,480.63,48796.0
2008-12-25,482.78,485.0,470.25,470.26,50361.0
2008-12-26,470.25,480.0,446.02,470.0,48149.0
2008-12-29,475.0,480.0,455.19,465.0,40530.0
2008-12-30,466.48,484.0,466.48,475.78,12625.0
2008-12-31,479.98,490.0,430.04,475.13,1639.0
2009-01-11,475.11,500.0,475.0,495.0,3178.0
2009-01-12,495.0,564.99,494.99,555.0,17030.0
2009-01-13,556.0,614.0,556.0,610.0,18982.0
2009-01-14,616.0,639.98,590.0,600.0,32224.0
2009-01-15,609.0,609.0,561.0,582.25,13864.0
2009-01-16,580.01,594.0,542.51,545.01,11142.0
2009-01-19,550.0,556.99,459.6,536.0,6571.0
2009-01-20,540.0,549.0,498.18,537.0,8329.0
2009-01-21,540.0,540.0,509.77,530.0,6342.0
2009-01-22,542.0,542.0,507.0,510.0,3388.0
2009-01-23,500.76,506.07,475.0,484.01,3075.0
2009-01-26,488.99,545.0,484.06,503.0,92905.0
2009-01-27,498.02,538.0,488.0,500.01,45516.0
2009-01-28,505.0,515.0,497.0,513.99,9034.0
2009-01-29,517.0,524.0,495.0,500.01,8663.0
2009-01-30,499.99,519.94,493.02,506.9,8283.0
2009-02-02,515.0,515.0,496.18,508.49,3812.0
2009-02-03,509.99,510.0,501.0,504.0,2134.0
2009-02-04,504.0,540.0,504.0,534.0,34158.0
2009-02-05,520.03,537.0,519.07,536.19,9207.0
2009-02-06,540.0,589.99,540.0,582.0,14257.0
2009-02-09,570.01,599.08,545.01,592.01,22967.0
2009-02-10,566.01,610.0,565.0,597.0,17916.0
2009-02-11,590.0,611.0,566.11,610.0,17792.0
2009-02-12,610.0,650.0,605.0,645.0,15728.0
2009-02-13,645.01,725.0,645.01,677.16,16920.0
2009-02-16,677.7,705.0,660.0,686.99,13715.0
2009-02-17,670.08,680.0,625.01,650.0,7915.0
2009-02-18,650.0,672.0,600.0,624.98,25473.0
2009-02-19,629.0,629.0,608.51,615.0,11235.0
2009-02-20,620.0,620.0,560.0,589.57,15170.0
2009-02-24,555.89,575.0,555.0,574.0,8544.0
2009-02-25,588.69,598.4,581.12,585.05,1590.0
2009-02-26,590.0,611.23,580.0,600.0,7268.0
2009-02-27,599.99,610.0,584.0,595.0,9487.0
2009-03-02,599.99,600.0,576.12,580.15,3399.0
2009-03-03,579.0,593.77,560.01,593.71,8880.0
2009-03-04,593.7,615.0,593.7,609.0,13150.0
2009-03-05,609.5,618.6,595.0,603.0,6353.0
2009-03-06,590.7,616.9,590.66,605.0,9625.0
2009-03-10,604.35,640.0,599.23,635.0,32325.0
2009-03-11,635.0,680.0,629.67,674.0,35003.0
2009-03-12,665.1,709.88,660.0,707.0,29287.0
2009-03-13,707.0,723.99,685.0,710.0,12800.0
2009-03-16,710.0,755.0,677.01,753.57,8764.0
2009-03-17,753.0,809.0,753.0,787.0,8883.0
2009-03-18,784.0,794.0,766.3,780.74,29033.0
2009-03-19,770.01,800.0,752.11,759.49,12200.0
2009-03-20,759.47,779.0,750.01,771.0,10043.0
2009-03-23,777.0,777.0,749.99,772.0,13142.0
2009-03-24,762.01,775.73,757.0,760.0,8427.0
2009-03-25,765.0,775.0,758.0,771.0,9953.0
2009-03-26,770.01,771.0,750.0,763.76,10898.0
2009-03-27,763.76,770.0,741.0,765.0,8985.0
2009-03-30,752.0,765.0,748.0,757.0,3116.0
2009-03-31,756.0,797.99,745.21,783.0,14166.0
2009-04-01,823.0,861.0,800.03,815.98,28159.0
2009-04-02,819.87,840.0,801.01,836.37,47356.0
2009-04-03,825.17,855.0,815.02,843.0,47703.0
2009-04-06,850.0,863.99,835.01,843.73,21469.0
2009-04-07,843.0,849.0,822.56,845.1,12565.0
2009-04-08,827.45,851.0,827.45,840.0,15671.0
2009-04-09,850.0,914.99,849.51,895.13,46259.0
2009-04-10,895.13,909.0,880.0,890.0,13909.0
2009-04-13,880.0,905.0,870.03,890.0,12635.0
2009-04-14,881.86,999.02,881.86,980.0,23294.0
2009-04-15,981.12,1051.0,945.0,1039.61,46984.0
2009-04-16,1050.0,1099.99,1050.0,1075.5,14607.0
2009-04-17,1077.0,1116.0,1051.06,1092.0,21017.0
2009-04-20,1113.37,1130.0,1080.01,1125.0,87175.0
2009-04-21,1105.0,1119.61,1070.49,1087.9,32584.0
2009-04-22,1097.99,1097.99,1031.0,1059.0,6391.0
2009-04-23,1068.99,1094.0,1036.11,1084.99,13272.0
2009-04-24,1072.64,1086.5,1060.0,1060.0,2681.0
2009-04-27,1055.01,1068.37,1001.0,1060.0,21968.0
2009-04-28,1060.0,1090.0,1010.01,1078.15,39299.0
2009-04-29,1084.0,1110.99,1067.0,1091.43,17352.0
2009-04-30,1105.13,1108.99,1061.55,1094.97,10459.0
2009-05-04,1094.99,1095.0,1075.0,1082.8,18128.0
2009-05-05,1083.0,1083.0,1045.0,1059.97,34590.0
2009-05-06,1050.01,1087.0,1045.0,1075.0,20499.0
2009-05-07,1084.52,1090.0,1061.15,1080.0,44644.0
2009-05-08,1085.0,1088.03,1070.01,1083.99,33122.0
2009-05-12,1080.0,1220.0,1080.0,1208.01,105641.0
2009-05-13,1213.0,1243.0,1191.01,1221.0,80602.0
2009-05-14,1200.01,1200.01,1145.0,1165.0,21299.0
2009-05-15,1169.99,1181.0,1144.61,1150.0,5858.0
2009-05-18,1144.62,1185.0,1125.0,1185.0,20646.0
2009-05-19,1190.0,1210.0,1180.0,1209.44,59293.0
2009-05-20,1205.0,1205.0,1185.0,1192.7,10686.0
2009-05-21,1185.01,1198.99,1151.7,1169.5,8105.0
2009-05-22,1156.0,1174.98,1150.0,1166.0,29073.0
2009-05-25,1166.11,1169.0,1141.0,1157.0,5883.0
2009-05-26,1143.0,1152.0,1133.0,1140.01,8399.0
2009-05-27,1152.0,1159.0,1117.01,1137.8,10603.0
2009-05-28,1139.0,1140.0,1104.02,1121.1,5765.0
2009-05-29,1137.93,1140.0,1115.84,1125.0,19509.0
2009-06-01,1138.62,1179.99,1123.0,1162.0,11283.0
2009-06-02,1169.99,1199.0,1145.0,1185.0,11236.0
2009-06-03,1188.9,1190.0,1155.01,1177.0,15542.0
2009-06-04,1161.52,1179.47,1141.0,1179.47,11736.0
2009-06-05,1181.0,1198.0,1179.8,1198.0,25689.0
2009-06-08,1193.3,1204.0,1182.8,1200.0,27585.0
2009-06-09,1200.0,1209.0,1190.0,1197.0,7566.0
2009-06-10,1205.4,1205.5,1180.0,1180.0,2673.0
2009-06-11,1180.0,1180.0,1160.02,1167.02,3054.0
2009-06-15,1167.11,1179.0,1160.0,1177.0,10595.0
2009-06-16,1177.0,1177.97,1150.0,1166.0,27489.0
2009-06-17,1158.06,1166.29,1150.0,1162.75,18531.0
2009-06-18,1167.99,1167.99,1145.01,1160.0,96146.0
2009-06-19,1160.0,1195.0,1155.0,1181.0,37502.0
2009-06-22,1182.01,1185.0,1165.01,1175.0,68614.0
2009-06-23,1155.0,1206.0,1155.0,1190.01,113858.0
2009-06-24,1200.0,1212.0,1190.0,1205.0,15192.0
2009-06-25,1205.0,1205.0,1175.12,1180.0,5848.0
2009-06-26,1180.0,1189.99,1160.0,1182.0,9768.0
2009-06-29,1182.0,1183.99,1169.0,1169.0,1075.0
2009-06-30,1170.0,1179.99,1164.0,1175.0,4614.0
2009-07-01,1189.99,1190.0,1160.02,1165.0,26222.0
2009-07-02,1179.99,1189.0,1167.01,1186.0,24511.0
2009-07-03,1183.0,1185.0,1175.0,1182.84,3065.0
2009-07-06,1182.84,1185.0,1156.0,1165.41,4251.0
2009-07-07,1161.09,1169.0,1151.11,1151.11,1940.0
2009-07-08,1151.11,1151.11,1131.01,1140.0,3377.0
2009-07-09,1140.0,1150.03,1135.01,1145.0,10463.0
2009-07-10,1151.0,1169.99,1132.59,1148.0,5778.0
2009-07-13,1164.98,1168.67,1140.01,1141.0,2949.0
2009-07-14,1139.99,1140.0,1088.0,1100.0,4281.0
2009-07-15,1093.6,1099.8,1080.05,1094.0,3771.0
2009-07-16,1090.5,1121.0,1080.2,1088.8,1824.0
2009-07-17,1082.45,1094.99,1071.01,1094.99,4758.0
2009-07-20,1081.0,1095.0,1070.6,1080.01,3790.0
2009-07-21,1094.17,1094.17,1072.08,1075.0,1514.0
2009-07-22,1086.6,1104.59,1078.0,1104.59,8764.0
2009-07-23,1104.99,1162.99,1104.0,1157.0,6744.0
2009-07-24,1166.0,1218.02,1166.0,1200.01,20030.0
2009-07-27,1208.99,1231.0,1205.0,1220.0,19300.0
2009-07-28,1225.0,1250.0,1219.94,1250.0,26412.0
2009-07-29,1239.0,1350.0,1238.0,1320.0,65654.0
2009-07-30,1320.0,1344.0,1266.81,1281.99,6420.0
2009-07-31,1289.0,1311.0,1267.92,1310.0,12870.0
2009-08-03,1310.01,1325.0,1301.0,1305.0,22913.0
2009-08-04,1305.01,1312.12,1290.01,1301.99,5107.0
2009-08-05,1301.92,1309.0,1284.01,1293.69,46470.0
2009-08-06,1296.99,1308.82,1294.87,1306.0,37117.0
2009-08-07,1308.99,1318.0,1295.86,1316.0,3841.0
2009-08-10,1318.0,1378.0,1310.0,1373.0,15451.0
2009-08-11,1373.0,1448.39,1370.0,1396.3,18628.0
2009-08-12,1397.0,1470.0,1390.0,1465.0,15605.0
2009-08-13,1448.8,1469.99,1426.02,1443.99,26857.0
2009-08-14,1429.0,1429.99,1387.0,1419.99,7660.0
2009-08-17,1409.97,1448.97,1350.0,1435.0,8917.0
2009-08-18,1407.07,1435.0,1390.01,1415.0,6181.0
2009-08-19,1415.0,1422.0,1400.0,1419.99,6776.0
2009-08-20,1420.0,1462.0,1415.0,1460.0,14803.0
2009-08-21,1432.67,1483.0,1432.67,1472.0,11671.0
2009-08-24,1494.0,1500.0,1401.01,1490.0,17843.0
2009-08-25,1463.0,1595.0,1463.0,1588.0,55219.0
2009-08-26,1594.0,1684.0,1537.21,1618.0,57516.0
2009-08-27,1620.0,1620.0,1562.0,1565.0,19631.0
2009-08-28,1600.0,1609.0,1570.0,1593.0,10842.0
2009-08-31,1576.62,1598.0,1575.0,1585.0,4527.0
2009-09-01,1584.99,1648.0,1575.0,1638.93,10076.0
2009-09-02,1601.02,1624.99,1576.01,1590.01,9014.0
2009-09-03,1581.85,1595.0,1560.51,1585.0,7497.0
2009-09-04,1590.0,1590.0,1550.02,1565.0,5374.0
2009-09-07,1565.6,1565.6,1503.73,1533.0,3332.0
2009-09-08,1535.0,1590.0,1524.9,1585.0,15238.0
2009-09-09,1581.0,1638.0,1565.0,1587.0,34911.0
2009-09-10,1595.0,1619.98,1589.0,1619.98,10674.0
2009-09-11,1619.98,1714.98,1610.0,1690.0,19059.0
2009-09-14,1693.88,1749.95,1645.0,1678.0,18343.0
2009-09-15,1685.0,1685.0,1650.0,1651.0,12502.0
2009-09-16,1650.0,1699.0,1645.0,1655.0,26213.0
2009-09-17,1676.98,1677.0,1631.85,1650.0,2520.0
2009-09-18,1650.0,1659.1,1610.0,1620.0,6034.0
2009-09-21,1624.0,1646.13,1609.91,1622.38,4768.0
2009-09-22,1634.0,1682.0,1634.0,1682.0,17517.0
2009-09-23,1690.0,1750.0,1688.73,1746.9,44823.0
2009-09-24,1716.31,1755.0,1695.0,1737.99,11516.0
2009-09-25,1737.99,1739.68,1695.0,1719.1,18195.0
2009-09-28,1710.02,1748.0,1710.01,1740.0,13667.0
2009-09-29,1740.0,1820.06,1740.0,1810.0,18977.0
2009-09-30,1805.0,1810.0,1785.0,1800.0,7797.0
2009-10-01,1791.51,1890.0,1791.49,1882.99,40864.0
2009-10-02,1855.2,1880.0,1800.0,1815.0,15999.0
2009-10-05,1778.0,1839.52,1778.0,1790.5,4390.0
2009-10-06,1810.0,1810.0,1767.5,1805.0,44705.0
2009-10-07,1800.0,1800.0,1770.0,1780.0,21600.0
2009-10-08,1803.99,1804.0,1772.0,1780.2,21260.0
2009-10-09,1780.2,1880.0,1761.01,1785.0,23337.0
2009-10-12,1790.0,1798.5,1770.0,1772.25,3217.0
2009-10-13,1813.0,1829.9,1756.0,1776.0,10333.0
2009-10-14,1800.0,1800.0,1770.03,1775.0,10597.0
2009-10-15,1793.1,1830.0,1751.0,1765.0,4470.0
2009-10-16,1762.45,1800.0,1760.01,1793.0,50054.0
2009-10-19,1820.0,1830.0,1785.0,1792.1,8218.0
2009-10-20,1794.0,1800.0,1784.1,1785.0,11518.0
2009-10-21,1785.0,1785.0,1601.0,1734.0,17283.0
2009-10-22,1729.99,1730.0,1699.95,1715.0,13151.0
2009-10-23,1710.0,1715.0,1681.0,1710.0,3013.0
2009-10-26,1702.06,1716.0,1670.5,1680.0,5046.0
2009-10-27,1680.0,1680.0,1609.89,1631.51,4376.0
2009-10-28,1631.51,1632.0,1526.0,1615.5,12414.0
2009-10-29,1607.0,1724.0,1607.0,1712.02,28849.0
2009-10-30,1725.0,1759.98,1712.0,1748.0,9368.0
2009-11-02,1750.0,1800.0,1680.0,1789.99,12282.0
2009-11-03,1770.99,1809.0,1732.0,1743.01,7193.0
2009-11-05,1759.99,1800.0,1744.0,1753.0,7242.0
2009-11-06,1753.0,1760.0,1724.58,1740.0,8121.0
2009-11-09,1759.99,1810.0,1740.0,1800.0,14360.0
2009-11-10,1800.01,1820.99,1789.98,1810.0,37538.0
2009-11-11,1819.99,1889.0,1819.0,1843.0,18472.0
2009-11-12,1845.0,1850.0,1777.77,1809.99,15574.0
2009-11-13,1775.07,1809.98,1760.03,1780.0,4199.0
2009-11-16,1795.0,1816.73,1750.0,1800.0,16457.0
2009-11-17,1780.0,1830.0,1760.5,1795.0,12962.0
2009-11-18,1809.99,1809.99,1771.0,1772.0,3884.0
2009-11-19,1773.0,1797.97,1772.0,1788.0,5450.0
2009-11-20,1795.01,1805.0,1750.03,1785.0,22865.0
2009-11-23,1800.0,1800.0,1755.02,1770.0,3813.0
2009-11-24,1762.52,1790.0,1762.52,1790.0,7331.0
2009-11-25,1797.29,1800.0,1755.07,1786.61,3817.0
2009-11-26,1780.0,1784.0,1730.0,1760.0,2230.0
2009-11-27,1750.0,1799.95,1745.0,1790.0,23530.0
2009-11-30,1813.09,1820.0,1777.78,1805.0,13274.0
2009-12-01,1805.0,1939.99,1792.32,1925.0,20327.0
2009-12-02,1916.17,1960.0,1906.01,1947.0,8889.0
2009-12-03,1949.99,1990.0,1925.0,1941.0,31533.0
2009-12-04,1957.0,1970.0,1941.0,1970.0,7933.0
2009-12-07,1974.49,2060.0,1969.26,2060.0,5909.0
2009-12-08,2040.0,2157.0,2040.0,2157.0,33763.0
2009-12-09,2210.0,2300.0,2140.0,2210.0,14812.0
2009-12-10,2222.0,2222.0,2130.76,2190.0,11332.0
2009-12-11,2190.0,2229.0,2135.01,2229.0,14230.0
2009-12-14,2222.0,2248.0,2194.84,2232.32,1927.0
2009-12-15,2229.0,2229.0,2174.67,2192.11,3541.0
2009-12-16,2200.0,2200.0,2140.0,2150.0,12761.0
2009-12-17,2131.1,2160.0,2071.13,2075.0,22677.0
2009-12-18,2077.0,2085.0,2064.2,2070.0,1136.0
2009-12-21,2070.0,2160.0,2060.59,2160.0,6731.0
2009-12-22,2170.0,2193.0,2135.11,2193.0,7539.0
2009-12-23,2195.0,2200.0,2160.47,2190.0,4791.0
2009-12-24,2199.9,2215.0,2170.0,2180.1,4731.0
2009-12-25,2180.1,2180.1,2125.0,2150.0,1069.0
2009-12-28,2160.0,2160.0,2092.0,2125.0,3454.0
2009-12-29,2126.16,2170.1,2093.0,2145.0,4001.0
2009-12-30,2145.0,2160.0,2101.0,2160.0,1096.0
2009-12-31,2162.0,2180.0,2100.0,2162.0,2169.0
2010-01-11,2160.53,2240.0,2160.52,2220.0,5904.0
2010-01-12,2230.0,2297.0,2190.0,2208.99,7348.0
2010-01-13,2220.0,2222.22,2180.06,2186.17,2765.0
2010-01-14,2195.0,2199.99,2152.0,2165.0,4593.0
2010-01-15,2165.0,2184.0,2132.95,2160.01,8792.0
2010-01-18,2160.0,2165.0,2135.0,2139.99,15472.0
2010-01-19,2152.99,2160.0,2103.0,2136.59,39249.0
2010-01-20,2135.0,2189.99,2135.0,2155.0,9832.0
2010-01-21,2157.0,2164.97,2112.4,2115.0,1086.0
2010-01-22,2140.0,2162.02,2002.09,2134.99,11711.0
2010-01-25,2092.0,2129.99,2080.0,2100.13,5010.0
2010-01-26,2100.0,2125.0,2081.09,2100.0,2897.0
2010-01-27,2085.0,2102.0,2042.62,2080.0,2683.0
2010-01-28,2090.0,2118.81,2080.0,2080.0,6520.0
2010-01-29,2050.0,2099.0,2048.0,2067.0,4326.0
2010-02-01,2041.0,2067.0,2006.1,2048.99,2378.0
2010-02-02,2055.0,2099.8,2015.28,2068.0,6368.0
2010-02-03,2068.0,2117.0,2067.7,2094.98,7805.0
2010-02-04,2083.0,2094.98,2056.4,2080.0,5730.0
2010-02-05,2056.5,2093.99,2010.0,2087.71,7374.0
2010-02-08,2087.71,2100.88,2031.25,2060.0,5753.0
2010-02-09,2060.0,2065.0,2002.02,2015.3,12557.0
2010-02-10,2030.0,2090.0,2015.5,2085.0,16304.0
2010-02-11,2049.89,2071.0,2008.92,2048.96,6071.0
2010-02-12,2045.0,2054.0,2010.01,2048.0,17535.0
2010-02-15,2039.0,2045.0,2011.0,2040.0,3022.0
2010-02-16,2040.0,2040.29,2011.51,2032.15,5480.0
2010-02-17,2036.14,2040.0,1980.26,1991.15,5292.0
2010-02-18,2004.99,2004.99,1990.0,2004.89,1819.0
2010-02-19,1980.0,2000.0,1964.36,1987.0,1975.0
2010-02-24,1981.28,2011.11,1972.0,1993.06,1330.0
2010-02-25,1993.05,1993.05,1926.07,1944.11,3162.0
2010-02-26,1944.1,1960.0,1900.0,1929.7,11975.0
2010-02-27,1922.0,1930.0,1908.98,1920.07,1019.0
2010-03-01,1930.15,1996.0,1925.71,1961.49,13123.0
2010-03-02,1980.0,2040.0,1964.0,2017.99,36549.0
2010-03-03,2025.0,2112.12,1990.01,2108.99,71719.0
2010-03-04,2100.0,2144.43,2078.8,2115.0,39770.0
2010-03-05,2123.0,2165.86,2110.0,2160.0,4270.0
2010-03-09,2159.99,2182.0,2128.99,2182.0,10908.0
2010-03-10,2148.67,2195.0,2147.09,2180.0,7755.0
2010-03-11,2185.0,2219.99,2185.0,2219.45,11443.0
2010-03-12,2219.0,2220.0,2190.11,2200.0,4260.0
2010-03-15,2200.0,2210.1,2180.0,2200.0,6185.0
2010-03-16,2201.0,2210.0,2185.0,2198.0,4959.0
2010-03-17,2209.0,2228.0,2186.0,2228.0,19568.0
2010-03-18,2228.0,2295.0,2190.52,2295.0,14466.0
2010-03-19,2299.0,2343.0,2260.0,2315.0,10247.0
2010-03-22,2300.0,2339.11,2275.0,2325.0,3880.0
2010-03-23,2301.02,2382.0,2300.01,2330.01,4635.0
2010-03-24,2320.01,2370.0,2320.01,2365.0,10871.0
2010-03-25,2370.0,2470.0,2325.0,2469.0,8981.0
2010-03-26,2488.0,2628.0,2459.51,2550.0,28264.0
2010-03-29,2580.0,2640.0,2576.0,2611.0,40641.0
2010-03-30,2600.0,2625.0,2550.01,2581.0,12513.0
2010-03-31,2585.0,2591.9,2320.0,2570.0,19354.0
2010-04-01,2570.0,2599.99,2550.0,2550.0,9186.0
2010-04-02,2555.76,2586.74,2540.0,2540.5,4281.0
2010-04-05,2540.0,2550.0,2520.0,2550.0,4174.0
2010-04-06,2572.39,2586.5,2520.01,2559.97,9621.0
2010-04-07,2560.01,2571.97,2530.0,2530.0,7081.0
2010-04-08,2520.0,2530.0,2501.01,2504.0,1323.0
2010-04-09,2501.0,2539.05,2451.0,2475.01,5906.0
2010-04-12,2504.96,2569.62,2470.0,2477.01,3324.0
2010-04-13,2477.03,2504.08,2476.01,2480.0,1175.0
2010-04-14,2494.59,2515.31,2475.01,2500.0,4343.0
2010-04-15,2505.0,2590.1,2505.0,2562.85,8591.0
2010-04-16,2552.3,2562.82,2515.0,2530.0,1381.0
2010-04-19,2512.33,2512.33,2401.13,2511.07,6380.0
2010-04-20,2510.0,2580.0,2500.0,2500.0,1080.0
2010-04-21,2530.0,2599.99,2512.0,2524.0,6539.0
2010-04-22,2515.0,2524.0,2470.64,2490.0,2366.0
2010-04-23,2500.0,2555.0,2490.0,2555.0,7304.0
2010-04-26,2562.0,2600.0,2562.0,2585.0,3236.0
2010-04-27,2575.05,2596.0,2550.0,2595.0,4478.0
2010-04-28,2600.0,2620.0,2535.01,2542.6,4615.0
2010-04-29,2550.0,2550.0,2502.0,2520.0,1555.0
2010-04-30,2520.0,2565.0,2506.7,2560.0,3454.0
2010-05-04,2580.0,2580.01,2508.05,2537.0,8012.0
2010-05-05,2504.39,2537.77,2455.16,2495.0,2544.0
2010-05-06,2524.99,2525.0,2421.0,2500.0,7555.0
2010-05-07,2421.0,2439.99,2300.0,2344.99,3151.0
2010-05-11,2458.0,2550.0,2400.0,2500.03,2570.0
2010-05-12,2500.0,2700.0,2475.4,2700.0,5410.0
2010-05-13,2700.0,2800.0,2613.67,2680.0,9448.0
2010-05-14,2740.0,2747.2,2548.99,2609.92,4850.0
2010-05-17,2546.02,2600.0,2467.03,2574.96,1321.0
2010-05-18,2580.05,2599.0,2560.0,2579.5,2800.0
2010-05-19,2545.2,2559.85,2456.25,2465.02,22408.0
2010-05-20,2499.0,2499.0,2332.82,2370.01,5160.0
2010-05-21,2398.72,2421.87,2300.23,2355.0,8617.0
2010-05-24,2365.0,2622.14,2290.0,2458.0,13649.0
2010-05-25,2331.03,2501.56,2300.01,2471.0,17794.0
2010-05-26,2489.22,2969.0,2489.1,2781.35,22429.0
2010-05-27,2781.5,2900.0,2600.0,2639.55,13955.0
2010-05-28,2641.01,2760.0,2600.0,2700.03,16825.0
2010-05-31,2700.0,2725.0,2685.0,2721.0,7868.0
2010-06-01,2664.4,2788.0,2664.4,2755.15,7453.0
2010-06-02,2720.01,2810.03,2710.0,2740.0,7125.0
2010-06-03,2740.0,2840.5,2715.0,2720.0,1429.0
2010-06-04,2759.86,2800.0,2725.0,2780.0,3514.0
2010-06-07,2770.0,2889.0,2636.32,2780.0,4375.0
2010-06-08,2780.05,2849.99,2748.02,2777.0,3964.0
2010-06-09,2829.98,2835.0,2750.0,2767.0,8247.0
2010-06-10,2786.99,2804.76,2732.99,2740.01,7919.0
2010-06-11,2779.29,2779.29,2701.47,2740.01,526.0
2010-06-15,2760.0,2770.0,2750.0,2759.99,821.0
2010-06-16,2770.0,2770.01,2730.0,2769.9,1396.0
2010-06-17,2769.0,2795.0,2730.0,2739.5,1534.0
2010-06-18,2725.77,2740.0,2650.0,2690.0,33184.0
2010-06-21,2707.0,2707.5,2641.04,2641.04,33755.0
2010-06-22,2602.4,2700.0,2601.0,2670.0,43860.0
2010-06-23,2659.0,2683.0,2625.21,2627.0,10776.0
2010-06-24,2662.07,2680.0,2621.16,2660.0,11624.0
2010-06-25,2689.2,2689.2,2550.0,2599.0,32604.0
2010-06-28,2610.12,2639.99,2525.03,2619.99,11145.0
2010-06-29,2605.0,2612.64,2504.0,2530.71,15828.0
2010-06-30,2547.97,2661.51,2461.0,2661.51,1276.0
2010-07-01,2550.0,2575.0,2487.62,2545.8,3166.0
2010-07-02,2570.13,2574.99,2471.03,2499.99,5686.0
2010-07-05,2499.99,2500.0,2412.39,2412.39,2260.0
2010-07-06,2449.0,2549.0,2440.5,2548.0,2577.0
2010-07-07,2455.01,2667.0,2454.01,2590.0,4211.0
2010-07-08,2620.78,2629.95,2574.01,2629.47,1199.0
2010-07-09,2652.45,2671.96,2535.0,2638.46,2678.0
2010-07-12,2638.77,2760.0,2582.57,2734.0,4914.0
2010-07-13,2715.0,2800.0,2700.0,2766.57,930.0
2010-07-14,2814.99,2824.39,2768.6,2799.99,6709.0
2010-07-15,2799.4,2850.0,2777.01,2785.0,3663.0
2010-07-16,2784.99,2999.0,2745.7,2950.0,4737.0
2010-07-19,2900.03,3080.0,2900.0,2980.0,12813.0
2010-07-20,3000.01,3005.0,2885.0,2885.01,12943.0
2010-07-21,2886.0,2981.03,2832.0,2891.99,4256.0
2010-07-22,2898.89,2930.0,2880.28,2900.08,2147.0
2010-07-23,2900.0,2999.77,2900.0,2999.77,2070.0
2010-07-26,2999.0,3089.01,2999.0,3020.0,4515.0
2010-07-27,3032.5,3080.0,3000.0,3020.0,13040.0
2010-07-28,3015.0,3033.0,2960.0,3000.0,10046.0
2010-07-29,3000.0,3010.0,2971.0,2985.02,1646.0
2010-07-30,2999.6,3000.0,2954.0,2970.0,4243.0
2010-08-02,2999.39,3020.0,2989.51,2999.97,1104.0
2010-08-03,3004.99,3065.0,2900.0,2980.0,9783.0
2010-08-04,2984.73,3039.0,2955.77,3039.0,1464.0
2010-08-05,3049.98,3175.0,3016.8,3175.0,11544.0
2010-08-06,3180.0,3199.99,3099.98,3100.0,5419.0
2010-08-09,3128.28,3128.28,3097.25,3100.02,1947.0
2010-08-10,3109.96,3127.05,3090.0,3098.5,3036.0
2010-08-11,3120.99,3121.0,3075.0,3090.01,4487.0
2010-08-12,3075.01,3155.55,3075.0,3139.99,1717.0
2010-08-13,3139.99,3150.0,3100.0,3120.01,3147.0
2010-08-16,3120.01,3187.77,3094.01,3165.4,3442.0
2010-08-17,3175.0,3243.0,3116.0,3140.01,3068.0
2010-08-18,3150.0,3250.0,3144.01,3189.0,4036.0
2010-08-19,3185.0,3293.93,3185.0,3260.0,12915.0
2010-08-20,3207.6,3250.0,3149.79,3200.06,1852.0
2010-08-23,3195.06,3245.12,3133.0,3193.57,987.0
2010-08-24,3166.0,3191.99,3144.18,3155.01,923.0
2010-08-25,3166.39,3178.0,2913.04,3018.99,2443.0
2010-08-26,3000.01,3095.62,2991.15,2998.0,1374.0
2010-08-27,2982.19,3008.5,2901.18,2987.01,1744.0
2010-08-30,2999.0,3048.0,2922.3,2935.0,2865.0
2010-08-31,2920.0,3025.0,2920.0,3000.0,28430.0
2010-09-01,3000.04,3048.89,2975.28,3048.89,11408.0
2010-09-02,3030.01,3095.0,2995.0,3061.06,13183.0
2010-09-03,3052.01,3084.85,2992.57,3080.0,10282.0
2010-09-06,3094.85,3109.24,3020.0,3089.77,10576.0
2010-09-07,3089.99,3149.99,3070.0,3110.0,4355.0
2010-09-08,3110.0,3125.0,3071.92,3093.0,1477.0
2010-09-09,3100.01,3177.99,3095.01,3169.99,4839.0
2010-09-10,3175.0,3405.0,3131.44,3400.0,9713.0
2010-09-13,3400.0,3788.99,3270.0,3641.0,16793.0
2010-09-14,3641.01,3700.0,3459.9,3461.3,8003.0
2010-09-15,3499.95,3500.0,3321.12,3410.0,6005.0
2010-09-16,3443.98,3497.99,3370.0,3425.0,5622.0
2010-09-17,3424.99,3477.28,3371.02,3470.0,5320.0
2010-09-20,3490.0,3575.0,3456.13,3575.0,5066.0
2010-09-21,3571.99,3610.0,3508.01,3525.0,11603.0
2010-09-22,3539.99,3539.99,3480.0,3530.0,1198.0
2010-09-23,3530.0,3548.0,3303.0,3440.0,6250.0
2010-09-24,3402.0,3428.16,3358.16,3395.0,1774.0
2010-09-27,3400.0,3410.0,3377.13,3400.0,5253.0
2010-09-28,3390.98,3546.64,3360.1,3460.0,7012.0
2010-09-29,3499.97,3500.0,3425.5,3470.0,10200.0
2010-09-30,3470.0,3590.0,3440.77,3590.0,4712.0
2010-10-01,3599.99,3850.01,3590.05,3800.0,12669.0
2010-10-04,3799.99,3840.0,3707.0,3746.97,3899.0
2010-10-05,3777.0,3808.99,3651.01,3669.99,22660.0
2010-10-06,3641.01,3714.86,3601.1,3664.87,1302.0
2010-10-07,3650.01,3680.0,3601.99,3611.27,7101.0
2010-10-08,3659.96,3659.96,3494.84,3532.99,13987.0
2010-10-11,3540.0,3599.0,3519.31,3534.99,17806.0
2010-10-12,3485.01,3540.0,3461.04,3540.0,6603.0
2010-10-13,3540.0,3660.0,3525.0,3590.0,14927.0
2010-10-14,3580.67,3600.0,3490.0,3521.0,7204.0
2010-10-15,3521.0,3549.0,3488.0,3530.0,25603.0
2010-10-18,3530.0,3665.0,3530.0,3654.0,33171.0
2010-10-19,3665.0,3770.0,3654.0,3664.01,16505.0
2010-10-20,3652.01,3699.97,3600.0,3670.0,9663.0
2010-10-21,3670.07,3759.0,3631.82,3667.0,5006.0
2010-10-22,3667.0,3669.99,3601.0,3605.05,4323.0
2010-10-25,3625.01,3625.22,3557.0,3557.01,7709.0
2010-10-26,3565.0,3598.77,3557.01,3558.0,2697.0
2010-10-27,3560.0,3635.0,3505.0,3525.0,8413.0
2010-10-28,3549.99,3595.0,3505.0,3530.0,7476.0
2010-10-29,3540.0,3606.0,3530.25,3606.0,4241.0
2010-11-01,3607.89,3684.44,3562.43,3590.0,7153.0
2010-11-02,3605.0,3607.0,3511.0,3511.0,5013.0
2010-11-03,3513.12,3600.0,3513.12,3535.0,4011.0
2010-11-08,3569.79,3605.0,3503.16,3520.0,7023.0
2010-11-09,3525.0,3530.0,3427.0,3489.0,13114.0
2010-11-10,3490.0,3541.0,3454.11,3468.0,10063.0
2010-11-11,3480.0,3496.98,3445.03,3457.18,6943.0
2010-11-12,3455.0,3490.0,3451.0,3455.13,7506.0
2010-11-13,3455.01,3472.69,3450.07,3465.0,2352.0
2010-11-15,3470.0,3534.99,3468.0,3520.99,4491.0
2010-11-16,3547.37,3547.37,3482.0,3512.0,10776.0
2010-11-17,3500.0,3500.0,3455.0,3479.0,9559.0
2010-11-18,3489.33,3580.95,3460.0,3560.0,27073.0
2010-11-19,3560.01,3580.0,3521.0,3559.97,8433.0
2010-11-22,3579.0,3590.01,3545.9,3574.85,11451.0
2010-11-23,3572.14,3594.44,3550.0,3593.99,11676.0
2010-11-24,3554.0,3639.95,3554.0,3599.0,7895.0
2010-11-25,3599.0,3645.0,3579.81,3644.99,15888.0
2010-11-26,3602.92,3634.2,3565.0,3624.89,2082.0
2010-11-29,3629.6,3641.89,3590.02,3617.01,5806.0
2010-11-30,3620.0,3644.93,3605.09,3631.0,4883.0
2010-12-01,3632.0,3770.0,3631.0,3756.0,6875.0
2010-12-02,3779.91,3809.99,3733.0,3795.0,10403.0
2010-12-03,3810.0,3934.0,3731.11,3880.0,12063.0
2010-12-06,3889.43,3986.5,3820.01,3979.94,7970.0
2010-12-07,3990.0,4017.0,3921.4,3970.0,5844.0
2010-12-08,3950.0,4049.99,3921.17,4049.99,17051.0
2010-12-09,4099.99,4100.0,4001.11,4080.0,5052.0
2010-12-10,4049.99,4195.86,4049.99,4130.01,3208.0
2010-12-13,4150.05,4200.0,4018.03,4040.0,8917.0
2010-12-14,4039.99,4100.0,4023.23,4060.0,8725.0
2010-12-15,4067.29,4150.0,4055.0,4150.0,9977.0
2010-12-16,4101.07,4103.0,3960.01,3961.01,13967.0
2010-12-17,3976.99,4015.0,3910.0,3955.0,21025.0
2010-12-20,3955.0,3979.9,3877.77,3910.0,24974.0
2010-12-21,3930.0,3990.0,3900.0,3939.78,7822.0
2010-12-22,3939.78,4017.0,3925.0,3990.0,7417.0
2010-12-23,3990.01,4040.0,3963.07,4036.0,5873.0
2010-12-24,4036.01,4096.08,4029.06,4056.01,4693.0
2010-12-27,4089.96,4089.97,3960.0,3967.05,2328.0
2010-12-28,4003.0,4004.82,3950.0,3974.05,2296.0
2010-12-29,4007.37,4075.0,3952.01,4065.0,11407.0
2010-12-30,4080.0,4080.0,4002.0,4079.98,4714.0
2011-01-11,4098.98,4188.0,4079.97,4168.66,6925.0
2011-01-12,4198.25,4400.0,4087.0,4365.0,15441.0
2011-01-13,4397.0,4495.99,4300.01,4330.0,15650.0
2011-01-14,4307.76,4420.0,4249.99,4343.0,12096.0
2011-01-17,4380.0,4395.0,4203.31,4270.01,39043.0
2011-01-18,4270.01,4350.0,4250.06,4290.0,7993.0
2011-01-19,4309.48,4314.0,4188.46,4229.72,10099.0
2011-01-20,4200.0,4245.34,4150.03,4179.92,12322.0
2011-01-21,4150.0,4222.0,4122.16,4149.0,18503.0
2011-01-24,4150.12,4150.12,4030.2,4079.93,13012.0
2011-01-25,4080.01,4300.0,3995.0,4049.55,39097.0
2011-01-26,4090.92,4299.0,4055.14,4100.0,47586.0
2011-01-27,4101.06,4101.06,4018.0,4053.89,8257.0
2011-01-28,4055.0,4055.0,3865.0,3940.0,18002.0
2011-01-31,3899.0,3998.0,3810.0,3902.01,14155.0
2011-02-01,3915.0,3983.0,3861.02,3950.0,10045.0
2011-02-02,3967.52,4080.68,3950.0,4049.0,32611.0
2011-02-03,4060.0,4139.89,3893.12,3909.99,22906.0
2011-02-04,3939.0,3939.0,3854.19,3860.0,9594.0
2011-02-07,3884.98,3884.99,3760.0,3785.0,11772.0
2011-02-08,3765.0,3824.0,3755.0,3777.0,21083.0
2011-02-09,3789.99,3870.0,3732.0,3769.9,14867.0
2011-02-10,3757.27,3800.0,3691.0,3709.96,9265.0
2011-02-11,3720.02,3735.0,3660.0,3720.0,15258.0
2011-02-14,3725.0,3796.0,3724.99,3796.0,10864.0
2011-02-15,3790.0,3840.19,3730.0,3763.85,9352.0
2011-02-16,3765.01,3798.0,3725.36,3790.0,3392.0
2011-02-17,3790.03,3849.99,3788.0,3800.0,9507.0
2011-02-18,3822.0,3832.49,3751.51,3820.0,4948.0
2011-02-21,3820.0,3830.0,3780.15,3783.09,3679.0
2011-02-22,3790.0,3800.0,3696.0,3744.0,7023.0
2011-02-24,3720.01,3740.0,3570.0,3600.0,16480.0
2011-02-25,3617.0,3718.76,3570.05,3695.0,14176.0
2011-02-28,3710.0,3810.0,3695.01,3789.99,9872.0
2011-03-01,3824.9,3825.0,3764.6,3780.0,4443.0
2011-03-02,3741.5,3787.0,3730.0,3760.0,6578.0
2011-03-03,3740.5,3875.0,3740.5,3851.0,16885.0
2011-03-04,3861.1,3920.0,3800.0,3832.6,15648.0
2011-03-05,3824.0,3890.0,3809.0,3877.2,9829.0
2011-03-09,3899.6,3937.9,3874.6,3910.0,15264.0
2011-03-10,3904.9,3920.0,3815.0,3815.0,8485.0
2011-03-11,3838.7,3842.5,3700.0,3785.9,10714.0
2011-03-14,3770.0,3838.3,3716.1,3800.0,16046.0
2011-03-15,3770.0,3800.3,3670.1,3720.0,23594.0
2011-03-16,3720.0,3812.9,3645.0,3645.0,25588.0
2011-03-17,3641.5,3721.2,3601.8,3669.8,12789.0
2011-03-18,3684.7,3830.0,3624.0,3770.1,22112.0
2011-03-21,3800.1,3889.6,3750.1,3874.0,20802.0
2011-03-22,3898.9,3915.0,3805.1,3899.9,10178.0
2011-03-23,3879.0,3987.0,3870.0,3974.0,12031.0
2011-03-24,3987.6,4047.0,3956.4,3980.0,27174.0
2011-03-25,3979.0,4020.0,3900.0,3998.9,18766.0
2011-03-28,3983.7,4088.9,3960.2,3990.5,7140.0
2011-03-29,4000.0,4000.9,3874.0,3925.2,11806.0
2011-03-30,3930.0,3999.0,3900.1,3984.8,10012.0
2011-03-31,3990.2,3990.2,3930.0,3983.4,21641.0
2011-04-01,3983.4,4047.0,3913.0,3983.8,17031.0
2011-04-04,3983.9,3983.9,3906.0,3951.0,11336.0
2011-04-05,3940.0,3975.0,3865.0,3889.9,12623.0
2011-04-06,3889.9,3890.1,3848.1,3872.0,17408.0
2011-04-07,3872.0,3875.0,3820.0,3841.0,8803.0
2011-04-08,3850.0,3850.9,3800.2,3821.5,9079.0
2011-04-11,3844.9,3845.0,3817.0,3838.4,12287.0
2011-04-12,3830.0,3870.0,3793.0,3843.0,18011.0
2011-04-13,3830.0,3877.0,3800.1,3809.2,16003.0
2011-04-14,3809.2,3857.7,3750.8,3770.5,8933.0
2011-04-15,3750.2,3786.4,3735.0,3764.5,25345.0
2011-04-18,3776.3,3839.5,3631.7,3789.6,26514.0
2011-04-19,3798.0,3805.3,3650.0,3672.0,36069.0
2011-04-20,3680.0,3690.0,3584.0,3600.0,39881.0
2011-04-21,3639.8,3649.6,3572.0,3615.2,13434.0
2011-04-22,3615.0,3723.0,3615.0,3720.0,7544.0
2011-04-25,3748.5,3899.7,3723.0,3753.0,17702.0
2011-04-26,3753.0,3753.0,3650.0,3700.0,12924.0
2011-04-27,3709.8,3720.0,3598.8,3613.7,8508.0
2011-04-28,3639.5,3698.4,3600.2,3686.2,8286.0
2011-04-29,3668.0,3669.8,3590.2,3646.6,5262.0
2011-05-03,3642.1,3680.1,3555.7,3570.1,12370.0
2011-05-04,3554.0,3584.9,3501.3,3554.9,32998.0
2011-05-05,3554.8,3600.0,3507.7,3541.8,12982.0
2011-05-06,3526.4,3720.0,3451.6,3710.0,32545.0
2011-05-10,3700.5,3800.0,3658.0,3710.0,17540.0
2011-05-11,3729.9,3888.9,3668.2,3761.1,23617.0
2011-05-12,3779.0,3868.0,3642.9,3696.0,27577.0
2011-05-13,3690.7,3698.0,3603.5,3660.0,8685.0
2011-05-16,3650.0,3721.1,3601.0,3663.1,5776.0
2011-05-17,3677.8,3730.0,3628.3,3661.0,12086.0
2011-05-18,3685.4,3721.0,3610.2,3696.5,18385.0
2011-05-19,3695.0,3753.5,3635.0,3722.8,20911.0
2011-05-20,3723.0,3768.0,3666.5,3709.3,18806.0
2011-05-23,3709.3,3730.6,3615.9,3649.9,10276.0
2011-05-24,3650.6,3689.1,3610.0,3650.0,17600.0
2011-05-25,3641.0,3770.0,3610.0,3740.3,15947.0
2011-05-26,3745.5,3895.0,3713.0,3870.0,77358.0
2011-05-27,3889.8,3900.0,3845.0,3860.0,34934.0
2011-05-30,3874.4,3888.0,3841.6,3880.0,5706.0
2011-05-31,3885.9,3940.0,3881.0,3930.0,9936.0
2011-06-01,3928.8,3979.0,3882.6,3900.0,29979.0
2011-06-02,3861.0,3940.0,3800.7,3908.0,25516.0
2011-06-03,3907.9,3999.9,3831.3,3840.3,25894.0
2011-06-06,3840.0,3850.0,3751.2,3809.9,11029.0
2011-06-07,3804.8,3819.9,3751.5,3796.7,9645.0
2011-06-08,3767.9,3834.7,3767.2,3796.6,6914.0
2011-06-09,3797.8,3845.0,3782.9,3820.0,7791.0
2011-06-10,3825.5,3960.0,3820.0,3865.0,16564.0
2011-06-14,3857.8,3939.9,3856.0,3892.5,29194.0
2011-06-15,3880.1,4050.0,3880.0,3932.7,58917.0
2011-06-16,3919.9,3930.0,3868.2,3928.9,8811.0
2011-06-17,3901.4,3931.0,3833.2,3875.7,8150.0
2011-06-20,3851.9,3888.5,3790.0,3814.3,8613.0
2011-06-21,3805.0,3849.9,3765.4,3802.0,29389.0
2011-06-22,3771.1,3849.8,3761.6,3835.1,22239.0
2011-06-23,3842.5,3875.0,3750.8,3782.0,15158.0
2011-06-24,3809.0,3818.0,3751.7,3780.0,33201.0
2011-06-27,3780.1,3786.8,3750.0,3752.6,8576.0
2011-06-28,3765.4,3799.9,3751.5,3781.8,15641.0
2011-06-29,3780.4,3819.5,3771.0,3800.0,22795.0
2011-06-30,3821.9,3831.0,3747.5,3759.9,14273.0
2011-07-01,3769.9,4000.0,3701.6,3965.1,169582.0
2011-07-04,4000.1,4120.0,3870.9,3990.1,27595.0
2011-07-05,4019.0,4019.1,3920.1,3954.2,6764.0
2011-07-06,3960.0,3999.0,3891.2,3999.0,7568.0
2011-07-07,3999.9,4144.0,3965.2,4077.1,17558.0
2011-07-08,4065.8,4120.0,4005.3,4025.0,15244.0
2011-07-11,4040.0,4045.0,3910.0,3968.9,15613.0
2011-07-12,3967.2,4049.7,3894.0,3992.6,31957.0
2011-07-13,4004.0,4039.9,3931.0,3989.9,20426.0
2011-07-14,3981.9,4000.0,3910.1,3972.5,15065.0
2011-07-15,3972.0,3972.0,3910.0,3949.6,4396.0
2011-07-18,3922.4,3964.0,3899.8,3913.7,31597.0
2011-07-19,3920.0,4016.0,3910.6,4003.9,9325.0
2011-07-20,3999.9,4100.0,3930.4,3948.0,10432.0
2011-07-21,3950.0,3950.0,3860.0,3923.3,18483.0
2011-07-22,3938.9,3986.8,3900.0,3951.0,25120.0
2011-07-25,3942.0,3986.0,3875.1,3947.7,11908.0
2011-07-26,3925.1,3965.0,3900.0,3960.0,25212.0
2011-07-27,3911.4,4000.0,3910.0,3990.0,12350.0
2011-07-28,3984.0,3996.7,3910.0,3942.3,14130.0
2011-07-29,3936.7,3964.8,3860.4,3955.0,24560.0
2011-08-01,3973.1,4016.0,3962.4,4005.0,18030.0
2011-08-02,4000.0,4036.1,3920.1,3939.8,17450.0
2011-08-03,3920.1,3929.9,3800.0,3819.7,29184.0
2011-08-04,3819.7,3858.7,3702.0,3719.8,38301.0
2011-08-05,3631.8,3825.0,3563.0,3625.4,40041.0
2011-08-08,3545.1,3599.7,3380.0,3450.0,70277.0
2011-08-09,3361.2,3576.0,3229.5,3538.0,70564.0
2011-08-10,3600.0,3680.0,3250.0,3336.7,59457.0
2011-08-11,3382.2,3415.0,2882.5,3130.0,78629.0
2011-08-12,3200.0,3295.0,3060.0,3210.0,24426.0
2011-08-15,3235.6,3389.9,3216.0,3364.0,44855.0
2011-08-16,3354.0,3364.3,3244.8,3270.2,5721.0
2011-08-17,3296.9,3389.8,3260.0,3380.0,91641.0
2011-08-18,3380.0,3380.0,2990.0,3148.8,25841.0
2011-08-19,3066.9,3259.9,3010.1,3190.0,30213.0
2011-08-22,3010.0,3319.8,3008.4,3279.9,14225.0
2011-08-23,3324.9,3360.0,3230.1,3286.6,22576.0
2011-08-24,3289.8,3324.9,3131.2,3175.2,18022.0
2011-08-25,3176.1,3200.0,2885.0,2886.4,70550.0
2011-08-26,2913.0,2945.4,2810.0,2891.5,65444.0
2011-08-29,2933.4,2990.0,2911.9,2980.3,18214.0
2011-08-30,2980.3,3081.4,2960.3,3007.0,39293.0
2011-08-31,3010.2,3189.0,3010.0,3185.0,31848.0
2011-09-01,3166.0,3195.9,3110.0,3116.4,15354.0
2011-09-02,3085.0,3119.6,3004.0,3089.0,12616.0
2011-09-05,3050.0,3173.6,3040.4,3118.1,8788.0
2011-09-06,3118.1,3190.0,3086.0,3130.0,16582.0
2011-09-07,3177.8,3215.0,3131.1,3175.0,12115.0
2011-09-08,3197.9,3198.0,3071.8,3100.0,10142.0
2011-09-09,3105.0,3133.0,3010.0,3029.0,37578.0
2011-09-12,3000.0,3099.9,2857.1,2914.7,59783.0
2011-09-13,2915.0,3014.7,2880.0,2923.3,22592.0
2011-09-14,2898.7,3067.5,2870.1,3035.2,35468.0
2011-09-15,3029.6,3210.0,3029.6,3135.0,86615.0
2011-09-16,3169.9,3193.0,3123.7,3174.0,31090.0
2011-09-19,3137.5,3217.3,3101.0,3105.0,29828.0
2011-09-20,3136.3,3161.9,3101.0,3119.2,13089.0
2011-09-21,3159.4,3161.5,3089.0,3092.0,10129.0
2011-09-22,3089.1,3089.2,2901.0,2931.3,40958.0
2011-09-23,2901.5,2968.8,2780.0,2850.0,50403.0
2011-09-26,2835.1,3076.0,2760.6,2926.1,58738.0
2011-09-27,2950.0,3065.6,2950.0,3005.5,29839.0
2011-09-28,3009.7,3076.0,2851.9,2928.2,19678.0
2011-09-29,2911.7,3000.1,2904.1,2965.6,34932.0
2011-09-30,2986.2,2986.3,2750.0,2765.6,44453.0
2011-10-03,2701.2,2900.0,2600.5,2897.2,42300.0
2011-10-04,2881.4,2896.0,2560.0,2609.3,46808.0
2011-10-05,2688.6,2759.0,2612.8,2695.5,25448.0
2011-10-06,2754.0,2885.0,2720.0,2794.9,60619.0
2011-10-07,2800.0,2930.0,2788.5,2886.9,45600.0
2011-10-10,2920.0,2944.0,2830.0,2867.3,12463.0
2011-10-11,2873.7,2878.3,2675.0,2730.0,67079.0
2011-10-12,2720.1,2750.0,2651.1,2715.0,75294.0
2011-10-13,2717.0,2721.1,2612.9,2665.0,88516.0
2011-10-14,2694.9,2786.0,2660.1,2737.6,24809.0
2011-10-17,2766.8,2900.0,2706.7,2783.1,48731.0
2011-10-18,2799.0,2967.9,2742.0,2950.0,52513.0
2011-10-19,2938.4,2970.0,2805.1,2838.2,29474.0
2011-10-20,2800.0,2868.0,2742.2,2820.0,16451.0
2011-10-21,2840.0,3000.7,2817.0,2955.0,34327.0
2011-10-24,2970.0,3149.9,2950.1,3147.9,55737.0
2011-10-25,3081.7,3200.0,3014.1,3116.3,50515.0
2011-10-26,3116.3,3248.9,3041.0,3244.7,59324.0
2011-10-27,3315.0,3348.0,3210.0,3282.9,44109.0
2011-10-28,3328.9,3500.0,3250.2,3315.0,91227.0
2011-10-31,3257.8,3343.9,3228.1,3293.4,39008.0
2011-11-01,3250.1,3400.0,3164.2,3194.8,79602.0
2011-11-02,3194.0,3218.8,3077.9,3165.4,54887.0
2011-11-03,3148.3,3170.0,2950.3,3109.0,59352.0
2011-11-07,3110.0,3174.8,3060.8,3110.5,41838.0
2011-11-08,3124.5,3157.6,3003.1,3124.8,42254.0
2011-11-09,3140.0,3149.0,2930.0,2970.1,55035.0
2011-11-10,2949.0,2959.0,2850.0,2909.0,44785.0
2011-11-11,2938.0,2960.0,2835.1,2912.0,33174.0
2011-11-14,2960.0,3015.8,2851.0,2923.7,51268.0
2011-11-15,2935.9,2960.0,2765.1,2863.0,41478.0
2011-11-16,2821.4,2875.0,2777.0,2826.7,27387.0
2011-11-17,2824.9,2834.5,2745.1,2805.3,42819.0
2011-11-18,2752.1,2800.0,2745.0,2789.1,14399.0
2011-11-21,2760.0,2829.9,2645.0,2757.0,35153.0
2011-11-22,2751.0,2800.0,2750.0,2780.2,11854.0
2011-11-23,2746.0,2825.0,2700.1,2819.8,14949.0
2011-11-24,2819.9,2886.0,2767.2,2767.2,15363.0
2011-11-25,2750.0,2775.0,2661.9,2715.0,22970.0
2011-11-28,2743.5,2880.0,2743.5,2877.0,47596.0
2011-11-29,2879.0,3160.0,2865.4,2889.8,24158.0
2011-11-30,2900.0,3005.9,2890.0,2985.0,48671.0
2011-12-01,2992.9,3000.0,2850.0,2874.0,53059.0
2011-12-02,2800.0,2839.9,2723.0,2788.0,98701.0
2011-12-05,2831.0,2935.0,2780.0,2836.0,48404.0
2011-12-06,2810.1,2833.5,2770.1,2789.5,106266.0
2011-12-07,2785.2,2824.5,2700.0,2804.0,58970.0
2011-12-08,2818.9,2841.0,2793.6,2815.9,76289.0
2011-12-09,2760.0,2767.2,2663.0,2726.0,44098.0
2011-12-12,2764.9,2767.0,2601.0,2606.1,38768.0
2011-12-13,2606.4,2700.0,2600.0,2650.2,23499.0
2011-12-14,2650.5,2800.0,2585.0,2744.0,93984.0
2011-12-15,2700.0,2780.0,2608.7,2752.0,92753.0
2011-12-16,2760.0,2770.1,2705.0,2733.1,27892.0
2011-12-19,2710.6,2765.0,2650.1,2744.3,32026.0
2011-12-20,2750.0,2777.5,2718.0,2733.1,7716.0
2011-12-21,2759.9,2818.0,2752.4,2791.0,30486.0
2011-12-22,2792.7,2824.5,2730.0,2749.9,12392.0
2011-12-23,2779.9,2789.3,2704.4,2705.5,15502.0
2011-12-26,2734.9,2734.9,2680.0,2710.0,8124.0
2011-12-27,2711.0,2715.0,2685.0,2709.2,5329.0
2011-12-28,2680.1,2759.9,2680.1,2716.2,23020.0
2011-12-29,2707.0,2748.0,2701.0,2725.0,16846.0
2011-12-30,2742.7,2826.0,2702.1,2826.0,30101.0
2012-01-03,2799.9,2893.8,2799.9,2860.0,16766.0
2012-01-04,2872.0,2891.5,2844.8,2864.0,22219.0
2012-01-05,2878.0,2900.0,2832.1,2850.2,56542.0
2012-01-06,2877.5,2920.0,2855.1,2865.1,33064.0
2012-01-09,2860.0,2947.7,2820.2,2911.6,23085.0
2012-01-10,2911.4,2987.3,2889.8,2964.3,40868.0
2012-01-11,2940.3,3140.0,2930.5,3080.1,52046.0
2012-01-12,3051.0,3151.0,3020.0,3075.0,46736.0
2012-01-13,3049.0,3119.7,3015.0,3065.0,30574.0
2012-01-16,3060.0,3134.0,3020.6,3054.0,34860.0
2012-01-17,3050.0,3152.9,3050.0,3141.0,75418.0
2012-01-18,3120.9,3205.9,3080.0,3200.0,45588.0
2012-01-19,3206.4,3260.0,3206.4,3250.0,45974.0
2012-01-20,3250.6,3250.6,3066.0,3066.0,72111.0
2012-01-23,3066.0,3179.0,3065.0,3175.0,68713.0
2012-01-24,3153.1,3220.0,3132.1,3185.0,37565.0
2012-01-25,3184.8,3219.6,3170.1,3183.0,22317.0
2012-01-26,3199.0,3295.0,3185.0,3239.0,58306.0
2012-01-27,3224.9,3325.0,3181.0,3293.9,66481.0
2012-01-30,3274.8,3345.0,3218.0,3257.0,93179.0
2012-01-31,3269.0,3285.0,3159.2,3261.3,51911.0
2012-02-01,3256.9,3425.0,3181.4,3380.0,161924.0
2012-02-02,3372.6,3450.0,3329.8,3427.3,107602.0
2012-02-03,3400.3,3490.0,3356.3,3380.0,24260.0
2012-02-06,3363.0,3450.0,3336.5,3380.0,50339.0
2012-02-07,3367.7,3420.0,3346.0,3350.0,17938.0
2012-02-08,3384.9,3449.0,3371.6,3417.4,68131.0
2012-02-09,3420.0,3425.1,3281.9,3290.0,32006.0
2012-02-10,3299.8,3340.0,3207.0,3321.1,40904.0
2012-02-13,3362.3,3410.0,3300.0,3405.0,78493.0
2012-02-14,3392.7,3499.8,3381.0,3490.9,36553.0
2012-02-15,3497.8,3564.9,3482.1,3560.0,78385.0
2012-02-16,3526.0,3550.0,3453.0,3486.0,77917.0
2012-02-17,3508.0,3539.6,3475.1,3485.0,20113.0
2012-02-20,3484.0,3518.3,3481.7,3498.1,61182.0
2012-02-21,3497.9,3505.0,3470.0,3505.0,41954.0
2012-02-22,3483.5,3550.0,3400.5,3499.9,59313.0
2012-02-24,3512.0,3650.0,3480.1,3622.0,65979.0
2012-02-27,3619.9,3691.0,3552.0,3630.0,48569.0
2012-02-28,3645.4,3690.0,3536.0,3569.1,24338.0
2012-02-29,3607.7,3688.9,3574.0,3650.0,50937.0
2012-03-01,3624.1,3650.0,3510.9,3560.0,42702.0
2012-03-02,3600.0,3650.0,3499.9,3566.1,51122.0
2012-03-05,3586.1,3630.0,3516.0,3548.2,42783.0
2012-03-06,3525.4,3580.0,3412.4,3415.0,38784.0
2012-03-07,3411.1,3495.0,3367.1,3466.0,21217.0
2012-03-11,3515.3,3665.0,3515.3,3660.0,15369.0
2012-03-12,3628.2,3770.0,3475.0,3740.0,61567.0
2012-03-13,3741.1,3800.0,3677.0,3760.0,27684.0
2012-03-14,3800.1,3859.8,3630.0,3825.1,96984.0
2012-03-15,3820.0,3950.0,3766.0,3804.9,166636.0
2012-03-16,3814.9,3840.0,3758.7,3829.0,34412.0
2012-03-19,3828.5,3859.7,3733.0,3745.6,50043.0
2012-03-20,3755.0,3773.9,3640.0,3660.2,61074.0
2012-03-21,3666.1,3680.0,3566.1,3613.4,111263.0
2012-03-22,3614.1,3640.5,3542.5,3589.7,29935.0
2012-03-23,3600.0,3638.4,3556.1,3607.7,24135.0
2012-03-26,3615.1,3699.3,3615.1,3630.0,53834.0
2012-03-27,3659.4,3680.5,3617.4,3640.0,49106.0
2012-03-28,3600.1,3697.0,3580.0,3640.0,46031.0
2012-03-29,3613.1,3650.3,3522.2,3591.0,36140.0
2012-03-30,3644.7,3689.0,3601.1,3647.0,31467.0
2012-04-02,3680.0,3680.0,3625.1,3642.1,47420.0
2012-04-03,3675.4,3700.0,3642.5,3654.9,38394.0
2012-04-04,3654.9,3654.9,3542.0,3634.0,32789.0
2012-04-05,3610.7,3719.0,3594.2,3685.0,58193.0
2012-04-06,3688.2,3740.0,3563.3,3590.0,16902.0
2012-04-09,3600.0,3629.0,3545.0,3589.9,14086.0
2012-04-10,3589.9,3740.0,3550.1,3672.0,38803.0
2012-04-11,3650.1,3735.0,3620.1,3663.0,24986.0
2012-04-12,3699.0,3699.0,3562.0,3627.8,54466.0
2012-04-13,3635.9,3747.7,3620.3,3654.0,17711.0
2012-04-16,3637.0,3754.9,3581.2,3630.0,30725.0
2012-04-17,3630.0,3706.0,3588.9,3668.0,23771.0
2012-04-18,3686.5,3734.0,3630.5,3660.0,11972.0
2012-04-19,3666.0,3720.0,3650.1,3714.0,69393.0
2012-04-20,3708.6,3822.2,3700.0,3771.2,67723.0
2012-04-23,3733.9,3860.1,3721.7,3810.0,79854.0
2012-04-24,3823.2,3846.0,3711.8,3729.0,59202.0
2012-04-25,3744.8,3773.7,3700.0,3740.0,71643.0
2012-04-26,3748.5,3767.3,3652.0,3683.1,49690.0
2012-04-27,3699.9,3732.0,3667.5,3688.7,39334.0
2012-04-28,3700.7,3704.0,3679.8,3690.0,3897.0
2012-05-02,3710.0,3740.0,3550.0,3560.0,88445.0
2012-05-03,3560.0,3640.0,3559.5,3571.0,73442.0
2012-05-04,3574.0,3574.0,3450.3,3490.0,103451.0
2012-05-05,3480.1,3500.0,3427.2,3446.7,7502.0
2012-05-07,3419.0,3498.8,3307.1,3450.0,14787.0
2012-05-08,3456.7,3549.0,3450.1,3530.0,104812.0
2012-05-10,3481.8,3619.0,3481.8,3594.4,44730.0
2012-05-11,3551.0,3585.0,3461.9,3510.0,18121.0
2012-05-12,3487.8,3539.0,3472.3,3519.4,7763.0
2012-05-14,3481.4,3519.0,3429.9,3443.6,144876.0
2012-05-15,3449.4,3520.0,3333.3,3467.9,85046.0
2012-05-16,3391.4,3473.7,3262.0,3451.7,145821.0
2012-05-17,3440.6,3440.6,3243.1,3324.0,40550.0
2012-05-18,3285.0,3385.0,3207.6,3326.0,31473.0
2012-05-21,3355.0,3400.0,3224.2,3379.7,52047.0
2012-05-22,3396.7,3470.0,3325.8,3351.5,85627.0
2012-05-23,3352.1,3409.0,3259.0,3267.5,52079.0
2012-05-24,3324.0,3392.0,3279.1,3345.0,33496.0
2012-05-25,3379.8,3395.0,3238.0,3300.0,53644.0
2012-05-28,3313.8,3449.0,3266.0,3435.0,12171.0
2012-05-29,3447.3,3496.9,3388.0,3390.0,38151.0
2012-05-30,3371.1,3387.0,3324.1,3364.1,61966.0
2012-05-31,3336.6,3470.0,3292.0,3296.0,58626.0
2012-06-01,3328.1,3390.0,3210.0,3250.0,34854.0
2012-06-04,3217.0,3478.0,3211.1,3365.0,20673.0
2012-06-05,3401.0,3413.3,3278.7,3300.0,14972.0
2012-06-06,3331.3,3445.0,3255.0,3403.8,41945.0
2012-06-07,3408.9,3490.0,3300.0,3445.4,67370.0
2012-06-08,3409.9,3489.0,3401.0,3471.6,55477.0
2012-06-09,3496.0,3564.0,3475.5,3548.0,7156.0
2012-06-13,3564.9,3689.8,3525.7,3555.0,32183.0
2012-06-14,3550.0,3620.0,3550.0,3615.0,38790.0
2012-06-15,3650.0,3890.0,3624.8,3719.5,110791.0
2012-06-18,3818.0,3940.0,3700.2,3728.8,68492.0
2012-06-19,3734.9,3796.5,3714.0,3772.0,115963.0
2012-06-20,3765.1,3845.0,3717.0,3797.0,101525.0
2012-06-21,3800.0,3880.0,3740.0,3759.8,36512.0
2012-06-22,3738.0,3842.0,3633.0,3724.9,34977.0
2012-06-25,3756.2,3769.0,3700.0,3750.0,118471.0
2012-06-26,3720.3,3774.9,3720.3,3760.0,63865.0
2012-06-27,3765.0,3860.0,3700.0,3833.9,116199.0
2012-06-28,3824.8,3898.8,3783.4,3814.5,45522.0
2012-06-29,3840.0,3938.1,3839.9,3894.9,49224.0
2012-07-02,3866.0,4046.6,3830.5,3995.0,39119.0
2012-07-03,4000.0,4077.0,3979.8,4002.1,90143.0
2012-07-04,4000.0,4060.0,3952.0,3984.4,44352.0
2012-07-05,3979.9,4017.7,3796.0,3813.9,79591.0
2012-07-06,3813.9,3858.0,3560.0,3651.1,181948.0
2012-07-09,3634.9,3749.9,3605.0,3749.9,29538.0
2012-07-10,3732.0,3817.0,3674.9,3720.4,72494.0
2012-07-11,3720.1,3724.5,3663.0,3694.6,38717.0
2012-07-12,3696.8,3696.8,3575.0,3630.0,43101.0
2012-07-13,3651.0,3760.0,3611.1,3743.8,32070.0
2012-07-16,3759.8,3759.8,3650.1,3680.0,66023.0
2012-07-17,3716.8,3760.0,3680.0,3719.7,21699.0
2012-07-18,3720.2,3997.1,3702.7,3875.0,60775.0
2012-07-19,3897.0,3980.0,3811.5,3960.0,32791.0
2012-07-20,3911.5,3950.5,3800.0,3810.9,33211.0
2012-07-23,3805.7,3888.0,3725.3,3769.0,62229.0
2012-07-24,3770.1,4082.0,3770.1,4079.0,121189.0
2012-07-25,3963.0,4323.9,3955.2,4021.3,173038.0
2012-07-26,4039.0,4180.0,3995.0,4180.0,114135.0
2012-07-27,4190.5,4265.0,4100.0,4100.0,101397.0
2012-07-30,4089.9,4300.0,4078.5,4240.0,57745.0
2012-07-31,4255.0,4300.0,4103.3,4135.2,47179.0
2012-08-01,4151.7,4334.0,4151.6,4200.0,35113.0
2012-08-02,4190.0,4374.6,4156.0,4275.0,43819.0
2012-08-03,4298.0,4350.0,4280.0,4323.5,26760.0
2012-08-06,4370.0,4387.2,4258.5,4268.8,49617.0
2012-08-07,4255.6,4297.6,4185.0,4276.7,40637.0
2012-08-08,4229.0,4315.0,4229.0,4270.0,24816.0
2012-08-09,4284.0,4320.0,4111.4,4130.0,39722.0
2012-08-10,4120.0,4157.8,4050.0,4115.0,34168.0
2012-08-13,4115.0,4288.0,4102.4,4269.9,35057.0
2012-08-14,4285.4,4313.0,4237.0,4295.0,20953.0
2012-08-15,4249.0,4310.0,4200.0,4278.7,22399.0
2012-08-16,4314.9,4339.9,4250.0,4250.0,16594.0
2012-08-17,4286.0,4292.0,4175.0,4187.4,14461.0
2012-08-20,4210.0,4279.0,4130.0,4250.0,34813.0
2012-08-21,4273.0,4339.7,4250.0,4285.1,32201.0
2012-08-22,4263.8,4285.0,4166.0,4275.0,22644.0
2012-08-23,4280.2,4349.9,4157.3,4231.0,36246.0
2012-08-24,4181.1,4229.3,4140.0,4166.7,52082.0
2012-08-27,4166.0,4199.0,4100.3,4116.1,12682.0
2012-08-28,4116.8,4180.0,4080.0,4106.5,23708.0
2012-08-29,4140.9,4145.0,4088.0,4103.5,28114.0
2012-08-30,4112.0,4161.0,4105.0,4160.4,31411.0
2012-08-31,4160.0,4199.0,4160.0,4181.0,46879.0
2012-09-03,4190.0,4282.1,4129.8,4272.0,35554.0
2012-09-04,4271.4,4301.0,4260.0,4279.0,41809.0
2012-09-05,4281.0,4330.0,4247.7,4280.0,32843.0
2012-09-06,4309.3,4320.0,4170.1,4233.0,40962.0
2012-09-07,4240.0,4459.0,4240.0,4388.0,139915.0
2012-09-10,4419.2,4469.5,4330.0,4444.0,198406.0
2012-09-11,4400.0,4496.0,4385.1,4476.5,96332.0
2012-09-12,4480.0,4502.5,4350.0,4419.5,54363.0
2012-09-13,4432.6,4463.0,4392.1,4425.0,38948.0
2012-09-14,4489.1,4700.0,4420.1,4485.0,148723.0
2012-09-17,4485.0,4485.0,4291.5,4395.9,156115.0
2012-09-18,4342.9,4399.9,4202.4,4215.0,95729.0
2012-09-19,4222.1,4271.9,4071.4,4150.0,84982.0
2012-09-20,4167.9,4290.0,3990.0,4125.0,111589.0
2012-09-21,4159.0,4350.0,4155.0,4349.9,69306.0
2012-09-24,4355.0,4410.0,4258.1,4410.0,35700.0
2012-09-25,4420.0,4445.0,4260.0,4297.2,43763.0
2012-09-26,4257.0,4280.1,4151.5,4165.0,64134.0
2012-09-27,4170.4,4244.8,4165.4,4231.4,34726.0
2012-09-28,4247.0,4320.0,4130.9,4164.9,85619.0
2012-10-01,4150.1,4288.3,4150.0,4271.0,25574.0
2012-10-02,4265.0,4335.0,4204.1,4333.7,46526.0
2012-10-03,4332.0,4333.0,4259.7,4307.0,71453.0
2012-10-04,4310.0,4389.0,4291.3,4298.5,115172.0
2012-10-05,4300.0,4450.0,4279.1,4389.9,97209.0
2012-10-08,4386.0,4472.0,4341.0,4456.1,54886.0
2012-10-09,4472.0,4473.3,4391.0,4437.0,54049.0
2012-10-10,4397.0,4458.4,4352.6,4367.0,56402.0
2012-10-11,4367.0,4445.0,4362.2,4439.0,29955.0
2012-10-12,4439.0,4452.7,4391.0,4438.8,45104.0
2012-10-15,4455.0,4455.0,4370.1,4378.9,24675.0
2012-10-16,4396.9,4500.0,4384.0,4499.0,59936.0
2012-10-17,4495.0,4571.3,4459.2,4530.4,67810.0
2012-10-18,4529.9,4578.9,4401.0,4466.9,63164.0
2012-10-19,4439.5,4601.6,4435.0,4580.0,95261.0
2012-10-22,4550.0,4624.6,4465.0,4595.1,31441.0
2012-10-23,4614.9,4620.0,4489.7,4495.1,64624.0
2012-10-24,4536.0,4572.9,4493.0,4528.5,38700.0
2012-10-25,4528.4,4614.9,4493.6,4511.0,154343.0
2012-10-26,4511.0,4586.4,4448.1,4575.0,163249.0
2012-10-29,4595.0,4614.0,4550.2,4570.8,31155.0
2012-10-30,4557.0,4568.4,4400.1,4465.0,38812.0
2012-10-31,4460.0,4525.0,4449.1,4460.0,24188.0
2012-11-01,4440.1,4545.0,4440.1,4519.7,61939.0
2012-11-02,4550.0,4625.0,4502.0,4580.0,109508.0
2012-11-06,4619.0,4723.4,4571.5,4668.8,64609.0
2012-11-07,4699.9,4699.9,4559.7,4655.6,84269.0
2012-11-08,4575.1,4643.0,4450.1,4524.0,57779.0
2012-11-09,4519.2,4553.4,4475.9,4499.0,101358.0
2012-11-12,4490.0,4602.5,4490.0,4580.0,32166.0
2012-11-13,4560.0,4580.0,4421.1,4441.7,95824.0
2012-11-14,4465.0,4507.5,4285.0,4289.6,199562.0
2012-11-15,4247.0,4412.0,4218.4,4400.0,86411.0
2012-11-16,4400.0,4598.0,4398.0,4535.0,75805.0
2012-11-19,4590.0,4600.0,4451.1,4531.2,25771.0
2012-11-20,4549.9,4620.5,4511.1,4574.6,71186.0
2012-11-21,4571.2,4599.0,4545.4,4555.0,34103.0
2012-11-22,4545.5,4585.0,4520.2,4540.0,12167.0
2012-11-23,4550.0,4579.7,4525.0,4545.0,17157.0
2012-11-26,4549.9,4577.0,4431.1,4497.0,14322.0
2012-11-27,4503.7,4520.0,4421.1,4455.9,8457.0
2012-11-28,4436.0,4523.2,4420.0,4514.0,56903.0
2012-11-29,4528.8,4550.0,4431.1,4465.3,20497.0
2012-11-30,4476.5,4507.8,4426.5,4495.0,21536.0
2012-12-03,4504.2,4520.0,4444.4,4456.0,51306.0
2012-12-04,4452.8,4483.9,4425.0,4480.2,32398.0
2012-12-05,4478.0,4510.0,4463.2,4499.9,80158.0
2012-12-06,4499.2,4577.0,4495.0,4501.0,48800.0
2012-12-07,4510.0,4549.0,4480.1,4520.0,26740.0
2012-12-10,4522.0,4573.0,4512.0,4522.3,57011.0
2012-12-11,4537.5,4599.0,4521.2,4595.5,55795.0
2012-12-12,4595.5,4740.0,4575.0,4719.9,92321.0
2012-12-13,4748.9,4848.4,4656.0,4718.0,74946.0
2012-12-14,4725.6,4749.9,4682.0,4697.0,68023.0
2012-12-17,4704.5,4781.5,4700.2,4730.0,56909.0
2012-12-18,4741.4,4900.0,4715.1,4878.6,37746.0
2012-12-19,4875.0,4900.0,4835.1,4851.3,25847.0
2012-12-20,4853.4,4946.9,4808.2,4893.0,22626.0
2012-12-21,4875.1,4893.0,4804.3,4840.0,54060.0
2012-12-24,4824.0,4870.0,4756.3,4835.5,29504.0
2012-12-25,4824.0,4835.0,4726.3,4783.5,6234.0
2012-12-26,4759.7,4821.1,4755.1,4810.5,105958.0
2012-12-27,4819.9,4849.9,4791.7,4826.0,16560.0
2012-12-28,4817.7,4853.0,4739.0,4786.4,31213.0
2013-01-08,4935.8,5120.5,4935.8,4983.7,96840.0
2013-01-09,4980.0,5015.0,4890.0,4899.0,42538.0
2013-01-10,4905.0,4959.3,4880.0,4950.0,72638.0
2013-01-11,4965.0,5009.3,4939.5,4939.9,75072.0
2013-01-14,4945.0,5139.8,4945.0,5118.9,73636.0
2013-01-15,5076.4,5150.0,5040.3,5110.0,42075.0
2013-01-16,5134.1,5500.0,5111.5,5359.6,94067.0
2013-01-17,5374.9,5475.0,5322.5,5472.0,55873.0
2013-01-18,5491.0,5635.5,5423.0,5635.5,79070.0
2013-01-21,5619.9,5749.8,5615.0,5660.0,50405.0
2013-01-22,5686.0,5706.4,5475.9,5510.0,106491.0
2013-01-23,5519.9,5780.0,5511.3,5760.0,113629.0
2013-01-24,5724.1,5739.5,5621.2,5702.9,75039.0
2013-01-25,5709.9,5780.0,5678.0,5678.5,52328.0
2013-01-28,5697.0,5702.9,5621.0,5646.2,39482.0
2013-01-29,5630.0,5691.5,5564.8,5582.0,32243.0
2013-01-30,5585.0,5630.0,5569.8,5600.0,59415.0
2013-01-31,5580.0,5672.1,5530.0,5640.0,64404.0
2013-02-01,5656.1,5849.9,5640.1,5818.0,98110.0
2013-02-04,5841.4,5888.9,5785.0,5819.2,108883.0
2013-02-05,5799.9,5846.0,5732.3,5770.0,144161.0
2013-02-06,5807.7,5837.7,5773.2,5808.3,90283.0
2013-02-07,5724.1,5907.2,5720.0,5825.1,103043.0
2013-02-08,5831.4,5844.6,5761.1,5797.9,64976.0
2013-02-11,5780.1,5799.8,5745.0,5770.0,42196.0
2013-02-12,5770.1,5843.1,5737.6,5829.7,64959.0
2013-02-13,5841.0,5888.0,5812.1,5861.8,132014.0
2013-02-14,5860.0,5879.8,5801.0,5821.0,54664.0
2013-02-15,5815.5,5850.0,5780.0,5833.4,52670.0
2013-02-18,5834.0,5847.9,5800.5,5832.0,20687.0
2013-02-19,5832.0,5870.0,5828.9,5860.0,45006.0
2013-02-20,5860.0,5886.9,5850.0,5863.1,47608.0
2013-02-21,5860.0,5860.0,5742.5,5763.0,112094.0
2013-02-22,5795.9,5822.7,5761.6,5780.0,44971.0
2013-02-25,5780.0,5791.5,5650.0,5713.5,62213.0
2013-02-26,5680.0,5712.8,5612.7,5630.0,32446.0
2013-02-27,5640.7,5680.0,5616.4,5665.0,54498.0
2013-02-28,5670.0,5710.9,5635.1,5704.8,62296.0
2013-03-01,5680.1,5731.4,5625.0,5679.9,45956.0
2013-03-04,5679.9,5731.3,5656.0,5700.2,34102.0
2013-03-05,5700.0,5760.0,5690.0,5750.0,45880.0
2013-03-06,5750.0,5850.0,5737.6,5850.0,27771.0
2013-03-07,5846.9,5988.6,5821.0,5955.0,37191.0
2013-03-11,5985.0,6159.0,5766.1,5813.2,71188.0
2013-03-12,5813.2,5900.0,5722.8,5842.0,55965.0
2013-03-13,5830.0,5919.9,5801.1,5875.3,47827.0
2013-03-14,5890.0,6119.4,5800.0,6050.0,109052.0
2013-03-15,6082.0,6105.0,5970.5,6089.0,136455.0
2013-03-18,6030.5,6058.7,5870.0,5996.6,69015.0
2013-03-19,6019.0,6083.1,5881.0,5881.0,32192.0
2013-03-20,5791.5,6048.6,5760.0,5981.1,47855.0
2013-03-21,6005.0,6040.0,5855.1,5870.0,21717.0
2013-03-22,5871.0,5895.7,5702.4,5765.0,34697.0
2013-03-25,5790.0,5859.4,5607.0,5726.0,40933.0
2013-03-26,5680.0,5750.0,5607.0,5644.2,42140.0
2013-03-27,5651.1,5708.8,5498.0,5600.0,71956.0
2013-03-28,5600.0,6100.0,5577.4,6000.0,114095.0
2013-03-29,6010.0,6124.0,5885.0,5934.9,19841.0
2013-04-01,5925.0,5976.0,5886.1,5910.1,15924.0
2013-04-02,5890.3,5998.0,5890.2,5992.2,59509.0
2013-04-03,5971.8,6040.0,5955.6,5980.0,51318.0
2013-04-04,5955.1,6025.0,5953.7,6000.0,56560.0
2013-04-05,5985.3,6095.0,5981.0,6070.0,68468.0
2013-04-08,6074.0,6339.8,5969.5,6333.0,66736.0
2013-04-09,6358.9,6500.0,6336.1,6401.0,55871.0
2013-04-10,6422.0,6500.0,6273.0,6435.0,58962.0
2013-04-11,6480.0,6480.0,6285.5,6403.0,33049.0
2013-04-12,6371.5,6433.4,6330.0,6390.0,30873.0
2013-04-15,6391.0,6450.0,6156.0,6407.6,43271.0
2013-04-16,6360.1,6479.0,6350.0,6390.7,35228.0
2013-04-17,6399.8,6410.0,6360.4,6400.0,44016.0
2013-04-18,6424.0,6459.0,6310.1,6370.0,33364.0
2013-04-19,6352.9,6382.8,6258.9,6330.0,28097.0
2013-04-22,6350.0,6425.0,6333.3,6382.0,61182.0
2013-04-23,6420.0,6450.0,6258.9,6273.3,60660.0
2013-04-24,6325.9,6385.8,6303.1,6368.0,51687.0
2013-04-25,6375.5,6391.5,6304.9,6349.9,61455.0
2013-04-26,6322.9,6359.0,6258.9,6330.0,61108.0
2013-04-29,6349.0,6359.0,6282.1,6305.0,36853.0
2013-04-30,6315.0,6695.4,6290.6,6640.0,74328.0
2013-05-02,6530.1,6705.0,6530.0,6650.0,31831.0
2013-05-03,6663.0,6872.4,6586.6,6835.0,51791.0
2013-05-06,6820.1,7199.9,6775.0,6860.2,23482.0
2013-05-07,6828.9,7065.6,6820.3,7015.9,62050.0
2013-05-08,7028.8,7120.0,6790.1,6815.0,95497.0
2013-05-10,6814.0,7050.0,6810.0,7020.0,53401.0
2013-05-13,7020.0,7070.0,6960.2,7037.1,41480.0
2013-05-14,7032.4,7220.0,7020.0,7180.2,71312.0
2013-05-15,7197.0,7350.0,7060.2,7190.0,77130.0
2013-05-16,7205.0,7205.0,7050.0,7060.0,44237.0
2013-05-17,7000.0,7146.8,6911.1,7089.9,38750.0
2013-05-20,7088.0,7300.0,7041.9,7294.6,40477.0
2013-05-21,7295.0,7295.0,7160.0,7196.6,43126.0
2013-05-22,7187.7,7529.0,7182.0,7455.9,65303.0
2013-05-23,7379.9,7379.9,6820.0,7164.8,95388.0
2013-05-24,7164.0,7248.8,7002.3,7029.4,29657.0
2013-05-27,7100.0,7194.5,7013.0,7135.0,15889.0
2013-05-28,7167.6,7587.5,7163.0,7473.3,194301.0
2013-05-29,7490.0,7495.0,7260.0,7293.2,91892.0
2013-05-30,7328.9,7369.5,7247.0,7362.4,96911.0
2013-05-31,7357.8,7496.3,7061.4,7169.0,98416.0
2013-06-03,7176.0,7176.0,6903.0,6923.9,123378.0
2013-06-04,6940.0,7099.0,6908.0,7082.9,94630.0
2013-06-05,7060.0,7083.0,6815.5,6931.1,108584.0
2013-06-06,6850.0,6926.8,6750.0,6857.0,76854.0
2013-06-07,6906.0,6984.9,6781.4,6938.1,87463.0
2013-06-10,6940.0,7100.0,6900.0,6998.8,116391.0
2013-06-11,7048.0,7140.0,6865.1,6930.0,123954.0
2013-06-13,7000.1,7016.0,6787.9,6831.2,72367.0
2013-06-14,6862.5,7105.0,6823.6,7105.0,147373.0
2013-06-17,7110.4,7350.0,7091.4,7300.0,183304.0
2013-06-18,7305.0,7394.9,7160.0,7313.0,79949.0
2013-06-19,7298.0,7377.0,7057.2,7132.0,94876.0
2013-06-20,7050.0,7050.0,6880.5,6920.0,116178.0
2013-06-21,6951.7,7195.0,6845.0,7170.3,118098.0
2013-06-24,7151.0,7237.0,6975.0,7220.0,117468.0
2013-06-25,7076.0,7200.0,6806.3,6961.0,136328.0
2013-06-26,6962.0,7129.0,6850.1,7100.0,95654.0
2013-06-27,7155.0,7230.0,7086.2,7227.4,90259.0
2013-06-28,7238.5,7560.0,7180.2,7560.0,139161.0
2013-07-01,7482.3,7599.5,7377.0,7490.0,66033.0
2013-07-02,7451.5,7488.9,7212.1,7234.1,86927.0
2013-07-03,7230.0,7230.0,6925.0,7010.0,109470.0
2013-07-04,7039.0,7252.0,6947.5,7252.0,73779.0
2013-07-05,7266.0,7320.0,7019.1,7030.0,102992.0
2013-07-08,7020.1,7249.2,7008.9,7235.0,70613.0
2013-07-09,7202.0,7282.9,7180.0,7250.0,54415.0
2013-07-10,7250.9,7260.0,7074.0,7138.0,137503.0
2013-07-11,7170.0,7300.0,7090.0,7250.0,133091.0
2013-07-12,7200.0,7460.0,7190.0,7429.0,129680.0
2013-07-15,7373.7,7520.0,7311.4,7520.0,105823.0
2013-07-16,7493.0,7585.0,7410.0,7410.0,106972.0
2013-07-17,7425.0,7530.0,7275.0,7359.0,118888.0
2013-07-18,7340.0,7480.0,7250.0,7480.0,82635.0
2013-07-19,7448.8,7740.0,7404.0,7700.0,78919.0
2013-07-22,7700.0,7824.9,7630.1,7795.0,64917.0
2013-07-23,7755.0,8281.1,7717.2,8260.0,175270.0
2013-07-24,8267.0,8310.0,7905.1,7967.0,99338.0
2013-07-25,7867.1,8080.0,7860.1,8066.6,54164.0
2013-07-26,8090.0,8239.9,8050.0,8178.0,67489.0
2013-07-29,8099.0,8270.0,7950.0,8020.0,72843.0
2013-07-30,8100.0,8200.0,8033.1,8166.8,89000.0
2013-07-31,8174.2,8240.0,8018.0,8025.1,90422.0
2013-08-01,8083.0,8166.6,8038.0,8166.6,67867.0
2013-08-02,8189.9,8248.4,7977.0,7985.0,65181.0
2013-08-05,8020.0,8125.9,7987.3,8099.0,27955.0
2013-08-06,8045.4,8094.9,7970.0,8010.0,58184.0
2013-08-07,7991.5,8059.0,7950.0,8020.0,35568.0
2013-08-08,8049.9,8120.0,8000.0,8070.0,45581.0
2013-08-09,8070.0,8120.0,8005.0,8107.0,50347.0
2013-08-12,8057.0,8106.9,7997.0,8080.0,32507.0
2013-08-13,8085.0,8200.0,8030.2,8165.0,49743.0
2013-08-14,8068.2,8239.9,8068.2,8239.0,47149.0
2013-08-15,8220.0,8239.1,7979.9,7979.9,41460.0
2013-08-16,7999.0,8099.8,7876.8,7975.0,73511.0
2013-08-19,7975.0,8030.1,7821.2,8019.9,49154.0
2013-08-20,7985.2,7985.2,7847.1,7849.9,54089.0
2013-08-21,7850.0,7951.0,7725.0,7743.0,88445.0
2013-08-22,7720.0,7849.9,7661.2,7839.7,66802.0
2013-08-23,7875.0,7939.0,7800.1,7898.8,48325.0
2013-08-26,7955.0,7980.0,7780.0,7808.5,30264.0
2013-08-27,7757.0,7825.8,7400.0,7450.6,183381.0
2013-08-28,7350.0,7581.0,7250.1,7260.0,126293.0
2013-08-29,7270.0,7460.0,7252.5,7418.0,152821.0
2013-08-30,7435.0,7450.0,7360.2,7435.0,70231.0
2013-09-02,7440.0,7603.8,7400.4,7566.7,64459.0
2013-09-03,7490.0,7625.7,7430.1,7500.0,65410.0
2013-09-04,7515.0,7537.5,7432.5,7529.5,68888.0
2013-09-05,7554.0,7750.0,7494.8,7735.0,84432.0
2013-09-06,7735.0,7880.0,7665.2,7671.8,94969.0
2013-09-09,7752.3,7900.0,7680.1,7709.1,60836.0
2013-09-10,7783.0,7855.0,7711.1,7764.2,95751.0
2013-09-11,7775.0,7844.9,7684.1,7840.0,61406.0
2013-09-12,7848.0,8113.8,7829.8,8090.0,94397.0
2013-09-13,8099.9,8149.0,7950.1,8055.0,84808.0
2013-09-16,8091.2,8193.9,8075.0,8171.2,170059.0
2013-09-17,8144.0,8170.0,8050.1,8113.1,37162.0
2013-09-18,8113.1,8160.0,8059.9,8083.2,83074.0
2013-09-19,8170.0,8270.0,8131.5,8230.0,132343.0
2013-09-20,8183.2,8300.0,8010.0,8080.0,64204.0
2013-09-23,8102.7,8121.4,8002.0,8030.0,53359.0
2013-09-24,8049.9,8128.7,7963.7,8049.0,69947.0
2013-09-25,8049.0,8142.1,8005.6,8091.0,83713.0
2013-09-26,8124.0,8300.0,8122.0,8258.0,120926.0
2013-09-27,8280.0,8304.5,8129.2,8180.0,80325.0
2013-09-30,8125.5,8299.0,8113.1,8213.0,57892.0
2013-10-01,8204.8,8279.9,8192.0,8269.9,50593.0
2013-10-02,8275.9,8290.9,8164.7,8197.3,54667.0
2013-10-03,8233.7,8276.9,8140.0,8152.0,51083.0
2013-10-04,8152.8,8403.0,8150.0,8400.1,63195.0
2013-10-07,8396.9,8799.9,8325.0,8639.9,83742.0
2013-10-08,8601.3,8729.5,8550.0,8720.0,99264.0
2013-10-09,8665.0,8781.0,8620.4,8698.6,84479.0
2013-10-10,8698.0,8795.0,8641.2,8666.2,101701.0
2013-10-11,8670.3,8713.3,8503.0,8539.9,68645.0
2013-10-14,8508.9,8549.5,8335.0,8360.0,64827.0
2013-10-15,8396.7,8545.0,8391.3,8452.1,73605.0
2013-10-16,8412.1,8550.0,8305.7,8333.0,92337.0
2013-10-17,8400.1,8420.0,8165.5,8323.3,101481.0
2013-10-18,8340.0,8436.0,8267.9,8386.0,91016.0
2013-10-21,8420.9,8516.4,8305.1,8480.3,99692.0
2013-10-22,8515.0,8665.0,8445.8,8547.0,82409.0
2013-10-23,8500.0,8620.0,8457.0,8570.0,94147.0
2013-10-24,8582.2,8582.3,8421.3,8447.7,75241.0
2013-10-25,8450.0,8450.0,8263.5,8312.3,76980.0
2013-10-28,8362.5,8544.8,8332.1,8510.7,132690.0
2013-10-29,8509.0,8599.9,8480.0,8599.0,54666.0
2013-10-30,8625.0,8719.7,8582.5,8700.0,78890.0
2013-10-31,8670.0,8735.3,8570.1,8651.1,64700.0
2013-11-01,8647.0,8765.0,8647.0,8740.0,72730.0
2013-11-05,8781.0,8781.0,8619.8,8715.0,75626.0
2013-11-06,8679.8,8739.4,8651.6,8678.9,86626.0
2013-11-07,8688.0,8787.6,8660.4,8752.0,64621.0
2013-11-08,8701.3,8733.0,8600.0,8602.7,76887.0
2013-11-11,8609.9,8672.1,8550.0,8644.3,47049.0
2013-11-12,8650.4,8824.4,8621.2,8770.0,57641.0
2013-11-13,8725.0,8742.9,8500.2,8510.0,98931.0
2013-11-14,8594.9,8719.9,8424.0,8704.2,84470.0
2013-11-15,8743.3,8800.0,8650.0,8724.9,46999.0
2013-11-18,8704.7,8830.0,8675.5,8830.0,59539.0
2013-11-19,8810.0,8989.0,8741.0,8792.6,65455.0
2013-11-20,8771.2,8820.8,8750.0,8809.9,49664.0
2013-11-21,8760.3,8837.9,8720.0,8763.0,57408.0
2013-11-22,8799.1,8845.0,8724.6,8821.0,66722.0
2013-11-25,8853.7,9073.6,8840.1,9045.0,90984.0
2013-11-26,9049.6,9079.0,8982.1,9012.6,111901.0
2013-11-27,9016.0,9184.0,9001.2,9156.0,141228.0
2013-11-28,9170.0,9250.0,9076.2,9172.0,76299.0
2013-11-29,9172.0,9239.8,9048.0,9160.0,105993.0
2013-12-02,9144.7,9228.4,9105.1,9127.8,105501.0
2013-12-03,9098.0,9109.0,8820.1,8950.0,159303.0
2013-12-04,8994.9,8994.9,8606.5,8640.0,175841.0
2013-12-05,8634.9,8717.8,8536.2,8567.0,135291.0
2013-12-06,8594.9,8722.6,8421.2,8718.9,147965.0
2013-12-09,8730.0,9037.5,8650.0,9007.2,146381.0
2013-12-10,8993.0,9140.0,8952.0,9040.0,96605.0
2013-12-11,9039.1,9199.0,8941.1,9100.1,130423.0
2013-12-12,9039.9,9058.4,8920.0,8970.0,88436.0
2013-12-13,8989.5,9098.0,8971.1,9066.2,58451.0
2013-12-16,9014.0,9173.9,8990.2,9138.5,116493.0
2013-12-17,9127.3,9230.0,9080.1,9158.0,71081.0
2013-12-18,9158.2,9220.0,9112.4,9207.8,103424.0
2013-12-19,9288.8,9385.0,9073.9,9085.0,129080.0
2013-12-20,9140.0,9140.0,8928.0,8960.0,147709.0
2013-12-23,9010.0,9198.5,8960.9,9148.0,90898.0
2013-12-24,9177.6,9244.4,9150.0,9231.0,39286.0
2013-12-25,9235.9,9258.0,9152.0,9182.1,25056.0
2013-12-26,9152.2,9239.5,9075.0,9130.0,38336.0
2013-12-27,9130.0,9246.9,9083.0,9137.0,68565.0
2013-12-30,9164.9,9250.0,9112.2,9240.0,87628.0
2014-01-06,9230.2,9230.2,8940.0,8956.9,109003.0
2014-01-08,9018.9,9155.0,8930.1,9154.9,63794.0
2014-01-09,9140.0,9151.8,8971.4,8990.5,72354.0
2014-01-10,8990.1,9023.6,8380.1,8450.1,359672.0
2014-01-13,8497.7,8550.0,8050.0,8258.5,438238.0
2014-01-14,8200.0,8500.0,8073.0,8414.0,283378.0
2014-01-15,8465.0,9020.0,8432.1,8902.9,496478.0
2014-01-16,8893.0,9139.7,8883.0,9025.5,336623.0
2014-01-17,9000.0,9093.8,8825.0,8975.5,236919.0
2014-01-20,8928.7,8995.5,8651.1,8714.0,146457.0
2014-01-21,8728.9,8807.7,8352.2,8413.2,251057.0
2014-01-22,8399.0,8420.0,8032.8,8250.0,402276.0
2014-01-23,8249.4,8470.0,8120.0,8283.0,346851.0
2014-01-24,8227.2,8350.0,8102.2,8266.1,229326.0
2014-01-27,8140.1,8600.0,8000.0,8249.9,420849.0
2014-01-28,8208.0,8468.9,8157.0,8232.1,352171.0
2014-01-29,8299.0,8485.9,8150.0,8290.0,414011.0
2014-01-30,8256.0,8327.1,7862.0,8116.3,608569.0
2014-01-31,8150.0,8432.9,8040.0,8395.0,662021.0
2014-02-03,8448.9,8663.8,8390.0,8554.1,250973.0
2014-02-04,8486.3,8582.1,8351.0,8412.5,176444.0
2014-02-05,8435.0,8591.0,8370.4,8540.2,131346.0
2014-02-06,8555.0,8646.0,8471.1,8540.0,145173.0
2014-02-07,8543.3,8614.5,8395.5,8455.0,136080.0
2014-02-10,8435.0,8511.0,8201.7,8280.0,204518.0
2014-02-11,8295.0,8349.5,8184.0,8249.9,173842.0
2014-02-12,8270.0,8410.0,8237.0,8409.9,131073.0
2014-02-13,8408.0,8579.8,8390.0,8435.0,222279.0
2014-02-14,8456.0,8555.0,8361.2,8554.1,148734.0
2014-02-17,8551.1,8629.9,8475.0,8617.2,182696.0
2014-02-18,8600.0,8689.0,8545.0,8584.0,100360.0
2014-02-19,8580.0,8770.0,8571.0,8735.0,151649.0
2014-02-20,8681.1,8737.0,8523.0,8719.9,158585.0
2014-02-21,8739.0,8789.0,8722.2,8730.0,110354.0
2014-02-24,8710.1,8785.1,8668.1,8743.2,82599.0
2014-02-25,8796.0,8885.0,8720.0,8755.7,109562.0
2014-02-26,8770.0,8842.1,8767.0,8810.0,101852.0
2014-02-27,8810.0,8858.9,8420.1,8732.0,276630.0
2014-02-28,8749.3,8820.0,8250.1,8760.0,193013.0
2014-03-03,8499.9,8500.0,7432.9,7748.6,545246.0
2014-03-04,7836.7,8631.0,7803.2,8553.4,694906.0
2014-03-05,8552.5,8586.9,8311.0,8450.0,232027.0
2014-03-06,8398.0,8519.0,7775.3,8149.0,455369.0
2014-03-07,8066.8,8150.0,7870.0,7880.0,282898.0
2014-03-11,7799.9,7800.0,7430.0,7645.4,293259.0
2014-03-12,7599.9,7764.3,7451.6,7715.0,245055.0
2014-03-13,7749.8,7827.3,7600.1,7630.0,343763.0
2014-03-14,7502.3,7624.5,6667.3,7420.0,846466.0
2014-03-17,7490.1,7948.5,7412.1,7883.7,869673.0
2014-03-18,7949.0,8197.9,7771.3,8082.2,388211.0
2014-03-19,8082.2,8254.9,7843.9,7900.0,282183.0
2014-03-20,7727.1,7992.6,7681.6,7970.3,182136.0
2014-03-21,7861.5,7861.5,7570.0,7684.0,380111.0
2014-03-24,7720.3,7975.5,7611.1,7660.1,134664.0
2014-03-25,7670.3,7900.0,7525.0,7791.0,178977.0
2014-03-26,7848.8,8025.0,7700.3,7976.0,192157.0
2014-03-27,7915.0,8000.0,7663.0,7818.9,222809.0
2014-03-28,7868.1,7949.9,7803.4,7836.6,127760.0
2014-03-31,7879.9,8100.0,7811.6,8100.0,132971.0
2014-04-01,8120.3,8315.9,8026.4,8300.0,251924.0
2014-04-02,8310.1,8435.0,8232.3,8400.0,151116.0
2014-04-03,8418.9,8562.8,8275.0,8400.0,164547.0
2014-04-04,8425.4,8514.0,8358.0,8430.0,110492.0
2014-04-07,8340.2,8361.2,8105.0,8270.0,253607.0
2014-04-08,8260.0,8268.8,8020.0,8242.4,171364.0
2014-04-09,8170.0,8221.8,7930.1,7980.0,256438.0
2014-04-10,8050.0,8099.9,7824.0,7830.0,237181.0
2014-04-11,7785.0,7865.0,7700.0,7820.0,148673.0
2014-04-14,7780.0,7799.9,7625.0,7700.0,153006.0
2014-04-15,7690.5,7784.0,7552.2,7620.0,122407.0
2014-04-16,7638.0,7738.0,7501.2,7663.5,148695.0
2014-04-17,7681.0,7796.0,7591.0,7750.0,133560.0
2014-04-18,7939.9,7939.9,7770.0,7800.0,121878.0
2014-04-21,7820.1,7836.1,7725.0,7754.8,73431.0
2014-04-22,7775.5,7775.9,7523.2,7680.0,189363.0
2014-04-23,7680.4,7694.0,7426.6,7520.0,168866.0
2014-04-24,7508.3,7535.0,7015.3,7149.0,252478.0
2014-04-25,7090.0,7090.0,6817.1,6850.0,188932.0
2014-04-28,6839.9,6839.9,6565.3,6670.0,253825.0
2014-04-29,6766.9,6880.7,6631.1,6770.0,147594.0
2014-04-30,6761.1,7081.0,6738.5,7066.8,300697.0
2014-05-02,7045.0,7279.0,6903.0,7250.0,153314.0
2014-05-05,7200.9,7215.0,7103.0,7200.0,88954.0
2014-05-06,7215.0,7361.7,7210.1,7340.0,162516.0
2014-05-07,7330.2,7646.6,7292.1,7520.0,216355.0
2014-05-08,7529.0,7750.0,7440.1,7750.0,309447.0
2014-05-12,7720.5,7799.6,7559.5,7720.0,159313.0
2014-05-13,7720.0,7977.9,7714.4,7900.0,282695.0
2014-05-14,7914.0,7957.5,7842.3,7900.0,103326.0
2014-05-15,7880.9,7950.0,7751.0,7822.0,143722.0
2014-05-16,7822.0,7900.0,7652.2,7880.0,116066.0
2014-05-19,7880.0,8044.7,7845.0,7990.0,166960.0
2014-05-20,8009.8,8222.0,7986.8,8200.0,270237.0
2014-05-21,8219.8,8270.0,8038.3,8230.0,221196.0
2014-05-22,8230.0,8250.0,8106.1,8250.0,93935.0
2014-05-23,8212.0,8340.0,8162.6,8340.0,146896.0
2014-05-26,8340.0,8390.1,8282.0,8360.0,134232.0
2014-05-27,8340.1,8379.0,8200.0,8379.0,140561.0
2014-05-28,8331.0,8610.0,8305.0,8610.0,136729.0
2014-05-29,8600.0,8996.6,8586.7,8950.0,197320.0
2014-05-30,8969.9,9039.6,8730.0,8810.0,121114.0
2014-06-02,8799.9,8978.0,8799.9,8880.0,165099.0
2014-06-03,8840.0,8930.0,8763.1,8930.0,128268.0
2014-06-04,8899.0,8970.0,8711.0,8970.0,99632.0
2014-06-05,8946.0,9009.8,8882.2,8928.8,130492.0
2014-06-06,8925.9,9031.9,8784.2,8980.0,166548.0
2014-06-09,8999.7,9029.9,8905.4,8949.0,68447.0
2014-06-10,8923.3,9100.0,8845.0,9100.0,120241.0
2014-06-11,9076.8,9158.7,9019.9,9070.0,109046.0
2014-06-16,9018.0,9019.0,8800.1,8899.0,414698.0
2014-06-17,8881.8,8891.6,8712.3,8799.0,144954.0
2014-06-18,8801.0,8912.0,8771.0,8912.0,93146.0
2014-06-19,8937.0,8989.0,8850.0,8890.0,82601.0
2014-06-20,8851.0,8917.6,8731.2,8815.0,103040.0
2014-06-23,8844.8,8884.9,8755.0,8869.7,104377.0
2014-06-24,8884.9,9118.0,8851.1,9118.0,139289.0
2014-06-25,9088.0,9088.0,8912.0,8940.0,91424.0
2014-06-26,8952.0,8952.0,8805.0,8898.0,86248.0
2014-06-27,8881.2,8898.7,8755.0,8820.0,73396.0
2014-06-30,8820.0,8927.0,8735.5,8860.0,92974.0
2014-07-01,8843.3,9073.7,8739.0,9068.0,129895.0
2014-07-02,9034.0,9369.9,9016.1,9369.9,143156.0
2014-07-03,9379.0,9435.7,9221.0,9339.9,117321.0
2014-07-04,9329.0,9350.0,9206.7,9249.7,103738.0
2014-07-07,9240.0,9480.0,9160.0,9480.0,113166.0
2014-07-08,9470.0,9682.8,9462.1,9550.0,154606.0
2014-07-09,9521.6,9671.9,9460.1,9660.0,150466.0
2014-07-10,9670.0,9864.2,9653.0,9765.2,270870.0
2014-07-11,9802.0,9953.9,9700.0,9890.0,132926.0
2014-07-14,9891.1,10030.0,9850.0,9950.0,147066.0
2014-07-15,9969.9,10034.8,9761.2,9800.0,147864.0
2014-07-16,9767.0,9949.0,9704.5,9850.0,117708.0
2014-07-17,9761.2,9819.8,9581.7,9640.0,288003.0
2014-07-18,9243.1,9503.7,9231.0,9475.0,185419.0
2014-07-21,9484.9,9487.3,9275.7,9285.1,154552.0
2014-07-22,9367.0,9411.9,9275.0,9380.0,136585.0
2014-07-23,9393.0,9880.0,9390.6,9880.0,225326.0
2014-07-24,9855.0,10057.0,9741.2,9999.9,147745.0
2014-07-25,9962.9,9984.9,9555.5,9650.0,224891.0
2014-07-28,9570.0,9720.0,9470.0,9610.0,104594.0
2014-07-29,9630.0,9734.0,9430.0,9450.0,112662.0
2014-07-30,9390.9,9577.0,9186.6,9240.0,162965.0
2014-07-31,9245.1,9405.0,9092.1,9150.0,119832.0
2014-08-01,9090.0,9216.0,9025.0,9209.0,124322.0
2014-08-04,9174.0,9340.0,9132.0,9340.0,73480.0
2014-08-05,9370.0,9381.0,9072.0,9247.0,101850.0
2014-08-06,9178.9,9350.0,9050.0,9120.0,149338.0
2014-08-07,9043.0,9114.1,8568.1,8648.0,245798.0
2014-08-08,8600.1,8958.0,8505.1,8940.0,195029.0
2014-08-11,8958.0,9145.0,8872.1,9025.0,91216.0
2014-08-12,9025.0,9095.7,8953.0,9075.0,78674.0
2014-08-13,9050.0,9215.0,9032.9,9199.0,116807.0
2014-08-14,9153.0,9275.0,9102.8,9260.0,141697.0
2014-08-15,9230.3,9482.8,9170.4,9384.0,85079.0
2014-08-18,9370.0,9579.0,9319.3,9565.0,52958.0
2014-08-19,9604.9,9629.8,9478.2,9550.0,69700.0
2014-08-20,9549.0,9589.9,9371.2,9450.0,66913.0
2014-08-21,9450.0,9700.7,9422.7,9700.7,70858.0
2014-08-22,9707.9,9735.2,9560.6,9690.0,65399.0
2014-08-25,9657.0,9707.3,9587.6,9698.0,26598.0
2014-08-26,9729.5,9918.5,9700.1,9769.9,72866.0
2014-08-27,9783.9,9843.0,9582.0,9669.0,82546.0
2014-08-28,9630.0,9630.0,9260.1,9345.0,185150.0
2014-08-29,9280.1,9439.2,9050.0,9099.0,161094.0
2014-09-01,9199.1,9199.1,8770.0,8900.0,188431.0
2014-09-02,8751.9,9039.2,8751.2,9010.0,92966.0
2014-09-03,8950.0,9437.0,8905.4,9409.2,180460.0
2014-09-04,9386.0,9508.6,9265.0,9508.0,77336.0
2014-09-05,9430.5,9869.6,9373.1,9750.0,255791.0
2014-09-08,9696.0,9787.7,9543.2,9590.0,76859.0
2014-09-09,9611.9,9780.0,9590.0,9760.0,89825.0
2014-09-10,9702.1,9843.6,9622.3,9810.0,74448.0
2014-09-11,9824.9,9944.3,9792.3,9929.0,128528.0
2014-09-12,9888.8,10000.0,9790.0,9924.7,96474.0
2014-09-15,9921.6,9988.0,9725.0,9877.0,218521.0
2014-09-16,9860.0,10034.5,9804.6,10000.0,251368.0
2014-09-17,10015.0,10089.0,9729.4,9812.0,136004.0
2014-09-18,9800.0,9930.9,9625.1,9840.0,135482.0
2014-09-19,9890.0,9897.0,9646.2,9650.0,140025.0
2014-09-22,9640.1,9745.0,9503.3,9530.0,131314.0
2014-09-23,9568.9,9789.5,9516.2,9750.0,108365.0
2014-09-24,9780.0,10030.0,9760.1,9940.0,133468.0
2014-09-25,9971.0,10087.6,9910.0,10000.0,191738.0
2014-09-26,9956.0,10050.0,9840.0,9957.0,129671.0
2014-09-29,9959.9,9990.0,9800.0,9845.5,122952.0
2014-09-30,9848.5,9950.0,9631.5,9920.0,194250.0
2014-10-01,9877.9,9950.0,9800.0,9884.9,163302.0
2014-10-02,9821.4,9879.9,9591.9,9770.0,220245.0
2014-10-03,9810.7,9987.0,9775.6,9987.0,186005.0
2014-10-06,9991.1,10275.0,9971.2,10256.0,226265.0
2014-10-07,10240.7,10333.4,10010.1,10059.0,123587.0
2014-10-08,9982.3,9998.7,9829.4,9998.0,146905.0
2014-10-09,10050.1,10279.8,9957.1,10245.0,205267.0
2014-10-10,10140.0,10289.0,10074.0,10280.0,132375.0
2014-10-13,10285.0,10448.4,10160.3,10260.0,164181.0
2014-10-14,10205.2,10477.0,10205.0,10390.0,151585.0
2014-10-15,10388.9,10445.0,10166.8,10218.1,148432.0
2014-10-16,10224.8,10392.8,10021.0,10150.0,191814.0
2014-10-17,10195.4,10290.0,9907.1,9980.0,207782.0
2014-10-20,9980.0,10085.0,9846.7,9949.9,121281.0
2014-10-21,9918.5,10112.9,9805.0,10085.0,154549.0
2014-10-22,10100.0,10235.3,10003.0,10080.0,144889.0
2014-10-23,10039.8,10167.3,9940.0,10150.0,120750.0
2014-10-24,10078.0,10340.0,10042.3,10180.0,145848.0
2014-10-27,10322.0,10380.0,10147.7,10240.0,124058.0
2014-10-28,10240.0,10897.0,10179.0,10897.0,264697.0
2014-10-29,10870.0,11324.0,10785.1,11205.0,317845.0
2014-10-30,11155.0,11525.0,11155.0,11370.0,301203.0
2014-10-31,11460.0,11900.0,11390.0,11900.0,245165.0
2014-11-03,11810.1,12256.8,11732.1,11849.0,110467.0
2014-11-05,11747.0,11893.9,11650.0,11855.0,161686.0
2014-11-06,11747.0,12294.7,11743.1,11930.0,249269.0
2014-11-07,11930.0,12153.8,11484.6,11750.0,331303.0
2014-11-10,11850.0,12010.0,11494.7,11750.0,148204.0
2014-11-11,11771.1,11830.0,11530.0,11600.0,122019.0
2014-11-12,11637.0,11830.0,11515.3,11830.0,112598.0
2014-11-13,11800.0,11882.3,11652.0,11790.0,96695.0
2014-11-14,11705.2,11998.7,11645.0,11850.0,110348.0
2014-11-17,11810.6,11884.8,11622.1,11750.0,80531.0
2014-11-18,11720.0,11789.9,11523.0,11789.8,119392.0
2014-11-19,11705.0,11815.0,11555.0,11640.0,91215.0
2014-11-20,11639.8,11765.0,11461.1,11700.0,108482.0
2014-11-21,11700.0,11860.0,11595.1,11752.0,115656.0
2014-11-24,11782.0,11924.0,11575.0,11899.0,136426.0
2014-11-25,11871.1,11871.1,11706.0,11850.0,62294.0
2014-11-26,11787.9,11899.9,11732.0,11899.9,132566.0
2014-11-27,11853.2,11947.8,11765.0,11845.0,125691.0
2014-11-28,11844.9,11898.0,11576.1,11795.0,311258.0
2014-12-01,11740.0,12200.0,11701.0,11840.0,321874.0
2014-12-02,11850.0,12300.0,11712.0,12300.0,274918.0
2014-12-03,12251.0,12498.0,12065.0,12299.0,281081.0
2014-12-04,12270.0,12305.0,11831.0,12010.0,288472.0
2014-12-05,11961.0,12009.0,11477.0,11525.0,278688.0
2014-12-08,11557.0,11630.0,11163.0,11404.0,218098.0
2014-12-09,11363.0,11385.0,11133.0,11201.0,222874.0
2014-12-10,11302.0,11558.0,11169.0,11350.0,257427.0
2014-12-11,11281.0,11332.0,10640.0,11000.0,364212.0
2014-12-12,10935.0,11394.0,10702.0,10770.0,416691.0
2014-12-15,10710.0,10897.0,9626.0,10195.0,623732.0
2014-12-16,9984.0,10850.0,9213.0,10600.0,757180.0
2014-12-17,10550.0,10699.0,9920.0,10050.0,444415.0
2014-12-18,10040.0,11850.0,9949.0,10600.0,567554.0
2014-12-19,10600.0,10801.0,10110.0,10400.0,338104.0
2014-12-22,10506.0,10650.0,9925.0,10000.0,183834.0
2014-12-23,10000.0,10239.0,9855.0,10100.0,122835.0
2014-12-24,10100.0,10193.0,9957.0,10005.0,63808.0
2014-12-25,10058.0,10058.0,9625.0,9964.0,51129.0
2014-12-26,9995.0,10475.0,9916.0,10292.0,41690.0
2014-12-29,10157.0,11439.0,10137.0,10160.0,141676.0
2014-12-30,9977.0,10110.0,9615.0,9701.0,102243.0
2015-01-05,9755.0,10225.0,9700.0,9877.0,98636.0
2015-01-06,9932.0,10710.0,9931.0,10400.0,259424.0
2015-01-08,10451.0,11010.0,10352.0,10627.0,208467.0
2015-01-09,10724.0,10787.0,10105.0,10542.0,176216.0
2015-01-12,10489.0,10999.0,10405.0,10689.0,165434.0
2015-01-13,10685.0,11271.0,10521.0,11180.0,145672.0
2015-01-14,11150.0,11480.0,11147.0,11450.0,183088.0
2015-01-15,11450.0,11689.0,11257.0,11304.0,183077.0
2015-01-16,11304.0,11450.0,11122.0,11350.0,156920.0
2015-01-19,11295.0,11480.0,11211.0,11235.0,136224.0
2015-01-20,11194.0,11420.0,11082.0,11395.0,130355.0
2015-01-21,11361.0,11870.0,11302.0,11855.0,151599.0
2015-01-22,11880.0,12346.0,11722.0,12070.0,157124.0
2015-01-23,12038.0,12332.0,11680.0,11750.0,163065.0
2015-01-26,11649.0,11714.0,11317.0,11540.0,181620.0
2015-01-27,11460.0,11530.0,11150.0,11270.0,183094.0
2015-01-28,11299.0,11410.0,10122.0,10200.0,255556.0
2015-01-29,10123.0,10850.0,10052.0,10550.0,225457.0
2015-01-30,10575.0,10937.0,10515.0,10590.0,164331.0
2015-02-02,10720.0,10752.0,10190.0,10190.0,126255.0
2015-02-03,10317.0,10646.0,10175.0,10400.0,112824.0
2015-02-04,10501.0,10523.0,10150.0,10340.0,95601.0
2015-02-05,10040.0,10392.0,9951.0,10235.0,369086.0
2015-02-06,10305.0,11180.0,10200.0,11075.0,335110.0
2015-02-09,11076.0,11813.0,10950.0,11440.0,388679.0
2015-02-10,11400.0,11575.0,11350.0,11490.0,109153.0
2015-02-11,11550.0,11680.0,11461.0,11500.0,148741.0
2015-02-12,11597.0,12248.0,11251.0,11855.0,364569.0
2015-02-13,11950.0,12298.0,11949.0,12250.0,280351.0
2015-02-16,12270.0,12270.0,11780.0,11920.0,158770.0
2015-02-17,11862.0,12120.0,11735.0,11820.0,113727.0
2015-02-18,11885.0,11950.0,11646.0,11766.0,174112.0
2015-02-19,11770.0,11889.0,11612.0,11800.0,101395.0
2015-02-20,11828.0,11926.0,11703.0,11796.0,87142.0
2015-02-24,11740.0,11800.0,11401.0,11687.0,127921.0
2015-02-25,11651.0,11653.0,11289.0,11510.0,96235.0
2015-02-26,11555.0,11630.0,11362.0,11574.0,79396.0
2015-02-27,11471.0,11500.0,11160.0,11305.0,93147.0
2015-03-02,11426.0,11510.0,11265.0,11367.0,85057.0
2015-03-03,11400.0,11810.0,11343.0,11650.0,143821.0
2015-03-04,11635.0,11651.0,11060.0,11100.0,98212.0
2015-03-05,11170.0,11560.0,11054.0,11360.0,104956.0
2015-03-06,11380.0,11399.0,11178.0,11347.0,79401.0
2015-03-10,11290.0,11345.0,10612.0,10820.0,200567.0
2015-03-11,10864.0,10989.0,10650.0,10835.0,92446.0
2015-03-12,10824.0,10884.0,10452.0,10600.0,135981.0
2015-03-13,10550.0,10599.0,10233.0,10350.0,125865.0
2015-03-16,10285.0,10575.0,10216.0,10350.0,130573.0
2015-03-17,10434.0,10567.0,10256.0,10360.0,83353.0
2015-03-18,10381.0,10810.0,10313.0,10699.0,101933.0
2015-03-19,10809.0,10985.0,10500.0,10500.0,120340.0
2015-03-20,10480.0,10900.0,10201.0,10900.0,104587.0
2015-03-23,10875.0,10957.0,10519.0,10550.0,69871.0
2015-03-24,10586.0,10875.0,10500.0,10798.0,69485.0
2015-03-25,10806.0,11020.0,10733.0,11000.0,104477.0
2015-03-26,11034.0,11297.0,10873.0,11140.0,159687.0
2015-03-27,11140.0,11170.0,10930.0,11038.0,96370.0
2015-03-30,11043.0,11305.0,11038.0,11185.0,92775.0
2015-03-31,11215.0,11507.0,11140.0,11350.0,106528.0
2015-04-01,11351.0,11790.0,11300.0,11750.0,148885.0
2015-04-02,11760.0,12000.0,11629.0,11971.0,140064.0
2015-04-03,11970.0,12020.0,11799.0,11799.0,48669.0
2015-04-06,11900.0,11990.0,11660.0,11900.0,68275.0
2015-04-07,11921.0,12059.0,11815.0,12020.0,155838.0
2015-04-08,12060.0,12075.0,11856.0,11890.0,85453.0
2015-04-09,11935.0,11948.0,11310.0,11744.0,198281.0
2015-04-10,11798.0,11870.0,11560.0,11711.0,92777.0
2015-04-13,11736.0,12300.0,11662.0,12300.0,179381.0
2015-04-14,12191.0,12200.0,11801.0,11801.0,117225.0
2015-04-15,11839.0,11948.0,11600.0,11870.0,129506.0
2015-04-16,11913.0,11941.0,11600.0,11600.0,109634.0
2015-04-17,11619.0,11750.0,11401.0,11520.0,107787.0
2015-04-20,11548.0,11792.0,11429.0,11664.0,102507.0
2015-04-21,11737.0,12260.0,11717.0,12207.0,181238.0
2015-04-22,12210.0,12340.0,11942.0,12135.0,193513.0
2015-04-23,12141.0,12184.0,11575.0,11900.0,146933.0
2015-04-24,11890.0,12050.0,11801.0,11824.0,82682.0
2015-04-27,11850.0,11989.0,11327.0,11577.0,99715.0
2015-04-28,11572.0,11683.0,11350.0,11350.0,97204.0
2015-04-29,11369.0,11560.0,11330.0,11458.0,75483.0
2015-04-30,11458.0,11590.0,11250.0,11280.0,166952.0
2015-05-05,11312.0,11387.0,10971.0,11038.0,186130.0
2015-05-06,11021.0,11288.0,10896.0,11083.0,79319.0
2015-05-07,11082.0,11165.0,10803.0,11090.0,124335.0
2015-05-08,11139.0,11475.0,11075.0,11295.0,99740.0
2015-05-12,11322.0,11354.0,11120.0,11220.0,105094.0
2015-05-13,11265.0,11265.0,11055.0,11100.0,69986.0
2015-05-14,11110.0,11457.0,11040.0,11240.0,72367.0
2015-05-15,11269.0,11460.0,11260.0,11372.0,92297.0
2015-05-18,11390.0,11400.0,10990.0,11042.0,101696.0
2015-05-19,11043.0,11175.0,10851.0,10986.0,70601.0
2015-05-20,10962.0,10996.0,10707.0,10940.0,38063.0
2015-05-21,10895.0,11084.0,10691.0,11035.0,63413.0
2015-05-22,11045.0,11116.0,10850.0,11020.0,41520.0
2015-05-25,11001.0,11008.0,10763.0,10910.0,54016.0
2015-05-26,10920.0,10989.0,10770.0,10813.0,54509.0
2015-05-27,10826.0,10837.0,10552.0,10653.0,64737.0
2015-05-28,10655.0,10790.0,10606.0,10655.0,42459.0
2015-05-29,10670.0,10943.0,10510.0,10510.0,114556.0
2015-06-01,10600.0,10780.0,10456.0,10456.0,67171.0
2015-06-02,10488.0,10943.0,10428.0,10892.0,85804.0
2015-06-03,10920.0,10978.0,10510.0,10765.0,109844.0
2015-06-04,10790.0,10885.0,10600.0,10750.0,104211.0
2015-06-05,10751.0,10897.0,10638.0,10685.0,90874.0
2015-06-08,10764.0,10875.0,10560.0,10654.0,73734.0
2015-06-09,10686.0,11080.0,10619.0,11005.0,86865.0
2015-06-10,11021.0,11100.0,10894.0,10895.0,69072.0
2015-06-11,10950.0,11130.0,10755.0,11130.0,178496.0
2015-06-15,11111.0,11243.0,10895.0,11236.0,125578.0
2015-06-16,11232.0,11566.0,11118.0,11556.0,114527.0
2015-06-17,11539.0,11780.0,11480.0,11520.0,142501.0
2015-06-18,11449.0,11543.0,11390.0,11440.0,130268.0
2015-06-19,11481.0,11488.0,11221.0,11385.0,75419.0
2015-06-22,11350.0,11416.0,11224.0,11287.0,60928.0
2015-06-23,11339.0,11376.0,11255.0,11266.0,68107.0
2015-06-24,11304.0,11370.0,11210.0,11261.0,98684.0
2015-06-25,11258.0,11345.0,11220.0,11220.0,77590.0
2015-06-26,11225.0,11739.0,11225.0,11680.0,166689.0
2015-06-29,11624.0,11649.0,11260.0,11268.0,97277.0
2015-06-30,11287.0,11481.0,11220.0,11399.0,124570.0
2015-07-01,11377.0,11545.0,11377.0,11465.0,90640.0
2015-07-02,11417.0,11516.0,11295.0,11420.0,66894.0
2015-07-03,11415.0,11437.0,11287.0,11331.0,28501.0
2015-07-06,11281.0,11421.0,11224.0,11401.0,64217.0
2015-07-07,11405.0,11480.0,11074.0,11099.0,103118.0
2015-07-08,11094.0,11162.0,10590.0,10902.0,124018.0
2015-07-09,10984.0,11076.0,10765.0,11055.0,96355.0
2015-07-10,11092.0,11405.0,11023.0,11399.0,137641.0
2015-07-13,11382.0,11697.0,11376.0,11649.0,167926.0
2015-07-14,11666.0,11670.0,11538.0,11669.0,143883.0
2015-07-15,11685.0,11698.0,11601.0,11660.0,91690.0
2015-07-16,11651.0,11786.0,11630.0,11769.0,81959.0
2015-07-17,11762.0,11850.0,11660.0,11750.0,87047.0
2015-07-20,11761.0,11780.0,11510.0,11510.0,103744.0
2015-07-21,11550.0,11747.0,11440.0,11735.0,80447.0
2015-07-22,11715.0,12196.0,11628.0,12177.0,226698.0
2015-07-23,12161.0,12280.0,11850.0,11885.0,169313.0
2015-07-24,11887.0,11945.0,11650.0,11650.0,73704.0
2015-07-27,11671.0,11870.0,11586.0,11750.0,109841.0
2015-07-28,11727.0,11755.0,11561.0,11671.0,106194.0
2015-07-29,11727.0,11849.0,11651.0,11800.0,80307.0
2015-07-30,11757.0,12070.0,11756.0,12040.0,105025.0
2015-07-31,12018.0,12217.0,11975.0,12200.0,133458.0
2015-08-03,12164.0,12322.0,12065.0,12268.0,95596.0
2015-08-04,12255.0,12480.0,12253.0,12441.0,72771.0
2015-08-05,12479.0,12944.0,12390.0,12818.0,238626.0
2015-08-06,12830.0,12889.0,12303.0,12309.0,184531.0
2015-08-07,12360.0,12628.0,12216.0,12396.0,145954.0
2015-08-10,12420.0,12471.0,12144.0,12412.0,83601.0
2015-08-11,12422.0,12587.0,12310.0,12320.0,123368.0
2015-08-12,12300.0,12350.0,12080.0,12149.0,126896.0
2015-08-13,12199.0,12289.0,12030.0,12177.0,110288.0
2015-08-14,12199.0,12425.0,12061.0,12147.0,112171.0
2015-08-17,12122.0,12179.0,11991.0,12162.0,95336.0
2015-08-18,12138.0,12205.0,12035.0,12090.0,50077.0
2015-08-19,12146.0,12245.0,11962.0,12050.0,98882.0
2015-08-20,12049.0,12149.0,11968.0,12105.0,83129.0
2015-08-21,12100.0,12131.0,11833.0,11860.0,112147.0
2015-08-24,11700.0,11897.0,11460.0,11603.0,239182.0
2015-08-25,11700.0,12070.0,11660.0,11829.0,123821.0
2015-08-26,11800.0,11893.0,11532.0,11631.0,110672.0
2015-08-27,11740.0,11946.0,11650.0,11910.0,114162.0
2015-08-28,11990.0,12190.0,11853.0,12171.0,118659.0
2015-08-31,12185.0,12327.0,12079.0,12275.0,68253.0
2015-09-01,12250.0,12300.0,11861.0,11924.0,128569.0
2015-09-02,11845.0,12128.0,11795.0,11845.0,114542.0
2015-09-03,11872.0,12020.0,11802.0,11935.0,97754.0
2015-09-04,11942.0,12116.0,11900.0,11988.0,75673.0
2015-09-07,11973.0,12146.0,11953.0,12074.0,89159.0
2015-09-08,12105.0,12254.0,11989.0,11996.0,99409.0
2015-09-09,12031.0,12092.0,11750.0,11763.0,154321.0
2015-09-10,11737.0,11838.0,11330.0,11420.0,186888.0
2015-09-11,11418.0,11550.0,11300.0,11405.0,135984.0
2015-09-14,11452.0,11500.0,11306.0,11313.0,95437.0
2015-09-15,11320.0,11393.0,11231.0,11325.0,81253.0
2015-09-16,11340.0,11720.0,11330.0,11583.0,214831.0
2015-09-17,11593.0,11705.0,11470.0,11650.0,85290.0
2015-09-18,11690.0,11805.0,11507.0,11543.0,120687.0
2015-09-21,11588.0,11636.0,11462.0,11462.0,37689.0
2015-09-22,11477.0,11486.0,11172.0,11360.0,110705.0
2015-09-23,11369.0,11507.0,11255.0,11377.0,88107.0
2015-09-24,11408.0,11526.0,11301.0,11387.0,60800.0
2015-09-25,11484.0,11817.0,11454.0,11815.0,82041.0
2015-09-28,11816.0,11849.0,11530.0,11566.0,73861.0
2015-09-29,11619.0,11795.0,11518.0,11705.0,62377.0
2015-09-30,11672.0,11856.0,11600.0,11600.0,103103.0
2015-10-01,11666.0,11855.0,11580.0,11769.0,84530.0
2015-10-02,11804.0,11819.0,11505.0,11581.0,83255.0
2015-10-05,11671.0,11750.0,11506.0,11725.0,104978.0
2015-10-06,11712.0,11830.0,11637.0,11797.0,95168.0
2015-10-07,11809.0,11835.0,11611.0,11763.0,128240.0
2015-10-08,11692.0,11729.0,11591.0,11696.0,109887.0
2015-10-09,11721.0,11767.0,11583.0,11730.0,199358.0
2015-10-12,11730.0,11835.0,11621.0,11667.0,117520.0
2015-10-13,11695.0,11829.0,11584.0,11780.0,99635.0
2015-10-14,11770.0,11920.0,11708.0,11810.0,135169.0
2015-10-15,11844.0,12217.0,11839.0,12059.0,165603.0
2015-10-16,12122.0,12169.0,11680.0,11707.0,157218.0
2015-10-19,11766.0,11950.0,11640.0,11665.0,108458.0
2015-10-20,11660.0,11816.0,11611.0,11810.0,93257.0
2015-10-21,11782.0,11850.0,11734.0,11800.0,124601.0
2015-10-22,11775.0,11880.0,11737.0,11772.0,86490.0
2015-10-23,11820.0,11999.0,11464.0,11500.0,184458.0
2015-10-26,11505.0,11547.0,10805.0,10809.0,233113.0
2015-10-27,10851.0,11370.0,10563.0,11359.0,267061.0
2015-10-28,11369.0,11499.0,11175.0,11491.0,219331.0
2015-10-29,11499.0,11499.0,11111.0,11216.0,143772.0
2015-10-30,11204.0,11300.0,11011.0,11136.0,84618.0
2015-11-02,11118.0,11355.0,11023.0,11111.0,83496.0
2015-11-03,11160.0,11499.0,11117.0,11425.0,130070.0
2015-11-05,11498.0,11711.0,11399.0,11468.0,144942.0
2015-11-06,11498.0,11529.0,11350.0,11496.0,123560.0
2015-11-09,11480.0,11537.0,11440.0,11520.0,50607.0
2015-11-10,11478.0,11512.0,11361.0,11393.0,78128.0
2015-11-11,11441.0,11495.0,11250.0,11255.0,87771.0
2015-11-12,11291.0,11300.0,11125.0,11125.0,122417.0
2015-11-13,11130.0,11283.0,10967.0,11192.0,203548.0
2015-11-16,11214.0,11350.0,11150.0,11290.0,114477.0
2015-11-17,11368.0,11485.0,11283.0,11390.0,165420.0
2015-11-18,11430.0,11549.0,11270.0,11359.0,128530.0
2015-11-19,11400.0,11580.0,11310.0,11427.0,208277.0
2015-11-20,11430.0,11901.0,11344.0,11819.0,220773.0
2015-11-23,11851.0,12325.0,11750.0,12250.0,273201.0
2015-11-24,12250.0,12308.0,11864.0,11900.0,256190.0
2015-11-25,12000.0,12200.0,11900.0,12022.0,156807.0
2015-11-26,12062.0,12250.0,12031.0,12130.0,97192.0
2015-11-27,12130.0,12180.0,11955.0,12013.0,140424.0
2015-11-30,12023.0,12147.0,11863.0,12005.0,139897.0
2015-12-01,12027.0,12100.0,11897.0,11901.0,88621.0
2015-12-02,11949.0,12199.0,11926.0,12199.0,144004.0
2015-12-03,12189.0,12307.0,12077.0,12270.0,172454.0
2015-12-04,12309.0,12371.0,11649.0,11799.0,203621.0
2015-12-07,11795.0,11875.0,11654.0,11728.0,88228.0
2015-12-08,11683.0,11736.0,11501.0,11590.0,200977.0
2015-12-09,11600.0,11603.0,11100.0,11180.0,275829.0
2015-12-10,11200.0,11230.0,11040.0,11141.0,159781.0
2015-12-11,11102.0,11189.0,10936.0,11039.0,159123.0
2015-12-14,11039.0,11125.0,10927.0,11030.0,147503.0
2015-12-15,11043.0,11394.0,11020.0,11340.0,165264.0
2015-12-16,11349.0,11447.0,11308.0,11361.0,73161.0
2015-12-17,11399.0,11446.0,11210.0,11211.0,140636.0
2015-12-18,11194.0,11197.0,10555.0,10656.0,307236.0
2015-12-21,10659.0,10849.0,10576.0,10790.0,117476.0
2015-12-22,10837.0,10849.0,10758.0,10780.0,62598.0
2015-12-23,10790.0,10928.0,10772.0,10850.0,101287.0
2015-12-24,10877.0,10877.0,10657.0,10761.0,39827.0
2015-12-25,10800.0,10848.0,10700.0,10732.0,19512.0
2015-12-28,10750.0,10782.0,10650.0,10743.0,36273.0
2015-12-29,10740.0,10972.0,10700.0,10972.0,87752.0
2015-12-30,10962.0,11228.0,10962.0,11228.0,107706.0
2016-01-04,11234.0,11398.0,10949.0,11366.0,93091.0
2016-01-05,11241.0,11385.0,11203.0,11350.0,118710.0
2016-01-06,11351.0,11351.0,11150.0,11320.0,50898.0
2016-01-11,11008.0,11079.0,10502.0,10667.0,166338.0
2016-01-12,10600.0,10600.0,10291.0,10367.0,193829.0
2016-01-13,10400.0,10515.0,10323.0,10352.0,131260.0
2016-01-14,10325.0,10329.0,10021.0,10230.0,184962.0
2016-01-15,10214.0,10225.0,9555.0,9640.0,285150.0
2016-01-18,9584.0,9940.0,9251.0,9940.0,162027.0
2016-01-19,10040.0,10530.0,9990.0,10427.0,176486.0
2016-01-20,10299.0,10427.0,10105.0,10350.0,252378.0
2016-01-21,10410.0,10971.0,10381.0,10850.0,271957.0
2016-01-22,11058.0,11100.0,10729.0,11050.0,257948.0
2016-01-25,11080.0,11080.0,10861.0,11042.0,140480.0
2016-01-26,10959.0,11080.0,10911.0,10975.0,140337.0
2016-01-27,11023.0,11285.0,10982.0,11285.0,120360.0
2016-01-28,11252.0,11662.0,11252.0,11485.0,186969.0
2016-01-29,11501.0,11720.0,11400.0,11500.0,172816.0
2016-02-01,11532.0,11674.0,11258.0,11270.0,104967.0
2016-02-02,11230.0,11470.0,11094.0,11150.0,159142.0
2016-02-03,11082.0,11200.0,10928.0,10955.0,95307.0
2016-02-04,11110.0,11299.0,10805.0,10889.0,122208.0
2016-02-05,10905.0,11000.0,10673.0,10765.0,123930.0
2016-02-08,10829.0,10854.0,10363.0,10450.0,154115.0
2016-02-09,10412.0,10485.0,10000.0,10103.0,255307.0
2016-02-10,10024.0,10220.0,10005.0,10070.0,175864.0
2016-02-11,10090.0,10198.0,9710.0,10143.0,258425.0
2016-02-12,10203.0,10290.0,9977.0,10000.0,213428.0
2016-02-15,10150.0,10151.0,9840.0,9920.0,170362.0
2016-02-16,10001.0,10058.0,9865.0,9900.0,131876.0
2016-02-17,9933.0,10052.0,9732.0,10000.0,248690.0
2016-02-18,10050.0,10362.0,10005.0,10318.0,263029.0
2016-02-19,10264.0,10415.0,10200.0,10354.0,168436.0
2016-02-20,10364.0,10408.0,10310.0,10346.0,27466.0
2016-02-22,10379.0,10718.0,10320.0,10655.0,132068.0
2016-02-24,10574.0,10675.0,10356.0,10475.0,177103.0
2016-02-25,10511.0,10659.0,10350.0,10530.0,158780.0
2016-02-26,10620.0,10799.0,10526.0,10589.0,169758.0
2016-02-29,10502.0,10680.0,10430.0,10648.0,138667.0
2016-03-01,10680.0,10780.0,10525.0,10592.0,115369.0
2016-03-02,10650.0,10740.0,10601.0,10695.0,104595.0
2016-03-03,10699.0,10808.0,10631.0,10715.0,135626.0
2016-03-04,10716.0,10799.0,10640.0,10668.0,81966.0
2016-03-07,10708.0,10758.0,10662.0,10715.0,60500.0
2016-03-09,10683.0,10755.0,10541.0,10700.0,154821.0
2016-03-10,10735.0,10975.0,10730.0,10900.0,248610.0
2016-03-11,10912.0,10945.0,10824.0,10900.0,106647.0
2016-03-14,10934.0,10950.0,10750.0,10780.0,131396.0
2016-03-15,10837.0,10920.0,10805.0,10880.0,278860.0
2016-03-16,10861.0,10923.0,10750.0,10788.0,108700.0
2016-03-17,10855.0,10990.0,10803.0,10900.0,214652.0
2016-03-18,10895.0,11400.0,10881.0,11400.0,202215.0
2016-03-21,11379.0,11379.0,11190.0,11255.0,185106.0
2016-03-22,11279.0,11310.0,11142.0,11200.0,146415.0
2016-03-23,11235.0,11298.0,10992.0,11100.0,100841.0
2016-03-24,11079.0,11085.0,10925.0,11041.0,150497.0
2016-03-25,11058.0,11118.0,10849.0,10880.0,41369.0
2016-03-28,10892.0,10928.0,10635.0,10655.0,83395.0
2016-03-29,10654.0,10714.0,10560.0,10575.0,113585.0
2016-03-30,10666.0,10671.0,10408.0,10410.0,166655.0
2016-03-31,10400.0,10697.0,10306.0,10550.0,237722.0
2016-04-01,10508.0,10700.0,10329.0,10470.0,234522.0
2016-04-04,10537.0,10614.0,10422.0,10470.0,153403.0
2016-04-05,10477.0,10521.0,10366.0,10400.0,136652.0
2016-04-06,10432.0,10499.0,10355.0,10390.0,110310.0
2016-04-07,10457.0,10473.0,10314.0,10332.0,142309.0
2016-04-08,10341.0,10420.0,10318.0,10320.0,99691.0
2016-04-11,10360.0,10360.0,10056.0,10254.0,196837.0
2016-04-12,10320.0,10320.0,10129.0,10129.0,202499.0
2016-04-13,10177.0,10612.0,10167.0,10490.0,292790.0
2016-04-14,10487.0,10575.0,10212.0,10240.0,197634.0
2016-04-15,10269.0,10300.0,10132.0,10132.0,115895.0
2016-04-18,10130.0,10243.0,10012.0,10125.0,133850.0
2016-04-19,10160.0,10225.0,10073.0,10075.0,129129.0
2016-04-20,10098.0,10169.0,10052.0,10115.0,118500.0
2016-04-21,10169.0,10250.0,10102.0,10162.0,181321.0
2016-04-22,10207.0,10295.0,10152.0,10295.0,169931.0
2016-04-25,10301.0,10310.0,9535.0,9540.0,569336.0
2016-04-26,9508.0,9632.0,9126.0,9180.0,458209.0
2016-04-27,9203.0,9210.0,8778.0,8825.0,352310.0
2016-04-28,8858.0,9140.0,8684.0,9040.0,372910.0
2016-04-29,9072.0,9085.0,8888.0,9002.0,224609.0
2016-05-04,8901.0,9192.0,8805.0,9006.0,229082.0
2016-05-05,9060.0,9175.0,9002.0,9151.0,219767.0
2016-05-06,9130.0,9173.0,9075.0,9093.0,118208.0
2016-05-10,9072.0,9168.0,8918.0,9038.0,120480.0
2016-05-11,8983.0,9098.0,8785.0,8921.0,210518.0
2016-05-12,8902.0,8977.0,8789.0,8834.0,157997.0
2016-05-13,8813.0,9065.0,8803.0,9036.0,235119.0
2016-05-16,9061.0,9478.0,9050.0,9430.0,386465.0
2016-05-17,9450.0,9515.0,9210.0,9352.0,185547.0
2016-05-18,9378.0,9426.0,9300.0,9301.0,129279.0
2016-05-19,9272.0,9272.0,9076.0,9200.0,129066.0
2016-05-20,9217.0,9236.0,9070.0,9075.0,129597.0
2016-05-23,9051.0,9103.0,8847.0,8975.0,123567.0
2016-05-24,8971.0,9230.0,8956.0,9150.0,96607.0
2016-05-25,9220.0,9238.0,9131.0,9140.0,91284.0
2016-05-26,9140.0,9328.0,9078.0,9201.0,168514.0
2016-05-27,9200.0,9494.0,9163.0,9466.0,146631.0
2016-05-30,9500.0,9500.0,9352.0,9408.0,55926.0
2016-05-31,9410.0,9499.0,9273.0,9340.0,120365.0
2016-06-01,9301.0,9390.0,9202.0,9255.0,119221.0
2016-06-02,9280.0,9293.0,9000.0,9190.0,213439.0
2016-06-03,9227.0,9350.0,9113.0,9150.0,112165.0
2016-06-06,9187.0,9298.0,9173.0,9260.0,99869.0
2016-06-07,9270.0,9508.0,9240.0,9388.0,127693.0
2016-06-08,9401.0,9562.0,9181.0,9200.0,233309.0
2016-06-09,9201.0,9206.0,8793.0,8830.0,433193.0
2016-06-10,8811.0,8939.0,8771.0,8819.0,314191.0
2016-06-14,8810.0,8869.0,8514.0,8660.0,251112.0
2016-06-15,8618.0,8929.0,8583.0,8929.0,227971.0
2016-06-16,8849.0,8999.0,8641.0,8755.0,146309.0
2016-06-17,8755.0,8849.0,8706.0,8750.0,125474.0
2016-06-20,8799.0,8947.0,8750.0,8850.0,132572.0
2016-06-21,8841.0,8885.0,8602.0,8709.0,127228.0
2016-06-22,8711.0,8794.0,8415.0,8488.0,153572.0
2016-06-23,8431.0,8515.0,8310.0,8450.0,140062.0
2016-06-24,8003.0,8450.0,8003.0,8280.0,134999.0
2016-06-27,8290.0,8350.0,8203.0,8320.0,116768.0
2016-06-28,8284.0,8486.0,8250.0,8300.0,119865.0
2016-06-29,8379.0,8700.0,8310.0,8700.0,177690.0
2016-06-30,8657.0,9043.0,8657.0,9012.0,222510.0
2016-07-01,9012.0,9196.0,9009.0,9101.0,126261.0
2016-07-04,9170.0,9170.0,8970.0,9145.0,89649.0
2016-07-05,9085.0,9144.0,8925.0,8950.0,102078.0
2016-07-06,8940.0,8977.0,8742.0,8760.0,116421.0
2016-07-07,8801.0,8925.0,8722.0,8753.0,108749.0
2016-07-08,8729.0,9261.0,8662.0,9261.0,292792.0
2016-07-11,9269.0,9446.0,8980.0,9348.0,223678.0
2016-07-12,9333.0,9460.0,9300.0,9404.0,139960.0
2016-07-13,9442.0,9535.0,9314.0,9460.0,150183.0
2016-07-14,9430.0,9564.0,9380.0,9508.0,113048.0
2016-07-15,9499.0,9535.0,9380.0,9461.0,98233.0
2016-07-18,9356.0,9557.0,9190.0,9250.0,151831.0
2016-07-19,9202.0,9348.0,9063.0,9104.0,153800.0
2016-07-20,9150.0,9285.0,9030.0,9225.0,102616.0
2016-07-21,9231.0,9480.0,9204.0,9400.0,83311.0
2016-07-22,9400.0,9427.0,9314.0,9365.0,40101.0
2016-07-25,9364.0,10136.0,9364.0,10100.0,598996.0
2016-07-26,10113.0,10498.0,10078.0,10475.0,405797.0
2016-07-27,10481.0,10490.0,9950.0,10020.0,267002.0
2016-07-28,10043.0,10345.0,10026.0,10292.0,189192.0
2016-07-29,10249.0,10319.0,10125.0,10210.0,85025.0
2016-08-01,10228.0,10597.0,10228.0,10381.0,159160.0
2016-08-02,10372.0,10498.0,10191.0,10347.0,120586.0
2016-08-03,10307.0,10500.0,10233.0,10368.0,66277.0
2016-08-04,10370.0,10490.0,10312.0,10450.0,106092.0
2016-08-05,10461.0,10749.0,10359.0,10690.0,156649.0
2016-08-08,10741.0,10969.0,10652.0,10927.0,153811.0
2016-08-09,10921.0,10930.0,10750.0,10846.0,160030.0
2016-08-10,10839.0,10888.0,10744.0,10751.0,68963.0
2016-08-11,10768.0,10851.0,10599.0,10673.0,100689.0
2016-08-12,10693.0,10885.0,10601.0,10800.0,102427.0
2016-08-15,10854.0,10988.0,10663.0,10835.0,161987.0
2016-08-16,10802.0,10848.0,10454.0,10532.0,110213.0
2016-08-17,10507.0,10729.0,10400.0,10400.0,172321.0
2016-08-18,10410.0,10559.0,10275.0,10380.0,115478.0
2016-08-19,10401.0,10430.0,10230.0,10260.0,59057.0
2016-08-22,10273.0,10620.0,10200.0,10589.0,103815.0
2016-08-23,10600.0,10850.0,10526.0,10643.0,148954.0
2016-08-24,10669.0,10699.0,10105.0,10250.0,204681.0
2016-08-25,10240.0,10317.0,10133.0,10289.0,88717.0
2016-08-26,10305.0,10467.0,10252.0,10376.0,104602.0
2016-08-29,10350.0,10492.0,10190.0,10492.0,57071.0
2016-08-30,10483.0,10578.0,10417.0,10475.0,75327.0
2016-08-31,10481.0,10499.0,10220.0,10262.0,70622.0
2016-09-01,10299.0,10410.0,10133.0,10308.0,66490.0
2016-09-02,10345.0,10560.0,10268.0,10544.0,88315.0
2016-09-05,10568.0,10739.0,10540.0,10734.0,74854.0
2016-09-06,10764.0,10950.0,9967.0,10615.0,117225.0
2016-09-07,10619.0,10819.0,10602.0,10670.0,89658.0
2016-09-08,10681.0,10800.0,10652.0,10743.0,78124.0
2016-09-09,10772.0,10797.0,10324.0,10544.0,134765.0
2016-09-12,10440.0,10730.0,10289.0,10372.0,103163.0
2016-09-13,10400.0,10464.0,10204.0,10291.0,67398.0
2016-09-14,10299.0,10299.0,10200.0,10205.0,51977.0
2016-09-15,10210.0,10295.0,10125.0,10167.0,81802.0
2016-09-16,10194.0,10457.0,10174.0,10269.0,126203.0
2016-09-19,10291.0,10440.0,10262.0,10339.0,76838.0
2016-09-20,10316.0,10475.0,10300.0,10350.0,80593.0
2016-09-21,10365.0,10739.0,10365.0,10648.0,141239.0
2016-09-22,10607.0,10758.0,10550.0,10700.0,83356.0
2016-09-23,10696.0,10700.0,10420.0,10600.0,112084.0
2016-09-26,10550.0,10800.0,10541.0,10789.0,88090.0
2016-09-27,10785.0,10791.0,10425.0,10432.0,81422.0
2016-09-28,10430.0,10690.0,10410.0,10555.0,83393.0
2016-09-29,10668.0,10797.0,10511.0,10530.0,95790.0
2016-09-30,10484.0,10580.0,10391.0,10391.0,89942.0
2016-10-03,10449.0,10600.0,10300.0,10539.0,89177.0
2016-10-04,10539.0,10640.0,10350.0,10507.0,75614.0
2016-10-05,10478.0,10537.0,10311.0,10490.0,76651.0
2016-10-06,10495.0,10595.0,10445.0,10590.0,56059.0
2016-10-07,10599.0,10636.0,10380.0,10411.0,74763.0
2016-10-10,10411.0,10516.0,10371.0,10491.0,35275.0
2016-10-11,10471.0,10600.0,10219.0,10351.0,88862.0
2016-10-12,10310.0,10347.0,10170.0,10245.0,69575.0
2016-10-13,10245.0,10375.0,10181.0,10219.0,63776.0
2016-10-14,10225.0,10277.0,10113.0,10144.0,72578.0
2016-10-17,10183.0,10183.0,10002.0,10100.0,58655.0
2016-10-18,10113.0,10537.0,10072.0,10535.0,119766.0
2016-10-19,10512.0,10600.0,10360.0,10567.0,121953.0
2016-10-20,10560.0,10690.0,10525.0,10605.0,112621.0
2016-10-21,10596.0,10613.0,10353.0,10525.0,142388.0
2016-10-24,10514.0,10577.0,10411.0,10526.0,134165.0
2016-10-25,10515.0,10533.0,10357.0,10430.0,199384.0
2016-10-26,10410.0,10445.0,10342.0,10405.0,67686.0
2016-10-27,10383.0,10549.0,10365.0,10450.0,81580.0
2016-10-28,10418.0,10630.0,10405.0,10551.0,82720.0
2016-10-31,10551.0,10639.0,10421.0,10630.0,135034.0
2016-11-01,10617.0,10722.0,10467.0,10530.0,129799.0
2016-11-02,10487.0,10571.0,10353.0,10421.0,98349.0
2016-11-03,10387.0,10405.0,10242.0,10360.0,109840.0
2016-11-07,10048.0,10099.0,9731.0,9740.0,386192.0
2016-11-08,9760.0,9933.0,9736.0,9860.0,106479.0
2016-11-09,9737.0,9800.0,9550.0,9651.0,285387.0
2016-11-10,9692.0,10060.0,9666.0,9850.0,350162.0
2016-11-11,9846.0,10120.0,9733.0,9910.0,338091.0
2016-11-14,9920.0,9978.0,9662.0,9870.0,141503.0
2016-11-15,9905.0,9950.0,9804.0,9920.0,84285.0
2016-11-16,9917.0,10194.0,9917.0,10138.0,160083.0
2016-11-17,10156.0,10310.0,10138.0,10267.0,94453.0
2016-11-18,10227.0,10400.0,10170.0,10351.0,97816.0
2016-11-21,10361.0,10470.0,10312.0,10380.0,87369.0
2016-11-22,10358.0,10476.0,10270.0,10450.0,98678.0
2016-11-23,10447.0,10590.0,10410.0,10487.0,121779.0
2016-11-24,10463.0,10535.0,10410.0,10430.0,57682.0
2016-11-25,10400.0,10476.0,10324.0,10420.0,37637.0
2016-11-28,10401.0,10490.0,10341.0,10380.0,68486.0
2016-11-29,10372.0,10449.0,10223.0,10290.0,79603.0
2016-11-30,10260.0,10500.0,10156.0,10500.0,126910.0
2016-12-01,10500.0,10500.0,10272.0,10297.0,78875.0
2016-12-02,10300.0,10387.0,10210.0,10350.0,69880.0
2016-12-05,10341.0,10579.0,10295.0,10550.0,97870.0
2016-12-06,10551.0,10670.0,10510.0,10649.0,115690.0
2016-12-07,10607.0,10649.0,10549.0,10580.0,88030.0
2016-12-08,10593.0,10730.0,10533.0,10730.0,129942.0
2016-12-09,10736.0,10808.0,10240.0,10423.0,216958.0
2016-12-12,10449.0,10560.0,10228.0,10350.0,195706.0
2016-12-13,10351.0,10693.0,10337.0,10693.0,129295.0
2016-12-14,10657.0,10706.0,10510.0,10602.0,83216.0
2016-12-15,10589.0,10670.0,10400.0,10532.0,254953.0
2016-12-16,10582.0,10780.0,10507.0,10720.0,142649.0
2016-12-19,10713.0,10717.0,10466.0,10597.0,77581.0
2016-12-20,10562.0,10745.0,10513.0,10709.0,104839.0
2016-12-21,10705.0,10909.0,10680.0,10750.0,150893.0
2016-12-22,10645.0,10645.0,10255.0,10411.0,136034.0
2016-12-23,10400.0,10526.0,10321.0,10408.0,46421.0
2016-12-26,10400.0,10449.0,10309.0,10327.0,13606.0
2016-12-27,10311.0,10425.0,10255.0,10400.0,39191.0
2016-12-28,10400.0,10700.0,10371.0,10665.0,86053.0
2016-12-29,10627.0,10800.0,10500.0,10795.0,79131.0
2016-12-30,10770.0,11097.0,10710.0,11000.0,99527.0
2017-01-03,11015.0,11476.0,10902.0,11347.0,128162.0
2017-01-04,11330.0,11367.0,11118.0,11220.0,78673.0
2017-01-05,11179.0,11316.0,10850.0,10875.0,98865.0
2017-01-06,10870.0,10978.0,10821.0,10900.0,88000.0
2017-01-09,10901.0,10993.0,10704.0,10819.0,140587.0
2017-01-10,10824.0,10837.0,10413.0,10534.0,352500.0
2017-01-11,10534.0,10534.0,9963.0,10000.0,320694.0
2017-01-12,10000.0,10155.0,9820.0,9880.0,149419.0
2017-01-13,9852.0,9918.0,9488.0,9640.0,233682.0
2017-01-16,9649.0,9838.0,9506.0,9830.0,191959.0
2017-01-17,9835.0,9925.0,9655.0,9825.0,132237.0
2017-01-18,9844.0,9879.0,9572.0,9695.0,109226.0
2017-01-19,9748.0,9800.0,9662.0,9800.0,125823.0
2017-01-20,9771.0,9777.0,9662.0,9730.0,105743.0
2017-01-23,9735.0,9735.0,9626.0,9694.0,67979.0
2017-01-24,9700.0,9744.0,9620.0,9690.0,79898.0
2017-01-25,9700.0,9700.0,9530.0,9625.0,136998.0
2017-01-26,9626.0,10085.0,9623.0,10020.0,210423.0
2017-01-27,10021.0,10040.0,9750.0,9900.0,381030.0
2017-01-30,9862.0,9890.0,9615.0,9625.0,247269.0
2017-01-31,9625.0,9740.0,9605.0,9650.0,98303.0
2017-02-01,9669.0,9774.0,9632.0,9700.0,108379.0
2017-02-02,9700.0,9725.0,9464.0,9495.0,243035.0
2017-02-03,9540.0,9654.0,9340.0,9580.0,130429.0
2017-02-06,9600.0,9699.0,9529.0,9640.0,103360.0
2017-02-07,9645.0,9680.0,9536.0,9550.0,104131.0
2017-02-08,9542.0,9800.0,9503.0,9577.0,126520.0
2017-02-09,9604.0,9890.0,9517.0,9862.0,159554.0
2017-02-10,9855.0,10064.0,9770.0,10002.0,157369.0
2017-02-13,10020.0,10230.0,9974.0,10078.0,142097.0
2017-02-14,10072.0,10078.0,9900.0,10030.0,135719.0
2017-02-15,10005.0,10053.0,9910.0,10000.0,132481.0
2017-02-16,9981.0,10054.0,9860.0,9930.0,155489.0
2017-02-17,9931.0,10039.0,9700.0,9700.0,169643.0
2017-02-20,9747.0,9755.0,9577.0,9577.0,140385.0
2017-02-21,9577.0,9637.0,9510.0,9540.0,92667.0
2017-02-22,9550.0,9550.0,9118.0,9194.0,162887.0
2017-02-24,9176.0,9188.0,8732.0,8825.0,250764.0
2017-02-27,8840.0,9220.0,8811.0,9190.0,179381.0
2017-02-28,9165.0,9649.0,8993.0,9133.0,172221.0
2017-03-01,9076.0,9293.0,9027.0,9150.0,65397.0
2017-03-02,9200.0,9381.0,9130.0,9250.0,106727.0
2017-03-03,9220.0,9310.0,9152.0,9175.0,63468.0
2017-03-06,9174.0,9300.0,9153.0,9250.0,61128.0
2017-03-07,9237.0,9271.0,9128.0,9233.0,80679.0
2017-03-09,9230.0,9280.0,9044.0,9061.0,244852.0
2017-03-10,9125.0,9250.0,9100.0,9155.0,97690.0
2017-03-13,9167.0,9270.0,9101.0,9235.0,106802.0
2017-03-14,9259.0,9379.0,9171.0,9270.0,96083.0
2017-03-15,9286.0,9436.0,9223.0,9346.0,100827.0
2017-03-16,9435.0,9731.0,9388.0,9700.0,206913.0
2017-03-17,9675.0,9755.0,9606.0,9700.0,99162.0
2017-03-20,9721.0,9840.0,9587.0,9780.0,123473.0
2017-03-21,9777.0,9909.0,9661.0,9730.0,144561.0
2017-03-22,9671.0,9780.0,9275.0,9440.0,184901.0
2017-03-23,9440.0,9481.0,9180.0,9370.0,149074.0
2017-03-24,9319.0,9408.0,9231.0,9350.0,59620.0
2017-03-27,9301.0,9370.0,9201.0,9351.0,73847.0
2017-03-28,9380.0,9680.0,9380.0,9600.0,114084.0
2017-03-29,9633.0,9638.0,9301.0,9327.0,80084.0
2017-03-30,9313.0,9638.0,9240.0,9580.0,123500.0
2017-03-31,9574.0,9574.0,9261.0,9261.0,80233.0
2017-04-03,9315.0,9366.0,9200.0,9313.0,52497.0
2017-04-04,9312.0,9377.0,9227.0,9261.0,83818.0
2017-04-05,9290.0,9470.0,9235.0,9470.0,101239.0
2017-04-06,9457.0,9600.0,9420.0,9550.0,70096.0
2017-04-07,9519.0,9590.0,9400.0,9430.0,141926.0
2017-04-10,9399.0,9500.0,9290.0,9360.0,136348.0
2017-04-11,9350.0,9460.0,9250.0,9265.0,113592.0
2017-04-12,9290.0,9318.0,9033.0,9100.0,146878.0
2017-04-13,9127.0,9222.0,9060.0,9160.0,131422.0
2017-04-14,9135.0,9195.0,8941.0,8985.0,22384.0
2017-04-17,8980.0,9137.0,8853.0,9135.0,23379.0
2017-04-18,9130.0,9218.0,8987.0,9113.0,52902.0
2017-04-19,9132.0,9189.0,8880.0,9000.0,100486.0
2017-04-20,8974.0,9148.0,8901.0,9110.0,128059.0
2017-04-21,8999.0,9182.0,8950.0,9070.0,190390.0
2017-04-24,9138.0,9175.0,8919.0,9008.0,130708.0
2017-04-25,9016.0,9035.0,8809.0,8825.0,112538.0
2017-04-26,8832.0,8847.0,8615.0,8823.0,194655.0
2017-04-27,8799.0,8917.0,8750.0,8825.0,70140.0
2017-04-28,8849.0,8950.0,8610.0,8776.0,136540.0
2017-05-02,8819.0,8939.0,8734.0,8821.0,149260.0
2017-05-03,8829.0,8880.0,8670.0,8685.0,116507.0
2017-05-04,8702.0,8873.0,8697.0,8841.0,96289.0
2017-05-05,8844.0,8931.0,8777.0,8900.0,76894.0
2017-05-10,8929.0,9154.0,8806.0,9140.0,101619.0
2017-05-11,9134.0,9180.0,8810.0,9010.0,56140.0
2017-05-12,9037.0,9090.0,8900.0,8985.0,44148.0
2017-05-15,8968.0,9180.0,8951.0,9180.0,89251.0
2017-05-16,9151.0,9295.0,9095.0,9238.0,58000.0
2017-05-17,9238.0,9566.0,9216.0,9440.0,142652.0
2017-05-18,9408.0,9543.0,9155.0,9255.0,167431.0
2017-05-19,9251.0,9324.0,9060.0,9190.0,137671.0
2017-05-22,9198.0,9448.0,9122.0,9413.0,63040.0
2017-05-23,9398.0,9460.0,9246.0,9280.0,112625.0
2017-05-24,9288.0,9354.0,9205.0,9205.0,73195.0
2017-05-25,9251.0,9385.0,9248.0,9359.0,68075.0
2017-05-26,9351.0,9554.0,9301.0,9450.0,91170.0
2017-05-29,9455.0,9508.0,9280.0,9300.0,36000.0
2017-05-30,9290.0,9339.0,9219.0,9240.0,47496.0
2017-05-31,9240.0,9320.0,9032.0,9197.0,112265.0
2017-06-01,9193.0,9197.0,9062.0,9070.0,72326.0
2017-06-02,9050.0,9050.0,8865.0,8875.0,59966.0
2017-06-05,8885.0,8990.0,8840.0,8989.0,67315.0
2017-06-06,8986.0,9160.0,8957.0,9053.0,80327.0
2017-06-07,9076.0,9219.0,9008.0,9204.0,108276.0
2017-06-08,9225.0,9298.0,9201.0,9270.0,77956.0
2017-06-09,9251.0,9496.0,9226.0,9435.0,176376.0
2017-06-13,9400.0,9596.0,9317.0,9589.0,177029.0
2017-06-14,9553.0,9600.0,9465.0,9588.0,113840.0
2017-06-15,9540.0,9553.0,9155.0,9449.0,354974.0
2017-06-16,9437.0,9519.0,9285.0,9412.0,73103.0
2017-06-19,9400.0,9588.0,9323.0,9539.0,52424.0
2017-06-20,9575.0,9744.0,9561.0,9613.0,97144.0
2017-06-21,9611.0,9691.0,9484.0,9499.0,155848.0
2017-06-22,9441.0,9441.0,9280.0,9330.0,63413.0
2017-06-23,9295.0,9341.0,9190.0,9280.0,89111.0
2017-06-26,9344.0,9374.0,9236.0,9301.0,44551.0
2017-06-27,9309.0,9646.0,9289.0,9504.0,117872.0
2017-06-28,9508.0,9616.0,9457.0,9471.0,143315.0
2017-06-29,9484.0,9500.0,9102.0,9103.0,151216.0
2017-06-30,9104.0,9205.0,8976.0,9180.0,157040.0
2017-07-03,9198.0,9249.0,9089.0,9115.0,58793.0
2017-07-04,9133.0,9160.0,9030.0,9105.0,86302.0
2017-07-05,9109.0,9200.0,9076.0,9165.0,96438.0
2017-07-06,9197.0,9291.0,9172.0,9200.0,64278.0
2017-07-07,9187.0,9323.0,9115.0,9313.0,49297.0
2017-07-10,9338.0,9380.0,9157.0,9360.0,72670.0
2017-07-11,9366.0,9471.0,9300.0,9370.0,97179.0
2017-07-12,9379.0,9487.0,9326.0,9340.0,56608.0
2017-07-13,9352.0,9548.0,9352.0,9545.0,80111.0
2017-07-14,9546.0,9738.0,9528.0,9720.0,80552.0
2017-07-17,9720.0,9777.0,9580.0,9618.0,49843.0
2017-07-18,9610.0,9700.0,9590.0,9600.0,51779.0
2017-07-19,9599.0,9630.0,9503.0,9530.0,56142.0
2017-07-20,9563.0,9564.0,9436.0,9504.0,62928.0
2017-07-21,9466.0,9610.0,9341.0,9405.0,91537.0
2017-07-24,9425.0,9624.0,9425.0,9598.0,76829.0
2017-07-25,9570.0,9603.0,9426.0,9540.0,61383.0
2017-07-26,9564.0,9796.0,9525.0,9750.0,100025.0
2017-07-27,9764.0,9797.0,9604.0,9797.0,84122.0
2017-07-28,9759.0,9930.0,9680.0,9680.0,179756.0
2017-07-31,9680.0,9699.0,9453.0,9525.0,140973.0
2017-08-01,9525.0,9528.0,9321.0,9372.0,165749.0
2017-08-02,9360.0,9477.0,9335.0,9470.0,88591.0
2017-08-03,9452.0,9609.0,9405.0,9428.0,83524.0
2017-08-04,9419.0,9433.0,9293.0,9321.0,69758.0
2017-08-07,9339.0,9450.0,9278.0,9401.0,48957.0
2017-08-08,9423.0,9567.0,9385.0,9497.0,110319.0
2017-08-09,9495.0,9495.0,9385.0,9407.0,27204.0
2017-08-10,9407.0,9500.0,9315.0,9333.0,34340.0
2017-08-11,9344.0,9409.0,9203.0,9358.0,89462.0
2017-08-14,9364.0,9430.0,9307.0,9370.0,43495.0
2017-08-15,9357.0,9413.0,9302.0,9360.0,38277.0
2017-08-16,9389.0,9527.0,9367.0,9470.0,119223.0
2017-08-17,9453.0,9480.0,9365.0,9447.0,80475.0
2017-08-18,9388.0,9453.0,9302.0,9335.0,82504.0
2017-08-21,9335.0,9570.0,9331.0,9492.0,94902.0
2017-08-22,9513.0,9569.0,9431.0,9556.0,54504.0
2017-08-23,9524.0,9777.0,9512.0,9744.0,132135.0
2017-08-24,9739.0,9900.0,9715.0,9812.0,139750.0
2017-08-25,9769.0,9949.0,9700.0,9799.0,135715.0
2017-08-28,9806.0,10113.0,9790.0,10000.0,137981.0
2017-08-29,10003.0,10462.0,9923.0,10247.0,214478.0
2017-08-30,10260.0,10676.0,10260.0,10650.0,199954.0
2017-08-31,10630.0,10882.0,10561.0,10800.0,183799.0
2017-09-01,10800.0,10871.0,10563.0,10590.0,78027.0
2017-09-04,10568.0,10730.0,10470.0,10510.0,49355.0
2017-09-05,10544.0,10670.0,10504.0,10630.0,40150.0
2017-09-06,10601.0,10638.0,10421.0,10540.0,107115.0
2017-09-07,10559.0,10666.0,10506.0,10544.0,61188.0
2017-09-08,10548.0,10689.0,10471.0,10527.0,86861.0
2017-09-11,10528.0,10690.0,10521.0,10680.0,83079.0
2017-09-12,10688.0,10919.0,10688.0,10795.0,128531.0
2017-09-13,10800.0,10858.0,10651.0,10700.0,106398.0
2017-09-14,10550.0,10584.0,10268.0,10434.0,135704.0
2017-09-15,10418.0,10530.0,10306.0,10397.0,89281.0
2017-09-18,10399.0,10486.0,10260.0,10320.0,77248.0
2017-09-19,10331.0,10376.0,10257.0,10376.0,36266.0
2017-09-20,10380.0,10520.0,10380.0,10465.0,78773.0
2017-09-21,10480.0,10500.0,10300.0,10340.0,83640.0
2017-09-22,10321.0,10361.0,10201.0,10260.0,91643.0
2017-09-25,10244.0,10244.0,9955.0,10140.0,149267.0
2017-09-26,10128.0,10260.0,9975.0,10090.0,107298.0
2017-09-27,10083.0,10225.0,10060.0,10163.0,77178.0
2017-09-28,10180.0,10190.0,10032.0,10089.0,80019.0
2017-09-29,10104.0,10190.0,10056.0,10100.0,49756.0
2017-10-02,10082.0,10154.0,10072.0,10085.0,51792.0
2017-10-03,10101.0,10150.0,10032.0,10070.0,70195.0
2017-10-04,10051.0,10123.0,9903.0,9914.0,114407.0
2017-10-05,9913.0,9985.0,9770.0,9836.0,105426.0
2017-10-06,9833.0,10079.0,9833.0,10050.0,63947.0
2017-10-09,10079.0,10148.0,9830.0,9880.0,71827.0
2017-10-10,9884.0,9884.0,9770.0,9804.0,50756.0
2017-10-11,9842.0,9918.0,9730.0,9760.0,75555.0
2017-10-12,9770.0,9791.0,9680.0,9736.0,68288.0
2017-10-13,9728.0,9762.0,9525.0,9540.0,131752.0
2017-10-16,9564.0,9565.0,9422.0,9429.0,72154.0
2017-10-17,9425.0,9469.0,9332.0,9332.0,130475.0
2017-10-18,9336.0,9351.0,9240.0,9286.0,134079.0
2017-10-19,9320.0,9469.0,9320.0,9445.0,117486.0
2017-10-20,9470.0,9488.0,8311.0,8550.0,1097085.0
2017-10-23,8560.0,8625.0,8112.0,8221.0,678492.0
2017-10-24,8212.0,8285.0,7860.0,7913.0,521176.0
2017-10-25,7900.0,8299.0,7880.0,8299.0,563595.0
2017-10-26,8315.0,8382.0,8080.0,8347.0,274278.0
2017-10-27,8388.0,8396.0,8050.0,8065.0,379491.0
2017-10-30,8055.0,8189.0,7961.0,8022.0,209799.0
2017-10-31,8015.0,8069.0,7672.0,7693.0,457918.0
2017-11-01,7703.0,7721.0,7533.0,7610.0,319627.0
2017-11-02,7587.0,7633.0,7225.0,7370.0,546727.0
2017-11-03,7375.0,7571.0,7265.0,7390.0,350024.0
2017-11-07,7370.0,7486.0,7237.0,7380.0,421826.0
2017-11-08,7399.0,7536.0,7333.0,7398.0,286356.0
2017-11-09,7416.0,7466.0,7343.0,7399.0,233791.0
2017-11-10,7408.0,7424.0,7131.0,7175.0,440753.0
2017-11-13,7170.0,7249.0,7077.0,7146.0,269895.0
2017-11-14,7156.0,7174.0,6945.0,6949.0,321030.0
2017-11-15,6452.0,6452.0,6165.0,6170.0,1673602.0
2017-11-16,6205.0,6588.0,6201.0,6531.0,872816.0
2017-11-17,6583.0,6899.0,6485.0,6884.0,981842.0
2017-11-20,6894.0,7030.0,6735.0,6768.0,513685.0
2017-11-21,6800.0,6818.0,6567.0,6599.0,371524.0
2017-11-22,6599.0,6749.0,6521.0,6720.0,332234.0
2017-11-23,6726.0,6830.0,6661.0,6829.0,300715.0
2017-11-24,6849.0,6886.0,6631.0,6635.0,303185.0
2017-11-27,6636.0,6673.0,6556.0,6602.0,225787.0
2017-11-28,6599.0,6643.0,6450.0,6450.0,275667.0
2017-11-29,6445.0,6525.0,6367.0,6380.0,282471.0
2017-11-30,6377.0,6396.0,6227.0,6359.0,295727.0
2017-12-01,6367.0,6475.0,6300.0,6340.0,247419.0
2017-12-04,6338.0,6420.0,6251.0,6370.0,184459.0
2017-12-05,6365.0,6370.0,6275.0,6300.0,103250.0
2017-12-06,6303.0,6389.0,6266.0,6335.0,126487.0
2017-12-07,6330.0,6385.0,6301.0,6355.0,104328.0
2017-12-08,6360.0,6619.0,6360.0,6550.0,316917.0
2017-12-11,6558.0,6694.0,6542.0,6655.0,354826.0
2017-12-12,6675.0,6737.0,6498.0,6559.0,244912.0
2017-12-13,6540.0,6569.0,6400.0,6400.0,275817.0
2017-12-14,6415.0,6490.0,6325.0,6490.0,224976.0
2017-12-15,6478.0,6529.0,6395.0,6411.0,135903.0
2017-12-18,6419.0,6477.0,6251.0,6287.0,239169.0
2017-12-19,6297.0,6317.0,6200.0,6254.0,188002.0
2017-12-20,6267.0,6330.0,6220.0,6256.0,166693.0
2017-12-21,6278.0,6319.0,6220.0,6290.0,193475.0
2017-12-22,6307.0,6325.0,6250.0,6251.0,97163.0
2017-12-25,6270.0,6287.0,6233.0,6237.0,48779.0
2017-12-26,6240.0,6290.0,6220.0,6244.0,81897.0
2017-12-27,6208.0,6280.0,6202.0,6265.0,200516.0
2017-12-28,6265.0,6290.0,6250.0,6270.0,119060.0
2017-12-29,6259.0,6377.0,6251.0,6340.0,155883.0
2018-01-03,6327.0,6485.0,6322.0,6485.0,140838.0
2018-01-04,6495.0,6640.0,6480.0,6629.0,171116.0
2018-01-05,6645.0,6724.0,6525.0,6724.0,226690.0
2018-01-09,6772.0,6829.0,6555.0,6600.0,266894.0
2018-01-10,6638.0,6685.0,6531.0,6660.0,209766.0
2018-01-11,6672.0,6747.0,6620.0,6651.0,135215.0
2018-01-12,6648.0,6765.0,6630.0,6700.0,214554.0
2018-01-15,6720.0,6738.0,6560.0,6579.0,212406.0
2018-01-16,6585.0,6627.0,6380.0,6400.0,290586.0
2018-01-17,6376.0,6494.0,6315.0,6400.0,217824.0
2018-01-18,6429.0,6467.0,6225.0,6265.0,344342.0
2018-01-19,6266.0,6307.0,6227.0,6240.0,329883.0
2018-01-22,6242.0,6350.0,6240.0,6279.0,288444.0
2018-01-23,6298.0,6375.0,6294.0,6360.0,238216.0
2018-01-24,6371.0,6410.0,6302.0,6345.0,161616.0
2018-01-25,6349.0,6369.0,6007.0,6170.0,370974.0
2018-01-26,6161.0,6167.0,5531.0,5539.0,1570777.0
2018-01-29,5485.0,5645.0,5100.0,5155.0,1392031.0
2018-01-30,5166.0,5450.0,5051.0,5419.0,704713.0
2018-01-31,5377.0,5500.0,5250.0,5330.0,451549.0
2018-02-01,5338.0,5368.0,5174.0,5219.0,661649.0
2018-02-02,5203.0,5255.0,4921.0,5032.0,824549.0
2018-02-05,5018.0,5019.0,4811.0,4950.0,583736.0
2018-02-06,4800.0,4949.0,4727.0,4785.0,629546.0
2018-02-07,4834.0,4990.0,4720.0,4725.0,615458.0
2018-02-08,4706.0,4890.0,4668.0,4825.0,552546.0
2018-02-09,4771.0,4925.0,4740.0,4808.0,505446.0
2018-02-12,4880.0,4889.0,4827.0,4881.0,303403.0
2018-02-13,4884.0,4937.0,4821.0,4860.0,290717.0
2018-02-14,4873.0,4882.0,4770.0,4820.0,494286.0
2018-02-15,4847.0,4909.0,4828.0,4850.0,462625.0
2018-02-16,4675.0,4755.0,4410.0,4473.0,2649277.0
2018-02-19,4494.0,4549.0,4250.0,4251.0,1626972.0
2018-02-20,4272.0,4626.0,4250.0,4588.0,1599752.0
2018-02-21,4606.0,4848.0,4579.0,4793.0,1393805.0
2018-02-22,4781.0,5200.0,4735.0,5140.0,1943392.0
2018-02-26,5175.0,5250.0,4766.0,4803.0,1436809.0
2018-02-27,4819.0,4986.0,4735.0,4882.0,845110.0
2018-02-28,4873.0,4919.0,4745.0,4782.0,508943.0
2018-03-01,4767.0,4995.0,4701.0,4985.0,899602.0
2018-03-02,4984.0,5177.0,4964.0,5058.0,867973.0
2018-03-05,5088.0,5170.0,5062.0,5130.0,446170.0
2018-03-06,5157.0,5195.0,4970.0,5000.0,695428.0
2018-03-07,4980.0,5055.0,4937.0,4973.0,507256.0
2018-03-09,4958.0,5115.0,4957.0,5115.0,293159.0
2018-03-12,5133.0,5199.0,5111.0,5154.0,424441.0
2018-03-13,5160.0,5190.0,5017.0,5050.0,516929.0
2018-03-14,5049.0,5096.0,4970.0,4970.0,401518.0
2018-03-15,4976.0,5149.0,4915.0,5149.0,620981.0
2018-03-16,5151.0,5180.0,4957.0,4957.0,710099.0
2018-03-19,5020.0,5077.0,4971.0,4990.0,575497.0
2018-03-20,5002.0,5027.0,4872.0,4930.0,457760.0
2018-03-21,4935.0,4982.0,4892.0,4910.0,200616.0
2018-03-22,4906.0,4932.0,4800.0,4800.0,335070.0
2018-03-23,4768.0,4838.0,4700.0,4747.0,516283.0
2018-03-26,4740.0,4806.0,4671.0,4715.0,431564.0
2018-03-27,4722.0,4785.0,4708.0,4755.0,212189.0
2018-03-28,4723.0,4739.0,4559.0,4605.0,486784.0
2018-03-29,4618.0,4761.0,4603.0,4636.0,525208.0
2018-03-30,4658.0,4687.0,4637.0,4680.0,80033.0
2018-04-02,4681.0,4786.0,4672.0,4720.0,203376.0
2018-04-03,4736.0,4736.0,4651.0,4700.0,148165.0
2018-04-04,4705.0,4718.0,4630.0,4651.0,157520.0
2018-04-05,4664.0,4754.0,4655.0,4725.0,219090.0
2018-04-06,4709.0,4785.0,4686.0,4694.0,222640.0
2018-04-09,4678.0,4678.0,4131.0,4484.0,953582.0
2018-04-10,4502.0,4677.0,4422.0,4549.0,539054.0
2018-04-11,4525.0,4625.0,4437.0,4555.0,388682.0
2018-04-12,4576.0,4755.0,4541.0,4730.0,511320.0
2018-04-13,4742.0,4777.0,4655.0,4710.0,319300.0
2018-04-16,4650.0,4748.0,4623.0,4690.0,189295.0
2018-04-17,4739.0,4840.0,4730.0,4790.0,256877.0
2018-04-18,4793.0,4947.0,4791.0,4895.0,346674.0
2018-04-19,4914.0,5030.0,4885.0,4921.0,418706.0
2018-04-20,4940.0,5017.0,4780.0,4825.0,388279.0
2018-04-23,4825.0,4870.0,4715.0,4785.0,329039.0
2018-04-24,4805.0,4805.0,4715.0,4729.0,277550.0
2018-04-25,4722.0,4840.0,4716.0,4786.0,508433.0
2018-04-26,4801.0,4830.0,4722.0,4830.0,318786.0
2018-04-27,4836.0,4888.0,4781.0,4875.0,193989.0
2018-04-28,4868.0,4869.0,4842.0,4853.0,25724.0
2018-04-30,4854.0,4918.0,4820.0,4902.0,134317.0
2018-05-02,4872.0,4938.0,4851.0,4893.0,152546.0
2018-05-03,4895.0,4935.0,4805.0,4827.0,181937.0
2018-05-04,4828.0,4942.0,4822.0,4892.0,236824.0
2018-05-07,4901.0,4935.0,4862.0,4870.0,106672.0
2018-05-08,4870.0,4890.0,4821.0,4840.0,171289.0
2018-05-10,4893.0,4920.0,4840.0,4860.0,216450.0
2018-05-11,4859.0,4937.0,4859.0,4901.0,239620.0
2018-05-14,4911.0,4998.0,4863.0,4985.0,241670.0
2018-05-15,4990.0,5098.0,4960.0,5045.0,451737.0
2018-05-16,5040.0,5236.0,5012.0,5170.0,662151.0
2018-05-17,5221.0,5266.0,5097.0,5164.0,460691.0
2018-05-18,5184.0,5210.0,5066.0,5108.0,290382.0
2018-05-21,5118.0,5200.0,5087.0,5185.0,352610.0
2018-05-22,5183.0,5275.0,5167.0,5260.0,296514.0
2018-05-23,5255.0,5260.0,5171.0,5185.0,198001.0
2018-05-24,5169.0,5348.0,5115.0,5265.0,504839.0
2018-05-25,5279.0,5329.0,5210.0,5210.0,247241.0
2018-05-28,5215.0,5275.0,5184.0,5185.0,96968.0
2018-05-29,5208.0,5237.0,5052.0,5087.0,274844.0
2018-05-30,5086.0,5192.0,5013.0,5150.0,297586.0
2018-05-31,5182.0,5210.0,5060.0,5111.0,208841.0
2018-06-01,5080.0,5154.0,5031.0,5112.0,171334.0
2018-06-04,5115.0,5227.0,5091.0,5187.0,274201.0
2018-06-05,5202.0,5256.0,5170.0,5175.0,182093.0
2018-06-06,5193.0,5218.0,4905.0,4937.0,696519.0
2018-06-07,4952.0,5030.0,4914.0,5030.0,284634.0
2018-06-08,5017.0,5017.0,4770.0,4818.0,403834.0
2018-06-09,4819.0,4838.0,4786.0,4818.0,28596.0
2018-06-11,4831.0,4852.0,4726.0,4750.0,141610.0
2018-06-13,4775.0,4786.0,4651.0,4702.0,393756.0
2018-06-14,4704.0,4724.0,4657.0,4690.0,166772.0
2018-06-15,4697.0,4739.0,4654.0,4710.0,228321.0
2018-06-18,4697.0,4697.0,4596.0,4631.0,201784.0
2018-06-19,4628.0,4644.0,4514.0,4592.0,315266.0
2018-06-20,4613.0,4660.0,4597.0,4646.0,269824.0
2018-06-21,4646.0,4673.0,4576.0,4599.0,172685.0
2018-06-22,4601.0,4670.0,4572.0,4572.0,270354.0
2018-06-25,4567.0,4608.0,4534.0,4550.0,112272.0
2018-06-26,4568.0,4654.0,4556.0,4615.0,219572.0
2018-06-27,4620.0,4677.0,4555.0,4609.0,184728.0
2018-06-28,4602.0,4647.0,4586.0,4610.0,141860.0
2018-06-29,4635.0,4637.0,4570.0,4600.0,259893.0
2018-07-02,4605.0,4664.0,4590.0,4623.0,155950.0
2018-07-03,4630.0,4677.0,4606.0,4620.0,166282.0
2018-07-04,4626.0,4656.0,4617.0,4630.0,107772.0
2018-07-05,4547.0,4586.0,4528.0,4528.0,203490.0
2018-07-06,4540.0,4564.0,4481.0,4550.0,146961.0
2018-07-09,4556.0,4590.0,4500.0,4521.0,220789.0
2018-07-10,4533.0,4544.0,4458.0,4465.0,192706.0
2018-07-11,4463.0,4486.0,4415.0,4446.0,149498.0
2018-07-12,4440.0,4499.0,4374.0,4463.0,178065.0
2018-07-13,4469.0,4497.0,4438.0,4474.0,131936.0
2018-07-16,4476.0,4495.0,4455.0,4457.0,174007.0
2018-07-17,4453.0,4480.0,4400.0,4430.0,219788.0
2018-07-18,4436.0,4468.0,4413.0,4440.0,126219.0
2018-07-19,4444.0,4455.0,4312.0,4342.0,443402.0
2018-07-20,4333.0,4365.0,4263.0,4300.0,372774.0
2018-07-23,4295.0,4337.0,4266.0,4285.0,146829.0
2018-07-24,4287.0,4301.0,4171.0,4180.0,291158.0
2018-07-25,4154.0,4168.0,3991.0,4050.0,672736.0
2018-07-26,4058.0,4344.0,4058.0,4280.0,984632.0
2018-07-27,4287.0,4311.0,4215.0,4270.0,373835.0
2018-07-30,4270.0,4273.0,4200.0,4214.0,263652.0
2018-07-31,4204.0,4209.0,4088.0,4128.0,416666.0
2018-08-01,4128.0,4213.0,4125.0,4187.0,279783.0
2018-08-02,4186.0,4215.0,4109.0,4179.0,235263.0
2018-08-03,4179.0,4224.0,4161.0,4205.0,371546.0
2018-08-06,4210.0,4339.0,4175.0,4230.0,593051.0
2018-08-07,4230.0,4284.0,4207.0,4240.0,176043.0
2018-08-08,4239.0,4249.0,4122.0,4228.0,275565.0
2018-08-09,4215.0,4230.0,4107.0,4189.0,302846.0
2018-08-10,4189.0,4193.0,4007.0,4033.0,485539.0
2018-08-13,3998.0,4082.0,3936.0,4039.0,581332.0
2018-08-14,4057.0,4114.0,3970.0,3995.0,322633.0
2018-08-15,4005.0,4058.0,3977.0,4016.0,254188.0
2018-08-16,4015.0,4076.0,4006.0,4035.0,238781.0
2018-08-17,4033.0,4081.0,4015.0,4033.0,148940.0
2018-08-20,4048.0,4209.0,4039.0,4108.0,520547.0
2018-08-21,4125.0,4275.0,4076.0,4235.0,714908.0
2018-08-22,4242.0,4269.0,4140.0,4170.0,430825.0
2018-08-23,4168.0,4183.0,4123.0,4157.0,305875.0
2018-08-24,4156.0,4166.0,4074.0,4141.0,180292.0
2018-08-27,4142.0,4184.0,4117.0,4175.0,97331.0
2018-08-28,4187.0,4225.0,4169.0,4205.0,171851.0
2018-08-29,4222.0,4228.0,4156.0,4192.0,120652.0
2018-08-30,4210.0,4227.0,4072.0,4098.0,189358.0
2018-08-31,4086.0,4099.0,4024.0,4057.0,247111.0
2018-09-03,4047.0,4068.0,4034.0,4037.0,95999.0
2018-09-04,4045.0,4068.0,3990.0,4045.0,413700.0
2018-09-05,4057.0,4142.0,4046.0,4110.0,318344.0
2018-09-06,4111.0,4122.0,4045.0,4058.0,290897.0
2018-09-07,4067.0,4073.0,4009.0,4049.0,311239.0
2018-09-10,4055.0,4077.0,3993.0,4040.0,250328.0
2018-09-11,4036.0,4047.0,3990.0,4018.0,215088.0
2018-09-12,4022.0,4095.0,4020.0,4095.0,200103.0
2018-09-13,4102.0,4160.0,4058.0,4070.0,299147.0
2018-09-14,4087.0,4169.0,4048.0,4163.0,256247.0
2018-09-17,4180.0,4224.0,4165.0,4185.0,334929.0
2018-09-18,4197.0,4275.0,4189.0,4196.0,364396.0
2018-09-19,4214.0,4275.0,4210.0,4258.0,309025.0
2018-09-20,4270.0,4275.0,4182.0,4200.0,477507.0
2018-09-21,4197.0,4227.0,4141.0,4190.0,390132.0
2018-09-24,4190.0,4215.0,4096.0,4141.0,223308.0
2018-09-25,4156.0,4195.0,4130.0,4185.0,247786.0
2018-09-26,4198.0,4230.0,3992.0,3992.0,653871.0
2018-09-27,4000.0,4025.0,3750.0,3840.0,1563423.0
2018-09-28,3839.0,3867.0,3710.0,3835.0,504508.0
2018-10-01,3853.0,3942.0,3757.0,3825.0,775851.0
2018-10-02,3834.0,3846.0,3775.0,3840.0,309263.0
2018-10-03,3840.0,3876.0,3810.0,3852.0,263481.0
2018-10-04,3850.0,3869.0,3793.0,3840.0,334926.0
2018-10-05,3861.0,3913.0,3789.0,3830.0,427443.0
2018-10-08,3825.0,3848.0,3765.0,3771.0,343660.0
2018-10-09,3782.0,3799.0,3581.0,3582.0,715738.0
2018-10-10,3585.0,3603.0,3455.0,3490.0,796990.0
2018-10-11,3438.0,3475.0,3350.0,3440.0,914145.0
2018-10-12,3465.0,3565.0,3465.0,3490.0,711719.0
2018-10-15,3500.0,3579.0,3460.0,3560.0,518201.0
2018-10-16,3566.0,3612.0,3521.0,3540.0,543699.0
2018-10-17,3559.0,3618.0,3541.0,3581.0,467911.0
2018-10-18,3589.0,3640.0,3546.0,3588.0,383206.0
2018-10-19,3600.0,3610.0,3562.0,3580.0,437207.0
2018-10-22,3594.0,3648.0,3481.0,3487.0,377059.0
2018-10-23,3470.0,3477.0,3291.0,3465.0,694061.0
2018-10-24,3494.0,3544.0,3461.0,3461.0,327830.0
2018-10-25,3444.0,3520.0,3431.0,3515.0,313396.0
2018-10-26,3503.0,3514.0,3417.0,3461.0,295135.0
2018-10-29,3499.0,3551.0,3434.0,3541.0,346576.0
2018-10-30,3537.0,3634.0,3523.0,3606.0,509239.0
2018-10-31,3625.0,3672.0,3590.0,3590.0,323043.0
2018-11-01,3625.0,3648.0,3603.5,3640.0,409391.0
2018-11-02,3646.0,3696.0,3625.5,3660.0,393714.0
2018-11-06,3702.0,3740.0,3685.0,3695.0,348577.0
2018-11-07,3710.0,3727.5,3665.5,3720.0,361377.0
2018-11-08,3757.0,3757.0,3716.5,3735.0,302855.0
2018-11-09,3720.5,3734.5,3680.0,3700.0,321177.0
2018-11-12,3729.0,3739.5,3656.0,3656.0,207823.0
2018-11-13,3684.0,3684.0,3615.0,3629.5,186358.0
2018-11-14,3625.0,3629.5,3512.0,3549.0,352409.0
2018-11-15,3560.5,3569.0,3535.0,3543.5,233312.0
2018-11-16,3559.5,3560.0,3472.5,3478.0,321211.0
2018-11-19,3496.0,3508.5,3468.0,3500.0,156863.0
2018-11-20,3492.0,3524.5,3441.0,3454.5,184254.0
2018-11-21,3474.0,3509.0,3441.5,3496.0,258883.0
2018-11-22,3511.5,3514.5,3464.0,3493.0,195828.0
2018-11-23,3499.0,3504.0,3454.0,3461.0,143143.0
2018-11-26,3464.0,3503.0,3388.0,3490.0,330537.0
2018-11-27,3490.0,3508.5,3455.5,3500.0,238947.0
2018-11-28,3500.0,3515.0,3479.0,3500.0,356408.0
2018-11-29,3512.0,3541.0,3494.5,3500.0,280324.0
2018-11-30,3498.5,3518.5,3487.0,3500.0,237843.0
2018-12-03,3509.0,3522.0,3491.0,3500.0,253115.0
2018-12-04,3500.5,3684.0,3494.5,3630.0,615023.0
2018-12-05,3613.5,3669.0,3590.0,3669.0,331975.0
2018-12-06,3654.0,3710.0,3578.5,3699.0,313241.0
2018-12-07,3708.5,3750.0,3662.5,3719.0,442642.0
2018-12-10,3694.0,3721.5,3621.0,3685.0,255171.0
2018-12-11,3677.5,3689.5,3583.5,3595.0,241409.0
2018-12-12,3599.0,3631.0,3545.0,3600.5,221709.0
2018-12-13,3610.5,3664.0,3586.0,3653.5,147182.0
2018-12-14,3653.5,3658.5,3595.0,3644.0,159124.0
2018-12-17,3645.0,3688.5,3634.5,3671.5,182390.0
2018-12-18,3662.5,3730.0,3605.0,3725.0,305193.0
2018-12-19,3710.0,3720.0,3673.5,3675.0,254925.0
2018-12-20,3540.0,3594.0,3526.5,3565.0,370542.0
2018-12-21,3554.5,3574.0,3537.0,3537.0,217171.0
2018-12-24,3531.0,3548.5,3493.0,3503.5,100235.0
2018-12-25,3485.0,3490.0,3310.0,3439.5,208868.0
2018-12-26,3442.0,3498.0,3428.5,3491.5,186480.0
2018-12-27,3518.0,3537.0,3429.0,3440.0,233953.0
2018-12-28,3454.0,3494.0,3444.0,3475.0,115054.0
2018-12-29,3478.0,3536.5,3473.0,3511.5,68588.0
2019-01-03,3511.5,3596.5,3482.0,3576.0,221513.0
2019-01-04,3590.0,3652.5,3580.0,3600.0,258406.0
2019-01-08,3602.5,3688.0,3563.0,3680.0,232366.0
2019-01-09,3679.0,3750.0,3661.0,3698.5,252801.0
2019-01-10,3703.0,3838.5,3699.0,3830.0,423249.0
2019-01-11,3830.5,3897.0,3816.0,3827.0,370716.0
2019-01-14,3819.0,3819.0,3756.5,3790.5,188090.0
2019-01-15,3812.5,3930.0,3806.0,3920.0,459913.0
2019-01-16,3930.5,3999.0,3930.5,3970.0,377556.0
2019-01-17,4000.0,4166.5,3992.5,4155.0,971030.0
2019-01-18,4182.0,4232.0,4110.0,4152.0,586706.0
2019-01-21,4170.0,4267.5,4112.0,4140.0,634536.0
2019-01-22,4132.0,4228.0,4112.5,4200.0,428278.0
2019-01-23,4219.0,4328.0,4191.5,4300.0,554050.0
2019-01-24,4317.0,4425.0,4240.0,4256.0,698528.0
2019-01-25,4280.0,4284.5,4140.0,4191.0,580989.0
2019-01-28,4221.5,4229.5,4115.0,4147.0,293665.0
2019-01-29,4160.0,4211.5,4124.0,4188.0,245994.0
2019-01-30,4195.5,4209.5,4150.0,4164.0,156003.0
2019-01-31,4200.5,4220.0,4105.5,4155.0,364963.0
2019-02-01,4151.5,4187.0,4117.5,4133.0,168709.0
2019-02-04,4144.0,4167.0,4122.5,4130.0,207705.0
2019-02-05,4135.0,4155.0,4040.0,4054.0,299418.0
2019-02-06,4055.0,4059.5,4000.5,4025.5,335129.0
2019-02-07,4022.5,4155.0,4010.5,4029.5,592169.0
2019-02-08,4027.0,4099.5,4020.0,4039.5,386727.0
2019-02-11,4060.0,4074.0,4015.0,4035.0,199350.0
2019-02-12,4048.0,4094.0,4015.0,4035.0,339870.0
2019-02-13,4036.5,4054.5,3944.0,3988.0,483855.0
2019-02-14,3967.0,4017.5,3895.5,3895.5,530477.0
2019-02-15,3914.5,3952.5,3844.5,3896.0,411189.0
2019-02-18,3920.0,3947.0,3871.0,3910.0,204154.0
2019-02-19,3915.0,3934.5,3860.5,3900.0,194481.0
2019-02-20,3907.5,3954.0,3907.5,3950.0,274046.0
2019-02-21,3960.5,3990.0,3944.0,3945.5,236539.0
2019-02-22,3938.5,3985.0,3933.0,3962.5,270933.0
2019-02-25,3980.0,3992.5,3911.0,3922.5,155513.0
2019-02-26,3911.0,3938.5,3850.0,3875.5,169200.0
2019-02-27,3894.0,3899.5,3790.5,3803.0,254768.0
2019-02-28,3810.0,3814.0,3776.0,3780.0,243464.0
2019-03-01,3794.0,3920.5,3782.5,3904.0,385313.0
2019-03-04,3916.5,3959.5,3850.0,3860.0,196258.0
2019-03-05,3859.0,3905.0,3832.5,3900.0,198916.0
2019-03-06,3912.5,3939.0,3845.5,3859.0,240817.0
2019-03-07,3866.0,3909.0,3827.0,3850.0,181690.0
2019-03-11,3848.0,3880.0,3776.0,3801.5,203428.0
2019-03-12,3814.5,3837.5,3787.5,3790.0,164980.0
2019-03-13,3797.0,3830.0,3757.0,3830.0,216748.0
2019-03-14,3792.0,3834.0,3735.0,3750.0,225660.0
2019-03-15,3758.5,3777.5,3703.5,3776.5,330371.0
2019-03-18,3780.0,3824.5,3740.0,3788.0,185905.0
2019-03-19,3799.0,3847.5,3771.0,3792.0,246013.0
2019-03-20,3792.0,3797.0,3730.0,3761.0,211975.0
2019-03-21,3765.0,3793.5,3718.5,3730.0,238361.0
2019-03-22,3739.0,3752.0,3672.5,3688.0,223293.0
2019-03-25,3678.5,3734.0,3673.5,3715.5,275441.0
2019-03-26,3719.0,3806.0,3711.0,3760.0,401957.0
2019-03-27,3758.0,3777.0,3698.0,3700.0,154872.0
2019-03-28,3722.5,3723.5,3674.0,3689.0,181321.0
2019-03-29,3691.5,3723.0,3610.0,3640.0,431832.0
2019-04-01,3698.0,3720.0,3671.0,3690.5,313753.0
2019-04-02,3696.0,3708.5,3651.5,3680.0,268293.0
2019-04-03,3691.5,3742.0,3690.0,3715.0,223685.0
2019-04-04,3714.0,3719.5,3655.0,3666.0,260919.0
2019-04-05,3670.0,3674.0,3600.0,3610.0,300892.0
2019-04-08,3617.5,3658.5,3584.0,3652.0,302762.0
2019-04-09,3657.0,3659.0,3603.5,3610.0,119612.0
2019-04-10,3614.0,3625.5,3560.5,3560.5,300558.0
2019-04-11,3576.0,3578.0,3543.5,3548.0,170743.0
2019-04-12,3561.5,3602.0,3547.0,3550.5,178488.0
2019-04-15,3551.0,3566.5,3500.0,3500.0,157437.0
2019-04-16,3511.0,3514.0,3443.5,3496.0,319109.0
2019-04-17,3505.0,3585.0,3504.0,3581.0,280765.0
2019-04-18,3583.5,3600.0,3542.0,3595.0,152468.0
2019-04-19,3595.0,3635.0,3590.0,3597.0,97668.0
2019-04-22,3607.5,3612.5,3565.5,3578.5,105070.0
2019-04-23,3568.5,3679.5,3565.0,3675.0,316674.0
2019-04-24,3668.0,3678.0,3623.5,3639.5,181917.0
2019-04-25,3650.5,3718.0,3641.5,3649.5,294517.0
2019-04-26,3653.0,3670.0,3575.5,3590.0,284847.0
2019-04-29,3564.5,3632.5,3500.0,3630.5,247380.0
2019-04-30,3631.5,3724.5,3545.0,3720.0,753249.0
2019-05-02,3704.5,3774.0,3680.5,3746.0,303256.0
2019-05-03,3750.0,3799.0,3750.0,3795.0,197838.0
2019-05-06,3760.0,3772.0,3711.5,3758.5,201858.0
2019-05-07,3750.5,3864.5,3750.5,3781.0,366735.0
2019-05-08,3781.0,3831.0,3755.5,3815.0,232641.0
2019-05-10,3768.0,3780.0,3696.5,3710.0,265104.0
2019-05-13,3685.0,3752.0,3675.0,3730.0,234001.0
2019-05-14,3730.0,3803.5,3729.5,3795.0,354014.0
2019-05-15,3801.0,3808.0,3728.0,3728.5,170071.0
2019-05-16,3737.5,3740.5,3687.0,3700.0,171953.0
2019-05-17,3703.0,3754.5,3680.0,3700.0,191828.0
2019-05-20,3700.5,3710.0,3645.0,3659.0,136346.0
2019-05-21,3659.0,3671.0,3604.0,3619.0,260925.0
2019-05-22,3619.0,3650.0,3590.5,3616.0,182799.0
2019-05-23,3616.0,3637.0,3544.5,3552.0,241991.0
2019-05-24,3564.5,3594.0,3556.0,3565.0,247805.0
2019-05-27,3578.5,3629.0,3570.0,3615.0,130837.0
2019-05-28,3620.0,3659.0,3612.5,3630.0,251927.0
2019-05-29,3635.0,3689.5,3630.5,3670.0,182324.0
2019-05-30,3685.0,3695.0,3655.5,3673.5,107644.0
2019-05-31,3665.0,3738.5,3642.5,3738.5,227137.0
2019-06-03,3730.0,3859.5,3697.5,3850.0,385759.0
2019-06-04,3841.0,3890.5,3821.0,3860.0,365006.0
2019-06-05,3865.0,3877.5,3837.5,3853.0,165820.0
2019-06-06,3853.0,3876.0,3826.5,3839.5,151980.0
2019-06-07,3839.0,3864.0,3789.0,3820.0,240938.0
2019-06-10,3833.5,3841.5,3791.0,3797.0,199921.0
2019-06-11,3805.0,3826.0,3760.0,3781.0,419395.0
2019-06-13,3647.0,3683.0,3625.5,3650.0,297737.0
2019-06-14,3653.5,3689.0,3615.0,3650.0,252315.0
2019-06-17,3645.0,3755.0,3623.0,3740.0,256587.0
2019-06-18,3740.0,3785.0,3716.0,3741.0,207486.0
2019-06-19,3748.0,3774.5,3717.5,3759.5,162862.0
2019-06-20,3766.5,3819.0,3759.0,3805.5,359783.0
2019-06-21,3805.0,3818.5,3716.0,3753.0,284818.0
2019-06-24,3760.5,3760.5,3700.0,3718.5,158261.0
2019-06-25,3705.5,3736.0,3663.0,3690.0,148326.0
2019-06-26,3690.0,3865.5,3681.5,3865.0,874471.0
2019-06-27,3867.5,3914.0,3791.0,3791.0,481788.0
2019-06-28,3799.5,3802.5,3731.0,3735.0,233295.0
2019-07-01,3754.0,3782.0,3725.5,3729.5,165042.0
2019-07-02,3735.0,3769.5,3703.0,3769.0,156057.0
2019-07-03,3770.0,3793.5,3747.0,3785.0,167973.0
2019-07-04,3780.0,3849.5,3770.5,3833.0,324885.0
2019-07-05,3831.5,3844.5,3803.5,3832.5,170473.0
2019-07-08,3839.0,3938.0,3828.5,3935.0,394950.0
2019-07-09,3936.0,3955.0,3875.5,3930.0,275747.0
2019-07-10,3938.0,3990.0,3900.0,3911.0,327789.0
2019-07-11,3911.0,3930.0,3842.0,3860.0,297993.0
2019-07-12,3861.5,3886.0,3795.5,3863.5,259276.0
2019-07-15,3863.0,3938.0,3839.0,3878.5,214182.0
2019-07-16,3873.5,3898.0,3835.5,3867.0,156259.0
2019-07-17,3851.0,3907.0,3846.0,3869.5,169872.0
2019-07-18,3869.0,3885.5,3837.0,3845.5,136975.0
2019-07-19,3870.0,3887.0,3806.0,3820.0,393376.0
2019-07-22,3816.5,3834.5,3746.0,3751.0,308935.0
2019-07-23,3761.0,3819.0,3736.0,3807.0,235605.0
2019-07-24,3815.5,3816.5,3785.0,3800.0,159121.0
2019-07-25,3800.0,3900.0,3770.0,3793.5,409639.0
2019-07-26,3818.0,3818.0,3746.0,3780.0,172862.0
2019-07-29,3771.0,3812.5,3762.5,3784.5,156261.0
2019-07-30,3795.0,3795.0,3745.0,3782.5,104495.0
2019-07-31,3781.0,3809.5,3751.0,3785.0,250382.0
2019-08-01,3768.0,3793.5,3721.5,3759.0,169450.0
2019-08-02,3737.0,3759.0,3690.0,3690.0,229594.0
2019-08-05,3685.0,3719.0,3556.0,3581.0,390415.0
2019-08-06,3589.0,3609.5,3580.0,3594.0,137668.0
2019-08-07,3600.0,3623.0,3513.0,3532.5,288791.0
2019-08-08,3557.5,3598.0,3541.0,3582.5,142639.0
2019-08-09,3576.0,3598.0,3534.0,3545.0,139374.0
2019-08-12,3558.0,3577.0,3536.5,3559.0,94111.0
2019-08-13,3560.0,3594.0,3552.0,3585.5,284262.0
2019-08-14,3596.0,3640.0,3566.0,3605.0,237298.0
2019-08-15,3605.0,3626.5,3565.5,3586.0,277150.0
2019-08-16,3594.0,3617.0,3578.5,3601.0,157711.0
2019-08-19,3610.5,3649.0,3597.5,3633.0,118385.0
2019-08-20,3633.5,3637.0,3575.0,3584.0,142146.0
2019-08-21,3586.0,3588.5,3545.0,3571.0,197480.0
2019-08-22,3563.0,3572.0,3526.0,3535.0,151256.0
2019-08-23,3536.0,3547.0,3519.5,3520.5,151824.0
2019-08-26,3519.5,3549.0,3483.0,3529.5,98205.0
2019-08-27,3520.5,3543.5,3512.0,3525.5,97756.0
2019-08-28,3529.5,3544.5,3518.0,3543.5,172029.0
2019-08-29,3543.5,3595.0,3542.0,3580.0,119325.0
2019-08-30,3575.5,3690.0,3575.5,3690.0,430284.0
2019-09-02,3687.0,3691.0,3650.0,3656.0,142408.0
2019-09-03,3656.5,3666.5,3606.5,3624.0,189850.0
2019-09-04,3634.5,3654.5,3596.0,3608.0,327381.0
2019-09-05,3618.0,3624.5,3577.5,3599.5,428663.0
2019-09-06,3604.0,3616.0,3570.5,3574.5,225949.0
2019-09-09,3580.0,3595.5,3540.0,3550.0,252069.0
2019-09-10,3550.5,3578.0,3505.5,3575.0,435279.0
2019-09-11,3581.5,3625.0,3558.0,3585.0,472081.0
2019-09-12,3586.5,3637.0,3578.0,3625.0,408066.0
2019-09-13,3625.5,3647.0,3608.0,3620.0,215755.0
2019-09-16,3620.5,3638.5,3600.5,3633.0,138760.0
2019-09-17,3630.0,3654.0,3607.5,3650.0,251439.0
2019-09-18,3645.5,3705.0,3642.0,3671.5,460798.0
2019-09-19,3674.0,3682.5,3608.5,3620.0,324878.0
2019-09-20,3616.0,3632.5,3600.0,3630.0,211820.0
2019-09-23,3630.0,3642.5,3601.0,3630.0,103528.0
2019-09-24,3628.0,3642.5,3562.0,3562.0,199068.0
2019-09-25,3563.0,3579.0,3539.5,3539.5,211087.0
2019-09-26,3543.0,3610.0,3543.0,3587.0,188783.0
2019-09-27,3592.5,3594.0,3559.5,3559.5,114661.0
2019-09-30,3551.5,3569.0,3530.0,3558.0,204091.0
2019-10-01,3557.0,3569.5,3535.0,3540.5,121189.0
2019-10-02,3545.0,3553.5,3500.0,3504.0,207713.0
2019-10-03,3501.5,3511.5,3406.0,3427.0,375940.0
2019-10-04,3433.5,3444.5,3368.0,3379.5,246772.0
2019-10-07,3387.0,3395.0,3355.0,3355.0,193749.0
2019-10-08,3374.5,3378.0,3273.0,3292.5,500326.0
2019-10-09,3298.0,3325.0,3247.0,3321.5,471981.0
2019-10-10,3327.0,3331.5,3276.0,3277.0,293096.0
2019-10-11,3282.5,3298.0,3202.5,3211.5,358327.0
2019-10-14,3217.5,3231.0,3136.5,3136.5,400968.0
2019-10-15,3133.0,3218.0,3110.5,3215.0,424097.0
2019-10-16,3215.5,3259.0,3186.0,3254.5,406127.0
2019-10-17,3259.0,3262.5,3221.0,3239.5,279919.0
2019-10-18,3239.5,3242.0,3205.5,3215.0,148624.0
2019-10-21,3215.0,3242.0,3168.0,3175.0,297079.0
2019-10-22,3176.5,3231.0,3164.0,3230.0,244499.0
2019-10-23,3227.5,3278.0,3195.0,3214.0,456865.0
2019-10-24,3211.0,3255.0,3207.0,3231.0,425053.0
2019-10-25,3243.5,3243.5,3105.0,3182.0,519587.0
2019-10-28,3184.0,3235.5,3162.0,3168.0,279607.0
2019-10-29,3174.0,3247.0,3092.5,3211.0,866930.0
2019-10-30,3211.0,3223.0,3164.5,3201.5,251382.0
2019-10-31,3203.5,3232.0,3199.0,3232.0,282342.0
2019-11-01,3242.0,3320.0,3238.0,3273.5,494119.0
2019-11-05,3302.5,3370.0,3290.5,3346.5,430102.0
2019-11-06,3346.5,3366.5,3325.0,3350.0,299321.0
2019-11-07,3351.5,3379.0,3338.5,3360.0,328258.0
2019-11-08,3353.0,3358.5,3257.0,3303.0,418426.0
2019-11-11,3308.5,3324.5,3291.0,3305.0,146215.0
2019-11-12,3310.0,3365.5,3306.0,3320.5,304507.0
2019-11-13,3311.0,3345.0,3301.5,3333.0,163503.0
2019-11-14,3329.5,3374.0,3313.0,3317.0,218468.0
2019-11-15,3332.5,3350.0,3280.0,3305.5,217900.0
2019-11-18,3341.0,3348.0,3285.5,3294.5,280848.0
2019-11-19,3298.0,3338.5,3291.5,3334.0,226260.0
2019-11-20,3323.5,3330.0,3301.5,3314.0,125141.0
2019-11-21,3307.0,3317.5,3257.0,3270.0,277061.0
2019-11-22,3276.0,3292.5,3255.0,3261.0,182143.0
2019-11-25,3261.5,3275.0,3240.0,3240.0,196557.0
2019-11-26,3243.0,3264.5,3231.0,3241.5,245469.0
2019-11-27,3250.0,3266.0,3234.5,3245.5,200161.0
2019-11-28,3243.0,3264.0,3236.5,3259.5,117096.0
2019-11-29,3252.0,3292.0,3236.5,3283.0,189141.0
2019-12-02,3280.0,3303.5,3242.0,3253.5,212324.0
2019-12-03,3253.5,3256.5,3174.0,3180.0,339436.0
2019-12-04,3188.0,3215.5,3151.5,3195.5,190002.0
2019-12-05,3205.0,3222.0,3191.0,3199.0,114441.0
2019-12-06,3208.5,3219.5,3195.5,3207.0,94980.0
2019-12-09,3211.0,3234.5,3207.0,3231.5,169123.0
2019-12-10,3232.0,3238.0,3211.5,3234.0,89431.0
2019-12-11,3233.0,3258.5,3225.0,3230.5,168607.0
2019-12-12,3235.0,3259.5,3235.0,3235.0,209848.0
2019-12-13,3245.0,3274.0,3237.0,3265.5,238421.0
2019-12-16,3274.5,3289.5,3255.5,3265.5,228827.0
2019-12-17,3268.0,3285.5,3258.5,3272.5,212904.0
2019-12-18,3272.0,3289.0,3268.5,3271.0,253346.0
2019-12-19,3274.0,3288.5,3270.5,3276.0,327136.0
2019-12-20,3325.0,3352.0,3287.0,3297.0,648340.0
2019-12-23,3309.5,3344.5,3301.0,3340.0,299579.0
2019-12-24,3343.5,3379.5,3341.0,3371.5,374853.0
2019-12-25,3374.5,3431.5,3372.0,3416.0,395005.0
2019-12-26,3432.0,3464.5,3424.0,3449.0,401515.0
2019-12-27,3451.5,3467.0,3412.5,3428.0,422886.0
2019-12-30,3435.0,3444.0,3416.5,3425.0,252912.0
2020-01-03,3440.0,3460.0,3431.0,3445.5,291955.0
2020-01-06,3446.0,3455.5,3407.0,3416.0,290909.0
2020-01-08,3416.0,3432.0,3381.0,3427.0,388549.0
2020-01-09,3312.0,3368.5,3300.5,3348.0,492797.0
2020-01-10,3350.0,3379.0,3312.0,3319.5,376849.0
2020-01-13,3330.0,3347.5,3306.5,3345.0,222572.0
2020-01-14,3347.5,3370.5,3325.5,3339.0,362009.0
2020-01-15,3342.0,3463.0,3334.5,3440.0,1536221.0
2020-01-16,3463.5,3629.5,3460.0,3625.0,1630349.0
2020-01-17,3661.5,3700.0,3590.5,3623.0,1422107.0
2020-01-20,3640.0,3889.5,3638.0,3855.0,1596925.0
2020-01-21,3840.5,3885.0,3714.5,3840.0,1137798.0
2020-01-22,3860.0,3939.0,3750.0,3750.0,1202119.0
2020-01-23,3724.0,3750.0,3632.0,3702.5,890575.0
2020-01-24,3731.0,3815.0,3706.5,3796.0,1028616.0
2020-01-27,3752.0,3763.0,3683.0,3708.5,585063.0
2020-01-28,3719.0,3812.0,3708.0,3751.0,597899.0
2020-01-29,3759.0,3870.0,3731.0,3819.5,717748.0
2020-01-30,3796.0,3874.0,3775.5,3830.0,617826.0
2020-01-31,3851.5,3870.0,3727.0,3727.0,682379.0
2020-02-03,3699.0,3761.0,3668.0,3720.5,559676.0
2020-02-04,3742.0,3797.0,3725.0,3750.0,453596.0
2020-02-05,3759.5,3805.5,3700.0,3783.5,1004108.0
2020-02-06,3814.5,3839.0,3655.0,3713.0,1505151.0
2020-02-07,3715.5,3727.0,3625.5,3640.0,652734.0
2020-02-10,3639.0,3657.5,3507.0,3564.5,779546.0
2020-02-11,3571.0,3597.0,3512.0,3575.0,594896.0
2020-02-12,3570.0,3760.0,3563.0,3760.0,1114425.0
2020-02-13,3750.0,3806.5,3712.5,3750.0,851663.0
2020-02-14,3762.0,3768.5,3661.0,3669.0,480070.0
2020-02-17,3685.0,3718.0,3651.5,3697.0,452693.0
2020-02-18,3688.5,3688.5,3605.0,3620.0,460542.0
2020-02-19,3631.0,3668.0,3557.5,3640.5,547359.0
2020-02-20,3651.0,3670.0,3617.0,3641.0,269194.0
2020-02-21,3623.0,3651.5,3591.0,3625.0,312226.0
2020-02-25,3556.0,3598.5,3500.0,3503.0,433180.0
2020-02-26,3488.0,3529.0,3390.5,3529.0,667542.0
2020-02-27,3482.0,3484.5,3320.0,3345.0,600611.0
2020-02-28,3236.0,3269.0,3054.0,3160.5,1459642.0
2020-03-02,3213.5,3271.5,3066.0,3201.0,749046.0
2020-03-03,3266.0,3288.0,3131.0,3150.0,807292.0
2020-03-04,3123.0,3182.0,3102.0,3130.0,532562.0
2020-03-05,3161.0,3169.0,3081.0,3121.0,521348.0
2020-03-06,3072.5,3093.5,2950.0,2984.0,862991.0
2020-03-10,2688.0,2820.0,2507.0,2669.5,2125922.0
2020-03-11,2689.0,2777.0,2630.0,2705.0,1264374.0
2020-03-12,2625.0,2625.0,2313.0,2337.0,1842348.0
2020-03-13,2327.0,2545.0,2289.0,2501.0,2036854.0
2020-03-16,2501.0,2650.0,2378.0,2636.0,1400055.0
2020-03-17,2589.5,2782.0,2583.5,2765.5,1387212.0
2020-03-18,2726.0,2890.0,2713.0,2780.0,1841047.0
2020-03-19,2779.5,2969.0,2771.0,2950.0,1233763.0
2020-03-20,2989.0,3075.0,2980.0,3002.5,1329099.0
2020-03-23,2949.0,3050.0,2830.0,2986.0,1068377.0
2020-03-24,3040.0,3095.0,3009.5,3020.0,733127.0
2020-03-25,3050.5,3134.0,2950.0,3070.0,1017518.0
2020-03-26,3069.5,3251.0,3003.0,3249.5,776449.0
2020-03-27,3254.0,3272.0,3063.5,3140.0,640870.0
2020-03-30,3100.5,3159.0,3045.0,3128.5,386716.0
2020-03-31,3149.0,3241.5,3065.0,3202.5,468120.0
2020-04-01,3158.0,3189.5,3116.5,3140.0,401981.0
2020-04-02,3171.5,3200.0,3115.0,3190.0,603133.0
2020-04-03,3178.0,3275.0,3158.0,3189.0,631941.0
2020-04-06,3207.0,3262.0,3191.0,3262.0,428077.0
2020-04-07,3284.5,3354.0,3254.0,3255.0,634958.0
2020-04-08,3231.5,3377.0,3204.0,3372.5,638994.0
2020-04-09,3387.0,3418.5,3287.5,3318.0,664627.0
2020-04-10,3318.0,3326.5,3275.5,3321.5,198605.0
2020-04-13,3315.5,3383.5,3260.0,3286.0,303435.0
2020-04-14,3318.0,3385.0,3308.0,3362.0,477174.0
2020-04-15,3365.0,3365.5,3215.0,3244.5,489492.0
2020-04-16,3249.0,3290.0,3180.0,3196.5,423817.0
2020-04-17,3253.0,3263.5,3200.0,3236.0,290157.0
2020-04-20,3232.0,3254.0,3159.5,3165.0,272556.0
2020-04-21,3129.0,3155.0,3032.0,3142.5,448016.0
2020-04-22,3140.0,3263.0,3120.0,3205.0,412431.0
2020-04-23,3236.0,3320.5,3187.5,3287.0,370461.0
2020-04-24,3298.5,3298.5,3215.5,3215.5,314692.0
2020-04-27,3233.0,3356.0,3229.0,3356.0,512104.0
2020-04-28,3348.5,3502.5,3336.0,3380.0,760416.0
2020-04-29,3399.5,3506.5,3392.0,3467.0,546429.0
2020-04-30,3479.0,3705.0,3468.0,3690.0,1484139.0
2020-05-04,3677.5,3858.0,3612.0,3760.0,1340370.0
2020-05-05,3782.5,3824.5,3664.5,3702.0,661431.0
2020-05-06,3708.5,3740.0,3661.0,3690.0,675492.0
2020-05-07,3691.5,3731.0,3673.0,3694.0,483755.0
2020-05-08,3699.5,3710.0,3640.5,3663.0,291016.0
2020-05-12,3663.0,3667.5,3573.0,3575.5,535623.0
2020-05-13,3569.5,3647.5,3518.0,3631.0,546151.0
2020-05-14,3610.0,3634.5,3507.0,3508.0,621758.0
2020-05-15,3531.0,3578.0,3520.5,3544.5,308703.0
2020-05-18,3570.0,3634.0,3551.5,3619.5,522604.0
2020-05-19,3640.0,3677.0,3583.0,3657.0,352357.0
2020-05-20,3658.0,3686.0,3633.0,3640.0,400697.0
2020-05-21,3643.0,3657.5,3592.5,3600.0,345079.0
2020-05-22,3589.0,3621.0,3566.0,3616.0,208008.0
2020-05-25,3622.0,3647.0,3614.5,3635.0,119457.0
2020-05-26,3649.0,3657.0,3581.5,3615.5,365782.0
2020-05-27,3615.5,3779.0,3608.5,3744.5,856327.0
2020-05-28,3763.5,3833.0,3735.0,3827.0,502375.0
2020-05-29,3818.0,3833.0,3728.0,3740.0,518322.0
2020-06-01,3754.0,3873.0,3753.0,3832.0,428320.0
2020-06-02,3852.0,3908.0,3823.5,3899.5,590579.0
2020-06-03,3915.0,3934.5,3812.0,3869.0,529011.0
2020-06-04,3869.0,3887.0,3789.5,3836.0,632588.0
2020-06-05,3840.5,3867.0,3815.0,3846.0,300224.0
2020-06-08,3863.0,3989.0,3855.0,3950.0,622249.0
2020-06-09,3969.0,3997.0,3916.5,3929.0,367852.0
2020-06-10,3933.0,4050.0,3911.0,3995.0,805517.0
2020-06-11,3955.0,4104.0,3930.0,4004.0,786098.0
2020-06-15,3984.5,4060.0,3924.5,3985.5,606762.0
2020-06-16,4010.0,4043.5,3945.0,3950.0,409007.0
2020-06-17,3969.5,3990.0,3904.0,3945.0,542551.0
2020-06-18,3805.0,3847.0,3791.0,3820.0,725669.0
2020-06-19,3840.5,3980.0,3832.0,3980.0,867710.0
2020-06-22,3960.0,4086.0,3907.0,4076.0,655479.0
2020-06-23,4083.0,4204.5,4083.0,4115.0,715543.0
2020-06-25,4098.5,4167.0,4066.0,4140.5,870462.0
2020-06-26,4145.0,4224.0,4134.5,4180.5,558665.0
2020-06-29,4182.5,4208.5,4114.0,4156.5,332486.0
2020-06-30,4153.5,4174.5,4020.5,4035.0,439418.0
2020-07-02,4054.0,4218.0,4047.0,4202.0,514032.0
2020-07-03,4205.0,4234.5,4179.0,4222.0,287251.0
2020-07-06,4236.0,4374.0,4236.0,4332.0,494536.0
2020-07-07,4322.5,4334.0,4235.5,4242.0,599546.0
2020-07-08,4240.0,4276.5,4184.0,4225.0,364001.0
2020-07-09,4224.0,4385.0,4224.0,4337.0,674716.0
2020-07-10,4320.0,4377.0,4272.5,4307.0,519649.0
2020-07-13,4315.5,4357.5,4274.0,4291.0,327645.0
2020-07-14,4305.5,4307.0,4125.0,4259.5,403736.0
2020-07-15,4264.5,4333.0,4237.5,4298.0,278935.0
2020-07-16,4285.0,4360.5,4218.0,4303.5,361755.0
2020-07-17,4300.5,4328.5,4264.0,4302.0,176026.0
2020-07-20,4299.0,4495.0,4276.5,4476.5,570102.0
2020-07-21,4487.0,4662.5,4480.0,4648.0,717238.0
2020-07-22,4647.0,4756.0,4610.5,4690.0,859724.0
2020-07-23,4700.0,4756.0,4675.5,4720.0,648464.0
2020-07-24,4717.0,4804.5,4692.5,4782.5,464885.0
2020-07-27,4794.0,4854.5,4680.0,4752.0,554837.0
2020-07-28,4755.0,4795.0,4713.5,4768.0,303507.0
2020-07-29,4762.0,4788.0,4600.0,4698.0,815281.0
2020-07-30,4707.0,4775.0,4622.0,4675.5,499186.0
2020-07-31,4652.5,4686.5,4555.0,4586.0,545908.0
2020-08-03,4586.0,4668.0,4574.0,4614.0,440772.0
2020-08-04,4630.0,4665.0,4600.5,4658.5,276765.0
2020-08-05,4666.0,4705.5,4591.5,4632.0,333049.0
2020-08-06,4630.5,4635.0,4572.5,4606.5,321495.0
2020-08-07,4603.0,4627.0,4534.0,4618.0,309905.0
2020-08-10,4622.0,4675.0,4577.0,4613.5,263586.0
2020-08-11,4613.0,4655.0,4563.5,4622.0,368984.0
2020-08-12,4636.0,4646.0,4581.0,4619.5,343556.0
2020-08-13,4619.5,4780.0,4593.5,4738.5,509353.0
2020-08-14,4740.0,4784.0,4676.0,4763.5,561231.0
2020-08-17,4764.0,4817.5,4647.5,4688.0,518607.0
2020-08-18,4670.0,4739.0,4655.0,4690.5,321094.0
2020-08-19,4695.0,4711.5,4661.5,4671.5,252837.0
2020-08-20,4659.5,4659.5,4523.5,4561.5,533803.0
2020-08-21,4558.5,4585.0,4438.0,4523.0,368723.0
2020-08-24,4548.5,4613.0,4532.5,4608.0,335463.0
2020-08-25,4615.5,4644.5,4576.0,4642.5,473599.0
2020-08-26,4642.0,4676.0,4606.5,4666.0,302374.0
2020-08-27,4666.0,4746.0,4652.5,4728.0,422233.0
2020-08-28,4729.0,4730.0,4560.0,4581.5,481042.0
2020-08-31,4590.0,4603.0,4420.5,4474.5,468217.0
2020-09-01,4480.0,4540.0,4376.0,4497.5,556547.0
2020-09-02,4500.0,4619.0,4444.5,4564.5,518184.0
2020-09-03,4575.5,4597.5,4537.5,4565.0,274496.0
2020-09-04,4559.5,4616.0,4528.0,4590.5,251453.0
2020-09-07,4580.0,4604.5,4540.0,4558.5,150741.0
2020-09-08,4562.0,4582.5,4448.5,4535.0,312059.0
2020-09-09,4532.0,4532.0,4403.0,4456.0,279467.0
2020-09-10,4463.0,4518.0,4420.0,4475.0,217757.0
2020-09-11,4490.0,4685.0,4468.0,4663.5,322222.0
2020-09-14,4685.0,4773.5,4632.0,4671.5,458729.0
2020-09-15,4663.0,4758.0,4609.5,4724.5,382678.0
2020-09-16,4735.5,4753.0,4637.0,4710.0,274442.0
2020-09-17,4683.0,4889.5,4677.0,4863.0,787198.0
2020-09-18,4867.0,4875.0,4788.0,4805.0,394972.0
2020-09-21,4813.0,4813.0,4691.5,4772.5,468255.0
2020-09-22,4762.0,4965.0,4717.0,4962.0,654074.0
2020-09-23,4951.0,5138.5,4918.0,4989.5,762604.0
2020-09-24,4980.5,5082.0,4966.0,5057.0,584374.0
2020-09-25,5062.0,5129.5,4976.5,5025.0,484960.0
2020-09-28,5040.0,5114.0,5023.0,5080.0,347077.0
2020-09-29,5068.0,5086.5,4926.0,4965.5,492171.0
2020-09-30,4954.0,4995.5,4874.5,4956.0,440560.0
2020-10-01,4983.5,5022.0,4850.0,4896.0,419660.0
2020-10-02,4860.0,4940.0,4853.5,4906.5,308123.0
2020-10-05,4917.0,4949.5,4872.0,4895.0,323020.0
2020-10-06,4901.0,4911.0,4858.0,4879.0,214699.0
2020-10-07,4877.0,4897.0,4692.0,4766.5,603324.0
2020-10-08,4770.0,4799.0,4695.0,4722.0,389157.0
2020-10-09,4719.5,4719.5,4597.0,4690.5,330711.0
2020-10-12,4699.0,4863.0,4676.0,4859.0,428179.0
2020-10-13,4852.0,4934.5,4785.0,4837.0,448933.0
2020-10-14,4839.0,4931.5,4818.5,4912.0,369365.0
2020-10-15,4902.5,4912.0,4702.0,4741.0,357136.0
2020-10-16,4738.5,4804.5,4687.0,4782.0,358808.0
2020-10-19,4787.5,4950.0,4777.5,4914.5,441176.0
2020-10-20,4929.0,5023.0,4867.5,4910.5,506574.0
2020-10-21,4912.0,4934.0,4829.0,4863.0,267046.0
2020-10-22,4849.0,4925.0,4831.0,4900.5,212813.0
2020-10-23,4898.5,4908.0,4825.5,4855.5,176391.0
2020-10-26,4829.0,4894.0,4760.0,4799.5,254788.0
2020-10-27,4817.5,4862.0,4763.0,4784.0,263856.0
2020-10-28,4775.0,4783.5,4636.0,4702.0,403906.0
2020-10-29,4710.0,4742.0,4581.0,4659.0,603634.0
2020-10-30,4636.0,4728.0,4542.0,4706.0,356991.0
2020-11-02,4706.0,4844.0,4635.0,4829.0,291287.0
2020-11-03,4833.0,4900.0,4728.0,4770.0,415512.0
2020-11-05,4820.0,4860.5,4708.0,4741.5,344948.0
2020-11-06,4749.0,4827.5,4694.5,4796.0,400139.0
2020-11-09,4820.0,4930.0,4797.5,4893.5,487087.0
2020-11-10,4885.0,4985.5,4880.0,4945.0,333565.0
2020-11-11,4961.0,5003.5,4754.0,4780.0,523010.0
2020-11-12,4777.0,4974.5,4771.0,4910.0,478098.0
2020-11-13,4930.0,4946.5,4831.0,4932.0,251469.0
2020-11-16,4947.0,5025.0,4906.5,4982.0,396031.0
2020-11-17,4993.5,5000.0,4848.0,4891.5,319977.0
2020-11-18,4891.5,5001.0,4850.0,4980.0,442458.0
2020-11-19,4998.0,5096.5,4943.0,5012.5,632419.0
2020-11-20,5001.0,5028.5,4900.0,4933.0,390445.0
2020-11-23,4934.0,4989.0,4883.0,4945.0,366980.0
2020-11-24,4960.0,4968.5,4876.5,4910.0,319868.0
2020-11-25,4915.0,4935.0,4806.5,4891.5,555502.0
2020-11-26,4897.0,4995.0,4874.5,4971.5,309192.0
2020-11-27,4977.5,4997.0,4936.5,4985.5,272493.0
2020-11-30,4969.5,5043.5,4947.0,4979.0,303833.0
2020-12-01,4979.0,5057.0,4961.5,5019.5,290875.0
2020-12-02,5004.0,5038.0,4968.5,4995.0,232363.0
2020-12-03,4998.5,5054.0,4950.5,5008.0,485355.0
2020-12-04,5013.5,5034.0,4975.0,4992.5,151598.0
2020-12-07,4994.5,5050.0,4992.0,5008.0,202118.0
2020-12-08,5022.5,5055.5,5000.0,5040.5,282800.0
2020-12-09,5051.5,5426.0,5048.0,5384.0,1358687.0
2020-12-10,5396.0,5496.0,5309.0,5384.5,908425.0
2020-12-11,5359.0,5418.0,5321.5,5381.0,309310.0
2020-12-14,5391.0,5549.0,5385.0,5512.0,574282.0
2020-12-15,5524.0,5548.0,5445.0,5494.0,306982.0
2020-12-16,5483.0,5537.5,5406.5,5432.0,324675.0
2020-12-17,5441.5,5457.5,5368.0,5421.0,382297.0
2020-12-18,5414.0,5498.5,5384.0,5449.0,332646.0
2020-12-21,5441.0,5444.0,5284.0,5362.0,571561.0
2020-12-22,5337.5,5394.5,5321.5,5346.0,283565.0
2020-12-23,5340.0,5382.0,5287.5,5356.0,272274.0
2020-12-24,5362.0,5468.5,5339.0,5424.5,260208.0
2020-12-25,5421.5,5486.0,5420.0,5474.5,179783.0
2020-12-28,5487.0,5607.5,5483.5,5599.0,368382.0
2020-12-29,5613.0,5687.5,5587.5,5643.0,425425.0
2020-12-30,5670.0,5714.0,5635.0,5685.5,424833.0
2021-01-04,5700.0,5784.5,5700.0,5744.0,389580.0
2021-01-05,5749.0,5770.0,5688.5,5762.5,523336.0
2021-01-06,5558.0,5620.0,5500.0,5534.0,748238.0
2021-01-08,5536.5,5590.0,5439.5,5478.0,685315.0
2021-01-11,5462.0,5546.0,5410.0,5484.5,381305.0
2021-01-12,5484.0,5541.0,5425.0,5450.5,384309.0
2021-01-13,5451.5,5473.5,5351.0,5410.0,292518.0
2021-01-14,5403.0,5423.0,5345.0,5375.5,284274.0
2021-01-15,5370.0,5373.0,5150.0,5210.0,1082136.0
2021-01-18,5209.5,5254.0,5143.5,5219.0,558907.0
2021-01-19,5232.5,5254.0,5134.5,5183.5,443464.0
2021-01-20,5188.5,5220.0,5125.0,5161.5,496304.0
2021-01-21,5170.0,5192.5,5045.5,5060.0,553023.0
2021-01-22,5054.0,5054.0,4918.0,4991.0,706032.0
2021-01-25,4984.5,5175.0,4983.5,5168.5,751937.0
2021-01-26,5147.0,5211.0,5125.5,5175.0,461057.0
2021-01-27,5180.0,5187.0,5070.0,5087.5,406595.0
2021-01-28,5049.5,5071.0,4981.0,5060.0,394757.0
2021-01-29,5031.5,5045.0,4900.5,4924.0,551594.0
2021-02-01,4941.5,5017.0,4865.0,4948.5,490220.0
2021-02-02,4949.0,5096.5,4949.0,5014.5,716539.0
2021-02-03,5013.5,5081.5,4987.5,5048.5,394810.0
2021-02-04,5055.5,5160.0,5005.0,5062.5,731022.0
2021-02-05,5082.0,5097.0,4953.0,4996.0,511451.0
2021-02-08,5013.0,5117.0,5005.0,5107.5,554832.0
2021-02-09,5112.0,5298.5,5110.0,5273.0,870072.0
2021-02-10,5295.5,5312.0,5125.5,5197.0,542689.0
2021-02-11,5177.0,5196.5,5090.0,5117.5,496228.0
2021-02-12,5100.0,5174.0,5036.0,5169.0,493207.0
2021-02-15,5187.0,5289.0,5186.5,5280.0,556501.0
2021-02-16,5285.0,5336.0,5271.5,5297.5,473145.0
2021-02-17,5300.5,5320.0,5211.0,5260.0,538090.0
2021-02-18,5244.5,5269.0,5076.0,5155.5,762248.0
2021-02-19,5160.0,5196.0,5110.5,5172.5,383471.0
2021-02-20,5155.0,5169.0,5125.0,5149.5,33555.0
2021-02-22,5161.5,5169.5,5055.0,5098.0,271104.0
2021-02-24,5091.0,5092.5,4957.0,5008.0,546134.0
2021-02-25,4998.0,5027.0,4889.5,4919.5,713489.0
2021-02-26,4900.5,4974.5,4872.5,4929.0,458905.0
2021-03-01,4957.0,4974.5,4916.5,4970.5,345421.0
2021-03-02,4965.0,5080.0,4938.0,5068.5,393648.0
2021-03-03,5080.0,5130.5,5016.0,5030.0,466695.0
2021-03-04,5035.5,5059.0,4953.0,4965.5,315202.0
2021-03-05,4983.0,5059.5,4906.5,5010.0,569971.0
2021-03-09,5024.5,5044.5,4936.0,4980.5,515133.0
2021-03-10,4975.0,5125.0,4966.5,5070.0,366323.0
2021-03-11,5089.5,5104.0,5031.0,5096.5,254304.0
2021-03-12,5100.0,5135.5,5074.5,5135.5,293522.0
2021-03-15,5149.0,5217.5,5142.0,5217.5,394556.0
2021-03-16,5207.0,5209.5,5132.5,5170.5,306942.0
2021-03-17,5195.0,5309.0,5170.0,5274.5,583209.0
2021-03-18,5283.5,5463.5,5275.0,5362.0,915441.0
2021-03-19,5375.5,5494.0,5301.0,5428.5,828789.0
2021-03-22,5435.0,5515.0,5374.0,5409.0,396221.0
2021-03-23,5400.0,5446.5,5282.5,5300.5,446257.0
2021-03-24,5318.0,5423.0,5308.0,5354.5,351371.0
2021-03-25,5370.5,5397.0,5250.0,5294.5,254876.0
2021-03-26,5301.0,5365.0,5289.5,5348.0,223178.0
2021-03-29,5314.5,5354.0,5256.0,5300.0,374734.0
2021-03-30,5332.0,5332.0,5281.0,5281.0,129101.0
2021-03-31,5282.5,5384.0,5268.0,5344.5,281065.0
2021-04-01,5357.0,5375.5,5270.0,5293.5,262969.0
2021-04-02,5295.5,5318.5,5273.0,5301.5,89435.0
2021-04-05,5290.5,5297.0,5202.0,5254.5,214581.0
2021-04-06,5259.0,5273.5,5096.0,5110.5,441607.0
2021-04-07,5114.0,5147.0,5040.0,5080.0,523524.0
2021-04-08,5080.5,5149.0,5033.5,5099.0,333972.0
2021-04-09,5107.0,5159.0,5060.0,5135.0,335742.0
2021-04-12,5147.0,5214.5,5125.0,5180.0,210750.0
2021-04-13,5181.0,5188.5,5086.5,5134.5,402712.0
2021-04-14,5137.0,5146.0,5070.5,5095.0,319263.0
2021-04-15,5073.5,5132.0,5046.0,5111.5,287983.0
2021-04-16,5135.0,5141.5,5083.0,5111.5,242272.0
2021-04-19,5117.0,5139.0,5081.0,5095.5,170630.0
2021-04-20,5102.0,5116.5,5054.0,5086.0,274908.0
2021-04-21,5077.5,5156.5,5071.0,5140.0,298355.0
2021-04-22,5129.5,5200.0,5100.0,5153.5,512716.0
2021-04-23,5153.5,5302.5,5130.0,5258.0,656956.0
2021-04-26,5306.0,5349.0,5255.0,5277.0,368435.0
2021-04-27,5283.5,5334.0,5215.0,5255.0,315832.0
2021-04-28,5255.0,5273.5,5166.0,5226.0,218274.0
2021-04-29,5231.0,5265.0,5083.0,5113.5,366747.0
2021-04-30,5116.5,5137.0,5070.0,5119.0,293771.0
2021-05-04,5135.0,5208.5,5131.5,5195.0,301887.0
2021-05-05,5200.5,5254.5,5144.5,5211.0,401030.0
2021-05-06,5215.0,5218.0,5135.0,5170.0,293274.0
2021-05-07,5167.5,5170.0,5093.0,5129.5,272200.0
2021-05-10,5127.5,5135.0,5065.0,5091.5,352679.0
2021-05-11,5090.0,5171.5,5081.0,5156.0,350973.0
2021-05-12,5145.0,5158.0,5065.5,5099.5,479750.0
2021-05-13,5099.0,5154.0,5089.5,5122.0,319780.0
2021-05-14,5122.5,5203.0,5122.5,5155.5,279172.0
2021-05-17,5155.0,5200.0,5103.5,5149.5,232862.0
2021-05-18,5164.5,5395.0,5153.0,5256.0,2440178.0
2021-05-19,5260.5,5301.0,5151.0,5226.5,516892.0
2021-05-20,5232.0,5241.5,5141.5,5161.0,335771.0
2021-05-21,5163.0,5315.0,5163.0,5300.5,591373.0
2021-05-24,5317.0,5345.0,5265.5,5282.0,296527.0
2021-05-25,5279.5,5348.0,5255.5,5331.0,283530.0
2021-05-26,5330.5,5410.0,5317.0,5346.5,357235.0
2021-05-27,5330.0,5385.0,5300.0,5362.0,354701.0
2021-05-28,5378.0,5433.0,5361.5,5409.5,335283.0
2021-05-31,5420.0,5474.5,5420.0,5460.5,243315.0
2021-06-01,5480.0,5524.5,5442.0,5469.5,402900.0
2021-06-02,5476.0,5500.0,5432.0,5471.5,257450.0
2021-06-03,5466.5,5502.0,5439.0,5459.0,299888.0
2021-06-04,5476.5,5476.5,5382.5,5445.0,321749.0
2021-06-07,5445.0,5471.0,5390.5,5417.0,240113.0
2021-06-08,5430.5,5452.5,5338.5,5396.0,325771.0
2021-06-09,5400.0,5403.0,5345.0,5384.5,194043.0
2021-06-10,5385.0,5398.5,5315.0,5379.5,295036.0
2021-06-11,5384.5,5459.5,5345.0,5405.0,430067.0
2021-06-14,5394.0,5460.0,5392.5,5449.0,235351.0
2021-06-15,5455.0,5499.0,5422.5,5457.5,354744.0
2021-06-16,5460.0,5505.0,5451.0,5486.0,494842.0
2021-06-17,5466.5,5568.5,5462.0,5559.0,506767.0
2021-06-18,5555.5,5685.0,5460.0,5605.0,685824.0
2021-06-21,5595.0,5670.0,5586.0,5650.0,510133.0
2021-06-22,5675.0,5686.5,5585.5,5606.0,517615.0
2021-06-23,5607.0,5628.0,5550.0,5569.0,732605.0
2021-06-24,5323.0,5363.0,5275.0,5319.5,602009.0
2021-06-25,5323.0,5335.5,5290.0,5324.5,181667.0
2021-06-28,5314.5,5339.0,5296.0,5302.5,267538.0
2021-06-29,5284.5,5371.5,5270.0,5324.0,233777.0
2021-06-30,5353.0,5355.0,5280.0,5301.0,247627.0
2021-07-01,5290.0,5324.0,5271.0,5282.5,174350.0
2021-07-02,5288.5,5303.0,5225.5,5250.0,300406.0
2021-07-05,5261.0,5283.0,5221.0,5232.0,196005.0
2021-07-06,5230.0,5311.0,5202.0,5241.0,371745.0
2021-07-07,5264.5,5328.0,5239.5,5310.0,303941.0
2021-07-08,5310.0,5357.5,5245.0,5344.0,307485.0
2021-07-09,5352.0,5368.0,5302.0,5322.5,237858.0
2021-07-12,5329.5,5370.0,5320.0,5365.0,136407.0
2021-07-13,5369.0,5417.5,5344.5,5416.5,323005.0
2021-07-14,5423.0,5425.0,5382.5,5385.0,189647.0
2021-07-15,5385.0,5437.5,5287.5,5308.0,326007.0
2021-07-16,5308.0,5335.0,5205.0,5235.0,295663.0
2021-07-19,5214.0,5237.0,5055.5,5099.0,402003.0
2021-07-20,5109.5,5133.0,5067.5,5096.5,174190.0
2021-07-21,5110.0,5149.0,5080.0,5142.0,151683.0
2021-07-22,5152.0,5159.5,5071.0,5128.0,218313.0
2021-07-23,5136.5,5168.0,5104.0,5130.0,183417.0
2021-07-26,5119.0,5215.0,5097.0,5215.0,279104.0
2021-07-27,5225.0,5247.5,5155.5,5198.5,255886.0
2021-07-28,5209.5,5278.5,5200.0,5265.0,235611.0
2021-07-29,5307.5,5375.0,5261.0,5347.0,292396.0
2021-07-30,5340.0,5399.5,5326.5,5337.0,346837.0
2021-08-02,5361.0,5376.0,5306.0,5321.0,216911.0
2021-08-03,5344.0,5395.0,5324.0,5383.0,234165.0
2021-08-04,5398.0,5456.0,5386.5,5415.0,297281.0
2021-08-05,5415.0,5515.0,5404.5,5489.5,506706.0
2021-08-06,5496.0,5510.0,5455.0,5458.5,185302.0
2021-08-09,5452.0,5494.5,5416.0,5457.0,278355.0
2021-08-10,5468.0,5484.5,5432.5,5458.0,304453.0
2021-08-11,5468.5,5507.0,5440.0,5465.0,240920.0
2021-08-12,5474.5,5545.0,5453.5,5537.5,444306.0
2021-08-13,5546.0,5611.0,5433.0,5504.5,837796.0
2021-08-16,5463.5,5487.0,5380.0,5466.0,346230.0
2021-08-17,5471.5,5568.0,5471.5,5523.5,303759.0
2021-08-18,5530.0,5620.0,5518.0,5555.0,269970.0
2021-08-19,5540.0,5598.0,5514.0,5573.0,275808.0
2021-08-20,5570.5,5584.5,5530.0,5532.0,100666.0
2021-08-23,5561.5,5584.0,5527.5,5545.0,160716.0
2021-08-24,5558.5,5638.0,5553.0,5634.0,374893.0
2021-08-25,5634.0,5650.0,5574.5,5583.0,270661.0
2021-08-26,5580.5,5633.5,5551.0,5619.0,217540.0
2021-08-27,5620.5,5636.0,5584.0,5601.0,224469.0
2021-08-30,5601.0,5623.5,5544.0,5591.0,230782.0
2021-08-31,5599.5,5634.0,5530.0,5539.5,262975.0
2021-09-01,5539.5,5584.5,5501.0,5547.5,205833.0
2021-09-02,5548.0,5581.5,5481.0,5565.5,189545.0
2021-09-03,5569.0,5592.0,5452.0,5517.5,240189.0
2021-09-06,5498.0,5514.5,5429.0,5440.0,195071.0
2021-09-07,5452.5,5461.5,5320.0,5337.0,412383.0
2021-09-08,5330.0,5474.0,5324.0,5452.5,331764.0
2021-09-09,5452.5,5453.5,5301.0,5323.0,265004.0
2021-09-10,5340.0,5353.5,5252.0,5318.5,326991.0
2021-09-13,5300.0,5454.5,5291.0,5434.5,360378.0
2021-09-14,5445.0,5467.0,5370.0,5378.0,249237.0
2021-09-15,5385.0,5512.5,5378.0,5501.5,403860.0
2021-09-16,5505.0,5732.0,5505.0,5714.5,1188324.0
2021-09-17,5696.0,5750.0,5649.0,5727.5,521584.0
2021-09-20,5719.0,5720.5,5593.0,5630.5,368610.0
2021-09-21,5646.0,5700.0,5615.5,5623.5,194654.0
2021-09-22,5626.5,5667.5,5626.5,5655.5,87420.0
2021-09-23,5652.0,5994.5,5652.0,5941.0,976309.0
2021-09-24,5941.0,6015.0,5890.0,5944.5,583140.0
2021-09-27,5972.0,5982.0,5842.5,5954.5,606852.0
2021-09-28,5980.0,6055.0,5850.5,5906.5,639806.0
2021-09-29,5906.0,6049.0,5905.0,6027.5,378680.0
2021-09-30,6052.5,6131.5,5988.0,6060.0,505189.0
2021-10-01,6029.5,6080.5,5976.5,6014.0,214834.0
2021-10-04,6022.0,6056.5,5928.5,5985.5,316715.0
2021-10-05,5980.0,6280.0,5976.0,6245.0,452877.0
2021-10-06,6275.0,6289.0,6162.0,6240.5,360967.0
2021-10-07,6250.0,6377.0,6215.5,6339.5,448205.0
2021-10-08,6341.5,6408.0,6280.5,6300.0,222182.0
2021-10-11,6310.0,6365.0,6272.5,6350.0,125948.0
2021-10-12,6350.0,6495.0,6320.5,6475.5,338364.0
2021-10-13,6485.0,6488.5,6285.0,6401.0,227631.0
2021-10-14,6416.5,6446.0,6342.0,6358.0,190400.0
2021-10-15,6351.0,6354.0,6218.5,6270.5,263248.0
2021-10-18,6252.5,6330.5,6196.0,6270.0,186301.0
2021-10-19,6284.0,6375.0,6271.0,6361.0,201730.0
2021-10-20,6361.0,6384.0,6244.0,6307.5,326123.0
2021-10-21,6296.5,6306.5,6144.5,6158.0,230635.0
2021-10-22,6166.0,6419.0,6142.0,6315.5,484507.0
2021-10-25,6320.0,6480.0,6283.5,6465.0,331991.0
2021-10-26,6469.0,6613.5,6414.5,6570.5,445598.0
2021-10-27,6594.0,6704.0,6507.5,6668.0,443068.0
2021-10-28,6668.0,6741.0,6551.5,6635.0,339861.0
2021-10-29,6620.0,6627.0,6435.5,6472.0,329842.0
2021-11-01,6507.5,6565.0,6430.0,6536.0,198637.0
2021-11-02,6552.5,6695.0,6504.5,6656.0,258281.0
2021-11-03,6667.0,6723.5,6570.5,6712.0,284798.0
2021-11-05,6713.0,6842.0,6623.0,6793.5,418598.0
2021-11-08,6807.0,6972.0,6791.5,6859.5,361677.0
2021-11-09,6879.0,7011.5,6680.0,6729.5,507463.0
2021-11-10,6731.0,6731.0,6583.0,6594.0,489789.0
2021-11-11,6619.5,6796.0,6470.0,6779.0,513124.0
2021-11-12,6794.5,6822.0,6492.0,6568.5,705952.0
2021-11-15,6575.0,6640.0,6443.5,6499.5,396228.0
2021-11-16,6500.0,6590.0,6460.5,6551.0,304438.0
2021-11-17,6557.0,6557.0,6315.5,6405.0,406460.0
2021-11-18,6387.5,6427.0,5938.0,5945.5,898753.0
2021-11-19,5945.5,6219.5,5796.5,6014.0,2349502.0
2021-11-22,6015.5,6100.0,5749.0,5789.5,900867.0
2021-11-23,5740.5,5919.0,5620.0,5917.0,742777.0
2021-11-24,5927.0,5973.0,5789.0,5875.0,535221.0
2021-11-25,5932.5,6081.5,5880.0,6056.0,433085.0
2021-11-26,5973.5,5973.5,5740.5,5775.5,544676.0
2021-11-29,5832.5,5914.0,5802.0,5898.5,425202.0
2021-11-30,5860.0,5978.0,5698.0,5733.0,588733.0
2021-12-01,5754.0,5889.0,5728.0,5768.0,432481.0
2021-12-02,5780.0,5824.0,5736.0,5789.0,267767.0
2021-12-03,5803.0,5823.5,5693.5,5715.5,207500.0
2021-12-06,5745.0,5794.0,5603.0,5650.0,295388.0
2021-12-07,5675.0,5850.0,5619.5,5841.5,319388.0
2021-12-08,5850.0,5907.0,5680.0,5765.0,302496.0
2021-12-09,5775.0,5949.5,5755.0,5908.0,376811.0
2021-12-10,5915.0,5958.0,5770.5,5822.5,249378.0
2021-12-13,5823.0,5892.5,5600.0,5637.0,364303.0
2021-12-14,5637.0,5731.5,5264.5,5670.0,415271.0
2021-12-15,5688.5,5728.5,5580.0,5700.0,318723.0
2021-12-16,5700.0,5846.0,5683.5,5752.0,557711.0
2021-12-17,5759.5,5776.5,5611.5,5674.5,346340.0
2021-12-20,5657.5,5658.5,5492.5,5533.5,279999.0
2021-12-21,5559.5,5600.0,5483.0,5521.5,327690.0
2021-12-22,5541.5,5598.0,5501.5,5551.0,311777.0
2021-12-23,5551.5,5612.0,5505.0,5538.5,320871.0
2021-12-24,5543.5,5629.0,5505.0,5592.5,175935.0
2021-12-27,5612.5,5685.0,5600.0,5665.5,359711.0
2021-12-28,5670.0,5679.5,5602.0,5658.0,500337.0
2021-12-29,5401.0,5466.5,5378.0,5446.0,470799.0
2021-12-30,5445.0,5488.0,5409.0,5444.0,270527.0
2022-01-03,5461.5,5549.0,5440.5,5509.5,188883.0
2022-01-04,5509.5,5578.0,5493.5,5565.0,215745.0
2022-01-05,5570.0,5602.5,5370.0,5399.0,202620.0
2022-01-06,5390.0,5555.0,5360.0,5535.0,215082.0
2022-01-10,5538.0,5584.5,5424.0,5473.0,231465.0
2022-01-11,5475.0,5563.0,5460.0,5505.5,188782.0
2022-01-12,5529.0,5642.5,5480.0,5623.0,355621.0
2022-01-13,5609.0,5640.0,5250.0,5330.0,667823.0
2022-01-14,5353.5,5399.0,5106.0,5235.5,839771.0
2022-01-17,5235.0,5297.0,5141.5,5185.5,500397.0
2022-01-18,5206.0,5226.5,4770.0,4973.0,860969.0
2022-01-19,5000.0,5149.5,4791.5,5040.0,750621.0
2022-01-20,5042.5,5175.0,4982.0,4991.0,437643.0
2022-01-21,4980.0,5137.5,4921.5,5046.5,549929.0
2022-01-24,5060.0,5090.0,4667.0,4823.5,900705.0
2022-01-25,4823.5,4909.0,4651.0,4895.0,619959.0
2022-01-26,4897.0,4924.0,4733.0,4768.5,508943.0
2022-01-27,4736.0,4997.5,4714.5,4883.5,668361.0
2022-01-28,4890.0,4968.0,4816.5,4904.0,467413.0
2022-01-31,4931.0,5079.0,4921.5,5079.0,287546.0
2022-02-01,5079.0,5117.0,5012.0,5114.0,390602.0
2022-02-02,5115.0,5225.0,5106.0,5200.0,378878.0
2022-02-03,5200.0,5278.0,5125.0,5187.0,556896.0
2022-02-04,5195.0,5384.5,5176.0,5285.0,740012.0
2022-02-07,5300.5,5357.0,5153.0,5210.0,368050.0
2022-02-08,5216.5,5229.0,5164.5,5182.0,407416.0
2022-02-09,5194.0,5276.5,5182.5,5254.0,436568.0
2022-02-10,5265.0,5269.0,5197.0,5227.5,310998.0
2022-02-11,5220.0,5224.0,4925.5,4971.5,595991.0
2022-02-14,4964.5,5045.5,4770.0,4956.5,542386.0
2022-02-15,4975.0,5260.5,4971.5,5239.0,480608.0
2022-02-16,5260.0,5450.0,5191.0,5395.0,529553.0
2022-02-17,5395.0,5402.5,5187.0,5224.5,567731.0
2022-02-18,5220.5,5284.5,4996.0,5041.5,572652.0
2022-02-21,5041.0,5186.0,4021.0,4240.0,1586697.0
2022-02-22,4180.0,4660.0,4000.5,4600.0,1540082.0
2022-02-24,4025.0,4300.0,2414.0,3312.0,1561177.0
2022-02-25,3236.0,3840.0,3100.0,3202.0,1257392.0
2022-03-24,3202.0,4100.0,3200.0,3457.5,575283.0
2022-03-25,3611.0,3780.0,3286.5,3338.0,238079.0
2022-03-28,3414.5,3490.0,3330.0,3337.5,122271.0
2022-03-29,3351.0,3669.0,3330.0,3405.5,270307.0
2022-03-30,3600.5,3855.0,3450.0,3855.0,206118.0
2022-03-31,3920.0,4272.0,3884.0,4155.0,315835.0
2022-04-01,4185.0,4429.0,4155.0,4220.0,259172.0
2022-04-04,4370.0,4395.0,4201.0,4273.5,141116.0
2022-04-05,4299.5,4300.0,3901.0,4098.0,121289.0
2022-04-06,4087.0,4195.0,3950.0,4120.0,102927.0
2022-04-07,4120.5,4250.0,4120.0,4247.0,96710.0
2022-04-08,4251.0,4422.0,4222.0,4335.0,209714.0
2022-04-11,4367.0,4405.0,4250.0,4310.0,95052.0
2022-04-12,4316.5,4420.0,4251.5,4297.5,176142.0
2022-04-13,4299.0,4340.0,4216.0,4256.5,65483.0
2022-04-14,4256.5,4262.5,3980.0,4017.0,127874.0
2022-04-15,4020.0,4145.0,3902.0,4070.5,89798.0
2022-04-18,4109.0,4156.5,3963.0,4000.0,84321.0
2022-04-19,4000.0,4038.5,3850.0,4038.0,136758.0
2022-04-20,4054.0,4300.0,3962.5,4300.0,95466.0
2022-04-21,4241.0,4273.5,4055.5,4197.5,160577.0
2022-04-22,4163.0,4330.0,4137.0,4170.0,357421.0
2022-04-25,4163.0,4318.5,4075.0,4299.5,94345.0
2022-04-26,4335.5,4460.0,4332.0,4460.0,159269.0
2022-04-27,4470.5,4761.0,4450.5,4720.0,234941.0
2022-04-28,4760.0,4939.0,4443.0,4566.5,296331.0
2022-04-29,4580.5,4700.0,4355.0,4592.5,257475.0
2022-05-04,4611.0,4796.5,4506.0,4651.0,142302.0
2022-05-05,4681.0,4792.0,4670.0,4741.0,81292.0
2022-05-06,4770.0,4784.5,4662.5,4750.0,58612.0
2022-05-11,4759.0,4826.0,4680.0,4805.0,95713.0
2022-05-12,4770.5,4898.0,4690.0,4720.0,129648.0
2022-05-13,4740.0,4790.0,4608.5,4637.0,64815.0
2022-05-16,4660.0,4825.0,4651.0,4790.5,74639.0
2022-05-17,4846.0,4875.0,4790.5,4828.5,63640.0
2022-05-18,4840.5,4923.5,4833.0,4890.0,70638.0
2022-05-19,4895.0,4904.5,4792.0,4885.0,101134.0
2022-05-20,4883.5,4884.0,4610.0,4620.0,85233.0
2022-05-23,4658.5,4686.5,4412.0,4475.5,76594.0
2022-05-24,4462.5,4474.0,4259.0,4350.0,84749.0
2022-05-25,4349.0,4576.0,4348.0,4576.0,65082.0
2022-05-26,4579.0,4690.0,4550.0,4610.0,92338.0
2022-05-27,4610.0,4632.0,4470.0,4520.0,63091.0
2022-05-30,4522.0,4622.0,4364.0,4622.0,78455.0
2022-05-31,4605.0,4690.5,4515.5,4640.0,104875.0
2022-06-01,4637.5,4637.5,4512.5,4586.5,65806.0
2022-06-02,4565.0,4575.0,4380.0,4448.0,63262.0
2022-06-03,4451.0,4452.0,4261.0,4382.0,91790.0
2022-06-06,4362.0,4374.5,4200.5,4223.5,94818.0
2022-06-07,4223.5,4463.0,4120.0,4420.0,199361.0
2022-06-08,4430.0,4488.0,4280.5,4338.0,123772.0
2022-06-09,4323.0,4324.5,4219.0,4300.0,75202.0
2022-06-10,4298.0,4331.0,4185.0,4241.0,103710.0
2022-06-14,4210.0,4237.5,4160.0,4200.0,58784.0
2022-06-15,4197.5,4300.0,4150.0,4257.0,132469.0
2022-06-16,4298.5,4399.5,4261.5,4393.0,126608.0
2022-06-17,4383.0,4399.5,4295.0,4319.0,72114.0
2022-06-20,4310.0,4370.0,4287.5,4370.0,66105.0
2022-06-21,4360.0,4365.0,4250.0,4365.0,83015.0
2022-06-22,4355.0,4474.0,4275.0,4458.0,174144.0
2022-06-23,4460.0,4469.0,4315.0,4405.0,145039.0
2022-06-24,4399.5,4420.0,4247.0,4359.0,130128.0
2022-06-27,4345.0,4360.0,4294.0,4360.0,57987.0
2022-06-28,4347.5,4360.0,4297.0,4327.0,105275.0
2022-06-29,4326.0,4359.0,4271.0,4316.0,69040.0
2022-06-30,4302.0,4347.5,4192.5,4238.0,176948.0
2022-07-01,4251.0,4312.0,4155.0,4155.0,74895.0
2022-07-04,4225.0,4275.0,4155.0,4198.0,77029.0
2022-07-05,4199.5,4314.0,4172.5,4314.0,95055.0
2022-07-06,4300.0,4360.0,4280.0,4306.0,109281.0
2022-07-07,4312.5,4458.0,4300.5,4420.0,206506.0
2022-07-08,4420.0,4448.0,4359.0,4439.0,75406.0
2022-07-11,4427.0,4429.5,4282.5,4385.0,66586.0
2022-07-12,4315.0,4369.5,4250.0,4300.0,78231.0
2022-07-13,4311.5,4328.0,4250.0,4255.5,83849.0
2022-07-14,4270.5,4285.5,4182.5,4228.0,69013.0
2022-07-15,4230.0,4380.0,4200.0,4380.0,104709.0
2022-07-18,4378.5,4425.0,4308.0,4382.0,100268.0
2022-07-19,4383.0,4394.5,4225.0,4355.0,105785.0
2022-07-20,4351.0,4370.5,4271.5,4315.0,56003.0
2022-07-21,4333.5,4333.5,4234.5,4251.0,49505.0
2022-07-22,4248.5,4345.0,4240.5,4341.0,75012.0
2022-07-25,4342.5,4390.0,4317.0,4345.0,61994.0
2022-07-26,4355.0,4520.0,4351.0,4512.0,156672.0
2022-07-27,4521.5,4638.0,4521.0,4630.0,166429.0
2022-07-28,4698.0,4782.0,4630.0,4765.5,372654.0
2022-07-29,4771.0,4889.0,4716.0,4889.0,251989.0
2022-08-01,4881.0,4881.0,4765.5,4800.0,251631.0
2022-08-02,4796.0,4885.0,4720.0,4813.0,209687.0
2022-08-03,4813.0,4948.0,4808.5,4910.0,259468.0
2022-08-04,4910.0,4975.0,4856.5,4883.0,329501.0
2022-08-05,4860.5,4880.0,4738.0,4799.5,245088.0
2022-08-08,4855.5,4948.5,4835.0,4880.0,120183.0
2022-08-09,4890.0,5059.0,4852.5,5032.5,294820.0
2022-08-10,5036.0,5088.5,5000.5,5024.0,119764.0
2022-08-11,5015.0,5069.0,4950.0,5002.5,88843.0
2022-08-12,5004.0,5139.5,4977.5,5134.0,98943.0
2022-08-15,5145.0,5186.5,5063.0,5159.5,133346.0
2022-08-16,5160.0,5177.0,5102.0,5177.0,78902.0
2022-08-17,5162.5,5300.0,5151.0,5270.0,196192.0
2022-08-18,5275.0,5354.0,5250.0,5350.0,125583.0
2022-08-19,5359.5,5359.5,5174.0,5245.0,387281.0
2022-08-22,5243.0,5334.5,5196.0,5302.0,154022.0
2022-08-23,5302.0,5331.0,5254.0,5319.0,120641.0
2022-08-24,5317.0,5393.0,5281.0,5393.0,145640.0
2022-08-25,5384.0,5450.0,5382.5,5440.0,123671.0
2022-08-26,5430.0,5469.0,5382.5,5459.5,75001.0
2022-08-29,5438.5,5459.0,5418.0,5450.0,68008.0
2022-08-30,5449.0,5450.0,5420.5,5450.0,70808.0
2022-08-31,5441.5,5509.0,5350.0,5490.5,160940.0
2022-09-01,5478.0,5490.0,5392.0,5399.0,96097.0
2022-09-02,5439.5,5485.5,5406.5,5485.5,68246.0
2022-09-05,5485.5,5600.0,5451.0,5600.0,87261.0
2022-09-06,5593.0,5597.5,5510.0,5510.0,146777.0
2022-09-07,5503.0,5544.5,5455.5,5490.0,86538.0
2022-09-08,5480.0,5490.0,5433.0,5433.0,94662.0
2022-09-09,5435.0,5499.0,5420.5,5499.0,59268.0
2022-09-12,5494.5,5630.5,5464.0,5575.0,122114.0
2022-09-13,5578.0,5629.0,5545.5,5594.0,106566.0
2022-09-14,5575.5,5593.0,5457.5,5558.0,133189.0
2022-09-15,5558.0,5570.0,5480.0,5555.5,142117.0
2022-09-16,5541.0,5620.0,5527.5,5582.0,100479.0
2022-09-19,5549.0,5570.0,5480.0,5505.0,72840.0
2022-09-20,5515.0,5515.0,5101.0,5222.5,473697.0
2022-09-21,4892.5,5100.0,4850.0,4904.5,316196.0
2022-09-22,4907.5,5085.0,4907.5,5015.0,185639.0
2022-09-23,5020.0,5055.0,4700.0,4889.0,270940.0
2022-09-26,4815.0,4866.0,4380.0,4474.0,335384.0
2022-09-27,4519.0,4650.0,4306.5,4481.5,205876.0
2022-09-28,4465.5,4780.0,4400.0,4750.0,170181.0
2022-09-29,4732.0,4732.5,4421.0,4537.5,181314.0
2022-09-30,4521.0,4745.0,4355.0,4722.0,222311.0
2022-10-03,4740.0,5030.0,4633.0,5008.0,265789.0
2022-10-04,4999.0,5019.5,4843.0,4906.5,158778.0
2022-10-05,4900.0,4907.0,4740.0,4784.5,235135.0
2022-10-06,4802.0,4846.5,4711.0,4719.5,107996.0
2022-10-07,4719.0,4719.0,4530.0,4546.0,118469.0
2022-10-10,4393.0,4690.0,4352.0,4645.0,165985.0
2022-10-11,4690.0,4849.0,4668.5,4838.0,173253.0
2022-10-12,4866.5,4910.0,4710.0,4772.0,132535.0
2022-10-13,4800.0,4804.0,4731.0,4772.5,82993.0
2022-10-14,4780.0,4845.0,4760.5,4810.0,93428.0
2022-10-17,4848.0,5064.5,4818.5,5060.5,199643.0
2022-10-18,5067.0,5124.5,4890.0,4918.5,156334.0
2022-10-19,4891.0,4999.0,4820.0,4961.0,212577.0
2022-10-20,4977.0,5058.5,4961.5,5011.5,114379.0
2022-10-21,5015.0,5188.0,4971.0,5164.0,132984.0
2022-10-24,5177.0,5256.0,5121.0,5196.5,107273.0
2022-10-25,5204.5,5350.0,5167.0,5315.0,153740.0
2022-10-26,5330.0,5369.5,5130.0,5270.0,160025.0
2022-10-27,5300.0,5320.0,5182.5,5247.0,198189.0
2022-10-28,5235.0,5291.5,5180.0,5269.0,132419.0
2022-10-31,5280.0,5302.0,5208.0,5237.0,92502.0
2022-11-01,5253.0,5265.0,5190.0,5249.5,75142.0
2022-11-02,5239.5,5270.0,5030.0,5170.0,87739.0
2022-11-03,5164.0,5196.0,5100.0,5183.0,90053.0
2022-11-07,5205.5,5259.0,5160.0,5208.5,127804.0
2022-11-08,5203.5,5203.5,5105.0,5165.0,159904.0
2022-11-09,5170.0,5170.0,5000.0,5027.5,156735.0
2022-11-10,5043.0,5059.5,4927.0,5031.5,215778.0
2022-11-11,5048.5,5050.0,4966.5,5005.0,114241.0
2022-11-14,5010.0,5049.5,4952.0,4974.5,124731.0
2022-11-15,4983.0,5025.0,4735.0,4888.0,368161.0
2022-11-16,4913.0,4970.0,4894.5,4945.5,130186.0
2022-11-17,4948.5,5090.0,4936.0,5011.5,314102.0
2022-11-18,5018.5,5024.5,4870.0,4918.5,283754.0
2022-11-21,4910.0,4920.0,4809.0,4856.0,168577.0
2022-11-22,4861.0,4911.5,4846.0,4869.0,90159.0
2022-11-23,4871.0,4898.0,4826.0,4879.5,69894.0
2022-11-24,4885.0,4942.0,4869.0,4893.0,101932.0
2022-11-25,4893.5,4912.0,4830.0,4849.0,88984.0
2022-11-28,4835.0,4875.0,4811.0,4844.0,84337.0
2022-11-29,4863.5,4871.5,4766.0,4819.0,137682.0
2022-11-30,4826.0,4828.5,4790.0,4827.0,51983.0
2022-12-01,4835.5,4840.0,4751.0,4777.0,130411.0
2022-12-02,4777.0,4777.0,4663.0,4667.0,364597.0
2022-12-05,4669.5,4670.0,4552.0,4587.0,485622.0
2022-12-06,4593.0,4597.0,4450.5,4475.5,739505.0
2022-12-07,4476.0,4567.5,4440.5,4492.5,684884.0
2022-12-08,4507.5,4508.5,4421.0,4464.0,312575.0
2022-12-09,4462.5,4494.0,4431.0,4446.0,175946.0
2022-12-12,4467.0,4563.0,4453.0,4560.0,458586.0
2022-12-13,4570.5,4600.0,4470.0,4529.5,482763.0
2022-12-14,4524.0,4525.0,4447.0,4454.5,278267.0
2022-12-15,4452.5,4473.5,4353.0,4382.5,362554.0
2022-12-16,4378.5,4429.0,4370.0,4386.5,169997.0
2022-12-19,4370.5,4381.0,4257.0,4260.0,335143.0
2022-12-20,4249.5,4350.0,4239.0,4326.0,358285.0
2022-12-21,4333.0,4368.5,4271.0,4288.5,246666.0
2022-12-22,4288.5,4350.0,4245.0,4347.0,226633.0
2022-12-23,4355.5,4394.0,4296.0,4315.5,212596.0
2022-12-26,4315.0,4445.0,4315.0,4442.0,259730.0
2022-12-27,4451.0,4490.0,4423.0,4425.5,225482.0
2022-12-28,4423.0,4486.5,4370.0,4414.5,225615.0
2022-12-29,4410.5,4460.0,4395.0,4407.5,143035.0
2022-12-30,4416.0,4419.0,4334.0,4340.5,253660.0
2023-01-03,4360.0,4378.0,4340.5,4360.5,91966.0
2023-01-04,4369.0,4383.0,4350.5,4369.0,66555.0
2023-01-05,4370.5,4374.5,4308.0,4325.5,109980.0
2023-01-06,4319.0,4329.0,4309.0,4319.5,45348.0
2023-01-09,4324.5,4365.0,4320.0,4330.0,130121.0
2023-01-10,4327.5,4378.0,4312.5,4372.5,142173.0
2023-01-11,4378.5,4461.0,4361.0,4458.0,185914.0
2023-01-12,4462.5,4664.0,4426.0,4638.0,818494.0
2023-01-13,4639.0,4675.0,4610.0,4620.0,359522.0
2023-01-16,4632.5,4688.0,4612.0,4674.0,279833.0
2023-01-17,4678.0,4726.5,4590.0,4628.0,522627.0
2023-01-18,4632.5,4658.0,4557.0,4575.5,242449.0
2023-01-19,4577.0,4586.0,4465.0,4504.5,337836.0
2023-01-20,4528.0,4577.0,4509.0,4575.5,198944.0
2023-01-23,4582.5,4647.5,4581.0,4634.5,154791.0
2023-01-24,4642.0,4676.0,4567.0,4586.5,208460.0
2023-01-25,4587.0,4599.0,4560.0,4597.0,85392.0
2023-01-26,4595.0,4637.5,4579.5,4602.0,97592.0
2023-01-27,4609.0,4615.0,4582.5,4609.0,78948.0
2023-01-30,4611.5,4663.0,4601.5,4653.5,140080.0
2023-01-31,4656.0,4685.0,4651.5,4665.0,149290.0
2023-02-01,4675.5,4676.0,4601.0,4647.0,159842.0
2023-02-02,4648.0,4739.0,4619.5,4694.0,257608.0
2023-02-03,4702.0,4707.0,4625.0,4665.0,148739.0
2023-02-06,4674.0,4748.5,4664.0,4720.0,160629.0
2023-02-07,4730.0,4774.0,4708.5,4757.0,156444.0
2023-02-08,4766.0,4796.0,4500.0,4698.0,331035.0
2023-02-09,4702.0,4739.0,4660.0,4696.0,119913.0
2023-02-10,4690.0,4755.0,4665.0,4683.5,138874.0
2023-02-13,4691.5,4710.0,4683.5,4689.0,72382.0
2023-02-14,4687.0,4702.5,4605.0,4621.0,129861.0
2023-02-15,4609.5,4619.0,4355.5,4432.5,283254.0
2023-02-16,4465.0,4513.5,4382.5,4430.0,174322.0
2023-02-17,4411.5,4465.5,4392.0,4447.5,86290.0
2023-02-20,4448.0,4490.0,4405.5,4481.5,76301.0
2023-02-21,4491.0,4590.0,4466.0,4566.0,133546.0
2023-02-22,4569.5,4579.0,4508.0,4549.5,91645.0
2023-02-24,4549.5,4596.0,4545.0,4559.5,60449.0
2023-02-27,4537.0,4650.0,4512.0,4643.0,105737.0
2023-02-28,4660.5,4677.0,4571.5,4594.0,155006.0
2023-03-01,4604.0,4611.5,4527.0,4567.0,312679.0
2023-03-02,4567.0,4568.0,4490.5,4524.0,144749.0
2023-03-03,4521.5,4558.5,4512.0,4546.5,81957.0
2023-03-06,4561.0,4574.0,4540.5,4559.0,89805.0
2023-03-07,4559.0,4568.5,4520.0,4553.0,80678.0
2023-03-09,4554.5,4588.0,4545.5,4551.5,91693.0
2023-03-10,4540.5,4550.0,4495.0,4524.0,142291.0
2023-03-13,4529.0,4554.5,4500.0,4527.5,95047.0
2023-03-14,4527.5,4554.5,4515.0,4539.5,101797.0
2023-03-15,4543.5,4570.0,4456.0,4500.0,155611.0
2023-03-16,4511.5,4512.0,4455.5,4492.0,124163.0
2023-03-17,4492.5,4522.0,4477.0,4504.0,109495.0
2023-03-20,4509.0,4564.0,4485.0,4562.5,260310.0
2023-03-21,4564.0,4596.5,4495.0,4518.0,224633.0
2023-03-22,4520.5,4538.0,4502.0,4510.0,78624.0
2023-03-23,4516.0,4528.0,4471.5,4491.0,136175.0
2023-03-24,4490.5,4506.0,4477.0,4495.0,84586.0
2023-03-27,4504.0,4542.0,4495.0,4516.0,233690.0
2023-03-28,4526.5,4567.0,4502.0,4512.5,225086.0
2023-03-29,4513.0,4555.0,4495.0,4527.5,244670.0
2023-03-30,4528.5,4587.5,4522.0,4583.0,177612.0
2023-03-31,4591.0,4700.0,4582.0,4610.0,656378.0
2023-04-03,4634.5,4672.0,4550.0,4582.0,281753.0
2023-04-04,4584.0,4624.0,4555.0,4565.0,212000.0
2023-04-05,4577.0,4577.0,4512.0,4554.0,134549.0
2023-04-06,4561.0,4586.0,4552.5,4571.5,106000.0
2023-04-07,4572.0,4592.0,4562.0,4574.0,101656.0
2023-04-10,4579.0,4628.0,4579.0,4624.0,145355.0
2023-04-11,4626.5,4648.5,4539.5,4552.5,329281.0
2023-04-12,4552.5,4590.0,4526.5,4576.5,170795.0
2023-04-13,4579.0,4605.0,4530.5,4555.0,139203.0
2023-04-14,4554.0,4588.5,4532.5,4575.0,103384.0
2023-04-17,4623.0,4678.0,4590.0,4677.5,273777.0
2023-04-18,4687.0,4847.5,4678.0,4844.5,573093.0
2023-04-19,4844.0,4893.0,4670.0,4730.5,565748.0
2023-04-20,4732.0,4859.5,4731.0,4806.5,697439.0
2023-04-21,4833.5,4847.5,4785.0,4808.0,152110.0
2023-04-24,4827.5,4858.0,4800.5,4817.5,165896.0
2023-04-25,4820.0,4832.0,4773.5,4789.0,125547.0
2023-04-26,4793.5,4817.5,4727.0,4756.5,188653.0
2023-04-27,4756.5,4784.5,4731.0,4765.0,149594.0
2023-04-28,4771.0,4777.0,4680.0,4686.5,174536.0
2023-05-02,4688.5,4703.5,4562.5,4585.5,333442.0
2023-05-03,4595.5,4600.0,4411.0,4442.0,315909.0
2023-05-04,4459.5,4509.0,4387.0,4450.0,216767.0
2023-05-05,4441.0,4482.0,4398.5,4422.5,177922.0
2023-05-08,4430.0,4473.5,4412.5,4416.0,72113.0
2023-05-10,4422.5,4546.5,4417.5,4529.5,168719.0
2023-05-11,4538.5,4588.0,4460.0,4518.0,231188.0
2023-05-12,4525.0,4544.5,4440.0,4470.5,215810.0
2023-05-15,4483.0,4540.0,4478.0,4519.5,160095.0
2023-05-16,4537.0,4659.0,4524.5,4614.0,276748.0
2023-05-17,4619.5,4645.0,4556.0,4605.5,146027.0
2023-05-18,4611.0,4619.0,4564.0,4578.5,117594.0
2023-05-19,4579.0,4648.0,4558.0,4619.0,158047.0
2023-05-22,4640.5,4678.5,4612.5,4631.0,281571.0
2023-05-23,4629.0,4652.0,4406.0,4419.0,727692.0
2023-05-24,4315.5,4424.5,4136.0,4208.5,3385601.0
2023-05-25,4187.0,4194.5,3965.0,4040.0,2210037.0
2023-05-26,4039.0,4178.5,3992.0,4139.0,1406805.0
2023-05-29,4151.0,4166.0,4044.0,4121.0,740016.0
2023-05-30,4170.0,4284.5,4134.5,4178.0,1184971.0
2023-05-31,4179.5,4294.5,4087.0,4293.5,731977.0
2023-06-01,4368.5,4390.0,4310.0,4370.0,1026986.0
2023-06-02,4375.0,4381.5,4285.5,4323.5,576408.0
2023-06-05,4335.5,4337.0,4181.0,4213.5,518361.0
2023-06-06,4211.0,4262.5,4140.0,4234.5,407206.0
2023-06-07,4248.5,4286.0,4213.0,4250.5,324888.0
2023-06-08,4238.0,4289.0,4220.0,4260.0,198827.0
2023-06-09,4260.0,4267.5,4229.0,4230.0,149778.0
2023-06-13,4251.0,4374.0,4239.5,4365.0,379179.0
2023-06-14,4369.0,4383.5,4320.0,4351.0,302432.0
2023-06-15,4356.0,4540.0,4321.0,4513.0,1289968.0
2023-06-16,4508.0,4940.0,4462.5,4896.5,3035341.0
2023-06-19,4988.5,5138.0,4877.0,4885.0,2674769.0
2023-06-20,4884.5,4926.5,4818.0,4898.0,791101.0
2023-06-21,4901.5,4998.0,4860.0,4982.5,584228.0
2023-06-22,4981.0,4993.5,4874.5,4901.0,414625.0
2023-06-23,4883.0,4918.0,4690.5,4725.0,714717.0
2023-06-26,4831.5,4881.0,4601.5,4779.5,858636.0
2023-06-27,4790.0,4880.0,4751.0,4837.5,370382.0
2023-06-28,4837.0,5194.0,4806.0,5190.0,2681220.0
2023-06-29,5202.0,5216.0,5085.5,5133.0,1218765.0
2023-06-30,5140.5,5178.5,5087.5,5156.0,580988.0
2023-07-03,5164.5,5356.0,5152.5,5267.0,1225712.0
2023-07-04,5279.0,5312.5,5168.0,5270.0,840024.0
2023-07-05,5284.0,5374.5,5280.0,5346.5,779390.0
2023-07-06,5348.0,5365.0,5280.0,5289.0,371600.0
2023-07-07,5291.0,5359.0,5255.0,5325.0,354744.0
2023-07-10,5351.0,5519.5,5313.0,5490.0,789599.0
2023-07-11,5508.5,5617.5,5462.0,5511.0,835983.0
2023-07-12,5526.5,5565.0,5471.0,5495.0,358717.0
2023-07-13,5504.5,5533.0,5451.0,5487.5,287243.0
2023-07-14,5480.0,5523.5,5461.0,5506.0,209465.0
2023-07-17,5485.0,5588.0,5457.0,5563.5,372366.0
2023-07-18,5563.0,5714.5,5550.5,5683.0,707599.0
2023-07-19,5688.5,5814.0,5592.0,5647.0,752409.0
2023-07-20,5662.0,5663.5,5490.0,5496.0,512736.0
2023-07-21,5494.5,5745.0,5410.0,5733.0,892475.0
2023-07-24,5735.5,5903.0,5728.0,5816.5,1077316.0
2023-07-25,5830.0,5945.0,5805.0,5900.0,575970.0
2023-07-26,5916.5,6023.0,5821.5,5825.0,1323266.0
2023-07-27,5880.0,5900.0,5720.5,5801.5,683341.0
2023-07-28,5817.5,5830.0,5733.0,5803.0,331459.0
2023-07-31,5822.0,5840.0,5765.0,5797.5,403783.0
2023-08-01,5796.0,5796.0,5747.0,5760.5,343283.0
2023-08-02,5758.5,5825.0,5737.5,5796.5,281391.0
2023-08-03,5815.0,5819.5,5762.5,5808.0,243048.0
2023-08-04,5810.5,5818.5,5541.5,5657.5,733434.0
2023-08-07,5697.0,5815.0,5557.0,5590.0,681884.0
2023-08-08,5588.0,5673.5,5475.0,5666.5,652039.0
2023-08-09,5669.0,5720.0,5575.5,5607.0,420244.0
2023-08-10,5614.0,5860.0,5561.0,5718.0,904234.0
2023-08-11,5734.5,5750.0,5645.0,5691.0,452498.0
2023-08-14,5717.0,5742.5,5485.0,5522.5,844084.0
2023-08-15,5505.0,5664.0,5435.0,5549.5,523172.0
2023-08-16,5555.0,5585.0,5400.0,5500.0,482405.0
2023-08-17,5520.0,5596.5,5460.0,5557.0,388577.0
2023-08-18,5558.0,5668.0,5506.0,5666.0,437750.0
2023-08-21,5699.5,5986.0,5652.5,5918.0,1356650.0
2023-08-22,5924.0,5988.0,5835.0,5902.0,774039.0
2023-08-23,5913.0,5936.0,5712.5,5726.0,672662.0
2023-08-24,5757.0,5880.0,5733.0,5865.0,379590.0
2023-08-25,5900.0,5947.0,5880.5,5888.0,538933.0
2023-08-28,5910.5,6000.0,5850.5,5984.5,535940.0
2023-08-29,5994.0,6144.5,5926.0,5978.0,1409596.0
2023-08-30,5978.5,5985.0,5836.5,5935.5,782938.0
2023-08-31,5939.5,6100.0,5937.0,6080.0,748975.0
2023-09-01,6088.5,6100.0,6003.0,6078.0,365520.0
2023-09-04,6099.0,6130.5,6060.5,6102.0,282322.0
2023-09-05,6104.0,6110.0,6001.0,6035.0,353465.0
2023-09-06,6028.5,6035.0,5900.0,5906.0,330391.0
2023-09-07,5903.0,5955.0,5670.0,5745.5,647106.0
2023-09-08,5762.0,5798.0,5585.0,5704.5,702284.0
2023-09-11,5693.0,5747.5,5563.0,5605.0,488776.0
2023-09-12,5648.0,5793.0,5630.0,5784.5,464406.0
2023-09-13,5779.0,5793.0,5618.5,5654.5,239025.0
2023-09-14,5656.0,5895.0,5577.0,5795.0,686181.0
2023-09-15,5791.5,5871.0,5710.5,5795.0,463835.0
2023-09-18,5845.5,5848.5,5700.0,5775.0,327439.0
2023-09-19,5771.5,5775.0,5540.0,5558.0,550583.0
2023-09-20,5567.5,5590.0,5457.5,5491.0,531277.0
2023-09-21,5474.0,5494.0,5251.0,5283.0,915208.0
2023-09-22,5300.0,5480.0,5222.5,5475.0,669619.0
2023-09-25,5469.5,5505.0,5350.0,5407.5,264496.0
2023-09-26,5390.5,5419.5,5293.0,5405.0,297696.0
2023-09-27,5421.0,5535.0,5411.0,5495.0,389797.0
2023-09-28,5502.0,5557.0,5475.0,5551.5,256374.0
2023-09-29,5560.0,5580.0,5481.0,5505.0,284276.0
2023-10-02,5535.0,5590.0,5470.0,5489.0,254547.0
2023-10-03,5485.0,5496.0,5397.0,5461.0,283355.0
2023-10-04,5441.5,5500.0,5411.0,5457.0,172032.0
2023-10-05,5458.0,5478.0,5388.0,5425.5,180664.0
2023-10-06,5437.0,5449.0,5365.0,5430.5,234015.0
2023-10-09,5433.0,5546.0,5433.0,5518.0,205867.0
2023-10-10,5520.0,5795.0,5503.5,5656.0,573607.0
2023-10-11,5672.0,5715.0,5505.0,5550.5,541154.0
2023-10-12,5540.0,5589.0,5516.0,5562.0,181188.0
2023-10-13,5568.0,5642.0,5510.0,5599.5,261040.0
2023-10-16,5606.0,5689.5,5605.0,5665.0,211904.0
2023-10-17,5672.0,5789.5,5640.0,5764.5,397203.0
2023-10-18,5764.5,5788.0,5675.0,5753.0,285104.0
2023-10-19,5781.5,5862.5,5730.0,5795.5,437661.0
2023-10-20,5793.0,5850.0,5737.0,5839.0,270676.0
2023-10-23,5840.0,5988.5,5840.0,5973.5,691336.0
2023-10-24,5981.0,6090.0,5925.5,6073.0,723620.0
2023-10-25,6072.5,6137.5,6002.0,6046.5,417002.0
2023-10-26,6045.0,6072.5,5888.0,5913.0,433782.0
2023-10-27,5930.0,6090.0,5867.5,6015.0,550911.0
2023-10-30,6022.0,6055.5,5931.5,5948.0,275181.0
2023-10-31,5942.0,5946.5,5777.5,5818.0,430224.0
2023-11-01,5816.5,5924.5,5810.0,5874.0,200175.0
2023-11-02,5877.0,5927.0,5840.0,5847.0,159940.0
2023-11-03,5851.0,5892.0,5817.0,5866.5,128826.0
2023-11-06,5873.0,5949.5,5859.0,5896.5,136590.0
2023-11-07,5890.0,6078.0,5865.0,6044.5,418744.0
2023-11-08,6050.0,6175.0,6028.5,6090.0,552022.0
2023-11-09,6092.0,6115.5,5992.0,6079.5,328569.0
2023-11-10,6075.5,6110.0,5995.0,6015.5,193565.0
2023-11-13,6020.0,6119.5,5974.0,6061.0,232991.0
2023-11-14,6062.0,6088.5,5911.0,5940.0,498631.0
2023-11-15,5924.0,5973.5,5851.0,5935.0,470863.0
2023-11-16,5940.0,5956.0,5817.5,5823.0,219395.0
2023-11-17,5820.0,5930.0,5760.5,5903.5,270846.0
2023-11-20,5904.0,6005.5,5904.0,5931.0,235916.0
2023-11-21,5931.0,5980.0,5900.5,5952.0,208727.0
2023-11-22,5967.0,6049.0,5952.5,6045.5,279271.0
2023-11-23,6045.5,6350.0,5988.0,6259.0,1661792.0
2023-11-24,6239.5,6388.0,6165.5,6323.0,1719942.0
2023-11-27,6347.0,6390.0,6260.0,6290.0,644395.0
2023-11-28,6309.5,6353.0,6261.0,6347.5,352828.0
2023-11-29,6350.0,6447.0,6300.5,6377.5,326023.0
2023-11-30,6379.0,6434.5,6275.0,6354.0,387272.0
2023-12-01,6365.5,6480.0,6330.5,6405.5,467539.0
2023-12-04,6425.0,6438.5,6265.0,6265.0,403677.0
2023-12-05,6270.0,6334.0,6225.0,6333.5,217683.0
2023-12-06,6335.0,6479.5,6287.5,6352.0,415141.0
2023-12-07,6362.0,6390.0,6231.0,6264.0,305923.0
2023-12-08,6276.0,6295.0,6162.0,6170.0,238105.0
2023-12-11,6167.5,6193.0,6005.0,6058.5,318872.0
2023-12-12,6066.0,6137.5,6022.0,6071.5,251328.0
2023-12-13,6042.5,6128.0,6026.5,6096.5,131289.0
2023-12-14,6100.0,6165.5,6030.0,6072.5,200493.0
2023-12-15,6072.5,6398.0,6057.0,6362.0,430203.0
2023-12-18,6375.0,6472.5,6318.0,6464.5,321613.0
2023-12-19,6470.5,6495.5,6377.5,6477.5,212547.0
2023-12-20,6483.5,6768.0,6478.0,6692.5,610400.0
2023-12-21,6693.5,6748.5,6590.0,6704.5,379646.0
2023-12-22,6705.5,6741.0,6645.0,6680.0,230996.0
2023-12-25,6689.0,6939.5,6689.0,6939.5,592469.0
2023-12-26,6943.5,6975.0,6859.5,6920.5,373914.0
2023-12-27,6931.0,7018.5,6907.5,6982.5,332898.0
2023-12-28,7000.0,7014.5,6875.0,6970.0,242561.0
2023-12-29,6968.0,7018.0,6930.5,7006.0,228914.0
2024-01-03,7014.5,7187.5,7014.5,7187.0,186452.0
2024-01-04,7189.5,7316.5,7189.5,7305.5,276273.0
2024-01-05,7320.0,7342.0,7211.0,7255.5,195333.0
2024-01-08,7273.5,7298.5,7150.0,7210.0,269954.0
2024-01-09,7197.5,7239.0,7141.0,7214.5,322859.0
2024-01-10,7215.0,7380.0,7182.0,7380.0,708270.0
2024-01-11,7048.0,7173.5,7021.5,7114.5,1024062.0
2024-01-12,7120.5,7147.0,7057.0,7082.0,287570.0
2024-01-15,7092.5,7115.0,7041.0,7070.0,315706.0
2024-01-16,7077.0,7088.5,6909.0,6923.0,518798.0
2024-01-17,6903.0,6970.0,6882.5,6943.5,206241.0
2024-01-18,6949.0,6968.0,6811.5,6816.5,369729.0
2024-01-19,6819.5,7032.5,6786.0,6944.5,700435.0
2024-01-22,6960.0,6971.5,6881.0,6890.5,171047.0
2024-01-23,6890.5,6917.0,6845.5,6883.5,113162.0
2024-01-24,6880.0,6950.0,6871.5,6895.0,160997.0
2024-01-25,6900.0,6911.5,6831.0,6864.5,147480.0
2024-01-26,6864.5,6868.5,6805.0,6820.5,179405.0
2024-01-29,6833.5,6909.0,6812.0,6905.5,124404.0
2024-01-30,6920.0,7113.0,6899.5,7049.5,497132.0
2024-01-31,7050.0,7099.0,6995.5,7039.5,193049.0
2024-02-01,7062.5,7138.0,7043.0,7119.0,331108.0
2024-02-02,7121.0,7194.5,7101.0,7116.0,247632.0
2024-02-05,7114.5,7168.5,7052.5,7062.5,157476.0
2024-02-06,7065.0,7199.0,7062.5,7199.0,221631.0
2024-02-07,7199.5,7301.5,7146.0,7283.5,333613.0
2024-02-08,7285.0,7425.0,7261.0,7318.0,564090.0
2024-02-09,7320.0,7328.0,7220.0,7283.0,251746.0
2024-02-12,7290.0,7345.5,7195.0,7249.0,256550.0
2024-02-13,7250.0,7313.0,7200.5,7250.0,207655.0
2024-02-14,7269.5,7428.5,7253.5,7420.0,361913.0
2024-02-15,7420.0,7508.0,7403.0,7471.5,423826.0
2024-02-16,7484.0,7494.5,7332.0,7424.5,258230.0
2024-02-19,7432.0,7516.5,7385.0,7399.5,202094.0
2024-02-20,7400.0,7491.0,7255.0,7256.5,278627.0
2024-02-21,7256.0,7399.0,7152.0,7199.0,364795.0
2024-02-22,7216.5,7278.5,7200.0,7272.0,260691.0
2024-02-26,7343.0,7450.0,7336.5,7401.0,240693.0
2024-02-27,7425.0,7499.5,7340.5,7499.5,332880.0
2024-02-28,7525.5,7686.0,7504.0,7631.5,551726.0
2024-02-29,7635.0,7679.0,7581.5,7651.5,214598.0
2024-03-01,7652.5,7725.0,7612.5,7634.0,215404.0
2024-03-04,7642.0,7710.0,7592.0,7698.0,251919.0
2024-03-05,7704.0,7739.5,7600.0,7610.0,198004.0
2024-03-06,7605.0,7678.5,7550.5,7613.0,159543.0
2024-03-07,7605.0,7651.0,7562.0,7646.0,176765.0
2024-03-11,7660.0,7767.5,7630.5,7760.0,314267.0
2024-03-12,7750.0,7794.0,7701.5,7744.0,207141.0
2024-03-13,7748.5,7764.0,7630.0,7648.5,160664.0
2024-03-14,7648.0,7648.0,7551.0,7607.5,256929.0
2024-03-15,7604.5,7695.0,7591.5,7611.5,180574.0
2024-03-18,7628.5,7676.0,7609.0,7636.0,105591.0
2024-03-19,7632.5,7686.5,7573.0,7586.0,218406.0
2024-03-20,7575.5,7663.0,7522.0,7599.0,208718.0
2024-03-21,7615.5,7650.0,7560.0,7604.0,114889.0
2024-03-22,7604.5,7608.5,7374.5,7410.5,475127.0
2024-03-25,7447.0,7640.0,7432.5,7611.5,306770.0
2024-03-26,7645.5,7700.0,7598.5,7689.0,189715.0
2024-03-27,7691.0,7749.5,7625.0,7709.0,305180.0
2024-03-28,7709.5,7878.0,7690.0,7740.5,690256.0
2024-03-29,7770.0,7968.0,7736.0,7896.0,447784.0
2024-04-01,7905.5,7988.0,7890.0,7943.0,283304.0
2024-04-02,7945.0,7965.0,7752.5,7818.0,374396.0
2024-04-03,7834.0,7860.0,7755.0,7804.0,227480.0
2024-04-04,7805.0,7920.0,7780.0,7864.5,218658.0
2024-04-05,7870.0,7943.5,7808.5,7840.0,172789.0
2024-04-08,7853.0,8000.0,7832.0,8000.0,282686.0
2024-04-09,8030.0,8065.0,7890.0,7935.0,212859.0
2024-04-10,7939.5,7967.0,7875.5,7918.0,117119.0
2024-04-11,7920.0,7958.5,7880.0,7880.5,68415.0
2024-04-12,7886.5,8000.0,7882.0,7991.5,205188.0
2024-04-15,7994.5,8258.0,7976.5,8248.5,453541.0
2024-04-16,8247.5,8365.5,8111.5,8232.0,427173.0
2024-04-17,8233.5,8257.0,8126.5,8160.0,138745.0
2024-04-18,8161.5,8192.0,8046.5,8078.5,230366.0
2024-04-19,8105.5,8230.0,8055.0,8181.5,152668.0
2024-04-22,8189.0,8281.0,8169.0,8204.0,216754.0
2024-04-23,8215.5,8300.0,8131.0,8211.5,260953.0
2024-04-24,8214.5,8277.5,8111.0,8153.0,210195.0
2024-04-25,8143.5,8198.5,8100.0,8122.0,72609.0
2024-04-26,8122.0,8329.0,8113.5,8310.0,249403.0
2024-04-27,8313.0,8330.0,8163.0,8235.0,229613.0
2024-04-29,8234.5,8360.0,8177.0,8324.0,192250.0
2024-04-30,8322.0,8431.5,8302.5,8405.0,170149.0
2024-05-02,8400.0,8430.0,8206.0,8283.0,165514.0
2024-05-03,8285.0,8321.0,8227.0,8259.5,133153.0
2024-05-06,8268.5,8306.5,8183.5,8209.5,96097.0
2024-05-07,8211.0,8294.0,8203.0,8267.0,134590.0
2024-05-08,8270.0,8316.0,8238.0,8247.0,104826.0
2024-05-10,8252.0,8380.5,8250.5,8370.5,104661.0
2024-05-13,8381.0,8425.5,8260.0,8313.0,192866.0
2024-05-14,8311.0,8362.5,8273.5,8290.0,136441.0
2024-05-15,8290.0,8470.0,8274.0,8444.0,231929.0
2024-05-16,8451.0,8488.0,8315.0,8355.0,251242.0
2024-05-17,8362.0,8379.0,8211.0,8230.0,185080.0
2024-05-20,8230.5,8325.0,8056.5,8145.5,291832.0
2024-05-21,8144.0,8268.0,8014.0,8199.5,451568.0
2024-05-22,8212.5,8233.0,8071.0,8090.0,163055.0
2024-05-23,8090.5,8178.5,8031.0,8082.0,232233.0
2024-05-24,8085.0,8140.0,7955.0,8057.0,329234.0
2024-05-27,8059.5,8100.0,7845.0,7872.0,194822.0
2024-05-28,7909.5,8050.0,7772.0,7818.5,226909.0
2024-05-29,7830.0,7882.5,7667.5,7874.5,277103.0
2024-05-30,7870.0,7917.0,7683.0,7692.5,200317.0
2024-05-31,7730.0,7745.5,7072.0,7072.0,1100582.0
2024-06-03,6999.0,7000.0,6334.0,6697.0,2030738.0
2024-06-04,6698.0,6845.0,6601.0,6828.5,581376.0
2024-06-05,6829.5,6903.0,6612.0,6636.0,532792.0
2024-06-06,6652.5,6724.5,6585.5,6692.0,246001.0
2024-06-07,6714.0,6895.5,6700.5,6744.0,513326.0
2024-06-10,6787.0,6799.0,6535.0,6580.0,253809.0
2024-06-11,6600.0,6634.0,6415.0,6486.0,385401.0
2024-06-13,6212.5,6640.0,6200.0,6491.0,526473.0
2024-06-14,6524.5,6670.0,6460.0,6620.0,226406.0
2024-06-17,6658.5,6738.0,6557.0,6619.5,206303.0
2024-06-18,6629.5,6724.0,6550.0,6556.5,222734.0
2024-06-19,6574.5,6593.0,6440.0,6579.0,236968.0
2024-06-20,6609.0,6641.5,6313.0,6572.0,658174.0
2024-06-21,6575.0,6596.5,6412.0,6457.0,191636.0
2024-06-24,6453.0,6497.0,6275.0,6281.0,277945.0
2024-06-25,6279.0,6400.0,6166.0,6390.0,310897.0
2024-06-26,6403.5,6415.0,6302.5,6375.0,233360.0
2024-06-27,6394.0,6394.0,6321.5,6340.5,111874.0
2024-06-28,6349.5,6393.0,6295.5,6369.0,156639.0
2024-07-01,6389.5,6600.0,6380.5,6558.0,364850.0
2024-07-02,6574.0,6620.0,6535.0,6592.0,192336.0
2024-07-03,6599.0,6649.5,6505.0,6530.0,229529.0
2024-07-04,6529.0,6564.0,6432.0,6470.0,143845.0
2024-07-05,6448.5,6508.0,6400.5,6435.0,130282.0
2024-07-08,6460.5,6507.5,6362.0,6392.0,103416.0
2024-07-09,6400.0,6443.5,6130.0,6136.0,231221.0
2024-07-10,6134.0,6188.0,5802.0,5835.5,468001.0
2024-07-11,5835.0,6284.5,5805.0,6241.5,434732.0
2024-07-12,6242.0,6333.0,6080.0,6215.0,542106.0
2024-07-15,5856.0,5932.5,5820.0,5890.0,460133.0
2024-07-16,5895.5,5942.5,5616.0,5912.0,437878.0
2024-07-17,5945.0,5958.5,5757.0,5790.0,188383.0
2024-07-18,5799.5,6048.5,5776.0,6006.5,203920.0
2024-07-19,5992.5,6138.0,5953.0,6113.0,192573.0
2024-07-22,6140.0,6174.5,6035.0,6079.5,132136.0
2024-07-23,6069.5,6076.5,6000.0,6039.5,82980.0
2024-07-24,6029.0,6072.0,5915.0,5934.0,233866.0
2024-07-25,5928.0,5966.0,5873.5,5902.5,237776.0
2024-07-26,5913.5,5989.0,5806.0,5932.0,272886.0
2024-07-29,5929.0,5930.0,5718.5,5757.5,181206.0
2024-07-30,5745.5,5800.0,5680.0,5797.5,238699.0
2024-07-31,5796.0,5840.0,5731.0,5750.5,166032.0
2024-08-01,5755.5,5780.0,5670.0,5690.5,134865.0
2024-08-02,5690.5,5716.0,5632.5,5639.0,154734.0
2024-08-05,5590.0,5598.5,5450.5,5505.0,231240.0
2024-08-06,5526.0,5580.0,5450.5,5482.0,160051.0
2024-08-07,5495.0,5622.5,5425.5,5565.5,182567.0
2024-08-08,5581.0,5640.0,5444.0,5464.5,131921.0
2024-08-09,5461.5,5562.0,5408.0,5508.0,112527.0
2024-08-12,5499.0,5530.0,5470.0,5510.5,76063.0
2024-08-13,5535.5,5631.5,5526.0,5631.5,144792.0
2024-08-14,5636.5,5700.0,5513.0,5559.0,158956.0
2024-08-15,5564.0,5594.5,5460.0,5480.0,96623.0
2024-08-16,5488.5,5525.0,5358.0,5371.0,121400.0
2024-08-19,5393.0,5435.0,5180.5,5241.0,330927.0
2024-08-20,5243.5,5313.0,5176.5,5244.0,243578.0
2024-08-21,5243.5,5285.0,5164.5,5211.0,208676.0
2024-08-22,5219.0,5244.0,4973.0,5088.5,342929.0
2024-08-23,5088.0,5094.5,4901.5,4948.5,423885.0
2024-08-26,5070.0,5150.0,4977.0,5138.0,293578.0
2024-08-27,5158.0,5206.5,4986.5,4998.0,228453.0
2024-08-28,4999.5,5006.0,4867.0,4926.0,243240.0
2024-08-29,4937.0,5101.0,4810.0,4999.0,466656.0
2024-08-30,5043.0,5054.5,4673.0,4720.0,578188.0
2024-09-02,4653.0,4685.0,4520.5,4595.0,521348.0
2024-09-03,4600.5,4685.5,4535.0,4610.0,373929.0
2024-09-04,4610.5,4715.5,4562.5,4705.0,281197.0
2024-09-05,4730.0,4856.0,4668.0,4712.5,301694.0
2024-09-06,4712.0,4799.5,4642.0,4756.0,179274.0
2024-09-09,4766.0,4919.0,4757.0,4910.0,226408.0
2024-09-10,4933.0,5035.0,4832.5,4883.0,412233.0
2024-09-11,4880.5,4953.5,4751.5,4793.5,296456.0
2024-09-12,4789.5,4843.0,4670.0,4725.5,301265.0
2024-09-13,4736.0,5018.0,4661.0,4998.0,789691.0
2024-09-16,5020.0,5373.5,5002.5,5359.5,671561.0
2024-09-17,5355.0,5694.5,5340.0,5694.5,2658976.0
2024-09-18,5757.0,5757.0,5585.0,5597.5,1596434.0
2024-09-19,5584.5,5646.0,5485.0,5605.0,819482.0
2024-09-20,5607.0,5959.5,5605.0,5919.5,1134737.0
2024-09-23,5917.5,5944.5,5833.0,5874.5,870333.0
2024-09-24,5882.0,5902.0,5775.5,5848.0,549921.0
2024-09-25,5835.0,6021.0,5723.0,5763.5,755634.0
2024-09-26,5725.5,5810.0,5660.5,5789.5,513165.0
2024-09-27,5789.5,5837.0,5716.5,5759.0,232125.0
2024-09-30,5774.5,5828.5,5637.0,5667.0,398130.0
2024-10-01,5667.0,5893.0,5232.0,5244.0,3366968.0
2024-10-02,5230.5,5270.0,4991.0,5056.0,1830165.0
2024-10-03,5036.0,5129.5,5006.0,5099.5,847188.0
2024-10-04,5121.5,5134.0,5025.0,5076.0,339047.0
2024-10-07,5090.0,5122.5,5045.0,5069.5,233286.0
2024-10-08,5055.0,5070.0,4915.5,4930.0,475483.0
2024-10-09,4929.5,4974.5,4870.0,4889.5,355339.0
2024-10-10,4900.0,4995.5,4881.0,4968.0,290694.0
2024-10-11,4969.5,4974.5,4901.0,4902.0,203206.0
2024-10-14,4902.0,4945.0,4813.5,4923.5,368959.0
2024-10-15,4916.0,5010.0,4893.5,5007.0,315843.0
2024-10-16,5011.0,5035.0,4943.0,4970.0,268832.0
2024-10-17,4970.0,4991.5,4855.0,4882.5,181485.0
2024-10-18,4895.5,4900.0,4835.5,4861.0,145547.0
2024-10-21,4867.0,4885.0,4809.0,4818.0,177231.0
2024-10-22,4813.5,4875.5,4773.0,4814.0,240327.0
2024-10-23,4813.5,4819.0,4730.0,4730.0,179444.0
2024-10-24,4729.5,4753.5,4630.0,4673.5,288268.0
2024-10-25,4693.5,4748.5,4470.0,4504.5,543492.0
2024-10-28,4480.0,4480.0,4267.0,4376.0,572094.0
2024-10-29,4384.0,4449.5,4325.0,4404.0,312347.0
2024-10-30,4435.5,4569.0,4390.0,4408.0,345280.0
2024-10-31,4414.5,4497.0,4338.0,4486.0,419376.0
2024-11-01,4489.0,4561.5,4473.5,4529.5,392409.0
2024-11-02,4547.0,4579.0,4501.5,4520.0,109160.0
2024-11-05,4552.0,4563.5,4454.0,4529.5,150755.0
2024-11-06,4566.0,4700.0,4563.0,4625.5,390368.0
2024-11-07,4625.5,4781.0,4567.0,4776.5,275104.0
2024-11-08,4814.0,4860.0,4737.5,4856.5,318631.0
2024-11-11,4896.5,4924.0,4835.0,4917.0,251074.0
2024-11-12,4910.5,4923.0,4792.0,4802.5,207404.0
2024-11-13,4796.0,4910.0,4788.0,4840.0,185880.0
2024-11-14,4821.5,4884.5,4742.0,4789.5,149526.0
2024-11-15,4785.0,4847.5,4713.5,4822.5,157856.0
2024-11-18,4720.0,4770.0,4684.5,4685.0,155065.0
2024-11-19,4684.0,4697.0,4472.0,4491.5,259643.0
2024-11-20,4502.5,4569.0,4401.0,4424.0,278891.0
2024-11-21,4445.5,4592.5,4297.0,4582.5,909768.0
2024-11-22,4593.5,4619.5,4430.0,4494.0,531524.0
2024-11-25,4495.0,4525.0,4314.5,4330.0,337549.0
2024-11-26,4329.5,4385.0,4062.0,4150.0,708331.0
2024-11-27,4169.5,4238.5,4008.0,4213.0,631197.0
2024-11-28,4240.5,4324.5,4130.5,4263.5,481672.0
2024-11-29,4246.0,4550.0,4221.5,4529.5,1535498.0
2024-12-02,4555.5,4694.0,4540.5,4629.0,715566.0
2024-12-03,4635.0,4674.0,4497.0,4559.5,645258.0
2024-12-04,4559.5,4590.0,4433.5,4446.0,452830.0
2024-12-05,4458.0,4523.0,4377.5,4478.0,532659.0
2024-12-06,4498.0,4589.5,4468.0,4576.0,325811.0
2024-12-09,4621.0,4634.5,4570.0,4597.5,225596.0
2024-12-10,4601.0,4619.5,4503.0,4521.5,218964.0
2024-12-11,4500.0,4538.0,4454.0,4529.0,223664.0
2024-12-12,4535.0,4564.0,4435.0,4443.0,226958.0
2024-12-13,4436.5,4468.0,4405.0,4411.0,195796.0
2024-12-16,4400.5,4407.5,4300.0,4308.5,282963.0
2024-12-17,4306.5,4388.0,4255.5,4340.0,306161.0
2024-12-18,4350.5,4466.5,4301.0,4432.5,398657.0
2024-12-19,4451.0,4521.5,4407.0,4415.5,451507.0
2024-12-20,4397.0,4923.0,4376.0,4921.5,1076853.0
2024-12-23,4991.0,5081.0,4926.0,4984.0,750550.0
2024-12-24,4984.0,4984.5,4870.0,4945.5,503971.0
2024-12-25,4951.5,5038.0,4940.0,5027.5,481006.0
2024-12-26,5040.0,5216.5,5031.0,5174.0,797416.0
2024-12-27,5195.0,5220.0,5151.0,5210.0,329236.0
2024-12-28,5220.5,5348.0,4863.0,5009.0,3736687.0
2024-12-30,5025.0,5167.0,5016.0,5092.0,900486.0
2025-01-03,5090.0,5092.0,4917.0,5016.5,447730.0
2025-01-06,4988.0,5014.5,4930.0,4942.5,279253.0
2025-01-08,4909.0,4919.0,4759.0,4787.5,846864.0
2025-01-09,4758.0,4938.5,4705.0,4836.0,1193851.0
2025-01-10,4840.0,4954.0,4780.0,4882.5,733843.0
2025-01-13,4980.0,4995.0,4620.5,4660.0,1384317.0
2025-01-14,4666.0,4748.0,4611.0,4718.0,770889.0
2025-01-15,4710.0,4769.0,4633.0,4754.5,552314.0
2025-01-16,4786.5,4792.0,4681.0,4716.5,760265.0
2025-01-17,4728.0,4789.0,4662.5,4741.5,815868.0
2025-01-20,4782.0,4790.0,4635.0,4643.0,851896.0
2025-01-21,4663.0,4744.0,4620.0,4708.0,600114.0
2025-01-22,4718.5,4737.0,4669.5,4694.5,468719.0
2025-01-23,4691.0,4718.0,4653.0,4710.0,330324.0
2025-01-24,4713.0,4741.0,4662.0,4664.5,373140.0
2025-01-27,4668.0,4685.0,4558.0,4582.5,392789.0
2025-01-28,4575.5,4700.0,4540.5,4671.0,494430.0
2025-01-29,4671.0,4753.0,4650.0,4674.5,469506.0
2025-01-30,4677.0,4738.0,4633.0,4710.0,389176.0
2025-01-31,4724.0,4778.0,4654.0,4665.5,484581.0
2025-02-03,4665.5,4723.0,4590.0,4625.5,402311.0
2025-02-04,4641.5,4665.0,4571.0,4591.0,226959.0
2025-02-05,4590.0,4714.0,4526.0,4678.0,478972.0
2025-02-06,4680.0,4719.0,4655.0,4680.5,298496.0
2025-02-07,4698.5,4735.0,4631.5,4662.0,330858.0
2025-02-10,4688.0,4795.0,4680.0,4705.5,593991.0
2025-02-11,4705.5,4925.0,4705.0,4902.0,1098261.0
2025-02-12,4902.0,5075.0,4833.0,5029.0,1306272.0
2025-02-13,5060.0,5249.5,4960.0,5055.5,1336933.0
2025-02-14,5055.5,5156.0,4900.0,4938.0,1048950.0
2025-02-17,4995.0,5208.0,4992.0,5199.0,1037867.0
2025-02-18,5200.0,5216.0,5054.5,5125.0,681292.0
2025-02-19,5130.5,5215.0,5061.5,5195.0,512436.0
2025-02-20,5184.5,5430.0,5180.0,5324.5,1003370.0
2025-02-21,5328.0,5404.0,5255.0,5340.0,462312.0
2025-02-24,5343.5,5416.5,5311.5,5365.0,496880.0
2025-02-25,5366.0,5470.0,5320.0,5384.5,667598.0
2025-02-26,5387.0,5433.0,5139.0,5167.0,601159.0
2025-02-27,5165.0,5218.0,4960.0,5005.0,612377.0
2025-02-28,5006.0,5034.0,4810.0,4950.0,1576459.0
2025-03-01,4987.0,4993.0,4960.0,4970.5,11793.0
2025-03-02,4968.0,4998.0,4951.0,4970.0,20877.0
2025-03-03,4975.0,4983.0,4832.5,4909.0,592679.0
2025-03-04,4925.0,5074.5,4900.0,5037.0,556766.0
2025-03-05,5050.5,5140.0,4990.0,5015.5,532670.0
2025-03-06,5015.0,5073.5,4950.0,5000.0,383006.0
2025-03-07,5005.0,5060.0,4865.0,4936.5,501629.0
2025-03-10,4955.0,4988.0,4841.0,4841.5,351925.0
2025-03-11,4861.0,4924.0,4800.0,4900.0,461774.0
2025-03-12,4911.0,4924.0,4821.0,4852.0,250469.0
2025-03-13,4868.5,4895.5,4718.0,4830.0,531397.0
2025-03-14,4830.0,4937.5,4758.5,4923.0,400996.0
2025-03-15,4927.0,4953.5,4924.0,4934.0,20580.0
2025-03-16,4934.0,4970.0,4920.5,4970.0,25126.0
2025-03-17,4972.5,5043.5,4952.0,4977.5,412003.0
2025-03-18,4978.5,5030.0,4860.5,4892.0,472327.0
2025-03-19,4895.0,4978.5,4871.0,4873.5,421796.0
2025-03-20,4890.0,4930.5,4834.0,4855.0,873406.0
2025-03-21,4869.0,4921.5,4808.0,4814.0,472006.0
2025-03-24,4819.0,4849.0,4662.0,4689.0,667686.0
2025-03-25,4689.0,4736.5,4585.0,4677.5,653627.0
2025-03-26,4672.0,4734.0,4591.5,4618.0,362354.0
2025-03-27,4620.0,4649.5,4514.0,4520.0,549479.0
2025-03-28,4523.0,4575.0,4405.0,4421.5,904384.0
2025-03-29,4411.0,4427.0,4348.0,4368.0,84153.0
2025-03-30,4368.5,4399.5,4347.0,4347.0,43245.0
2025-03-31,4345.5,4500.0,4322.0,4417.5,595698.0
2025-04-01,4420.5,4700.0,4420.5,4649.5,1527446.0
2025-04-02,4629.0,4814.5,4610.0,4736.5,1373489.0
2025-04-03,4738.0,4773.0,4559.0,4658.0,769581.0
2025-04-04,4688.0,4768.5,4400.5,4415.5,1095317.0
2025-04-05,4416.5,4482.5,4356.0,4470.0,105760.0
2025-04-06,4486.5,4539.0,4460.5,4513.5,90320.0
2025-04-07,4475.0,4475.0,4212.5,4395.0,1031320.0
2025-04-08,4399.0,4563.5,4335.0,4345.0,735435.0
2025-04-09,4345.0,4532.0,4183.0,4518.0,1143375.0
2025-04-10,4529.5,4642.5,4413.0,4583.0,590898.0
2025-04-11,4581.0,4682.5,4530.0,4567.5,437324.0
2025-04-12,4584.5,4615.5,4584.5,4599.5,32246.0
2025-04-13,4595.5,4641.0,4582.5,4628.5,46272.0
2025-04-14,4628.5,4628.5,4430.0,4473.0,289798.0
2025-04-15,4461.5,4518.0,4438.0,4481.5,319913.0
2025-04-16,4481.0,4581.5,4414.0,4541.0,316779.0
2025-04-17,4570.0,4590.5,4485.0,4550.0,350543.0
2025-04-18,4514.0,4541.0,4460.0,4473.0,276689.0
2025-04-21,4501.0,4543.5,4476.0,4512.5,252209.0
2025-04-22,4514.5,4630.0,4510.5,4592.5,617996.0
2025-04-23,4600.0,4622.0,4504.0,4536.0,349493.0
2025-04-24,4554.0,4624.0,4538.0,4585.0,240227.0
2025-04-25,4595.0,4676.0,4585.0,4630.0,364800.0
2025-04-26,4640.0,4690.0,4614.0,4631.5,68487.0
2025-04-27,4645.0,4652.0,4612.0,4644.0,33975.0
2025-04-28,4645.0,4799.0,4550.0,4763.5,782456.0
2025-04-29,4770.0,4795.0,4430.5,4467.0,1545928.0
2025-04-30,4501.0,4549.5,4405.0,4434.5,855712.0
2025-05-02,4431.0,4441.0,4305.0,4309.5,217829.0
2025-05-03,4310.5,4350.0,4306.0,4323.0,37591.0
2025-05-04,4320.5,4341.5,4315.5,4324.0,20990.0
2025-05-05,4324.5,4341.5,4180.0,4226.0,429447.0
2025-05-06,4232.5,4335.5,4150.0,4288.5,363927.0
2025-05-07,4291.5,4358.5,4257.0,4325.0,237270.0
2025-05-08,4330.0,4382.0,4307.5,4327.0,115385.0
2025-05-10,4350.0,4350.0,4313.5,4325.0,11119.0
2025-05-11,4352.0,4370.0,4325.0,4350.0,31909.0
2025-05-12,4358.5,4436.0,4358.0,4416.0,236607.0
2025-05-13,4423.0,4434.0,4336.5,4353.0,237918.0
2025-05-14,4353.0,4380.0,4248.5,4288.0,234135.0
2025-05-15,4287.5,4336.5,4263.5,4315.0,174347.0
2025-05-16,4324.0,4330.5,4214.0,4264.5,328198.0
2025-05-17,4263.0,4295.5,4258.0,4292.5,18042.0
2025-05-18,4301.0,4326.5,4295.5,4324.5,22187.0
2025-05-19,4325.0,4326.5,4240.5,4255.0,160964.0
2025-05-20,4260.0,4278.0,4202.0,4238.5,301628.0
2025-05-21,4239.5,4259.0,4162.5,4176.0,204566.0
2025-05-22,4173.5,4189.0,3865.5,3922.0,1375300.0
2025-05-23,3922.0,3946.0,3860.0,3877.5,703975.0
2025-05-26,3877.0,3880.0,3718.0,3750.5,623660.0
2025-05-27,3755.0,3782.0,3670.0,3744.0,374936.0
2025-05-28,3744.0,3793.0,3728.0,3780.0,444646.0
2025-05-29,3783.5,3859.0,3681.5,3755.0,506784.0
2025-05-30,3751.5,3821.5,3751.0,3788.0,235208.0
2025-05-31,3804.0,3826.5,3800.0,3822.0,25870.0
2025-06-01,3819.5,3824.0,3715.0,3756.0,85835.0
2025-06-02,3774.0,3866.0,3703.0,3832.5,236298.0
2025-06-03,3848.5,3926.5,3834.0,3925.5,293085.0
2025-06-04,3929.5,3997.0,3923.0,3925.0,389331.0
2025-06-05,3925.0,3973.5,3910.0,3948.0,136997.0
2025-06-06,3952.0,4055.0,3893.0,3897.5,707297.0
2025-06-07,3899.0,3918.0,3873.5,3894.0,19653.0
2025-06-08,3895.0,3902.0,3877.0,3878.5,11406.0
2025-06-09,3879.0,3897.0,3727.0,3759.0,467945.0
2025-06-10,3763.0,3780.0,3700.0,3706.5,259450.0
2025-06-11,3708.0,3735.0,3680.0,3694.0,180302.0
2025-06-13,3713.0,3728.0,3691.5,3697.5,84981.0
2025-06-14,3703.0,3718.0,3698.0,3710.5,17301.0
2025-06-15,3711.0,3736.0,3702.0,3728.0,24872.0
2025-06-16,3732.0,3748.0,3661.0,3669.5,229963.0
2025-06-17,3668.0,3719.5,3627.0,3694.5,274703.0
2025-06-18,3691.5,3727.5,3667.0,3670.0,205539.0
2025-06-19,3669.5,3695.0,3655.5,3676.0,171579.0
2025-06-20,3683.5,3685.5,3606.0,3614.5,258532.0
2025-06-23,3620.5,3626.0,3558.0,3566.0,336751.0
2025-06-24,3560.0,3589.0,3539.0,3576.0,242369.0
2025-06-25,3578.0,3640.0,3576.0,3620.5,341259.0
2025-06-26,3621.5,3676.5,3606.5,3608.5,301712.0
2025-06-27,3612.0,3618.0,3580.5,3600.0,216172.0
2025-06-28,3614.0,3629.0,3600.0,3620.0,27414.0
2025-06-29,3622.5,3628.5,3603.5,3614.0,19302.0
2025-06-30,3600.0,3660.0,3595.0,3632.5,437235.0
2025-07-01,3642.0,3744.5,3628.5,3719.5,633393.0
2025-07-02,3721.0,3769.0,3642.0,3664.0,453247.0
2025-07-03,3671.0,3715.0,3632.5,3637.0,308399.0
2025-07-04,3631.0,3641.0,3600.0,3603.0,203454.0
2025-07-05,3604.0,3623.0,3585.0,3611.5,11912.0
2025-07-06,3611.5,3624.5,3606.5,3621.5,8282.0
2025-07-07,3621.5,3674.0,3606.5,3615.5,240072.0
2025-07-08,3610.0,3642.5,3549.0,3551.5,310053.0
2025-07-09,3550.0,3588.0,3466.5,3502.5,410034.0
2025-07-10,3515.0,3531.5,3478.0,3491.0,185045.0
2025-07-11,3494.0,3500.0,3388.0,3395.0,311547.0
2025-07-12,3407.0,3423.5,3401.0,3408.0,17399.0
2025-07-13,3417.5,3420.0,3398.0,3408.0,11005.0
2025-07-14,3405.0,3550.0,3336.0,3501.0,453458.0
2025-07-15,3503.0,3574.5,3496.0,3521.5,261056.0
2025-07-16,3527.5,3599.5,3520.5,3580.0,297469.0
2025-07-17,3587.0,3637.0,3544.0,3569.0,298457.0
2025-07-18,3595.5,3633.0,3565.0,3621.5,246406.0
2025-07-19,3622.5,3663.0,3622.0,3654.0,51024.0
2025-07-20,3665.0,3670.0,3648.0,3662.0,27007.0
2025-07-21,3669.5,3710.0,3632.5,3673.0,291899.0
2025-07-22,3673.0,3721.5,3655.0,3709.5,162639.0
2025-07-23,3718.5,3738.0,3688.0,3693.5,197981.0
2025-07-24,3690.0,3714.5,3655.0,3671.0,147105.0
2025-07-25,3687.5,3766.5,3633.0,3680.0,406012.0
2025-07-26,3684.0,3692.5,3675.5,3686.0,7831.0
2025-07-27,3686.0,3694.0,3656.0,3659.5,9769.0
2025-07-28,3657.5,3705.0,3553.0,3585.5,317196.0
2025-07-29,3604.0,3636.0,3568.0,3592.0,189530.0
2025-07-30,3593.5,3623.5,3554.0,3563.5,89325.0
2025-07-31,3554.5,3598.5,3514.0,3525.5,218060.0
2025-08-01,3534.5,3557.5,3502.0,3527.5,178755.0
2025-08-04,3546.0,3616.0,3527.0,3599.0,235532.0
2025-08-05,3613.5,3630.0,3552.0,3601.0,179132.0
2025-08-06,3592.5,3666.5,3572.0,3616.5,370831.0
2025-08-07,3617.0,3697.0,3613.5,3675.0,436745.0
2025-08-08,3682.5,3758.0,3665.5,3745.5,365520.0
2025-08-11,3779.5,3836.5,3742.0,3785.5,590111.0
2025-08-12,3786.5,3807.5,3752.0,3765.5,212613.0
2025-08-13,3767.0,3799.0,3728.0,3740.0,259870.0
2025-08-14,3757.5,3823.5,3721.0,3801.5,311449.0
2025-08-15,3802.0,3838.0,3770.0,3788.0,260970.0
2025-08-16,3748.5,3748.5,3676.0,3734.5,123851.0
2025-08-17,3744.0,3744.0,3696.0,3705.5,39195.0
2025-08-18,3719.0,3804.0,3702.0,3777.5,208873.0
2025-08-19,3795.0,3869.0,3762.5,3800.0,458698.0
2025-08-20,3800.0,3836.5,3740.0,3764.5,264295.0
2025-08-21,3764.5,3770.0,3683.5,3689.0,296541.0
2025-08-22,3697.0,3725.0,3683.5,3706.5,118409.0
2025-08-23,3713.0,3720.5,3708.0,3713.0,5626.0
2025-08-24,3713.0,3722.0,3695.5,3701.5,5432.0
2025-08-25,3700.0,3718.5,3627.0,3651.0,231430.0
2025-08-26,3651.0,3683.0,3651.0,3660.5,106842.0
2025-08-27,3660.0,3709.5,3653.5,3692.0,120892.0
2025-08-28,3696.0,3743.0,3660.5,3677.0,237769.0
2025-08-29,3677.0,3759.5,3649.0,3670.0,400278.0
2025-08-30,3687.0,3687.0,3621.5,3635.0,82528.0
2025-08-31,3634.5,3639.5,3626.0,3633.0,22553.0
2025-09-01,3634.5,3637.0,3514.5,3520.0,700295.0
2025-09-02,3529.5,3537.5,3420.0,3475.0,470706.0
2025-09-03,3476.0,3505.5,3450.0,3489.0,166511.0
2025-09-04,3490.0,3505.0,3461.0,3485.5,144404.0
2025-09-05,3486.0,3565.0,3471.0,3531.5,239706.0
2025-09-06,3526.5,3538.5,3514.0,3514.0,13529.0
2025-09-07,3514.0,3537.5,3512.0,3532.0,11695.0
2025-09-08,3531.5,3534.0,3470.0,3504.5,177514.0
2025-09-09,3505.0,3547.5,3493.0,3509.0,241925.0
2025-09-10,3512.0,3519.0,3460.0,3482.0,224486.0
2025-09-11,3482.5,3495.0,3454.0,3481.0,182699.0
2025-09-12,3481.0,3500.0,3400.0,3404.0,321861.0
2025-09-13,3404.5,3414.0,3390.5,3399.0,17009.0
2025-09-14,3403.0,3404.0,3390.0,3400.0,22086.0
2025-09-15,3397.5,3409.5,3308.0,3329.5,366262.0
2025-09-16,3331.0,3360.0,3287.0,3305.0,229382.0
2025-09-17,3305.0,3380.0,3238.5,3299.5,520801.0
2025-09-18,3302.0,3309.0,3230.0,3231.5,231564.0
2025-09-19,3232.0,3239.5,3186.0,3196.5,346722.0
2025-09-22,3195.0,3196.0,3122.0,3164.0,405035.0
2025-09-23,3167.0,3241.5,3149.0,3163.5,390648.0
2025-09-24,3171.5,3427.0,3136.0,3422.0,1756413.0
2025-09-25,3422.0,3473.5,3228.5,3251.5,2438898.0
2025-09-26,3251.0,3274.0,3185.0,3209.5,687770.0
2025-09-27,3216.0,3227.5,3209.5,3213.5,10976.0
2025-09-28,3214.0,3226.5,3206.0,3215.5,9054.0
2025-09-29,3208.5,3224.0,3101.0,3125.0,479447.0
2025-09-30,3136.5,3281.5,3065.0,3087.0,1739283.0
2025-10-01,3104.5,3127.0,3003.5,3041.5,569398.0
2025-10-02,3041.5,3123.5,2992.0,3052.0,490317.0
2025-10-03,3052.0,3095.5,2987.5,3005.0,284303.0
2025-10-04,2998.0,3014.5,2951.5,2979.5,89458.0
2025-10-05,2980.0,3012.5,2954.5,3012.5,32407.0
2025-10-06,3018.5,3048.0,2989.5,3024.0,295729.0
2025-10-07,3020.0,3090.5,3017.5,3073.0,237385.0
2025-10-08,3081.0,3097.5,2939.5,2979.0,411325.0
2025-10-09,2991.0,3049.5,2905.0,3041.0,364027.0
2025-10-10,3054.5,3054.5,2977.5,2996.0,234336.0
2025-10-11,2980.5,2998.0,2980.0,2998.0,8279.0
2025-10-12,2995.5,3008.0,2992.0,2999.0,6760.0
2025-10-13,3001.0,3040.5,2925.0,2933.0,311268.0
2025-10-14,2928.0,2945.0,2888.5,2901.5,228228.0
2025-10-15,2905.5,2917.0,2868.0,2880.0,150911.0
2025-10-16,2877.5,3041.5,2877.5,3040.0,457644.0
2025-10-17,3049.0,3090.0,3001.5,3065.0,318105.0
2025-10-18,3077.0,3126.0,3067.5,3113.5,85313.0
2025-10-19,3123.0,3136.0,3075.0,3095.5,53359.0
2025-10-20,3105.5,3107.5,3047.0,3063.0,184282.0
2025-10-21,3064.0,3065.0,2937.5,2986.5,357871.0
2025-10-22,2989.5,3016.0,2919.0,2955.0,246834.0
2025-10-23,2914.0,2947.0,2890.0,2945.0,186263.0
2025-10-24,2944.0,2980.0,2885.0,2916.0,230584.0
2025-10-27,2916.0,2930.5,2798.5,2810.0,347573.0
2025-10-28,2814.0,2859.5,2781.5,2838.0,201861.0
2025-10-29,2845.0,2851.0,2812.0,2825.0,108184.0
2025-10-30,2834.0,3006.5,2807.0,2926.5,361721.0
2025-10-31,2925.0,2973.5,2841.5,2871.0,221258.0
2025-11-01,2877.0,2919.5,2863.0,2872.5,95793.0
2025-11-03,2886.5,2933.0,2877.5,2908.5,78964.0
2025-11-05,2911.0,2928.0,2856.0,2866.0,167347.0
2025-11-06,2870.0,2883.5,2843.5,2869.5,109930.0
2025-11-07,2865.5,2898.0,2860.0,2867.5,151774.0
2025-11-08,2875.5,2877.5,2867.0,2872.5,4829.0
2025-11-09,2872.5,2886.5,2872.5,2882.0,13565.0
2025-11-10,2890.5,2912.0,2871.0,2880.0,264967.0
2025-11-11,2881.0,2889.5,2852.5,2887.0,119181.0
2025-11-12,2883.0,2894.5,2844.0,2851.0,125970.0
2025-11-13,2853.0,2889.5,2825.5,2870.0,235071.0
2025-11-14,2870.5,2878.5,2835.0,2848.5,159142.0
2025-11-15,2848.5,2859.0,2847.5,2849.0,6441.0
2025-11-16,2851.0,2854.5,2842.5,2852.0,5216.0
2025-11-17,2850.0,2855.5,2812.5,2814.5,106980.0
2025-11-18,2812.0,2884.0,2804.0,2843.5,216714.0
2025-11-19,2842.5,2930.0,2831.5,2877.5,379262.0
2025-11-20,2873.0,2970.0,2871.0,2942.5,412675.0
2025-11-21,2945.0,2958.0,2890.0,2913.5,213412.0
2025-11-24,2914.5,2978.0,2895.5,2905.5,370316.0
2025-11-25,2916.0,2984.5,2881.5,2982.0,292947.0
2025-11-26,2982.5,2998.0,2954.5,2971.0,225115.0
2025-11-27,2971.0,2983.5,2900.0,2900.5,160168.0
2025-11-28,2905.0,2948.5,2886.0,2942.0,177658.0
2025-11-29,2935.0,2948.5,2932.5,2942.0,4942.0
2025-11-30,2947.5,2963.5,2939.5,2958.0,14109.0
2025-12-01,2950.0,2964.5,2871.5,2897.5,359441.0
2025-12-02,2897.5,2936.0,2891.0,2900.0,221004.0
2025-12-03,2889.0,2891.0,2852.0,2881.0,156690.0
2025-12-04,2882.0,2899.5,2872.0,2879.0,152192.0
2025-12-05,2877.5,2922.5,2877.5,2907.0,159733.0
2025-12-08,2920.0,3105.0,2915.0,3052.0,3465812.0
2025-12-09,3054.0,3069.0,3000.0,3035.0,836067.0
2025-12-10,3030.0,3159.0,3016.0,3149.5,1109651.0
2025-12-11,3146.0,3187.0,3081.5,3097.5,913831.0
2025-12-12,3091.0,3135.0,3051.0,3057.0,438649.0
2025-12-13,3060.0,3118.0,3058.0,3112.0,74813.0
2025-12-14,3111.5,3119.0,3084.0,3107.5,56292.0
2025-12-15,3102.5,3140.5,3083.5,3102.5,266914.0
2025-12-16,3102.0,3133.5,3097.5,3113.5,291616.0
2025-12-17,3112.0,3228.0,3101.5,3211.0,1189266.0
2025-12-18,3215.5,3249.0,3177.0,3211.0,439184.0
2025-12-19,3219.0,3237.0,3140.0,3161.0,548809.0
2025-12-20,3161.0,3172.0,3145.0,3160.0,19933.0
2025-12-21,3155.0,3165.5,3153.0,3160.0,10215.0
2025-12-22,3158.0,3164.0,3071.5,3083.5,361093.0
2025-12-23,3093.5,3099.0,3043.0,3076.5,172261.0
2025-12-24,3076.5,3089.5,3033.5,3036.5,131448.0
2025-12-25,3036.0,3042.5,2994.0,3001.0,268963.0
2025-12-26,3004.0,3057.5,3003.0,3042.5,258531.0
2025-12-27,3042.5,3060.0,3033.0,3042.5,38592.0
2025-12-28,3050.0,3064.5,3036.0,3060.5,43757.0
2025-12-29,3070.0,3104.5,3000.0,3017.0,435086.0
2025-12-30,3027.5,3037.0,3004.0,3012.0,141784.0
2026-01-05,2998.5,3013.0,2952.0,2980.0,169747.0
2026-01-06,2983.5,3015.5,2960.0,2971.0,103774.0
2026-01-08,2958.5,2981.0,2931.0,2942.5,129248.0
2026-01-09,2937.0,2979.5,2935.5,2951.5,72430.0
2026-01-12,2957.5,3050.0,2952.0,3036.5,219907.0
2026-01-13,3031.0,3048.0,2977.5,2980.0,136273.0
2026-01-14,2989.5,3098.0,2953.0,3083.5,432587.0
2026-01-15,3076.0,3122.0,3070.5,3108.0,316364.0
2026-01-16,3117.5,3166.0,3108.5,3152.0,332796.0
2026-01-17,3156.0,3159.5,3140.5,3150.0,8090.0
2026-01-18,3152.0,3158.0,3141.5,3155.5,8286.0
2026-01-19,3156.5,3174.5,3122.5,3131.0,175678.0
2026-01-20,3131.5,3282.5,3109.0,3268.0,1026626.0
2026-01-21,3277.5,3292.5,3212.0,3262.0,830389.0
2026-01-22,3259.0,3315.0,3218.0,3238.0,620517.0
2026-01-23,3240.0,3294.0,3226.5,3247.5,239784.0
2026-01-24,3255.0,3259.5,3220.5,3236.5,31885.0
2026-01-25,3236.5,3265.0,3235.0,3257.0,36277.0
2026-01-26,3258.0,3264.5,3162.0,3172.0,264278.0
2026-01-27,3172.0,3262.5,3170.5,3253.0,271870.0
2026-01-28,3265.0,3276.0,3221.5,3228.0,139876.0
2026-01-29,3230.0,3336.0,3230.0,3303.0,495730.0
2026-01-30,3309.0,3331.5,3229.5,3251.5,279080.0
2026-01-31,3251.5,3259.5,3240.0,3246.5,10549.0
2026-02-01,3240.0,3275.0,3240.0,3262.5,18836.0
2026-02-02,3273.0,3273.0,3185.0,3235.0,268475.0
2026-02-03,3236.0,3274.0,3233.0,3249.5,106425.0
2026-02-04,3249.5,3284.0,3195.0,3232.0,253021.0
2026-02-05,3230.0,3248.5,3142.0,3172.0,195984.0
2026-02-06,3167.0,3278.5,3143.0,3257.5,412471.0
2026-02-07,3258.5,3276.0,3258.5,3264.5,13494.0
2026-02-08,3264.5,3276.0,3248.5,3253.5,21639.0
2026-02-09,3253.5,3258.0,3175.5,3207.0,198259.0
2026-02-10,3195.0,3210.0,3152.0,3171.0,201128.0
2026-02-11,3173.0,3188.5,3132.0,3163.0,313186.0
2026-02-12,3166.0,3219.0,3154.5,3175.5,192278.0
2026-02-13,3183.0,3222.5,3145.5,3206.0,302611.0
2026-02-16,3215.0,3333.0,3207.5,3328.0,580744.0
2026-02-17,3327.5,3390.0,3291.5,3366.5,821637.0
2026-02-18,3365.5,3385.0,3302.5,3369.0,396167.0
2026-02-19,3368.5,3415.5,3333.0,3338.5,352779.0
2026-02-20,3344.5,3367.5,3296.0,3343.5,178083.0
2026-02-21,3332.0,3345.5,3332.0,3341.0,7566.0
2026-02-22,3340.0,3346.0,3328.5,3337.0,12364.0
2026-02-23,3346.5,3346.5,3325.0,3339.5,10313.0
2026-02-24,3333.0,3376.5,3311.0,3329.5,212860.0
2026-02-25,3340.5,3355.0,3322.0,3337.0,86417.0
2026-02-26,3337.0,3381.0,3332.5,3357.5,217632.0
2026-02-27,3351.0,3373.5,3330.0,3359.5,95789.0
2026-02-28,3372.0,3372.0,3300.0,3304.0,113805.0
2026-03-01,3309.0,3320.0,3295.0,3309.5,42562.0
2026-03-02,3313.5,3327.5,3245.0,3261.5,252206.0
2026-03-03,3268.0,3344.0,3227.0,3286.0,303942.0
2026-03-04,3293.0,3331.0,3235.5,3251.0,197526.0
2026-03-05,3244.5,3277.5,3200.0,3220.0,238654.0
2026-03-06,3217.0,3242.0,3170.0,3184.5,245758.0
2026-03-09,3170.0,3250.0,3140.5,3231.0,147908.0
2026-03-10,3231.0,3274.0,3203.0,3225.0,148329.0
2026-03-11,3219.0,3260.0,3216.0,3235.5,107928.0
2026-03-12,3238.0,3258.0,3190.5,3198.5,84056.0
2026-03-13,3193.0,3222.0,3184.0,3192.0,74526.0
2026-03-14,3192.0,3207.5,3192.0,3196.5,6657.0
2026-03-15,3192.0,3210.5,3190.5,3207.5,4906.0
2026-03-16,3195.0,3235.0,3185.0,3219.5,115155.0
2026-03-17,3221.0,3265.0,3210.0,3245.0,154042.0
2026-03-18,3248.5,3260.0,3200.5,3212.5,167889.0
2026-03-19,3208.0,3243.0,3177.0,3237.0,270510.0
2026-03-20,3242.0,3259.5,3201.5,3207.0,106566.0
2026-03-23,3207.0,3213.5,3126.0,3138.0,229473.0
2026-03-24,3140.5,3212.0,3100.5,3205.0,361182.0
2026-03-25,3205.0,3232.5,3142.0,3148.5,266827.0
2026-03-26,3147.0,3177.0,3092.5,3129.5,199342.0
2026-03-27,3129.5,3163.5,3010.5,3033.5,246240.0
2026-03-28,3030.0,3030.0,3001.5,3017.0,36757.0
2026-03-29,3021.0,3027.5,3002.5,3013.0,22879.0
2026-03-30,3011.0,3038.0,2950.0,2959.0,287581.0
2026-03-31,2957.5,2999.0,2955.0,2981.0,102351.0
2026-04-01,3000.0,3080.0,2972.5,3022.0,471786.0
2026-04-02,3021.5,3025.0,2969.5,2982.5,206406.0
2026-04-03,2986.0,3010.0,2901.0,2946.0,220084.0
2026-04-04,2953.5,2953.5,2940.0,2946.0,7044.0
2026-04-05,2946.0,2953.0,2935.0,2940.0,9614.0
2026-04-06,2940.0,2952.5,2899.5,2917.5,176789.0
2026-04-07,2925.0,2959.5,2907.0,2928.0,216753.0
2026-04-08,2928.0,2970.0,2911.0,2939.0,158145.0
2026-04-09,2939.0,2951.0,2875.0,2887.0,188038.0
2026-04-10,2889.5,2899.5,2861.5,2878.0,144850.0
2026-04-11,2878.0,2882.0,2870.0,2876.5,7650.0
2026-04-12,2877.5,2894.5,2877.5,2885.5,16499.0
2026-04-13,2890.0,2895.0,2826.0,2839.0,238302.0
2026-04-14,2844.5,2870.0,2815.5,2820.0,293126.0
2026-04-15,2822.5,2864.0,2812.0,2859.0,210132.0
2026-04-16,2860.0,2867.0,2823.0,2832.5,203750.0
2026-04-17,2834.0,2869.5,2822.5,2825.0,185765.0
2026-04-18,2831.0,2835.5,2825.0,2829.0,10583.0
2026-04-19,2827.0,2844.5,2826.5,2839.0,12972.0
2026-04-20,2838.5,2854.5,2796.0,2814.5,196648.0
2026-04-21,2812.5,2842.0,2804.0,2817.0,161631.0
2026-04-22,2814.5,2846.0,2807.5,2838.5,119234.0
2026-04-23,2845.5,2867.5,2817.0,2820.0,232428.0
2026-04-24,2822.0,2833.5,2759.5,2768.5,289770.0
2026-04-25,2775.5,2781.0,2766.0,2775.0,13503.0
2026-04-26,2775.0,2775.5,2765.0,2770.0,7694.0
2026-04-27,2770.0,2775.5,2700.0,2704.0,291588.0
2026-04-28,2709.5,2713.5,2556.5,2565.5,775314.0
2026-04-29,2573.5,2609.0,2500.0,2533.0,729878.0
2026-04-30,2535.5,2548.5,2456.0,2515.5,656829.0
2026-05-01,2507.5,2532.5,2506.0,2517.5,25202.0
2026-05-02,2520.0,2539.5,2520.0,2529.0,18454.0
2026-05-03,2535.0,2536.5,2525.0,2531.0,12322.0
2026-05-04,2525.5,2562.0,2495.0,2517.5,241604.0
2026-05-05,2517.0,2583.5,2505.0,2579.0,272381.0
2026-05-06,2585.5,2588.0,2531.0,2534.0,157347.0
2026-05-07,2536.0,2557.5,2500.0,2501.5,217147.0
2026-05-08,2500.0,2543.0,2484.0,2512.0,209292.0
2026-05-11,2531.0,2575.0,2530.5,2572.5,114719.0
2026-05-12,2573.5,2582.5,2540.0,2560.5,200448.0
2026-05-13,2562.5,2570.0,2515.5,2536.0,175627.0
2026-05-14,2540.0,2543.0,2470.0,2470.5,295708.0
2026-05-15,2472.0,2499.5,2414.0,2432.0,457419.0
2026-05-16,2430.0,2435.0,2416.0,2421.0,31696.0
2026-05-17,2421.0,2425.5,2415.0,2416.5,19119.0
