Date,Open,High,Low,Close,Volume
2000-01-05,1.09,1.143,1.0,1.1,16784300.0
2000-01-06,1.128,1.19,1.128,1.19,4595400.0
2000-01-10,1.3,1.394,1.201,1.385,23347300.0
2000-01-11,1.35,1.35,1.27,1.27,14639800.0
2000-01-12,1.275,1.38,1.221,1.361,16152800.0
2000-01-13,1.36,1.52,1.323,1.482,16085100.0
2000-01-14,1.5,1.725,1.5,1.715,19340600.0
2000-01-17,1.65,1.75,1.575,1.577,14468700.0
2000-01-18,1.54,1.66,1.51,1.52,16912300.0
2000-01-19,1.47,1.49,1.382,1.395,12075600.0
2000-01-20,1.439,1.55,1.422,1.537,12934900.0
2000-01-21,1.54,1.65,1.53,1.608,12573900.0
2000-01-24,1.6,1.67,1.495,1.5,17710800.0
2000-01-25,1.424,1.479,1.362,1.43,17143600.0
2000-01-26,1.44,1.45,1.4,1.444,14139900.0
2000-01-27,1.46,1.536,1.451,1.531,9062700.0
2000-01-28,1.51,1.56,1.398,1.428,12217900.0
2000-01-31,1.361,1.4,1.334,1.34,8135500.0
2000-02-01,1.434,1.457,1.355,1.359,11439900.0
2000-02-02,1.38,1.39,1.3,1.32,16636800.0
2000-02-03,1.35,1.419,1.32,1.37,12380000.0
2000-02-04,1.4,1.438,1.385,1.4,14766100.0
2000-02-07,1.42,1.447,1.4,1.413,9549200.0
2000-02-08,1.425,1.527,1.414,1.527,21654800.0
2000-02-09,1.57,1.629,1.541,1.541,29453600.0
2000-02-10,1.528,1.55,1.48,1.535,19067500.0
2000-02-11,1.553,1.578,1.5,1.53,13250400.0
2000-02-14,1.64,1.678,1.512,1.512,12506600.0
2000-02-15,1.5,1.5,1.44,1.44,16729000.0
2000-02-16,1.475,1.531,1.45,1.492,25667600.0
2000-02-17,1.46,1.555,1.46,1.54,13038600.0
2000-02-18,1.515,1.53,1.505,1.511,7819700.0
2000-02-21,1.46,1.5,1.452,1.492,5734200.0
2000-02-22,1.5,1.54,1.5,1.516,10138200.0
2000-02-23,1.538,1.56,1.526,1.54,14470400.0
2000-02-24,1.569,1.595,1.55,1.57,13410300.0
2000-02-25,1.528,1.558,1.472,1.499,12242200.0
2000-02-28,1.498,1.498,1.358,1.375,17243200.0
2000-02-29,1.43,1.455,1.38,1.45,21662400.0
2000-03-01,1.479,1.51,1.46,1.49,10656600.0
2000-03-02,1.5,1.507,1.45,1.487,13466300.0
2000-03-03,1.5,1.57,1.481,1.555,18287900.0
2000-03-06,1.58,1.6,1.546,1.546,19447600.0
2000-03-07,1.52,1.628,1.512,1.606,25293400.0
2000-03-09,1.645,1.75,1.645,1.729,40507000.0
2000-03-10,1.78,1.942,1.74,1.881,39890400.0
2000-03-13,1.8,1.89,1.667,1.728,42481100.0
2000-03-14,1.789,1.865,1.78,1.83,30485700.0
2000-03-15,1.824,1.9,1.75,1.85,46179800.0
2000-03-16,1.897,1.92,1.816,1.86,31651100.0
2000-03-17,1.87,1.89,1.81,1.829,14489900.0
2000-03-20,1.829,1.829,1.78,1.819,8967400.0
2000-03-21,1.786,1.825,1.77,1.802,20913900.0
2000-03-22,1.82,1.887,1.814,1.87,20263900.0
2000-03-23,1.92,2.01,1.902,1.931,45329100.0
2000-03-24,1.998,2.03,1.925,1.97,42006200.0
2000-03-27,2.0,2.037,1.876,1.92,43430500.0
2000-03-28,1.871,1.899,1.814,1.815,21656300.0
2000-03-29,1.82,1.875,1.805,1.869,18857700.0
2000-03-30,1.851,1.863,1.78,1.79,16721400.0
2000-03-31,1.756,1.839,1.755,1.838,8695600.0
2000-04-03,1.84,1.855,1.761,1.765,10426200.0
2000-04-04,1.766,1.82,1.76,1.783,10562500.0
2000-04-05,1.755,1.772,1.637,1.65,13825000.0
2000-04-06,1.65,1.755,1.65,1.74,14610300.0
2000-04-07,1.706,1.75,1.643,1.72,8413000.0
2000-04-10,1.72,1.83,1.708,1.828,10329200.0
2000-04-11,1.8,1.8,1.732,1.76,9052200.0
2000-04-12,1.78,1.82,1.758,1.77,16733200.0
2000-04-13,1.701,1.765,1.701,1.726,5492200.0
2000-04-14,1.745,1.797,1.723,1.735,11137800.0
2000-04-17,1.52,1.63,1.52,1.595,15482500.0
2000-04-18,1.649,1.665,1.556,1.6,13514100.0
2000-04-19,1.645,1.647,1.551,1.56,10786600.0
2000-04-20,1.54,1.604,1.54,1.58,15275900.0
2000-04-21,1.6,1.63,1.59,1.615,14252600.0
2000-04-24,1.545,1.6,1.523,1.55,6301100.0
2000-04-25,1.579,1.627,1.561,1.625,11795900.0
2000-04-26,1.663,1.765,1.656,1.75,17851100.0
2000-04-27,1.73,1.797,1.66,1.69,23290000.0
2000-04-28,1.76,1.81,1.755,1.8,11554900.0
2000-05-03,1.79,1.818,1.76,1.775,9877600.0
2000-05-04,1.755,1.762,1.735,1.749,5480100.0
2000-05-05,1.756,1.79,1.755,1.784,8539300.0
2000-05-06,1.798,1.805,1.78,1.805,3168400.0
2000-05-10,1.82,1.835,1.79,1.79,7393800.0
2000-05-11,1.783,1.786,1.72,1.75,5664600.0
2000-05-12,1.765,1.77,1.682,1.691,7142700.0
2000-05-15,1.7,1.7,1.6,1.61,3908000.0
2000-05-16,1.64,1.659,1.615,1.64,9696300.0
2000-05-17,1.64,1.64,1.462,1.49,13470500.0
2000-05-18,1.44,1.475,1.35,1.455,22476700.0
2000-05-19,1.401,1.401,1.267,1.281,12039800.0
2000-05-22,1.25,1.324,1.205,1.247,12057100.0
2000-05-23,1.201,1.286,1.123,1.17,12399100.0
2000-05-24,1.11,1.194,1.0,1.16,18363700.0
2000-05-25,1.195,1.275,1.195,1.213,11589800.0
2000-05-26,1.173,1.287,1.173,1.26,15228100.0
2000-05-29,1.27,1.34,1.226,1.265,12253100.0
2000-05-30,1.26,1.33,1.245,1.32,9218000.0
2000-05-31,1.37,1.374,1.3,1.33,6263600.0
2000-06-01,1.348,1.383,1.33,1.365,7573600.0
2000-06-02,1.39,1.434,1.35,1.434,13041400.0
2000-06-05,1.43,1.45,1.35,1.355,13817500.0
2000-06-06,1.353,1.365,1.29,1.3,9960300.0
2000-06-07,1.27,1.342,1.255,1.34,14695300.0
2000-06-08,1.35,1.387,1.341,1.345,12133300.0
2000-06-09,1.35,1.39,1.34,1.375,6090700.0
2000-06-13,1.33,1.35,1.308,1.308,4054700.0
2000-06-14,1.27,1.34,1.265,1.28,4792100.0
2000-06-15,1.3,1.309,1.28,1.281,1127800.0
2000-06-16,1.324,1.349,1.281,1.281,2170500.0
2000-06-19,1.295,1.3,1.255,1.26,2294300.0
2000-06-20,1.31,1.315,1.192,1.2,4043900.0
2000-06-21,1.132,1.189,1.132,1.15,5351400.0
2000-06-22,1.19,1.19,1.141,1.159,10883200.0
2000-06-23,1.14,1.159,1.12,1.14,3858500.0
2000-06-26,1.121,1.148,1.121,1.126,2218300.0
2000-06-27,1.13,1.144,1.06,1.06,8871300.0
2000-06-28,1.05,1.095,1.005,1.07,7326000.0
2000-06-29,1.06,1.06,0.99,1.0,11590100.0
2000-06-30,1.0,1.095,1.0,1.095,7697400.0
2000-07-03,1.09,1.124,1.07,1.115,1958200.0
2000-07-04,1.138,1.158,1.122,1.126,2903100.0
2000-07-05,1.12,1.12,1.07,1.07,3624000.0
2000-07-06,1.094,1.163,1.041,1.163,9255500.0
2000-07-07,1.158,1.199,1.151,1.151,12442900.0
2000-07-10,1.169,1.201,1.143,1.146,12325900.0
2000-07-11,1.137,1.16,1.085,1.104,9924400.0
2000-07-12,1.119,1.159,1.098,1.151,4046800.0
2000-07-13,1.16,1.2,1.136,1.136,10868500.0
2000-07-14,1.149,1.149,1.099,1.14,5984700.0
2000-07-17,1.149,1.17,1.14,1.145,5298900.0
2000-07-18,1.147,1.155,1.115,1.135,4951900.0
2000-07-19,1.14,1.145,1.111,1.12,3903300.0
2000-07-20,1.13,1.145,1.103,1.13,1664100.0
2000-07-21,1.136,1.155,1.134,1.139,3332200.0
2000-07-24,1.13,1.134,1.12,1.125,951200.0
2000-07-25,1.127,1.129,1.12,1.12,505000.0
2000-07-26,1.12,1.123,1.085,1.103,5849400.0
2000-07-27,1.1,1.125,1.099,1.125,2434600.0
2000-07-28,1.13,1.14,1.12,1.137,2487000.0
2000-07-31,1.14,1.175,1.135,1.166,2973200.0
2000-08-01,1.19,1.22,1.185,1.215,10817700.0
2000-08-02,1.189,1.231,1.187,1.205,17250400.0
2000-08-03,1.24,1.282,1.225,1.23,14694000.0
2000-08-04,1.26,1.305,1.25,1.292,12946600.0
2000-08-07,1.329,1.348,1.285,1.292,9331300.0
2000-08-08,1.271,1.307,1.254,1.307,6795500.0
2000-08-09,1.29,1.345,1.28,1.33,13999700.0
2000-08-10,1.332,1.35,1.315,1.324,8503400.0
2000-08-11,1.325,1.357,1.325,1.34,9347800.0
2000-08-14,1.38,1.393,1.36,1.373,8563100.0
2000-08-15,1.388,1.393,1.35,1.367,11794200.0
2000-08-16,1.35,1.358,1.29,1.305,18080300.0
2000-08-17,1.302,1.302,1.264,1.28,4932900.0
2000-08-18,1.281,1.293,1.25,1.25,1661500.0
2000-08-21,1.269,1.269,1.238,1.25,4683900.0
2000-08-22,1.26,1.292,1.242,1.29,4858100.0
2000-08-23,1.29,1.301,1.262,1.269,3487400.0
2000-08-24,1.278,1.349,1.27,1.348,12485300.0
2000-08-25,1.4,1.4,1.32,1.339,14595000.0
2000-08-28,1.33,1.342,1.314,1.324,7771300.0
2000-08-29,1.337,1.375,1.337,1.368,23651500.0
2000-08-30,1.353,1.357,1.301,1.302,8106100.0
2000-08-31,1.278,1.32,1.275,1.306,3842400.0
2000-09-01,1.335,1.335,1.286,1.286,9758800.0
2000-09-04,1.289,1.316,1.265,1.305,4345800.0
2000-09-05,1.315,1.352,1.305,1.318,15997100.0
2000-09-06,1.325,1.355,1.324,1.335,7239000.0
2000-09-07,1.33,1.332,1.292,1.294,1815600.0
2000-09-08,1.266,1.298,1.05,1.266,5883500.0
2000-09-11,1.241,1.255,1.212,1.24,5127200.0
2000-09-12,1.225,1.265,1.215,1.22,4470000.0
2000-09-13,1.22,1.234,1.153,1.153,2402000.0
2000-09-14,1.16,1.22,1.125,1.205,9927400.0
2000-09-15,1.212,1.213,1.145,1.15,3287300.0
2000-09-18,1.1,1.11,1.08,1.086,17837100.0
2000-09-19,1.08,1.11,1.02,1.087,22685400.0
2000-09-20,1.115,1.125,1.052,1.06,7264700.0
2000-09-21,1.04,1.079,1.001,1.045,8861500.0
2000-09-22,1.002,1.038,0.947,0.972,10249100.0
2000-09-25,1.02,1.05,1.005,1.04,14028000.0
2000-09-26,1.029,1.04,1.002,1.01,6406300.0
2000-09-27,1.005,1.052,1.0,1.04,5366400.0
2000-09-28,1.047,1.055,1.01,1.022,8418400.0
2000-09-29,1.048,1.048,1.009,1.015,3807900.0
2000-10-02,1.005,1.039,1.0,1.033,3782300.0
2000-10-03,1.02,1.099,1.02,1.088,13556600.0
2000-10-04,1.074,1.08,1.0,1.007,10932900.0
2000-10-05,1.019,1.035,0.98,0.996,9814700.0
2000-10-06,0.99,1.008,0.975,0.982,4554400.0
2000-10-09,0.99,0.997,0.954,0.982,5271000.0
2000-10-10,0.994,1.005,0.963,0.979,17566300.0
2000-10-11,0.97,0.97,0.89,0.915,11812400.0
2000-10-12,0.9,0.9,0.837,0.858,21897800.0
2000-10-13,0.835,0.84,0.8,0.837,12060600.0
2000-10-16,0.865,0.89,0.855,0.888,14254800.0
2000-10-17,0.883,0.89,0.835,0.87,18463700.0
2000-10-18,0.841,0.865,0.777,0.8,11947600.0
2000-10-19,0.809,0.864,0.809,0.85,9198600.0
2000-10-20,0.879,0.892,0.86,0.86,16106600.0
2000-10-23,0.889,0.899,0.837,0.843,14088400.0
2000-10-24,0.84,0.87,0.83,0.867,10098500.0
2000-10-25,0.861,0.898,0.83,0.87,24851000.0
2000-10-26,0.851,0.887,0.849,0.87,9870800.0
2000-10-27,0.875,0.905,0.875,0.9,9780600.0
2000-10-30,0.916,0.921,0.886,0.9,11727300.0
2000-10-31,0.908,0.924,0.884,0.891,8662200.0
2000-11-01,0.919,0.93,0.905,0.908,10552800.0
2000-11-02,0.918,0.924,0.903,0.92,7256700.0
2000-11-03,0.92,0.948,0.92,0.922,18316600.0
2000-11-04,0.928,0.935,0.921,0.935,2482100.0
2000-11-08,0.932,0.933,0.888,0.905,5483100.0
2000-11-09,0.89,0.895,0.842,0.846,9830400.0
2000-11-10,0.859,0.875,0.84,0.848,3117800.0
2000-11-13,0.835,0.84,0.815,0.825,6798300.0
2000-11-14,0.84,0.86,0.834,0.852,4265000.0
2000-11-15,0.865,0.868,0.827,0.827,5345100.0
2000-11-16,0.83,0.84,0.812,0.829,2595900.0
2000-11-17,0.83,0.851,0.825,0.836,5295400.0
2000-11-20,0.84,0.843,0.795,0.8,11497400.0
2000-11-21,0.79,0.803,0.781,0.785,7661400.0
2000-11-22,0.782,0.782,0.7,0.735,19132800.0
2000-11-23,0.72,0.754,0.688,0.715,14282600.0
2000-11-24,0.727,0.743,0.723,0.735,6080300.0
2000-11-27,0.763,0.77,0.747,0.761,6298000.0
2000-11-28,0.76,0.76,0.716,0.727,7657100.0
2000-11-29,0.7,0.717,0.686,0.71,9962600.0
2000-11-30,0.7,0.7,0.645,0.648,20541300.0
2000-12-01,0.65,0.69,0.612,0.669,17133200.0
2000-12-04,0.67,0.698,0.647,0.66,25115300.0
2000-12-05,0.686,0.726,0.673,0.723,36593600.0
2000-12-06,0.749,0.775,0.716,0.727,36630700.0
2000-12-07,0.701,0.731,0.69,0.697,35595400.0
2000-12-08,0.71,0.785,0.704,0.771,22810400.0
2000-12-09,0.75,0.755,0.735,0.752,4700000.0
2000-12-13,0.761,0.79,0.743,0.77,12427500.0
2000-12-14,0.76,0.76,0.716,0.724,8170100.0
2000-12-15,0.686,0.694,0.642,0.66,18216600.0
2000-12-18,0.677,0.71,0.665,0.71,16464800.0
2000-12-19,0.693,0.708,0.677,0.69,13864300.0
2000-12-20,0.669,0.68,0.628,0.638,13607400.0
2000-12-21,0.605,0.65,0.592,0.648,26245100.0
2000-12-22,0.659,0.69,0.653,0.689,10616600.0
2000-12-25,0.718,0.718,0.681,0.69,5338600.0
2000-12-26,0.69,0.708,0.681,0.697,2475300.0
2000-12-27,0.685,0.7,0.67,0.676,13367500.0
2000-12-28,0.697,0.698,0.675,0.691,6617700.0
2001-01-03,0.678,0.678,0.621,0.63,4467400.0
2001-01-04,0.692,0.697,0.68,0.681,4705300.0
2001-01-05,0.675,0.721,0.675,0.688,23530600.0
2001-01-09,0.685,0.706,0.659,0.671,15834300.0
2001-01-10,0.696,0.722,0.686,0.708,20775600.0
2001-01-11,0.72,0.755,0.706,0.74,17658900.0
2001-01-12,0.754,0.765,0.737,0.74,14950100.0
2001-01-15,0.724,0.784,0.722,0.78,17881700.0
2001-01-16,0.788,0.791,0.761,0.767,12362300.0
2001-01-17,0.776,0.795,0.77,0.783,8696700.0
2001-01-18,0.819,0.825,0.787,0.79,16744600.0
2001-01-19,0.82,0.858,0.812,0.825,33150600.0
2001-01-22,0.823,0.823,0.795,0.804,2883700.0
2001-01-23,0.801,0.833,0.787,0.825,14058400.0
2001-01-24,0.845,0.883,0.845,0.875,23945400.0
2001-01-25,0.88,0.937,0.875,0.928,25142200.0
2001-01-26,0.91,0.963,0.902,0.954,30061700.0
2001-01-29,0.95,0.969,0.915,0.945,21274400.0
2001-01-30,0.951,0.982,0.928,0.978,21470200.0
2001-01-31,0.979,0.984,0.959,0.97,8819200.0
2001-02-01,0.965,0.97,0.945,0.956,24248000.0
2001-02-02,0.963,0.975,0.95,0.975,24658900.0
2001-02-05,0.933,0.951,0.929,0.94,9752500.0
2001-02-06,0.945,1.0,0.945,0.997,25842900.0
2001-02-07,0.975,1.002,0.96,0.98,12633800.0
2001-02-08,0.962,1.016,0.955,0.999,19959500.0
2001-02-09,0.987,1.005,0.981,0.987,10609500.0
2001-02-12,0.98,1.007,0.97,0.99,7485300.0
2001-02-13,1.015,1.044,1.007,1.044,27228700.0
2001-02-14,1.03,1.066,1.022,1.062,28797800.0
2001-02-15,1.064,1.142,1.064,1.136,35001600.0
2001-02-16,1.125,1.145,1.072,1.09,26825200.0
2001-02-19,1.09,1.118,1.025,1.03,23742000.0
2001-02-20,1.04,1.064,1.011,1.022,37791700.0
2001-02-21,0.993,1.01,0.897,0.94,44490600.0
2001-02-22,0.902,1.021,0.9,0.98,44230100.0
2001-02-23,1.002,1.012,0.94,0.946,14876700.0
2001-02-26,0.98,1.003,0.973,0.994,13816700.0
2001-02-27,1.005,1.012,0.95,0.956,5307400.0
2001-02-28,0.962,0.986,0.937,0.986,10572400.0
2001-03-01,0.947,0.975,0.945,0.963,12878800.0
2001-03-02,0.967,0.998,0.966,0.988,10240000.0
2001-03-05,0.999,1.03,0.987,1.029,19999800.0
2001-03-06,1.044,1.12,1.023,1.1,39673600.0
2001-03-07,1.09,1.16,1.055,1.16,23856100.0
2001-03-11,1.095,1.153,1.095,1.143,16150900.0
2001-03-12,1.12,1.152,1.12,1.129,42066300.0
2001-03-13,1.09,1.142,1.08,1.132,30330800.0
2001-03-14,1.155,1.155,1.037,1.06,25375300.0
2001-03-15,1.08,1.118,1.057,1.11,13130400.0
2001-03-16,1.1,1.119,1.08,1.095,10738200.0
2001-03-19,1.115,1.12,1.097,1.118,9671300.0
2001-03-20,1.118,1.128,1.076,1.077,12129100.0
2001-03-21,1.072,1.082,1.012,1.012,22432600.0
2001-03-22,1.005,1.016,0.955,0.979,27327000.0
2001-03-23,0.999,0.999,0.949,0.955,25432200.0
2001-03-26,0.975,0.98,0.955,0.959,9913000.0
2001-03-27,0.959,0.968,0.946,0.958,8737200.0
2001-03-28,0.971,0.971,0.943,0.949,8050200.0
2001-03-29,0.93,0.943,0.922,0.935,6305800.0
2001-03-30,0.93,0.983,0.925,0.972,12793700.0
2001-04-02,0.985,0.985,0.936,0.945,14225800.0
2001-04-03,0.93,0.93,0.88,0.888,23977200.0
2001-04-04,0.835,0.879,0.823,0.879,22435200.0
2001-04-05,0.89,0.919,0.88,0.918,24185000.0
2001-04-06,0.949,0.95,0.875,0.892,16646100.0
2001-04-09,0.87,0.904,0.87,0.903,4115400.0
2001-04-10,0.9,0.925,0.893,0.92,8134500.0
2001-04-11,0.935,0.942,0.91,0.925,11342600.0
2001-04-12,0.937,0.948,0.91,0.913,8254100.0
2001-04-13,0.931,0.931,0.915,0.915,3923300.0
2001-04-16,0.915,0.926,0.907,0.916,3195100.0
2001-04-17,0.895,0.905,0.885,0.905,7398300.0
2001-04-18,0.916,0.95,0.915,0.948,20261400.0
2001-04-19,0.984,0.984,0.931,0.931,30433000.0
2001-04-20,0.95,0.95,0.887,0.887,17774500.0
2001-04-23,0.865,0.885,0.865,0.865,6469100.0
2001-04-24,0.881,0.911,0.865,0.88,12611300.0
2001-04-25,0.875,0.886,0.86,0.885,3741600.0
2001-04-26,0.898,0.919,0.885,0.905,7372500.0
2001-04-27,0.915,0.965,0.915,0.954,24412700.0
2001-04-28,0.945,0.965,0.938,0.947,10186100.0
2001-05-03,0.965,0.975,0.943,0.945,11431600.0
2001-05-04,0.935,0.949,0.93,0.939,10125500.0
2001-05-07,0.96,0.963,0.94,0.96,21643700.0
2001-05-08,0.962,1.015,0.957,1.0,43130100.0
2001-05-10,1.001,1.026,0.996,1.016,34342800.0
2001-05-11,1.015,1.015,0.983,0.992,25632100.0
2001-05-14,0.97,1.008,0.964,1.005,19573800.0
2001-05-15,1.01,1.019,0.995,0.997,26832300.0
2001-05-16,0.99,1.007,0.985,0.997,30068800.0
2001-05-17,1.024,1.056,1.018,1.046,52715400.0
2001-05-18,1.031,1.09,1.026,1.09,47884700.0
2001-05-21,1.09,1.218,1.09,1.211,140010300.0
2001-05-22,1.235,1.282,1.197,1.197,119490300.0
2001-05-23,1.181,1.245,1.177,1.227,70470700.0
2001-05-24,1.205,1.237,1.182,1.192,51555700.0
2001-05-25,1.205,1.218,1.156,1.168,34509900.0
2001-05-28,1.15,1.205,1.15,1.2,19998800.0
2001-05-29,1.216,1.216,1.171,1.178,40649900.0
2001-05-30,1.161,1.225,1.16,1.193,66339200.0
2001-05-31,1.17,1.215,1.17,1.196,40783700.0
2001-06-01,1.191,1.232,1.176,1.226,53627100.0
2001-06-04,1.24,1.262,1.23,1.239,49778200.0
2001-06-05,1.24,1.246,1.185,1.19,43657200.0
2001-06-06,1.21,1.22,1.15,1.201,110813300.0
2001-06-07,1.187,1.226,1.181,1.194,31087500.0
2001-06-08,1.22,1.233,1.191,1.191,42095200.0
2001-06-09,1.19,1.21,1.19,1.206,4401000.0
2001-06-13,1.199,1.199,1.162,1.173,28987100.0
2001-06-14,1.165,1.165,1.121,1.13,40410400.0
2001-06-15,1.121,1.162,1.115,1.146,37915300.0
2001-06-18,1.16,1.18,1.156,1.17,27071500.0
2001-06-19,1.179,1.188,1.172,1.185,25271800.0
2001-06-20,1.185,1.189,1.159,1.167,16789000.0
2001-06-21,1.18,1.185,1.166,1.167,17234600.0
2001-06-22,1.178,1.197,1.166,1.181,38385300.0
2001-06-25,1.182,1.194,1.168,1.176,17158500.0
2001-06-26,1.175,1.179,1.13,1.147,36686600.0
2001-06-27,1.149,1.155,1.139,1.145,7097900.0
2001-06-28,1.132,1.158,1.115,1.145,44818100.0
2001-06-29,1.154,1.158,1.13,1.136,12162500.0
2001-07-02,1.14,1.152,1.13,1.132,9848100.0
2001-07-03,1.145,1.145,1.13,1.132,4271500.0
2001-07-04,1.13,1.186,1.115,1.186,59326000.0
2001-07-05,1.184,1.209,1.158,1.183,52018000.0
2001-07-06,1.17,1.173,1.136,1.139,16476500.0
2001-07-09,1.14,1.152,1.1,1.11,30867100.0
2001-07-10,1.12,1.128,1.092,1.095,27415600.0
2001-07-11,1.061,1.073,1.022,1.035,37762800.0
2001-07-12,1.058,1.06,0.986,0.995,42655500.0
2001-07-13,0.995,1.005,0.936,0.937,64042500.0
2001-07-16,0.947,0.965,0.927,0.946,24456000.0
2001-07-17,0.94,0.964,0.889,0.891,39404000.0
2001-07-18,0.899,0.912,0.889,0.9,20250300.0
2001-07-19,0.89,0.94,0.89,0.939,24924800.0
2001-07-20,0.928,0.946,0.915,0.92,20422400.0
2001-07-23,0.934,0.962,0.925,0.948,29082200.0
2001-07-24,0.948,0.976,0.945,0.954,28433400.0
2001-07-25,0.95,0.987,0.945,0.958,41233400.0
2001-07-26,0.969,0.99,0.969,0.983,32755900.0
2001-07-27,0.988,0.995,0.944,0.946,25318100.0
2001-07-30,0.95,0.957,0.931,0.947,23347500.0
2001-07-31,0.943,0.947,0.921,0.924,12684200.0
2001-08-01,0.939,0.941,0.906,0.922,14174400.0
2001-08-02,0.933,0.938,0.924,0.926,10832500.0
2001-08-03,0.925,0.933,0.888,0.89,38446400.0
2001-08-06,0.9,0.903,0.869,0.87,21597800.0
2001-08-07,0.87,0.872,0.844,0.862,22329200.0
2001-08-08,0.864,0.878,0.854,0.878,15067600.0
2001-08-09,0.868,0.889,0.858,0.885,11237100.0
2001-08-10,0.89,0.943,0.885,0.92,59136400.0
2001-08-13,0.925,0.936,0.916,0.93,13425100.0
2001-08-14,0.932,0.94,0.928,0.94,17477500.0
2001-08-15,0.932,0.935,0.908,0.92,11960800.0
2001-08-16,0.905,0.92,0.895,0.905,14676800.0
2001-08-17,0.907,0.925,0.895,0.899,23493100.0
2001-08-20,0.89,0.914,0.87,0.909,25597500.0
2001-08-21,0.919,0.929,0.912,0.929,20389400.0
2001-08-22,0.923,0.977,0.921,0.969,36198100.0
2001-08-23,0.97,1.019,0.969,1.014,64454800.0
2001-08-24,1.012,1.035,0.995,1.0,66495900.0
2001-08-27,1.022,1.057,1.01,1.048,100458100.0
2001-08-28,1.05,1.083,1.044,1.083,77818600.0
2001-08-29,1.062,1.075,1.029,1.043,82852800.0
2001-08-30,1.031,1.04,1.0,1.014,47299600.0
2001-08-31,0.986,1.014,0.98,1.01,46774300.0
2001-09-03,1.015,1.023,1.006,1.015,30515200.0
2001-09-04,1.027,1.043,1.024,1.034,43849600.0
2001-09-05,1.025,1.031,0.993,1.015,60689800.0
2001-09-06,1.035,1.038,1.003,1.003,48759100.0
2001-09-07,0.996,1.014,0.987,0.99,35602100.0
2001-09-10,0.982,0.996,0.954,0.966,43488900.0
2001-09-11,0.973,0.976,0.939,0.95,41136500.0
2001-09-12,0.901,0.918,0.87,0.892,89173000.0
2001-09-13,0.91,0.91,0.889,0.896,25142900.0
2001-09-14,0.882,0.886,0.839,0.85,53233300.0
2001-09-17,0.835,0.854,0.811,0.843,49070000.0
2001-09-18,0.84,0.87,0.833,0.868,47808100.0
2001-09-19,0.862,0.93,0.862,0.928,105664100.0
2001-09-20,0.913,0.913,0.88,0.885,68882600.0
2001-09-21,0.86,0.872,0.826,0.841,48441500.0
2001-09-24,0.864,0.88,0.853,0.879,47512600.0
2001-09-25,0.877,0.885,0.851,0.877,51755300.0
2001-09-26,0.876,0.914,0.865,0.887,55899900.0
2001-09-27,0.886,0.903,0.878,0.883,31206900.0
2001-09-28,0.894,0.933,0.894,0.93,55543200.0
2001-10-01,0.94,0.949,0.915,0.92,34590900.0
2001-10-02,0.925,0.93,0.895,0.907,23422200.0
2001-10-03,0.905,0.905,0.866,0.872,41923200.0
2001-10-04,0.9,0.919,0.89,0.91,51014200.0
2001-10-05,0.901,0.916,0.894,0.909,21597600.0
2001-10-08,0.891,0.905,0.88,0.901,24769800.0
2001-10-09,0.909,0.916,0.905,0.91,37036300.0
2001-10-10,0.91,0.927,0.909,0.922,45922900.0
2001-10-11,0.939,0.94,0.92,0.937,77339500.0
2001-10-12,0.945,0.945,0.905,0.909,40456400.0
2001-10-15,0.893,0.903,0.89,0.893,15968400.0
2001-10-16,0.901,0.918,0.9,0.915,23898000.0
2001-10-17,0.925,0.941,0.922,0.937,68164500.0
2001-10-18,0.914,0.92,0.91,0.916,28854000.0
2001-10-19,0.915,0.925,0.906,0.925,23310800.0
2001-10-22,0.93,0.935,0.923,0.934,27037300.0
2001-10-23,0.942,0.96,0.928,0.956,44617400.0
2001-10-24,0.946,0.976,0.942,0.943,52018400.0
2001-10-25,0.951,0.961,0.91,0.914,48420100.0
2001-10-26,0.931,0.934,0.916,0.928,29265900.0
2001-10-29,0.93,0.935,0.918,0.931,20977000.0
2001-10-30,0.914,0.954,0.913,0.954,63280300.0
2001-10-31,0.941,0.96,0.94,0.943,46402300.0
2001-11-01,0.943,0.963,0.935,0.957,62116900.0
2001-11-02,0.959,0.968,0.946,0.963,75081100.0
2001-11-05,0.974,1.055,0.966,1.055,144835200.0
2001-11-06,1.058,1.085,1.035,1.045,91352300.0
2001-11-08,1.06,1.109,1.059,1.108,119550000.0
2001-11-09,1.086,1.132,1.086,1.114,69169100.0
2001-11-12,1.122,1.195,1.068,1.078,140698900.0
2001-11-13,1.114,1.171,1.092,1.166,110267300.0
2001-11-14,1.19,1.217,1.111,1.115,92238200.0
2001-11-15,1.081,1.096,1.028,1.048,88248500.0
2001-11-16,1.03,1.07,1.02,1.048,35217900.0
2001-11-19,1.052,1.093,1.052,1.09,36400100.0
2001-11-20,1.118,1.119,1.085,1.09,71440100.0
2001-11-21,1.099,1.107,1.041,1.05,74404300.0
2001-11-22,1.047,1.102,1.047,1.101,75590500.0
2001-11-23,1.125,1.14,1.053,1.087,80270500.0
2001-11-26,1.111,1.125,1.08,1.1,70228700.0
2001-11-27,1.114,1.118,1.083,1.085,59219000.0
2001-11-28,1.08,1.085,1.061,1.07,26163700.0
2001-11-29,1.057,1.076,1.049,1.07,18367200.0
2001-11-30,1.106,1.106,1.05,1.056,65032000.0
2001-12-03,1.063,1.067,1.045,1.057,30621000.0
2001-12-04,1.069,1.139,1.064,1.121,115333800.0
2001-12-05,1.135,1.149,1.115,1.13,97448900.0
2001-12-06,1.145,1.174,1.135,1.141,124089600.0
2001-12-07,1.134,1.138,1.105,1.131,63529100.0
2001-12-10,1.125,1.166,1.125,1.16,50765300.0
2001-12-11,1.154,1.199,1.152,1.189,96566800.0
2001-12-13,1.182,1.193,1.1,1.1,108086900.0
2001-12-14,1.104,1.125,1.09,1.117,66522200.0
2001-12-17,1.125,1.15,1.117,1.15,53274500.0
2001-12-18,1.15,1.182,1.143,1.165,81077800.0
2001-12-19,1.17,1.183,1.157,1.167,88266700.0
2001-12-20,1.165,1.205,1.165,1.175,106782600.0
2001-12-21,1.155,1.194,1.155,1.187,76159800.0
2001-12-24,1.19,1.266,1.181,1.237,179850400.0
2001-12-25,1.248,1.25,1.21,1.22,71479800.0
2001-12-26,1.232,1.251,1.218,1.245,49058100.0
2001-12-27,1.252,1.265,1.242,1.248,58299900.0
2001-12-28,1.254,1.261,1.24,1.247,43209300.0
2001-12-29,1.243,1.251,1.24,1.245,15660000.0
2002-01-03,1.254,1.36,1.25,1.36,127497700.0
2002-01-04,1.37,1.441,1.35,1.43,148821600.0
2002-01-08,1.445,1.479,1.412,1.448,114335400.0
2002-01-09,1.431,1.468,1.413,1.438,103432100.0
2002-01-10,1.42,1.435,1.37,1.378,77446700.0
2002-01-11,1.374,1.389,1.36,1.381,74898700.0
2002-01-14,1.359,1.364,1.304,1.309,55927400.0
2002-01-15,1.281,1.377,1.277,1.377,102197600.0
2002-01-16,1.361,1.43,1.345,1.369,138777000.0
2002-01-17,1.36,1.435,1.36,1.43,115562500.0
2002-01-18,1.435,1.447,1.398,1.401,75759700.0
2002-01-21,1.4,1.429,1.397,1.419,41364000.0
2002-01-22,1.418,1.493,1.415,1.49,129567900.0
2002-01-23,1.479,1.508,1.43,1.446,121129600.0
2002-01-24,1.44,1.461,1.38,1.398,98077700.0
2002-01-25,1.41,1.414,1.359,1.36,78827000.0
2002-01-28,1.365,1.398,1.319,1.34,122580300.0
2002-01-29,1.35,1.396,1.338,1.38,134361500.0
2002-01-30,1.351,1.353,1.291,1.314,98471800.0
2002-01-31,1.33,1.371,1.325,1.344,65779100.0
2002-02-01,1.364,1.381,1.327,1.34,72257100.0
2002-02-04,1.34,1.34,1.307,1.31,37670900.0
2002-02-05,1.29,1.306,1.278,1.279,67673200.0
2002-02-06,1.292,1.318,1.29,1.306,87558400.0
2002-02-07,1.291,1.343,1.291,1.32,118489800.0
2002-02-08,1.325,1.333,1.292,1.303,65573100.0
2002-02-11,1.315,1.325,1.267,1.268,63950300.0
2002-02-12,1.299,1.303,1.258,1.261,79612900.0
2002-02-13,1.269,1.271,1.245,1.26,58557900.0
2002-02-14,1.243,1.255,1.22,1.235,49140400.0
2002-02-15,1.242,1.249,1.208,1.209,53363400.0
2002-02-18,1.202,1.217,1.187,1.21,45386700.0
2002-02-19,1.202,1.23,1.184,1.186,51644100.0
2002-02-20,1.167,1.182,1.145,1.177,84175300.0
2002-02-21,1.186,1.195,1.175,1.188,53251300.0
2002-02-22,1.182,1.234,1.176,1.228,79626600.0
2002-02-26,1.24,1.26,1.221,1.225,81896600.0
2002-02-27,1.233,1.238,1.196,1.218,50219900.0
2002-02-28,1.215,1.232,1.195,1.223,66048600.0
2002-03-01,1.225,1.289,1.222,1.286,90974100.0
2002-03-04,1.309,1.345,1.307,1.32,118013100.0
2002-03-05,1.33,1.335,1.302,1.312,60720700.0
2002-03-06,1.31,1.323,1.293,1.318,50798800.0
2002-03-07,1.327,1.372,1.326,1.36,84308800.0
2002-03-11,1.349,1.36,1.276,1.276,82577500.0
2002-03-12,1.285,1.286,1.24,1.252,59455200.0
2002-03-13,1.268,1.283,1.252,1.253,72790200.0
2002-03-14,1.26,1.296,1.258,1.278,61897200.0
2002-03-15,1.286,1.313,1.276,1.29,82741000.0
2002-03-18,1.31,1.333,1.298,1.322,87174500.0
2002-03-19,1.325,1.408,1.316,1.38,262939300.0
2002-03-20,1.387,1.398,1.34,1.345,126994900.0
2002-03-21,1.336,1.374,1.322,1.353,93898100.0
2002-03-22,1.373,1.378,1.339,1.35,55041000.0
2002-03-25,1.35,1.361,1.28,1.285,101446400.0
2002-03-26,1.29,1.297,1.263,1.291,92208700.0
2002-03-27,1.302,1.318,1.281,1.298,58889100.0
2002-03-28,1.298,1.334,1.292,1.331,80993100.0
2002-03-29,1.336,1.35,1.32,1.329,72188000.0
2002-04-01,1.315,1.336,1.308,1.325,32942400.0
2002-04-02,1.33,1.337,1.277,1.28,101638800.0
2002-04-03,1.293,1.303,1.275,1.291,87474100.0
2002-04-04,1.278,1.332,1.278,1.311,100437000.0
2002-04-05,1.32,1.34,1.315,1.316,62829900.0
2002-04-08,1.317,1.345,1.309,1.327,72801100.0
2002-04-09,1.348,1.385,1.348,1.377,188478000.0
2002-04-10,1.368,1.393,1.366,1.389,107891100.0
2002-04-11,1.398,1.43,1.38,1.397,172756700.0
2002-04-12,1.386,1.406,1.355,1.36,83022900.0
2002-04-15,1.365,1.392,1.352,1.368,103639700.0
2002-04-16,1.385,1.397,1.361,1.365,63195000.0
2002-04-17,1.38,1.391,1.376,1.388,57701800.0
2002-04-18,1.393,1.414,1.385,1.395,106011500.0
2002-04-19,1.386,1.4,1.372,1.386,65369600.0
2002-04-22,1.381,1.384,1.346,1.347,35684100.0
2002-04-23,1.332,1.359,1.331,1.35,60860400.0
2002-04-24,1.35,1.353,1.33,1.345,45560800.0
2002-04-25,1.342,1.362,1.322,1.325,54025900.0
2002-04-26,1.339,1.357,1.323,1.35,61362700.0
2002-04-27,1.344,1.368,1.34,1.368,21495200.0
2002-04-29,1.371,1.403,1.367,1.385,124055400.0
2002-04-30,1.382,1.385,1.299,1.308,126868600.0
2002-05-06,1.318,1.318,1.287,1.3,35390500.0
2002-05-07,1.285,1.292,1.232,1.235,62974800.0
2002-05-08,1.25,1.274,1.239,1.263,64741000.0
2002-05-13,1.218,1.238,1.188,1.235,71053500.0
2002-05-14,1.25,1.282,1.245,1.271,71976500.0
2002-05-15,1.29,1.315,1.275,1.284,98336900.0
2002-05-16,1.284,1.31,1.267,1.29,68517100.0
2002-05-17,1.308,1.345,1.303,1.333,120704600.0
2002-05-18,1.339,1.357,1.33,1.354,41120700.0
2002-05-20,1.343,1.362,1.331,1.334,89463800.0
2002-05-21,1.32,1.333,1.309,1.315,58477600.0
2002-05-22,1.307,1.312,1.286,1.292,55272400.0
2002-05-23,1.301,1.331,1.298,1.305,66943500.0
2002-05-24,1.307,1.32,1.264,1.284,58176000.0
2002-05-27,1.29,1.3,1.274,1.287,44574400.0
2002-05-28,1.287,1.298,1.227,1.23,79313500.0
2002-05-29,1.232,1.235,1.15,1.17,88356600.0
2002-05-30,1.16,1.186,1.1,1.117,99741900.0
2002-05-31,1.125,1.148,1.073,1.145,87649500.0
2002-06-03,1.155,1.174,1.136,1.138,44609200.0
2002-06-04,1.123,1.135,1.094,1.125,80006700.0
2002-06-05,1.134,1.153,1.115,1.121,44680100.0
2002-06-06,1.127,1.154,1.115,1.143,45318600.0
2002-06-07,1.139,1.169,1.091,1.168,82466100.0
2002-06-10,1.158,1.182,1.155,1.168,43743700.0
2002-06-11,1.174,1.202,1.158,1.196,71620200.0
2002-06-13,1.199,1.214,1.173,1.184,73053700.0
2002-06-14,1.185,1.185,1.135,1.152,54094400.0
2002-06-17,1.163,1.167,1.127,1.136,31214700.0
2002-06-18,1.152,1.152,1.08,1.105,41464000.0
2002-06-19,1.099,1.099,1.058,1.061,50097400.0
2002-06-20,1.06,1.085,1.003,1.003,65400200.0
2002-06-21,0.998,1.053,0.967,1.039,76439000.0
2002-06-24,1.035,1.059,0.983,0.992,52838200.0
2002-06-25,1.02,1.041,0.993,1.013,43472600.0
2002-06-26,0.98,0.981,0.945,0.967,60378500.0
2002-06-27,0.998,1.013,0.973,1.001,65253800.0
2002-06-28,1.015,1.021,0.964,0.965,60669500.0
2002-07-01,0.975,0.99,0.952,0.987,32997600.0
2002-07-02,0.974,0.975,0.928,0.93,62991000.0
2002-07-03,0.928,0.944,0.89,0.926,67541300.0
2002-07-04,0.936,0.948,0.92,0.938,56785500.0
2002-07-05,0.943,0.983,0.936,0.983,72646500.0
2002-07-08,0.975,0.975,0.954,0.965,33328200.0
2002-07-09,0.961,0.98,0.956,0.98,88458300.0
2002-07-10,0.965,1.012,0.964,1.001,114654000.0
2002-07-11,0.988,0.999,0.971,0.978,75434100.0
2002-07-12,1.0,1.015,0.989,0.991,53840600.0
2002-07-15,0.989,0.996,0.968,0.971,31931300.0
2002-07-16,0.978,0.986,0.952,0.963,58155100.0
2002-07-17,0.955,1.025,0.955,1.021,97935600.0
2002-07-18,1.02,1.034,1.004,1.012,57102000.0
2002-07-19,1.002,1.011,0.976,0.981,52366500.0
2002-07-22,0.96,0.96,0.936,0.952,49375600.0
2002-07-23,0.94,0.962,0.94,0.95,37651600.0
2002-07-24,0.934,0.936,0.881,0.909,79686400.0
2002-07-25,0.925,0.943,0.85,0.855,89345400.0
2002-07-26,0.851,0.872,0.822,0.855,48317400.0
2002-07-29,0.88,0.898,0.86,0.898,45518600.0
2002-07-30,0.915,0.915,0.848,0.853,56341700.0
2002-07-31,0.855,0.872,0.829,0.83,71450200.0
2002-08-01,0.84,0.853,0.825,0.83,38223500.0
2002-08-02,0.833,0.833,0.81,0.815,37208200.0
2002-08-05,0.81,0.81,0.745,0.746,93650400.0
2002-08-06,0.734,0.773,0.712,0.773,95117300.0
2002-08-07,0.78,0.797,0.763,0.765,100306400.0
2002-08-08,0.778,0.81,0.775,0.796,89590900.0
2002-08-09,0.81,0.821,0.785,0.796,54560600.0
2002-08-12,0.798,0.805,0.785,0.791,25742000.0
2002-08-13,0.798,0.81,0.788,0.791,56886900.0
2002-08-14,0.782,0.811,0.779,0.81,79333800.0
2002-08-15,0.825,0.833,0.801,0.805,179424800.0
2002-08-16,0.805,0.82,0.8,0.811,57958600.0
2002-08-19,0.808,0.836,0.808,0.835,61029100.0
2002-08-20,0.841,0.844,0.815,0.817,80684000.0
2002-08-21,0.817,0.836,0.815,0.832,73626800.0
2002-08-22,0.843,0.857,0.834,0.834,89690300.0
2002-08-23,0.837,0.839,0.82,0.822,57582800.0
2002-08-26,0.82,0.835,0.815,0.819,47797300.0
2002-08-27,0.825,0.829,0.814,0.824,78833100.0
2002-08-28,0.818,0.822,0.8,0.804,80914300.0
2002-08-29,0.803,0.805,0.77,0.786,106654900.0
2002-08-30,0.789,0.82,0.785,0.82,72493500.0
2002-09-02,0.815,0.824,0.805,0.81,55641300.0
2002-09-03,0.811,0.825,0.8,0.805,62627700.0
2002-09-04,0.798,0.82,0.793,0.82,43831000.0
2002-09-05,0.819,0.831,0.8,0.802,89752200.0
2002-09-06,0.799,0.846,0.797,0.84,97784600.0
2002-09-09,0.844,0.874,0.837,0.867,110048400.0
2002-09-10,0.879,0.926,0.876,0.924,166579000.0
2002-09-11,0.928,0.98,0.917,0.956,203326000.0
2002-09-12,0.951,0.965,0.918,0.927,153807200.0
2002-09-13,0.918,0.934,0.901,0.931,130183500.0
2002-09-16,0.931,0.947,0.914,0.94,103236500.0
2002-09-17,0.955,0.963,0.924,0.926,110157600.0
2002-09-18,0.92,0.924,0.887,0.892,116485300.0
2002-09-19,0.9,0.911,0.876,0.904,84622000.0
2002-09-20,0.896,0.93,0.89,0.93,97249000.0
2002-09-23,0.924,0.934,0.899,0.9,56127900.0
2002-09-24,0.9,0.954,0.9,0.954,82235700.0
2002-09-25,0.946,0.964,0.941,0.941,109981600.0
2002-09-26,0.949,0.959,0.929,0.929,69839300.0
2002-09-27,0.935,0.938,0.91,0.92,60966500.0
2002-09-30,0.915,0.92,0.897,0.898,50409800.0
2002-10-01,0.903,0.919,0.896,0.905,45440800.0
2002-10-02,0.913,0.929,0.91,0.915,52779100.0
2002-10-03,0.905,0.927,0.904,0.925,48256300.0
2002-10-04,0.921,0.93,0.906,0.916,58359900.0
2002-10-07,0.911,0.926,0.907,0.923,34041300.0
2002-10-08,0.92,0.94,0.92,0.93,54911100.0
2002-10-09,0.927,0.944,0.915,0.92,57407700.0
2002-10-10,0.914,0.924,0.911,0.924,27015500.0
2002-10-11,0.928,0.937,0.917,0.917,37470800.0
2002-10-14,0.941,0.941,0.901,0.902,29590000.0
2002-10-15,0.911,0.926,0.905,0.925,42384700.0
2002-10-16,0.924,0.93,0.916,0.918,41037500.0
2002-10-17,0.923,0.944,0.923,0.94,72470100.0
2002-10-18,0.945,0.951,0.926,0.929,47240900.0
2002-10-21,0.93,0.947,0.92,0.94,54062300.0
2002-10-22,0.938,0.952,0.931,0.936,54745500.0
2002-10-23,0.94,0.948,0.935,0.945,34907700.0
2002-10-24,0.935,0.94,0.924,0.929,48030900.0
2002-10-25,0.927,0.936,0.923,0.933,22146200.0
2002-10-28,0.944,0.972,0.939,0.961,117480900.0
2002-10-29,0.96,0.985,0.947,0.971,121361400.0
2002-10-30,0.977,1.014,0.971,1.008,219762500.0
2002-10-31,1.01,1.041,1.005,1.035,139611600.0
2002-11-01,1.026,1.046,1.017,1.031,101478200.0
2002-11-04,1.037,1.056,1.034,1.054,109784900.0
2002-11-05,1.049,1.05,1.018,1.02,89907000.0
2002-11-06,1.025,1.031,1.017,1.022,59094100.0
2002-11-10,1.018,1.025,0.995,0.998,43202600.0
2002-11-11,0.999,1.02,0.993,1.02,53415600.0
2002-11-12,1.014,1.046,1.014,1.045,85561200.0
2002-11-13,1.045,1.069,1.037,1.066,170518100.0
2002-11-14,1.063,1.079,1.043,1.07,103135100.0
2002-11-15,1.072,1.096,1.066,1.084,89329600.0
2002-11-18,1.085,1.112,1.083,1.085,64385500.0
2002-11-19,1.086,1.086,1.04,1.042,92211800.0
2002-11-20,1.047,1.05,1.032,1.034,24381900.0
2002-11-21,1.048,1.06,1.037,1.06,39741900.0
2002-11-22,1.066,1.069,1.052,1.058,37241300.0
2002-11-25,1.057,1.079,1.057,1.076,34640500.0
2002-11-26,1.075,1.079,1.047,1.047,55784400.0
2002-11-27,1.053,1.062,1.041,1.06,39096400.0
2002-11-28,1.064,1.075,1.058,1.072,35663700.0
2002-11-29,1.07,1.086,1.065,1.081,62738100.0
2002-12-02,1.084,1.099,1.08,1.084,39491100.0
2002-12-03,1.082,1.093,1.057,1.06,48347400.0
2002-12-04,1.06,1.072,1.05,1.061,26773300.0
2002-12-05,1.058,1.077,1.056,1.061,26112100.0
2002-12-06,1.065,1.087,1.059,1.083,43293900.0
2002-12-09,1.085,1.095,1.075,1.094,34883800.0
2002-12-10,1.095,1.095,1.074,1.087,44027500.0
2002-12-11,1.087,1.092,1.051,1.064,43307500.0
2002-12-15,1.059,1.067,1.053,1.067,8222700.0
2002-12-16,1.066,1.071,1.017,1.018,68330500.0
2002-12-17,1.023,1.029,0.999,1.007,67322700.0
2002-12-18,1.007,1.018,0.987,0.991,53443900.0
2002-12-19,0.991,1.023,0.991,1.019,50568200.0
2002-12-20,1.02,1.025,1.006,1.011,23957000.0
2002-12-23,1.018,1.022,0.993,1.002,33688300.0
2002-12-24,1.002,1.015,0.998,1.003,21605500.0
2002-12-25,1.0,1.01,0.985,1.009,26945800.0
2002-12-26,1.007,1.009,0.998,1.009,15542100.0
2002-12-27,1.006,1.015,1.0,1.006,22590300.0
2002-12-30,1.008,1.009,0.995,1.002,20427100.0
2002-12-31,1.004,1.005,0.998,1.002,3130000.0
2003-01-04,1.008,1.019,1.003,1.014,14560700.0
2003-01-05,1.012,1.014,1.004,1.01,18758700.0
2003-01-08,1.009,1.01,0.988,0.991,34958700.0
2003-01-09,0.994,1.044,0.993,1.043,79174100.0
2003-01-10,1.045,1.059,1.032,1.044,101209400.0
2003-01-13,1.048,1.051,1.038,1.041,53639500.0
2003-01-14,1.041,1.051,1.034,1.042,62646000.0
2003-01-15,1.043,1.062,1.035,1.053,87485600.0
2003-01-16,1.048,1.054,1.03,1.03,47245700.0
2003-01-17,1.032,1.035,1.02,1.026,58145900.0
2003-01-20,1.025,1.047,1.02,1.038,48178400.0
2003-01-21,1.038,1.047,0.998,1.005,108577800.0
2003-01-22,1.0,1.01,0.985,1.005,56916000.0
2003-01-23,1.004,1.01,0.976,0.992,53982000.0
2003-01-24,0.994,1.005,0.988,1.0,37191100.0
2003-01-27,0.995,1.0,0.967,0.985,51722700.0
2003-01-28,0.981,1.016,0.98,1.014,67650900.0
2003-01-29,1.011,1.039,1.007,1.023,63782900.0
2003-01-30,1.032,1.102,1.03,1.101,213036900.0
2003-01-31,1.095,1.137,1.085,1.113,150378500.0
2003-02-03,1.115,1.163,1.112,1.146,115822400.0
2003-02-04,1.155,1.196,1.116,1.171,173055800.0
2003-02-05,1.173,1.205,1.161,1.202,107664100.0
2003-02-06,1.2,1.233,1.187,1.2,213586600.0
2003-02-07,1.2,1.209,1.176,1.182,122277400.0
2003-02-10,1.185,1.22,1.185,1.216,93121100.0
2003-02-11,1.221,1.28,1.216,1.279,230896200.0
2003-02-12,1.279,1.291,1.236,1.253,117023800.0
2003-02-13,1.246,1.266,1.221,1.235,61294300.0
2003-02-14,1.236,1.274,1.22,1.265,123512100.0
2003-02-17,1.271,1.282,1.26,1.272,90788000.0
2003-02-18,1.275,1.279,1.25,1.266,57569400.0
2003-02-19,1.263,1.268,1.24,1.255,44873600.0
2003-02-20,1.253,1.277,1.252,1.275,65709900.0
2003-02-21,1.27,1.296,1.265,1.291,70837200.0
2003-02-25,1.288,1.299,1.27,1.272,47112300.0
2003-02-26,1.279,1.284,1.272,1.276,29102500.0
2003-02-27,1.276,1.296,1.26,1.295,71743600.0
2003-02-28,1.3,1.341,1.28,1.341,184544000.0
2003-03-03,1.348,1.427,1.342,1.42,266121600.0
2003-03-04,1.41,1.45,1.403,1.431,205616200.0
2003-03-05,1.415,1.568,1.393,1.561,391541900.0
2003-03-06,1.565,1.742,1.563,1.66,745697600.0
2003-03-07,1.655,1.67,1.533,1.546,265668900.0
2003-03-11,1.538,1.557,1.468,1.485,209090600.0
2003-03-12,1.488,1.588,1.473,1.583,323722200.0
2003-03-13,1.588,1.635,1.534,1.62,652286800.0
2003-03-14,1.643,1.662,1.591,1.615,418914200.0
2003-03-17,1.593,1.593,1.52,1.547,169557700.0
2003-03-18,1.565,1.565,1.521,1.546,157327000.0
2003-03-19,1.549,1.609,1.537,1.565,228150600.0
2003-03-20,1.564,1.597,1.54,1.593,162220900.0
2003-03-21,1.605,1.631,1.59,1.618,228638500.0
2003-03-24,1.62,1.652,1.591,1.638,208474200.0
2003-03-25,1.625,1.662,1.62,1.637,165815100.0
2003-03-26,1.642,1.65,1.604,1.61,140570000.0
2003-03-27,1.606,1.609,1.527,1.53,330362300.0
2003-03-28,1.539,1.562,1.528,1.561,163305500.0
2003-03-31,1.56,1.593,1.543,1.582,252294200.0
2003-04-01,1.587,1.65,1.581,1.625,387500700.0
2003-04-02,1.64,1.652,1.607,1.628,220428200.0
2003-04-03,1.635,1.653,1.619,1.627,168955300.0
2003-04-04,1.631,1.65,1.62,1.641,126225200.0
2003-04-07,1.645,1.658,1.622,1.642,177901300.0
2003-04-08,1.643,1.685,1.628,1.631,357996300.0
2003-04-09,1.629,1.641,1.541,1.543,372797000.0
2003-04-10,1.545,1.56,1.491,1.543,283258300.0
2003-04-11,1.545,1.569,1.52,1.531,204058500.0
2003-04-14,1.52,1.522,1.452,1.472,130830200.0
2003-04-15,1.46,1.529,1.452,1.514,126153800.0
2003-04-16,1.513,1.542,1.453,1.455,168680400.0
2003-04-17,1.455,1.459,1.412,1.443,93869600.0
2003-04-18,1.454,1.51,1.43,1.498,115020900.0
2003-04-21,1.51,1.522,1.486,1.495,98652500.0
2003-04-22,1.49,1.534,1.472,1.53,91083700.0
2003-04-23,1.538,1.59,1.523,1.58,117295100.0
2003-04-24,1.58,1.667,1.561,1.628,262807400.0
2003-04-25,1.633,1.845,1.631,1.84,589059200.0
2003-04-28,1.845,2.02,1.845,1.974,431320700.0
2003-04-29,1.985,2.04,1.88,2.03,189062600.0
2003-04-30,2.049,2.196,2.043,2.15,405335300.0
2003-05-05,2.161,2.222,2.086,2.165,202965400.0
2003-05-06,2.155,2.194,2.115,2.155,170400600.0
2003-05-07,2.133,2.275,2.12,2.26,662051500.0
2003-05-08,2.26,2.269,2.08,2.23,422637300.0
2003-05-12,2.22,2.305,2.172,2.195,182946300.0
2003-05-13,2.18,2.25,2.091,2.12,210256300.0
2003-05-14,2.125,2.136,2.03,2.082,188403700.0
2003-05-15,2.08,2.183,2.074,2.147,300696100.0
2003-05-16,2.16,2.219,2.106,2.16,262735700.0
2003-05-19,2.165,2.203,2.11,2.17,165643300.0
2003-05-20,2.167,2.199,2.129,2.19,152531400.0
2003-05-21,2.195,2.195,2.136,2.145,169589400.0
2003-05-22,2.15,2.245,2.14,2.207,208544800.0
2003-05-23,2.229,2.265,2.16,2.161,79816600.0
2003-05-26,2.154,2.198,2.1,2.127,114759100.0
2003-05-27,2.136,2.15,2.104,2.141,30494000.0
2003-05-28,2.16,2.187,2.111,2.139,65752400.0
2003-05-29,2.148,2.158,1.9,2.1,89178800.0
2003-05-30,2.11,2.14,2.062,2.111,42336700.0
2003-06-02,2.122,2.122,2.031,2.1,60009700.0
2003-06-03,2.102,2.148,2.08,2.121,78900800.0
2003-06-04,2.125,2.145,2.092,2.118,56909300.0
2003-06-05,2.113,2.136,2.092,2.115,22546100.0
2003-06-06,2.113,2.13,2.096,2.12,40031100.0
2003-06-09,2.128,2.39,2.111,2.315,286526600.0
2003-06-10,2.318,2.347,2.126,2.166,310932800.0
2003-06-11,2.154,2.215,2.132,2.154,57451200.0
2003-06-16,2.155,2.235,2.147,2.2,71595800.0
2003-06-17,2.211,2.425,2.2,2.37,511833100.0
2003-06-18,2.353,2.62,2.265,2.27,372136600.0
2003-06-19,2.28,2.35,2.214,2.313,123283900.0
2003-06-20,2.283,2.329,2.244,2.26,82767200.0
2003-06-21,2.277,2.285,2.21,2.26,61969800.0
2003-06-23,2.26,2.287,2.16,2.17,39150400.0
2003-06-24,2.165,2.222,2.15,2.181,44208600.0
2003-06-25,2.185,2.285,2.185,2.257,91492900.0
2003-06-26,2.248,2.259,2.167,2.191,63593200.0
2003-06-27,2.2,2.229,2.175,2.191,34127800.0
2003-06-30,2.19,2.239,2.19,2.221,38374300.0
2003-07-01,2.221,2.255,2.195,2.227,48925300.0
2003-07-02,2.227,2.255,2.21,2.246,67194100.0
2003-07-03,2.22,2.239,2.181,2.209,48322800.0
2003-07-04,2.219,2.23,2.181,2.225,38942200.0
2003-07-07,2.224,2.233,2.196,2.207,27033500.0
2003-07-08,2.21,2.219,2.167,2.184,26096700.0
2003-07-09,2.182,2.188,2.06,2.09,90681500.0
2003-07-10,2.075,2.085,1.955,1.965,93201300.0
2003-07-11,1.966,2.03,1.901,1.96,62981400.0
2003-07-14,1.968,2.093,1.952,2.093,75558600.0
2003-07-15,2.097,2.138,1.995,2.006,108481300.0
2003-07-16,2.019,2.019,1.792,1.8,129006300.0
2003-07-17,1.795,1.847,1.642,1.718,103514800.0
2003-07-18,1.734,1.75,1.68,1.7,74713600.0
2003-07-21,1.717,1.725,1.665,1.699,77991200.0
2003-07-22,1.7,1.8,1.698,1.72,146977400.0
2003-07-23,1.729,1.77,1.69,1.741,106187000.0
2003-07-24,1.755,1.945,1.747,1.94,218364100.0
2003-07-25,1.94,1.995,1.862,1.885,174322900.0
2003-07-28,1.9,1.93,1.861,1.901,64774400.0
2003-07-29,1.911,1.911,1.79,1.81,95126300.0
2003-07-30,1.81,1.889,1.791,1.879,114588800.0
2003-07-31,1.89,1.935,1.849,1.933,113318400.0
2003-08-01,1.94,1.94,1.828,1.853,84197700.0
2003-08-04,1.849,1.887,1.831,1.847,27126300.0
2003-08-05,1.854,1.877,1.849,1.859,23170400.0
2003-08-06,1.85,1.88,1.813,1.879,34846700.0
2003-08-07,1.87,1.895,1.85,1.851,64605200.0
2003-08-08,1.848,1.87,1.828,1.838,47895100.0
2003-08-11,1.84,1.927,1.83,1.925,83316300.0
2003-08-12,1.919,1.975,1.915,1.958,70181300.0
2003-08-13,1.963,2.019,1.941,1.973,115967300.0
2003-08-14,1.98,2.025,1.953,2.016,69334400.0
2003-08-15,2.02,2.146,2.01,2.07,236347600.0
2003-08-18,2.095,2.188,2.071,2.165,154862600.0
2003-08-19,2.171,2.189,2.09,2.172,177522100.0
2003-08-20,2.175,2.175,2.045,2.069,191756700.0
2003-08-21,2.075,2.165,2.061,2.139,125912600.0
2003-08-22,2.141,2.158,2.1,2.15,88024000.0
2003-08-25,2.148,2.163,2.11,2.127,76261600.0
2003-08-26,2.168,2.168,2.062,2.096,77658500.0
2003-08-27,2.097,2.131,2.086,2.112,49449100.0
2003-08-28,2.115,2.141,2.111,2.126,55609400.0
2003-08-29,2.152,2.152,2.107,2.113,69590700.0
2003-09-01,2.127,2.152,2.103,2.137,61913300.0
2003-09-02,2.144,2.209,2.14,2.171,185857600.0
2003-09-03,2.173,2.199,2.102,2.112,132594100.0
2003-09-04,2.1,2.127,2.05,2.093,148718600.0
2003-09-05,2.094,2.132,2.067,2.075,101620100.0
2003-09-08,2.09,2.098,1.982,2.002,135195700.0
2003-09-09,2.009,2.053,1.987,1.991,115513500.0
2003-09-10,1.985,2.059,1.951,2.055,171755500.0
2003-09-11,2.075,2.09,2.028,2.045,208081800.0
2003-09-12,2.047,2.075,2.044,2.059,78174200.0
2003-09-15,2.069,2.085,2.036,2.053,96467800.0
2003-09-16,2.059,2.064,2.016,2.038,61412800.0
2003-09-17,2.04,2.071,2.031,2.054,85026400.0
2003-09-18,2.054,2.085,2.028,2.064,106966500.0
2003-09-19,2.085,2.085,2.019,2.025,73824400.0
2003-09-22,2.028,2.032,1.94,1.941,91445400.0
2003-09-23,1.944,2.07,1.944,2.069,137575700.0
2003-09-24,2.07,2.08,2.044,2.048,98763400.0
2003-09-25,2.045,2.053,2.006,2.014,52834900.0
2003-09-26,2.057,2.057,2.008,2.03,75376200.0
2003-09-29,2.042,2.093,2.023,2.07,97150300.0
2003-09-30,2.079,2.093,2.05,2.071,77598900.0
2003-10-01,2.067,2.129,2.067,2.12,190012300.0
2003-10-02,2.126,2.165,2.115,2.125,158655200.0
2003-10-03,2.12,2.145,2.083,2.13,212655600.0
2003-10-06,2.135,2.189,2.116,2.186,347072400.0
2003-10-07,2.189,2.28,2.18,2.206,442156800.0
2003-10-08,2.21,2.37,2.112,2.36,490097100.0
2003-10-09,2.39,2.39,2.244,2.311,337556500.0
2003-10-10,2.318,2.353,2.254,2.33,179273600.0
2003-10-13,2.335,2.397,2.325,2.373,179054600.0
2003-10-14,2.392,2.427,2.342,2.343,291990800.0
2003-10-15,2.355,2.382,2.31,2.331,100515700.0
2003-10-16,2.34,2.38,2.325,2.372,94727300.0
2003-10-17,2.38,2.385,2.335,2.361,101179400.0
2003-10-20,2.361,2.465,2.355,2.409,262171700.0
2003-10-21,2.41,2.428,2.26,2.284,183908900.0
2003-10-22,2.28,2.29,2.155,2.172,227610900.0
2003-10-23,2.151,2.209,2.13,2.17,81568300.0
2003-10-24,2.185,2.226,2.175,2.209,57627500.0
2003-10-27,2.05,2.095,1.82,2.09,241791000.0
2003-10-28,2.085,2.18,2.031,2.125,166746000.0
2003-10-29,2.13,2.14,2.027,2.132,171957800.0
2003-10-30,2.13,2.139,1.933,1.933,167225100.0
2003-10-31,1.983,2.053,1.96,2.034,100723500.0
2003-11-03,2.069,2.167,2.062,2.16,115103400.0
2003-11-04,2.16,2.179,2.107,2.13,85493400.0
2003-11-05,2.13,2.13,2.045,2.058,76699600.0
2003-11-06,2.069,2.087,2.04,2.074,44606300.0
2003-11-10,2.085,2.124,2.076,2.089,60090000.0
2003-11-11,2.05,2.098,2.011,2.02,64437900.0
2003-11-12,2.044,2.044,1.915,1.941,111621200.0
2003-11-13,1.966,1.984,1.92,1.934,50385100.0
2003-11-14,1.927,1.98,1.927,1.942,44550600.0
2003-11-17,1.94,1.94,1.84,1.848,68112700.0
2003-11-18,1.838,1.86,1.748,1.76,107160500.0
2003-11-19,1.721,1.76,1.692,1.701,114614500.0
2003-11-20,1.81,1.881,1.804,1.871,224466400.0
2003-11-21,1.87,1.953,1.845,1.93,179288000.0
2003-11-24,1.933,1.968,1.902,1.929,110737100.0
2003-11-25,1.933,1.945,1.874,1.935,179432700.0
2003-11-26,1.945,1.956,1.914,1.925,99987800.0
2003-11-27,1.937,1.944,1.895,1.922,63813700.0
2003-11-28,1.924,1.948,1.865,1.898,105571500.0
2003-12-01,1.9,2.008,1.862,1.982,134892900.0
2003-12-02,1.961,2.03,1.961,1.999,152758100.0
2003-12-03,2.001,2.028,1.985,2.007,136861300.0
2003-12-04,2.03,2.03,1.963,1.982,98500100.0
2003-12-05,1.985,1.995,1.956,1.979,52494100.0
2003-12-08,1.94,1.98,1.8,1.954,53607700.0
2003-12-09,1.96,1.973,1.932,1.953,71227500.0
2003-12-10,2.025,2.025,1.94,1.956,76791700.0
2003-12-11,1.96,1.968,1.937,1.944,36311700.0
2003-12-15,1.947,1.992,1.947,1.978,58736200.0
2003-12-16,1.971,1.99,1.942,1.943,45400700.0
2003-12-17,1.943,1.957,1.923,1.946,43343100.0
2003-12-18,1.95,1.97,1.936,1.963,60984900.0
2003-12-19,1.97,2.009,1.966,1.987,98580800.0
2003-12-22,1.997,2.025,1.987,2.015,70313000.0
2003-12-23,2.01,2.028,1.965,1.972,101135900.0
2003-12-24,1.936,1.98,1.936,1.958,29710000.0
2003-12-25,1.958,2.003,1.946,1.983,64523000.0
2003-12-26,1.98,1.997,1.966,1.976,116734600.0
2003-12-29,1.985,1.994,1.973,1.979,15818700.0
2003-12-30,1.983,1.988,1.952,1.958,31980200.0
2004-01-05,1.963,2.039,1.963,2.039,86890100.0
2004-01-06,2.045,2.069,2.039,2.055,99237500.0
2004-01-08,2.052,2.109,2.035,2.067,125331100.0
2004-01-09,2.085,2.103,2.072,2.099,70533500.0
2004-01-12,2.1,2.11,2.041,2.041,118138800.0
2004-01-13,2.051,2.073,2.019,2.029,81212100.0
2004-01-14,2.011,2.076,2.011,2.075,53532900.0
2004-01-15,2.069,2.069,1.998,1.998,62862700.0
2004-01-16,2.006,2.055,2.0,2.025,80204500.0
2004-01-19,2.031,2.083,2.025,2.082,111958100.0
2004-01-20,2.083,2.109,2.077,2.085,132259800.0
2004-01-21,2.095,2.144,2.083,2.135,194162900.0
2004-01-22,2.137,2.157,2.112,2.151,179341700.0
2004-01-23,2.149,2.168,2.143,2.15,73519300.0
2004-01-26,2.152,2.185,2.13,2.14,130958000.0
2004-01-27,2.141,2.163,2.115,2.154,77747100.0
2004-01-28,2.164,2.164,2.12,2.128,62144900.0
2004-01-29,2.121,2.152,2.115,2.14,46811900.0
2004-01-30,2.14,2.14,2.06,2.099,152525600.0
2004-02-02,2.1,2.129,2.065,2.108,93618700.0
2004-02-03,2.109,2.14,2.101,2.13,65395300.0
2004-02-04,2.13,2.2,2.13,2.195,181434300.0
2004-02-05,2.186,2.31,2.184,2.249,453614900.0
2004-02-06,2.201,2.319,2.2,2.29,238740100.0
2004-02-09,2.3,2.395,2.296,2.385,272727200.0
2004-02-10,2.39,2.407,2.327,2.344,182054900.0
2004-02-11,2.355,2.392,2.335,2.348,134907500.0
2004-02-12,2.355,2.395,2.345,2.389,120487300.0
2004-02-13,2.392,2.414,2.371,2.4,90655700.0
2004-02-16,2.401,2.401,2.281,2.369,64136500.0
2004-02-17,2.34,2.424,2.34,2.39,101785900.0
2004-02-18,2.391,2.42,2.375,2.384,75708100.0
2004-02-19,2.38,2.397,2.329,2.333,99168000.0
2004-02-20,2.326,2.39,2.326,2.365,65908200.0
2004-02-24,2.351,2.366,2.25,2.277,207611800.0
2004-02-25,2.277,2.298,2.274,2.288,54985600.0
2004-02-26,2.29,2.332,2.287,2.321,73126100.0
2004-02-27,2.32,2.338,2.288,2.319,65613200.0
2004-03-01,2.331,2.354,2.315,2.335,73875900.0
2004-03-02,2.341,2.355,2.288,2.296,88245900.0
2004-03-03,2.275,2.312,2.26,2.3,72089700.0
2004-03-04,2.358,2.358,2.282,2.316,90729100.0
2004-03-05,2.316,2.349,2.316,2.331,46368500.0
2004-03-09,2.331,2.373,2.31,2.365,121007900.0
2004-03-10,2.365,2.438,2.33,2.338,266949200.0
2004-03-11,2.33,2.354,2.291,2.295,164925600.0
2004-03-12,2.291,2.33,2.28,2.314,71469800.0
2004-03-15,2.329,2.358,2.295,2.312,83547600.0
2004-03-16,2.303,2.34,2.303,2.335,38981000.0
2004-03-17,2.34,2.376,2.34,2.375,99918600.0
2004-03-18,2.38,2.39,2.357,2.364,100403700.0
2004-03-19,2.365,2.419,2.36,2.376,117362000.0
2004-03-22,2.376,2.393,2.325,2.341,83762100.0
2004-03-23,2.339,2.363,2.33,2.359,32901400.0
2004-03-24,2.361,2.374,2.33,2.33,50405300.0
2004-03-25,2.339,2.345,2.283,2.305,119652200.0
2004-03-26,2.31,2.334,2.305,2.313,50431400.0
2004-03-29,2.318,2.326,2.29,2.318,81721300.0
2004-03-30,2.324,2.346,2.297,2.339,65447000.0
2004-03-31,2.34,2.343,2.322,2.33,37353300.0
2004-04-01,2.338,2.367,2.312,2.356,97489400.0
2004-04-02,2.335,2.375,2.335,2.35,45747900.0
2004-04-05,2.364,2.375,2.345,2.374,58895900.0
2004-04-06,2.376,2.44,2.37,2.384,226953100.0
2004-04-07,2.391,2.525,2.377,2.517,289793700.0
2004-04-08,2.524,2.611,2.524,2.573,237902400.0
2004-04-09,2.58,2.655,2.553,2.618,213971900.0
2004-04-12,2.618,2.67,2.587,2.604,142321200.0
2004-04-13,2.6,2.625,2.551,2.58,147257400.0
2004-04-14,2.57,2.57,2.516,2.531,127161800.0
2004-04-15,2.52,2.573,2.52,2.563,123203400.0
2004-04-16,2.562,2.57,2.535,2.541,79034800.0
2004-04-19,2.545,2.695,2.534,2.695,200340000.0
2004-04-20,2.685,2.76,2.631,2.662,312396100.0
2004-04-21,2.67,2.675,2.472,2.545,262334900.0
2004-04-22,2.55,2.594,2.47,2.53,136265500.0
2004-04-23,2.536,2.57,2.46,2.489,180119200.0
2004-04-26,2.475,2.517,2.44,2.441,123859400.0
2004-04-27,2.45,2.472,2.394,2.467,97404200.0
2004-04-28,2.43,2.465,2.402,2.439,130516500.0
2004-04-29,2.34,2.35,2.2,2.295,188271000.0
2004-04-30,2.3,2.333,2.266,2.28,28295600.0
2004-05-05,2.32,2.33,2.273,2.29,45999600.0
2004-05-06,2.355,2.355,2.28,2.288,8814600.0
2004-05-07,2.286,2.286,2.238,2.254,46716900.0
2004-05-11,2.193,2.235,2.09,2.233,82106500.0
2004-05-12,2.241,2.335,2.235,2.269,72917200.0
2004-05-13,2.268,2.342,2.24,2.279,100784700.0
2004-05-14,2.25,2.255,2.205,2.239,49477600.0
2004-05-17,2.25,2.372,2.21,2.364,82436500.0
2004-05-18,2.375,2.38,2.325,2.332,63235900.0
2004-05-19,2.349,2.414,2.32,2.401,80796600.0
2004-05-20,2.399,2.425,2.372,2.411,74849600.0
2004-05-21,2.417,2.456,2.402,2.455,57436200.0
2004-05-24,2.448,2.5,2.433,2.443,56497400.0
2004-05-25,2.444,2.459,2.354,2.36,81065900.0
2004-05-26,2.38,2.416,2.358,2.385,51326800.0
2004-05-27,2.387,2.448,2.374,2.4,77925700.0
2004-05-28,2.41,2.413,2.365,2.368,43715800.0
2004-05-31,2.378,2.389,2.35,2.37,23330600.0
2004-06-01,2.37,2.375,2.27,2.301,51723900.0
2004-06-02,2.3,2.386,2.282,2.385,69140800.0
2004-06-03,2.386,2.452,2.373,2.449,109151100.0
2004-06-04,2.45,2.46,2.393,2.416,56144700.0
2004-06-07,2.416,2.449,2.382,2.41,33697400.0
2004-06-08,2.414,2.434,2.348,2.377,67928000.0
2004-06-09,2.382,2.395,2.353,2.373,43274400.0
2004-06-10,2.364,2.38,2.318,2.35,46380000.0
2004-06-11,2.355,2.359,2.275,2.28,58192900.0
2004-06-15,2.28,2.289,2.207,2.25,30388700.0
2004-06-16,2.255,2.255,2.155,2.218,55314000.0
2004-06-17,2.219,2.326,2.19,2.326,79689300.0
2004-06-18,2.338,2.338,2.262,2.292,41213100.0
2004-06-21,2.3,2.36,2.3,2.322,40726000.0
2004-06-22,2.317,2.329,2.25,2.26,35743100.0
2004-06-23,2.265,2.297,2.245,2.25,36089200.0
2004-06-24,2.243,2.315,2.205,2.231,79016100.0
2004-06-25,2.235,2.244,2.176,2.212,22863000.0
2004-06-28,2.2,2.213,2.157,2.175,23038100.0
2004-06-29,2.178,2.233,2.144,2.215,37737900.0
2004-06-30,2.222,2.268,2.22,2.23,65181900.0
2004-07-01,2.321,2.321,2.16,2.185,52672800.0
2004-07-02,2.175,2.18,2.107,2.118,47994900.0
2004-07-05,2.11,2.127,2.062,2.119,50969600.0
2004-07-06,2.14,2.147,2.075,2.092,49540200.0
2004-07-07,2.109,2.133,2.048,2.065,60621900.0
2004-07-08,2.081,2.082,2.039,2.05,28360600.0
2004-07-09,2.05,2.072,2.04,2.06,23484200.0
2004-07-12,2.058,2.11,2.045,2.11,34471500.0
2004-07-13,2.108,2.15,2.095,2.115,89441400.0
2004-07-14,2.115,2.143,2.085,2.125,61190100.0
2004-07-15,2.122,2.149,2.115,2.143,81866500.0
2004-07-16,2.125,2.146,2.104,2.118,30197400.0
2004-07-19,2.114,2.149,2.111,2.135,31155800.0
2004-07-20,2.136,2.165,2.108,2.109,57871600.0
2004-07-21,2.111,2.153,2.094,2.11,39413900.0
2004-07-22,2.115,2.119,2.054,2.064,56909200.0
2004-07-23,2.063,2.095,2.043,2.043,24433800.0
2004-07-26,2.049,2.079,1.975,1.98,65263200.0
2004-07-27,1.995,2.023,1.983,1.99,131577200.0
2004-07-28,1.991,2.188,1.939,2.15,312664400.0
2004-07-29,2.15,2.393,2.13,2.384,376474100.0
2004-07-30,2.38,2.777,2.379,2.6,730846800.0
2004-08-02,2.6,2.6,2.34,2.5,123117300.0
2004-08-03,2.406,2.524,2.36,2.51,175930200.0
2004-08-04,2.48,2.579,2.405,2.475,131113000.0
2004-08-05,2.5,2.52,2.4,2.4,58174600.0
2004-08-06,2.39,2.445,2.35,2.387,49502700.0
2004-08-09,2.451,2.487,2.387,2.435,37193000.0
2004-08-10,2.335,2.437,2.335,2.411,29052000.0
2004-08-11,2.411,2.44,2.304,2.304,38142000.0
2004-08-12,2.307,2.38,2.307,2.339,37598600.0
2004-08-13,2.33,2.393,2.322,2.37,21787700.0
2004-08-16,2.381,2.476,2.341,2.458,70729700.0
2004-08-17,2.464,2.521,2.45,2.497,76939200.0
2004-08-18,2.49,2.539,2.43,2.535,92704300.0
2004-08-19,2.533,2.668,2.514,2.665,98111100.0
2004-08-20,2.651,2.753,2.626,2.69,115958000.0
2004-08-23,2.68,2.825,2.644,2.8,112002900.0
2004-08-24,2.8,2.87,2.78,2.836,84255500.0
2004-08-25,2.81,3.035,2.781,2.951,196035300.0
2004-08-26,2.98,2.989,2.832,2.89,136828900.0
2004-08-27,2.871,2.963,2.851,2.957,91357500.0
2004-08-30,2.988,3.175,2.945,3.17,175221700.0
2004-08-31,3.16,3.444,3.15,3.34,269007000.0
2004-09-01,3.295,3.489,3.224,3.33,172453100.0
2004-09-02,3.418,3.418,3.235,3.257,106767400.0
2004-09-03,3.269,3.378,3.257,3.335,79039300.0
2004-09-06,3.338,3.355,3.31,3.322,33812400.0
2004-09-07,3.33,3.345,3.236,3.301,81114100.0
2004-09-08,3.301,3.457,3.273,3.37,123169500.0
2004-09-09,3.377,3.429,3.353,3.371,70114400.0
2004-09-10,3.379,3.388,3.275,3.28,60229400.0
2004-09-13,3.288,3.3,3.233,3.259,47054200.0
2004-09-14,3.247,3.34,3.24,3.285,49008000.0
2004-09-15,3.3,3.3,3.212,3.24,49185800.0
2004-09-16,3.24,3.335,3.211,3.247,57594700.0
2004-09-17,3.24,3.327,3.238,3.272,35344900.0
2004-09-20,3.299,3.313,3.26,3.27,17464000.0
2004-09-21,3.275,3.299,3.26,3.278,18620700.0
2004-09-22,3.29,3.309,3.267,3.3,22939900.0
2004-09-23,3.302,3.349,3.273,3.299,39664600.0
2004-09-24,3.301,3.389,3.291,3.365,47415800.0
2004-09-27,3.37,3.614,3.342,3.61,114361700.0
2004-09-28,3.62,4.439,3.601,4.395,453879900.0
2004-10-01,4.4,6.46,4.4,5.85,138857800.0
2004-10-05,5.9,10.3,5.9,9.95,142513600.0
2004-10-11,8.156,8.75,4.742,4.81,64732300.0
2004-10-13,5.299,5.299,4.2,4.73,36632200.0
2004-10-14,4.705,6.0,4.65,5.0,73798600.0
2004-10-15,4.99,5.11,4.601,4.69,33875200.0
2004-10-18,4.695,4.84,4.508,4.7,18587600.0
2004-10-19,4.677,4.75,4.521,4.521,18553600.0
2004-10-20,4.503,4.6,4.021,4.05,28131600.0
2004-10-21,4.09,4.245,3.7,3.825,30311500.0
2004-10-22,3.86,4.03,3.705,3.949,17088200.0
2004-10-25,3.96,3.96,3.82,3.835,5771500.0
2004-10-26,3.855,4.06,3.8,4.049,9679200.0
2004-10-27,4.07,5.12,4.0,4.55,65531400.0
2004-10-28,4.6,5.04,4.5,4.69,35874900.0
2004-10-29,4.711,4.85,4.55,4.646,10674800.0
2004-11-01,4.66,4.72,4.23,4.281,24947800.0
2004-11-02,4.27,4.27,4.021,4.151,17222100.0
2004-11-03,4.19,4.243,4.05,4.12,9931900.0
2004-11-04,4.17,4.288,4.001,4.244,16662700.0
2004-11-05,4.315,4.315,4.14,4.19,11951100.0
2004-11-09,4.195,4.261,4.17,4.175,5458400.0
2004-11-10,4.21,4.21,4.055,4.08,5655400.0
2004-11-11,4.1,4.138,4.04,4.067,4622600.0
2004-11-12,4.125,4.155,4.066,4.139,6993500.0
2004-11-15,4.171,4.175,4.05,4.1,4609900.0
2004-11-16,4.1,4.394,4.069,4.32,17153700.0
2004-11-17,4.32,4.96,4.211,4.929,58159900.0
2004-11-18,4.92,5.134,4.6,4.635,63818100.0
2004-11-19,4.55,4.75,4.161,4.269,32265500.0
2004-11-22,4.25,4.549,4.211,4.37,23324100.0
2004-11-23,4.37,4.471,4.172,4.238,20420100.0
2004-11-24,4.239,4.355,4.13,4.263,16656200.0
2004-11-25,4.244,4.28,4.141,4.16,16207400.0
2004-11-26,4.18,4.266,4.161,4.189,8377800.0
2004-11-29,4.181,4.344,4.18,4.263,11029200.0
2004-11-30,4.283,4.283,4.0,4.16,15297700.0
2004-12-01,4.17,4.18,3.92,3.95,9684300.0
2004-12-02,4.001,4.03,3.872,4.028,17599200.0
2004-12-03,4.0,4.04,3.96,4.015,13242000.0
2004-12-06,3.99,4.045,3.955,4.029,11543600.0
2004-12-07,4.005,4.201,4.005,4.119,12336200.0
2004-12-08,4.145,4.145,3.93,4.031,18978100.0
2004-12-09,4.165,4.167,4.004,4.08,9770300.0
2004-12-10,4.1,4.2,4.055,4.1,11148200.0
2004-12-14,4.1,4.15,4.062,4.11,4412200.0
2004-12-15,4.12,4.335,4.05,4.254,18865600.0
2004-12-16,4.28,4.295,4.201,4.26,5799800.0
2004-12-17,4.29,4.29,3.96,4.031,12040600.0
2004-12-20,4.111,4.111,4.0,4.079,7037100.0
2004-12-21,4.1,4.329,4.095,4.27,21208900.0
2004-12-22,4.27,4.3,4.14,4.16,8090300.0
2004-12-23,4.16,4.295,4.1,4.201,8151300.0
2004-12-24,4.219,4.265,4.15,4.22,3860600.0
2004-12-27,4.006,4.24,4.006,4.179,5188500.0
2004-12-28,4.165,4.19,4.087,4.131,9045900.0
2004-12-29,4.141,4.164,4.08,4.14,9499000.0
2004-12-30,4.106,4.134,4.1,4.1,7338600.0
2005-01-11,4.0,4.139,3.951,4.079,6512300.0
2005-01-12,4.075,4.115,4.05,4.06,4420400.0
2005-01-13,4.06,4.099,4.052,4.079,2230900.0
2005-01-14,4.09,4.098,4.04,4.044,4063000.0
2005-01-17,4.06,4.084,4.02,4.054,3882100.0
2005-01-18,4.041,4.089,4.007,4.03,5238400.0
2005-01-19,4.031,4.08,4.025,4.06,4176400.0
2005-01-20,4.05,4.08,4.03,4.047,2415700.0
2005-01-21,4.074,4.074,4.025,4.05,5124000.0
2005-01-24,4.05,4.097,4.04,4.095,4110500.0
2005-01-25,4.133,4.22,4.1,4.191,13306800.0
2005-01-26,4.191,4.219,4.152,4.18,3587700.0
2005-01-27,4.2,4.2,4.145,4.171,4211100.0
2005-01-28,3.956,4.235,3.956,4.218,8739600.0
2005-01-31,4.214,4.265,4.175,4.19,4037200.0
2005-02-01,4.2,4.24,4.157,4.215,4195300.0
2005-02-02,4.24,4.24,4.165,4.177,8776600.0
2005-02-03,4.179,4.219,4.161,4.2,8228900.0
2005-02-04,4.19,4.199,4.17,4.17,2093200.0
2005-02-07,4.16,4.195,4.06,4.073,7591400.0
2005-02-08,4.099,4.1,4.05,4.076,3592000.0
2005-02-09,4.075,4.078,4.01,4.049,5579600.0
2005-02-10,4.043,4.047,3.975,3.981,6439300.0
2005-02-11,3.981,4.005,3.961,3.987,4607400.0
2005-02-14,3.988,3.989,3.915,3.921,3027000.0
2005-02-15,3.92,3.945,3.863,3.938,7423300.0
2005-02-16,3.95,3.986,3.92,3.935,4520500.0
2005-02-17,3.941,3.969,3.92,3.929,2687900.0
2005-02-18,3.92,3.95,3.893,3.914,3353200.0
2005-02-21,3.925,3.99,3.901,3.988,3960000.0
2005-02-22,3.99,4.055,3.935,3.958,10177400.0
2005-02-24,3.967,3.999,3.931,3.97,12605000.0
2005-02-25,3.951,3.988,3.84,3.85,13066900.0
2005-02-28,3.865,3.884,3.775,3.791,11210300.0
2005-03-01,3.8,3.825,3.45,3.45,22822200.0
2005-03-02,3.533,3.58,3.271,3.29,16666700.0
2005-03-03,3.28,3.3,3.021,3.039,18428400.0
2005-03-04,3.058,3.1,2.921,3.081,13027100.0
2005-03-05,3.115,3.276,3.11,3.215,11299800.0
2005-03-09,3.15,3.26,3.087,3.14,10144600.0
2005-03-10,3.124,3.148,3.001,3.053,4643700.0
2005-03-11,3.05,3.05,2.98,3.01,6518300.0
2005-03-14,3.046,3.05,2.8,2.835,11967000.0
2005-03-15,2.845,2.888,2.72,2.785,11243400.0
2005-03-16,2.8,2.828,2.5,2.51,20640900.0
2005-03-17,2.725,2.888,2.667,2.83,37857600.0
2005-03-18,2.831,2.877,2.753,2.853,23385200.0
2005-03-21,2.936,2.936,2.845,2.851,15812100.0
2005-03-22,2.821,2.925,2.807,2.86,8468900.0
2005-03-23,2.825,2.89,2.813,2.87,8258000.0
2005-03-24,2.889,3.198,2.854,3.097,21343500.0
2005-03-25,3.1,3.142,3.055,3.093,6700100.0
2005-03-28,3.165,3.165,3.086,3.1,4369700.0
2005-03-29,3.101,3.218,2.95,3.07,19679700.0
2005-03-30,3.12,3.39,3.12,3.33,38010300.0
2005-03-31,3.388,3.397,2.88,3.2,63346000.0
2005-04-01,2.895,3.33,2.699,3.31,47756800.0
2005-04-04,2.893,3.09,2.2,2.739,33381700.0
2005-04-05,2.69,2.794,2.62,2.73,5518600.0
2005-04-06,2.739,2.939,2.694,2.72,13215000.0
2005-04-07,2.72,2.79,2.7,2.75,3018800.0
2005-04-08,2.741,2.789,2.671,2.686,3966000.0
2005-04-11,2.685,2.749,2.65,2.695,3325300.0
2005-04-12,2.689,2.707,2.583,2.606,3643400.0
2005-04-13,2.677,2.677,2.6,2.617,2989600.0
2005-04-14,2.625,2.639,2.55,2.58,1547600.0
2005-04-15,2.599,2.599,2.5,2.515,1861100.0
2005-04-18,2.5,2.5,2.339,2.377,3325100.0
2005-04-19,2.379,2.379,2.334,2.346,4074500.0
2005-04-20,2.345,2.345,2.24,2.293,3592900.0
2005-04-21,2.25,2.34,2.245,2.34,2960800.0
2005-04-22,2.35,2.7,2.315,2.612,15010500.0
2005-04-25,2.646,2.889,2.612,2.73,13152100.0
2005-04-26,2.813,2.819,2.598,2.607,7038800.0
2005-04-27,2.6,2.656,2.545,2.545,3054900.0
2005-04-28,2.543,2.63,2.479,2.531,3006100.0
2005-04-29,2.53,2.622,2.475,2.535,3895000.0
2005-05-03,2.535,2.58,2.509,2.551,2802200.0
2005-05-04,2.56,2.59,2.52,2.56,6492200.0
2005-05-05,2.569,2.592,2.529,2.564,5655300.0
2005-05-06,2.484,2.576,2.484,2.54,4567700.0
2005-05-11,2.517,2.552,2.46,2.504,3067300.0
2005-05-12,2.471,2.492,2.42,2.461,2738300.0
2005-05-13,2.389,2.476,2.389,2.433,3284000.0
2005-05-14,2.423,2.445,2.4,2.429,862000.0
2005-05-16,2.344,2.435,2.29,2.3,2105400.0
2005-05-17,2.301,2.624,2.295,2.622,8984500.0
2005-05-18,2.635,2.7,2.562,2.637,9551700.0
2005-05-19,2.625,2.649,2.53,2.58,5708100.0
2005-05-20,2.572,2.599,2.513,2.579,984200.0
2005-05-23,2.565,2.627,2.565,2.601,2564600.0
2005-05-24,2.618,2.644,2.609,2.616,3114300.0
2005-05-25,2.616,2.739,2.489,2.513,10183100.0
2005-05-26,2.45,2.56,2.4,2.518,7166000.0
2005-05-27,2.546,2.555,2.435,2.457,11586100.0
2005-05-30,2.45,2.45,2.411,2.43,1066400.0
2005-05-31,2.425,2.459,2.34,2.35,11403600.0
2005-06-01,2.35,2.383,2.258,2.272,10735000.0
2005-06-02,2.289,2.334,2.27,2.299,6475100.0
2005-06-03,2.307,2.315,2.258,2.27,7046900.0
2005-06-06,2.193,2.239,2.156,2.198,6051400.0
2005-06-07,2.195,2.289,2.169,2.195,11885900.0
2005-06-08,2.2,2.22,2.168,2.18,9942200.0
2005-06-09,2.185,2.195,2.136,2.15,8092700.0
2005-06-10,2.097,2.345,2.097,2.282,44193300.0
2005-06-14,2.296,2.328,2.263,2.27,13410000.0
2005-06-15,2.28,2.288,2.168,2.175,35835100.0
2005-06-16,2.244,2.244,2.156,2.183,13169500.0
2005-06-17,2.244,2.244,2.16,2.167,8744800.0
2005-06-20,2.195,2.245,2.171,2.192,16765200.0
2005-06-21,2.201,2.201,2.164,2.169,10402800.0
2005-06-22,2.164,2.175,2.147,2.155,21315600.0
2005-06-23,2.159,2.163,2.122,2.127,14967600.0
2005-06-24,2.124,2.133,2.097,2.113,15075000.0
2005-06-27,2.127,2.158,2.085,2.125,11745700.0
2005-06-28,2.134,2.145,2.112,2.134,8480600.0
2005-06-29,2.14,2.164,2.111,2.153,10674300.0
2005-06-30,2.153,2.27,2.142,2.253,33212400.0
2005-07-01,2.25,2.289,2.233,2.266,10461400.0
2005-07-04,2.304,2.304,2.22,2.25,12772300.0
2005-07-05,2.25,2.272,2.235,2.259,18797300.0
2005-07-06,2.194,2.315,2.194,2.28,24275400.0
2005-07-07,2.28,2.345,2.274,2.34,31961300.0
2005-07-08,2.35,2.416,2.345,2.39,15014300.0
2005-07-11,2.4,2.414,2.382,2.405,23338600.0
2005-07-12,2.4,2.407,2.35,2.385,9152400.0
2005-07-13,2.389,2.416,2.366,2.4,11624000.0
2005-07-14,2.401,2.469,2.38,2.442,19815300.0
2005-07-15,2.44,2.478,2.415,2.453,21089400.0
2005-07-18,2.45,2.48,2.445,2.448,10834800.0
2005-07-19,2.443,2.474,2.443,2.45,3748700.0
2005-07-20,2.45,2.468,2.447,2.449,2302600.0
2005-07-21,2.45,2.475,2.425,2.43,2017400.0
2005-07-22,2.425,2.437,2.365,2.379,9375700.0
2005-07-25,2.375,2.398,2.305,2.365,4794700.0
2005-07-26,2.374,2.375,2.341,2.351,2381100.0
2005-07-27,2.375,2.4,2.359,2.389,4468300.0
2005-07-28,2.451,2.463,2.385,2.41,12916500.0
2005-07-29,2.41,2.428,2.381,2.4,2689200.0
2005-08-01,2.41,2.422,2.37,2.4,5587400.0
2005-08-02,2.418,2.44,2.39,2.425,6167500.0
2005-08-03,2.42,2.442,2.386,2.39,3120800.0
2005-08-04,2.39,2.422,2.38,2.422,1511400.0
2005-08-05,2.424,2.437,2.396,2.408,1805100.0
2005-08-08,2.408,2.41,2.374,2.41,2158500.0
2005-08-09,2.415,2.42,2.39,2.4,1422600.0
2005-08-10,2.417,2.418,2.39,2.391,742600.0
2005-08-11,2.394,2.407,2.355,2.356,2200100.0
2005-08-12,2.36,2.37,2.34,2.365,2403800.0
2005-08-15,2.36,2.39,2.36,2.377,1465300.0
2005-08-16,2.39,2.394,2.352,2.38,4724400.0
2005-08-17,2.37,2.4,2.365,2.38,3905200.0
2005-08-18,2.384,2.388,2.34,2.358,3260100.0
2005-08-19,2.36,2.363,2.339,2.362,1887400.0
2005-08-22,2.365,2.365,2.34,2.358,3320100.0
2005-08-23,2.354,2.354,2.253,2.28,21672300.0
2005-08-24,2.248,2.274,2.213,2.235,21182500.0
2005-08-25,2.24,2.265,2.205,2.217,20687200.0
2005-08-26,2.217,2.253,2.207,2.23,6028900.0
2005-08-29,2.232,2.35,2.223,2.34,18743900.0
2005-08-30,2.341,2.395,2.311,2.34,28573500.0
2005-08-31,2.33,2.353,2.275,2.335,21247100.0
2005-09-01,2.326,2.45,2.326,2.4,37921900.0
2005-09-02,2.4,2.515,2.4,2.461,43904300.0
2005-09-05,2.48,2.498,2.436,2.45,11385000.0
2005-09-06,2.46,2.46,2.355,2.36,8009700.0
2005-09-07,2.37,2.42,2.307,2.378,6070100.0
2005-09-08,2.38,2.435,2.326,2.39,2177000.0
2005-09-09,2.401,2.85,2.401,2.66,62594800.0
2005-09-12,2.743,2.87,2.685,2.8,64824600.0
2005-09-13,2.81,2.81,2.65,2.676,23266800.0
2005-09-14,2.745,2.745,2.641,2.711,15247600.0
2005-09-15,2.735,2.783,2.672,2.73,19755200.0
2005-09-16,2.691,2.744,2.65,2.665,11700800.0
2005-09-19,2.543,2.7,2.543,2.657,14855000.0
2005-09-20,2.657,2.975,2.65,2.83,99408500.0
2005-09-21,2.84,2.975,2.765,2.949,78683200.0
2005-09-22,2.962,3.023,2.78,2.79,29509200.0
2005-09-23,2.825,2.85,2.74,2.823,25967200.0
2005-09-26,2.727,3.08,2.629,3.041,61103800.0
2005-09-27,3.05,3.494,2.942,3.46,83648600.0
2005-09-28,3.462,3.58,3.262,3.395,57535000.0
2005-09-29,3.388,3.45,3.103,3.217,33233200.0
2005-09-30,3.217,3.237,3.081,3.09,21316700.0
2005-10-03,3.109,3.44,3.021,3.44,75564400.0
2005-10-04,3.46,3.79,3.41,3.75,91271800.0
2005-10-05,3.735,3.959,3.51,3.588,57361900.0
2005-10-06,3.5,3.583,3.333,3.422,18161000.0
2005-10-07,3.44,3.58,3.415,3.5,15567300.0
2005-10-10,3.591,4.045,3.581,4.03,68792100.0
2005-10-11,4.027,4.138,3.9,4.016,99024700.0
2005-10-12,4.104,4.125,3.809,3.84,56775200.0
2005-10-13,3.84,3.9,3.411,3.65,33089000.0
2005-10-14,3.66,3.71,3.456,3.48,17559600.0
2005-10-17,3.53,3.792,3.5,3.687,22260600.0
2005-10-18,3.721,3.78,3.502,3.53,16244700.0
2005-10-19,3.53,3.53,3.34,3.382,10261800.0
2005-10-20,3.432,3.548,3.371,3.408,5384500.0
2005-10-21,3.341,3.409,3.184,3.338,14911500.0
2005-10-24,3.34,3.5,3.301,3.46,13784100.0
2005-10-25,3.49,3.58,3.299,3.359,14531500.0
2005-10-26,3.462,3.462,3.33,3.405,4030500.0
2005-10-27,3.395,3.395,3.33,3.344,4054000.0
2005-10-28,3.325,3.648,3.3,3.561,30055000.0
2005-10-31,3.575,3.7,3.517,3.618,21858800.0
2005-11-01,3.65,3.887,3.603,3.77,60673600.0
2005-11-02,3.8,3.93,3.735,3.88,26502600.0
2005-11-03,3.9,3.94,3.78,3.884,10495500.0
2005-11-07,3.858,3.874,3.802,3.86,6090800.0
2005-11-08,3.83,3.885,3.78,3.82,8556600.0
2005-11-09,3.82,3.849,3.783,3.8,8532200.0
2005-11-10,3.79,3.833,3.655,3.67,18601100.0
2005-11-11,3.67,3.818,3.65,3.736,27323200.0
2005-11-14,3.77,3.79,3.737,3.78,5306300.0
2005-11-15,3.8,3.8,3.74,3.76,3505000.0
2005-11-16,3.76,3.799,3.72,3.75,4344800.0
2005-11-17,3.75,3.83,3.74,3.767,10799500.0
2005-11-18,3.8,3.95,3.771,3.839,19635200.0
2005-11-21,3.866,3.89,3.75,3.778,5954900.0
2005-11-22,3.79,3.81,3.701,3.749,6520000.0
2005-11-23,3.751,3.768,3.579,3.617,12442000.0
2005-11-24,3.617,3.617,3.333,3.413,30553700.0
2005-11-25,3.449,3.528,3.351,3.519,26934900.0
2005-11-28,3.534,3.577,3.477,3.522,14949200.0
2005-11-29,3.519,3.543,3.48,3.52,8262500.0
2005-11-30,3.49,3.519,3.43,3.519,10093000.0
2005-12-01,3.519,3.618,3.519,3.603,14455400.0
2005-12-02,3.622,3.675,3.61,3.65,50576000.0
2005-12-05,3.664,3.71,3.58,3.585,10181000.0
2005-12-06,3.599,3.62,3.54,3.588,5478600.0
2005-12-07,3.59,3.62,3.55,3.61,6333000.0
2005-12-08,3.575,4.698,3.55,4.52,146472000.0
2005-12-09,4.554,4.67,4.121,4.2,70189900.0
2005-12-12,4.18,4.257,4.165,4.196,16665400.0
2005-12-13,4.2,4.289,4.12,4.201,21480700.0
2005-12-14,4.3,4.339,4.15,4.18,23385300.0
2005-12-15,4.2,4.239,4.0,4.18,12174000.0
2005-12-16,4.193,4.288,4.171,4.209,12052600.0
2005-12-19,4.195,4.271,4.165,4.24,9584000.0
2005-12-20,4.24,4.241,4.19,4.209,7195000.0
2005-12-21,4.218,4.24,4.155,4.197,29677100.0
2005-12-22,4.2,4.258,4.2,4.22,12594400.0
2005-12-23,4.216,4.248,4.2,4.228,5711000.0
2005-12-26,4.234,4.3,4.18,4.216,19198000.0
2005-12-27,4.202,4.227,4.185,4.198,4345700.0
2005-12-28,4.195,4.198,4.044,4.16,9122900.0
2005-12-29,4.15,4.19,4.131,4.14,10393000.0
2005-12-30,4.14,4.168,4.1,4.115,2011300.0
2006-01-10,4.2,4.218,4.14,4.2,5845600.0
2006-01-11,4.19,4.213,4.151,4.198,4874800.0
2006-01-12,4.21,4.281,4.16,4.17,13395900.0
2006-01-13,4.186,4.249,4.128,4.151,4372700.0
2006-01-16,4.2,4.218,4.17,4.2,5323200.0
2006-01-17,4.199,4.21,4.13,4.151,5411900.0
2006-01-18,4.157,4.159,3.97,4.0,9668300.0
2006-01-19,4.0,4.198,3.972,4.188,38070700.0
2006-01-20,4.202,4.21,4.06,4.101,7129800.0
2006-01-23,4.1,4.12,4.078,4.08,2762900.0
2006-01-24,4.099,4.144,4.081,4.12,1815600.0
2006-01-25,4.127,4.15,4.08,4.082,3327000.0
2006-01-26,4.1,4.595,4.09,4.549,111118800.0
2006-01-27,4.595,4.899,4.432,4.54,75085100.0
2006-01-30,4.559,4.61,4.36,4.4,22326400.0
2006-01-31,4.434,4.5,4.21,4.253,8546100.0
2006-02-01,4.25,4.48,4.18,4.42,11619200.0
2006-02-02,4.434,4.434,4.28,4.281,8203600.0
2006-02-03,4.25,4.25,4.165,4.174,13267700.0
2006-02-06,4.194,4.24,4.167,4.169,5445900.0
2006-02-07,4.174,4.198,4.141,4.163,6846700.0
2006-02-08,4.154,4.176,4.104,4.14,7128300.0
2006-02-09,4.175,4.25,4.148,4.149,13213800.0
2006-02-10,4.18,4.25,4.108,4.11,39540700.0
2006-02-13,4.11,4.37,4.081,4.171,44858700.0
2006-02-14,4.18,4.26,4.087,4.09,26541700.0
2006-02-15,4.12,4.242,3.721,4.206,136451300.0
2006-02-16,4.22,4.635,4.1,4.626,111736200.0
2006-02-17,4.637,5.095,4.627,5.09,132848300.0
2006-02-20,5.14,5.37,4.6,5.35,108499600.0
2006-02-21,5.4,5.59,5.26,5.397,71364000.0
2006-02-22,5.39,5.442,5.211,5.43,31143300.0
2006-02-26,5.38,5.7,5.138,5.603,52561700.0
2006-02-27,5.52,6.0,5.353,5.721,67366500.0
2006-02-28,5.689,5.85,5.3,5.431,18542100.0
2006-03-01,5.45,5.55,5.306,5.493,20681800.0
2006-03-02,5.5,5.59,5.43,5.46,9224600.0
2006-03-03,5.47,5.88,5.43,5.441,19882100.0
2006-03-06,5.46,5.6,5.4,5.477,4166800.0
2006-03-07,5.406,5.44,5.15,5.3,11861500.0
2006-03-09,5.016,5.244,4.935,5.04,13735600.0
2006-03-10,5.099,5.149,4.924,5.049,4327200.0
2006-03-13,5.079,5.195,5.079,5.177,10198200.0
2006-03-14,5.222,5.222,4.916,4.97,9330500.0
2006-03-15,5.016,5.19,4.915,5.057,14832000.0
2006-03-16,5.02,5.099,4.96,5.031,6317500.0
2006-03-17,5.06,5.18,4.99,4.993,17328300.0
2006-03-20,5.03,5.089,4.967,4.967,5267800.0
2006-03-21,4.999,5.02,4.95,4.977,9157600.0
2006-03-22,4.985,4.995,4.95,4.979,7635900.0
2006-03-23,4.98,5.05,4.98,5.0,3779700.0
2006-03-24,4.99,5.035,4.93,4.955,7189700.0
2006-03-27,4.97,5.05,4.948,4.95,3410200.0
2006-03-28,4.97,4.989,4.804,4.83,4961800.0
2006-03-29,4.83,4.83,4.65,4.74,6904700.0
2006-03-30,4.769,4.85,4.74,4.838,5049200.0
2006-03-31,4.804,4.95,4.804,4.871,5347400.0
2006-04-03,4.89,5.01,4.881,5.009,8437900.0
2006-04-04,5.029,5.15,4.902,4.97,8432200.0
2006-04-05,4.999,5.04,4.951,4.99,8847300.0
2006-04-06,4.99,5.086,4.972,4.991,11089500.0
2006-04-07,4.99,5.01,4.934,5.009,6053700.0
2006-04-10,5.0,5.05,4.954,4.998,9517700.0
2006-04-11,5.029,5.05,4.94,4.965,11940900.0
2006-04-12,4.999,5.04,4.96,4.973,8281300.0
2006-04-13,4.999,4.999,4.96,4.97,2797100.0
2006-04-14,4.992,4.994,4.97,4.981,3239900.0
2006-04-17,4.98,5.0,4.96,4.99,2399900.0
2006-04-18,4.992,5.07,4.961,5.018,18749400.0
2006-04-19,5.04,5.059,4.992,5.021,10244500.0
2006-04-20,5.044,5.055,5.0,5.01,5874800.0
2006-04-21,5.0,5.05,4.936,5.04,7222400.0
2006-04-24,5.04,5.053,5.025,5.045,3722100.0
2006-04-25,5.04,5.32,5.031,5.12,25830400.0
2006-04-26,5.187,5.243,5.15,5.2,8150800.0
2006-04-27,5.21,5.214,5.0,5.02,11589600.0
2006-04-28,5.02,5.134,4.999,5.102,5598500.0
2006-05-02,5.102,5.15,5.088,5.147,6031300.0
2006-05-03,5.154,5.18,5.1,5.121,4230000.0
2006-05-04,5.109,5.144,5.07,5.137,1916800.0
2006-05-05,5.122,5.2,5.094,5.16,6123000.0
2006-05-06,5.138,5.395,5.122,5.35,15072900.0
2006-05-10,5.25,5.29,5.07,5.1,9687500.0
2006-05-11,5.103,5.288,5.08,5.14,9692300.0
2006-05-12,5.144,5.144,5.055,5.08,3013800.0
2006-05-15,5.088,5.168,4.96,5.125,12211700.0
2006-05-16,5.101,5.15,5.009,5.125,14670400.0
2006-05-17,5.12,5.22,5.1,5.17,15742700.0
2006-05-18,5.102,5.128,5.0,5.062,10780300.0
2006-05-19,5.049,5.113,5.028,5.087,5926800.0
2006-05-22,5.11,5.11,5.0,5.01,9910800.0
2006-05-23,4.989,5.32,4.989,5.281,17257500.0
2006-05-24,5.297,5.297,5.111,5.185,5016100.0
2006-05-25,5.152,5.3,5.0,5.262,5789300.0
2006-05-26,5.24,5.635,5.24,5.62,23564100.0
2006-05-29,5.68,6.5,5.62,6.31,33610200.0
2006-05-30,6.25,6.68,5.802,5.978,30441500.0
2006-05-31,5.802,6.09,5.8,5.95,7125600.0
2006-06-01,6.034,6.06,5.915,5.964,6390300.0
2006-06-02,6.0,6.19,5.96,6.106,5676600.0
2006-06-05,6.124,6.125,6.03,6.045,4928700.0
2006-06-06,6.001,6.027,5.55,5.68,6430900.0
2006-06-07,5.7,5.9,5.4,5.888,8723100.0
2006-06-08,5.639,5.88,5.45,5.5,5368400.0
2006-06-09,5.65,5.8,5.511,5.612,2249000.0
2006-06-13,5.611,5.611,5.2,5.25,4269600.0
2006-06-14,5.37,5.498,5.025,5.299,7132600.0
2006-06-15,5.349,5.573,5.25,5.36,3873200.0
2006-06-16,5.4,5.48,5.0,5.18,6962200.0
2006-06-19,5.27,5.36,5.21,5.28,5319900.0
2006-06-20,5.28,5.34,5.15,5.274,7451600.0
2006-06-21,5.28,5.358,5.24,5.242,8141100.0
2006-06-22,5.286,5.4,5.129,5.142,6204600.0
2006-06-23,5.26,5.274,5.14,5.205,5062700.0
2006-06-26,5.21,5.219,5.1,5.102,2952700.0
2006-06-27,5.11,5.183,5.085,5.165,1872500.0
2006-06-28,5.131,5.2,5.111,5.18,6795200.0
2006-06-29,5.2,5.2,5.15,5.16,1182600.0
2006-06-30,5.199,5.33,5.16,5.289,5066400.0
2006-07-03,5.35,5.474,5.253,5.32,4072800.0
2006-07-04,5.301,5.317,5.275,5.29,2189600.0
2006-07-05,5.29,5.31,5.2,5.2,3661500.0
2006-07-06,5.18,5.554,5.18,5.5,13984800.0
2006-07-07,5.49,5.579,5.45,5.535,7530400.0
2006-07-10,5.48,5.69,5.48,5.571,11618900.0
2006-07-11,5.597,5.67,5.577,5.619,4278800.0
2006-07-12,5.654,5.654,5.58,5.629,2504700.0
2006-07-13,5.57,5.715,5.45,5.63,7845000.0
2006-07-14,5.612,5.616,5.251,5.44,1607800.0
2006-07-17,5.452,5.695,5.271,5.554,2676200.0
2006-07-18,5.473,5.645,5.472,5.612,936800.0
2006-07-19,5.65,5.675,5.551,5.641,2130500.0
2006-07-20,5.75,5.88,5.45,5.595,5729300.0
2006-07-21,5.61,5.641,5.55,5.582,1396500.0
2006-07-24,5.578,5.649,5.549,5.62,760500.0
2006-07-25,5.645,5.67,5.567,5.592,2236900.0
2006-07-26,5.613,5.614,5.504,5.529,1149600.0
2006-07-27,5.559,5.614,5.51,5.58,2714000.0
2006-07-28,5.581,5.597,5.501,5.537,2190200.0
2006-07-31,5.53,5.689,5.472,5.481,7029700.0
2006-08-01,5.499,5.559,5.472,5.501,2085600.0
2006-08-02,5.524,5.529,5.47,5.529,1250500.0
2006-08-03,5.519,5.569,5.478,5.5,3526400.0
2006-08-04,5.51,5.547,5.489,5.499,3866300.0
2006-08-07,5.536,5.536,5.461,5.498,1187600.0
2006-08-08,5.5,5.54,5.45,5.468,4599000.0
2006-08-09,5.468,5.518,5.453,5.49,5377100.0
2006-08-10,5.483,5.489,5.452,5.471,1559500.0
2006-08-11,5.49,5.545,5.46,5.53,6091300.0
2006-08-14,5.529,5.58,5.46,5.471,4923700.0
2006-08-15,5.484,5.489,5.401,5.458,1825900.0
2006-08-16,5.497,5.53,5.458,5.484,2775300.0
2006-08-17,5.509,5.509,5.462,5.488,1314100.0
2006-08-18,5.2,5.486,5.1,5.2,3316300.0
2006-08-21,5.287,5.429,5.152,5.369,3849600.0
2006-08-22,5.399,5.429,5.315,5.383,1317500.0
2006-08-23,5.313,5.42,5.312,5.37,2465600.0
2006-08-24,5.37,5.439,5.33,5.372,743800.0
2006-08-25,5.385,5.385,5.345,5.37,700400.0
2006-08-28,5.371,5.405,5.25,5.325,1340500.0
2006-08-29,5.326,5.349,5.306,5.32,1084000.0
2006-08-30,5.32,5.376,5.231,5.26,3508900.0
2006-08-31,5.279,5.304,5.248,5.254,4709100.0
2006-09-01,5.255,5.34,5.212,5.289,2413900.0
2006-09-04,5.32,5.32,5.24,5.28,2810000.0
2006-09-05,5.293,5.293,5.24,5.269,2784000.0
2006-09-06,5.27,5.274,5.244,5.27,6115800.0
2006-09-07,5.25,5.29,5.16,5.225,3108900.0
2006-09-08,5.225,5.279,5.181,5.24,4975800.0
2006-09-11,5.22,5.235,5.17,5.198,4090300.0
2006-09-12,5.229,5.23,5.183,5.199,2007800.0
2006-09-13,5.2,5.2,5.11,5.18,3470600.0
2006-09-14,5.19,5.19,5.083,5.111,3469900.0
2006-09-15,5.119,5.15,5.1,5.113,1333000.0
2006-09-18,5.141,5.145,5.08,5.119,2181000.0
2006-09-19,5.12,5.14,5.112,5.116,782500.0
2006-09-20,5.082,5.34,5.065,5.33,7715700.0
2006-09-21,5.31,5.44,5.1,5.151,11281300.0
2006-09-22,5.151,5.25,5.08,5.08,4918200.0
2006-09-25,5.101,5.148,5.033,5.094,2567200.0
2006-09-26,5.131,5.2,5.09,5.12,2826900.0
2006-09-27,5.12,5.216,5.089,5.145,3787700.0
2006-09-28,5.169,5.199,5.15,5.16,3070600.0
2006-09-29,5.18,5.209,5.126,5.128,2850700.0
2006-10-02,5.144,5.144,5.103,5.13,1711400.0
2006-10-03,5.102,5.129,5.093,5.115,2436800.0
2006-10-04,5.115,5.129,5.101,5.11,2326300.0
2006-10-05,5.144,5.35,5.095,5.288,12183100.0
2006-10-06,5.25,5.444,5.24,5.414,8302900.0
2006-10-09,5.383,5.4,5.306,5.379,4278500.0
2006-10-10,5.38,5.452,5.3,5.339,3951600.0
2006-10-11,5.32,5.37,5.0,5.17,15585200.0
2006-10-12,5.16,5.2,5.13,5.16,4011400.0
2006-10-13,5.16,5.198,5.14,5.165,5897800.0
2006-10-16,5.178,5.19,5.136,5.156,2743600.0
2006-10-17,5.18,5.199,5.139,5.145,3031900.0
2006-10-18,5.15,5.18,5.139,5.156,2461400.0
2006-10-19,5.16,5.168,5.142,5.146,1142100.0
2006-10-20,5.165,5.2,5.104,5.12,5766200.0
2006-10-23,5.135,5.139,5.102,5.138,985600.0
2006-10-24,5.143,5.2,5.06,5.095,6031400.0
2006-10-25,5.112,5.114,5.085,5.105,2468500.0
2006-10-26,5.129,5.129,5.086,5.09,3060200.0
2006-10-27,5.09,5.151,5.037,5.131,3583500.0
2006-10-30,5.131,5.14,5.065,5.122,3104000.0
2006-10-31,5.101,5.149,5.1,5.14,4081000.0
2006-11-01,5.145,5.18,5.116,5.173,2631800.0
2006-11-02,5.155,5.205,5.141,5.148,2110700.0
2006-11-03,5.198,5.198,5.151,5.178,2056300.0
2006-11-07,5.17,5.178,5.145,5.162,3056400.0
2006-11-08,5.164,5.164,5.117,5.136,1073800.0
2006-11-09,5.097,5.179,5.097,5.149,3435100.0
2006-11-10,5.15,5.16,5.113,5.147,1498500.0
2006-11-13,5.149,5.158,5.091,5.109,2392200.0
2006-11-14,5.12,5.166,5.1,5.136,3933400.0
2006-11-15,5.122,5.155,5.111,5.133,1557200.0
2006-11-16,5.139,5.151,5.09,5.126,11572500.0
2006-11-17,5.127,5.152,5.1,5.108,6423400.0
2006-11-20,5.108,5.14,5.108,5.12,1326100.0
2006-11-21,5.121,5.121,5.061,5.083,7571800.0
2006-11-22,5.089,5.089,5.041,5.073,3789500.0
2006-11-23,5.073,5.089,5.063,5.078,1896600.0
2006-11-24,5.078,5.1,5.06,5.079,2086400.0
2006-11-27,5.079,5.083,5.065,5.07,1303900.0
2006-11-28,5.062,5.075,5.049,5.064,2783700.0
2006-11-29,5.065,5.123,5.052,5.11,3773200.0
2006-11-30,5.127,5.127,5.07,5.07,3897500.0
2006-12-01,5.08,5.092,5.057,5.081,2055200.0
2006-12-04,5.079,5.117,5.07,5.095,6590000.0
2006-12-05,5.105,5.113,5.087,5.096,3671000.0
2006-12-06,5.11,5.2,5.095,5.19,11647200.0
2006-12-07,5.19,5.555,5.141,5.447,33456100.0
2006-12-08,5.384,5.55,5.37,5.442,8713500.0
2006-12-11,5.442,5.485,5.3,5.399,12339600.0
2006-12-12,5.381,5.44,5.3,5.356,10218800.0
2006-12-13,5.329,5.35,5.161,5.208,10690400.0
2006-12-14,5.21,5.298,5.19,5.22,4118000.0
2006-12-15,5.22,5.32,5.2,5.299,4453700.0
2006-12-18,5.29,5.298,5.22,5.249,3918000.0
2006-12-19,5.248,5.248,5.05,5.126,4728900.0
2006-12-20,5.152,5.228,5.15,5.18,3459900.0
2006-12-21,5.18,5.24,5.131,5.16,2805600.0
2006-12-22,5.173,5.199,5.105,5.181,2426700.0
2006-12-25,5.179,5.395,5.165,5.355,19844700.0
2006-12-26,5.355,5.38,5.2,5.253,9419200.0
2006-12-27,5.253,5.3,5.151,5.182,9467600.0
2006-12-28,5.182,5.317,5.105,5.27,19711100.0
2006-12-29,5.278,5.298,5.235,5.251,2246600.0
2007-01-09,5.19,5.2,5.052,5.13,5504500.0
2007-01-10,5.129,5.13,4.998,5.076,6916200.0
2007-01-11,5.075,5.15,5.07,5.126,5275300.0
2007-01-12,5.125,5.179,5.11,5.175,7553600.0
2007-01-15,5.175,5.21,5.14,5.205,9788800.0
2007-01-16,5.209,5.438,5.195,5.309,23255800.0
2007-01-17,5.31,5.449,5.211,5.28,20815200.0
2007-01-18,5.32,5.35,5.19,5.23,12023000.0
2007-01-19,5.23,5.3,5.15,5.3,9276200.0
2007-01-22,5.3,5.35,5.25,5.284,6058500.0
2007-01-23,5.284,5.387,5.279,5.352,23169400.0
2007-01-24,5.37,5.5,5.362,5.429,28124800.0
2007-01-25,5.477,5.555,5.411,5.44,22193000.0
2007-01-26,5.415,5.451,5.35,5.375,7077600.0
2007-01-29,5.376,5.483,5.25,5.25,9794300.0
2007-01-30,5.26,5.33,5.25,5.32,5354200.0
2007-01-31,5.35,5.429,5.325,5.345,8728500.0
2007-02-01,5.371,5.395,5.29,5.3,10552300.0
2007-02-02,5.35,5.387,5.29,5.319,7038400.0
2007-02-05,5.319,5.355,5.302,5.34,12155700.0
2007-02-06,5.34,5.428,5.326,5.42,48546200.0
2007-02-07,5.428,5.463,5.351,5.37,35168700.0
2007-02-08,5.37,5.38,5.288,5.289,8733400.0
2007-02-09,5.314,7.415,5.243,7.34,272048800.0
2007-02-12,6.659,8.5,6.659,6.9,401876200.0
2007-02-13,6.85,7.13,5.954,6.37,260191800.0
2007-02-14,6.5,6.55,5.738,5.92,123078100.0
2007-02-15,5.95,6.08,5.64,5.948,169181200.0
2007-02-16,5.954,6.31,5.853,6.21,101612100.0
2007-02-19,6.288,6.294,6.18,6.21,44102200.0
2007-02-20,6.235,6.88,6.185,6.736,258200400.0
2007-02-21,6.77,6.999,6.613,6.877,207336100.0
2007-02-22,6.933,6.96,6.63,6.717,86243100.0
2007-02-26,6.71,6.852,6.666,6.777,27264900.0
2007-02-27,6.777,6.777,6.24,6.42,47145600.0
2007-02-28,6.22,6.396,6.011,6.256,48261300.0
2007-03-01,6.22,6.349,5.905,6.062,48514700.0
2007-03-02,6.084,6.239,5.922,6.056,25605100.0
2007-03-05,5.8,5.83,5.51,5.65,28626000.0
2007-03-06,5.747,6.188,5.652,5.949,98424700.0
2007-03-07,6.097,6.3,5.97,6.2,74593500.0
2007-03-09,6.36,6.389,6.14,6.248,49940100.0
2007-03-12,6.234,6.43,6.234,6.319,49406700.0
2007-03-13,6.319,6.359,6.19,6.245,36237100.0
2007-03-14,5.93,5.964,5.71,5.938,36843600.0
2007-03-15,6.05,6.19,6.003,6.152,42175800.0
2007-03-16,6.15,6.2,6.08,6.125,12646000.0
2007-03-19,6.17,6.27,6.17,6.269,18315700.0
2007-03-20,6.29,6.32,6.171,6.205,22042200.0
2007-03-21,6.22,6.699,6.19,6.499,96630900.0
2007-03-22,6.63,6.65,6.41,6.471,45004500.0
2007-03-23,6.471,6.59,6.4,6.5,30782600.0
2007-03-26,6.525,6.545,6.435,6.447,12995700.0
2007-03-27,6.41,6.49,6.3,6.355,16144400.0
2007-03-28,6.305,6.52,6.301,6.427,15846100.0
2007-03-29,6.486,6.629,6.43,6.589,41242800.0
2007-03-30,6.61,6.77,6.37,6.401,51919400.0
2007-04-02,6.41,6.528,6.41,6.431,12668400.0
2007-04-03,6.455,6.459,6.303,6.401,16852800.0
2007-04-04,6.42,6.53,6.38,6.43,16249700.0
2007-04-05,6.422,6.683,6.412,6.6,54436600.0
2007-04-06,6.62,6.68,6.543,6.6,21128300.0
2007-04-09,6.64,6.733,6.61,6.697,22644300.0
2007-04-10,6.658,6.711,6.586,6.668,10958800.0
2007-04-11,6.675,6.692,6.633,6.64,10261900.0
2007-04-12,6.594,6.65,6.47,6.6,18052600.0
2007-04-13,6.599,6.977,6.599,6.85,40579300.0
2007-04-16,6.826,6.96,6.793,6.886,26979500.0
2007-04-17,6.899,6.9,6.717,6.801,17708400.0
2007-04-18,6.8,6.89,6.7,6.7,13522800.0
2007-04-19,6.7,6.7,6.42,6.442,19428300.0
2007-04-20,6.501,6.64,6.501,6.587,7239700.0
2007-04-23,6.61,6.649,6.52,6.562,8741400.0
2007-04-24,6.599,6.629,6.45,6.531,19274700.0
2007-04-25,6.51,6.53,6.461,6.512,7026200.0
2007-04-26,6.578,6.595,6.351,6.435,9792500.0
2007-04-27,6.435,6.435,6.0,6.117,36077100.0
2007-04-28,6.2,6.23,6.067,6.085,9044200.0
2007-05-02,6.085,6.179,5.985,6.016,9678500.0
2007-05-03,6.022,6.21,5.952,6.16,25112700.0
2007-05-04,6.15,6.275,6.14,6.19,10180300.0
2007-05-07,6.19,6.249,6.163,6.206,4329100.0
2007-05-08,6.186,6.26,6.177,6.2,4391800.0
2007-05-10,6.21,6.242,6.017,6.11,8012400.0
2007-05-11,6.03,6.035,5.62,5.94,8559000.0
2007-05-14,6.058,6.2,5.9,6.196,10495400.0
2007-05-15,6.21,6.44,6.0,6.266,35471200.0
2007-05-16,6.305,6.349,6.2,6.301,21414500.0
2007-05-17,6.338,6.355,6.204,6.219,17171100.0
2007-05-18,6.213,6.296,6.158,6.216,4267100.0
2007-05-21,6.245,6.266,6.19,6.216,2621400.0
2007-05-22,6.223,6.23,6.136,6.15,5552000.0
2007-05-23,6.144,6.168,5.945,5.966,9184800.0
2007-05-24,6.0,6.0,5.74,5.85,11478100.0
2007-05-25,5.75,6.11,5.738,6.005,16542100.0
2007-05-28,6.075,6.08,5.905,5.998,4660100.0
2007-05-29,6.02,6.02,5.849,5.864,10610200.0
2007-05-30,5.8,6.01,5.702,5.989,13344200.0
2007-05-31,6.012,6.06,5.955,6.038,12992600.0
2007-06-01,6.037,6.07,5.96,6.05,12122600.0
2007-06-04,6.055,6.1,5.93,5.951,8520100.0
2007-06-05,5.961,6.05,5.959,6.009,10350200.0
2007-06-06,6.018,6.219,6.011,6.049,14966400.0
2007-06-07,6.03,6.098,5.925,5.96,12007800.0
2007-06-08,5.912,6.001,5.9,5.99,8618200.0
2007-06-09,6.0,6.045,5.984,6.024,6093500.0
2007-06-13,6.02,6.04,5.99,6.01,8549700.0
2007-06-14,6.038,6.049,5.998,6.01,15379500.0
2007-06-15,6.024,6.029,5.97,5.993,6550200.0
2007-06-18,6.007,6.017,5.99,6.011,4561100.0
2007-06-19,6.01,6.02,5.955,5.975,5519700.0
2007-06-20,6.0,6.024,5.983,6.02,7108600.0
2007-06-21,6.02,6.022,5.97,5.971,3046700.0
2007-06-22,5.998,6.001,5.968,5.977,4841800.0
2007-06-25,5.973,5.973,5.857,5.883,4395200.0
2007-06-26,5.883,5.939,5.871,5.907,5146700.0
2007-06-27,5.908,6.169,5.891,6.065,37218800.0
2007-06-28,6.099,6.14,6.03,6.03,4941200.0
2007-06-29,6.063,6.169,6.03,6.06,9456200.0
2007-07-02,6.06,6.098,6.041,6.062,8969800.0
2007-07-03,6.088,6.099,6.051,6.06,7691100.0
2007-07-04,6.07,6.24,6.035,6.05,40208000.0
2007-07-05,6.05,6.079,5.999,6.04,17336500.0
2007-07-06,6.05,6.05,6.01,6.029,4583300.0
2007-07-09,6.04,6.066,6.016,6.049,5285600.0
2007-07-10,6.059,6.063,5.94,5.97,6382100.0
2007-07-11,5.929,6.011,5.92,5.975,5270300.0
2007-07-12,6.009,6.04,5.984,6.01,10092600.0
2007-07-13,6.027,6.04,5.988,6.004,8009200.0
2007-07-16,6.01,6.018,5.945,5.95,8692000.0
2007-07-17,5.954,5.968,5.903,5.94,4662000.0
2007-07-18,5.94,5.94,5.777,5.819,19789200.0
2007-07-19,5.848,5.92,5.841,5.918,9785300.0
2007-07-20,5.92,5.945,5.85,5.898,7048900.0
2007-07-23,5.873,5.991,5.873,5.963,12102500.0
2007-07-24,5.974,5.999,5.916,5.925,9220400.0
2007-07-25,5.857,5.932,5.857,5.91,5574100.0
2007-07-26,5.93,5.953,5.8,5.801,9986200.0
2007-07-27,5.75,5.864,5.73,5.784,11251900.0
2007-07-30,5.817,5.87,5.75,5.755,3388800.0
2007-07-31,5.79,5.856,5.757,5.823,3796000.0
2007-08-01,5.76,5.8,5.706,5.771,4175400.0
2007-08-02,5.781,5.929,5.761,5.89,5800000.0
2007-08-03,5.9,6.03,5.845,5.984,14743200.0
2007-08-06,5.852,6.157,5.852,6.126,45807300.0
2007-08-07,6.14,6.159,6.09,6.097,25671200.0
2007-08-08,6.13,6.149,6.089,6.115,7377500.0
2007-08-09,6.119,6.13,5.877,5.9,7370200.0
2007-08-10,5.85,5.953,5.816,5.898,6406600.0
2007-08-13,5.93,5.99,5.902,5.96,3521100.0
2007-08-14,5.94,6.018,5.9,5.978,3207500.0
2007-08-15,5.881,5.92,5.88,5.881,1547000.0
2007-08-16,5.8,5.968,5.8,5.96,8156800.0
2007-08-17,5.92,5.968,5.852,5.9,6621800.0
2007-08-20,5.94,5.941,5.873,5.9,3137900.0
2007-08-21,5.886,5.918,5.822,5.9,4864000.0
2007-08-22,5.865,5.99,5.862,5.961,5622800.0
2007-08-23,5.953,6.018,5.941,5.99,3901900.0
2007-08-24,5.962,5.98,5.93,5.971,2561600.0
2007-08-27,5.999,6.063,5.971,5.971,10065100.0
2007-08-28,5.962,6.018,5.921,6.0,2994000.0
2007-08-29,5.949,6.149,5.931,6.05,22115900.0
2007-08-30,6.099,6.1,6.012,6.027,6458800.0
2007-08-31,6.04,6.079,6.034,6.065,11040400.0
2007-09-03,6.086,6.14,6.048,6.098,7679300.0
2007-09-04,6.095,6.095,6.002,6.095,4311300.0
2007-09-05,6.088,6.1,6.041,6.055,2975400.0
2007-09-06,6.069,6.075,6.005,6.032,3343900.0
2007-09-07,6.037,6.039,5.97,6.025,3785000.0
2007-09-10,5.979,6.02,5.972,6.0,1600900.0
2007-09-11,6.25,6.36,6.186,6.233,43506500.0
2007-09-12,6.201,6.288,6.2,6.229,10032100.0
2007-09-13,6.222,6.25,6.193,6.233,3703100.0
2007-09-14,6.233,6.258,6.2,6.252,6905700.0
2007-09-17,6.25,6.27,6.21,6.231,9698200.0
2007-09-18,6.212,6.26,6.212,6.25,4904200.0
2007-09-19,6.28,6.299,6.232,6.25,7835700.0
2007-09-20,6.23,6.254,6.22,6.25,10431200.0
2007-09-21,6.252,6.27,6.22,6.25,9129900.0
2007-09-24,6.25,6.253,6.211,6.241,21054400.0
2007-09-25,6.247,6.27,6.242,6.25,18506200.0
2007-09-26,6.248,6.27,6.24,6.264,28041200.0
2007-09-27,6.27,6.27,6.241,6.255,9861400.0
2007-09-28,6.255,6.271,6.25,6.259,2553900.0
2007-10-01,6.251,6.28,6.245,6.261,3967400.0
2007-10-02,6.27,6.289,6.252,6.262,3372800.0
2007-10-03,6.255,6.31,6.255,6.28,5084200.0
2007-10-04,6.271,6.302,6.252,6.3,6659100.0
2007-10-05,6.304,6.328,6.29,6.315,5201100.0
2007-10-08,6.34,6.345,6.282,6.305,3646700.0
2007-10-09,6.307,6.327,6.3,6.311,3229700.0
2007-10-10,6.311,6.349,6.266,6.311,9779300.0
2007-10-11,6.3,6.388,6.3,6.38,9327500.0
2007-10-12,6.37,6.37,6.312,6.329,2805400.0
2007-10-15,6.329,6.372,6.32,6.351,1933600.0
2007-10-16,6.3,6.38,6.3,6.38,2377400.0
2007-10-17,6.38,6.38,6.34,6.37,1301900.0
2007-10-18,6.372,6.378,6.333,6.35,927700.0
2007-10-19,6.35,6.38,6.337,6.37,3456100.0
2007-10-22,6.314,6.4,6.314,6.339,2004400.0
2007-10-23,6.35,6.4,6.35,6.359,4635400.0
2007-10-24,6.36,6.37,6.35,6.36,3576300.0
2007-10-25,6.338,6.399,6.323,6.366,4153200.0
2007-10-26,6.37,6.398,6.355,6.389,4974400.0
2007-10-29,6.4,6.4,6.362,6.39,5689300.0
2007-10-30,6.4,6.42,6.376,6.39,7368500.0
2007-10-31,6.381,6.389,6.351,6.378,2835100.0
2007-11-01,6.37,6.415,6.35,6.39,6079300.0
2007-11-02,6.375,6.399,6.358,6.39,1704900.0
2007-11-06,6.399,6.399,6.361,6.394,5216700.0
2007-11-07,6.383,6.43,6.38,6.4,11624200.0
2007-11-08,6.4,6.445,6.38,6.42,13540400.0
2007-11-09,6.4,6.433,6.374,6.39,1412100.0
2007-11-12,6.39,6.418,6.381,6.383,716400.0
2007-11-13,6.383,6.409,6.374,6.385,4648000.0
2007-11-14,6.395,6.416,6.376,6.385,3827100.0
2007-11-15,6.381,6.399,6.368,6.372,1542300.0
2007-11-16,6.373,6.395,6.353,6.366,1338300.0
2007-11-19,6.35,6.38,5.27,6.21,6171300.0
2007-11-20,6.249,6.249,6.1,6.15,3433500.0
2007-11-21,6.15,6.15,6.033,6.05,3117400.0
2007-11-22,6.11,6.11,6.021,6.03,4287200.0
2007-11-23,6.041,6.06,5.951,5.978,1543600.0
2007-11-26,5.985,6.0,5.834,5.992,3162000.0
2007-11-27,5.991,5.992,5.911,5.949,2016800.0
2007-11-28,5.959,5.979,5.9,5.941,3366000.0
2007-11-29,5.99,5.999,5.939,5.961,4926200.0
2007-11-30,5.972,6.3,5.931,5.98,18049900.0
2007-12-03,5.997,6.019,5.951,5.976,5055100.0
2007-12-04,5.98,5.986,5.952,5.959,1680700.0
2007-12-05,5.96,5.991,5.94,5.975,4196700.0
2007-12-06,5.981,6.078,5.98,6.036,5055400.0
2007-12-07,6.053,6.086,6.032,6.05,5269900.0
2007-12-10,6.05,6.175,6.05,6.151,3122100.0
2007-12-11,6.157,6.219,6.111,6.15,4541200.0
2007-12-12,6.14,6.195,6.108,6.163,3053200.0
2007-12-13,6.148,6.184,6.091,6.15,5348000.0
2007-12-14,6.148,6.185,6.092,6.12,877000.0
2007-12-17,6.09,6.1,6.035,6.067,3364800.0
2007-12-18,6.082,6.119,6.061,6.073,1609500.0
2007-12-19,6.099,6.116,6.055,6.064,886200.0
2007-12-20,6.07,6.109,6.061,6.08,1932000.0
2007-12-21,6.09,6.098,6.065,6.066,1661300.0
2007-12-24,6.071,6.095,6.021,6.042,6387000.0
2007-12-25,6.042,6.082,6.0,6.04,4034800.0
2007-12-26,6.013,6.06,6.013,6.02,5276300.0
2007-12-27,6.021,6.091,6.014,6.03,3775700.0
2007-12-28,6.025,6.048,5.893,5.93,12982400.0
2008-01-09,5.928,5.974,5.853,5.905,1409000.0
2008-01-10,5.926,5.969,5.882,5.95,2065300.0
2008-01-11,5.975,5.975,5.9,5.95,2439800.0
2008-01-14,5.948,5.98,5.88,5.955,8082500.0
2008-01-15,5.979,6.097,5.947,6.0,7675800.0
2008-01-16,5.95,6.009,5.89,5.927,11753900.0
2008-01-17,5.93,5.997,5.861,5.926,11226000.0
2008-01-18,5.861,5.965,5.804,5.9,5875400.0
2008-01-21,5.9,5.964,5.612,5.628,5886900.0
2008-01-22,5.628,5.628,4.4,5.529,25045100.0
2008-01-23,5.53,5.74,5.251,5.35,6087800.0
2008-01-24,5.549,5.645,5.4,5.51,3209100.0
2008-01-25,5.562,5.794,5.47,5.741,5811000.0
2008-01-28,5.51,5.6,5.36,5.5,6043400.0
2008-01-29,5.58,5.688,5.501,5.66,2214800.0
2008-01-30,5.641,5.79,5.621,5.63,6147900.0
2008-01-31,5.728,5.848,5.371,5.577,2119400.0
2008-02-01,5.651,5.777,5.55,5.7,1368500.0
2008-02-04,5.7,5.8,5.678,5.71,1864600.0
2008-02-05,5.8,5.843,5.65,5.67,3158800.0
2008-02-06,5.55,5.8,5.45,5.721,3064200.0
2008-02-07,5.725,5.749,5.555,5.662,934200.0
2008-02-08,5.699,5.8,5.561,5.69,6390800.0
2008-02-11,5.71,5.8,5.611,5.722,966100.0
2008-02-12,5.798,5.99,5.73,5.965,1975000.0
2008-02-13,5.965,5.979,5.751,5.917,934700.0
2008-02-14,5.969,6.0,5.78,5.93,1511800.0
2008-02-15,5.9,5.93,5.68,5.7,1416200.0
2008-02-18,5.702,5.774,5.661,5.718,1845400.0
2008-02-19,5.719,5.72,5.6,5.62,1211700.0
2008-02-20,5.675,5.675,5.554,5.64,1209600.0
2008-02-21,5.699,5.709,5.617,5.697,3386700.0
2008-02-22,5.67,5.7,5.561,5.689,3624900.0
2008-02-26,5.698,5.74,5.655,5.67,1621700.0
2008-02-27,5.67,5.8,5.617,5.703,8294600.0
2008-02-28,5.7,5.75,5.612,5.673,536500.0
2008-02-29,5.689,5.698,5.604,5.65,774400.0
2008-03-03,5.606,5.606,5.301,5.584,2249900.0
2008-03-04,5.59,5.6,5.5,5.576,1939100.0
2008-03-05,5.576,5.585,5.471,5.569,1583100.0
2008-03-06,5.57,5.59,5.514,5.56,624800.0
2008-03-07,5.56,5.596,5.503,5.588,872900.0
2008-03-11,5.546,5.6,5.501,5.598,649700.0
2008-03-12,5.6,5.6,5.535,5.575,695700.0
2008-03-13,5.565,5.579,5.533,5.57,1022600.0
2008-03-14,5.6,5.6,5.499,5.586,2394000.0
2008-03-17,5.54,5.58,5.17,5.3,3327700.0
2008-03-18,5.374,5.374,5.203,5.319,1738900.0
2008-03-19,5.4,5.4,5.152,5.19,491100.0
2008-03-20,5.248,5.248,5.011,5.17,632300.0
2008-03-21,5.155,5.233,5.108,5.15,296200.0
2008-03-24,5.15,5.217,5.061,5.122,748200.0
2008-03-25,5.152,5.169,5.077,5.12,854800.0
2008-03-26,5.119,5.129,5.036,5.059,760800.0
2008-03-27,5.082,5.082,5.015,5.045,1690000.0
2008-03-28,5.046,5.048,4.83,4.89,2937200.0
2008-03-31,4.89,4.999,4.79,4.916,3245800.0
2008-04-01,4.916,5.0,4.915,4.988,3431000.0
2008-04-02,4.999,5.041,4.954,5.002,2759600.0
2008-04-03,5.012,5.069,4.85,4.93,5299800.0
2008-04-04,4.936,4.959,4.8,4.869,2111000.0
2008-04-07,4.851,4.88,4.815,4.821,511500.0
2008-04-08,4.847,4.878,4.798,4.811,862500.0
2008-04-09,4.811,4.852,4.8,4.84,702200.0
2008-04-10,4.801,4.877,4.79,4.819,231200.0
2008-04-11,4.75,4.85,4.75,4.754,1015200.0
2008-04-14,4.827,4.827,4.663,4.686,814100.0
2008-04-15,4.652,4.696,4.433,4.5,3277200.0
2008-04-16,4.545,4.69,4.496,4.55,3718300.0
2008-04-17,4.586,4.67,4.48,4.508,2451700.0
2008-04-18,4.51,4.536,4.454,4.471,1352400.0
2008-04-21,4.497,4.499,4.39,4.409,2422000.0
2008-04-22,4.402,4.415,4.151,4.227,5781300.0
2008-04-23,4.26,4.279,3.912,4.011,10677900.0
2008-04-24,4.02,4.05,3.962,4.02,4766300.0
2008-04-25,4.02,4.187,3.973,4.154,3073600.0
2008-04-28,4.154,4.169,4.033,4.099,899200.0
2008-04-29,4.04,4.13,4.025,4.09,813000.0
2008-04-30,4.101,4.101,4.06,4.1,813100.0
2008-05-04,4.096,4.2,4.07,4.14,1350700.0
2008-05-05,4.15,4.18,4.1,4.155,978500.0
2008-05-06,4.168,4.18,4.1,4.11,389800.0
2008-05-07,4.109,4.147,4.108,4.135,732300.0
2008-05-08,4.135,4.249,4.134,4.169,4251100.0
2008-05-12,4.151,4.377,4.12,4.365,4220900.0
2008-05-13,4.37,4.477,4.37,4.455,3331200.0
2008-05-14,4.456,4.484,4.413,4.451,1271700.0
2008-05-15,4.461,4.529,4.352,4.426,2078700.0
2008-05-16,4.402,4.48,4.364,4.4,1464800.0
2008-05-19,4.457,4.486,4.37,4.419,1092300.0
2008-05-20,4.419,4.419,4.37,4.39,1052100.0
2008-05-21,4.426,4.46,4.361,4.422,1736500.0
2008-05-22,4.449,4.449,4.381,4.43,1457400.0
2008-05-23,4.44,4.44,4.39,4.415,1831700.0
2008-05-26,4.429,4.447,4.4,4.421,323600.0
2008-05-27,4.421,4.441,4.39,4.42,589700.0
2008-05-28,4.332,4.42,4.25,4.399,1297500.0
2008-05-29,4.385,4.42,4.261,4.39,1177800.0
2008-05-30,4.39,4.39,4.301,4.385,554700.0
2008-06-02,4.372,4.419,4.349,4.37,839700.0
2008-06-03,4.37,4.397,4.291,4.359,2649500.0
2008-06-04,4.359,4.37,4.25,4.295,3190300.0
2008-06-05,4.315,4.329,4.237,4.288,629800.0
2008-06-06,4.31,4.322,4.262,4.285,619800.0
2008-06-07,4.294,4.325,4.23,4.295,391900.0
2008-06-09,4.32,4.325,4.169,4.281,691600.0
2008-06-10,4.288,4.288,4.203,4.215,448200.0
2008-06-11,4.229,4.23,4.18,4.19,1272800.0
2008-06-16,4.191,4.219,4.162,4.191,389900.0
2008-06-17,4.191,4.288,4.0,4.213,2216700.0
2008-06-18,4.21,4.28,4.175,4.198,3967300.0
2008-06-19,4.21,4.269,4.159,4.228,4362700.0
2008-06-20,4.19,4.91,4.17,4.833,33968700.0
2008-06-24,4.75,4.8,4.3,4.389,11536300.0
2008-06-25,4.39,4.414,4.223,4.288,4801200.0
2008-06-26,4.245,4.59,4.245,4.446,8045200.0
2008-06-27,4.446,4.48,4.331,4.425,2985100.0
2008-06-30,4.442,4.649,4.341,4.459,3897900.0
2008-07-01,4.496,4.499,4.2,4.268,5799800.0
2008-07-02,4.22,4.67,4.181,4.651,18284900.0
2008-07-03,4.52,4.777,4.458,4.526,7773800.0
2008-07-04,4.39,4.5,4.115,4.184,15945100.0
2008-07-07,4.2,4.305,3.992,4.049,41620000.0
2008-07-08,3.992,3.999,3.62,3.7,49967900.0
2008-07-09,3.749,3.779,3.65,3.731,14319100.0
2008-07-10,3.65,3.741,3.606,3.653,11612100.0
2008-07-11,3.699,3.74,3.506,3.506,11079500.0
2008-07-14,3.506,3.534,3.455,3.528,7927800.0
2008-07-15,3.501,3.505,3.391,3.469,7055000.0
2008-07-16,3.45,3.498,3.392,3.425,4860000.0
2008-07-17,3.44,3.483,3.38,3.399,10566500.0
2008-07-18,3.4,3.43,3.315,3.323,7228700.0
2008-07-21,3.315,3.35,3.201,3.249,11992200.0
2008-07-22,3.248,3.248,3.155,3.206,8506400.0
2008-07-23,3.206,3.59,3.195,3.32,23415300.0
2008-07-24,3.3,3.39,3.223,3.246,6966000.0
2008-07-25,3.203,3.27,3.082,3.19,25260500.0
2008-07-28,3.25,3.309,3.09,3.141,8082200.0
2008-07-29,3.14,3.151,2.921,2.97,13019600.0
2008-07-30,3.0,3.19,2.92,3.109,18713100.0
2008-07-31,3.165,3.195,3.061,3.13,6928200.0
2008-08-01,3.1,3.18,3.059,3.12,11526400.0
2008-08-04,3.12,3.175,3.036,3.058,11374200.0
2008-08-05,3.055,3.091,2.85,2.899,5864600.0
2008-08-06,2.93,3.0,2.7,2.851,7106500.0
2008-08-07,2.889,2.99,2.822,2.941,9150400.0
2008-08-08,2.898,2.985,2.856,2.945,11879300.0
2008-08-11,2.851,2.965,2.266,2.85,11528400.0
2008-08-12,2.85,2.99,2.799,2.96,4249400.0
2008-08-13,2.959,2.995,2.86,2.95,1759900.0
2008-08-14,2.948,3.05,2.948,2.998,4483100.0
2008-08-15,3.0,3.05,2.952,2.998,3459900.0
2008-08-18,2.981,3.049,2.951,2.98,2455100.0
2008-08-19,2.956,2.957,2.818,2.865,9567500.0
2008-08-20,2.898,2.898,2.84,2.852,4695300.0
2008-08-21,2.887,2.887,2.765,2.85,1932000.0
2008-08-22,2.851,2.879,2.785,2.85,1429900.0
2008-08-25,2.817,2.858,2.637,2.637,4255900.0
2008-08-26,2.64,2.684,2.35,2.4,10671400.0
2008-08-27,2.419,2.47,2.35,2.38,3965100.0
2008-08-28,2.387,2.68,2.37,2.5,6323700.0
2008-08-29,2.514,2.585,2.468,2.49,1855000.0
2008-09-01,2.49,2.549,2.45,2.493,3829500.0
2008-09-02,2.472,2.53,2.416,2.44,7628200.0
2008-09-03,2.44,2.444,2.33,2.35,6561100.0
2008-09-04,2.352,2.378,2.283,2.309,6211300.0
2008-09-05,2.271,2.3,2.101,2.162,9881800.0
2008-09-08,2.18,2.299,2.111,2.12,3935000.0
2008-09-09,2.131,2.131,1.8,1.804,8773900.0
2008-09-10,1.8,1.8,1.499,1.638,16083600.0
2008-09-11,1.67,1.719,1.402,1.52,11189000.0
2008-09-12,1.577,1.61,1.4,1.534,21404900.0
2008-09-15,1.53,1.68,1.301,1.375,19212800.0
2008-09-16,1.318,1.36,1.0,1.12,22370200.0
2008-09-17,1.17,1.2,0.99,1.025,14077700.0
2008-09-19,1.2,1.5,1.124,1.36,19011900.0
2008-09-22,1.421,1.608,1.361,1.375,21428800.0
2008-09-23,1.36,1.42,1.3,1.382,14344300.0
2008-09-24,1.4,1.51,1.383,1.441,14237100.0
2008-09-25,1.441,1.445,1.4,1.427,9595700.0
2008-09-26,1.431,1.455,1.38,1.4,7597600.0
2008-09-29,1.41,1.436,1.351,1.405,10487900.0
2008-09-30,1.321,1.6,1.31,1.51,24290600.0
2008-10-01,1.559,1.58,1.456,1.496,13599600.0
2008-10-02,1.466,1.5,1.43,1.474,6569100.0
2008-10-03,1.48,1.498,1.375,1.46,11570000.0
2008-10-06,1.495,1.495,1.179,1.24,6331800.0
2008-10-07,1.249,1.3,1.1,1.24,25999700.0
2008-10-08,1.13,1.2,0.98,1.06,2311100.0
2008-10-09,1.2,1.333,1.07,1.1,8722000.0
2008-10-13,1.179,1.179,1.0,1.09,5077700.0
2008-10-14,1.147,1.17,1.09,1.11,26315000.0
2008-10-15,1.1,1.145,1.047,1.06,11411600.0
2008-10-16,1.0,1.28,0.755,0.929,18623300.0
2008-10-17,0.975,1.0,0.86,0.94,12609600.0
2008-10-20,0.941,1.049,0.926,0.979,10548500.0
2008-10-21,0.998,1.004,0.96,0.98,11682000.0
2008-10-22,0.958,1.039,0.9,0.946,55266800.0
2008-10-23,0.93,0.958,0.888,0.906,11847400.0
2008-10-24,0.9,0.91,0.69,0.691,5174200.0
2008-10-28,0.726,0.726,0.664,0.7,12862100.0
2008-10-29,0.73,0.767,0.708,0.739,29948500.0
2008-10-30,0.747,0.88,0.747,0.851,29363900.0
2008-10-31,0.85,0.864,0.799,0.86,11973700.0
2008-11-01,0.884,1.037,0.853,0.905,16437300.0
2008-11-05,0.993,1.151,0.99,1.06,36973000.0
2008-11-06,1.011,1.019,0.839,0.965,16618700.0
2008-11-07,0.96,1.01,0.921,1.003,14462900.0
2008-11-10,1.05,1.094,1.017,1.049,10287500.0
2008-11-11,1.021,1.03,0.958,0.994,9023900.0
2008-11-13,0.9,1.2,0.856,1.099,30221800.0
2008-11-14,1.15,1.17,1.11,1.16,13643000.0
2008-11-17,1.173,1.173,0.999,1.0,12395700.0
2008-11-18,1.0,1.04,0.93,0.983,13985300.0
2008-11-19,1.0,1.0,0.91,0.943,5488200.0
2008-11-20,0.901,0.929,0.812,0.83,13979200.0
2008-11-21,0.85,0.87,0.8,0.85,10890500.0
2008-11-24,0.902,1.0,0.86,0.952,10002600.0
2008-11-25,0.998,0.999,0.94,0.967,8945700.0
2008-11-26,0.984,0.995,0.956,0.97,6674500.0
2008-11-27,1.001,1.255,0.982,1.175,45830500.0
2008-11-28,1.2,1.23,1.115,1.17,19107400.0
2008-12-01,1.17,1.229,1.03,1.034,6391500.0
2008-12-02,0.96,1.04,0.96,1.039,15605900.0
2008-12-03,1.051,1.18,1.031,1.06,10159900.0
2008-12-04,1.061,1.077,1.005,1.04,6072000.0
2008-12-05,1.01,1.052,1.0,1.027,8119700.0
2008-12-08,1.06,1.148,1.038,1.075,24931600.0
2008-12-09,1.069,1.069,1.005,1.028,8749000.0
2008-12-10,1.038,1.049,0.99,1.003,12603000.0
2008-12-11,1.002,1.015,0.989,1.0,10180300.0
2008-12-12,0.991,1.007,0.949,0.962,9771400.0
2008-12-15,0.965,1.016,0.965,0.989,8511300.0
2008-12-16,0.986,1.005,0.972,0.983,5966900.0
2008-12-17,0.989,0.999,0.975,0.987,5702400.0
2008-12-18,0.995,1.019,0.95,0.965,15665200.0
2008-12-19,0.978,1.0,0.964,0.975,8041500.0
2008-12-22,0.984,0.999,0.967,0.984,5908000.0
2008-12-23,0.984,1.009,0.974,0.995,11769600.0
2008-12-24,0.987,1.004,0.972,0.986,7466300.0
2008-12-25,0.98,0.989,0.963,0.971,4193000.0
2008-12-26,0.979,0.98,0.924,0.95,6569200.0
2008-12-29,0.95,0.963,0.916,0.94,15588800.0
2008-12-30,0.941,0.979,0.908,0.94,6726500.0
2008-12-31,0.958,0.974,0.937,0.949,1550800.0
2009-01-11,0.95,1.019,0.95,0.982,5409200.0
2009-01-12,0.951,1.009,0.951,0.989,6180900.0
2009-01-13,0.989,1.009,0.97,0.984,7658700.0
2009-01-14,0.99,0.999,0.963,0.964,5376200.0
2009-01-15,0.97,0.978,0.931,0.941,5912800.0
2009-01-16,0.95,0.951,0.92,0.929,4172300.0
2009-01-19,0.915,0.931,0.845,0.85,7834200.0
2009-01-20,0.854,0.856,0.762,0.78,16916200.0
2009-01-21,0.785,0.79,0.734,0.779,9232100.0
2009-01-22,0.805,0.818,0.742,0.75,9914100.0
2009-01-23,0.75,0.815,0.708,0.811,38284600.0
2009-01-26,0.781,0.918,0.781,0.9,11053000.0
2009-01-27,0.89,0.901,0.85,0.861,3569600.0
2009-01-28,0.87,0.896,0.835,0.882,6528000.0
2009-01-29,0.885,0.91,0.863,0.887,27661700.0
2009-01-30,0.87,0.928,0.852,0.881,26830800.0
2009-02-02,0.887,0.887,0.856,0.869,4500900.0
2009-02-03,0.874,0.886,0.85,0.864,3514400.0
2009-02-04,0.866,0.97,0.856,0.903,16721000.0
2009-02-05,0.89,0.92,0.886,0.901,5710400.0
2009-02-06,0.902,0.96,0.884,0.946,7148900.0
2009-02-09,0.95,0.965,0.936,0.958,8765200.0
2009-02-10,0.956,0.98,0.925,0.96,12930100.0
2009-02-11,0.949,0.98,0.907,0.95,7159000.0
2009-02-12,0.95,0.97,0.931,0.932,5478700.0
2009-02-13,0.938,0.96,0.938,0.955,4094900.0
2009-02-16,0.959,0.967,0.938,0.951,3528600.0
2009-02-17,0.945,0.957,0.9,0.921,4717800.0
2009-02-18,0.91,0.938,0.88,0.899,12692100.0
2009-02-19,0.9,0.91,0.888,0.901,3933400.0
2009-02-20,0.884,0.906,0.83,0.863,7891400.0
2009-02-24,0.852,0.869,0.82,0.852,3947300.0
2009-02-25,0.87,0.906,0.865,0.883,3735200.0
2009-02-26,0.895,0.909,0.866,0.885,4046100.0
2009-02-27,0.871,0.881,0.854,0.87,2361000.0
2009-03-02,0.871,0.871,0.84,0.867,1916700.0
2009-03-03,0.851,0.885,0.851,0.875,2615200.0
2009-03-04,0.88,0.885,0.863,0.87,9945000.0
2009-03-05,0.872,0.879,0.853,0.853,4835300.0
2009-03-06,0.864,0.869,0.85,0.863,3495700.0
2009-03-10,0.86,0.889,0.85,0.884,28139400.0
2009-03-11,0.88,0.884,0.865,0.883,18407300.0
2009-03-12,0.878,0.895,0.856,0.879,7823300.0
2009-03-13,0.883,0.983,0.876,0.88,6546500.0
2009-03-16,0.88,0.889,0.873,0.886,5308200.0
2009-03-17,0.89,0.89,0.877,0.882,5682200.0
2009-03-18,0.884,0.895,0.863,0.87,8899600.0
2009-03-19,0.879,0.897,0.861,0.884,8488900.0
2009-03-20,0.883,0.905,0.882,0.905,5142100.0
2009-03-23,0.905,0.956,0.9,0.956,18191900.0
2009-03-24,0.968,0.982,0.9,0.911,14692400.0
2009-03-25,0.914,0.938,0.91,0.92,5098100.0
2009-03-26,0.929,0.929,0.905,0.917,7731500.0
2009-03-27,0.914,0.95,0.9,0.92,11387800.0
2009-03-30,0.91,0.933,0.874,0.884,9520200.0
2009-03-31,0.887,0.92,0.871,0.889,10953300.0
2009-04-01,0.886,0.91,0.885,0.905,17617600.0
2009-04-02,0.916,0.948,0.907,0.93,25303600.0
2009-04-03,0.934,0.938,0.912,0.92,8862600.0
2009-04-06,0.921,0.962,0.921,0.926,13395100.0
2009-04-07,0.926,0.939,0.918,0.927,4215400.0
2009-04-08,0.91,0.95,0.91,0.949,18283500.0
2009-04-09,0.95,0.995,0.95,0.99,22085900.0
2009-04-10,0.996,1.24,0.975,1.189,106045100.0
2009-04-13,1.195,1.554,1.181,1.554,241428600.0
2009-04-14,1.601,1.899,1.512,1.596,249668900.0
2009-04-15,1.59,1.618,1.433,1.489,48651300.0
2009-04-16,1.53,1.53,1.433,1.49,25635600.0
2009-04-17,1.49,1.504,1.402,1.44,19875100.0
2009-04-20,1.435,1.45,1.295,1.33,25183900.0
2009-04-21,1.301,1.583,1.25,1.5,181532600.0
2009-04-22,1.537,1.55,1.456,1.481,77639700.0
2009-04-23,1.481,1.686,1.47,1.635,109756300.0
2009-04-24,1.629,1.68,1.55,1.575,64310300.0
2009-04-27,1.56,1.633,1.502,1.577,30393000.0
2009-04-28,1.561,1.626,1.54,1.609,40556400.0
2009-04-29,1.609,1.66,1.56,1.645,31480100.0
2009-04-30,1.653,1.66,1.6,1.621,14975300.0
2009-05-04,1.639,1.66,1.6,1.605,19809500.0
2009-05-05,1.616,1.628,1.561,1.604,17244500.0
2009-05-06,1.586,1.689,1.5,1.646,60054400.0
2009-05-07,1.649,1.8,1.601,1.651,108600500.0
2009-05-08,1.665,1.699,1.62,1.651,30739000.0
2009-05-12,1.635,1.681,1.584,1.654,35305300.0
2009-05-13,1.654,1.68,1.491,1.528,33971200.0
2009-05-14,1.496,1.583,1.491,1.565,17849100.0
2009-05-15,1.59,1.619,1.53,1.575,9924700.0
2009-05-18,1.54,1.618,1.521,1.6,11252800.0
2009-05-19,1.618,1.684,1.615,1.637,16235100.0
2009-05-20,1.65,1.66,1.614,1.638,34943700.0
2009-05-21,1.62,1.628,1.518,1.548,15586500.0
2009-05-22,1.548,1.64,1.53,1.63,23847200.0
2009-05-25,1.618,1.664,1.601,1.645,31840700.0
2009-05-26,1.65,1.888,1.54,1.73,205985300.0
2009-05-27,1.784,1.798,1.702,1.739,41941900.0
2009-05-28,1.699,1.852,1.694,1.83,71878800.0
2009-05-29,1.855,1.9,1.79,1.839,45499600.0
2009-06-01,1.83,1.946,1.823,1.843,109492900.0
2009-06-02,1.859,1.865,1.8,1.818,39534500.0
2009-06-03,1.833,1.833,1.704,1.75,35242100.0
2009-06-04,1.705,1.799,1.672,1.71,23989400.0
2009-06-05,1.747,1.836,1.73,1.81,56864100.0
2009-06-08,1.818,1.86,1.752,1.843,32173200.0
2009-06-09,1.85,1.866,1.815,1.85,33310200.0
2009-06-10,1.86,1.87,1.821,1.85,35975500.0
2009-06-11,1.852,1.864,1.805,1.825,14068600.0
2009-06-15,1.77,1.84,1.745,1.773,15343600.0
2009-06-16,1.76,1.821,1.745,1.796,25626500.0
2009-06-17,1.789,1.8,1.762,1.763,28804700.0
2009-06-18,1.762,1.779,1.6,1.644,39799700.0
2009-06-19,1.68,1.69,1.637,1.646,10983600.0
2009-06-22,1.633,1.663,1.515,1.515,16817000.0
2009-06-23,1.507,1.532,1.361,1.494,20301700.0
2009-06-24,1.5,1.554,1.46,1.532,13976400.0
2009-06-25,1.534,1.605,1.432,1.44,47861900.0
2009-06-26,1.46,1.48,1.428,1.44,25591400.0
2009-06-29,1.43,1.446,1.405,1.425,28424800.0
2009-06-30,1.43,1.5,1.399,1.436,64116300.0
2009-07-01,1.434,1.46,1.418,1.44,19812100.0
2009-07-02,1.439,1.459,1.411,1.439,14880300.0
2009-07-03,1.429,1.46,1.423,1.446,8014800.0
2009-07-06,1.445,1.445,1.41,1.43,9364000.0
2009-07-07,1.435,1.451,1.428,1.439,12519200.0
2009-07-08,1.429,1.429,1.385,1.404,16161700.0
2009-07-09,1.398,1.435,1.348,1.35,20989500.0
2009-07-10,1.358,1.364,1.283,1.305,20024800.0
2009-07-13,1.291,1.32,1.26,1.304,9573900.0
2009-07-14,1.305,1.349,1.295,1.306,19870400.0
2009-07-15,1.317,1.443,1.307,1.385,25611400.0
2009-07-16,1.405,1.425,1.378,1.393,12560600.0
2009-07-17,1.397,1.55,1.397,1.523,85012500.0
2009-07-20,1.546,1.605,1.54,1.58,33162600.0
2009-07-21,1.584,1.59,1.502,1.57,34201200.0
2009-07-22,1.558,1.585,1.543,1.558,27837900.0
2009-07-23,1.56,1.672,1.558,1.652,37024300.0
2009-07-24,1.655,1.715,1.643,1.678,36686300.0
2009-07-27,1.69,1.727,1.67,1.727,46969600.0
2009-07-28,1.73,1.73,1.643,1.649,22528700.0
2009-07-29,1.62,1.673,1.593,1.665,14453100.0
2009-07-30,1.644,1.793,1.643,1.781,18140700.0
2009-07-31,1.78,1.8,1.651,1.799,14155300.0
2009-08-03,1.777,1.834,1.777,1.83,26980800.0
2009-08-04,1.82,1.855,1.805,1.832,9424300.0
2009-08-05,1.83,1.878,1.805,1.824,33965200.0
2009-08-06,1.83,1.84,1.76,1.77,44831000.0
2009-08-07,1.762,1.79,1.725,1.785,12174100.0
2009-08-10,1.79,1.805,1.746,1.778,7293000.0
2009-08-11,1.78,1.78,1.731,1.733,8739300.0
2009-08-12,1.733,1.806,1.671,1.802,34413000.0
2009-08-13,1.809,1.969,1.796,1.92,71448600.0
2009-08-14,1.91,1.95,1.83,1.84,24982100.0
2009-08-17,1.8,1.839,1.75,1.788,16750300.0
2009-08-18,1.797,1.827,1.787,1.806,9705300.0
2009-08-19,1.808,1.818,1.76,1.79,13711700.0
2009-08-20,1.808,1.815,1.763,1.79,7747900.0
2009-08-21,1.805,1.819,1.76,1.809,14620500.0
2009-08-24,1.825,1.874,1.817,1.858,10301900.0
2009-08-25,1.828,1.904,1.82,1.901,14991200.0
2009-08-26,1.91,1.964,1.888,1.936,37829000.0
2009-08-27,1.925,1.986,1.906,1.956,39312800.0
2009-08-28,1.965,2.085,1.965,2.064,40490200.0
2009-08-31,2.053,2.053,1.977,2.007,14371700.0
2009-09-01,2.018,2.07,2.002,2.069,7905600.0
2009-09-02,2.035,2.055,2.022,2.032,11182000.0
2009-09-03,2.04,2.075,2.022,2.061,15915600.0
2009-09-04,2.07,2.25,2.04,2.18,48872000.0
2009-09-07,2.201,2.22,2.161,2.22,9215200.0
2009-09-08,2.229,2.48,2.209,2.412,45161800.0
2009-09-09,2.4,2.547,2.355,2.499,34209600.0
2009-09-10,2.525,2.59,2.41,2.43,49253700.0
2009-09-11,2.43,2.47,2.402,2.46,20182800.0
2009-09-14,2.4,2.5,2.31,2.431,20833100.0
2009-09-15,2.432,2.466,2.415,2.455,27065400.0
2009-09-16,2.464,2.478,2.347,2.437,25556100.0
2009-09-17,2.447,2.464,2.395,2.439,24009100.0
2009-09-18,2.401,2.87,2.4,2.82,135841600.0
2009-09-21,2.83,2.984,2.75,2.831,63539600.0
2009-09-22,2.845,2.972,2.833,2.945,86764600.0
2009-09-23,2.957,3.188,2.85,2.994,57786300.0
2009-09-24,2.957,3.024,2.831,2.879,58527100.0
2009-09-25,2.899,2.94,2.781,2.851,16971600.0
2009-09-28,2.785,2.85,2.751,2.789,21582700.0
2009-09-29,2.8,2.862,2.782,2.798,15197700.0
2009-09-30,2.795,2.85,2.711,2.796,21794600.0
2009-10-01,2.785,2.802,2.763,2.769,13856000.0
2009-10-02,2.74,2.781,2.62,2.781,18042300.0
2009-10-05,2.781,2.79,2.701,2.723,5828300.0
2009-10-06,2.731,2.99,2.725,2.927,19912500.0
2009-10-07,2.943,3.068,2.856,2.919,27830200.0
2009-10-08,2.941,3.014,2.931,3.008,26475000.0
2009-10-09,3.04,3.069,2.955,3.0,20966100.0
2009-10-12,3.0,3.027,2.8,2.9,41198900.0
2009-10-13,2.948,3.035,2.862,2.895,29769600.0
2009-10-14,2.9,2.996,2.89,2.936,19433800.0
2009-10-15,2.95,2.975,2.892,2.9,18546300.0
2009-10-16,2.928,2.928,2.777,2.78,25202100.0
2009-10-19,2.793,2.845,2.755,2.772,22173700.0
2009-10-20,2.773,2.835,2.773,2.789,17182300.0
2009-10-21,2.794,2.794,2.7,2.761,14478300.0
2009-10-22,2.75,2.76,2.68,2.72,9711400.0
2009-10-23,2.75,2.76,2.712,2.74,8555400.0
2009-10-26,2.73,2.86,2.72,2.832,31005900.0
2009-10-27,2.785,2.818,2.751,2.788,11233200.0
2009-10-28,2.758,2.789,2.642,2.687,24174400.0
2009-10-29,2.671,2.78,2.565,2.748,50891200.0
2009-10-30,2.76,2.779,2.549,2.638,16839500.0
2009-11-02,2.62,2.707,2.58,2.67,6775000.0
2009-11-03,2.624,2.68,2.57,2.59,6693600.0
2009-11-05,2.619,2.639,2.58,2.62,8639400.0
2009-11-06,2.62,2.75,2.55,2.598,14803800.0
2009-11-09,2.625,2.71,2.61,2.705,5733400.0
2009-11-10,2.71,2.739,2.657,2.718,9795900.0
2009-11-11,2.735,2.84,2.701,2.823,25130800.0
2009-11-12,2.82,2.88,2.743,2.876,17433600.0
2009-11-13,2.85,2.897,2.803,2.866,9965100.0
2009-11-16,2.887,3.03,2.852,3.03,27934300.0
2009-11-17,3.026,3.03,2.985,3.014,14457500.0
2009-11-18,3.028,3.06,2.881,3.037,18979200.0
2009-11-19,3.016,3.053,2.972,3.008,18383200.0
2009-11-20,2.997,3.05,2.909,3.024,6784900.0
2009-11-23,3.025,3.03,2.971,3.011,5164300.0
2009-11-24,2.999,3.0,2.95,2.983,4764800.0
2009-11-25,2.99,3.01,2.951,2.978,6881500.0
2009-11-26,2.956,2.977,2.8,2.834,9129800.0
2009-11-27,2.797,2.82,2.655,2.793,10263200.0
2009-11-30,2.82,2.989,2.762,2.821,14904400.0
2009-12-01,2.83,2.87,2.79,2.84,11297000.0
2009-12-02,2.85,2.94,2.82,2.87,15801900.0
2009-12-03,2.87,2.957,2.857,2.93,12851200.0
2009-12-04,2.94,3.06,2.902,2.975,48273800.0
2009-12-07,2.97,3.029,2.932,2.952,5857500.0
2009-12-08,2.985,3.008,2.919,2.989,9168800.0
2009-12-09,2.996,2.998,2.959,2.989,2200900.0
2009-12-10,2.975,2.995,2.93,2.985,3299700.0
2009-12-11,2.99,3.025,2.967,2.992,13937600.0
2009-12-14,2.998,3.19,2.975,3.17,64614400.0
2009-12-15,3.17,3.247,3.135,3.165,26742500.0
2009-12-16,3.18,3.29,3.165,3.185,30773400.0
2009-12-17,3.181,3.219,3.065,3.17,25300500.0
2009-12-18,3.155,3.197,3.13,3.161,23083200.0
2009-12-21,3.198,3.215,3.1,3.14,8344200.0
2009-12-22,3.15,3.33,3.111,3.299,52076500.0
2009-12-23,3.296,3.36,3.205,3.336,26595600.0
2009-12-24,3.336,3.38,3.22,3.26,10334400.0
2009-12-25,3.25,3.258,3.208,3.239,7783500.0
2009-12-28,3.24,3.24,3.21,3.222,4721400.0
2009-12-29,3.226,3.285,3.14,3.27,13252300.0
2009-12-30,3.268,3.317,3.22,3.312,11341500.0
2009-12-31,3.312,3.317,3.273,3.275,1964700.0
2010-01-11,3.3,3.395,3.3,3.379,14534100.0
2010-01-12,3.379,3.389,3.333,3.389,11336800.0
2010-01-13,3.355,3.457,3.311,3.443,12293400.0
2010-01-14,3.421,3.639,3.404,3.6,20830700.0
2010-01-15,3.6,3.78,3.562,3.65,28608700.0
2010-01-18,3.65,3.815,3.609,3.794,14732000.0
2010-01-19,3.804,3.865,3.65,3.76,9236000.0
2010-01-20,3.704,3.839,3.704,3.82,16821000.0
2010-01-21,3.825,3.98,3.75,3.758,14926200.0
2010-01-22,3.72,3.72,3.52,3.633,19129000.0
2010-01-25,3.56,3.615,3.542,3.576,10646900.0
2010-01-26,3.57,3.609,3.454,3.598,11515400.0
2010-01-27,3.598,3.719,3.57,3.66,15504700.0
2010-01-28,3.69,3.77,3.632,3.689,14261700.0
2010-01-29,3.627,3.749,3.603,3.727,9016200.0
2010-02-01,3.678,3.705,3.655,3.66,4854900.0
2010-02-02,3.66,3.67,3.634,3.647,11462600.0
2010-02-03,3.66,3.696,3.645,3.655,12707900.0
2010-02-04,3.63,3.665,3.466,3.489,15935500.0
2010-02-05,3.42,3.43,3.282,3.32,29605000.0
2010-02-08,3.309,3.323,3.153,3.193,17275500.0
2010-02-09,3.197,3.235,3.155,3.2,13238200.0
2010-02-10,3.21,3.337,3.18,3.212,17823300.0
2010-02-11,3.24,3.34,3.162,3.178,8676400.0
2010-02-12,3.19,3.225,3.069,3.121,10519900.0
2010-02-15,3.12,3.185,3.1,3.172,5293800.0
2010-02-16,3.18,3.346,3.175,3.34,11339800.0
2010-02-17,3.392,3.392,3.303,3.34,9546500.0
2010-02-18,3.327,3.339,3.248,3.305,12562100.0
2010-02-19,3.25,3.316,3.221,3.3,3663900.0
2010-02-24,3.271,3.34,3.226,3.33,5816000.0
2010-02-25,3.303,3.349,3.274,3.306,10758800.0
2010-02-26,3.333,3.496,3.3,3.466,9212100.0
2010-02-27,3.468,3.55,3.445,3.53,4780500.0
2010-03-01,3.53,3.665,3.53,3.66,17915100.0
2010-03-02,3.641,3.66,3.57,3.616,14596200.0
2010-03-03,3.616,3.69,3.58,3.68,9355000.0
2010-03-04,3.65,3.751,3.58,3.624,19302500.0
2010-03-05,3.66,3.75,3.652,3.73,14000000.0
2010-03-09,3.727,3.809,3.68,3.78,7803300.0
2010-03-10,3.809,3.84,3.752,3.78,18706200.0
2010-03-11,3.775,3.817,3.736,3.745,12145200.0
2010-03-12,3.751,3.79,3.736,3.74,7921300.0
2010-03-15,3.738,3.759,3.655,3.699,21339600.0
2010-03-16,3.703,3.8,3.702,3.778,23445200.0
2010-03-17,3.8,3.825,3.73,3.742,28799800.0
2010-03-18,3.734,3.83,3.72,3.793,22289500.0
2010-03-19,3.8,3.82,3.714,3.73,12976000.0
2010-03-22,3.712,3.73,3.66,3.68,10976100.0
2010-03-23,3.72,3.759,3.69,3.709,6206400.0
2010-03-24,3.709,3.733,3.68,3.733,12883600.0
2010-03-25,3.733,3.74,3.69,3.72,6711400.0
2010-03-26,3.72,3.75,3.703,3.735,10606500.0
2010-03-29,3.722,3.878,3.707,3.85,24275400.0
2010-03-30,3.868,3.93,3.846,3.913,27558400.0
2010-03-31,3.903,3.99,3.873,3.96,16366000.0
2010-04-01,3.97,4.073,3.95,4.062,37471300.0
2010-04-02,4.069,4.129,3.961,4.088,26585400.0
2010-04-05,4.1,4.17,4.061,4.124,12133100.0
2010-04-06,4.131,4.22,4.087,4.176,33970700.0
2010-04-07,4.177,4.22,3.97,3.992,28505200.0
2010-04-08,3.96,4.025,3.86,3.968,17144700.0
2010-04-09,3.997,4.064,3.997,4.034,7044800.0
2010-04-12,4.075,4.134,4.04,4.065,19285600.0
2010-04-13,4.07,4.07,4.015,4.048,5120100.0
2010-04-14,4.05,4.097,4.042,4.064,12993000.0
2010-04-15,4.069,4.07,4.015,4.059,20258100.0
2010-04-16,4.022,4.037,3.939,3.945,9534500.0
2010-04-19,3.845,3.909,3.751,3.906,16811500.0
2010-04-20,3.906,4.0,3.906,3.935,7681500.0
2010-04-21,3.945,4.027,3.83,3.84,14335900.0
2010-04-22,3.84,3.853,3.67,3.676,37490000.0
2010-04-23,3.675,3.819,3.66,3.81,12851400.0
2010-04-26,3.815,3.91,3.815,3.844,11080900.0
2010-04-27,3.81,3.847,3.7,3.7,8999700.0
2010-04-28,3.55,3.648,3.452,3.579,14263600.0
2010-04-29,3.579,3.648,3.544,3.593,7860300.0
2010-04-30,3.6,3.647,3.501,3.503,11099600.0
2010-05-04,3.503,3.55,3.302,3.336,16727700.0
2010-05-05,3.336,3.348,3.182,3.263,25090000.0
2010-05-06,3.253,3.259,3.151,3.167,23854100.0
2010-05-07,3.05,3.087,2.836,2.879,50493000.0
2010-05-11,3.03,3.243,3.0,3.167,39047500.0
2010-05-12,3.151,3.37,3.15,3.36,33713900.0
2010-05-13,3.38,3.45,3.33,3.385,39420300.0
2010-05-14,3.351,3.38,3.218,3.33,20989000.0
2010-05-17,3.297,3.345,3.171,3.326,17921600.0
2010-05-18,3.32,3.436,3.32,3.42,5650500.0
2010-05-19,3.381,3.396,3.23,3.313,17732000.0
2010-05-20,3.3,3.37,3.173,3.22,18926400.0
2010-05-21,3.188,3.295,3.101,3.29,14177500.0
2010-05-24,3.301,3.388,3.229,3.268,10303400.0
2010-05-25,3.2,3.2,3.0,3.11,22460200.0
2010-05-26,3.125,3.24,3.122,3.237,20649000.0
2010-05-27,3.242,3.388,3.205,3.384,7710000.0
2010-05-28,3.396,3.45,3.27,3.316,9809700.0
2010-05-31,3.332,3.385,3.283,3.35,4456200.0
2010-06-01,3.338,3.338,3.225,3.271,6922500.0
2010-06-02,3.222,3.297,3.201,3.29,11719000.0
2010-06-03,3.4,3.418,3.315,3.346,10211000.0
2010-06-04,3.346,3.41,3.312,3.343,23965500.0
2010-06-07,3.172,3.307,3.131,3.269,11463700.0
2010-06-08,3.298,3.3,3.2,3.22,7003000.0
2010-06-09,3.22,3.24,3.181,3.207,5877200.0
2010-06-10,3.22,3.225,3.12,3.2,10174800.0
2010-06-11,3.21,3.224,3.161,3.19,5734500.0
2010-06-15,3.19,3.276,3.18,3.22,27989400.0
2010-06-16,3.22,3.23,3.17,3.184,31232100.0
2010-06-17,3.185,3.23,3.145,3.23,18688900.0
2010-06-18,3.23,3.236,3.15,3.159,34000700.0
2010-06-21,3.17,3.221,3.167,3.204,33123500.0
2010-06-22,3.2,3.219,3.175,3.198,19686200.0
2010-06-23,3.181,3.22,3.173,3.179,7957800.0
2010-06-24,3.18,3.19,3.13,3.179,32523600.0
2010-06-25,3.162,3.185,3.113,3.149,10129000.0
2010-06-28,3.16,3.174,3.115,3.14,4831000.0
2010-06-29,3.11,3.11,2.996,3.029,9830300.0
2010-06-30,3.021,3.048,2.899,2.9,34411400.0
2010-07-01,2.871,2.897,2.71,2.734,13029800.0
2010-07-02,2.755,2.847,2.736,2.736,20620100.0
2010-07-05,2.755,2.779,2.73,2.75,4602400.0
2010-07-06,2.763,2.94,2.756,2.94,19884000.0
2010-07-07,2.897,2.998,2.868,2.966,9756700.0
2010-07-08,3.002,3.088,2.98,3.0,7575000.0
2010-07-09,3.018,3.061,2.971,3.052,4964800.0
2010-07-12,3.003,3.096,3.003,3.055,4179600.0
2010-07-13,3.049,3.085,3.02,3.063,9289000.0
2010-07-14,3.127,3.15,3.021,3.035,7480900.0
2010-07-15,3.056,3.06,2.951,2.978,9039000.0
2010-07-16,2.978,2.988,2.929,2.937,15205600.0
2010-07-19,2.92,2.952,2.867,2.94,31865500.0
2010-07-20,2.945,2.95,2.915,2.925,10433500.0
2010-07-21,2.93,2.993,2.929,2.99,54606300.0
2010-07-22,2.971,3.045,2.969,3.045,16392700.0
2010-07-23,3.046,3.09,2.996,3.048,23298700.0
2010-07-26,3.063,3.11,3.03,3.07,11548500.0
2010-07-27,3.078,3.1,3.06,3.09,12770300.0
2010-07-28,3.101,3.102,3.059,3.09,24274800.0
2010-07-29,3.095,3.131,3.073,3.125,4416700.0
2010-07-30,3.092,3.099,3.021,3.082,15682700.0
2010-08-02,3.1,3.196,3.082,3.174,7173000.0
2010-08-03,3.189,3.25,3.15,3.21,12362800.0
2010-08-04,3.225,3.248,3.164,3.168,15747300.0
2010-08-05,3.17,3.239,3.166,3.193,7599000.0
2010-08-06,3.207,3.223,3.171,3.191,4795700.0
2010-08-09,3.199,3.235,3.183,3.225,14500200.0
2010-08-10,3.211,3.25,3.159,3.177,22007400.0
2010-08-11,3.167,3.17,3.112,3.134,8340100.0
2010-08-12,3.13,3.164,3.076,3.115,5944400.0
2010-08-13,3.128,3.164,3.124,3.16,2883600.0
2010-08-16,3.164,3.164,3.117,3.14,3813100.0
2010-08-17,3.153,3.2,3.135,3.185,3383400.0
2010-08-18,3.185,3.185,3.135,3.184,7720900.0
2010-08-19,3.185,3.213,3.165,3.179,8600300.0
2010-08-20,3.175,3.212,3.16,3.162,6786800.0
2010-08-23,3.163,3.178,3.156,3.169,1106400.0
2010-08-24,3.141,3.148,3.051,3.117,11107800.0
2010-08-25,3.1,3.15,3.049,3.084,6759400.0
2010-08-26,3.1,3.139,3.093,3.139,3901700.0
2010-08-27,3.13,3.18,3.1,3.159,1670300.0
2010-08-30,3.191,3.2,3.153,3.155,2743900.0
2010-08-31,3.1,3.129,3.076,3.123,5363000.0
2010-09-01,3.123,3.178,3.115,3.174,7402800.0
2010-09-02,3.186,3.195,3.149,3.159,6942700.0
2010-09-03,3.157,3.214,3.152,3.193,10642300.0
2010-09-06,3.21,3.3,3.202,3.3,12485200.0
2010-09-07,3.3,3.38,3.261,3.309,15958400.0
2010-09-08,3.306,3.328,3.266,3.301,12196100.0
2010-09-09,3.3,3.324,3.277,3.304,10219800.0
2010-09-10,3.303,3.323,3.273,3.3,21521200.0
2010-09-13,3.34,3.353,3.28,3.28,15459700.0
2010-09-14,3.294,3.294,3.245,3.275,5187900.0
2010-09-15,3.272,3.289,3.25,3.264,8349600.0
2010-09-16,3.26,3.27,3.24,3.248,19084700.0
2010-09-17,3.246,3.258,3.212,3.219,7063000.0
2010-09-20,3.229,3.236,3.186,3.213,15667600.0
2010-09-21,3.222,3.29,3.201,3.267,9442400.0
2010-09-22,3.252,3.3,3.223,3.247,5826900.0
2010-09-23,3.249,3.274,3.19,3.23,4648100.0
2010-09-24,3.198,3.241,3.195,3.224,3206900.0
2010-09-27,3.24,3.27,3.196,3.205,7971700.0
2010-09-28,3.191,3.213,3.18,3.199,6342600.0
2010-09-29,3.199,3.37,3.198,3.343,53003400.0
2010-09-30,3.317,3.59,3.315,3.524,109431500.0
2010-10-01,3.524,3.54,3.445,3.499,22772100.0
2010-10-04,3.499,3.525,3.458,3.472,13539200.0
2010-10-05,3.474,3.484,3.447,3.454,17167200.0
2010-10-06,3.461,3.479,3.385,3.4,15235000.0
2010-10-07,3.399,3.4,3.357,3.365,13212000.0
2010-10-08,3.366,3.446,3.335,3.393,7424200.0
2010-10-11,3.419,3.48,3.381,3.43,20158100.0
2010-10-12,3.404,3.412,3.375,3.404,10145900.0
2010-10-13,3.405,3.453,3.37,3.385,19255100.0
2010-10-14,3.4,3.4,3.355,3.365,20216000.0
2010-10-15,3.374,3.375,3.322,3.336,12795900.0
2010-10-18,3.336,3.369,3.335,3.342,10884900.0
2010-10-19,3.349,3.349,3.295,3.309,13439800.0
2010-10-20,3.31,3.318,3.285,3.285,8220600.0
2010-10-21,3.308,3.309,3.26,3.293,22445800.0
2010-10-22,3.295,3.35,3.271,3.308,19441900.0
2010-10-25,3.328,3.328,3.301,3.305,10971900.0
2010-10-26,3.309,3.315,3.25,3.299,13233600.0
2010-10-27,3.293,3.3,3.271,3.275,3692900.0
2010-10-28,3.275,3.287,3.251,3.267,5718900.0
2010-10-29,3.261,3.285,3.242,3.284,9171900.0
2010-11-01,3.291,3.309,3.272,3.284,12636100.0
2010-11-02,3.285,3.3,3.27,3.282,4022200.0
2010-11-03,3.274,3.288,3.245,3.26,9667400.0
2010-11-08,3.303,3.306,3.265,3.27,21176700.0
2010-11-09,3.273,3.28,3.262,3.275,16006800.0
2010-11-10,3.276,3.282,3.256,3.278,12086300.0
2010-11-11,3.279,3.279,3.227,3.229,21025200.0
2010-11-12,3.22,3.228,3.16,3.179,24190300.0
2010-11-13,3.177,3.194,3.175,3.187,6296100.0
2010-11-15,3.19,3.228,3.184,3.207,20996900.0
2010-11-16,3.19,3.204,3.152,3.166,18034200.0
2010-11-17,3.177,3.177,3.136,3.17,15467700.0
2010-11-18,3.188,3.3,3.188,3.234,51798500.0
2010-11-19,3.24,3.24,3.17,3.18,23902400.0
2010-11-22,3.19,3.208,3.161,3.168,18429200.0
2010-11-23,3.15,3.189,3.146,3.162,16158200.0
2010-11-24,3.176,3.189,3.153,3.185,13871600.0
2010-11-25,3.188,3.201,3.176,3.197,11517700.0
2010-11-26,3.2,3.2,3.165,3.176,14720700.0
2010-11-29,3.18,3.218,3.157,3.164,25211300.0
2010-11-30,3.176,3.179,3.116,3.15,34071200.0
2010-12-01,3.155,3.214,3.148,3.2,37014600.0
2010-12-02,3.209,3.255,3.208,3.228,29693300.0
2010-12-03,3.23,3.237,3.199,3.215,17117100.0
2010-12-06,3.225,3.29,3.22,3.277,40044800.0
2010-12-07,3.287,3.334,3.242,3.243,44960800.0
2010-12-08,3.235,3.239,3.184,3.19,36710700.0
2010-12-09,3.21,3.225,3.189,3.194,17036100.0
2010-12-10,3.199,3.199,3.166,3.191,15488200.0
2010-12-13,3.199,3.231,3.192,3.209,10982700.0
2010-12-14,3.205,3.212,3.18,3.198,11838900.0
2010-12-15,3.188,3.205,3.172,3.189,7682700.0
2010-12-16,3.188,3.195,3.171,3.174,8599600.0
2010-12-17,3.18,3.185,3.171,3.179,6812600.0
2010-12-20,3.179,3.184,3.157,3.178,15239400.0
2010-12-21,3.194,3.235,3.18,3.195,47404600.0
2010-12-22,3.204,3.225,3.18,3.191,34984300.0
2010-12-23,3.199,3.22,3.185,3.205,21240300.0
2010-12-24,3.205,3.22,3.19,3.206,16901000.0
2010-12-27,3.205,3.205,3.18,3.19,13732100.0
2010-12-28,3.19,3.244,3.181,3.223,29179900.0
2010-12-29,3.229,3.239,3.2,3.219,17447600.0
2010-12-30,3.219,3.233,3.205,3.221,18510200.0
2011-01-11,3.222,3.259,3.21,3.236,13823100.0
2011-01-12,3.245,3.29,3.237,3.261,37342800.0
2011-01-13,3.27,3.285,3.23,3.233,22040000.0
2011-01-14,3.235,3.256,3.221,3.24,12908400.0
2011-01-17,3.241,3.247,3.223,3.233,13052600.0
2011-01-18,3.23,3.24,3.194,3.2,17237000.0
2011-01-19,3.205,3.213,3.173,3.178,15513500.0
2011-01-20,3.176,3.176,3.129,3.145,19253100.0
2011-01-21,3.151,3.165,3.115,3.153,20937800.0
2011-01-24,3.161,3.167,3.103,3.115,25577500.0
2011-01-25,3.115,3.127,3.077,3.117,13692200.0
2011-01-26,3.127,3.129,3.088,3.119,31085500.0
2011-01-27,3.119,3.136,3.088,3.1,17210400.0
2011-01-28,3.092,3.101,3.06,3.067,16173500.0
2011-01-31,3.07,3.098,3.051,3.065,12244400.0
2011-02-01,3.073,3.12,3.06,3.08,26725900.0
2011-02-02,3.085,3.113,3.078,3.093,19727500.0
2011-02-03,3.098,3.102,3.076,3.08,5904600.0
2011-02-04,3.081,3.096,3.076,3.087,9245200.0
2011-02-07,3.09,3.12,3.073,3.088,7271800.0
2011-02-08,3.088,3.108,3.051,3.059,15335100.0
2011-02-09,3.07,3.083,3.022,3.057,11431000.0
2011-02-10,3.05,3.059,2.989,3.005,16399700.0
2011-02-11,3.001,3.046,2.998,3.027,13459600.0
2011-02-14,3.04,3.059,3.02,3.044,7498500.0
2011-02-15,3.038,3.051,3.003,3.043,10542300.0
2011-02-16,3.039,3.139,3.032,3.132,26259200.0
2011-02-17,3.142,3.165,3.087,3.094,17259800.0
2011-02-18,3.091,3.091,3.0,3.027,11567300.0
2011-02-21,3.04,3.041,2.998,3.006,8507300.0
2011-02-22,3.0,3.028,2.952,2.968,23720100.0
2011-02-24,2.97,3.0,2.94,2.955,22824500.0
2011-02-25,2.956,2.99,2.955,2.983,17047300.0
2011-02-28,2.99,3.078,2.964,3.03,23432900.0
2011-03-01,3.05,3.059,3.0008,3.0155,9253000.0
2011-03-02,3.0007,3.0007,2.965,2.9661,8623000.0
2011-03-03,3.0,3.0049,2.96,2.97,13043000.0
2011-03-04,2.98,2.98,2.935,2.95,10855000.0
2011-03-05,2.9352,2.978,2.9352,2.9664,3576000.0
2011-03-09,2.9707,2.981,2.95,2.9587,2462000.0
2011-03-10,2.9565,2.96,2.916,2.9292,9623000.0
2011-03-11,2.919,2.9415,2.895,2.9161,8378000.0
2011-03-14,2.9064,2.9099,2.8836,2.8893,9225000.0
2011-03-15,2.8393,2.88,2.788,2.7975,35086000.0
2011-03-16,2.805,2.8299,2.781,2.7814,25714000.0
2011-03-17,2.78,2.81,2.7501,2.7954,16726000.0
2011-03-18,2.81,2.825,2.7672,2.7915,7901000.0
2011-03-21,2.801,2.8697,2.7901,2.86,7404000.0
2011-03-22,2.87,2.87,2.82,2.8651,5206000.0
2011-03-23,2.8588,2.977,2.8411,2.95,10800000.0
2011-03-24,2.947,2.983,2.9245,2.9501,10860000.0
2011-03-25,2.9501,2.977,2.9401,2.97,9946000.0
2011-03-28,2.9563,3.015,2.9552,2.9929,13153000.0
2011-03-29,2.9999,3.0035,2.95,2.9699,8862000.0
2011-03-30,2.9896,2.9998,2.935,2.952,13178000.0
2011-03-31,2.955,2.984,2.93,2.9548,29982000.0
2011-04-01,2.9423,2.9898,2.938,2.9754,20143000.0
2011-04-04,2.9811,2.9898,2.9511,2.966,9453000.0
2011-04-05,2.9727,2.99,2.9407,2.98,9853000.0
2011-04-06,2.9758,3.02,2.9611,3.017,17300000.0
2011-04-07,2.99,3.045,2.986,2.9989,16688000.0
2011-04-08,3.0245,3.035,2.995,3.0196,8537000.0
2011-04-11,3.0149,3.0392,2.9621,3.0,8900000.0
2011-04-12,2.9574,2.9799,2.8873,2.8911,18712000.0
2011-04-13,2.894,2.928,2.8741,2.9,11014000.0
2011-04-14,2.8888,2.8967,2.85,2.86,8415000.0
2011-04-15,2.851,2.8959,2.8412,2.8739,6641000.0
2011-04-18,2.88,2.885,2.7272,2.7501,25007000.0
2011-04-19,2.751,2.7991,2.7288,2.7701,19643000.0
2011-04-20,2.7934,2.82,2.7715,2.8,11566000.0
2011-04-21,2.8117,2.8378,2.745,2.7918,16494000.0
2011-04-22,2.8,2.814,2.7754,2.799,3680000.0
2011-04-25,2.799,2.8249,2.7555,2.7662,12195000.0
2011-04-26,2.7607,2.7848,2.75,2.75,5315000.0
2011-04-27,2.76,2.778,2.72,2.7202,27775000.0
2011-04-28,2.7374,2.7588,2.715,2.72,13978000.0
2011-04-29,2.7152,2.725,2.7,2.725,7884000.0
2011-05-03,2.725,2.7391,2.6923,2.695,19402000.0
2011-05-04,2.693,2.712,2.6162,2.68,15205000.0
2011-05-05,2.68,2.7098,2.67,2.7,7884000.0
2011-05-06,2.6729,2.85,2.67,2.7582,17360000.0
2011-05-10,2.752,2.752,2.73,2.7312,8932000.0
2011-05-11,2.7394,2.7417,2.7,2.72,7975000.0
2011-05-12,2.7001,2.71,2.641,2.678,33455000.0
2011-05-13,2.68,2.6861,2.635,2.635,9655000.0
2011-05-16,2.6233,2.6298,2.56,2.5601,21430000.0
2011-05-17,2.56,2.57,2.545,2.5451,27329000.0
2011-05-18,2.564,2.5765,2.5401,2.5492,12956000.0
2011-05-19,2.543,2.5763,2.5377,2.5684,4171000.0
2011-05-20,2.5608,2.5829,2.537,2.537,4644000.0
2011-05-23,2.5371,2.5484,2.475,2.4866,25751000.0
2011-05-24,2.4934,2.512,2.4751,2.5034,12855000.0
2011-05-25,2.4871,2.5698,2.4721,2.5261,18377000.0
2011-05-26,2.5476,2.5477,2.4601,2.4685,7482000.0
2011-05-27,2.4706,2.5091,2.4705,2.505,4945000.0
2011-05-30,2.505,2.52,2.496,2.5129,4143000.0
2011-05-31,2.52,2.58,2.52,2.56,10009000.0
2011-06-01,2.5601,2.605,2.5402,2.5617,9725000.0
2011-06-02,2.533,2.5484,2.495,2.5128,13993000.0
2011-06-03,2.5101,2.5688,2.51,2.5399,8479000.0
2011-06-06,2.535,2.6487,2.535,2.6275,10110000.0
2011-06-07,2.6073,2.6502,2.6002,2.6309,8984000.0
2011-06-08,2.6305,2.66,2.6037,2.6201,8332000.0
2011-06-09,2.6197,2.6397,2.6105,2.6299,8836000.0
2011-06-10,2.6206,2.6281,2.6,2.6,6806000.0
2011-06-14,2.6099,2.8994,2.6053,2.642,12340000.0
2011-06-15,2.6515,2.6985,2.6152,2.6224,24277000.0
2011-06-16,2.62,2.62,2.5766,2.59,20322000.0
2011-06-17,2.6,2.62,2.53,2.55,12005000.0
2011-06-20,2.545,2.5495,2.5081,2.5099,11745000.0
2011-06-21,2.52,2.578,2.5138,2.57,22030000.0
2011-06-22,2.5699,2.61,2.5559,2.6005,17604000.0
2011-06-23,2.59,2.592,2.5,2.512,18867000.0
2011-06-24,2.5398,2.5449,2.5153,2.5212,17969000.0
2011-06-27,2.511,2.523,2.4955,2.4999,20888000.0
2011-06-28,2.5001,2.5228,2.5001,2.5213,13396000.0
2011-06-29,2.5217,2.543,2.515,2.5349,8428000.0
2011-06-30,2.5294,2.5431,2.462,2.4999,10752000.0
2011-07-01,2.5003,2.52,2.4845,2.516,5625000.0
2011-07-04,2.518,2.541,2.51,2.515,8340000.0
2011-07-05,2.5194,2.5789,2.4981,2.5685,19261000.0
2011-07-06,2.5789,2.59,2.56,2.5615,16766000.0
2011-07-07,2.5701,2.609,2.57,2.6013,17641000.0
2011-07-08,2.6033,2.68,2.6005,2.65,24365000.0
2011-07-11,2.63,2.655,2.61,2.6169,16216000.0
2011-07-12,2.6,2.6,2.5562,2.585,14054000.0
2011-07-13,2.585,2.6024,2.5579,2.5999,5909000.0
2011-07-14,2.58,2.5987,2.5782,2.59,4485000.0
2011-07-15,2.5842,2.59,2.538,2.5741,5046000.0
2011-07-18,2.5801,2.5899,2.527,2.527,7218000.0
2011-07-19,2.54,2.5528,2.5209,2.5343,10169000.0
2011-07-20,2.5496,2.5978,2.5382,2.5707,10153000.0
2011-07-21,2.571,2.5873,2.5505,2.5818,6308000.0
2011-07-22,2.583,2.683,2.58,2.6599,14847000.0
2011-07-25,2.635,2.6517,2.6101,2.6201,5737000.0
2011-07-26,2.62,2.631,2.6178,2.62,3477000.0
2011-07-27,2.62,2.62,2.5861,2.5862,5607000.0
2011-07-28,2.5845,2.5914,2.5708,2.5898,2169000.0
2011-07-29,2.5776,2.5895,2.548,2.5671,6314000.0
2011-08-01,2.59,2.6186,2.581,2.6,12320000.0
2011-08-02,2.6052,2.6052,2.572,2.5949,10420000.0
2011-08-03,2.57,2.5885,2.53,2.535,6692000.0
2011-08-04,2.5599,2.5648,2.4615,2.4615,22929000.0
2011-08-05,2.399,2.4,2.22,2.37,13336000.0
2011-08-08,2.2775,2.3,2.13,2.131,14356000.0
2011-08-09,2.0669,2.11,1.8125,2.04,54721000.0
2011-08-10,2.095,2.095,1.93,1.936,32759000.0
2011-08-11,1.9501,1.99,1.7356,1.8882,23799000.0
2011-08-12,1.9,1.975,1.8329,1.965,21826000.0
2011-08-15,1.9929,2.0949,1.9812,2.0743,9284000.0
2011-08-16,2.0253,2.095,2.015,2.0852,9513000.0
2011-08-17,2.1,2.2651,2.0548,2.244,29743000.0
2011-08-18,2.155,2.3386,2.0501,2.1289,38621000.0
2011-08-19,2.0401,2.1269,2.0301,2.11,16290000.0
2011-08-22,2.07,2.1398,2.0301,2.0898,14526000.0
2011-08-23,2.1248,2.1442,2.09,2.1281,17180000.0
2011-08-24,2.1284,2.1589,2.1201,2.152,5229000.0
2011-08-25,2.1519,2.2,2.1394,2.145,10785000.0
2011-08-26,2.1497,2.23,2.1126,2.23,17060000.0
2011-08-29,2.2442,2.29,2.2101,2.2879,9762000.0
2011-08-30,2.287,2.3,2.2258,2.27,3647000.0
2011-08-31,2.2599,2.29,2.232,2.285,11177000.0
2011-09-01,2.2855,2.286,2.2357,2.272,8058000.0
2011-09-02,2.2661,2.285,2.239,2.2465,5242000.0
2011-09-05,2.2003,2.24,2.15,2.157,9172000.0
2011-09-06,2.151,2.1741,2.1,2.174,5787000.0
2011-09-07,2.174,2.2551,2.174,2.243,11293000.0
2011-09-08,2.2441,2.32,2.2301,2.2669,13156000.0
2011-09-09,2.2613,2.27,2.2,2.2111,8107000.0
2011-09-12,2.1739,2.187,2.1241,2.1497,13026000.0
2011-09-13,2.1959,2.196,2.1211,2.1299,7588000.0
2011-09-14,2.15,2.2654,2.11,2.218,14006000.0
2011-09-15,2.248,2.295,2.2026,2.2249,10223000.0
2011-09-16,2.234,2.26,2.19,2.21,15085000.0
2011-09-19,2.206,2.2278,2.1721,2.1902,9190000.0
2011-09-20,2.1901,2.23,2.19,2.2293,6459000.0
2011-09-21,2.2289,2.2849,2.2201,2.2312,8780000.0
2011-09-22,2.201,2.2199,2.05,2.0501,31594000.0
2011-09-23,2.0,2.02,1.8522,1.96,19323000.0
2011-09-26,1.96,2.05,1.84,1.872,16310000.0
2011-09-27,1.9597,1.9999,1.9025,1.9448,11689000.0
2011-09-28,1.9383,1.98,1.912,1.9302,10104000.0
2011-09-29,1.9126,1.9977,1.9126,1.9783,8003000.0
2011-09-30,1.9792,1.9864,1.8821,1.9453,8112000.0
2011-10-03,1.915,1.9433,1.865,1.9297,4566000.0
2011-10-04,1.9096,1.945,1.8111,1.8428,10897000.0
2011-10-05,1.8998,1.8998,1.8043,1.8488,6704000.0
2011-10-06,1.8948,1.95,1.86,1.8777,18983000.0
2011-10-07,1.9001,1.9279,1.8781,1.9055,14556000.0
2011-10-10,1.9076,1.929,1.882,1.929,12913000.0
2011-10-11,1.9298,1.9325,1.8507,1.89,15156000.0
2011-10-12,1.89,1.929,1.88,1.923,16111000.0
2011-10-13,1.925,1.9318,1.8714,1.888,14452000.0
2011-10-14,1.8971,1.9164,1.8756,1.8902,57994000.0
2011-10-17,1.91,1.9885,1.895,1.8951,30890000.0
2011-10-18,1.895,1.964,1.889,1.9151,23152000.0
2011-10-19,1.945,1.9685,1.905,1.918,16869000.0
2011-10-20,1.8975,1.9148,1.885,1.8957,6728000.0
2011-10-21,1.9025,1.916,1.8879,1.8978,10462000.0
2011-10-24,1.9148,1.9626,1.905,1.92,12915000.0
2011-10-25,1.9337,1.94,1.8911,1.905,17606000.0
2011-10-26,1.909,1.9194,1.899,1.9014,39336000.0
2011-10-27,1.92,1.9719,1.9096,1.92,59730000.0
2011-10-28,1.929,1.9885,1.9233,1.9594,45679000.0
2011-10-31,1.9687,1.9688,1.9202,1.9298,13264000.0
2011-11-01,1.92,1.9464,1.862,1.875,21919000.0
2011-11-02,1.895,1.94,1.8812,1.9199,15390000.0
2011-11-03,1.9149,1.9337,1.89,1.928,8632000.0
2011-11-07,1.9199,1.945,1.9151,1.935,11030000.0
2011-11-08,1.855,2.03,1.855,2.02,81941000.0
2011-11-09,2.0321,2.094,1.938,1.95,49649000.0
2011-11-10,1.9277,2.0097,1.915,1.9925,24023000.0
2011-11-11,1.9931,2.049,1.962,2.0201,16852000.0
2011-11-14,2.05,2.0799,2.0,2.0001,13309000.0
2011-11-15,1.9995,2.0155,1.9512,1.9785,9114000.0
2011-11-16,1.978,2.0003,1.9552,1.9945,10078000.0
2011-11-17,1.9861,2.0286,1.975,2.0,26091000.0
2011-11-18,1.9849,2.0188,1.94,1.9976,11244000.0
2011-11-21,2.0,2.0222,1.9,1.9,13708000.0
2011-11-22,1.918,1.9598,1.9,1.91,12390000.0
2011-11-23,1.9,1.94,1.8921,1.9218,18095000.0
2011-11-24,1.9189,1.9386,1.9189,1.922,4608000.0
2011-11-25,1.9099,1.9289,1.8991,1.9279,9285000.0
2011-11-28,1.94,2.029,1.94,2.0076,18510000.0
2011-11-29,2.01,2.0193,1.9501,1.99,7429000.0
2011-11-30,1.9899,2.0998,1.9713,2.069,23098000.0
2011-12-01,2.0357,2.17,2.0357,2.1231,55628000.0
2011-12-02,2.1484,2.1793,2.1089,2.135,22699000.0
2011-12-05,2.12,2.1699,2.11,2.137,5482000.0
2011-12-06,2.1413,2.1413,2.03,2.05,35573000.0
2011-12-07,2.0673,2.09,2.014,2.0248,15758000.0
2011-12-08,2.0449,2.072,2.012,2.018,6336000.0
2011-12-09,2.0,2.0,1.936,1.9602,20532000.0
2011-12-12,1.9602,1.9992,1.91,1.9197,16344000.0
2011-12-13,1.919,1.9501,1.867,1.915,31125000.0
2011-12-14,1.91,1.945,1.883,1.9151,17194000.0
2011-12-15,1.9098,1.9299,1.904,1.9198,11805000.0
2011-12-16,1.9259,1.9473,1.9,1.93,13623000.0
2011-12-19,1.9095,1.925,1.8831,1.9016,6552000.0
2011-12-20,1.8898,1.915,1.889,1.9114,5293000.0
2011-12-21,1.92,1.92,1.8651,1.89,17543000.0
2011-12-22,1.89,1.9,1.831,1.8543,19206000.0
2011-12-23,1.8301,1.8622,1.805,1.8092,24560000.0
2011-12-26,1.8299,1.8299,1.7924,1.793,6019000.0
2011-12-27,1.7903,1.8038,1.774,1.78,8561000.0
2011-12-28,1.78,1.7888,1.762,1.7623,13969000.0
2011-12-29,1.7615,1.7758,1.7246,1.73,29000000.0
2011-12-30,1.735,1.74,1.6903,1.71,76531000.0
2012-01-03,1.71,1.7599,1.71,1.7466,9702000.0
2012-01-04,1.7537,1.7874,1.7467,1.7544,7382000.0
2012-01-05,1.7594,1.7728,1.7323,1.7465,8328000.0
2012-01-06,1.7403,1.751,1.7365,1.7373,4974000.0
2012-01-09,1.7415,1.7487,1.7344,1.7404,18734000.0
2012-01-10,1.748,1.7795,1.743,1.7599,18665000.0
2012-01-11,1.755,1.7555,1.7272,1.7354,10365000.0
2012-01-12,1.7424,1.7545,1.72,1.7299,34994000.0
2012-01-13,1.7339,1.7348,1.715,1.72,14484000.0
2012-01-16,1.7111,1.7215,1.701,1.701,15170000.0
2012-01-17,1.707,1.7293,1.7069,1.7119,16197000.0
2012-01-18,1.7147,1.99,1.7109,1.7543,38175000.0
2012-01-19,1.77,1.798,1.7477,1.7663,40663000.0
2012-01-20,1.7651,1.7651,1.7399,1.7484,12677000.0
2012-01-23,1.75,1.7646,1.7416,1.7497,12495000.0
2012-01-24,1.7461,1.75,1.7251,1.7327,8996000.0
2012-01-25,1.7386,1.75,1.736,1.7399,27224000.0
2012-01-26,1.7488,1.798,1.7385,1.789,53497000.0
2012-01-27,1.7708,1.802,1.754,1.77,38701000.0
2012-01-30,1.77,1.7725,1.751,1.7642,17365000.0
2012-01-31,1.765,1.8036,1.7625,1.8019,61749000.0
2012-02-01,1.797,1.8831,1.7859,1.88,63068000.0
2012-02-02,1.89,1.931,1.875,1.8831,25916000.0
2012-02-03,1.8832,1.9699,1.88,1.9598,56221000.0
2012-02-06,1.9506,1.9848,1.9327,1.9795,44044000.0
2012-02-07,1.955,1.984,1.9455,1.9599,57342000.0
2012-02-08,1.9625,1.987,1.9452,1.9705,47547000.0
2012-02-09,1.97,1.9859,1.8811,1.9044,33388000.0
2012-02-10,1.9,1.9036,1.8671,1.8794,23139000.0
2012-02-13,1.8947,1.92,1.875,1.8839,68783000.0
2012-02-14,1.8839,1.8927,1.8711,1.8796,12832000.0
2012-02-15,1.8894,1.895,1.82,1.8877,33191000.0
2012-02-16,1.876,1.876,1.845,1.865,17918000.0
2012-02-17,1.88,1.89,1.8736,1.876,26018000.0
2012-02-20,1.8822,1.9188,1.8822,1.8896,12113000.0
2012-02-21,1.8899,1.89,1.8526,1.88,8514000.0
2012-02-22,1.8797,1.8929,1.855,1.8636,9319000.0
2012-02-24,1.8799,1.89,1.8626,1.87,71985000.0
2012-02-27,1.8788,1.8897,1.8701,1.8792,27012000.0
2012-02-28,1.8771,1.8986,1.8465,1.8549,26320000.0
2012-02-29,1.8648,1.865,1.8403,1.844,50764000.0
2012-03-01,1.844,1.844,1.8115,1.8281,44118000.0
2012-03-02,1.846,1.8479,1.8194,1.8273,13475000.0
2012-03-05,1.829,1.8597,1.829,1.8481,24426000.0
2012-03-06,1.8472,1.848,1.7847,1.7873,23589000.0
2012-03-07,1.7863,1.8112,1.779,1.7961,28424000.0
2012-03-11,1.8317,1.8403,1.799,1.8148,19688000.0
2012-03-12,1.805,1.8119,1.7912,1.7916,37751000.0
2012-03-13,1.8004,1.8138,1.7991,1.8099,41791000.0
2012-03-14,1.8202,1.8389,1.8121,1.8288,39040000.0
2012-03-15,1.8287,1.8787,1.8219,1.87,73515000.0
2012-03-16,1.88,1.9375,1.8651,1.9,79910000.0
2012-03-19,1.9193,1.9469,1.852,1.887,47722000.0
2012-03-20,1.8855,1.9029,1.8388,1.8991,67785000.0
2012-03-21,1.89,1.8937,1.8515,1.8675,34110000.0
2012-03-22,1.8677,1.875,1.8311,1.8361,15747000.0
2012-03-23,1.854,1.8795,1.8388,1.8607,9439000.0
2012-03-26,1.863,1.8892,1.863,1.872,12952000.0
2012-03-27,1.8753,1.8836,1.848,1.8557,13660000.0
2012-03-28,1.8521,1.859,1.8424,1.8468,8005000.0
2012-03-29,1.842,1.8597,1.801,1.8095,13913000.0
2012-03-30,1.815,1.8995,1.81,1.8401,40788000.0
2012-04-02,1.8699,1.9149,1.84,1.8652,27282000.0
2012-04-03,1.882,1.9,1.875,1.8848,30649000.0
2012-04-04,1.8601,1.884,1.8404,1.8512,26970000.0
2012-04-05,1.8695,1.8695,1.819,1.8485,22798000.0
2012-04-06,1.8584,1.8584,1.82,1.83,8171000.0
2012-04-09,1.8249,1.854,1.811,1.8447,8526000.0
2012-04-10,1.85,1.8589,1.83,1.8328,6450000.0
2012-04-11,1.83,1.8456,1.82,1.8231,6569000.0
2012-04-12,1.8295,1.8401,1.818,1.84,4160000.0
2012-04-13,1.8411,1.8456,1.8304,1.8412,5211000.0
2012-04-16,1.8302,1.846,1.8225,1.8241,7230000.0
2012-04-17,1.8231,1.8251,1.7927,1.8084,10609000.0
2012-04-18,1.8106,1.82,1.792,1.7949,6992000.0
2012-04-19,1.7948,1.8188,1.792,1.8033,5604000.0
2012-04-20,1.8034,1.8037,1.7911,1.799,8192000.0
2012-04-23,1.8,1.8042,1.761,1.77,13533000.0
2012-04-24,1.7686,1.854,1.7471,1.8495,32269000.0
2012-04-25,1.8526,1.8526,1.8,1.8078,12769000.0
2012-04-26,1.8169,1.819,1.7591,1.7698,11519000.0
2012-04-27,1.779,1.7998,1.7555,1.7698,8625000.0
2012-04-28,1.779,1.779,1.756,1.777,2548000.0
2012-05-02,1.7879,1.7938,1.74,1.7405,8395000.0
2012-05-03,1.7405,1.76,1.7338,1.745,5424000.0
2012-05-04,1.7385,1.7469,1.6605,1.683,30647000.0
2012-05-05,1.69,1.69,1.6683,1.6775,2868000.0
2012-05-07,1.6798,1.6799,1.6071,1.6474,3804000.0
2012-05-08,1.665,1.6682,1.61,1.6113,4751000.0
2012-05-10,1.62,1.68,1.615,1.6308,13322000.0
2012-05-11,1.6161,1.6249,1.5822,1.6069,12915000.0
2012-05-12,1.6134,1.6397,1.58,1.6299,9989000.0
2012-05-14,1.5901,1.6099,1.53,1.5428,10771000.0
2012-05-15,1.542,1.5698,1.5369,1.563,5690000.0
2012-05-16,1.5456,1.5645,1.5051,1.54,26830000.0
2012-05-17,1.5261,1.56,1.46,1.4618,27751000.0
2012-05-18,1.4201,1.4587,1.3622,1.3695,62015000.0
2012-05-21,1.372,1.3899,1.3633,1.3822,14552000.0
2012-05-22,1.3999,1.4,1.37,1.388,10547000.0
2012-05-23,1.381,1.381,1.32,1.3371,18067000.0
2012-05-24,1.34,1.35,1.2817,1.3444,13773000.0
2012-05-25,1.3399,1.358,1.3291,1.33,13672000.0
2012-05-28,1.3448,1.38,1.3448,1.3652,13458000.0
2012-05-29,1.3632,1.4349,1.3632,1.3984,22954000.0
2012-05-30,1.3901,1.3961,1.36,1.3959,9132000.0
2012-05-31,1.388,1.43,1.365,1.3727,29134000.0
2012-06-01,1.3747,1.3878,1.305,1.331,13715000.0
2012-06-04,1.3131,1.3513,1.2999,1.3437,10742000.0
2012-06-05,1.35,1.3875,1.35,1.37,23284000.0
2012-06-06,1.3888,1.3955,1.3563,1.369,27829000.0
2012-06-07,1.37,1.3955,1.3357,1.37,49704000.0
2012-06-08,1.36,1.375,1.35,1.3645,33308000.0
2012-06-09,1.375,1.379,1.361,1.372,14309000.0
2012-06-13,1.377,1.4207,1.3628,1.3979,29348000.0
2012-06-14,1.3972,1.3975,1.3674,1.3751,23788000.0
2012-06-15,1.39,1.479,1.3752,1.4777,51463000.0
2012-06-18,1.48,1.5433,1.446,1.4594,19931000.0
2012-06-19,1.4596,1.4718,1.4146,1.43,13103000.0
2012-06-20,1.4379,1.4379,1.3764,1.3767,25195000.0
2012-06-21,1.375,1.3959,1.3552,1.379,12790000.0
2012-06-22,1.3556,1.3695,1.355,1.3653,10877000.0
2012-06-25,1.3609,1.4099,1.356,1.3767,12601000.0
2012-06-26,1.38,1.3889,1.3636,1.3691,3980000.0
2012-06-27,1.3825,1.4106,1.37,1.41,25923000.0
2012-06-28,1.4148,1.42,1.3758,1.3784,17458000.0
2012-06-29,1.391,1.4055,1.3779,1.3932,30131000.0
2012-07-02,1.397,1.435,1.3891,1.4179,31394000.0
2012-07-03,1.4299,1.4488,1.4165,1.436,19838000.0
2012-07-04,1.4371,1.45,1.3701,1.4197,50644000.0
2012-07-05,1.4101,1.4201,1.385,1.386,16169000.0
2012-07-06,1.3799,1.3947,1.3751,1.3754,11545000.0
2012-07-09,1.3754,1.3872,1.37,1.375,5676000.0
2012-07-10,1.3736,1.3984,1.37,1.3934,9702000.0
2012-07-11,1.3766,1.3877,1.3765,1.3815,6495000.0
2012-07-12,1.382,1.3886,1.3575,1.3669,5819000.0
2012-07-13,1.37,1.3784,1.364,1.3735,2762000.0
2012-07-16,1.3768,1.3869,1.374,1.3842,6484000.0
2012-07-17,1.3866,1.4111,1.371,1.3775,9666000.0
2012-07-18,1.378,1.3923,1.356,1.36,22963000.0
2012-07-19,1.3601,1.3692,1.3356,1.339,87927000.0
2012-07-20,1.3366,1.3366,1.314,1.32,15460000.0
2012-07-23,1.32,1.32,1.2779,1.28,18440000.0
2012-07-24,1.2799,1.2885,1.2661,1.2669,16780000.0
2012-07-25,1.2659,1.2669,1.2111,1.23,34340000.0
2012-07-26,1.231,1.2987,1.2041,1.2312,51969000.0
2012-07-27,1.242,1.2756,1.24,1.265,13347000.0
2012-07-30,1.265,1.2849,1.2525,1.265,6887000.0
2012-07-31,1.2718,1.2722,1.2364,1.2399,15732000.0
2012-08-01,1.2437,1.2439,1.227,1.2295,9651000.0
2012-08-02,1.2365,1.2483,1.2171,1.2345,10525000.0
2012-08-03,1.221,1.2455,1.221,1.242,6608000.0
2012-08-06,1.2439,1.2672,1.2375,1.2668,7027000.0
2012-08-07,1.2602,1.2761,1.2552,1.2665,11591000.0
2012-08-08,1.2687,1.2838,1.2516,1.2825,21134000.0
2012-08-09,1.29,1.3135,1.28,1.3,33206000.0
2012-08-10,1.2992,1.2992,1.2755,1.292,12669000.0
2012-08-13,1.2983,1.32,1.29,1.2903,12649000.0
2012-08-14,1.291,1.353,1.2855,1.3519,33311000.0
2012-08-15,1.3488,1.387,1.3155,1.325,41374000.0
2012-08-16,1.3388,1.3494,1.276,1.3035,39167000.0
2012-08-17,1.305,1.3099,1.2834,1.3047,10303000.0
2012-08-20,1.3045,1.3053,1.276,1.2789,12099000.0
2012-08-21,1.2803,1.3177,1.2803,1.3076,22554000.0
2012-08-22,1.2862,1.2987,1.283,1.2882,9277000.0
2012-08-23,1.2948,1.3,1.275,1.287,19122000.0
2012-08-24,1.2767,1.2777,1.255,1.2649,28384000.0
2012-08-27,1.2651,1.2698,1.251,1.258,7434000.0
2012-08-28,1.256,1.26,1.2355,1.2449,31427000.0
2012-08-29,1.2455,1.2496,1.215,1.2197,31264000.0
2012-08-30,1.2194,1.22,1.1886,1.1886,33482000.0
2012-08-31,1.19,1.205,1.1887,1.2001,9089000.0
2012-09-03,1.2054,1.2185,1.2044,1.2157,9651000.0
2012-09-04,1.2165,1.2199,1.2105,1.2167,6157000.0
2012-09-05,1.2175,1.2198,1.2005,1.2037,10269000.0
2012-09-06,1.2071,1.2087,1.2017,1.2057,38485000.0
2012-09-07,1.2088,1.245,1.207,1.233,81959000.0
2012-09-10,1.2385,1.255,1.2253,1.2529,21873000.0
2012-09-11,1.243,1.25,1.2355,1.2488,22569000.0
2012-09-12,1.248,1.2679,1.2407,1.263,31262000.0
2012-09-13,1.268,1.27,1.2453,1.249,15072000.0
2012-09-14,1.275,1.353,1.2701,1.3451,118220000.0
2012-09-17,1.3355,1.383,1.32,1.3703,55866000.0
2012-09-18,1.355,1.4377,1.351,1.401,70372000.0
2012-09-19,1.41,1.42,1.3843,1.401,37927000.0
2012-09-20,1.391,1.4008,1.383,1.3992,15465000.0
2012-09-21,1.403,1.414,1.351,1.351,35771000.0
2012-09-24,1.371,1.375,1.3611,1.37,11155000.0
2012-09-25,1.3728,1.3861,1.362,1.365,13937000.0
2012-09-26,1.3599,1.3599,1.3051,1.3079,14129000.0
2012-09-27,1.33,1.385,1.3202,1.37,71730000.0
2012-09-28,1.3835,1.413,1.3651,1.3865,34939000.0
2012-10-01,1.3788,1.4687,1.37,1.4601,41293000.0
2012-10-02,1.46,1.4986,1.4471,1.49,34289000.0
2012-10-03,1.4899,1.5086,1.4411,1.458,59577000.0
2012-10-04,1.4687,1.4796,1.41,1.4237,18006000.0
2012-10-05,1.4396,1.4592,1.4266,1.445,11767000.0
2012-10-08,1.44,1.444,1.4156,1.4253,4955000.0
2012-10-09,1.425,1.4395,1.4,1.4,9105000.0
2012-10-10,1.4047,1.4048,1.3739,1.3751,18419000.0
2012-10-11,1.379,1.4015,1.3735,1.3784,18851000.0
2012-10-12,1.3848,1.3848,1.335,1.346,20103000.0
2012-10-15,1.341,1.3588,1.3311,1.3412,18067000.0
2012-10-16,1.36,1.375,1.3403,1.3521,15237000.0
2012-10-17,1.3601,1.4,1.3551,1.396,24416000.0
2012-10-18,1.3999,1.44,1.392,1.402,22891000.0
2012-10-19,1.3985,1.4248,1.386,1.387,24528000.0
2012-10-22,1.3827,1.4298,1.3801,1.4264,13804000.0
2012-10-23,1.4206,1.4367,1.397,1.4031,15633000.0
2012-10-24,1.4109,1.4291,1.39,1.42,21540000.0
2012-10-25,1.4121,1.4387,1.4012,1.437,11889000.0
2012-10-26,1.4251,1.4315,1.3963,1.4066,19080000.0
2012-10-29,1.4067,1.4125,1.3812,1.4125,8913000.0
2012-10-30,1.4125,1.433,1.3905,1.3905,17343000.0
2012-10-31,1.393,1.417,1.3811,1.3812,8676000.0
2012-11-01,1.3812,1.3988,1.3675,1.375,7766000.0
2012-11-02,1.3838,1.3838,1.355,1.3596,10869000.0
2012-11-06,1.346,1.36,1.3455,1.349,20822000.0
2012-11-07,1.3512,1.374,1.3212,1.325,30070000.0
2012-11-08,1.32,1.3278,1.2567,1.2602,57178000.0
2012-11-09,1.259,1.2697,1.238,1.245,53721000.0
2012-11-12,1.2527,1.2597,1.231,1.2488,20261000.0
2012-11-13,1.2397,1.2421,1.2081,1.2104,23736000.0
2012-11-14,1.2197,1.2275,1.209,1.22,11512000.0
2012-11-15,1.2278,1.2398,1.2155,1.2394,10020000.0
2012-11-16,1.2384,1.2495,1.22,1.245,13052000.0
2012-11-19,1.2523,1.2686,1.2499,1.2652,10437000.0
2012-11-20,1.2669,1.2669,1.2502,1.262,9591000.0
2012-11-21,1.255,1.265,1.2492,1.265,4139000.0
2012-11-22,1.265,1.2862,1.2632,1.275,9055000.0
2012-11-23,1.2843,1.3333,1.2763,1.3025,14992000.0
2012-11-26,1.3105,1.3154,1.2882,1.2927,8758000.0
2012-11-27,1.3078,1.3133,1.28,1.2989,7355000.0
2012-11-28,1.2817,1.2875,1.26,1.2654,8817000.0
2012-11-29,1.2769,1.2871,1.2553,1.27,10344000.0
2012-11-30,1.2709,1.2967,1.2709,1.2905,31686000.0
2012-12-03,1.29,1.3117,1.279,1.3089,8880000.0
2012-12-04,1.3001,1.33,1.291,1.3291,16454000.0
2012-12-05,1.33,1.3474,1.3291,1.3419,13411000.0
2012-12-06,1.34,1.36,1.33,1.3354,28912000.0
2012-12-07,1.335,1.3484,1.3153,1.318,6733000.0
2012-12-10,1.3178,1.3985,1.3064,1.3951,43390000.0
2012-12-11,1.3807,1.4,1.3801,1.3891,15095000.0
2012-12-12,1.4,1.4055,1.371,1.3869,75921000.0
2012-12-13,1.387,1.3973,1.351,1.3648,11600000.0
2012-12-14,1.3543,1.3746,1.3543,1.364,7862000.0
2012-12-17,1.3639,1.3727,1.3392,1.3592,18958000.0
2012-12-18,1.3601,1.3797,1.3501,1.3575,14131000.0
2012-12-19,1.366,1.3749,1.331,1.341,27350000.0
2012-12-20,1.332,1.35,1.332,1.346,25601000.0
2012-12-21,1.337,1.345,1.3303,1.3377,12357000.0
2012-12-24,1.3334,1.34,1.3221,1.327,3504000.0
2012-12-25,1.3301,1.3338,1.322,1.326,7293000.0
2012-12-26,1.338,1.338,1.3175,1.335,8675000.0
2012-12-27,1.33,1.334,1.3216,1.324,8128000.0
2012-12-28,1.321,1.3344,1.3179,1.3344,38274000.0
2013-01-08,1.348,1.374,1.348,1.362,10261000.0
2013-01-09,1.3617,1.405,1.35,1.399,21354000.0
2013-01-10,1.398,1.4235,1.387,1.4195,30863000.0
2013-01-11,1.422,1.462,1.4161,1.4376,34746000.0
2013-01-14,1.4417,1.477,1.4261,1.4763,35741000.0
2013-01-15,1.4744,1.4959,1.4484,1.4903,44814000.0
2013-01-16,1.4857,1.5893,1.484,1.57,198789000.0
2013-01-17,1.5649,1.5987,1.523,1.5799,76356000.0
2013-01-18,1.582,1.5897,1.55,1.563,42881000.0
2013-01-21,1.563,1.57,1.5281,1.534,22759000.0
2013-01-22,1.5382,1.5417,1.504,1.54,38214000.0
2013-01-23,1.5406,1.5909,1.54,1.5879,50528000.0
2013-01-24,1.5852,1.6425,1.5751,1.625,87863000.0
2013-01-25,1.63,1.6788,1.6052,1.6457,56726000.0
2013-01-28,1.65,1.66,1.6191,1.6419,22894000.0
2013-01-29,1.6475,1.6478,1.5862,1.595,36892000.0
2013-01-30,1.598,1.6088,1.541,1.563,39849000.0
2013-01-31,1.554,1.5894,1.5371,1.5498,16195000.0
2013-02-01,1.5555,1.587,1.547,1.5549,18101000.0
2013-02-04,1.5692,1.5695,1.5186,1.54,20220000.0
2013-02-05,1.5237,1.5542,1.52,1.5417,17706000.0
2013-02-06,1.5466,1.5735,1.54,1.5598,22367000.0
2013-02-07,1.5595,1.595,1.5562,1.5912,38415000.0
2013-02-08,1.5925,1.5982,1.5795,1.5951,21248000.0
2013-02-11,1.5952,1.599,1.581,1.5947,10411000.0
2013-02-12,1.59,1.59,1.5612,1.5735,13521000.0
2013-02-13,1.575,1.6046,1.563,1.6007,19560000.0
2013-02-14,1.6,1.6375,1.586,1.5945,26619000.0
2013-02-15,1.5899,1.6,1.5551,1.57,13997000.0
2013-02-18,1.5736,1.5798,1.5475,1.5659,14308000.0
2013-02-19,1.5691,1.5775,1.5574,1.572,24090000.0
2013-02-20,1.568,1.5741,1.53,1.53,7639000.0
2013-02-21,1.517,1.5199,1.4583,1.4792,43854000.0
2013-02-22,1.48,1.49,1.47,1.4774,6541000.0
2013-02-25,1.48,1.48,1.4601,1.4709,7200000.0
2013-02-26,1.452,1.4648,1.421,1.4292,15993000.0
2013-02-27,1.4348,1.4348,1.4161,1.4235,9896000.0
2013-02-28,1.424,1.4435,1.41,1.43,15493000.0
2013-03-01,1.423,1.4271,1.388,1.4,17638000.0
2013-03-04,1.41,1.41,1.352,1.3584,21816000.0
2013-03-05,1.3645,1.385,1.3602,1.3805,19111000.0
2013-03-06,1.3849,1.4082,1.376,1.38,18414000.0
2013-03-07,1.3881,1.3998,1.3704,1.39,11795000.0
2013-03-11,1.395,1.404,1.3866,1.392,10259000.0
2013-03-12,1.3916,1.3916,1.33,1.3483,54641000.0
2013-03-13,1.3423,1.3749,1.3412,1.3588,16761000.0
2013-03-14,1.3521,1.358,1.3403,1.3558,14675000.0
2013-03-15,1.3584,1.3693,1.348,1.3531,15720000.0
2013-03-18,1.3371,1.3399,1.298,1.3105,27761000.0
2013-03-19,1.3131,1.3248,1.3043,1.3149,15536000.0
2013-03-20,1.3141,1.325,1.3017,1.3195,13605000.0
2013-03-21,1.325,1.335,1.3083,1.3144,5731000.0
2013-03-22,1.3101,1.3131,1.293,1.299,13394000.0
2013-03-25,1.315,1.3175,1.2962,1.2962,26773000.0
2013-03-26,1.295,1.3069,1.2651,1.2729,16373000.0
2013-03-27,1.2798,1.286,1.265,1.2702,7032000.0
2013-03-28,1.2707,1.2948,1.2699,1.2899,10413000.0
2013-03-29,1.2917,1.2948,1.2769,1.2834,18072000.0
2013-04-01,1.28,1.2934,1.265,1.2779,6815000.0
2013-04-02,1.2814,1.2814,1.2626,1.266,6595000.0
2013-04-03,1.2656,1.273,1.24,1.2568,11210000.0
2013-04-04,1.241,1.2658,1.2401,1.2617,18187000.0
2013-04-05,1.2612,1.2782,1.244,1.2655,11784000.0
2013-04-08,1.27,1.2828,1.2563,1.2595,8009000.0
2013-04-09,1.2598,1.2729,1.257,1.2685,7556000.0
2013-04-10,1.2796,1.2797,1.2451,1.2478,15214000.0
2013-04-11,1.25,1.2577,1.211,1.214,23211000.0
2013-04-12,1.205,1.2288,1.1948,1.195,18441000.0
2013-04-15,1.193,1.1986,1.1604,1.169,32439000.0
2013-04-16,1.1609,1.1881,1.1579,1.1802,19543000.0
2013-04-17,1.19,1.197,1.163,1.1718,13606000.0
2013-04-18,1.1715,1.1774,1.14,1.1449,8618000.0
2013-04-19,1.1595,1.1598,1.132,1.1393,2493000.0
2013-04-22,1.1401,1.15,1.1222,1.1279,11325000.0
2013-04-23,1.128,1.1358,1.11,1.1338,12961000.0
2013-04-24,1.1354,1.1883,1.1354,1.1769,17269000.0
2013-04-25,1.1889,1.211,1.1708,1.1794,9341000.0
2013-04-26,1.1705,1.18,1.1551,1.1647,6352000.0
2013-04-29,1.166,1.1719,1.1456,1.1701,5137000.0
2013-04-30,1.167,1.2298,1.153,1.2253,10988000.0
2013-05-02,1.2211,1.2772,1.2077,1.243,10060000.0
2013-05-03,1.2598,1.277,1.2161,1.2216,10026000.0
2013-05-06,1.2349,1.2595,1.223,1.2595,12729000.0
2013-05-07,1.2611,1.2699,1.2459,1.251,12129000.0
2013-05-08,1.255,1.2598,1.2275,1.23,5376000.0
2013-05-10,1.237,1.253,1.229,1.2489,3888000.0
2013-05-13,1.2311,1.26,1.2311,1.2406,29309000.0
2013-05-14,1.2312,1.263,1.2212,1.2299,19551000.0
2013-05-15,1.23,1.2599,1.2201,1.2476,23010000.0
2013-05-16,1.249,1.2615,1.236,1.2386,23464000.0
2013-05-17,1.2361,1.2683,1.235,1.2683,26830000.0
2013-05-20,1.2709,1.3255,1.27,1.2862,36256000.0
2013-05-21,1.2991,1.3119,1.2758,1.282,11701000.0
2013-05-22,1.28,1.2999,1.2622,1.2812,28201000.0
2013-05-23,1.2552,1.26,1.23,1.23,14905000.0
2013-05-24,1.2321,1.2519,1.2251,1.2328,9744000.0
2013-05-27,1.234,1.2551,1.2301,1.2457,18655000.0
2013-05-28,1.2559,1.2567,1.2432,1.256,4945000.0
2013-05-29,1.2447,1.252,1.2221,1.2271,10949000.0
2013-05-30,1.226,1.2349,1.2111,1.2133,9573000.0
2013-05-31,1.213,1.23,1.1819,1.1852,6750000.0
2013-06-03,1.1899,1.1899,1.15,1.18,15466000.0
2013-06-04,1.1799,1.1932,1.1636,1.1669,26529000.0
2013-06-05,1.171,1.1715,1.128,1.138,29907000.0
2013-06-06,1.127,1.14,1.0902,1.0963,29731000.0
2013-06-07,1.095,1.125,1.0851,1.1242,10837000.0
2013-06-10,1.1258,1.1326,1.1101,1.1167,7318000.0
2013-06-11,1.1131,1.1219,1.081,1.0854,10126000.0
2013-06-13,1.0777,1.0796,1.0491,1.0752,4279000.0
2013-06-14,1.08,1.1055,1.0755,1.104,7869000.0
2013-06-17,1.1,1.1462,1.0501,1.127,10637000.0
2013-06-18,1.115,1.145,1.1111,1.125,7155000.0
2013-06-19,1.1298,1.1299,1.09,1.0988,7134000.0
2013-06-20,1.0822,1.0828,1.0551,1.062,8150000.0
2013-06-21,1.0619,1.0779,1.0527,1.0531,7276000.0
2013-06-24,1.063,1.065,1.03,1.057,6044000.0
2013-06-25,1.055,1.083,1.055,1.0761,7913000.0
2013-06-26,1.0765,1.0988,1.0741,1.0747,6377000.0
2013-06-27,1.0914,1.0914,1.0641,1.0644,4189000.0
2013-06-28,1.065,1.08,1.0641,1.0697,12798000.0
2013-07-01,1.07,1.0857,1.0665,1.081,4830000.0
2013-07-02,1.0764,1.0978,1.0764,1.091,9033000.0
2013-07-03,1.09,1.098,1.07,1.0806,11443000.0
2013-07-04,1.0833,1.104,1.06,1.1,6054000.0
2013-07-05,1.1044,1.126,1.0951,1.1097,8215000.0
2013-07-08,1.103,1.108,1.096,1.1023,6242000.0
2013-07-09,1.1049,1.1149,1.1049,1.1113,6231000.0
2013-07-10,1.1085,1.1125,1.08,1.0811,10549000.0
2013-07-11,1.087,1.1235,1.067,1.1159,15081000.0
2013-07-12,1.122,1.169,1.12,1.157,57739000.0
2013-07-15,1.1648,1.1776,1.1501,1.161,8046000.0
2013-07-16,1.152,1.17,1.145,1.1501,27770000.0
2013-07-17,1.1542,1.1917,1.141,1.1881,17886000.0
2013-07-18,1.1911,1.2082,1.16,1.1666,21105000.0
2013-07-19,1.1644,1.1984,1.1555,1.1845,13663000.0
2013-07-22,1.185,1.1936,1.1661,1.1719,5842000.0
2013-07-23,1.177,1.195,1.172,1.179,24082000.0
2013-07-24,1.1782,1.179,1.1453,1.15,12212000.0
2013-07-25,1.15,1.1635,1.142,1.1491,6778000.0
2013-07-26,1.1568,1.1568,1.1255,1.1282,7599000.0
2013-07-29,1.1259,1.1429,1.111,1.1316,7825000.0
2013-07-30,1.135,1.1499,1.13,1.1347,7751000.0
2013-07-31,1.1301,1.145,1.1204,1.127,11394000.0
2013-08-01,1.13,1.1497,1.1248,1.139,28063000.0
2013-08-02,1.146,1.163,1.1261,1.1353,21970000.0
2013-08-05,1.14,1.1498,1.1215,1.128,7561000.0
2013-08-06,1.128,1.1303,1.106,1.1091,25452000.0
2013-08-07,1.1008,1.1174,1.1008,1.1108,9299000.0
2013-08-08,1.118,1.1409,1.1163,1.1351,15476000.0
2013-08-09,1.145,1.1499,1.1351,1.1453,11556000.0
2013-08-12,1.1499,1.175,1.144,1.1661,14596000.0
2013-08-13,1.1699,1.1927,1.156,1.1731,12217000.0
2013-08-14,1.1748,1.187,1.1602,1.1799,10058000.0
2013-08-15,1.1791,1.1792,1.1451,1.146,11263000.0
2013-08-16,1.1534,1.1585,1.12,1.121,12510000.0
2013-08-19,1.1262,1.1302,1.1089,1.1159,12657000.0
2013-08-20,1.116,1.1173,1.1051,1.1099,6893000.0
2013-08-21,1.1098,1.1218,1.1098,1.1147,5904000.0
2013-08-22,1.1111,1.1224,1.1061,1.1224,17909000.0
2013-08-23,1.1225,1.1344,1.1201,1.1307,7173000.0
2013-08-26,1.1301,1.1398,1.1287,1.1337,7340000.0
2013-08-27,1.1296,1.1328,1.1092,1.1147,5305000.0
2013-08-28,1.11,1.114,1.0935,1.1041,7630000.0
2013-08-29,1.1098,1.1132,1.1001,1.1111,4966000.0
2013-08-30,1.1112,1.124,1.093,1.093,11930000.0
2013-09-02,1.0909,1.1185,1.0808,1.0808,5384000.0
2013-09-03,1.083,1.0994,1.0646,1.0936,10221000.0
2013-09-04,1.0863,1.0986,1.0825,1.0844,6430000.0
2013-09-05,1.093,1.0931,1.075,1.088,14452000.0
2013-09-06,1.089,1.09,1.064,1.0704,15343000.0
2013-09-09,1.081,1.0984,1.0773,1.0935,13815000.0
2013-09-10,1.098,1.12,1.0851,1.1147,20933000.0
2013-09-11,1.1171,1.1349,1.1035,1.1203,29580000.0
2013-09-12,1.121,1.126,1.0835,1.084,17481000.0
2013-09-13,1.0812,1.093,1.08,1.0849,17762000.0
2013-09-16,1.092,1.0977,1.0722,1.0967,11218000.0
2013-09-17,1.0955,1.0955,1.0802,1.0831,9984000.0
2013-09-18,1.086,1.092,1.0752,1.0849,14087000.0
2013-09-19,1.0968,1.0987,1.085,1.0897,13781000.0
2013-09-20,1.0892,1.096,1.0832,1.0918,5353000.0
2013-09-23,1.0883,1.0939,1.0708,1.0739,15462000.0
2013-09-24,1.0705,1.0759,1.068,1.0708,10987000.0
2013-09-25,1.0659,1.088,1.061,1.0731,47767000.0
2013-09-26,1.0743,1.083,1.0705,1.077,11953000.0
2013-09-27,1.0792,1.0799,1.06,1.064,24575000.0
2013-09-30,1.064,1.064,1.037,1.0378,13658000.0
2013-10-01,1.0401,1.0477,1.0215,1.0349,26569000.0
2013-10-02,1.0361,1.0408,1.0257,1.0257,10282000.0
2013-10-03,1.029,1.0386,1.0224,1.025,7316000.0
2013-10-04,1.0261,1.0267,1.0201,1.024,7863000.0
2013-10-07,1.02,1.0376,1.02,1.0376,9995000.0
2013-10-08,1.0335,1.0456,1.02,1.0284,15912000.0
2013-10-09,1.0284,1.0321,1.0169,1.02,16993000.0
2013-10-10,1.0239,1.0256,0.9859,1.0159,35540000.0
2013-10-11,1.0163,1.0248,1.01,1.0145,4427000.0
2013-10-14,1.0145,1.0145,0.9975,0.9999,18648000.0
2013-10-15,1.0059,1.0118,0.9905,0.996,17667000.0
2013-10-16,0.9954,0.9956,0.9661,0.9701,39134000.0
2013-10-17,0.9718,0.9976,0.9688,0.9879,35267000.0
2013-10-18,0.9927,0.9927,0.968,0.9738,29673000.0
2013-10-21,0.9738,0.99,0.9702,0.9789,37294000.0
2013-10-22,0.9789,0.9836,0.9513,0.9544,34831000.0
2013-10-23,0.9501,0.9501,0.9203,0.928,41372000.0
2013-10-24,0.9286,0.9374,0.9231,0.9243,14368000.0
2013-10-25,0.9239,0.9239,0.9052,0.9135,25422000.0
2013-10-28,0.9184,0.9208,0.916,0.919,11760000.0
2013-10-29,0.919,0.9195,0.9128,0.9169,6378000.0
2013-10-30,0.9189,0.9335,0.916,0.926,23615000.0
2013-10-31,0.9241,0.9277,0.9134,0.918,13454000.0
2013-11-01,0.9239,0.9287,0.9208,0.9251,4774000.0
2013-11-05,0.9289,0.9357,0.923,0.9294,8774000.0
2013-11-06,0.933,0.9346,0.917,0.9185,4817000.0
2013-11-07,0.917,0.9249,0.9005,0.9077,14371000.0
2013-11-08,0.905,0.9096,0.895,0.9005,18867000.0
2013-11-11,0.9048,0.9088,0.8958,0.8983,6853000.0
2013-11-12,0.9004,0.9004,0.864,0.8824,15828000.0
2013-11-13,0.8716,0.8808,0.839,0.844,16059000.0
2013-11-14,0.847,0.8621,0.8457,0.8572,20469000.0
2013-11-15,0.8587,0.8693,0.8505,0.8526,9170000.0
2013-11-18,0.8549,0.862,0.8481,0.8574,5224000.0
2013-11-19,0.86,0.867,0.8482,0.857,25678000.0
2013-11-20,0.8522,0.8522,0.805,0.8426,46107000.0
2013-11-21,0.82,0.8379,0.82,0.8341,4207000.0
2013-11-22,0.8429,0.8433,0.8315,0.8432,6527000.0
2013-11-25,0.843,0.849,0.8351,0.8353,6323000.0
2013-11-26,0.8341,0.8341,0.798,0.81,24971000.0
2013-11-27,0.8103,0.8345,0.8103,0.8263,9637000.0
2013-11-28,0.8321,0.835,0.8053,0.8075,11742000.0
2013-11-29,0.8051,0.8139,0.8031,0.8077,7608000.0
2013-12-02,0.8105,0.8179,0.8053,0.8055,5593000.0
2013-12-03,0.803,0.805,0.79,0.791,22118000.0
2013-12-04,0.7979,0.815,0.7932,0.8081,10537000.0
2013-12-05,0.8081,0.8669,0.8081,0.857,70852000.0
2013-12-06,0.8551,0.9067,0.8533,0.9,43969000.0
2013-12-09,0.91,0.9288,0.9,0.92,16150000.0
2013-12-10,0.918,0.9234,0.8972,0.9061,18428000.0
2013-12-11,0.8995,0.902,0.89,0.8911,27075000.0
2013-12-12,0.8798,0.8835,0.8568,0.866,12116000.0
2013-12-13,0.8693,0.87,0.848,0.867,10071000.0
2013-12-16,0.8621,0.8692,0.8574,0.8692,17220000.0
2013-12-17,0.8696,0.888,0.8677,0.8715,45943000.0
2013-12-18,0.8748,0.884,0.8535,0.86,12526000.0
2013-12-19,0.8697,0.8728,0.8583,0.8651,29064000.0
2013-12-20,0.8687,0.8788,0.8563,0.878,26939000.0
2013-12-23,0.8815,0.8889,0.8708,0.8819,31329000.0
2013-12-24,0.882,0.8995,0.8799,0.887,17977000.0
2013-12-25,0.8854,0.8854,0.8582,0.881,7204000.0
2013-12-26,0.88,0.88,0.8656,0.8748,30564000.0
2013-12-27,0.8778,0.8778,0.8677,0.8718,24780000.0
2013-12-30,0.87,0.8747,0.8667,0.8746,16347000.0
2014-01-06,0.8746,0.8775,0.8651,0.8693,1562000.0
2014-01-08,0.8703,0.877,0.865,0.8756,4360000.0
2014-01-09,0.877,0.8798,0.8702,0.872,6013000.0
2014-01-10,0.8703,0.8739,0.8606,0.8695,11627000.0
2014-01-13,0.872,0.8735,0.8635,0.8733,5170000.0
2014-01-14,0.866,0.8701,0.864,0.8673,5878000.0
2014-01-15,0.8675,0.8987,0.8576,0.8895,26115000.0
2014-01-16,0.8895,0.8903,0.8688,0.8758,12607000.0
2014-01-17,0.8779,0.889,0.8737,0.882,11822000.0
2014-01-20,0.879,0.8849,0.87,0.8779,8516000.0
2014-01-21,0.88,0.8834,0.8701,0.8738,9819000.0
2014-01-22,0.876,0.88,0.866,0.8787,24409000.0
2014-01-23,0.8836,0.8944,0.8759,0.8857,44559000.0
2014-01-24,0.8887,0.8887,0.8681,0.8681,20714000.0
2014-01-27,0.8651,0.8712,0.8556,0.8581,6976000.0
2014-01-28,0.8569,0.86,0.8224,0.833,48860000.0
2014-01-29,0.8369,0.8517,0.8351,0.8428,13893000.0
2014-01-30,0.8455,0.8455,0.8351,0.8406,5261000.0
2014-01-31,0.8371,0.8463,0.8215,0.8216,5582000.0
2014-02-03,0.8286,0.8372,0.819,0.8247,13698000.0
2014-02-04,0.819,0.834,0.808,0.832,10695000.0
2014-02-05,0.8292,0.8465,0.828,0.8419,15116000.0
2014-02-06,0.842,0.8719,0.842,0.8662,18627000.0
2014-02-07,0.8662,0.8735,0.8613,0.8725,13410000.0
2014-02-10,0.8733,0.88,0.86,0.8709,5379000.0
2014-02-11,0.8727,0.8735,0.8653,0.8713,6288000.0
2014-02-12,0.8733,0.8789,0.8692,0.8775,11865000.0
2014-02-13,0.8778,0.8788,0.87,0.871,18161000.0
2014-02-14,0.871,0.8778,0.8628,0.8736,4778000.0
2014-02-17,0.878,0.8875,0.8749,0.8835,14711000.0
2014-02-18,0.885,0.8883,0.8716,0.88,16068000.0
2014-02-19,0.8724,0.8789,0.86,0.8621,8786000.0
2014-02-20,0.858,0.869,0.8524,0.8575,3143000.0
2014-02-21,0.8585,0.865,0.8576,0.8608,1360000.0
2014-02-24,0.8625,0.8633,0.8512,0.8617,3496000.0
2014-02-25,0.866,0.8697,0.8585,0.8618,3582000.0
2014-02-26,0.8649,0.8652,0.85,0.8525,7470000.0
2014-02-27,0.85,0.8556,0.828,0.8303,8319000.0
2014-02-28,0.8328,0.8339,0.82,0.8309,9700000.0
2014-03-03,0.795,0.7999,0.69,0.7078,49390000.0
2014-03-04,0.7078,0.7773,0.7026,0.7717,31476000.0
2014-03-05,0.7717,0.7773,0.7473,0.7758,9077000.0
2014-03-06,0.7701,0.7949,0.742,0.76,15936000.0
2014-03-07,0.7536,0.7619,0.7373,0.7543,6817000.0
2014-03-11,0.75,0.7643,0.71,0.7392,12129000.0
2014-03-12,0.73,0.7329,0.721,0.7249,10509000.0
2014-03-13,0.7301,0.7328,0.6968,0.7,15834000.0
2014-03-14,0.6961,0.6961,0.6398,0.6504,65260000.0
2014-03-17,0.6519,0.6727,0.6519,0.6699,17709000.0
2014-03-18,0.6744,0.7256,0.6744,0.7225,19385000.0
2014-03-19,0.7225,0.7445,0.7112,0.733,13944000.0
2014-03-20,0.724,0.7697,0.7109,0.762,15631000.0
2014-03-21,0.7499,0.77,0.7322,0.7518,13984000.0
2014-03-24,0.7592,0.7881,0.7402,0.7535,37455000.0
2014-03-25,0.7564,0.78,0.745,0.77,26686000.0
2014-03-26,0.7797,0.7834,0.7712,0.7735,23864000.0
2014-03-27,0.7743,0.7743,0.763,0.764,13621000.0
2014-03-28,0.7697,0.7738,0.761,0.772,9285000.0
2014-03-31,0.7688,0.78,0.7619,0.7799,12380000.0
2014-04-01,0.78,0.78,0.7693,0.774,9376000.0
2014-04-02,0.7697,0.775,0.7642,0.7701,12014000.0
2014-04-03,0.7735,0.7738,0.7678,0.7709,5510000.0
2014-04-04,0.771,0.7762,0.7644,0.7748,12878000.0
2014-04-07,0.7683,0.7736,0.7575,0.7617,10944000.0
2014-04-08,0.7617,0.768,0.7552,0.7633,7450000.0
2014-04-09,0.765,0.769,0.757,0.761,9932000.0
2014-04-10,0.765,0.783,0.7625,0.783,13875000.0
2014-04-11,0.774,0.782,0.7702,0.7756,24380000.0
2014-04-14,0.772,0.7727,0.7661,0.769,3821000.0
2014-04-15,0.775,0.775,0.748,0.7513,25542000.0
2014-04-16,0.7532,0.7546,0.7237,0.7426,36358000.0
2014-04-17,0.7466,0.748,0.7323,0.745,5127000.0
2014-04-18,0.7537,0.7588,0.7492,0.7557,11390000.0
2014-04-21,0.7517,0.7539,0.7478,0.7518,1512000.0
2014-04-22,0.7493,0.7534,0.7466,0.7505,7110000.0
2014-04-23,0.7544,0.7544,0.748,0.7499,21443000.0
2014-04-24,0.7486,0.755,0.7202,0.7449,28555000.0
2014-04-25,0.7356,0.7437,0.7107,0.7107,13837000.0
2014-04-28,0.7112,0.7252,0.7009,0.724,21523000.0
2014-04-29,0.727,0.7304,0.722,0.727,10839000.0
2014-04-30,0.731,0.7326,0.7163,0.7265,18918000.0
2014-05-02,0.7171,0.7378,0.7166,0.7355,1276000.0
2014-05-05,0.7293,0.73,0.7111,0.7274,1967000.0
2014-05-06,0.7294,0.7413,0.7288,0.74,7364000.0
2014-05-07,0.7351,0.747,0.7351,0.7421,10806000.0
2014-05-08,0.7433,0.75,0.7345,0.7388,9213000.0
2014-05-12,0.7388,0.7486,0.7388,0.7483,13959000.0
2014-05-13,0.749,0.758,0.7482,0.7541,6312000.0
2014-05-14,0.7541,0.7558,0.7474,0.7517,3964000.0
2014-05-15,0.7503,0.755,0.7498,0.7498,5306000.0
2014-05-16,0.749,0.7497,0.7443,0.7464,5694000.0
2014-05-19,0.7489,0.765,0.7458,0.7613,12824000.0
2014-05-20,0.765,0.7957,0.7578,0.7816,9660000.0
2014-05-21,0.7843,0.7995,0.773,0.7898,23900000.0
2014-05-22,0.7908,0.8212,0.7864,0.8,28429000.0
2014-05-23,0.8048,0.8069,0.7946,0.7998,8964000.0
2014-05-26,0.7998,0.823,0.7998,0.816,21462000.0
2014-05-27,0.8161,0.817,0.7875,0.7912,18031000.0
2014-05-28,0.7906,0.8417,0.7854,0.8255,21752000.0
2014-05-29,0.8248,0.827,0.8101,0.8136,13192000.0
2014-05-30,0.8136,0.8171,0.8014,0.8044,7089000.0
2014-06-02,0.8078,0.825,0.8077,0.8175,11827000.0
2014-06-03,0.817,0.82,0.81,0.8144,9138000.0
2014-06-04,0.814,0.8178,0.8102,0.8137,13235000.0
2014-06-05,0.8118,0.8191,0.809,0.8098,14600000.0
2014-06-06,0.8118,0.8155,0.8,0.814,26548000.0
2014-06-09,0.8149,0.815,0.8076,0.8123,5605000.0
2014-06-10,0.8122,0.8145,0.805,0.8104,16271000.0
2014-06-11,0.784,0.8001,0.7777,0.7947,26343000.0
2014-06-16,0.787,0.7972,0.7805,0.7972,13051000.0
2014-06-17,0.7849,0.7991,0.7804,0.7904,12310000.0
2014-06-18,0.795,0.7979,0.787,0.7911,4310000.0
2014-06-19,0.795,0.814,0.795,0.8023,19550000.0
2014-06-20,0.804,0.8077,0.795,0.805,28427000.0
2014-06-23,0.801,0.8047,0.7899,0.7899,9938000.0
2014-06-24,0.794,0.7987,0.79,0.7973,9267000.0
2014-06-25,0.7943,0.7973,0.781,0.784,7489000.0
2014-06-26,0.785,0.7918,0.7816,0.7831,11130000.0
2014-06-27,0.7836,0.7889,0.781,0.781,2978000.0
2014-06-30,0.7861,0.7861,0.776,0.7793,10511000.0
2014-07-01,0.7771,0.7858,0.7741,0.78,6812000.0
2014-07-02,0.78,0.785,0.7791,0.7832,8629000.0
2014-07-03,0.785,0.802,0.785,0.7971,24014000.0
2014-07-04,0.7971,0.8055,0.7885,0.7973,15266000.0
2014-07-07,0.797,0.803,0.7946,0.8011,7538000.0
2014-07-08,0.8008,0.8039,0.7993,0.8001,10232000.0
2014-07-09,0.8018,0.8027,0.7952,0.8,5518000.0
2014-07-10,0.7982,0.822,0.7967,0.8117,16066000.0
2014-07-11,0.813,0.818,0.8055,0.8125,6275000.0
2014-07-14,0.808,0.8195,0.803,0.8195,5489000.0
2014-07-15,0.8174,0.8589,0.8151,0.843,16656000.0
2014-07-16,0.849,0.888,0.829,0.8386,19610000.0
2014-07-17,0.8382,0.8382,0.8069,0.813,12584000.0
2014-07-18,0.809,0.822,0.797,0.822,16219000.0
2014-07-21,0.8225,0.829,0.785,0.799,25808000.0
2014-07-22,0.8055,0.8084,0.7994,0.8067,5347000.0
2014-07-23,0.807,0.8143,0.8031,0.807,4393000.0
2014-07-24,0.8031,0.8048,0.7997,0.8005,4924000.0
2014-07-25,0.8,0.8089,0.7987,0.8025,11547000.0
2014-07-28,0.807,0.807,0.7828,0.7885,8262000.0
2014-07-29,0.7884,0.7935,0.7881,0.7898,5668000.0
2014-07-30,0.7909,0.8055,0.7867,0.8,9398000.0
2014-07-31,0.8029,0.81,0.7921,0.7921,7906000.0
2014-08-01,0.7921,0.8099,0.7921,0.8026,8944000.0
2014-08-04,0.803,0.8228,0.803,0.8101,13045000.0
2014-08-05,0.815,0.818,0.8036,0.8037,7916000.0
2014-08-06,0.803,0.8042,0.7777,0.7915,16802000.0
2014-08-07,0.7901,0.7979,0.7816,0.789,9719000.0
2014-08-08,0.7894,0.8775,0.7894,0.8498,16099000.0
2014-08-11,0.85,0.852,0.8164,0.8373,13876000.0
2014-08-12,0.8351,0.8467,0.8252,0.8419,14581000.0
2014-08-13,0.84,0.8487,0.8351,0.8371,18232000.0
2014-08-14,0.84,0.8401,0.8341,0.8369,8157000.0
2014-08-15,0.8369,0.839,0.8219,0.8238,13206000.0
2014-08-18,0.8262,0.84,0.8245,0.8289,2716000.0
2014-08-19,0.8302,0.836,0.8259,0.8321,4980000.0
2014-08-20,0.8349,0.8525,0.83,0.8524,12134000.0
2014-08-21,0.8536,0.8903,0.853,0.89,34585000.0
2014-08-22,0.89,0.9,0.873,0.8995,20441000.0
2014-08-25,0.9002,0.91,0.881,0.8917,5805000.0
2014-08-26,0.8918,0.899,0.8829,0.883,2461000.0
2014-08-27,0.884,0.8964,0.8675,0.8702,14734000.0
2014-08-28,0.8645,0.8789,0.8388,0.8453,9627000.0
2014-08-29,0.8453,0.865,0.8351,0.8551,18591000.0
2014-09-01,0.858,0.8698,0.837,0.844,13353000.0
2014-09-02,0.8431,0.8457,0.8341,0.8355,7217000.0
2014-09-03,0.8379,0.8645,0.834,0.8597,34109000.0
2014-09-04,0.859,0.861,0.85,0.8564,3431000.0
2014-09-05,0.8572,0.8749,0.8563,0.8725,10344000.0
2014-09-08,0.8725,0.874,0.8364,0.8422,20987000.0
2014-09-09,0.8488,0.856,0.8381,0.8427,12619000.0
2014-09-10,0.8401,0.8401,0.8202,0.8221,21343000.0
2014-09-11,0.8233,0.8361,0.8223,0.825,8242000.0
2014-09-12,0.826,0.829,0.8159,0.8221,7677000.0
2014-09-15,0.823,0.8271,0.8116,0.8117,11224000.0
2014-09-16,0.816,0.8172,0.8091,0.813,8100000.0
2014-09-17,0.8128,0.8195,0.7836,0.7981,22155000.0
2014-09-18,0.799,0.8048,0.79,0.7917,9216000.0
2014-09-19,0.797,0.798,0.741,0.75,165109000.0
2014-09-22,0.7555,0.772,0.7511,0.771,27914000.0
2014-09-23,0.773,0.7896,0.7726,0.7851,20795000.0
2014-09-24,0.7802,0.7918,0.7785,0.7787,33429000.0
2014-09-25,0.7857,0.7876,0.7701,0.7719,29581000.0
2014-09-26,0.7719,0.7768,0.76,0.772,20920000.0
2014-09-29,0.7702,0.788,0.7702,0.785,12194000.0
2014-09-30,0.7855,0.7877,0.7799,0.7816,6223000.0
2014-10-01,0.7805,0.7835,0.772,0.7795,9287000.0
2014-10-02,0.777,0.785,0.7705,0.774,30573000.0
2014-10-03,0.7785,0.7785,0.765,0.7675,6009000.0
2014-10-06,0.7765,0.7845,0.77,0.781,8879000.0
2014-10-07,0.783,0.7865,0.7725,0.7735,12886000.0
2014-10-08,0.7725,0.778,0.7675,0.771,8756000.0
2014-10-09,0.779,0.7805,0.771,0.7715,4532000.0
2014-10-10,0.7715,0.778,0.755,0.7705,15496000.0
2014-10-13,0.771,0.7725,0.755,0.7605,9258000.0
2014-10-14,0.7605,0.766,0.76,0.7635,19917000.0
2014-10-15,0.7625,0.7635,0.752,0.76,5502000.0
2014-10-16,0.7595,0.765,0.7475,0.751,17938000.0
2014-10-17,0.7535,0.776,0.7505,0.762,9968000.0
2014-10-20,0.765,0.771,0.7615,0.7665,3956000.0
2014-10-21,0.766,0.776,0.7615,0.767,15254000.0
2014-10-22,0.7705,0.7755,0.764,0.765,7677000.0
2014-10-23,0.766,0.772,0.755,0.755,8357000.0
2014-10-24,0.754,0.76,0.7525,0.7595,5151000.0
2014-10-27,0.7655,0.767,0.7575,0.7635,13498000.0
2014-10-28,0.7635,0.772,0.7635,0.772,12824000.0
2014-10-29,0.776,0.7805,0.772,0.78,2411000.0
2014-10-30,0.785,0.79,0.7675,0.772,12719000.0
2014-10-31,0.777,0.7835,0.77,0.774,8335000.0
2014-11-03,0.7715,0.8,0.769,0.7955,9655000.0
2014-11-05,0.795,0.796,0.782,0.786,11614000.0
2014-11-06,0.788,0.792,0.775,0.78,15410000.0
2014-11-07,0.78,0.7845,0.7595,0.767,19378000.0
2014-11-10,0.7705,0.782,0.768,0.778,25585000.0
2014-11-11,0.776,0.787,0.766,0.7695,7839000.0
2014-11-12,0.774,0.775,0.762,0.767,12879000.0
2014-11-13,0.767,0.7705,0.744,0.7445,23460000.0
2014-11-14,0.7505,0.7505,0.7355,0.7385,11154000.0
2014-11-17,0.7375,0.744,0.72,0.7275,20101000.0
2014-11-18,0.732,0.735,0.723,0.7295,14280000.0
2014-11-19,0.735,0.735,0.7085,0.7195,44723000.0
2014-11-20,0.7195,0.726,0.7135,0.724,14879000.0
2014-11-21,0.726,0.735,0.7175,0.7185,15597000.0
2014-11-24,0.724,0.725,0.714,0.7185,12507000.0
2014-11-25,0.72,0.721,0.716,0.721,20766000.0
2014-11-26,0.7295,0.7385,0.72,0.7245,9451000.0
2014-11-27,0.726,0.726,0.7195,0.7195,4978000.0
2014-11-28,0.721,0.721,0.709,0.718,11294000.0
2014-12-01,0.8,0.8,0.719,0.7225,14466000.0
2014-12-02,0.724,0.729,0.718,0.72,7542000.0
2014-12-03,0.721,0.736,0.719,0.736,14556000.0
2014-12-04,0.7345,0.774,0.7235,0.729,28108000.0
2014-12-05,0.731,0.733,0.71,0.715,16280000.0
2014-12-08,0.716,0.725,0.6755,0.682,28737000.0
2014-12-09,0.6815,0.687,0.661,0.6795,14238000.0
2014-12-10,0.6885,0.69,0.673,0.673,15285000.0
2014-12-11,0.675,0.6795,0.6515,0.66,14502000.0
2014-12-12,0.659,0.66,0.64,0.645,12400000.0
2014-12-15,0.6535,0.6595,0.595,0.62,37627000.0
2014-12-16,0.6235,0.631,0.5435,0.575,37305000.0
2014-12-17,0.599,0.602,0.5605,0.602,13542000.0
2014-12-18,0.61,0.666,0.6005,0.6595,29552000.0
2014-12-19,0.6505,0.6745,0.641,0.6745,21730000.0
2014-12-22,0.68,0.72,0.68,0.685,19260000.0
2014-12-23,0.7,0.7005,0.6855,0.694,21412000.0
2014-12-24,0.6945,0.695,0.678,0.692,16599000.0
2014-12-25,0.694,0.718,0.6815,0.684,15380000.0
2014-12-26,0.689,0.689,0.66,0.674,15139000.0
2014-12-29,0.674,0.68,0.641,0.657,22325000.0
2014-12-30,0.657,0.662,0.63,0.64,7635000.0
2015-01-05,0.64,0.6595,0.6295,0.652,3326000.0
2015-01-06,0.653,0.671,0.651,0.6625,6667000.0
2015-01-08,0.6695,0.6895,0.6655,0.686,6870000.0
2015-01-09,0.6895,0.699,0.6755,0.686,7041000.0
2015-01-12,0.677,0.689,0.671,0.6825,5325000.0
2015-01-13,0.6825,0.6845,0.6695,0.674,5779000.0
2015-01-14,0.6795,0.6795,0.6615,0.664,12220000.0
2015-01-15,0.67,0.6705,0.664,0.666,13030000.0
2015-01-16,0.668,0.6725,0.666,0.666,10774000.0
2015-01-19,0.672,0.672,0.656,0.6605,8053000.0
2015-01-20,0.6655,0.6715,0.6575,0.658,6371000.0
2015-01-21,0.661,0.6645,0.644,0.6475,8660000.0
2015-01-22,0.6585,0.665,0.651,0.653,19369000.0
2015-01-23,0.6585,0.659,0.646,0.6465,19838000.0
2015-01-26,0.6505,0.6525,0.6335,0.642,11373000.0
2015-01-27,0.635,0.652,0.6205,0.652,10885000.0
2015-01-28,0.652,0.6595,0.6435,0.648,8849000.0
2015-01-29,0.649,0.651,0.6375,0.6465,8701000.0
2015-01-30,0.647,0.652,0.6345,0.645,10590000.0
2015-02-02,0.6495,0.6495,0.635,0.6375,3827000.0
2015-02-03,0.638,0.639,0.6295,0.636,14143000.0
2015-02-04,0.634,0.6425,0.634,0.6375,11919000.0
2015-02-05,0.6375,0.638,0.635,0.637,7891000.0
2015-02-06,0.64,0.6635,0.638,0.6635,17244000.0
2015-02-09,0.6695,0.67,0.6545,0.669,16607000.0
2015-02-10,0.669,0.6735,0.6585,0.669,8662000.0
2015-02-11,0.6725,0.6745,0.661,0.6695,13712000.0
2015-02-12,0.67,0.685,0.6625,0.682,31788000.0
2015-02-13,0.685,0.7165,0.6605,0.696,98447000.0
2015-02-16,0.703,0.769,0.69,0.7035,179925000.0
2015-02-17,0.704,0.7065,0.6915,0.6965,38354000.0
2015-02-18,0.698,0.705,0.6855,0.704,41211000.0
2015-02-19,0.71,0.71,0.667,0.685,40675000.0
2015-02-20,0.6835,0.697,0.6815,0.693,73137000.0
2015-02-24,0.684,0.69,0.676,0.6865,20891000.0
2015-02-25,0.689,0.7005,0.68,0.695,43497000.0
2015-02-26,0.6975,0.75,0.6975,0.738,68611000.0
2015-02-27,0.74,0.772,0.74,0.758,37496000.0
2015-03-02,0.7475,0.774,0.7475,0.765,15127000.0
2015-03-03,0.765,0.77,0.7455,0.75,32034000.0
2015-03-04,0.75,0.757,0.733,0.74,35411000.0
2015-03-05,0.745,0.7915,0.7415,0.7715,41130000.0
2015-03-06,0.7785,0.7795,0.747,0.751,26993000.0
2015-03-10,0.7445,0.7595,0.724,0.725,47623000.0
2015-03-11,0.7245,0.745,0.712,0.715,20762000.0
2015-03-12,0.72,0.73,0.715,0.7275,8885000.0
2015-03-13,0.7275,0.739,0.715,0.725,12658000.0
2015-03-16,0.725,0.73,0.704,0.71,10759000.0
2015-03-17,0.715,0.7185,0.704,0.708,10001000.0
2015-03-18,0.708,0.7245,0.7055,0.7085,10324000.0
2015-03-19,0.7225,0.7225,0.707,0.7095,16945000.0
2015-03-20,0.72,0.748,0.69,0.7145,68967000.0
2015-03-23,0.7095,0.713,0.6885,0.6955,28615000.0
2015-03-24,0.693,0.7135,0.69,0.696,25010000.0
2015-03-25,0.7005,0.7045,0.6895,0.6995,10806000.0
2015-03-26,0.7045,0.7175,0.695,0.7,20021000.0
2015-03-27,0.7015,0.719,0.6985,0.7145,16054000.0
2015-03-30,0.7195,0.729,0.7055,0.727,9810000.0
2015-03-31,0.7165,0.724,0.7105,0.7175,5728000.0
2015-04-01,0.713,0.738,0.713,0.73,26040000.0
2015-04-02,0.7315,0.7995,0.7295,0.7815,61526000.0
2015-04-03,0.7825,0.7955,0.7655,0.78,14155000.0
2015-04-06,0.7775,0.846,0.7775,0.83,50043000.0
2015-04-07,0.842,0.8635,0.819,0.844,36697000.0
2015-04-08,0.844,0.894,0.8365,0.8895,51261000.0
2015-04-09,0.89,0.9245,0.87,0.904,94202000.0
2015-04-10,0.9075,0.913,0.871,0.884,37818000.0
2015-04-13,0.888,0.93,0.888,0.929,70815000.0
2015-04-14,0.929,0.964,0.925,0.944,48288000.0
2015-04-15,0.95,1.009,0.945,0.9905,75726000.0
2015-04-16,0.992,1.0365,0.9795,1.01,58157000.0
2015-04-17,1.019,1.04,0.9855,1.015,48401000.0
2015-04-20,1.0035,1.0335,0.951,0.996,40770000.0
2015-04-21,0.9725,1.036,0.9725,1.029,101070000.0
2015-04-22,1.03,1.036,1.01,1.0195,87309000.0
2015-04-23,1.0195,1.0195,0.951,0.982,39602000.0
2015-04-24,0.982,1.0205,0.965,1.0095,56265000.0
2015-04-27,1.009,1.0235,0.99,1.017,38069000.0
2015-04-28,1.0075,1.044,0.9815,1.0195,304421000.0
2015-04-29,1.0195,1.02,0.9865,0.9995,61730000.0
2015-04-30,1.0105,1.0105,0.9915,0.9985,25458000.0
2015-05-05,1.0095,1.019,0.9905,1.0145,4315000.0
2015-05-06,1.0145,1.015,0.989,0.9935,4079000.0
2015-05-07,0.9935,1.002,0.98,0.982,65795000.0
2015-05-08,0.9885,1.0065,0.984,0.989,101367000.0
2015-05-12,0.99,1.017,0.986,0.9955,12178000.0
2015-05-13,0.995,0.9965,0.962,0.9715,34435000.0
2015-05-14,0.9715,0.989,0.9545,0.9675,14950000.0
2015-05-15,0.9675,0.9675,0.9415,0.9555,21830000.0
2015-05-18,0.952,0.9675,0.952,0.963,10027000.0
2015-05-19,0.959,0.9775,0.935,0.9415,18019000.0
2015-05-20,0.944,0.944,0.916,0.923,13782000.0
2015-05-21,0.9185,0.9495,0.914,0.932,23316000.0
2015-05-22,0.937,0.9435,0.932,0.9435,11690000.0
2015-05-25,0.9435,0.9505,0.9375,0.946,20376000.0
2015-05-26,0.946,0.948,0.9275,0.9415,18339000.0
2015-05-27,0.945,0.945,0.9335,0.9375,4721000.0
2015-05-28,0.9385,0.947,0.88,0.933,9276000.0
2015-05-29,0.933,0.9445,0.93,0.9345,13930000.0
2015-06-01,0.9385,0.946,0.9325,0.9415,40827000.0
2015-06-02,0.9455,0.949,0.935,0.941,3391000.0
2015-06-03,0.932,0.941,0.924,0.931,23259000.0
2015-06-04,0.9235,0.93,0.91,0.9225,9532000.0
2015-06-05,0.915,0.925,0.905,0.915,5955000.0
2015-06-08,0.912,0.9265,0.902,0.9135,8685000.0
2015-06-09,0.913,0.9245,0.903,0.9145,40177000.0
2015-06-10,0.9155,0.9185,0.9005,0.905,2543000.0
2015-06-11,0.9095,0.915,0.89,0.902,85265000.0
2015-06-15,0.904,0.92,0.9005,0.9105,7006000.0
2015-06-16,0.9125,0.938,0.905,0.9305,8049000.0
2015-06-17,0.9315,0.9425,0.92,0.93,5138000.0
2015-06-18,0.93,0.97,0.9115,0.9595,294503000.0
2015-06-19,0.9635,0.979,0.9215,0.941,19386000.0
2015-06-22,0.94,0.944,0.922,0.922,7438000.0
2015-06-23,0.92,0.9215,0.8935,0.9175,10191000.0
2015-06-24,0.9185,0.93,0.908,0.916,3330000.0
2015-06-25,0.926,0.931,0.907,0.916,7445000.0
2015-06-26,0.9125,0.9225,0.897,0.92,8965000.0
2015-06-29,0.91,0.9185,0.895,0.8975,6254000.0
2015-06-30,0.897,0.9,0.877,0.887,7074000.0
2015-07-01,0.881,0.901,0.88,0.901,16024000.0
2015-07-02,0.901,0.935,0.883,0.9275,5526000.0
2015-07-03,0.927,0.935,0.9125,0.927,6933000.0
2015-07-06,0.9195,0.9265,0.89,0.9,15720000.0
2015-07-07,0.892,0.9055,0.8805,0.8945,12460000.0
2015-07-08,0.895,0.9045,0.8775,0.9045,27299000.0
2015-07-09,0.896,0.904,0.8905,0.904,1446000.0
2015-07-10,0.905,0.917,0.8905,0.8975,5181000.0
2015-07-13,0.8975,0.9025,0.889,0.898,3489000.0
2015-07-14,0.8965,0.901,0.891,0.898,1083000.0
2015-07-15,0.9,0.9065,0.887,0.893,5687000.0
2015-07-16,0.891,0.91,0.8895,0.8995,8521000.0
2015-07-17,0.898,0.904,0.885,0.8865,6424000.0
2015-07-20,0.8915,0.8975,0.8825,0.889,13731000.0
2015-07-21,0.889,0.9015,0.8845,0.8975,95470000.0
2015-07-22,0.897,0.91,0.8865,0.898,11931000.0
2015-07-23,0.9,0.9025,0.8845,0.9005,14498000.0
2015-07-24,0.904,0.909,0.884,0.894,10368000.0
2015-07-27,0.8905,0.899,0.8845,0.8895,157737000.0
2015-07-28,0.89,0.9,0.8745,0.883,6469000.0
2015-07-29,0.8745,0.8965,0.8655,0.8825,7827000.0
2015-07-30,0.8845,0.888,0.876,0.878,5369000.0
2015-07-31,0.884,0.8845,0.871,0.8785,6521000.0
2015-08-03,0.8825,0.885,0.8745,0.8815,49969000.0
2015-08-04,0.884,0.892,0.871,0.873,6854000.0
2015-08-05,0.8745,0.885,0.8745,0.881,11526000.0
2015-08-06,0.879,0.89,0.8665,0.88,26115000.0
2015-08-07,0.881,0.8895,0.8725,0.8795,39425000.0
2015-08-10,0.88,0.8835,0.874,0.879,4265000.0
2015-08-11,0.8795,0.9,0.8725,0.881,147828000.0
2015-08-12,0.877,0.8895,0.87,0.877,21775000.0
2015-08-13,0.88,0.8805,0.8695,0.8775,40111000.0
2015-08-14,0.877,0.879,0.8675,0.871,21619000.0
2015-08-17,0.874,0.881,0.859,0.8625,53573000.0
2015-08-18,0.862,0.867,0.857,0.867,11167000.0
2015-08-19,0.864,0.864,0.851,0.8575,12896000.0
2015-08-20,0.849,0.851,0.838,0.8445,15112000.0
2015-08-21,0.8405,0.843,0.821,0.822,13909000.0
2015-08-24,0.8,0.8095,0.772,0.7895,58031000.0
2015-08-25,0.7935,0.8395,0.7845,0.816,17353000.0
2015-08-26,0.8145,0.825,0.8055,0.824,8791000.0
2015-08-27,0.8275,0.84,0.8205,0.83,5367000.0
2015-08-28,0.8325,0.844,0.812,0.824,14825000.0
2015-08-31,0.824,0.8295,0.801,0.824,294296000.0
2015-09-01,0.8255,0.834,0.8135,0.823,9909000.0
2015-09-02,0.825,0.832,0.8125,0.8205,76629000.0
2015-09-03,0.818,0.833,0.817,0.824,4366000.0
2015-09-04,0.8205,0.8235,0.814,0.8205,8666000.0
2015-09-07,0.8195,0.8235,0.813,0.818,10108000.0
2015-09-08,0.8165,0.8245,0.814,0.8175,4483000.0
2015-09-09,0.817,0.8245,0.814,0.819,4733000.0
2015-09-10,0.8145,0.823,0.8105,0.82,20165000.0
2015-09-11,0.8205,0.824,0.8095,0.821,126504000.0
2015-09-14,0.8155,0.835,0.8155,0.8215,16859000.0
2015-09-15,0.819,0.8285,0.814,0.823,33899000.0
2015-09-16,0.8245,0.8245,0.811,0.8225,16494000.0
2015-09-17,0.823,0.8355,0.815,0.821,94553000.0
2015-09-18,0.8205,0.8275,0.792,0.792,78481000.0
2015-09-21,0.8095,0.837,0.8055,0.8195,297238000.0
2015-09-22,0.818,0.8275,0.8125,0.8185,344671000.0
2015-09-23,0.821,0.8235,0.813,0.8155,342127000.0
2015-09-24,0.811,0.838,0.801,0.82,619736000.0
2015-09-25,0.8185,0.8235,0.81,0.8215,196624000.0
2015-09-28,0.8215,0.8285,0.8175,0.82,2603000.0
2015-09-29,0.8205,0.8235,0.811,0.8205,161610000.0
2015-09-30,0.822,0.8335,0.806,0.8085,385329000.0
2015-10-01,0.8065,0.819,0.7915,0.812,115711000.0
2015-10-02,0.8165,0.8165,0.7955,0.8035,91381000.0
2015-10-05,0.8075,0.809,0.8,0.8015,17305000.0
2015-10-06,0.805,0.8095,0.805,0.807,10860000.0
2015-10-07,0.8085,0.82,0.808,0.817,9010000.0
2015-10-08,0.817,0.82,0.808,0.812,17406000.0
2015-10-09,0.818,0.8375,0.8125,0.8355,65674000.0
2015-10-12,0.8355,0.836,0.8155,0.8175,37422000.0
2015-10-13,0.8195,0.824,0.8085,0.815,19210000.0
2015-10-14,0.8175,0.82,0.8105,0.813,7696000.0
2015-10-15,0.817,0.82,0.8075,0.81,468390000.0
2015-10-16,0.81,0.82,0.8035,0.811,233245000.0
2015-10-19,0.8065,0.8135,0.802,0.8085,20612000.0
2015-10-20,0.805,0.819,0.802,0.819,285838000.0
2015-10-21,0.8195,0.8285,0.8135,0.8195,28547000.0
2015-10-22,0.824,0.833,0.8115,0.815,45831000.0
2015-10-23,0.813,0.835,0.806,0.8215,135132000.0
2015-10-26,0.828,0.8285,0.816,0.819,9299000.0
2015-10-27,0.8165,0.827,0.8115,0.8195,72353000.0
2015-10-28,0.8175,0.822,0.813,0.8155,28794000.0
2015-10-29,0.8175,0.821,0.814,0.8175,3383000.0
2015-10-30,0.817,0.8265,0.813,0.822,13368000.0
2015-11-02,0.8195,0.8495,0.819,0.8495,31175000.0
2015-11-03,0.85,0.89,0.832,0.842,72216000.0
2015-11-05,0.844,0.88,0.837,0.853,41324000.0
2015-11-06,0.857,0.8855,0.8515,0.8695,20084000.0
2015-11-09,0.875,0.8795,0.8445,0.848,19614000.0
2015-11-10,0.845,0.8545,0.8195,0.8285,36699000.0
2015-11-11,0.8275,0.835,0.814,0.8235,18306000.0
2015-11-12,0.827,0.8325,0.821,0.8255,6095000.0
2015-11-13,0.828,0.8295,0.807,0.817,32160000.0
2015-11-16,0.8185,0.8285,0.8075,0.8175,15179000.0
2015-11-17,0.82,0.837,0.8155,0.826,26376000.0
2015-11-18,0.83,0.8395,0.8225,0.831,14975000.0
2015-11-19,0.8335,0.845,0.825,0.8355,21150000.0
2015-11-20,0.836,0.8375,0.82,0.8285,10423000.0
2015-11-23,0.8255,0.835,0.821,0.829,5679000.0
2015-11-24,0.8295,0.831,0.81,0.8185,8830000.0
2015-11-25,0.827,0.8305,0.8135,0.824,18261000.0
2015-11-26,0.825,0.8295,0.8155,0.8215,19959000.0
2015-11-27,0.821,0.821,0.8035,0.8165,16767000.0
2015-11-30,0.815,0.83,0.812,0.83,45866000.0
2015-12-01,0.82,0.8315,0.817,0.8205,12372000.0
2015-12-02,0.8205,0.822,0.814,0.8145,14560000.0
2015-12-03,0.8135,0.822,0.8095,0.8165,10894000.0
2015-12-04,0.818,0.824,0.81,0.812,26408000.0
2015-12-07,0.812,0.822,0.812,0.815,18691000.0
2015-12-08,0.8185,0.8195,0.8115,0.815,23143000.0
2015-12-09,0.8135,0.819,0.8085,0.815,7645000.0
2015-12-10,0.8115,0.819,0.811,0.818,9424000.0
2015-12-11,0.8155,0.8225,0.815,0.8185,4272000.0
2015-12-14,0.82,0.82,0.809,0.815,49378000.0
2015-12-15,0.817,0.821,0.813,0.813,11128000.0
2015-12-16,0.816,0.8495,0.8135,0.845,235736000.0
2015-12-17,0.8505,0.87,0.824,0.83,78331000.0
2015-12-18,0.826,0.8395,0.818,0.8395,26666000.0
2015-12-21,0.8385,0.839,0.823,0.827,6175000.0
2015-12-22,0.8275,0.834,0.823,0.83,6050000.0
2015-12-23,0.8345,0.836,0.8155,0.8275,12816000.0
2015-12-24,0.83,0.835,0.8235,0.826,7280000.0
2015-12-25,0.8335,0.835,0.8205,0.8255,6224000.0
2015-12-28,0.828,0.8285,0.815,0.816,8879000.0
2015-12-29,0.8185,0.823,0.811,0.8195,10204000.0
2015-12-30,0.8205,0.8225,0.815,0.819,17629000.0
2016-01-04,0.8195,0.823,0.813,0.821,4308000.0
2016-01-05,0.8275,0.861,0.815,0.8545,22239000.0
2016-01-06,0.8585,0.8695,0.841,0.849,10233000.0
2016-01-11,0.8295,0.8385,0.8205,0.824,9109000.0
2016-01-12,0.824,0.8365,0.8145,0.8275,13127000.0
2016-01-13,0.825,0.83,0.821,0.822,3776000.0
2016-01-14,0.8165,0.835,0.8165,0.8265,7892000.0
2016-01-15,0.8265,0.8285,0.8115,0.8145,30137000.0
2016-01-18,0.811,0.828,0.811,0.82,16466000.0
2016-01-19,0.8285,0.835,0.818,0.8255,8017000.0
2016-01-20,0.8255,0.827,0.8195,0.8225,2731000.0
2016-01-21,0.8235,0.826,0.819,0.8235,8825000.0
2016-01-22,0.826,0.8345,0.821,0.826,13631000.0
2016-01-25,0.8295,0.834,0.8195,0.8285,12301000.0
2016-01-26,0.8275,0.8315,0.821,0.8295,3280000.0
2016-01-27,0.831,0.845,0.8225,0.8425,22011000.0
2016-01-28,0.85,0.8695,0.8305,0.856,24007000.0
2016-01-29,0.857,0.8595,0.84,0.85,23590000.0
2016-02-01,0.85,0.855,0.8385,0.8525,21760000.0
2016-02-02,0.85,0.885,0.85,0.882,25590000.0
2016-02-03,0.875,0.985,0.8735,0.9595,71842000.0
2016-02-04,0.9665,0.9665,0.891,0.9445,239962000.0
2016-02-05,0.9465,0.98,0.9305,0.9625,18955000.0
2016-02-08,0.969,0.982,0.9535,0.9555,61110000.0
2016-02-09,0.9535,0.96,0.9315,0.947,9451000.0
2016-02-10,0.9375,0.944,0.921,0.936,8689000.0
2016-02-11,0.9265,0.957,0.915,0.952,235083000.0
2016-02-12,0.9495,0.977,0.94,0.971,41153000.0
2016-02-15,0.9695,0.9945,0.963,0.9695,4400000.0
2016-02-16,0.98,0.9925,0.94,0.9735,226956000.0
2016-02-17,0.9715,0.9975,0.9595,0.961,14281000.0
2016-02-18,0.9655,0.976,0.9575,0.9705,4105000.0
2016-02-19,0.9705,1.0195,0.9615,0.998,51582000.0
2016-02-20,1.001,1.0345,0.981,0.9915,42319000.0
2016-02-22,1.0,1.0285,0.962,1.004,13259000.0
2016-02-24,0.9995,1.0065,0.9875,0.988,14422000.0
2016-02-25,0.9995,0.9995,0.985,0.9905,3426000.0
2016-02-26,0.998,1.0055,0.992,1.004,3341000.0
2016-02-29,1.0045,1.029,0.996,1.0265,38764000.0
2016-03-01,1.0265,1.044,1.02,1.041,13719000.0
2016-03-02,1.051,1.065,1.0315,1.05,17110000.0
2016-03-03,1.0645,1.0645,1.0155,1.025,10621000.0
2016-03-04,1.0235,1.029,1.0,1.006,17861000.0
2016-03-07,1.006,1.0215,1.0,1.0155,4301000.0
2016-03-09,1.0105,1.02,1.0075,1.018,5256000.0
2016-03-10,1.0175,1.08,1.0035,1.0725,234306000.0
2016-03-11,1.072,1.1175,1.0635,1.101,88518000.0
2016-03-14,1.11,1.125,1.0825,1.0965,31288000.0
2016-03-15,1.103,1.107,1.0655,1.1005,35859000.0
2016-03-16,1.1075,1.19,1.08,1.187,37650000.0
2016-03-17,1.19,1.254,1.1805,1.2405,165009000.0
2016-03-18,1.231,1.2785,1.1875,1.2785,108873000.0
2016-03-21,1.2785,1.294,1.2305,1.2815,34329000.0
2016-03-22,1.28,1.28,1.2525,1.275,41811000.0
2016-03-23,1.273,1.307,1.2285,1.26,54587000.0
2016-03-24,1.27,1.27,1.2,1.2455,51881000.0
2016-03-25,1.2515,1.317,1.2455,1.302,54927000.0
2016-03-28,1.305,1.3135,1.287,1.296,23105000.0
2016-03-29,1.29,1.3725,1.262,1.3525,58358000.0
2016-03-30,1.3505,1.389,1.341,1.3785,37593000.0
2016-03-31,1.3845,1.3975,1.368,1.375,27932000.0
2016-04-01,1.38,1.3845,1.359,1.3735,19398000.0
2016-04-04,1.3715,1.398,1.3525,1.39,18430000.0
2016-04-05,1.3935,1.415,1.3305,1.3955,48390000.0
2016-04-06,1.41,1.419,1.391,1.407,12541000.0
2016-04-07,1.4,1.4105,1.389,1.4045,17773000.0
2016-04-08,1.4,1.4,1.3335,1.358,51033000.0
2016-04-11,1.3575,1.375,1.302,1.311,109744000.0
2016-04-12,1.315,1.3355,1.27,1.2745,117127000.0
2016-04-13,1.2725,1.365,1.2725,1.365,39319000.0
2016-04-14,1.355,1.395,1.355,1.3865,43314000.0
2016-04-15,1.385,1.406,1.371,1.405,48938000.0
2016-04-18,1.3975,1.4065,1.355,1.38,49927000.0
2016-04-19,1.385,1.4,1.3725,1.399,37793000.0
2016-04-20,1.3905,1.3905,1.3715,1.386,16668000.0
2016-04-21,1.3825,1.45,1.3685,1.45,201381000.0
2016-04-22,1.446,1.48,1.417,1.4775,24403000.0
2016-04-25,1.4705,1.495,1.4415,1.4595,13213000.0
2016-04-26,1.4675,1.489,1.4355,1.438,6343000.0
2016-04-27,1.4395,1.455,1.401,1.43,15944000.0
2016-04-28,1.4345,1.4925,1.4345,1.4795,31216000.0
2016-04-29,1.475,1.475,1.425,1.429,10525000.0
2016-05-04,1.42,1.4825,1.3735,1.4825,28648000.0
2016-05-05,1.478,1.5375,1.4405,1.5205,33710000.0
2016-05-06,1.52,1.5445,1.4875,1.5205,15725000.0
2016-05-10,1.522,1.524,1.5025,1.5185,4391000.0
2016-05-11,1.511,1.52,1.486,1.491,10389000.0
2016-05-12,1.4905,1.5165,1.485,1.498,17145000.0
2016-05-13,1.497,1.55,1.46,1.543,49335000.0
2016-05-16,1.5325,1.625,1.512,1.616,48727000.0
2016-05-17,1.605,1.651,1.585,1.62,62671000.0
2016-05-18,1.628,1.64,1.5955,1.627,11519000.0
2016-05-19,1.63,1.6445,1.5885,1.6195,8614000.0
2016-05-20,1.617,1.63,1.607,1.627,4594000.0
2016-05-23,1.6345,1.6345,1.6,1.6175,3273000.0
2016-05-24,1.61,1.6365,1.565,1.57,21660000.0
2016-05-25,1.579,1.6,1.52,1.6,34259000.0
2016-05-26,1.6,1.62,1.5625,1.62,13054000.0
2016-05-27,1.6145,1.6345,1.59,1.62,17746000.0
2016-05-30,1.604,1.625,1.5955,1.618,12158000.0
2016-05-31,1.6175,1.65,1.5955,1.5955,28360000.0
2016-06-01,1.6,1.6,1.5595,1.564,9362000.0
2016-06-02,1.5675,1.5675,1.51,1.51,22846000.0
2016-06-03,1.52,1.545,1.5,1.54,30141000.0
2016-06-06,1.5475,1.573,1.53,1.573,14695000.0
2016-06-07,1.57,1.6115,1.569,1.576,16521000.0
2016-06-08,1.58,1.6135,1.555,1.591,22869000.0
2016-06-09,1.5915,1.61,1.573,1.584,7448000.0
2016-06-10,1.584,1.5885,1.5355,1.55,5989000.0
2016-06-14,1.56,1.6075,1.55,1.602,18318000.0
2016-06-15,1.593,1.6575,1.593,1.6575,31102000.0
2016-06-16,1.62,1.63,1.595,1.627,16641000.0
2016-06-17,1.621,1.6595,1.6165,1.6595,8628000.0
2016-06-20,1.651,1.71,1.6175,1.629,16242000.0
2016-06-21,1.6405,1.6495,1.58,1.5895,10903000.0
2016-06-22,1.598,1.5985,1.556,1.5615,5178000.0
2016-06-23,1.551,1.5885,1.518,1.581,44243000.0
2016-06-24,1.5185,1.578,1.2605,1.508,20031000.0
2016-06-27,1.508,1.6195,1.4915,1.594,21032000.0
2016-06-28,1.593,1.655,1.581,1.6405,13773000.0
2016-06-29,1.6375,1.647,1.62,1.622,31122000.0
2016-06-30,1.6265,1.637,1.615,1.615,7798000.0
2016-07-01,1.6155,1.618,1.55,1.5705,7064000.0
2016-07-04,1.579,1.6205,1.548,1.62,18011000.0
2016-07-05,1.612,1.68,1.612,1.678,36501000.0
2016-07-06,1.678,1.686,1.641,1.68,20903000.0
2016-07-07,1.675,1.685,1.6605,1.6815,19853000.0
2016-07-08,1.6835,1.723,1.672,1.681,11875000.0
2016-07-11,1.6725,1.7,1.658,1.659,5188000.0
2016-07-12,1.6775,1.6795,1.625,1.625,5093000.0
2016-07-13,1.6305,1.649,1.617,1.617,3537000.0
2016-07-14,1.619,1.6395,1.572,1.5825,5804000.0
2016-07-15,1.573,1.75,1.573,1.629,6123000.0
2016-07-18,1.609,1.63,1.609,1.6265,1908000.0
2016-07-19,1.624,1.6265,1.602,1.606,905000.0
2016-07-20,1.61,1.616,1.59,1.608,1784000.0
2016-07-21,1.61,1.65,1.592,1.61,3845000.0
2016-07-22,1.61,1.62,1.578,1.5925,9443000.0
2016-07-25,1.5985,1.62,1.5975,1.611,5432000.0
2016-07-26,1.619,1.66,1.619,1.65,7342000.0
2016-07-27,1.6525,1.6675,1.642,1.647,3910000.0
2016-07-28,1.651,1.695,1.621,1.695,15851000.0
2016-07-29,1.6925,1.715,1.6705,1.7005,16373000.0
2016-08-01,1.695,1.722,1.695,1.709,5950000.0
2016-08-02,1.7095,1.715,1.6505,1.658,9429000.0
2016-08-03,1.658,1.69,1.647,1.6605,2773000.0
2016-08-04,1.6535,1.68,1.65,1.663,6336000.0
2016-08-05,1.678,1.678,1.654,1.6555,1406000.0
2016-08-08,1.663,1.68,1.617,1.627,10430000.0
2016-08-09,1.6295,1.687,1.6295,1.685,8215000.0
2016-08-10,1.6865,1.69,1.667,1.6685,4812000.0
2016-08-11,1.6725,1.689,1.662,1.689,3154000.0
2016-08-12,1.693,1.701,1.672,1.68,3217000.0
2016-08-15,1.683,1.6875,1.6625,1.666,4072000.0
2016-08-16,1.6555,1.6895,1.651,1.6605,1681000.0
2016-08-17,1.6655,1.6655,1.641,1.643,2789000.0
2016-08-18,1.6535,1.6535,1.62,1.63,2101000.0
2016-08-19,1.6305,1.639,1.617,1.631,1351000.0
2016-08-22,1.631,1.6435,1.4125,1.6195,8665000.0
2016-08-23,1.61,1.638,1.61,1.628,2174000.0
2016-08-24,1.628,1.644,1.628,1.641,1957000.0
2016-08-25,1.642,1.6605,1.6405,1.647,4617000.0
2016-08-26,1.651,1.6645,1.636,1.6405,5774000.0
2016-08-29,1.6435,1.656,1.6385,1.645,1443000.0
2016-08-30,1.645,1.689,1.645,1.6715,10268000.0
2016-08-31,1.6865,1.701,1.672,1.672,3113000.0
2016-09-01,1.6875,1.6875,1.6635,1.6635,1609000.0
2016-09-02,1.67,1.686,1.665,1.686,4505000.0
2016-09-05,1.69,1.7115,1.6805,1.7005,25527000.0
2016-09-06,1.71,1.7115,1.6975,1.7005,4676000.0
2016-09-07,1.7095,1.7285,1.6815,1.728,10037000.0
2016-09-08,1.737,1.737,1.72,1.7355,3642000.0
2016-09-09,1.7395,1.751,1.734,1.745,11082000.0
2016-09-12,1.7505,1.752,1.69,1.69,13811000.0
2016-09-13,1.7015,1.7145,1.661,1.68,5159000.0
2016-09-14,1.7005,1.7005,1.66,1.699,4343000.0
2016-09-15,1.699,1.706,1.682,1.7005,2982000.0
2016-09-16,1.701,1.7085,1.658,1.68,7709000.0
2016-09-19,1.6825,1.702,1.6715,1.6945,6518000.0
2016-09-20,1.6965,1.7095,1.665,1.6825,16807000.0
2016-09-21,1.69,1.7,1.6715,1.683,9120000.0
2016-09-22,1.688,1.71,1.684,1.708,1088000.0
2016-09-23,1.7045,1.709,1.672,1.699,3382000.0
2016-09-26,1.7,1.71,1.665,1.693,3168000.0
2016-09-27,1.7065,1.7065,1.665,1.67,2290000.0
2016-09-28,1.6645,1.739,1.6535,1.721,23337000.0
2016-09-29,1.74,1.775,1.706,1.751,58266000.0
2016-09-30,1.762,1.772,1.72,1.72,5053000.0
2016-10-03,1.728,1.766,1.7265,1.75,2724000.0
2016-10-04,1.75,1.75,1.711,1.7195,1708000.0
2016-10-05,1.7135,1.74,1.675,1.702,8562000.0
2016-10-06,1.71,1.7265,1.6715,1.691,2286000.0
2016-10-07,1.6895,1.703,1.67,1.6705,2808000.0
2016-10-10,1.6915,1.692,1.6715,1.686,1006000.0
2016-10-11,1.6905,1.7025,1.67,1.689,4815000.0
2016-10-12,1.6845,1.729,1.6845,1.697,4206000.0
2016-10-13,1.6985,1.7175,1.6875,1.6875,2148000.0
2016-10-14,1.6925,1.71,1.6905,1.7045,4438000.0
2016-10-17,1.704,1.7095,1.6735,1.69,2616000.0
2016-10-18,1.687,1.7245,1.6775,1.711,3667000.0
2016-10-19,1.7195,1.729,1.6975,1.7195,7776000.0
2016-10-20,1.7255,1.7255,1.71,1.715,1177000.0
2016-10-21,1.7125,1.7245,1.702,1.71,2376000.0
2016-10-24,1.7045,1.7305,1.6995,1.701,2785000.0
2016-10-25,1.705,1.72,1.6705,1.683,2846000.0
2016-10-26,1.697,1.7045,1.6895,1.6895,1676000.0
2016-10-27,1.6875,1.6985,1.64,1.6585,16704000.0
2016-10-28,1.6585,1.7,1.6585,1.6945,4804000.0
2016-10-31,1.7005,1.7135,1.69,1.713,14695000.0
2016-11-01,1.713,1.7295,1.702,1.713,9699000.0
2016-11-02,1.7105,1.73,1.7055,1.7195,2382000.0
2016-11-03,1.72,1.788,1.6925,1.756,18323000.0
2016-11-07,1.7695,1.9975,1.75,1.997,41312000.0
2016-11-08,1.996,2.1895,1.9415,2.035,58467000.0
2016-11-09,1.9995,2.38,1.9965,2.38,88360000.0
2016-11-10,2.3815,2.45,2.2635,2.2685,72793000.0
2016-11-11,2.2555,2.2685,2.032,2.082,49026000.0
2016-11-14,2.0825,2.187,2.0305,2.112,35363000.0
2016-11-15,2.1095,2.1365,2.05,2.075,10262000.0
2016-11-16,2.0975,2.1285,2.079,2.091,5314000.0
2016-11-17,2.083,2.2195,2.0825,2.2,26703000.0
2016-11-18,2.1935,2.2475,2.1415,2.168,13072000.0
2016-11-21,2.161,2.233,2.161,2.164,8074000.0
2016-11-22,2.1705,2.175,2.0995,2.101,13398000.0
2016-11-23,2.1015,2.13,2.06,2.087,13961000.0
2016-11-24,2.084,2.1035,2.076,2.1,4784000.0
2016-11-25,2.088,2.22,2.07,2.1805,11253000.0
2016-11-28,2.173,2.22,2.121,2.204,14941000.0
2016-11-29,2.207,2.2195,2.185,2.2085,5960000.0
2016-11-30,2.19,2.331,2.182,2.3,32769000.0
2016-12-01,2.3145,2.3145,2.2305,2.24,9888000.0
2016-12-02,2.24,2.2445,2.22,2.24,8071000.0
2016-12-05,2.244,2.2885,2.244,2.2835,16292000.0
2016-12-06,2.289,2.3395,2.2735,2.3195,13478000.0
2016-12-07,2.3,2.322,2.2805,2.318,16890000.0
2016-12-08,2.3155,2.382,2.3005,2.379,29690000.0
2016-12-09,2.3795,2.479,2.35,2.445,30312000.0
2016-12-12,2.445,2.54,2.438,2.518,24143000.0
2016-12-13,2.5,2.54,2.455,2.464,15369000.0
2016-12-14,2.4605,2.564,2.455,2.556,17497000.0
2016-12-15,2.5395,2.5425,2.494,2.5085,15817000.0
2016-12-16,2.5095,2.5575,2.4695,2.4695,28248000.0
2016-12-19,2.4725,2.528,2.28,2.298,51503000.0
2016-12-20,2.2975,2.3195,2.1355,2.14,72402000.0
2016-12-21,2.1495,2.2795,2.021,2.26,252877000.0
2016-12-22,2.24,2.35,2.189,2.323,67320000.0
2016-12-23,2.322,2.414,2.322,2.377,37075000.0
2016-12-26,2.377,2.38,2.3345,2.365,11302000.0
2016-12-27,2.352,2.382,2.323,2.3755,13973000.0
2016-12-28,2.3895,2.4065,2.382,2.3875,10641000.0
2016-12-29,2.3875,2.5025,2.3835,2.487,27801000.0
2016-12-30,2.481,2.522,2.45,2.48,23943000.0
2017-01-03,2.4925,2.512,2.4225,2.501,7735000.0
2017-01-04,2.5,2.527,2.48,2.5015,4021000.0
2017-01-05,2.4855,2.511,2.483,2.5,9920000.0
2017-01-06,2.5005,2.5005,2.42,2.455,5829000.0
2017-01-09,2.449,2.52,2.449,2.5145,7251000.0
2017-01-10,2.517,2.65,2.49,2.65,42954000.0
2017-01-11,2.6505,2.659,2.59,2.591,23001000.0
2017-01-12,2.605,2.64,2.596,2.6365,12143000.0
2017-01-13,2.6205,2.7,2.6,2.665,35146000.0
2017-01-16,2.658,2.715,2.64,2.6875,15741000.0
2017-01-17,2.695,2.799,2.6825,2.79,42471000.0
2017-01-18,2.7955,2.98,2.74,2.96,62284000.0
2017-01-19,2.96,3.074,2.918,2.9565,64301000.0
2017-01-20,2.958,2.985,2.8615,2.971,20380000.0
2017-01-23,2.9845,2.99,2.9,2.954,10850000.0
2017-01-24,2.961,3.0245,2.925,2.9645,22419000.0
2017-01-25,2.9775,2.98,2.95,2.958,13509000.0
2017-01-26,2.958,2.9905,2.958,2.9615,14220000.0
2017-01-27,2.9845,2.9845,2.9,2.9,29233000.0
2017-01-30,2.896,2.921,2.833,2.8765,13798000.0
2017-01-31,2.8855,2.8925,2.807,2.8305,14991000.0
2017-02-01,2.849,2.855,2.8,2.801,16469000.0
2017-02-02,2.8065,2.828,2.8,2.817,14304000.0
2017-02-03,2.818,2.8785,2.795,2.87,33097000.0
2017-02-06,2.856,2.878,2.81,2.8405,10739000.0
2017-02-07,2.8405,2.85,2.8,2.8495,6196000.0
2017-02-08,2.85,2.8665,2.8055,2.8235,10336000.0
2017-02-09,2.824,2.879,2.81,2.869,22323000.0
2017-02-10,2.8525,2.8725,2.82,2.855,9441000.0
2017-02-13,2.85,2.851,2.8075,2.845,6004000.0
2017-02-14,2.8445,2.8655,2.8435,2.854,5208000.0
2017-02-15,2.854,2.899,2.806,2.87,9828000.0
2017-02-16,2.8935,2.925,2.8505,2.878,14020000.0
2017-02-17,2.88,2.8995,2.8325,2.85,6218000.0
2017-02-20,2.85,2.85,2.755,2.7995,6696000.0
2017-02-21,2.7785,2.808,2.7,2.761,7736000.0
2017-02-22,2.7765,2.8175,2.6635,2.7085,16164000.0
2017-02-24,2.715,2.715,2.665,2.666,1554000.0
2017-02-27,2.6815,2.6815,2.4505,2.4645,52406000.0
2017-02-28,2.4505,2.4785,2.36,2.4085,69150000.0
2017-03-01,2.425,2.4825,2.4135,2.448,21200000.0
2017-03-02,2.46,2.6185,2.412,2.412,63306000.0
2017-03-03,2.4105,2.4895,2.4,2.4895,26324000.0
2017-03-06,2.491,2.5195,2.48,2.4825,14921000.0
2017-03-07,2.483,2.4995,2.41,2.465,10148000.0
2017-03-09,2.456,2.465,2.26,2.295,37939000.0
2017-03-10,2.3195,2.389,2.227,2.338,32571000.0
2017-03-13,2.33,2.42,2.32,2.3495,19260000.0
2017-03-14,2.3495,2.45,2.33,2.33,20961000.0
2017-03-15,2.33,2.385,2.33,2.351,20213000.0
2017-03-16,2.4015,2.45,2.3885,2.45,23157000.0
2017-03-17,2.46,2.5195,2.385,2.385,50012000.0
2017-03-20,2.41,2.4645,2.403,2.464,28250000.0
2017-03-21,2.474,2.5,2.4625,2.465,32842000.0
2017-03-22,2.4545,2.455,2.4005,2.4335,11536000.0
2017-03-23,2.4405,2.4985,2.15,2.4085,26713000.0
2017-03-24,2.408,2.4245,2.3905,2.406,6691000.0
2017-03-27,2.392,2.392,2.3,2.3495,24467000.0
2017-03-28,2.3285,2.375,2.306,2.352,8798000.0
2017-03-29,2.355,2.388,2.355,2.3785,5409000.0
2017-03-30,2.3895,2.422,2.389,2.4215,13301000.0
2017-03-31,2.4215,2.4455,2.402,2.402,12964000.0
2017-04-03,2.4075,2.439,2.4,2.422,8706000.0
2017-04-04,2.417,2.4185,2.386,2.3985,9179000.0
2017-04-05,2.3955,2.4195,2.3955,2.396,11640000.0
2017-04-06,2.39,2.432,2.387,2.4,10364000.0
2017-04-07,2.39,2.393,2.2265,2.265,42698000.0
2017-04-10,2.26,2.26,2.159,2.198,25389000.0
2017-04-11,2.182,2.247,2.16,2.214,20589000.0
2017-04-12,2.2085,2.219,2.165,2.191,36202000.0
2017-04-13,2.191,2.2025,2.102,2.126,53812000.0
2017-04-14,2.131,2.215,2.116,2.2,43634000.0
2017-04-17,2.2105,2.246,2.1875,2.222,13947000.0
2017-04-18,2.23,2.2385,2.0805,2.117,60853000.0
2017-04-19,2.112,2.142,2.06,2.1,31794000.0
2017-04-20,2.1055,2.135,2.0615,2.135,28912000.0
2017-04-21,2.1385,2.2,2.088,2.1075,100649000.0
2017-04-24,2.1115,2.1985,2.111,2.192,78808000.0
2017-04-25,2.198,2.3875,2.198,2.285,81657000.0
2017-04-26,2.285,2.385,2.2785,2.375,72492000.0
2017-04-27,2.3745,2.3895,2.32,2.35,27074000.0
2017-04-28,2.36,2.4425,2.2715,2.337,54841000.0
2017-05-02,2.355,2.4745,2.325,2.44,82112000.0
2017-05-03,2.44,2.454,2.3595,2.3805,24272000.0
2017-05-04,2.3985,2.422,2.3415,2.391,14802000.0
2017-05-05,2.3525,2.3995,2.3415,2.385,11224000.0
2017-05-10,2.4205,2.46,2.3635,2.3995,18074000.0
2017-05-11,2.401,2.435,2.345,2.37,13374000.0
2017-05-12,2.3935,2.41,2.3215,2.398,11979000.0
2017-05-15,2.399,2.4245,2.3,2.378,22417000.0
2017-05-16,2.3635,2.3925,2.2935,2.37,15875000.0
2017-05-17,2.351,2.374,2.3115,2.357,11751000.0
2017-05-18,2.347,2.347,2.2,2.244,33108000.0
2017-05-19,2.2695,2.369,2.2695,2.3125,40974000.0
2017-05-22,2.313,2.3245,2.2705,2.2705,12925000.0
2017-05-23,2.2665,2.38,2.2305,2.3615,37200000.0
2017-05-24,2.36,2.4075,2.3305,2.385,19120000.0
2017-05-25,2.3775,2.419,2.373,2.3965,15583000.0
2017-05-26,2.399,2.407,2.328,2.3585,9826000.0
2017-05-29,2.3595,2.3865,2.302,2.3225,16377000.0
2017-05-30,2.321,2.399,2.28,2.3915,19241000.0
2017-05-31,2.382,2.41,2.302,2.302,13737000.0
2017-06-01,2.312,2.3805,2.295,2.3655,21928000.0
2017-06-02,2.365,2.376,2.3,2.312,22738000.0
2017-06-05,2.3395,2.385,2.3025,2.38,16369000.0
2017-06-06,2.3705,2.3885,2.281,2.313,32273000.0
2017-06-07,2.3125,2.337,2.294,2.297,14738000.0
2017-06-08,2.302,2.316,2.2305,2.2995,18537000.0
2017-06-09,2.2825,2.345,2.275,2.3265,25123000.0
2017-06-13,2.272,2.3585,2.2665,2.356,15440000.0
2017-06-14,2.36,2.374,2.3005,2.303,28036000.0
2017-06-15,2.3025,2.32,2.15,2.3095,68115000.0
2017-06-16,2.3135,2.355,2.1595,2.1595,55155000.0
2017-06-19,2.1705,2.189,2.1525,2.1665,55051000.0
2017-06-20,2.167,2.2065,2.145,2.154,20016000.0
2017-06-21,2.1755,2.1765,2.137,2.1655,14774000.0
2017-06-22,2.1785,2.1975,2.161,2.165,16376000.0
2017-06-23,2.166,2.216,2.156,2.195,24607000.0
2017-06-26,2.19,2.275,2.189,2.253,18343000.0
2017-06-27,2.2335,2.2695,2.22,2.2425,13802000.0
2017-06-28,2.234,2.2595,2.224,2.2575,9169000.0
2017-06-29,2.2575,2.269,2.2175,2.2175,21309000.0
2017-06-30,2.2,2.255,2.2,2.236,17080000.0
2017-07-03,2.259,2.259,2.236,2.25,11935000.0
2017-07-04,2.2545,2.2955,2.244,2.29,18044000.0
2017-07-05,2.298,2.325,2.29,2.3195,26100000.0
2017-07-06,2.3295,2.36,2.3085,2.3275,18307000.0
2017-07-07,2.3245,2.35,2.3,2.314,24679000.0
2017-07-10,2.3355,2.3585,2.317,2.3535,10731000.0
2017-07-11,2.3585,2.447,2.3565,2.4075,32105000.0
2017-07-12,2.429,2.525,2.422,2.525,45972000.0
2017-07-13,2.5345,2.55,2.479,2.5365,22283000.0
2017-07-14,2.5405,2.55,2.51,2.5295,16364000.0
2017-07-17,2.5185,2.55,2.4805,2.485,13433000.0
2017-07-18,2.4815,2.54,2.472,2.5355,15369000.0
2017-07-19,2.542,2.57,2.5,2.5395,24301000.0
2017-07-20,2.54,2.565,2.5265,2.536,8730000.0
2017-07-21,2.559,2.559,2.511,2.531,10455000.0
2017-07-24,2.5325,2.533,2.4855,2.52,13652000.0
2017-07-25,2.513,2.586,2.4785,2.53,32225000.0
2017-07-26,2.5475,2.6945,2.5285,2.6535,44674000.0
2017-07-27,2.674,2.7,2.616,2.6415,25822000.0
2017-07-28,2.65,2.665,2.566,2.5945,27828000.0
2017-07-31,2.5945,2.6265,2.56,2.6105,19900000.0
2017-08-01,2.6205,2.69,2.6,2.6475,22005000.0
2017-08-02,2.65,2.715,2.6085,2.6145,55579000.0
2017-08-03,2.6165,2.678,2.6165,2.6235,11924000.0
2017-08-04,2.636,2.65,2.6135,2.644,9691000.0
2017-08-07,2.6565,2.6765,2.6235,2.65,12457000.0
2017-08-08,2.666,2.678,2.59,2.619,48178000.0
2017-08-09,2.6655,2.7345,2.6585,2.71,54315000.0
2017-08-10,2.733,2.791,2.67,2.7255,81206000.0
2017-08-11,2.72,2.7595,2.67,2.6985,43540000.0
2017-08-14,2.7,2.7545,2.7,2.752,17464000.0
2017-08-15,2.758,2.7785,2.7435,2.758,13619000.0
2017-08-16,2.752,2.768,2.712,2.7405,13751000.0
2017-08-17,2.73,2.766,2.714,2.751,14103000.0
2017-08-18,2.741,2.8185,2.724,2.8095,37070000.0
2017-08-21,2.8355,2.9185,2.774,2.908,59024000.0
2017-08-22,2.917,2.95,2.86,2.8705,34827000.0
2017-08-23,2.865,2.899,2.8315,2.8775,23982000.0
2017-08-24,2.8705,2.9085,2.86,2.904,18024000.0
2017-08-25,2.907,2.9115,2.8745,2.883,9033000.0
2017-08-28,2.9045,2.935,2.885,2.906,17796000.0
2017-08-29,2.9015,3.065,2.9,3.0555,175607000.0
2017-08-30,3.05,3.1965,2.954,3.1895,226169000.0
2017-08-31,3.1885,3.3125,3.1415,3.263,76776000.0
2017-09-01,3.2795,3.309,3.202,3.254,37592000.0
2017-09-04,3.239,3.301,3.1905,3.191,25742000.0
2017-09-05,3.1915,3.209,3.166,3.1905,21888000.0
2017-09-06,3.1855,3.328,3.16,3.21,31379000.0
2017-09-07,3.2365,3.238,3.186,3.186,11311000.0
2017-09-08,3.219,3.219,3.01,3.02,108480000.0
2017-09-11,3.05,3.099,3.0345,3.065,22667000.0
2017-09-12,3.0795,3.0975,3.0765,3.08,12137000.0
2017-09-13,3.085,3.09,3.013,3.031,55136000.0
2017-09-14,3.0075,3.0495,2.902,2.948,41276000.0
2017-09-15,2.9565,2.98,2.824,2.9465,73141000.0
2017-09-18,2.955,3.05,2.955,3.0495,32768000.0
2017-09-19,3.051,3.093,3.031,3.05,26774000.0
2017-09-20,3.0545,3.089,3.0305,3.078,16283000.0
2017-09-21,3.08,3.08,3.0195,3.0195,11516000.0
2017-09-22,3.0195,3.045,2.9825,3.0015,13020000.0
2017-09-25,2.99,3.03,2.9535,2.9985,18146000.0
2017-09-26,3.0,3.015,2.9,2.954,28979000.0
2017-09-27,2.954,3.011,2.9455,3.0005,24393000.0
2017-09-28,3.0,3.035,3.0,3.012,12822000.0
2017-09-29,2.9835,3.046,2.983,3.03,19840000.0
2017-10-02,3.0295,3.0295,2.9755,2.985,9868000.0
2017-10-03,2.9795,2.992,2.956,2.966,8002000.0
2017-10-04,2.9795,2.998,2.952,2.9625,8869000.0
2017-10-05,2.9785,2.98,2.9235,2.935,9541000.0
2017-10-06,2.938,2.987,2.938,2.97,14415000.0
2017-10-09,2.9695,3.0225,2.9675,3.021,20592000.0
2017-10-10,3.026,3.05,3.0225,3.05,25256000.0
2017-10-11,3.042,3.1045,3.0275,3.06,58593000.0
2017-10-12,3.07,3.0725,2.98,2.986,16274000.0
2017-10-13,2.9995,3.018,2.986,2.994,7863000.0
2017-10-16,2.9945,3.0175,2.9505,2.9785,15820000.0
2017-10-17,2.9795,2.999,2.945,2.9635,10112000.0
2017-10-18,2.9535,2.9745,2.9055,2.968,10904000.0
2017-10-19,2.963,2.964,2.9,2.93,12538000.0
2017-10-20,2.9295,2.9625,2.906,2.9105,11916000.0
2017-10-23,2.9205,2.96,2.874,2.8905,13854000.0
2017-10-24,2.901,2.9075,2.8605,2.8735,14147000.0
2017-10-25,2.8775,2.9135,2.84,2.8555,10361000.0
2017-10-26,2.84,2.9595,2.7505,2.9455,29624000.0
2017-10-27,2.9585,3.0295,2.901,3.0235,31481000.0
2017-10-30,3.033,3.045,2.9605,3.027,16454000.0
2017-10-31,3.018,3.0685,3.0055,3.0685,25731000.0
2017-11-01,3.0785,3.0875,2.94,3.065,32588000.0
2017-11-02,3.065,3.0745,3.0305,3.05,18105000.0
2017-11-03,3.0405,3.06,3.01,3.05,12139000.0
2017-11-07,3.031,3.0895,3.01,3.026,17243000.0
2017-11-08,3.0305,3.0685,2.9705,3.027,11449000.0
2017-11-09,3.03,3.0555,3.0,3.0085,10466000.0
2017-11-10,3.036,3.07,2.99,3.0335,15989000.0
2017-11-13,3.034,3.061,3.0335,3.0515,11728000.0
2017-11-14,3.046,3.0595,3.021,3.031,11385000.0
2017-11-15,3.0495,3.0495,2.99,2.9915,15108000.0
2017-11-16,2.9975,3.0275,2.96,3.009,11974000.0
2017-11-17,3.0005,3.01,2.976,3.0035,4503000.0
2017-11-20,2.9905,3.062,2.971,3.015,11108000.0
2017-11-21,3.019,3.0375,2.976,3.0125,8348000.0
2017-11-22,3.0155,3.0245,2.993,3.0025,3402000.0
2017-11-23,3.01,3.0245,2.98,2.9805,4729000.0
2017-11-24,3.0,3.0055,2.9805,2.9945,3960000.0
2017-11-27,2.992,3.019,2.9815,2.9815,4599000.0
2017-11-28,2.994,2.9995,2.9405,2.999,8967000.0
2017-11-29,2.9975,2.9975,2.95,2.96,4699000.0
2017-11-30,2.939,2.95,2.85,2.95,23542000.0
2017-12-01,2.92,2.921,2.856,2.905,8221000.0
2017-12-04,2.9045,2.906,2.802,2.819,19851000.0
2017-12-05,2.82,2.827,2.7635,2.819,17446000.0
2017-12-06,2.8115,2.8865,2.81,2.875,8016000.0
2017-12-07,2.87,2.9045,2.8115,2.8325,10275000.0
2017-12-08,2.8395,2.8395,2.78,2.817,6948000.0
2017-12-11,2.8,2.8395,2.7805,2.8035,10219000.0
2017-12-12,2.8055,2.8495,2.7815,2.7895,11600000.0
2017-12-13,2.7905,2.792,2.656,2.718,35695000.0
2017-12-14,2.72,2.734,2.67,2.714,15473000.0
2017-12-15,2.72,2.798,2.72,2.751,28394000.0
2017-12-18,2.764,2.792,2.754,2.7745,9699000.0
2017-12-19,2.7765,2.79,2.737,2.79,10592000.0
2017-12-20,2.7935,2.8285,2.7375,2.788,18085000.0
2017-12-21,2.819,2.835,2.782,2.807,21328000.0
2017-12-22,2.8015,2.825,2.713,2.7215,14925000.0
2017-12-25,2.7245,2.738,2.6955,2.7035,7433000.0
2017-12-26,2.7045,2.713,2.656,2.6815,21198000.0
2017-12-27,2.683,2.685,2.609,2.615,21904000.0
2017-12-28,2.621,2.659,2.6,2.6155,13016000.0
2017-12-29,2.615,2.6485,2.614,2.624,5548000.0
2019-01-03,2.039,2.071,2.033,2.04,7821000.0
2019-01-04,2.044,2.056,2.035,2.056,11679000.0
2019-01-08,2.06,2.075,2.01,2.056,16161000.0
2019-01-09,2.06,2.101,2.06,2.101,18119000.0
2019-01-10,2.092,2.189,2.081,2.188,27583000.0
2019-01-11,2.183,2.247,2.183,2.225,22560000.0
2019-01-14,2.22,2.237,2.161,2.167,11326000.0
2019-01-15,2.169,2.181,2.114,2.158,11235000.0
2019-01-16,2.158,2.164,2.137,2.148,4185000.0
2019-01-17,2.157,2.182,2.153,2.18,8414000.0
2019-01-18,2.171,2.206,2.16,2.187,15496000.0
2019-01-21,2.196,2.207,2.176,2.199,6859000.0
2019-01-22,2.182,2.188,2.166,2.18,3881000.0
2019-01-23,2.182,2.223,2.16,2.223,19097000.0
2019-01-24,2.205,2.247,2.145,2.168,16640000.0
2019-01-25,2.177,2.195,2.164,2.183,4741000.0
2019-01-28,2.182,2.187,2.152,2.166,3940000.0
2019-01-29,2.168,2.178,2.151,2.175,4497000.0
2019-01-30,2.155,2.177,2.155,2.163,2940000.0
2019-01-31,2.172,2.198,2.169,2.183,6082000.0
2019-02-01,2.183,2.191,2.1675,2.178,6161000.0
2019-02-04,2.165,2.186,2.163,2.166,5113000.0
2019-02-05,2.1635,2.174,2.163,2.172,3648000.0
2019-02-06,2.17,2.173,2.163,2.17,7705000.0
2019-02-07,2.1705,2.171,2.101,2.101,15483000.0
2019-02-08,2.106,2.13,2.0725,2.1215,9097000.0
2019-02-11,2.1295,2.173,2.1185,2.1695,8176000.0
2019-02-12,2.175,2.1785,2.16,2.1635,2635000.0
2019-02-13,2.165,2.1685,2.147,2.16,3777000.0
2019-02-14,2.147,2.1565,2.09,2.1315,5366000.0
2019-02-15,2.132,2.147,2.1175,2.13,1895000.0
2019-02-18,2.1385,2.1385,2.091,2.115,2205000.0
2019-02-19,2.1185,2.119,2.0825,2.0965,3551000.0
2019-02-20,2.098,2.1095,2.086,2.0995,4760000.0
2019-02-21,2.111,2.116,2.0995,2.0995,2317000.0
2019-02-22,2.1075,2.113,2.092,2.095,5649000.0
2019-02-25,2.0915,2.1095,2.0855,2.1,4028000.0
2019-02-26,2.108,2.11,2.098,2.1025,3509000.0
2019-02-27,2.1085,2.1195,2.0985,2.1195,5103000.0
2019-02-28,2.118,2.1275,2.1,2.117,3412000.0
2019-03-01,2.12,2.129,2.103,2.107,2814000.0
2019-03-04,2.1155,2.15,2.101,2.148,6377000.0
2019-03-05,2.1365,2.17,2.1345,2.17,6151000.0
2019-03-06,2.175,2.176,2.1565,2.164,2049000.0
2019-03-07,2.1605,2.1605,2.1305,2.15,5647000.0
2019-03-11,2.158,2.1585,2.1015,2.122,6953000.0
2019-03-12,2.126,2.1345,2.075,2.0955,11037000.0
2019-03-13,2.0995,2.0995,2.0725,2.09,3670000.0
2019-03-14,2.083,2.089,2.067,2.073,7137000.0
2019-03-15,2.0815,2.137,2.0505,2.137,20091000.0
2019-03-18,2.1325,2.1355,2.1095,2.124,8848000.0
2019-03-19,2.128,2.1295,2.1015,2.1175,4711000.0
2019-03-20,2.123,2.125,2.0815,2.102,5753000.0
2019-03-21,2.0945,2.0995,2.0905,2.096,1263000.0
2019-03-22,2.096,2.096,2.07,2.076,6025000.0
2019-03-25,2.076,2.085,2.07,2.0705,2671000.0
2019-03-26,2.0775,2.141,2.066,2.119,19321000.0
2019-03-27,2.1175,2.124,2.0505,2.0555,13846000.0
2019-03-28,2.07,2.093,2.056,2.072,10739000.0
2019-03-29,2.072,2.13,2.072,2.098,8940000.0
2019-04-01,2.132,2.161,2.1275,2.159,14606000.0
2019-04-02,2.16,2.178,2.151,2.16,5757000.0
2019-04-03,2.1545,2.208,2.151,2.2,17513000.0
2019-04-04,2.1925,2.216,2.1805,2.205,7156000.0
2019-04-05,2.2005,2.2295,2.1965,2.2045,5655000.0
2019-04-08,2.2195,2.27,2.207,2.259,10026000.0
2019-04-09,2.241,2.32,2.229,2.291,13164000.0
2019-04-10,2.287,2.326,2.283,2.323,7142000.0
2019-04-11,2.324,2.3295,2.251,2.266,10886000.0
2019-04-12,2.266,2.287,2.2185,2.2335,10025000.0
2019-04-15,2.241,2.2485,2.2015,2.218,8657000.0
2019-04-16,2.2295,2.299,2.2015,2.299,7118000.0
2019-04-17,2.2995,2.3275,2.2735,2.3095,20899000.0
2019-04-18,2.3195,2.3195,2.2555,2.2565,5596000.0
2019-04-19,2.2755,2.3,2.2555,2.28,2644000.0
2019-04-22,2.2915,2.2945,2.229,2.233,6446000.0
2019-04-23,2.229,2.24,2.2105,2.219,5773000.0
2019-04-24,2.234,2.272,2.22,2.272,6753000.0
2019-04-25,2.2695,2.2695,2.2155,2.23,7475000.0
2019-04-26,2.2225,2.268,2.205,2.2545,9119000.0
2019-04-29,2.267,2.27,2.2245,2.2495,2792000.0
2019-04-30,2.2405,2.257,2.226,2.2365,2806000.0
2019-05-02,2.2375,2.242,2.225,2.226,997000.0
2019-05-03,2.2395,2.247,2.23,2.235,1457000.0
2019-05-06,2.22,2.24,2.21,2.23,3957000.0
2019-05-07,2.2385,2.294,2.236,2.294,10123000.0
2019-05-08,2.2835,2.2995,2.25,2.252,3941000.0
2019-05-10,2.248,2.248,2.2155,2.223,5737000.0
2019-05-13,2.232,2.238,2.21,2.2125,4324000.0
2019-05-14,2.2145,2.26,2.2115,2.26,6438000.0
2019-05-15,2.2735,2.28,2.2515,2.259,7526000.0
2019-05-16,2.2565,2.2935,2.234,2.2935,7204000.0
2019-05-17,2.285,2.293,2.2565,2.2585,3918000.0
2019-05-20,2.2585,2.337,2.2505,2.317,8972000.0
2019-05-21,2.314,2.324,2.2935,2.3095,4987000.0
2019-05-22,2.3095,2.3095,2.27,2.292,5002000.0
2019-05-23,2.292,2.297,2.27,2.27,4855000.0
2019-05-24,2.27,2.2855,2.258,2.261,4862000.0
2019-05-27,2.2675,2.2865,2.261,2.2735,3100000.0
2019-05-28,2.2735,2.2885,2.2625,2.275,3979000.0
2019-05-29,2.2715,2.2835,2.2675,2.282,4593000.0
2019-05-30,2.2795,2.3095,2.2705,2.277,9274000.0
2019-05-31,2.2815,2.299,2.27,2.294,4615000.0
2019-06-03,2.272,2.309,2.27,2.29,5742000.0
2019-06-04,2.29,2.3065,2.28,2.303,5110000.0
2019-06-05,2.307,2.307,2.28,2.293,5343000.0
2019-06-06,2.2865,2.317,2.2865,2.2975,16730000.0
2019-06-07,2.3085,2.3165,2.29,2.2955,13477000.0
2019-06-10,2.2925,2.325,2.2925,2.2985,15825000.0
2019-06-11,2.2985,2.332,2.2985,2.318,12913000.0
2019-06-13,2.3105,2.405,2.31,2.39,34050000.0
2019-06-14,2.4,2.4555,2.398,2.4415,40105000.0
2019-06-17,2.444,2.527,2.4095,2.4135,53036000.0
2019-06-18,2.425,2.4685,2.412,2.4295,27548000.0
2019-06-19,2.4305,2.521,2.4305,2.444,26156000.0
2019-06-20,2.44,2.489,2.4365,2.4605,16897000.0
2019-06-21,2.4895,2.4895,2.4255,2.43,32459000.0
2019-06-24,2.4405,2.494,2.4305,2.447,23032000.0
2019-06-25,2.4585,2.4815,2.4265,2.433,25617000.0
2019-06-26,2.4335,2.469,2.4315,2.4515,15591000.0
2019-06-27,2.464,2.5,2.448,2.483,29740000.0
2019-06-28,2.484,2.5185,2.483,2.51,63529000.0
2019-07-01,2.348,2.4085,2.3155,2.3405,98666000.0
2019-07-02,2.34,2.347,2.295,2.3145,30541000.0
2019-07-03,2.3145,2.3155,2.2645,2.309,25718000.0
2019-07-04,2.3025,2.3065,2.281,2.2865,11225000.0
2019-07-05,2.2865,2.2985,2.274,2.2755,13239000.0
2019-07-08,2.2835,2.2835,2.2595,2.26,8641000.0
2019-07-09,2.264,2.325,2.2615,2.32,38928000.0
2019-07-10,2.324,2.34,2.2945,2.302,31870000.0
2019-07-11,2.302,2.3325,2.267,2.2755,29754000.0
2019-07-12,2.2745,2.296,2.2085,2.2885,21891000.0
2019-07-15,2.299,2.338,2.291,2.307,21570000.0
2019-07-16,2.325,2.325,2.26,2.2625,16692000.0
2019-07-17,2.2595,2.326,2.259,2.3115,21078000.0
2019-07-18,2.325,2.3285,2.2805,2.297,7659000.0
2019-07-19,2.3,2.306,2.289,2.291,6631000.0
2019-07-22,2.303,2.3125,2.288,2.304,9532000.0
2019-07-23,2.2875,2.301,2.2765,2.277,10018000.0
2019-07-24,2.2895,2.2895,2.2625,2.2695,5995000.0
2019-07-25,2.2715,2.283,2.2605,2.2775,8607000.0
2019-07-26,2.2725,2.28,2.2665,2.2775,6059000.0
2019-07-29,2.279,2.297,2.273,2.29,7601000.0
2019-07-30,2.2955,2.3,2.26,2.279,5719000.0
2019-07-31,2.28,2.294,2.2515,2.2925,11084000.0
2019-08-01,2.2715,2.31,2.2715,2.301,25789000.0
2019-08-02,2.285,2.324,2.2695,2.282,21780000.0
2019-08-05,2.2915,2.3285,2.2805,2.297,15547000.0
2019-08-06,2.307,2.3175,2.2855,2.29,6008000.0
2019-08-07,2.2935,2.299,2.272,2.2825,10168000.0
2019-08-08,2.299,2.31,2.28,2.288,12251000.0
2019-08-09,2.287,2.296,2.278,2.286,3924000.0
2019-08-12,2.297,2.3,2.1695,2.25,28417000.0
2019-08-13,2.237,2.317,2.207,2.2875,22901000.0
2019-08-14,2.2935,2.3075,2.264,2.28,11241000.0
2019-08-15,2.2635,2.289,2.24,2.245,6282000.0
2019-08-16,2.2555,2.269,2.241,2.2415,4250000.0
2019-08-19,2.2635,2.2695,2.2405,2.2465,6737000.0
2019-08-20,2.241,2.264,2.2015,2.2155,17437000.0
2019-08-21,2.203,2.284,2.2025,2.2795,11566000.0
2019-08-22,2.273,2.315,2.262,2.287,12772000.0
2019-08-23,2.2865,2.3015,2.264,2.2695,8508000.0
2019-08-26,2.2795,2.287,2.261,2.269,2440000.0
2019-08-27,2.2695,2.273,2.211,2.263,21672000.0
2019-08-28,2.245,2.28,2.2435,2.2605,6068000.0
2019-08-29,2.268,2.2725,2.234,2.254,17115000.0
2019-08-30,2.26,2.26,2.228,2.2355,11706000.0
2019-09-02,2.2365,2.269,2.2325,2.269,8916000.0
2019-09-03,2.2625,2.28,2.242,2.242,5882000.0
2019-09-04,2.248,2.2795,2.243,2.2765,5987000.0
2019-09-05,2.28,2.285,2.2465,2.254,10451000.0
2019-09-06,2.273,2.28,2.2495,2.255,5194000.0
2019-09-09,2.263,2.268,2.2435,2.246,7110000.0
2019-09-10,2.255,2.2685,2.245,2.2585,4090000.0
2019-09-11,2.258,2.259,2.24,2.24,7681000.0
2019-09-12,2.2455,2.267,2.239,2.2475,6762000.0
2019-09-13,2.2455,2.2935,2.24,2.2835,21127000.0
2019-09-16,2.299,2.308,2.2695,2.2795,9557000.0
2019-09-17,2.2775,2.282,2.2655,2.2745,4111000.0
2019-09-18,2.2805,2.286,2.2675,2.27,6459000.0
2019-09-19,2.28,2.28,2.243,2.2455,10153000.0
2019-09-20,2.251,2.2795,2.2455,2.2795,8072000.0
2019-09-23,2.2685,2.285,2.2555,2.256,6338000.0
2019-09-24,2.278,2.279,2.248,2.248,6375000.0
2019-09-25,2.258,2.258,2.2295,2.2295,5465000.0
2019-09-26,2.2315,2.246,2.23,2.23,1829000.0
2019-09-27,2.2435,2.248,2.2315,2.24,1718000.0
2019-09-30,2.245,2.2505,2.232,2.2505,9785000.0
2019-10-01,2.25,2.27,2.2445,2.27,4716000.0
2019-10-02,2.269,2.27,2.218,2.22,5046000.0
2019-10-03,2.219,2.236,2.2095,2.23,7278000.0
2019-10-04,2.2305,2.2425,2.2015,2.2015,3108000.0
2019-10-07,2.2015,2.22,2.201,2.2055,3260000.0
2019-10-08,2.207,2.2355,2.205,2.225,15457000.0
2019-10-09,2.2295,2.235,2.211,2.2175,3562000.0
2019-10-10,2.2195,2.232,2.218,2.218,3688000.0
2019-10-11,2.2225,2.232,2.2195,2.2195,3513000.0
2019-10-14,2.2285,2.246,2.22,2.22,2847000.0
2019-10-15,2.218,2.249,2.2175,2.23,6006000.0
2019-10-16,2.233,2.279,2.232,2.279,9627000.0
2019-10-17,2.261,2.29,2.26,2.29,12887000.0
2019-10-18,2.2925,2.3255,2.26,2.3045,17236000.0
2019-10-21,2.2925,2.3185,2.267,2.284,4690000.0
2019-10-22,2.29,2.3145,2.29,2.298,7294000.0
2019-10-23,2.2945,2.35,2.2945,2.309,16608000.0
2019-10-24,2.3335,2.34,2.312,2.318,8248000.0
2019-10-25,2.33,2.336,2.3015,2.31,5547000.0
2019-10-28,2.309,2.32,2.304,2.3145,2696000.0
2019-10-29,2.3125,2.318,2.2955,2.304,5083000.0
2019-10-30,2.306,2.3125,2.2925,2.2935,5789000.0
2019-10-31,2.3025,2.3025,2.2585,2.2685,6106000.0
2019-11-01,2.2765,2.2925,2.268,2.29,4294000.0
2019-11-05,2.292,2.32,2.2905,2.296,3365000.0
2019-11-06,2.3025,2.386,2.3025,2.3525,17550000.0
2019-11-07,2.3495,2.3735,2.338,2.36,9938000.0
2019-11-08,2.337,2.363,2.31,2.32,10346000.0
2019-11-11,2.324,2.349,2.324,2.344,6567000.0
2019-11-12,2.3455,2.36,2.31,2.31,13594000.0
2019-11-13,2.3155,2.3335,2.3055,2.32,2752000.0
2019-11-14,2.326,2.3555,2.3205,2.343,6879000.0
2019-11-15,2.3445,2.3555,2.324,2.324,3173000.0
2019-11-18,2.329,2.353,2.329,2.339,5751000.0
2019-11-19,2.3415,2.3695,2.339,2.354,6743000.0
2019-11-20,2.365,2.366,2.3455,2.3575,8882000.0
2019-11-21,2.3595,2.3955,2.305,2.3795,16268000.0
2019-11-22,2.37,2.41,2.3665,2.38,9449000.0
2019-11-25,2.3895,2.441,2.347,2.435,28403000.0
2019-11-26,2.442,2.4895,2.4065,2.4895,19883000.0
2019-11-27,2.465,2.487,2.453,2.465,17878000.0
2019-11-28,2.4565,2.475,2.4315,2.443,9378000.0
2019-11-29,2.4375,2.455,2.425,2.4385,9956000.0
2019-12-02,2.4415,2.4815,2.44,2.4525,16934000.0
2019-12-03,2.4555,2.457,2.38,2.38,8489000.0
2019-12-04,2.385,2.3985,2.379,2.3875,3120000.0
2019-12-05,2.3895,2.401,2.357,2.357,11861000.0
2019-12-06,2.358,2.3765,2.317,2.3265,11416000.0
2019-12-09,2.35,2.369,2.311,2.3355,7203000.0
2019-12-10,2.3335,2.3595,2.3315,2.3525,11643000.0
2019-12-11,2.3525,2.3765,2.337,2.344,6324000.0
2019-12-12,2.352,2.375,2.3405,2.349,24552000.0
2019-12-13,2.368,2.368,2.344,2.3505,7950000.0
2019-12-16,2.352,2.3615,2.3265,2.3285,10390000.0
2019-12-17,2.344,2.3455,2.3105,2.3295,17836000.0
2019-12-18,2.3305,2.3635,2.3215,2.3635,9138000.0
2019-12-19,2.363,2.3675,2.283,2.296,24801000.0
2019-12-20,2.288,2.288,2.225,2.2395,54985000.0
2019-12-23,2.2325,2.2715,2.227,2.2365,20686000.0
2019-12-24,2.242,2.2465,2.2305,2.244,8976000.0
2019-12-25,2.2445,2.25,2.23,2.2345,8023000.0
2019-12-26,2.233,2.25,2.2275,2.248,10481000.0
2019-12-27,2.2405,2.2555,2.2325,2.25,14394000.0
2019-12-30,2.255,2.26,2.213,2.26,28937000.0
2020-01-03,2.2595,2.278,2.243,2.2765,11851000.0
2020-01-06,2.2785,2.2895,2.2625,2.271,7286000.0
2020-01-08,2.27,2.287,2.24,2.286,10469000.0
2020-01-09,2.2825,2.297,2.265,2.297,29634000.0
2020-01-10,2.297,2.3985,2.2845,2.33,78682000.0
2020-01-13,2.342,2.353,2.319,2.3455,21452000.0
2020-01-14,2.358,2.398,2.322,2.341,42556000.0
2020-01-15,2.3305,2.3655,2.306,2.3495,20213000.0
2020-01-16,2.3555,2.3895,2.3505,2.36,16503000.0
2020-01-17,2.3795,2.4,2.338,2.369,37796000.0
2020-01-20,2.389,2.45,2.3605,2.43,27440000.0
2020-01-21,2.4345,2.444,2.3625,2.3895,17492000.0
2020-01-22,2.396,2.4,2.3325,2.334,21992000.0
2020-01-23,2.334,2.3445,2.3,2.3,14392000.0
2020-01-24,2.3105,2.355,2.3105,2.341,13564000.0
2020-01-27,2.321,2.3325,2.2525,2.2645,22555000.0
2020-01-28,2.277,2.31,2.25,2.304,22972000.0
2020-01-29,2.303,2.339,2.3,2.3305,9915000.0
2020-01-30,2.3325,2.3345,2.3095,2.3115,8109000.0
2020-01-31,2.33,2.339,2.3,2.312,14114000.0
2020-02-03,2.2945,2.3135,2.28,2.3075,8229000.0
2020-02-04,2.31,2.35,2.3005,2.332,7753000.0
2020-02-05,2.3335,2.3395,2.3205,2.3365,5122000.0
2020-02-06,2.335,2.356,2.31,2.319,6622000.0
2020-02-07,2.319,2.4125,2.302,2.3505,41362000.0
2020-02-10,2.3505,2.3555,2.3,2.305,12472000.0
2020-02-11,2.315,2.4105,2.295,2.3705,35617000.0
2020-02-12,2.386,2.5,2.386,2.434,93298000.0
2020-02-13,2.435,2.5045,2.3755,2.4845,49326000.0
2020-02-14,2.49,2.5475,2.49,2.5,39621000.0
2020-02-17,2.497,2.5,2.4215,2.468,30504000.0
2020-02-18,2.468,2.4745,2.39,2.395,23256000.0
2020-02-19,2.4065,2.6675,2.396,2.64,172034000.0
2020-02-20,2.639,2.645,2.542,2.5585,77332000.0
2020-02-21,2.56,2.5695,2.5085,2.524,33582000.0
2020-02-25,2.484,2.52,2.45,2.45,31431000.0
2020-02-26,2.434,2.475,2.3585,2.4695,51365000.0
2020-02-27,2.4215,2.495,2.307,2.3095,52467000.0
2020-02-28,2.2965,2.3245,2.2025,2.3245,69538000.0
2020-03-02,2.363,2.4,2.252,2.3,69337000.0
2020-03-03,2.324,2.365,2.2925,2.315,32531000.0
2020-03-04,2.2985,2.325,2.269,2.281,27251000.0
2020-03-05,2.2825,2.328,2.255,2.275,20343000.0
2020-03-06,2.274,2.274,2.171,2.197,77619000.0
2020-03-10,1.981,2.0855,1.935,1.97,79153000.0
2020-03-11,1.98,2.0085,1.881,1.908,43919000.0
2020-03-12,1.84,1.8495,1.677,1.689,60538000.0
2020-03-13,1.6875,1.761,1.613,1.62,92410000.0
2020-03-16,1.6695,1.6695,1.5005,1.515,55489000.0
2020-03-17,1.5315,1.55,1.5005,1.5215,29459000.0
2020-03-18,1.5215,1.5455,1.41,1.431,40496000.0
2020-03-19,1.4595,1.5405,1.434,1.5225,33841000.0
2020-03-20,1.58,1.718,1.534,1.614,80067000.0
2020-03-23,1.57,1.7,1.53,1.685,44533000.0
2020-03-24,1.752,1.7975,1.7135,1.739,36974000.0
2020-03-25,1.785,1.8845,1.6975,1.8295,75715000.0
2020-03-26,1.8495,2.075,1.738,1.81,91715000.0
2020-03-27,1.846,1.847,1.747,1.77,37034000.0
2020-03-30,1.76,1.785,1.7035,1.7755,26126000.0
2020-03-31,1.8,1.849,1.777,1.849,33694000.0
2020-04-01,1.8235,1.845,1.7915,1.815,41948000.0
2020-04-02,1.818,1.98,1.8055,1.851,49688000.0
2020-04-03,1.887,1.95,1.86,1.9055,60472000.0
2020-04-06,1.919,1.9845,1.8925,1.984,36107000.0
2020-04-07,1.9925,2.0695,1.9395,2.0335,61984000.0
2020-04-08,2.02,2.04,1.96,2.0205,55720000.0
2020-04-09,2.061,2.09,1.996,2.023,56975000.0
2020-04-10,2.0195,2.0345,2.0025,2.028,13335000.0
2020-04-13,2.027,2.0285,1.947,1.978,23197000.0
2020-04-14,1.9895,2.005,1.975,1.997,11368000.0
2020-04-15,1.9965,2.0,1.87,1.88,29401000.0
2020-04-16,1.89,1.954,1.8475,1.891,28888000.0
2020-04-17,1.9285,1.9385,1.898,1.8995,13277000.0
2020-04-20,1.8995,1.912,1.882,1.887,12549000.0
2020-04-21,1.86,1.8695,1.832,1.8615,26873000.0
2020-04-22,1.85,1.9105,1.846,1.902,34313000.0
2020-04-23,1.9055,1.95,1.896,1.9255,13325000.0
2020-04-24,1.93,1.943,1.8815,1.888,19514000.0
2020-04-27,1.8905,1.918,1.89,1.901,10603000.0
2020-04-28,1.9115,1.935,1.895,1.925,20527000.0
2020-04-29,1.934,1.9615,1.926,1.929,19456000.0
2020-04-30,1.944,1.993,1.908,1.962,33454000.0
2020-05-04,1.9825,1.985,1.913,1.9545,13185000.0
2020-05-05,1.975,1.983,1.9505,1.96,7531000.0
2020-05-06,1.9795,1.9795,1.958,1.9705,10078000.0
2020-05-07,1.971,1.99,1.955,1.955,12958000.0
2020-05-08,1.9605,1.9795,1.9505,1.977,9346000.0
2020-05-12,1.968,1.98,1.9235,1.9465,12728000.0
2020-05-13,1.9385,1.94,1.8955,1.9135,8009000.0
2020-05-14,1.91,1.9255,1.864,1.887,16144000.0
2020-05-15,1.8995,1.9265,1.8955,1.9165,11987000.0
2020-05-18,1.907,1.975,1.907,1.975,14091000.0
2020-05-19,1.975,1.98,1.9215,1.947,15423000.0
2020-05-20,1.9255,1.9775,1.9255,1.961,14429000.0
2020-05-21,1.973,1.98,1.9325,1.9495,10005000.0
2020-05-22,1.9425,1.966,1.9325,1.9565,4700000.0
2020-05-25,1.955,2.0085,1.9545,2.0,26896000.0
2020-05-26,2.007,2.0515,1.9945,2.025,37436000.0
2020-05-27,2.018,2.0495,2.0015,2.029,33136000.0
2020-05-28,2.04,2.066,2.031,2.04,32583000.0
2020-05-29,2.0455,2.0465,2.0105,2.0285,22921000.0
2020-06-01,2.033,2.1385,2.0105,2.1135,47844000.0
2020-06-02,2.122,2.22,2.1155,2.171,87315000.0
2020-06-03,2.1995,2.245,2.165,2.228,51586000.0
2020-06-04,2.27,2.2795,2.1405,2.169,39522000.0
2020-06-05,2.172,2.19,2.1305,2.1545,25240000.0
2020-06-08,2.1735,2.195,2.0885,2.1835,46340000.0
2020-06-09,2.19,2.199,2.1,2.14,25945000.0
2020-06-10,2.144,2.153,2.1005,2.111,18000000.0
2020-06-11,2.075,2.104,2.027,2.049,37993000.0
2020-06-15,2.02,2.098,2.002,2.0955,17840000.0
2020-06-16,2.1165,2.119,2.0675,2.084,32091000.0
2020-06-17,2.104,2.104,2.073,2.073,10661000.0
2020-06-18,2.0815,2.093,2.056,2.0665,13832000.0
2020-06-19,2.08,2.1565,2.066,2.1565,39423000.0
2020-06-22,2.1335,2.155,2.112,2.146,15581000.0
2020-06-23,2.146,2.1635,2.128,2.1395,11442000.0
2020-06-25,2.1445,2.1445,2.0975,2.1195,11714000.0
2020-06-26,2.1415,2.154,2.108,2.1165,8382000.0
2020-06-29,2.124,2.1375,2.11,2.133,11719000.0
2020-06-30,2.14,2.2195,2.12,2.2195,44285000.0
2020-07-02,2.22,2.23,2.1475,2.178,34234000.0
2020-07-03,2.181,2.205,2.176,2.183,28449000.0
2020-07-06,2.2025,2.247,2.197,2.245,93275000.0
2020-07-07,2.154,2.1775,2.135,2.139,107085000.0
2020-07-08,2.136,2.1495,2.1185,2.1255,24431000.0
2020-07-09,2.1355,2.1355,2.1055,2.1065,15868000.0
2020-07-10,2.1005,2.115,2.0825,2.103,8316000.0
2020-07-13,2.118,2.1325,2.0955,2.109,16955000.0
2020-07-14,2.099,2.099,2.0505,2.0615,23623000.0
2020-07-15,2.0515,2.078,2.0405,2.067,23349000.0
2020-07-16,2.0555,2.065,2.03,2.0315,18444000.0
2020-07-17,2.0395,2.05,2.02,2.04,33142000.0
2020-07-20,2.042,2.1205,2.0305,2.12,51414000.0
2020-07-21,2.1255,2.1975,2.101,2.1975,98258000.0
2020-07-22,2.188,2.1955,2.147,2.172,19706000.0
2020-07-23,2.173,2.1835,2.15,2.158,13280000.0
2020-07-24,2.1405,2.1745,2.109,2.15,18500000.0
2020-07-27,2.16,2.181,2.1285,2.1285,20506000.0
2020-07-28,2.146,2.1595,2.1295,2.14,11179000.0
2020-07-29,2.131,2.1915,2.131,2.1605,28628000.0
2020-07-30,2.1695,2.1755,2.115,2.139,12654000.0
2020-07-31,2.1485,2.169,2.137,2.169,15068000.0
2020-08-03,2.169,2.175,2.156,2.1635,8842000.0
2020-08-04,2.1785,2.1825,2.1535,2.161,10067000.0
2020-08-05,2.1725,2.1725,2.1335,2.156,17199000.0
2020-08-06,2.156,2.215,2.1305,2.1765,42696000.0
2020-08-07,2.1755,2.21,2.132,2.1345,55640000.0
2020-08-10,2.144,2.1535,2.113,2.133,13822000.0
2020-08-11,2.14,2.1545,2.132,2.149,14072000.0
2020-08-12,2.1445,2.15,2.14,2.14,7961000.0
2020-08-13,2.1525,2.1625,2.134,2.1405,15136000.0
2020-08-14,2.141,2.15,2.14,2.145,14892000.0
2020-08-17,2.14,2.1535,2.128,2.135,13929000.0
2020-08-18,2.139,2.1445,2.126,2.1315,7973000.0
2020-08-19,2.134,2.1365,2.1205,2.1255,6571000.0
2020-08-20,2.1255,2.1255,2.072,2.072,14058000.0
2020-08-21,2.078,2.126,2.078,2.107,11525000.0
2020-08-24,2.12,2.121,2.087,2.089,17156000.0
2020-08-25,2.095,2.102,2.065,2.073,11003000.0
2020-08-26,2.09,2.095,2.074,2.095,9746000.0
2020-08-27,2.1,2.1125,2.086,2.0895,10199000.0
2020-08-28,2.09,2.09,2.072,2.075,3304000.0
2020-08-31,2.087,2.089,2.054,2.069,19539000.0
2020-09-01,2.062,2.099,2.0605,2.098,14697000.0
2020-09-02,2.1085,2.1085,2.0625,2.087,8871000.0
2020-09-03,2.088,2.088,2.04,2.0645,10318000.0
2020-09-04,2.0405,2.0605,2.022,2.022,15778000.0
2020-09-07,2.033,2.0445,2.0,2.037,13436000.0
2020-09-08,2.0515,2.058,2.006,2.0185,8172000.0
2020-09-09,2.04,2.0505,2.01,2.0505,5604000.0
2020-09-10,2.06,2.0725,2.03,2.051,4510000.0
2020-09-11,2.0485,2.0505,2.03,2.043,5729000.0
2020-09-14,2.0415,2.065,2.041,2.0425,7528000.0
2020-09-15,2.0575,2.0595,2.044,2.0595,12547000.0
2020-09-16,2.064,2.0695,2.047,2.047,9040000.0
2020-09-17,2.0485,2.0725,2.031,2.0595,11416000.0
2020-09-18,2.0685,2.101,2.045,2.045,35479000.0
2020-09-21,2.05,2.0685,2.0265,2.039,16586000.0
2020-09-22,2.0395,2.0595,2.0395,2.054,7800000.0
2020-09-23,2.063,2.0675,2.0435,2.048,8090000.0
2020-09-24,2.045,2.054,2.031,2.039,4924000.0
2020-09-25,2.05,2.051,2.031,2.0315,4890000.0
2020-09-28,2.0555,2.058,2.04,2.052,4943000.0
2020-09-29,2.058,2.065,2.0405,2.057,7054000.0
2020-09-30,2.048,2.057,2.045,2.046,4588000.0
2020-10-01,2.0745,2.0745,2.015,2.0235,8451000.0
2020-10-02,2.03,2.0395,2.016,2.032,7540000.0
2020-10-05,2.035,2.0545,2.026,2.053,4141000.0
2020-10-06,2.0515,2.058,2.0425,2.0535,5993000.0
2020-10-07,2.0585,2.0595,2.0235,2.0295,4586000.0
2020-10-08,2.0385,2.0425,2.0245,2.0375,2451000.0
2020-10-09,2.046,2.049,2.0185,2.031,2921000.0
2020-10-12,2.046,2.0485,2.0245,2.0335,3168000.0
2020-10-13,2.037,2.041,2.0285,2.041,2838000.0
2020-10-14,2.0405,2.048,2.0295,2.048,7607000.0
2020-10-15,2.047,2.058,2.033,2.047,9958000.0
2020-10-16,2.05,2.0575,2.04,2.0565,3615000.0
2020-10-19,2.06,2.0695,2.032,2.0365,4976000.0
2020-10-20,2.034,2.051,2.0235,2.05,5555000.0
2020-10-21,2.054,2.0555,2.0365,2.045,3781000.0
2020-10-22,2.0395,2.052,2.0335,2.05,1847000.0
2020-10-23,2.054,2.0555,2.037,2.0515,4039000.0
2020-10-26,2.0515,2.0595,2.042,2.05,2468000.0
2020-10-27,2.045,2.057,2.021,2.053,8259000.0
2020-10-28,2.057,2.057,2.0085,2.009,14753000.0
2020-10-29,2.0075,2.019,1.9165,2.011,24576000.0
2020-10-30,2.007,2.007,1.98,1.996,7986000.0
2020-11-02,1.983,2.007,1.955,2.0045,8104000.0
2020-11-03,2.004,2.013,1.9905,2.002,3818000.0
2020-11-05,2.0065,2.0465,2.006,2.034,9259000.0
2020-11-06,2.033,2.048,1.9865,1.989,12697000.0
2020-11-09,2.002,2.0745,2.0,2.07,20792000.0
2020-11-10,2.0645,2.0675,2.0365,2.053,7545000.0
2020-11-11,2.057,2.067,2.042,2.042,7052000.0
2020-11-12,2.0365,2.07,2.025,2.0675,6454000.0
2020-11-13,2.059,2.095,2.0455,2.0905,10003000.0
2020-11-16,2.0985,2.114,2.073,2.0805,10701000.0
2020-11-17,2.0985,2.099,2.0625,2.073,4757000.0
2020-11-18,2.0625,2.093,2.05,2.0925,6291000.0
2020-11-19,2.0925,2.106,2.0695,2.0945,9301000.0
2020-11-20,2.0885,2.096,2.0805,2.082,2818000.0
2020-11-23,2.0945,2.1,2.07,2.07,5363000.0
2020-11-24,2.09,2.095,2.06,2.064,4711000.0
2020-11-25,2.081,2.081,2.05,2.0595,7436000.0
2020-11-26,2.056,2.0735,2.044,2.047,6661000.0
2020-11-27,2.05,2.062,2.0475,2.054,3729000.0
2020-11-30,2.0595,2.061,2.0375,2.0375,11208000.0
2020-12-01,2.0475,2.0575,2.0435,2.049,4236000.0
2020-12-02,2.06,2.0665,2.045,2.046,6517000.0
2020-12-03,2.0555,2.06,2.0475,2.0525,4055000.0
2020-12-04,2.0455,2.0565,2.042,2.0455,6909000.0
2020-12-07,2.043,2.055,2.0355,2.0375,8289000.0
2020-12-08,2.0405,2.045,2.027,2.041,9325000.0
2020-12-09,2.0495,2.071,2.034,2.0485,12703000.0
2020-12-10,2.0475,2.069,2.0365,2.06,7901000.0
2020-12-11,2.0645,2.077,2.06,2.0675,5860000.0
2020-12-14,2.077,2.101,2.064,2.064,12918000.0
2020-12-15,2.064,2.0925,2.064,2.074,6721000.0
2020-12-16,2.08,2.105,2.08,2.0965,10656000.0
2020-12-17,2.1,2.1405,2.0645,2.065,29717000.0
2020-12-18,2.0725,2.0725,2.03,2.0545,11592000.0
2020-12-21,2.051,2.056,2.03,2.0355,12892000.0
2020-12-22,2.04,2.0615,2.0375,2.0495,4707000.0
2020-12-23,2.05,2.069,2.045,2.0595,5142000.0
2020-12-24,2.051,2.064,2.046,2.0465,6028000.0
2020-12-25,2.0595,2.065,2.0475,2.0645,23677000.0
2020-12-28,2.0715,2.0835,2.037,2.057,56950000.0
2020-12-29,2.06,2.0885,2.0565,2.078,51340000.0
2020-12-30,2.0805,2.0845,2.0655,2.0665,19866000.0
2021-01-04,2.084,2.135,2.0735,2.131,22380000.0
2021-01-05,2.1275,2.18,2.096,2.1265,24926000.0
2021-01-06,2.1285,2.139,2.114,2.1205,12775000.0
2021-01-08,2.1355,2.1585,2.1215,2.155,16424000.0
2021-01-11,2.1615,2.168,2.1325,2.163,11198000.0
2021-01-12,2.1635,2.1685,2.1325,2.153,12355000.0
2021-01-13,2.16,2.16,2.1225,2.1445,12255000.0
2021-01-14,2.1305,2.1765,2.1255,2.1685,10512000.0
2021-01-15,2.1665,2.1915,2.154,2.18,10368000.0
2021-01-18,2.18,2.207,2.151,2.207,12846000.0
2021-01-19,2.21,2.25,2.1925,2.2255,20083000.0
2021-01-20,2.2195,2.242,2.193,2.229,17350000.0
2021-01-21,2.2225,2.235,2.167,2.1725,12968000.0
2021-01-22,2.17,2.17,2.114,2.1225,16060000.0
2021-01-25,2.1345,2.135,2.1035,2.114,8599000.0
2021-01-26,2.112,2.15,2.112,2.126,6714000.0
2021-01-27,2.1545,2.1545,2.1295,2.14,10644000.0
2021-01-28,2.14,2.182,2.1275,2.1745,8581000.0
2021-01-29,2.172,2.1795,2.1435,2.1615,7633000.0
2021-02-01,2.1615,2.17,2.129,2.13,7055000.0
2021-02-02,2.1545,2.1545,2.121,2.1275,5520000.0
2021-02-03,2.127,2.1575,2.115,2.1455,12157000.0
2021-02-04,2.156,2.163,2.139,2.1475,3317000.0
2021-02-05,2.158,2.1595,2.1455,2.156,2041000.0
2021-02-08,2.152,2.178,2.131,2.174,6896000.0
2021-02-09,2.18,2.189,2.142,2.1485,3989000.0
2021-02-10,2.1485,2.167,2.135,2.143,2378000.0
2021-02-11,2.1475,2.1475,2.1285,2.14,1857000.0
2021-02-12,2.134,2.141,2.123,2.1335,2091000.0
2021-02-15,2.147,2.175,2.0705,2.12,14747000.0
2021-02-16,2.13,2.139,2.115,2.118,5409000.0
2021-02-17,2.1175,2.129,2.1105,2.116,3189000.0
2021-02-18,2.122,2.1245,2.093,2.095,7785000.0
2021-02-19,2.0995,2.14,2.081,2.1285,4734000.0
2021-02-20,2.127,2.129,2.119,2.125,471000.0
2021-02-22,2.128,2.1295,2.098,2.103,8863000.0
2021-02-24,2.097,2.1565,2.0905,2.155,15210000.0
2021-02-25,2.1555,2.248,2.1515,2.1845,73314000.0
2021-02-26,2.1835,2.1835,2.1175,2.1645,20704000.0
2021-03-01,2.1705,2.2,2.17,2.1885,10223000.0
2021-03-02,2.1705,2.1845,2.148,2.156,7944000.0
2021-03-03,2.158,2.1825,2.1575,2.175,7854000.0
2021-03-04,2.1815,2.1815,2.1525,2.17,12478000.0
2021-03-05,2.152,2.1795,2.1515,2.177,9494000.0
2021-03-09,2.175,2.216,2.175,2.2,18316000.0
2021-03-10,2.21,2.216,2.1905,2.2045,4667000.0
2021-03-11,2.1845,2.2065,2.1845,2.1965,7229000.0
2021-03-12,2.2065,2.2065,2.19,2.204,5786000.0
2021-03-15,2.2185,2.2185,2.1955,2.1965,6794000.0
2021-03-16,2.207,2.212,2.19,2.205,6373000.0
2021-03-17,2.203,2.203,2.1605,2.175,24254000.0
2021-03-18,2.1905,2.197,2.17,2.17,12630000.0
2021-03-19,2.18,2.1945,2.1505,2.1505,36815000.0
2021-03-22,2.1505,2.1775,2.1255,2.151,6895000.0
2021-03-23,2.152,2.16,2.1435,2.16,7283000.0
2021-03-24,2.1475,2.1675,2.1395,2.1555,4516000.0
2021-03-25,2.1595,2.194,2.155,2.18,4765000.0
2021-03-26,2.168,2.2085,2.168,2.2025,13888000.0
2021-03-29,2.2005,2.255,2.192,2.255,26770000.0
2021-03-30,2.249,2.281,2.242,2.281,16138000.0
2021-03-31,2.272,2.283,2.26,2.28,9542000.0
2021-04-01,2.279,2.29,2.2655,2.27,13274000.0
2021-04-02,2.28,2.28,2.243,2.2605,7396000.0
2021-04-05,2.263,2.28,2.2605,2.2745,3880000.0
2021-04-06,2.2815,2.2995,2.24,2.259,11669000.0
2021-04-07,2.259,2.2615,2.229,2.2595,5295000.0
2021-04-08,2.2715,2.2775,2.2555,2.2745,6111000.0
2021-04-09,2.2775,2.2775,2.25,2.2645,7208000.0
2021-04-12,2.2765,2.2765,2.256,2.2655,2641000.0
2021-04-13,2.276,2.2885,2.25,2.26,5222000.0
2021-04-14,2.267,2.285,2.2485,2.279,9722000.0
2021-04-15,2.274,2.2785,2.23,2.263,5842000.0
2021-04-16,2.241,2.261,2.241,2.2525,5365000.0
2021-04-19,2.252,2.272,2.2425,2.26,4416000.0
2021-04-20,2.261,2.2895,2.257,2.2755,10029000.0
2021-04-21,2.2785,2.31,2.2725,2.2815,13877000.0
2021-04-22,2.2995,2.3085,2.27,2.2735,5157000.0
2021-04-23,2.288,2.288,2.26,2.2825,6056000.0
2021-04-26,2.285,2.289,2.2505,2.2625,7559000.0
2021-04-27,2.2755,2.2755,2.241,2.2505,4241000.0
2021-04-28,2.245,2.249,2.2265,2.2375,6241000.0
2021-04-29,2.2425,2.25,2.214,2.215,5311000.0
2021-04-30,2.215,2.271,2.2125,2.23,23209000.0
2021-05-04,2.227,2.27,2.225,2.247,3088000.0
2021-05-05,2.268,2.2755,2.2465,2.26,8145000.0
2021-05-06,2.2695,2.2765,2.259,2.266,4091000.0
2021-05-07,2.2485,2.29,2.2485,2.2855,6360000.0
2021-05-10,2.2895,2.3495,2.271,2.287,8888000.0
2021-05-11,2.278,2.3165,2.261,2.3,8354000.0
2021-05-12,2.3045,2.3195,2.2415,2.243,8614000.0
2021-05-13,2.2395,2.2745,2.215,2.215,8921000.0
2021-05-14,2.2385,2.26,2.206,2.21,17490000.0
2021-05-17,2.2105,2.2395,2.192,2.195,28810000.0
2021-05-18,2.2195,2.279,2.202,2.259,11147000.0
2021-05-19,2.26,2.265,2.21,2.2125,4859000.0
2021-05-20,2.2345,2.2375,2.2125,2.215,2076000.0
2021-05-21,2.2075,2.2395,2.2075,2.237,2342000.0
2021-05-24,2.24,2.2765,2.2315,2.271,11023000.0
2021-05-25,2.294,2.2945,2.26,2.2645,6570000.0
2021-05-26,2.264,2.337,2.261,2.305,46590000.0
2021-05-27,2.313,2.4215,2.2995,2.4215,32337000.0
2021-05-28,2.3975,2.4165,2.3455,2.352,18989000.0
2021-05-31,2.36,2.42,2.353,2.391,18120000.0
2021-06-01,2.407,2.414,2.3895,2.4045,10629000.0
2021-06-02,2.4,2.412,2.3955,2.412,6198000.0
2021-06-03,2.412,2.43,2.392,2.4075,13346000.0
2021-06-04,2.4115,2.426,2.396,2.42,5566000.0
2021-06-07,2.426,2.454,2.416,2.4495,11130000.0
2021-06-08,2.46,2.4655,2.428,2.43,8477000.0
2021-06-09,2.4505,2.4505,2.4225,2.423,6856000.0
2021-06-10,2.4485,2.46,2.4245,2.45,4951000.0
2021-06-11,2.4595,2.46,2.4405,2.4535,5119000.0
2021-06-14,2.4675,2.469,2.4525,2.456,3607000.0
2021-06-15,2.463,2.469,2.431,2.443,9105000.0
2021-06-16,2.4585,2.4585,2.429,2.4305,5201000.0
2021-06-17,2.4305,2.458,2.426,2.426,4614000.0
2021-06-18,2.4285,2.432,2.309,2.309,50342000.0
2021-06-21,2.3285,2.3325,2.293,2.313,23848000.0
2021-06-22,2.3195,2.38,2.3195,2.377,12203000.0
2021-06-23,2.39,2.398,2.35,2.35,12014000.0
2021-06-24,2.361,2.383,2.34,2.3615,11732000.0
2021-06-25,2.3695,2.412,2.351,2.3855,11451000.0
2021-06-28,2.39,2.42,2.39,2.406,13133000.0
2021-06-29,2.4165,2.4195,2.355,2.356,16139000.0
2021-06-30,2.369,2.373,2.328,2.3465,15701000.0
2021-07-01,2.3405,2.367,2.3405,2.357,33606000.0
2021-07-02,2.1985,2.24,2.1875,2.232,47809000.0
2021-07-05,2.24,2.245,2.2205,2.2205,7965000.0
2021-07-06,2.239,2.239,2.205,2.21,9333000.0
2021-07-07,2.234,2.234,2.1925,2.1965,10058000.0
2021-07-08,2.21,2.21,2.162,2.165,8019000.0
2021-07-09,2.19,2.199,2.174,2.191,3294000.0
2021-07-12,2.2015,2.227,2.1855,2.227,8485000.0
2021-07-13,2.2255,2.24,2.2105,2.24,6937000.0
2021-07-14,2.2385,2.251,2.2135,2.214,8578000.0
2021-07-15,2.219,2.2235,2.1875,2.192,5985000.0
2021-07-16,2.2105,2.2105,2.1875,2.1935,5558000.0
2021-07-19,2.195,2.199,2.163,2.1715,8879000.0
2021-07-20,2.1795,2.184,2.1285,2.16,12560000.0
2021-07-21,2.188,2.188,2.161,2.165,4564000.0
2021-07-22,2.1825,2.198,2.166,2.193,4466000.0
2021-07-23,2.198,2.22,2.185,2.2175,7526000.0
2021-07-26,2.2205,2.23,2.193,2.2055,8055000.0
2021-07-27,2.2175,2.2185,2.2065,2.2175,4225000.0
2021-07-28,2.22,2.23,2.2065,2.2065,6966000.0
2021-07-29,2.23,2.2355,2.21,2.232,5028000.0
2021-07-30,2.2375,2.245,2.159,2.159,16988000.0
2021-08-02,2.165,2.214,2.154,2.2065,15658000.0
2021-08-03,2.2065,2.215,2.188,2.19,3777000.0
2021-08-04,2.188,2.21,2.188,2.201,3903000.0
2021-08-05,2.202,2.212,2.2015,2.205,1450000.0
2021-08-06,2.212,2.22,2.1775,2.1915,7996000.0
2021-08-09,2.1795,2.2285,2.1765,2.208,12149000.0
2021-08-10,2.219,2.2325,2.1765,2.206,14511000.0
2021-08-11,2.2175,2.2175,2.2,2.207,4971000.0
2021-08-12,2.205,2.2195,2.184,2.184,13035000.0
2021-08-13,2.183,2.199,2.183,2.192,4944000.0
2021-08-16,2.192,2.226,2.19,2.2125,10835000.0
2021-08-17,2.215,2.2645,2.2045,2.2545,21336000.0
2021-08-18,2.2545,2.269,2.2265,2.2265,11735000.0
2021-08-19,2.2205,2.265,2.219,2.2605,19661000.0
2021-08-20,2.265,2.303,2.2525,2.303,15391000.0
2021-08-23,2.305,2.3165,2.2565,2.31,22249000.0
2021-08-24,2.3185,2.353,2.289,2.3395,16685000.0
2021-08-25,2.3335,2.4,2.311,2.398,25675000.0
2021-08-26,2.38,2.417,2.351,2.414,26254000.0
2021-08-27,2.4085,2.4395,2.383,2.432,18130000.0
2021-08-30,2.4325,2.442,2.39,2.4005,15096000.0
2021-08-31,2.4,2.5,2.352,2.5,43758000.0
2021-09-01,2.499,2.5785,2.4695,2.536,31920000.0
2021-09-02,2.526,2.5735,2.4815,2.55,16148000.0
2021-09-03,2.535,2.6175,2.5275,2.5995,34735000.0
2021-09-06,2.602,2.62,2.5405,2.551,9456000.0
2021-09-07,2.56,2.5795,2.4835,2.516,9180000.0
2021-09-08,2.52,2.52,2.44,2.44,10961000.0
2021-09-09,2.429,2.4875,2.401,2.487,8446000.0
2021-09-10,2.487,2.5,2.4545,2.467,5620000.0
2021-09-13,2.458,2.4875,2.43,2.441,7009000.0
2021-09-14,2.4405,2.519,2.4165,2.46,17611000.0
2021-09-15,2.4795,2.4795,2.4255,2.432,3305000.0
2021-09-16,2.4275,2.46,2.3865,2.393,10828000.0
2021-09-17,2.3935,2.4785,2.286,2.337,52950000.0
2021-09-20,2.311,2.345,2.262,2.2865,23987000.0
2021-09-21,2.3095,2.3335,2.299,2.311,7289000.0
2021-09-22,2.328,2.4485,2.328,2.42,20975000.0
2021-09-23,2.4205,2.499,2.3745,2.4435,22061000.0
2021-09-24,2.443,2.518,2.423,2.4975,13764000.0
2021-09-27,2.5,2.514,2.4405,2.4515,18882000.0
2021-09-28,2.447,2.47,2.3565,2.3565,26105000.0
2021-09-29,2.376,2.4405,2.3625,2.364,11349000.0
2021-09-30,2.3705,2.4145,2.3705,2.3885,7189000.0
2021-10-01,2.3935,2.3935,2.338,2.343,6217000.0
2021-10-04,2.34,2.361,2.2875,2.289,14133000.0
2021-10-05,2.289,2.3475,2.264,2.295,16990000.0
2021-10-06,2.297,2.34,2.2675,2.28,14332000.0
2021-10-07,2.285,2.3185,2.2835,2.299,11586000.0
2021-10-08,2.2975,2.3215,2.24,2.29,16979000.0
2021-10-11,2.31,2.32,2.286,2.2885,12024000.0
2021-10-12,2.306,2.3125,2.2805,2.312,5352000.0
2021-10-13,2.291,2.3695,2.2825,2.3695,31107000.0
2021-10-14,2.383,2.543,2.376,2.4275,96177000.0
2021-10-15,2.44,2.484,2.36,2.3625,33685000.0
2021-10-18,2.3575,2.378,2.3015,2.3315,17170000.0
2021-10-19,2.316,2.36,2.316,2.3495,13794000.0
2021-10-20,2.358,2.3825,2.339,2.342,28709000.0
2021-10-21,2.3585,2.39,2.287,2.302,16465000.0
2021-10-22,2.295,2.3695,2.295,2.3295,14705000.0
2021-10-25,2.346,2.362,2.269,2.3045,20090000.0
2021-10-26,2.3185,2.3325,2.294,2.3055,14489000.0
2021-10-27,2.3055,2.3275,2.282,2.298,11061000.0
2021-10-28,2.298,2.2995,2.256,2.264,11169000.0
2021-10-29,2.2705,2.288,2.23,2.245,13025000.0
2021-11-01,2.2565,2.3,2.245,2.2605,12839000.0
2021-11-02,2.2785,2.2785,2.22,2.23,20809000.0
2021-11-03,2.2305,2.237,2.205,2.2325,13030000.0
2021-11-05,2.229,2.2535,2.226,2.24,7904000.0
2021-11-08,2.2565,2.272,2.2445,2.2535,10449000.0
2021-11-09,2.257,2.2615,2.215,2.215,17852000.0
2021-11-10,2.215,2.237,2.202,2.212,9465000.0
2021-11-11,2.2205,2.2205,2.1815,2.19,15407000.0
2021-11-12,2.2065,2.2145,2.1865,2.2055,11941000.0
2021-11-15,2.2125,2.236,2.201,2.232,6088000.0
2021-11-16,2.226,2.2325,2.2,2.2165,9668000.0
2021-11-17,2.2095,2.2235,2.192,2.1985,5796000.0
2021-11-18,2.2115,2.22,2.2,2.2,5830000.0
2021-11-19,2.203,2.2195,2.182,2.1905,16636000.0
2021-11-22,2.19,2.2095,2.155,2.18,16024000.0
2021-11-23,2.1865,2.2075,2.1405,2.206,8646000.0
2021-11-24,2.2,2.2245,2.176,2.185,13316000.0
2021-11-25,2.1905,2.207,2.177,2.1875,4583000.0
2021-11-26,2.147,2.188,2.1365,2.14,8184000.0
2021-11-29,2.1555,2.17,2.145,2.152,3023000.0
2021-11-30,2.13,2.141,2.088,2.126,13884000.0
2021-12-01,2.126,2.1375,2.109,2.1305,8286000.0
2021-12-02,2.128,2.136,2.093,2.093,5999000.0
2021-12-03,2.1185,2.14,2.0905,2.1,10363000.0
2021-12-06,2.1005,2.119,2.0725,2.0855,4013000.0
2021-12-07,2.0985,2.0985,2.051,2.0665,10686000.0
2021-12-08,2.0795,2.08,2.045,2.0465,6577000.0
2021-12-09,2.0495,2.075,2.0385,2.0675,4984000.0
2021-12-10,2.0575,2.075,2.0515,2.06,3020000.0
2021-12-13,2.0595,2.06,2.002,2.0025,12079000.0
2021-12-14,1.995,2.0795,1.9765,2.013,16331000.0
2021-12-15,2.0195,2.0425,2.002,2.002,7177000.0
2021-12-16,2.0555,2.0765,2.0265,2.0555,6319000.0
2021-12-17,2.0655,2.0765,1.987,1.987,22830000.0
2021-12-20,1.982,1.9845,1.9475,1.9655,15246000.0
2021-12-21,1.976,1.989,1.9755,1.9805,6703000.0
2021-12-22,1.9775,1.996,1.9775,1.9925,5873000.0
2021-12-23,1.9925,1.9985,1.975,1.975,4937000.0
2021-12-24,1.9755,1.9975,1.9685,1.99,13491000.0
2021-12-27,1.99,2.0375,1.973,2.0215,8237000.0
2021-12-28,2.022,2.0555,2.021,2.046,5251000.0
2021-12-29,2.048,2.0495,1.992,1.992,6899000.0
2021-12-30,2.0005,2.098,2.0005,2.098,12747000.0
2022-01-03,2.0995,2.15,2.071,2.1405,17043000.0
2022-01-04,2.1205,2.16,2.087,2.095,10217000.0
2022-01-05,2.1115,2.1395,2.095,2.134,7261000.0
2022-01-06,2.126,2.1515,2.1,2.1355,9552000.0
2022-01-10,2.1505,2.19,2.13,2.1575,9456000.0
2022-01-11,2.152,2.241,2.143,2.2345,16653000.0
2022-01-12,2.2385,2.2385,2.191,2.228,9445000.0
2022-01-13,2.208,2.23,2.202,2.22,19894000.0
2022-01-14,2.21,2.2265,2.1225,2.1455,27444000.0
2022-01-17,2.17,2.1875,2.1245,2.165,19660000.0
2022-01-18,2.1685,2.1685,2.1065,2.115,35457000.0
2022-01-19,2.115,2.166,2.1145,2.1295,19560000.0
2022-01-20,2.144,2.1685,2.1105,2.114,4847000.0
2022-01-21,2.0955,2.133,2.063,2.081,8879000.0
2022-01-24,2.08,2.0865,1.9585,1.9585,17991000.0
2022-01-25,1.98,2.0945,1.975,2.0945,15500000.0
2022-01-26,2.0975,2.1235,2.033,2.036,14726000.0
2022-01-27,2.045,2.0885,2.037,2.069,7716000.0
2022-01-28,2.07,2.092,2.0605,2.0875,3960000.0
2022-01-31,2.075,2.1325,2.075,2.112,8683000.0
2022-02-01,2.113,2.1355,2.08,2.085,3609000.0
2022-02-02,2.0985,2.103,2.0435,2.0475,6220000.0
2022-02-03,2.064,2.07,2.037,2.042,6075000.0
2022-02-04,2.0595,2.0935,2.044,2.0655,6612000.0
2022-02-07,2.0345,2.0705,2.0345,2.0555,2984000.0
2022-02-08,2.057,2.0765,2.05,2.0615,4748000.0
2022-02-09,2.0785,2.1,2.0675,2.071,4311000.0
2022-02-10,2.071,2.1,2.0605,2.0775,4265000.0
2022-02-11,2.06,2.078,2.0275,2.0275,6525000.0
2022-02-14,2.0005,2.052,1.9655,2.0485,11624000.0
2022-02-15,2.0575,2.07,2.0335,2.0415,7947000.0
2022-02-16,2.062,2.0945,2.044,2.0815,8885000.0
2022-02-17,2.0645,2.0645,2.021,2.026,9368000.0
2022-02-18,2.0355,2.059,1.99,2.028,10242000.0
2022-02-21,2.0575,2.0595,1.91,1.9265,29543000.0
2022-02-22,1.8625,1.99,1.75,1.945,23055000.0
2022-02-24,1.75,1.8995,1.3005,1.452,22561000.0
2022-02-25,1.491,1.765,1.491,1.707,13146000.0
2022-03-28,1.7155,1.8765,1.47,1.533,14895000.0
2022-03-29,1.5385,1.6,1.5,1.55,6695000.0
2022-03-30,1.7045,1.7045,1.5805,1.69,5067000.0
2022-03-31,1.72,2.0,1.6905,1.796,17212000.0
2022-04-01,1.8015,1.875,1.7005,1.8165,21582000.0
2022-04-04,1.8395,1.87,1.804,1.829,6061000.0
2022-04-05,1.8495,1.8495,1.715,1.7635,9419000.0
2022-04-06,1.7635,1.819,1.7205,1.759,4153000.0
2022-04-07,1.7805,1.7945,1.6305,1.725,4676000.0
2022-04-08,1.7305,1.7985,1.72,1.7855,6353000.0
2022-04-11,1.799,1.855,1.7505,1.77,12079000.0
2022-04-12,1.786,1.8015,1.66,1.72,3545000.0
2022-04-13,1.7295,1.739,1.7,1.703,1378000.0
2022-04-14,1.7055,1.725,1.625,1.6415,5563000.0
2022-04-15,1.66,1.679,1.62,1.6305,3533000.0
2022-04-18,1.6405,1.677,1.613,1.615,2707000.0
2022-04-19,1.635,1.8995,1.607,1.7375,55978000.0
2022-04-20,1.7595,1.766,1.64,1.678,15042000.0
2022-04-21,1.657,1.6945,1.62,1.6365,4530000.0
2022-04-22,1.635,1.677,1.635,1.652,4653000.0
2022-04-25,1.6525,1.7695,1.6505,1.687,7200000.0
2022-04-26,1.675,1.707,1.672,1.704,5735000.0
2022-04-27,1.704,1.7245,1.695,1.71,3362000.0
2022-04-28,1.72,1.73,1.68,1.714,5114000.0
2022-04-29,1.699,1.7285,1.66,1.72,4589000.0
2022-05-04,1.733,1.82,1.73,1.74,10512000.0
2022-05-05,1.737,1.7855,1.71,1.726,7779000.0
2022-05-06,1.7375,1.738,1.7005,1.716,3236000.0
2022-05-11,1.7195,1.74,1.703,1.7265,3054000.0
2022-05-12,1.732,1.759,1.7205,1.7215,3241000.0
2022-05-13,1.72,1.896,1.72,1.7745,28504000.0
2022-05-16,1.79,1.82,1.77,1.791,6353000.0
2022-05-17,1.819,1.819,1.7825,1.786,4047000.0
2022-05-18,1.7905,1.809,1.76,1.77,10584000.0
2022-05-19,1.774,1.774,1.74,1.75,4010000.0
2022-05-20,1.75,1.7665,1.711,1.721,4432000.0
2022-05-23,1.72,1.7345,1.7005,1.708,4446000.0
2022-05-24,1.7325,1.7595,1.7,1.72,6497000.0
2022-05-25,1.701,1.735,1.701,1.722,4141000.0
2022-05-26,1.727,1.78,1.71,1.7375,12600000.0
2022-05-27,1.7455,1.91,1.7455,1.845,39184000.0
2022-05-30,1.859,1.886,1.8055,1.853,12776000.0
2022-05-31,1.87,1.933,1.8035,1.8935,26119000.0
2022-06-01,1.896,1.97,1.8755,1.88,29213000.0
2022-06-02,1.8755,1.985,1.8705,1.985,75341000.0
2022-06-03,1.9945,2.1665,1.9785,2.0615,100244000.0
2022-06-06,2.1095,2.1095,2.0005,2.0105,18639000.0
2022-06-07,2.0185,2.028,1.96,1.9705,12575000.0
2022-06-08,1.987,1.989,1.9415,1.9755,10873000.0
2022-06-09,1.9695,2.06,1.954,2.01,25386000.0
2022-06-10,2.0095,2.0575,2.008,2.034,10254000.0
2022-06-14,2.052,2.077,1.9935,2.077,14148000.0
2022-06-15,2.077,2.185,2.0715,2.1665,32486000.0
2022-06-16,2.178,2.1995,2.14,2.1565,11839000.0
2022-06-17,2.171,2.1715,2.113,2.1485,6829000.0
2022-06-20,2.154,2.2,2.139,2.173,13972000.0
2022-06-21,2.173,2.1815,2.1005,2.116,12488000.0
2022-06-22,2.1245,2.1595,2.0625,2.1,10671000.0
2022-06-23,2.095,2.119,2.0665,2.0975,8404000.0
2022-06-24,2.095,2.1275,2.0765,2.095,6264000.0
2022-06-27,2.1125,2.13,2.089,2.117,6130000.0
2022-06-28,2.123,2.149,2.107,2.1395,8207000.0
2022-06-29,2.149,2.155,2.101,2.1215,9654000.0
2022-06-30,2.128,2.14,1.94,2.029,31074000.0
2022-07-01,2.0355,2.1,1.9925,2.062,15775000.0
2022-07-04,2.0625,2.11,2.0605,2.0745,11034000.0
2022-07-05,2.0745,2.1155,2.0125,2.097,28775000.0
2022-07-06,2.0985,2.1065,2.0605,2.093,14312000.0
2022-07-07,2.096,2.1515,2.074,2.1145,27334000.0
2022-07-08,1.903,1.997,1.795,1.932,37498000.0
2022-07-11,1.94,1.946,1.83,1.85,11844000.0
2022-07-12,1.85,1.872,1.7505,1.8,10381000.0
2022-07-13,1.8125,1.8165,1.755,1.767,5311000.0
2022-07-14,1.777,1.777,1.7505,1.761,5096000.0
2022-07-15,1.7785,1.7785,1.72,1.7555,5742000.0
2022-07-18,1.76,1.8525,1.75,1.836,10581000.0
2022-07-19,1.84,1.865,1.7525,1.795,14729000.0
2022-07-20,1.7955,1.8,1.75,1.7815,4761000.0
2022-07-21,1.7885,1.7945,1.7655,1.775,3861000.0
2022-07-22,1.775,1.813,1.7665,1.7925,5577000.0
2022-07-25,1.79,1.846,1.785,1.837,5778000.0
2022-07-26,1.849,1.87,1.8415,1.869,9605000.0
2022-07-27,1.87,1.889,1.855,1.864,5969000.0
2022-07-28,1.8865,1.8865,1.8535,1.88,6118000.0
2022-07-29,1.88,1.8825,1.8535,1.879,7643000.0
2022-08-01,1.878,1.88,1.855,1.865,4881000.0
2022-08-02,1.8555,1.865,1.85,1.859,3756000.0
2022-08-03,1.853,1.8665,1.8455,1.8495,2674000.0
2022-08-04,1.85,1.85,1.821,1.828,2670000.0
2022-08-05,1.826,1.834,1.7005,1.741,20518000.0
2022-08-08,1.7515,1.7995,1.751,1.7925,8271000.0
2022-08-09,1.7955,1.796,1.761,1.791,2984000.0
2022-08-10,1.7905,1.7905,1.7625,1.777,5292000.0
2022-08-11,1.777,1.7955,1.7645,1.7655,4169000.0
2022-08-12,1.7895,1.7895,1.765,1.783,3360000.0
2022-08-15,1.783,1.7895,1.761,1.7825,3407000.0
2022-08-16,1.7915,1.8175,1.777,1.799,5110000.0
2022-08-17,1.8,1.829,1.7905,1.802,6948000.0
2022-08-18,1.815,1.819,1.8,1.814,2234000.0
2022-08-19,1.8195,1.8195,1.8,1.808,1789000.0
2022-08-22,1.808,1.818,1.801,1.806,2381000.0
2022-08-23,1.8055,1.8055,1.8,1.804,3495000.0
2022-08-24,1.801,1.8185,1.768,1.7965,5387000.0
2022-08-25,1.8015,1.815,1.79,1.802,3834000.0
2022-08-26,1.8135,1.8135,1.796,1.806,1738000.0
2022-08-29,1.804,1.838,1.799,1.8265,4727000.0
2022-08-30,1.839,1.8495,1.801,1.8195,4407000.0
2022-08-31,1.83,1.8395,1.8105,1.8335,6478000.0
2022-09-01,1.8395,1.864,1.8385,1.8485,8583000.0
2022-09-02,1.864,1.91,1.8375,1.878,8838000.0
2022-09-05,1.889,1.898,1.8695,1.891,8472000.0
2022-09-06,1.892,1.9145,1.816,1.841,10965000.0
2022-09-07,1.846,1.862,1.818,1.844,3603000.0
2022-09-08,1.844,1.8565,1.753,1.828,7122000.0
2022-09-09,1.833,1.8495,1.8215,1.834,2858000.0
2022-09-12,1.842,1.959,1.832,1.9105,31922000.0
2022-09-13,1.912,1.9235,1.8685,1.875,16119000.0
2022-09-14,1.8905,1.8905,1.845,1.8535,8989000.0
2022-09-15,1.872,1.888,1.843,1.8565,13285000.0
2022-09-16,1.845,1.8675,1.841,1.8445,4850000.0
2022-09-19,1.8485,1.9,1.836,1.8385,8864000.0
2022-09-20,1.838,1.8495,1.7205,1.7355,18185000.0
2022-09-21,1.72,1.72,1.6155,1.6935,12614000.0
2022-09-22,1.682,1.738,1.6815,1.7055,7601000.0
2022-09-23,1.719,1.719,1.6605,1.675,4872000.0
2022-09-26,1.6705,1.6705,1.487,1.5995,11171000.0
2022-09-27,1.5995,1.6395,1.578,1.6,4487000.0
2022-09-28,1.6,1.64,1.583,1.589,3409000.0
2022-09-29,1.6,1.615,1.561,1.578,3598000.0
2022-09-30,1.5965,1.601,1.54,1.597,10839000.0
2022-10-03,1.598,1.6585,1.597,1.65,4560000.0
2022-10-04,1.66,1.694,1.638,1.644,5876000.0
2022-10-05,1.6565,1.658,1.61,1.635,3651000.0
2022-10-06,1.6455,1.671,1.611,1.6205,3376000.0
2022-10-07,1.621,1.6335,1.58,1.583,4602000.0
2022-10-10,1.575,1.62,1.5265,1.6055,5049000.0
2022-10-11,1.6185,1.6365,1.5835,1.61,7590000.0
2022-10-12,1.6145,1.6315,1.6105,1.6125,4213000.0
2022-10-13,1.62,1.6255,1.6135,1.619,4173000.0
2022-10-14,1.63,1.738,1.6265,1.64,12886000.0
2022-10-17,1.659,1.685,1.627,1.67,6290000.0
2022-10-18,1.6815,1.7195,1.672,1.688,8634000.0
2022-10-19,1.6715,1.706,1.621,1.677,9550000.0
2022-10-20,1.682,1.6985,1.6405,1.6795,7554000.0
2022-10-21,1.68,1.687,1.651,1.6805,3690000.0
2022-10-24,1.6895,1.7185,1.655,1.683,8798000.0
2022-10-25,1.7,1.745,1.6835,1.7305,8501000.0
2022-10-26,1.7435,1.7435,1.6905,1.719,6432000.0
2022-10-27,1.728,1.75,1.7075,1.741,6432000.0
2022-10-28,1.931,1.931,1.7215,1.767,17777000.0
2022-10-31,1.7805,1.86,1.754,1.783,17627000.0
2022-11-01,1.8,1.85,1.783,1.8085,14490000.0
2022-11-02,1.8155,1.895,1.801,1.84,40241000.0
2022-11-03,1.834,1.853,1.78,1.819,18003000.0
2022-11-07,1.819,1.8565,1.777,1.827,16013000.0
2022-11-08,1.827,1.846,1.7955,1.8115,8672000.0
2022-11-09,1.8135,1.8245,1.7525,1.785,13052000.0
2022-11-10,1.7915,1.8075,1.772,1.793,5199000.0
2022-11-11,1.799,1.86,1.77,1.8,12533000.0
2022-11-14,1.8055,1.83,1.786,1.786,6459000.0
2022-11-15,1.792,1.8295,1.78,1.7925,8854000.0
2022-11-16,1.7895,1.8,1.7735,1.79,5139000.0
2022-11-17,1.7895,1.7955,1.7855,1.7895,2406000.0
2022-11-18,1.7945,1.87,1.7705,1.789,13624000.0
2022-11-21,1.7965,1.7965,1.756,1.758,9840000.0
2022-11-22,1.768,1.7755,1.74,1.76,8468000.0
2022-11-23,1.7635,1.775,1.7455,1.7565,10306000.0
2022-11-24,1.766,1.7675,1.742,1.7565,6355000.0
2022-11-25,1.762,1.762,1.7455,1.756,7301000.0
2022-11-28,1.759,1.7625,1.746,1.75,4355000.0
2022-11-29,1.751,1.76,1.742,1.7475,8054000.0
2022-11-30,1.7545,1.7645,1.736,1.74,10817000.0
2022-12-01,1.754,1.755,1.683,1.737,9785000.0
2022-12-02,1.7365,1.747,1.725,1.728,4380000.0
2022-12-05,1.738,1.74,1.7245,1.7375,2736000.0
2022-12-06,1.7375,1.741,1.73,1.737,2541000.0
2022-12-07,1.734,1.734,1.7145,1.72,4775000.0
2022-12-08,1.725,1.7295,1.714,1.716,2422000.0
2022-12-09,1.721,1.723,1.71,1.7145,2624000.0
2022-12-12,1.715,1.7235,1.71,1.72,2216000.0
2022-12-13,1.723,1.7285,1.711,1.713,3915000.0
2022-12-14,1.713,1.7155,1.703,1.705,3639000.0
2022-12-15,1.704,1.707,1.686,1.6965,3874000.0
2022-12-16,1.6965,1.74,1.69,1.723,10104000.0
2022-12-19,1.7235,1.728,1.701,1.711,7477000.0
2022-12-20,1.7035,1.7115,1.67,1.7095,7724000.0
2022-12-21,1.7185,1.7595,1.711,1.726,9125000.0
2022-12-22,1.746,1.7525,1.727,1.7365,11698000.0
2022-12-23,1.7445,1.7535,1.7365,1.7505,6693000.0
2022-12-26,1.74,1.7695,1.74,1.744,9848000.0
2022-12-27,1.748,1.7575,1.7225,1.7425,9077000.0
2022-12-28,1.7485,1.751,1.708,1.7405,10162000.0
2022-12-29,1.7475,1.753,1.738,1.7445,6840000.0
2022-12-30,1.749,1.7555,1.7345,1.7455,6991000.0
2023-01-03,1.75,1.7705,1.743,1.757,5633000.0
2023-01-04,1.765,1.7695,1.755,1.767,3733000.0
2023-01-05,1.768,1.7725,1.7605,1.769,3604000.0
2023-01-06,1.769,1.805,1.7595,1.781,10775000.0
2023-01-09,1.7885,1.801,1.7605,1.766,15429000.0
2023-01-10,1.7725,1.7735,1.6915,1.71,100775000.0
2023-01-11,1.7215,1.7385,1.7,1.724,86087000.0
2023-01-12,1.729,1.768,1.718,1.733,46902000.0
2023-01-13,1.734,1.7445,1.7205,1.734,12128000.0
2023-01-16,1.7495,1.75,1.7395,1.745,11545000.0
2023-01-17,1.7455,1.748,1.7315,1.74,9985000.0
2023-01-18,1.744,1.7475,1.7335,1.742,7724000.0
2023-01-19,1.7425,1.747,1.72,1.7305,13880000.0
2023-01-20,1.7375,1.7765,1.7285,1.742,28440000.0
2023-01-23,1.75,1.7895,1.747,1.7695,21322000.0
2023-01-24,1.7755,1.778,1.7645,1.774,11295000.0
2023-01-25,1.778,1.793,1.7545,1.76,8929000.0
2023-01-26,1.7655,1.79,1.7575,1.7615,10270000.0
2023-01-27,1.7725,1.7775,1.761,1.7715,12328000.0
2023-01-30,1.7665,1.772,1.7605,1.766,6647000.0
2023-01-31,1.7715,1.7845,1.7665,1.772,11130000.0
2023-02-01,1.777,1.7975,1.7725,1.782,15187000.0
2023-02-02,1.795,1.795,1.775,1.791,6631000.0
2023-02-03,1.7915,1.795,1.776,1.784,7706000.0
2023-02-06,1.7855,1.968,1.784,1.914,229616000.0
2023-02-07,1.9145,1.93,1.86,1.887,35370000.0
2023-02-08,1.899,2.06,1.88,1.967,106570000.0
2023-02-09,1.9705,1.98,1.8685,1.926,35130000.0
2023-02-10,1.92,2.037,1.9005,1.994,92391000.0
2023-02-13,1.997,2.0285,1.9705,1.99,44286000.0
2023-02-14,2.0,2.017,1.92,1.9485,31226000.0
2023-02-15,1.9385,1.9395,1.8765,1.915,25745000.0
2023-02-16,1.9105,1.9685,1.9105,1.9375,17375000.0
2023-02-17,1.9505,1.96,1.9235,1.96,11436000.0
2023-02-20,1.9625,1.9625,1.9145,1.9395,8889000.0
2023-02-21,1.95,1.999,1.94,1.9805,20007000.0
2023-02-22,1.9895,1.995,1.97,1.989,7410000.0
2023-02-24,1.989,2.017,1.981,1.992,10310000.0
2023-02-27,1.9705,2.023,1.9705,1.9985,11586000.0
2023-02-28,2.0005,2.0195,1.9825,2.0075,11066000.0
2023-03-01,2.0135,2.02,2.0,2.0,8033000.0
2023-03-02,1.998,2.012,1.982,1.993,9602000.0
2023-03-03,2.0055,2.0235,1.9915,2.0235,9033000.0
2023-03-06,2.0405,2.45,2.04,2.3165,1256510000.0
2023-03-07,2.3235,2.35,2.2235,2.2415,200386000.0
2023-03-09,2.244,2.25,2.2,2.21,53919000.0
2023-03-10,2.203,2.239,2.1815,2.208,41115000.0
2023-03-13,2.2095,2.252,2.191,2.2105,34044000.0
2023-03-14,2.2125,2.224,2.1525,2.1765,28998000.0
2023-03-15,2.175,2.186,2.105,2.138,21736000.0
2023-03-16,2.1405,2.33,2.1315,2.1845,248282000.0
2023-03-17,2.1975,2.239,2.1525,2.205,49153000.0
2023-03-20,2.22,2.242,2.2105,2.236,26125000.0
2023-03-21,2.236,2.3935,2.199,2.3285,254884000.0
2023-03-22,2.332,2.3395,2.2715,2.293,47433000.0
2023-03-23,2.295,2.333,2.284,2.3125,29992000.0
2023-03-24,2.32,2.377,2.3125,2.3375,52673000.0
2023-03-27,2.344,2.3655,2.321,2.347,29209000.0
2023-03-28,2.3605,2.385,2.2675,2.334,59981000.0
2023-03-29,2.344,2.379,2.328,2.3485,36674000.0
2023-03-30,2.3485,2.3585,2.295,2.3195,29341000.0
2023-03-31,2.32,2.3365,2.2805,2.3015,22532000.0
2023-04-03,2.308,2.3215,2.2935,2.307,16534000.0
2023-04-04,2.312,2.3595,2.3,2.3295,30549000.0
2023-04-05,2.3325,2.378,2.291,2.314,40722000.0
2023-04-06,2.31,2.456,2.282,2.31,241399000.0
2023-04-07,2.3125,2.356,2.3015,2.3215,51262000.0
2023-04-10,2.3295,2.368,2.3135,2.338,39187000.0
2023-04-11,2.346,2.393,2.302,2.3085,73013000.0
2023-04-12,2.32,2.3295,2.254,2.2965,33965000.0
2023-04-13,2.303,2.3215,2.273,2.29,17398000.0
2023-04-14,2.29,2.3,2.26,2.288,14222000.0
2023-04-17,2.288,2.324,2.2855,2.296,18575000.0
2023-04-18,2.2965,2.3385,2.286,2.298,38307000.0
2023-04-19,2.3,2.313,2.252,2.268,36644000.0
2023-04-20,2.2635,2.279,2.2315,2.252,36953000.0
2023-04-21,2.259,2.326,2.234,2.303,108543000.0
2023-04-24,2.3065,2.57,2.305,2.4575,751447000.0
2023-04-25,2.481,2.5195,2.384,2.415,168824000.0
2023-04-26,2.4385,2.5485,2.403,2.5065,301436000.0
2023-04-27,2.5205,2.527,2.4105,2.455,51309000.0
2023-04-28,2.476,2.497,2.411,2.4385,29556000.0
2023-05-02,2.44,2.5215,2.309,2.37,167581000.0
2023-05-03,2.38,2.44,2.26,2.3775,72557000.0
2023-05-04,2.392,2.41,2.351,2.37,18774000.0
2023-05-05,2.38,2.4435,2.374,2.4,47056000.0
2023-05-08,2.409,2.41,2.372,2.39,11853000.0
2023-05-10,2.38,2.5225,2.3775,2.4725,52360000.0
2023-05-11,2.507,2.5415,2.484,2.493,38201000.0
2023-05-12,2.4895,2.5095,2.42,2.442,34809000.0
2023-05-15,2.49,2.685,2.4515,2.667,390514000.0
2023-05-16,2.677,2.982,2.6325,2.9495,802826000.0
2023-05-17,2.954,3.211,2.716,2.73,1703530000.0
2023-05-18,2.73,2.96,2.723,2.86,830971000.0
2023-05-19,2.887,2.887,2.61,2.7965,195549000.0
2023-05-22,2.85,2.879,2.7545,2.772,160826000.0
2023-05-23,2.775,2.82,2.657,2.7055,147715000.0
2023-05-24,2.7055,2.819,2.65,2.72,111528000.0
2023-05-25,2.7385,2.9095,2.7215,2.902,322316000.0
2023-05-26,2.959,3.092,2.685,2.772,679407000.0
2023-05-29,2.782,2.85,2.7,2.752,116811000.0
2023-05-30,2.7465,2.78,2.7,2.7,85359000.0
2023-05-31,2.707,2.74,2.651,2.711,49814000.0
2023-06-01,2.725,2.7285,2.7025,2.718,27437000.0
2023-06-02,2.72,2.8915,2.7135,2.828,185834000.0
2023-06-05,2.8505,2.986,2.8285,2.9295,238604000.0
2023-06-06,2.9295,2.9485,2.8115,2.87,90461000.0
2023-06-07,2.8975,3.117,2.872,3.08,588261000.0
2023-06-08,3.099,3.225,3.0925,3.176,498951000.0
2023-06-09,3.189,3.215,2.812,3.063,236725000.0
2023-06-13,3.094,3.1485,3.0525,3.0835,86440000.0
2023-06-14,3.101,3.11,3.058,3.079,57532000.0
2023-06-15,3.0805,3.09,3.06,3.0645,36582000.0
2023-06-16,3.0785,3.0885,3.053,3.068,32033000.0
2023-06-19,3.0845,3.1,3.061,3.0805,43012000.0
2023-06-20,3.085,3.198,3.01,3.14,240429000.0
2023-06-21,3.15,3.226,3.102,3.22,136408000.0
2023-06-22,3.266,3.2955,3.131,3.1955,240842000.0
2023-06-23,3.189,3.1955,3.06,3.145,85047000.0
2023-06-26,3.14,3.192,3.0845,3.139,61137000.0
2023-06-27,3.1595,3.2145,3.139,3.1775,138366000.0
2023-06-28,3.188,3.258,3.148,3.165,116600000.0
2023-06-29,3.185,3.1895,3.155,3.1555,57935000.0
2023-06-30,3.142,3.17,3.1055,3.1105,133012000.0
2023-07-03,2.9275,2.9295,2.825,2.825,225651000.0
2023-07-04,2.8235,2.848,2.755,2.8475,82769000.0
2023-07-05,2.8425,2.949,2.8385,2.9145,97388000.0
2023-07-06,2.9295,2.999,2.916,2.9475,64952000.0
2023-07-07,2.9625,3.0045,2.923,2.931,57673000.0
2023-07-10,2.9355,2.9595,2.902,2.9225,30586000.0
2023-07-11,2.934,2.9365,2.913,2.915,15303000.0
2023-07-12,2.924,2.99,2.9175,2.976,76103000.0
2023-07-13,2.9865,3.03,2.923,2.9725,57917000.0
2023-07-14,2.9725,2.9845,2.94,2.963,31013000.0
2023-07-17,2.965,3.0085,2.95,2.97,40958000.0
2023-07-18,2.971,3.069,2.97,3.05,156065000.0
2023-07-19,3.0705,3.1445,3.03,3.09,193132000.0
2023-07-20,3.1075,3.126,3.03,3.039,102585000.0
2023-07-21,3.045,3.0495,2.969,3.0135,39069000.0
2023-07-24,3.0225,3.058,3.0025,3.042,29098000.0
2023-07-25,3.0455,3.056,3.011,3.0435,28318000.0
2023-07-26,3.044,3.0695,2.9805,3.015,41133000.0
2023-07-27,3.02,3.031,2.9855,3.003,35561000.0
2023-07-28,3.008,3.0215,2.9855,3.0075,23469000.0
2023-07-31,3.011,3.0295,3.004,3.027,38654000.0
2023-08-01,3.035,3.078,3.01,3.05,70893000.0
2023-08-02,3.079,3.196,3.079,3.141,253519000.0
2023-08-03,3.15,3.1735,3.09,3.15,101110000.0
2023-08-04,3.17,3.17,3.011,3.0545,104430000.0
2023-08-07,3.111,3.1125,3.033,3.0405,94242000.0
2023-08-08,3.0405,3.08,3.0,3.02,50896000.0
2023-08-09,3.0445,3.119,3.025,3.099,68668000.0
2023-08-10,3.12,3.14,3.075,3.088,33853000.0
2023-08-11,3.088,3.101,3.047,3.07,29599000.0
2023-08-14,3.075,3.115,3.015,3.0455,60956000.0
2023-08-15,3.0375,3.06,2.825,3.0255,34745000.0
2023-08-16,3.035,3.035,2.84,2.895,77709000.0
2023-08-17,2.9195,2.987,2.9025,2.936,40830000.0
2023-08-18,2.943,2.969,2.924,2.955,15815000.0
2023-08-21,2.975,3.029,2.972,2.995,33979000.0
2023-08-22,2.99,2.9945,2.95,2.9725,28941000.0
2023-08-23,2.9785,3.019,2.94,2.9535,30188000.0
2023-08-24,2.9405,2.95,2.91,2.9385,14941000.0
2023-08-25,2.9535,2.986,2.9385,2.9515,28627000.0
2023-08-28,2.955,2.9795,2.95,2.9625,20091000.0
2023-08-29,2.9685,3.084,2.944,3.006,119687000.0
2023-08-30,3.0115,3.121,3.01,3.0645,176329000.0
2023-08-31,3.09,3.102,3.021,3.0445,47643000.0
2023-09-01,3.0585,3.0765,3.0255,3.0485,30241000.0
2023-09-04,3.0645,3.166,3.0485,3.1435,147032000.0
2023-09-05,3.1475,3.482,3.145,3.406,843111000.0
2023-09-06,3.421,3.6275,3.325,3.4245,471845000.0
2023-09-07,3.451,3.4875,3.1555,3.2295,246882000.0
2023-09-08,3.2245,3.2995,3.0765,3.1845,124612000.0
2023-09-11,3.185,3.2835,3.136,3.1535,99569000.0
2023-09-12,3.1845,3.26,3.154,3.26,65624000.0
2023-09-13,3.275,3.29,3.2025,3.223,59668000.0
2023-09-14,3.2385,3.2425,2.7,3.033,261437000.0
2023-09-15,3.0395,3.1875,2.927,3.082,211274000.0
2023-09-18,3.109,3.15,3.04,3.075,82804000.0
2023-09-19,3.06,3.087,2.896,3.001,115193000.0
2023-09-20,2.9865,3.008,2.86,2.969,97715000.0
2023-09-21,2.9565,2.974,2.8905,2.9075,59337000.0
2023-09-22,2.897,2.941,2.872,2.9315,26942000.0
2023-09-25,2.934,3.0335,2.934,3.001,60283000.0
2023-09-26,2.9995,3.02,2.9655,3.004,22037000.0
2023-09-27,3.0155,3.0495,3.003,3.0115,29994000.0
2023-09-28,3.02,3.078,3.008,3.0745,40642000.0
2023-09-29,3.074,3.1085,3.033,3.076,39984000.0
2023-10-02,3.1095,3.131,3.0785,3.084,38231000.0
2023-10-03,3.093,3.093,3.028,3.047,24633000.0
2023-10-04,3.0565,3.064,3.015,3.016,15048000.0
2023-10-05,3.0165,3.046,2.977,3.0265,18824000.0
2023-10-06,3.03,3.0375,2.92,3.035,23513000.0
2023-10-09,3.04,3.07,3.029,3.0335,15644000.0
2023-10-10,3.033,3.078,3.009,3.07,17083000.0
2023-10-11,3.07,3.086,3.0565,3.0565,10250000.0
2023-10-12,3.0285,3.061,3.003,3.045,17720000.0
2023-10-13,3.045,3.059,3.0035,3.0305,14851000.0
2023-10-16,3.0255,3.0725,3.0255,3.07,27760000.0
2023-10-17,3.073,3.198,3.0505,3.17,107685000.0
2023-10-18,3.1695,3.176,3.0855,3.114,41830000.0
2023-10-19,3.119,3.1885,3.11,3.1635,74178000.0
2023-10-20,3.167,3.1815,3.1295,3.153,19795000.0
2023-10-23,3.163,3.3665,3.1585,3.333,271197000.0
2023-10-24,3.324,3.348,3.25,3.27,114694000.0
2023-10-25,3.2875,3.32,3.251,3.259,32313000.0
2023-10-26,3.2675,3.2675,3.168,3.178,48023000.0
2023-10-27,3.184,3.234,3.1695,3.1925,28489000.0
2023-10-30,3.206,3.295,3.2025,3.233,65538000.0
2023-10-31,3.247,3.2545,3.13,3.151,40709000.0
2023-11-01,3.163,3.2325,3.152,3.226,25279000.0
2023-11-02,3.229,3.283,3.2055,3.2175,27353000.0
2023-11-03,3.2435,3.2435,3.185,3.2005,14470000.0
2023-11-06,3.206,3.2155,3.1805,3.183,9526000.0
2023-11-07,3.185,3.189,3.16,3.1805,7618000.0
2023-11-08,3.185,3.2435,3.1685,3.236,25955000.0
2023-11-09,3.239,3.263,3.1405,3.1785,61509000.0
2023-11-10,3.1735,3.27,3.147,3.187,39529000.0
2023-11-13,3.19,3.19,3.118,3.145,35367000.0
2023-11-14,3.168,3.168,3.03,3.043,59271000.0
2023-11-15,3.0235,3.123,2.979,3.081,55564000.0
2023-11-16,3.099,3.135,3.071,3.104,31710000.0
2023-11-17,3.1025,3.1025,3.03,3.063,21410000.0
2023-11-20,3.07,3.0985,3.03,3.0805,31467000.0
2023-11-21,3.078,3.13,3.07,3.112,17756000.0
2023-11-22,3.112,3.135,3.0735,3.08,7966000.0
2023-11-23,3.083,3.109,3.042,3.068,22217000.0
2023-11-24,3.0825,3.091,3.028,3.0335,10902000.0
2023-11-27,3.0335,3.069,3.0005,3.0205,20522000.0
2023-11-28,3.034,3.051,2.8905,2.9345,78853000.0
2023-11-29,2.934,2.97,2.8905,2.912,35918000.0
2023-11-30,2.9385,2.943,2.8685,2.907,30284000.0
2023-12-01,2.907,2.995,2.902,2.9625,53968000.0
2023-12-04,2.965,2.994,2.88,2.9,26022000.0
2023-12-05,2.901,2.947,2.75,2.897,65586000.0
2023-12-06,2.8985,2.899,2.766,2.827,24970000.0
2023-12-07,2.818,2.8575,2.77,2.8295,17171000.0
2023-12-08,2.83,2.9,2.7785,2.8475,21033000.0
2023-12-11,2.8475,2.87,2.74,2.75,33314000.0
2023-12-12,2.745,2.7695,2.673,2.7385,27271000.0
2023-12-13,2.7475,2.886,2.7215,2.821,21656000.0
2023-12-14,2.83,2.849,2.754,2.7895,13792000.0
2023-12-15,2.7995,2.8905,2.7875,2.8815,22474000.0
2023-12-18,2.8975,2.98,2.8975,2.975,22508000.0
2023-12-19,2.98,3.03,2.96,3.0225,18074000.0
2023-12-20,3.0235,3.1595,3.0165,3.1185,46161000.0
2023-12-21,3.12,3.205,3.058,3.157,87396000.0
2023-12-22,3.1715,3.2145,3.1155,3.19,35614000.0
2023-12-25,3.1855,3.2075,3.101,3.1355,36510000.0
2023-12-26,3.1325,3.2355,3.0875,3.14,59349000.0
2023-12-27,3.1365,3.1365,3.0915,3.119,21995000.0
2023-12-28,3.1195,3.127,3.0735,3.084,16200000.0
2023-12-29,3.081,3.106,3.062,3.0875,13515000.0
2024-01-03,3.096,3.1805,3.0805,3.1395,27654000.0
2024-01-04,3.1395,3.1665,3.1275,3.1485,10752000.0
2024-01-05,3.14,3.164,3.1105,3.1295,9681000.0
2024-01-08,3.1485,3.156,3.121,3.127,10115000.0
2024-01-09,3.1265,3.228,3.1235,3.161,73378000.0
2024-01-10,3.1615,3.268,3.1485,3.227,81359000.0
2024-01-11,3.2375,3.25,3.181,3.2415,37354000.0
2024-01-12,3.25,3.2585,3.183,3.193,30718000.0
2024-01-15,3.195,3.217,3.1645,3.1795,22139000.0
2024-01-16,3.173,3.1795,3.102,3.1185,37552000.0
2024-01-17,3.117,3.1675,3.063,3.1605,29063000.0
2024-01-18,3.161,3.199,3.1455,3.1665,28561000.0
2024-01-19,3.1665,3.172,3.121,3.1465,13914000.0
2024-01-22,3.1415,3.184,3.112,3.16,19692000.0
2024-01-23,3.16,3.186,3.1355,3.1705,18191000.0
2024-01-24,3.2,3.2445,3.171,3.229,57956000.0
2024-01-25,3.2345,3.2385,3.175,3.1815,31699000.0
2024-01-26,3.18,3.232,3.176,3.2095,27111000.0
2024-01-29,3.216,3.3645,3.2135,3.35,213699000.0
2024-01-30,3.3625,3.413,3.2705,3.307,100838000.0
2024-01-31,3.308,3.3085,3.25,3.2715,29341000.0
2024-02-01,3.276,3.304,3.25,3.266,40096000.0
2024-02-02,3.27,3.334,3.2535,3.3285,33292000.0
2024-02-05,3.3435,3.4295,3.3345,3.4175,90991000.0
2024-02-06,3.42,3.48,3.378,3.4235,91579000.0
2024-02-07,3.433,3.47,3.3285,3.363,66831000.0
2024-02-08,3.373,3.397,3.282,3.3535,52876000.0
2024-02-09,3.356,3.461,3.3345,3.4155,114785000.0
2024-02-12,3.428,3.528,3.428,3.48,98556000.0
2024-02-13,3.4975,3.514,3.4345,3.46,46187000.0
2024-02-14,3.4685,3.471,3.3855,3.423,33151000.0
2024-02-15,3.4225,3.468,3.36,3.4425,49630000.0
2024-02-16,3.4515,3.515,3.423,3.481,104129000.0
2024-02-19,3.503,3.5995,3.5,3.597,124561000.0
2024-02-20,3.598,3.6135,3.31,3.3935,163128000.0
2024-02-21,3.3655,3.415,3.259,3.325,92727000.0
2024-02-22,3.3315,3.356,3.2665,3.33,35338000.0
2024-02-26,3.4095,3.45,3.346,3.4105,71310000.0
2024-02-27,3.42,3.428,3.354,3.386,20667000.0
2024-02-28,3.388,3.41,3.35,3.372,29706000.0
2024-02-29,3.3615,3.436,3.3575,3.41,27833000.0
2024-03-01,3.408,3.421,3.365,3.402,46682000.0
2024-03-04,3.4055,3.446,3.365,3.391,56476000.0
2024-03-05,3.3915,3.4345,3.3805,3.401,21219000.0
2024-03-06,3.3995,3.475,3.3875,3.4585,33808000.0
2024-03-07,3.4585,3.48,3.4325,3.48,28960000.0
2024-03-11,3.4815,3.5315,3.459,3.5205,37877000.0
2024-03-12,3.522,3.55,3.478,3.5235,23175000.0
2024-03-13,3.5355,3.5385,3.482,3.505,26397000.0
2024-03-14,3.51,3.5185,3.4545,3.4865,32090000.0
2024-03-15,3.496,3.52,3.441,3.4695,42730000.0
2024-03-18,3.485,3.4975,3.401,3.418,37689000.0
2024-03-19,3.4185,3.46,3.406,3.4465,20805000.0
2024-03-20,3.4465,3.4585,3.3905,3.4055,15096000.0
2024-03-21,3.4005,3.4165,3.3775,3.395,25068000.0
2024-03-22,3.3955,3.427,3.301,3.325,25146000.0
2024-03-25,3.342,3.3655,3.2705,3.329,20362000.0
2024-03-26,3.3345,3.415,3.25,3.3945,24532000.0
2024-03-27,3.405,3.42,3.33,3.3315,13131000.0
2024-03-28,3.3385,3.3815,3.293,3.3675,27137000.0
2024-03-29,3.3545,3.363,3.32,3.329,7965000.0
2024-04-01,3.32,3.393,3.32,3.354,20230000.0
2024-04-02,3.3685,3.5475,3.35,3.4845,65271000.0
2024-04-03,3.4895,3.4895,3.402,3.42,37813000.0
2024-04-04,3.421,3.4575,3.4055,3.413,24757000.0
2024-04-05,3.4,3.514,3.38,3.4545,72309000.0
2024-04-08,3.455,3.4895,3.4505,3.4615,22984000.0
2024-04-09,3.4615,3.4655,3.425,3.435,11143000.0
2024-04-10,3.443,3.516,3.4225,3.498,26770000.0
2024-04-11,3.5,3.527,3.4495,3.4615,27275000.0
2024-04-12,3.4895,3.4905,3.4435,3.4535,9905000.0
2024-04-15,3.453,3.524,3.4305,3.4855,36013000.0
2024-04-16,3.493,3.585,3.4825,3.534,67030000.0
2024-04-17,3.5445,3.5445,3.4815,3.505,16169000.0
2024-04-18,3.5015,3.5245,3.4915,3.51,9662000.0
2024-04-19,3.51,3.523,3.49,3.5075,7144000.0
2024-04-22,3.511,3.533,3.4505,3.478,18627000.0
2024-04-23,3.4965,3.53,3.4535,3.492,28228000.0
2024-04-24,3.4995,3.524,3.4515,3.4635,17152000.0
2024-04-25,3.4585,3.482,3.413,3.448,11488000.0
2024-04-26,3.447,3.454,3.381,3.4125,26111000.0
2024-04-27,3.4125,3.4305,3.3845,3.4,3973000.0
2024-04-29,3.4285,3.429,3.34,3.353,18911000.0
2024-04-30,3.3525,3.377,3.336,3.3455,9805000.0
2024-05-02,3.353,3.382,3.3105,3.3385,14639000.0
2024-05-03,3.337,3.3375,3.2865,3.296,13015000.0
2024-05-06,3.304,3.35,3.28,3.3005,19978000.0
2024-05-07,3.2995,3.341,3.277,3.305,20206000.0
2024-05-08,3.301,3.313,3.286,3.292,16072000.0
2024-05-10,3.2925,3.332,3.288,3.3175,9092000.0
2024-05-13,3.319,3.3795,3.319,3.3545,20818000.0
2024-05-14,3.3545,3.445,3.3545,3.435,36741000.0
2024-05-15,3.44,3.442,3.358,3.4265,32327000.0
2024-05-16,3.4365,3.479,3.4275,3.454,19385000.0
2024-05-17,3.452,3.497,3.411,3.472,18307000.0
2024-05-20,3.4685,3.4815,3.319,3.354,18857000.0
2024-05-21,3.334,3.3595,3.2815,3.3375,22595000.0
2024-05-22,3.3325,3.442,3.314,3.414,30912000.0
2024-05-23,3.4055,3.4805,3.3565,3.423,23176000.0
2024-05-24,3.4265,3.4285,3.32,3.335,14771000.0
2024-05-27,3.335,3.355,3.038,3.207,52353000.0
2024-05-28,3.204,3.23,3.1635,3.1905,12103000.0
2024-05-29,3.226,3.226,3.13,3.179,14713000.0
2024-05-30,3.1795,3.2865,3.16,3.1765,31959000.0
2024-05-31,3.1795,3.219,2.99,3.05,20376000.0
2024-06-03,3.0505,3.1195,2.9035,2.981,30012000.0
2024-06-04,2.9835,2.997,2.87,2.987,43774000.0
2024-06-05,2.9805,3.018,2.9385,2.968,15635000.0
2024-06-06,2.9885,2.992,2.941,2.977,5783000.0
2024-06-07,2.98,3.0895,2.9645,3.05,17648000.0
2024-06-10,3.08,3.1095,2.9045,2.9465,19352000.0
2024-06-11,2.9525,3.027,2.92,2.976,17031000.0
2024-06-13,2.924,3.014,2.761,2.981,23110000.0
2024-06-14,3.014,3.043,2.98,3.027,7564000.0
2024-06-17,3.05,3.064,3.0,3.0165,7457000.0
2024-06-18,3.0105,3.0405,2.937,2.94,17779000.0
2024-06-19,2.9615,2.98,2.8415,2.896,16112000.0
2024-06-20,2.896,3.173,2.8635,3.1275,111561000.0
2024-06-21,3.128,3.17,3.088,3.14,20469000.0
2024-06-24,3.14,3.2335,3.14,3.164,26087000.0
2024-06-25,3.1565,3.226,3.152,3.2125,19173000.0
2024-06-26,3.2225,3.245,3.1565,3.186,10025000.0
2024-06-27,3.1715,3.1795,3.1215,3.1335,7201000.0
2024-06-28,3.1335,3.159,3.114,3.1355,4429000.0
2024-07-01,3.1355,3.149,3.0575,3.114,14216000.0
2024-07-02,3.114,3.1345,3.089,3.1005,6601000.0
2024-07-03,3.12,3.12,3.0855,3.087,4486000.0
2024-07-04,3.0875,3.0995,3.0125,3.0325,13567000.0
2024-07-05,3.049,3.099,3.0035,3.0595,12522000.0
2024-07-08,3.0785,3.0915,3.0335,3.067,10950000.0
2024-07-09,2.9295,2.94,2.761,2.7985,50030000.0
2024-07-10,2.788,2.8445,2.5415,2.594,56323000.0
2024-07-11,2.5945,2.711,2.5875,2.6415,54946000.0
2024-07-12,2.6495,2.6785,2.499,2.546,59828000.0
2024-07-15,2.558,2.6165,2.501,2.5465,39372000.0
2024-07-16,2.5365,2.6065,2.5055,2.5715,30014000.0
2024-07-17,2.585,2.5855,2.4605,2.4805,94217000.0
2024-07-18,2.481,2.5315,2.4605,2.53,33937000.0
2024-07-19,2.531,2.58,2.5115,2.57,23440000.0
2024-07-22,2.577,2.5875,2.5245,2.5475,20783000.0
2024-07-23,2.5575,2.6395,2.5225,2.624,31723000.0
2024-07-24,2.638,2.7245,2.606,2.705,49721000.0
2024-07-25,2.683,2.704,2.65,2.6765,11589000.0
2024-07-26,2.677,2.709,2.6035,2.617,22114000.0
2024-07-29,2.617,2.6185,2.471,2.485,30736000.0
2024-07-30,2.485,2.5375,2.444,2.5,19313000.0
2024-07-31,2.52,2.557,2.5095,2.551,13218000.0
2024-08-01,2.551,2.599,2.5415,2.545,10712000.0
2024-08-02,2.548,2.5825,2.527,2.527,11073000.0
2024-08-05,2.5185,2.54,2.4485,2.5175,35025000.0
2024-08-06,2.518,2.5825,2.518,2.55,20015000.0
2024-08-07,2.5585,2.6095,2.54,2.5755,15726000.0
2024-08-08,2.583,2.604,2.5205,2.526,9340000.0
2024-08-09,2.538,2.5655,2.524,2.5515,6271000.0
2024-08-12,2.56,2.578,2.525,2.5715,7279000.0
2024-08-13,2.5715,2.6495,2.5625,2.632,16843000.0
2024-08-14,2.6,2.6375,2.571,2.5815,9870000.0
2024-08-15,2.5815,2.606,2.566,2.5855,5872000.0
2024-08-16,2.5895,2.6085,2.5525,2.5585,8813000.0
2024-08-19,2.5725,2.6245,2.5575,2.5655,22329000.0
2024-08-20,2.566,2.619,2.5585,2.6115,9821000.0
2024-08-21,2.6015,2.6455,2.6015,2.62,9894000.0
2024-08-22,2.6375,2.639,2.4635,2.4805,16706000.0
2024-08-23,2.4845,2.4925,2.368,2.4345,30617000.0
2024-08-26,2.47,2.4945,2.4115,2.461,25478000.0
2024-08-27,2.461,2.48,2.436,2.4505,8387000.0
2024-08-28,2.4505,2.4685,2.38,2.445,18611000.0
2024-08-29,2.4235,2.455,2.3505,2.3835,23502000.0
2024-08-30,2.3635,2.3835,2.25,2.2635,23878000.0
2024-09-02,2.2635,2.2635,2.0525,2.1315,110165000.0
2024-09-03,2.132,2.235,2.0825,2.1615,47919000.0
2024-09-04,2.1705,2.298,2.1705,2.2285,33219000.0
2024-09-05,2.2585,2.279,2.1655,2.2425,49707000.0
2024-09-06,2.247,2.2655,2.2135,2.242,11504000.0
2024-09-09,2.2045,2.2895,2.1975,2.2885,25886000.0
2024-09-10,2.289,2.2995,2.245,2.2545,10904000.0
2024-09-11,2.244,2.265,2.1745,2.1925,10608000.0
2024-09-12,2.206,2.206,2.179,2.192,7788000.0
2024-09-13,2.194,2.2145,2.115,2.214,18231000.0
2024-09-16,2.214,2.29,2.211,2.27,14780000.0
2024-09-17,2.3,2.317,2.243,2.278,13854000.0
2024-09-18,2.2765,2.2835,2.2315,2.237,9461000.0
2024-09-19,2.24,2.248,2.1865,2.2145,22785000.0
2024-09-20,2.2105,2.249,2.1935,2.2415,11372000.0
2024-09-23,2.249,2.292,2.2305,2.2805,19637000.0
2024-09-24,2.2965,2.35,2.2645,2.3075,49181000.0
2024-09-25,2.332,2.366,2.28,2.2975,33991000.0
2024-09-26,2.297,2.48,2.297,2.4785,82086000.0
2024-09-27,2.476,2.4785,2.417,2.438,32390000.0
2024-09-30,2.438,2.4845,2.4205,2.44,37641000.0
2024-10-01,2.432,2.53,2.43,2.5035,52080000.0
2024-10-02,2.51,2.585,2.406,2.4335,54955000.0
2024-10-03,2.439,2.499,2.42,2.4985,19603000.0
2024-10-04,2.494,2.5235,2.4635,2.516,10807000.0
2024-10-07,2.52,2.5595,2.4825,2.5245,17076000.0
2024-10-08,2.5005,2.579,2.5005,2.56,13005000.0
2024-10-09,2.566,2.576,2.5,2.5215,14641000.0
2024-10-10,2.5225,2.5435,2.4325,2.473,23426000.0
2024-10-11,2.4605,2.4775,2.362,2.3965,28931000.0
2024-10-14,2.3965,2.4535,2.372,2.432,12055000.0
2024-10-15,2.424,2.461,2.421,2.4505,8174000.0
2024-10-16,2.4445,2.478,2.4215,2.4385,10192000.0
2024-10-17,2.437,2.4495,2.381,2.381,8822000.0
2024-10-18,2.3805,2.408,2.36,2.3605,8876000.0
2024-10-21,2.3635,2.3795,2.3405,2.3405,7395000.0
2024-10-22,2.345,2.35,2.312,2.335,7518000.0
2024-10-23,2.343,2.346,2.3,2.311,7015000.0
2024-10-24,2.316,2.333,2.282,2.313,7194000.0
2024-10-25,2.3125,2.34,2.293,2.303,21534000.0
2024-10-28,2.285,2.2945,2.23,2.2595,21410000.0
2024-10-29,2.2595,2.3,2.2455,2.2955,8374000.0
2024-10-30,2.304,2.3275,2.2405,2.2475,7139000.0
2024-10-31,2.243,2.2435,2.15,2.1645,22509000.0
2024-11-01,2.165,2.196,2.15,2.192,7092000.0
2024-11-02,2.1985,2.2085,2.185,2.194,3000000.0
2024-11-05,2.192,2.215,2.1415,2.163,22597000.0
2024-11-06,2.18,2.2385,2.178,2.2035,18255000.0
2024-11-07,2.201,2.229,2.1825,2.229,6191000.0
2024-11-08,2.249,2.399,2.2365,2.377,28754000.0
2024-11-11,2.3775,2.445,2.3305,2.433,22480000.0
2024-11-12,2.455,2.4825,2.4285,2.4415,29590000.0
2024-11-13,2.424,2.453,2.375,2.3835,23526000.0
2024-11-14,2.3975,2.413,2.3465,2.3775,9411000.0
2024-11-15,2.386,2.425,2.355,2.4015,12555000.0
2024-11-18,2.3505,2.395,2.32,2.3215,24343000.0
2024-11-19,2.331,2.331,2.212,2.24,19761000.0
2024-11-20,2.2435,2.2745,2.184,2.2095,17181000.0
2024-11-21,2.21,2.229,2.161,2.203,19583000.0
2024-11-22,2.2195,2.225,2.165,2.1895,14990000.0
2024-11-25,2.203,2.23,2.1225,2.1335,13872000.0
2024-11-26,2.133,2.19,2.02,2.0895,32305000.0
2024-11-27,2.097,2.099,2.02,2.091,28011000.0
2024-11-28,2.116,2.116,2.025,2.0875,30375000.0
2024-11-29,2.085,2.1755,2.0735,2.1025,27315000.0
2024-12-02,2.112,2.1785,2.112,2.166,14824000.0
2024-12-03,2.1655,2.182,2.0605,2.0875,19311000.0
2024-12-04,2.092,2.1275,2.04,2.041,13333000.0
2024-12-05,2.041,2.1275,2.026,2.111,27536000.0
2024-12-06,2.111,2.1415,2.0925,2.126,15658000.0
2024-12-09,2.1265,2.178,2.1265,2.1605,10729000.0
2024-12-10,2.163,2.1785,2.1075,2.1265,18837000.0
2024-12-11,2.127,2.128,2.091,2.11,11666000.0
2024-12-12,2.1095,2.1245,2.047,2.057,18326000.0
2024-12-13,2.0615,2.074,2.044,2.0705,11365000.0
2024-12-16,2.056,2.087,2.046,2.0565,23402000.0
2024-12-17,2.042,2.106,2.041,2.0845,14944000.0
2024-12-18,2.086,2.1055,2.051,2.0955,25608000.0
2024-12-19,2.094,2.2205,2.086,2.183,42922000.0
2024-12-20,2.1845,2.33,2.1625,2.282,46556000.0
2024-12-23,2.2945,2.348,2.28,2.305,18884000.0
2024-12-24,2.305,2.3055,2.25,2.263,13627000.0
2024-12-25,2.248,2.28,2.241,2.279,8701000.0
2024-12-26,2.284,2.301,2.2555,2.268,8975000.0
2024-12-27,2.268,2.28,2.257,2.271,9771000.0
2024-12-28,2.276,2.2935,2.25,2.2895,11253000.0
2024-12-30,2.3045,2.4,2.3045,2.3585,21664000.0
2025-01-03,2.365,2.375,2.311,2.3255,8783000.0
2025-01-06,2.325,2.3285,2.2895,2.328,8908000.0
2025-01-08,2.319,2.3855,2.3185,2.37,13356000.0
2025-01-09,2.363,2.379,2.3105,2.3185,9547000.0
2025-01-10,2.3295,2.37,2.2915,2.3665,15710000.0
2025-01-13,2.375,2.4045,2.3225,2.36,23686000.0
2025-01-14,2.3645,2.371,2.3355,2.359,13092000.0
2025-01-15,2.369,2.399,2.346,2.395,19062000.0
2025-01-16,2.4045,2.47,2.3825,2.437,39429000.0
2025-01-17,2.445,2.47,2.4255,2.4525,17592000.0
2025-01-20,2.463,2.4865,2.4,2.414,25318000.0
2025-01-21,2.414,2.4485,2.4005,2.4465,10668000.0
2025-01-22,2.4575,2.4935,2.424,2.4495,18145000.0
2025-01-23,2.464,2.5455,2.452,2.5385,35854000.0
2025-01-24,2.5485,2.5765,2.475,2.495,34907000.0
2025-01-27,2.5,2.5245,2.43,2.432,17671000.0
2025-01-28,2.4295,2.443,2.3685,2.4405,25119000.0
2025-01-29,2.4395,2.456,2.409,2.445,17051000.0
2025-01-30,2.443,2.46,2.431,2.452,12444000.0
2025-01-31,2.452,2.4585,2.402,2.4105,20934000.0
2025-02-03,2.4,2.4085,2.343,2.386,21768000.0
2025-02-04,2.386,2.4055,2.383,2.391,8737000.0
2025-02-05,2.3975,2.435,2.369,2.411,24934000.0
2025-02-06,2.411,2.445,2.4005,2.428,13451000.0
2025-02-07,2.437,2.439,2.3905,2.4135,14518000.0
2025-02-10,2.4235,2.455,2.405,2.426,16100000.0
2025-02-11,2.426,2.4435,2.392,2.431,17291000.0
2025-02-12,2.4345,2.514,2.417,2.5,45369000.0
2025-02-13,2.501,2.639,2.485,2.548,51507000.0
2025-02-14,2.5005,2.625,2.361,2.5485,50140000.0
2025-02-17,2.568,2.7575,2.5635,2.745,41010000.0
2025-02-18,2.746,2.9425,2.725,2.81,171693000.0
2025-02-19,2.81,2.88,2.728,2.766,49406000.0
2025-02-20,2.766,2.81,2.7585,2.7685,25145000.0
2025-02-21,2.774,2.7995,2.7065,2.7425,31577000.0
2025-02-24,2.7425,2.8345,2.7305,2.804,24004000.0
2025-02-25,2.8045,2.85,2.788,2.8105,26579000.0
2025-02-26,2.8105,2.844,2.681,2.702,35285000.0
2025-02-27,2.6965,2.702,2.594,2.5995,33392000.0
2025-02-28,2.5995,2.644,2.55,2.644,24676000.0
2025-03-01,2.6445,2.653,2.6445,2.653,285000.0
2025-03-02,2.653,2.653,2.6175,2.652,495000.0
2025-03-03,2.6235,2.7195,2.5455,2.5675,41705000.0
2025-03-04,2.58,2.711,2.58,2.6775,31084000.0
2025-03-05,2.6825,2.75,2.6205,2.6745,35710000.0
2025-03-06,2.6745,2.723,2.5685,2.591,36476000.0
2025-03-07,2.6045,2.6245,2.482,2.5465,34025000.0
2025-03-10,2.5595,2.5885,2.532,2.5695,17653000.0
2025-03-11,2.5715,2.613,2.534,2.564,24499000.0
2025-03-12,2.552,2.6325,2.5515,2.5995,33883000.0
2025-03-13,2.6065,2.6065,2.5,2.552,52837000.0
2025-03-14,2.55,2.604,2.535,2.5905,24071000.0
2025-03-15,2.592,2.6075,2.592,2.5965,586000.0
2025-03-16,2.591,2.6125,2.591,2.6125,742000.0
2025-03-17,2.602,2.6555,2.602,2.625,22090000.0
2025-03-18,2.633,2.652,2.5825,2.603,28595000.0
2025-03-19,2.6125,2.6175,2.553,2.596,18832000.0
2025-03-20,2.603,2.6105,2.452,2.495,79683000.0
2025-03-21,2.4935,2.519,2.465,2.47,20522000.0
2025-03-24,2.47,2.499,2.469,2.477,14796000.0
2025-03-25,2.485,2.5045,2.4225,2.4905,36127000.0
2025-03-26,2.493,2.504,2.451,2.4635,11759000.0
2025-03-27,2.464,2.464,2.415,2.4155,12189000.0
2025-03-28,2.4145,2.4185,2.36,2.3725,19564000.0
2025-03-29,2.3725,2.38,2.3175,2.3205,3058000.0
2025-03-30,2.318,2.332,2.3175,2.3195,1173000.0
2025-03-31,2.323,2.4175,2.3025,2.366,22555000.0
2025-04-01,2.3785,2.405,2.293,2.2935,21458000.0
2025-04-02,2.3045,2.3595,2.2835,2.331,23649000.0
2025-04-03,2.3395,2.385,2.207,2.2335,30654000.0
2025-04-04,2.2415,2.266,2.12,2.1235,36036000.0
2025-04-05,2.1095,2.1345,2.0775,2.128,4060000.0
2025-04-06,2.1295,2.203,2.1285,2.1995,3817000.0
2025-04-07,2.1775,2.2085,2.0105,2.1575,80251000.0
2025-04-08,2.1645,2.2075,2.0675,2.073,29853000.0
2025-04-09,2.073,2.2025,2.05,2.2,56597000.0
2025-04-10,2.2115,2.23,2.15,2.167,25957000.0
2025-04-11,2.1705,2.248,2.168,2.2305,21848000.0
2025-04-12,2.2345,2.262,2.225,2.2525,4371000.0
2025-04-13,2.253,2.2615,2.233,2.256,1755000.0
2025-04-14,2.256,2.2615,2.157,2.196,18915000.0
2025-04-15,2.196,2.213,2.1245,2.18,16428000.0
2025-04-16,2.183,2.2185,2.16,2.203,14045000.0
2025-04-17,2.204,2.319,2.201,2.316,47277000.0
2025-04-18,2.2905,2.3485,2.25,2.3315,33656000.0
2025-04-21,2.338,2.3885,2.275,2.3,43317000.0
2025-04-22,2.2975,2.327,2.2825,2.32,17443000.0
2025-04-23,2.319,2.3265,2.231,2.266,23557000.0
2025-04-24,2.2675,2.2835,2.212,2.233,16969000.0
2025-04-25,2.231,2.31,2.231,2.2995,29011000.0
2025-04-26,2.3,2.3195,2.3,2.308,2017000.0
2025-04-27,2.3165,2.319,2.3045,2.3165,404000.0
2025-04-28,2.304,2.325,2.1895,2.2465,45555000.0
2025-04-29,2.242,2.261,2.19,2.2115,9749000.0
2025-04-30,2.212,2.212,2.16,2.1875,11441000.0
2025-05-02,2.2065,2.207,2.1055,2.1205,11183000.0
2025-05-03,2.111,2.1265,2.105,2.11,1053000.0
2025-05-04,2.1205,2.155,2.109,2.14,1713000.0
2025-05-05,2.143,2.1615,2.0705,2.133,21732000.0
2025-05-06,2.1355,2.195,2.1265,2.1945,21778000.0
2025-05-07,2.184,2.271,2.1455,2.2495,29502000.0
2025-05-08,2.254,2.267,2.205,2.217,12517000.0
2025-05-10,2.224,2.228,2.192,2.2015,2440000.0
2025-05-11,2.212,2.25,2.212,2.2295,3871000.0
2025-05-12,2.2405,2.315,2.2295,2.2945,27624000.0
2025-05-13,2.2875,2.321,2.279,2.3195,11516000.0
2025-05-14,2.3125,2.338,2.25,2.2575,21440000.0
2025-05-15,2.2555,2.265,2.1735,2.203,25171000.0
2025-05-16,2.2065,2.2345,2.144,2.1805,17355000.0
2025-05-17,2.1925,2.206,2.167,2.198,2977000.0
2025-05-18,2.198,2.2145,2.197,2.2145,1426000.0
2025-05-19,2.2135,2.2135,2.1665,2.176,12709000.0
2025-05-20,2.176,2.178,2.15,2.156,4808000.0
2025-05-21,2.1565,2.1745,2.125,2.1365,6230000.0
2025-05-22,2.136,2.1405,2.0865,2.1065,14268000.0
2025-05-23,2.1015,2.199,2.075,2.182,68301000.0
2025-05-26,2.1775,2.2295,2.1405,2.1695,43346000.0
2025-05-27,2.176,2.2345,2.0865,2.1175,68414000.0
2025-05-28,2.1175,2.155,2.1175,2.1435,19976000.0
2025-05-29,2.1455,2.207,2.136,2.1665,30840000.0
2025-05-30,2.162,2.2,2.1535,2.179,14806000.0
2025-05-31,2.1795,2.1975,2.1795,2.194,1185000.0
2025-06-01,2.19,2.194,2.1335,2.152,4565000.0
2025-06-02,2.143,2.1915,2.13,2.1775,15520000.0
2025-06-03,2.184,2.282,2.1815,2.28,39050000.0
2025-06-04,2.2835,2.3,2.224,2.252,24964000.0
2025-06-05,2.2625,2.324,2.24,2.2815,38307000.0
2025-06-06,2.2835,2.31,2.219,2.23,26045000.0
2025-06-07,2.2415,2.255,2.2375,2.254,1330000.0
2025-06-08,2.257,2.2585,2.2385,2.248,971000.0
2025-06-09,2.245,2.315,2.242,2.3005,32091000.0
2025-06-10,2.311,2.3375,2.197,2.212,47734000.0
2025-06-11,2.2125,2.243,2.1985,2.214,19052000.0
2025-06-13,2.2265,2.2395,2.207,2.221,9168000.0
2025-06-14,2.235,2.257,2.228,2.25,2829000.0
2025-06-15,2.2505,2.264,2.2355,2.2465,2572000.0
2025-06-16,2.2495,2.29,2.17,2.1985,24262000.0
2025-06-17,2.207,2.25,2.1885,2.2355,17444000.0
2025-06-18,2.2365,2.276,2.2155,2.276,16058000.0
2025-06-19,2.2765,2.295,2.209,2.2405,29262000.0
2025-06-20,2.2415,2.2555,2.2105,2.224,16984000.0
2025-06-23,2.229,2.24,2.1855,2.2225,17560000.0
2025-06-24,2.2245,2.24,2.1975,2.234,14570000.0
2025-06-25,2.234,2.266,2.16,2.18,110999000.0
2025-06-26,2.172,2.199,2.1665,2.173,30999000.0
2025-06-27,2.1835,2.1995,2.1405,2.1995,39828000.0
2025-06-28,2.182,2.2,2.182,2.189,3798000.0
2025-06-29,2.192,2.1925,2.173,2.1795,1636000.0
2025-06-30,2.1755,2.2235,2.175,2.203,22091000.0
2025-07-01,2.1975,2.2135,2.168,2.1845,33398000.0
2025-07-02,2.1845,2.1955,2.1625,2.163,18243000.0
2025-07-03,2.165,2.18,2.131,2.1345,29234000.0
2025-07-04,2.1395,2.1395,2.0945,2.098,36765000.0
2025-07-05,2.0965,2.099,2.086,2.0945,1654000.0
2025-07-06,2.092,2.1045,2.0895,2.104,967000.0
2025-07-07,2.0945,2.106,2.071,2.082,19853000.0
2025-07-08,2.081,2.0975,2.0555,2.063,21392000.0
2025-07-09,2.063,2.0695,2.0195,2.0235,23500000.0
2025-07-10,2.0105,2.0535,1.98,2.007,30121000.0
2025-07-11,2.014,2.014,1.95,1.9575,16895000.0
2025-07-12,1.969,1.9755,1.95,1.968,1150000.0
2025-07-13,1.957,1.9695,1.94,1.9485,2135000.0
2025-07-14,1.95,2.0135,1.9145,2.0055,19439000.0
2025-07-15,2.006,2.033,1.987,2.017,10218000.0
2025-07-16,2.0325,2.0325,2.01,2.0225,11788000.0
2025-07-17,2.0235,2.066,2.0165,2.047,29281000.0
2025-07-18,2.047,2.0735,2.002,2.044,41840000.0
2025-07-19,2.043,2.073,2.0385,2.046,3635000.0
2025-07-20,2.046,2.056,2.0375,2.05,1887000.0
2025-07-21,2.05,2.08,2.033,2.062,21437000.0
2025-07-22,2.0595,2.068,2.05,2.0565,8207000.0
2025-07-23,2.0505,2.085,2.0505,2.0615,17502000.0
2025-07-24,2.0695,2.08,2.052,2.059,8077000.0
2025-07-25,2.0665,2.073,2.024,2.034,14479000.0
2025-07-26,2.034,2.0545,2.033,2.046,1612000.0
2025-07-27,2.0525,2.057,2.0355,2.046,983000.0
2025-07-28,2.05,2.0645,2.0025,2.026,14261000.0
2025-07-29,2.0255,2.11,2.0155,2.068,33318000.0
2025-07-30,2.07,2.0895,2.02,2.0305,26651000.0
2025-07-31,2.038,2.085,2.0345,2.074,31427000.0
2025-08-01,2.0745,2.0785,2.0485,2.062,17022000.0
2025-08-04,2.0635,2.0775,2.033,2.063,13280000.0
2025-08-05,2.0645,2.0875,2.0645,2.079,8631000.0
2025-08-06,2.0735,2.1575,2.045,2.137,32894000.0
2025-08-07,2.1295,2.17,2.1,2.141,39348000.0
2025-08-08,2.1575,2.2165,2.1325,2.2145,37107000.0
2025-08-11,2.2185,2.2405,2.1795,2.198,47265000.0
2025-08-12,2.2065,2.2125,2.18,2.207,11028000.0
2025-08-13,2.2135,2.2445,2.1915,2.211,28031000.0
2025-08-14,2.2135,2.271,2.195,2.265,32539000.0
2025-08-15,2.2645,2.266,2.2315,2.2465,15162000.0
2025-08-16,2.245,2.245,2.212,2.2155,2356000.0
2025-08-17,2.2165,2.235,2.2165,2.2205,614000.0
2025-08-18,2.222,2.2825,2.2155,2.263,14552000.0
2025-08-19,2.27,2.296,2.262,2.2815,21476000.0
2025-08-20,2.282,2.2925,2.2265,2.235,13384000.0
2025-08-21,2.2405,2.2405,2.1625,2.165,13041000.0
2025-08-22,2.1775,2.252,2.1605,2.2365,22243000.0
2025-08-23,2.2355,2.248,2.2325,2.2385,1436000.0
2025-08-24,2.238,2.248,2.2335,2.2395,631000.0
2025-08-25,2.2255,2.248,2.1715,2.2085,13186000.0
2025-08-26,2.2205,2.2285,2.2005,2.213,6134000.0
2025-08-27,2.212,2.28,2.211,2.2735,10296000.0
2025-08-28,2.276,2.2795,2.2135,2.2435,9548000.0
2025-08-29,2.2485,2.26,2.1845,2.214,10412000.0
2025-08-30,2.21,2.223,2.1885,2.198,1791000.0
2025-08-31,2.189,2.205,2.189,2.2,513000.0
2025-09-01,2.2,2.2275,2.198,2.2135,6338000.0
2025-09-02,2.2195,2.232,2.165,2.1775,9209000.0
2025-09-03,2.178,2.1995,2.1645,2.1995,6045000.0
2025-09-04,2.1855,2.25,2.1855,2.237,16003000.0
2025-09-05,2.243,2.263,2.2405,2.2505,7886000.0
2025-09-06,2.2455,2.2615,2.2455,2.259,788000.0
2025-09-07,2.259,2.26,2.2445,2.2495,839000.0
2025-09-08,2.239,2.295,2.208,2.2685,16874000.0
2025-09-09,2.2675,2.278,2.24,2.252,8993000.0
2025-09-10,2.254,2.2545,2.2205,2.2315,7436000.0
2025-09-11,2.2315,2.275,2.217,2.253,8864000.0
2025-09-12,2.2555,2.2655,2.14,2.163,26882000.0
2025-09-13,2.164,2.164,2.1405,2.155,1464000.0
2025-09-14,2.149,2.1635,2.1455,2.1615,1416000.0
2025-09-15,2.1615,2.169,2.1005,2.1285,39484000.0
2025-09-16,2.137,2.152,2.105,2.128,11624000.0
2025-09-17,2.1365,2.139,2.108,2.122,10741000.0
2025-09-18,2.119,2.1235,2.06,2.0695,31225000.0
2025-09-19,2.069,2.0805,2.05,2.054,12106000.0
2025-09-22,2.0535,2.059,2.011,2.04,17717000.0
2025-09-23,2.0455,2.0735,1.99,2.01,16230000.0
2025-09-24,2.017,2.036,1.963,2.03,31708000.0
2025-09-25,2.03,2.044,2.003,2.0145,9892000.0
2025-09-26,2.02,2.037,1.99,2.0295,11243000.0
2025-09-27,2.0275,2.0375,2.0265,2.0335,704000.0
2025-09-28,2.036,2.036,2.031,2.0355,328000.0
2025-09-29,2.036,2.066,1.99,2.0025,20019000.0
2025-09-30,2.012,2.028,1.975,2.0125,14128000.0
2025-10-01,2.017,2.032,1.992,2.0165,10132000.0
2025-10-02,2.021,2.044,2.003,2.0335,20039000.0
2025-10-03,2.0335,2.0415,2.0145,2.032,9192000.0
2025-10-04,2.0145,2.0265,1.984,2.001,3101000.0
2025-10-05,2.001,2.0195,1.9855,2.0195,1993000.0
2025-10-06,2.026,2.0735,2.022,2.0685,17865000.0
2025-10-07,2.0735,2.0785,2.018,2.041,27875000.0
2025-10-08,2.041,2.05,1.9405,1.97,41706000.0
2025-10-09,1.97,1.985,1.9105,1.98,32474000.0
2025-10-10,1.9555,1.981,1.911,1.928,30363000.0
2025-10-11,1.9185,1.9335,1.9115,1.9225,2836000.0
2025-10-12,1.9285,1.946,1.9255,1.9325,1245000.0
2025-10-13,1.9345,1.9425,1.85,1.889,36687000.0
2025-10-14,1.897,1.9,1.832,1.8485,15757000.0
2025-10-15,1.856,1.893,1.8305,1.865,20589000.0
2025-10-16,1.8645,1.9545,1.864,1.95,27309000.0
2025-10-17,1.95,1.982,1.9315,1.971,24610000.0
2025-10-18,1.999,2.02,1.981,2.0145,8369000.0
2025-10-19,2.019,2.0235,1.994,2.0065,1856000.0
2025-10-20,2.008,2.0235,1.975,2.0105,10342000.0
2025-10-21,2.0145,2.0715,1.953,2.0,31412000.0
2025-10-22,1.9995,2.039,1.9975,2.032,25566000.0
2025-10-23,2.0,2.012,1.961,1.978,14731000.0
2025-10-24,1.979,2.028,1.92,1.929,19906000.0
2025-10-27,1.942,1.946,1.8855,1.899,11204472.0
2025-10-28,1.9145,1.9285,1.8755,1.912,8194000.0
2025-10-29,1.912,1.926,1.873,1.8855,23038000.0
2025-10-30,1.887,1.892,1.865,1.886,23033000.0
2025-10-31,1.8815,1.8965,1.8505,1.8605,11378000.0
2025-11-01,1.8635,1.873,1.85,1.862,5929000.0
2025-11-03,1.865,1.8895,1.865,1.884,9842000.0
2025-11-05,1.8795,1.891,1.8555,1.873,14267000.0
2025-11-06,1.877,1.882,1.8545,1.8715,8624000.0
2025-11-07,1.8695,1.888,1.86,1.888,13694000.0
2025-11-08,1.891,1.8935,1.8825,1.888,1263000.0
2025-11-09,1.884,1.8925,1.8805,1.892,2635000.0
2025-11-10,1.8885,1.9035,1.8715,1.8785,13246000.0
2025-11-11,1.8845,1.8925,1.877,1.8865,6337000.0
2025-11-12,1.89,1.89,1.87,1.8795,10880000.0
2025-11-13,1.879,1.884,1.8625,1.8715,9534000.0
2025-11-14,1.8785,1.8795,1.857,1.869,7463000.0
2025-11-15,1.8695,1.88,1.8675,1.8695,4189000.0
2025-11-16,1.8775,1.8775,1.8635,1.868,1025000.0
2025-11-17,1.868,1.871,1.844,1.849,13158000.0
2025-11-18,1.851,1.92,1.849,1.909,24516000.0
2025-11-19,1.9055,2.02,1.9,1.9895,33368000.0
2025-11-20,1.9895,2.0095,1.9555,2.0025,17661000.0
2025-11-21,2.009,2.0195,1.95,1.9775,14283000.0
2025-11-24,1.9705,1.9985,1.9325,1.9515,14199000.0
2025-11-25,1.9475,1.971,1.925,1.9625,14516000.0
2025-11-26,1.963,1.969,1.9405,1.953,4023000.0
2025-11-27,1.948,1.954,1.916,1.9225,7789000.0
2025-11-28,1.918,1.9645,1.918,1.962,8824000.0
2025-11-29,1.962,1.9665,1.9595,1.961,408000.0
2025-11-30,1.96,1.97,1.96,1.97,477000.0
2025-12-01,1.967,1.98,1.95,1.957,10363000.0
2025-12-02,1.9615,1.965,1.9295,1.9415,7509000.0
2025-12-03,1.931,1.931,1.9,1.926,15469000.0
2025-12-04,1.932,1.9545,1.9275,1.94,8207000.0
2025-12-05,1.935,2.01,1.935,2.0055,21628000.0
2025-12-08,2.0,2.026,1.9705,1.975,12661000.0
2025-12-09,1.971,2.02,1.971,2.0105,8011000.0
2025-12-10,2.012,2.0465,2.0065,2.036,11422000.0
2025-12-11,2.036,2.0595,2.015,2.047,13112000.0
2025-12-12,2.0475,2.0605,1.9885,1.9885,14049000.0
2025-12-13,2.025,2.0295,1.981,1.994,1163000.0
2025-12-14,1.9935,1.994,1.98,1.986,850000.0
2025-12-15,1.994,2.029,1.9895,2.0265,13707000.0
2025-12-16,2.014,2.0655,2.012,2.064,12178000.0
2025-12-17,2.064,2.0875,2.011,2.035,22376000.0
2025-12-18,2.0385,2.0945,2.0215,2.07,39700000.0
2025-12-19,2.07,2.197,2.07,2.17,68597000.0
2025-12-20,2.17,2.219,2.17,2.207,17221000.0
2025-12-21,2.2145,2.24,2.2145,2.2375,21846000.0
2025-12-22,2.2425,2.258,2.172,2.1875,60099000.0
2025-12-23,2.188,2.22,2.134,2.143,37882000.0
2025-12-24,2.14,2.1485,2.09,2.1295,31766000.0
2025-12-25,2.123,2.1385,2.0705,2.0885,31555000.0
2025-12-26,2.0885,2.11,2.0665,2.1085,22423000.0
2025-12-27,2.112,2.1325,2.07,2.1025,10234000.0
2025-12-28,2.105,2.1175,2.092,2.1125,3250000.0
2025-12-29,2.1115,2.131,2.0755,2.09,23891000.0
2025-12-30,2.101,2.12,2.0725,2.085,16497000.0
2026-01-05,2.0855,2.18,2.0705,2.1595,39992000.0
2026-01-06,2.1645,2.17,2.1415,2.164,20967000.0
2026-01-08,2.148,2.2,2.148,2.1855,22895000.0
2026-01-09,2.1915,2.1985,2.164,2.187,10513000.0
2026-01-12,2.185,2.2325,2.1845,2.225,28231000.0
2026-01-13,2.214,2.2325,2.1565,2.1845,43108000.0
2026-01-14,2.1875,2.233,2.1875,2.197,31753000.0
2026-01-15,2.1995,2.3815,2.188,2.378,209145000.0
2026-01-16,2.3815,2.473,2.381,2.452,269460000.0
2026-01-17,2.464,2.476,2.45,2.472,25288000.0
2026-01-18,2.473,2.484,2.464,2.4785,19253000.0
2026-01-19,2.4775,2.508,2.425,2.474,109611000.0
2026-01-20,2.475,2.488,2.444,2.466,47593000.0
2026-01-21,2.4605,2.484,2.4555,2.472,36612000.0
2026-01-22,2.4765,2.578,2.47,2.568,95060000.0
2026-01-23,2.569,2.6435,2.568,2.6,110480000.0
2026-01-24,2.605,2.6245,2.592,2.608,13370000.0
2026-01-25,2.6095,2.643,2.6025,2.643,15528000.0
2026-01-26,2.643,2.698,2.62,2.649,124921000.0
2026-01-27,2.6595,2.6605,2.6215,2.6465,55631000.0
2026-01-28,2.647,2.6585,2.63,2.638,44173000.0
2026-01-29,2.636,2.6495,2.54,2.581,117641000.0
2026-01-30,2.593,2.61,2.564,2.587,42005000.0
2026-01-31,2.5945,2.6,2.5865,2.5945,4971000.0
2026-02-01,2.6,2.6085,2.599,2.6035,9097000.0
2026-02-02,2.6105,2.64,2.591,2.6195,69383000.0
2026-02-03,2.6265,2.634,2.596,2.608,39339000.0
2026-02-04,2.612,2.6195,2.5645,2.578,34170000.0
2026-02-05,2.57,2.604,2.566,2.596,37211000.0
2026-02-06,2.598,2.6095,2.555,2.573,40213000.0
2026-02-07,2.5725,2.59,2.5615,2.5745,6623000.0
2026-02-08,2.5805,2.5825,2.5665,2.578,4281000.0
2026-02-09,2.578,2.59,2.563,2.575,26858000.0
2026-02-10,2.5785,2.58,2.488,2.53,78010000.0
2026-02-11,2.535,2.5435,2.46,2.476,90114000.0
2026-02-12,2.4835,2.497,2.4705,2.482,42189000.0
2026-02-13,2.4895,2.5095,2.4765,2.49,51479000.0
2026-02-16,2.5655,2.626,2.5095,2.5685,175123000.0
2026-02-17,2.569,2.5995,2.559,2.577,44492000.0
2026-02-18,2.5725,2.5755,2.5035,2.5305,101703000.0
2026-02-19,2.525,2.5475,2.42,2.4625,147510000.0
2026-02-20,2.473,2.5135,2.258,2.274,689354000.0
2026-02-21,2.2705,2.2705,2.227,2.247,103475000.0
2026-02-22,2.247,2.247,2.232,2.2415,31717000.0
2026-02-23,2.2415,2.2465,2.23,2.232,26243000.0
2026-02-24,2.241,2.287,2.2225,2.284,167095000.0
2026-02-25,2.2775,2.2895,2.26,2.278,41603000.0
2026-02-26,2.2775,2.298,2.265,2.274,47496000.0
2026-02-27,2.28,2.29,2.2615,2.271,29140000.0
2026-02-28,2.2715,2.2715,2.25,2.2515,16167000.0
2026-03-01,2.25,2.2545,2.234,2.2475,7368000.0
2026-03-02,2.24,2.243,2.2085,2.2185,51115000.0
2026-03-03,2.212,2.2715,2.175,2.221,73462000.0
2026-03-04,2.22,2.264,2.218,2.2625,48928000.0
2026-03-05,2.263,2.268,2.2365,2.267,16597000.0
2026-03-06,2.2675,2.27,2.255,2.264,16233000.0
2026-03-09,2.265,2.273,2.235,2.2695,28470000.0
2026-03-10,2.2735,2.291,2.2375,2.2435,55037000.0
2026-03-11,2.2435,2.257,2.19,2.2125,43151000.0
2026-03-12,2.2125,2.247,2.2115,2.229,21076000.0
2026-03-13,2.2405,2.2735,2.2295,2.246,24178000.0
2026-03-14,2.247,2.2485,2.236,2.246,786000.0
2026-03-15,2.2465,2.2465,2.2335,2.2385,1623000.0
2026-03-16,2.237,2.266,2.21,2.23,19203000.0
2026-03-17,2.2235,2.237,2.2,2.2085,36931000.0
2026-03-18,2.2085,2.2215,2.165,2.174,26457000.0
2026-03-19,2.1715,2.1925,2.143,2.147,44288000.0
2026-03-20,2.152,2.186,2.139,2.1635,35598000.0
2026-03-23,2.1505,2.1505,2.105,2.1125,23200000.0
2026-03-24,2.1125,2.117,2.082,2.086,12351000.0
2026-03-25,2.0855,2.092,2.0805,2.0915,8229000.0
2026-03-26,2.0885,2.1295,2.0815,2.098,17612000.0
2026-03-27,2.0995,2.111,2.03,2.057,31257000.0
2026-03-28,2.0455,2.058,2.0405,2.055,1340000.0
2026-03-29,2.057,2.057,2.0415,2.0535,850000.0
2026-03-30,2.0465,2.06,2.036,2.0475,8979000.0
2026-03-31,2.047,2.081,2.04,2.0535,11615000.0
2026-04-01,2.0595,2.073,2.053,2.066,9054000.0
2026-04-02,2.066,2.069,2.04,2.044,7188000.0
2026-04-03,2.0455,2.059,2.0395,2.043,5457000.0
2026-04-04,2.046,2.051,2.039,2.045,1311000.0
2026-04-05,2.05,2.05,2.0415,2.0465,779000.0
2026-04-06,2.05,2.05,2.0175,2.0355,11715000.0
2026-04-07,2.037,2.038,2.0045,2.0045,10614000.0
2026-04-08,2.0155,2.03,2.001,2.011,12537000.0
2026-04-09,2.007,2.02,1.967,1.984,25107000.0
2026-04-10,1.987,1.989,1.935,1.9405,24576000.0
2026-04-11,1.942,1.9665,1.9375,1.9605,3612000.0
2026-04-12,1.96,1.979,1.9545,1.9735,2582000.0
2026-04-13,1.9805,1.9815,1.91,1.93,28673000.0
2026-04-14,1.921,1.966,1.904,1.921,21249000.0
2026-04-15,1.9265,1.9365,1.9,1.9285,31932000.0
2026-04-16,1.928,1.931,1.905,1.912,25724000.0
2026-04-17,1.9085,1.919,1.902,1.9065,10924000.0
2026-04-18,1.913,1.9175,1.907,1.9145,1904000.0
2026-04-19,1.9195,1.9195,1.9115,1.9165,2338000.0
2026-04-20,1.9195,1.9275,1.89,1.907,28583000.0
2026-04-21,1.9115,1.9115,1.8835,1.9015,26019000.0
2026-04-22,1.908,1.939,1.8995,1.924,41648000.0
2026-04-23,1.9215,2.0005,1.9205,1.999,51552000.0
2026-04-24,1.995,2.009,1.952,1.965,26420000.0
2026-04-25,1.97,2.0105,1.966,1.997,9918000.0
2026-04-26,1.9875,2.007,1.9875,1.9915,4169000.0
2026-04-27,1.9915,1.996,1.94,1.957,33958000.0
2026-04-28,1.9595,1.9595,1.9005,1.901,29867000.0
2026-04-29,1.914,1.948,1.8815,1.945,49496000.0
2026-04-30,1.934,1.9595,1.9185,1.9355,30056000.0
2026-05-01,1.951,1.951,1.93,1.9365,2246000.0
2026-05-02,1.947,1.98,1.947,1.9735,6598000.0
2026-05-03,1.97,1.9765,1.951,1.955,1728000.0
2026-05-04,1.961,1.9915,1.9015,1.9495,28958000.0
2026-05-05,1.9495,1.956,1.9055,1.9385,17542000.0
2026-05-06,1.9375,1.958,1.9165,1.9255,12249000.0
2026-05-07,1.9295,1.9295,1.894,1.911,24516000.0
2026-05-08,1.925,1.928,1.8875,1.924,31819000.0
2026-05-11,1.931,1.9545,1.906,1.938,10177000.0
2026-05-12,1.937,1.947,1.906,1.94,28147000.0
2026-05-13,1.9395,1.9525,1.9285,1.94,10591000.0
2026-05-14,1.9495,1.9515,1.91,1.9125,11288000.0
2026-05-15,1.915,1.9405,1.8935,1.9065,16138000.0
2026-05-16,1.9155,1.925,1.9065,1.923,1378000.0
2026-05-17,1.926,1.926,1.9085,1.9155,1082000.0
2026-05-18,1.918,1.918,1.86,1.879,38562000.0
2026-05-19,1.8795,1.9065,1.867,1.875,16231000.0
2026-05-20,1.871,1.9085,1.8675,1.8715,11954000.0
2026-05-21,1.8705,1.8985,1.852,1.88,18515000.0
2026-05-22,1.8855,1.9,1.852,1.87,16411000.0
2026-05-23,1.8685,1.88,1.865,1.87,2769000.0
2026-05-24,1.8655,1.874,1.865,1.869,547000.0
2026-05-25,1.8715,1.8945,1.827,1.841,25470000.0
