Date,Open,High,Low,Close,Volume
2007-11-06,176.7,176.7,176.7,176.7,202.0
2007-11-07,174.23,174.23,174.23,174.23,211.0
2007-11-08,179.75999,179.75999,174.5,174.5,3.0
2007-11-09,172.0,172.0,172.0,172.0,97.0
2007-11-12,195.97,206.09,178.94,179.0,1554.0
2007-11-13,198.0,198.0,175.0,178.64999,281.0
2007-11-14,198.5,198.5,165.0,171.0,2289.0
2007-11-15,165.92999,195.99001,164.5,189.99001,518.0
2007-11-16,164.64,164.64,164.0,164.0,125.0
2007-11-19,160.7,160.7,160.0,160.7,77.0
2007-11-20,183.91,183.91,154.94,154.94,106.0
2007-11-22,154.89999,154.89999,145.94,150.0,115.0
2007-11-23,135.0,148.0,135.0,148.0,930.0
2007-11-26,135.3,148.0,135.3,145.5,118.0
2007-11-27,144.44,144.44,144.44,144.44,50.0
2007-11-28,145.10001,145.10001,145.10001,145.10001,1.0
2007-11-29,145.0,145.0,145.0,145.0,98.0
2007-11-30,149.0,149.0,149.0,149.0,75.0
2007-12-04,150.0,151.0,145.0,150.0,4002.0
2007-12-05,146.02,151.0,146.02,151.0,1510.0
2007-12-06,154.0,158.0,154.0,158.0,5516.0
2007-12-07,157.0,157.0,154.0,154.0,1600.0
2007-12-10,162.2,162.2,162.19,162.2,552.0
2007-12-12,172.0,172.0,172.0,172.0,1.0
2007-12-13,159.94,165.0,159.94,165.0,26.0
2007-12-14,165.0,165.0,161.0,161.0,25.0
2007-12-17,160.0,166.0,160.0,166.0,1531.0
2007-12-18,165.0,167.45,162.0,167.45,3451.0
2007-12-19,170.99,170.99,166.0,166.0,2.0
2007-12-20,170.0,170.0,170.0,170.0,1.0
2007-12-21,169.0,169.0,169.0,169.0,500.0
2007-12-24,171.0,172.0,171.0,172.0,657.0
2007-12-25,174.0,176.0,173.0,175.99,575.0
2007-12-26,173.0,177.0,173.0,173.0,104.0
2007-12-27,173.05,178.72,173.0,174.0,637.0
2007-12-28,178.0,178.38,178.0,178.38,1200.0
2008-01-09,177.03,177.03,177.03,177.03,33.0
2008-01-11,183.0,199.0,178.0,193.5,655.0
2008-01-14,183.34,193.0,181.0,187.0,1276.0
2008-01-15,192.49,192.49,188.99,188.99,11.0
2008-01-16,188.0,188.0,185.0,188.0,85.0
2008-01-17,187.99,187.99,176.5,183.75,206.0
2008-01-18,182.0,197.0,181.51,194.95,489.0
2008-01-21,177.5,186.55,177.26,186.55,389.0
2008-01-22,163.5,192.99,163.5,192.99,800.0
2008-01-23,171.1,186.0,170.0,170.0,1884.0
2008-01-24,187.0,187.0,130.0,170.0,1824.0
2008-01-25,170.0,170.0,168.01,170.0,982.0
2008-01-28,168.11,168.11,161.0,168.11,125.0
2008-01-29,164.0,164.0,161.0,164.0,264.0
2008-01-30,167.28,167.28,159.0,159.0,36.0
2008-01-31,159.0,163.0,157.0,162.0,705.0
2008-02-01,162.0,162.0,159.0,161.74,59.0
2008-02-04,170.0,170.0,160.0,164.36,288.0
2008-02-05,167.25,167.25,167.0,167.25,23.0
2008-02-06,170.0,170.0,160.0,167.52,1024.0
2008-02-07,166.73,167.0,160.01,160.01,12356.0
2008-02-08,168.0,169.0,167.0,167.0,14285.0
2008-02-11,167.0,175.0,167.0,168.0,4433.0
2008-02-12,170.0,175.0,167.02,174.5,109.0
2008-02-13,175.5,175.5,175.5,175.5,15.0
2008-02-14,170.0,188.0,170.0,175.0,614.0
2008-02-15,175.5,178.38,170.01,170.01,16.0
2008-02-18,177.0,180.0,170.01,174.5,845.0
2008-02-19,173.98,175.0,173.98,174.75,1527.0
2008-02-20,172.0,180.0,172.0,176.05,11213.0
2008-02-21,175.01,177.0,175.01,177.0,71.0
2008-02-22,175.0,176.0,175.0,176.0,1394.0
2008-02-26,178.47,178.47,175.5,177.0,260.0
2008-02-27,177.0,179.31,177.0,179.31,1865.0
2008-02-28,177.0,180.0,172.39,180.0,706.0
2008-02-29,180.0,180.6,172.0,172.02,2433.0
2008-03-03,175.0,178.0,136.02,175.0,3814.0
2008-03-04,176.0,179.99,175.0,179.99,217.0
2008-03-05,185.0,188.0,183.0,188.0,2973.0
2008-03-06,193.0,194.25,193.0,194.25,116.0
2008-03-07,195.0,195.0,185.71,188.0,403.0
2008-03-11,190.0,195.65,187.0,195.65,158.0
2008-03-12,187.0,187.5,187.0,187.5,1465.0
2008-03-13,187.0,189.68,185.0,189.0,137.0
2008-03-14,189.0,193.0,189.0,192.0,34934.0
2008-03-17,192.0,192.0,187.01,187.01,1065.0
2008-03-18,188.0,188.0,183.3,185.35,536.0
2008-03-19,184.0,184.0,184.0,184.0,500.0
2008-03-20,184.0,184.0,180.0,180.0,1025.0
2008-03-21,182.0,190.0,182.0,190.0,39.0
2008-03-24,175.0,188.0,175.0,188.0,1185.0
2008-03-25,184.0,187.0,184.0,187.0,201.0
2008-03-26,183.0,184.05,183.0,184.0,1722.0
2008-03-27,185.0,185.0,176.71,180.0,901.0
2008-03-28,180.0,180.0,177.0,177.0,236.0
2008-03-31,175.0,175.0,173.0,175.0,605.0
2008-04-01,165.1,179.0,165.1,178.5,21.0
2008-04-02,178.0,178.0,177.99,178.0,280.0
2008-04-03,177.01,179.0,177.01,179.0,23.0
2008-04-04,178.0,178.0,178.0,178.0,1.0
2008-04-07,178.99,178.99,177.1,178.0,45.0
2008-04-08,176.0,176.0,176.0,176.0,2.0
2008-04-09,177.0,177.0,177.0,177.0,100.0
2008-04-11,179.0,179.0,168.5,170.0,49.0
2008-04-14,170.0,172.0,170.0,172.0,20.0
2008-04-15,173.0,173.0,172.8,173.0,4338.0
2008-04-16,170.24,170.24,160.0,162.0,2015.0
2008-04-17,162.02,164.9,160.0,164.9,530.0
2008-04-18,164.5,164.5,164.0,164.5,114.0
2008-04-21,166.0,166.0,163.0,166.0,107.0
2008-04-22,165.0,165.0,160.01,164.5,152.0
2008-04-23,161.03,169.0,161.02,168.0,1060.0
2008-04-24,169.73,176.0,169.21,176.0,11540.0
2008-04-25,175.0,179.0,174.85,178.0,120.0
2008-04-28,176.0,179.0,176.0,178.0,1089.0
2008-04-29,179.0,186.0,179.0,184.0,2222.0
2008-04-30,189.5,189.99,179.22,183.84,273.0
2008-05-04,181.01,182.5,160.01,182.5,4499.0
2008-05-05,182.0,183.04,182.0,183.04,2518.0
2008-05-06,182.0,182.5,176.0,181.5,8104.0
2008-05-07,181.98,182.0,181.0,182.0,2505.0
2008-05-08,182.5,187.0,182.0,186.5,8240.0
2008-05-12,184.01,190.0,184.0,190.0,666.0
2008-05-13,184.51,190.0,184.5,185.6,6672.0
2008-05-14,186.0,199.98,180.0,199.89,5490.0
2008-05-15,195.0,201.0,194.0,199.99,596.0
2008-05-16,201.21,225.0,201.21,211.05,7497.0
2008-05-19,216.0,216.0,202.03,208.5,1536.0
2008-05-20,203.15,205.0,201.55,205.0,4654.0
2008-05-21,202.0,210.0,200.0,201.0,723.0
2008-05-22,199.0,202.99,198.0,202.99,672.0
2008-05-23,199.0,214.0,199.0,200.01,1134.0
2008-05-26,215.0,215.0,189.0,200.0,3830.0
2008-05-27,203.0,203.0,197.0,200.0,3217.0
2008-05-28,212.0,212.0,187.91,200.99,1033.0
2008-05-29,203.75,203.86,202.65,203.0,762.0
2008-05-30,210.49,210.49,200.66,203.0,242.0
2008-06-02,202.0,205.0,198.0,203.0,6785.0
2008-06-03,203.0,210.0,202.0,206.5,289.0
2008-06-04,210.0,210.0,203.01,205.51,1872.0
2008-06-05,205.01,209.99,202.5,203.0,720.0
2008-06-06,209.98,209.99,201.0,206.0,791.0
2008-06-07,198.51,206.85,198.51,206.85,9.0
2008-06-09,205.0,210.0,200.01,204.84,3201.0
2008-06-10,202.75,203.5,200.0,200.0,4895.0
2008-06-11,205.74,212.1,205.74,207.0,5111.0
2008-06-16,209.99,227.5,207.4,208.75,6541.0
2008-06-17,207.01,210.0,207.0,209.0,1060.0
2008-06-18,207.51,208.5,207.5,208.5,135.0
2008-06-19,207.51,207.51,202.53,207.0,13.0
2008-06-20,206.99,207.0,200.01,203.0,1105.0
2008-06-23,203.0,206.0,202.15,206.0,557.0
2008-06-24,203.02,203.5,200.0,200.0,9945.0
2008-06-25,200.0,201.0,200.0,200.0,2173.0
2008-06-26,198.01,199.98,195.0,198.0,664.0
2008-06-27,199.99,202.0,195.02,195.02,3657.0
2008-06-30,196.0,196.0,193.05,194.99,134.0
2008-07-01,192.99,192.99,192.99,192.99,1.0
2008-07-02,188.5,188.5,187.5,187.5,515.0
2008-07-03,185.0,187.0,182.0,183.0,51.0
2008-07-04,183.0,183.0,182.0,182.0,433.0
2008-07-07,165.0,190.0,165.0,186.5,3624.0
2008-07-08,181.22,187.89,181.22,187.89,4.0
2008-07-09,182.81,184.5,182.75,184.0,1346.0
2008-07-10,186.99,187.0,186.94,187.0,1028.0
2008-07-11,188.0,188.0,182.0,182.0,4527.0
2008-07-14,183.5,183.5,183.5,183.5,4.0
2008-07-15,183.0,183.0,183.0,183.0,37.0
2008-07-16,181.0,194.62,165.0,179.0,1021.0
2008-07-17,180.0,180.0,179.0,179.0,1003.0
2008-07-18,180.0,180.0,180.0,180.0,1.0
2008-07-21,181.99,181.99,177.0,177.0,171.0
2008-07-22,177.0,177.0,171.6,171.6,1408.0
2008-07-23,171.6,171.6,170.7,171.59,509.0
2008-07-24,172.19,172.19,172.19,172.19,2.0
2008-07-25,169.0,169.0,161.15,163.0,1519.0
2008-07-29,161.01,161.92,150.99,160.0,813.0
2008-07-30,180.0,212.99,150.15,160.0,18.0
2008-07-31,165.0,165.0,163.0,163.0,76.0
2008-08-01,150.15,161.0,150.15,160.0,1500.0
2008-08-04,165.01,165.01,146.04,149.0,1101.0
2008-08-05,146.06,146.06,137.01,142.0,374.0
2008-08-06,143.0,143.0,140.2,143.0,755.0
2008-08-07,143.0,143.0,138.5,138.5,395.0
2008-08-08,140.19,143.0,140.18,140.18,22.0
2008-08-11,140.18,141.5,140.0,140.0,1256.0
2008-08-12,141.01,150.0,141.0,150.0,982.0
2008-08-13,144.01,168.37,144.0,146.99,3169.0
2008-08-14,151.0,151.0,145.01,145.01,2193.0
2008-08-15,150.5,151.0,150.5,150.99,195.0
2008-08-18,146.01,150.0,146.0,150.0,348.0
2008-08-19,146.01,146.01,142.0,146.0,362.0
2008-08-20,146.5,146.5,146.5,146.5,6.0
2008-08-21,142.03,143.0,140.4,143.0,1108.0
2008-08-22,142.01,143.99,142.0,143.99,402.0
2008-08-25,143.7,143.7,141.0,141.0,1060.0
2008-08-26,142.0,142.0,141.0,141.0,548.0
2008-08-27,141.0,142.0,141.0,142.0,34.0
2008-08-28,141.45,141.45,139.0,141.45,547.0
2008-08-29,140.0,140.0,138.0,138.0,35.0
2008-09-01,136.27,136.27,131.05,134.9,683.0
2008-09-02,128.01,130.0,121.01,128.99,3468.0
2008-09-03,128.99,128.99,125.0,128.99,95.0
2008-09-04,125.06,136.0,125.05,129.0,222.0
2008-09-05,127.88,127.99,125.1,126.07,653.0
2008-09-08,129.0,129.0,129.0,129.0,5.0
2008-09-09,130.0,130.0,130.0,130.0,1.0
2008-09-10,130.0,130.0,100.05,123.0,14.0
2008-09-11,125.0,125.0,103.0,103.0,7886.0
2008-09-12,106.0,107.0,104.99,105.0,130.0
2008-09-15,101.03,102.0,90.5,102.0,10344.0
2008-09-16,102.0,102.0,80.0,80.0,1176.0
2008-09-17,95.0,95.0,85.0,88.0,210.0
2008-09-19,85.6,85.6,77.8,80.0,8636.0
2008-09-22,88.0,88.0,80.0,83.0,10378.0
2008-09-23,83.01,86.1,79.99,82.0,3052.0
2008-09-24,85.0,85.0,80.68,80.68,113.0
2008-09-25,83.0,83.01,79.99,80.0,16639.0
2008-09-26,81.0,81.0,78.91,78.92,131.0
2008-09-29,89.0,89.0,72.0,72.0,5948.0
2008-09-30,73.01,73.01,56.22,69.0,1772.0
2008-10-01,74.89,74.89,64.41,64.41,126.0
2008-10-02,80.0,80.0,60.02,60.02,21993.0
2008-10-03,69.99,69.99,52.01,52.01,2957.0
2008-10-06,57.0,57.0,51.0,51.0,2888.0
2008-10-07,55.0,55.0,53.0,54.99,1289.0
2008-10-08,69.0,69.0,51.0,51.0,31.0
2008-10-09,59.99,60.0,52.1,52.5,3945.0
2008-10-13,54.01,54.01,48.0,48.0,5005.0
2008-10-14,51.0,51.0,50.0,51.0,3691.0
2008-10-15,50.1,51.0,49.5,49.51,1779.0
2008-10-16,49.0,50.01,46.9,46.9,9210.0
2008-10-17,50.0,50.0,45.0,48.0,12421.0
2008-10-20,45.0,45.0,34.99,35.0,4977.0
2008-10-22,36.0,36.0,24.8,24.8,9601.0
2008-10-24,25.0,25.02,24.0,24.0,35409.0
2008-10-28,24.5,24.5,18.0,18.0,156789.0
2008-10-30,21.0,25.0,20.8,23.77,14723.0
2008-11-01,23.77,31.99,23.77,31.99,14678.0
2008-11-06,29.0,34.0,26.0,28.5,68001.0
2008-11-07,28.0,30.0,25.65,28.49,18098.0
2008-11-10,26.21,30.0,26.21,30.0,355862.0
2008-11-11,29.99,29.99,27.01,28.5,3817.0
2008-11-13,26.3,26.3,23.0,24.0,4423.0
2008-11-14,25.33,33.33,25.33,28.5,57201.0
2008-11-17,27.07,27.4,26.41,27.4,4201.0
2008-11-18,28.1,28.1,23.22,26.99,2915.0
2008-11-19,26.51,27.4,25.0,25.0,760.0
2008-11-20,25.93,25.93,21.9,24.5,16096.0
2008-11-21,25.0,25.0,20.03,23.05,3741.0
2008-11-24,24.2,24.2,22.4,24.0,5113.0
2008-11-25,24.9,24.9,23.89,24.76,1476.0
2008-11-26,24.01,24.8,24.01,24.35,65.0
2008-11-27,24.79,27.9,24.1,24.31,6702.0
2008-11-28,25.53,26.0,24.05,26.0,2630.0
2008-12-01,27.0,27.0,24.71,26.4,1741.0
2008-12-02,24.99,25.4,24.75,25.0,137.0
2008-12-03,25.5,26.0,24.18,26.0,232.0
2008-12-04,23.4,25.9,23.4,25.0,6203.0
2008-12-05,27.0,27.0,23.0,24.0,7888.0
2008-12-08,24.5,25.3,23.81,24.0,11809.0
2008-12-09,24.89,24.89,23.0,24.69,4330.0
2008-12-10,24.4,24.4,24.1,24.1,7890.0
2008-12-11,24.11,25.49,21.0,24.2,8830.0
2008-12-12,24.2,25.09,23.92,24.7,1705.0
2008-12-15,24.9,24.99,24.05,24.99,2941.0
2008-12-16,24.9,28.9,23.0,24.0,13917.0
2008-12-17,24.0,24.31,23.9,24.1,4627.0
2008-12-18,24.0,24.0,23.6,23.65,5447.0
2008-12-19,20.34,24.89,20.34,23.8,1267.0
2008-12-22,24.0,24.7,23.95,24.0,2987.0
2008-12-23,24.5,25.0,23.0,24.99,10443.0
2008-12-24,24.9,27.0,24.1,25.16,6240.0
2008-12-25,25.01,25.5,25.01,25.5,326.0
2008-12-26,25.31,25.99,25.11,25.88,2298.0
2008-12-29,25.75,26.0,24.13,26.0,2279.0
2008-12-30,25.01,26.0,24.75,25.0,2683.0
2008-12-31,25.3,25.5,25.3,25.5,28351.0
2009-01-11,25.9,27.0,25.9,26.4,44343.0
2009-01-12,26.4,28.0,26.4,27.9,33619.0
2009-01-13,27.01,28.5,27.0,28.5,18438.0
2009-01-14,28.79,29.0,28.0,28.71,2378.0
2009-01-15,28.5,28.5,26.5,28.49,152.0
2009-01-16,27.33,28.7,27.32,27.99,243.0
2009-01-19,27.7,30.0,26.75,29.68,6743.0
2009-01-20,28.2,29.99,27.28,29.88,772.0
2009-01-21,27.03,31.35,24.01,28.5,3405.0
2009-01-22,27.05,31.0,27.05,27.51,4845.0
2009-01-23,27.51,27.51,25.0,25.48,10284.0
2009-01-26,25.45,26.0,25.1,25.8,6562.0
2009-01-27,25.5,26.5,25.5,25.8,1602.0
2009-01-28,25.26,26.2,25.26,25.61,1033.0
2009-01-29,26.21,26.39,26.02,26.2,67109.0
2009-01-30,25.22,26.2,25.22,25.3,160.0
2009-02-02,25.11,25.5,25.0,25.4,2177.0
2009-02-03,25.1,25.95,24.96,25.04,141860.0
2009-02-04,25.25,25.25,25.25,25.25,11.0
2009-02-05,25.44,25.44,25.0,25.0,12.0
2009-02-06,25.5,25.51,25.0,25.48,19853.0
2009-02-09,25.77,25.85,25.25,25.85,3430.0
2009-02-10,25.33,25.85,25.28,25.4,12899.0
2009-02-11,25.39,25.44,25.0,25.0,8856.0
2009-02-12,25.0,25.1,24.0,24.7,64891.0
2009-02-13,25.0,26.25,24.77,26.2,20206.0
2009-02-16,25.07,26.25,25.07,25.6,10064.0
2009-02-17,26.0,26.5,25.7,26.0,11114.0
2009-02-18,26.0,26.5,25.6,26.5,7669.0
2009-02-19,26.5,28.0,26.35,27.5,6280.0
2009-02-20,28.0,31.9,26.5,27.3,42023.0
2009-02-24,27.99,27.99,26.99,27.4,14013.0
2009-02-25,27.6,29.0,27.6,28.0,13125.0
2009-02-26,28.0,28.39,27.8,28.0,19801.0
2009-02-27,28.49,28.5,27.85,27.85,24650.0
2009-03-02,28.0,28.0,27.7,27.88,575.0
2009-03-03,28.0,28.1,27.3,27.8,12109.0
2009-03-04,28.0,28.0,27.7,27.83,629.0
2009-03-05,27.53,28.0,26.99,27.5,4799.0
2009-03-06,27.01,28.2,26.99,27.5,7183.0
2009-03-10,27.05,30.26,27.05,28.3,18970.0
2009-03-11,30.0,30.0,27.34,28.5,84104.0
2009-03-12,29.55,29.55,27.99,28.0,11217.0
2009-03-13,28.1,28.1,27.7,27.8,6180.0
2009-03-16,28.49,28.49,27.52,27.52,4428.0
2009-03-17,28.0,28.0,27.5,27.8,1967.0
2009-03-18,28.2,28.2,27.5,27.5,2279.0
2009-03-19,27.89,28.75,27.18,28.5,64076.0
2009-03-20,28.74,28.75,27.99,28.0,74156.0
2009-03-23,28.49,28.8,28.2,28.8,61909.0
2009-03-24,28.8,28.8,28.25,28.25,4118.0
2009-03-25,28.01,28.75,20.0,28.75,4210.0
2009-03-26,28.75,29.0,28.5,28.76,25171.0
2009-03-27,28.76,28.76,28.45,28.76,32556.0
2009-03-30,28.76,29.2,28.45,29.2,60337.0
2009-03-31,29.39,34.01,28.95,31.69,114465.0
2009-04-01,31.8,32.8,30.0,32.45,21154.0
2009-04-02,31.9,32.8,31.0,31.7,9301.0
2009-04-03,31.7,41.28,31.7,41.28,71907.0
2009-04-06,49.0,49.0,37.55,39.5,106779.0
2009-04-07,38.62,44.0,38.01,41.99,35477.0
2009-04-08,40.21,49.0,39.99,49.0,156651.0
2009-04-09,48.0,54.7,48.0,54.54,43142.0
2009-04-10,54.54,65.0,50.0,62.0,87669.0
2009-04-13,59.99,64.9,58.02,58.2,50771.0
2009-04-14,59.0,60.0,55.0,56.94,140805.0
2009-04-15,56.0,56.99,50.5,56.1,35070.0
2009-04-16,56.11,61.33,56.1,58.1,48343.0
2009-04-17,58.5,75.2,58.2,67.5,152420.0
2009-04-20,68.0,68.5,61.0,62.0,84392.0
2009-04-21,63.0,69.17,60.0,61.98,93319.0
2009-04-22,65.0,65.0,61.0,62.0,38086.0
2009-04-23,62.0,62.0,60.21,61.25,12879.0
2009-04-24,61.3,61.3,59.0,60.75,6601.0
2009-04-27,60.75,61.0,59.0,60.25,80584.0
2009-04-28,59.0,59.98,50.66,59.44,14585.0
2009-04-29,59.5,63.0,58.0,60.0,115146.0
2009-04-30,59.0,62.0,58.0,61.0,129320.0
2009-05-04,61.5,66.0,61.0,64.0,188299.0
2009-05-05,64.0,68.49,62.76,67.5,138164.0
2009-05-06,67.03,68.5,66.2,68.48,28504.0
2009-05-07,69.5,80.9,69.5,73.01,148806.0
2009-05-08,76.75,88.98,71.0,76.99,136607.0
2009-05-12,75.0,79.89,71.53,78.9,20618.0
2009-05-13,79.0,84.88,72.04,81.5,485273.0
2009-05-14,79.26,79.99,75.02,79.5,19606.0
2009-05-15,79.01,81.5,77.0,79.0,15467.0
2009-05-18,76.04,79.6,76.0,78.99,4624.0
2009-05-19,79.0,79.5,77.5,78.5,24684.0
2009-05-20,78.48,78.49,74.61,76.89,28223.0
2009-05-21,76.0,76.0,70.01,72.11,20065.0
2009-05-22,73.0,74.97,72.0,72.0,9586.0
2009-05-25,73.9,73.9,72.3,73.89,14544.0
2009-05-26,72.6,73.85,68.0,69.96,21704.0
2009-05-27,70.0,70.98,68.0,69.61,132495.0
2009-05-28,69.97,70.5,68.5,69.0,64196.0
2009-05-29,69.7,69.74,67.5,68.9,321768.0
2009-06-01,69.1,69.75,68.0,69.05,22613.0
2009-06-02,69.0,69.75,68.5,69.5,166154.0
2009-06-03,69.73,70.35,68.6,69.7,70970.0
2009-06-04,69.7,74.45,69.7,72.5,152202.0
2009-06-05,72.5,73.0,71.02,72.4,22132.0
2009-06-08,71.5,72.8,70.51,72.8,13630.0
2009-06-09,71.31,72.0,69.99,71.98,5207.0
2009-06-10,71.8,72.8,69.99,72.4,5096.0
2009-06-11,72.5,74.0,71.0,73.5,23479.0
2009-06-15,74.99,78.95,73.0,78.87,56173.0
2009-06-16,77.44,78.79,77.0,77.48,14670.0
2009-06-17,77.01,77.5,72.01,73.51,37718.0
2009-06-18,76.0,76.0,71.0,72.0,16670.0
2009-06-19,73.0,74.0,71.83,73.0,13394.0
2009-06-22,74.17,74.17,68.0,69.0,8712.0
2009-06-23,66.2,70.5,66.2,67.05,6861.0
2009-06-24,69.97,70.0,67.0,69.0,11775.0
2009-06-25,70.5,72.0,70.0,72.0,191271.0
2009-06-26,71.0,71.25,70.1,70.2,1632.0
2009-06-29,71.0,71.0,69.99,70.99,736.0
2009-06-30,71.0,71.0,69.31,69.31,480.0
2009-07-01,70.0,71.0,69.1,71.0,2548.0
2009-07-02,71.0,71.0,69.01,69.1,2009.0
2009-07-03,68.5,69.98,67.0,68.22,106299.0
2009-07-06,69.0,69.0,66.08,68.99,59797.0
2009-07-07,70.0,70.0,67.25,68.1,2755.0
2009-07-08,69.0,70.0,66.0,66.04,2480.0
2009-07-09,68.05,69.0,67.0,69.0,1094.0
2009-07-10,69.55,69.55,66.1,69.2,3570.0
2009-07-13,67.99,67.99,65.0,67.4,12636.0
2009-07-14,69.0,69.1,66.0,66.0,3092.0
2009-07-15,68.05,68.5,67.3,68.5,61254.0
2009-07-16,69.0,71.75,68.06,68.5,36371.0
2009-07-17,71.24,71.95,68.5,70.0,48326.0
2009-07-20,70.1,71.9,68.1,68.15,27730.0
2009-07-21,69.61,70.5,68.13,68.95,85480.0
2009-07-22,69.5,69.5,67.99,69.3,4145.0
2009-07-23,69.5,70.5,68.15,70.5,94776.0
2009-07-24,69.75,74.0,69.75,72.5,37362.0
2009-07-27,72.5,73.2,71.0,72.0,9306.0
2009-07-28,73.23,73.95,72.03,73.25,14133.0
2009-07-29,74.0,75.37,73.75,75.37,11092.0
2009-07-30,75.74,84.88,75.74,78.11,12137.0
2009-07-31,80.35,97.0,78.0,79.77,4558.0
2009-08-03,79.77,85.0,79.77,84.5,85969.0
2009-08-04,82.52,85.0,79.9,83.0,45649.0
2009-08-05,82.02,84.5,82.0,83.0,7431.0
2009-08-06,83.75,83.75,82.67,83.0,29402.0
2009-08-07,83.75,84.1,83.0,83.99,10290.0
2009-08-10,83.25,85.0,83.25,84.34,16114.0
2009-08-11,85.99,86.49,84.21,85.5,7161.0
2009-08-12,87.0,87.0,85.25,86.1,2099.0
2009-08-13,86.1,86.51,85.5,86.5,10210.0
2009-08-14,86.98,86.98,84.0,86.76,12283.0
2009-08-17,86.8,86.8,84.5,86.5,21952.0
2009-08-18,86.5,86.99,84.5,86.5,22622.0
2009-08-19,86.0,86.1,85.0,86.1,3278.0
2009-08-20,86.0,86.25,85.5,86.25,12985.0
2009-08-21,86.25,87.0,86.14,87.0,592.0
2009-08-24,86.25,91.0,85.5,90.94,33011.0
2009-08-25,87.9,98.9,87.5,96.06,54652.0
2009-08-26,95.49,107.7,93.17,93.49,21767.0
2009-08-27,92.15,94.4,92.0,94.4,37395.0
2009-08-28,95.0,105.0,94.0,94.15,54933.0
2009-08-31,94.0,94.17,93.02,94.17,10146.0
2009-09-01,93.74,98.0,93.74,94.33,13225.0
2009-09-02,94.25,94.9,92.5,94.9,116927.0
2009-09-03,94.12,95.24,94.07,95.1,416.0
2009-09-04,95.0,95.26,94.5,94.99,7145.0
2009-09-07,94.5,95.25,94.5,95.25,3925.0
2009-09-08,95.0,95.25,94.02,94.48,620.0
2009-09-09,91.01,94.5,91.01,92.53,8595.0
2009-09-10,93.99,94.49,91.22,92.0,24852.0
2009-09-11,92.0,95.8,91.12,95.8,10264.0
2009-09-14,96.49,97.99,94.4,97.98,18954.0
2009-09-15,98.5,104.14,98.5,102.7,40071.0
2009-09-16,102.71,104.95,101.16,103.0,27368.0
2009-09-17,104.0,106.0,104.0,105.5,5034.0
2009-09-18,105.5,107.75,101.12,107.5,75685.0
2009-09-21,109.5,110.43,105.6,109.94,4882.0
2009-09-22,110.0,115.0,106.05,114.7,27790.0
2009-09-23,114.0,116.0,113.0,115.5,14501.0
2009-09-24,115.0,116.0,113.12,116.0,2505.0
2009-09-25,121.8,121.8,113.0,117.5,30566.0
2009-09-28,116.0,117.0,115.01,116.99,4908.0
2009-09-29,116.0,142.99,115.5,120.0,26332.0
2009-09-30,119.0,124.0,118.15,122.01,21006.0
2009-10-01,124.0,130.0,122.01,128.65,69231.0
2009-10-02,129.99,130.0,122.52,125.5,19429.0
2009-10-05,125.01,128.99,124.01,124.01,4008.0
2009-10-06,127.65,127.65,125.5,127.44,5389.0
2009-10-07,126.01,130.5,126.01,129.0,32048.0
2009-10-08,130.53,139.4,130.03,134.01,5393.0
2009-10-09,134.01,134.71,129.01,131.58,2685.0
2009-10-12,130.86,131.39,125.24,129.93,6812.0
2009-10-13,128.51,129.99,125.05,125.5,7580.0
2009-10-14,125.11,129.24,125.11,125.21,6978.0
2009-10-15,128.5,130.0,125.5,127.49,4758.0
2009-10-16,127.0,127.99,123.0,125.0,3610.0
2009-10-19,123.02,127.5,122.5,126.25,4993.0
2009-10-20,126.0,127.5,123.0,125.0,23763.0
2009-10-21,125.99,126.0,124.0,125.6,4554.0
2009-10-22,125.0,126.0,121.02,122.24,35306.0
2009-10-23,122.12,124.0,121.33,121.33,8005.0
2009-10-26,122.0,122.0,121.11,121.5,5657.0
2009-10-27,121.49,121.5,118.5,121.0,3335.0
2009-10-28,121.0,121.0,101.66,105.0,24585.0
2009-10-29,107.0,118.99,106.0,114.97,1796.0
2009-10-30,118.99,118.99,110.05,113.99,1939.0
2009-11-02,107.19,113.0,107.19,111.5,4335.0
2009-11-03,111.49,111.5,108.8,108.81,7710.0
2009-11-05,111.99,111.99,105.04,109.09,5980.0
2009-11-06,110.99,111.0,105.56,108.95,4151.0
2009-11-09,109.89,109.9,105.65,108.12,7128.0
2009-11-10,108.99,109.0,105.77,106.0,14147.0
2009-11-11,106.0,107.13,105.01,107.13,32694.0
2009-11-12,108.99,114.93,105.23,112.0,69252.0
2009-11-13,112.9,112.9,110.0,111.84,2017.0
2009-11-16,111.0,111.0,106.55,110.73,7550.0
2009-11-17,110.0,111.0,109.0,110.7,2717.0
2009-11-18,111.0,113.0,108.67,110.0,12991.0
2009-11-19,111.96,114.55,107.13,107.5,132504.0
2009-11-20,109.99,110.0,107.09,107.5,6329.0
2009-11-23,109.0,109.0,106.97,106.97,3066.0
2009-11-24,107.0,107.0,105.79,106.99,438.0
2009-11-25,107.0,107.0,103.61,103.61,4281.0
2009-11-26,104.0,107.0,100.0,101.0,16841.0
2009-11-27,100.0,104.0,95.57,101.0,31287.0
2009-11-30,101.0,103.99,100.25,101.99,50144.0
2009-12-01,101.91,107.9,101.91,107.0,19867.0
2009-12-02,107.0,108.0,103.43,106.23,2244.0
2009-12-03,107.85,116.85,107.85,116.0,40178.0
2009-12-04,113.23,114.99,113.02,114.01,2890.0
2009-12-07,113.8,118.94,113.8,117.17,11747.0
2009-12-08,115.53,124.0,115.53,123.4,61650.0
2009-12-09,123.91,126.0,119.8,121.0,12319.0
2009-12-10,122.45,122.45,118.0,120.9,60042.0
2009-12-11,119.02,121.2,119.0,121.0,33101.0
2009-12-14,121.24,121.98,119.8,121.67,3967.0
2009-12-15,122.0,122.0,120.4,121.0,684.0
2009-12-16,122.0,122.0,120.5,121.45,9225.0
2009-12-17,121.5,122.89,119.99,122.5,25346.0
2009-12-18,122.5,122.5,121.01,122.49,2141.0
2009-12-21,122.0,122.77,119.0,121.0,4918.0
2009-12-22,122.05,122.05,119.56,121.1,34832.0
2009-12-23,121.28,122.0,120.51,122.0,8478.0
2009-12-24,121.0,122.8,118.99,119.0,20741.0
2009-12-25,122.0,122.0,115.15,119.89,22857.0
2009-12-28,120.2,121.4,117.94,118.99,396.0
2009-12-29,120.2,120.2,116.8,118.76,2544.0
2009-12-30,119.0,119.0,102.0,116.57,2457.0
2009-12-31,115.51,117.59,110.0,116.99,2973.0
2010-01-11,117.0,120.0,116.0,118.03,2900.0
2010-01-12,117.83,118.9,117.7,117.71,1879.0
2010-01-13,116.66,118.0,116.0,117.1,2472.0
2010-01-14,118.89,131.0,118.1,128.26,30054.0
2010-01-15,126.99,133.8,126.99,132.2,9131.0
2010-01-18,126.33,136.4,126.33,134.7,5866.0
2010-01-19,130.75,141.9,130.27,141.0,12965.0
2010-01-20,137.73,180.01,137.73,165.01,29161.0
2010-01-21,171.98,171.98,159.5,162.88,17323.0
2010-01-22,159.0,159.5,150.64,157.55,19259.0
2010-01-25,151.0,160.9,150.76,153.2,8191.0
2010-01-26,150.85,155.15,149.36,149.36,4672.0
2010-01-27,149.36,152.36,149.36,152.36,10020.0
2010-01-28,150.86,153.0,150.86,153.0,13504.0
2010-01-29,150.86,152.5,148.0,150.85,2218.0
2010-02-01,150.85,152.77,147.91,152.0,44615.0
2010-02-02,151.0,155.0,148.5,152.75,49898.0
2010-02-03,152.0,163.0,152.0,158.0,115130.0
2010-02-04,157.0,157.0,151.0,152.49,3292.0
2010-02-05,150.0,151.99,144.62,151.09,39225.0
2010-02-08,148.22,152.0,148.0,149.3,24047.0
2010-02-09,148.2,155.8,148.2,150.8,21233.0
2010-02-10,151.99,152.0,150.0,150.0,977.0
2010-02-11,150.01,152.42,149.13,152.42,4491.0
2010-02-12,153.0,153.0,147.0,152.99,51592.0
2010-02-15,150.85,153.25,146.5,152.51,8424.0
2010-02-16,151.56,165.0,151.56,161.95,23486.0
2010-02-17,162.0,188.8,158.55,168.95,26059.0
2010-02-18,168.9,169.0,162.09,162.09,11873.0
2010-02-19,161.71,168.75,161.71,166.5,5908.0
2010-02-24,167.38,167.52,166.0,166.0,2077.0
2010-02-25,166.78,167.0,165.0,165.0,15034.0
2010-02-26,173.01,213.0,158.01,159.02,561117.0
2010-02-27,159.02,163.5,153.63,159.02,73049.0
2010-03-01,162.0,162.0,155.5,156.15,104620.0
2010-03-02,157.9,158.88,155.0,155.8,25405.0
2010-03-03,156.89,156.89,153.2,154.03,11828.0
2010-03-04,153.68,155.96,141.2,151.49,48320.0
2010-03-05,152.42,152.95,151.39,152.5,19885.0
2010-03-09,151.9,153.0,151.0,151.51,10636.0
2010-03-10,151.3,153.99,149.97,150.99,18715.0
2010-03-11,150.38,156.0,148.91,154.0,66812.0
2010-03-12,154.89,158.0,151.5,155.5,62646.0
2010-03-15,155.5,156.25,153.0,153.51,12993.0
2010-03-16,153.46,157.5,153.46,156.0,31324.0
2010-03-17,156.01,157.35,155.02,157.0,29149.0
2010-03-18,157.5,160.0,156.5,158.02,41163.0
2010-03-19,160.0,160.0,151.3,157.95,8495.0
2010-03-22,157.96,157.96,155.5,156.99,41265.0
2010-03-23,157.63,157.63,154.14,156.97,7880.0
2010-03-24,157.5,157.95,155.16,156.99,21335.0
2010-03-25,158.0,160.0,157.49,158.99,28599.0
2010-03-26,159.0,159.0,156.51,158.0,10462.0
2010-03-29,157.05,159.3,151.3,158.5,34844.0
2010-03-30,158.5,159.3,157.55,158.0,5746.0
2010-03-31,158.0,159.0,158.0,158.75,11176.0
2010-04-01,158.5,159.4,158.0,159.0,10129.0
2010-04-02,159.4,164.79,159.0,162.5,30293.0
2010-04-05,162.5,163.4,160.01,162.0,2067.0
2010-04-06,162.5,167.45,160.0,166.7,39953.0
2010-04-07,167.0,188.0,167.0,179.0,197629.0
2010-04-08,178.86,178.86,167.0,173.2,44381.0
2010-04-09,173.0,174.5,172.0,174.49,17391.0
2010-04-12,174.0,174.24,165.0,171.99,22688.0
2010-04-13,170.17,175.2,170.04,175.05,37189.0
2010-04-14,176.85,179.5,171.0,178.97,18510.0
2010-04-15,176.0,183.49,175.6,183.49,72632.0
2010-04-16,180.0,181.8,177.0,177.72,14954.0
2010-04-19,175.8,177.5,170.1,171.2,38415.0
2010-04-20,176.0,179.0,174.03,177.1,23245.0
2010-04-21,179.0,180.61,174.0,177.0,27449.0
2010-04-22,175.54,176.86,169.52,169.55,16419.0
2010-04-23,170.55,174.0,169.6,174.0,10292.0
2010-04-26,175.0,176.5,173.76,175.2,10448.0
2010-04-27,175.2,175.2,170.77,174.55,5434.0
2010-04-28,173.0,173.0,166.0,168.99,13241.0
2010-04-29,169.0,171.4,168.17,169.49,71932.0
2010-04-30,169.5,171.4,120.01,167.76,33055.0
2010-05-04,168.81,168.81,163.56,165.7,4344.0
2010-05-05,165.0,171.0,164.01,165.01,7666.0
2010-05-06,167.0,167.0,156.55,161.5,7400.0
2010-05-07,156.54,161.49,141.49,156.99,7965.0
2010-05-11,162.47,166.99,149.81,158.0,24947.0
2010-05-12,158.0,168.09,158.0,164.83,42377.0
2010-05-13,165.6,165.61,160.0,163.4,13887.0
2010-05-14,160.0,164.32,155.01,158.0,11458.0
2010-05-17,155.0,162.0,153.5,159.0,5024.0
2010-05-18,162.49,162.49,157.77,158.0,27416.0
2010-05-19,156.71,158.9,150.55,155.0,13566.0
2010-05-20,155.48,157.0,150.55,155.0,2699.0
2010-05-21,151.01,154.0,132.0,154.0,25253.0
2010-05-24,151.0,159.0,151.0,158.38,13818.0
2010-05-25,156.0,159.0,146.95,151.5,43920.0
2010-05-26,151.94,156.05,151.71,153.0,80748.0
2010-05-27,153.0,153.0,149.64,152.0,7574.0
2010-05-28,151.99,152.01,142.0,147.5,12496.0
2010-05-31,148.0,148.0,145.05,147.9,10401.0
2010-06-01,148.0,148.55,146.0,148.0,6813.0
2010-06-02,148.0,151.99,148.0,151.24,50709.0
2010-06-03,151.0,154.94,149.6,154.49,28752.0
2010-06-04,155.0,162.01,151.1,152.0,38797.0
2010-06-07,151.32,157.35,144.05,156.79,5172.0
2010-06-08,157.36,157.36,151.26,155.0,67063.0
2010-06-09,154.4,154.4,147.81,150.14,3202.0
2010-06-10,152.97,154.16,150.19,151.0,10746.0
2010-06-11,152.97,153.49,150.0,152.99,13762.0
2010-06-15,153.0,159.0,152.0,156.0,125483.0
2010-06-16,155.75,163.0,155.22,162.96,48152.0
2010-06-17,163.0,169.78,160.2,167.25,31315.0
2010-06-18,168.25,170.27,166.95,170.0,16551.0
2010-06-21,170.0,174.99,170.0,172.92,10968.0
2010-06-22,173.4,177.5,173.01,177.5,43888.0
2010-06-23,179.0,181.27,174.05,181.27,65032.0
2010-06-24,177.0,187.0,177.0,187.0,40241.0
2010-06-25,187.7,190.4,186.2,190.0,30793.0
2010-06-28,190.48,195.0,188.0,194.63,37327.0
2010-06-29,192.0,192.11,190.5,190.5,12493.0
2010-06-30,191.99,196.0,184.99,188.96,29728.0
2010-07-01,185.01,189.0,184.99,185.0,60240.0
2010-07-02,186.01,188.99,184.99,187.5,14417.0
2010-07-05,185.0,189.93,184.0,185.0,66333.0
2010-07-06,187.53,192.47,185.0,190.0,15429.0
2010-07-07,187.99,189.49,185.2,187.46,2743.0
2010-07-08,185.99,189.81,185.04,187.54,2879.0
2010-07-09,185.0,187.0,181.02,185.0,4208.0
2010-07-12,184.99,185.0,181.5,182.45,1360.0
2010-07-13,182.44,182.45,176.05,181.97,3868.0
2010-07-14,182.86,191.94,182.74,187.85,23117.0
2010-07-15,188.13,193.0,187.46,189.01,7170.0
2010-07-16,193.01,194.75,183.99,194.1,31643.0
2010-07-19,195.0,199.0,188.2,191.5,20745.0
2010-07-20,191.5,197.0,188.76,197.0,92643.0
2010-07-21,196.0,200.0,193.0,195.0,30195.0
2010-07-22,195.01,199.8,192.99,197.99,58842.0
2010-07-23,197.99,204.0,196.01,199.5,199453.0
2010-07-26,199.5,204.4,199.5,203.0,14851.0
2010-07-27,202.0,203.5,193.53,193.53,18849.0
2010-07-28,195.0,201.31,195.0,197.22,6718.0
2010-07-29,199.51,200.0,196.04,200.0,1584.0
2010-07-30,198.88,201.0,196.26,201.0,6993.0
2010-08-02,201.0,201.0,196.84,197.8,14199.0
2010-08-03,198.0,198.0,193.07,193.07,3367.0
2010-08-04,194.48,194.49,191.84,193.3,5008.0
2010-08-05,194.98,194.98,189.17,192.5,6109.0
2010-08-06,192.53,194.5,192.5,192.5,1669.0
2010-08-09,192.5,195.39,192.5,194.0,307.0
2010-08-10,191.01,191.73,185.3,187.99,12609.0
2010-08-11,185.51,187.0,182.03,186.0,11046.0
2010-08-12,187.63,194.0,186.11,190.0,3146.0
2010-08-13,191.73,193.0,188.92,192.99,6560.0
2010-08-16,190.02,193.0,185.94,189.81,3582.0
2010-08-17,189.32,193.0,189.0,190.82,4241.0
2010-08-18,189.86,195.0,189.86,192.65,11218.0
2010-08-19,191.74,195.0,190.8,194.62,3147.0
2010-08-20,191.74,195.01,190.02,193.65,7772.0
2010-08-23,192.23,195.0,192.22,192.57,2827.0
2010-08-24,191.74,198.0,191.11,192.14,5031.0
2010-08-25,190.0,192.6,185.24,192.59,6391.0
2010-08-26,192.6,195.1,190.08,192.4,1533.0
2010-08-27,190.02,192.48,189.84,192.2,11840.0
2010-08-30,186.23,194.97,186.23,194.17,1052.0
2010-08-31,191.74,196.99,187.97,196.0,4998.0
2010-09-01,197.55,199.5,188.9,192.33,7077.0
2010-09-02,189.98,193.95,189.21,191.2,11347.0
2010-09-03,189.85,194.79,188.0,189.0,14162.0
2010-09-06,189.01,191.0,187.75,188.98,12814.0
2010-09-07,189.85,203.55,189.13,200.55,128151.0
2010-09-08,200.72,205.0,200.0,202.0,36852.0
2010-09-09,205.0,215.33,199.99,201.0,380913.0
2010-09-10,203.66,204.0,197.06,201.0,12984.0
2010-09-13,201.65,202.0,199.65,201.0,5945.0
2010-09-14,201.65,203.66,197.25,199.0,33696.0
2010-09-15,200.0,201.0,197.74,198.51,5588.0
2010-09-16,198.03,201.5,197.2,201.5,20908.0
2010-09-17,200.99,204.0,198.52,201.0,5507.0
2010-09-20,201.66,202.95,198.51,201.45,5081.0
2010-09-21,201.66,202.99,199.01,199.49,59803.0
2010-09-22,200.0,200.0,198.5,198.79,31778.0
2010-09-23,198.01,200.45,196.49,200.0,20852.0
2010-09-24,198.8,199.92,195.72,199.92,11448.0
2010-09-27,199.0,199.0,196.0,196.5,13877.0
2010-09-28,197.0,197.0,191.0,194.93,10903.0
2010-09-29,194.49,197.13,190.34,194.0,2575.0
2010-09-30,194.0,198.0,194.0,195.9,5709.0
2010-10-01,196.0,196.0,192.48,194.38,19406.0
2010-10-04,195.44,195.93,189.22,190.0,31039.0
2010-10-05,190.35,190.35,186.35,187.0,17651.0
2010-10-06,187.79,190.9,186.34,190.04,36482.0
2010-10-07,190.74,203.0,190.74,199.85,204248.0
2010-10-08,199.74,207.0,196.5,197.71,116703.0
2010-10-11,198.94,207.0,196.59,206.0,180556.0
2010-10-12,205.8,206.73,200.17,202.5,89171.0
2010-10-13,203.78,206.2,203.01,205.52,32463.0
2010-10-14,205.9,205.99,197.0,204.6,12447.0
2010-10-15,205.38,212.14,204.63,211.0,50667.0
2010-10-18,210.99,215.0,207.63,214.0,35576.0
2010-10-19,214.0,215.0,210.79,213.0,22932.0
2010-10-20,214.69,220.0,208.01,218.76,61753.0
2010-10-21,219.99,222.04,219.0,220.0,85430.0
2010-10-22,219.75,220.0,213.25,218.68,76498.0
2010-10-25,219.0,220.0,214.63,219.97,16848.0
2010-10-26,219.5,223.99,217.65,222.0,347582.0
2010-10-27,223.99,232.2,219.0,231.0,73612.0
2010-10-28,234.0,239.31,228.52,238.05,63108.0
2010-10-29,238.04,239.0,235.03,237.47,17163.0
2010-11-01,238.6,240.0,223.55,236.0,12831.0
2010-11-02,240.0,240.0,233.5,237.01,8677.0
2010-11-03,234.91,239.99,232.06,234.3,7891.0
2010-11-08,238.0,238.44,230.42,232.96,26541.0
2010-11-09,232.51,236.66,225.1,233.56,9702.0
2010-11-10,230.68,232.96,224.13,225.0,57333.0
2010-11-11,226.01,230.0,226.0,227.5,55265.0
2010-11-12,226.99,227.01,221.15,222.0,16013.0
2010-11-13,224.93,227.0,220.32,225.96,4422.0
2010-11-15,223.49,227.0,222.0,222.8,24550.0
2010-11-16,224.99,227.98,223.01,227.0,38448.0
2010-11-17,226.9,286.69,222.03,229.16,55534.0
2010-11-18,230.0,240.0,228.51,236.0,72709.0
2010-11-19,235.0,246.29,233.1,246.28,75495.0
2010-11-22,248.72,252.0,244.0,247.5,29871.0
2010-11-23,247.2,249.0,240.45,247.3,16777.0
2010-11-24,246.0,251.99,244.39,250.02,84274.0
2010-11-25,248.76,257.99,246.71,255.0,52862.0
2010-11-26,256.3,264.71,252.0,258.0,20897.0
2010-11-29,261.48,263.6,251.9,254.0,88014.0
2010-11-30,254.01,258.89,252.17,257.68,10821.0
2010-12-01,258.9,260.99,254.48,258.89,77180.0
2010-12-02,261.5,267.5,258.01,267.0,71749.0
2010-12-03,262.24,267.3,262.24,267.24,28910.0
2010-12-06,267.13,269.99,261.98,268.49,9742.0
2010-12-07,268.5,273.85,268.5,271.05,24758.0
2010-12-08,271.0,293.9,271.0,279.99,99292.0
2010-12-09,286.69,286.69,278.62,278.62,34459.0
2010-12-10,281.92,283.0,277.2,281.5,21826.0
2010-12-13,284.86,284.9,277.0,278.9,44658.0
2010-12-14,278.01,280.0,272.0,276.75,28347.0
2010-12-15,276.74,277.0,272.42,275.5,25534.0
2010-12-16,273.0,273.0,198.97,271.99,115858.0
2010-12-17,270.77,274.0,266.01,270.0,35421.0
2010-12-20,268.74,270.0,264.5,267.99,120661.0
2010-12-21,267.62,268.0,266.2,267.0,12541.0
2010-12-22,267.99,270.76,267.0,268.0,324333.0
2010-12-23,268.75,269.0,267.5,268.14,26911.0
2010-12-24,267.5,269.0,260.43,267.5,76349.0
2010-12-27,267.5,267.5,263.13,263.5,26214.0
2010-12-28,263.5,266.0,262.01,264.5,74782.0
2010-12-29,264.25,271.0,254.99,267.49,183129.0
2010-12-30,267.5,268.5,261.52,266.75,168177.0
2011-01-11,266.75,268.75,266.75,267.99,36955.0
2011-01-12,266.75,267.0,263.4,265.5,198603.0
2011-01-13,265.0,265.42,262.0,262.4,207637.0
2011-01-14,262.5,262.5,260.0,261.75,15001.0
2011-01-17,262.0,263.0,260.0,261.75,40519.0
2011-01-18,261.25,262.5,256.11,260.0,194826.0
2011-01-19,261.44,269.89,260.15,268.0,48391.0
2011-01-20,268.47,284.0,264.8,277.16,199320.0
2011-01-21,279.9,286.0,273.91,284.47,156569.0
2011-01-24,284.0,285.88,267.36,277.0,74430.0
2011-01-25,276.99,277.0,273.64,273.83,12878.0
2011-01-26,273.06,277.0,270.0,275.0,204090.0
2011-01-27,275.45,278.98,268.0,276.0,113960.0
2011-01-28,275.0,278.9,274.0,274.5,106187.0
2011-01-31,274.49,274.49,270.01,274.0,29856.0
2011-02-01,274.5,274.5,270.0,272.48,11272.0
2011-02-02,272.4,272.4,270.08,271.99,15141.0
2011-02-03,271.95,271.95,267.74,270.49,8078.0
2011-02-04,270.0,271.48,265.45,271.0,16032.0
2011-02-07,271.0,272.99,270.12,271.49,69399.0
2011-02-08,272.48,272.49,268.0,268.62,24881.0
2011-02-09,268.69,272.0,263.03,268.0,74363.0
2011-02-10,266.06,269.0,255.4,259.18,37783.0
2011-02-11,268.0,268.0,261.99,266.5,44483.0
2011-02-14,266.5,269.25,264.17,266.3,50357.0
2011-02-15,263.02,272.0,263.02,269.97,30977.0
2011-02-16,270.0,287.0,269.05,287.0,107906.0
2011-02-17,287.0,299.0,278.0,279.73,147592.0
2011-02-18,283.97,284.0,275.0,282.49,18179.0
2011-02-21,285.5,290.0,278.21,289.98,48191.0
2011-02-22,290.0,290.0,284.0,285.9,22882.0
2011-02-24,283.89,286.0,267.07,281.0,49235.0
2011-02-25,277.0,277.0,272.36,274.0,6629.0
2011-02-28,275.97,275.98,268.54,273.0,194651.0
2011-03-01,273.0,273.0,265.58,269.0,32450.0
2011-03-02,270.0,271.98,264.68,270.74,52270.0
2011-03-03,266.0,266.0,260.8,261.52,72550.0
2011-03-04,262.67,275.0,262.6,266.5,61670.0
2011-03-05,269.83,271.85,267.62,270.0,12810.0
2011-03-09,271.75,274.8,270.27,271.0,8730.0
2011-03-10,270.01,274.0,268.0,268.9,13270.0
2011-03-11,272.0,272.0,266.0,270.99,26330.0
2011-03-14,267.01,271.0,263.99,266.0,58820.0
2011-03-15,263.51,265.0,256.5,263.0,123320.0
2011-03-16,265.0,265.0,248.01,251.55,69650.0
2011-03-17,257.0,261.0,247.0,248.0,23630.0
2011-03-18,250.0,250.0,240.0,244.78,45970.0
2011-03-21,247.74,248.5,241.89,245.0,46160.0
2011-03-22,244.99,245.1,243.0,244.5,52140.0
2011-03-23,244.5,249.0,244.5,248.5,42590.0
2011-03-24,249.0,251.0,247.99,248.99,32170.0
2011-03-25,249.0,266.0,249.0,265.0,176340.0
2011-03-28,266.8,275.05,265.21,272.97,75780.0
2011-03-29,273.0,273.0,266.07,266.6,85820.0
2011-03-30,271.7,275.5,269.33,274.99,40710.0
2011-03-31,275.0,275.5,270.1,272.0,57340.0
2011-04-01,273.99,274.0,269.0,272.47,31970.0
2011-04-04,272.9,274.5,270.05,274.21,90970.0
2011-04-05,274.65,274.65,269.5,270.26,74850.0
2011-04-06,273.0,273.49,268.0,268.99,29320.0
2011-04-07,271.0,277.5,266.2,276.91,127640.0
2011-04-08,276.99,277.5,270.22,271.0,105680.0
2011-04-11,273.4,274.0,265.0,268.0,31840.0
2011-04-12,268.0,268.0,256.0,263.98,48390.0
2011-04-13,264.0,267.96,262.5,263.5,15040.0
2011-04-14,263.0,265.0,257.15,261.99,49260.0
2011-04-15,257.02,265.99,257.0,264.35,48390.0
2011-04-18,261.71,266.55,255.1,259.0,91400.0
2011-04-19,260.0,266.22,255.0,257.0,24400.0
2011-04-20,257.0,260.0,253.99,255.4,46010.0
2011-04-21,255.4,257.0,251.01,254.25,143570.0
2011-04-22,254.25,257.0,254.0,256.75,35310.0
2011-04-25,256.5,257.0,251.05,251.05,24140.0
2011-04-26,255.71,257.5,251.5,256.0,23460.0
2011-04-27,256.0,258.98,253.0,258.45,47220.0
2011-04-28,258.45,269.0,256.56,269.0,57400.0
2011-04-29,269.0,274.0,260.22,264.0,18210.0
2011-05-03,265.99,266.0,259.1,264.98,24080.0
2011-05-04,264.99,265.0,258.74,260.35,56660.0
2011-05-05,263.49,263.49,253.0,255.25,78720.0
2011-05-06,255.0,256.25,253.0,256.25,52020.0
2011-05-10,255.99,255.99,251.0,253.75,54090.0
2011-05-11,253.75,257.0,252.92,253.49,46030.0
2011-05-12,253.13,256.49,253.13,256.49,21560.0
2011-05-13,254.99,256.99,254.0,254.94,8670.0
2011-05-16,254.98,255.15,252.04,254.99,3030.0
2011-05-17,255.0,255.75,252.5,253.0,13460.0
2011-05-18,254.88,255.0,252.5,255.0,4900.0
2011-05-19,254.99,255.0,249.89,253.5,6060.0
2011-05-20,253.15,255.0,251.0,251.3,12260.0
2011-05-23,254.99,255.25,251.0,251.5,13770.0
2011-05-24,253.99,255.0,251.16,254.99,13230.0
2011-05-25,254.99,255.0,253.02,255.0,3960.0
2011-05-26,255.25,255.75,250.51,255.0,118970.0
2011-05-27,255.0,255.75,254.51,255.5,6970.0
2011-05-30,255.5,259.0,252.5,255.3,99750.0
2011-05-31,255.49,258.5,253.7,256.0,35780.0
2011-06-01,257.25,257.25,253.0,254.0,28920.0
2011-06-02,254.0,254.0,250.49,251.0,18730.0
2011-06-03,250.99,251.0,246.44,250.75,18990.0
2011-06-06,250.0,251.5,247.5,249.99,9380.0
2011-06-07,249.99,250.49,245.5,250.0,7360.0
2011-06-08,250.0,250.0,245.05,247.03,13000.0
2011-06-09,249.49,249.5,246.75,249.5,7970.0
2011-06-10,249.5,250.25,248.55,250.0,16010.0
2011-06-14,250.0,251.5,249.0,251.0,30270.0
2011-06-15,251.25,257.5,250.25,256.49,65060.0
2011-06-16,255.5,257.0,253.62,256.5,131160.0
2011-06-17,256.49,257.0,255.5,256.75,161520.0
2011-06-20,253.08,256.74,253.08,254.75,25280.0
2011-06-21,254.75,255.0,250.5,253.43,38200.0
2011-06-22,251.02,254.74,250.68,254.74,11620.0
2011-06-23,254.5,255.25,252.2,253.21,26500.0
2011-06-24,253.25,253.25,250.51,252.0,20270.0
2011-06-27,251.24,256.25,249.0,255.5,83660.0
2011-06-28,255.5,259.99,255.0,256.0,24030.0
2011-06-29,256.2,256.2,251.5,251.55,14430.0
2011-06-30,252.0,252.9,247.91,250.0,53530.0
2011-07-01,249.8,250.56,248.0,250.56,27020.0
2011-07-04,250.5,254.99,249.51,252.97,10170.0
2011-07-05,253.99,259.0,250.2,258.28,12170.0
2011-07-06,252.0,255.97,251.53,254.87,4060.0
2011-07-07,254.69,274.99,253.61,270.0,89810.0
2011-07-08,269.99,275.01,269.5,270.41,104120.0
2011-07-11,270.29,282.0,255.04,269.95,79830.0
2011-07-12,269.99,273.9,265.0,266.99,52610.0
2011-07-13,270.24,275.0,268.0,273.7,54680.0
2011-07-14,273.5,276.99,267.86,275.0,32090.0
2011-07-15,275.0,280.0,270.0,279.0,101320.0
2011-07-18,280.5,281.49,278.0,278.75,76680.0
2011-07-19,279.0,280.5,269.88,274.0,101960.0
2011-07-20,276.01,281.45,276.0,277.21,168730.0
2011-07-21,280.4,281.1,276.16,277.08,37710.0
2011-07-22,276.13,280.0,275.01,275.54,44210.0
2011-07-25,276.21,277.9,275.0,276.85,48290.0
2011-07-26,276.11,277.0,272.0,274.45,37490.0
2011-07-27,273.64,276.01,272.0,273.03,13900.0
2011-07-28,273.1,276.0,273.1,273.17,2770.0
2011-07-29,273.11,273.11,266.0,267.98,57610.0
2011-08-01,268.0,268.0,265.0,267.97,75760.0
2011-08-02,266.1,268.0,263.0,263.0,74540.0
2011-08-03,264.1,264.1,254.75,256.66,66420.0
2011-08-04,256.0,258.99,254.03,254.03,63710.0
2011-08-05,253.2,253.45,220.01,239.21,62380.0
2011-08-08,230.0,234.89,203.02,207.0,71500.0
2011-08-09,206.95,236.0,165.62,216.88,199390.0
2011-08-10,226.0,233.0,204.56,217.79,121660.0
2011-08-11,226.0,229.0,195.14,213.76,68930.0
2011-08-12,204.09,220.6,203.0,207.0,225050.0
2011-08-15,216.04,224.89,215.11,221.93,12950.0
2011-08-16,221.0,221.0,212.0,217.8,20570.0
2011-08-17,221.0,223.5,215.1,217.0,24340.0
2011-08-18,217.0,222.2,210.7,214.97,18860.0
2011-08-19,215.0,220.0,198.0,204.7,26580.0
2011-08-22,202.0,204.74,200.0,203.5,28300.0
2011-08-23,205.17,219.89,198.2,203.7,105040.0
2011-08-24,203.99,204.0,199.2,201.83,16090.0
2011-08-25,201.9,202.0,194.02,194.02,25490.0
2011-08-26,198.99,208.9,190.0,194.0,28740.0
2011-08-29,204.78,210.1,195.85,209.9,41060.0
2011-08-30,211.51,218.85,205.39,212.95,102490.0
2011-08-31,209.34,222.8,209.34,219.0,52820.0
2011-09-01,219.0,220.0,215.0,218.99,61270.0
2011-09-02,218.97,219.97,215.1,218.7,50760.0
2011-09-05,218.6,222.79,217.99,222.21,29000.0
2011-09-06,222.8,230.9,217.86,225.98,29750.0
2011-09-07,226.0,231.0,225.88,230.0,16840.0
2011-09-08,234.87,250.0,233.0,238.9,37860.0
2011-09-09,235.1,240.0,232.7,240.0,96830.0
2011-09-12,238.06,239.89,225.9,233.0,83000.0
2011-09-13,233.0,237.0,225.51,230.0,96660.0
2011-09-14,230.0,233.7,227.9,231.74,37960.0
2011-09-15,231.75,233.0,230.0,232.0,31600.0
2011-09-16,233.0,235.0,228.03,232.11,101390.0
2011-09-19,232.99,235.0,229.04,230.49,15970.0
2011-09-20,232.59,232.59,228.25,231.49,19890.0
2011-09-21,231.7,232.7,228.3,229.29,8180.0
2011-09-22,228.31,228.31,179.0,218.97,119090.0
2011-09-23,222.0,225.0,189.0,208.0,110610.0
2011-09-26,205.0,207.99,191.5,199.75,138690.0
2011-09-27,212.9,224.0,196.0,202.25,210190.0
2011-09-28,201.92,201.92,194.2,199.9,31680.0
2011-09-29,199.16,205.0,195.51,204.0,35780.0
2011-09-30,206.0,218.0,195.01,214.0,53310.0
2011-10-03,204.04,205.97,195.16,199.7,28970.0
2011-10-04,202.24,206.0,179.01,190.99,43200.0
2011-10-05,181.44,199.6,181.44,188.0,37650.0
2011-10-06,193.0,199.0,185.54,192.89,87370.0
2011-10-07,196.49,196.49,189.05,193.43,56410.0
2011-10-10,194.6,196.0,189.0,190.02,55240.0
2011-10-11,190.45,191.51,184.9,190.99,75290.0
2011-10-12,190.0,191.7,186.57,187.0,33320.0
2011-10-13,189.8,189.8,180.69,185.4,27540.0
2011-10-14,186.7,198.4,181.19,193.0,57280.0
2011-10-17,195.1,198.76,191.04,197.0,28590.0
2011-10-18,196.0,196.9,194.01,195.5,25160.0
2011-10-19,195.5,198.9,192.68,197.0,32450.0
2011-10-20,196.8,208.0,194.27,203.92,30270.0
2011-10-21,207.8,214.95,203.59,213.97,21070.0
2011-10-24,217.48,219.99,212.9,218.5,37890.0
2011-10-25,218.99,219.95,211.24,214.75,42250.0
2011-10-26,214.75,217.0,210.7,214.1,34000.0
2011-10-27,218.98,228.5,216.71,225.0,50660.0
2011-10-28,229.99,229.99,220.0,224.99,5490.0
2011-10-31,224.96,228.0,214.04,226.0,15970.0
2011-11-01,217.69,224.36,216.1,218.99,10260.0
2011-11-02,223.0,227.49,214.17,223.0,5400.0
2011-11-03,223.85,223.85,215.41,221.0,15410.0
2011-11-07,222.0,228.0,222.0,224.6,22960.0
2011-11-08,224.59,225.0,219.75,223.0,8800.0
2011-11-09,216.0,225.0,205.12,211.75,39200.0
2011-11-10,208.89,223.0,206.73,209.01,28700.0
2011-11-11,216.9,216.9,206.67,209.89,19760.0
2011-11-14,216.99,219.43,212.01,215.5,24350.0
2011-11-15,214.35,219.4,208.8,219.4,22570.0
2011-11-16,219.0,221.5,214.47,220.0,9910.0
2011-11-17,219.89,221.0,216.12,217.99,19270.0
2011-11-18,217.7,217.77,214.0,216.93,4530.0
2011-11-21,210.02,216.26,195.0,204.63,28700.0
2011-11-22,207.62,213.0,195.0,208.79,39630.0
2011-11-23,209.0,210.0,205.04,209.99,34530.0
2011-11-24,212.98,212.98,204.5,210.5,8080.0
2011-11-25,207.45,207.45,196.3,204.99,23990.0
2011-11-28,209.99,212.99,206.0,210.0,17640.0
2011-11-29,210.0,210.0,204.0,208.25,25410.0
2011-11-30,209.0,214.0,204.68,209.95,36720.0
2011-12-01,210.1,215.75,210.0,212.42,92230.0
2011-12-02,213.25,213.25,210.0,212.6,26020.0
2011-12-05,212.74,212.74,205.0,206.8,79430.0
2011-12-06,206.99,206.99,194.02,197.29,85950.0
2011-12-07,198.9,207.98,197.35,203.43,40810.0
2011-12-08,206.47,210.35,203.91,209.31,44810.0
2011-12-09,209.0,209.0,200.01,206.14,13610.0
2011-12-12,210.5,210.5,200.83,202.05,7970.0
2011-12-13,202.0,203.82,197.0,200.0,19390.0
2011-12-14,196.61,202.0,192.02,193.95,43130.0
2011-12-15,190.05,194.99,186.31,194.9,83860.0
2011-12-16,194.0,199.4,190.0,196.7,107970.0
2011-12-19,197.0,197.0,192.0,194.0,7700.0
2011-12-20,196.0,196.0,191.74,194.0,3130.0
2011-12-21,196.0,196.0,191.7,191.7,25050.0
2011-12-22,194.92,195.0,186.0,187.19,47920.0
2011-12-23,187.19,191.99,181.99,185.03,140860.0
2011-12-26,187.0,188.0,185.65,186.49,12720.0
2011-12-27,187.99,188.0,182.51,185.55,28390.0
2011-12-28,184.75,188.0,181.98,185.0,71990.0
2011-12-29,184.0,185.0,180.0,181.99,70200.0
2011-12-30,181.25,182.0,178.89,181.39,14420.0
2012-01-03,182.0,183.99,181.0,183.99,24310.0
2012-01-04,183.0,183.7,182.0,183.0,4100.0
2012-01-05,182.99,186.0,181.21,184.0,19540.0
2012-01-06,183.99,186.49,182.78,184.0,10460.0
2012-01-09,182.02,185.0,181.0,184.29,3220.0
2012-01-10,184.96,193.99,183.52,193.99,54210.0
2012-01-11,191.0,193.75,187.53,193.5,29970.0
2012-01-12,194.0,196.98,191.0,194.24,31370.0
2012-01-13,193.5,196.0,191.17,192.5,26680.0
2012-01-16,192.49,195.99,191.62,194.25,31900.0
2012-01-17,195.0,200.0,193.11,200.0,73470.0
2012-01-18,200.01,209.09,195.1,206.7,74930.0
2012-01-19,209.1,209.8,206.8,208.99,40690.0
2012-01-20,210.0,213.7,195.0,207.5,52980.0
2012-01-23,207.87,208.99,204.5,208.99,16720.0
2012-01-24,208.0,212.0,204.57,209.5,24870.0
2012-01-25,209.49,213.69,207.64,209.75,14450.0
2012-01-26,207.0,211.99,206.99,209.89,24550.0
2012-01-27,209.0,211.75,200.21,211.56,28690.0
2012-01-30,212.01,212.01,195.5,211.33,16650.0
2012-01-31,214.99,219.39,212.98,218.48,132500.0
2012-02-01,215.0,227.75,215.0,226.88,115550.0
2012-02-02,227.79,228.0,221.1,224.49,31730.0
2012-02-03,224.78,228.37,218.99,224.0,57150.0
2012-02-06,228.0,228.0,218.81,224.99,19380.0
2012-02-07,224.0,229.5,224.0,229.5,102580.0
2012-02-08,233.34,237.0,229.99,235.24,101100.0
2012-02-09,237.83,240.0,235.77,239.59,70310.0
2012-02-10,240.74,240.74,230.1,233.99,27700.0
2012-02-13,232.58,234.89,228.0,231.0,40140.0
2012-02-14,236.95,236.95,225.5,225.5,54790.0
2012-02-15,226.99,230.1,225.5,229.0,96660.0
2012-02-16,229.0,239.14,225.5,226.5,39670.0
2012-02-17,230.78,230.78,226.54,228.0,30540.0
2012-02-20,228.0,232.43,227.32,232.37,58190.0
2012-02-21,233.0,234.3,231.1,232.99,42940.0
2012-02-22,239.6,239.6,223.06,233.0,80270.0
2012-02-24,230.88,245.0,230.88,245.0,55990.0
2012-02-27,245.0,252.0,220.0,248.8,104310.0
2012-02-28,249.0,250.0,242.53,248.0,43430.0
2012-02-29,251.5,253.0,246.14,252.0,101840.0
2012-03-01,254.0,254.8,245.0,248.5,57940.0
2012-03-02,254.95,254.99,245.0,247.5,8660.0
2012-03-05,252.99,253.89,245.0,247.44,6340.0
2012-03-06,252.0,252.0,231.45,238.0,17650.0
2012-03-07,233.61,247.45,233.54,245.51,67020.0
2012-03-11,249.98,252.37,243.14,245.99,17850.0
2012-03-12,248.0,248.0,244.03,247.14,81800.0
2012-03-13,247.99,254.0,236.51,251.49,110710.0
2012-03-14,244.91,264.0,244.11,263.5,120640.0
2012-03-15,264.0,264.84,261.87,263.5,68870.0
2012-03-16,268.0,268.0,253.09,256.0,53630.0
2012-03-19,257.98,257.98,250.0,257.29,41530.0
2012-03-20,257.0,265.0,252.0,255.35,47980.0
2012-03-21,255.5,256.5,251.01,256.0,27190.0
2012-03-22,249.01,256.0,249.01,252.4,13090.0
2012-03-23,252.4,255.0,246.34,255.0,101890.0
2012-03-26,257.99,257.99,255.0,257.0,14960.0
2012-03-27,257.0,257.0,252.5,253.0,9280.0
2012-03-28,254.0,254.0,245.25,248.0,52880.0
2012-03-29,253.99,254.0,235.14,241.0,86460.0
2012-03-30,239.99,251.0,238.01,250.0,42580.0
2012-04-02,251.0,256.5,249.0,251.78,33380.0
2012-04-03,254.89,254.89,244.5,247.0,93680.0
2012-04-04,253.0,253.0,237.99,241.99,43250.0
2012-04-05,246.5,253.0,240.0,248.2,147520.0
2012-04-06,249.99,249.99,247.48,248.4,44860.0
2012-04-09,249.9,251.49,242.0,249.98,14760.0
2012-04-10,249.99,249.99,243.01,244.68,79000.0
2012-04-11,244.68,245.67,237.5,241.5,110250.0
2012-04-12,245.66,245.66,241.0,244.2,58430.0
2012-04-13,242.01,246.95,240.52,243.47,7480.0
2012-04-16,247.9,247.9,243.71,247.35,19720.0
2012-04-17,247.94,254.29,246.25,250.0,93260.0
2012-04-18,251.9,255.0,250.0,255.0,75310.0
2012-04-19,257.39,260.01,253.99,255.0,40700.0
2012-04-20,255.99,255.99,251.13,255.0,37950.0
2012-04-23,256.0,256.97,247.8,247.8,12070.0
2012-04-24,251.95,254.99,237.01,249.89,21570.0
2012-04-25,249.99,249.99,243.13,248.6,39850.0
2012-04-26,246.96,248.3,243.01,247.96,27020.0
2012-04-27,247.99,265.5,247.6,260.04,74400.0
2012-04-28,263.7,276.6,258.7,264.29,11830.0
2012-05-02,276.49,282.99,255.53,263.0,62000.0
2012-05-03,260.0,269.0,251.82,259.79,30830.0
2012-05-04,264.99,270.0,247.99,248.98,70100.0
2012-05-05,248.99,250.5,245.96,249.0,21840.0
2012-05-07,249.0,251.8,241.25,251.8,49840.0
2012-05-08,245.0,250.0,245.0,247.01,2730.0
2012-05-10,249.49,249.49,241.4,244.5,32050.0
2012-05-11,243.96,244.9,235.33,244.9,34080.0
2012-05-12,231.0,244.0,229.56,239.5,7700.0
2012-05-14,239.8,239.8,216.2,221.95,125350.0
2012-05-15,221.76,225.0,209.0,213.49,109200.0
2012-05-16,213.39,214.0,203.1,213.19,44530.0
2012-05-17,210.05,227.9,190.34,205.0,104230.0
2012-05-18,204.99,208.99,199.92,200.0,19610.0
2012-05-21,205.9,209.9,201.99,206.78,27620.0
2012-05-22,209.9,214.89,205.0,214.89,15420.0
2012-05-23,214.0,218.99,208.7,209.99,18320.0
2012-05-24,216.89,216.89,209.61,214.07,9750.0
2012-05-25,219.9,221.0,205.4,216.98,89220.0
2012-05-28,222.7,227.48,210.47,216.0,15900.0
2012-05-29,216.3,224.0,213.27,219.99,62370.0
2012-05-30,219.0,219.25,215.55,218.81,12850.0
2012-05-31,218.99,223.6,218.0,220.14,321980.0
2012-06-01,223.2,223.6,213.62,216.0,121830.0
2012-06-04,213.21,218.99,213.21,217.0,7660.0
2012-06-05,223.14,224.79,207.51,211.94,72800.0
2012-06-06,212.99,213.99,210.0,213.91,94250.0
2012-06-07,213.99,221.0,210.89,219.92,32430.0
2012-06-08,219.77,219.87,216.0,218.5,7310.0
2012-06-09,219.78,220.0,218.1,219.49,330.0
2012-06-13,220.0,220.9,215.19,215.66,19660.0
2012-06-14,221.0,221.0,216.5,217.45,8130.0
2012-06-15,220.44,229.89,216.9,220.5,93510.0
2012-06-18,221.0,228.3,216.99,217.0,23240.0
2012-06-19,218.68,223.4,212.02,215.0,39950.0
2012-06-20,218.29,223.0,212.1,214.95,11670.0
2012-06-21,215.0,215.0,212.1,212.97,17230.0
2012-06-22,212.97,217.0,200.03,210.99,56470.0
2012-06-25,210.99,211.96,206.04,208.0,19800.0
2012-06-26,211.97,214.98,207.51,210.0,14290.0
2012-06-27,216.86,216.86,207.66,211.22,46230.0
2012-06-28,211.25,212.44,208.09,212.09,41960.0
2012-06-29,215.68,223.99,215.26,222.7,92510.0
2012-07-02,223.99,230.0,218.72,230.0,46210.0
2012-07-03,234.24,242.98,231.5,238.6,56870.0
2012-07-04,243.99,248.49,239.42,246.66,57390.0
2012-07-05,247.11,247.27,236.08,243.07,47840.0
2012-07-06,246.12,262.0,240.01,255.0,128960.0
2012-07-09,255.0,259.0,246.17,255.0,81380.0
2012-07-10,255.0,256.99,252.73,256.5,48270.0
2012-07-11,256.6,257.0,249.88,256.45,6810.0
2012-07-12,256.69,259.49,248.08,253.0,40780.0
2012-07-13,254.0,261.2,251.85,261.2,42830.0
2012-07-16,274.0,274.0,255.07,261.0,173500.0
2012-07-17,261.0,262.0,252.08,255.0,34940.0
2012-07-18,261.99,261.99,255.21,261.39,27080.0
2012-07-19,262.0,270.01,260.0,268.15,169930.0
2012-07-20,265.4,272.7,264.03,269.79,75600.0
2012-07-23,271.9,271.9,261.8,265.0,49450.0
2012-07-24,266.99,272.0,265.01,269.04,64810.0
2012-07-25,269.94,277.5,267.0,273.84,48810.0
2012-07-26,276.99,279.9,264.97,265.0,100130.0
2012-07-27,267.86,270.0,260.0,264.74,22520.0
2012-07-30,268.08,268.08,261.74,265.0,144850.0
2012-07-31,264.99,266.0,264.99,265.98,20850.0
2012-08-01,266.89,266.89,260.97,262.83,47730.0
2012-08-02,257.44,261.91,256.11,261.8,28070.0
2012-08-03,256.69,261.25,256.1,261.0,23270.0
2012-08-06,264.99,266.9,258.1,263.55,38540.0
2012-08-07,260.0,267.5,260.0,267.5,42370.0
2012-08-08,264.52,268.0,261.12,265.8,12720.0
2012-08-09,265.74,267.98,261.7,267.47,8280.0
2012-08-10,267.44,267.44,257.5,258.2,9840.0
2012-08-13,264.61,264.61,245.05,259.57,30560.0
2012-08-14,259.9,263.23,253.0,257.99,38440.0
2012-08-15,257.93,262.0,251.11,261.98,41790.0
2012-08-16,264.99,270.0,256.52,266.0,26780.0
2012-08-17,268.5,269.99,261.7,265.72,8780.0
2012-08-20,267.99,269.19,261.0,266.85,9490.0
2012-08-21,268.0,269.0,260.83,268.0,18550.0
2012-08-22,267.98,267.98,261.25,265.47,7240.0
2012-08-23,265.98,268.99,261.0,264.9,46930.0
2012-08-24,260.01,264.63,258.18,262.97,22480.0
2012-08-27,263.19,264.0,260.31,261.55,5060.0
2012-08-28,263.97,264.0,255.6,263.0,24210.0
2012-08-29,265.0,277.84,261.04,271.44,303120.0
2012-08-30,272.95,298.97,271.99,283.93,174080.0
2012-08-31,296.95,296.95,276.63,285.01,57400.0
2012-09-03,287.99,288.5,282.0,286.34,77380.0
2012-09-04,286.98,288.0,283.5,286.93,11550.0
2012-09-05,288.0,288.0,273.82,278.0,91020.0
2012-09-06,278.97,282.68,275.02,280.9,21790.0
2012-09-07,284.89,290.0,275.0,289.5,246710.0
2012-09-10,281.0,295.0,281.0,288.3,28990.0
2012-09-11,281.01,288.59,276.0,282.96,38640.0
2012-09-12,284.0,284.0,274.01,275.94,90810.0
2012-09-13,275.0,277.0,269.74,273.0,150950.0
2012-09-14,278.0,287.83,272.99,285.0,254710.0
2012-09-17,275.01,289.0,275.01,285.0,34390.0
2012-09-18,285.5,286.0,282.0,285.0,32810.0
2012-09-19,287.5,287.5,281.3,284.99,38750.0
2012-09-20,286.0,288.0,262.5,264.5,814270.0
2012-09-21,267.9,268.97,260.05,262.29,232650.0
2012-09-24,262.9,264.75,261.5,263.0,68200.0
2012-09-25,263.5,264.25,261.5,261.97,145090.0
2012-09-26,262.25,262.25,257.8,258.5,100140.0
2012-09-27,262.25,262.25,258.08,260.0,13510.0
2012-09-28,260.0,263.5,256.99,259.98,101040.0
2012-10-01,261.8,262.25,259.0,260.98,38030.0
2012-10-02,259.31,261.75,257.0,259.98,32440.0
2012-10-03,258.71,261.75,256.6,261.0,58260.0
2012-10-04,261.74,261.74,258.12,259.0,33030.0
2012-10-05,259.0,261.75,258.12,260.0,41380.0
2012-10-08,261.0,261.75,257.61,259.62,9890.0
2012-10-09,260.99,262.0,259.22,260.14,19720.0
2012-10-10,260.0,261.75,258.6,261.5,32390.0
2012-10-11,260.98,265.4,260.54,265.0,37120.0
2012-10-12,265.0,268.72,262.2,263.24,55310.0
2012-10-15,263.49,266.53,262.3,266.53,194950.0
2012-10-16,268.0,274.99,265.3,272.16,147780.0
2012-10-17,274.83,274.83,270.55,272.99,35560.0
2012-10-18,273.5,274.75,268.02,270.0,262580.0
2012-10-19,271.0,284.0,267.0,276.99,324560.0
2012-10-22,278.0,279.99,275.51,279.31,242880.0
2012-10-23,279.98,283.5,277.01,278.0,218270.0
2012-10-24,252.69,254.98,248.0,249.99,196510.0
2012-10-25,254.0,255.3,249.84,250.0,170510.0
2012-10-26,245.16,251.5,210.01,249.1,62620.0
2012-10-29,248.79,251.0,245.24,249.0,18100.0
2012-10-30,249.9,251.0,245.8,247.02,69590.0
2012-10-31,250.0,250.84,240.4,248.0,36100.0
2012-11-01,248.49,249.5,242.02,247.94,35960.0
2012-11-02,247.94,251.0,241.99,250.33,53430.0
2012-11-06,250.0,250.0,244.01,246.62,55730.0
2012-11-07,247.5,249.68,246.01,247.44,98210.0
2012-11-08,245.3,247.99,245.25,246.53,41530.0
2012-11-09,247.48,249.0,245.8,247.0,190610.0
2012-11-12,247.5,248.99,240.2,242.0,63000.0
2012-11-13,241.99,244.0,222.99,225.99,148180.0
2012-11-14,230.0,231.98,226.0,226.1,103390.0
2012-11-15,227.5,229.97,223.52,229.97,34030.0
2012-11-16,228.99,237.12,227.04,234.79,80490.0
2012-11-19,236.69,239.38,231.5,235.49,317330.0
2012-11-20,236.01,240.75,229.18,234.97,92350.0
2012-11-21,231.46,234.0,230.02,231.65,32920.0
2012-11-22,230.28,234.99,230.28,231.42,23540.0
2012-11-23,231.0,232.8,229.11,229.58,13450.0
2012-11-26,231.98,231.99,222.26,224.5,108100.0
2012-11-27,226.49,229.4,214.95,215.0,79630.0
2012-11-28,217.0,218.8,214.72,215.01,43730.0
2012-11-29,219.0,219.0,214.02,215.9,14900.0
2012-11-30,216.0,218.97,211.0,218.8,80010.0
2012-12-03,219.0,228.88,214.02,221.87,109660.0
2012-12-04,217.0,223.98,216.5,223.98,35750.0
2012-12-05,223.99,230.0,218.0,227.77,105720.0
2012-12-06,227.23,229.99,226.5,228.51,46660.0
2012-12-07,227.99,228.49,226.0,227.46,13590.0
2012-12-10,227.97,229.8,224.96,228.05,32930.0
2012-12-11,225.89,232.29,225.03,231.9,122410.0
2012-12-12,232.29,237.0,232.29,236.84,95930.0
2012-12-13,237.99,241.0,236.77,238.0,50080.0
2012-12-14,238.9,245.4,237.53,245.39,137220.0
2012-12-17,244.7,246.79,243.0,246.75,90360.0
2012-12-18,245.63,249.85,245.6,249.5,151910.0
2012-12-19,249.48,250.0,243.5,246.99,69860.0
2012-12-20,246.03,249.0,241.0,246.46,18620.0
2012-12-21,245.84,248.0,239.0,241.7,60620.0
2012-12-24,240.99,243.89,238.6,240.49,28740.0
2012-12-25,241.0,241.7,239.9,241.7,20530.0
2012-12-26,242.5,243.0,239.21,242.0,17090.0
2012-12-27,241.99,242.0,237.75,239.5,26560.0
2012-12-28,237.71,243.0,237.01,242.97,150980.0
2013-01-08,243.39,250.0,242.56,247.9,73850.0
2013-01-09,247.9,248.01,246.0,247.88,64280.0
2013-01-10,247.98,248.8,245.98,246.99,23240.0
2013-01-11,245.51,249.02,242.94,247.8,96050.0
2013-01-14,249.19,251.69,246.37,250.5,121280.0
2013-01-15,251.5,255.0,247.33,251.0,159770.0
2013-01-16,250.97,254.98,248.6,252.5,89660.0
2013-01-17,251.7,253.47,245.0,245.49,211960.0
2013-01-18,245.98,246.89,239.01,245.82,192250.0
2013-01-21,245.72,245.8,241.76,242.69,75310.0
2013-01-22,242.97,244.99,242.5,243.4,149640.0
2013-01-23,243.0,249.45,243.0,249.0,113350.0
2013-01-24,248.5,248.91,244.36,246.0,42870.0
2013-01-25,246.6,248.49,243.0,248.49,107020.0
2013-01-28,248.06,254.8,247.06,253.45,99590.0
2013-01-29,251.99,257.5,251.93,256.5,50140.0
2013-01-30,257.49,261.7,256.17,258.43,68680.0
2013-01-31,255.13,265.31,253.53,265.31,116290.0
2013-02-01,264.99,269.01,263.11,264.0,47950.0
2013-02-04,264.79,266.99,261.91,264.0,94270.0
2013-02-05,264.98,264.99,252.02,263.9,54940.0
2013-02-06,262.01,266.0,260.89,264.0,24970.0
2013-02-07,266.3,267.5,260.04,264.67,6340.0
2013-02-08,263.7,266.1,256.04,261.0,43210.0
2013-02-11,261.38,265.0,259.0,264.53,23750.0
2013-02-12,264.69,270.6,264.69,270.59,81960.0
2013-02-13,270.14,277.8,267.51,274.5,108990.0
2013-02-14,274.85,278.98,274.0,277.0,90520.0
2013-02-15,277.8,282.7,275.0,281.3,95120.0
2013-02-18,281.3,285.0,277.89,283.97,43990.0
2013-02-19,284.99,288.8,283.0,287.25,24830.0
2013-02-20,287.25,291.0,275.0,279.77,43100.0
2013-02-21,277.88,277.88,270.33,272.5,57920.0
2013-02-22,276.85,276.85,267.54,271.57,72770.0
2013-02-25,271.58,274.62,266.1,267.41,40250.0
2013-02-26,267.43,275.0,260.13,264.02,31710.0
2013-02-27,265.79,269.0,260.67,264.45,31540.0
2013-02-28,265.9,273.6,258.5,258.7,39110.0
2013-03-01,259.97,262.82,251.41,261.7,68810.0
2013-03-04,260.31,262.8,258.01,261.0,59710.0
2013-03-05,261.3,262.89,255.63,262.68,142110.0
2013-03-06,263.0,272.05,261.51,263.59,83580.0
2013-03-07,262.64,264.97,258.91,259.0,42580.0
2013-03-11,263.5,274.15,259.96,267.48,82360.0
2013-03-12,268.5,274.31,268.0,272.0,34140.0
2013-03-13,270.2,277.05,269.0,275.0,75800.0
2013-03-14,276.95,282.18,271.25,272.51,46480.0
2013-03-15,274.89,277.79,265.35,269.88,34700.0
2013-03-18,267.05,272.49,261.22,264.99,23900.0
2013-03-19,264.5,264.95,258.87,261.31,18810.0
2013-03-20,262.91,272.74,255.01,258.4,92780.0
2013-03-21,259.0,264.94,255.0,257.42,40350.0
2013-03-22,255.0,261.94,246.89,251.73,110700.0
2013-03-25,251.89,252.96,246.0,247.05,59580.0
2013-03-26,246.97,249.0,232.0,233.5,384160.0
2013-03-27,236.97,242.39,236.5,238.98,248850.0
2013-03-28,239.87,244.9,238.47,243.97,93990.0
2013-03-29,243.01,248.0,241.59,247.0,55410.0
2013-04-01,244.53,249.0,244.53,248.99,21560.0
2013-04-02,248.88,254.8,247.01,250.0,79760.0
2013-04-03,251.07,256.75,250.6,255.0,80430.0
2013-04-04,253.44,260.17,253.0,255.0,58930.0
2013-04-05,257.42,258.8,248.3,248.49,41250.0
2013-04-08,251.94,254.2,245.82,246.06,50170.0
2013-04-09,248.11,253.99,246.62,248.51,25230.0
2013-04-10,250.97,252.05,240.01,242.07,147370.0
2013-04-11,243.97,245.0,236.0,242.8,170070.0
2013-04-12,242.36,246.09,239.49,246.09,26700.0
2013-04-15,244.99,248.0,236.15,237.97,76910.0
2013-04-16,242.55,243.43,225.21,234.87,74330.0
2013-04-17,232.75,239.0,230.01,238.7,117250.0
2013-04-18,238.75,246.0,238.0,243.47,100810.0
2013-04-19,244.85,248.89,240.5,242.5,22990.0
2013-04-22,244.0,247.94,233.67,244.49,56720.0
2013-04-23,242.65,243.0,239.12,240.95,64940.0
2013-04-24,241.23,244.49,236.7,244.49,96500.0
2013-04-25,244.98,252.95,240.0,251.8,325220.0
2013-04-26,249.37,252.9,246.12,248.98,116490.0
2013-04-29,249.11,249.94,241.11,244.4,105260.0
2013-04-30,243.22,246.97,239.3,246.97,41080.0
2013-05-02,246.63,246.63,242.26,244.08,10240.0
2013-05-03,244.45,246.95,243.6,244.4,3770.0
2013-05-06,245.49,248.94,245.0,247.89,12940.0
2013-05-07,248.93,254.95,245.01,254.94,50650.0
2013-05-08,254.99,257.53,249.01,250.5,67840.0
2013-05-10,255.96,255.96,245.5,245.5,71800.0
2013-05-13,247.36,255.97,242.05,255.97,132320.0
2013-05-14,255.97,256.5,250.8,255.42,64020.0
2013-05-15,255.8,259.06,247.54,258.97,64760.0
2013-05-16,260.45,263.98,257.65,263.68,91820.0
2013-05-17,263.25,267.96,262.76,265.47,57520.0
2013-05-20,266.95,269.44,263.5,267.27,56310.0
2013-05-21,269.94,270.99,263.5,270.0,45170.0
2013-05-22,267.09,272.89,265.81,272.0,153090.0
2013-05-23,269.59,270.0,260.11,264.63,121250.0
2013-05-24,266.89,269.09,261.01,263.49,64090.0
2013-05-27,264.0,267.5,261.1,267.5,67250.0
2013-05-28,264.82,270.35,261.5,262.0,46450.0
2013-05-29,262.71,263.0,253.11,259.98,78040.0
2013-05-30,259.6,261.99,254.03,255.0,82470.0
2013-05-31,256.52,257.19,240.05,245.12,121740.0
2013-06-03,240.0,246.0,240.0,244.62,17860.0
2013-06-04,246.85,249.99,241.11,248.55,36630.0
2013-06-05,249.0,250.88,244.05,249.0,24730.0
2013-06-06,249.75,252.55,235.31,247.03,34230.0
2013-06-07,247.03,248.0,244.0,247.0,40320.0
2013-06-10,242.0,252.0,242.0,251.0,11990.0
2013-06-11,250.95,255.34,243.15,245.29,10340.0
2013-06-13,243.28,246.99,240.0,244.07,17930.0
2013-06-14,245.05,248.25,240.5,243.98,53350.0
2013-06-17,244.75,260.01,244.75,250.0,122540.0
2013-06-18,250.54,254.55,245.0,249.47,32640.0
2013-06-19,249.47,250.47,246.5,250.17,77760.0
2013-06-20,247.17,249.94,245.0,245.55,37300.0
2013-06-21,244.26,249.99,243.0,243.0,54380.0
2013-06-24,246.25,249.99,233.0,238.95,66820.0
2013-06-25,234.45,244.0,230.7,237.0,152220.0
2013-06-26,236.47,239.47,232.11,235.44,99550.0
2013-06-27,234.38,238.94,234.38,237.87,26660.0
2013-06-28,239.15,242.0,233.99,237.98,32790.0
2013-07-01,238.55,248.29,236.07,246.0,72450.0
2013-07-02,246.25,249.61,242.12,249.61,77520.0
2013-07-03,246.5,257.45,246.5,252.26,36240.0
2013-07-04,253.25,259.55,247.29,253.6,25710.0
2013-07-05,255.34,255.34,251.46,254.99,24470.0
2013-07-08,254.99,258.0,252.0,256.25,39320.0
2013-07-09,256.25,256.35,249.01,254.39,30270.0
2013-07-10,254.45,254.5,251.0,252.49,15530.0
2013-07-11,253.0,254.79,251.0,253.05,69660.0
2013-07-12,254.83,255.89,252.04,254.94,85330.0
2013-07-15,253.2,257.31,251.5,257.3,61810.0
2013-07-16,257.55,261.5,257.31,261.49,44900.0
2013-07-17,261.75,271.99,261.51,267.0,89790.0
2013-07-18,269.89,272.89,261.54,265.99,28230.0
2013-07-19,266.51,272.7,262.34,265.99,33130.0
2013-07-22,264.97,268.49,261.0,262.99,17960.0
2013-07-23,265.95,266.97,260.11,260.11,19950.0
2013-07-24,260.0,263.8,256.24,263.4,57360.0
2013-07-25,261.62,263.28,255.61,263.28,127570.0
2013-07-26,263.99,266.93,260.04,265.5,21620.0
2013-07-29,267.25,270.0,262.57,265.99,77010.0
2013-07-30,268.94,268.94,264.0,266.98,44060.0
2013-07-31,268.99,269.0,265.0,266.79,33720.0
2013-08-01,268.81,270.65,266.95,270.0,51500.0
2013-08-02,271.84,275.0,268.25,272.0,20150.0
2013-08-05,272.54,301.0,255.0,286.15,325850.0
2013-08-06,281.05,281.05,273.02,275.1,55750.0
2013-08-07,276.22,285.99,270.0,277.84,40300.0
2013-08-08,275.7,276.99,268.06,272.99,95610.0
2013-08-09,271.48,277.87,270.05,273.82,20970.0
2013-08-12,273.96,276.0,270.98,273.14,12020.0
2013-08-13,273.14,284.93,268.62,275.5,29580.0
2013-08-14,271.7,275.97,271.69,273.45,14010.0
2013-08-15,273.85,274.94,262.99,264.15,22560.0
2013-08-16,262.45,266.7,251.07,254.61,54410.0
2013-08-19,265.0,265.0,250.02,250.03,38170.0
2013-08-20,250.99,251.0,244.99,245.0,47480.0
2013-08-21,247.0,247.0,238.5,244.46,74090.0
2013-08-22,242.38,252.47,240.86,252.46,151690.0
2013-08-23,250.11,252.47,249.01,251.0,18400.0
2013-08-26,251.74,251.74,248.85,249.6,24450.0
2013-08-27,249.39,249.4,245.5,249.36,34980.0
2013-08-28,246.85,260.35,244.25,251.07,125310.0
2013-08-29,251.96,263.1,251.96,260.51,201000.0
2013-08-30,260.51,268.85,260.51,267.0,159320.0
2013-09-02,269.5,275.87,267.54,274.47,40030.0
2013-09-03,275.55,290.0,274.0,281.0,376040.0
2013-09-04,281.5,287.55,275.0,275.5,78220.0
2013-09-05,277.35,277.35,270.0,274.19,22610.0
2013-09-06,275.92,276.4,267.37,268.0,10720.0
2013-09-09,265.59,270.64,263.5,263.63,42460.0
2013-09-10,266.21,271.0,263.46,270.6,66010.0
2013-09-11,271.0,271.0,267.0,269.41,47630.0
2013-09-12,268.0,285.0,264.5,278.0,165360.0
2013-09-13,280.9,281.55,276.76,277.99,83540.0
2013-09-16,279.94,280.5,276.48,280.0,146430.0
2013-09-17,279.99,279.99,276.01,278.07,66230.0
2013-09-18,277.2,278.72,271.1,272.4,84570.0
2013-09-19,276.94,278.82,274.13,277.91,122330.0
2013-09-20,277.9,282.5,275.07,280.66,129550.0
2013-09-23,280.88,280.88,276.55,280.67,19990.0
2013-09-24,279.97,283.0,277.0,279.95,145340.0
2013-09-25,279.96,280.27,277.5,279.5,45070.0
2013-09-26,280.45,281.19,276.56,279.97,65920.0
2013-09-27,278.81,279.93,272.68,275.55,87330.0
2013-09-30,274.99,275.99,266.51,267.0,41410.0
2013-10-01,272.0,275.95,264.05,270.0,54140.0
2013-10-02,272.7,273.0,265.2,272.38,48040.0
2013-10-03,272.46,277.92,271.81,275.95,49570.0
2013-10-04,275.77,275.92,268.05,275.0,48180.0
2013-10-07,275.0,276.47,270.32,270.45,27680.0
2013-10-08,272.0,276.46,271.98,273.46,137670.0
2013-10-09,273.94,275.0,272.23,272.75,7410.0
2013-10-10,274.73,280.2,273.04,275.0,117620.0
2013-10-11,277.94,277.94,272.28,277.26,20980.0
2013-10-14,277.43,277.43,273.45,275.96,11560.0
2013-10-15,277.84,279.45,273.62,277.99,12360.0
2013-10-16,277.99,285.0,274.61,284.0,30020.0
2013-10-17,284.0,284.0,277.8,279.12,14990.0
2013-10-18,281.38,281.38,279.5,280.5,50500.0
2013-10-21,281.97,284.28,279.16,280.27,32020.0
2013-10-22,282.46,283.0,280.24,282.0,23610.0
2013-10-23,283.0,287.45,278.0,282.44,52860.0
2013-10-24,282.26,283.74,281.0,283.3,14550.0
2013-10-25,283.39,283.98,281.29,282.35,71610.0
2013-10-28,282.49,282.9,282.0,282.9,24630.0
2013-10-29,283.95,283.95,282.5,283.9,32600.0
2013-10-30,282.8,284.1,282.8,283.94,36490.0
2013-10-31,279.9,283.0,272.72,273.99,56030.0
2013-11-01,272.0,276.47,267.0,276.2,28160.0
2013-11-05,273.64,279.47,273.64,279.45,45350.0
2013-11-06,276.0,279.47,273.7,279.33,52740.0
2013-11-07,281.0,281.5,277.95,281.0,12780.0
2013-11-08,281.0,283.0,277.63,279.97,43740.0
2013-11-11,282.7,282.7,277.02,280.98,43610.0
2013-11-12,279.94,280.65,275.72,280.65,16480.0
2013-11-13,279.81,281.84,274.11,278.38,70480.0
2013-11-14,278.81,280.44,272.96,278.94,114140.0
2013-11-15,279.6,280.48,275.11,277.31,43160.0
2013-11-18,279.08,281.68,278.19,280.5,10090.0
2013-11-19,281.88,282.72,279.11,279.5,23000.0
2013-11-20,279.04,284.7,279.04,283.5,46900.0
2013-11-21,283.91,284.7,279.14,279.46,18740.0
2013-11-22,283.0,284.77,278.21,281.0,33620.0
2013-11-25,283.0,284.7,281.53,283.96,15920.0
2013-11-26,285.99,297.68,278.3,297.68,154460.0
2013-11-27,290.11,295.0,286.15,289.3,77150.0
2013-11-28,287.0,297.69,287.0,294.99,41330.0
2013-11-29,297.0,319.98,289.0,293.99,150460.0
2013-12-02,316.99,316.99,299.31,305.59,105110.0
2013-12-03,308.01,309.26,296.06,300.0,154440.0
2013-12-04,303.15,303.15,290.0,290.0,103990.0
2013-12-05,290.0,297.0,282.0,283.0,111930.0
2013-12-06,282.99,294.88,282.99,289.93,75050.0
2013-12-09,295.77,295.77,287.11,291.04,7100.0
2013-12-10,292.0,293.99,287.04,290.16,34490.0
2013-12-11,286.17,294.0,286.17,287.55,44370.0
2013-12-12,287.0,291.86,281.01,290.17,55020.0
2013-12-13,292.73,293.98,289.0,292.72,34400.0
2013-12-16,290.69,293.96,290.01,291.0,49120.0
2013-12-17,290.38,293.0,271.0,291.58,54090.0
2013-12-18,291.57,293.89,291.0,291.87,90740.0
2013-12-19,291.89,294.37,290.03,293.72,81460.0
2013-12-20,288.56,296.57,288.56,291.01,84740.0
2013-12-23,292.0,299.54,291.99,298.0,89520.0
2013-12-24,297.89,298.0,293.63,293.99,10710.0
2013-12-25,295.0,399.98,287.7,293.2,16810.0
2013-12-26,290.05,296.26,290.05,293.42,6600.0
2013-12-27,294.0,295.59,289.82,294.4,42070.0
2013-12-30,296.0,305.68,294.0,298.0,160360.0
2014-01-06,307.99,319.0,289.03,306.21,78590.0
2014-01-08,306.11,313.38,301.02,307.76,10490.0
2014-01-09,302.27,309.0,302.26,306.0,14190.0
2014-01-10,303.12,312.99,300.9,302.0,37440.0
2014-01-13,303.44,305.0,293.01,299.43,37660.0
2014-01-14,304.46,304.46,296.0,298.99,31540.0
2014-01-15,299.97,300.0,294.99,294.99,48150.0
2014-01-16,298.98,298.98,287.05,290.0,218640.0
2014-01-17,291.0,292.94,278.31,279.01,168670.0
2014-01-20,279.98,282.0,269.3,271.67,271850.0
2014-01-21,273.83,273.83,258.55,261.0,272330.0
2014-01-22,259.05,260.82,252.3,257.5,230310.0
2014-01-23,257.0,265.0,256.3,263.92,158390.0
2014-01-24,262.8,263.82,257.01,261.09,209350.0
2014-01-27,257.05,260.0,250.35,250.5,104460.0
2014-01-28,250.51,251.99,242.18,243.29,149130.0
2014-01-29,245.59,251.49,240.0,241.5,215420.0
2014-01-30,242.7,242.7,234.06,239.9,121020.0
2014-01-31,239.31,245.8,229.0,232.68,163430.0
2014-02-03,232.12,236.47,227.71,230.88,98570.0
2014-02-04,228.57,233.34,226.04,228.0,142800.0
2014-02-05,228.01,233.0,228.01,231.7,177150.0
2014-02-06,233.0,238.83,232.12,235.0,388580.0
2014-02-07,236.0,244.99,235.1,241.0,173640.0
2014-02-10,242.69,251.85,242.05,248.0,88510.0
2014-02-11,250.48,252.0,245.96,247.0,38320.0
2014-02-12,248.0,249.63,247.63,248.99,31320.0
2014-02-13,248.0,248.99,240.99,241.73,147170.0
2014-02-14,243.0,247.01,241.18,246.0,37590.0
2014-02-17,247.79,248.9,245.38,246.28,16960.0
2014-02-18,246.9,248.0,243.1,243.3,58780.0
2014-02-19,244.9,247.37,238.1,238.1,128000.0
2014-02-20,237.99,243.25,234.0,237.38,38680.0
2014-02-21,238.13,242.99,237.5,239.3,27050.0
2014-02-24,241.15,241.45,236.19,238.82,16020.0
2014-02-25,239.97,241.9,236.2,237.88,24880.0
2014-02-26,239.99,241.0,233.0,237.0,27480.0
2014-02-27,236.98,238.71,231.06,236.97,102520.0
2014-02-28,237.0,238.68,232.0,238.0,30060.0
2014-03-03,229.99,230.01,190.11,201.04,153580.0
2014-03-04,203.18,221.03,203.18,214.83,290480.0
2014-03-05,220.18,225.87,214.0,217.25,31640.0
2014-03-06,218.33,222.4,206.69,215.69,67200.0
2014-03-07,212.82,221.97,210.0,211.2,121220.0
2014-03-11,211.99,213.96,206.01,208.33,206160.0
2014-03-12,206.1,209.89,200.19,203.99,99580.0
2014-03-13,201.95,204.81,192.25,193.72,48870.0
2014-03-14,194.91,198.98,160.01,173.0,371740.0
2014-03-17,176.89,184.0,175.77,177.48,249340.0
2014-03-18,183.86,188.47,177.55,186.13,374540.0
2014-03-19,188.68,192.5,186.0,189.7,207250.0
2014-03-20,189.7,190.0,186.2,190.0,61850.0
2014-03-21,186.68,194.73,185.0,192.2,643670.0
2014-03-24,191.88,194.38,183.0,185.6,159090.0
2014-03-25,185.5,186.98,183.34,186.3,37440.0
2014-03-26,185.49,190.0,184.04,187.25,194830.0
2014-03-27,188.39,206.0,188.01,200.99,390670.0
2014-03-28,203.17,210.0,203.17,207.59,411140.0
2014-03-31,209.43,214.97,207.52,213.27,136190.0
2014-04-01,213.35,223.5,213.35,222.0,274340.0
2014-04-02,220.01,228.89,220.01,225.02,58250.0
2014-04-03,228.47,231.86,222.99,224.02,117490.0
2014-04-04,225.7,231.1,220.27,230.0,107440.0
2014-04-07,226.68,228.84,216.99,222.0,151100.0
2014-04-08,224.15,227.0,218.54,222.49,91340.0
2014-04-09,223.98,240.0,222.09,226.0,133550.0
2014-04-10,228.86,239.77,228.0,236.28,118440.0
2014-04-11,231.5,248.76,229.53,241.0,171460.0
2014-04-14,235.16,240.9,227.7,228.54,76070.0
2014-04-15,228.55,229.0,210.13,212.61,200820.0
2014-04-16,214.93,234.0,209.8,222.62,232940.0
2014-04-17,224.48,232.49,223.92,227.95,88500.0
2014-04-18,234.31,235.0,229.51,231.7,33960.0
2014-04-21,234.0,234.0,229.16,230.2,29640.0
2014-04-22,231.9,231.9,225.25,226.19,35350.0
2014-04-23,226.81,227.87,222.0,227.0,36960.0
2014-04-24,228.98,230.0,212.85,219.99,605030.0
2014-04-25,217.82,217.95,207.01,210.03,84910.0
2014-04-28,207.05,216.99,201.0,216.43,416160.0
2014-04-29,216.0,222.97,216.0,218.85,71690.0
2014-04-30,220.0,222.0,215.01,217.75,26390.0
2014-05-02,218.0,221.63,212.12,219.88,26280.0
2014-05-05,219.44,221.64,213.05,216.99,30370.0
2014-05-06,216.39,224.95,216.39,217.1,285730.0
2014-05-07,217.1,223.99,216.1,223.68,88990.0
2014-05-08,225.0,225.59,219.99,224.5,82680.0
2014-05-12,224.0,231.5,224.0,230.61,71760.0
2014-05-13,233.17,237.99,232.0,232.92,62530.0
2014-05-14,235.42,235.42,218.21,233.79,80650.0
2014-05-15,232.03,233.0,229.68,230.01,41600.0
2014-05-16,229.7,232.17,227.99,230.0,52280.0
2014-05-19,231.41,237.5,231.35,237.5,64540.0
2014-05-20,238.13,242.0,234.5,238.52,73020.0
2014-05-21,238.69,240.49,230.02,238.2,64240.0
2014-05-22,237.98,241.64,237.5,241.11,68750.0
2014-05-23,241.21,244.97,239.15,244.97,104560.0
2014-05-26,241.11,249.82,241.11,249.53,90100.0
2014-05-27,250.0,254.0,238.67,242.8,108750.0
2014-05-28,242.8,245.0,240.15,242.78,29310.0
2014-05-29,246.92,246.92,242.5,246.54,60510.0
2014-05-30,246.54,255.0,246.54,255.0,63690.0
2014-06-02,254.5,262.0,253.07,258.65,73190.0
2014-06-03,258.99,262.18,252.52,259.0,99160.0
2014-06-04,258.1,262.0,257.94,260.02,99820.0
2014-06-05,260.71,262.71,257.14,259.81,84590.0
2014-06-06,262.26,263.9,258.01,258.99,99700.0
2014-06-09,259.5,262.7,245.11,254.45,63820.0
2014-06-10,255.99,260.0,251.51,256.0,72120.0
2014-06-11,258.42,258.83,253.0,258.64,80100.0
2014-06-16,259.99,272.12,253.0,265.0,295000.0
2014-06-17,265.99,270.0,260.0,263.2,57790.0
2014-06-18,260.61,285.0,260.61,270.0,193360.0
2014-06-19,274.89,278.0,269.5,274.6,69640.0
2014-06-20,276.41,278.0,272.17,273.8,146170.0
2014-06-23,275.09,275.3,269.3,270.4,22690.0
2014-06-24,270.4,278.89,264.0,269.99,70160.0
2014-06-25,271.81,272.96,265.01,268.0,49350.0
2014-06-26,268.62,270.9,268.19,269.13,46950.0
2014-06-27,270.74,270.74,266.0,266.84,70250.0
2014-06-30,266.84,272.46,261.71,269.92,87810.0
2014-07-01,265.0,268.8,263.03,267.0,127680.0
2014-07-02,267.0,273.45,267.0,268.98,134730.0
2014-07-03,252.02,256.36,252.0,255.5,219410.0
2014-07-04,255.5,257.49,254.65,254.65,51350.0
2014-07-07,255.08,257.02,253.6,256.74,88030.0
2014-07-08,255.71,257.0,255.19,256.1,63930.0
2014-07-09,256.0,256.99,255.0,255.99,41580.0
2014-07-10,256.8,256.8,248.53,249.21,160810.0
2014-07-11,250.85,251.39,245.95,245.95,61370.0
2014-07-14,247.5,253.5,246.01,252.83,44150.0
2014-07-15,252.61,257.2,248.68,250.54,77050.0
2014-07-16,248.74,254.2,237.55,252.3,31180.0
2014-07-17,250.0,253.2,236.5,239.64,155450.0
2014-07-18,238.71,238.71,232.0,235.15,178750.0
2014-07-21,237.71,237.71,230.25,232.0,144210.0
2014-07-22,232.2,235.5,230.71,232.5,54020.0
2014-07-23,230.33,234.99,230.33,232.22,23630.0
2014-07-24,232.58,233.8,230.0,232.8,23190.0
2014-07-25,232.0,232.96,228.77,230.25,31920.0
2014-07-28,232.99,232.99,224.99,227.18,21620.0
2014-07-29,228.33,228.79,223.04,227.0,26860.0
2014-07-30,228.52,234.89,226.24,227.99,60760.0
2014-07-31,227.0,232.84,227.0,227.72,17140.0
2014-08-01,227.99,231.56,220.0,221.31,93640.0
2014-08-04,222.67,225.0,220.0,221.08,78700.0
2014-08-05,222.47,223.04,220.11,221.25,59270.0
2014-08-06,221.0,221.75,213.09,215.5,50860.0
2014-08-07,216.59,217.85,197.0,210.01,342310.0
2014-08-08,210.03,215.87,202.23,209.5,84310.0
2014-08-11,213.97,215.86,210.0,211.5,49890.0
2014-08-12,211.88,216.37,211.32,214.76,24970.0
2014-08-13,214.07,217.47,209.29,215.48,178260.0
2014-08-14,215.02,216.99,213.51,214.06,60340.0
2014-08-15,214.04,215.68,211.03,212.0,129110.0
2014-08-18,214.74,214.75,210.23,210.62,88130.0
2014-08-19,211.61,213.67,210.03,210.32,44870.0
2014-08-20,211.6,214.91,210.34,211.65,108120.0
2014-08-21,213.63,213.98,210.7,211.0,138500.0
2014-08-22,210.53,211.7,204.1,205.88,130630.0
2014-08-25,208.73,210.69,201.8,201.8,152950.0
2014-08-26,203.0,206.99,199.78,201.0,132930.0
2014-08-27,202.14,203.0,188.5,188.5,1081680.0
2014-08-28,184.97,191.47,180.0,190.0,423320.0
2014-08-29,190.0,194.0,187.08,190.3,221360.0
2014-09-01,190.99,193.94,188.85,188.99,49840.0
2014-09-02,191.83,191.97,182.02,183.5,183980.0
2014-09-03,184.63,199.5,184.1,198.71,456710.0
2014-09-04,199.94,201.7,195.05,195.97,233950.0
2014-09-05,195.97,201.0,195.07,199.23,209680.0
2014-09-08,199.7,199.99,196.75,196.75,34630.0
2014-09-09,199.48,199.98,196.71,197.26,154140.0
2014-09-10,196.7,198.38,187.0,190.0,411110.0
2014-09-11,191.0,192.0,188.46,190.75,75250.0
2014-09-12,191.33,191.38,188.24,188.55,70320.0
2014-09-15,190.0,193.24,187.5,193.24,108160.0
2014-09-16,193.0,194.8,189.98,192.29,257980.0
2014-09-17,191.7,193.48,188.34,192.5,114980.0
2014-09-18,192.98,193.98,191.03,192.99,94690.0
2014-09-19,192.9,195.55,192.0,194.99,834220.0
2014-09-22,196.48,198.0,193.9,195.74,46540.0
2014-09-23,196.73,202.0,195.39,202.0,144520.0
2014-09-24,202.0,208.9,200.27,208.08,187720.0
2014-09-25,208.9,212.0,206.1,208.0,205950.0
2014-09-26,206.35,207.0,198.1,201.0,328840.0
2014-09-29,203.99,206.73,197.55,197.81,623730.0
2014-09-30,198.35,201.99,197.5,201.0,323750.0
2014-10-01,200.0,205.6,200.0,201.4,49350.0
2014-10-02,203.0,203.0,197.5,199.9,64890.0
2014-10-03,199.5,204.9,198.6,199.2,44730.0
2014-10-06,201.9,201.9,195.6,198.8,159960.0
2014-10-07,199.7,202.1,197.3,198.3,143760.0
2014-10-08,201.4,201.4,195.7,197.1,89170.0
2014-10-09,199.4,200.5,196.2,197.0,66530.0
2014-10-10,195.2,198.9,192.1,192.1,55200.0
2014-10-13,192.9,193.0,185.5,187.0,106640.0
2014-10-14,187.9,188.8,186.5,188.8,144310.0
2014-10-15,189.4,192.5,185.3,185.4,28520.0
2014-10-16,187.9,187.9,181.0,185.4,112060.0
2014-10-17,182.8,191.8,182.8,190.0,53940.0
2014-10-20,192.1,192.9,190.0,190.0,23460.0
2014-10-21,190.5,192.6,186.0,186.9,46020.0
2014-10-22,187.9,189.6,181.5,181.8,44540.0
2014-10-23,181.9,190.5,181.2,190.2,69590.0
2014-10-24,191.0,191.0,186.9,188.2,27690.0
2014-10-27,190.4,205.3,185.3,204.5,632500.0
2014-10-28,208.3,215.0,203.5,204.0,680010.0
2014-10-29,205.8,205.8,202.5,204.0,206130.0
2014-10-30,205.0,206.0,203.5,205.4,121990.0
2014-10-31,205.7,211.9,205.3,211.9,342220.0
2014-11-03,210.2,215.9,210.2,215.0,120750.0
2014-11-05,214.4,214.5,211.1,213.9,88500.0
2014-11-06,214.3,217.0,213.1,215.9,210470.0
2014-11-07,216.0,217.0,210.0,211.0,166690.0
2014-11-10,214.0,214.6,210.0,211.6,252320.0
2014-11-11,211.2,215.0,210.5,211.0,231950.0
2014-11-12,213.0,214.0,210.8,213.2,174420.0
2014-11-13,213.2,214.9,210.5,212.2,123670.0
2014-11-14,212.2,213.4,210.5,212.2,58560.0
2014-11-17,212.5,214.0,212.0,212.0,66140.0
2014-11-18,212.4,213.4,212.4,213.2,39360.0
2014-11-19,213.3,219.7,213.3,215.0,249150.0
2014-11-20,214.1,215.7,212.1,214.6,171260.0
2014-11-21,214.7,215.5,214.0,214.0,190840.0
2014-11-24,215.4,217.9,214.3,214.9,266980.0
2014-11-25,216.1,216.8,214.5,215.3,156490.0
2014-11-26,215.8,217.2,215.5,216.2,137130.0
2014-11-27,216.8,217.0,215.5,215.8,109510.0
2014-11-28,215.5,220.8,212.3,214.0,650370.0
2014-12-01,214.0,214.6,203.0,209.2,382670.0
2014-12-02,209.6,213.8,203.1,203.7,361140.0
2014-12-03,204.2,205.2,197.9,201.0,427480.0
2014-12-04,201.9,209.0,201.6,208.1,384530.0
2014-12-05,209.8,211.4,205.6,208.4,202760.0
2014-12-08,209.9,210.5,202.4,204.0,242070.0
2014-12-09,205.7,205.7,198.8,201.1,257860.0
2014-12-10,202.0,202.5,199.8,200.5,168980.0
2014-12-11,200.9,201.9,188.0,190.7,375460.0
2014-12-12,188.4,196.9,183.0,186.0,846610.0
2014-12-15,160.2,164.0,129.0,150.4,883940.0
2014-12-16,149.7,149.7,105.0,130.0,613500.0
2014-12-17,126.5,139.4,117.7,134.0,328780.0
2014-12-18,139.2,147.9,134.5,135.0,492300.0
2014-12-19,136.8,136.8,128.8,129.8,343830.0
2014-12-22,131.6,134.9,125.2,132.8,554780.0
2014-12-23,134.4,134.8,126.0,132.3,360490.0
2014-12-24,132.8,132.8,126.5,128.3,325520.0
2014-12-25,129.2,129.8,123.0,123.0,235110.0
2014-12-26,123.9,124.7,118.9,123.6,401570.0
2014-12-29,125.0,127.9,120.1,123.8,312320.0
2014-12-30,122.7,124.7,120.1,123.4,239890.0
2016-01-04,267.8,273.9,263.1,270.4,18800.0
2016-01-05,269.7,274.4,267.0,273.5,28090.0
2016-01-06,272.8,278.9,269.7,274.9,33620.0
2016-01-11,267.3,269.9,254.0,255.4,138870.0
2016-01-12,255.4,256.9,246.0,250.3,136570.0
2016-01-13,251.3,255.6,249.4,254.9,75270.0
2016-01-14,253.2,255.4,251.0,252.7,163760.0
2016-01-15,251.7,255.7,242.0,251.9,125780.0
2016-01-18,249.0,251.0,240.1,251.0,40870.0
2016-01-19,253.4,255.8,245.8,254.9,148160.0
2016-01-20,253.2,254.8,243.0,254.8,66190.0
2016-01-21,253.4,254.9,247.5,250.7,58270.0
2016-01-22,253.9,254.4,248.5,248.6,73810.0
2016-01-25,253.1,253.1,247.0,248.5,49980.0
2016-01-26,247.4,247.8,243.7,245.2,14490.0
2016-01-27,247.0,249.0,244.4,246.5,19920.0
2016-01-28,247.7,250.9,242.1,250.0,193050.0
2016-01-29,249.5,259.9,249.0,259.9,38110.0
2016-02-01,257.8,259.1,256.2,257.4,64870.0
2016-02-02,258.5,262.7,256.2,262.7,63510.0
2016-02-03,264.9,264.9,256.2,259.0,225730.0
2016-02-04,260.8,265.0,260.1,264.9,32720.0
2016-02-05,264.8,267.0,261.0,265.5,23070.0
2016-02-08,266.6,266.9,258.1,262.3,14520.0
2016-02-09,265.0,265.0,258.6,260.7,10990.0
2016-02-10,262.3,262.4,247.0,253.2,47000.0
2016-02-11,253.6,253.6,248.0,249.8,30950.0
2016-02-12,249.8,249.9,239.1,240.3,190520.0
2016-02-15,241.8,242.0,235.0,235.7,48520.0
2016-02-16,238.5,238.8,235.2,237.3,26700.0
2016-02-17,237.6,240.8,236.8,238.7,179790.0
2016-02-18,240.9,241.0,238.0,239.3,54570.0
2016-02-19,240.7,244.8,238.0,243.0,35260.0
2016-02-20,245.8,245.9,238.6,241.4,24540.0
2016-02-22,246.2,247.3,239.2,242.4,9910.0
2016-02-24,241.1,244.0,240.5,244.0,31140.0
2016-02-25,245.5,246.0,239.4,242.8,43300.0
2016-02-26,242.8,245.3,239.7,240.9,49890.0
2016-02-29,241.4,243.0,240.2,242.1,6540.0
2016-03-01,244.0,244.0,242.0,242.0,23990.0
2016-03-02,241.1,243.7,240.9,243.5,28850.0
2016-03-03,243.8,244.7,242.6,244.7,17960.0
2016-03-04,244.8,246.2,242.2,245.0,17600.0
2016-03-07,245.9,248.0,242.7,248.0,12700.0
2016-03-09,248.4,252.0,248.3,250.9,27230.0
2016-03-10,250.0,255.3,250.0,253.9,18420.0
2016-03-11,256.7,258.1,254.1,256.1,23940.0
2016-03-14,257.7,257.7,243.0,256.4,55210.0
2016-03-15,253.5,266.8,253.3,264.7,117100.0
2016-03-16,263.2,264.2,260.0,263.0,20950.0
2016-03-17,263.8,266.3,261.3,265.3,19370.0
2016-03-18,264.0,265.3,251.3,251.3,39180.0
2016-03-21,255.2,258.7,251.0,251.9,26980.0
2016-03-22,252.7,256.9,251.0,252.5,29760.0
2016-03-23,253.3,260.9,250.2,259.0,35850.0
2016-03-24,258.1,260.7,250.5,256.5,84960.0
2016-03-25,258.1,261.5,258.1,261.5,31620.0
2016-03-28,263.0,263.7,257.3,258.3,11410.0
2016-03-29,260.1,262.5,260.0,262.3,35430.0
2016-03-30,262.7,266.7,262.0,262.0,80510.0
2016-03-31,262.3,266.4,261.3,266.4,49660.0
2016-04-01,266.7,266.8,261.0,263.9,52870.0
2016-04-04,265.1,265.1,262.7,263.4,4200.0
2016-04-05,260.9,263.9,259.0,259.5,120650.0
2016-04-06,260.0,262.7,259.4,261.0,121770.0
2016-04-07,258.7,261.0,255.4,258.3,41250.0
2016-04-08,259.0,259.6,255.4,259.6,41300.0
2016-04-11,259.9,260.2,257.0,260.2,20450.0
2016-04-12,260.2,260.8,257.2,259.6,12360.0
2016-04-13,251.0,259.2,250.7,257.5,57770.0
2016-04-14,258.3,261.8,257.8,261.8,7700.0
2016-04-15,262.0,271.1,261.0,270.3,121750.0
2016-04-18,270.4,283.0,266.7,280.6,127090.0
2016-04-19,279.9,287.3,276.2,284.5,119240.0
2016-04-20,284.5,291.2,284.5,290.4,37470.0
2016-04-21,290.5,295.1,289.0,292.2,36080.0
2016-04-22,291.3,298.8,291.0,294.4,63030.0
2016-04-25,296.0,299.7,285.0,295.3,78120.0
2016-04-26,292.0,305.5,292.0,304.7,84580.0
2016-04-27,307.0,307.0,296.1,300.1,77040.0
2016-04-28,296.3,304.7,294.5,296.0,52080.0
2016-04-29,297.3,301.9,294.8,299.0,32170.0
2016-05-04,293.1,301.3,292.1,298.7,78510.0
2016-05-05,298.9,300.6,296.7,299.0,7560.0
2016-05-06,296.3,299.8,296.0,299.2,4410.0
2016-05-10,296.9,298.8,285.1,296.0,45440.0
2016-05-11,296.0,299.0,295.4,296.7,21810.0
2016-05-12,299.5,299.9,296.0,297.5,27820.0
2016-05-13,295.1,310.0,295.1,298.1,35160.0
2016-05-16,300.0,300.0,296.8,298.1,30490.0
2016-05-17,302.0,306.0,296.4,300.0,43130.0
2016-05-18,295.5,300.2,295.5,295.6,26020.0
2016-05-19,295.2,299.3,295.0,297.0,29220.0
2016-05-20,298.5,302.0,298.0,301.6,15820.0
2016-05-23,300.4,302.4,297.8,297.9,42670.0
2016-05-24,296.3,298.2,294.2,295.9,9200.0
2016-05-25,295.3,296.9,295.0,296.9,12780.0
2016-05-26,297.9,301.2,295.7,297.5,25580.0
2016-05-27,297.7,299.4,296.0,299.0,12640.0
2016-05-30,296.8,299.5,295.7,296.9,23250.0
2016-05-31,297.1,297.1,290.7,292.0,34170.0
2016-06-01,296.0,296.8,285.0,291.4,53370.0
2016-06-02,290.7,294.9,287.3,292.7,32180.0
2016-06-03,292.0,300.2,283.9,294.2,60560.0
2016-06-06,296.4,298.4,292.2,296.9,74370.0
2016-06-07,296.3,300.0,295.7,297.7,74600.0
2016-06-08,297.0,297.0,289.0,294.2,30600.0
2016-06-09,293.0,294.4,291.2,292.4,11290.0
2016-06-10,292.9,294.9,292.0,294.5,22520.0
2016-06-14,294.4,309.3,292.0,298.7,254320.0
2016-06-15,298.0,310.9,295.4,303.0,94980.0
2016-06-16,300.1,310.5,300.1,305.0,101600.0
2016-06-17,308.9,308.9,295.1,295.1,46850.0
2016-06-20,300.5,306.9,297.2,306.4,70720.0
2016-06-21,306.8,307.5,302.9,307.5,36890.0
2016-06-22,307.1,309.8,302.1,303.5,34880.0
2016-06-23,302.7,315.0,302.0,314.9,53580.0
2016-06-24,304.1,315.9,300.5,307.1,50660.0
2016-06-27,306.6,314.0,302.6,313.8,56800.0
2016-06-28,312.8,323.5,312.1,320.0,74620.0
2016-06-29,322.0,334.0,319.8,326.8,153410.0
2016-06-30,315.3,316.1,300.7,301.7,100600.0
2016-07-01,300.7,303.3,298.4,299.3,29890.0
2016-07-04,300.0,306.9,286.0,299.8,189160.0
2016-07-05,300.0,300.3,293.0,296.7,36180.0
2016-07-06,298.0,298.0,293.0,293.5,50140.0
2016-07-07,293.3,293.3,286.5,288.0,54470.0
2016-07-08,289.1,289.1,284.0,286.7,14400.0
2016-07-11,287.7,291.0,287.6,289.9,32460.0
2016-07-12,290.1,301.0,289.6,301.0,108560.0
2016-07-13,299.4,303.0,293.5,303.0,78100.0
2016-07-14,302.6,303.8,293.8,295.0,52990.0
2016-07-15,295.5,298.7,288.9,298.3,37820.0
2016-07-18,298.9,305.0,288.0,303.4,76850.0
2016-07-19,304.5,319.2,302.9,316.5,92580.0
2016-07-20,315.9,319.0,312.7,314.9,46910.0
2016-07-21,313.3,316.6,306.0,314.9,46170.0
2016-07-22,314.5,315.9,311.0,314.9,33230.0
2016-07-25,318.3,321.0,309.1,312.9,58150.0
2016-07-26,315.8,318.3,310.3,315.9,42040.0
2016-07-27,316.8,341.7,312.9,321.9,80550.0
2016-07-28,319.3,329.0,315.9,329.0,63250.0
2016-07-29,326.1,327.7,317.7,321.5,50740.0
2016-08-01,325.7,326.9,318.8,319.3,54890.0
2016-08-02,320.6,320.8,315.5,316.4,52170.0
2016-08-03,318.7,318.7,311.1,315.5,38470.0
2016-08-04,316.3,323.8,313.4,321.9,35370.0
2016-08-05,320.0,323.7,315.0,320.4,28520.0
2016-08-08,320.7,320.7,316.9,318.9,46170.0
2016-08-09,319.2,321.1,319.0,319.1,26990.0
2016-08-10,319.1,325.7,318.9,325.0,40740.0
2016-08-11,323.6,333.0,319.9,333.0,46380.0
2016-08-12,329.9,349.0,329.5,345.0,146970.0
2016-08-15,346.1,347.0,341.7,344.8,35740.0
2016-08-16,345.0,348.3,339.1,345.0,97500.0
2016-08-17,343.5,349.0,339.9,349.0,39770.0
2016-08-18,347.3,351.0,344.7,349.0,48410.0
2016-08-19,348.8,351.8,343.0,344.1,51120.0
2016-08-22,344.1,356.7,343.8,356.7,124350.0
2016-08-23,357.9,357.9,340.7,349.4,78130.0
2016-08-24,348.2,350.3,345.4,350.3,36710.0
2016-08-25,353.7,367.2,351.0,364.8,59310.0
2016-08-26,368.3,373.5,347.9,348.0,90700.0
2016-08-29,349.5,349.5,340.0,345.0,88550.0
2016-08-30,345.0,347.3,340.1,346.8,50930.0
2016-08-31,346.2,349.6,344.9,346.3,46930.0
2016-09-01,347.0,351.8,344.9,351.8,55960.0
2016-09-02,351.4,359.2,350.6,357.0,52270.0
2016-09-05,357.8,361.0,352.6,359.7,41570.0
2016-09-06,361.0,371.0,360.6,366.8,83110.0
2016-09-07,371.8,371.9,360.3,369.1,56570.0
2016-09-08,370.9,370.9,354.1,370.0,126340.0
2016-09-09,370.0,370.0,364.3,367.9,38260.0
2016-09-12,367.3,367.3,350.0,350.3,36890.0
2016-09-13,353.4,363.9,346.2,362.2,43070.0
2016-09-14,364.4,373.7,363.1,367.5,67920.0
2016-09-15,367.9,367.9,351.3,361.2,37250.0
2016-09-16,364.0,364.2,355.6,357.2,41610.0
2016-09-19,358.8,359.5,342.8,350.0,42550.0
2016-09-20,351.7,351.7,340.2,345.0,32930.0
2016-09-21,344.9,354.5,344.7,352.0,64920.0
2016-09-22,354.0,354.0,345.0,351.3,48470.0
2016-09-23,347.0,348.3,336.0,342.6,52360.0
2016-09-26,343.2,343.2,334.0,338.3,36060.0
2016-09-27,339.0,339.9,331.0,333.8,35520.0
2016-09-28,332.6,338.1,332.2,335.2,12930.0
2016-09-29,339.0,345.0,337.6,341.5,13690.0
2016-09-30,339.5,343.4,330.2,343.4,17980.0
2016-10-03,340.5,347.5,340.1,347.5,13740.0
2016-10-04,348.9,358.4,348.8,358.4,86180.0
2016-10-05,357.5,368.8,344.4,360.0,32820.0
2016-10-06,358.3,361.5,355.9,359.0,12110.0
2016-10-07,359.6,359.6,350.3,352.6,5970.0
2016-10-10,358.4,358.4,346.3,346.4,15250.0
2016-10-11,348.7,349.7,340.6,343.8,46410.0
2016-10-12,342.7,344.7,337.3,337.5,18040.0
2016-10-13,338.8,338.8,332.2,335.0,29120.0
2016-10-14,333.0,336.8,327.2,334.9,22780.0
2016-10-17,335.4,341.8,333.9,340.8,222810.0
2016-10-18,343.7,343.9,340.1,342.5,115940.0
2016-10-19,341.7,345.0,337.8,345.0,35710.0
2016-10-20,345.4,345.7,341.9,345.0,28710.0
2016-10-21,345.0,345.9,341.1,344.0,44680.0
2016-10-24,347.9,360.5,344.5,360.5,45630.0
2016-10-25,354.1,359.5,348.1,358.9,68170.0
2016-10-26,357.0,357.0,349.8,352.0,26620.0
2016-10-27,353.3,353.4,340.4,343.1,64170.0
2016-10-28,343.1,347.9,339.2,340.3,23240.0
2016-10-31,340.0,341.1,339.0,339.7,11880.0
2016-11-01,339.3,344.7,336.0,338.4,16200.0
2016-11-02,337.4,343.4,337.2,341.2,15840.0
2016-11-03,341.2,343.2,333.0,333.0,20800.0
2016-11-07,331.6,334.8,331.6,333.9,13910.0
2016-11-08,332.2,334.3,324.6,329.4,28770.0
2016-11-09,327.9,328.0,324.7,326.7,37290.0
2016-11-10,326.0,337.0,325.7,337.0,25600.0
2016-11-11,338.2,340.4,334.1,338.0,25440.0
2016-11-14,337.8,338.0,329.6,333.5,8970.0
2016-11-15,330.6,340.5,330.5,338.3,25920.0
2016-11-16,341.6,354.9,340.0,354.9,46440.0
2016-11-17,353.2,353.2,342.0,343.4,22830.0
2016-11-18,343.4,352.9,343.2,351.4,49090.0
2016-11-21,353.0,355.9,348.9,355.9,137450.0
2016-11-22,354.9,370.1,352.2,369.9,80190.0
2016-11-23,369.9,374.1,364.6,372.0,78830.0
2016-11-24,370.9,383.6,369.8,375.0,89020.0
2016-11-25,377.5,383.1,370.7,376.0,168200.0
2016-11-28,376.4,378.0,371.5,376.2,37740.0
2016-11-29,374.7,374.7,363.2,365.8,66630.0
2016-11-30,367.5,385.0,364.0,373.0,73350.0
2016-12-01,379.4,379.4,364.6,364.8,33390.0
2016-12-02,367.6,372.7,363.8,372.0,44210.0
2016-12-05,371.3,375.5,356.1,369.0,153660.0
2016-12-06,369.5,374.0,365.1,369.5,25390.0
2016-12-07,368.6,373.2,365.0,373.2,52620.0
2016-12-08,372.1,374.0,366.1,369.1,77470.0
2016-12-09,369.0,370.9,357.1,363.3,75910.0
2016-12-12,364.9,365.6,353.1,365.6,78130.0
2016-12-13,366.3,374.6,356.5,367.3,49820.0
2016-12-14,368.0,414.0,366.4,395.5,714450.0
2016-12-15,395.9,396.9,386.6,387.5,109800.0
2016-12-16,386.6,390.0,382.1,390.0,227320.0
2016-12-19,388.6,390.0,385.4,389.9,140660.0
2016-12-20,390.0,391.0,387.0,387.0,27460.0
2016-12-21,385.9,388.4,380.0,380.3,71600.0
2016-12-22,380.4,385.0,378.3,382.2,47820.0
2016-12-23,381.4,386.9,380.1,386.9,49650.0
2016-12-26,387.2,387.5,383.9,385.0,26080.0
2016-12-27,386.4,390.7,385.8,389.6,95970.0
2016-12-28,390.8,391.2,380.2,383.4,165090.0
2016-12-29,380.1,383.5,380.1,382.8,30210.0
2016-12-30,383.0,387.7,381.4,387.5,27200.0
2017-01-03,389.3,389.8,385.9,388.4,13120.0
2017-01-04,388.6,388.6,383.5,385.5,21080.0
2017-01-05,385.5,386.5,380.5,380.5,29570.0
2017-01-06,381.8,382.8,375.2,376.4,38960.0
2017-01-09,378.6,380.9,376.2,376.5,124880.0
2017-01-10,377.2,377.3,366.6,374.6,172180.0
2017-01-11,373.1,377.0,371.3,373.5,54640.0
2017-01-12,373.0,374.5,371.5,374.0,67470.0
2017-01-13,374.1,374.5,367.9,373.0,128830.0
2017-01-16,371.3,372.2,369.0,369.0,161080.0
2017-01-17,370.3,371.6,366.1,369.2,141830.0
2017-01-18,371.2,372.9,367.7,370.1,152600.0
2017-01-19,370.0,373.7,370.0,373.0,49370.0
2017-01-20,373.0,375.0,370.9,372.5,96680.0
2017-01-23,372.2,375.2,372.0,374.0,72650.0
2017-01-24,372.3,377.6,370.5,377.6,143090.0
2017-01-25,378.3,389.8,374.4,384.5,237810.0
2017-01-26,388.8,389.2,378.0,381.4,103540.0
2017-01-27,382.2,385.0,377.8,383.2,69070.0
2017-01-30,385.1,385.6,380.4,382.1,53080.0
2017-01-31,382.3,385.0,381.0,385.0,60170.0
2017-02-01,384.2,384.4,380.0,383.0,35090.0
2017-02-02,383.0,383.5,375.2,378.8,56900.0
2017-02-03,381.1,381.1,370.2,373.7,117420.0
2017-02-06,372.2,374.7,370.1,371.0,76520.0
2017-02-07,371.1,374.2,368.4,374.0,66680.0
2017-02-08,373.1,375.5,371.6,372.0,106690.0
2017-02-09,371.9,372.5,370.1,372.0,73540.0
2017-02-10,371.9,371.9,368.7,369.5,64510.0
2017-02-13,369.0,375.0,367.5,371.0,476250.0
2017-02-14,371.0,373.2,366.2,371.5,502590.0
2017-02-15,372.0,375.5,368.0,371.5,783950.0
2017-02-16,372.2,374.7,368.3,370.0,2475290.0
2017-02-17,369.9,371.3,369.0,371.3,164650.0
2017-02-20,371.3,372.1,355.6,369.9,122230.0
2017-02-21,370.2,370.5,368.7,370.0,479610.0
2017-02-22,371.0,372.0,370.0,370.1,3040240.0
2017-02-24,369.4,373.4,369.3,373.4,35060.0
2017-02-27,373.0,373.1,371.3,372.4,2227260.0
2017-02-28,372.4,373.8,368.3,373.8,3722070.0
2017-03-01,373.2,374.5,372.8,374.0,74860.0
2017-03-02,374.4,375.6,373.9,375.6,134160.0
2017-03-03,375.4,383.4,375.0,381.0,355190.0
2017-03-06,383.0,383.5,377.5,379.6,3877300.0
2017-03-07,381.1,381.5,379.6,381.0,57930.0
2017-03-09,382.6,387.6,380.5,387.6,466690.0
2017-03-10,386.7,386.9,380.4,382.0,118450.0
2017-03-13,382.2,394.0,381.0,385.9,527420.0
2017-03-14,387.7,393.5,383.0,385.5,391970.0
2017-03-15,385.8,398.6,384.5,386.1,613080.0
2017-03-16,387.3,388.8,383.1,386.9,5459820.0
2017-03-17,387.5,387.5,383.0,384.9,97660.0
2017-03-20,384.5,384.5,381.3,383.0,135240.0
2017-03-21,382.8,383.1,380.5,381.1,83300.0
2017-03-22,381.3,385.4,380.1,383.0,164640.0
2017-03-23,383.2,383.2,377.6,381.0,77720.0
2017-03-24,380.7,382.0,379.7,380.8,75510.0
2017-03-27,382.2,384.6,376.7,377.5,63760.0
2017-03-28,377.9,380.0,377.7,379.5,66040.0
2017-03-29,379.7,379.9,375.2,376.5,101500.0
2017-03-30,377.2,377.2,370.2,370.5,197630.0
2017-03-31,372.0,376.0,370.5,375.4,640710.0
2017-04-03,374.3,375.3,371.2,373.3,227800.0
2017-04-04,373.6,376.4,372.3,372.3,180160.0
2017-04-05,372.0,373.5,370.0,373.5,269920.0
2017-04-06,373.5,375.0,373.2,374.0,41520.0
2017-04-07,374.2,377.7,371.8,375.0,124330.0
2017-04-10,375.5,376.2,371.0,375.4,129810.0
2017-04-11,375.0,375.3,372.9,373.2,134660.0
2017-04-12,373.1,373.9,372.0,373.6,90850.0
2017-04-13,372.6,374.0,371.3,372.8,110870.0
2017-04-14,372.1,383.6,371.4,379.5,2144550.0
2017-04-17,380.1,380.5,379.0,379.1,705240.0
2017-04-18,379.4,379.6,378.5,378.6,1152920.0
2017-04-19,378.5,379.1,378.3,378.6,389200.0
2017-04-20,378.3,378.7,375.4,378.5,1415280.0
2017-04-21,377.2,379.0,377.0,378.0,1247550.0
2017-04-24,378.2,378.8,377.5,377.6,64350.0
2017-04-25,377.7,377.8,375.4,375.7,178230.0
2017-04-26,375.4,378.8,373.0,378.8,249630.0
2017-04-27,378.8,379.4,375.8,377.2,307760.0
2017-04-28,383.1,383.1,379.2,381.8,781890.0
2017-05-02,381.9,382.8,381.7,382.2,548920.0
2017-05-03,383.0,383.0,382.2,382.5,225150.0
2017-05-04,382.4,382.6,382.3,382.4,437350.0
2017-05-05,382.4,383.0,382.4,383.0,173510.0
2017-05-10,383.8,385.0,382.5,384.5,274080.0
2017-05-11,384.3,384.9,384.0,384.6,256310.0
2017-05-12,385.6,386.3,384.4,385.4,992090.0
2017-05-15,385.2,385.7,384.3,384.5,588800.0
2017-05-16,384.6,384.6,384.1,384.3,200880.0
2017-05-17,384.3,385.4,384.1,385.1,439960.0
2017-05-18,385.3,386.9,385.0,386.4,299300.0
2017-05-19,386.2,387.6,386.2,387.4,350450.0
2017-05-22,387.5,387.5,386.7,386.8,99850.0
2017-05-23,386.5,387.0,386.2,387.0,465240.0
2017-05-24,387.0,387.0,386.7,386.8,130100.0
2017-05-25,386.9,387.0,386.7,386.9,99620.0
2017-05-26,386.9,387.4,386.6,387.3,248800.0
2017-05-29,387.3,387.5,387.0,387.4,184310.0
2017-05-30,387.4,387.7,387.1,387.6,66660.0
2017-05-31,387.7,388.0,387.0,387.0,471370.0
2017-06-01,387.6,388.0,387.4,387.6,161690.0
2017-06-02,387.8,388.7,387.6,388.7,63170.0
2017-06-05,389.0,389.0,388.3,388.6,77950.0
2017-06-06,388.6,388.8,388.2,388.8,149240.0
2017-06-07,388.8,389.4,388.1,388.6,106420.0
2017-06-08,388.6,389.2,388.5,389.2,224650.0
2017-06-09,389.4,389.5,389.0,389.4,72900.0
2017-06-13,389.5,390.0,389.3,390.0,191700.0
2017-06-14,390.0,390.5,389.9,390.4,194340.0
2017-06-15,390.5,391.3,389.0,391.3,609130.0
2017-06-16,391.5,391.9,389.1,389.1,528300.0
2017-06-19,391.4,391.6,390.0,390.5,127730.0
2017-06-20,390.7,391.0,389.3,389.6,341380.0
2017-06-21,389.6,390.2,389.3,389.9,147760.0
2017-06-22,389.7,390.5,389.6,390.1,46860.0
2017-06-23,389.8,390.8,389.8,390.3,272750.0
2017-06-26,390.2,391.4,390.2,391.0,268390.0
2017-06-27,391.7,391.7,390.4,390.9,194050.0
2017-06-28,391.2,391.5,390.5,391.2,142290.0
2017-06-29,391.4,391.5,391.1,391.4,33720.0
2017-06-30,391.1,392.4,391.1,392.4,293650.0
2017-07-03,392.2,394.6,391.9,393.9,1436450.0
2017-07-04,393.3,394.6,392.2,392.7,1159680.0
2017-07-05,392.3,394.8,391.1,394.3,2225120.0
2017-07-06,393.6,398.4,391.0,394.0,1324640.0
2017-07-07,394.6,399.0,394.0,397.8,5942750.0
2017-07-10,397.1,397.7,381.5,392.0,77230.0
2017-07-11,394.0,419.9,390.0,395.2,510690.0
2017-07-12,401.1,404.9,397.4,398.5,50170.0
2017-07-13,403.7,414.9,395.0,403.0,100880.0
2017-07-14,401.3,403.2,397.7,402.0,2519310.0
2017-07-17,402.0,411.5,398.5,409.9,772540.0
2017-07-18,408.3,415.4,408.2,415.4,18240.0
2017-07-19,418.8,418.8,410.0,410.0,24890.0
2017-07-20,410.6,415.3,406.3,410.4,6490.0
2017-07-21,410.4,418.9,410.4,418.1,18610.0
2017-07-24,419.5,428.0,418.7,427.0,45210.0
2017-07-25,426.8,432.0,426.7,431.2,65780.0
2017-07-26,429.9,432.0,429.7,431.7,55060.0
2017-07-27,409.0,409.0,405.0,407.1,170230.0
2017-07-28,407.4,409.0,406.6,407.5,207450.0
2017-07-31,408.8,409.0,407.0,407.1,172680.0
2017-08-01,408.9,409.0,405.2,409.0,77230.0
2017-08-02,407.3,407.7,406.7,406.9,50630.0
2017-08-03,408.7,409.0,405.2,405.2,64750.0
2017-08-04,405.4,406.5,405.4,406.2,11440.0
2017-08-07,407.0,407.0,405.1,405.4,21090.0
2017-08-08,405.1,406.1,405.1,405.3,12770.0
2017-08-09,405.2,405.5,405.0,405.0,15390.0
2017-08-10,405.3,406.5,405.0,406.0,221210.0
2017-08-11,407.9,407.9,405.1,405.1,4850.0
2017-08-14,405.9,407.3,405.3,406.6,107260.0
2017-08-15,406.4,408.0,406.4,407.8,90550.0
2017-08-16,407.7,408.0,405.5,405.5,93590.0
2017-08-17,405.6,406.4,405.0,405.1,89440.0
2017-08-18,408.7,408.7,405.0,405.3,198320.0
2017-08-21,406.1,406.7,405.0,405.1,135230.0
2017-08-22,406.6,408.9,405.2,407.9,107760.0
2017-08-23,407.7,409.0,405.1,406.0,118350.0
2017-08-24,406.1,413.0,405.7,410.9,178110.0
2017-08-25,414.0,414.0,405.8,406.7,86910.0
2017-08-28,412.3,412.3,406.2,406.2,81590.0
2017-08-29,407.8,408.1,406.4,407.9,77790.0
2017-08-30,410.5,411.6,405.2,406.0,88860.0
2017-08-31,406.9,419.8,405.8,419.8,197280.0
2017-09-01,416.7,425.0,411.6,415.1,149340.0
2017-09-04,418.2,419.5,409.3,418.5,75550.0
2017-09-05,419.7,421.2,417.2,421.0,87110.0
2017-09-06,417.9,419.0,411.9,416.0,92400.0
2017-09-07,413.5,420.7,413.5,420.0,89100.0
2017-09-08,421.2,423.0,417.0,420.0,99230.0
2017-09-11,422.7,422.9,414.5,418.0,82970.0
2017-09-12,419.9,420.0,417.4,419.0,79950.0
2017-09-13,419.0,419.0,417.2,417.4,84020.0
2017-09-14,416.1,427.0,416.0,427.0,118860.0
2017-09-15,424.3,433.0,424.3,427.0,122360.0
2017-09-18,428.2,432.7,427.0,432.4,88970.0
2017-09-19,436.8,436.8,423.0,426.0,78860.0
2017-09-20,425.0,426.8,424.0,424.0,79110.0
2017-09-21,424.3,428.5,423.9,428.5,80030.0
2017-09-22,429.1,429.5,426.7,429.2,80120.0
2017-09-25,429.7,435.7,416.7,427.0,76140.0
2017-09-26,428.6,435.9,423.0,425.0,73570.0
2017-09-27,425.9,429.6,424.1,424.1,77680.0
2017-09-28,423.8,427.8,421.9,423.1,75540.0
2017-09-29,419.7,423.5,416.1,416.1,90430.0
2017-10-02,417.9,423.2,417.0,422.5,82220.0
2017-10-03,432.9,432.9,424.1,428.3,92510.0
2017-10-04,428.7,428.8,418.1,419.4,76870.0
2017-10-05,417.6,420.8,417.5,420.0,123650.0
2017-10-06,422.5,425.1,418.3,420.0,135030.0
2017-10-09,421.7,422.0,419.0,419.5,110120.0
2017-10-10,419.8,420.5,418.5,418.5,124010.0
2017-10-11,418.8,421.0,418.7,419.9,102070.0
2017-10-12,422.5,422.5,418.7,422.1,118950.0
2017-10-13,422.5,425.5,420.0,420.0,163820.0
2017-10-16,420.5,423.0,420.5,421.5,105130.0
2017-10-17,419.4,422.0,417.7,420.6,134090.0
2017-10-18,419.6,422.9,419.5,420.0,161630.0
2017-10-19,420.0,422.8,410.8,413.8,167740.0
2017-10-20,411.7,420.0,411.3,420.0,86840.0
2017-10-23,423.7,423.7,411.1,412.5,74940.0
2017-10-24,412.9,416.0,411.5,414.5,72580.0
2017-10-25,421.0,421.0,413.1,415.2,79700.0
2017-10-26,413.0,419.3,411.0,419.2,74930.0
2017-10-27,419.9,423.4,415.6,416.3,76370.0
2017-10-30,414.6,423.0,414.6,420.1,82250.0
2017-10-31,420.7,422.9,417.1,422.9,145830.0
2017-11-01,419.2,431.8,416.5,419.2,80030.0
2017-11-02,416.4,421.0,416.4,420.0,80770.0
2017-11-03,420.2,422.3,419.1,422.3,95260.0
2017-11-07,423.0,429.8,415.9,420.0,74360.0
2017-11-08,424.0,424.1,416.1,416.1,75550.0
2017-11-09,416.7,420.0,414.0,420.0,86500.0
2017-11-10,420.4,420.6,416.7,419.7,76560.0
2017-11-13,420.7,422.5,417.8,419.1,74970.0
2017-11-14,423.9,424.5,417.7,421.2,80430.0
2017-11-15,422.5,422.5,414.2,419.4,120030.0
2017-11-16,415.8,421.5,408.0,408.0,106770.0
2017-11-17,404.9,409.0,392.2,396.3,115020.0
2017-11-20,396.1,400.0,373.4,380.1,153370.0
2017-11-21,389.6,389.6,371.7,372.2,119060.0
2017-11-22,374.7,379.5,363.0,374.5,90040.0
2017-11-23,373.0,385.0,361.0,380.0,80470.0
2017-11-24,388.0,388.0,362.5,362.9,93270.0
2017-11-27,363.5,367.2,351.8,351.9,123350.0
2017-11-28,353.5,354.2,351.1,354.2,101340.0
2017-11-29,352.4,359.0,351.1,351.5,93130.0
2017-11-30,353.3,419.5,353.3,390.6,3333883.0
2017-12-01,379.9,399.0,365.3,385.0,95980.0
2017-12-04,386.8,389.7,371.4,389.7,85180.0
2017-12-05,390.9,405.0,385.7,405.0,90480.0
2017-12-06,403.4,405.0,390.8,405.0,82510.0
2017-12-07,405.2,405.2,393.4,401.4,94980.0
2017-12-08,406.2,406.2,394.9,404.9,77810.0
2017-12-11,404.8,404.9,398.5,403.0,81230.0
2017-12-12,400.4,402.7,398.0,402.0,81310.0
2017-12-13,398.1,403.9,396.0,398.0,89090.0
2017-12-14,403.8,407.0,398.0,407.0,90300.0
2017-12-15,403.0,417.0,398.1,417.0,806480.0
2017-12-18,415.9,416.4,406.1,411.1,407730.0
2017-12-19,405.2,411.3,396.1,396.1,89420.0
2017-12-20,393.4,407.5,385.0,400.4,83760.0
2017-12-21,403.9,410.8,397.6,404.0,77310.0
2017-12-22,392.9,409.3,392.3,398.2,79190.0
2017-12-25,400.9,400.9,395.0,397.4,77980.0
2017-12-26,397.3,411.6,391.2,394.9,81440.0
2017-12-27,399.6,404.0,382.1,393.5,113800.0
2017-12-28,389.0,408.0,384.6,408.0,46610.0
2017-12-29,401.3,415.1,398.2,415.0,143700.0
2018-01-03,412.4,415.0,401.8,407.8,63290.0
2018-01-04,404.8,411.6,401.7,405.1,69730.0
2018-01-05,400.2,411.0,400.1,405.6,66030.0
2018-01-09,404.3,416.6,403.3,411.0,92680.0
2018-01-10,407.1,416.3,404.0,404.0,86190.0
2018-01-11,405.0,410.0,402.2,408.9,98550.0
2018-01-12,407.2,409.0,405.4,405.4,79800.0
2018-01-15,398.5,409.0,398.5,408.7,77540.0
2018-01-16,406.9,408.0,399.6,404.6,77120.0
2018-01-17,397.9,405.0,397.9,400.9,88210.0
2018-01-18,401.0,406.9,401.0,406.9,121270.0
2018-01-19,404.2,408.5,398.0,401.9,77800.0
2018-01-22,399.7,404.9,396.6,396.7,156650.0
2018-01-23,399.6,399.7,391.8,393.9,162630.0
2018-01-24,395.2,402.4,394.0,400.0,155450.0
2018-01-25,396.3,401.5,396.3,398.3,190190.0
2018-01-26,399.0,402.5,396.9,400.1,200310.0
2018-01-29,404.9,404.9,396.3,402.0,353390.0
2018-01-30,398.1,401.8,396.3,400.0,333410.0
2018-01-31,398.3,402.1,396.9,400.5,315600.0
2018-02-01,396.7,401.7,396.7,397.8,328800.0
2018-02-02,396.5,418.7,396.5,418.7,702300.0
2018-02-05,417.8,420.0,405.5,420.0,979100.0
2018-02-06,419.0,422.4,406.7,422.3,305600.0
2018-02-07,422.1,446.2,414.0,437.9,322060.0
2018-02-08,442.0,444.9,424.2,444.0,130620.0
2018-02-09,442.8,445.1,431.0,439.8,228130.0
2018-02-12,444.7,446.5,433.8,446.5,752540.0
2018-02-13,446.8,460.0,438.2,441.3,700780.0
2018-02-14,438.9,443.9,431.0,443.5,75400.0
2018-02-15,443.3,443.3,433.0,434.2,79320.0
2018-02-16,438.8,441.8,433.3,436.6,84950.0
2018-02-19,436.6,440.8,435.8,440.0,82020.0
2018-02-20,440.6,445.0,436.2,438.8,88930.0
2018-02-21,442.9,442.9,434.3,436.8,85470.0
2018-02-22,432.3,441.8,432.3,438.2,101890.0
2018-02-26,444.9,444.9,433.7,434.0,105380.0
2018-02-27,437.7,437.7,420.0,420.0,99900.0
2018-02-28,421.0,425.3,415.2,416.0,246940.0
2018-03-01,417.9,419.9,405.0,405.0,352430.0
2018-03-02,406.0,411.3,405.0,409.0,334610.0
2018-03-05,404.0,408.8,401.5,405.0,664300.0
2018-03-06,405.5,408.3,405.0,405.0,353120.0
2018-03-07,401.1,406.5,397.8,401.9,357800.0
2018-03-09,403.8,409.4,403.3,408.0,75000.0
2018-03-12,409.0,420.9,391.0,393.8,382460.0
2018-03-13,400.6,404.8,387.0,404.8,847510.0
2018-03-14,404.9,420.0,402.8,418.0,316210.0
2018-03-15,409.3,431.0,390.2,409.9,490090.0
2018-03-16,411.1,414.0,400.0,404.0,603850.0
2018-03-19,400.5,407.4,400.0,403.6,406380.0
2018-03-20,404.9,404.9,395.8,395.8,814720.0
2018-03-21,397.0,405.9,396.8,405.9,134380.0
2018-03-22,406.0,420.0,405.2,419.0,134480.0
2018-03-23,418.9,440.1,418.9,440.1,331290.0
2018-03-26,442.3,442.7,431.6,434.8,81660.0
2018-03-27,437.9,437.9,424.0,424.0,95660.0
2018-03-28,434.8,434.8,405.0,416.0,120580.0
2018-03-29,416.0,416.0,410.6,412.0,107450.0
2018-03-30,417.5,417.5,405.0,406.5,252520.0
2018-04-02,412.0,429.2,405.9,418.7,113240.0
2018-04-03,418.9,418.9,404.9,407.3,318540.0
2018-04-04,408.8,410.0,406.2,408.9,75310.0
2018-04-05,409.9,410.0,405.3,410.0,137960.0
2018-04-06,406.6,410.0,405.2,408.4,77320.0
2018-04-09,409.8,410.0,396.3,400.4,62490.0
2018-04-10,397.1,401.9,374.6,381.2,118170.0
2018-04-11,381.1,396.9,375.8,396.9,120560.0
2018-04-12,395.9,410.6,389.9,410.6,85460.0
2018-04-13,410.1,410.6,398.6,399.1,138880.0
2018-04-16,400.8,404.1,387.6,388.0,76870.0
2018-04-17,393.2,405.0,390.8,391.1,92490.0
2018-04-18,397.0,408.2,394.9,403.7,96450.0
2018-04-19,402.1,407.4,398.5,402.0,78680.0
2018-04-20,397.6,408.3,397.6,400.9,87360.0
2018-04-23,402.2,410.0,402.2,407.3,78430.0
2018-04-24,401.2,412.8,401.2,412.8,91030.0
2018-04-25,406.0,410.5,399.4,400.0,75660.0
2018-04-26,400.8,403.0,398.7,401.7,75900.0
2018-04-27,401.3,404.5,399.9,402.9,1028530.0
2018-04-28,402.4,406.0,402.0,405.2,57590.0
2018-04-30,403.2,420.8,403.2,406.5,86960.0
2018-05-02,402.3,411.3,402.3,408.1,74700.0
2018-05-03,405.3,410.4,405.0,410.0,105150.0
2018-05-04,410.1,411.8,407.7,410.0,74100.0
2018-05-07,410.9,414.9,410.5,414.9,73870.0
2018-05-08,413.8,417.0,413.0,416.0,81780.0
2018-05-10,415.3,418.0,410.0,410.0,80430.0
2018-05-11,413.8,414.2,410.0,410.0,269590.0
2018-05-14,413.8,416.6,411.9,411.9,245350.0
2018-05-15,412.6,413.7,406.4,410.1,286120.0
2018-05-16,410.2,412.0,408.0,412.0,93220.0
2018-05-17,411.9,412.0,407.8,408.1,119320.0
2018-05-18,405.9,409.6,400.1,407.9,167360.0
2018-05-21,408.4,408.4,402.5,403.9,95620.0
2018-05-22,404.0,408.3,400.5,403.3,176080.0
2018-05-23,402.0,407.9,400.9,403.2,88600.0
2018-05-24,404.2,404.4,401.2,402.1,76350.0
2018-05-25,406.4,406.4,401.0,404.2,76610.0
2018-05-28,404.9,405.7,401.3,401.3,75530.0
2018-05-29,403.3,403.3,401.2,401.3,75670.0
2018-05-30,401.2,404.9,397.9,404.9,90340.0
2018-05-31,405.9,407.8,401.6,407.8,232200.0
2018-06-01,406.9,407.9,403.9,405.5,81020.0
2018-06-04,405.3,416.7,405.3,412.6,93260.0
2018-06-05,410.1,414.5,402.6,403.5,89760.0
2018-06-06,402.1,404.3,400.8,401.2,75580.0
2018-06-07,404.4,419.8,402.0,414.0,94190.0
2018-06-08,414.2,422.5,407.0,411.6,150680.0
2018-06-09,411.5,419.0,410.9,417.0,59310.0
2018-06-11,417.5,417.5,400.4,405.5,83640.0
2018-06-13,409.8,410.9,403.0,408.4,257960.0
2018-06-14,404.3,407.8,404.0,404.0,79030.0
2018-06-15,404.2,404.7,400.4,403.1,193810.0
2018-06-18,401.0,405.0,401.0,405.0,84120.0
2018-06-19,404.7,419.8,402.2,414.0,103760.0
2018-06-20,419.9,420.0,404.1,409.5,92760.0
2018-06-21,407.7,411.0,401.6,406.3,93400.0
2018-06-22,406.0,408.0,402.5,403.0,77740.0
2018-06-25,402.2,407.0,401.0,405.7,74460.0
2018-06-26,407.7,407.8,403.0,403.3,75890.0
2018-06-27,405.4,406.6,402.0,402.0,79660.0
2018-06-28,403.0,403.3,400.6,402.5,76560.0
2018-06-29,404.0,404.9,402.0,404.8,78360.0
2018-07-02,405.5,405.7,402.0,402.3,77020.0
2018-07-03,401.9,403.0,401.0,401.0,77000.0
2018-07-04,401.7,405.5,394.1,403.1,75840.0
2018-07-05,403.0,407.5,402.0,404.4,75070.0
2018-07-06,402.2,407.9,402.0,403.6,80430.0
2018-07-09,403.2,411.0,403.2,406.2,79080.0
2018-07-10,406.0,410.8,405.1,408.1,86900.0
2018-07-11,408.0,414.4,407.4,410.1,83430.0
2018-07-12,407.1,411.5,403.5,403.5,82670.0
2018-07-13,407.5,412.4,407.0,407.0,90510.0
2018-07-16,409.5,413.5,409.0,410.1,76400.0
2018-07-17,410.0,411.9,407.5,408.6,130400.0
2018-07-18,409.9,410.6,408.7,410.0,234210.0
2018-07-19,408.8,410.7,407.4,407.4,79470.0
2018-07-20,407.6,409.9,402.5,409.9,76950.0
2018-07-23,409.9,409.9,404.2,407.2,76880.0
2018-07-24,405.7,406.5,401.0,405.5,81660.0
2018-07-25,401.2,405.8,399.4,400.0,75800.0
2018-07-26,402.0,403.0,390.3,392.0,81980.0
2018-07-27,393.1,399.5,391.5,392.1,100400.0
2018-07-30,393.0,394.4,377.5,379.5,96790.0
2018-07-31,381.5,388.9,361.2,378.0,270550.0
2018-08-01,380.1,386.9,374.1,384.5,111010.0
2018-08-02,385.4,387.1,382.2,383.9,85710.0
2018-08-03,383.5,408.0,382.2,404.8,122970.0
2018-08-06,403.8,410.6,400.2,407.4,84710.0
2018-08-07,400.7,410.9,397.0,409.0,99370.0
2018-08-08,401.3,408.0,401.3,404.0,76800.0
2018-08-09,402.6,409.4,401.6,404.9,84430.0
2018-08-10,409.9,410.0,397.9,397.9,79480.0
2018-08-13,399.7,405.0,397.0,400.1,79600.0
2018-08-14,405.0,405.0,398.4,399.8,76570.0
2018-08-15,399.6,401.0,396.5,401.0,81690.0
2018-08-16,397.1,402.8,397.1,402.0,77760.0
2018-08-17,397.1,406.7,397.1,402.7,83410.0
2018-08-20,404.3,408.9,398.1,399.7,77570.0
2018-08-21,401.0,410.0,394.1,410.0,100730.0
2018-08-22,410.3,410.5,403.3,406.3,76620.0
2018-08-23,404.1,408.0,404.1,405.8,75110.0
2018-08-24,400.6,408.2,398.2,398.9,87500.0
2018-08-27,400.8,405.8,398.9,400.2,95010.0
2018-08-28,403.3,411.0,401.2,407.9,74770.0
2018-08-29,410.3,420.0,408.4,416.0,128480.0
2018-08-30,415.7,420.8,412.0,415.7,92090.0
2018-08-31,410.7,433.0,405.1,433.0,116700.0
2018-09-03,421.3,427.7,411.9,412.6,119090.0
2018-09-04,416.7,416.8,402.0,402.2,132410.0
2018-09-05,401.0,412.3,400.1,412.0,107700.0
2018-09-06,412.9,412.9,403.0,403.0,17250.0
2018-09-07,403.9,409.5,403.8,409.5,19210.0
2018-09-10,408.2,411.9,406.7,411.9,20630.0
2018-09-11,411.9,413.0,405.5,409.8,42480.0
2018-09-12,412.7,419.9,409.0,409.5,110650.0
2018-09-13,411.0,419.0,408.6,409.5,77030.0
2018-09-14,409.6,411.4,405.8,407.5,38520.0
2018-09-17,409.6,409.6,404.8,407.0,22870.0
2018-09-18,407.6,415.1,406.7,414.5,35260.0
2018-09-19,414.5,414.5,404.0,406.0,37930.0
2018-09-20,410.8,410.9,406.2,410.0,51560.0
2018-09-21,407.6,422.0,406.6,422.0,39030.0
2018-09-24,413.3,413.3,406.3,406.6,86380.0
2018-09-25,408.5,413.4,406.3,408.4,49430.0
2018-09-26,410.9,412.3,405.8,406.3,42360.0
2018-09-27,405.8,410.5,405.0,410.5,31300.0
2018-09-28,406.7,409.5,405.5,409.5,82350.0
2018-10-01,406.6,408.8,406.5,406.5,17830.0
2018-10-02,408.7,411.0,405.9,405.9,29330.0
2018-10-03,408.0,410.3,407.1,407.1,22340.0
2018-10-04,405.1,408.4,404.8,406.1,21560.0
2018-10-05,405.5,409.4,402.7,402.7,26910.0
2018-10-08,404.9,406.7,401.8,401.8,22820.0
2018-10-09,406.7,406.7,401.5,401.5,16770.0
2018-10-10,401.8,404.0,393.9,398.9,103290.0
2018-10-11,398.9,400.0,384.1,389.7,132170.0
2018-10-12,392.6,402.0,387.0,399.9,107000.0
2018-10-15,398.9,404.3,387.5,394.6,105220.0
2018-10-16,395.0,396.4,389.3,393.7,77260.0
2018-10-17,394.7,396.9,390.2,395.8,89130.0
2018-10-18,393.2,396.8,391.6,396.8,95580.0
2018-10-19,396.9,398.0,391.8,391.8,92350.0
2018-10-22,394.4,394.4,388.0,390.1,87470.0
2018-10-23,387.3,390.7,380.7,385.8,87060.0
2018-10-24,390.9,394.8,381.9,394.8,88360.0
2018-10-25,394.4,395.0,389.1,390.3,84910.0
2018-10-26,390.6,408.0,390.0,408.0,111890.0
2018-10-29,400.4,404.3,399.5,399.7,707920.0
2018-10-30,399.6,419.0,397.7,419.0,108310.0
2018-10-31,417.0,418.0,398.5,398.5,152300.0
2018-11-01,398.9,402.0,395.3,401.7,108960.0
2018-11-02,403.8,408.4,399.1,407.0,358920.0
2018-11-06,404.9,408.9,395.0,404.9,694850.0
2018-11-07,405.8,407.2,400.2,407.2,684530.0
2018-11-08,405.9,408.1,397.0,399.4,147080.0
2018-11-09,399.3,411.9,396.0,397.0,1655140.0
2018-11-12,399.0,400.8,395.5,397.8,93480.0
2018-11-13,399.8,400.7,393.0,396.0,104380.0
2018-11-14,399.0,399.9,390.3,393.5,140690.0
2018-11-15,398.5,399.8,396.1,397.5,93770.0
2018-11-16,399.3,402.1,397.1,400.5,105690.0
2018-11-19,398.7,402.2,398.7,401.1,84980.0
2018-11-20,401.5,402.4,399.4,399.4,82720.0
2018-11-21,401.5,401.5,394.1,396.2,92080.0
2018-11-22,397.7,401.4,395.4,400.1,83840.0
2018-11-23,400.0,400.6,397.7,398.7,85050.0
2018-11-26,398.7,400.7,393.5,399.5,351240.0
2018-11-27,400.8,401.5,398.0,398.9,105380.0
2018-11-28,400.1,404.0,398.9,402.6,576040.0
2018-11-29,404.7,404.7,399.0,402.3,351850.0
2018-11-30,402.6,418.2,398.0,418.2,501460.0
2018-12-03,412.4,413.3,405.6,406.6,88410.0
2018-12-04,405.0,405.0,398.5,400.2,202340.0
2018-12-05,398.7,419.9,398.7,401.2,107370.0
2018-12-06,401.9,404.3,400.2,401.8,107570.0
2018-12-07,400.2,404.9,399.5,400.0,110540.0
2018-12-10,399.8,400.0,396.8,396.8,104410.0
2018-12-11,398.0,401.0,397.1,398.6,90980.0
2018-12-12,397.6,402.0,395.8,402.0,96590.0
2018-12-13,401.7,401.7,396.4,396.4,82930.0
2018-12-14,398.3,399.4,395.0,399.4,89600.0
2018-12-17,399.3,407.7,397.5,402.4,108840.0
2018-12-18,403.5,409.0,399.5,408.9,131020.0
2018-12-19,402.5,403.5,399.0,400.3,122130.0
2018-12-20,397.6,402.4,393.1,399.5,116730.0
2018-12-21,401.7,414.9,398.0,414.9,151280.0
2018-12-24,411.1,411.1,392.0,392.0,149540.0
2018-12-25,394.6,394.8,384.2,391.7,103790.0
2018-12-26,393.7,396.4,392.0,395.4,92190.0
2018-12-27,396.2,399.4,392.3,395.7,93180.0
2018-12-28,397.3,411.7,395.4,405.4,142200.0
2018-12-29,409.9,411.0,402.4,410.0,89940.0
2019-01-03,401.4,412.8,399.2,411.5,59330.0
2019-01-04,409.8,409.8,400.4,401.1,46120.0
2019-01-08,402.1,403.8,400.0,403.8,69130.0
2019-01-09,402.7,404.8,399.1,402.0,106080.0
2019-01-10,401.0,411.0,400.1,403.0,3060950.0
2019-01-11,401.7,410.0,401.7,407.7,91450.0
2019-01-14,407.7,412.0,402.5,408.2,1021250.0
2019-01-15,410.8,411.0,405.9,409.0,77270.0
2019-01-16,405.6,408.5,405.1,405.1,79180.0
2019-01-17,404.5,408.3,404.2,407.3,87650.0
2019-01-18,406.1,408.5,402.2,404.2,392400.0
2019-01-21,406.5,406.5,404.4,405.1,77710.0
2019-01-22,404.9,405.0,402.4,402.4,85060.0
2019-01-23,404.1,404.1,402.4,403.0,88630.0
2019-01-24,404.2,404.2,401.2,402.7,87650.0
2019-01-25,404.2,404.2,400.5,401.6,85310.0
2019-01-28,401.1,404.5,400.3,402.9,90460.0
2019-01-29,404.2,404.2,400.5,401.4,100860.0
2019-01-30,401.0,403.3,399.4,400.4,91380.0
2019-01-31,400.9,403.8,400.6,400.6,90190.0
2019-02-01,402.3,403.7,400.0,400.1,69940.0
2019-02-04,403.4,403.9,400.9,403.7,98940.0
2019-02-05,403.0,403.5,399.1,401.3,120690.0
2019-02-06,402.2,402.3,399.9,401.0,100400.0
2019-02-07,401.5,401.5,399.5,401.3,103180.0
2019-02-08,401.8,404.0,399.9,403.9,165230.0
2019-02-11,403.5,404.4,401.9,404.0,97590.0
2019-02-12,402.4,404.4,401.9,402.9,104500.0
2019-02-13,404.2,405.8,400.3,402.2,145470.0
2019-02-14,402.2,404.6,401.1,403.0,97730.0
2019-02-15,403.2,407.0,403.1,407.0,92650.0
2019-02-18,406.2,406.9,404.0,405.0,94460.0
2019-02-19,405.2,413.0,403.2,413.0,111500.0
2019-02-20,408.1,410.0,406.1,407.0,88320.0
2019-02-21,407.5,408.4,404.8,405.0,93230.0
2019-02-22,406.2,407.8,402.9,404.0,89710.0
2019-02-25,404.6,407.1,402.1,403.6,89010.0
2019-02-26,405.3,407.4,404.1,405.7,82420.0
2019-02-27,405.7,407.9,404.4,407.9,80560.0
2019-02-28,405.3,412.0,405.2,412.0,125510.0
2019-03-01,408.2,411.0,406.1,406.6,96740.0
2019-03-04,407.0,407.6,405.3,406.5,75110.0
2019-03-05,405.9,406.9,404.0,404.0,83570.0
2019-03-06,405.2,406.7,403.5,403.5,92440.0
2019-03-07,406.4,408.0,405.0,407.6,91080.0
2019-03-11,407.0,407.7,405.0,405.0,81940.0
2019-03-12,406.2,406.2,404.0,404.0,82820.0
2019-03-13,405.0,405.8,404.2,405.8,78700.0
2019-03-14,405.0,405.7,404.0,404.8,78070.0
2019-03-15,405.1,406.0,403.0,403.0,82510.0
2019-03-18,405.2,406.6,404.9,406.6,85040.0
2019-03-19,405.2,408.7,405.0,405.0,84420.0
2019-03-20,405.1,408.5,405.1,406.7,81450.0
2019-03-21,408.0,411.0,405.9,408.6,99170.0
2019-03-22,410.8,410.9,405.8,407.9,88760.0
2019-03-25,410.0,410.1,405.8,407.5,89680.0
2019-03-26,408.7,409.3,405.9,406.8,83210.0
2019-03-27,408.4,408.9,405.5,405.6,85670.0
2019-03-28,406.7,408.6,405.6,406.7,87840.0
2019-03-29,407.5,409.4,406.5,408.5,79100.0
2019-04-01,408.1,408.8,405.4,406.4,94250.0
2019-04-02,409.0,409.0,405.7,406.2,76480.0
2019-04-03,407.9,408.2,405.5,407.9,101610.0
2019-04-04,406.7,409.0,406.2,407.9,159580.0
2019-04-05,409.5,409.5,405.0,406.3,160820.0
2019-04-08,407.5,408.6,406.4,407.9,16980.0
2019-04-09,407.5,410.0,406.5,407.4,26650.0
2019-04-10,405.4,408.8,405.4,407.5,397160.0
2019-04-11,408.1,411.7,405.0,405.0,757470.0
2019-04-12,406.6,414.0,405.6,406.6,792540.0
2019-04-15,407.2,409.0,406.1,407.9,833260.0
2019-04-16,408.0,408.5,407.4,407.8,632680.0
2019-04-17,408.4,408.4,406.2,407.9,1291400.0
2019-04-18,407.9,410.0,406.7,410.0,1740630.0
2019-04-19,410.0,420.0,407.8,414.1,1054110.0
2019-04-22,414.9,421.0,413.9,419.9,1723570.0
2019-04-23,420.0,421.2,415.7,420.9,1592200.0
2019-04-24,421.3,421.3,417.9,421.1,2894460.0
2019-04-25,419.8,420.8,417.5,418.5,19630.0
2019-04-26,420.2,420.2,417.3,417.5,24000.0
2019-04-29,417.2,420.3,417.2,419.0,20130.0
2019-04-30,418.4,422.0,407.2,422.0,111590.0
2019-05-02,422.2,422.3,418.1,422.3,113040.0
2019-05-03,422.4,424.5,419.9,422.5,37560.0
2019-05-06,421.2,421.2,415.3,417.3,28430.0
2019-05-07,416.5,420.0,416.5,420.0,18080.0
2019-05-08,419.6,419.6,416.2,417.3,16540.0
2019-05-10,416.2,424.9,416.0,423.8,40120.0
2019-05-13,422.6,422.6,419.5,419.8,33310.0
2019-05-14,417.9,421.5,416.2,420.3,134070.0
2019-05-15,419.0,421.2,418.6,418.7,43790.0
2019-05-16,420.2,421.0,313.1,415.8,101650.0
2019-05-17,413.7,420.0,412.1,419.9,44370.0
2019-05-20,418.5,421.0,418.3,419.4,35990.0
2019-05-21,419.4,424.0,418.3,423.9,741320.0
2019-05-22,423.4,423.8,421.5,423.7,755070.0
2019-05-23,424.9,424.9,419.1,419.1,793900.0
2019-05-24,418.2,423.2,415.3,423.2,799810.0
2019-05-27,421.9,423.7,417.9,421.0,1002930.0
2019-05-28,422.1,423.3,410.2,410.2,687950.0
2019-05-29,414.2,425.2,413.0,420.8,851090.0
2019-05-30,424.2,425.5,418.6,419.0,715050.0
2019-05-31,420.6,424.9,420.4,424.4,639740.0
2019-06-03,424.6,425.7,422.7,423.6,788990.0
2019-06-04,423.9,426.0,422.5,426.0,370540.0
2019-06-05,426.2,428.8,421.4,425.6,716040.0
2019-06-06,424.1,425.9,424.1,425.8,379160.0
2019-06-07,426.3,427.5,424.9,425.5,371120.0
2019-06-10,426.8,426.8,425.0,426.4,417430.0
2019-06-11,425.3,427.2,424.6,425.3,285790.0
2019-06-13,427.7,428.0,424.0,425.5,408220.0
2019-06-14,428.5,428.8,420.0,424.1,287900.0
2019-06-17,423.3,427.4,423.3,427.4,249760.0
2019-06-18,428.5,429.0,425.0,428.2,313010.0
2019-06-19,426.6,427.5,425.0,426.0,240510.0
2019-06-20,427.2,428.3,425.6,425.8,560410.0
2019-06-21,426.6,428.0,426.3,428.0,218250.0
2019-06-24,428.5,428.5,421.1,423.8,727440.0
2019-06-25,423.6,427.3,423.5,424.5,765820.0
2019-06-26,426.4,427.8,425.9,427.8,861880.0
2019-06-27,427.6,427.6,426.3,427.3,835330.0
2019-06-28,425.6,427.7,424.1,426.9,839280.0
2019-07-01,427.5,429.4,425.3,429.4,851900.0
2019-07-02,427.3,429.1,426.5,429.1,852330.0
2019-07-03,428.0,428.4,427.9,428.4,677570.0
2019-07-04,428.6,428.7,428.1,428.7,966200.0
2019-07-05,428.6,437.7,427.0,429.0,682880.0
2019-07-08,427.5,435.9,427.0,430.9,48620.0
2019-07-09,431.9,432.1,429.5,429.5,37450.0
2019-07-10,430.6,458.8,424.0,432.4,254210.0
2019-07-11,434.0,435.0,428.7,430.4,46720.0
2019-07-12,430.3,430.3,428.6,429.8,15760.0
2019-07-15,430.0,435.1,426.4,431.6,40430.0
2019-07-16,433.0,434.6,427.5,431.3,74600.0
2019-07-17,432.8,434.7,425.0,427.2,87970.0
2019-07-18,427.8,431.6,426.4,430.0,31250.0
2019-07-19,434.4,434.4,427.1,428.8,17670.0
2019-07-22,429.9,431.6,428.4,429.4,19190.0
2019-07-23,431.9,431.9,427.3,428.3,20570.0
2019-07-24,429.9,434.4,424.3,430.8,469990.0
2019-07-25,432.0,432.0,422.6,422.8,1071270.0
2019-07-26,424.8,427.6,419.0,419.9,927340.0
2019-07-29,420.6,427.2,419.9,425.3,843200.0
2019-07-30,423.7,428.9,422.2,422.2,857660.0
2019-07-31,424.9,429.0,423.2,429.0,925350.0
2019-08-01,429.5,430.0,424.0,424.0,879560.0
2019-08-02,425.8,432.6,424.0,424.5,931420.0
2019-08-05,426.1,430.2,421.4,424.4,924190.0
2019-08-06,424.7,430.1,423.4,425.6,935490.0
2019-08-07,426.2,448.0,424.2,446.5,957060.0
2019-08-08,446.3,447.3,423.3,423.3,1253120.0
2019-08-09,424.9,434.5,424.6,428.9,1037840.0
2019-08-12,426.7,428.4,424.3,425.6,908670.0
2019-08-13,425.8,427.4,423.0,423.6,1017740.0
2019-08-14,424.4,428.5,424.0,426.5,1143410.0
2019-08-15,425.1,427.3,422.1,424.5,1076750.0
2019-08-16,425.5,431.7,425.1,431.7,813350.0
2019-08-19,426.9,443.8,426.9,431.6,318400.0
2019-08-20,434.9,449.9,431.3,449.9,86240.0
2019-08-21,444.9,448.3,442.6,446.9,31280.0
2019-08-22,446.7,457.4,443.7,450.2,108260.0
2019-08-23,448.0,450.0,444.7,444.7,29020.0
2019-08-26,447.4,449.1,445.0,447.2,81990.0
2019-08-27,449.9,449.9,434.2,434.2,194730.0
2019-08-28,438.5,443.4,435.9,440.3,78550.0
2019-08-29,443.1,447.0,437.4,444.0,49290.0
2019-08-30,445.1,463.5,443.8,463.5,137900.0
2019-09-02,462.0,492.6,456.0,457.5,238430.0
2019-09-03,455.9,459.3,448.9,448.9,40860.0
2019-09-04,449.2,455.0,444.9,455.0,175720.0
2019-09-05,457.8,479.7,450.5,455.0,181490.0
2019-09-06,460.4,460.4,448.2,449.6,107240.0
2019-09-09,449.7,453.2,441.0,446.9,42500.0
2019-09-10,449.7,454.9,445.3,453.7,38550.0
2019-09-11,447.3,453.9,447.3,453.9,20320.0
2019-09-12,453.7,453.9,442.5,447.3,49880.0
2019-09-13,446.6,452.4,444.4,450.0,32550.0
2019-09-16,452.9,453.0,444.4,446.2,56800.0
2019-09-17,448.6,449.0,438.0,439.1,166490.0
2019-09-18,446.0,446.0,435.0,439.5,50130.0
2019-09-19,434.9,435.0,415.0,415.0,321480.0
2019-09-20,419.3,434.0,416.4,434.0,137430.0
2019-09-23,434.0,435.6,420.6,426.2,25730.0
2019-09-24,427.0,430.4,424.9,425.3,13030.0
2019-09-25,429.8,433.7,421.6,423.0,34580.0
2019-09-26,425.8,428.7,422.7,427.5,15190.0
2019-09-27,426.7,428.1,423.3,424.9,8380.0
2019-09-30,424.9,425.4,420.8,422.0,8240.0
2019-10-01,425.8,425.8,410.2,413.9,39450.0
2019-10-02,413.0,418.5,404.1,407.0,26390.0
2019-10-03,408.9,408.9,383.3,392.6,295870.0
2019-10-04,394.8,400.0,391.0,391.8,25710.0
2019-10-07,398.9,398.9,387.1,389.9,27090.0
2019-10-08,392.9,392.9,384.0,386.2,29030.0
2019-10-09,385.1,396.6,380.0,392.0,123150.0
2019-10-10,389.2,396.8,386.7,393.9,26180.0
2019-10-11,398.6,398.9,392.0,395.7,79390.0
2019-10-14,395.8,397.5,392.5,395.8,21520.0
2019-10-15,396.5,403.7,392.7,403.7,88140.0
2019-10-16,403.0,407.9,401.1,406.6,33990.0
2019-10-17,410.6,423.7,407.3,423.0,54420.0
2019-10-18,423.5,431.5,420.1,420.4,34660.0
2019-10-21,419.5,436.6,409.5,426.6,105360.0
2019-10-22,426.3,431.3,426.2,429.4,9880.0
2019-10-23,426.9,431.0,398.2,412.5,219210.0
2019-10-24,416.9,423.5,400.0,410.0,84310.0
2019-10-25,412.9,412.9,406.0,409.5,7350.0
2019-10-28,412.8,412.9,408.0,411.5,14950.0
2019-10-29,412.0,419.7,408.6,417.8,19770.0
2019-10-30,415.5,419.3,413.8,419.3,21420.0
2019-10-31,416.5,429.1,416.5,425.4,75300.0
2019-11-01,435.3,448.9,430.3,448.8,181470.0
2019-11-05,450.0,459.0,448.8,458.8,104040.0
2019-11-06,464.2,481.0,453.2,472.2,150900.0
2019-11-07,477.8,488.7,475.0,484.2,130900.0
2019-11-08,485.0,499.4,482.5,489.6,103550.0
2019-11-11,497.6,505.7,488.4,495.9,134960.0
2019-11-12,497.8,502.0,488.0,495.8,75490.0
2019-11-13,499.0,499.3,486.9,492.3,48970.0
2019-11-14,493.9,494.8,483.4,489.2,28360.0
2019-11-15,489.0,489.0,486.9,487.4,29260.0
2019-11-18,487.0,489.2,487.0,487.0,19690.0
2019-11-19,489.8,493.5,487.4,490.0,25520.0
2019-11-20,492.6,492.6,486.8,489.9,10530.0
2019-11-21,491.9,491.9,487.5,491.0,14210.0
2019-11-22,491.0,491.2,488.9,490.7,9090.0
2019-11-25,490.7,495.0,489.6,494.0,24770.0
2019-11-26,494.0,497.7,480.1,480.1,106310.0
2019-11-27,494.0,495.8,487.8,490.2,39670.0
2019-11-28,493.0,493.5,489.6,493.3,13410.0
2019-11-29,494.3,496.6,491.6,493.3,19300.0
2019-12-02,495.0,504.7,492.1,500.2,70300.0
2019-12-03,501.9,518.6,501.1,518.4,96470.0
2019-12-04,521.6,544.9,519.2,544.9,206460.0
2019-12-05,548.2,580.9,545.7,580.1,512080.0
2019-12-06,591.2,613.4,590.0,604.2,484920.0
2019-12-09,607.5,618.4,569.7,587.0,516410.0
2019-12-10,585.0,592.8,572.2,588.0,111530.0
2019-12-11,588.8,595.0,580.8,585.1,79090.0
2019-12-12,586.8,600.0,583.4,600.0,252370.0
2019-12-13,572.0,587.3,565.3,585.0,262870.0
2019-12-16,585.0,586.0,545.0,545.0,148960.0
2019-12-17,548.2,565.0,544.9,555.7,131380.0
2019-12-18,550.2,558.8,502.5,517.1,1329300.0
2019-12-19,520.9,529.5,512.0,515.5,219270.0
2019-12-20,519.5,519.9,490.4,499.0,331550.0
2019-12-23,503.4,506.6,492.3,501.0,89660.0
2019-12-24,504.7,514.7,496.0,508.1,137880.0
2019-12-25,512.4,538.0,508.4,529.0,387520.0
2019-12-26,531.1,544.3,528.0,531.5,218710.0
2019-12-27,531.2,539.7,511.7,523.9,190810.0
2019-12-30,521.1,529.5,515.2,518.6,64510.0
2020-01-03,522.2,526.0,519.2,526.0,60850.0
2020-01-06,525.1,525.2,518.0,519.5,29800.0
2020-01-08,521.5,521.5,510.4,514.9,55330.0
2020-01-09,512.2,518.0,511.0,514.9,69550.0
2020-01-10,517.8,525.0,515.5,522.4,62900.0
2020-01-13,520.5,524.5,512.0,512.0,51550.0
2020-01-14,516.3,520.0,508.2,508.2,87860.0
2020-01-15,510.9,514.7,508.2,509.0,29910.0
2020-01-16,512.0,512.0,509.0,509.2,34010.0
2020-01-17,510.0,512.0,508.6,510.4,43240.0
2020-01-20,514.7,518.3,510.1,516.6,73840.0
2020-01-21,518.3,523.6,515.1,522.0,94490.0
2020-01-22,523.6,526.1,518.2,518.8,54360.0
2020-01-23,515.3,520.9,508.6,516.0,54490.0
2020-01-24,517.6,520.0,516.0,519.8,29410.0
2020-01-27,519.8,530.0,515.0,523.7,78720.0
2020-01-28,524.1,536.7,510.0,516.4,152390.0
2020-01-29,515.9,516.7,511.1,514.0,39510.0
2020-01-30,513.6,513.6,496.7,509.0,58740.0
2020-01-31,508.7,519.8,505.0,519.8,77360.0
2020-02-03,518.0,518.0,507.2,510.4,39270.0
2020-02-04,512.9,513.4,510.1,511.7,20880.0
2020-02-05,511.8,512.9,508.1,512.0,29880.0
2020-02-06,509.2,514.0,509.0,514.0,20060.0
2020-02-07,513.1,513.1,506.0,508.5,16080.0
2020-02-10,509.3,511.1,505.5,508.8,16010.0
2020-02-11,508.9,512.4,507.0,512.4,22570.0
2020-02-12,511.6,514.0,509.2,511.9,19370.0
2020-02-13,510.4,511.9,508.3,510.0,26690.0
2020-02-14,511.1,511.1,507.4,511.0,30940.0
2020-02-17,510.3,513.0,508.0,508.0,45710.0
2020-02-18,508.1,508.3,500.1,501.7,42390.0
2020-02-19,504.1,506.7,502.4,504.0,16660.0
2020-02-20,503.0,506.3,503.0,504.1,19070.0
2020-02-21,504.6,505.1,502.9,504.0,20120.0
2020-02-25,499.2,499.2,377.0,473.8,156820.0
2020-02-26,469.9,472.7,450.7,469.0,142820.0
2020-02-27,459.4,496.6,459.0,490.0,283710.0
2020-02-28,460.2,500.3,460.2,484.1,272390.0
2020-03-02,498.5,506.0,485.0,494.4,139780.0
2020-03-03,499.1,507.5,493.6,507.5,88570.0
2020-03-04,502.4,507.9,501.0,507.0,20650.0
2020-03-05,507.9,516.9,505.7,512.0,59540.0
2020-03-06,508.1,518.0,505.0,517.9,78870.0
2020-03-10,499.8,499.8,479.4,484.5,188020.0
2020-03-11,484.2,495.8,481.7,485.0,76870.0
2020-03-12,470.3,490.0,412.5,490.0,238600.0
2020-03-13,472.0,487.9,460.2,465.0,136190.0
2020-03-16,470.8,471.9,425.4,440.5,237860.0
2020-03-17,458.0,468.8,427.0,432.6,161420.0
2020-03-18,433.0,445.6,381.0,431.0,216070.0
2020-03-19,421.6,432.6,402.0,403.3,131900.0
2020-03-20,413.0,426.9,388.0,388.0,613610.0
2020-03-23,386.3,417.0,360.2,385.3,219620.0
2020-03-24,393.8,412.9,389.8,389.8,142510.0
2020-03-25,396.8,408.3,382.1,387.9,233880.0
2020-03-26,392.6,415.0,381.1,410.0,420090.0
2020-03-27,403.8,408.9,387.4,387.4,65200.0
2020-03-30,380.0,393.5,375.2,387.0,84830.0
2020-03-31,389.5,390.0,386.3,390.0,164240.0
2020-04-01,388.3,389.9,385.0,385.0,52170.0
2020-04-02,389.3,389.9,368.6,371.5,252420.0
2020-04-03,370.0,373.8,365.1,365.1,149130.0
2020-04-06,368.4,370.8,365.0,366.9,130180.0
2020-04-07,367.6,385.6,367.1,377.8,356860.0
2020-04-08,384.5,384.5,374.1,380.4,57340.0
2020-04-09,383.4,386.0,378.0,381.3,138080.0
2020-04-10,380.8,382.6,365.0,379.5,93800.0
2020-04-13,379.5,380.2,371.5,373.1,95310.0
2020-04-14,372.4,376.5,368.3,372.2,103240.0
2020-04-15,371.8,371.8,351.6,353.0,178200.0
2020-04-16,357.7,359.6,336.1,342.1,281040.0
2020-04-17,348.8,348.9,330.3,337.0,334790.0
2020-04-20,338.2,345.9,332.7,342.6,102390.0
2020-04-21,338.0,352.0,334.0,349.0,197200.0
2020-04-22,348.3,367.0,345.3,361.1,216400.0
2020-04-23,363.0,369.0,353.7,357.6,85590.0
2020-04-24,363.8,368.3,351.0,352.2,84070.0
2020-04-27,355.1,364.7,355.1,360.6,110930.0
2020-04-28,364.8,373.9,362.0,362.0,261610.0
2020-04-29,365.1,369.6,362.6,365.1,251860.0
2020-04-30,368.3,370.5,363.3,363.7,136480.0
2020-05-04,365.3,365.4,356.2,358.6,70420.0
2020-05-05,362.5,364.6,358.2,362.4,60590.0
2020-05-06,363.8,367.6,360.5,363.4,77640.0
2020-05-07,363.7,366.2,359.1,361.9,54150.0
2020-05-08,361.0,363.5,358.2,362.0,44290.0
2020-05-12,362.2,364.7,360.0,360.0,46680.0
2020-05-13,360.5,361.0,353.0,354.0,72760.0
2020-05-14,352.0,361.6,346.0,351.7,100610.0
2020-05-15,355.4,359.0,341.0,345.1,109520.0
2020-05-18,347.8,351.0,340.5,341.0,229080.0
2020-05-19,341.9,346.4,335.3,337.5,412310.0
2020-05-20,337.0,344.0,333.0,341.4,499230.0
2020-05-21,344.3,359.7,343.1,353.0,448730.0
2020-05-22,353.0,353.8,340.0,343.4,560390.0
2020-05-25,347.0,353.1,345.2,348.4,152840.0
2020-05-26,350.7,353.0,348.0,351.0,265390.0
2020-05-27,349.5,355.0,345.6,348.4,288630.0
2020-05-28,351.3,352.0,346.0,348.5,752550.0
2020-05-29,349.7,354.8,340.0,340.0,1297430.0
2020-06-01,347.8,352.9,346.0,351.9,389280.0
2020-06-02,353.7,396.5,352.2,395.0,1608910.0
2020-06-03,397.9,412.0,382.5,394.4,1586680.0
2020-06-04,395.2,396.3,378.2,386.1,468650.0
2020-06-05,393.8,409.4,386.3,408.0,641550.0
2020-06-08,410.0,429.9,407.7,418.0,834580.0
2020-06-09,421.9,426.5,400.3,419.0,526690.0
2020-06-10,419.7,423.8,408.1,415.0,327570.0
2020-06-11,410.3,419.4,404.0,412.6,588440.0
2020-06-15,404.4,410.6,398.0,407.5,204210.0
2020-06-16,412.4,419.6,405.2,410.5,259480.0
2020-06-17,413.5,414.5,407.0,407.0,116390.0
2020-06-18,409.7,409.7,402.2,405.2,141610.0
2020-06-19,407.7,410.3,387.7,387.7,530440.0
2020-06-22,392.4,409.0,392.4,406.2,412520.0
2020-06-23,405.5,411.9,401.1,401.1,191250.0
2020-06-25,399.5,404.7,395.3,400.0,217880.0
2020-06-26,400.6,409.0,400.3,407.8,226450.0
2020-06-29,400.3,407.1,398.2,404.7,206690.0
2020-06-30,404.8,413.8,402.0,406.7,257430.0
2020-07-02,407.0,409.5,404.0,404.3,129670.0
2020-07-03,406.9,406.9,403.0,404.4,91200.0
2020-07-06,409.0,409.8,404.0,404.0,105240.0
2020-07-07,402.1,404.8,395.0,404.0,91150.0
2020-07-08,403.6,405.0,401.0,401.0,62560.0
2020-07-09,402.0,404.2,400.1,400.1,80210.0
2020-07-10,400.1,402.5,397.3,401.7,80780.0
2020-07-13,401.7,404.9,399.6,402.4,93050.0
2020-07-14,401.1,401.7,387.0,391.0,164350.0
2020-07-15,395.1,399.2,391.9,395.0,79580.0
2020-07-16,392.4,399.1,392.4,393.1,45390.0
2020-07-17,393.9,403.0,393.9,399.0,71130.0
2020-07-20,401.7,404.9,397.4,403.7,91810.0
2020-07-21,402.7,429.0,402.7,415.0,644090.0
2020-07-22,417.5,430.0,416.5,428.5,512090.0
2020-07-23,434.9,453.8,430.0,450.0,759360.0
2020-07-24,451.5,452.2,438.2,446.2,383300.0
2020-07-27,449.1,451.5,435.0,443.5,374200.0
2020-07-28,446.4,452.0,431.0,432.2,339560.0
2020-07-29,436.9,444.3,433.3,435.2,228070.0
2020-07-30,438.1,438.8,425.4,433.0,290810.0
2020-07-31,433.1,454.0,431.3,431.3,295650.0
2020-08-03,432.6,447.4,432.5,446.0,327210.0
2020-08-04,446.5,480.3,445.9,476.7,875860.0
2020-08-05,477.2,494.0,470.5,481.0,605340.0
2020-08-06,483.7,492.3,458.1,467.1,425820.0
2020-08-07,469.4,477.0,461.1,465.8,151250.0
2020-08-10,469.0,479.1,461.0,462.0,172810.0
2020-08-11,463.0,474.5,462.0,469.2,181790.0
2020-08-12,473.8,476.0,466.5,467.0,126240.0
2020-08-13,467.5,474.2,467.5,471.1,90560.0
2020-08-14,473.6,481.1,460.1,467.4,253750.0
2020-08-17,467.9,474.8,462.6,465.9,113860.0
2020-08-18,466.5,482.6,464.4,481.3,199940.0
2020-08-19,483.0,490.0,481.0,485.0,296810.0
2020-08-20,483.0,491.3,475.7,485.9,259740.0
2020-08-21,489.0,502.8,487.4,502.6,372700.0
2020-08-24,503.3,537.4,503.0,537.4,734760.0
2020-08-25,537.1,579.6,532.1,572.8,1471170.0
2020-08-26,576.9,598.9,553.0,584.5,1380390.0
2020-08-27,585.8,593.4,565.4,573.0,374640.0
2020-08-28,576.7,576.7,550.9,557.0,264120.0
2020-08-31,567.7,584.5,559.4,562.7,324840.0
2020-09-01,567.1,578.3,562.7,572.5,296050.0
2020-09-02,577.8,584.9,572.1,579.0,378760.0
2020-09-03,579.1,584.4,567.0,578.0,299580.0
2020-09-04,572.7,572.7,556.0,562.8,272300.0
2020-09-07,573.1,576.9,556.0,568.5,180750.0
2020-09-08,568.8,569.0,548.0,567.5,315320.0
2020-09-09,562.8,591.1,559.3,586.4,419450.0
2020-09-10,588.8,589.3,573.6,586.4,207010.0
2020-09-11,588.5,591.7,579.1,583.0,72660.0
2020-09-14,584.7,587.8,576.6,583.4,98850.0
2020-09-15,584.6,587.7,577.5,582.1,243040.0
2020-09-16,586.0,586.0,573.6,580.8,162810.0
2020-09-17,577.2,587.4,574.7,583.4,186990.0
2020-09-18,584.5,591.0,576.0,576.0,192930.0
2020-09-21,579.7,659.8,575.1,590.2,691830.0
2020-09-22,589.5,626.0,587.6,603.3,509950.0
2020-09-23,609.8,613.6,591.0,603.7,290500.0
2020-09-24,600.0,638.8,600.0,636.0,447020.0
2020-09-25,634.9,647.0,624.7,628.8,448340.0
2020-09-28,628.8,662.2,628.0,653.5,536980.0
2020-09-29,659.2,688.7,653.4,656.6,870270.0
2020-09-30,665.6,686.6,657.6,679.1,521000.0
2020-10-01,685.0,693.7,678.0,683.7,506060.0
2020-10-02,680.3,694.9,665.0,682.7,346630.0
2020-10-05,687.8,698.9,685.1,696.7,281500.0
2020-10-06,715.1,720.0,675.8,687.4,812620.0
2020-10-07,688.1,700.0,671.2,683.4,413160.0
2020-10-08,684.0,692.0,670.1,675.0,294410.0
2020-10-09,678.9,679.3,654.0,658.0,374050.0
2020-10-12,660.6,660.7,625.1,646.0,766780.0
2020-10-13,647.2,690.6,645.8,690.6,978790.0
2020-10-14,690.1,696.2,678.2,687.0,436260.0
2020-10-15,682.3,690.8,669.1,680.7,263120.0
2020-10-16,678.6,688.0,660.5,670.8,230920.0
2020-10-19,673.8,677.8,653.0,653.0,211270.0
2020-10-20,656.0,674.1,650.8,666.0,211180.0
2020-10-21,668.2,680.0,662.0,668.9,155920.0
2020-10-22,668.6,677.8,667.8,672.8,129380.0
2020-10-23,676.9,681.1,674.0,677.1,156030.0
2020-10-26,677.1,688.5,669.1,678.4,85860.0
2020-10-27,682.3,775.0,677.5,680.0,511840.0
2020-10-28,673.9,687.6,660.0,672.3,234570.0
2020-10-29,675.7,686.0,667.2,685.0,125370.0
2020-10-30,680.0,689.5,673.1,680.5,324030.0
2020-11-02,680.2,685.4,674.2,684.0,175270.0
2020-11-03,684.0,685.8,677.2,677.5,145950.0
2020-11-05,683.7,711.3,675.6,685.0,291760.0
2020-11-06,685.0,693.1,681.5,685.8,262790.0
2020-11-09,695.0,695.0,683.6,692.5,405040.0
2020-11-10,693.9,704.7,670.0,671.4,620080.0
2020-11-11,675.1,693.0,672.2,687.2,356020.0
2020-11-12,687.3,704.7,685.0,700.0,391230.0
2020-11-13,705.1,715.0,690.4,706.8,428130.0
2020-11-16,709.9,731.0,706.8,730.9,489140.0
2020-11-17,729.9,733.5,718.0,729.6,439930.0
2020-11-18,726.3,737.0,722.6,736.9,505750.0
2020-11-19,704.9,725.5,692.0,716.4,737380.0
2020-11-20,717.7,726.0,710.1,718.5,329520.0
2020-11-23,723.0,727.0,713.0,722.0,314680.0
2020-11-24,720.4,726.0,711.5,712.8,144600.0
2020-11-25,715.1,721.8,686.1,694.3,323650.0
2020-11-26,695.7,712.6,695.7,700.1,208090.0
2020-11-27,700.2,710.0,697.7,701.0,149720.0
2020-11-30,709.5,737.0,690.0,722.8,806690.0
2020-12-01,725.4,737.0,724.6,729.7,200980.0
2020-12-02,736.0,755.5,731.1,749.0,366040.0
2020-12-03,747.0,759.6,728.1,729.6,292740.0
2020-12-04,730.0,742.5,719.7,735.0,168380.0
2020-12-07,739.0,749.7,730.1,730.7,179360.0
2020-12-08,733.7,734.9,713.6,716.9,142050.0
2020-12-09,718.1,731.8,718.1,726.5,173640.0
2020-12-10,726.7,735.8,704.2,708.7,228750.0
2020-12-11,714.3,722.7,711.7,716.5,163610.0
2020-12-14,722.0,725.9,709.0,709.2,127260.0
2020-12-15,716.0,717.0,705.3,707.2,88090.0
2020-12-16,709.0,714.8,707.3,713.3,77550.0
2020-12-17,714.3,717.1,705.3,708.3,134160.0
2020-12-18,706.9,708.5,693.3,700.7,202210.0
2020-12-21,705.0,710.0,665.8,703.7,309680.0
2020-12-22,703.0,715.9,687.2,705.0,364670.0
2020-12-23,708.6,717.0,695.0,710.0,146560.0
2020-12-24,716.6,725.3,711.0,722.8,156970.0
2020-12-25,724.5,724.5,711.1,715.3,42750.0
2020-12-28,717.4,718.3,705.1,710.0,132050.0
2020-12-29,713.5,717.0,705.3,709.2,89780.0
2020-12-30,706.9,718.6,705.3,712.0,102260.0
2021-01-04,718.0,727.9,715.1,725.3,138370.0
2021-01-05,723.0,727.7,713.8,720.2,171820.0
2021-01-06,720.0,722.4,714.8,715.7,65740.0
2021-01-08,715.3,721.8,714.4,721.0,78120.0
2021-01-11,723.3,726.4,714.0,715.0,199820.0
2021-01-12,718.5,720.5,712.1,717.5,124750.0
2021-01-13,716.3,721.0,710.1,710.1,174620.0
2021-01-14,712.8,716.9,702.9,715.7,158550.0
2021-01-15,710.1,745.0,710.1,740.3,354160.0
2021-01-18,742.1,742.1,717.1,719.0,209880.0
2021-01-19,722.0,738.3,720.0,735.0,103620.0
2021-01-20,732.0,735.9,722.1,726.0,80780.0
2021-01-21,723.2,731.6,715.0,715.2,106800.0
2021-01-22,715.7,725.0,702.2,719.1,145740.0
2021-01-25,719.9,731.8,716.7,728.8,109270.0
2021-01-26,720.0,728.4,719.7,727.1,51210.0
2021-01-27,724.3,743.0,724.3,735.5,167890.0
2021-01-28,732.0,747.0,724.0,729.9,194560.0
2021-01-29,728.0,731.3,715.5,715.5,140920.0
2021-02-01,711.6,730.0,710.7,727.0,132840.0
2021-02-02,733.1,742.0,731.9,737.3,114140.0
2021-02-03,736.6,739.7,715.1,734.6,105470.0
2021-02-04,735.8,741.0,728.1,729.9,88720.0
2021-02-05,730.0,742.0,728.3,732.6,175030.0
2021-02-08,732.6,803.0,731.4,803.0,1330720.0
2021-02-09,808.7,870.0,789.9,794.2,1893150.0
2021-02-10,809.9,838.1,795.0,827.1,833960.0
2021-02-11,833.8,836.9,795.0,803.1,516770.0
2021-02-12,807.3,809.9,775.0,780.7,445290.0
2021-02-15,788.0,809.5,786.6,797.2,407470.0
2021-02-16,803.9,825.0,795.0,823.0,411240.0
2021-02-17,822.4,843.0,813.2,833.4,867770.0
2021-02-18,835.0,840.6,816.0,834.7,285870.0
2021-02-19,825.4,834.0,816.4,826.3,212660.0
2021-02-20,828.0,828.2,821.5,826.8,3141.0
2021-02-22,828.2,829.6,813.5,819.9,153150.0
2021-02-24,814.1,828.5,814.1,820.2,124470.0
2021-02-25,823.4,837.0,810.4,822.0,247670.0
2021-02-26,810.1,826.9,810.1,820.4,157784.0
2021-03-01,820.9,851.7,820.9,848.0,320884.0
2021-03-02,849.7,870.0,834.3,870.0,200476.0
2021-03-03,871.8,872.3,851.7,863.2,218186.0
2021-03-04,869.6,888.4,830.2,848.8,423007.0
2021-03-05,848.0,848.0,816.1,816.2,244346.0
2021-03-09,827.6,827.6,767.0,799.0,1248712.0
2021-03-10,785.0,795.1,754.4,788.8,1008260.0
2021-03-11,788.8,789.8,751.1,756.8,1067091.0
2021-03-12,740.0,750.0,722.1,726.6,3627163.0
2021-03-15,730.6,757.6,727.4,740.0,1627255.0
2021-03-16,745.9,750.0,733.0,735.2,571732.0
2021-03-17,735.2,744.0,707.7,712.9,842116.0
2021-03-18,716.1,729.0,714.1,720.3,421869.0
2021-03-19,719.1,723.0,710.2,711.1,469596.0
2021-03-22,713.8,727.0,712.3,717.7,246314.0
2021-03-23,718.0,725.9,716.5,720.9,338436.0
2021-03-24,722.0,722.7,715.3,721.5,134218.0
2021-03-25,722.0,724.2,711.6,716.0,185870.0
2021-03-26,719.0,720.8,713.0,720.0,321894.0
2021-03-29,720.0,727.0,717.5,726.0,240259.0
2021-03-30,727.8,730.0,716.0,719.7,206391.0
2021-03-31,719.7,729.3,713.0,728.0,198970.0
2021-04-01,727.4,734.0,723.9,726.2,347333.0
2021-04-02,728.8,730.4,720.5,723.0,213061.0
2021-04-05,729.4,739.8,720.0,724.0,537277.0
2021-04-06,725.5,730.0,713.0,714.0,467854.0
2021-04-07,718.4,723.9,714.4,716.7,263230.0
2021-04-08,719.2,725.0,717.1,724.0,174253.0
2021-04-09,726.3,728.2,715.2,720.0,215551.0
2021-04-12,716.9,720.8,713.3,714.6,368979.0
2021-04-13,715.2,718.5,712.0,713.0,261661.0
2021-04-14,713.9,716.9,685.8,708.3,500912.0
2021-04-15,705.8,710.0,696.8,700.0,308742.0
2021-04-16,702.5,704.0,683.0,689.7,790263.0
2021-04-19,689.9,710.9,689.9,697.5,461547.0
2021-04-20,702.0,710.0,697.6,698.9,216100.0
2021-04-21,700.0,709.4,700.0,706.9,133460.0
2021-04-22,710.5,713.0,700.0,701.1,286760.0
2021-04-23,704.2,704.3,696.5,699.6,266078.0
2021-04-26,699.2,708.8,697.7,706.5,262390.0
2021-04-27,707.0,707.9,701.2,706.0,193116.0
2021-04-28,706.0,706.9,702.0,702.0,159241.0
2021-04-29,704.1,704.8,695.4,699.0,191781.0
2021-04-30,702.0,702.8,678.2,681.0,498183.0
2021-05-04,686.0,695.9,682.1,687.0,311959.0
2021-05-05,692.2,698.5,687.0,693.4,320258.0
2021-05-06,697.8,698.5,691.2,695.0,251988.0
2021-05-07,696.6,704.9,695.0,698.1,358367.0
2021-05-10,704.1,710.0,700.9,708.2,388088.0
2021-05-11,708.2,718.9,708.0,709.9,600402.0
2021-05-12,713.1,716.5,708.9,710.0,470029.0
2021-05-13,713.5,714.0,693.3,704.5,715915.0
2021-05-14,705.0,711.0,693.2,697.0,1544806.0
2021-05-17,663.9,667.0,650.1,650.5,879828.0
2021-05-18,651.9,656.9,636.0,637.1,654974.0
2021-05-19,633.5,642.0,605.6,606.3,1096712.0
2021-05-20,607.7,633.5,607.7,629.0,635175.0
2021-05-21,632.7,660.5,630.0,656.5,624321.0
2021-05-24,657.4,664.5,645.8,659.7,365855.0
2021-05-25,660.5,671.7,658.0,665.7,456334.0
2021-05-26,671.0,672.2,653.0,659.4,401543.0
2021-05-27,662.3,667.9,657.0,665.3,238553.0
2021-05-28,669.4,669.4,658.9,661.0,134827.0
2021-05-31,664.0,681.0,661.2,673.5,615686.0
2021-06-01,679.7,687.0,672.1,684.0,522927.0
2021-06-02,680.1,684.0,667.2,673.4,511514.0
2021-06-03,676.5,681.0,668.4,669.4,252637.0
2021-06-04,673.0,674.0,662.4,670.9,142840.0
2021-06-07,673.4,679.6,664.0,666.6,379472.0
2021-06-08,668.4,672.9,666.3,670.0,168342.0
2021-06-09,670.0,677.7,667.0,675.9,138345.0
2021-06-10,676.7,677.6,668.8,675.0,168571.0
2021-06-11,673.2,677.7,660.5,663.8,269160.0
2021-06-14,661.8,671.7,661.8,668.6,116314.0
2021-06-15,672.2,672.5,665.5,672.4,229555.0
2021-06-16,672.4,672.4,639.7,651.7,524096.0
2021-06-17,653.0,658.5,649.4,656.6,183975.0
2021-06-18,652.0,659.8,644.9,644.9,654520.0
2021-06-21,650.3,654.5,612.1,616.0,808544.0
2021-06-22,618.9,635.7,618.1,625.0,760691.0
2021-06-23,627.0,630.4,622.2,628.3,391453.0
2021-06-24,632.7,633.9,622.0,624.9,280385.0
2021-06-25,625.0,627.9,619.0,619.1,248262.0
2021-06-28,621.5,626.4,615.0,615.0,264011.0
2021-06-29,613.9,622.1,607.0,618.4,388947.0
2021-06-30,617.1,624.0,612.0,616.0,216441.0
2021-07-01,617.1,635.0,616.0,625.0,374079.0
2021-07-02,625.4,642.0,615.2,631.6,479406.0
2021-07-05,631.7,648.0,631.6,647.5,590570.0
2021-07-06,647.0,650.0,636.1,639.1,220162.0
2021-07-07,639.0,639.7,626.3,635.0,405220.0
2021-07-08,635.4,635.4,623.7,632.4,252204.0
2021-07-09,632.5,632.8,617.2,618.0,310376.0
2021-07-12,618.6,624.4,617.0,620.5,127222.0
2021-07-13,622.5,624.0,616.0,617.6,333364.0
2021-07-14,618.3,630.6,617.0,627.1,191122.0
2021-07-15,627.4,632.0,627.1,630.0,125049.0
2021-07-16,630.0,634.0,620.0,621.2,156680.0
2021-07-19,621.1,624.1,609.0,612.9,166634.0
2021-07-20,614.0,616.0,607.6,610.3,176725.0
2021-07-21,610.0,629.8,597.5,616.7,442613.0
2021-07-22,624.0,640.0,622.2,636.9,448415.0
2021-07-23,637.0,638.4,627.5,630.8,191182.0
2021-07-26,626.0,632.0,623.0,628.9,158572.0
2021-07-27,626.5,631.0,624.1,627.9,88371.0
2021-07-28,627.8,635.6,625.1,635.0,114771.0
2021-07-29,634.7,642.7,632.8,640.7,205223.0
2021-07-30,635.6,644.6,635.4,641.1,190387.0
2021-08-02,639.2,644.3,636.0,640.1,216613.0
2021-08-03,637.9,646.5,637.4,642.9,201069.0
2021-08-04,643.1,649.2,642.0,643.8,244855.0
2021-08-05,645.7,649.0,637.6,646.5,112869.0
2021-08-06,646.5,649.2,641.0,642.5,131253.0
2021-08-09,642.3,644.5,624.3,640.0,217759.0
2021-08-10,640.0,645.0,638.3,642.4,96042.0
2021-08-11,644.7,645.9,639.1,645.0,134610.0
2021-08-12,645.6,645.6,641.3,642.1,85451.0
2021-08-13,642.2,644.4,636.5,639.4,156468.0
2021-08-16,639.4,645.0,635.3,641.0,93471.0
2021-08-17,640.6,644.2,638.0,640.5,152952.0
2021-08-18,652.8,659.8,647.5,652.0,449404.0
2021-08-19,646.5,649.1,630.0,645.3,301875.0
2021-08-20,642.9,645.2,635.4,639.6,169305.0
2021-08-23,640.4,644.7,636.2,639.0,158442.0
2021-08-24,638.5,639.8,632.0,632.7,177412.0
2021-08-25,631.4,634.6,630.0,632.0,164608.0
2021-08-26,630.5,635.0,628.1,630.0,157969.0
2021-08-27,630.0,632.7,628.0,630.1,91403.0
2021-08-30,632.5,633.6,627.9,632.0,158038.0
2021-08-31,632.9,632.9,622.5,624.9,207337.0
2021-09-01,628.3,628.3,618.8,621.3,181092.0
2021-09-02,625.0,625.0,619.1,620.0,206840.0
2021-09-03,620.0,627.9,618.0,624.5,139676.0
2021-09-06,626.5,629.1,622.0,623.4,179767.0
2021-09-07,625.5,625.9,619.3,619.6,119169.0
2021-09-08,622.3,622.3,612.2,616.4,210343.0
2021-09-09,616.0,620.0,613.5,618.0,179415.0
2021-09-10,616.8,618.0,612.1,612.8,138225.0
2021-09-13,613.4,618.0,613.4,615.0,89889.0
2021-09-14,617.9,618.5,610.3,611.9,207154.0
2021-09-15,614.0,614.0,589.3,603.0,501762.0
2021-09-16,601.9,608.0,601.0,603.1,106485.0
2021-09-17,605.0,608.9,600.3,603.2,255068.0
2021-09-20,602.1,607.0,593.2,602.8,171168.0
2021-09-21,604.9,605.0,599.2,602.7,164496.0
2021-09-22,602.9,604.9,600.7,601.9,152217.0
2021-09-23,603.5,604.3,599.0,602.2,163707.0
2021-09-24,602.2,603.0,598.9,600.5,155079.0
2021-09-27,601.6,602.8,591.1,592.0,192758.0
2021-09-28,594.0,595.2,581.1,590.0,277296.0
2021-09-29,590.5,599.6,587.2,592.3,127963.0
2021-09-30,593.0,594.3,586.5,587.2,82550.0
2021-10-01,587.8,589.2,576.0,577.0,191172.0
2021-10-04,579.7,579.7,547.1,549.6,757419.0
2021-10-05,553.7,560.0,550.6,559.8,239407.0
2021-10-06,560.6,574.0,553.6,567.8,389520.0
2021-10-07,568.8,599.0,568.2,585.0,527563.0
2021-10-08,587.3,600.0,585.7,596.1,384800.0
2021-10-11,602.3,613.6,598.2,611.0,393043.0
2021-10-12,613.9,614.3,604.2,607.0,277149.0
2021-10-13,606.0,609.9,597.0,607.2,202985.0
2021-10-14,608.9,613.0,608.1,612.6,201318.0
2021-10-15,613.3,618.0,613.3,616.8,187247.0
2021-10-18,616.8,627.3,616.0,624.2,320911.0
2021-10-19,624.3,626.5,606.6,610.6,630577.0
2021-10-20,610.6,618.4,603.0,611.6,369045.0
2021-10-21,612.0,614.3,585.7,588.6,693538.0
2021-10-22,588.2,595.7,580.4,581.1,362561.0
2021-10-25,581.1,591.1,575.9,583.9,334133.0
2021-10-26,583.8,593.0,583.0,588.0,375387.0
2021-10-27,588.0,596.7,587.6,593.0,185603.0
2021-10-28,591.9,594.8,584.0,590.0,142966.0
2021-10-29,590.2,593.4,586.4,589.7,107305.0
2021-11-01,598.0,613.3,595.7,606.6,583400.0
2021-11-02,607.8,613.5,602.2,605.1,201472.0
2021-11-03,601.5,611.2,601.0,609.0,204318.0
2021-11-05,609.0,611.0,601.0,601.0,229867.0
2021-11-08,604.9,619.6,602.0,613.2,390151.0
2021-11-09,613.2,614.5,596.5,601.4,700727.0
2021-11-10,602.2,605.3,600.1,602.3,169767.0
2021-11-11,602.0,603.0,597.3,601.3,254014.0
2021-11-12,602.2,605.5,576.0,590.3,615872.0
2021-11-15,596.7,596.7,588.0,588.1,224148.0
2021-11-16,588.1,597.6,580.8,584.7,322424.0
2021-11-17,584.8,588.8,580.6,584.0,210489.0
2021-11-18,584.0,588.0,582.0,584.0,142677.0
2021-11-19,583.8,591.0,568.8,568.8,390183.0
2021-11-22,575.0,579.0,557.0,566.0,381940.0
2021-11-23,569.6,574.2,548.2,551.8,662014.0
2021-11-24,556.5,569.8,556.0,563.4,331011.0
2021-11-25,565.5,570.0,560.3,561.9,186263.0
2021-11-26,561.2,561.2,549.6,549.6,331759.0
2021-11-29,557.9,570.2,544.0,558.0,250146.0
2021-11-30,556.5,565.8,549.0,552.5,233872.0
2021-12-01,553.0,561.5,552.2,559.9,157365.0
2021-12-02,561.5,569.0,559.1,564.0,192842.0
2021-12-03,566.0,576.4,564.7,565.8,233462.0
2021-12-06,570.8,578.0,550.8,555.8,260451.0
2021-12-07,560.7,562.9,554.0,557.5,243276.0
2021-12-08,559.9,567.2,553.4,555.0,385101.0
2021-12-09,558.5,563.1,555.0,555.8,224253.0
2021-12-10,557.5,559.8,546.4,548.9,403975.0
2021-12-13,554.0,558.4,529.5,538.4,792270.0
2021-12-14,535.1,535.4,512.3,522.0,888252.0
2021-12-15,491.0,495.9,467.0,479.0,1336205.0
2021-12-16,482.5,490.8,482.5,486.0,367304.0
2021-12-17,489.3,495.4,480.0,483.7,385870.0
2021-12-20,479.1,481.6,462.3,463.0,473179.0
2021-12-21,467.1,481.7,457.4,461.3,402889.0
2021-12-22,460.3,467.1,455.1,457.3,408447.0
2021-12-23,458.1,461.0,450.0,450.7,498394.0
2021-12-24,451.5,453.7,446.6,451.1,345860.0
2021-12-27,452.0,454.9,449.6,450.0,380038.0
2021-12-28,451.3,452.8,435.0,435.5,651938.0
2021-12-29,437.0,445.7,435.2,437.0,534294.0
2021-12-30,440.0,443.5,435.4,437.7,330209.0
2022-01-03,442.0,454.8,440.1,451.2,372105.0
2022-01-04,453.0,467.0,451.4,466.5,451612.0
2022-01-05,466.0,466.5,447.5,458.2,219842.0
2022-01-06,458.0,462.5,450.1,457.4,271578.0
2022-01-10,459.7,469.0,450.2,455.0,457554.0
2022-01-11,462.0,477.7,459.9,475.0,427607.0
2022-01-12,479.0,491.0,476.5,485.4,542088.0
2022-01-13,490.1,495.0,456.0,458.8,719410.0
2022-01-14,460.8,472.7,430.2,443.4,827506.0
2022-01-17,449.7,462.0,442.2,449.3,328641.0
2022-01-18,450.6,452.9,407.5,418.2,867263.0
2022-01-19,418.2,435.8,405.0,408.4,1510132.0
2022-01-20,418.0,421.0,404.0,405.4,847250.0
2022-01-21,404.1,404.8,397.4,400.5,815563.0
2022-01-24,402.1,405.5,357.0,366.2,1646627.0
2022-01-25,382.2,383.6,356.0,361.6,964046.0
2022-01-26,368.2,382.0,360.3,361.0,1226227.0
2022-01-27,358.7,379.0,355.7,362.3,1642093.0
2022-01-28,369.5,373.8,361.6,368.0,920276.0
2022-01-31,372.2,391.2,370.1,373.9,1688162.0
2022-02-01,379.8,384.9,370.4,371.6,886827.0
2022-02-02,375.2,379.9,370.5,371.1,762061.0
2022-02-03,371.2,371.2,352.0,352.2,1129409.0
2022-02-04,357.4,360.2,352.2,354.3,560719.0
2022-02-07,355.1,360.7,351.3,357.2,326654.0
2022-02-08,360.1,377.7,359.9,365.7,502120.0
2022-02-09,368.9,373.8,367.2,372.6,768133.0
2022-02-10,373.6,398.5,373.6,392.4,1817970.0
2022-02-11,384.8,392.8,377.3,386.8,664466.0
2022-02-14,381.9,386.9,373.6,379.1,813378.0
2022-02-15,384.6,390.8,383.5,385.5,784397.0
2022-02-16,394.7,409.0,391.6,394.7,1302511.0
2022-02-17,391.6,392.2,374.2,381.3,741249.0
2022-02-18,388.9,390.7,365.9,372.6,748088.0
2022-02-21,378.0,382.0,318.5,333.0,1888265.0
2022-02-22,329.7,342.0,275.5,327.6,1439314.0
2022-02-24,292.2,294.8,149.8,228.9,1557186.0
2022-02-25,240.0,320.7,238.2,264.4,1196804.0
2022-03-28,239.8,240.0,210.7,215.5,879383.0
2022-03-29,215.1,226.0,201.0,215.9,429504.0
2022-03-30,220.8,259.0,216.3,250.0,467338.0
2022-03-31,258.8,274.7,231.6,272.2,794583.0
2022-04-01,280.0,293.3,265.0,276.8,684438.0
2022-04-04,269.8,278.7,253.8,268.4,777931.0
2022-04-05,268.9,269.0,250.0,255.3,406451.0
2022-04-06,251.6,254.7,241.0,244.2,211467.0
2022-04-07,244.7,258.0,244.4,251.1,238791.0
2022-04-08,251.6,260.0,244.2,249.7,148713.0
2022-04-11,249.8,258.0,249.2,250.0,225609.0
2022-04-12,250.0,250.6,235.0,245.1,189952.0
2022-04-13,244.0,251.1,241.1,243.0,93116.0
2022-04-14,243.1,244.8,230.3,230.3,149720.0
2022-04-15,231.6,231.9,215.5,228.1,209782.0
2022-04-18,232.9,250.0,220.0,222.9,258429.0
2022-04-19,222.9,223.0,207.1,218.1,240892.0
2022-04-20,218.5,224.9,210.0,217.1,167934.0
2022-04-21,233.6,248.2,222.0,222.0,1370696.0
2022-04-22,223.7,234.8,220.9,227.7,358823.0
2022-04-25,228.3,228.9,212.0,218.0,166551.0
2022-04-26,217.1,225.9,217.0,224.8,191782.0
2022-04-27,225.1,236.0,223.0,232.0,361163.0
2022-04-28,235.4,245.0,225.0,226.1,409955.0
2022-04-29,231.9,231.9,222.5,227.2,216636.0
2022-05-04,231.8,233.7,222.0,222.3,181662.0
2022-05-05,223.1,227.6,222.4,226.9,111476.0
2022-05-06,226.7,226.7,220.1,222.2,131629.0
2022-05-11,222.7,224.0,219.6,220.7,109577.0
2022-05-12,220.2,220.9,213.6,214.2,142971.0
2022-05-13,215.3,217.5,213.0,215.9,127730.0
2022-05-16,216.0,220.5,216.0,217.8,131684.0
2022-05-17,218.2,223.7,217.9,223.0,152370.0
2022-05-18,223.3,239.9,220.0,223.5,375674.0
2022-05-19,225.9,225.9,220.4,221.0,123448.0
2022-05-20,221.3,225.8,216.0,218.6,190827.0
2022-05-23,216.6,217.9,202.6,205.2,488619.0
2022-05-24,205.3,205.8,189.1,196.3,437553.0
2022-05-25,198.9,201.3,192.0,196.4,193309.0
2022-05-26,196.4,208.0,196.2,201.5,328810.0
2022-05-27,203.0,204.3,196.1,201.3,277561.0
2022-05-30,203.1,211.8,200.0,203.3,338407.0
2022-05-31,204.0,206.9,196.2,200.9,391775.0
2022-06-01,201.0,203.5,199.0,200.3,183539.0
2022-06-02,200.5,201.5,195.5,197.3,125385.0
2022-06-03,197.0,197.3,188.4,194.0,189236.0
2022-06-06,193.8,193.8,185.2,187.1,188762.0
2022-06-07,187.5,193.0,181.2,190.5,187040.0
2022-06-08,191.2,196.0,188.6,193.4,151331.0
2022-06-09,193.6,195.3,186.0,190.3,105866.0
2022-06-10,189.8,190.5,186.6,187.9,90319.0
2022-06-14,187.4,187.5,182.0,183.8,137559.0
2022-06-15,184.8,186.5,183.9,185.6,79947.0
2022-06-16,186.0,192.5,185.6,190.9,178892.0
2022-06-17,192.0,192.0,190.0,190.5,76566.0
2022-06-20,191.0,197.0,190.8,196.9,154918.0
2022-06-21,197.1,197.1,191.6,193.7,160743.0
2022-06-22,194.0,195.3,186.8,191.2,96266.0
2022-06-23,191.5,197.0,191.3,194.0,212434.0
2022-06-24,193.8,195.9,189.6,192.1,201906.0
2022-06-27,190.9,201.2,190.1,200.9,335563.0
2022-06-28,200.7,207.9,200.0,204.8,503135.0
2022-06-29,205.0,209.8,192.1,197.7,411255.0
2022-06-30,197.4,199.9,185.0,188.8,510884.0
2022-07-01,188.0,190.7,183.8,190.0,191819.0
2022-07-04,188.5,194.5,186.3,189.8,164402.0
2022-07-05,190.1,192.7,187.0,190.0,176594.0
2022-07-06,190.0,192.9,188.8,190.7,162326.0
2022-07-07,190.9,202.0,189.1,200.5,602460.0
2022-07-08,200.2,203.9,196.6,202.0,472476.0
2022-07-11,202.1,206.5,195.1,197.6,377890.0
2022-07-12,196.0,197.7,189.3,192.6,292634.0
2022-07-13,192.9,193.9,185.2,188.2,238194.0
2022-07-14,187.5,191.9,186.5,189.3,110486.0
2022-07-15,190.1,191.3,188.0,190.2,100625.0
2022-07-18,192.0,193.7,184.6,190.0,198083.0
2022-07-19,188.4,191.9,185.0,189.6,259910.0
2022-07-20,190.3,196.5,188.6,191.5,380556.0
2022-07-21,192.2,192.9,184.5,187.7,226129.0
2022-07-22,190.1,192.0,186.8,188.5,229359.0
2022-07-25,189.0,191.9,187.0,191.4,257911.0
2022-07-26,191.5,195.5,188.6,191.9,445428.0
2022-07-27,193.6,203.7,192.0,198.8,945704.0
2022-07-28,199.4,201.4,194.4,199.8,491847.0
2022-07-29,199.7,203.9,194.1,198.2,639828.0
2022-08-01,198.0,198.1,189.6,193.8,491314.0
2022-08-02,193.8,199.9,188.1,192.1,680592.0
2022-08-03,193.7,197.9,190.6,192.0,291072.0
2022-08-04,192.1,195.4,190.8,191.7,134122.0
2022-08-05,191.7,193.0,186.4,187.3,241528.0
2022-08-08,190.0,193.4,186.4,191.0,234768.0
2022-08-09,195.3,198.6,192.3,195.6,823306.0
2022-08-10,195.8,198.3,194.6,197.0,340107.0
2022-08-11,198.0,231.3,196.1,222.5,5745469.0
2022-08-12,219.0,220.8,211.4,214.9,1874156.0
2022-08-15,215.2,219.0,211.8,216.0,600829.0
2022-08-16,217.4,225.2,215.6,222.9,845752.0
2022-08-17,224.0,238.0,220.6,229.6,1606739.0
2022-08-18,227.0,227.7,221.6,226.3,682645.0
2022-08-19,227.0,227.1,222.0,223.5,221896.0
2022-08-22,223.2,223.6,215.0,222.6,457238.0
2022-08-23,225.0,225.7,222.4,225.3,242013.0
2022-08-24,225.7,238.0,225.2,236.5,1595714.0
2022-08-25,230.9,234.4,216.2,218.0,3530267.0
2022-08-26,218.2,219.9,216.0,218.6,593580.0
2022-08-29,218.2,225.0,216.3,222.2,791290.0
2022-08-30,222.8,225.8,217.2,220.2,547291.0
2022-08-31,220.2,221.0,215.5,218.0,390685.0
2022-09-01,218.8,219.9,215.1,217.5,246004.0
2022-09-02,217.4,219.5,215.3,218.8,298942.0
2022-09-05,219.0,221.0,217.0,220.0,363301.0
2022-09-06,220.2,221.9,211.8,214.9,492170.0
2022-09-07,214.9,215.4,212.3,213.4,204738.0
2022-09-08,213.4,214.0,210.1,211.8,158450.0
2022-09-09,212.1,214.4,212.0,213.0,133816.0
2022-09-12,212.9,219.0,212.2,215.5,227247.0
2022-09-13,216.1,217.5,212.2,213.9,159293.0
2022-09-14,213.9,213.9,210.7,212.6,106191.0
2022-09-15,212.6,213.6,212.0,213.2,75840.0
2022-09-16,213.8,216.2,212.5,212.9,155552.0
2022-09-19,213.8,217.5,211.2,212.2,203097.0
2022-09-20,212.0,212.9,193.2,195.5,645539.0
2022-09-21,185.1,189.9,170.0,183.5,670349.0
2022-09-22,182.5,190.0,182.1,188.1,278602.0
2022-09-23,188.6,191.1,170.8,177.9,662132.0
2022-09-26,174.0,174.0,145.2,157.7,887531.0
2022-09-27,157.8,165.4,151.5,156.8,350372.0
2022-09-28,158.1,161.4,154.1,155.0,203287.0
2022-09-29,155.5,156.7,145.8,148.7,264415.0
2022-09-30,150.5,154.4,141.6,146.2,398330.0
2022-10-03,147.2,162.9,147.0,158.3,714322.0
2022-10-04,159.8,161.1,155.0,157.1,251988.0
2022-10-05,157.3,158.5,150.2,155.1,273549.0
2022-10-06,155.0,162.9,154.8,157.8,237762.0
2022-10-07,157.9,159.1,148.2,149.1,223479.0
2022-10-10,147.0,150.9,133.6,149.7,479178.0
2022-10-11,152.5,154.4,150.1,152.4,218857.0
2022-10-12,152.4,153.7,150.9,152.4,108795.0
2022-10-13,152.4,165.0,151.9,159.6,535720.0
2022-10-14,160.0,160.9,152.3,156.7,305722.0
2022-10-17,156.9,165.0,156.7,164.0,415095.0
2022-10-18,165.1,166.9,162.3,163.7,222570.0
2022-10-19,163.5,164.5,157.0,159.6,306081.0
2022-10-20,160.0,163.5,159.8,160.9,129866.0
2022-10-21,160.4,161.9,157.1,161.0,145482.0
2022-10-24,162.0,165.5,161.8,163.2,126435.0
2022-10-25,163.2,171.8,162.3,170.2,377845.0
2022-10-26,170.1,172.0,162.3,168.0,466506.0
2022-10-27,169.0,175.2,168.3,173.7,280132.0
2022-10-28,172.8,173.9,170.1,173.0,127321.0
2022-10-31,173.5,180.0,171.6,175.8,290283.0
2022-11-01,175.8,182.0,172.2,175.6,321322.0
2022-11-02,175.6,176.1,171.1,172.3,167060.0
2022-11-03,172.1,172.1,167.0,170.0,164874.0
2022-11-07,172.0,178.2,171.1,175.2,287633.0
2022-11-08,174.8,178.0,172.0,172.5,199168.0
2022-11-09,172.5,174.2,165.3,166.5,398822.0
2022-11-10,166.6,171.3,164.7,168.9,258945.0
2022-11-11,170.0,170.8,168.0,168.5,78336.0
2022-11-14,168.5,173.0,168.4,171.2,213648.0
2022-11-15,171.8,175.0,169.5,171.9,243147.0
2022-11-16,170.0,173.6,168.6,170.9,149146.0
2022-11-17,170.5,172.7,170.3,170.8,63525.0
2022-11-18,170.5,171.0,169.8,170.2,61176.0
2022-11-21,170.3,170.9,165.5,167.0,170977.0
2022-11-22,167.7,169.6,166.1,168.9,79941.0
2022-11-23,168.8,170.8,167.0,169.0,121943.0
2022-11-24,168.8,172.9,167.6,171.4,127555.0
2022-11-25,172.0,178.9,171.0,177.0,432422.0
2022-11-28,176.5,179.9,172.3,173.2,234685.0
2022-11-29,173.8,174.2,172.0,172.8,91688.0
2022-11-30,172.8,173.3,170.5,170.8,55080.0
2022-12-01,171.7,174.0,171.4,173.1,243765.0
2022-12-02,173.5,173.9,170.3,171.6,86810.0
2022-12-05,171.8,173.3,170.4,171.7,104205.0
2022-12-06,171.2,171.9,169.0,170.0,74478.0
2022-12-07,170.0,170.8,167.1,169.1,80086.0
2022-12-08,169.3,170.6,167.2,167.9,62520.0
2022-12-09,168.8,169.1,166.8,167.0,86626.0
2022-12-12,167.4,167.8,165.8,166.6,76326.0
2022-12-13,166.9,170.0,166.7,167.7,139434.0
2022-12-14,167.5,168.3,164.1,165.5,90265.0
2022-12-15,165.1,165.2,160.4,161.7,182936.0
2022-12-16,161.9,162.7,160.7,161.6,91131.0
2022-12-19,161.7,161.9,158.2,158.9,209784.0
2022-12-20,158.8,165.0,156.0,162.8,240919.0
2022-12-21,163.1,164.5,160.3,161.2,138404.0
2022-12-22,161.2,164.9,160.8,162.7,142888.0
2022-12-23,162.7,166.8,162.5,164.5,254331.0
2022-12-26,164.9,165.8,161.6,162.9,159335.0
2022-12-27,163.0,164.2,161.0,162.3,147320.0
2022-12-28,162.6,163.1,159.8,160.1,150247.0
2022-12-29,160.3,161.8,159.8,161.2,57836.0
2022-12-30,161.2,161.7,160.0,160.7,73889.0
2023-01-03,160.7,167.0,160.4,166.2,288068.0
2023-01-04,166.2,174.2,164.5,173.5,644441.0
2023-01-05,174.0,175.0,168.8,169.7,496387.0
2023-01-06,169.7,170.3,166.0,167.0,172917.0
2023-01-09,167.1,172.6,167.1,170.5,318839.0
2023-01-10,170.5,171.2,168.1,169.9,71337.0
2023-01-11,170.2,172.4,169.4,171.0,150598.0
2023-01-12,172.0,174.0,169.9,171.3,213924.0
2023-01-13,172.1,172.7,169.0,170.9,139289.0
2023-01-16,170.9,176.8,169.4,175.6,426931.0
2023-01-17,176.9,181.9,174.5,177.8,755332.0
2023-01-18,177.8,183.7,171.6,177.7,957956.0
2023-01-19,177.5,179.0,172.8,174.0,319769.0
2023-01-20,173.8,174.6,172.1,172.7,146557.0
2023-01-23,173.7,180.3,172.0,179.3,771717.0
2023-01-24,179.5,181.1,176.4,177.5,435689.0
2023-01-25,177.0,177.1,174.2,175.8,188507.0
2023-01-26,176.3,177.0,174.0,174.0,114716.0
2023-01-27,174.5,177.3,174.1,175.8,200015.0
2023-01-30,176.0,177.5,175.1,175.1,148985.0
2023-01-31,175.1,178.6,175.0,177.7,259765.0
2023-02-01,178.1,184.8,177.5,180.5,763849.0
2023-02-02,181.3,184.4,180.3,182.3,281022.0
2023-02-03,182.5,183.2,178.2,180.4,226593.0
2023-02-06,180.5,183.5,179.9,182.3,189430.0
2023-02-07,182.6,183.4,180.0,181.6,185594.0
2023-02-08,182.1,190.0,180.2,185.3,965066.0
2023-02-09,185.4,191.0,185.3,187.8,436518.0
2023-02-10,187.9,188.5,185.2,187.0,176175.0
2023-02-13,187.4,190.9,186.0,187.5,133045.0
2023-02-14,186.9,187.7,181.0,181.5,483605.0
2023-02-15,181.8,182.3,172.0,173.8,372447.0
2023-02-16,175.4,177.0,172.0,172.6,341630.0
2023-02-17,172.0,173.4,167.2,172.3,280144.0
2023-02-20,172.7,174.5,170.1,173.6,164421.0
2023-02-21,174.5,180.0,173.5,175.6,180567.0
2023-02-22,176.0,177.8,174.4,175.3,76517.0
2023-02-24,175.5,177.6,174.7,175.9,45817.0
2023-02-27,175.1,181.4,174.6,179.5,303994.0
2023-02-28,179.9,181.4,178.0,179.1,122296.0
2023-03-01,179.5,183.7,179.1,182.2,246534.0
2023-03-02,182.0,183.3,176.2,179.3,343900.0
2023-03-03,179.0,180.9,178.3,179.9,139167.0
2023-03-06,179.9,183.7,177.6,181.4,400915.0
2023-03-07,182.0,186.9,180.8,184.0,613539.0
2023-03-09,184.0,184.8,179.5,182.1,326493.0
2023-03-10,181.6,183.6,180.2,181.8,117700.0
2023-03-13,181.9,185.0,180.0,182.9,371272.0
2023-03-14,182.1,183.8,181.5,182.7,227910.0
2023-03-15,182.5,183.5,177.5,180.5,245697.0
2023-03-16,180.5,181.0,177.2,179.8,135322.0
2023-03-17,178.9,181.0,178.5,178.9,201692.0
2023-03-20,178.9,181.8,178.5,181.8,430223.0
2023-03-21,182.0,182.4,179.1,179.9,339672.0
2023-03-22,180.1,180.7,178.5,179.9,130904.0
2023-03-23,178.9,179.9,178.2,178.8,154838.0
2023-03-24,178.8,180.5,177.5,178.3,165641.0
2023-03-27,190.0,192.9,182.0,189.4,3035726.0
2023-03-28,189.9,191.8,184.0,188.0,994596.0
2023-03-29,189.0,191.2,187.5,190.6,614221.0
2023-03-30,191.1,195.9,188.5,195.3,1331121.0
2023-03-31,195.8,196.3,189.3,191.8,881973.0
2023-04-03,192.6,194.5,189.5,190.3,642703.0
2023-04-04,191.4,193.3,188.6,191.5,552627.0
2023-04-05,191.5,191.5,187.0,188.0,554277.0
2023-04-06,188.0,189.7,187.6,188.6,309323.0
2023-04-07,188.7,189.5,186.5,188.7,196850.0
2023-04-10,189.0,194.9,187.5,193.5,770633.0
2023-04-11,193.6,199.0,190.6,192.4,1177363.0
2023-04-12,192.1,195.3,190.2,193.9,494204.0
2023-04-13,193.9,195.1,190.1,192.1,302975.0
2023-04-14,192.5,194.0,190.3,192.0,258101.0
2023-04-17,192.9,195.0,192.6,194.0,369675.0
2023-04-18,194.1,194.8,192.0,193.8,343837.0
2023-04-19,194.0,198.0,190.9,193.5,870269.0
2023-04-20,193.5,195.0,191.7,194.4,315699.0
2023-04-21,194.5,195.9,193.5,194.2,271824.0
2023-04-24,194.0,205.9,193.4,205.9,1648953.0
2023-04-25,205.9,208.0,202.6,205.5,1418428.0
2023-04-26,206.0,209.4,203.4,207.4,1487212.0
2023-04-27,207.2,208.7,203.0,205.1,717928.0
2023-04-28,204.5,208.6,195.4,201.0,1398292.0
2023-05-02,200.0,200.9,188.5,190.7,1083748.0
2023-05-03,190.2,190.5,180.5,182.8,841538.0
2023-05-04,183.4,188.4,182.4,188.2,443654.0
2023-05-05,188.2,188.7,183.5,185.2,329839.0
2023-05-08,185.3,185.5,182.8,182.9,129257.0
2023-05-10,182.8,191.4,182.7,189.5,408204.0
2023-05-11,189.7,191.3,181.3,185.4,575083.0
2023-05-12,183.9,187.5,182.8,186.8,162590.0
2023-05-15,187.3,194.0,187.1,193.4,395952.0
2023-05-16,193.6,195.9,190.3,191.7,509632.0
2023-05-17,192.3,195.7,191.9,194.3,393179.0
2023-05-18,194.0,195.3,191.6,193.9,251602.0
2023-05-19,193.3,193.8,187.8,190.1,326716.0
2023-05-22,190.8,195.3,190.3,193.4,430118.0
2023-05-23,194.1,194.6,190.0,192.3,315266.0
2023-05-24,192.3,192.3,186.2,188.2,881936.0
2023-05-25,188.4,189.2,186.0,188.8,233854.0
2023-05-26,188.0,191.2,187.8,188.7,346051.0
2023-05-29,188.7,192.2,188.7,191.3,343871.0
2023-05-30,190.8,200.0,189.3,190.1,1232923.0
2023-05-31,190.9,191.8,187.2,190.3,336006.0
2023-06-01,190.4,190.7,188.3,188.6,124866.0
2023-06-02,188.4,191.2,188.2,190.2,194627.0
2023-06-05,190.6,197.8,187.3,188.2,1664864.0
2023-06-06,187.8,189.0,183.6,188.7,435681.0
2023-06-07,189.1,191.7,188.2,189.8,288537.0
2023-06-08,189.9,190.4,187.6,189.7,348025.0
2023-06-09,189.9,190.2,187.5,187.7,343453.0
2023-06-13,188.8,191.7,188.0,190.7,478441.0
2023-06-14,190.5,191.5,189.0,191.0,268505.0
2023-06-15,191.3,194.0,191.0,193.7,565162.0
2023-06-16,194.0,195.4,190.8,192.5,427708.0
2023-06-19,194.0,194.5,191.5,192.9,271846.0
2023-06-20,193.0,194.9,191.5,193.6,360161.0
2023-06-21,193.7,200.0,193.7,197.7,903079.0
2023-06-22,198.4,198.4,192.1,193.5,535498.0
2023-06-23,193.4,195.0,187.0,187.6,678911.0
2023-06-26,191.2,192.3,183.0,189.5,505849.0
2023-06-27,190.0,191.0,188.1,190.7,233693.0
2023-06-28,190.7,190.8,188.2,189.6,219054.0
2023-06-29,189.4,190.6,188.2,189.6,217014.0
2023-06-30,189.0,192.2,188.6,190.2,212155.0
2023-07-03,191.2,196.3,189.9,194.2,653018.0
2023-07-04,193.1,194.0,190.1,190.5,293563.0
2023-07-05,191.2,194.0,190.1,192.8,323426.0
2023-07-06,193.4,193.4,191.1,192.5,151958.0
2023-07-07,192.0,192.6,190.6,191.2,126555.0
2023-07-10,191.6,194.0,191.0,192.7,284559.0
2023-07-11,192.9,193.1,190.6,192.0,206328.0
2023-07-12,192.5,195.9,191.8,195.1,569759.0
2023-07-13,195.4,195.8,192.4,193.6,279979.0
2023-07-14,193.3,199.5,191.9,199.0,1010283.0
2023-07-17,197.5,207.1,196.1,207.0,1645605.0
2023-07-18,207.1,208.0,202.3,205.3,952099.0
2023-07-19,205.4,208.7,203.0,206.3,795466.0
2023-07-20,206.3,206.8,200.0,200.5,707950.0
2023-07-21,200.5,204.1,198.4,203.4,282951.0
2023-07-24,203.3,209.6,203.3,209.0,670724.0
2023-07-25,208.2,225.8,207.4,225.3,4095369.0
2023-07-26,226.2,232.5,218.0,222.4,3068648.0
2023-07-27,223.0,224.9,218.0,221.9,645436.0
2023-07-28,222.0,222.5,217.7,220.5,522622.0
2023-07-31,221.0,225.0,216.0,218.3,1554947.0
2023-08-01,218.4,224.5,217.0,220.9,1401069.0
2023-08-02,222.0,222.0,217.7,219.0,490427.0
2023-08-03,220.0,228.3,216.0,227.0,1620593.0
2023-08-04,228.1,228.9,207.6,219.3,2635807.0
2023-08-07,219.9,229.5,217.0,219.9,1641505.0
2023-08-08,218.3,221.7,213.2,220.8,784674.0
2023-08-09,220.7,223.0,218.5,220.9,870133.0
2023-08-10,221.7,228.8,220.4,226.9,1270356.0
2023-08-11,228.1,228.7,222.0,224.5,690316.0
2023-08-14,226.9,231.6,218.5,219.4,1620983.0
2023-08-15,219.4,224.0,213.6,219.3,934955.0
2023-08-16,219.2,220.9,208.1,209.2,1298727.0
2023-08-17,210.1,213.5,208.0,213.0,849250.0
2023-08-18,212.7,216.9,210.2,216.0,315939.0
2023-08-21,218.6,221.0,215.0,220.5,647242.0
2023-08-22,221.3,222.0,215.6,218.9,469740.0
2023-08-23,219.4,220.9,212.2,213.7,600777.0
2023-08-24,214.7,218.0,212.0,217.6,374132.0
2023-08-25,214.0,216.8,206.1,208.8,4656438.0
2023-08-28,207.8,208.6,202.5,207.3,3672508.0
2023-08-29,206.7,207.5,205.2,206.5,1059171.0
2023-08-30,206.0,206.8,195.7,198.1,5640851.0
2023-08-31,196.4,198.0,190.2,196.0,5686790.0
2023-09-01,195.6,198.6,195.0,197.2,1548816.0
2023-09-04,197.4,203.7,196.1,201.5,2725370.0
2023-09-05,201.9,206.8,200.4,203.2,2841491.0
2023-09-06,203.2,203.2,197.1,200.3,1096278.0
2023-09-07,199.9,200.3,193.3,195.5,1805714.0
2023-09-08,195.0,196.6,188.1,191.7,1864907.0
2023-09-11,191.4,204.3,186.3,195.4,4363365.0
2023-09-12,197.8,205.5,197.2,203.9,2351834.0
2023-09-13,203.9,204.5,198.4,198.5,815526.0
2023-09-14,198.5,200.0,188.5,198.1,1684529.0
2023-09-15,197.2,202.0,194.7,198.4,874126.0
2023-09-18,199.2,201.9,190.3,193.9,981607.0
2023-09-19,194.6,203.1,189.9,190.4,761260.0
2023-09-20,190.4,193.4,186.1,189.9,906536.0
2023-09-21,189.3,190.9,186.1,186.9,418067.0
2023-09-22,187.5,192.4,184.0,190.3,796959.0
2023-09-25,191.2,192.2,188.5,189.9,206345.0
2023-09-26,189.5,190.1,184.5,185.2,956148.0
2023-09-27,185.9,188.3,185.6,186.4,411540.0
2023-09-28,187.6,188.9,186.1,187.4,285111.0
2023-09-29,188.2,189.9,182.4,186.2,939574.0
2023-10-02,187.7,188.0,183.8,186.2,308584.0
2023-10-03,186.0,186.2,183.6,185.0,597946.0
2023-10-04,184.8,185.9,184.4,185.1,197982.0
2023-10-05,185.3,187.5,184.5,187.1,272825.0
2023-10-06,187.5,187.7,185.1,187.3,291695.0
2023-10-09,187.8,191.9,187.7,189.1,570366.0
2023-10-10,190.0,192.0,189.1,191.7,190052.0
2023-10-11,192.1,193.6,187.6,188.8,547005.0
2023-10-12,188.0,193.0,187.2,191.7,414894.0
2023-10-13,192.8,192.8,189.2,190.9,328061.0
2023-10-16,191.1,196.5,190.9,194.6,455629.0
2023-10-17,194.5,195.3,192.1,194.1,333540.0
2023-10-18,193.8,196.2,191.0,193.9,452984.0
2023-10-19,193.9,195.0,192.0,192.6,410468.0
2023-10-20,192.8,193.2,190.5,191.3,224998.0
2023-10-23,191.8,192.6,189.2,190.4,211893.0
2023-10-24,190.3,204.0,189.8,202.2,2858434.0
2023-10-25,201.0,207.4,197.4,199.9,1826214.0
2023-10-26,200.0,200.8,195.1,195.9,516934.0
2023-10-27,196.1,196.4,191.0,192.8,670525.0
2023-10-30,192.6,195.9,191.5,193.4,402347.0
2023-10-31,193.9,194.8,189.3,190.2,290806.0
2023-11-01,190.4,192.5,189.7,191.1,138029.0
2023-11-02,191.1,192.5,189.6,191.2,296502.0
2023-11-03,191.7,191.9,190.9,191.4,205835.0
2023-11-06,191.3,194.8,191.2,192.3,120838.0
2023-11-07,192.1,198.0,192.1,194.8,1032219.0
2023-11-08,195.4,195.7,193.0,194.2,233200.0
2023-11-09,194.1,195.8,193.1,195.3,356201.0
2023-11-10,195.3,198.0,194.9,195.7,447819.0
2023-11-13,196.0,197.3,193.9,194.7,256322.0
2023-11-14,194.9,195.2,185.0,186.9,529204.0
2023-11-15,186.9,193.0,186.1,192.3,469818.0
2023-11-16,192.4,192.4,188.9,189.2,202120.0
2023-11-17,189.3,190.3,186.4,189.8,198699.0
2023-11-20,189.9,192.7,187.6,188.4,537746.0
2023-11-21,187.8,189.3,186.4,188.9,215772.0
2023-11-22,189.4,190.1,188.3,189.1,147178.0
2023-11-23,189.2,189.4,182.8,183.8,582461.0
2023-11-24,183.8,185.4,179.7,180.8,530033.0
2023-11-27,180.9,180.9,175.0,175.8,592979.0
2023-11-28,176.0,180.4,175.9,180.0,477793.0
2023-11-29,180.1,181.9,175.0,176.8,234681.0
2023-11-30,176.8,176.8,173.5,174.5,372918.0
2023-12-01,174.5,174.9,172.1,172.7,189045.0
2023-12-04,172.8,172.8,165.7,166.3,606364.0
2023-12-05,166.2,177.0,166.0,175.4,837496.0
2023-12-06,175.4,179.7,170.7,173.4,596538.0
2023-12-07,173.5,175.1,171.1,173.5,291694.0
2023-12-08,173.6,176.9,173.6,176.1,141413.0
2023-12-11,175.6,175.7,170.6,172.2,208847.0
2023-12-12,172.2,172.4,168.7,171.0,305418.0
2023-12-13,170.8,171.6,169.5,170.9,228734.0
2023-12-14,171.6,171.9,169.0,169.3,161562.0
2023-12-15,168.0,174.7,167.5,173.0,356570.0
2023-12-18,174.4,175.3,172.2,172.9,286643.0
2023-12-19,173.1,181.9,173.0,180.8,1092125.0
2023-12-20,180.9,181.0,176.7,178.4,380470.0
2023-12-21,178.6,178.9,175.9,176.5,278935.0
2023-12-22,176.5,178.4,175.0,175.9,260019.0
2023-12-25,176.1,178.2,173.4,174.2,302515.0
2023-12-26,174.2,174.5,169.8,170.5,580536.0
2023-12-27,170.6,171.7,167.1,167.8,469363.0
2023-12-28,167.9,168.2,163.5,165.1,545401.0
2023-12-29,165.1,165.6,163.2,163.3,281725.0
2024-01-03,163.4,168.9,163.4,168.2,260957.0
2024-01-04,168.5,174.5,168.4,173.9,637451.0
2024-01-05,174.2,175.8,170.0,172.4,287788.0
2024-01-08,172.7,173.3,170.8,171.4,155216.0
2024-01-09,171.8,177.0,170.8,172.9,618252.0
2024-01-10,172.9,174.8,172.1,172.9,299652.0
2024-01-11,172.9,177.9,172.0,175.6,941697.0
2024-01-12,175.4,177.9,174.1,175.2,613402.0
2024-01-15,175.6,180.9,174.7,179.6,917761.0
2024-01-16,179.9,182.0,175.5,178.7,727527.0
2024-01-17,179.2,185.4,177.5,185.0,1280238.0
2024-01-18,185.1,187.2,182.6,183.5,601380.0
2024-01-19,182.9,189.7,182.0,186.1,1355967.0
2024-01-22,187.8,189.3,184.3,185.0,682742.0
2024-01-23,185.4,188.8,182.7,188.0,620148.0
2024-01-24,187.6,197.0,187.4,196.7,3636751.0
2024-01-25,196.8,197.4,192.2,193.4,833620.0
2024-01-26,193.2,196.2,192.5,194.0,439866.0
2024-01-29,194.1,197.0,193.4,194.7,314044.0
2024-01-30,194.8,197.3,194.2,196.2,492253.0
2024-01-31,197.4,200.7,196.2,197.9,1391270.0
2024-02-01,198.5,200.0,196.6,198.4,627828.0
2024-02-02,198.1,198.8,194.1,196.6,440382.0
2024-02-05,196.9,205.0,191.0,203.1,1884971.0
2024-02-06,203.0,207.6,198.5,206.6,2521250.0
2024-02-07,206.5,208.9,199.4,200.7,3475551.0
2024-02-08,201.0,203.0,196.5,196.9,1285571.0
2024-02-09,196.8,197.7,193.0,194.3,752331.0
2024-02-12,195.8,202.4,194.0,200.4,1119162.0
2024-02-13,199.6,202.7,196.5,197.9,750453.0
2024-02-14,197.9,199.2,193.1,194.4,924362.0
2024-02-15,194.4,198.2,191.5,195.0,776243.0
2024-02-16,193.8,197.5,193.8,195.1,750582.0
2024-02-19,195.0,197.0,192.5,192.6,330275.0
2024-02-20,192.6,194.1,183.7,185.5,1243739.0
2024-02-21,185.6,191.1,178.2,189.6,2009859.0
2024-02-22,190.4,192.4,185.7,190.9,507156.0
2024-02-26,192.1,196.6,192.1,193.5,557022.0
2024-02-27,193.7,194.6,189.6,192.1,373634.0
2024-02-28,192.1,196.5,186.8,188.6,933534.0
2024-02-29,188.7,203.8,186.7,203.6,11731473.0
2024-03-01,203.8,204.5,198.0,202.0,3003485.0
2024-03-04,202.1,204.5,198.0,200.4,1304609.0
2024-03-05,201.2,203.4,198.0,203.0,1007404.0
2024-03-06,203.1,203.4,200.1,202.3,839855.0
2024-03-07,202.6,208.8,201.8,206.1,7221732.0
2024-03-11,207.6,219.6,206.1,218.8,13120246.0
2024-03-12,215.0,216.5,207.0,208.9,12065996.0
2024-03-13,208.9,211.7,202.5,203.4,4182671.0
2024-03-14,203.1,208.6,199.1,205.6,4197203.0
2024-03-15,205.5,208.0,201.7,205.5,1380863.0
2024-03-18,205.5,206.7,202.3,202.6,872458.0
2024-03-19,202.5,204.0,196.3,197.1,1461939.0
2024-03-20,197.5,200.4,196.5,198.9,832907.0
2024-03-21,199.6,204.2,199.1,203.0,1183018.0
2024-03-22,203.2,203.8,197.1,199.6,1134288.0
2024-03-25,199.5,200.9,197.3,199.7,550322.0
2024-03-26,199.8,200.6,199.0,200.1,242884.0
2024-03-27,200.8,202.0,198.2,199.7,348999.0
2024-03-28,199.7,200.3,195.0,196.2,590247.0
2024-03-29,196.2,198.7,195.7,197.5,627836.0
2024-04-01,198.0,202.4,197.0,200.9,844156.0
2024-04-02,202.2,204.0,200.5,202.0,672270.0
2024-04-03,202.0,213.5,199.7,210.7,4794994.0
2024-04-04,211.4,212.6,206.1,208.2,2134861.0
2024-04-05,208.2,209.6,204.0,205.5,960020.0
2024-04-08,206.1,215.8,205.3,211.5,2390825.0
2024-04-09,213.0,213.1,203.7,206.2,2155078.0
2024-04-10,205.9,207.7,201.8,203.2,1877856.0
2024-04-11,203.6,206.6,200.1,202.0,1829032.0
2024-04-12,202.9,205.5,200.9,203.2,1108072.0
2024-04-15,203.2,208.9,203.1,205.9,1189431.0
2024-04-16,206.2,209.2,203.9,207.8,1199390.0
2024-04-17,207.9,211.2,206.5,208.3,1375962.0
2024-04-18,208.7,210.5,207.1,208.9,636940.0
2024-04-19,209.4,209.8,205.1,205.6,542268.0
2024-04-22,207.0,208.0,205.0,207.3,379547.0
2024-04-23,207.5,208.1,201.3,202.2,1071148.0
2024-04-24,202.9,203.2,198.2,201.4,1031119.0
2024-04-25,200.8,202.5,196.1,198.0,1018831.0
2024-04-26,198.2,199.7,196.3,198.3,483336.0
2024-04-27,199.5,212.0,197.9,210.7,3932467.0
2024-04-29,210.2,213.0,206.0,208.6,1806669.0
2024-04-30,208.6,209.7,205.8,207.1,483733.0
2024-05-02,207.4,210.4,205.9,209.6,1226283.0
2024-05-03,209.6,212.5,206.3,210.0,2258160.0
2024-05-06,209.6,213.2,187.2,189.6,17114663.0
2024-05-07,188.4,192.8,180.5,184.0,13399360.0
2024-05-08,185.0,187.6,182.1,185.7,2358195.0
2024-05-10,184.6,186.3,182.8,184.1,773496.0
2024-05-13,187.2,189.3,182.0,184.8,3260084.0
2024-05-14,184.7,188.8,184.0,188.5,1858541.0
2024-05-15,189.2,197.8,186.3,194.1,4166565.0
2024-05-16,195.0,197.4,189.4,195.4,2049589.0
2024-05-17,195.0,195.0,187.1,188.4,1585762.0
2024-05-20,188.6,189.2,184.2,185.4,621978.0
2024-05-21,185.3,189.8,182.5,187.6,1094173.0
2024-05-22,188.3,188.8,184.4,185.8,351996.0
2024-05-23,186.0,187.3,180.1,180.4,1108021.0
2024-05-24,180.4,180.8,171.4,174.7,2481956.0
2024-05-27,174.9,175.4,171.0,172.1,633936.0
2024-05-28,172.2,177.1,171.5,173.9,584187.0
2024-05-29,174.2,175.3,173.0,175.1,269132.0
2024-05-30,175.1,178.2,167.8,169.9,872426.0
2024-05-31,168.6,170.4,164.3,166.9,760305.0
2024-06-03,167.0,168.7,160.8,168.3,1230169.0
2024-06-04,169.4,174.0,165.3,174.0,556992.0
2024-06-05,174.7,178.7,169.0,169.0,723195.0
2024-06-06,169.9,173.0,169.1,171.2,346454.0
2024-06-07,171.7,176.7,170.0,171.9,468739.0
2024-06-10,171.9,177.6,171.5,173.9,590368.0
2024-06-11,173.1,174.5,171.1,173.3,226904.0
2024-06-13,167.1,179.7,156.1,177.0,1099061.0
2024-06-14,176.9,177.0,172.4,174.7,421260.0
2024-06-17,174.7,176.1,167.8,169.1,721985.0
2024-06-18,167.7,174.0,166.0,171.9,1210452.0
2024-06-19,171.3,174.8,168.8,170.8,1099382.0
2024-06-20,171.1,174.5,169.4,174.0,499604.0
2024-06-21,173.7,175.0,170.2,170.8,349961.0
2024-06-24,172.2,172.5,167.8,169.3,297909.0
2024-06-25,169.3,170.0,166.4,168.4,305912.0
2024-06-26,168.4,173.0,167.3,172.7,552862.0
2024-06-27,172.7,172.9,169.7,170.2,190426.0
2024-06-28,170.5,171.9,164.0,166.0,537955.0
2024-07-01,167.1,167.3,161.4,164.4,752430.0
2024-07-02,164.0,166.0,162.7,163.9,715497.0
2024-07-03,163.1,164.7,162.3,163.8,372984.0
2024-07-04,163.8,163.9,157.6,158.0,788111.0
2024-07-05,158.3,158.9,155.0,156.7,421151.0
2024-07-08,157.4,159.4,153.2,154.8,390457.0
2024-07-09,155.4,155.7,149.9,150.0,625049.0
2024-07-10,150.4,151.4,141.2,141.6,1316319.0
2024-07-11,141.7,149.8,141.2,147.7,843187.0
2024-07-12,147.7,148.9,143.1,145.2,424501.0
2024-07-15,145.3,148.7,140.0,141.2,790737.0
2024-07-16,141.2,142.0,134.0,139.3,1578531.0
2024-07-17,139.4,141.9,136.4,139.1,435443.0
2024-07-18,139.1,144.9,137.1,143.8,646949.0
2024-07-19,143.9,147.5,142.2,146.3,518129.0
2024-07-22,147.0,150.2,144.4,146.4,351340.0
2024-07-23,146.0,147.9,145.2,146.6,263014.0
2024-07-24,146.7,167.0,146.1,166.9,9818194.0
2024-07-25,165.6,165.8,154.0,154.4,16899882.0
2024-07-26,154.2,156.8,143.8,146.4,7065475.0
2024-07-29,146.4,146.5,139.4,140.7,2304922.0
2024-07-30,140.7,146.7,138.5,143.0,2463432.0
2024-07-31,143.1,145.7,142.1,145.5,1005374.0
2024-08-01,145.6,146.7,143.5,143.9,645958.0
2024-08-02,143.7,144.9,140.7,144.2,728929.0
2024-08-05,142.0,144.3,137.5,142.6,979959.0
2024-08-06,142.9,144.9,139.1,140.9,1123203.0
2024-08-07,141.0,146.2,139.2,144.0,1572997.0
2024-08-08,144.0,148.1,142.8,143.4,730572.0
2024-08-09,143.5,145.3,142.5,144.7,324727.0
2024-08-12,145.4,150.8,143.0,148.7,1145638.0
2024-08-13,148.9,153.4,148.0,150.2,1264365.0
2024-08-14,151.3,152.6,147.3,147.6,678625.0
2024-08-15,147.5,148.6,143.8,144.8,1078249.0
2024-08-16,145.1,145.7,141.0,141.5,942389.0
2024-08-19,142.2,142.5,139.6,140.9,601694.0
2024-08-20,140.9,142.2,140.2,141.0,254375.0
2024-08-21,141.1,143.8,138.8,143.3,491493.0
2024-08-22,143.3,144.7,135.6,139.9,1237832.0
2024-08-23,139.2,140.6,133.0,135.0,1147527.0
2024-08-26,139.5,140.4,126.5,128.9,5259147.0
2024-08-27,128.8,128.8,114.2,114.8,11144981.0
2024-08-28,113.5,114.0,98.1,99.8,28173200.0
2024-08-29,99.3,103.0,89.4,94.6,46326445.0
2024-08-30,94.5,99.9,90.8,96.2,22290762.0
2024-09-02,95.8,97.7,92.1,96.8,6937131.0
2024-09-03,96.5,101.0,94.6,97.5,9680377.0
2024-09-04,97.3,103.7,95.8,102.2,7642476.0
2024-09-05,103.5,107.3,97.3,99.0,10265106.0
2024-09-06,98.4,101.8,96.0,100.2,5593336.0
2024-09-09,101.2,103.0,99.1,101.2,3751388.0
2024-09-10,101.4,102.7,99.1,99.8,2526709.0
2024-09-11,99.6,100.8,94.6,96.1,2285561.0
2024-09-12,96.4,97.7,94.3,96.7,1974600.0
2024-09-13,96.6,99.3,93.0,99.0,5266605.0
2024-09-16,100.3,102.7,99.4,101.8,2386979.0
2024-09-17,101.8,105.4,99.9,103.9,2593066.0
2024-09-18,103.9,104.0,101.3,101.4,1653600.0
2024-09-19,101.1,106.8,100.5,105.9,4413018.0
2024-09-20,106.1,109.7,105.7,107.4,4750366.0
2024-09-23,109.0,115.0,107.5,115.0,4499339.0
2024-09-24,115.8,118.8,112.8,115.7,3725705.0
2024-09-25,115.3,116.9,112.0,113.5,2389040.0
2024-09-26,112.1,112.5,108.3,110.6,2985920.0
2024-09-27,110.8,112.8,109.7,112.1,1158576.0
2024-09-30,112.7,114.5,111.3,111.6,1051849.0
2024-10-01,111.3,111.6,105.2,109.2,2788292.0
2024-10-02,108.9,110.0,105.1,107.0,1949520.0
2024-10-03,106.9,109.3,104.2,108.7,2464487.0
2024-10-04,108.4,109.9,106.6,108.4,692913.0
2024-10-07,107.9,108.6,106.2,107.2,800145.0
2024-10-08,107.0,107.3,105.7,106.4,476504.0
2024-10-09,106.7,106.9,104.7,105.9,683140.0
2024-10-10,105.9,106.7,105.2,105.4,394657.0
2024-10-11,105.3,106.8,104.0,105.6,757169.0
2024-10-14,106.2,109.1,104.7,108.9,1034201.0
2024-10-15,108.9,113.4,108.3,111.5,1740176.0
2024-10-16,111.9,114.1,109.1,109.9,1386115.0
2024-10-17,109.9,111.6,108.3,108.9,1623793.0
2024-10-18,108.8,109.2,107.0,108.3,599014.0
2024-10-21,108.3,109.9,107.9,108.7,341406.0
2024-10-22,108.7,109.1,106.1,106.9,647396.0
2024-10-23,106.7,106.7,101.4,102.4,1786168.0
2024-10-24,101.6,102.5,99.5,102.0,1076808.0
2024-10-25,101.7,104.3,97.1,98.7,3465331.0
2024-10-28,96.0,96.9,93.3,95.9,3725569.0
2024-10-29,95.7,99.7,95.0,98.6,1562513.0
2024-10-30,98.1,101.7,92.7,93.0,4440611.0
2024-10-31,93.2,95.1,91.5,93.5,3187337.0
2024-11-01,93.5,97.7,92.5,96.7,1898356.0
2024-11-02,96.9,96.9,94.5,95.9,941520.0
2024-11-05,96.0,97.2,93.5,94.7,1305770.0
2024-11-06,98.4,101.8,94.4,96.2,5410807.0
2024-11-07,95.7,99.8,93.2,99.3,2761219.0
2024-11-08,99.3,102.0,95.6,101.3,3604667.0
2024-11-11,103.1,108.2,101.6,103.9,8042755.0
2024-11-12,103.2,108.5,99.1,101.7,7325180.0
2024-11-13,101.7,104.0,99.6,100.4,2884117.0
2024-11-14,100.2,101.3,98.0,99.1,1805618.0
2024-11-15,99.1,101.3,98.0,99.8,1182436.0
2024-11-18,98.0,100.6,97.1,98.8,964608.0
2024-11-19,99.2,102.7,97.2,98.5,1549773.0
2024-11-20,98.6,99.8,94.6,96.6,1139020.0
2024-11-21,96.2,96.5,90.2,92.9,3277623.0
2024-11-22,92.5,92.8,87.2,87.9,4158254.0
2024-11-25,87.5,87.7,83.2,85.0,3532272.0
2024-11-26,84.4,86.8,81.0,82.2,2961439.0
2024-11-27,82.3,87.2,77.0,85.9,3924959.0
2024-11-28,85.7,86.9,81.0,84.5,2521464.0
2024-11-29,84.3,87.4,83.0,86.7,1718748.0
2024-12-02,87.2,88.8,84.2,85.9,1611161.0
2024-12-03,86.0,86.1,82.3,83.4,1959227.0
2024-12-04,83.3,85.2,77.9,79.3,3417952.0
2024-12-05,79.2,83.9,77.8,82.0,3671048.0
2024-12-06,82.3,83.4,80.5,83.1,1087675.0
2024-12-09,84.1,85.8,83.0,84.8,876307.0
2024-12-10,84.7,84.8,81.2,81.9,1604377.0
2024-12-11,81.9,83.0,80.0,82.4,1289918.0
2024-12-12,82.3,82.9,80.1,80.4,738476.0
2024-12-13,80.5,80.7,77.9,79.1,1263464.0
2024-12-16,78.8,79.0,75.3,76.0,1821096.0
2024-12-17,75.6,77.5,75.3,76.7,1025274.0
2024-12-18,76.6,79.1,76.0,78.3,1115192.0
2024-12-19,78.8,79.8,76.5,77.1,1548158.0
2024-12-20,77.0,89.9,76.5,88.9,5218666.0
2024-12-23,90.5,102.0,89.6,92.8,4571996.0
2024-12-24,93.0,93.3,89.5,89.6,2447471.0
2024-12-25,89.0,92.7,86.2,90.3,2650516.0
2024-12-26,90.4,93.4,90.1,90.6,1692632.0
2024-12-27,91.1,91.8,87.3,89.1,1964639.0
2024-12-28,89.2,91.0,89.1,90.2,927247.0
2024-12-30,90.8,96.8,90.6,94.0,2449788.0
2025-01-03,94.3,94.6,88.0,90.0,1345348.0
2025-01-06,89.1,89.8,86.9,89.1,728358.0
2025-01-08,89.2,91.3,88.3,90.6,701214.0
2025-01-09,90.9,92.2,87.7,88.8,1193533.0
2025-01-10,89.0,92.8,87.7,92.5,1800694.0
2025-01-13,93.1,95.3,91.4,92.2,1296851.0
2025-01-14,91.9,93.1,91.0,92.6,473369.0
2025-01-15,92.6,96.4,91.7,96.0,1319623.0
2025-01-16,96.1,106.4,94.4,103.1,7596179.0
2025-01-17,103.1,109.1,101.8,105.0,4787488.0
2025-01-20,106.8,109.6,100.8,101.8,1654406.0
2025-01-21,102.9,103.4,98.9,102.1,802418.0
2025-01-22,102.1,105.4,100.8,102.0,880113.0
2025-01-23,102.5,106.8,102.2,104.6,1686923.0
2025-01-24,104.6,105.7,102.2,104.7,536558.0
2025-01-27,104.7,114.1,103.1,109.6,6067139.0
2025-01-28,109.7,113.5,105.6,107.7,6045903.0
2025-01-29,107.3,107.4,103.5,104.7,1483900.0
2025-01-30,105.0,106.3,104.2,104.5,491969.0
2025-01-31,105.1,106.3,103.0,104.0,550993.0
2025-02-03,103.35,103.9,100.3,102.05,561539.0
2025-02-04,102.3,103.15,100.4,101.0,292306.0
2025-02-05,100.35,103.3,97.9,102.85,587587.0
2025-02-06,102.85,107.8,102.2,106.05,1918280.0
2025-02-07,105.4,106.2,103.15,104.25,513357.0
2025-02-10,104.6,105.55,102.8,102.95,400382.0
2025-02-11,102.95,106.8,102.7,104.85,519967.0
2025-02-12,105.05,111.15,104.7,109.65,1121692.0
2025-02-13,110.3,111.95,106.9,108.6,447431.0
2025-02-14,108.9,118.7,108.1,110.55,3663326.0
2025-02-17,114.0,115.2,110.5,114.55,2070680.0
2025-02-18,112.5,113.3,109.15,109.55,986208.0
2025-02-19,110.5,113.95,108.6,113.6,690260.0
2025-02-20,113.0,113.85,111.6,112.35,487062.0
2025-02-21,112.55,113.15,108.0,110.4,896690.0
2025-02-24,110.7,111.35,109.25,110.65,655761.0
2025-02-25,111.45,114.85,109.4,113.55,1937841.0
2025-02-26,115.0,124.0,113.2,115.1,8262789.0
2025-02-27,114.9,116.2,110.7,111.2,1029674.0
2025-02-28,111.4,114.5,108.05,112.8,1173684.0
2025-03-03,111.4,111.75,108.95,110.85,506343.0
2025-03-04,111.45,115.55,111.15,113.95,1028370.0
2025-03-05,113.1,115.5,112.1,113.45,702570.0
2025-03-06,114.15,116.8,112.75,115.85,678968.0
2025-03-07,116.15,118.2,112.5,114.75,1013897.0
2025-03-10,115.15,122.1,113.9,114.2,1066506.0
2025-03-11,114.5,117.0,108.0,109.95,1479040.0
2025-03-12,109.25,109.45,106.2,107.95,696665.0
2025-03-13,106.85,113.8,105.3,111.1,3016145.0
2025-03-14,110.8,136.6,110.05,131.55,49637441.0
2025-03-17,135.2,138.8,124.0,129.0,24681922.0
2025-03-18,129.0,130.3,124.5,124.7,3691428.0
2025-03-19,124.8,127.55,119.85,126.0,5958718.0
2025-03-20,126.1,131.0,123.4,126.45,3948863.0
2025-03-21,126.45,130.0,124.65,127.8,3146059.0
2025-03-24,128.55,134.75,127.65,132.25,5558524.0
2025-03-25,132.4,133.95,127.25,130.25,2345066.0
2025-03-26,130.95,130.95,123.55,126.35,1448846.0
2025-03-27,125.95,126.95,120.15,121.0,1509949.0
2025-03-28,121.15,121.45,116.0,118.35,2400861.0
2025-03-29,118.35,118.5,115.45,116.0,159844.0
2025-03-30,116.0,116.6,115.35,115.35,101867.0
2025-03-31,116.35,121.2,115.1,118.15,1185061.0
2025-04-01,118.45,128.65,114.4,115.5,6113231.0
2025-04-02,115.0,122.0,113.2,116.7,2716140.0
2025-04-03,117.1,119.3,107.35,112.1,4095879.0
2025-04-04,113.1,114.45,108.05,110.05,2734588.0
2025-04-05,110.6,111.45,110.6,110.6,54529.0
2025-04-06,110.6,112.15,110.6,111.8,116235.0
2025-04-07,110.0,110.0,100.75,104.8,1525528.0
2025-04-08,104.8,113.1,104.1,106.9,3160061.0
2025-04-09,106.45,115.25,101.55,114.0,2314854.0
2025-04-10,114.9,116.1,109.65,111.3,1054388.0
2025-04-11,111.5,114.45,111.1,113.95,583842.0
2025-04-12,113.9,115.25,112.8,114.9,104226.0
2025-04-13,114.9,115.25,114.5,115.05,62787.0
2025-04-14,114.35,115.25,109.7,110.35,851394.0
2025-04-15,110.7,111.35,108.65,109.85,300016.0
2025-04-16,110.95,111.55,109.05,110.2,283766.0
2025-04-17,110.6,111.4,108.5,110.2,828555.0
2025-04-18,110.0,110.0,107.3,108.4,326091.0
2025-04-21,108.4,111.0,107.55,110.35,506361.0
2025-04-22,110.35,111.9,109.4,110.2,1288101.0
2025-04-23,110.9,111.25,108.0,109.7,283822.0
2025-04-24,109.7,111.5,108.5,109.1,574413.0
2025-04-25,109.55,110.95,109.05,110.55,402901.0
2025-04-26,110.4,111.6,109.35,110.5,166921.0
2025-04-27,110.5,111.05,110.5,111.0,14708.0
2025-04-28,110.85,112.9,109.15,109.7,521440.0
2025-04-29,110.05,111.95,106.1,106.8,725917.0
2025-04-30,106.25,107.75,103.15,105.3,1464971.0
2025-05-02,105.75,106.25,101.1,102.15,416234.0
2025-05-03,101.95,103.15,101.55,102.4,32948.0
2025-05-04,102.2,103.35,102.05,102.9,46306.0
2025-05-05,102.5,103.1,97.25,99.85,485039.0
2025-05-06,100.15,102.8,98.45,101.5,378109.0
2025-05-07,101.5,103.4,100.8,102.55,342808.0
2025-05-08,102.55,105.9,102.3,103.85,274381.0
2025-05-10,103.9,104.9,103.3,103.9,20708.0
2025-05-11,103.85,105.85,103.8,105.1,51644.0
2025-05-12,105.45,107.7,101.75,105.1,1590158.0
2025-05-13,105.25,107.25,105.0,106.1,652889.0
2025-05-14,106.0,106.35,102.55,102.9,905604.0
2025-05-15,103.6,104.05,99.5,101.25,711398.0
2025-05-16,101.3,104.9,98.8,101.0,660850.0
2025-05-17,101.0,102.75,100.95,102.65,56932.0
2025-05-18,102.75,103.65,102.75,102.95,27849.0
2025-05-19,103.3,103.5,100.5,100.75,323668.0
2025-05-20,101.0,101.7,98.2,98.85,305799.0
2025-05-21,98.95,99.35,98.1,98.45,201076.0
2025-05-22,98.45,98.85,93.7,94.25,1067472.0
2025-05-23,94.5,95.1,93.15,93.65,398582.0
2025-05-26,93.5,94.2,88.1,88.7,727805.0
2025-05-27,88.7,90.25,87.7,89.5,610864.0
2025-05-28,89.7,97.45,89.7,94.1,1064982.0
2025-05-29,94.7,94.8,92.15,92.5,243717.0
2025-05-30,92.65,93.65,91.75,92.55,150270.0
2025-05-31,92.75,93.5,92.75,93.3,23432.0
2025-06-01,93.3,93.55,90.05,90.95,70642.0
2025-06-02,90.25,96.75,90.25,96.6,456090.0
2025-06-03,96.45,98.4,95.35,98.1,694852.0
2025-06-04,98.1,98.8,96.2,96.9,532356.0
2025-06-05,96.95,100.85,96.65,100.35,478361.0
2025-06-06,100.75,102.5,96.25,96.85,1147915.0
2025-06-07,97.2,97.3,96.95,97.3,7655.0
2025-06-08,97.2,97.5,96.2,96.5,21567.0
2025-06-09,96.55,97.4,92.3,93.0,1274989.0
2025-06-10,92.95,93.25,90.7,90.9,505578.0
2025-06-11,91.1,92.8,89.95,91.3,552336.0
2025-06-13,91.6,92.4,89.2,89.95,507203.0
2025-06-14,90.1,90.35,89.0,89.55,74184.0
2025-06-15,90.2,90.5,89.4,90.1,52329.0
2025-06-16,90.0,90.45,85.75,86.7,1608498.0
2025-06-17,86.95,88.15,86.0,87.65,694680.0
2025-06-18,87.65,89.0,85.7,87.65,2224148.0
2025-06-19,87.85,88.35,86.75,87.25,395401.0
2025-06-20,87.25,90.0,87.05,88.95,634008.0
2025-06-23,89.1,90.0,87.55,88.6,312537.0
2025-06-24,88.6,90.9,88.4,90.25,324775.0
2025-06-25,90.4,92.8,90.1,91.7,262429.0
2025-06-26,91.4,93.2,91.4,92.35,317316.0
2025-06-27,92.5,93.15,91.5,92.85,293721.0
2025-06-28,92.85,94.45,92.75,93.55,114779.0
2025-06-29,93.15,93.75,93.05,93.35,38182.0
2025-06-30,93.35,95.5,93.0,95.2,672621.0
2025-07-01,95.15,95.85,91.9,92.3,679263.0
2025-07-02,92.3,93.4,90.8,91.2,472022.0
2025-07-03,91.3,92.15,90.45,90.5,389639.0
2025-07-04,90.5,90.65,88.95,89.8,202745.0
2025-07-05,89.75,90.15,89.7,90.05,9697.0
2025-07-06,90.05,90.25,89.6,89.8,6877.0
2025-07-07,89.8,90.15,87.1,87.85,328958.0
2025-07-08,87.05,88.5,86.7,87.25,238776.0
2025-07-09,87.3,91.3,86.35,88.3,696733.0
2025-07-10,88.05,91.4,87.35,90.1,294191.0
2025-07-11,90.5,90.5,86.75,87.5,340578.0
2025-07-12,88.2,88.55,87.6,87.9,14718.0
2025-07-13,87.85,88.7,87.05,87.25,7706.0
2025-07-14,87.35,90.4,86.45,89.85,410643.0
2025-07-15,89.85,92.2,89.55,90.3,361513.0
2025-07-16,90.5,90.8,90.05,90.55,144915.0
2025-07-17,90.55,91.75,89.2,90.1,225102.0
2025-07-18,90.2,91.8,90.1,91.65,237165.0
2025-07-19,92.05,93.25,91.9,92.75,94826.0
2025-07-20,93.1,93.3,91.5,92.0,118932.0
2025-07-21,91.8,94.35,91.5,93.1,452847.0
2025-07-22,93.1,93.55,92.2,92.95,225551.0
2025-07-23,92.95,93.45,91.7,92.15,258385.0
2025-07-24,92.3,92.65,90.65,91.35,209216.0
2025-07-25,91.35,92.55,89.25,89.6,732600.0
2025-07-26,89.6,90.25,89.05,89.45,36702.0
2025-07-27,89.5,89.75,89.1,89.4,5329.0
2025-07-28,89.75,90.05,87.75,88.35,442073.0
2025-07-29,88.35,89.05,87.5,87.9,333692.0
2025-07-30,88.35,88.55,87.6,88.1,116367.0
2025-07-31,88.1,88.9,87.7,88.2,169243.0
2025-08-01,88.25,88.95,87.35,88.3,159745.0
2025-08-04,88.7,90.2,88.65,89.95,275397.0
2025-08-05,89.85,90.3,88.7,89.3,222124.0
2025-08-06,89.3,91.6,88.45,90.3,605799.0
2025-08-07,90.15,91.95,89.5,89.75,831044.0
2025-08-08,90.35,94.1,89.95,94.0,1471847.0
2025-08-11,96.2,96.2,93.2,94.3,810444.0
2025-08-12,95.15,103.25,93.5,99.5,10457424.0
2025-08-13,99.8,100.35,97.4,97.4,1877875.0
2025-08-14,97.55,98.35,96.0,97.4,768370.0
2025-08-15,97.3,98.35,96.8,97.5,567909.0
2025-08-16,97.5,98.05,96.1,96.4,167258.0
2025-08-17,96.5,97.6,96.4,96.4,81344.0
2025-08-18,96.4,97.95,96.05,97.0,449515.0
2025-08-19,97.0,99.75,95.65,96.6,2440923.0
2025-08-20,96.65,97.2,94.4,94.95,901480.0
2025-08-21,95.1,95.7,92.45,93.05,726945.0
2025-08-22,93.2,94.7,93.0,94.1,239379.0
2025-08-23,94.2,94.6,93.8,94.25,20905.0
2025-08-24,93.75,94.15,93.55,93.65,10708.0
2025-08-25,93.55,94.1,92.25,94.1,411023.0
2025-08-26,94.15,95.3,94.1,94.65,330707.0
2025-08-27,94.65,95.25,94.35,95.2,245239.0
2025-08-28,95.2,95.45,92.5,93.35,541377.0
2025-08-29,93.4,94.45,90.65,92.7,2031509.0
2025-08-30,92.7,93.3,92.5,93.0,12746.0
2025-08-31,93.2,93.2,92.45,92.8,45106.0
2025-09-01,93.25,93.25,92.0,92.05,257878.0
2025-09-02,92.15,92.9,91.15,92.3,290464.0
2025-09-03,91.85,93.1,91.15,92.85,170258.0
2025-09-04,92.55,93.55,91.25,91.6,385566.0
2025-09-05,91.85,92.3,89.65,90.2,637268.0
2025-09-06,90.35,90.5,89.85,90.2,23670.0
2025-09-07,90.3,90.5,90.0,90.5,16852.0
2025-09-08,90.5,91.6,85.6,87.05,4393738.0
2025-09-09,87.3,91.9,86.5,91.45,3398575.0
2025-09-10,91.05,91.4,89.45,89.8,874936.0
2025-09-11,89.8,90.2,87.2,88.25,749850.0
2025-09-12,88.25,89.1,84.25,85.1,1317361.0
2025-09-13,85.15,86.1,85.15,85.35,32443.0
2025-09-14,84.55,84.95,83.3,84.3,166739.0
2025-09-15,84.3,85.3,82.05,83.05,701779.0
2025-09-16,83.0,85.15,82.6,83.7,434277.0
2025-09-17,84.15,85.0,82.2,84.8,461905.0
2025-09-18,84.2,85.8,82.75,83.1,1690715.0
2025-09-19,81.3,81.65,78.5,79.25,3278979.0
2025-09-22,79.4,80.3,55.95,60.4,60350132.0
2025-09-23,59.95,62.2,57.85,59.5,15653505.0
2025-09-24,59.0,60.35,57.5,59.6,3382907.0
2025-09-25,59.6,59.9,58.65,59.35,1454799.0
2025-09-26,59.45,59.7,58.4,59.05,1070082.0
2025-09-27,59.05,59.1,58.35,59.1,114903.0
2025-09-28,59.05,59.15,58.7,58.85,97753.0
2025-09-29,58.9,59.1,57.05,57.9,2642450.0
2025-09-30,58.75,83.4,58.7,75.9,82858610.0
2025-10-01,76.0,79.45,62.3,65.95,25362103.0
2025-10-02,65.8,69.7,63.0,64.65,11396202.0
2025-10-03,65.2,65.3,60.3,60.3,3630493.0
2025-10-04,60.65,61.15,59.05,59.6,668018.0
2025-10-05,59.5,62.6,59.05,62.6,912314.0
2025-10-06,63.1,65.05,61.2,63.6,3779899.0
2025-10-07,63.6,65.35,62.6,64.65,2533549.0
2025-10-08,64.65,67.85,62.5,63.35,5607193.0
2025-10-09,63.6,65.4,60.9,63.5,2039074.0
2025-10-10,63.5,64.05,62.05,62.8,812821.0
2025-10-11,62.8,64.75,62.35,63.6,342090.0
2025-10-12,63.55,63.95,63.0,63.0,126134.0
2025-10-13,62.95,63.8,61.65,62.85,1297313.0
2025-10-14,62.5,64.35,57.7,61.55,5698537.0
2025-10-15,60.8,61.6,59.3,61.25,942869.0
2025-10-16,61.55,66.35,60.5,65.5,2940643.0
2025-10-17,66.0,66.4,62.3,65.2,1998294.0
2025-10-18,65.5,66.45,65.0,65.25,801298.0
2025-10-19,65.25,66.65,65.25,65.3,304526.0
2025-10-20,65.75,66.3,62.75,64.9,1120614.0
2025-10-21,64.9,65.95,62.75,64.4,1379699.0
2025-10-22,64.65,65.1,62.3,63.75,501325.0
2025-10-23,63.6,63.65,62.45,63.4,295753.0
2025-10-24,63.4,64.95,62.75,63.6,319900.0
2025-10-27,63.95,64.0,62.2,62.7,395197.0
2025-10-28,62.45,63.2,61.8,63.05,220237.0
2025-10-29,63.05,63.75,61.8,63.05,518482.0
2025-10-30,63.0,66.2,61.6,63.5,2852806.0
2025-10-31,63.45,63.7,60.4,62.45,1276339.0
2025-11-01,62.45,63.25,62.25,62.85,176469.0
2025-11-03,62.7,63.2,62.3,62.75,143413.0
2025-11-05,62.75,62.95,62.1,62.2,216958.0
2025-11-06,62.3,62.5,61.55,61.6,165956.0
2025-11-07,61.65,63.5,61.5,62.85,474363.0
2025-11-08,62.85,63.2,62.65,62.95,15850.0
2025-11-09,62.85,63.35,62.25,62.75,55555.0
2025-11-10,62.75,63.05,62.0,62.15,238971.0
2025-11-11,62.3,62.55,61.75,62.2,165057.0
2025-11-12,62.25,65.5,61.95,62.7,830904.0
2025-11-13,62.6,66.95,62.5,62.85,2309443.0
2025-11-14,63.25,63.85,62.15,62.25,427853.0
2025-11-15,62.25,63.0,62.05,62.85,36056.0
2025-11-16,63.2,63.2,62.45,62.65,16058.0
2025-11-17,62.6,62.8,60.9,61.35,705491.0
2025-11-18,61.35,62.7,60.65,62.65,648859.0
2025-11-19,62.55,64.5,62.35,63.65,808736.0
2025-11-20,64.0,64.5,62.0,63.2,991026.0
2025-11-21,63.25,65.45,62.6,65.0,1359456.0
2025-11-24,64.7,69.7,64.4,67.25,5084741.0
2025-11-25,67.25,68.95,65.05,66.95,3389950.0
2025-11-26,67.0,67.0,65.75,65.95,396909.0
2025-11-27,65.95,66.35,64.6,65.1,503802.0
2025-11-28,65.1,66.95,64.55,66.65,529879.0
2025-11-29,66.6,67.1,66.3,66.85,35183.0
2025-11-30,66.7,67.05,66.65,66.95,50491.0
2025-12-01,67.0,67.85,65.85,66.5,453587.0
2025-12-02,66.55,66.8,64.6,66.6,397815.0
2025-12-03,66.0,66.55,65.3,65.95,243608.0
2025-12-04,65.95,67.0,65.85,66.25,386907.0
2025-12-05,66.3,68.55,66.15,67.7,726457.0
2025-12-08,67.45,68.9,66.75,67.95,548413.0
2025-12-09,67.95,68.55,67.55,68.4,556276.0
2025-12-10,68.4,69.05,66.8,67.5,926405.0
2025-12-11,67.4,68.95,67.05,68.2,1150459.0
2025-12-12,68.15,73.75,68.05,69.9,2786669.0
2025-12-13,69.9,70.8,69.55,70.65,96315.0
2025-12-14,70.7,70.95,70.25,70.65,37071.0
2025-12-15,70.15,71.4,69.35,69.7,542633.0
2025-12-16,69.9,70.9,69.0,70.7,454722.0
2025-12-17,70.95,78.35,70.15,75.1,6922851.0
2025-12-18,75.8,79.2,73.45,77.9,4875601.0
2025-12-19,77.8,82.25,76.95,78.6,4745847.0
2025-12-20,78.6,79.0,77.95,78.95,189519.0
2025-12-21,78.95,79.6,78.6,78.9,81777.0
2025-12-22,79.3,91.5,76.4,89.6,11141088.0
2025-12-23,90.0,90.35,82.5,83.4,5611160.0
2025-12-24,82.95,86.45,79.2,79.75,5103193.0
2025-12-25,79.7,82.0,77.4,78.7,2474997.0
2025-12-26,78.7,81.95,77.85,81.45,1671115.0
2025-12-27,81.4,81.8,78.95,81.3,316141.0
2025-12-28,81.2,81.85,80.05,81.6,174202.0
2025-12-29,81.55,82.55,80.4,81.45,877122.0
2025-12-30,81.4,82.35,80.75,81.05,287419.0
2026-01-05,80.9,81.15,79.15,79.65,513250.0
2026-01-06,80.1,80.4,76.95,79.25,472783.0
2026-01-08,79.0,79.45,77.75,78.35,290871.0
2026-01-09,78.25,79.0,77.1,77.15,247348.0
2026-01-12,76.7,79.35,76.5,78.2,450885.0
2026-01-13,78.15,78.6,76.3,76.7,334120.0
2026-01-14,77.4,77.4,75.5,75.7,501616.0
2026-01-15,76.1,76.65,75.7,76.1,324261.0
2026-01-16,76.15,81.7,75.85,81.55,2339410.0
2026-01-17,81.5,81.65,80.35,80.55,174498.0
2026-01-18,80.55,80.9,79.8,80.45,117245.0
2026-01-19,80.45,81.15,79.15,80.3,926932.0
2026-01-20,80.5,80.85,78.6,79.3,562515.0
2026-01-21,79.25,79.5,78.4,79.05,411450.0
2026-01-22,79.0,79.5,78.0,78.95,305999.0
2026-01-23,78.7,81.4,78.4,79.75,834707.0
2026-01-24,80.1,80.45,79.4,79.8,79336.0
2026-01-25,79.8,80.15,79.5,80.0,23075.0
2026-01-26,80.35,80.4,78.5,78.75,560222.0
2026-01-27,78.6,82.0,78.6,80.7,969763.0
2026-01-28,80.65,81.1,79.6,79.8,219966.0
2026-01-29,80.15,88.0,79.65,82.2,5924432.0
2026-01-30,82.4,85.6,79.75,80.65,1352925.0
2026-01-31,81.05,83.0,80.85,82.45,208357.0
2026-02-01,82.6,82.8,81.75,82.75,135828.0
2026-02-02,82.9,85.6,81.8,84.0,1206695.0
2026-02-03,84.05,84.7,82.1,82.75,969323.0
2026-02-04,82.75,83.9,78.5,79.75,1627631.0
2026-02-05,79.9,79.9,77.3,78.45,677399.0
2026-02-06,78.65,85.65,78.3,80.0,1419246.0
2026-02-07,81.0,82.3,80.4,80.6,212959.0
2026-02-08,80.65,81.0,79.1,79.6,192310.0
2026-02-09,79.45,79.8,78.05,79.35,672810.0
2026-02-10,79.3,80.15,77.8,78.3,432191.0
2026-02-11,78.5,79.2,77.65,78.55,438498.0
2026-02-12,78.5,78.9,77.4,77.9,293725.0
2026-02-13,78.1,79.2,76.5,78.65,460705.0
2026-02-16,78.75,79.35,78.05,78.15,230714.0
2026-02-17,78.3,79.15,77.45,77.9,187184.0
2026-02-18,77.9,78.1,75.85,76.7,711393.0
2026-02-19,76.75,77.45,73.8,74.45,566873.0
2026-02-20,74.45,75.45,73.3,73.9,555240.0
2026-02-21,74.0,75.35,73.9,74.35,114430.0
2026-02-22,74.75,75.15,74.35,74.8,69865.0
2026-02-23,74.9,74.95,74.1,74.4,46883.0
2026-02-24,74.6,75.15,73.55,74.4,239801.0
2026-02-25,74.4,76.3,74.3,75.55,329956.0
2026-02-26,75.55,76.3,73.6,74.7,445420.0
2026-02-27,74.6,75.25,74.0,74.7,175823.0
2026-02-28,75.2,75.45,74.15,74.35,76326.0
2026-03-01,74.35,74.5,74.15,74.45,37429.0
2026-03-02,74.2,74.45,72.8,73.8,382327.0
2026-03-03,73.5,73.85,72.0,72.3,441684.0
2026-03-04,72.35,72.7,70.8,71.7,455490.0
2026-03-05,71.5,74.1,71.15,73.65,840578.0
2026-03-06,73.65,73.95,72.7,73.1,347256.0
2026-03-09,72.6,73.2,71.3,72.4,248855.0
2026-03-10,72.5,73.1,72.2,73.0,126472.0
2026-03-11,73.0,73.4,72.45,73.0,131371.0
2026-03-12,73.05,73.15,72.0,72.9,178399.0
2026-03-13,72.85,75.85,72.5,74.8,1028564.0
2026-03-14,75.0,75.3,74.55,75.05,73782.0
2026-03-15,75.1,75.95,74.85,75.8,267132.0
2026-03-16,75.6,76.05,73.35,74.45,1436654.0
2026-03-17,74.65,75.05,73.15,73.55,453453.0
2026-03-18,73.65,75.15,73.3,74.1,517379.0
2026-03-19,74.1,74.5,73.3,73.8,313143.0
2026-03-20,73.8,74.35,72.4,73.2,349842.0
2026-03-23,73.25,73.5,69.05,70.75,858360.0
2026-03-24,70.65,71.15,62.1,67.65,10299710.0
2026-03-25,68.0,68.1,64.85,65.8,480020.0
2026-03-26,65.5,66.0,64.3,64.6,385109.0
2026-03-27,64.55,65.25,63.85,64.95,301891.0
2026-03-28,64.95,65.2,64.4,64.65,31303.0
2026-03-29,64.4,65.2,64.25,65.1,33991.0
2026-03-30,65.1,65.45,63.5,64.1,236340.0
2026-03-31,63.95,64.25,63.2,63.5,275452.0
2026-04-01,63.7,64.75,63.55,64.4,235998.0
2026-04-02,64.7,64.85,64.0,64.25,134048.0
2026-04-03,64.5,65.3,63.95,64.4,277449.0
2026-04-04,64.4,65.3,64.3,64.45,12776.0
2026-04-05,64.25,64.75,64.15,64.55,41432.0
2026-04-06,64.5,68.0,64.4,65.7,745233.0
2026-04-07,65.5,66.9,64.45,64.95,305411.0
2026-04-08,65.1,67.0,64.45,65.0,482151.0
2026-04-09,65.25,65.3,63.4,64.05,235073.0
2026-04-10,64.0,64.5,63.7,64.0,117100.0
2026-04-11,64.0,64.3,62.4,63.75,129571.0
2026-04-12,63.9,64.4,63.9,64.2,25378.0
2026-04-13,64.2,65.7,63.45,64.85,445572.0
2026-04-14,64.9,67.75,64.8,67.15,1063154.0
2026-04-15,67.15,67.15,66.3,66.85,327858.0
2026-04-16,67.35,67.35,66.0,66.25,196124.0
2026-04-17,66.25,67.3,64.7,65.35,535229.0
2026-04-18,65.05,65.8,65.0,65.55,21722.0
2026-04-19,65.6,65.75,65.35,65.5,11195.0
2026-04-20,65.6,66.3,64.95,65.4,486657.0
2026-04-21,65.0,65.8,63.6,65.15,1100426.0
2026-04-22,65.0,66.35,64.0,65.1,1060389.0
2026-04-23,65.1,65.6,64.8,65.45,258080.0
2026-04-24,65.45,66.0,63.35,63.95,926575.0
2026-04-25,64.2,65.85,63.85,65.85,267655.0
2026-04-26,65.85,65.85,65.75,65.85,455814.0
2026-04-27,66.2,69.15,65.3,67.1,3775801.0
2026-04-28,67.0,67.45,63.0,64.25,964320.0
2026-04-29,64.1,64.8,60.05,61.3,1073616.0
2026-04-30,61.6,64.85,61.0,61.75,2302621.0
2026-05-01,61.9,61.9,60.7,61.05,233294.0
2026-05-02,61.1,61.75,61.1,61.3,56058.0
2026-05-03,61.3,61.55,61.1,61.2,72695.0
2026-05-04,61.2,61.45,59.8,60.5,457523.0
2026-05-05,60.7,61.45,59.2,60.85,377750.0
2026-05-06,60.85,61.35,60.0,60.55,143769.0
2026-05-07,60.55,60.7,59.85,60.0,172607.0
2026-05-08,60.15,60.65,59.55,60.45,198834.0
2026-05-11,60.45,61.95,59.8,61.1,281321.0
2026-05-12,61.2,63.9,61.0,61.75,593354.0
2026-05-13,61.6,62.3,60.6,61.6,285270.0
2026-05-14,61.75,69.25,61.0,64.0,4238558.0
2026-05-15,64.0,64.95,62.95,63.25,812463.0
2026-05-16,63.3,63.95,63.1,63.55,32657.0
2026-05-17,63.8,63.8,63.15,63.25,20829.0
2026-05-18,63.55,64.8,62.1,63.25,1084568.0
2026-05-19,63.25,63.65,62.6,63.2,264045.0
2026-05-20,63.3,66.35,63.0,64.2,810696.0
2026-05-21,64.25,65.1,63.75,64.3,322084.0
2026-05-22,64.5,64.75,63.45,64.25,459423.0
2026-05-23,64.4,64.4,63.85,64.1,29781.0
2026-05-24,64.0,64.35,63.65,64.05,33612.0
2026-05-25,63.9,65.75,59.5,60.05,1931259.0
2026-05-26,61.3,62.15,59.2,61.1,1624629.0
2026-05-27,61.4,61.75,60.0,60.85,257974.0
2026-05-28,61.0,62.4,58.25,59.05,984102.0
2026-05-29,59.5,64.5,58.2,62.05,3342338.0
2026-05-30,62.1,63.0,61.85,62.45,122209.0
2026-05-31,62.4,63.4,62.05,63.25,143298.0
