Date,Open,High,Low,Close,Volume
2006-08-18,133.35,133.35,127.01,127.11,28292.0
2006-08-21,132.0,132.13,125.01,130.0,237125.0
2006-08-22,127.7,133.0,127.7,131.5,87178.0
2006-08-23,131.5,139.0,129.01,135.0,183815.0
2006-08-24,134.01,139.0,133.5,137.5,107381.0
2006-08-25,140.0,140.0,136.01,137.0,218971.0
2006-08-28,136.98,138.68,134.1,136.99,62630.0
2006-08-29,136.0,137.5,133.0,135.99,102007.0
2006-08-30,135.98,136.0,131.06,131.9,96085.0
2006-08-31,131.9,132.79,129.0,129.39,70643.0
2006-09-01,130.0,130.01,127.0,128.0,104009.0
2006-09-04,130.98,130.98,127.25,129.0,53012.0
2006-09-05,129.99,129.99,128.87,129.6,30796.0
2006-09-06,130.0,130.0,128.5,129.0,21578.0
2006-09-07,129.0,129.0,124.0,127.0,73694.0
2006-09-08,125.0,130.2,125.0,129.0,8520.0
2006-09-11,128.99,128.99,125.0,126.49,41137.0
2006-09-12,125.5,131.96,123.5,123.65,103643.0
2006-09-13,124.5,129.0,120.67,124.36,19201.0
2006-09-14,125.0,127.49,125.0,125.5,76090.0
2006-09-15,121.1,126.99,121.1,123.5,62441.0
2006-09-18,126.99,126.99,122.22,124.0,15302.0
2006-09-19,125.79,125.92,123.08,123.88,72576.0
2006-09-20,123.49,123.8,118.02,120.78,50494.0
2006-09-21,122.03,122.03,118.6,121.5,30749.0
2006-09-22,118.62,121.49,114.05,120.89,36974.0
2006-09-25,117.0,120.99,115.8,116.2,22551.0
2006-09-26,116.2,124.99,116.2,123.15,42052.0
2006-09-27,124.99,127.0,122.95,123.1,8768.0
2006-09-28,126.99,136.33,123.01,134.99,219424.0
2006-09-29,133.0,139.0,130.5,133.5,78072.0
2006-10-02,134.99,142.0,133.0,138.0,96081.0
2006-10-03,132.88,137.0,132.0,133.99,29355.0
2006-10-04,131.11,139.0,130.01,135.92,74552.0
2006-10-05,137.0,142.0,137.0,139.5,118464.0
2006-10-06,136.04,140.0,136.04,139.99,46449.0
2006-10-09,138.04,157.5,136.03,156.9,66618.0
2006-10-10,159.98,170.0,147.15,149.0,63860.0
2006-10-11,145.01,152.95,145.01,148.6,26656.0
2006-10-12,148.98,149.9,145.81,147.89,59403.0
2006-10-13,150.0,160.0,149.0,158.86,127243.0
2006-10-16,159.51,162.0,157.0,158.25,23647.0
2006-10-17,160.0,161.0,157.0,158.37,110449.0
2006-10-18,158.99,159.88,157.0,158.97,152635.0
2006-10-19,159.0,160.4,156.0,158.69,51258.0
2006-10-20,160.03,160.03,147.99,148.8,194961.0
2006-10-23,150.0,150.0,140.0,143.99,177825.0
2006-10-24,143.5,143.5,140.0,141.47,75254.0
2006-10-25,141.5,144.9,139.8,144.77,225774.0
2006-10-26,147.77,149.0,145.0,146.5,272907.0
2006-10-27,147.0,150.94,144.01,148.26,124548.0
2006-10-30,147.51,150.5,146.0,148.0,150221.0
2006-10-31,148.0,159.0,146.1,155.8,153176.0
2006-11-01,157.98,161.0,153.48,158.0,97609.0
2006-11-02,158.0,162.0,151.21,154.95,153179.0
2006-11-03,155.0,158.87,154.0,156.8,307761.0
2006-11-07,159.0,161.98,156.9,160.25,193151.0
2006-11-08,159.99,161.99,158.0,158.12,126602.0
2006-11-09,158.32,163.79,158.32,160.02,304355.0
2006-11-10,160.06,160.06,158.11,159.09,60952.0
2006-11-13,159.0,161.68,156.24,158.59,192634.0
2006-11-14,156.02,160.5,156.02,159.7,86840.0
2006-11-15,160.5,161.4,157.85,158.0,69312.0
2006-11-16,158.01,159.0,156.5,157.49,107044.0
2006-11-17,156.9,157.9,150.9,153.19,132907.0
2006-11-20,153.96,155.01,150.1,151.1,130305.0
2006-11-21,153.0,155.26,152.0,154.0,175729.0
2006-11-22,155.0,157.69,149.75,155.88,403386.0
2006-11-23,155.79,160.99,155.2,160.0,145086.0
2006-11-24,160.0,160.99,157.8,160.9,47456.0
2006-11-27,160.9,164.9,159.1,161.33,237834.0
2006-11-28,161.35,162.4,158.92,160.74,46539.0
2006-11-29,163.0,168.98,160.03,168.82,114161.0
2006-11-30,168.5,172.0,167.5,170.0,262893.0
2006-12-01,170.0,173.0,169.01,169.5,50584.0
2006-12-04,168.5,174.0,168.5,171.5,85477.0
2006-12-05,171.1,173.98,170.85,172.5,155826.0
2006-12-06,173.97,174.53,172.0,173.95,74199.0
2006-12-07,173.01,175.4,172.2,173.0,89721.0
2006-12-08,174.0,174.0,171.7,172.0,56223.0
2006-12-11,171.7,173.58,169.52,170.6,62569.0
2006-12-12,170.6,172.23,170.0,172.22,39383.0
2006-12-13,169.7,172.5,165.1,167.38,89648.0
2006-12-14,167.99,170.01,167.71,167.95,149982.0
2006-12-15,169.99,171.2,168.0,169.4,71190.0
2006-12-18,170.1,171.1,169.25,171.0,104760.0
2006-12-19,170.0,171.0,165.0,167.9,145707.0
2006-12-20,168.04,170.0,167.1,168.29,35970.0
2006-12-21,170.5,170.5,165.51,167.32,65967.0
2006-12-22,167.5,168.0,165.03,167.5,57308.0
2006-12-25,167.07,167.49,163.41,163.91,33739.0
2006-12-26,165.7,166.0,163.5,165.79,30887.0
2006-12-27,165.7,165.84,163.47,164.3,73446.0
2006-12-28,163.52,168.48,160.02,165.5,73382.0
2006-12-29,166.71,168.48,165.0,166.4,46460.0
2007-01-09,160.0,160.0,148.5,149.0,290295.0
2007-01-10,153.01,154.0,144.42,149.5,452017.0
2007-01-11,149.0,156.0,147.01,155.0,140499.0
2007-01-12,154.38,156.55,152.0,153.0,470652.0
2007-01-15,156.49,159.5,154.0,159.0,91598.0
2007-01-16,159.5,161.0,153.6,155.1,269763.0
2007-01-17,154.01,156.0,150.01,151.0,171740.0
2007-01-18,151.89,154.88,149.02,151.64,127044.0
2007-01-19,150.95,153.9,150.52,153.8,179646.0
2007-01-22,155.01,157.0,153.41,156.03,112568.0
2007-01-23,156.99,157.0,153.0,154.4,108623.0
2007-01-24,156.99,158.73,154.93,154.93,196279.0
2007-01-25,157.96,158.8,154.96,155.99,119769.0
2007-01-26,155.01,155.71,150.5,150.5,129026.0
2007-01-29,152.1,156.0,147.0,147.04,380532.0
2007-01-30,147.04,148.84,146.0,147.0,274369.0
2007-01-31,149.67,149.98,145.0,146.75,146920.0
2007-02-01,148.1,151.9,147.9,150.16,158919.0
2007-02-02,151.41,152.0,149.34,151.19,111212.0
2007-02-05,151.49,153.2,150.52,152.9,102016.0
2007-02-06,152.9,155.64,152.89,155.0,134300.0
2007-02-07,155.0,155.13,152.15,154.49,57500.0
2007-02-08,151.61,154.0,149.0,149.14,145123.0
2007-02-09,152.0,153.99,147.7,149.49,205040.0
2007-02-12,146.19,149.88,140.0,141.97,165418.0
2007-02-13,141.0,144.5,140.5,143.5,241976.0
2007-02-14,145.0,148.0,142.86,146.1,75792.0
2007-02-15,146.0,146.79,142.24,143.36,61213.0
2007-02-16,144.49,144.86,142.26,144.5,39621.0
2007-02-19,145.98,146.93,144.01,145.36,107579.0
2007-02-20,146.0,146.1,143.75,143.75,50487.0
2007-02-21,143.9,145.4,143.79,144.6,57248.0
2007-02-22,145.99,150.79,145.99,150.0,199891.0
2007-02-26,152.4,152.75,149.6,151.0,244242.0
2007-02-27,150.0,150.3,143.33,144.89,144041.0
2007-02-28,142.11,144.0,132.71,142.0,109271.0
2007-03-01,141.96,144.5,134.09,136.0,154262.0
2007-03-02,136.21,141.5,136.2,140.0,120003.0
2007-03-05,134.05,135.5,130.0,132.03,136343.0
2007-03-06,134.89,137.0,132.8,134.89,173722.0
2007-03-07,136.78,137.97,131.61,133.5,141590.0
2007-03-09,135.1,144.0,135.0,141.0,199514.0
2007-03-12,140.99,142.99,137.53,139.0,53095.0
2007-03-13,140.0,142.91,133.0,136.5,171370.0
2007-03-14,131.0,134.96,125.99,134.9,216218.0
2007-03-15,137.01,137.19,134.5,136.0,71112.0
2007-03-16,135.0,137.12,134.03,136.95,46467.0
2007-03-19,138.33,139.5,136.6,138.45,60854.0
2007-03-20,138.01,141.0,137.05,140.89,154851.0
2007-03-21,141.0,142.34,138.02,139.97,35306.0
2007-03-22,145.7,146.74,140.94,144.99,1116280.0
2007-03-23,145.0,152.5,144.06,151.21,334498.0
2007-03-26,151.65,157.0,151.0,156.0,259734.0
2007-03-27,155.5,158.2,152.11,154.77,124594.0
2007-03-28,154.85,160.0,153.5,153.5,378116.0
2007-03-29,155.5,158.9,149.75,153.19,406513.0
2007-03-30,153.0,155.0,148.5,150.0,355171.0
2007-04-02,151.2,152.33,147.1,148.97,143934.0
2007-04-03,149.99,150.34,144.5,145.5,257161.0
2007-04-04,147.0,148.48,144.01,145.79,616279.0
2007-04-05,146.03,149.25,145.0,148.35,532968.0
2007-04-06,148.0,148.0,142.99,145.0,490738.0
2007-04-09,145.89,148.28,143.66,147.29,640763.0
2007-04-10,145.13,146.17,143.52,145.35,531058.0
2007-04-11,146.99,150.2,146.31,147.7,773507.0
2007-04-12,146.0,148.55,144.67,146.5,519138.0
2007-04-13,147.5,153.5,147.5,152.68,552944.0
2007-04-16,152.5,156.5,148.5,154.88,561937.0
2007-04-17,155.5,155.98,151.1,154.6,547484.0
2007-04-18,154.9,156.5,152.36,154.0,582661.0
2007-04-19,150.0,152.0,147.0,148.5,510171.0
2007-04-20,150.49,154.89,150.49,154.89,151276.0
2007-04-23,155.0,157.0,153.8,155.58,270409.0
2007-04-24,155.85,155.85,144.5,144.56,1295912.0
2007-04-25,144.0,144.03,140.4,143.5,311219.0
2007-04-26,144.44,146.36,142.95,142.95,240026.0
2007-04-27,143.4,143.4,136.7,137.01,303512.0
2007-04-28,138.0,140.99,137.53,139.0,133526.0
2007-05-02,140.35,140.35,133.5,134.9,202283.0
2007-05-03,136.44,137.5,135.2,136.3,205176.0
2007-05-04,136.4,139.89,136.02,138.99,159407.0
2007-05-07,139.01,141.44,137.5,140.0,43748.0
2007-05-08,140.47,141.4,136.61,137.8,139710.0
2007-05-10,137.0,138.5,133.1,133.65,151017.0
2007-05-11,131.64,133.75,129.63,131.82,225972.0
2007-05-14,133.38,136.89,127.77,130.95,312605.0
2007-05-15,129.01,130.5,125.0,126.95,306465.0
2007-05-16,127.0,128.1,124.88,126.52,702447.0
2007-05-17,127.97,129.39,126.0,127.0,583688.0
2007-05-18,127.19,129.0,127.19,128.93,122761.0
2007-05-21,129.21,131.0,128.0,129.95,205252.0
2007-05-22,130.99,130.99,127.6,128.39,201221.0
2007-05-23,128.46,128.47,124.02,124.5,241071.0
2007-05-24,124.06,124.85,120.01,123.75,129805.0
2007-05-25,122.5,125.01,121.11,124.0,166522.0
2007-05-28,125.48,126.0,123.5,124.95,83629.0
2007-05-29,125.01,125.78,119.5,120.54,231499.0
2007-05-30,117.55,120.49,116.2,120.49,79947.0
2007-05-31,121.86,125.57,120.8,125.5,227681.0
2007-06-01,126.0,130.25,124.25,129.86,867513.0
2007-06-04,129.02,131.9,127.01,131.0,407731.0
2007-06-05,131.64,136.38,130.0,133.7,1104819.0
2007-06-06,133.77,136.0,132.1,133.15,285229.0
2007-06-07,132.57,134.49,130.22,132.5,77388.0
2007-06-08,131.5,133.99,129.02,132.09,344715.0
2007-06-09,132.45,132.45,131.25,131.91,88628.0
2007-06-13,131.77,131.77,127.61,128.0,390746.0
2007-06-14,129.99,130.5,127.52,130.25,951450.0
2007-06-15,131.5,134.0,131.5,132.0,920821.0
2007-06-18,132.5,134.5,132.0,133.5,339712.0
2007-06-19,133.4,134.46,130.75,130.75,219438.0
2007-06-20,130.75,133.9,130.7,132.55,89002.0
2007-06-21,132.0,133.5,129.0,129.0,259489.0
2007-06-22,129.99,130.9,127.8,130.1,72663.0
2007-06-25,129.5,129.5,128.58,129.0,171554.0
2007-06-26,128.61,133.2,128.0,133.2,79704.0
2007-06-27,131.5,133.88,129.2,130.75,92116.0
2007-06-28,131.99,133.0,130.55,132.99,178940.0
2007-06-29,133.8,134.47,130.5,132.1,120317.0
2007-07-02,133.0,135.2,132.0,133.8,214122.0
2007-07-03,134.51,136.0,134.02,136.0,206601.0
2007-07-04,136.0,136.5,133.81,134.01,115423.0
2007-07-05,135.34,135.99,133.67,134.9,190621.0
2007-07-06,137.0,138.98,135.71,138.58,319945.0
2007-07-09,139.1,141.0,138.2,140.0,366704.0
2007-07-10,139.01,140.06,137.0,137.49,164839.0
2007-07-11,135.15,137.49,134.9,136.15,315981.0
2007-07-12,137.49,142.26,137.49,142.25,823740.0
2007-07-13,144.85,147.0,142.7,145.39,1321926.0
2007-07-16,144.61,150.0,141.1,149.92,811642.0
2007-07-17,149.92,149.92,145.24,148.8,271686.0
2007-07-18,146.57,149.0,145.1,147.02,282383.0
2007-07-19,147.0,152.0,147.0,151.05,475193.0
2007-07-20,151.84,153.2,149.34,150.07,478259.0
2007-07-23,148.1,150.1,147.1,149.0,355859.0
2007-07-24,149.18,149.2,143.0,143.0,504983.0
2007-07-25,142.71,145.0,141.2,143.5,344108.0
2007-07-26,145.0,145.98,139.44,140.75,245953.0
2007-07-27,137.07,141.9,132.0,138.48,365956.0
2007-07-30,137.0,143.0,136.01,138.59,214046.0
2007-07-31,141.22,142.98,138.6,139.0,366216.0
2007-08-01,138.0,138.99,134.31,136.5,331683.0
2007-08-02,138.0,138.98,135.9,136.5,1328063.0
2007-08-03,137.4,137.48,135.5,136.2,230939.0
2007-08-06,133.17,134.87,132.81,133.1,231424.0
2007-08-07,134.33,135.46,133.81,134.79,262677.0
2007-08-08,136.0,137.75,135.11,136.77,441337.0
2007-08-09,137.87,137.99,132.0,133.13,289908.0
2007-08-10,131.75,133.5,129.25,130.51,296754.0
2007-08-13,131.03,135.14,131.01,135.0,210616.0
2007-08-14,134.48,134.53,132.35,133.49,313068.0
2007-08-15,130.8,133.0,129.0,130.48,412420.0
2007-08-16,128.32,130.5,126.0,128.01,591113.0
2007-08-17,127.0,132.02,124.44,131.5,738121.0
2007-08-20,131.9,132.4,128.5,128.5,401145.0
2007-08-21,128.99,130.48,125.0,127.0,205544.0
2007-08-22,127.2,129.1,125.27,128.35,206367.0
2007-08-23,130.3,130.3,125.0,125.9,469219.0
2007-08-24,126.0,126.49,124.4,125.7,171374.0
2007-08-27,126.3,127.98,124.51,126.0,318986.0
2007-08-28,126.97,127.39,121.86,123.5,390257.0
2007-08-29,120.77,124.49,120.0,124.49,280185.0
2007-08-30,124.88,125.7,120.51,124.0,203997.0
2007-08-31,124.74,131.24,123.1,130.0,617625.0
2007-09-03,130.59,132.1,127.5,131.25,275270.0
2007-09-04,131.0,131.89,128.6,130.62,119121.0
2007-09-05,130.5,131.4,129.51,129.81,200180.0
2007-09-06,129.34,131.87,128.7,129.5,310717.0
2007-09-07,129.36,130.15,124.98,126.2,318390.0
2007-09-10,125.57,127.25,125.51,127.04,72364.0
2007-09-11,127.25,127.97,126.16,126.79,142749.0
2007-09-12,127.55,127.89,124.51,125.0,151161.0
2007-09-13,125.5,127.49,125.03,127.49,149924.0
2007-09-14,127.49,128.08,124.67,124.71,647975.0
2007-09-17,125.0,125.48,122.3,122.5,205231.0
2007-09-18,122.51,125.0,122.0,123.8,289199.0
2007-09-19,127.0,127.51,125.0,126.85,518858.0
2007-09-20,126.85,126.85,123.55,124.5,226434.0
2007-09-21,125.0,125.0,123.0,124.81,189879.0
2007-09-24,125.59,131.1,124.4,130.33,758000.0
2007-09-25,130.59,130.7,126.96,127.86,208384.0
2007-09-26,128.0,131.5,127.03,131.5,235370.0
2007-09-27,131.5,133.99,130.56,131.31,435719.0
2007-09-28,132.0,132.5,130.13,130.9,240932.0
2007-10-01,131.13,132.5,127.1,128.0,230298.0
2007-10-02,129.5,135.4,129.5,134.6,643009.0
2007-10-03,135.2,137.0,133.0,134.16,499318.0
2007-10-04,133.0,139.49,133.0,138.75,484248.0
2007-10-05,139.0,142.24,137.8,141.0,709758.0
2007-10-08,142.0,142.68,139.8,141.35,714154.0
2007-10-09,139.89,143.0,138.99,142.5,286015.0
2007-10-10,143.06,143.48,141.0,141.84,617636.0
2007-10-11,142.51,146.0,139.6,145.89,628409.0
2007-10-12,143.0,143.15,140.65,141.54,498751.0
2007-10-15,142.99,143.0,141.05,141.69,202659.0
2007-10-16,141.97,141.97,138.5,138.52,377821.0
2007-10-17,137.5,138.8,132.87,134.5,1134445.0
2007-10-18,134.9,135.0,130.6,130.73,606116.0
2007-10-19,130.36,134.84,130.36,132.08,596621.0
2007-10-22,131.0,132.07,130.0,131.19,272238.0
2007-10-23,131.97,134.37,131.51,133.99,331625.0
2007-10-24,134.1,134.2,131.5,132.5,191304.0
2007-10-25,133.49,137.0,132.55,135.66,637636.0
2007-10-26,136.99,139.44,135.66,138.9,1112247.0
2007-10-29,140.0,141.99,139.0,141.0,293683.0
2007-10-30,140.9,140.9,137.8,140.0,1081331.0
2007-10-31,138.6,142.07,138.0,141.0,621295.0
2007-11-01,142.5,144.21,137.03,138.77,1089566.0
2007-11-02,137.1,141.79,136.0,141.0,349150.0
2007-11-06,141.21,144.14,141.15,144.0,463233.0
2007-11-07,145.1,148.0,143.0,145.89,808787.0
2007-11-08,144.0,145.9,141.01,145.2,489625.0
2007-11-09,145.0,146.85,142.8,143.47,869889.0
2007-11-12,143.47,144.99,141.51,141.84,287058.0
2007-11-13,142.53,142.53,137.55,140.0,435583.0
2007-11-14,141.0,146.01,141.0,145.31,690079.0
2007-11-15,145.0,145.0,141.03,141.31,683965.0
2007-11-16,141.0,143.0,140.33,142.01,454953.0
2007-11-19,142.95,143.47,140.55,142.3,164822.0
2007-11-20,141.05,142.9,140.3,142.0,440780.0
2007-11-21,142.8,148.8,142.08,145.9,1634134.0
2007-11-22,147.89,148.0,144.0,146.33,510502.0
2007-11-23,147.94,148.98,145.46,148.48,383033.0
2007-11-26,149.0,151.48,148.0,151.47,672834.0
2007-11-27,152.0,155.69,150.12,155.69,1007874.0
2007-11-28,156.2,157.97,152.54,156.0,734711.0
2007-11-29,157.5,158.46,155.21,156.56,678298.0
2007-11-30,157.0,157.99,155.0,156.97,1061514.0
2007-12-03,157.0,162.55,156.98,161.52,1180538.0
2007-12-04,161.8,167.24,161.8,162.55,2262775.0
2007-12-05,163.5,169.9,163.01,169.7,1518906.0
2007-12-06,172.0,173.8,167.0,171.41,1291885.0
2007-12-07,173.0,178.0,171.68,176.3,823222.0
2007-12-10,177.0,186.99,173.05,186.0,1088965.0
2007-12-11,188.0,199.93,181.28,182.75,1446412.0
2007-12-12,180.3,186.8,178.51,185.02,1129921.0
2007-12-13,185.0,185.0,178.56,179.0,1314137.0
2007-12-14,179.0,181.48,175.51,176.83,626009.0
2007-12-17,176.01,181.0,176.0,179.42,359030.0
2007-12-18,178.5,184.88,178.5,183.25,561054.0
2007-12-19,183.3,185.99,180.49,183.3,600379.0
2007-12-20,184.96,185.49,181.11,182.42,707879.0
2007-12-21,183.29,185.15,182.5,184.63,508679.0
2007-12-24,185.5,186.5,183.8,184.39,471380.0
2007-12-25,184.94,184.94,183.0,183.57,343900.0
2007-12-26,183.99,183.99,182.0,182.5,237826.0
2007-12-27,182.61,186.7,177.13,185.69,591250.0
2007-12-28,183.0,185.99,183.0,184.8,322311.0
2008-01-09,191.09,198.0,191.0,196.0,573772.0
2008-01-10,195.0,199.5,195.0,197.0,332672.0
2008-01-11,197.13,209.5,196.6,206.0,965214.0
2008-01-14,203.01,216.0,202.23,211.98,1523911.0
2008-01-15,213.46,216.82,206.0,209.99,1088302.0
2008-01-16,205.1,208.0,192.0,193.6,3331072.0
2008-01-17,196.0,199.89,185.54,189.0,1723507.0
2008-01-18,186.0,193.5,183.55,189.5,1109953.0
2008-01-21,186.28,187.45,175.5,178.11,1375698.0
2008-01-22,170.0,186.99,154.0,181.9,1757671.0
2008-01-23,184.89,189.95,171.5,174.0,1813066.0
2008-01-24,182.0,186.0,177.65,179.0,804864.0
2008-01-25,184.3,184.89,178.9,179.81,1004872.0
2008-01-28,172.4,175.1,170.0,173.16,423184.0
2008-01-29,176.0,178.35,171.5,175.0,914106.0
2008-01-30,172.3,173.32,168.01,168.97,590097.0
2008-01-31,168.01,168.39,157.0,159.39,900058.0
2008-02-01,163.57,168.88,160.57,166.5,556559.0
2008-02-04,170.35,174.2,170.0,174.0,551868.0
2008-02-05,173.71,180.99,169.1,169.97,1067207.0
2008-02-06,163.6,170.99,162.0,169.5,780830.0
2008-02-07,170.0,171.0,159.1,165.0,574353.0
2008-02-08,168.0,169.69,158.5,161.19,843342.0
2008-02-11,162.5,169.88,162.5,166.25,805441.0
2008-02-12,168.5,172.63,167.7,170.4,863345.0
2008-02-13,170.24,175.5,166.02,173.68,929025.0
2008-02-14,177.8,179.88,174.0,176.45,758061.0
2008-02-15,174.06,178.2,173.02,174.53,435601.0
2008-02-18,175.0,180.87,174.53,178.9,620606.0
2008-02-19,181.5,182.92,176.21,182.0,786085.0
2008-02-20,180.0,187.25,178.25,181.0,904362.0
2008-02-21,185.2,192.0,185.0,189.99,1234994.0
2008-02-22,187.01,192.0,185.12,190.35,1203572.0
2008-02-26,193.8,195.0,186.5,190.99,628583.0
2008-02-27,194.24,194.25,186.77,188.5,724917.0
2008-02-28,187.03,188.47,184.24,186.0,387434.0
2008-02-29,183.7,190.09,179.55,180.2,769661.0
2008-03-03,176.61,180.09,174.0,176.65,546023.0
2008-03-04,177.8,183.54,177.8,183.36,437633.0
2008-03-05,182.99,187.49,181.01,185.9,408797.0
2008-03-06,188.28,191.2,185.56,189.0,1000477.0
2008-03-07,186.7,188.79,183.11,185.67,826115.0
2008-03-11,185.3,195.19,185.0,194.02,1230971.0
2008-03-12,202.0,203.0,194.31,195.49,1054521.0
2008-03-13,193.0,194.79,189.01,189.5,1138977.0
2008-03-14,191.0,197.99,188.26,189.26,771323.0
2008-03-17,185.0,186.37,176.51,183.25,408313.0
2008-03-18,186.0,188.98,182.99,185.44,879890.0
2008-03-19,190.0,190.01,183.01,184.49,590933.0
2008-03-20,179.0,183.19,175.25,179.0,647608.0
2008-03-21,180.0,188.4,178.01,186.99,1045758.0
2008-03-24,187.2,189.49,181.5,188.02,379518.0
2008-03-25,189.0,190.6,184.0,184.3,725366.0
2008-03-26,185.95,187.97,184.1,186.32,290335.0
2008-03-27,185.32,195.0,185.32,192.0,1133056.0
2008-03-28,192.0,194.0,189.0,191.15,506640.0
2008-03-31,188.81,190.79,187.0,188.32,219944.0
2008-04-01,188.99,190.62,187.0,188.97,203446.0
2008-04-02,191.27,193.0,187.0,190.28,297680.0
2008-04-03,192.0,193.59,188.39,189.0,302703.0
2008-04-04,190.82,190.82,185.05,185.61,346646.0
2008-04-07,186.6,189.0,186.3,187.85,468137.0
2008-04-08,187.27,187.8,183.7,184.34,209145.0
2008-04-09,184.6,184.99,181.7,183.98,1961787.0
2008-04-10,183.06,186.36,182.22,183.6,1148641.0
2008-04-11,183.0,185.0,172.0,173.9,1699021.0
2008-04-14,172.4,174.38,170.01,172.6,1067279.0
2008-04-15,174.2,177.0,172.1,173.33,878367.0
2008-04-16,176.01,181.12,174.57,181.12,912388.0
2008-04-17,183.0,187.2,180.0,181.99,1342770.0
2008-04-18,183.0,189.49,182.25,188.8,1412923.0
2008-04-21,190.49,192.8,187.0,187.07,1096283.0
2008-04-22,185.5,185.5,178.1,180.9,1202620.0
2008-04-23,181.8,185.3,178.0,180.67,2164200.0
2008-04-24,181.98,182.72,175.1,177.78,679209.0
2008-04-25,177.0,180.47,175.57,178.01,248192.0
2008-04-28,179.75,184.95,177.03,182.37,425435.0
2008-04-29,181.5,183.87,179.51,179.63,337968.0
2008-04-30,179.97,181.7,177.5,180.88,420093.0
2008-05-04,181.5,183.7,180.02,181.0,467815.0
2008-05-05,180.54,183.0,179.0,181.96,340895.0
2008-05-06,182.1,183.0,180.0,181.99,469797.0
2008-05-07,182.86,194.39,182.03,191.51,1872520.0
2008-05-08,191.5,200.04,188.27,199.0,2657367.0
2008-05-12,199.4,204.0,198.3,200.21,2211360.0
2008-05-13,201.0,204.0,196.0,200.11,1294399.0
2008-05-14,201.0,205.02,198.15,203.55,1337308.0
2008-05-15,203.6,209.15,201.5,202.01,2133347.0
2008-05-16,203.0,212.0,202.5,211.5,4742394.0
2008-05-19,216.0,217.0,208.22,213.0,3284207.0
2008-05-20,213.1,213.1,200.5,202.91,1437371.0
2008-05-21,201.0,205.0,197.15,199.53,958351.0
2008-05-22,199.51,199.98,194.0,195.56,1553847.0
2008-05-23,196.97,206.97,192.52,203.48,2266089.0
2008-05-26,202.0,209.0,197.6,201.59,595940.0
2008-05-27,203.5,207.0,196.71,199.43,1282265.0
2008-05-28,197.2,202.48,196.9,201.0,391912.0
2008-05-29,202.83,206.89,202.83,204.51,800415.0
2008-05-30,205.49,212.2,202.01,211.01,932545.0
2008-06-02,211.3,212.91,204.11,210.5,669407.0
2008-06-03,207.05,211.0,205.4,206.28,415811.0
2008-06-04,206.0,206.1,198.6,200.98,1217252.0
2008-06-05,199.45,206.99,198.07,204.01,790006.0
2008-06-06,207.86,208.6,205.12,205.12,647372.0
2008-06-07,205.1,205.1,199.62,201.69,248646.0
2008-06-09,202.5,204.45,200.8,200.8,262934.0
2008-06-10,200.5,202.9,196.88,197.53,851743.0
2008-06-11,199.5,205.3,197.55,200.0,2939795.0
2008-06-16,200.97,205.0,200.9,204.4,727549.0
2008-06-17,204.96,211.95,204.02,211.3,1049014.0
2008-06-18,211.0,215.02,207.51,209.21,1192671.0
2008-06-19,207.0,213.97,205.01,209.35,581825.0
2008-06-20,209.43,211.38,207.0,208.66,590355.0
2008-06-23,207.3,210.07,202.23,203.85,546041.0
2008-06-24,203.85,204.55,197.7,200.0,595589.0
2008-06-25,200.0,203.92,198.6,199.05,308888.0
2008-06-26,200.0,202.5,197.1,198.11,561780.0
2008-06-27,196.9,202.25,194.5,201.34,669399.0
2008-06-30,202.42,203.67,198.45,200.5,335891.0
2008-07-01,201.0,203.61,196.02,200.8,884656.0
2008-07-02,201.21,211.0,198.01,207.8,915009.0
2008-07-03,204.56,208.0,197.5,199.63,1611500.0
2008-07-04,200.79,201.89,191.77,193.01,526554.0
2008-07-07,194.03,199.99,194.03,198.8,357102.0
2008-07-08,197.41,199.8,193.95,199.5,296762.0
2008-07-09,200.1,203.7,199.0,200.99,1103210.0
2008-07-10,199.0,206.1,197.97,203.0,816169.0
2008-07-11,204.01,206.74,196.6,199.0,395630.0
2008-07-14,201.99,205.5,200.0,205.49,489564.0
2008-07-15,202.0,203.0,199.31,200.46,286051.0
2008-07-16,199.7,202.87,197.01,202.0,429400.0
2008-07-17,204.0,205.5,201.55,204.93,383250.0
2008-07-18,202.0,204.0,196.28,198.0,452464.0
2008-07-21,199.0,201.9,195.67,199.4,175303.0
2008-07-22,197.0,200.99,197.0,198.0,388531.0
2008-07-23,199.25,200.3,194.07,194.7,584414.0
2008-07-24,195.0,196.33,189.0,189.0,845115.0
2008-07-25,185.0,187.01,176.05,179.42,791625.0
2008-07-28,182.98,183.98,177.5,179.16,491446.0
2008-07-29,179.9,179.9,173.13,175.5,492308.0
2008-07-30,176.73,181.0,175.9,179.39,490094.0
2008-07-31,180.5,183.0,177.0,178.7,1093766.0
2008-08-01,179.99,183.06,177.0,180.6,241482.0
2008-08-04,181.0,184.7,174.41,174.41,577164.0
2008-08-05,174.2,174.89,166.33,170.29,591305.0
2008-08-06,171.72,176.96,166.4,171.99,618099.0
2008-08-07,172.0,178.0,172.0,175.01,559246.0
2008-08-08,172.0,175.6,166.56,169.39,280499.0
2008-08-11,170.08,170.08,160.51,168.4,379147.0
2008-08-12,165.05,179.9,163.21,176.97,427832.0
2008-08-13,174.21,182.0,172.02,177.9,397918.0
2008-08-14,179.98,181.88,176.06,178.43,992394.0
2008-08-15,177.98,180.0,176.04,179.01,292003.0
2008-08-18,179.11,181.66,176.82,179.47,376162.0
2008-08-19,176.6,176.6,168.0,170.01,729169.0
2008-08-20,171.74,180.94,170.0,178.0,1422019.0
2008-08-21,180.9,184.0,173.8,176.74,353018.0
2008-08-22,179.04,180.68,171.1,174.74,253678.0
2008-08-25,175.0,175.46,170.05,171.49,113636.0
2008-08-26,171.0,171.0,164.0,170.95,591422.0
2008-08-27,172.0,175.5,166.05,173.78,237904.0
2008-08-28,175.3,180.85,173.0,177.5,305703.0
2008-08-29,176.99,178.45,173.27,176.0,137167.0
2008-09-01,174.6,181.18,174.57,178.61,210063.0
2008-09-02,178.43,183.0,176.99,181.96,254364.0
2008-09-03,180.0,182.0,173.3,174.67,219087.0
2008-09-04,173.2,177.78,172.71,173.98,284571.0
2008-09-05,168.5,172.0,162.2,167.0,609759.0
2008-09-08,172.0,178.75,168.14,172.8,493684.0
2008-09-09,169.08,169.55,154.95,158.77,909666.0
2008-09-10,156.97,159.75,145.0,155.0,280111.0
2008-09-11,155.86,159.3,148.0,151.0,501795.0
2008-09-12,151.5,159.96,149.36,153.8,653131.0
2008-09-15,149.0,150.9,128.87,130.5,1088160.0
2008-09-16,127.44,127.44,103.08,110.0,2278954.0
2008-09-17,115.0,117.5,90.12,99.96,93278.0
2008-09-19,115.0,140.0,107.51,134.89,2045105.0
2008-09-22,136.64,146.79,126.03,141.03,1209426.0
2008-09-23,139.44,145.0,133.53,138.0,1286155.0
2008-09-24,134.5,143.49,133.55,138.9,240414.0
2008-09-25,139.0,140.6,134.48,140.0,130605.0
2008-09-26,141.0,142.5,131.63,132.0,259825.0
2008-09-29,132.0,132.24,120.0,120.0,271902.0
2008-09-30,109.97,119.5,107.0,116.99,521057.0
2008-10-01,121.0,123.1,107.0,113.83,358056.0
2008-10-02,114.0,115.28,105.99,107.04,261793.0
2008-10-03,106.07,107.5,97.13,101.19,687783.0
2008-10-06,97.0,97.0,90.0,92.0,2077266.0
2008-10-07,92.0,96.99,83.01,94.99,440998.0
2008-10-08,82.55,83.1,78.5,80.07,77943.0
2008-10-09,84.58,95.5,83.25,91.0,493105.0
2008-10-13,88.85,94.9,77.12,79.45,575749.0
2008-10-14,87.39,100.0,86.43,89.14,698845.0
2008-10-15,90.93,92.66,85.1,88.1,144895.0
2008-10-16,80.68,90.41,80.01,85.1,145516.0
2008-10-17,89.9,92.0,80.0,82.0,329345.0
2008-10-20,85.1,87.99,83.15,85.5,114440.0
2008-10-21,88.06,95.0,88.0,93.04,198461.0
2008-10-22,90.01,92.17,85.0,90.01,335394.0
2008-10-23,87.5,92.0,80.69,83.01,224364.0
2008-10-24,80.0,81.99,76.0,77.04,58318.0
2008-10-28,77.4,86.0,73.41,80.93,225677.0
2008-10-29,87.5,87.89,81.12,85.5,751132.0
2008-10-30,89.35,106.0,86.5,100.01,1269745.0
2008-10-31,98.5,100.0,92.4,99.0,583352.0
2008-11-01,98.01,105.0,98.01,100.01,368291.0
2008-11-05,109.49,114.0,97.06,99.15,543645.0
2008-11-06,93.87,98.0,88.23,88.23,256462.0
2008-11-07,86.0,95.0,85.0,95.0,163394.0
2008-11-10,100.11,104.0,100.0,102.61,332169.0
2008-11-11,100.8,100.8,91.0,91.5,150625.0
2008-11-13,85.0,86.99,75.0,79.9,558865.0
2008-11-14,85.94,87.9,77.09,77.41,574785.0
2008-11-17,78.0,80.5,73.0,74.99,188738.0
2008-11-18,74.06,74.47,69.33,73.0,366992.0
2008-11-19,73.41,73.97,65.81,66.78,411021.0
2008-11-20,63.03,64.98,56.2,58.11,733925.0
2008-11-21,59.37,61.79,56.85,57.28,357104.0
2008-11-24,60.1,64.9,56.92,64.7,1896240.0
2008-11-25,67.01,67.99,62.5,62.5,871045.0
2008-11-26,62.62,62.62,54.54,55.0,1971518.0
2008-11-27,57.11,59.07,54.95,56.05,1021195.0
2008-11-28,56.15,61.04,54.4,58.19,1398024.0
2008-12-01,58.0,58.15,55.7,56.5,1083263.0
2008-12-02,55.0,59.77,52.51,58.0,441275.0
2008-12-03,57.92,59.5,55.7,57.0,427906.0
2008-12-04,57.1,57.51,54.8,56.24,359136.0
2008-12-05,55.83,56.4,54.25,54.61,1353360.0
2008-12-08,56.7,59.0,55.6,57.33,692122.0
2008-12-09,56.49,56.5,50.75,52.36,1988144.0
2008-12-10,52.36,52.8,47.77,49.26,2261445.0
2008-12-11,49.5,51.97,48.3,49.43,2410357.0
2008-12-12,48.2,48.97,45.3,45.8,1988653.0
2008-12-15,46.87,50.49,46.54,49.46,2943884.0
2008-12-16,48.7,50.31,48.09,48.72,1303953.0
2008-12-17,49.65,50.0,47.11,47.75,851473.0
2008-12-18,48.51,51.44,48.1,49.0,3347849.0
2008-12-19,49.4,50.86,47.78,50.8,1288604.0
2008-12-22,51.09,53.4,48.5,52.58,2024119.0
2008-12-23,51.0,53.53,50.8,53.51,1338750.0
2008-12-24,52.98,54.6,51.75,51.79,669846.0
2008-12-25,51.31,52.25,49.0,49.8,455546.0
2008-12-26,49.97,50.49,48.5,48.79,355862.0
2008-12-29,49.0,49.71,47.53,47.95,1115727.0
2008-12-30,48.56,49.2,46.3,46.87,820286.0
2008-12-31,47.17,49.29,46.87,48.49,398189.0
2009-01-11,51.95,52.48,49.0,50.1,561752.0
2009-01-12,50.1,61.0,50.02,59.0,5130466.0
2009-01-13,58.0,62.99,56.91,60.4,2785373.0
2009-01-14,61.45,61.9,56.5,57.7,2787272.0
2009-01-15,57.0,58.46,53.92,55.0,1276454.0
2009-01-16,57.0,57.82,55.2,56.99,892438.0
2009-01-19,57.5,58.4,54.02,57.2,666891.0
2009-01-20,57.1,57.45,53.64,56.16,363580.0
2009-01-21,54.87,61.05,53.88,59.19,1454460.0
2009-01-22,61.1,61.5,56.67,56.67,673930.0
2009-01-23,57.0,58.6,54.38,57.81,624304.0
2009-01-26,58.05,67.18,56.58,66.0,1725887.0
2009-01-27,66.5,71.96,63.53,64.96,1362098.0
2009-01-28,65.3,68.34,65.15,67.0,725149.0
2009-01-29,67.1,68.21,63.8,64.47,656905.0
2009-01-30,64.5,67.7,63.01,65.49,714953.0
2009-02-02,65.39,67.61,64.7,66.5,676340.0
2009-02-03,67.02,70.0,66.55,68.99,853866.0
2009-02-04,71.01,71.2,68.5,71.0,1135631.0
2009-02-05,70.49,75.87,69.4,72.03,1583392.0
2009-02-06,74.01,78.7,71.55,78.44,1865296.0
2009-02-09,78.83,90.0,78.72,89.99,1930521.0
2009-02-10,89.0,97.6,87.01,92.01,2261139.0
2009-02-11,90.0,94.9,86.12,88.5,2551135.0
2009-02-12,88.0,89.0,79.5,79.8,1654891.0
2009-02-13,81.02,83.0,79.35,82.6,1465522.0
2009-02-16,83.0,83.96,77.19,78.99,748274.0
2009-02-17,78.65,78.65,68.2,69.76,858856.0
2009-02-18,69.5,72.1,64.61,70.7,1327958.0
2009-02-19,72.0,75.0,64.0,72.6,673033.0
2009-02-20,72.02,72.5,66.7,69.5,483591.0
2009-02-24,67.18,71.2,67.01,70.52,412956.0
2009-02-25,72.0,77.7,71.6,75.72,976200.0
2009-02-26,77.01,79.5,75.25,79.5,980234.0
2009-02-27,80.0,82.96,77.11,81.6,1278064.0
2009-03-02,79.0,79.45,76.46,77.84,502165.0
2009-03-03,77.19,80.5,76.61,79.2,625900.0
2009-03-04,77.0,80.21,76.51,78.6,1172658.0
2009-03-05,79.0,79.0,73.25,74.16,925074.0
2009-03-06,73.0,74.8,71.5,72.09,1050486.0
2009-03-10,72.5,75.3,72.1,73.71,2613590.0
2009-03-11,74.95,74.98,72.52,73.49,604509.0
2009-03-12,73.5,74.99,69.75,72.4,1169830.0
2009-03-13,74.0,75.4,70.6,72.19,1412341.0
2009-03-16,71.89,72.19,70.9,71.68,1240565.0
2009-03-17,71.7,78.3,71.4,77.9,4710474.0
2009-03-18,79.5,79.8,73.73,75.47,2158415.0
2009-03-19,77.49,81.47,75.5,77.62,3382775.0
2009-03-20,77.99,82.8,73.3,76.99,8341608.0
2009-03-23,82.05,89.4,81.5,88.15,2988689.0
2009-03-24,89.7,91.0,83.1,84.99,1306016.0
2009-03-25,84.5,89.01,82.98,88.1,1661984.0
2009-03-26,88.5,89.39,86.0,87.48,881391.0
2009-03-27,88.0,88.28,83.15,84.38,819427.0
2009-03-30,83.0,83.32,76.5,76.7,948370.0
2009-03-31,77.0,79.83,77.0,78.61,676223.0
2009-04-01,79.01,79.4,76.2,78.59,375937.0
2009-04-02,80.2,86.96,80.1,86.8,1254629.0
2009-04-03,86.3,89.5,82.07,86.51,1307215.0
2009-04-06,88.55,90.5,86.0,87.12,1167199.0
2009-04-07,87.81,90.09,84.0,87.0,439043.0
2009-04-08,87.7,87.7,83.0,87.0,598319.0
2009-04-09,88.55,89.42,87.1,88.63,1397862.0
2009-04-10,90.0,91.65,87.57,91.33,864094.0
2009-04-13,91.0,91.0,87.6,87.75,323176.0
2009-04-14,87.9,91.5,87.1,88.3,1446285.0
2009-04-15,87.5,90.67,85.7,89.13,456652.0
2009-04-16,90.49,95.8,88.75,95.79,1073692.0
2009-04-17,96.4,99.4,96.0,97.86,771461.0
2009-04-20,98.01,99.82,93.0,93.39,915652.0
2009-04-21,89.97,93.75,87.3,93.73,585826.0
2009-04-22,94.3,104.5,93.1,104.5,2453882.0
2009-04-23,103.37,107.07,101.6,107.05,914525.0
2009-04-24,107.01,116.86,104.0,111.0,2159983.0
2009-04-27,109.34,110.72,100.51,109.37,1307162.0
2009-04-28,108.0,108.0,100.0,105.5,1315537.0
2009-04-29,107.0,112.9,103.6,112.9,944390.0
2009-04-30,114.01,115.01,107.5,108.2,453543.0
2009-05-04,111.85,112.0,110.05,111.77,151600.0
2009-05-05,112.5,116.5,110.02,114.99,786262.0
2009-05-06,114.5,118.88,111.37,117.4,767032.0
2009-05-07,118.5,121.77,117.4,117.7,518645.0
2009-05-08,117.6,119.5,112.01,119.0,260757.0
2009-05-12,118.0,126.9,116.22,123.5,783746.0
2009-05-13,125.1,128.01,114.05,118.89,1250111.0
2009-05-14,115.0,116.9,112.19,113.97,730840.0
2009-05-15,116.0,117.2,113.05,114.97,560066.0
2009-05-18,112.51,118.4,111.6,118.0,671922.0
2009-05-19,121.0,123.51,119.34,121.8,537556.0
2009-05-20,125.0,128.5,121.97,128.1,956801.0
2009-05-21,127.5,130.75,119.3,121.0,508599.0
2009-05-22,121.51,125.59,120.12,124.95,401311.0
2009-05-25,125.07,125.35,121.01,122.91,149426.0
2009-05-26,123.5,125.5,118.8,121.99,1126286.0
2009-05-27,125.55,133.0,125.3,128.52,1630943.0
2009-05-28,129.2,136.0,129.2,134.6,1798281.0
2009-05-29,136.5,146.0,133.1,141.72,1799791.0
2009-06-01,144.0,196.58,144.0,151.55,1175077.0
2009-06-02,154.05,154.99,142.36,151.48,1095345.0
2009-06-03,152.0,154.3,140.5,142.52,579140.0
2009-06-04,142.0,146.99,136.5,140.0,369691.0
2009-06-05,144.0,144.0,136.66,136.87,375091.0
2009-06-08,134.6,136.97,130.58,130.58,250078.0
2009-06-09,132.97,139.59,131.01,136.52,310956.0
2009-06-10,140.5,141.26,138.5,138.56,265735.0
2009-06-11,138.9,141.8,135.0,138.8,446027.0
2009-06-15,137.03,138.5,135.0,136.8,274925.0
2009-06-16,136.35,139.5,136.0,136.69,330889.0
2009-06-17,135.4,137.5,126.5,127.49,837036.0
2009-06-18,129.0,130.4,120.0,127.06,1205920.0
2009-06-19,128.0,129.73,120.0,124.59,252902.0
2009-06-22,123.51,126.0,118.0,118.44,421706.0
2009-06-23,116.99,120.4,112.3,117.99,710996.0
2009-06-24,122.0,128.0,121.02,127.89,821443.0
2009-06-25,128.2,132.2,123.23,124.81,1111190.0
2009-06-26,127.0,130.98,121.1,123.0,614608.0
2009-06-29,122.99,125.72,120.0,125.11,668321.0
2009-06-30,127.03,129.99,126.0,127.96,848558.0
2009-07-01,127.96,138.0,126.12,138.0,833309.0
2009-07-02,136.0,136.0,130.46,131.0,225587.0
2009-07-03,129.8,133.0,125.0,127.55,217720.0
2009-07-06,125.45,126.0,119.34,121.4,354132.0
2009-07-07,120.5,124.5,119.0,121.5,311155.0
2009-07-08,119.0,120.9,116.0,119.88,225293.0
2009-07-09,118.5,122.5,117.65,117.65,307924.0
2009-07-10,118.83,119.68,114.29,116.59,288920.0
2009-07-13,115.0,122.24,113.5,118.01,297128.0
2009-07-14,123.0,124.0,119.05,120.41,279910.0
2009-07-15,122.8,123.97,120.11,122.5,394924.0
2009-07-16,124.0,124.0,115.6,118.25,478099.0
2009-07-17,119.0,120.75,117.0,119.1,362498.0
2009-07-20,120.3,123.0,119.9,120.44,544171.0
2009-07-21,120.78,124.49,119.4,123.5,774980.0
2009-07-22,124.07,124.5,119.45,120.0,239649.0
2009-07-23,120.3,124.87,119.21,121.71,546843.0
2009-07-24,123.1,124.0,119.72,120.0,625326.0
2009-07-27,122.21,126.0,121.1,122.38,382880.0
2009-07-28,122.6,123.99,118.0,118.2,412409.0
2009-07-29,118.5,118.77,113.5,115.8,379611.0
2009-07-30,117.0,124.0,116.21,123.68,862754.0
2009-07-31,124.2,124.43,119.6,121.2,683351.0
2009-08-03,123.43,126.7,123.0,124.77,610045.0
2009-08-04,124.49,125.99,122.2,125.5,355813.0
2009-08-05,125.65,130.9,124.72,125.57,650941.0
2009-08-06,126.57,128.6,124.0,124.9,588783.0
2009-08-07,125.0,128.02,123.98,127.4,335395.0
2009-08-10,127.5,127.87,125.41,126.98,232450.0
2009-08-11,126.0,129.8,123.17,125.9,399589.0
2009-08-12,123.9,126.0,120.91,125.6,214847.0
2009-08-13,127.18,129.5,125.23,126.0,464290.0
2009-08-14,126.57,128.0,124.31,125.0,253727.0
2009-08-17,123.0,123.98,120.0,120.98,368501.0
2009-08-18,121.55,124.99,118.72,121.69,273256.0
2009-08-19,121.5,121.5,117.7,119.3,337453.0
2009-08-20,121.01,122.78,118.53,120.35,382832.0
2009-08-21,119.16,121.0,118.02,119.0,1011720.0
2009-08-24,120.5,121.5,117.0,118.75,1380192.0
2009-08-25,117.98,118.2,116.66,117.79,494601.0
2009-08-26,117.88,117.95,113.8,115.44,495953.0
2009-08-27,114.7,116.31,113.72,114.9,362589.0
2009-08-28,115.83,118.6,115.83,118.0,438397.0
2009-08-31,117.05,120.12,115.21,118.4,645155.0
2009-09-01,119.84,121.4,119.34,120.27,694436.0
2009-09-02,117.89,118.5,116.6,117.49,237776.0
2009-09-03,117.56,118.87,117.25,118.02,72423.0
2009-09-04,118.2,118.5,116.31,117.38,306949.0
2009-09-07,117.55,119.44,117.01,119.03,221233.0
2009-09-08,119.29,120.98,118.5,120.6,437811.0
2009-09-09,120.95,121.25,119.85,120.36,381345.0
2009-09-10,120.75,124.0,119.97,120.5,841195.0
2009-09-11,121.7,123.7,120.05,123.5,615438.0
2009-09-14,121.64,127.0,120.4,126.49,607808.0
2009-09-15,128.0,128.3,126.12,126.85,679186.0
2009-09-16,127.02,129.5,127.0,128.59,495517.0
2009-09-17,130.01,131.3,128.1,129.27,997384.0
2009-09-18,128.8,131.35,126.9,129.75,535595.0
2009-09-21,129.8,129.8,123.1,124.0,350386.0
2009-09-22,125.7,131.5,125.3,131.3,528733.0
2009-09-23,131.72,137.5,125.0,130.49,1148824.0
2009-09-24,129.49,135.0,126.4,129.9,824020.0
2009-09-25,129.2,132.99,128.0,129.56,713882.0
2009-09-28,129.97,130.98,126.52,130.5,517980.0
2009-09-29,131.31,132.3,128.7,129.66,275560.0
2009-09-30,129.7,131.5,126.2,127.35,454190.0
2009-10-01,128.98,129.0,126.0,128.4,587865.0
2009-10-02,126.01,127.4,122.4,125.0,490818.0
2009-10-05,125.2,126.9,124.0,124.93,291786.0
2009-10-06,126.49,128.77,125.99,128.5,552361.0
2009-10-07,129.03,130.46,128.01,130.25,770477.0
2009-10-08,131.25,133.8,130.25,132.2,736853.0
2009-10-09,134.0,140.9,132.01,139.0,987085.0
2009-10-12,141.2,146.0,139.1,144.61,904434.0
2009-10-13,144.1,144.99,138.1,140.59,761671.0
2009-10-14,144.0,145.99,141.4,142.67,699645.0
2009-10-15,146.12,149.37,139.25,140.4,1324404.0
2009-10-16,143.0,144.5,136.0,136.75,624911.0
2009-10-19,137.0,141.43,125.0,141.4,469792.0
2009-10-20,143.08,145.5,141.81,142.89,441875.0
2009-10-21,142.2,143.0,137.77,142.0,244485.0
2009-10-22,140.0,140.85,138.01,140.0,252089.0
2009-10-23,142.0,142.92,139.9,142.38,425609.0
2009-10-26,142.9,144.97,141.0,141.15,337927.0
2009-10-27,140.9,142.15,137.05,140.28,1222441.0
2009-10-28,139.0,140.99,133.75,133.98,639468.0
2009-10-29,132.0,138.99,131.5,137.72,342539.0
2009-10-30,138.64,142.0,134.5,134.62,307280.0
2009-11-02,132.9,140.5,132.0,140.5,340055.0
2009-11-03,140.55,140.55,133.73,139.0,498715.0
2009-11-05,139.0,141.8,138.5,141.0,193869.0
2009-11-06,142.1,143.49,140.3,142.0,475343.0
2009-11-09,142.14,149.5,142.14,149.4,970018.0
2009-11-10,149.6,151.49,148.0,149.5,734181.0
2009-11-11,150.0,152.0,146.5,147.57,463344.0
2009-11-12,147.57,149.5,146.62,147.79,221652.0
2009-11-13,146.39,148.75,144.02,148.5,254078.0
2009-11-16,150.01,154.23,150.01,153.53,759647.0
2009-11-17,153.26,154.2,150.09,152.31,298069.0
2009-11-18,153.33,159.7,153.01,159.0,734481.0
2009-11-19,159.0,161.0,156.0,157.77,451106.0
2009-11-20,159.0,161.5,155.41,158.0,715984.0
2009-11-23,158.99,164.47,158.51,164.18,454946.0
2009-11-24,161.92,163.99,159.0,160.07,301788.0
2009-11-25,161.02,162.9,152.88,158.3,373008.0
2009-11-26,157.2,157.2,150.5,151.5,574902.0
2009-11-27,148.0,156.5,143.1,155.59,734492.0
2009-11-30,156.49,160.0,153.25,159.55,643452.0
2009-12-01,161.0,162.14,159.5,162.0,338980.0
2009-12-02,162.2,163.4,161.0,161.64,264840.0
2009-12-03,162.64,165.99,159.0,161.52,365261.0
2009-12-04,160.0,164.98,158.12,163.23,354492.0
2009-12-07,162.48,164.84,160.0,162.5,201080.0
2009-12-08,160.11,168.5,159.03,162.57,606036.0
2009-12-09,162.25,165.5,160.53,161.18,339197.0
2009-12-10,161.2,166.22,159.08,163.56,331271.0
2009-12-11,164.05,166.22,161.05,161.09,183409.0
2009-12-14,162.27,163.98,160.61,161.52,225410.0
2009-12-15,162.27,163.7,157.38,161.1,314075.0
2009-12-16,160.38,167.0,159.5,166.89,367187.0
2009-12-17,164.0,168.5,163.5,164.77,499678.0
2009-12-18,164.77,168.08,163.99,164.51,189709.0
2009-12-21,167.3,171.17,164.01,170.98,922038.0
2009-12-22,170.97,172.0,166.29,169.5,398175.0
2009-12-23,170.7,170.7,167.06,168.3,189854.0
2009-12-24,168.6,170.63,165.5,167.7,292172.0
2009-12-25,167.51,170.0,167.1,169.0,190859.0
2009-12-28,169.0,170.2,168.05,168.75,353654.0
2009-12-29,168.6,168.98,167.07,168.0,271093.0
2009-12-30,167.99,170.2,167.52,169.59,340141.0
2009-12-31,170.29,170.69,168.84,170.1,62935.0
2010-01-11,179.0,179.8,174.04,177.5,445195.0
2010-01-12,177.92,179.8,173.7,174.9,348607.0
2010-01-13,172.5,177.6,171.5,177.0,415603.0
2010-01-14,177.51,183.36,177.2,180.9,400396.0
2010-01-15,180.15,185.0,178.64,179.2,269248.0
2010-01-18,179.0,185.0,179.0,183.3,273617.0
2010-01-19,183.36,191.7,179.81,190.99,563127.0
2010-01-20,191.1,192.99,188.0,188.6,532741.0
2010-01-21,189.02,190.0,185.0,185.1,296848.0
2010-01-22,183.5,186.81,180.5,184.6,511634.0
2010-01-25,182.49,189.89,182.0,185.6,355344.0
2010-01-26,185.6,185.77,178.61,182.5,396692.0
2010-01-27,180.9,186.0,178.51,183.5,255531.0
2010-01-28,185.42,188.98,183.57,184.5,390673.0
2010-01-29,182.71,185.5,181.07,185.45,171917.0
2010-02-01,183.97,186.5,179.44,184.0,678003.0
2010-02-02,184.21,186.2,181.5,185.99,981370.0
2010-02-03,186.58,188.52,184.1,184.47,563106.0
2010-02-04,185.51,185.51,179.4,179.62,351262.0
2010-02-05,178.01,178.1,169.86,170.92,1785402.0
2010-02-08,170.91,172.92,163.02,165.1,519583.0
2010-02-09,166.0,168.6,165.08,166.46,248217.0
2010-02-10,168.5,172.0,164.8,165.0,464270.0
2010-02-11,167.48,170.0,165.95,168.44,405864.0
2010-02-12,171.1,173.4,165.02,170.5,671292.0
2010-02-15,171.01,176.99,169.13,175.9,533459.0
2010-02-16,177.49,180.47,176.0,180.47,474260.0
2010-02-17,181.39,182.45,176.88,178.37,368140.0
2010-02-18,178.38,179.0,174.45,176.01,506163.0
2010-02-19,173.5,179.88,171.13,179.88,529846.0
2010-02-24,177.69,179.5,175.82,177.01,168044.0
2010-02-25,177.02,178.5,168.8,168.99,330758.0
2010-02-26,171.49,171.49,164.5,166.0,676501.0
2010-02-27,164.34,169.5,164.34,167.74,232199.0
2010-03-01,169.02,171.0,167.11,169.0,660461.0
2010-03-02,170.19,172.8,167.56,172.36,513903.0
2010-03-03,172.9,177.8,171.13,177.5,815250.0
2010-03-04,176.7,183.01,175.19,179.13,798863.0
2010-03-05,181.56,182.71,180.13,182.3,580766.0
2010-03-09,182.5,189.0,182.07,188.2,523119.0
2010-03-10,188.2,192.3,186.03,189.8,684361.0
2010-03-11,189.81,191.42,187.46,191.29,461727.0
2010-03-12,191.1,193.5,189.0,192.02,890811.0
2010-03-15,190.0,192.99,188.1,188.89,534269.0
2010-03-16,189.84,191.2,188.47,190.21,444378.0
2010-03-17,191.48,192.99,190.35,191.03,309364.0
2010-03-18,191.99,192.5,190.75,190.77,326571.0
2010-03-19,190.99,192.3,185.5,188.16,311919.0
2010-03-22,187.0,190.0,186.5,189.98,311227.0
2010-03-23,190.0,190.01,186.5,186.6,222521.0
2010-03-24,186.61,188.0,182.51,183.07,284237.0
2010-03-25,183.25,187.7,181.95,187.0,239749.0
2010-03-26,186.95,191.8,186.95,191.8,339798.0
2010-03-29,190.83,196.0,190.04,195.79,746042.0
2010-03-30,195.84,197.28,193.03,194.76,435604.0
2010-03-31,194.5,194.7,192.5,193.09,214600.0
2010-04-01,193.01,195.0,191.2,193.49,188356.0
2010-04-02,194.01,195.3,193.4,194.85,301953.0
2010-04-05,195.15,195.98,191.85,194.99,155105.0
2010-04-06,194.99,195.97,191.92,194.0,171898.0
2010-04-07,193.7,194.98,188.02,190.02,308860.0
2010-04-08,189.89,193.0,187.07,191.01,425999.0
2010-04-09,191.73,193.49,191.08,192.66,190220.0
2010-04-12,193.88,195.0,191.52,194.4,512079.0
2010-04-13,194.03,199.25,192.56,197.99,1468919.0
2010-04-14,199.2,207.01,197.66,205.0,1022007.0
2010-04-15,206.7,206.7,199.0,202.28,582808.0
2010-04-16,199.99,200.5,197.5,197.51,365025.0
2010-04-19,195.0,195.0,185.5,193.99,429343.0
2010-04-20,194.3,197.79,194.0,195.1,190427.0
2010-04-21,196.03,203.0,195.0,196.94,425075.0
2010-04-22,196.0,202.5,195.5,197.4,544892.0
2010-04-23,198.1,200.99,196.2,198.98,150842.0
2010-04-26,200.15,204.0,199.05,203.8,484591.0
2010-04-27,202.0,204.2,198.54,199.96,944394.0
2010-04-28,198.0,198.5,194.6,195.74,633090.0
2010-04-29,195.91,199.0,195.0,198.13,227012.0
2010-04-30,198.99,199.76,195.2,198.0,330057.0
2010-05-04,198.07,199.5,190.0,190.01,315958.0
2010-05-05,187.92,190.99,180.0,182.97,668950.0
2010-05-06,182.97,183.99,178.53,179.61,873543.0
2010-05-07,176.41,177.0,168.0,168.67,611376.0
2010-05-11,176.6,180.0,174.29,177.54,297762.0
2010-05-12,175.89,191.0,175.89,190.0,790687.0
2010-05-13,191.0,196.0,183.3,188.35,364383.0
2010-05-14,186.46,189.6,185.0,187.0,200995.0
2010-05-17,182.7,191.46,179.04,191.1,497969.0
2010-05-18,192.54,195.0,192.5,193.55,536079.0
2010-05-19,190.57,194.8,185.22,193.97,533012.0
2010-05-20,193.97,195.91,183.0,183.7,1301921.0
2010-05-21,184.5,190.69,177.01,183.88,544337.0
2010-05-24,186.0,188.8,184.11,187.03,255465.0
2010-05-25,180.0,186.0,174.69,174.76,446731.0
2010-05-26,178.9,188.04,178.9,186.4,342900.0
2010-05-27,188.3,197.44,185.37,196.01,369488.0
2010-05-28,197.34,199.84,192.01,199.0,225279.0
2010-05-31,199.0,200.0,196.31,199.99,155561.0
2010-06-01,198.0,199.99,196.8,198.0,247144.0
2010-06-02,196.41,199.0,194.07,199.0,184131.0
2010-06-03,203.33,203.48,199.1,199.1,195831.0
2010-06-04,200.22,215.05,198.33,204.65,1499469.0
2010-06-07,196.3,204.0,194.19,200.43,390114.0
2010-06-08,199.8,202.0,194.5,198.5,226321.0
2010-06-09,198.73,200.5,196.1,197.06,269243.0
2010-06-10,197.34,202.8,194.8,201.01,389796.0
2010-06-11,202.0,204.64,199.01,203.98,363309.0
2010-06-15,204.07,214.9,202.46,214.5,1163448.0
2010-06-16,216.0,228.21,214.67,221.34,1806559.0
2010-06-17,219.11,223.0,217.73,218.48,421512.0
2010-06-18,218.04,222.88,215.0,221.5,1564015.0
2010-06-21,222.67,225.97,218.3,221.85,996988.0
2010-06-22,219.99,223.44,219.44,221.54,382301.0
2010-06-23,219.53,219.53,215.8,215.8,553997.0
2010-06-24,216.0,218.01,211.0,214.0,368124.0
2010-06-25,213.0,213.0,206.85,210.0,300697.0
2010-06-28,209.25,220.0,207.12,211.16,135917.0
2010-06-29,210.0,210.0,205.63,209.04,453705.0
2010-06-30,207.0,213.74,205.62,209.4,596532.0
2010-07-01,209.0,212.3,201.89,205.43,1108312.0
2010-07-02,208.0,214.09,206.61,214.05,457843.0
2010-07-05,212.0,217.72,212.0,215.5,293638.0
2010-07-06,214.13,222.0,214.03,220.8,295490.0
2010-07-07,219.0,221.42,216.08,221.35,181924.0
2010-07-08,222.0,224.99,213.5,216.5,222446.0
2010-07-09,217.99,218.02,209.1,216.9,160233.0
2010-07-12,216.0,218.43,213.98,218.0,102984.0
2010-07-13,216.53,225.0,215.68,224.4,979889.0
2010-07-14,224.5,225.99,217.7,221.0,230946.0
2010-07-15,220.99,225.0,219.0,219.0,392291.0
2010-07-16,220.94,224.0,219.01,220.04,332104.0
2010-07-19,220.72,223.0,219.0,221.95,190641.0
2010-07-20,221.0,224.39,220.94,222.87,122537.0
2010-07-21,223.0,224.75,221.5,223.22,457511.0
2010-07-22,221.22,224.5,220.0,223.25,645548.0
2010-07-23,223.97,224.0,217.77,218.0,491007.0
2010-07-26,219.5,221.5,208.0,221.0,443467.0
2010-07-27,221.5,223.0,219.0,220.0,383472.0
2010-07-28,221.0,221.99,217.6,217.99,297930.0
2010-07-29,219.49,220.69,217.31,220.52,245179.0
2010-07-30,219.71,220.12,217.5,218.5,237368.0
2010-08-02,219.35,221.15,219.01,220.59,126601.0
2010-08-03,221.24,223.4,219.0,219.0,75540.0
2010-08-04,222.0,222.0,219.22,220.0,35637.0
2010-08-05,219.49,220.55,217.8,218.92,75455.0
2010-08-06,218.83,220.25,214.5,214.8,186146.0
2010-08-09,215.11,216.96,214.81,215.75,79008.0
2010-08-10,213.68,214.89,210.35,212.77,148230.0
2010-08-11,211.24,211.24,208.61,210.48,642487.0
2010-08-12,209.98,212.85,208.64,212.52,180239.0
2010-08-13,213.71,214.5,210.6,211.03,82911.0
2010-08-16,211.03,214.7,209.08,214.65,70861.0
2010-08-17,214.81,217.5,214.81,217.04,186472.0
2010-08-18,217.74,218.88,217.1,218.54,91889.0
2010-08-19,214.5,221.2,213.9,218.13,190425.0
2010-08-20,217.49,218.64,216.0,216.95,74223.0
2010-08-23,217.01,226.0,215.91,216.48,134197.0
2010-08-24,217.84,219.25,210.99,211.0,105805.0
2010-08-25,211.98,216.0,209.6,212.0,286814.0
2010-08-26,213.0,214.88,213.0,214.2,65009.0
2010-08-27,213.84,215.47,212.0,215.25,182309.0
2010-08-30,215.61,218.0,215.0,215.66,41133.0
2010-08-31,214.71,217.4,212.0,216.0,133509.0
2010-09-01,216.17,217.89,215.33,217.5,111061.0
2010-09-02,217.51,219.99,216.37,219.89,242109.0
2010-09-03,219.99,220.0,214.0,218.98,130529.0
2010-09-06,218.1,221.15,217.65,218.79,48741.0
2010-09-07,218.25,219.26,215.02,218.99,81296.0
2010-09-08,217.81,223.25,217.01,222.5,329675.0
2010-09-09,223.5,228.75,220.57,226.74,1054019.0
2010-09-10,226.74,229.0,223.9,227.7,830167.0
2010-09-13,228.0,230.75,227.01,230.01,685262.0
2010-09-14,229.01,231.9,227.8,231.72,909839.0
2010-09-15,230.5,234.25,230.5,233.71,421185.0
2010-09-16,231.37,236.0,230.9,235.47,262734.0
2010-09-17,235.12,237.0,233.09,234.9,83041.0
2010-09-20,233.23,237.48,231.36,235.0,225980.0
2010-09-21,236.0,239.59,234.44,237.8,317127.0
2010-09-22,243.0,243.4,233.65,239.59,900431.0
2010-09-23,239.59,242.98,237.03,238.38,230940.0
2010-09-24,237.33,239.3,233.0,238.0,156608.0
2010-09-27,237.48,242.08,231.05,232.45,335850.0
2010-09-28,233.69,233.87,228.25,228.82,306364.0
2010-09-29,229.88,231.48,228.04,230.84,215960.0
2010-09-30,230.95,235.46,230.0,235.0,154476.0
2010-10-01,236.84,240.0,233.7,237.5,600083.0
2010-10-04,237.99,240.0,236.74,237.8,388262.0
2010-10-05,238.26,238.5,235.0,237.0,163598.0
2010-10-06,237.33,238.29,232.05,234.0,362353.0
2010-10-07,234.01,241.0,226.68,230.5,502450.0
2010-10-08,230.51,233.86,228.0,230.5,293283.0
2010-10-11,232.76,234.8,232.5,233.48,144138.0
2010-10-12,232.76,234.89,230.0,233.0,265088.0
2010-10-13,233.55,237.39,231.9,235.1,324208.0
2010-10-14,235.99,237.97,232.51,234.0,157571.0
2010-10-15,233.99,237.9,232.19,235.7,164346.0
2010-10-18,234.0,238.0,232.08,237.98,220841.0
2010-10-19,238.0,242.43,237.0,237.52,436690.0
2010-10-20,237.48,237.48,230.0,235.32,270778.0
2010-10-21,234.1,242.0,233.0,241.3,290861.0
2010-10-22,240.0,243.0,236.5,239.0,229006.0
2010-10-25,239.0,245.7,238.01,245.0,453415.0
2010-10-26,243.9,248.58,242.67,245.5,407631.0
2010-10-27,243.89,247.99,241.86,242.67,341669.0
2010-10-28,242.01,246.0,241.58,245.8,153541.0
2010-10-29,245.0,248.82,242.5,248.82,169901.0
2010-11-01,249.49,254.5,246.65,253.1,423775.0
2010-11-02,253.96,257.99,253.1,255.5,352434.0
2010-11-03,255.0,261.11,253.0,257.55,389516.0
2010-11-08,265.0,269.97,259.0,262.86,324937.0
2010-11-09,263.01,279.89,260.5,279.5,1199668.0
2010-11-10,276.17,283.99,275.27,277.2,626868.0
2010-11-11,277.2,283.0,277.0,279.5,303228.0
2010-11-12,277.51,283.98,273.0,274.49,544243.0
2010-11-13,274.2,276.38,267.19,270.83,163591.0
2010-11-15,271.0,275.71,269.51,274.0,310445.0
2010-11-16,274.0,274.01,267.0,269.47,296208.0
2010-11-17,269.47,269.47,262.55,267.89,428131.0
2010-11-18,269.73,270.0,266.16,269.98,242301.0
2010-11-19,269.8,273.0,267.18,273.0,199885.0
2010-11-22,274.0,277.04,272.05,272.51,724372.0
2010-11-23,269.9,274.19,265.05,266.0,212690.0
2010-11-24,266.0,272.9,264.03,270.98,305564.0
2010-11-25,271.88,274.0,267.15,269.9,134292.0
2010-11-26,270.9,270.9,265.01,268.6,184959.0
2010-11-29,270.42,270.92,265.73,266.93,267988.0
2010-11-30,268.04,268.7,266.06,268.5,230381.0
2010-12-01,268.82,281.9,268.04,279.52,431655.0
2010-12-02,282.95,283.8,276.6,281.61,368608.0
2010-12-03,281.61,296.66,281.0,295.0,710600.0
2010-12-06,295.88,304.65,294.06,300.99,457937.0
2010-12-07,302.0,336.25,301.26,311.98,943294.0
2010-12-08,310.51,319.0,303.51,306.0,923748.0
2010-12-09,309.0,309.35,306.01,306.25,335297.0
2010-12-10,306.4,308.0,300.04,302.94,308828.0
2010-12-13,308.0,310.0,296.1,298.2,652339.0
2010-12-14,298.82,303.0,292.4,302.5,315469.0
2010-12-15,302.0,307.7,297.47,303.47,561168.0
2010-12-16,303.18,307.0,301.22,304.79,159346.0
2010-12-17,306.0,308.0,302.01,305.36,220465.0
2010-12-20,305.9,308.5,303.17,306.63,219310.0
2010-12-21,307.92,314.0,305.0,313.5,256744.0
2010-12-22,313.99,317.1,311.65,315.93,265240.0
2010-12-23,316.69,324.77,314.29,322.5,299924.0
2010-12-24,323.94,330.0,323.0,324.5,371988.0
2010-12-27,324.51,328.0,316.01,324.9,205462.0
2010-12-28,324.3,328.0,322.8,325.0,262092.0
2010-12-29,324.97,328.0,324.0,327.99,159730.0
2010-12-30,328.02,339.8,326.81,334.05,252894.0
2011-01-11,338.83,338.83,311.0,328.0,759311.0
2011-01-12,330.0,336.9,328.25,335.79,548158.0
2011-01-13,335.79,338.0,332.0,332.0,261883.0
2011-01-14,334.0,334.5,328.92,330.75,128148.0
2011-01-17,332.8,333.0,327.25,329.45,327259.0
2011-01-18,329.19,332.5,321.21,326.37,373321.0
2011-01-19,326.4,330.79,322.71,330.0,195963.0
2011-01-20,326.9,329.99,323.0,323.0,259470.0
2011-01-21,324.89,326.0,318.01,324.98,240850.0
2011-01-24,325.01,327.42,316.48,317.5,473272.0
2011-01-25,317.5,319.98,308.08,312.88,416536.0
2011-01-26,311.25,324.79,309.1,323.0,483264.0
2011-01-27,324.5,325.5,317.1,319.0,288335.0
2011-01-28,311.3,318.27,309.7,310.0,200582.0
2011-01-31,309.61,319.0,300.09,310.98,232122.0
2011-02-01,314.83,321.0,310.98,319.0,556580.0
2011-02-02,321.0,328.4,320.42,322.11,546499.0
2011-02-03,322.0,326.66,318.5,319.8,196249.0
2011-02-04,321.65,326.01,319.8,326.01,245883.0
2011-02-07,326.2,328.99,321.75,325.91,325123.0
2011-02-08,326.49,326.5,315.0,318.5,388270.0
2011-02-09,315.67,321.49,312.03,318.59,461282.0
2011-02-10,319.88,319.88,311.0,311.0,351224.0
2011-02-11,311.06,322.28,311.02,314.0,386571.0
2011-02-14,317.0,321.46,314.18,318.05,145621.0
2011-02-15,318.12,333.91,318.05,325.0,1248143.0
2011-02-16,325.0,330.0,323.02,328.88,289658.0
2011-02-17,329.9,331.86,325.71,326.56,225670.0
2011-02-18,326.56,335.53,326.56,333.03,402228.0
2011-02-21,334.0,337.0,329.01,335.0,682182.0
2011-02-22,333.0,333.96,325.06,332.99,514316.0
2011-02-24,330.0,339.0,325.1,336.5,669547.0
2011-02-25,337.98,357.0,336.56,356.0,727928.0
2011-02-28,355.7,385.0,350.32,385.0,538021.0
2011-03-01,370.0,384.83,355.01,364.0,842590.0
2011-03-02,365.03,372.85,362.6,367.15,513980.0
2011-03-03,375.0,389.97,358.04,362.91,2718960.0
2011-03-04,364.0,364.0,350.52,350.6,652010.0
2011-03-05,350.52,356.97,345.37,354.97,242950.0
2011-03-09,355.0,362.69,352.3,361.41,304780.0
2011-03-10,359.1,365.0,356.03,359.4,542670.0
2011-03-11,359.89,359.89,346.71,349.79,600700.0
2011-03-14,342.79,356.0,340.04,348.26,511660.0
2011-03-15,343.39,348.0,339.75,340.5,788030.0
2011-03-16,345.0,355.89,338.65,348.63,1115720.0
2011-03-17,348.98,357.7,347.0,357.0,654350.0
2011-03-18,358.79,374.5,358.79,372.7,1278870.0
2011-03-21,374.1,379.43,363.53,370.7,435110.0
2011-03-22,370.8,370.8,361.5,364.49,273570.0
2011-03-23,361.62,368.0,357.5,366.0,264690.0
2011-03-24,369.39,374.95,366.44,373.5,416770.0
2011-03-25,374.5,376.79,370.71,374.45,270330.0
2011-03-28,373.0,377.9,372.53,375.8,361010.0
2011-03-29,372.67,378.37,371.1,372.0,338100.0
2011-03-30,373.02,378.5,372.04,377.48,599380.0
2011-03-31,379.0,379.0,374.31,377.83,361540.0
2011-04-01,377.83,385.0,373.1,383.2,558530.0
2011-04-04,385.0,386.0,381.3,382.8,357980.0
2011-04-05,383.0,386.48,382.7,383.8,272660.0
2011-04-06,384.14,387.0,383.01,384.69,287890.0
2011-04-07,385.1,389.0,382.71,388.0,348020.0
2011-04-08,390.0,390.0,385.15,386.65,477430.0
2011-04-11,387.0,387.95,381.02,381.08,190200.0
2011-04-12,380.0,380.0,371.19,375.48,386810.0
2011-04-13,376.0,386.54,373.16,386.54,363740.0
2011-04-14,385.22,386.92,375.0,383.71,399470.0
2011-04-15,383.25,384.68,375.75,379.0,405620.0
2011-04-18,378.2,382.79,366.99,367.0,436150.0
2011-04-19,368.56,379.77,368.0,377.22,253350.0
2011-04-20,378.0,381.89,376.23,378.01,288500.0
2011-04-21,381.98,382.99,373.0,374.87,197630.0
2011-04-22,377.4,378.48,370.13,375.0,151030.0
2011-04-25,375.48,384.0,373.3,374.71,484680.0
2011-04-26,375.0,375.48,365.45,371.14,285990.0
2011-04-27,373.0,374.1,360.61,361.19,175300.0
2011-04-28,369.69,369.7,359.0,365.63,268630.0
2011-04-29,364.7,364.7,353.0,357.99,220710.0
2011-05-03,357.99,359.75,350.5,352.43,173330.0
2011-05-04,350.53,354.83,341.18,345.23,649800.0
2011-05-05,347.8,349.0,336.0,344.0,455160.0
2011-05-06,341.0,355.0,338.5,352.71,442220.0
2011-05-10,348.34,362.0,347.36,357.95,312110.0
2011-05-11,360.11,369.79,350.06,352.18,442120.0
2011-05-12,349.0,360.0,342.5,346.02,502710.0
2011-05-13,350.0,352.0,345.04,349.4,349530.0
2011-05-16,347.0,348.5,342.38,345.02,244140.0
2011-05-17,345.2,345.8,333.81,339.55,422140.0
2011-05-18,342.83,349.49,340.79,349.49,274930.0
2011-05-19,349.5,359.29,349.5,357.0,208110.0
2011-05-20,357.53,360.5,351.04,354.0,240330.0
2011-05-23,348.99,354.0,345.22,353.0,372900.0
2011-05-24,353.25,356.2,350.0,350.77,227590.0
2011-05-25,348.6,350.9,342.02,346.71,426320.0
2011-05-26,348.83,350.17,341.0,342.3,271620.0
2011-05-27,343.93,350.52,340.1,350.01,482120.0
2011-05-30,350.01,354.99,350.01,354.6,179520.0
2011-05-31,355.97,366.5,353.75,366.01,612600.0
2011-06-01,366.02,370.73,358.23,361.4,424400.0
2011-06-02,357.88,374.63,354.1,373.98,356480.0
2011-06-03,374.93,377.78,367.07,373.0,811230.0
2011-06-06,372.39,376.2,365.12,375.57,356070.0
2011-06-07,374.92,379.49,373.06,376.49,225000.0
2011-06-08,376.88,376.88,368.38,369.56,652460.0
2011-06-09,371.18,372.9,365.01,370.18,703560.0
2011-06-10,371.0,372.9,362.59,363.5,548940.0
2011-06-14,366.09,371.0,358.6,359.74,886530.0
2011-06-15,359.74,371.0,357.14,358.58,1311170.0
2011-06-16,354.8,355.8,347.0,348.56,792060.0
2011-06-17,348.56,349.59,335.5,344.39,2985640.0
2011-06-20,341.1,344.35,329.59,330.79,1147280.0
2011-06-21,332.1,339.79,328.0,338.19,1086830.0
2011-06-22,339.88,342.5,333.79,340.6,778170.0
2011-06-23,338.0,343.55,328.51,331.15,681080.0
2011-06-24,333.15,339.9,332.77,337.27,624210.0
2011-06-27,335.5,339.89,333.72,337.5,246990.0
2011-06-28,337.15,343.0,337.15,341.99,475480.0
2011-06-29,343.2,344.0,338.73,341.0,334540.0
2011-06-30,342.85,347.1,339.55,344.91,489340.0
2011-07-01,345.0,372.99,340.67,365.11,2548560.0
2011-07-04,367.6,373.9,365.0,372.6,663210.0
2011-07-05,370.0,380.0,370.0,372.87,386640.0
2011-07-06,373.35,380.0,372.0,379.89,770610.0
2011-07-07,380.0,386.41,377.57,382.67,727680.0
2011-07-08,382.0,385.0,374.0,378.0,913870.0
2011-07-11,376.42,381.7,374.31,375.02,399290.0
2011-07-12,373.0,376.8,365.9,374.08,826320.0
2011-07-13,375.89,376.57,366.01,372.9,352050.0
2011-07-14,372.9,378.8,367.0,374.0,566020.0
2011-07-15,373.4,378.5,368.38,371.75,255690.0
2011-07-18,373.25,377.0,365.1,367.0,252110.0
2011-07-19,368.79,370.98,364.08,369.0,268830.0
2011-07-20,371.0,381.68,370.64,378.0,482150.0
2011-07-21,379.48,406.0,378.83,405.43,2577400.0
2011-07-22,407.0,415.0,398.13,412.7,1303950.0
2011-07-25,409.12,416.97,396.28,402.0,1268370.0
2011-07-26,402.31,403.4,393.62,397.0,530670.0
2011-07-27,395.46,398.55,389.0,391.0,787200.0
2011-07-28,389.1,399.8,389.0,399.0,777230.0
2011-07-29,395.0,403.79,390.6,398.54,959290.0
2011-08-01,404.7,419.0,404.6,415.7,1431850.0
2011-08-02,413.88,427.98,410.0,419.7,1224940.0
2011-08-03,411.3,417.5,396.0,398.88,1614170.0
2011-08-04,402.88,405.95,385.0,387.45,1667480.0
2011-08-05,375.5,393.5,368.0,387.0,1790160.0
2011-08-08,377.0,384.3,359.02,362.0,2280020.0
2011-08-09,354.0,384.75,340.29,378.0,2841560.0
2011-08-10,385.0,387.45,352.45,354.99,1793830.0
2011-08-11,361.76,376.0,340.8,368.99,2277000.0
2011-08-12,372.7,376.96,364.0,372.5,1373990.0
2011-08-15,376.0,379.49,372.0,373.99,985660.0
2011-08-16,373.3,373.3,356.5,361.48,1563430.0
2011-08-17,364.8,373.96,358.11,371.3,713740.0
2011-08-18,367.57,370.0,351.0,361.8,798520.0
2011-08-19,354.97,358.74,346.0,356.97,1062680.0
2011-08-22,351.33,363.63,350.17,353.91,786880.0
2011-08-23,358.49,362.0,347.83,349.46,822760.0
2011-08-24,352.66,355.48,346.06,351.86,1015080.0
2011-08-25,353.61,360.0,342.11,343.52,1358130.0
2011-08-26,347.3,348.58,335.42,340.43,819470.0
2011-08-29,349.0,355.28,344.01,353.51,733050.0
2011-08-30,353.51,359.85,348.5,357.15,1265340.0
2011-08-31,359.71,375.05,358.0,373.1,1317930.0
2011-09-01,374.11,383.75,366.94,380.94,1257380.0
2011-09-02,376.04,384.98,371.0,374.63,1039800.0
2011-09-05,370.51,372.5,365.5,369.88,756730.0
2011-09-06,368.12,381.51,366.2,370.48,1729880.0
2011-09-07,375.9,385.56,374.01,384.22,1127800.0
2011-09-08,385.1,395.0,383.0,394.32,1324120.0
2011-09-09,392.22,393.9,381.22,382.92,795380.0
2011-09-12,377.9,377.9,365.8,372.38,1181920.0
2011-09-13,377.0,383.5,367.01,377.0,622370.0
2011-09-14,372.94,387.97,372.69,384.99,986200.0
2011-09-15,387.94,403.0,386.0,401.0,2940390.0
2011-09-16,403.0,414.98,396.01,396.01,2248980.0
2011-09-19,392.27,401.96,390.05,394.5,984900.0
2011-09-20,397.29,406.5,396.21,406.01,832050.0
2011-09-21,406.0,411.66,394.7,397.01,877100.0
2011-09-22,388.01,388.91,361.22,366.98,2289420.0
2011-09-23,366.7,371.92,339.53,346.53,2551400.0
2011-09-26,345.3,370.0,336.25,359.01,2206740.0
2011-09-27,370.0,380.0,363.0,371.03,1718650.0
2011-09-28,367.1,376.5,362.05,374.07,1224350.0
2011-09-29,371.01,386.0,366.91,383.0,1231960.0
2011-09-30,381.7,384.22,355.0,363.21,1719660.0
2011-10-03,353.33,369.4,348.1,362.11,1528050.0
2011-10-04,355.04,367.97,333.11,338.67,2373920.0
2011-10-05,349.0,354.89,335.55,344.5,1469280.0
2011-10-06,350.01,365.0,350.01,361.4,2049510.0
2011-10-07,365.2,374.5,361.71,371.08,1505220.0
2011-10-10,375.32,379.0,365.0,378.3,1133930.0
2011-10-11,379.9,379.9,367.58,374.99,1247320.0
2011-10-12,375.0,378.96,373.62,376.2,1223050.0
2011-10-13,376.0,379.29,370.9,375.01,1030060.0
2011-10-14,376.99,384.5,374.81,384.5,1173290.0
2011-10-17,385.4,387.0,370.0,370.25,1513810.0
2011-10-18,366.66,383.81,361.35,381.28,2221580.0
2011-10-19,383.59,383.59,373.85,376.43,777540.0
2011-10-20,370.22,379.12,368.06,377.33,436450.0
2011-10-21,379.32,388.88,376.0,387.2,1037420.0
2011-10-24,390.66,398.8,388.5,393.79,1134220.0
2011-10-25,393.79,396.06,382.88,388.6,799130.0
2011-10-26,387.95,407.17,385.79,404.0,1889380.0
2011-10-27,406.71,418.0,405.15,407.64,1911020.0
2011-10-28,411.0,418.0,397.0,403.99,1950900.0
2011-10-31,400.0,404.0,392.11,396.84,779540.0
2011-11-01,390.01,399.0,387.28,390.0,1395890.0
2011-11-02,391.41,409.0,391.41,400.0,1548510.0
2011-11-03,398.97,410.88,390.1,406.84,1489560.0
2011-11-07,408.0,413.0,401.36,410.33,807010.0
2011-11-08,407.0,414.95,407.0,412.1,555350.0
2011-11-09,415.56,415.83,391.11,401.0,1044590.0
2011-11-10,395.99,412.66,393.04,407.99,1369430.0
2011-11-11,412.0,412.0,402.3,406.8,384060.0
2011-11-14,410.85,416.9,406.1,414.24,932530.0
2011-11-15,413.91,421.7,401.82,414.04,2230280.0
2011-11-16,409.0,419.0,408.1,413.0,708390.0
2011-11-17,414.0,416.0,403.22,408.15,977920.0
2011-11-18,403.3,410.0,400.23,408.1,374920.0
2011-11-21,406.72,407.14,388.0,389.99,1153240.0
2011-11-22,392.0,399.8,390.23,395.0,418030.0
2011-11-23,390.27,396.23,385.0,390.0,1760790.0
2011-11-24,391.0,397.5,390.21,392.85,540760.0
2011-11-25,394.39,412.0,390.0,411.68,1442120.0
2011-11-28,414.0,418.0,411.83,415.0,1556820.0
2011-11-29,419.9,420.0,407.08,412.2,938200.0
2011-11-30,409.2,420.9,408.16,419.8,2761980.0
2011-12-01,420.97,421.09,411.67,417.8,1008940.0
2011-12-02,419.4,419.4,414.3,415.21,560310.0
2011-12-05,415.32,417.39,405.11,410.0,766390.0
2011-12-06,405.55,411.0,388.87,389.19,1788270.0
2011-12-07,394.34,394.34,384.34,387.0,2416120.0
2011-12-08,386.13,395.97,385.51,390.06,2053430.0
2011-12-09,384.84,397.13,375.02,391.49,4482760.0
2011-12-12,398.0,401.88,370.08,374.88,1458850.0
2011-12-13,374.0,379.5,355.2,375.49,1717420.0
2011-12-14,370.42,397.48,369.04,387.0,1821240.0
2011-12-15,379.2,389.0,372.1,385.0,2012180.0
2011-12-16,386.0,388.32,380.49,387.07,871270.0
2011-12-19,385.4,390.74,376.3,377.6,791760.0
2011-12-20,377.87,386.24,372.11,382.0,986230.0
2011-12-21,386.2,388.54,375.01,377.33,1107480.0
2011-12-22,378.01,382.4,376.34,378.75,990160.0
2011-12-23,380.64,381.5,377.12,379.0,334110.0
2011-12-26,381.1,383.5,378.09,381.0,177350.0
2011-12-27,380.75,380.97,374.02,378.67,242850.0
2011-12-28,378.88,382.65,375.1,376.85,459150.0
2011-12-29,375.98,382.0,375.8,378.85,860890.0
2011-12-30,380.74,395.69,378.47,393.71,1244620.0
2012-01-03,395.8,404.02,393.9,399.39,997860.0
2012-01-04,400.0,401.2,393.09,395.43,449810.0
2012-01-05,393.2,397.19,390.03,393.01,430890.0
2012-01-06,393.99,397.2,392.04,394.64,276170.0
2012-01-09,394.08,396.85,392.29,395.97,344400.0
2012-01-10,396.97,403.18,396.97,401.13,2003180.0
2012-01-11,401.51,403.2,393.54,395.4,985210.0
2012-01-12,397.39,400.65,391.11,391.51,1047370.0
2012-01-13,391.9,398.46,388.88,389.71,1146740.0
2012-01-16,388.92,390.28,384.88,388.75,638120.0
2012-01-17,391.0,399.2,389.34,392.3,1322330.0
2012-01-18,393.17,396.76,388.2,392.5,1096520.0
2012-01-19,394.99,396.0,390.0,390.0,729780.0
2012-01-20,391.11,392.0,381.79,387.27,2583250.0
2012-01-23,388.5,391.15,385.8,389.8,1018700.0
2012-01-24,388.94,389.5,385.18,386.5,1347060.0
2012-01-25,387.4,393.01,385.01,386.75,1497100.0
2012-01-26,389.87,391.5,385.22,387.55,2673600.0
2012-01-27,385.43,389.49,385.35,388.56,993850.0
2012-01-30,388.0,400.0,387.5,388.64,631360.0
2012-01-31,391.0,397.0,389.77,391.71,712280.0
2012-02-01,390.67,400.38,389.71,400.1,2346750.0
2012-02-02,401.1,401.7,397.07,399.54,1049360.0
2012-02-03,399.62,404.9,398.21,404.7,1130540.0
2012-02-06,403.99,409.0,402.05,405.1,1623610.0
2012-02-07,406.0,406.57,398.4,400.86,674500.0
2012-02-08,403.53,404.6,391.64,392.2,1039950.0
2012-02-09,393.01,399.18,384.3,390.0,3089480.0
2012-02-10,391.0,391.04,382.2,382.77,2016070.0
2012-02-13,386.64,395.74,383.66,390.07,918060.0
2012-02-14,392.8,398.4,389.9,394.69,492380.0
2012-02-15,395.7,401.0,394.62,398.97,777360.0
2012-02-16,395.0,396.95,390.75,395.48,398380.0
2012-02-17,398.0,399.0,386.05,390.09,915000.0
2012-02-20,393.3,397.0,391.07,395.0,384160.0
2012-02-21,393.43,395.16,387.5,388.78,386750.0
2012-02-22,389.09,395.99,385.2,386.01,854770.0
2012-02-24,387.99,402.18,386.0,402.0,1692730.0
2012-02-27,399.96,402.01,395.7,397.79,1146230.0
2012-02-28,398.48,402.47,394.2,396.98,1938410.0
2012-02-29,398.3,409.87,396.5,399.14,878350.0
2012-03-01,397.6,398.61,392.05,397.0,1527680.0
2012-03-02,398.5,404.0,398.01,403.92,1661160.0
2012-03-05,405.0,412.6,402.01,412.5,1400910.0
2012-03-06,410.6,414.45,396.5,400.0,2736150.0
2012-03-07,398.4,408.0,398.28,407.9,1782250.0
2012-03-11,411.44,419.0,409.13,418.0,637930.0
2012-03-12,415.61,421.4,410.12,414.13,1250970.0
2012-03-13,417.63,419.55,412.19,415.0,1055920.0
2012-03-14,418.22,419.0,406.42,416.71,1230510.0
2012-03-15,415.79,424.69,413.01,419.5,4144220.0
2012-03-16,423.69,423.69,415.0,416.0,636210.0
2012-03-19,418.09,419.99,402.0,407.99,1704780.0
2012-03-20,407.99,415.7,396.0,396.7,1788960.0
2012-03-21,399.63,403.6,392.0,400.06,1941030.0
2012-03-22,399.0,405.6,393.4,394.0,1665920.0
2012-03-23,396.5,400.99,392.92,399.98,1093720.0
2012-03-26,397.3,403.5,396.1,403.0,1048400.0
2012-03-27,404.6,406.9,398.93,401.36,526460.0
2012-03-28,400.25,403.55,385.3,388.0,1607610.0
2012-03-29,388.5,390.62,378.0,379.82,2617910.0
2012-03-30,382.49,397.76,382.49,392.0,1186140.0
2012-04-02,392.0,400.77,386.0,395.0,1014050.0
2012-04-03,396.99,406.1,394.03,403.5,1596100.0
2012-04-04,400.59,403.38,385.6,388.61,2040610.0
2012-04-05,390.95,394.99,385.8,393.59,1087770.0
2012-04-06,394.0,397.96,386.0,387.8,713810.0
2012-04-09,387.95,395.67,382.1,395.67,837350.0
2012-04-10,394.43,394.77,380.3,381.96,2119040.0
2012-04-11,382.0,391.29,377.82,386.85,1936310.0
2012-04-12,387.8,389.74,381.0,384.77,954710.0
2012-04-13,386.8,394.0,382.0,383.5,977410.0
2012-04-16,381.46,388.99,373.23,373.5,1474890.0
2012-04-17,375.0,379.17,372.4,375.48,1689020.0
2012-04-18,377.38,386.1,368.4,376.0,913310.0
2012-04-19,376.7,393.33,376.7,389.9,2139630.0
2012-04-20,386.4,392.01,385.16,388.41,1412460.0
2012-04-23,388.0,388.85,373.9,376.99,1047600.0
2012-04-24,377.89,377.89,370.84,372.0,976580.0
2012-04-25,374.55,378.05,372.45,374.53,665100.0
2012-04-26,377.09,377.81,372.12,375.91,987120.0
2012-04-27,375.91,382.9,373.45,381.9,755250.0
2012-04-28,381.58,383.06,378.06,378.5,101460.0
2012-05-02,375.0,375.0,337.03,340.7,4922910.0
2012-05-03,341.2,347.88,325.56,328.49,4916890.0
2012-05-04,328.49,330.67,313.13,314.2,3303520.0
2012-05-05,312.0,317.5,310.2,315.4,391890.0
2012-05-07,312.4,319.3,303.0,317.96,545260.0
2012-05-08,317.96,322.99,308.51,317.89,845330.0
2012-05-10,318.97,335.95,318.97,333.6,3479600.0
2012-05-11,329.67,336.89,323.2,330.43,1643560.0
2012-05-12,327.0,333.2,326.45,333.1,318610.0
2012-05-14,330.0,332.4,320.77,321.0,1037500.0
2012-05-15,321.98,332.8,315.53,330.98,3143330.0
2012-05-16,324.0,330.99,321.01,328.92,1346270.0
2012-05-17,329.91,330.0,314.0,316.03,1189860.0
2012-05-18,309.0,322.01,306.14,314.68,2036110.0
2012-05-21,315.78,319.97,305.17,317.35,1132880.0
2012-05-22,318.39,321.98,312.51,318.39,1829190.0
2012-05-23,313.81,315.0,295.0,295.01,2368060.0
2012-05-24,299.7,302.0,286.24,300.02,1082050.0
2012-05-25,299.0,304.99,297.0,302.15,835500.0
2012-05-28,304.75,306.67,299.52,300.12,580600.0
2012-05-29,302.98,304.18,294.0,298.2,1413420.0
2012-05-30,295.95,296.0,280.16,288.46,3362570.0
2012-05-31,287.98,297.0,287.98,290.1,5248700.0
2012-06-01,291.56,294.09,285.59,290.0,4157340.0
2012-06-04,287.1,300.78,287.0,297.9,1486760.0
2012-06-05,300.01,303.65,295.0,295.3,1028680.0
2012-06-06,297.86,302.4,291.0,302.0,1502440.0
2012-06-07,304.93,320.45,294.5,320.44,3268700.0
2012-06-08,316.0,322.99,313.0,322.99,1047780.0
2012-06-09,324.53,327.29,318.86,323.0,421450.0
2012-06-13,321.93,334.0,320.61,322.1,1304470.0
2012-06-14,324.03,328.0,315.25,324.85,955730.0
2012-06-15,326.5,335.5,322.02,333.33,4111880.0
2012-06-18,337.0,349.0,326.0,330.28,2104690.0
2012-06-19,330.52,336.0,329.16,329.18,884010.0
2012-06-20,329.0,331.5,321.69,328.0,766800.0
2012-06-21,325.78,331.43,318.0,319.84,1333810.0
2012-06-22,315.55,320.29,311.83,317.8,1724410.0
2012-06-25,316.2,319.8,309.51,311.96,1192800.0
2012-06-26,312.97,318.48,310.15,313.64,1175780.0
2012-06-27,315.96,318.71,314.13,316.52,1705560.0
2012-06-28,318.0,323.01,305.0,305.88,1692120.0
2012-06-29,309.7,328.0,309.11,326.35,2871480.0
2012-07-02,326.36,335.6,324.22,335.5,1554030.0
2012-07-03,335.48,345.0,335.48,344.67,1235110.0
2012-07-04,344.67,347.16,341.01,346.7,514370.0
2012-07-05,345.03,353.85,342.52,344.32,1335690.0
2012-07-06,343.8,349.17,330.12,330.27,920700.0
2012-07-09,333.27,335.59,325.48,328.03,921860.0
2012-07-10,327.64,331.7,323.0,327.8,1214130.0
2012-07-11,326.91,326.91,319.3,324.77,1218500.0
2012-07-12,325.0,327.0,317.01,326.97,1250910.0
2012-07-13,331.0,348.01,330.24,346.45,2166720.0
2012-07-16,346.75,355.78,344.01,352.5,1764500.0
2012-07-17,354.44,357.27,350.03,351.5,1450750.0
2012-07-18,353.49,354.43,351.18,352.63,716210.0
2012-07-19,354.01,361.07,353.5,357.48,1166000.0
2012-07-20,356.67,359.8,347.42,358.8,1326050.0
2012-07-23,355.02,356.7,339.0,343.0,1989330.0
2012-07-24,345.3,351.0,338.13,345.0,1212270.0
2012-07-25,341.12,348.45,340.0,343.0,1061010.0
2012-07-26,344.47,345.7,336.01,342.55,1160150.0
2012-07-27,343.96,345.0,338.5,341.3,1075660.0
2012-07-30,343.0,353.69,342.92,353.69,930800.0
2012-07-31,354.5,355.2,346.5,347.0,826990.0
2012-08-01,346.47,353.33,345.25,350.5,733840.0
2012-08-02,351.5,355.9,342.21,345.98,1266660.0
2012-08-03,344.98,354.45,344.0,354.0,906550.0
2012-08-06,355.01,362.29,350.5,358.21,1542800.0
2012-08-07,358.44,359.5,355.7,357.38,827610.0
2012-08-08,355.6,361.48,353.11,358.3,835540.0
2012-08-09,360.28,364.7,358.3,362.0,1129910.0
2012-08-10,359.2,361.5,352.7,353.38,822510.0
2012-08-13,354.64,363.43,354.3,360.86,859520.0
2012-08-14,361.75,369.0,361.52,366.3,1343200.0
2012-08-15,366.3,369.0,359.88,367.7,1192890.0
2012-08-16,369.5,371.19,365.1,369.66,1053180.0
2012-08-17,370.7,370.99,363.7,363.81,404650.0
2012-08-20,365.58,365.61,355.55,357.5,1787880.0
2012-08-21,359.48,372.56,359.07,371.22,1494790.0
2012-08-22,368.84,369.2,362.7,365.29,1077690.0
2012-08-23,367.49,371.69,365.9,366.5,2397480.0
2012-08-24,364.48,369.1,361.21,369.0,918900.0
2012-08-27,370.9,374.9,364.04,366.7,591220.0
2012-08-28,364.9,369.19,364.87,366.95,900660.0
2012-08-29,366.16,368.7,360.47,360.95,759930.0
2012-08-30,360.74,363.9,358.01,362.73,686420.0
2012-08-31,362.7,366.95,361.73,364.2,1125160.0
2012-09-03,364.8,368.58,363.14,367.3,754000.0
2012-09-04,367.39,368.5,364.1,364.1,727340.0
2012-09-05,364.3,366.86,360.3,364.15,892240.0
2012-09-06,364.2,371.8,364.2,370.5,949630.0
2012-09-07,371.25,374.9,368.32,369.91,2008930.0
2012-09-10,367.99,367.99,349.01,360.6,4231860.0
2012-09-11,357.0,361.21,354.12,359.19,1274770.0
2012-09-12,360.0,362.68,357.0,358.3,1468000.0
2012-09-13,357.0,359.89,354.71,354.99,820190.0
2012-09-14,365.0,376.7,361.5,374.0,3944980.0
2012-09-17,372.72,379.5,367.0,374.2,3227130.0
2012-09-18,373.2,376.01,369.02,369.44,1054880.0
2012-09-19,371.9,371.97,353.1,354.93,2712170.0
2012-09-20,352.9,364.7,350.5,362.99,2806360.0
2012-09-21,365.25,368.98,362.2,366.71,1130780.0
2012-09-24,366.5,366.5,360.27,364.98,956570.0
2012-09-25,365.0,366.96,358.0,358.51,786140.0
2012-09-26,354.57,357.7,348.51,349.0,1340460.0
2012-09-27,352.34,354.25,349.51,352.52,858010.0
2012-09-28,355.52,357.9,345.03,347.99,1265560.0
2012-10-01,348.0,364.0,348.0,364.0,1446340.0
2012-10-02,361.0,367.89,360.31,367.03,1430640.0
2012-10-03,365.0,367.5,360.82,362.51,765270.0
2012-10-04,363.85,364.46,352.1,356.0,1208740.0
2012-10-05,357.99,365.0,357.8,360.4,1271890.0
2012-10-08,358.5,362.99,355.0,362.99,863560.0
2012-10-09,363.83,364.25,357.73,360.61,900410.0
2012-10-10,359.07,361.7,356.2,356.56,595570.0
2012-10-11,357.2,360.21,355.3,356.66,798390.0
2012-10-12,357.0,357.34,350.5,352.2,1131350.0
2012-10-15,350.44,355.99,350.44,352.01,699770.0
2012-10-16,354.57,355.53,348.37,353.7,1012000.0
2012-10-17,354.0,363.3,351.0,363.3,1588110.0
2012-10-18,363.52,368.95,361.58,364.54,1376610.0
2012-10-19,363.3,364.47,358.5,360.5,988470.0
2012-10-22,359.1,362.8,357.0,362.7,874050.0
2012-10-23,363.01,363.69,349.75,351.5,1424810.0
2012-10-24,352.08,355.67,345.0,349.0,1810760.0
2012-10-25,351.5,351.5,343.9,344.44,1329760.0
2012-10-26,341.99,343.0,335.0,338.1,1610750.0
2012-10-29,335.13,336.98,326.3,336.13,835800.0
2012-10-30,336.14,338.5,331.0,331.5,718230.0
2012-10-31,333.48,343.5,332.5,340.28,1394930.0
2012-11-01,339.77,339.77,309.85,316.0,8809470.0
2012-11-02,313.9,320.48,308.2,318.15,3934710.0
2012-11-06,317.55,326.7,315.07,325.76,1703520.0
2012-11-07,326.44,333.95,321.7,322.01,2249040.0
2012-11-08,317.7,323.69,315.7,318.0,1682910.0
2012-11-09,318.32,321.66,315.0,318.53,796010.0
2012-11-12,319.15,323.1,316.5,322.04,1551110.0
2012-11-13,320.95,321.36,316.27,317.21,1165400.0
2012-11-14,318.77,320.49,315.71,317.23,992420.0
2012-11-15,318.77,318.93,313.51,316.0,1445900.0
2012-11-16,315.57,317.25,310.8,316.7,1531040.0
2012-11-19,318.98,326.0,318.98,324.54,1298810.0
2012-11-20,325.81,327.49,323.01,325.49,1375150.0
2012-11-21,324.16,329.68,322.64,328.21,940770.0
2012-11-22,328.83,329.99,327.43,329.0,595740.0
2012-11-23,329.2,332.0,327.57,330.64,912650.0
2012-11-26,330.64,332.3,327.67,328.45,591510.0
2012-11-27,330.0,331.93,324.8,326.2,807530.0
2012-11-28,324.8,326.64,318.6,319.35,810690.0
2012-11-29,321.2,325.46,321.03,324.34,439180.0
2012-11-30,324.14,332.0,322.0,331.97,1269570.0
2012-12-03,333.0,338.4,329.16,338.2,813860.0
2012-12-04,336.07,337.5,332.76,334.45,680770.0
2012-12-05,335.77,346.1,335.41,344.48,1450350.0
2012-12-06,344.8,349.46,341.12,344.0,1501390.0
2012-12-07,345.08,346.9,339.0,344.02,820560.0
2012-12-10,344.73,348.89,340.93,340.93,844090.0
2012-12-11,342.1,345.0,338.22,343.75,506740.0
2012-12-12,344.21,347.58,342.94,343.44,1277700.0
2012-12-13,344.44,347.0,341.4,344.55,1679440.0
2012-12-14,344.98,346.8,342.53,344.0,869770.0
2012-12-17,344.98,347.0,340.27,344.54,1591430.0
2012-12-18,345.98,347.84,345.1,346.85,844840.0
2012-12-19,347.5,348.8,344.29,344.93,425500.0
2012-12-20,344.67,349.83,343.5,346.0,1011380.0
2012-12-21,344.0,349.2,340.88,347.29,1028540.0
2012-12-24,347.39,348.89,342.0,342.0,643590.0
2012-12-25,343.76,343.76,340.71,342.98,268220.0
2012-12-26,343.46,344.78,340.74,343.51,184420.0
2012-12-27,343.0,348.95,341.5,344.0,1245170.0
2012-12-28,344.16,347.37,342.39,346.1,680650.0
2013-01-08,350.3,358.49,347.0,347.0,1008570.0
2013-01-09,347.89,351.4,344.11,347.7,626220.0
2013-01-10,348.48,348.8,343.31,343.38,547920.0
2013-01-11,344.99,345.36,330.0,342.4,964120.0
2013-01-14,343.0,346.8,342.57,345.18,397850.0
2013-01-15,345.18,345.48,339.0,339.21,774330.0
2013-01-16,338.99,341.45,330.17,331.41,1618850.0
2013-01-17,330.51,334.31,329.01,331.55,710990.0
2013-01-18,332.05,338.51,332.0,337.44,1446340.0
2013-01-21,338.27,338.38,335.1,337.2,535380.0
2013-01-22,338.0,338.0,330.84,333.75,409120.0
2013-01-23,333.75,342.7,331.0,341.94,950140.0
2013-01-24,340.5,341.0,335.05,337.24,1213220.0
2013-01-25,336.56,340.33,335.43,339.5,856760.0
2013-01-28,341.0,344.88,338.5,344.5,1176440.0
2013-01-29,344.5,344.5,340.86,341.03,714650.0
2013-01-30,342.5,343.99,336.01,340.37,646400.0
2013-01-31,339.47,339.47,332.24,333.81,841360.0
2013-02-01,335.03,339.3,335.03,338.44,546200.0
2013-02-04,338.46,339.7,336.0,338.78,634230.0
2013-02-05,337.93,343.44,335.78,336.65,803030.0
2013-02-06,338.0,342.0,336.0,336.33,764010.0
2013-02-07,336.48,337.31,332.0,334.24,448650.0
2013-02-08,334.24,335.97,329.55,335.93,827800.0
2013-02-11,335.44,341.37,334.04,339.1,955360.0
2013-02-12,339.89,339.89,328.26,330.0,1749360.0
2013-02-13,331.1,338.0,329.61,336.75,2495930.0
2013-02-14,336.27,337.56,330.55,330.8,1068910.0
2013-02-15,332.18,334.77,329.24,329.83,1397990.0
2013-02-18,329.83,331.59,327.71,331.2,1168190.0
2013-02-19,330.89,332.5,329.19,329.5,623920.0
2013-02-20,330.04,330.61,323.9,323.93,883030.0
2013-02-21,322.17,322.93,319.05,320.51,1034410.0
2013-02-22,320.53,325.0,318.77,322.87,461410.0
2013-02-25,323.57,327.0,322.0,327.0,415460.0
2013-02-26,323.73,329.5,322.04,327.04,850220.0
2013-02-27,328.36,329.7,325.28,329.7,630160.0
2013-02-28,329.97,331.13,324.5,328.5,928200.0
2013-03-01,327.71,328.94,314.25,317.0,1785100.0
2013-03-04,316.0,319.47,305.0,305.0,1974330.0
2013-03-05,306.84,314.44,305.57,313.3,1130200.0
2013-03-06,314.4,320.0,313.33,318.0,1114590.0
2013-03-07,318.47,320.48,310.51,311.75,632350.0
2013-03-11,312.75,319.27,310.5,310.83,1266000.0
2013-03-12,311.1,311.3,306.51,308.05,1073940.0
2013-03-13,307.99,310.55,303.0,304.05,2288960.0
2013-03-14,305.0,311.77,304.1,311.35,2084920.0
2013-03-15,312.0,318.0,312.0,316.0,2499440.0
2013-03-18,310.85,313.0,301.35,308.25,2059750.0
2013-03-19,309.5,311.17,305.3,305.61,1270010.0
2013-03-20,306.0,312.98,305.05,312.95,1456030.0
2013-03-21,313.88,317.95,311.01,315.47,1363580.0
2013-03-22,312.47,315.4,308.0,313.66,1177960.0
2013-03-25,315.55,317.96,308.55,309.48,540030.0
2013-03-26,309.09,312.81,307.65,308.44,1216100.0
2013-03-27,309.05,314.0,309.05,312.78,855970.0
2013-03-28,314.0,315.2,311.0,314.79,615640.0
2013-03-29,315.48,315.87,314.06,314.9,132760.0
2013-04-01,314.9,319.49,312.01,317.17,470390.0
2013-04-02,317.0,319.48,315.78,318.58,641980.0
2013-04-03,318.3,319.68,315.9,317.25,758490.0
2013-04-04,317.25,318.2,315.02,315.58,929620.0
2013-04-05,315.68,318.0,313.03,315.8,2062560.0
2013-04-08,315.8,317.87,312.01,313.0,818930.0
2013-04-09,315.0,318.78,314.55,317.61,569120.0
2013-04-10,317.89,318.8,316.04,316.7,421180.0
2013-04-11,317.6,319.29,315.0,315.23,578890.0
2013-04-12,315.33,316.89,313.36,314.68,467010.0
2013-04-15,313.5,318.47,311.13,311.13,1146360.0
2013-04-16,311.13,314.9,309.12,310.55,704100.0
2013-04-17,311.06,312.76,304.0,307.6,881460.0
2013-04-18,307.59,310.5,306.75,307.86,799230.0
2013-04-19,309.0,309.37,302.2,303.02,564930.0
2013-04-22,305.06,309.49,297.07,297.88,1134100.0
2013-04-23,297.5,301.06,291.29,294.95,1037140.0
2013-04-24,295.95,308.0,295.24,307.5,1046010.0
2013-04-25,307.5,307.59,296.7,297.44,841340.0
2013-04-26,296.31,300.0,292.0,296.67,1202470.0
2013-04-29,296.67,301.96,288.58,290.0,1000530.0
2013-04-30,291.0,296.0,287.75,292.28,878400.0
2013-05-02,290.5,298.0,289.54,291.21,321090.0
2013-05-03,292.25,303.0,291.32,302.67,629760.0
2013-05-06,303.15,304.86,299.22,302.6,536940.0
2013-05-07,302.57,314.5,301.45,313.32,1548730.0
2013-05-08,314.86,315.0,310.8,314.93,628380.0
2013-05-10,314.93,322.95,309.33,310.0,433740.0
2013-05-13,310.0,312.97,307.0,310.35,544250.0
2013-05-14,309.03,321.0,305.05,306.1,1249300.0
2013-05-15,308.0,309.48,299.97,305.14,938420.0
2013-05-16,306.0,306.44,294.5,295.19,750310.0
2013-05-17,295.2,306.4,293.17,305.17,681480.0
2013-05-20,305.17,308.7,300.0,305.02,521020.0
2013-05-21,305.02,313.13,304.0,312.01,463560.0
2013-05-22,311.85,330.0,310.87,327.99,1782050.0
2013-05-23,323.0,329.34,317.66,321.71,2008610.0
2013-05-24,322.9,326.87,321.23,323.5,1184680.0
2013-05-27,324.79,326.99,322.51,323.75,205720.0
2013-05-28,325.0,332.98,323.99,330.29,1326720.0
2013-05-29,328.5,328.5,319.23,319.71,1387100.0
2013-05-30,319.5,327.99,314.81,324.42,1418200.0
2013-05-31,325.0,331.87,316.87,320.99,1534020.0
2013-06-03,318.47,319.5,310.3,311.8,1712710.0
2013-06-04,312.6,316.77,308.58,311.0,961450.0
2013-06-05,311.01,311.01,303.6,306.5,1182140.0
2013-06-06,306.16,307.9,300.07,301.5,979760.0
2013-06-07,301.37,310.5,301.37,308.26,832910.0
2013-06-10,308.81,312.55,307.31,309.58,653080.0
2013-06-11,307.9,313.0,301.5,305.0,1294760.0
2013-06-13,302.0,305.76,297.0,302.61,928960.0
2013-06-14,304.39,326.71,302.0,314.5,2130060.0
2013-06-17,314.5,333.0,314.5,332.5,4286850.0
2013-06-18,332.5,335.87,331.77,333.07,1251310.0
2013-06-19,333.0,335.5,325.99,325.99,1276610.0
2013-06-20,321.99,329.5,320.2,326.02,780430.0
2013-06-21,326.02,339.0,322.59,335.37,1716790.0
2013-06-24,333.56,352.0,333.38,348.97,3405660.0
2013-06-25,348.87,354.95,339.54,342.3,1605410.0
2013-06-26,342.84,349.0,339.7,347.0,2747720.0
2013-06-27,347.0,349.76,340.11,345.0,1542050.0
2013-06-28,345.74,354.0,344.0,353.0,1778800.0
2013-07-01,349.26,351.49,345.45,350.0,614060.0
2013-07-02,349.51,362.9,347.57,362.04,1497390.0
2013-07-03,359.04,360.42,357.04,358.0,965260.0
2013-07-04,358.0,361.9,355.23,356.48,493730.0
2013-07-05,357.11,360.61,354.11,356.0,722320.0
2013-07-08,357.0,358.9,355.0,358.51,295920.0
2013-07-09,358.92,359.64,353.18,356.28,531210.0
2013-07-10,355.65,358.0,348.0,349.0,655490.0
2013-07-11,352.2,358.84,350.0,356.21,1032200.0
2013-07-12,356.42,365.01,356.31,365.0,1407780.0
2013-07-15,365.49,367.25,360.5,363.4,818330.0
2013-07-16,362.91,367.95,362.91,367.95,1312330.0
2013-07-17,366.5,374.0,366.35,373.88,1028480.0
2013-07-18,374.04,375.32,364.0,364.02,926740.0
2013-07-19,364.5,372.0,362.56,363.5,663820.0
2013-07-22,364.4,366.1,354.5,356.0,823550.0
2013-07-23,357.96,363.7,352.05,352.05,834540.0
2013-07-24,352.12,353.5,345.15,348.26,501940.0
2013-07-25,346.11,352.8,345.6,348.04,362940.0
2013-07-26,348.58,351.73,346.09,349.0,443990.0
2013-07-29,349.0,351.87,348.05,349.0,339260.0
2013-07-30,349.27,356.88,349.27,351.4,437060.0
2013-07-31,351.23,356.99,349.7,356.0,630100.0
2013-08-01,358.0,361.79,355.26,360.51,952170.0
2013-08-02,362.0,362.97,357.0,358.81,604460.0
2013-08-05,358.81,359.29,355.5,355.95,489770.0
2013-08-06,354.09,355.77,342.66,342.66,455670.0
2013-08-07,341.27,345.6,338.0,341.11,630810.0
2013-08-08,342.02,343.18,335.52,338.78,590550.0
2013-08-09,340.9,352.68,338.36,349.0,1038660.0
2013-08-12,349.51,356.5,347.36,355.0,488140.0
2013-08-13,356.95,362.56,356.08,360.01,1149420.0
2013-08-14,361.6,368.29,360.44,368.0,1388300.0
2013-08-15,368.0,369.92,364.15,366.4,826420.0
2013-08-16,368.26,368.58,362.0,365.19,715460.0
2013-08-19,365.43,365.43,355.35,358.16,1065520.0
2013-08-20,357.0,362.96,353.0,362.87,664710.0
2013-08-21,361.99,369.23,361.0,369.01,772060.0
2013-08-22,368.04,370.9,365.6,370.9,811090.0
2013-08-23,370.1,371.3,364.53,367.7,859050.0
2013-08-26,368.74,370.0,366.18,369.14,348090.0
2013-08-27,367.39,370.0,363.0,365.55,746250.0
2013-08-28,365.96,366.38,357.42,359.47,762510.0
2013-08-29,360.67,363.0,357.52,362.76,630130.0
2013-08-30,362.8,363.0,358.0,361.45,588120.0
2013-09-02,362.0,364.0,359.51,362.09,292100.0
2013-09-03,363.6,372.53,362.55,369.33,718300.0
2013-09-04,369.33,373.71,367.57,373.09,651090.0
2013-09-05,374.0,389.5,372.46,388.77,2163560.0
2013-09-06,388.98,394.48,385.51,387.46,1390080.0
2013-09-09,388.53,392.26,383.3,386.96,1141710.0
2013-09-10,389.02,391.97,380.35,385.3,1193270.0
2013-09-11,386.23,393.93,385.0,392.7,1316950.0
2013-09-12,392.72,394.97,388.07,393.17,835880.0
2013-09-13,391.59,393.0,381.11,385.0,1071570.0
2013-09-16,385.58,394.9,385.3,391.65,2605600.0
2013-09-17,390.38,393.59,389.13,392.13,698800.0
2013-09-18,393.93,394.85,386.99,387.97,1215020.0
2013-09-19,393.63,397.99,383.8,386.03,2181410.0
2013-09-20,386.03,389.47,379.05,379.5,971080.0
2013-09-23,379.0,380.0,372.99,373.1,1202550.0
2013-09-24,373.06,378.9,372.54,377.83,1031330.0
2013-09-25,377.97,382.5,375.04,379.81,610590.0
2013-09-26,382.47,387.69,381.11,386.0,1074290.0
2013-09-27,387.0,387.26,380.26,382.92,552330.0
2013-09-30,381.2,387.0,381.0,386.01,714470.0
2013-10-01,385.14,388.35,381.51,382.56,472890.0
2013-10-02,383.76,385.66,372.96,373.2,1122370.0
2013-10-03,375.67,378.92,372.16,376.0,637710.0
2013-10-04,375.67,379.99,373.07,379.75,416720.0
2013-10-07,378.94,390.0,375.92,387.5,1009580.0
2013-10-08,387.5,394.0,387.32,393.8,1360550.0
2013-10-09,392.31,394.8,389.01,391.89,1259450.0
2013-10-10,393.06,410.68,393.06,407.89,2222610.0
2013-10-11,408.2,409.79,402.66,406.1,1157540.0
2013-10-14,405.3,405.3,399.51,399.8,1005070.0
2013-10-15,401.99,406.09,399.48,400.1,1591330.0
2013-10-16,399.33,403.84,397.96,401.48,1777500.0
2013-10-17,403.29,403.99,393.04,395.97,1323340.0
2013-10-18,400.0,409.49,395.57,406.63,1996070.0
2013-10-21,406.8,413.72,406.8,409.39,742670.0
2013-10-22,409.5,410.98,406.9,407.25,693690.0
2013-10-23,406.93,411.23,402.55,405.0,1150380.0
2013-10-24,405.4,407.87,402.57,407.05,1304150.0
2013-10-25,407.05,415.81,403.51,413.6,1833840.0
2013-10-28,414.6,419.5,414.6,415.87,1245650.0
2013-10-29,415.38,417.39,414.13,415.94,1184410.0
2013-10-30,416.16,417.47,411.16,413.0,1400950.0
2013-10-31,410.16,415.89,408.2,410.95,782290.0
2013-11-01,412.25,418.0,411.57,416.9,2029180.0
2013-11-05,417.94,418.57,413.11,414.03,706150.0
2013-11-06,415.2,419.31,411.76,411.99,1858380.0
2013-11-07,411.76,416.28,408.53,413.33,1454870.0
2013-11-08,409.63,410.34,402.32,404.05,1470040.0
2013-11-11,405.32,409.47,402.7,408.14,730030.0
2013-11-12,407.99,418.0,407.0,416.0,2037070.0
2013-11-13,414.0,414.9,410.61,410.61,1854330.0
2013-11-14,412.58,419.0,410.01,416.0,1256190.0
2013-11-15,418.44,422.54,412.51,412.63,1375070.0
2013-11-18,414.3,417.47,410.06,410.2,1216750.0
2013-11-19,410.27,412.97,402.75,406.96,1728060.0
2013-11-20,406.48,410.54,395.45,408.0,2762190.0
2013-11-21,405.75,411.45,404.99,408.43,1060150.0
2013-11-22,410.27,411.3,402.0,402.02,2444690.0
2013-11-25,397.01,406.0,397.01,402.0,2672900.0
2013-11-26,402.17,404.84,397.38,401.23,1396610.0
2013-11-27,400.8,404.9,395.57,395.57,1191250.0
2013-11-28,396.8,401.26,396.41,399.49,710800.0
2013-11-29,399.47,401.9,394.13,398.98,1126020.0
2013-12-02,398.47,401.75,396.93,397.74,1166960.0
2013-12-03,396.96,398.01,390.0,391.73,1753410.0
2013-12-04,393.0,397.47,390.0,390.0,1296770.0
2013-12-05,391.3,395.7,387.82,388.63,1746970.0
2013-12-06,389.34,400.44,385.4,399.47,1505510.0
2013-12-09,400.4,415.01,397.34,414.01,2742610.0
2013-12-10,414.01,415.45,409.12,410.75,2056600.0
2013-12-11,409.73,413.0,404.04,405.09,1400830.0
2013-12-12,400.45,403.0,397.0,400.98,1661340.0
2013-12-13,402.24,406.25,399.56,400.6,1491430.0
2013-12-16,400.14,403.85,398.83,401.99,1742220.0
2013-12-17,402.78,404.78,398.72,401.0,1452720.0
2013-12-18,401.07,404.33,400.76,402.0,1847700.0
2013-12-19,403.8,411.3,400.0,401.0,2420290.0
2013-12-20,402.49,403.22,398.0,399.3,1270700.0
2013-12-23,401.0,404.97,400.17,404.0,1272140.0
2013-12-24,404.97,408.2,404.01,405.97,749360.0
2013-12-25,405.52,408.54,401.89,402.5,509180.0
2013-12-26,402.68,404.5,401.62,404.3,524140.0
2013-12-27,404.47,404.87,396.79,399.0,618340.0
2013-12-30,399.48,404.9,398.18,399.01,752070.0
2014-01-06,398.01,398.51,393.1,393.11,1680920.0
2014-01-08,394.55,395.48,388.13,389.79,822750.0
2014-01-09,389.47,390.0,383.57,385.7,1313490.0
2014-01-10,385.56,388.0,379.75,387.35,1592830.0
2014-01-13,387.5,397.97,385.37,396.8,1540830.0
2014-01-14,394.55,399.93,388.07,399.0,1488250.0
2014-01-15,399.46,400.41,392.05,400.4,1773980.0
2014-01-16,400.4,401.25,393.06,394.1,1744840.0
2014-01-17,394.1,400.99,390.03,400.2,1095470.0
2014-01-20,398.16,405.75,397.28,405.12,1092010.0
2014-01-21,406.89,408.86,405.73,405.8,1171850.0
2014-01-22,405.98,405.98,401.62,405.1,800400.0
2014-01-23,404.87,418.79,404.75,416.0,2374890.0
2014-01-24,412.64,416.6,406.58,408.68,2151090.0
2014-01-27,405.29,411.26,403.01,406.0,1380650.0
2014-01-28,406.85,406.99,391.05,391.3,1897120.0
2014-01-29,394.59,399.89,387.19,389.98,2861940.0
2014-01-30,390.84,393.4,386.18,390.98,1481340.0
2014-01-31,392.0,397.23,390.17,393.45,1400390.0
2014-02-03,394.47,397.81,388.51,388.51,1273940.0
2014-02-04,386.22,388.48,383.31,386.7,1489700.0
2014-02-05,387.01,396.79,385.7,395.52,1454570.0
2014-02-06,395.8,400.47,393.0,400.47,1129270.0
2014-02-07,401.9,408.0,400.24,407.84,1429210.0
2014-02-10,407.83,409.6,403.77,403.81,839280.0
2014-02-11,404.73,410.0,402.2,409.65,1516810.0
2014-02-12,410.5,416.4,410.5,415.25,1763800.0
2014-02-13,413.84,415.0,407.73,410.27,1763590.0
2014-02-14,411.78,418.0,410.71,417.43,1638760.0
2014-02-17,417.19,419.45,412.14,416.13,1046290.0
2014-02-18,416.39,418.74,411.01,413.27,847640.0
2014-02-19,413.68,416.0,410.57,413.0,1689740.0
2014-02-20,411.06,414.61,408.11,409.0,1309950.0
2014-02-21,410.15,412.49,407.0,407.5,765270.0
2014-02-24,407.12,411.0,404.6,411.0,955490.0
2014-02-25,412.0,418.2,408.01,417.02,1275540.0
2014-02-26,418.2,420.7,415.1,420.0,1178150.0
2014-02-27,420.19,427.52,410.0,414.81,3345980.0
2014-02-28,416.03,419.76,406.24,411.09,2399460.0
2014-03-03,401.0,402.42,340.86,346.69,6258020.0
2014-03-04,351.82,382.48,351.82,377.93,5745170.0
2014-03-05,381.0,381.99,367.72,377.23,2462630.0
2014-03-06,377.27,385.99,354.65,369.89,3900980.0
2014-03-07,370.5,373.4,360.23,361.16,2349830.0
2014-03-11,359.72,359.99,348.0,351.53,2182750.0
2014-03-12,348.0,351.5,341.12,343.21,2363740.0
2014-03-13,344.23,347.61,330.25,332.91,3389440.0
2014-03-14,326.78,326.87,307.51,310.5,7114900.0
2014-03-17,312.5,331.58,308.56,328.56,6776110.0
2014-03-18,333.56,365.65,330.26,360.81,4602800.0
2014-03-19,359.87,368.9,346.97,356.78,3410980.0
2014-03-20,351.34,362.99,350.11,359.0,2857100.0
2014-03-21,344.77,345.0,312.3,328.0,16559730.0
2014-03-24,331.03,344.76,327.02,330.26,6604150.0
2014-03-25,331.91,344.96,325.01,340.17,3781120.0
2014-03-26,343.08,355.79,342.95,354.0,3581950.0
2014-03-27,349.33,358.47,339.0,341.37,2670200.0
2014-03-28,342.33,351.89,340.02,342.75,2150940.0
2014-03-31,344.25,352.22,342.56,351.0,2250320.0
2014-04-01,353.02,356.3,345.5,353.0,2635260.0
2014-04-02,353.95,355.0,344.01,348.89,1671090.0
2014-04-03,349.72,350.99,344.0,347.0,1643770.0
2014-04-04,347.42,351.89,344.14,350.56,1671700.0
2014-04-07,345.29,345.29,333.5,337.0,3196540.0
2014-04-08,337.4,340.9,333.0,340.39,1871280.0
2014-04-09,341.0,344.0,335.8,342.64,1701140.0
2014-04-10,344.1,348.5,342.13,345.0,1993890.0
2014-04-11,341.0,346.9,335.13,346.0,1604270.0
2014-04-14,343.25,344.01,337.0,339.5,1503530.0
2014-04-15,338.88,340.63,333.0,333.15,2070000.0
2014-04-16,334.47,339.55,330.13,339.55,1628310.0
2014-04-17,340.01,342.93,334.61,340.0,1316920.0
2014-04-18,344.39,351.85,344.01,350.0,2033410.0
2014-04-21,350.4,354.0,346.62,347.01,1094330.0
2014-04-22,346.59,348.3,341.39,343.95,1531400.0
2014-04-23,345.87,345.87,340.1,341.0,1798970.0
2014-04-24,343.35,343.96,325.37,326.99,3178940.0
2014-04-25,327.69,333.85,320.02,333.0,2324480.0
2014-04-28,329.0,338.0,327.26,338.0,1554690.0
2014-04-29,340.2,345.0,339.12,342.74,1912470.0
2014-04-30,342.73,343.77,336.36,341.4,1121460.0
2014-05-02,342.07,344.95,340.42,341.54,434380.0
2014-05-05,340.86,341.61,335.06,338.5,643880.0
2014-05-06,339.38,348.0,338.89,346.94,1328670.0
2014-05-07,345.94,373.48,345.13,369.99,2502030.0
2014-05-08,370.0,373.22,359.28,365.0,4539160.0
2014-05-12,364.99,370.51,360.52,368.5,1366440.0
2014-05-13,370.37,374.33,364.3,366.25,1394530.0
2014-05-14,366.16,368.36,360.11,364.2,1330320.0
2014-05-15,364.1,369.89,360.2,361.2,1136410.0
2014-05-16,360.69,365.5,360.68,365.5,907300.0
2014-05-19,365.61,374.63,365.6,371.8,1754920.0
2014-05-20,373.06,381.43,373.05,376.11,3517850.0
2014-05-21,377.9,391.0,372.67,389.0,3555920.0
2014-05-22,390.06,392.98,381.6,387.71,1440680.0
2014-05-23,389.03,389.95,382.18,386.5,1226150.0
2014-05-26,386.57,391.5,386.57,388.54,907510.0
2014-05-27,389.63,389.67,369.0,372.99,2205990.0
2014-05-28,373.0,382.3,368.0,378.09,1753450.0
2014-05-29,378.9,386.62,377.91,381.57,1159140.0
2014-05-30,382.25,386.0,370.0,370.0,1256490.0
2014-06-02,374.9,388.67,374.68,386.8,1826490.0
2014-06-03,383.4,388.11,380.1,387.79,1274710.0
2014-06-04,387.27,389.75,382.0,382.15,1611480.0
2014-06-05,382.96,396.2,382.01,392.56,2589030.0
2014-06-06,393.97,405.43,393.0,403.17,2812110.0
2014-06-09,405.0,408.69,403.51,405.93,1727890.0
2014-06-10,405.62,406.49,398.17,401.37,1494130.0
2014-06-11,402.22,404.79,399.54,400.7,1339560.0
2014-06-16,401.88,409.0,394.4,407.99,6064600.0
2014-06-17,407.95,410.75,404.0,408.34,1921680.0
2014-06-18,408.8,416.2,407.2,414.5,3510310.0
2014-06-19,417.06,419.9,415.32,416.95,1539940.0
2014-06-20,416.0,435.0,414.81,419.63,13203530.0
2014-06-23,420.02,424.84,420.02,421.43,1594180.0
2014-06-24,422.15,427.69,422.0,427.45,2452860.0
2014-06-25,426.09,426.78,413.75,417.5,3508510.0
2014-06-26,419.6,420.41,412.18,415.28,1114330.0
2014-06-27,414.94,419.5,412.76,418.0,941550.0
2014-06-30,417.0,420.99,415.0,420.0,2027870.0
2014-07-01,418.25,419.4,411.56,413.4,1619490.0
2014-07-02,413.88,418.2,413.56,417.11,1848280.0
2014-07-03,418.5,419.95,410.71,413.14,1193650.0
2014-07-04,413.02,416.25,404.11,408.9,1249960.0
2014-07-07,408.07,414.93,406.33,413.0,834840.0
2014-07-08,413.0,416.74,412.0,412.0,1255020.0
2014-07-09,411.01,415.21,400.73,410.3,1089770.0
2014-07-10,412.52,415.8,399.77,400.23,1976600.0
2014-07-11,402.0,404.63,397.38,400.0,1009940.0
2014-07-14,402.0,403.56,390.72,393.0,1198040.0
2014-07-15,394.5,403.58,390.37,401.0,1776740.0
2014-07-16,401.0,404.0,396.43,400.1,1430190.0
2014-07-17,392.2,392.99,364.0,378.0,9297500.0
2014-07-18,370.39,379.77,367.01,374.1,2741050.0
2014-07-21,375.83,376.0,364.8,364.87,1380000.0
2014-07-22,368.1,376.0,366.32,368.0,2338570.0
2014-07-23,370.43,373.87,364.11,365.57,1722600.0
2014-07-24,365.1,366.94,356.8,358.0,1997060.0
2014-07-25,356.5,358.97,354.1,354.15,1391040.0
2014-07-28,352.5,354.41,347.1,350.0,1212950.0
2014-07-29,348.9,362.11,348.84,355.74,1627190.0
2014-07-30,355.75,372.31,355.75,365.03,2400230.0
2014-07-31,367.51,374.5,365.5,365.5,1809260.0
2014-08-01,364.96,367.9,360.11,363.5,1163110.0
2014-08-04,363.99,369.92,363.72,366.6,859560.0
2014-08-05,368.12,369.0,353.35,355.35,1902390.0
2014-08-06,354.02,359.59,351.0,351.15,1497970.0
2014-08-07,352.01,364.0,347.03,357.2,1750310.0
2014-08-08,355.9,366.3,351.79,363.2,1472950.0
2014-08-11,367.4,371.5,367.22,370.54,1208620.0
2014-08-12,369.72,374.39,363.88,373.45,1139100.0
2014-08-13,373.49,380.67,370.23,375.4,1224190.0
2014-08-14,376.22,385.96,372.6,384.56,1319250.0
2014-08-15,383.66,392.2,382.0,391.0,1354150.0
2014-08-18,391.7,392.5,387.12,392.0,626860.0
2014-08-19,392.81,397.0,390.33,391.0,971620.0
2014-08-20,391.92,393.27,383.2,391.99,806060.0
2014-08-21,391.26,403.2,391.0,398.21,1049510.0
2014-08-22,400.85,402.29,388.77,389.51,1399050.0
2014-08-25,388.5,392.98,387.0,391.62,384580.0
2014-08-26,391.2,396.2,384.5,384.5,922130.0
2014-08-27,387.2,391.2,381.55,383.0,747130.0
2014-08-28,383.6,383.6,370.0,375.05,2047530.0
2014-08-29,375.0,381.78,368.0,368.0,1252510.0
2014-09-01,371.39,376.29,364.5,367.38,2605850.0
2014-09-02,368.03,375.3,367.0,373.8,899980.0
2014-09-03,374.0,401.37,373.96,398.0,3469000.0
2014-09-04,399.18,400.98,392.03,396.51,1118140.0
2014-09-05,396.13,407.7,393.29,405.17,1411430.0
2014-09-08,404.83,408.25,397.72,402.1,989440.0
2014-09-09,403.0,407.0,399.2,400.25,1058710.0
2014-09-10,398.7,403.85,394.41,403.5,818840.0
2014-09-11,404.0,407.15,392.0,392.5,1364890.0
2014-09-12,392.01,405.43,390.73,400.55,1589440.0
2014-09-15,399.99,404.93,395.1,401.5,2320330.0
2014-09-16,401.0,413.9,400.4,413.0,1878260.0
2014-09-17,412.85,415.0,400.11,401.69,1507360.0
2014-09-18,404.0,405.0,396.0,396.8,1192220.0
2014-09-19,398.2,400.84,391.3,395.0,2239450.0
2014-09-22,395.01,400.0,390.12,393.59,817120.0
2014-09-23,394.34,403.01,392.51,403.01,1713980.0
2014-09-24,403.0,405.5,401.01,404.48,1037870.0
2014-09-25,404.71,412.15,403.53,408.0,1765630.0
2014-09-26,406.0,414.0,405.0,409.0,1368890.0
2014-09-29,414.86,416.0,402.46,403.42,1694270.0
2014-09-30,404.95,412.0,400.02,408.77,1678690.0
2014-10-01,408.77,412.0,403.4,404.43,787050.0
2014-10-02,402.23,404.64,392.6,398.49,1488100.0
2014-10-03,398.0,406.48,398.0,401.49,880340.0
2014-10-06,404.0,411.95,403.15,408.54,1236180.0
2014-10-07,409.34,411.92,401.9,408.25,1598040.0
2014-10-08,406.2,410.2,400.5,404.75,1092670.0
2014-10-09,408.19,413.89,406.21,406.69,1193020.0
2014-10-10,404.75,406.0,397.17,400.0,1112480.0
2014-10-13,399.01,413.03,398.03,409.0,1564350.0
2014-10-14,409.29,418.95,408.18,418.95,1464720.0
2014-10-15,417.25,419.9,410.0,412.5,1041670.0
2014-10-16,414.0,422.48,406.5,411.51,2228320.0
2014-10-17,416.28,423.7,416.0,419.64,2319860.0
2014-10-20,422.0,424.35,413.0,416.0,1134980.0
2014-10-21,414.99,414.99,405.61,407.97,2081340.0
2014-10-22,408.65,410.8,404.21,404.5,1529590.0
2014-10-23,404.5,412.0,402.02,411.91,2749880.0
2014-10-24,408.0,412.16,404.93,411.47,989980.0
2014-10-27,413.01,422.74,411.0,419.9,1497070.0
2014-10-28,419.6,432.0,417.5,418.0,1963680.0
2014-10-29,420.0,431.69,414.14,427.97,2115320.0
2014-10-30,427.59,435.0,420.35,430.5,1999640.0
2014-10-31,434.1,443.39,430.78,442.05,1738870.0
2014-11-03,440.06,444.39,436.13,439.73,589250.0
2014-11-05,437.87,440.0,431.21,439.95,1557810.0
2014-11-06,437.3,442.93,421.18,426.12,2245470.0
2014-11-07,426.59,435.29,422.2,429.56,3392460.0
2014-11-10,431.0,448.15,431.0,445.1,2182090.0
2014-11-11,446.52,458.2,445.26,455.36,1949390.0
2014-11-12,456.25,458.12,448.7,451.25,1378650.0
2014-11-13,450.8,455.0,441.01,442.0,1020390.0
2014-11-14,440.21,461.74,438.3,455.01,2513520.0
2014-11-17,455.4,464.6,453.0,458.99,1452020.0
2014-11-18,461.55,468.37,457.06,462.02,1734310.0
2014-11-19,462.02,465.04,456.02,456.1,1139370.0
2014-11-20,457.25,467.48,455.01,459.49,899580.0
2014-11-21,462.0,463.0,452.52,458.01,1236990.0
2014-11-24,458.99,458.99,446.33,450.51,1153980.0
2014-11-25,450.0,450.79,444.03,449.98,842200.0
2014-11-26,448.0,449.23,442.55,446.76,1239730.0
2014-11-27,445.99,459.91,443.41,458.28,1558030.0
2014-11-28,455.52,465.62,453.62,460.0,1730620.0
2014-12-01,459.7,501.3,456.2,478.0,3446880.0
2014-12-02,481.0,486.6,458.1,466.9,2268520.0
2014-12-03,469.0,482.9,464.4,474.9,2265580.0
2014-12-04,476.0,480.2,460.1,465.0,2700010.0
2014-12-05,465.0,466.0,438.0,440.2,2784220.0
2014-12-08,443.0,447.0,414.8,414.8,2770950.0
2014-12-09,414.5,429.9,405.5,420.6,2390330.0
2014-12-10,423.0,443.8,423.0,428.0,2055970.0
2014-12-11,428.7,450.8,416.8,424.7,2810540.0
2014-12-12,422.0,441.3,410.1,431.0,2393470.0
2014-12-15,436.9,455.8,421.0,438.0,3915160.0
2014-12-16,431.0,505.0,398.5,460.0,4887380.0
2014-12-17,470.0,497.0,433.1,454.9,3774780.0
2014-12-18,462.0,496.0,455.0,476.0,2971360.0
2014-12-19,481.8,485.0,441.1,445.0,1376020.0
2014-12-22,450.7,459.7,435.0,438.5,1550430.0
2014-12-23,440.0,443.6,412.8,420.6,1695420.0
2014-12-24,422.5,435.0,415.0,418.5,820010.0
2014-12-25,417.0,420.0,408.0,413.0,544200.0
2014-12-26,413.5,427.3,413.3,417.0,763880.0
2014-12-29,419.0,459.9,411.6,451.5,1746450.0
2014-12-30,450.5,453.3,421.0,434.6,1139890.0
2015-01-05,430.6,457.5,430.5,455.5,770910.0
2015-01-06,452.0,477.5,452.0,476.7,706140.0
2015-01-08,478.8,492.8,475.1,483.0,986780.0
2015-01-09,484.6,486.9,455.4,475.1,1534450.0
2015-01-12,474.1,486.9,467.7,470.7,826410.0
2015-01-13,472.4,492.0,467.9,489.4,699440.0
2015-01-14,489.8,498.0,484.0,497.9,961330.0
2015-01-15,501.0,505.5,482.0,483.2,1137510.0
2015-01-16,483.9,493.3,476.0,490.0,724070.0
2015-01-19,489.5,504.9,482.5,487.0,1271980.0
2015-01-20,488.3,492.8,470.6,475.0,1173310.0
2015-01-21,477.0,492.7,476.0,490.4,1154990.0
2015-01-22,491.5,523.7,490.4,523.7,1717010.0
2015-01-23,525.0,535.9,510.2,512.0,1581410.0
2015-01-26,512.0,512.0,495.0,504.0,1034460.0
2015-01-27,497.3,518.0,495.5,505.5,865930.0
2015-01-28,509.0,523.7,488.0,488.0,1438190.0
2015-01-29,487.9,495.6,479.5,480.4,1384730.0
2015-01-30,483.2,489.9,460.0,460.0,1238970.0
2015-02-02,469.4,484.1,462.2,472.0,1686370.0
2015-02-03,476.2,489.8,475.0,482.3,1177060.0
2015-02-04,487.0,489.7,477.0,478.5,1349520.0
2015-02-05,478.0,500.6,475.1,500.2,2017650.0
2015-02-06,502.2,524.0,500.2,522.2,2405490.0
2015-02-09,521.0,555.0,514.8,527.5,3409140.0
2015-02-10,524.8,540.3,509.6,520.0,1230700.0
2015-02-11,530.0,539.5,527.3,530.9,1210780.0
2015-02-12,534.5,550.0,515.0,539.5,2605430.0
2015-02-13,544.9,554.2,539.9,543.8,1102310.0
2015-02-16,545.9,547.9,520.0,524.6,1096270.0
2015-02-17,523.6,542.2,515.5,522.7,1596390.0
2015-02-18,527.5,540.0,525.3,527.5,1104300.0
2015-02-19,528.6,534.1,509.4,529.2,1042920.0
2015-02-20,531.9,535.0,515.0,518.1,848340.0
2015-02-24,507.0,524.0,505.2,518.3,1470490.0
2015-02-25,518.9,519.8,501.9,506.7,1470840.0
2015-02-26,509.9,512.7,497.5,499.3,1056380.0
2015-02-27,501.0,505.4,493.0,503.7,1100030.0
2015-03-02,505.0,516.5,505.0,512.2,611730.0
2015-03-03,512.9,532.0,509.3,522.0,1321040.0
2015-03-04,522.5,526.0,509.2,512.7,915410.0
2015-03-05,512.9,525.0,505.7,512.4,1120360.0
2015-03-06,512.1,517.0,497.1,498.7,887950.0
2015-03-10,494.9,499.9,481.1,485.0,1352180.0
2015-03-11,484.5,494.0,476.5,482.0,1061760.0
2015-03-12,485.5,485.9,470.0,471.8,1024890.0
2015-03-13,471.1,474.9,460.0,461.7,1656270.0
2015-03-16,461.7,472.7,461.7,466.0,1333290.0
2015-03-17,467.3,470.6,456.5,460.0,1093060.0
2015-03-18,463.0,466.7,456.2,464.0,760050.0
2015-03-19,468.1,471.4,447.0,447.0,1968290.0
2015-03-20,448.1,456.7,445.0,453.0,1543560.0
2015-03-23,455.0,455.0,430.6,434.8,1172440.0
2015-03-24,433.8,436.0,427.0,429.4,1827790.0
2015-03-25,430.6,432.7,423.1,430.3,1225100.0
2015-03-26,432.4,435.9,410.8,418.0,2476350.0
2015-03-27,416.1,420.2,411.5,416.5,702970.0
2015-03-30,417.7,435.0,417.5,432.0,1104830.0
2015-03-31,432.5,434.9,422.4,432.0,1078140.0
2015-04-01,430.0,452.7,426.2,450.3,1749100.0
2015-04-02,451.3,470.2,450.8,467.2,2012920.0
2015-04-03,468.5,479.8,468.1,476.4,1103990.0
2015-04-06,478.0,483.0,475.8,478.0,1149030.0
2015-04-07,477.1,480.2,466.0,474.4,1704800.0
2015-04-08,473.5,476.2,465.0,470.6,1378840.0
2015-04-09,468.0,469.8,459.2,465.5,1529650.0
2015-04-10,466.4,466.4,451.3,463.6,2101310.0
2015-04-13,465.2,481.2,462.0,477.2,1446660.0
2015-04-14,477.1,479.0,461.6,462.9,1162840.0
2015-04-15,464.0,481.9,463.2,480.7,1623630.0
2015-04-16,482.8,494.8,477.3,493.0,2309840.0
2015-04-17,493.3,504.8,491.6,504.8,2409450.0
2015-04-20,504.8,509.6,498.0,507.0,1775910.0
2015-04-21,508.3,525.0,507.1,523.3,2332690.0
2015-04-22,523.3,531.9,504.0,505.1,1436030.0
2015-04-23,505.4,507.1,483.6,499.6,1966940.0
2015-04-24,497.1,506.1,489.2,498.9,1239620.0
2015-04-27,498.6,504.0,493.3,496.4,750590.0
2015-04-28,495.0,500.5,488.5,495.4,873150.0
2015-04-29,495.1,502.5,487.6,499.0,1074680.0
2015-04-30,494.8,499.8,490.8,494.0,1126250.0
2015-05-05,499.1,510.5,491.7,501.0,1392560.0
2015-05-06,501.5,501.5,488.9,490.6,1170090.0
2015-05-07,490.6,492.3,477.0,490.0,982560.0
2015-05-08,489.3,506.0,489.0,502.7,1011640.0
2015-05-12,504.2,507.5,498.9,502.7,1006930.0
2015-05-13,502.0,504.7,495.2,501.4,936230.0
2015-05-14,499.2,504.7,494.5,500.9,457900.0
2015-05-15,503.6,505.9,500.0,504.1,530560.0
2015-05-18,504.3,511.5,501.5,502.0,749550.0
2015-05-19,503.8,510.5,489.5,495.5,1029660.0
2015-05-20,495.9,499.8,488.7,494.7,513790.0
2015-05-21,493.0,508.6,492.6,508.6,1200050.0
2015-05-22,508.7,517.1,506.3,512.4,1162540.0
2015-05-25,512.9,513.6,500.1,506.8,631870.0
2015-05-26,507.0,520.0,506.8,515.7,1187650.0
2015-05-27,517.6,524.7,508.0,524.4,1787590.0
2015-05-28,522.6,537.0,521.4,528.5,1139830.0
2015-05-29,528.6,539.3,522.5,522.5,1676800.0
2015-06-01,521.0,536.6,520.7,525.1,1007420.0
2015-06-02,525.7,539.0,524.5,536.3,861420.0
2015-06-03,537.9,544.3,530.1,539.4,1361130.0
2015-06-04,541.0,546.4,535.1,538.2,1224700.0
2015-06-05,539.6,547.4,533.0,541.9,780060.0
2015-06-08,542.9,549.9,537.3,541.2,977570.0
2015-06-09,541.5,548.8,538.2,547.3,502920.0
2015-06-10,550.5,550.5,539.0,543.9,832680.0
2015-06-11,543.0,545.0,535.3,543.5,503360.0
2015-06-15,543.9,553.2,538.0,550.9,1382210.0
2015-06-16,550.1,553.9,545.3,546.9,771270.0
2015-06-17,546.6,549.8,539.2,545.0,1124270.0
2015-06-18,545.1,546.8,537.1,540.0,964440.0
2015-06-19,541.9,547.1,537.0,547.1,807400.0
2015-06-22,544.0,548.4,542.5,546.4,681210.0
2015-06-23,547.3,548.0,540.4,544.5,495090.0
2015-06-24,545.1,548.0,537.3,541.7,1028470.0
2015-06-25,541.2,541.3,530.7,531.1,759520.0
2015-06-26,531.8,548.5,530.2,546.5,996150.0
2015-06-29,544.7,550.5,542.2,549.9,654150.0
2015-06-30,549.9,565.7,546.3,557.7,1661250.0
2015-07-01,558.0,568.5,557.0,560.6,1157870.0
2015-07-02,561.1,562.8,549.0,550.0,1317740.0
2015-07-03,549.3,551.8,543.5,551.0,820260.0
2015-07-06,547.5,557.6,546.5,557.6,576980.0
2015-07-07,555.8,564.4,550.2,559.4,1032410.0
2015-07-08,556.0,562.2,545.0,561.2,1128730.0
2015-07-09,562.9,566.5,557.8,564.7,833700.0
2015-07-10,562.8,566.0,561.1,565.5,799470.0
2015-07-13,565.5,577.0,564.9,575.0,1196900.0
2015-07-14,574.0,579.2,566.6,577.7,1559390.0
2015-07-15,575.0,580.0,575.0,578.4,1211560.0
2015-07-16,576.2,584.0,575.0,577.7,1025320.0
2015-07-17,578.8,582.2,572.5,574.7,732490.0
2015-07-20,576.0,577.1,567.3,570.0,855920.0
2015-07-21,570.0,573.6,563.5,564.2,870630.0
2015-07-22,564.0,569.5,560.0,569.5,975020.0
2015-07-23,569.5,570.5,561.3,566.7,659350.0
2015-07-24,564.2,572.2,557.7,559.5,1145750.0
2015-07-27,559.6,568.5,556.2,567.5,1094210.0
2015-07-28,564.5,583.4,564.5,577.0,1115470.0
2015-07-29,579.6,585.6,568.7,578.2,1585070.0
2015-07-30,578.4,581.0,569.9,575.0,908670.0
2015-07-31,572.5,591.0,572.1,591.0,1303080.0
2015-08-03,589.1,595.6,586.2,587.9,922780.0
2015-08-04,588.3,599.4,588.3,597.9,798330.0
2015-08-05,596.9,600.0,586.5,589.3,1103850.0
2015-08-06,587.4,599.0,586.0,593.3,1354950.0
2015-08-07,594.0,600.5,593.0,598.0,649170.0
2015-08-10,597.3,600.0,588.6,597.4,858130.0
2015-08-11,597.4,601.5,590.3,592.5,1207230.0
2015-08-12,593.1,597.5,590.5,597.5,536330.0
2015-08-13,596.1,599.6,584.5,593.8,1045650.0
2015-08-14,592.0,599.0,590.4,590.7,1000690.0
2015-08-17,592.2,592.2,576.0,584.4,766530.0
2015-08-18,581.0,584.0,572.6,584.0,606020.0
2015-08-19,582.0,588.4,567.6,571.7,940090.0
2015-08-20,571.7,588.0,571.6,586.0,899420.0
2015-08-21,582.1,585.4,562.3,564.0,1084400.0
2015-08-24,557.0,571.0,541.1,567.2,2103060.0
2015-08-25,567.0,576.9,556.3,560.3,1217910.0
2015-08-26,562.0,585.4,552.7,581.2,1188770.0
2015-08-27,585.9,604.9,582.0,599.5,1203490.0
2015-08-28,599.9,618.7,596.9,613.9,1373580.0
2015-08-31,612.9,633.0,606.1,633.0,924290.0
2015-09-01,626.6,627.6,608.1,610.0,1332050.0
2015-09-02,612.0,615.7,605.0,606.0,1422180.0
2015-09-03,610.0,610.0,598.4,602.2,1115080.0
2015-09-04,601.1,606.5,597.7,606.0,827050.0
2015-09-07,605.2,613.8,603.3,611.1,540320.0
2015-09-08,613.2,630.9,612.1,619.0,1233500.0
2015-09-09,623.9,630.0,620.1,621.0,691800.0
2015-09-10,619.0,627.6,613.2,624.3,608380.0
2015-09-11,626.6,634.0,623.4,630.0,669750.0
2015-09-14,631.9,646.3,630.1,634.1,886390.0
2015-09-15,634.1,637.9,625.2,628.1,960500.0
2015-09-16,630.6,632.7,624.0,628.6,1342220.0
2015-09-17,629.7,637.9,622.5,632.0,701060.0
2015-09-18,633.0,641.1,616.5,631.8,1008480.0
2015-09-21,627.8,629.7,617.3,617.3,914840.0
2015-09-22,618.7,621.9,601.5,604.0,860520.0
2015-09-23,604.1,618.3,601.0,612.5,1101200.0
2015-09-24,612.1,613.1,594.4,598.0,1138570.0
2015-09-25,602.9,615.0,590.0,593.0,1114520.0
2015-09-28,595.7,595.9,577.2,577.3,623870.0
2015-09-29,579.2,592.6,572.8,586.2,693400.0
2015-09-30,588.6,604.9,586.2,597.0,1492760.0
2015-10-01,598.8,603.7,581.7,587.8,579680.0
2015-10-02,585.3,590.4,580.1,588.1,595090.0
2015-10-05,588.0,611.9,586.7,608.0,1143970.0
2015-10-06,606.6,625.0,606.6,618.1,825650.0
2015-10-07,618.0,618.0,603.6,604.0,959280.0
2015-10-08,604.0,606.6,592.5,605.6,1299590.0
2015-10-09,608.4,608.5,595.4,606.0,1242510.0
2015-10-12,606.1,606.1,591.2,599.4,1089790.0
2015-10-13,596.2,604.0,589.7,600.9,555260.0
2015-10-14,597.2,605.3,593.0,601.1,689390.0
2015-10-15,602.8,607.8,601.7,604.9,1123910.0
2015-10-16,606.0,607.1,594.0,599.4,817170.0
2015-10-19,597.2,599.0,589.6,598.8,732890.0
2015-10-20,599.0,600.8,583.4,589.5,934500.0
2015-10-21,590.0,594.1,582.6,594.1,879800.0
2015-10-22,593.4,599.7,590.8,596.6,492660.0
2015-10-23,598.8,609.0,596.9,601.1,784880.0
2015-10-26,603.3,607.0,591.6,599.7,1066600.0
2015-10-27,598.5,614.9,590.4,613.9,541690.0
2015-10-28,614.0,617.0,598.4,601.3,915130.0
2015-10-29,601.4,602.9,584.6,586.5,951000.0
2015-10-30,585.6,589.5,579.6,584.3,603230.0
2015-11-02,581.8,588.8,574.1,587.7,830670.0
2015-11-03,588.0,598.4,587.5,591.1,866640.0
2015-11-05,595.0,606.4,594.0,598.0,733840.0
2015-11-06,597.2,605.8,594.4,598.1,778540.0
2015-11-09,598.1,614.9,597.9,606.1,819280.0
2015-11-10,607.0,618.4,596.6,616.0,862290.0
2015-11-11,616.7,616.7,593.3,596.1,777750.0
2015-11-12,594.2,604.0,588.6,591.0,697720.0
2015-11-13,591.9,596.7,585.0,593.2,1018560.0
2015-11-16,594.9,611.5,592.0,606.1,860190.0
2015-11-17,611.0,628.3,609.0,624.5,1599740.0
2015-11-18,624.6,638.7,622.0,631.2,904940.0
2015-11-19,637.9,639.8,620.0,620.2,1219030.0
2015-11-20,621.9,628.9,607.0,627.3,973030.0
2015-11-23,627.6,641.1,617.4,635.0,842870.0
2015-11-24,635.0,635.8,607.0,612.1,1671310.0
2015-11-25,615.6,631.6,615.6,629.5,1012400.0
2015-11-26,629.9,637.6,622.1,627.2,694110.0
2015-11-27,627.0,630.6,620.4,626.4,1156280.0
2015-11-30,623.1,630.0,615.8,621.0,998920.0
2015-12-01,623.8,628.6,605.1,607.6,767010.0
2015-12-02,607.7,622.8,597.6,601.0,629740.0
2015-12-03,596.1,612.5,594.8,608.2,775730.0
2015-12-04,608.0,613.7,573.4,584.3,1686600.0
2015-12-07,586.5,593.2,573.4,580.8,1227530.0
2015-12-08,581.0,584.7,570.0,570.0,1291530.0
2015-12-09,574.2,593.5,572.0,589.1,1413440.0
2015-12-10,590.3,599.5,580.1,582.2,1328690.0
2015-12-11,582.0,582.8,574.0,580.9,723450.0
2015-12-14,574.3,583.6,565.5,570.0,1371680.0
2015-12-15,571.0,592.2,568.0,585.0,1402870.0
2015-12-16,588.0,594.5,584.9,588.0,727200.0
2015-12-17,589.1,606.2,580.5,604.0,1364780.0
2015-12-18,601.0,605.0,573.0,578.2,1570350.0
2015-12-21,578.2,593.5,572.3,575.8,833170.0
2015-12-22,579.1,583.1,570.5,570.6,622240.0
2015-12-23,573.0,591.0,573.0,591.0,822520.0
2015-12-24,593.2,605.0,584.4,587.7,832700.0
2015-12-25,590.0,593.4,580.0,581.8,179670.0
2015-12-28,584.0,586.2,575.0,579.2,360100.0
2015-12-29,581.9,599.5,578.0,599.5,729070.0
2015-12-30,599.5,603.8,590.0,591.0,749600.0
2016-01-04,594.1,594.1,570.3,571.0,861790.0
2016-01-05,572.4,575.7,566.8,573.6,1028660.0
2016-01-06,573.6,575.3,565.0,568.0,604330.0
2016-01-11,561.7,562.9,545.7,550.5,1151230.0
2016-01-12,548.9,568.9,537.0,567.0,1246630.0
2016-01-13,568.8,579.8,565.2,572.8,1164790.0
2016-01-14,567.8,577.0,560.7,576.1,888820.0
2016-01-15,574.1,577.0,537.9,543.7,2731520.0
2016-01-18,541.0,563.7,535.1,559.5,1051070.0
2016-01-19,565.0,584.6,555.4,561.8,1430940.0
2016-01-20,555.6,555.6,540.0,553.7,2329990.0
2016-01-21,553.0,572.1,552.9,568.1,1553900.0
2016-01-22,580.0,602.0,569.0,593.5,2525780.0
2016-01-25,597.8,600.0,581.0,595.7,1110240.0
2016-01-26,589.8,600.0,575.8,577.0,1510790.0
2016-01-27,578.9,602.7,577.6,600.0,1286160.0
2016-01-28,599.8,622.9,599.0,618.4,2393110.0
2016-01-29,620.8,639.2,615.1,639.2,1732480.0
2016-02-01,637.9,644.2,629.6,630.0,1372060.0
2016-02-02,627.7,639.3,621.0,622.1,1258050.0
2016-02-03,619.5,626.1,613.0,613.0,1170690.0
2016-02-04,630.0,642.4,620.2,636.0,1734410.0
2016-02-05,634.9,636.9,620.4,623.3,949530.0
2016-02-08,623.8,628.6,601.0,604.1,1398000.0
2016-02-09,600.0,616.0,598.6,604.9,1950240.0
2016-02-10,602.0,619.6,597.8,615.8,1626350.0
2016-02-11,612.4,612.4,594.1,597.0,2495850.0
2016-02-12,602.9,613.7,602.0,610.0,1187010.0
2016-02-15,614.9,615.9,601.0,607.2,811170.0
2016-02-16,612.5,617.8,602.3,605.2,912920.0
2016-02-17,602.9,621.8,602.9,615.7,1111360.0
2016-02-18,617.3,636.3,617.0,636.3,1145850.0
2016-02-19,632.4,633.7,618.3,629.5,1458600.0
2016-02-20,626.0,628.1,620.2,621.3,109690.0
2016-02-22,623.9,640.6,622.3,640.3,704500.0
2016-02-24,630.5,634.3,621.8,630.8,1235360.0
2016-02-25,631.8,636.7,616.3,634.3,1654210.0
2016-02-26,636.6,650.0,629.6,630.1,2050520.0
2016-02-29,628.8,646.0,622.1,646.0,1192330.0
2016-03-01,641.3,650.0,637.4,637.8,923670.0
2016-03-02,644.7,650.0,634.0,636.0,1106620.0
2016-03-03,636.5,641.8,625.9,628.9,1476960.0
2016-03-04,630.2,633.6,624.0,625.7,988220.0
2016-03-07,627.1,641.8,624.3,639.6,924590.0
2016-03-09,633.2,640.8,625.8,632.0,1070640.0
2016-03-10,632.0,641.4,628.0,634.0,689090.0
2016-03-11,635.4,639.5,622.7,624.4,1164870.0
2016-03-14,626.5,629.3,615.0,624.0,884440.0
2016-03-15,626.0,630.0,620.6,620.6,2827240.0
2016-03-16,622.4,626.3,620.5,623.8,767560.0
2016-03-17,626.5,638.5,610.3,610.5,3371450.0
2016-03-18,613.1,622.7,610.5,610.5,2667480.0
2016-03-21,612.0,613.5,605.5,612.5,1174880.0
2016-03-22,612.7,622.0,608.7,616.1,1256640.0
2016-03-23,614.0,624.3,605.2,608.5,1130640.0
2016-03-24,606.6,611.7,603.8,606.5,862150.0
2016-03-25,607.6,610.9,606.4,608.0,298650.0
2016-03-28,609.1,612.6,599.8,602.2,457260.0
2016-03-29,603.5,603.9,588.8,597.5,807080.0
2016-03-30,599.9,606.0,597.1,599.6,1053810.0
2016-03-31,598.0,604.9,591.6,598.0,1097180.0
2016-04-01,597.0,597.4,583.7,590.0,1240140.0
2016-04-04,592.2,597.0,588.2,590.0,1041440.0
2016-04-05,588.0,601.8,585.0,600.0,1573920.0
2016-04-06,603.1,605.0,595.3,601.6,1418720.0
2016-04-07,602.6,604.9,588.8,591.7,1049350.0
2016-04-08,592.7,594.5,584.4,584.4,1075760.0
2016-04-11,586.3,598.4,581.3,596.8,1991120.0
2016-04-12,598.6,606.1,596.1,599.0,1555750.0
2016-04-13,601.2,615.0,601.2,610.0,2110310.0
2016-04-14,610.9,615.5,600.0,601.7,1607450.0
2016-04-15,602.8,605.6,598.0,602.3,936900.0
2016-04-18,596.9,604.8,596.2,604.0,1362610.0
2016-04-19,604.0,610.5,598.6,604.6,1532580.0
2016-04-20,602.6,607.3,588.0,604.2,2181560.0
2016-04-21,608.0,610.0,596.0,607.7,1667220.0
2016-04-22,607.9,615.3,602.6,611.0,1297330.0
2016-04-25,611.0,619.0,607.1,607.1,1271210.0
2016-04-26,607.8,615.5,605.2,610.9,685360.0
2016-04-27,612.0,623.6,605.6,613.0,1631000.0
2016-04-28,615.4,638.3,613.6,638.1,1631330.0
2016-04-29,632.9,642.4,612.1,612.8,1557610.0
2016-05-04,608.8,632.0,606.4,623.0,1326220.0
2016-05-05,624.0,624.0,610.8,611.1,969990.0
2016-05-06,612.1,623.7,609.9,618.9,948410.0
2016-05-10,618.4,631.0,614.0,623.9,962090.0
2016-05-11,629.0,629.4,616.3,628.8,1094950.0
2016-05-12,629.1,629.2,618.0,620.3,788900.0
2016-05-13,619.1,621.2,612.3,618.4,864210.0
2016-05-16,618.7,630.0,618.0,626.4,729820.0
2016-05-17,627.9,634.7,618.9,632.3,895660.0
2016-05-18,631.0,643.8,628.0,639.2,920620.0
2016-05-19,637.0,646.0,632.2,642.6,780070.0
2016-05-20,644.5,654.9,641.2,654.5,1040460.0
2016-05-23,652.2,654.3,645.3,648.7,676690.0
2016-05-24,648.0,654.5,648.0,651.3,486860.0
2016-05-25,654.6,658.1,647.2,657.3,461060.0
2016-05-26,657.9,668.8,649.0,652.0,1020640.0
2016-05-27,651.1,661.3,646.9,659.9,799310.0
2016-05-30,659.0,673.5,658.7,671.8,381100.0
2016-05-31,669.9,671.9,651.5,659.4,915110.0
2016-06-01,652.4,659.7,648.3,659.0,785740.0
2016-06-02,657.3,665.0,647.0,660.8,637580.0
2016-06-03,661.0,665.0,645.1,654.4,989210.0
2016-06-06,656.5,665.0,651.1,651.1,852400.0
2016-06-07,652.1,679.0,650.1,673.9,986470.0
2016-06-08,674.0,682.0,664.7,665.9,1000630.0
2016-06-09,666.1,683.7,661.1,680.0,1179370.0
2016-06-10,681.3,683.1,659.1,662.0,692690.0
2016-06-14,658.7,669.2,654.0,663.6,740020.0
2016-06-15,661.1,671.5,655.0,655.0,1444600.0
2016-06-16,655.0,659.9,641.2,649.3,1173980.0
2016-06-17,653.3,669.6,643.5,669.6,944760.0
2016-06-20,660.5,667.0,656.2,667.0,770850.0
2016-06-21,666.7,671.0,651.3,659.6,835520.0
2016-06-22,656.2,665.0,651.2,651.2,525270.0
2016-06-23,651.2,662.0,642.5,658.1,544300.0
2016-06-24,641.3,645.9,627.2,630.3,1431110.0
2016-06-27,631.4,635.4,622.0,628.4,715900.0
2016-06-28,632.4,638.0,627.1,627.8,604750.0
2016-06-29,633.9,642.7,628.6,641.9,567390.0
2016-06-30,640.6,648.0,639.6,647.6,551390.0
2016-07-01,645.7,652.4,642.2,644.2,497820.0
2016-07-04,644.8,650.0,639.2,641.5,308600.0
2016-07-05,641.2,641.2,629.0,634.1,597490.0
2016-07-06,629.8,637.7,627.0,632.0,553240.0
2016-07-07,634.5,650.7,634.5,640.0,899200.0
2016-07-08,638.5,642.5,629.2,638.5,1255650.0
2016-07-11,641.5,648.0,635.2,643.2,537050.0
2016-07-12,642.2,665.9,641.3,659.8,980340.0
2016-07-13,659.3,665.9,653.5,660.5,901960.0
2016-07-14,662.4,665.0,647.5,650.2,761060.0
2016-07-15,650.2,663.6,650.2,651.6,641860.0
2016-07-18,654.5,659.4,645.0,648.2,529630.0
2016-07-19,648.1,655.0,641.3,645.1,943650.0
2016-07-20,646.0,649.2,639.5,646.9,731880.0
2016-07-21,649.0,656.8,647.1,653.5,708030.0
2016-07-22,652.9,655.2,645.6,645.9,257970.0
2016-07-25,649.1,654.0,640.6,642.8,606960.0
2016-07-26,644.2,655.0,641.1,655.0,589740.0
2016-07-27,652.1,664.5,646.3,655.4,808980.0
2016-07-28,658.6,661.5,650.1,653.2,864020.0
2016-07-29,655.4,657.3,644.8,648.1,692930.0
2016-08-01,651.9,663.6,651.9,654.8,687990.0
2016-08-02,652.5,653.1,640.0,641.0,1071620.0
2016-08-03,641.0,646.0,640.0,645.0,448570.0
2016-08-04,647.5,658.5,647.4,652.4,1069750.0
2016-08-05,654.9,656.8,644.1,647.3,608310.0
2016-08-08,650.9,654.6,647.0,648.1,352340.0
2016-08-09,647.5,660.8,644.8,652.1,688090.0
2016-08-10,652.9,653.0,642.3,642.4,765120.0
2016-08-11,644.5,645.5,640.0,643.5,801780.0
2016-08-12,645.2,652.4,644.5,650.4,620560.0
2016-08-15,651.9,658.5,649.9,658.4,703130.0
2016-08-16,658.6,674.7,654.4,668.0,1198150.0
2016-08-17,665.9,677.4,665.5,672.7,819840.0
2016-08-18,672.4,680.0,672.1,679.9,809840.0
2016-08-19,679.0,686.0,677.7,680.1,642020.0
2016-08-22,678.5,693.0,672.0,688.6,754910.0
2016-08-23,689.9,699.0,685.3,696.0,489480.0
2016-08-24,697.0,704.5,693.1,697.5,645640.0
2016-08-25,697.0,700.8,692.1,698.8,505650.0
2016-08-26,697.4,710.0,692.2,708.1,842570.0
2016-08-29,706.1,706.1,689.0,695.6,401620.0
2016-08-30,695.8,705.1,692.0,695.7,350400.0
2016-08-31,695.4,695.6,680.2,684.9,564380.0
2016-09-01,684.1,684.5,671.2,678.2,591870.0
2016-09-02,676.4,691.5,671.5,691.5,823940.0
2016-09-05,691.3,703.7,673.4,677.9,1124710.0
2016-09-06,679.6,682.2,671.6,680.1,532250.0
2016-09-07,681.8,683.6,673.9,680.3,520430.0
2016-09-08,680.4,683.9,675.0,679.2,401160.0
2016-09-09,679.2,681.6,674.1,677.9,314830.0
2016-09-12,673.1,676.9,665.5,669.3,792540.0
2016-09-13,670.0,675.6,651.0,653.9,855670.0
2016-09-14,653.9,655.0,645.0,651.4,835140.0
2016-09-15,649.9,668.5,645.0,660.7,819150.0
2016-09-16,664.8,670.9,655.0,665.5,875090.0
2016-09-19,667.0,670.1,655.0,658.4,566690.0
2016-09-20,656.2,656.3,632.2,639.1,2110590.0
2016-09-21,642.1,648.0,638.1,643.3,683660.0
2016-09-22,645.7,664.0,638.8,661.0,959790.0
2016-09-23,659.0,665.6,651.1,665.0,841600.0
2016-09-26,662.0,664.8,653.7,662.4,556160.0
2016-09-27,662.6,664.5,650.2,663.8,541970.0
2016-09-28,664.3,675.0,660.2,670.5,646210.0
2016-09-29,675.9,681.8,667.6,678.5,869020.0
2016-09-30,676.6,686.1,670.8,682.5,651890.0
2016-10-03,682.4,682.6,665.7,674.0,606780.0
2016-10-04,675.0,675.7,666.3,673.6,633880.0
2016-10-05,670.5,670.5,659.2,669.0,843840.0
2016-10-06,666.6,668.0,660.1,667.0,311390.0
2016-10-07,666.9,678.3,666.1,674.1,737900.0
2016-10-10,672.1,675.6,665.6,674.5,515370.0
2016-10-11,670.3,684.4,669.5,681.3,615920.0
2016-10-12,681.0,683.9,673.0,677.0,699580.0
2016-10-13,679.6,679.7,673.4,679.0,435400.0
2016-10-14,679.0,683.2,673.2,677.5,424120.0
2016-10-17,677.0,677.1,664.2,665.3,663880.0
2016-10-18,670.1,676.2,665.6,671.1,407690.0
2016-10-19,668.6,670.5,662.6,668.0,422830.0
2016-10-20,668.7,668.7,656.5,661.0,398090.0
2016-10-21,660.8,661.6,652.8,656.0,259060.0
2016-10-24,658.9,662.4,653.6,654.2,626970.0
2016-10-25,660.3,671.3,654.4,665.8,743120.0
2016-10-26,662.7,671.4,662.3,668.9,483690.0
2016-10-27,669.5,675.0,663.2,668.9,378760.0
2016-10-28,669.8,669.8,661.6,665.2,265050.0
2016-10-31,665.0,666.5,652.9,660.8,712600.0
2016-11-01,665.5,670.0,653.8,653.8,842540.0
2016-11-02,653.9,657.0,642.2,645.0,1066910.0
2016-11-03,647.0,647.1,640.0,640.0,950980.0
2016-11-07,640.8,655.0,640.6,652.3,450200.0
2016-11-08,652.5,660.0,644.7,648.1,513890.0
2016-11-09,638.9,669.2,633.6,668.0,1020390.0
2016-11-10,669.9,696.1,661.0,686.0,1692500.0
2016-11-11,683.0,697.6,672.1,685.4,948940.0
2016-11-14,686.0,697.6,670.7,676.5,667070.0
2016-11-15,683.1,687.5,664.3,679.4,1352000.0
2016-11-16,680.9,698.2,678.6,692.0,839100.0
2016-11-17,691.9,702.9,688.0,700.9,1154240.0
2016-11-18,699.9,707.4,699.1,704.7,701220.0
2016-11-21,706.4,717.6,701.5,717.0,1028580.0
2016-11-22,718.5,722.7,707.1,717.4,883070.0
2016-11-23,717.1,729.4,716.3,727.5,856060.0
2016-11-24,727.9,738.4,725.2,735.9,663030.0
2016-11-25,736.5,736.5,725.8,728.5,358230.0
2016-11-28,727.4,729.9,717.6,724.1,354300.0
2016-11-29,724.0,725.1,709.0,719.5,566700.0
2016-11-30,719.7,740.0,713.8,732.0,1236630.0
2016-12-01,734.4,742.7,729.1,731.2,617780.0
2016-12-02,731.0,738.0,724.0,733.0,592520.0
2016-12-05,732.1,760.0,730.1,760.0,949070.0
2016-12-06,757.7,775.4,755.3,761.9,768110.0
2016-12-07,760.6,773.5,755.1,770.0,800170.0
2016-12-08,774.3,775.0,765.0,765.0,604900.0
2016-12-09,767.8,783.5,762.1,768.0,690430.0
2016-12-12,773.8,798.7,745.7,764.8,1333040.0
2016-12-13,767.9,800.7,766.8,799.4,1403940.0
2016-12-14,799.4,800.7,786.7,792.2,1124590.0
2016-12-15,790.0,790.0,766.4,784.1,2837770.0
2016-12-16,785.2,800.1,777.0,793.0,893810.0
2016-12-19,796.0,796.3,783.4,787.4,455760.0
2016-12-20,787.0,792.4,777.9,779.2,591840.0
2016-12-21,779.8,783.7,765.6,775.1,545790.0
2016-12-22,771.7,773.6,760.0,770.0,776350.0
2016-12-23,769.7,777.7,748.1,760.4,845950.0
2016-12-26,758.0,762.0,755.0,759.3,101220.0
2016-12-27,758.2,776.7,758.2,775.0,339760.0
2016-12-28,776.9,778.5,760.0,766.0,585770.0
2016-12-29,767.7,775.4,756.2,765.5,696800.0
2016-12-30,765.8,796.1,765.1,791.9,709750.0
2017-01-03,794.9,799.8,783.0,783.0,1017450.0
2017-01-04,779.9,786.1,770.0,775.0,505480.0
2017-01-05,776.2,777.8,748.4,756.4,824280.0
2017-01-06,755.0,764.9,745.9,754.9,595520.0
2017-01-09,758.9,761.8,747.6,755.4,439030.0
2017-01-10,755.4,773.0,754.6,766.7,964280.0
2017-01-11,766.3,770.5,740.2,748.7,947110.0
2017-01-12,750.4,761.0,746.6,752.4,701160.0
2017-01-13,754.8,754.8,733.6,739.9,723370.0
2017-01-16,739.7,744.5,723.0,741.1,533800.0
2017-01-17,741.1,742.6,726.9,736.8,516660.0
2017-01-18,737.7,743.7,728.0,732.6,552450.0
2017-01-19,732.9,734.0,716.6,720.2,1056250.0
2017-01-20,721.7,727.6,716.0,723.3,737620.0
2017-01-23,721.1,721.1,701.0,704.5,1156520.0
2017-01-24,706.8,740.9,704.0,740.9,1426250.0
2017-01-25,738.6,753.2,731.3,751.7,1302390.0
2017-01-26,754.9,772.4,752.3,769.0,1313820.0
2017-01-27,767.1,792.9,760.7,780.0,1505510.0
2017-01-30,774.6,777.9,766.6,772.8,520140.0
2017-01-31,771.6,773.2,757.8,759.8,659600.0
2017-02-01,760.2,766.2,750.9,764.8,691570.0
2017-02-02,763.2,768.6,746.0,746.0,788390.0
2017-02-03,749.0,769.0,748.7,763.3,865260.0
2017-02-06,763.4,770.9,755.8,759.8,748950.0
2017-02-07,759.5,761.7,755.0,761.1,647690.0
2017-02-08,760.0,762.0,748.1,755.0,705520.0
2017-02-09,754.0,757.4,725.5,735.2,778390.0
2017-02-10,735.2,746.7,728.6,744.2,516020.0
2017-02-13,744.0,757.1,740.4,756.5,502670.0
2017-02-14,755.7,756.8,736.4,747.0,684090.0
2017-02-15,747.0,755.5,732.0,750.0,480290.0
2017-02-16,752.0,756.1,742.4,756.1,567710.0
2017-02-17,756.2,760.9,751.9,759.5,545090.0
2017-02-20,759.9,763.3,747.4,754.9,415210.0
2017-02-21,752.6,781.7,748.9,779.0,1181890.0
2017-02-22,782.1,785.0,770.1,778.9,1031380.0
2017-02-24,777.7,787.5,772.7,783.0,670960.0
2017-02-27,783.7,783.7,755.0,757.5,705440.0
2017-02-28,757.5,757.9,737.1,754.0,712280.0
2017-03-01,756.6,758.7,740.0,751.7,742990.0
2017-03-02,752.4,759.4,739.8,739.8,1016900.0
2017-03-03,737.8,746.3,730.2,746.3,660140.0
2017-03-06,746.0,759.9,741.1,755.0,531210.0
2017-03-07,755.1,759.5,732.2,746.3,761020.0
2017-03-09,740.8,747.6,713.0,715.2,1299940.0
2017-03-10,723.3,725.1,707.3,707.3,1196370.0
2017-03-13,709.7,722.8,708.2,721.8,542260.0
2017-03-14,723.5,734.4,714.4,717.4,832420.0
2017-03-15,722.0,732.7,715.7,723.2,675380.0
2017-03-16,726.0,734.3,712.6,722.1,1997280.0
2017-03-17,723.2,742.0,720.1,740.0,842760.0
2017-03-20,742.3,744.8,730.3,738.1,554390.0
2017-03-21,739.3,751.2,737.2,742.5,614960.0
2017-03-22,741.7,747.0,727.1,747.0,744920.0
2017-03-23,746.9,752.3,731.6,738.6,518340.0
2017-03-24,740.2,745.4,730.6,736.0,401660.0
2017-03-27,735.0,735.0,715.8,727.7,436480.0
2017-03-28,730.8,740.6,721.3,740.6,621920.0
2017-03-29,733.0,742.8,724.7,729.2,477310.0
2017-03-30,729.9,731.5,712.1,714.1,927870.0
2017-03-31,714.6,717.1,702.2,704.9,966590.0
2017-04-03,705.1,706.6,695.3,701.5,650640.0
2017-04-04,702.8,723.9,702.4,723.0,922340.0
2017-04-05,723.4,739.4,722.4,733.3,1000260.0
2017-04-06,729.0,738.8,727.1,736.5,914630.0
2017-04-07,733.0,737.3,720.6,736.7,957310.0
2017-04-10,733.7,736.3,709.3,712.7,818290.0
2017-04-11,712.6,714.5,702.7,710.1,1037080.0
2017-04-12,712.3,715.6,697.0,702.7,675030.0
2017-04-13,703.2,706.2,681.2,699.9,1465750.0
2017-04-14,698.0,699.5,680.0,685.0,249320.0
2017-04-17,685.0,687.7,668.5,679.0,534690.0
2017-04-18,683.5,690.9,678.4,684.4,727120.0
2017-04-19,684.3,694.6,674.6,678.8,510540.0
2017-04-20,677.4,688.7,671.5,685.1,675430.0
2017-04-21,685.2,697.1,677.5,683.7,932960.0
2017-04-24,688.1,694.2,684.0,689.6,549750.0
2017-04-25,692.4,705.1,681.2,696.8,778640.0
2017-04-26,700.2,709.5,697.2,709.5,595280.0
2017-04-27,707.0,708.4,690.5,697.1,978980.0
2017-04-28,694.9,698.7,687.1,695.4,890140.0
2017-05-02,694.2,699.6,687.1,695.7,1247710.0
2017-05-03,695.6,698.6,682.1,687.4,778840.0
2017-05-04,688.2,700.1,686.3,693.0,527500.0
2017-05-05,689.2,699.5,682.4,696.0,710040.0
2017-05-10,703.1,705.0,683.6,692.0,1009530.0
2017-05-11,694.9,694.9,679.0,682.9,458660.0
2017-05-12,683.9,684.0,670.5,677.0,607590.0
2017-05-15,678.6,684.7,670.0,684.0,586420.0
2017-05-16,683.5,689.8,673.0,678.1,627490.0
2017-05-17,677.2,685.4,671.0,685.2,718410.0
2017-05-18,684.2,694.1,677.0,677.7,1095000.0
2017-05-19,678.3,689.4,673.7,684.4,707910.0
2017-05-22,682.1,685.0,674.6,680.0,546950.0
2017-05-23,677.2,682.0,675.2,681.0,372180.0
2017-05-24,681.4,688.5,678.6,687.0,686430.0
2017-05-25,687.5,688.5,675.5,680.1,986300.0
2017-05-26,677.0,685.0,658.0,658.2,1353770.0
2017-05-29,661.2,662.9,642.4,650.0,534750.0
2017-05-30,650.0,660.7,645.5,650.6,690490.0
2017-05-31,650.3,657.3,636.1,641.0,956140.0
2017-06-01,643.1,649.1,618.2,624.7,1383230.0
2017-06-02,621.7,625.4,610.0,615.0,1114700.0
2017-06-05,617.3,618.4,605.0,609.0,655940.0
2017-06-06,610.1,620.6,608.9,618.0,574990.0
2017-06-07,618.9,627.7,613.1,615.0,601120.0
2017-06-08,615.6,626.0,613.6,624.6,540910.0
2017-06-09,624.1,640.7,620.1,634.3,700200.0
2017-06-13,632.0,632.9,610.2,616.1,940290.0
2017-06-14,617.0,623.3,613.5,622.2,951050.0
2017-06-15,622.2,624.8,601.5,617.7,3970990.0
2017-06-16,619.0,621.9,607.2,616.9,839650.0
2017-06-19,615.1,629.3,612.0,626.7,579520.0
2017-06-20,628.0,634.1,616.0,619.8,747130.0
2017-06-21,619.8,622.7,609.5,611.0,684880.0
2017-06-22,610.1,626.8,607.5,624.1,1110620.0
2017-06-23,624.0,633.6,617.0,625.9,906120.0
2017-06-26,625.9,630.0,617.0,621.9,702110.0
2017-06-27,621.7,642.5,618.0,634.8,600250.0
2017-06-28,632.8,640.1,628.0,635.6,632680.0
2017-06-29,639.7,652.0,636.1,641.7,1190690.0
2017-06-30,643.2,654.8,640.0,645.5,1241190.0
2017-07-03,647.4,660.0,644.2,658.9,868590.0
2017-07-04,656.3,666.8,655.2,657.7,594770.0
2017-07-05,657.0,661.9,651.0,651.7,655170.0
2017-07-06,653.8,656.5,643.2,646.5,631740.0
2017-07-07,642.6,649.0,634.0,641.0,738490.0
2017-07-10,641.0,645.8,630.0,638.6,820170.0
2017-07-11,640.1,643.1,634.7,638.5,962980.0
2017-07-12,640.9,649.0,636.0,639.3,1052960.0
2017-07-13,640.1,643.9,628.2,633.5,602980.0
2017-07-14,631.7,632.8,625.2,625.2,375180.0
2017-07-17,626.7,631.8,620.1,625.0,410140.0
2017-07-18,625.9,629.0,612.8,617.0,821780.0
2017-07-19,614.2,626.4,612.9,624.8,653150.0
2017-07-20,625.0,629.5,618.9,627.6,527360.0
2017-07-21,625.4,627.2,616.3,617.1,403850.0
2017-07-24,618.5,624.3,611.3,624.3,612980.0
2017-07-25,622.4,623.6,611.0,614.0,880720.0
2017-07-26,616.0,619.7,609.0,612.5,749490.0
2017-07-27,614.1,617.2,612.1,615.9,742110.0
2017-07-28,614.5,614.5,600.5,604.9,714180.0
2017-07-31,604.2,611.1,598.0,607.7,1098870.0
2017-08-01,609.9,621.3,604.4,613.1,858370.0
2017-08-02,614.7,625.7,609.3,621.4,1013740.0
2017-08-03,624.7,625.9,615.7,617.9,647050.0
2017-08-04,615.8,618.9,609.0,609.0,855310.0
2017-08-07,610.2,616.1,609.6,614.1,459820.0
2017-08-08,615.8,624.7,615.0,624.7,1176950.0
2017-08-09,620.7,621.8,612.2,615.0,653200.0
2017-08-10,615.5,624.0,612.3,614.0,747910.0
2017-08-11,613.6,617.3,609.1,613.5,892250.0
2017-08-14,614.8,618.6,603.7,604.5,855010.0
2017-08-15,605.3,607.1,595.6,603.9,1062150.0
2017-08-16,603.4,603.9,599.0,599.0,721410.0
2017-08-17,599.0,599.0,591.1,595.6,756110.0
2017-08-18,594.0,596.7,590.2,596.7,527210.0
2017-08-21,596.1,606.3,593.5,605.2,565630.0
2017-08-22,605.5,614.5,605.0,612.1,661410.0
2017-08-23,611.5,614.9,602.1,602.1,778290.0
2017-08-24,603.9,605.4,601.4,602.0,300610.0
2017-08-25,603.7,604.5,599.0,603.8,364720.0
2017-08-28,604.0,605.9,595.0,596.0,436650.0
2017-08-29,595.9,596.9,590.6,594.1,554590.0
2017-08-30,595.1,602.8,593.7,601.2,1262390.0
2017-08-31,601.6,611.0,597.6,599.3,1179480.0
2017-09-01,600.1,604.1,596.5,596.5,555470.0
2017-09-04,595.0,602.1,594.0,597.7,511690.0
2017-09-05,600.6,604.0,597.5,602.0,592920.0
2017-09-06,601.0,601.6,592.3,599.8,827370.0
2017-09-07,601.4,609.2,598.5,600.0,1232470.0
2017-09-08,601.9,609.3,601.9,606.2,731610.0
2017-09-11,608.9,611.8,599.1,600.1,950750.0
2017-09-12,601.3,606.0,600.0,604.5,721080.0
2017-09-13,605.9,608.0,602.7,606.0,1008580.0
2017-09-14,605.0,606.6,601.2,606.1,784650.0
2017-09-15,605.5,610.0,602.1,610.0,1265610.0
2017-09-18,609.6,623.1,605.6,623.0,1577900.0
2017-09-19,623.1,629.6,620.3,627.0,950530.0
2017-09-20,626.2,643.9,626.0,636.8,1231910.0
2017-09-21,635.8,655.0,635.2,651.5,1781910.0
2017-09-22,651.2,651.2,643.2,645.4,995270.0
2017-09-25,646.5,653.6,644.2,651.7,809460.0
2017-09-26,653.5,665.0,651.8,662.3,1047410.0
2017-09-27,658.9,664.8,652.9,660.3,1042820.0
2017-09-28,659.3,667.7,657.0,657.0,961230.0
2017-09-29,657.2,664.0,655.0,664.0,699950.0
2017-10-02,662.6,665.9,659.0,660.0,588670.0
2017-10-03,660.0,663.9,653.6,663.5,747280.0
2017-10-04,662.8,669.0,661.2,668.4,645730.0
2017-10-05,668.1,681.0,665.4,680.0,957540.0
2017-10-06,681.1,686.4,673.0,677.1,1133920.0
2017-10-09,674.4,674.4,666.0,666.1,739420.0
2017-10-10,665.1,673.7,661.3,666.7,551220.0
2017-10-11,668.6,683.0,667.8,681.6,752610.0
2017-10-12,680.5,680.5,672.5,675.3,469720.0
2017-10-13,675.2,677.1,663.2,669.0,673870.0
2017-10-16,668.2,674.7,662.8,667.1,642580.0
2017-10-17,667.6,667.6,656.6,657.7,531510.0
2017-10-18,658.1,664.8,656.0,664.6,608330.0
2017-10-19,663.2,663.7,656.9,660.7,494080.0
2017-10-20,662.0,662.9,656.8,661.8,620770.0
2017-10-23,661.1,668.0,658.0,664.0,522310.0
2017-10-24,665.5,666.8,656.0,656.0,595770.0
2017-10-25,658.7,660.1,643.2,650.7,1282920.0
2017-10-26,650.2,653.3,641.7,647.0,691430.0
2017-10-27,649.0,653.0,645.3,651.8,766290.0
2017-10-30,653.3,653.9,647.3,649.0,539490.0
2017-10-31,650.0,657.0,647.0,651.0,571180.0
2017-11-01,653.1,660.6,649.3,654.0,718740.0
2017-11-02,653.0,656.0,649.0,652.0,462990.0
2017-11-03,653.0,657.3,650.1,651.1,453850.0
2017-11-07,655.4,674.9,655.1,672.0,1647140.0
2017-11-08,671.8,681.8,666.8,674.2,652020.0
2017-11-09,677.4,680.0,667.3,674.3,776400.0
2017-11-10,674.4,676.0,662.2,675.2,827650.0
2017-11-13,675.8,686.0,669.0,673.5,855640.0
2017-11-14,670.2,679.3,668.8,675.2,701650.0
2017-11-15,674.3,677.7,655.2,656.8,746880.0
2017-11-16,657.6,664.4,650.3,663.5,549890.0
2017-11-17,662.5,663.5,653.1,658.4,400370.0
2017-11-20,657.0,667.3,653.5,665.0,409280.0
2017-11-21,666.8,675.8,665.4,667.0,696170.0
2017-11-22,669.8,677.7,667.6,671.1,425100.0
2017-11-23,674.8,675.5,668.0,669.9,359950.0
2017-11-24,670.0,681.3,668.8,673.3,707400.0
2017-11-27,674.7,674.7,657.1,661.4,718070.0
2017-11-28,663.5,678.7,657.3,678.7,624480.0
2017-11-29,676.1,676.9,659.5,666.4,670200.0
2017-11-30,666.0,668.4,650.0,650.0,763140.0
2017-12-01,652.5,668.6,647.3,663.5,720280.0
2017-12-04,663.5,672.4,652.7,666.0,815380.0
2017-12-05,664.9,674.1,660.3,669.8,478410.0
2017-12-06,669.8,679.0,665.3,673.0,479280.0
2017-12-07,673.0,677.1,666.3,677.1,646890.0
2017-12-08,677.1,681.1,665.5,668.4,654610.0
2017-12-11,668.0,676.9,666.3,676.9,505560.0
2017-12-12,676.7,695.9,673.3,695.0,1082910.0
2017-12-13,695.6,696.2,686.6,690.0,623510.0
2017-12-14,690.8,697.3,682.8,686.0,640920.0
2017-12-15,686.1,698.0,684.4,698.0,670600.0
2017-12-18,695.0,699.9,683.0,688.6,963050.0
2017-12-19,689.6,693.2,675.0,680.0,592090.0
2017-12-20,680.1,682.1,662.6,665.1,836450.0
2017-12-21,666.8,677.9,666.1,674.7,1161000.0
2017-12-22,674.7,685.0,672.8,684.4,329370.0
2017-12-25,685.0,688.5,671.0,671.8,184910.0
2017-12-26,673.9,674.5,665.2,671.5,205620.0
2017-12-27,672.0,680.8,670.0,679.5,347340.0
2017-12-28,679.1,679.9,670.0,676.0,243830.0
2017-12-29,675.0,678.0,670.6,677.7,222310.0
2018-01-03,679.3,696.8,678.3,695.1,515840.0
2018-01-04,697.8,705.7,691.7,697.3,634260.0
2018-01-05,697.0,705.3,694.5,701.0,574520.0
2018-01-09,704.0,705.7,692.4,695.4,784500.0
2018-01-10,696.0,696.0,680.5,685.4,1184670.0
2018-01-11,685.0,689.2,680.0,687.4,977010.0
2018-01-12,688.9,689.3,676.1,679.2,1028510.0
2018-01-15,680.4,691.3,678.0,690.4,729340.0
2018-01-16,691.0,696.9,684.9,686.9,575900.0
2018-01-17,688.0,692.5,668.0,689.1,1014670.0
2018-01-18,689.9,695.7,687.5,693.0,709930.0
2018-01-19,693.0,700.6,691.6,700.0,784590.0
2018-01-22,700.1,704.9,696.2,704.0,895700.0
2018-01-23,704.1,705.9,700.9,703.9,1194190.0
2018-01-24,705.7,710.8,701.4,709.0,634670.0
2018-01-25,710.6,723.0,707.0,717.2,1115760.0
2018-01-26,718.1,726.2,707.1,718.6,870750.0
2018-01-29,720.0,721.4,703.3,714.7,711160.0
2018-01-30,713.7,716.0,704.2,711.6,1172320.0
2018-01-31,708.0,727.9,705.3,727.7,997340.0
2018-02-01,725.0,734.4,722.3,732.0,790580.0
2018-02-02,733.0,744.4,727.0,733.0,1436640.0
2018-02-05,730.0,731.4,708.0,728.0,1091510.0
2018-02-06,709.0,738.0,709.0,729.7,1735170.0
2018-02-07,731.9,742.0,731.7,736.4,887230.0
2018-02-08,735.4,743.4,728.6,731.0,919750.0
2018-02-09,727.5,733.1,708.9,714.4,1454530.0
2018-02-12,718.1,730.6,712.5,718.0,1134040.0
2018-02-13,717.9,722.6,712.4,719.1,1345890.0
2018-02-14,720.3,730.0,715.7,730.0,1223720.0
2018-02-15,733.0,746.0,728.0,741.8,1362790.0
2018-02-16,744.9,758.2,737.5,737.6,1378630.0
2018-02-19,740.1,745.1,726.0,729.1,948840.0
2018-02-20,732.5,737.1,723.7,728.0,872220.0
2018-02-21,728.7,739.9,724.6,739.9,964520.0
2018-02-22,739.0,739.0,731.1,735.9,674480.0
2018-02-26,740.3,754.5,732.1,734.0,1378800.0
2018-02-27,736.0,742.5,734.0,735.0,604290.0
2018-02-28,735.5,736.5,710.0,710.0,971300.0
2018-03-01,714.5,734.9,714.5,732.9,792870.0
2018-03-02,732.0,736.2,716.0,732.0,646870.0
2018-03-05,731.3,740.0,730.2,736.4,449010.0
2018-03-06,739.4,742.8,730.9,736.9,474110.0
2018-03-07,734.2,734.2,715.0,729.3,1008050.0
2018-03-09,726.7,739.0,725.6,737.5,413010.0
2018-03-12,740.7,746.7,733.8,744.8,592530.0
2018-03-13,744.5,746.2,730.1,731.6,719670.0
2018-03-14,730.1,732.0,720.3,726.7,869180.0
2018-03-15,725.7,735.0,721.5,734.5,1150370.0
2018-03-16,733.9,787.0,729.6,747.1,1653740.0
2018-03-19,747.1,758.1,738.1,757.0,1000940.0
2018-03-20,757.7,763.5,744.4,757.5,875200.0
2018-03-21,758.5,762.0,751.0,760.4,612830.0
2018-03-22,760.4,762.0,747.2,748.7,532660.0
2018-03-23,745.0,754.0,738.4,750.0,752160.0
2018-03-26,748.1,750.9,734.3,743.1,678060.0
2018-03-27,743.9,752.8,734.5,752.8,640210.0
2018-03-28,747.2,753.7,737.2,743.0,750300.0
2018-03-29,742.9,746.4,736.1,741.9,474900.0
2018-03-30,743.8,746.8,737.6,737.6,172070.0
2018-04-02,739.9,745.0,734.0,735.2,338860.0
2018-04-03,737.4,743.7,735.3,741.0,379540.0
2018-04-04,742.9,753.1,742.8,753.1,669600.0
2018-04-05,754.0,773.9,754.0,770.0,945730.0
2018-04-06,767.6,775.7,758.2,762.3,638400.0
2018-04-09,762.3,779.2,656.3,710.9,3630740.0
2018-04-10,708.0,751.9,707.8,746.0,2822860.0
2018-04-11,746.0,758.0,722.5,743.4,2483570.0
2018-04-12,748.9,757.8,735.3,739.0,1495790.0
2018-04-13,743.1,744.8,725.0,732.1,1315750.0
2018-04-16,725.8,734.7,709.1,716.0,1270120.0
2018-04-17,726.6,736.9,720.1,728.0,1086160.0
2018-04-18,728.5,748.5,725.7,746.1,1009960.0
2018-04-19,746.5,755.1,733.0,734.1,786530.0
2018-04-20,736.2,744.9,735.7,738.6,642470.0
2018-04-23,739.1,749.0,729.0,743.7,1279010.0
2018-04-24,748.0,748.2,738.0,743.7,640150.0
2018-04-25,740.8,743.9,728.7,740.4,761360.0
2018-04-26,744.0,760.0,741.4,760.0,963330.0
2018-04-27,759.9,770.8,753.4,770.8,737710.0
2018-04-28,768.8,770.0,762.3,766.1,17587.0
2018-04-30,767.5,774.6,762.5,770.0,599400.0
2018-05-02,764.0,765.2,755.6,758.2,568420.0
2018-05-03,755.5,762.0,740.5,748.4,682070.0
2018-05-04,750.8,765.7,750.2,765.7,574520.0
2018-05-07,766.0,771.5,750.0,754.0,624680.0
2018-05-08,755.0,758.0,746.0,754.0,783930.0
2018-05-10,759.0,766.0,754.9,765.0,790960.0
2018-05-11,766.7,778.7,764.4,769.5,1103160.0
2018-05-14,767.4,778.0,766.5,774.3,613910.0
2018-05-15,774.4,779.5,768.5,772.2,915010.0
2018-05-16,772.7,778.5,766.9,768.3,720630.0
2018-05-17,770.1,774.4,768.1,770.6,507740.0
2018-05-18,771.1,776.0,767.0,772.8,563240.0
2018-05-21,776.5,782.7,773.1,775.1,593100.0
2018-05-22,777.3,778.1,766.5,770.0,510270.0
2018-05-23,768.3,769.8,757.7,761.3,527950.0
2018-05-24,761.4,763.5,752.3,757.2,750260.0
2018-05-25,759.9,812.8,759.9,808.1,2858440.0
2018-05-28,805.4,807.4,795.6,802.5,667900.0
2018-05-29,802.0,832.6,800.2,825.4,2034400.0
2018-05-30,821.2,830.3,820.0,821.2,1345590.0
2018-05-31,823.2,845.0,822.3,838.2,1380550.0
2018-06-01,839.0,843.6,831.8,838.4,962430.0
2018-06-04,838.4,846.3,836.6,841.0,523950.0
2018-06-05,840.2,851.4,836.7,847.1,911110.0
2018-06-06,846.1,854.5,844.3,844.4,662580.0
2018-06-07,850.3,850.7,842.2,848.0,506840.0
2018-06-08,845.3,848.4,821.1,824.2,1043590.0
2018-06-09,828.5,833.4,825.6,827.1,6905.0
2018-06-11,827.6,834.9,821.2,828.2,370150.0
2018-06-13,832.9,835.0,812.7,824.0,677420.0
2018-06-14,821.1,822.0,800.0,813.8,923610.0
2018-06-15,814.8,819.7,796.4,804.0,1830410.0
2018-06-18,802.1,811.5,790.2,799.5,923320.0
2018-06-19,795.0,811.0,787.1,805.0,1012560.0
2018-06-20,808.0,847.7,800.7,847.0,1337240.0
2018-06-21,845.0,850.0,830.6,832.3,939290.0
2018-06-22,837.0,842.5,821.5,827.8,864680.0
2018-06-25,831.6,835.7,823.5,829.1,407470.0
2018-06-26,830.0,836.0,827.3,833.3,251560.0
2018-06-27,836.0,851.0,831.0,840.9,598040.0
2018-06-28,844.0,849.7,839.0,845.0,609360.0
2018-06-29,848.0,865.2,845.3,852.8,1246730.0
2018-07-02,854.4,882.2,848.1,879.3,1149100.0
2018-07-03,876.7,879.9,866.9,879.9,552410.0
2018-07-04,876.0,880.8,872.9,874.7,296300.0
2018-07-05,875.0,903.7,872.6,903.7,959700.0
2018-07-06,903.1,911.4,890.4,907.2,708840.0
2018-07-09,907.2,920.5,901.3,906.2,681880.0
2018-07-10,909.9,923.0,895.1,901.3,1028590.0
2018-07-11,900.0,913.8,892.2,909.8,975640.0
2018-07-12,905.0,907.1,881.5,891.8,1017210.0
2018-07-13,891.8,901.8,882.8,897.2,523750.0
2018-07-16,897.2,900.4,889.2,898.0,758610.0
2018-07-17,892.0,895.7,882.4,886.0,1059210.0
2018-07-18,886.9,897.7,884.5,893.0,693590.0
2018-07-19,896.1,901.7,880.5,890.8,847790.0
2018-07-20,890.9,894.9,875.0,881.6,945300.0
2018-07-23,883.0,883.0,866.5,871.0,955300.0
2018-07-24,868.2,875.0,865.0,875.0,754800.0
2018-07-25,870.7,898.5,868.0,895.7,883720.0
2018-07-26,896.5,920.9,896.5,914.5,1308980.0
2018-07-27,913.2,920.9,908.8,920.0,481890.0
2018-07-30,915.0,917.5,907.8,907.8,594140.0
2018-07-31,906.2,929.9,902.3,924.4,1169010.0
2018-08-01,927.0,938.0,920.4,930.2,731420.0
2018-08-02,930.1,937.9,925.7,929.4,859560.0
2018-08-03,929.0,941.5,915.6,924.9,955860.0
2018-08-06,926.5,938.3,921.2,926.0,486860.0
2018-08-07,926.1,939.9,919.2,939.9,546830.0
2018-08-08,935.7,939.0,920.0,923.6,1380440.0
2018-08-09,923.6,937.0,908.0,933.0,1581910.0
2018-08-10,933.5,943.8,930.2,939.5,1177870.0
2018-08-13,938.4,972.5,938.4,959.1,1383780.0
2018-08-14,964.7,988.8,957.1,987.6,1412930.0
2018-08-15,987.5,988.6,961.2,974.0,1015650.0
2018-08-16,973.1,978.8,962.3,978.8,791440.0
2018-08-17,976.5,983.6,968.2,977.0,661910.0
2018-08-20,979.5,986.9,976.0,981.0,469500.0
2018-08-21,983.7,987.5,973.2,982.0,673170.0
2018-08-22,985.8,1000.0,984.6,998.0,986960.0
2018-08-23,1000.3,1003.9,987.8,995.0,1129020.0
2018-08-24,998.3,1018.7,988.3,1013.1,943030.0
2018-08-27,1017.5,1086.4,1017.1,1070.0,1544810.0
2018-08-28,1069.6,1075.5,1060.0,1067.0,1108760.0
2018-08-29,1066.1,1115.0,1063.7,1111.8,1877990.0
2018-08-30,1116.0,1119.5,1092.9,1099.5,1487280.0
2018-08-31,1096.0,1099.0,1078.4,1083.0,1072040.0
2018-09-03,1084.5,1087.3,1062.6,1080.0,834110.0
2018-09-04,1084.0,1105.8,1081.3,1100.9,1084000.0
2018-09-05,1100.2,1125.0,1094.8,1120.1,1226720.0
2018-09-06,1117.6,1179.0,1116.6,1167.0,2418720.0
2018-09-07,1167.6,1189.0,1133.2,1150.9,2551480.0
2018-09-10,1159.5,1168.1,1121.8,1129.5,1358090.0
2018-09-11,1126.5,1135.0,1110.7,1125.2,1125140.0
2018-09-12,1130.4,1137.2,1100.3,1112.3,967720.0
2018-09-13,1103.7,1115.7,1088.7,1092.1,850950.0
2018-09-14,1094.7,1101.7,1073.1,1087.7,652360.0
2018-09-17,1092.0,1093.7,1066.8,1074.1,711000.0
2018-09-18,1077.3,1140.0,1073.0,1139.8,2006400.0
2018-09-19,1143.9,1144.4,1101.0,1115.3,1490200.0
2018-09-20,1112.5,1155.0,1101.8,1135.9,3531140.0
2018-09-21,1129.3,1129.4,1104.3,1113.5,1766850.0
2018-09-24,1112.0,1126.0,1102.0,1111.0,598060.0
2018-09-25,1111.5,1117.0,1084.3,1104.5,1176320.0
2018-09-26,1104.0,1115.6,1088.2,1107.0,662010.0
2018-09-27,1110.0,1151.3,1089.6,1147.5,1252830.0
2018-09-28,1150.0,1180.9,1130.8,1168.2,1192540.0
2018-10-01,1173.9,1185.0,1159.0,1174.8,579270.0
2018-10-02,1175.0,1188.0,1159.0,1162.7,525750.0
2018-10-03,1169.9,1215.0,1165.9,1200.0,999070.0
2018-10-04,1203.0,1207.6,1181.2,1197.0,708690.0
2018-10-05,1195.0,1196.5,1172.1,1183.3,520840.0
2018-10-08,1179.2,1208.0,1170.3,1180.0,520680.0
2018-10-09,1172.0,1188.8,1145.0,1145.0,749270.0
2018-10-10,1149.9,1176.5,1145.0,1170.0,1074290.0
2018-10-11,1139.9,1156.7,1119.3,1126.0,1314860.0
2018-10-12,1136.5,1181.1,1136.5,1163.0,1044540.0
2018-10-15,1167.0,1176.7,1147.2,1168.0,506920.0
2018-10-16,1170.0,1172.1,1143.9,1154.6,523960.0
2018-10-17,1161.8,1163.5,1114.2,1117.4,1045980.0
2018-10-18,1118.0,1133.1,1100.0,1103.5,783890.0
2018-10-19,1103.0,1115.0,1080.5,1083.6,1100110.0
2018-10-22,1085.9,1094.2,1046.0,1051.1,1003170.0
2018-10-23,1044.0,1087.3,1029.3,1084.0,935590.0
2018-10-24,1089.9,1097.0,1036.5,1039.0,1478290.0
2018-10-25,1035.0,1055.0,1013.8,1051.0,968310.0
2018-10-26,1054.7,1054.7,1022.9,1036.4,624730.0
2018-10-29,1035.5,1067.7,1028.9,1067.5,731360.0
2018-10-30,1066.8,1069.3,1020.5,1031.5,846290.0
2018-10-31,1036.0,1067.0,1034.6,1049.8,1171990.0
2018-11-01,1055.6,1093.5,1042.5,1082.1,1481520.0
2018-11-02,1088.7,1107.7,1080.1,1080.4,923720.0
2018-11-06,1092.5,1095.3,1080.5,1081.6,535380.0
2018-11-07,1085.0,1111.0,1064.3,1103.8,1148360.0
2018-11-08,1107.3,1112.0,1087.2,1087.2,1075260.0
2018-11-09,1085.7,1087.4,1051.1,1062.3,823420.0
2018-11-12,1064.6,1081.8,1050.4,1058.2,819260.0
2018-11-13,1056.0,1100.3,1054.9,1087.5,1136170.0
2018-11-14,1084.8,1132.2,1075.3,1128.0,1390440.0
2018-11-15,1133.1,1134.3,1109.2,1118.0,750080.0
2018-11-16,1118.5,1129.7,1112.5,1124.6,533920.0
2018-11-19,1125.0,1145.5,1118.0,1131.4,993330.0
2018-11-20,1132.1,1144.6,1117.0,1119.6,1299550.0
2018-11-21,1133.2,1138.8,1115.3,1135.0,761080.0
2018-11-22,1135.9,1138.0,1123.2,1124.0,544090.0
2018-11-23,1124.0,1128.9,1108.2,1115.6,596320.0
2018-11-26,1121.2,1125.7,1082.0,1096.0,1328270.0
2018-11-27,1104.5,1119.6,1095.9,1104.9,712070.0
2018-11-28,1111.0,1146.9,1110.0,1143.5,759930.0
2018-11-29,1148.0,1186.5,1138.6,1167.8,1337530.0
2018-11-30,1165.9,1174.9,1127.2,1127.2,994510.0
2018-12-03,1150.2,1167.0,1136.0,1149.7,987590.0
2018-12-04,1146.0,1147.0,1128.3,1130.0,419740.0
2018-12-05,1127.0,1137.1,1115.0,1136.3,512760.0
2018-12-06,1130.9,1132.2,1112.0,1128.0,613970.0
2018-12-07,1127.1,1139.6,1117.1,1117.1,712050.0
2018-12-10,1116.5,1118.0,1095.3,1104.0,585680.0
2018-12-11,1102.0,1113.4,1087.6,1100.6,799670.0
2018-12-12,1097.0,1122.6,1092.1,1097.0,748250.0
2018-12-13,1104.0,1117.0,1098.0,1107.0,736660.0
2018-12-14,1110.4,1133.9,1101.3,1123.8,611700.0
2018-12-17,1120.2,1134.9,1117.1,1117.1,441330.0
2018-12-18,1116.5,1123.2,1100.7,1119.3,671050.0
2018-12-19,1117.0,1124.5,1108.4,1120.1,469700.0
2018-12-20,1117.0,1127.7,1099.1,1127.7,1254550.0
2018-12-21,1120.1,1129.3,1111.1,1121.1,692970.0
2018-12-24,1121.1,1127.9,1102.3,1110.5,350980.0
2018-12-25,1104.1,1110.8,1065.0,1087.6,372030.0
2018-12-26,1089.9,1098.8,1086.2,1096.5,195120.0
2018-12-27,1107.3,1114.9,1103.0,1106.4,362760.0
2018-12-28,1114.4,1131.3,1108.0,1126.8,437740.0
2018-12-29,1126.8,1133.3,1122.3,1132.0,7833.0
2019-01-03,1131.9,1131.9,1111.0,1118.2,417580.0
2019-01-04,1118.0,1140.8,1118.0,1138.8,416390.0
2019-01-08,1138.9,1138.9,1117.1,1118.2,465990.0
2019-01-09,1125.2,1136.3,1119.0,1121.0,501300.0
2019-01-10,1125.0,1132.9,1114.1,1132.5,417660.0
2019-01-11,1133.5,1137.7,1123.3,1129.4,511450.0
2019-01-14,1126.1,1133.0,1118.7,1128.9,474340.0
2019-01-15,1132.0,1146.5,1120.5,1130.8,609740.0
2019-01-16,1131.9,1135.9,1123.5,1124.9,456700.0
2019-01-17,1127.2,1135.0,1120.1,1127.5,537420.0
2019-01-18,1130.0,1132.5,1122.3,1130.0,496790.0
2019-01-21,1133.0,1137.7,1121.4,1122.0,413050.0
2019-01-22,1121.4,1127.4,1110.6,1116.4,403710.0
2019-01-23,1122.0,1125.9,1116.3,1124.0,312300.0
2019-01-24,1118.7,1120.8,1082.1,1098.3,947130.0
2019-01-25,1104.0,1120.0,1100.8,1115.0,549140.0
2019-01-28,1115.9,1122.6,1112.1,1118.6,417220.0
2019-01-29,1120.8,1138.3,1118.5,1133.5,589750.0
2019-01-30,1133.7,1148.8,1128.1,1139.3,457790.0
2019-01-31,1145.4,1157.7,1134.6,1145.0,578480.0
2019-02-01,1143.6,1145.2,1125.0,1125.2,564350.0
2019-02-04,1125.0,1142.6,1117.6,1138.0,475660.0
2019-02-05,1138.0,1147.0,1131.0,1143.4,379660.0
2019-02-06,1145.8,1149.4,1125.4,1126.4,383850.0
2019-02-07,1126.0,1133.6,1120.2,1130.0,486730.0
2019-02-08,1121.0,1137.4,1121.0,1127.6,441350.0
2019-02-11,1129.0,1134.6,1110.2,1114.2,470940.0
2019-02-12,1116.0,1128.2,1111.2,1121.2,397130.0
2019-02-13,1123.0,1124.8,1090.6,1095.0,1012110.0
2019-02-14,1084.4,1098.0,1065.0,1090.6,1398610.0
2019-02-15,1091.6,1091.6,1072.4,1087.4,907150.0
2019-02-18,1091.0,1095.0,1055.0,1074.0,723830.0
2019-02-19,1076.8,1099.2,1074.2,1094.6,759840.0
2019-02-20,1096.2,1125.8,1096.2,1125.0,1092910.0
2019-02-21,1125.8,1138.8,1115.0,1121.6,1200000.0
2019-02-22,1125.2,1135.0,1120.0,1129.0,375420.0
2019-02-25,1129.0,1133.6,1113.4,1121.2,625710.0
2019-02-26,1117.6,1122.4,1103.8,1106.0,449930.0
2019-02-27,1114.0,1120.8,1091.0,1095.4,565850.0
2019-02-28,1099.4,1102.0,1072.6,1080.4,360260.0
2019-03-01,1085.0,1096.6,1075.0,1076.2,437340.0
2019-03-04,1079.6,1094.6,1076.0,1094.2,282430.0
2019-03-05,1089.4,1093.0,1068.6,1081.0,508420.0
2019-03-06,1078.0,1092.6,1078.0,1092.0,557130.0
2019-03-07,1088.8,1092.0,1072.2,1074.6,493820.0
2019-03-11,1074.0,1094.8,1072.6,1089.0,563420.0
2019-03-12,1088.0,1092.8,1080.2,1088.0,510570.0
2019-03-13,1082.6,1088.6,1075.0,1080.0,540290.0
2019-03-14,1080.0,1081.6,1058.0,1060.4,801260.0
2019-03-15,1061.8,1064.8,1054.2,1057.6,1387940.0
2019-03-18,1062.4,1064.8,1051.4,1054.8,604710.0
2019-03-19,1054.8,1066.8,1052.0,1052.0,719350.0
2019-03-20,1056.2,1064.4,1047.4,1052.0,746190.0
2019-03-21,1055.0,1088.0,1051.8,1085.4,1748480.0
2019-03-22,1089.2,1090.0,1077.6,1084.8,730250.0
2019-03-25,1087.0,1091.4,1069.2,1091.0,593880.0
2019-03-26,1088.0,1091.0,1077.4,1079.0,613500.0
2019-03-27,1079.0,1084.6,1060.4,1061.8,369650.0
2019-03-28,1062.4,1065.0,1055.0,1059.2,325120.0
2019-03-29,1062.0,1078.2,1055.2,1078.2,728210.0
2019-04-01,1077.0,1078.8,1061.0,1063.0,469570.0
2019-04-02,1067.0,1071.0,1060.0,1061.8,334790.0
2019-04-03,1065.8,1077.0,1065.8,1068.0,352860.0
2019-04-04,1070.4,1070.4,1057.4,1060.0,360360.0
2019-04-05,1061.0,1068.6,1056.0,1065.8,306510.0
2019-04-08,1065.0,1079.6,1061.4,1076.0,306810.0
2019-04-09,1073.4,1087.0,1067.6,1084.0,472730.0
2019-04-10,1084.0,1098.4,1083.2,1084.0,853880.0
2019-04-11,1089.0,1091.2,1071.4,1082.0,452400.0
2019-04-12,1079.8,1098.6,1075.4,1097.0,590170.0
2019-04-15,1099.8,1109.4,1077.8,1082.2,656410.0
2019-04-16,1084.2,1108.2,1084.2,1103.4,458270.0
2019-04-17,1104.8,1117.0,1099.2,1107.0,491860.0
2019-04-18,1103.2,1115.4,1093.0,1110.2,285320.0
2019-04-19,1112.8,1123.8,1112.0,1116.4,216740.0
2019-04-22,1119.0,1145.8,1119.0,1145.0,465340.0
2019-04-23,1149.2,1158.8,1133.6,1146.0,779240.0
2019-04-24,1148.6,1149.6,1137.4,1148.0,542830.0
2019-04-25,1145.0,1212.0,1137.4,1187.0,1489760.0
2019-04-26,1187.2,1219.6,1184.2,1218.4,1211670.0
2019-04-29,1218.4,1231.8,1191.2,1205.2,876200.0
2019-04-30,1199.8,1210.2,1190.4,1205.2,624430.0
2019-05-02,1201.2,1208.0,1193.4,1207.2,898430.0
2019-05-03,1200.2,1202.4,1187.4,1199.8,1133200.0
2019-05-06,1194.0,1199.8,1185.8,1199.8,439040.0
2019-05-07,1195.0,1219.4,1191.6,1205.8,1301190.0
2019-05-08,1198.8,1205.6,1193.6,1203.0,934300.0
2019-05-10,1195.4,1208.8,1192.4,1200.0,413080.0
2019-05-13,1198.8,1216.6,1197.6,1210.0,1172180.0
2019-05-14,1210.0,1219.8,1187.2,1190.0,873490.0
2019-05-15,1193.6,1195.0,1174.4,1186.0,598260.0
2019-05-16,1179.0,1220.0,1176.0,1204.6,1024160.0
2019-05-17,1211.6,1217.4,1192.8,1198.6,754580.0
2019-05-20,1200.0,1308.2,1194.0,1220.2,1015450.0
2019-05-21,1225.0,1257.4,1224.4,1245.0,1152460.0
2019-05-22,1252.6,1308.4,1242.0,1297.0,1827050.0
2019-05-23,1290.0,1303.0,1271.2,1302.0,1477520.0
2019-05-24,1302.4,1302.4,1282.6,1291.4,978120.0
2019-05-27,1291.4,1320.0,1289.2,1317.2,481560.0
2019-05-28,1317.2,1324.2,1293.2,1306.0,1054030.0
2019-05-29,1306.6,1320.0,1295.2,1307.4,739830.0
2019-05-30,1315.6,1319.0,1276.4,1308.0,790840.0
2019-05-31,1307.0,1332.4,1297.0,1323.0,735460.0
2019-06-03,1323.2,1357.8,1305.0,1321.0,746260.0
2019-06-04,1319.4,1337.0,1285.2,1296.0,1172970.0
2019-06-05,1299.0,1301.6,1271.0,1279.0,620610.0
2019-06-06,1277.8,1297.8,1275.2,1293.0,579980.0
2019-06-07,1299.6,1303.2,1286.6,1295.2,662430.0
2019-06-10,1299.0,1312.8,1293.0,1298.4,424580.0
2019-06-11,1298.0,1335.0,1292.4,1320.0,590260.0
2019-06-13,1314.6,1322.4,1298.8,1308.0,598270.0
2019-06-14,1311.2,1336.0,1302.0,1305.4,591060.0
2019-06-17,1305.2,1315.0,1301.4,1307.0,1054170.0
2019-06-18,1309.6,1313.4,1292.2,1309.8,734210.0
2019-06-19,1309.8,1319.0,1274.2,1275.4,943800.0
2019-06-20,1283.8,1318.8,1280.0,1309.8,1605300.0
2019-06-21,1311.0,1321.0,1297.4,1320.0,1410770.0
2019-06-24,1315.0,1318.2,1290.4,1293.2,578110.0
2019-06-25,1294.8,1305.4,1290.6,1294.0,419190.0
2019-06-26,1292.6,1308.8,1285.8,1306.0,499550.0
2019-06-27,1309.0,1346.6,1296.0,1330.4,759870.0
2019-06-28,1339.8,1353.0,1321.0,1337.4,1103480.0
2019-07-01,1345.0,1382.2,1300.0,1305.2,1277900.0
2019-07-02,1307.0,1319.2,1299.6,1305.4,669230.0
2019-07-03,1306.2,1307.8,1286.6,1299.2,852320.0
2019-07-04,1299.8,1314.0,1289.6,1310.0,668830.0
2019-07-05,1310.0,1319.6,1300.4,1308.4,747900.0
2019-07-08,1310.6,1312.0,1298.0,1309.2,535680.0
2019-07-09,1310.0,1327.2,1307.6,1322.0,653550.0
2019-07-10,1328.6,1330.0,1313.0,1320.0,404120.0
2019-07-11,1323.2,1326.6,1307.0,1317.0,462520.0
2019-07-12,1315.2,1316.2,1284.2,1288.8,557340.0
2019-07-15,1299.4,1299.4,1271.0,1274.2,428190.0
2019-07-16,1272.0,1289.8,1272.0,1280.0,368250.0
2019-07-17,1279.6,1311.0,1275.6,1309.8,556570.0
2019-07-18,1303.8,1306.0,1285.0,1290.4,257310.0
2019-07-19,1299.0,1300.8,1286.8,1292.2,351900.0
2019-07-22,1293.0,1299.8,1288.2,1297.0,216940.0
2019-07-23,1298.4,1298.6,1287.2,1297.2,204860.0
2019-07-24,1298.0,1323.4,1291.2,1307.0,795220.0
2019-07-25,1310.0,1337.4,1303.2,1322.4,1063880.0
2019-07-26,1320.4,1338.8,1316.6,1336.8,692720.0
2019-07-29,1334.4,1341.6,1330.4,1339.4,264580.0
2019-07-30,1338.8,1342.0,1323.0,1325.0,251390.0
2019-07-31,1323.2,1330.4,1312.8,1319.6,398800.0
2019-08-01,1315.4,1335.4,1310.2,1328.0,237300.0
2019-08-02,1325.4,1332.8,1282.8,1294.0,997620.0
2019-08-05,1287.4,1295.6,1275.6,1288.2,514160.0
2019-08-06,1289.6,1303.2,1282.0,1303.2,348570.0
2019-08-07,1297.0,1308.8,1288.8,1304.8,448610.0
2019-08-08,1306.0,1329.2,1305.4,1318.0,502390.0
2019-08-09,1327.8,1327.8,1285.6,1288.6,591470.0
2019-08-12,1291.2,1299.0,1259.0,1273.0,803660.0
2019-08-13,1274.8,1287.0,1250.0,1278.4,746980.0
2019-08-14,1273.8,1281.4,1245.0,1255.8,576390.0
2019-08-15,1256.0,1262.0,1226.4,1237.8,777010.0
2019-08-16,1235.8,1256.0,1230.0,1250.0,744920.0
2019-08-19,1257.0,1267.4,1245.4,1248.0,601600.0
2019-08-20,1254.0,1278.4,1249.2,1275.6,513240.0
2019-08-21,1280.0,1281.6,1270.0,1276.2,632400.0
2019-08-22,1275.0,1292.2,1272.0,1280.8,712440.0
2019-08-23,1280.2,1285.8,1260.0,1272.6,950460.0
2019-08-26,1263.0,1289.6,1260.8,1284.0,334490.0
2019-08-27,1281.4,1283.8,1239.6,1258.8,1838870.0
2019-08-28,1262.6,1275.0,1251.0,1275.0,606530.0
2019-08-29,1275.6,1288.4,1272.0,1282.4,434310.0
2019-08-30,1286.4,1303.0,1281.2,1288.0,339000.0
2019-09-02,1292.0,1312.6,1284.0,1306.0,412920.0
2019-09-03,1306.0,1324.6,1289.0,1320.0,601953.0
2019-09-04,1321.0,1335.0,1315.2,1318.8,520099.0
2019-09-05,1326.0,1334.0,1317.0,1321.0,844629.0
2019-09-06,1320.0,1329.0,1201.2,1312.0,889297.0
2019-09-09,1313.0,1326.8,1292.0,1292.0,350822.0
2019-09-10,1290.8,1297.2,1269.0,1279.0,607262.0
2019-09-11,1281.2,1312.8,1280.0,1303.6,608719.0
2019-09-12,1304.0,1309.4,1266.0,1274.0,795983.0
2019-09-13,1270.0,1274.0,1257.2,1269.0,427043.0
2019-09-16,1272.8,1317.0,1271.4,1317.0,862962.0
2019-09-17,1313.8,1337.0,1308.6,1326.0,1018218.0
2019-09-18,1324.0,1332.0,1317.4,1325.6,381215.0
2019-09-19,1323.0,1330.6,1310.4,1314.2,571114.0
2019-09-20,1313.2,1337.4,1298.0,1337.4,757665.0
2019-09-23,1330.0,1361.0,1318.0,1357.6,685224.0
2019-09-24,1355.0,1364.2,1326.4,1335.0,548585.0
2019-09-25,1332.8,1353.4,1323.0,1350.0,396002.0
2019-09-26,1353.0,1369.0,1342.8,1367.0,792136.0
2019-09-27,1366.2,1375.8,1337.0,1339.6,612385.0
2019-09-30,1344.0,1344.8,1311.8,1312.4,587331.0
2019-10-01,1317.0,1331.2,1311.4,1319.0,517305.0
2019-10-02,1316.8,1322.0,1291.8,1294.0,492472.0
2019-10-03,1303.4,1307.8,1286.4,1290.0,471308.0
2019-10-04,1298.0,1313.4,1290.0,1291.6,454878.0
2019-10-07,1292.8,1312.8,1286.4,1306.8,303283.0
2019-10-08,1304.0,1316.2,1300.8,1314.0,382564.0
2019-10-09,1303.0,1330.8,1297.0,1299.2,431024.0
2019-10-10,1299.2,1325.0,1291.6,1324.0,329934.0
2019-10-11,1324.0,1348.4,1311.2,1334.2,469368.0
2019-10-14,1328.0,1348.2,1321.0,1325.4,367188.0
2019-10-15,1322.8,1339.0,1316.4,1337.0,367586.0
2019-10-16,1337.0,1360.0,1337.0,1360.0,621968.0
2019-10-17,1362.0,1363.4,1343.6,1352.0,367959.0
2019-10-18,1348.8,1355.0,1335.6,1336.8,312892.0
2019-10-21,1335.2,1339.0,1324.0,1330.6,402827.0
2019-10-22,1330.6,1348.0,1319.4,1348.0,431627.0
2019-10-23,1345.6,1349.2,1337.0,1340.0,259047.0
2019-10-24,1339.2,1359.8,1332.0,1359.8,511725.0
2019-10-25,1358.8,1358.8,1313.4,1343.0,853299.0
2019-10-28,1343.0,1353.6,1335.0,1342.0,580449.0
2019-10-29,1339.8,1359.4,1336.2,1359.4,598557.0
2019-10-30,1357.0,1365.6,1345.4,1365.0,846259.0
2019-10-31,1365.6,1372.8,1347.4,1360.0,592865.0
2019-11-01,1360.2,1367.0,1350.0,1364.0,478299.0
2019-11-05,1368.0,1377.2,1357.0,1374.4,597602.0
2019-11-06,1374.0,1374.2,1365.0,1373.6,476881.0
2019-11-07,1372.2,1380.0,1357.8,1380.0,583468.0
2019-11-08,1376.6,1382.0,1351.0,1363.0,707390.0
2019-11-11,1360.2,1362.0,1348.8,1349.0,594587.0
2019-11-12,1350.2,1368.8,1350.0,1352.2,552498.0
2019-11-13,1351.2,1356.6,1340.2,1351.0,365537.0
2019-11-14,1350.0,1356.4,1319.4,1331.6,577308.0
2019-11-15,1332.4,1346.0,1315.8,1334.4,671840.0
2019-11-18,1338.0,1342.6,1306.2,1309.8,565995.0
2019-11-19,1317.6,1327.8,1305.0,1314.2,649979.0
2019-11-20,1313.0,1315.6,1298.0,1305.0,505869.0
2019-11-21,1305.0,1306.8,1295.2,1302.8,389405.0
2019-11-22,1302.4,1321.6,1300.4,1309.4,658230.0
2019-11-25,1310.0,1315.2,1299.0,1308.8,417113.0
2019-11-26,1308.0,1309.8,1272.0,1280.0,949591.0
2019-11-27,1290.0,1295.0,1256.2,1269.0,1500719.0
2019-11-28,1271.0,1278.8,1252.6,1272.8,500866.0
2019-11-29,1272.8,1276.6,1260.0,1267.6,453434.0
2019-12-02,1269.8,1274.0,1256.8,1258.4,589342.0
2019-12-03,1256.4,1264.8,1248.8,1250.0,424714.0
2019-12-04,1250.2,1276.4,1236.2,1271.0,950364.0
2019-12-05,1272.0,1276.0,1250.0,1251.4,714497.0
2019-12-06,1255.4,1268.0,1249.0,1255.0,652141.0
2019-12-09,1265.8,1267.8,1256.2,1262.6,642262.0
2019-12-10,1260.4,1264.6,1245.6,1248.8,555704.0
2019-12-11,1248.8,1261.0,1245.0,1245.6,568159.0
2019-12-12,1251.4,1268.0,1245.4,1256.0,1034393.0
2019-12-13,1260.0,1265.8,1249.2,1259.6,717737.0
2019-12-16,1259.6,1285.2,1252.2,1284.0,515778.0
2019-12-17,1289.8,1291.6,1269.8,1279.2,822014.0
2019-12-18,1279.6,1288.8,1274.0,1288.8,664012.0
2019-12-19,1289.4,1302.8,1283.2,1294.4,968960.0
2019-12-20,1294.6,1300.4,1276.8,1292.4,898495.0
2019-12-23,1289.6,1292.6,1271.6,1274.4,569277.0
2019-12-24,1274.4,1277.2,1257.0,1263.6,322105.0
2019-12-25,1263.6,1273.8,1251.2,1268.4,188771.0
2019-12-26,1271.0,1272.8,1256.2,1269.0,236404.0
2019-12-27,1271.8,1274.2,1252.6,1268.8,557981.0
2019-12-30,1269.0,1269.2,1260.2,1262.0,268223.0
2020-01-03,1265.0,1271.0,1260.6,1264.0,407692.0
2020-01-06,1267.4,1272.0,1256.8,1271.0,252964.0
2020-01-08,1281.0,1329.0,1276.2,1325.4,1232591.0
2020-01-09,1325.2,1345.0,1310.4,1339.4,753605.0
2020-01-10,1338.4,1339.6,1303.8,1306.8,638980.0
2020-01-13,1314.8,1314.8,1295.0,1305.6,622810.0
2020-01-14,1310.0,1317.4,1258.0,1259.0,1678738.0
2020-01-15,1258.6,1272.0,1251.8,1260.0,1260389.0
2020-01-16,1263.8,1274.0,1260.2,1264.0,748251.0
2020-01-17,1263.0,1279.6,1255.4,1255.4,1151302.0
2020-01-20,1255.8,1267.0,1241.6,1243.0,1084088.0
2020-01-21,1243.4,1247.6,1211.4,1242.0,1069589.0
2020-01-22,1243.4,1249.8,1185.2,1196.8,2010179.0
2020-01-23,1201.0,1233.6,1198.0,1212.4,1496872.0
2020-01-24,1214.0,1219.2,1193.0,1202.0,950942.0
2020-01-27,1194.0,1207.4,1172.0,1176.6,1240515.0
2020-01-28,1178.2,1185.8,1156.2,1168.2,1021242.0
2020-01-29,1169.4,1202.0,1161.0,1199.0,1546864.0
2020-01-30,1192.2,1202.8,1185.8,1193.6,962770.0
2020-01-31,1196.0,1199.8,1154.2,1155.6,2059966.0
2020-02-03,1150.0,1166.0,1128.2,1140.0,1336880.0
2020-02-04,1139.2,1154.0,1122.2,1143.6,1152781.0
2020-02-05,1143.0,1170.4,1129.2,1153.8,1842972.0
2020-02-06,1158.4,1165.0,1092.0,1097.6,2480123.0
2020-02-07,1098.2,1108.8,1059.0,1072.0,2480408.0
2020-02-10,1073.4,1087.2,1046.0,1047.2,2333297.0
2020-02-11,1052.2,1067.0,1037.4,1060.0,2406596.0
2020-02-12,1062.2,1065.0,1043.0,1050.0,2291668.0
2020-02-13,1051.0,1075.6,1049.6,1054.0,1864159.0
2020-02-14,1055.0,1071.0,1048.0,1051.4,1476574.0
2020-02-17,1059.6,1101.8,1051.4,1092.0,3446080.0
2020-02-18,1099.0,1117.0,1082.2,1094.4,2984558.0
2020-02-19,1100.2,1122.0,1063.0,1117.0,3316332.0
2020-02-20,1120.8,1138.6,1100.6,1106.4,3399994.0
2020-02-21,1093.8,1116.6,1080.4,1094.2,2707371.0
2020-02-25,1060.0,1082.8,1045.4,1048.0,2257132.0
2020-02-26,1049.2,1049.4,1002.2,1039.6,4167839.0
2020-02-27,1019.0,1028.0,988.6,998.4,2665597.0
2020-02-28,972.0,989.8,906.2,964.8,5685037.0
2020-03-02,984.8,1005.0,946.6,997.2,4505883.0
2020-03-03,1012.0,1021.8,992.0,1007.6,2057148.0
2020-03-04,992.2,1005.8,984.0,998.0,1440028.0
2020-03-05,1005.4,1011.0,971.4,988.0,1852957.0
2020-03-06,975.4,977.6,901.0,964.8,3639844.0
2020-03-10,865.2,980.8,808.8,963.0,7546138.0
2020-03-11,967.2,973.4,908.0,916.6,2944631.0
2020-03-12,888.0,889.0,788.8,801.0,4156463.0
2020-03-13,808.0,857.8,800.0,806.0,4237103.0
2020-03-16,808.0,836.6,746.0,824.2,3695498.0
2020-03-17,816.2,834.0,772.8,788.4,3187416.0
2020-03-18,771.4,782.8,710.2,715.8,4212365.0
2020-03-19,720.0,843.6,682.8,832.4,6369590.0
2020-03-20,849.2,900.0,780.4,781.8,6282315.0
2020-03-23,755.0,827.6,730.0,806.0,4666278.0
2020-03-24,851.0,876.4,828.2,864.0,3134963.0
2020-03-25,878.4,935.0,868.0,922.2,4937293.0
2020-03-26,910.0,935.0,885.4,918.2,2621791.0
2020-03-27,922.0,924.0,834.6,869.6,2667429.0
2020-03-30,859.0,875.6,826.2,866.0,2010523.0
2020-03-31,879.8,924.4,876.2,917.6,3508513.0
2020-04-01,893.2,910.0,883.2,891.0,2067354.0
2020-04-02,919.0,959.0,899.2,953.0,3718759.0
2020-04-03,972.0,1010.0,950.0,987.0,4062300.0
2020-04-06,999.0,1027.0,988.0,1006.2,2213887.0
2020-04-07,1026.4,1046.8,1021.2,1038.0,2706983.0
2020-04-08,1033.8,1053.8,1016.2,1053.8,2040486.0
2020-04-09,1069.8,1092.6,1032.4,1073.0,3573275.0
2020-04-10,1070.2,1070.2,1048.6,1062.6,915795.0
2020-04-13,1064.0,1068.2,1021.4,1024.0,1270232.0
2020-04-14,1033.0,1044.6,1003.2,1007.2,2002023.0
2020-04-15,1000.2,1012.8,941.6,952.0,3327087.0
2020-04-16,951.0,955.6,931.8,938.4,3012528.0
2020-04-17,950.0,977.0,942.2,957.8,2442825.0
2020-04-20,952.8,972.6,952.0,971.2,1504908.0
2020-04-21,959.2,971.0,930.4,955.0,2677631.0
2020-04-22,954.0,988.0,951.8,981.4,2098996.0
2020-04-23,987.0,994.6,967.0,976.4,1763268.0
2020-04-24,976.6,985.4,954.4,973.2,1228485.0
2020-04-27,973.8,1011.0,972.8,993.8,1452435.0
2020-04-28,993.8,1055.8,991.8,1034.2,2303244.0
2020-04-29,1031.0,1045.6,1018.0,1040.2,1677870.0
2020-04-30,1049.8,1054.2,1017.0,1037.2,1455272.0
2020-05-04,1024.0,1035.0,1007.2,1030.0,1256040.0
2020-05-05,1044.6,1076.0,1041.6,1059.8,1469171.0
2020-05-06,1067.2,1080.0,1043.0,1060.0,4521758.0
2020-05-07,1047.0,1056.6,1023.6,1028.0,2564510.0
2020-05-08,1032.2,1034.8,1000.4,1032.0,1973003.0
2020-05-12,1026.2,1034.0,1005.0,1028.0,1399833.0
2020-05-13,1020.4,1020.4,1002.6,1002.6,1216833.0
2020-05-14,1000.0,1010.2,991.2,1003.0,1311080.0
2020-05-15,1018.2,1027.0,1004.8,1008.2,1352369.0
2020-05-18,1018.6,1067.8,1008.0,1060.0,2499509.0
2020-05-19,1062.0,1079.2,1055.2,1077.0,2196626.0
2020-05-20,1078.0,1142.8,1067.0,1140.0,4220768.0
2020-05-21,1139.8,1147.8,1091.0,1093.0,2618757.0
2020-05-22,1076.2,1089.0,1063.6,1078.4,1520724.0
2020-05-25,1086.6,1105.0,1082.2,1096.0,743581.0
2020-05-26,1103.8,1123.2,1086.8,1093.0,1562307.0
2020-05-27,1088.0,1103.8,1051.0,1068.0,2389743.0
2020-05-28,1068.8,1085.0,1067.6,1084.0,1364508.0
2020-05-29,1077.6,1078.2,1025.0,1029.6,2938428.0
2020-06-01,1050.2,1053.6,1018.0,1039.2,2172599.0
2020-06-02,1044.0,1069.2,1040.6,1066.0,1764190.0
2020-06-03,1072.0,1079.4,1056.6,1066.8,1862482.0
2020-06-04,1067.4,1081.8,1053.4,1067.6,1685750.0
2020-06-05,1073.0,1101.2,1064.0,1086.4,1877851.0
2020-06-08,1095.8,1095.8,1076.4,1080.0,1302701.0
2020-06-09,1085.6,1092.8,1065.4,1078.0,1245298.0
2020-06-10,1076.6,1093.4,1060.0,1092.0,1468948.0
2020-06-11,1075.8,1091.2,1050.0,1068.4,1671280.0
2020-06-15,1057.2,1077.4,1036.4,1060.0,1543266.0
2020-06-16,1074.6,1082.8,1065.4,1075.4,1218162.0
2020-06-17,1077.0,1087.0,1069.2,1072.2,913789.0
2020-06-18,1073.6,1075.2,1050.0,1075.2,1326324.0
2020-06-19,1078.2,1082.8,1051.0,1079.0,2312462.0
2020-06-22,1073.6,1082.8,1057.6,1081.4,1283929.0
2020-06-23,1082.0,1090.0,1073.8,1076.2,939843.0
2020-06-25,1062.6,1070.2,1055.0,1064.0,1171549.0
2020-06-26,1061.0,1066.2,1042.0,1045.0,700062.0
2020-06-29,1045.0,1052.6,1028.4,1043.8,1327816.0
2020-06-30,1045.4,1048.6,1010.8,1022.0,1453209.0
2020-07-02,1028.4,1050.6,1025.0,1043.0,1179402.0
2020-07-03,1040.0,1049.0,1036.4,1048.6,494029.0
2020-07-06,1052.2,1067.8,1040.2,1047.4,1700463.0
2020-07-07,1039.2,1051.0,1025.4,1034.4,1257808.0
2020-07-08,1030.6,1048.2,1029.6,1045.4,730766.0
2020-07-09,1045.2,1047.0,1021.0,1025.8,1021757.0
2020-07-10,1020.8,1043.0,1020.4,1039.0,769751.0
2020-07-13,1044.4,1055.0,1034.2,1036.4,862932.0
2020-07-14,1043.4,1063.0,1032.0,1059.4,1584910.0
2020-07-15,1062.8,1075.0,1057.4,1069.8,904680.0
2020-07-16,1065.0,1077.0,1061.0,1067.2,617200.0
2020-07-17,1073.0,1093.2,1067.8,1086.8,854071.0
2020-07-20,1085.0,1100.0,1076.6,1094.0,880848.0
2020-07-21,1096.4,1110.0,1095.4,1099.0,923261.0
2020-07-22,1099.6,1105.2,1075.2,1098.4,911891.0
2020-07-23,1104.6,1107.0,1081.0,1082.4,808459.0
2020-07-24,1082.8,1100.0,1080.0,1093.0,753940.0
2020-07-27,1098.4,1099.6,1066.2,1082.0,1541670.0
2020-07-28,1082.0,1086.2,1070.8,1080.0,717000.0
2020-07-29,1080.4,1092.2,1077.8,1089.6,838507.0
2020-07-30,1088.2,1092.6,1075.4,1080.8,794811.0
2020-07-31,1088.6,1092.0,1077.2,1089.4,603945.0
2020-08-03,1088.4,1092.2,1058.0,1065.8,1513845.0
2020-08-04,1069.6,1069.6,1056.0,1066.4,806778.0
2020-08-05,1066.4,1101.4,1063.0,1096.2,2171207.0
2020-08-06,1100.0,1115.0,1092.8,1108.4,1246754.0
2020-08-07,1106.8,1109.6,1094.0,1104.8,944576.0
2020-08-10,1107.0,1116.8,1101.6,1107.4,632885.0
2020-08-11,1108.0,1128.0,1108.0,1115.0,1196706.0
2020-08-12,1120.4,1154.8,1114.0,1153.4,1030410.0
2020-08-13,1148.6,1168.0,1136.8,1150.0,1076199.0
2020-08-14,1172.8,1181.6,1158.4,1180.2,1964897.0
2020-08-17,1180.6,1189.8,1151.2,1162.6,1387434.0
2020-08-18,1156.0,1170.2,1147.6,1154.4,783488.0
2020-08-19,1155.0,1161.6,1143.6,1147.2,679899.0
2020-08-20,1142.6,1151.2,1115.0,1127.8,1337088.0
2020-08-21,1129.6,1137.8,1115.8,1120.6,1130632.0
2020-08-24,1127.0,1142.2,1121.0,1141.4,969144.0
2020-08-25,1147.2,1148.6,1131.4,1138.0,798885.0
2020-08-26,1138.4,1140.8,1125.6,1138.4,671150.0
2020-08-27,1135.2,1140.2,1101.0,1110.4,1110389.0
2020-08-28,1117.6,1117.6,1090.2,1096.4,1390631.0
2020-08-31,1099.8,1112.0,1099.0,1103.0,539266.0
2020-09-01,1109.0,1109.0,1091.6,1106.0,1064731.0
2020-09-02,1108.8,1124.4,1093.0,1097.0,1662712.0
2020-09-03,1096.8,1104.2,1090.4,1095.0,944615.0
2020-09-04,1093.8,1133.0,1092.4,1130.4,1426752.0
2020-09-07,1127.2,1132.4,1107.0,1113.6,848432.0
2020-09-08,1118.2,1118.8,1084.0,1102.8,1024536.0
2020-09-09,1104.4,1121.8,1087.8,1092.0,874778.0
2020-09-10,1088.8,1092.8,1071.0,1078.0,1175023.0
2020-09-11,1078.0,1084.8,1070.2,1077.8,863403.0
2020-09-14,1084.4,1093.8,1083.6,1091.2,607540.0
2020-09-15,1091.8,1119.6,1089.4,1118.2,1528592.0
2020-09-16,1119.4,1126.0,1104.4,1114.4,1276184.0
2020-09-17,1104.0,1130.2,1103.4,1125.0,1074812.0
2020-09-18,1126.0,1129.0,1112.2,1122.0,1282897.0
2020-09-21,1122.6,1122.6,1082.2,1092.0,1356374.0
2020-09-22,1086.2,1106.8,1078.0,1087.6,850702.0
2020-09-23,1086.8,1089.6,1051.6,1054.0,2547068.0
2020-09-24,1053.2,1065.0,1043.6,1063.0,1349771.0
2020-09-25,1065.0,1088.6,1051.2,1081.4,1416409.0
2020-09-28,1082.6,1098.6,1078.6,1092.0,960872.0
2020-09-29,1090.4,1104.2,1063.8,1073.2,1351570.0
2020-09-30,1071.0,1082.0,1057.0,1064.0,887657.0
2020-10-01,1068.0,1070.8,1043.4,1050.4,796383.0
2020-10-02,1049.2,1066.0,1042.4,1060.4,904434.0
2020-10-05,1065.2,1076.8,1049.6,1070.6,1147367.0
2020-10-06,1073.2,1117.0,1072.2,1107.2,1661563.0
2020-10-07,1108.8,1111.6,1092.4,1097.6,1155439.0
2020-10-08,1102.0,1112.6,1083.0,1090.6,802980.0
2020-10-09,1079.8,1098.6,1076.0,1090.8,922347.0
2020-10-12,1096.6,1105.0,1091.4,1099.8,591111.0
2020-10-13,1099.6,1103.6,1075.0,1077.0,629159.0
2020-10-14,1078.2,1093.0,1075.0,1089.0,379065.0
2020-10-15,1088.2,1097.6,1060.6,1067.0,788861.0
2020-10-16,1065.0,1070.0,1054.6,1069.6,584411.0
2020-10-19,1069.6,1078.6,1060.2,1066.8,724206.0
2020-10-20,1066.6,1073.4,1051.8,1062.2,675631.0
2020-10-21,1064.8,1066.4,1037.0,1043.2,1205604.0
2020-10-22,1040.0,1048.0,1028.8,1034.6,991456.0
2020-10-23,1036.0,1063.0,1035.0,1058.6,1059428.0
2020-10-26,1058.0,1063.0,1031.2,1037.8,638621.0
2020-10-27,1039.2,1044.4,1027.0,1032.0,640757.0
2020-10-28,1032.8,1035.0,980.0,991.6,2028832.0
2020-10-29,991.2,1002.0,972.0,985.8,1620818.0
2020-10-30,979.0,979.4,948.8,951.4,2195550.0
2020-11-02,952.2,1026.4,937.6,1026.0,3297456.0
2020-11-03,1020.0,1032.6,1014.4,1030.8,1307390.0
2020-11-05,1040.6,1071.6,1036.2,1063.0,1748445.0
2020-11-06,1060.0,1095.4,1047.2,1094.4,1920211.0
2020-11-09,1100.0,1189.0,1095.4,1159.0,4661605.0
2020-11-10,1158.0,1214.2,1145.8,1188.2,3477928.0
2020-11-11,1189.8,1207.0,1172.2,1193.0,1820927.0
2020-11-12,1190.6,1214.0,1185.0,1198.0,1376649.0
2020-11-13,1196.0,1241.4,1190.8,1240.8,1649741.0
2020-11-16,1239.0,1259.8,1222.2,1253.0,1686709.0
2020-11-17,1250.0,1256.8,1230.6,1248.2,1313922.0
2020-11-18,1248.2,1275.4,1242.8,1261.4,1111395.0
2020-11-19,1261.0,1266.4,1240.4,1246.8,1062354.0
2020-11-20,1247.6,1271.4,1237.2,1264.0,1629561.0
2020-11-23,1263.4,1277.8,1245.0,1257.2,1341151.0
2020-11-24,1261.4,1274.8,1255.0,1269.6,765932.0
2020-11-25,1267.6,1273.0,1248.2,1267.6,934867.0
2020-11-26,1266.8,1268.0,1246.0,1251.0,723797.0
2020-11-27,1253.6,1256.0,1235.8,1244.2,1239790.0
2020-11-30,1238.8,1240.0,1179.6,1199.4,1925330.0
2020-12-01,1203.2,1230.0,1201.4,1226.4,1258651.0
2020-12-02,1222.0,1229.0,1201.4,1222.6,794949.0
2020-12-03,1225.0,1228.2,1190.6,1193.2,824719.0
2020-12-04,1201.0,1234.8,1200.2,1224.2,1115113.0
2020-12-07,1218.0,1230.4,1198.2,1216.6,870379.0
2020-12-08,1214.0,1221.0,1187.0,1198.4,1456557.0
2020-12-09,1199.0,1202.8,1176.6,1177.8,958638.0
2020-12-10,1177.0,1245.0,1160.0,1236.8,1779915.0
2020-12-11,1234.4,1244.4,1217.2,1224.2,1584486.0
2020-12-14,1227.0,1265.8,1212.4,1215.0,2103430.0
2020-12-15,1216.0,1227.0,1193.2,1214.8,1417151.0
2020-12-16,1215.0,1217.6,1173.0,1194.0,1556480.0
2020-12-17,1200.6,1209.6,1185.0,1198.0,1885370.0
2020-12-18,1192.4,1244.4,1181.0,1236.8,3160447.0
2020-12-21,1226.8,1231.0,1194.0,1207.8,2642873.0
2020-12-22,1198.8,1232.8,1197.2,1219.4,1039117.0
2020-12-23,1221.2,1228.2,1204.4,1218.6,917621.0
2020-12-24,1222.0,1224.2,1205.0,1205.0,607009.0
2020-12-25,1208.0,1229.2,1205.0,1225.0,460240.0
2020-12-28,1222.0,1239.2,1222.0,1236.8,701995.0
2020-12-29,1237.2,1255.0,1225.6,1236.0,1582262.0
2020-12-30,1242.4,1272.0,1233.6,1261.4,4823423.0
2021-01-04,1257.8,1273.6,1210.2,1250.4,2009855.0
2021-01-05,1253.0,1291.0,1240.6,1287.4,1160521.0
2021-01-06,1284.0,1308.6,1273.0,1301.2,1610612.0
2021-01-08,1314.6,1380.0,1313.8,1379.2,2735459.0
2021-01-11,1375.2,1434.4,1361.0,1405.4,2454856.0
2021-01-12,1411.0,1422.2,1387.8,1401.0,1593783.0
2021-01-13,1405.2,1430.0,1397.2,1425.6,1302980.0
2021-01-14,1424.6,1459.0,1415.0,1438.0,1563420.0
2021-01-15,1430.8,1439.2,1370.2,1375.8,2317029.0
2021-01-18,1373.8,1412.8,1353.0,1390.4,1726386.0
2021-01-19,1397.4,1403.2,1370.0,1377.2,1030226.0
2021-01-20,1384.8,1407.2,1377.2,1388.6,1025111.0
2021-01-21,1391.4,1395.0,1341.0,1352.0,1519641.0
2021-01-22,1347.6,1367.0,1323.6,1359.2,1493927.0
2021-01-25,1364.8,1388.0,1356.6,1373.0,1399266.0
2021-01-26,1364.0,1382.8,1356.4,1373.8,698569.0
2021-01-27,1374.4,1379.4,1333.2,1340.8,1338743.0
2021-01-28,1329.0,1353.8,1317.2,1325.0,1148249.0
2021-01-29,1320.6,1321.8,1263.4,1266.8,2577541.0
2021-02-01,1279.6,1306.0,1260.0,1302.8,1515531.0
2021-02-02,1306.2,1357.0,1306.2,1336.0,2329775.0
2021-02-03,1340.0,1353.4,1325.0,1336.8,1057216.0
2021-02-04,1336.0,1351.4,1323.0,1339.4,1155922.0
2021-02-05,1341.6,1381.0,1340.0,1378.2,1434012.0
2021-02-08,1381.0,1403.6,1375.2,1399.8,1309333.0
2021-02-09,1402.0,1413.6,1364.8,1378.0,1857532.0
2021-02-10,1374.2,1385.0,1334.6,1347.0,1767357.0
2021-02-11,1345.8,1359.8,1326.0,1327.4,1002750.0
2021-02-12,1329.6,1380.0,1309.0,1370.0,1362871.0
2021-02-15,1385.6,1410.0,1377.4,1409.8,2016665.0
2021-02-16,1410.2,1425.0,1382.8,1399.0,1559477.0
2021-02-17,1398.2,1408.2,1343.2,1372.0,2651151.0
2021-02-18,1380.2,1380.2,1330.0,1330.4,1236052.0
2021-02-19,1329.0,1369.4,1317.4,1363.0,1693317.0
2021-02-20,1366.0,1366.8,1349.4,1363.0,96407.0
2021-02-22,1363.0,1368.2,1326.4,1338.6,1050997.0
2021-02-24,1343.4,1343.4,1295.8,1323.0,2229242.0
2021-02-25,1323.6,1336.0,1288.0,1293.4,1920372.0
2021-02-26,1288.8,1294.0,1268.0,1276.0,1662708.0
2021-03-01,1291.0,1304.2,1280.2,1298.6,994439.0
2021-03-02,1294.8,1324.0,1288.6,1319.0,1157006.0
2021-03-03,1323.8,1352.2,1307.0,1318.8,1421269.0
2021-03-04,1321.6,1336.6,1281.8,1297.0,2021540.0
2021-03-05,1306.6,1407.8,1303.0,1395.0,3673789.0
2021-03-09,1404.0,1471.0,1398.2,1459.4,2566872.0
2021-03-10,1454.8,1483.0,1440.0,1467.2,2026606.0
2021-03-11,1472.8,1499.2,1465.8,1490.4,1336664.0
2021-03-12,1490.4,1535.2,1480.0,1532.0,1965871.0
2021-03-15,1531.0,1563.0,1524.2,1558.6,2138704.0
2021-03-16,1559.2,1559.8,1528.8,1540.2,1498210.0
2021-03-17,1544.8,1550.0,1470.0,1493.6,3093971.0
2021-03-18,1498.2,1510.0,1438.0,1443.0,2460144.0
2021-03-19,1442.0,1464.4,1410.6,1427.8,3003152.0
2021-03-22,1426.2,1450.6,1420.2,1434.6,1599033.0
2021-03-23,1427.0,1480.8,1417.0,1464.4,2119638.0
2021-03-24,1466.0,1526.0,1453.2,1501.0,1414877.0
2021-03-25,1502.8,1516.8,1466.0,1492.8,1140972.0
2021-03-26,1502.4,1524.0,1485.0,1518.6,1325212.0
2021-03-29,1506.8,1524.6,1481.2,1497.6,1084871.0
2021-03-30,1497.6,1528.6,1476.8,1484.0,1436656.0
2021-03-31,1491.4,1508.4,1481.2,1488.2,976418.0
2021-04-01,1491.0,1526.8,1466.8,1489.0,1293079.0
2021-04-02,1493.0,1499.8,1468.2,1484.6,403012.0
2021-04-05,1480.0,1480.2,1445.4,1459.6,827757.0
2021-04-06,1464.2,1471.8,1422.4,1424.0,1493342.0
2021-04-07,1430.6,1474.6,1413.6,1462.4,1628136.0
2021-04-08,1465.2,1477.0,1431.2,1445.0,987463.0
2021-04-09,1445.0,1446.0,1418.0,1429.4,732049.0
2021-04-12,1427.2,1454.6,1408.0,1442.6,1219272.0
2021-04-13,1443.0,1470.0,1425.0,1451.2,859220.0
2021-04-14,1465.0,1479.0,1432.8,1456.8,1198653.0
2021-04-15,1440.4,1472.0,1437.6,1447.6,1097330.0
2021-04-16,1455.0,1461.4,1442.0,1457.4,847859.0
2021-04-19,1467.4,1472.0,1422.6,1431.0,930746.0
2021-04-20,1438.8,1447.6,1410.2,1423.4,1232853.0
2021-04-21,1420.2,1435.0,1412.0,1430.8,1031665.0
2021-04-22,1430.8,1450.0,1411.4,1443.6,1260361.0
2021-04-23,1449.0,1453.0,1419.2,1427.2,940570.0
2021-04-26,1427.4,1433.0,1402.4,1408.8,1272163.0
2021-04-27,1413.4,1427.8,1400.6,1406.4,1383687.0
2021-04-28,1410.0,1411.0,1376.0,1395.8,1295226.0
2021-04-29,1405.0,1419.0,1381.8,1401.0,1458209.0
2021-04-30,1404.8,1408.0,1353.2,1358.0,1588637.0
2021-05-04,1364.2,1408.6,1363.0,1406.2,1952662.0
2021-05-05,1409.0,1428.8,1405.2,1418.6,1887284.0
2021-05-06,1407.0,1418.0,1398.0,1411.0,1133737.0
2021-05-07,1416.0,1424.0,1398.0,1419.6,1067352.0
2021-05-10,1420.8,1423.6,1391.0,1414.0,1117423.0
2021-05-11,1405.2,1414.6,1391.0,1407.0,983608.0
2021-05-12,1406.0,1407.8,1386.2,1389.4,1285333.0
2021-05-13,1386.8,1402.6,1380.6,1393.4,972959.0
2021-05-14,1395.0,1397.2,1361.6,1373.2,991082.0
2021-05-17,1378.0,1394.0,1357.2,1393.2,1220379.0
2021-05-18,1400.0,1425.8,1394.2,1402.2,2219153.0
2021-05-19,1402.0,1416.6,1379.0,1393.0,1646913.0
2021-05-20,1395.0,1397.8,1363.2,1375.0,1097955.0
2021-05-21,1381.2,1411.8,1368.8,1403.6,1309490.0
2021-05-24,1408.0,1418.0,1394.0,1402.6,711379.0
2021-05-25,1405.0,1416.6,1395.0,1404.8,795868.0
2021-05-26,1410.0,1424.0,1408.6,1421.2,1018056.0
2021-05-27,1424.0,1466.4,1410.2,1466.0,2175454.0
2021-05-28,1468.4,1472.0,1445.2,1456.0,1265604.0
2021-05-31,1459.6,1464.8,1446.0,1447.6,372768.0
2021-06-01,1452.4,1501.2,1449.4,1491.0,1891142.0
2021-06-02,1493.2,1553.8,1487.2,1552.8,1986250.0
2021-06-03,1557.0,1577.0,1520.4,1551.0,1814602.0
2021-06-04,1553.0,1586.6,1541.2,1576.8,1716770.0
2021-06-07,1574.8,1582.2,1560.2,1569.0,848343.0
2021-06-08,1562.2,1598.0,1559.0,1583.4,1138813.0
2021-06-09,1588.4,1621.4,1584.0,1619.8,1236596.0
2021-06-10,1615.0,1619.8,1565.4,1568.4,1640516.0
2021-06-11,1573.0,1582.8,1543.0,1550.6,1392355.0
2021-06-14,1552.0,1581.8,1551.4,1575.2,674581.0
2021-06-15,1578.0,1579.6,1544.8,1561.6,1034421.0
2021-06-16,1559.0,1597.6,1553.2,1575.4,1423582.0
2021-06-17,1576.0,1604.8,1557.0,1559.0,1591114.0
2021-06-18,1559.0,1569.0,1525.4,1555.4,2533239.0
2021-06-21,1556.4,1578.6,1545.2,1569.6,846270.0
2021-06-22,1577.0,1577.4,1536.2,1554.8,871942.0
2021-06-23,1559.4,1570.0,1536.0,1537.4,981349.0
2021-06-24,1541.0,1547.8,1482.2,1504.0,1107164.0
2021-06-25,1512.0,1554.8,1503.6,1552.0,1782684.0
2021-06-28,1550.0,1564.4,1535.8,1545.2,1110220.0
2021-06-29,1541.6,1547.6,1510.6,1528.2,1090431.0
2021-06-30,1532.8,1612.4,1518.6,1608.0,2107863.0
2021-07-01,1608.0,1676.8,1605.6,1657.8,3055899.0
2021-07-02,1649.8,1680.0,1637.4,1657.0,1394254.0
2021-07-05,1659.6,1688.0,1643.0,1681.2,743162.0
2021-07-06,1682.2,1709.6,1647.6,1651.0,1896809.0
2021-07-07,1650.0,1686.0,1622.0,1640.0,1348874.0
2021-07-08,1636.6,1649.0,1614.2,1638.6,1012776.0
2021-07-09,1636.2,1642.0,1607.0,1612.4,1201033.0
2021-07-12,1610.6,1631.8,1596.2,1614.8,982892.0
2021-07-13,1618.4,1620.6,1590.8,1605.0,715807.0
2021-07-14,1609.0,1617.8,1587.0,1587.0,963415.0
2021-07-15,1593.4,1593.6,1546.8,1556.2,1096129.0
2021-07-16,1555.2,1582.4,1534.6,1537.0,1331901.0
2021-07-19,1534.4,1542.4,1506.2,1515.4,1120968.0
2021-07-20,1520.0,1535.0,1497.6,1523.8,1527117.0
2021-07-21,1529.0,1544.0,1511.0,1540.2,873360.0
2021-07-22,1545.6,1573.8,1529.2,1551.6,1586160.0
2021-07-23,1550.8,1560.8,1520.0,1536.8,956581.0
2021-07-26,1533.2,1566.8,1524.0,1566.0,685485.0
2021-07-27,1565.6,1585.0,1546.4,1554.4,1265576.0
2021-07-28,1554.4,1605.6,1551.2,1604.6,1594866.0
2021-07-29,1609.2,1645.2,1606.8,1640.2,1369281.0
2021-07-30,1633.0,1641.6,1619.2,1633.8,1069902.0
2021-08-02,1639.8,1663.4,1610.0,1625.8,1776934.0
2021-08-03,1632.0,1660.0,1624.6,1660.0,1204345.0
2021-08-04,1656.8,1665.8,1638.6,1648.4,997786.0
2021-08-05,1644.8,1686.6,1642.8,1686.4,874831.0
2021-08-06,1686.0,1704.8,1664.8,1667.6,1552906.0
2021-08-09,1664.6,1694.2,1655.6,1670.0,1450632.0
2021-08-10,1678.0,1716.0,1673.8,1712.8,1290584.0
2021-08-11,1714.4,1729.0,1695.4,1706.0,1055381.0
2021-08-12,1709.0,1737.8,1706.2,1732.8,865404.0
2021-08-13,1734.2,1747.8,1714.6,1729.8,753043.0
2021-08-16,1724.8,1795.0,1718.0,1773.4,1529849.0
2021-08-17,1778.6,1813.8,1761.4,1798.2,1736193.0
2021-08-18,1808.0,1815.4,1770.0,1781.2,1513566.0
2021-08-19,1773.0,1781.4,1727.6,1763.6,2506806.0
2021-08-20,1773.0,1774.2,1705.6,1733.0,1475259.0
2021-08-23,1745.0,1758.8,1733.2,1754.6,1011249.0
2021-08-24,1753.2,1759.8,1725.0,1734.6,1227595.0
2021-08-25,1732.4,1741.4,1702.6,1711.0,1176745.0
2021-08-26,1707.8,1720.6,1675.8,1684.8,1155135.0
2021-08-27,1688.8,1723.8,1681.2,1723.8,1569676.0
2021-08-30,1724.8,1762.0,1721.4,1745.6,1196213.0
2021-08-31,1750.6,1755.2,1715.2,1725.2,1895474.0
2021-09-01,1731.4,1805.4,1731.4,1805.4,2078437.0
2021-09-02,1811.8,1856.0,1788.6,1839.4,2182553.0
2021-09-03,1839.2,1865.0,1815.0,1840.4,1378227.0
2021-09-06,1840.2,1864.8,1839.0,1853.8,934323.0
2021-09-07,1862.4,1960.2,1859.0,1952.0,2565355.0
2021-09-08,1956.0,1964.0,1911.4,1924.0,1996211.0
2021-09-09,1922.4,1954.8,1890.0,1891.0,2253977.0
2021-09-10,1905.0,1933.0,1898.0,1913.0,1222198.0
2021-09-13,1917.0,1994.8,1905.0,1993.0,1802565.0
2021-09-14,1996.0,2025.8,1946.0,1957.2,2739577.0
2021-09-15,1958.0,1965.6,1903.6,1924.8,2462305.0
2021-09-16,1922.6,1924.8,1871.0,1900.6,2669293.0
2021-09-17,1900.4,1929.2,1843.4,1850.0,2668970.0
2021-09-20,1839.4,1863.2,1804.0,1840.0,1818904.0
2021-09-21,1854.6,1865.4,1825.0,1837.0,1525410.0
2021-09-22,1845.8,1920.0,1841.4,1913.6,1741309.0
2021-09-23,1918.6,1940.6,1853.2,1869.0,2113346.0
2021-09-24,1859.8,1890.8,1791.6,1884.6,7534922.0
2021-09-27,1930.0,1930.0,1837.0,1867.0,3358406.0
2021-09-28,1883.2,1888.0,1826.6,1854.2,3791377.0
2021-09-29,1856.0,1875.0,1836.0,1861.0,2041883.0
2021-09-30,1870.8,1927.6,1865.2,1921.0,2854148.0
2021-10-01,1915.0,1941.2,1903.6,1931.8,1666502.0
2021-10-04,1934.8,1969.0,1934.6,1953.0,2057002.0
2021-10-05,1957.6,1992.0,1940.2,1991.6,2199239.0
2021-10-06,1994.2,2003.8,1908.8,1930.4,3245404.0
2021-10-07,1934.8,1944.6,1885.2,1915.8,1961848.0
2021-10-08,1895.6,1947.2,1886.0,1906.4,1375714.0
2021-10-11,1908.0,1923.4,1897.2,1905.0,1118820.0
2021-10-12,1899.4,1915.0,1896.2,1897.6,757965.0
2021-10-13,1895.4,1910.0,1837.0,1907.0,2228496.0
2021-10-14,1914.0,1928.4,1891.2,1898.2,1306319.0
2021-10-15,1903.0,1919.0,1894.2,1905.6,1068916.0
2021-10-18,1904.8,1906.6,1867.2,1897.0,1176034.0
2021-10-19,1897.0,1900.0,1875.0,1892.2,967077.0
2021-10-20,1890.6,1897.4,1858.0,1893.6,1592175.0
2021-10-21,1885.8,1890.0,1840.0,1856.0,1410629.0
2021-10-22,1851.0,1866.4,1827.0,1836.6,1000110.0
2021-10-25,1848.0,1858.0,1823.4,1856.4,1007688.0
2021-10-26,1856.4,1863.6,1827.8,1829.6,1192536.0
2021-10-27,1829.6,1831.8,1786.4,1806.8,1690500.0
2021-10-28,1805.2,1810.8,1772.6,1801.0,1668795.0
2021-10-29,1801.0,1810.0,1771.0,1804.8,1724638.0
2021-11-01,1799.6,1845.8,1799.0,1844.0,1028138.0
2021-11-02,1847.6,1855.6,1800.6,1806.0,940393.0
2021-11-03,1805.2,1810.4,1782.8,1796.6,1016696.0
2021-11-05,1791.0,1797.4,1776.6,1781.8,583565.0
2021-11-08,1794.8,1809.4,1786.0,1788.8,853837.0
2021-11-09,1794.0,1799.0,1777.2,1777.2,915660.0
2021-11-10,1777.6,1795.4,1751.0,1756.2,948914.0
2021-11-11,1760.0,1814.6,1751.0,1790.0,1356022.0
2021-11-12,1800.0,1800.0,1741.2,1780.2,2148261.0
2021-11-15,1780.4,1798.0,1755.0,1785.0,1720289.0
2021-11-16,1794.2,1800.0,1737.4,1771.8,1879733.0
2021-11-17,1760.0,1774.8,1737.4,1759.8,2256984.0
2021-11-18,1758.0,1772.0,1711.4,1714.8,1658893.0
2021-11-19,1727.2,1728.8,1616.0,1624.0,4356366.0
2021-11-22,1625.2,1636.0,1530.8,1575.8,5642140.0
2021-11-23,1560.2,1667.0,1541.6,1665.2,4480147.0
2021-11-24,1670.0,1684.0,1620.2,1668.0,2855147.0
2021-11-25,1674.8,1696.6,1629.6,1632.0,1380785.0
2021-11-26,1602.6,1639.6,1567.2,1611.2,3125987.0
2021-11-29,1634.4,1656.0,1619.0,1633.6,2164192.0
2021-11-30,1621.4,1665.0,1602.4,1627.6,2486110.0
2021-12-01,1639.0,1706.0,1635.4,1678.8,2161331.0
2021-12-02,1683.4,1734.6,1673.0,1721.8,2699328.0
2021-12-03,1725.8,1757.6,1696.4,1715.0,1635563.0
2021-12-06,1719.0,1736.2,1636.6,1662.2,2029350.0
2021-12-07,1662.2,1730.0,1644.0,1717.8,1587933.0
2021-12-08,1717.2,1744.4,1675.0,1684.2,1789101.0
2021-12-09,1694.8,1709.0,1652.6,1689.0,1279096.0
2021-12-10,1684.0,1689.0,1655.8,1676.6,745514.0
2021-12-13,1685.4,1696.4,1582.0,1590.6,1762685.0
2021-12-14,1590.0,1625.0,1471.2,1609.6,2252724.0
2021-12-15,1615.4,1657.0,1595.0,1637.8,2136050.0
2021-12-16,1644.4,1667.0,1630.4,1653.0,2292018.0
2021-12-17,1653.0,1676.2,1630.8,1666.2,1440543.0
2021-12-20,1644.0,1695.8,1618.0,1683.6,1515524.0
2021-12-21,1692.2,1711.8,1665.4,1683.2,1402355.0
2021-12-22,1690.8,1735.8,1673.0,1710.2,1413733.0
2021-12-23,1720.6,1725.0,1650.6,1655.8,1631423.0
2021-12-24,1650.2,1662.0,1621.8,1652.6,968560.0
2021-12-27,1657.4,1708.0,1650.4,1697.6,1073199.0
2021-12-28,1700.2,1728.2,1687.0,1700.0,1235935.0
2021-12-29,1700.8,1730.0,1681.0,1716.8,1324969.0
2021-12-30,1716.6,1743.6,1711.4,1719.4,1062690.0
2022-01-03,1722.0,1775.0,1720.0,1774.4,902456.0
2022-01-04,1774.0,1795.8,1756.6,1788.6,964373.0
2022-01-05,1789.6,1800.8,1705.2,1707.8,1135190.0
2022-01-06,1707.8,1758.8,1692.6,1749.0,1391240.0
2022-01-10,1771.0,1787.2,1740.8,1758.6,1598664.0
2022-01-11,1755.2,1792.0,1747.0,1779.8,1083776.0
2022-01-12,1779.8,1834.6,1764.6,1807.4,1672902.0
2022-01-13,1792.6,1807.2,1703.2,1744.2,2381919.0
2022-01-14,1744.2,1779.8,1687.2,1726.0,4064803.0
2022-01-17,1730.0,1745.0,1622.0,1641.8,2591877.0
2022-01-18,1647.8,1653.6,1540.0,1579.6,4594914.0
2022-01-19,1572.0,1651.0,1514.2,1593.6,3737653.0
2022-01-20,1604.8,1638.8,1574.4,1588.4,2298961.0
2022-01-21,1580.4,1630.6,1562.8,1592.8,2425844.0
2022-01-24,1596.2,1614.4,1462.0,1538.0,3755398.0
2022-01-25,1529.6,1593.8,1497.0,1590.0,2637840.0
2022-01-26,1590.0,1604.0,1516.0,1523.4,3108887.0
2022-01-27,1514.2,1645.0,1498.4,1611.8,3785953.0
2022-01-28,1614.0,1636.4,1576.0,1591.4,2131861.0
2022-01-31,1605.0,1658.0,1603.4,1637.2,1911294.0
2022-02-01,1637.8,1649.0,1613.2,1628.4,1268261.0
2022-02-02,1630.6,1642.0,1605.0,1612.0,1516202.0
2022-02-03,1612.0,1623.0,1567.4,1614.8,1686983.0
2022-02-04,1620.4,1670.0,1606.4,1628.4,1799161.0
2022-02-07,1628.4,1645.0,1588.0,1602.0,927609.0
2022-02-08,1606.0,1645.0,1600.2,1628.2,1225245.0
2022-02-09,1637.8,1665.0,1625.2,1659.0,1330373.0
2022-02-10,1662.0,1678.8,1628.0,1632.0,1327736.0
2022-02-11,1632.0,1641.4,1535.2,1556.6,1978732.0
2022-02-14,1551.6,1629.8,1522.0,1618.8,2506148.0
2022-02-15,1628.0,1637.0,1593.0,1620.0,2419643.0
2022-02-16,1625.0,1656.4,1587.0,1621.4,2612829.0
2022-02-17,1622.2,1625.0,1530.0,1542.8,3081019.0
2022-02-18,1549.8,1572.2,1479.4,1492.8,2986274.0
2022-02-21,1497.8,1544.0,1200.0,1281.8,7504757.0
2022-02-22,1280.0,1358.8,1206.6,1354.0,9725824.0
2022-02-24,1207.2,1237.0,654.0,1001.4,5526952.0
2022-02-25,1090.0,1273.0,1060.2,1134.0,2189689.0
2022-03-24,1132.0,1449.0,1130.0,1343.6,1275801.0
2022-03-25,1444.8,1444.8,1300.0,1400.0,1002917.0
2022-03-28,1406.0,1423.0,1314.2,1379.0,379295.0
2022-03-29,1378.2,1509.8,1351.0,1470.0,890552.0
2022-03-30,1473.2,1500.0,1422.0,1444.0,349632.0
2022-03-31,1452.8,1485.0,1433.8,1450.0,772889.0
2022-04-01,1455.0,1470.0,1366.0,1390.0,901477.0
2022-04-04,1391.0,1408.0,1351.0,1389.2,668224.0
2022-04-05,1391.0,1397.6,1284.2,1298.0,958184.0
2022-04-06,1302.0,1316.8,1253.4,1264.0,496430.0
2022-04-07,1267.0,1296.8,1262.0,1263.0,277268.0
2022-04-08,1265.8,1274.6,1175.0,1200.6,765129.0
2022-04-11,1198.0,1198.0,1132.2,1141.6,588217.0
2022-04-12,1137.8,1139.0,1072.6,1116.2,905859.0
2022-04-13,1125.0,1138.2,1096.0,1101.4,457613.0
2022-04-14,1104.8,1106.6,1008.0,1013.0,585832.0
2022-04-15,1018.2,1059.8,985.6,1056.0,605207.0
2022-04-18,1065.6,1112.4,1021.4,1047.8,605414.0
2022-04-19,1051.6,1078.8,993.0,1011.0,985873.0
2022-04-20,1019.0,1031.0,968.0,1001.2,1083546.0
2022-04-21,1007.0,1080.0,995.0,998.8,1750689.0
2022-04-22,1000.0,1020.8,956.0,970.2,1173172.0
2022-04-25,976.0,990.2,944.0,967.2,746357.0
2022-04-26,971.2,1057.8,969.6,1049.0,1369007.0
2022-04-27,1053.2,1098.0,1020.4,1092.0,1082895.0
2022-04-28,1094.2,1144.0,1040.0,1065.0,1624133.0
2022-04-29,1081.4,1093.0,1060.0,1076.0,1076594.0
2022-05-04,1036.8,1054.8,1007.0,1007.0,730427.0
2022-05-05,1011.0,1022.0,1004.2,1009.2,558629.0
2022-05-06,1009.2,1014.2,985.0,989.0,839635.0
2022-05-11,990.0,1009.6,970.8,989.6,540731.0
2022-05-12,988.6,989.4,951.2,956.0,528385.0
2022-05-13,964.8,978.8,944.0,971.0,471322.0
2022-05-16,970.8,998.2,968.8,996.6,430744.0
2022-05-17,997.4,1011.0,992.4,1009.0,429620.0
2022-05-18,1011.6,1029.0,1000.0,1002.0,498832.0
2022-05-19,1000.0,1015.0,986.0,1010.8,339280.0
2022-05-20,1015.0,1018.6,986.0,990.8,400516.0
2022-05-23,988.8,994.0,960.2,962.8,308212.0
2022-05-24,962.6,962.6,928.6,943.0,546452.0
2022-05-25,945.2,960.0,930.4,942.0,421790.0
2022-05-26,949.8,988.0,945.0,977.4,578298.0
2022-05-27,979.2,988.4,957.0,960.2,465699.0
2022-05-30,966.0,969.8,934.2,944.6,491886.0
2022-05-31,939.0,940.0,910.0,910.0,662905.0
2022-06-01,907.8,920.0,900.0,902.0,672734.0
2022-06-02,900.2,910.0,859.0,862.4,1128815.0
2022-06-03,862.4,866.8,811.0,817.0,1395518.0
2022-06-06,824.8,827.8,775.0,791.6,1550789.0
2022-06-07,789.8,839.0,761.2,814.6,3139538.0
2022-06-08,821.6,846.0,804.0,812.2,1691194.0
2022-06-09,819.0,819.4,785.0,815.8,858835.0
2022-06-10,812.2,825.0,797.0,798.0,748708.0
2022-06-14,797.0,815.0,791.0,799.4,606081.0
2022-06-15,803.4,847.0,799.0,847.0,1127058.0
2022-06-16,850.8,889.4,835.2,887.2,2617076.0
2022-06-17,888.8,897.4,870.0,875.8,1194409.0
2022-06-20,885.0,979.2,880.4,978.0,4378128.0
2022-06-21,982.6,1022.2,940.6,998.0,5022689.0
2022-06-22,998.0,1037.4,971.2,1026.0,3138980.0
2022-06-23,1027.2,1047.0,1002.0,1010.0,2586238.0
2022-06-24,1011.0,1020.0,978.0,1003.0,1546332.0
2022-06-27,1005.8,1014.0,990.0,1008.0,913487.0
2022-06-28,1009.4,1015.0,994.6,1005.8,838340.0
2022-06-29,1006.6,1034.0,995.0,1019.0,1132557.0
2022-06-30,1019.2,1055.0,970.2,1024.0,2985197.0
2022-07-01,1025.8,1076.0,1009.6,1060.2,1610356.0
2022-07-04,1060.6,1096.0,1011.2,1025.0,1866644.0
2022-07-05,1034.6,1044.4,963.0,970.2,2676205.0
2022-07-06,972.2,1012.6,965.0,1009.6,1546947.0
2022-07-07,1014.2,1027.0,987.0,998.0,956419.0
2022-07-08,998.8,1002.8,981.0,993.0,696301.0
2022-07-11,994.0,997.8,963.6,968.6,823869.0
2022-07-12,967.8,967.8,913.0,942.0,1959730.0
2022-07-13,943.8,949.0,905.2,916.2,1025739.0
2022-07-14,915.4,946.8,911.2,926.6,1197667.0
2022-07-15,928.0,954.4,926.4,953.0,1091719.0
2022-07-18,958.6,964.2,936.0,946.6,716592.0
2022-07-19,949.0,952.0,923.0,928.8,628421.0
2022-07-20,929.4,938.8,919.0,925.8,524329.0
2022-07-21,925.8,927.8,902.0,916.0,689518.0
2022-07-22,918.0,957.0,915.2,944.0,834889.0
2022-07-25,947.0,965.0,928.0,960.8,1383979.0
2022-07-26,966.2,1008.0,964.0,1008.0,1334294.0
2022-07-27,1017.0,1061.8,996.0,1038.0,3169452.0
2022-07-28,1039.0,1053.8,1016.8,1025.2,1474040.0
2022-07-29,1032.0,1055.8,1022.0,1052.0,1224116.0
2022-08-01,1055.2,1056.8,1030.0,1035.0,1028146.0
2022-08-02,1032.2,1032.2,995.4,1009.0,1341930.0
2022-08-03,1008.0,1014.0,987.0,988.0,710363.0
2022-08-04,988.0,1005.2,971.6,1003.6,721848.0
2022-08-05,1005.6,1010.0,961.6,975.0,998563.0
2022-08-08,987.0,1036.6,986.8,1009.8,1029275.0
2022-08-09,1014.4,1024.6,1000.2,1021.0,838534.0
2022-08-10,1027.0,1045.0,1021.2,1039.8,1145400.0
2022-08-11,1041.2,1048.0,1015.4,1020.0,816658.0
2022-08-12,1019.4,1039.0,1010.2,1036.0,854922.0
2022-08-15,1034.0,1066.4,1028.4,1065.0,1191748.0
2022-08-16,1071.8,1103.8,1071.2,1100.6,1669578.0
2022-08-17,1109.8,1129.0,1074.0,1095.0,2089873.0
2022-08-18,1093.0,1109.0,1080.0,1090.0,913650.0
2022-08-19,1094.8,1095.0,1072.0,1085.0,692266.0
2022-08-22,1088.0,1150.2,1076.4,1150.2,2054596.0
2022-08-23,1153.2,1168.0,1134.2,1135.0,1679022.0
2022-08-24,1134.8,1146.0,1126.0,1146.0,899814.0
2022-08-25,1155.2,1176.2,1131.0,1140.8,1998107.0
2022-08-26,1146.0,1161.0,1130.0,1156.2,957382.0
2022-08-29,1156.0,1175.0,1151.6,1158.0,971040.0
2022-08-30,1161.0,1164.0,1137.0,1147.0,1161619.0
2022-08-31,1148.0,1156.0,1115.4,1133.0,2064166.0
2022-09-01,1133.8,1152.4,1121.0,1149.8,1345738.0
2022-09-02,1153.2,1165.0,1135.4,1148.8,1451775.0
2022-09-05,1158.2,1204.2,1148.8,1197.0,2912790.0
2022-09-06,1198.8,1216.8,1150.0,1163.8,2445928.0
2022-09-07,1162.8,1198.0,1140.8,1178.0,1963001.0
2022-09-08,1175.4,1182.8,1150.2,1157.0,1048516.0
2022-09-09,1161.0,1166.2,1157.0,1160.0,656736.0
2022-09-12,1158.8,1193.0,1155.0,1187.0,1211575.0
2022-09-13,1192.0,1196.8,1172.6,1179.0,760157.0
2022-09-14,1179.0,1180.0,1156.8,1175.4,850510.0
2022-09-15,1176.0,1198.0,1170.0,1190.2,1057631.0
2022-09-16,1192.4,1197.0,1172.4,1180.0,846056.0
2022-09-19,1175.0,1186.6,1160.6,1171.8,599746.0
2022-09-20,1159.0,1161.6,995.4,1044.0,6111767.0
2022-09-21,956.2,1031.6,900.0,1009.2,2737783.0
2022-09-22,1009.4,1050.0,1007.4,1016.6,1608032.0
2022-09-23,1016.6,1017.6,950.0,950.8,1971694.0
2022-09-26,935.0,944.4,821.6,897.6,3090717.0
2022-09-27,908.4,985.0,904.2,984.8,2608475.0
2022-09-28,986.8,998.0,948.4,967.8,2041518.0
2022-09-29,973.0,979.0,913.0,964.8,2383952.0
2022-09-30,966.0,984.2,920.0,969.0,1663275.0
2022-10-03,976.4,1015.0,975.2,1013.4,1439139.0
2022-10-04,1015.8,1025.0,995.8,1007.0,1107241.0
2022-10-05,1002.0,1009.6,986.8,1000.0,1491545.0
2022-10-06,959.0,982.6,957.0,963.2,1368143.0
2022-10-07,962.8,963.0,902.0,906.4,1000418.0
2022-10-10,856.0,963.0,855.0,960.0,1524835.0
2022-10-11,962.2,979.4,948.2,965.8,936472.0
2022-10-12,969.0,986.6,950.8,972.8,1009876.0
2022-10-13,978.0,990.0,968.0,981.0,878384.0
2022-10-14,982.2,987.0,958.2,974.0,704236.0
2022-10-17,980.0,1010.0,976.4,1008.4,1257309.0
2022-10-18,1012.6,1022.0,967.4,988.4,1171329.0
2022-10-19,982.0,1001.8,976.0,995.0,987011.0
2022-10-20,998.0,1011.0,990.8,1003.2,904099.0
2022-10-21,1006.0,1010.0,985.4,1007.6,850758.0
2022-10-24,1014.6,1022.0,995.2,1006.8,929096.0
2022-10-25,1004.8,1038.0,1000.8,1036.8,1114992.0
2022-10-26,1039.0,1052.0,1022.6,1041.8,953047.0
2022-10-27,1043.8,1083.4,1040.6,1078.0,1405640.0
2022-10-28,1077.0,1110.0,1052.2,1106.2,1305658.0
2022-10-31,1110.4,1133.6,1092.8,1104.0,1245579.0
2022-11-01,1105.8,1120.0,1105.2,1109.2,592026.0
2022-11-02,1109.8,1118.2,1092.0,1102.4,745262.0
2022-11-03,1101.2,1110.6,1081.8,1108.0,985783.0
2022-11-07,1115.2,1141.2,1114.0,1140.8,876985.0
2022-11-08,1140.0,1147.0,1129.0,1134.8,886050.0
2022-11-09,1135.0,1135.0,1092.2,1105.0,1051447.0
2022-11-10,1103.0,1131.2,1086.4,1124.0,951260.0
2022-11-11,1125.4,1133.0,1107.4,1113.0,746656.0
2022-11-14,1116.6,1122.4,1109.0,1118.0,564446.0
2022-11-15,1119.0,1128.6,1052.4,1084.6,1386077.0
2022-11-16,1091.8,1117.0,1087.0,1109.0,717376.0
2022-11-17,1110.0,1118.4,1095.4,1099.8,591780.0
2022-11-18,1098.2,1099.8,1078.0,1092.2,509874.0
2022-11-21,1089.8,1089.8,1058.0,1075.4,824563.0
2022-11-22,1075.4,1081.8,1064.4,1073.2,595395.0
2022-11-23,1076.6,1099.0,1064.2,1089.6,698276.0
2022-11-24,1090.0,1091.6,1073.0,1078.0,484192.0
2022-11-25,1076.0,1077.8,1060.0,1065.4,488467.0
2022-11-28,1058.0,1058.0,1032.2,1037.8,1206503.0
2022-11-29,1042.8,1047.6,1035.0,1039.8,870070.0
2022-11-30,1039.8,1041.0,1028.0,1040.0,591079.0
2022-12-01,1043.6,1065.0,1035.4,1055.4,1360742.0
2022-12-02,1059.2,1059.6,1040.2,1046.0,684467.0
2022-12-05,1048.6,1057.2,1040.0,1045.0,914476.0
2022-12-06,1047.8,1047.8,1032.0,1035.0,632897.0
2022-12-07,1034.4,1039.2,1026.8,1036.0,716089.0
2022-12-08,1040.6,1060.0,1035.6,1048.2,776313.0
2022-12-09,1050.4,1050.4,1036.4,1042.6,471511.0
2022-12-12,1044.6,1044.8,1031.6,1040.8,566011.0
2022-12-13,1041.8,1044.0,1022.4,1035.0,671963.0
2022-12-14,1036.0,1036.0,1027.2,1029.0,414326.0
2022-12-15,1027.0,1027.6,1005.0,1006.8,1041487.0
2022-12-16,1007.0,1017.0,1003.2,1016.0,563858.0
2022-12-19,1017.0,1024.2,1000.0,1010.6,750771.0
2022-12-20,1010.6,1057.0,1004.2,1053.4,1359473.0
2022-12-21,1059.8,1071.0,1045.6,1061.0,1269584.0
2022-12-22,1065.2,1074.8,1043.6,1049.0,965872.0
2022-12-23,1049.0,1051.6,1033.2,1048.0,753777.0
2022-12-26,1056.6,1059.8,1046.0,1052.4,753363.0
2022-12-27,1053.2,1058.4,1045.2,1052.0,701678.0
2022-12-28,1052.0,1055.0,1048.4,1051.2,582699.0
2022-12-29,1052.0,1066.0,1050.0,1064.2,405408.0
2022-12-30,1065.6,1080.0,1056.4,1078.4,742698.0
2023-01-03,1078.4,1087.0,1071.0,1072.6,355558.0
2023-01-04,1071.8,1078.6,1058.6,1060.8,519587.0
2023-01-05,1060.8,1062.0,1050.0,1053.0,288288.0
2023-01-06,1050.8,1054.0,1038.6,1052.6,338208.0
2023-01-09,1054.8,1059.6,1048.2,1051.8,408151.0
2023-01-10,1052.6,1052.6,1035.2,1039.6,748382.0
2023-01-11,1040.0,1044.8,1030.6,1044.2,847326.0
2023-01-12,1044.2,1045.0,1038.0,1040.0,340418.0
2023-01-13,1040.0,1046.0,1036.2,1042.0,390130.0
2023-01-16,1044.0,1054.0,1042.2,1050.6,772617.0
2023-01-17,1050.8,1050.8,1038.4,1042.0,463591.0
2023-01-18,1042.0,1042.8,1021.2,1031.8,770285.0
2023-01-19,1030.0,1033.2,1010.4,1014.8,907688.0
2023-01-20,1018.0,1028.0,1008.0,1027.6,735812.0
2023-01-23,1028.4,1031.0,1018.8,1024.6,511789.0
2023-01-24,1025.8,1026.8,1012.4,1020.2,686804.0
2023-01-25,1019.0,1022.0,1009.0,1018.2,482515.0
2023-01-26,1020.4,1025.0,1011.2,1017.6,778646.0
2023-01-27,1020.0,1025.8,1012.8,1022.6,601125.0
2023-01-30,1024.4,1026.0,1019.0,1022.4,456802.0
2023-01-31,1021.8,1034.6,1021.0,1029.8,531882.0
2023-02-01,1029.8,1033.2,1024.0,1026.6,566706.0
2023-02-02,1028.8,1034.8,1021.2,1027.8,510770.0
2023-02-03,1027.6,1034.0,1022.4,1030.2,577688.0
2023-02-06,1032.0,1100.0,1030.2,1098.0,3757495.0
2023-02-07,1102.8,1116.4,1076.0,1089.0,2003963.0
2023-02-08,1089.8,1096.8,1059.2,1074.0,1529104.0
2023-02-09,1077.2,1079.4,1061.0,1072.0,918964.0
2023-02-10,1069.6,1090.0,1065.8,1083.6,782676.0
2023-02-13,1084.8,1093.0,1072.0,1073.0,612598.0
2023-02-14,1073.4,1074.0,1050.0,1058.4,1289973.0
2023-02-15,1057.0,1057.2,1012.8,1026.2,1372364.0
2023-02-16,1028.0,1041.6,1026.6,1030.8,1004669.0
2023-02-17,1031.8,1043.6,1020.6,1031.4,645368.0
2023-02-20,1033.0,1038.4,1015.8,1033.2,775507.0
2023-02-21,1034.8,1054.6,1033.6,1045.0,993334.0
2023-02-22,1045.2,1050.4,1027.6,1045.0,809518.0
2023-02-24,1049.0,1049.0,1039.2,1042.6,273778.0
2023-02-27,1042.6,1067.0,1040.0,1066.6,1080598.0
2023-02-28,1069.4,1074.0,1056.4,1065.0,823791.0
2023-03-01,1067.2,1074.8,1060.0,1073.4,924651.0
2023-03-02,1072.4,1075.0,1048.4,1056.6,1444201.0
2023-03-03,1056.8,1078.0,1056.6,1072.2,979512.0
2023-03-06,1080.2,1082.4,1072.0,1077.0,805777.0
2023-03-07,1077.8,1080.0,1064.8,1074.4,644253.0
2023-03-09,1074.4,1079.0,1067.2,1073.4,631113.0
2023-03-10,1070.4,1084.2,1058.2,1064.0,1466552.0
2023-03-13,1066.8,1072.8,1047.6,1061.8,935073.0
2023-03-14,1061.8,1066.6,1054.4,1059.2,917940.0
2023-03-15,1061.6,1065.0,1040.2,1048.4,1447258.0
2023-03-16,1046.6,1066.4,1038.2,1064.0,1526795.0
2023-03-17,1068.6,1088.8,1060.2,1074.6,3088523.0
2023-03-20,1081.4,1127.0,1062.0,1122.2,3336006.0
2023-03-21,1125.0,1166.0,1113.2,1126.2,4199630.0
2023-03-22,1129.8,1138.6,1110.0,1128.8,1396868.0
2023-03-23,1127.8,1147.0,1121.0,1138.4,724097.0
2023-03-24,1137.2,1147.0,1135.2,1141.8,605357.0
2023-03-27,1148.0,1175.8,1142.4,1172.0,1195094.0
2023-03-28,1174.0,1176.4,1149.2,1160.0,1089162.0
2023-03-29,1160.2,1164.0,1150.0,1156.6,811575.0
2023-03-30,1156.2,1158.8,1151.2,1153.6,452274.0
2023-03-31,1154.0,1158.0,1135.8,1155.2,1123458.0
2023-04-03,1165.4,1175.0,1152.0,1167.4,1274073.0
2023-04-04,1172.0,1210.6,1170.0,1198.2,2428284.0
2023-04-05,1198.4,1205.0,1181.0,1203.6,1351374.0
2023-04-06,1204.0,1217.6,1202.4,1202.8,1256724.0
2023-04-07,1203.4,1228.4,1200.0,1228.2,1094430.0
2023-04-10,1231.6,1254.8,1230.2,1248.8,1473405.0
2023-04-11,1251.2,1254.8,1212.8,1219.0,1691870.0
2023-04-12,1219.6,1246.0,1205.0,1240.6,1764947.0
2023-04-13,1245.2,1262.8,1233.2,1260.0,1114767.0
2023-04-14,1262.0,1296.4,1260.6,1296.0,1788094.0
2023-04-17,1301.4,1329.0,1299.0,1317.6,1658779.0
2023-04-18,1316.4,1320.0,1301.0,1311.4,1086807.0
2023-04-19,1311.0,1312.2,1290.6,1294.2,1160567.0
2023-04-20,1297.4,1320.0,1286.4,1317.6,1349324.0
2023-04-21,1317.8,1326.6,1306.4,1321.4,969081.0
2023-04-24,1325.2,1335.2,1309.0,1313.6,1289552.0
2023-04-25,1315.6,1316.6,1298.0,1314.4,777088.0
2023-04-26,1316.6,1317.4,1311.2,1313.0,512318.0
2023-04-27,1314.8,1321.4,1313.0,1320.0,841117.0
2023-04-28,1320.6,1349.4,1310.0,1340.8,2003226.0
2023-05-02,1289.2,1296.8,1261.0,1270.0,2298454.0
2023-05-03,1265.8,1269.8,1221.4,1223.8,1552895.0
2023-05-04,1223.2,1240.0,1218.0,1229.8,676303.0
2023-05-05,1232.6,1252.6,1218.8,1222.0,751115.0
2023-05-08,1222.0,1234.6,1212.0,1215.2,316220.0
2023-05-10,1215.2,1279.8,1215.2,1270.0,1214739.0
2023-05-11,1274.4,1290.0,1245.8,1269.2,1272105.0
2023-05-12,1268.8,1273.8,1255.0,1270.4,593227.0
2023-05-15,1273.0,1300.0,1272.8,1300.0,745144.0
2023-05-16,1306.4,1307.4,1286.2,1293.8,585487.0
2023-05-17,1291.2,1300.0,1281.8,1295.4,473929.0
2023-05-18,1297.2,1297.8,1270.2,1278.2,628216.0
2023-05-19,1276.0,1277.6,1258.4,1263.6,590812.0
2023-05-22,1266.0,1274.8,1259.2,1267.8,435486.0
2023-05-23,1269.0,1297.0,1260.4,1294.0,838878.0
2023-05-24,1296.0,1319.8,1287.6,1312.0,1140388.0
2023-05-25,1313.2,1318.0,1281.2,1295.2,711840.0
2023-05-26,1294.2,1311.2,1289.4,1305.4,416450.0
2023-05-29,1311.8,1315.4,1299.0,1307.4,727799.0
2023-05-30,1299.6,1315.8,1265.0,1309.6,1069952.0
2023-05-31,1310.0,1313.8,1290.0,1298.4,995628.0
2023-06-01,1299.0,1308.4,1282.0,1293.8,642862.0
2023-06-02,1295.4,1349.4,1295.0,1340.4,1728339.0
2023-06-05,1348.8,1380.0,1302.0,1309.6,2677700.0
2023-06-06,1313.6,1350.8,1275.2,1347.4,1873248.0
2023-06-07,1353.2,1359.4,1325.6,1334.2,1010361.0
2023-06-08,1331.6,1349.4,1322.0,1339.8,665516.0
2023-06-09,1343.6,1356.2,1336.2,1355.6,555752.0
2023-06-13,1361.2,1390.4,1360.0,1385.8,980508.0
2023-06-14,1388.0,1392.0,1361.2,1372.8,963118.0
2023-06-15,1373.6,1392.0,1355.0,1388.6,1357438.0
2023-06-16,1390.4,1396.0,1372.4,1378.8,614243.0
2023-06-19,1380.0,1385.0,1363.0,1377.6,676876.0
2023-06-20,1380.0,1385.0,1342.4,1359.6,1403018.0
2023-06-21,1358.4,1369.8,1345.2,1364.4,1052859.0
2023-06-22,1361.6,1368.0,1345.4,1346.2,657667.0
2023-06-23,1345.8,1348.6,1311.8,1317.0,1177349.0
2023-06-26,1331.8,1347.2,1300.0,1322.2,1349383.0
2023-06-27,1323.6,1341.8,1322.2,1332.2,809742.0
2023-06-28,1333.8,1339.0,1316.4,1322.8,549138.0
2023-06-29,1322.8,1328.0,1315.4,1326.4,370000.0
2023-06-30,1327.2,1336.4,1322.4,1335.0,349460.0
2023-07-03,1337.6,1338.8,1315.4,1322.4,462277.0
2023-07-04,1321.0,1333.0,1307.4,1316.6,775381.0
2023-07-05,1322.4,1330.0,1316.2,1322.4,506356.0
2023-07-06,1325.0,1370.0,1322.8,1363.8,1606352.0
2023-07-07,1365.0,1398.0,1357.2,1396.4,1503195.0
2023-07-10,1402.0,1415.0,1399.0,1403.8,887964.0
2023-07-11,1404.2,1421.0,1394.8,1418.8,615802.0
2023-07-12,1421.0,1448.8,1420.2,1445.6,1374029.0
2023-07-13,1448.8,1450.0,1411.2,1423.0,1154597.0
2023-07-14,1421.6,1446.4,1415.0,1440.0,1029230.0
2023-07-17,1436.6,1468.8,1430.2,1468.2,1040884.0
2023-07-18,1469.2,1489.0,1466.6,1485.0,1121846.0
2023-07-19,1485.6,1499.0,1469.2,1479.4,953980.0
2023-07-20,1480.0,1480.0,1452.4,1464.0,1314366.0
2023-07-21,1469.0,1483.4,1454.8,1481.0,949593.0
2023-07-24,1484.4,1498.6,1468.0,1476.4,833223.0
2023-07-25,1477.6,1478.0,1465.4,1472.0,827491.0
2023-07-26,1471.8,1509.0,1468.2,1494.4,1704680.0
2023-07-27,1501.0,1512.0,1487.0,1496.0,993992.0
2023-07-28,1495.8,1502.0,1490.2,1500.2,635712.0
2023-07-31,1504.0,1524.8,1501.0,1519.4,862836.0
2023-08-01,1523.6,1530.0,1508.8,1525.2,864598.0
2023-08-02,1522.8,1571.2,1518.0,1556.2,1528502.0
2023-08-03,1557.0,1608.6,1556.2,1602.4,1357780.0
2023-08-04,1602.0,1621.0,1558.0,1577.0,1614304.0
2023-08-07,1586.8,1620.0,1567.6,1593.4,1172105.0
2023-08-08,1596.2,1597.8,1560.0,1594.4,957097.0
2023-08-09,1598.2,1606.2,1582.4,1592.2,705681.0
2023-08-10,1597.6,1644.6,1597.6,1639.0,1734521.0
2023-08-11,1643.0,1659.0,1623.4,1658.6,1170585.0
2023-08-14,1676.4,1699.0,1603.0,1624.4,2366542.0
2023-08-15,1615.0,1656.4,1605.2,1622.0,1102220.0
2023-08-16,1625.0,1635.0,1570.4,1598.6,1406875.0
2023-08-17,1599.0,1618.2,1575.6,1607.2,1029842.0
2023-08-18,1606.0,1650.0,1600.8,1644.2,777158.0
2023-08-21,1662.0,1678.4,1655.0,1665.6,1150738.0
2023-08-22,1668.4,1691.8,1654.8,1681.6,798464.0
2023-08-23,1685.2,1691.6,1624.2,1642.0,1638766.0
2023-08-24,1648.0,1688.0,1641.2,1674.4,877863.0
2023-08-25,1677.0,1689.6,1660.6,1676.2,1201940.0
2023-08-28,1677.0,1685.8,1665.2,1681.6,766223.0
2023-08-29,1682.0,1699.8,1670.8,1682.8,957028.0
2023-08-30,1687.2,1715.0,1666.0,1688.6,1435559.0
2023-08-31,1688.0,1704.2,1670.8,1684.8,871963.0
2023-09-01,1685.0,1695.0,1679.0,1688.0,441762.0
2023-09-04,1691.4,1702.8,1691.4,1698.2,590457.0
2023-09-05,1701.6,1708.2,1688.2,1703.8,802024.0
2023-09-06,1704.0,1704.8,1685.0,1690.2,552974.0
2023-09-07,1689.8,1698.0,1634.4,1663.6,1140150.0
2023-09-08,1663.4,1674.4,1625.4,1641.4,835377.0
2023-09-11,1643.2,1659.8,1614.0,1622.0,909708.0
2023-09-12,1631.4,1673.8,1625.0,1670.4,1077751.0
2023-09-13,1675.6,1677.2,1640.4,1646.4,556615.0
2023-09-14,1647.2,1652.8,1624.6,1640.4,771236.0
2023-09-15,1641.0,1656.4,1630.4,1656.0,584950.0
2023-09-18,1659.0,1664.2,1628.4,1636.2,629856.0
2023-09-19,1636.6,1637.8,1584.2,1599.6,1131206.0
2023-09-20,1596.0,1646.0,1573.0,1625.6,1399488.0
2023-09-21,1622.8,1633.6,1583.8,1596.2,1352465.0
2023-09-22,1598.4,1630.8,1584.2,1625.2,746574.0
2023-09-25,1622.2,1627.2,1596.2,1605.2,403791.0
2023-09-26,1604.0,1635.0,1592.2,1628.0,609163.0
2023-09-27,1632.0,1652.0,1631.2,1647.2,652305.0
2023-09-28,1649.0,1664.2,1636.4,1664.0,618123.0
2023-09-29,1665.0,1670.0,1633.2,1666.2,861160.0
2023-10-02,1671.4,1701.8,1666.4,1698.0,1277590.0
2023-10-03,1698.6,1707.0,1673.4,1706.0,1021441.0
2023-10-04,1708.8,1725.0,1698.0,1698.0,936866.0
2023-10-05,1703.8,1720.0,1692.0,1710.8,646618.0
2023-10-06,1712.6,1723.0,1705.0,1719.4,919570.0
2023-10-09,1721.0,1757.0,1717.2,1756.2,1717190.0
2023-10-10,1726.6,1737.8,1706.8,1717.4,1647001.0
2023-10-11,1719.4,1736.0,1684.0,1690.2,1252948.0
2023-10-12,1690.2,1709.6,1676.0,1703.6,562403.0
2023-10-13,1705.0,1713.0,1700.4,1708.4,433339.0
2023-10-16,1711.4,1733.0,1709.6,1729.6,698871.0
2023-10-17,1729.8,1732.6,1702.6,1728.6,596115.0
2023-10-18,1730.2,1749.8,1725.0,1730.0,764914.0
2023-10-19,1730.0,1735.6,1710.0,1723.2,549352.0
2023-10-20,1723.6,1724.8,1705.0,1708.6,492286.0
2023-10-23,1711.2,1714.4,1680.2,1688.0,752795.0
2023-10-24,1688.0,1702.4,1668.2,1679.4,687183.0
2023-10-25,1682.8,1704.4,1672.0,1695.0,603766.0
2023-10-26,1696.2,1698.6,1666.2,1682.0,576012.0
2023-10-27,1681.8,1692.0,1667.2,1678.4,471845.0
2023-10-30,1679.2,1683.4,1661.0,1681.0,605423.0
2023-10-31,1679.8,1693.2,1655.4,1661.0,433741.0
2023-11-01,1664.0,1666.0,1654.0,1659.0,395808.0
2023-11-02,1663.0,1686.4,1615.8,1639.8,1705529.0
2023-11-03,1640.8,1652.0,1605.6,1608.4,836002.0
2023-11-06,1609.4,1644.8,1600.0,1644.4,371891.0
2023-11-07,1646.0,1648.2,1624.0,1634.2,566427.0
2023-11-08,1634.0,1646.0,1617.2,1623.4,590626.0
2023-11-09,1622.0,1628.4,1592.0,1612.2,1193905.0
2023-11-10,1615.2,1628.4,1602.0,1618.2,479730.0
2023-11-13,1619.0,1634.0,1610.2,1623.6,392061.0
2023-11-14,1624.0,1624.0,1586.6,1594.0,755149.0
2023-11-15,1592.2,1595.8,1550.2,1566.8,1213519.0
2023-11-16,1566.6,1568.0,1533.0,1538.2,902330.0
2023-11-17,1534.0,1552.0,1510.4,1536.0,907565.0
2023-11-20,1540.0,1548.0,1528.6,1545.6,466940.0
2023-11-21,1545.2,1546.0,1530.0,1539.0,409886.0
2023-11-22,1539.8,1546.6,1515.8,1525.8,790056.0
2023-11-23,1524.8,1524.8,1510.8,1511.2,462635.0
2023-11-24,1511.6,1531.8,1501.0,1514.0,661197.0
2023-11-27,1514.4,1522.0,1503.0,1510.4,472495.0
2023-11-28,1510.8,1518.0,1482.0,1509.2,596209.0
2023-11-29,1511.0,1512.0,1490.0,1493.6,389817.0
2023-11-30,1495.0,1523.0,1482.2,1510.0,531299.0
2023-12-01,1510.8,1521.0,1493.6,1500.0,499602.0
2023-12-04,1497.0,1518.0,1490.0,1505.4,500966.0
2023-12-05,1508.4,1549.0,1508.4,1542.4,990303.0
2023-12-06,1546.0,1549.8,1495.0,1505.8,963429.0
2023-12-07,1508.0,1527.6,1505.8,1515.2,593981.0
2023-12-08,1515.2,1542.0,1515.2,1531.4,379770.0
2023-12-11,1536.0,1542.0,1475.2,1491.0,726126.0
2023-12-12,1490.6,1516.0,1470.0,1496.4,572239.0
2023-12-13,1492.4,1510.6,1484.2,1507.6,335119.0
2023-12-14,1510.0,1514.4,1455.0,1460.2,590423.0
2023-12-15,1460.0,1498.2,1456.0,1494.6,749930.0
2023-12-18,1498.6,1509.2,1494.0,1501.0,806964.0
2023-12-19,1501.2,1539.0,1498.2,1531.4,991920.0
2023-12-20,1535.8,1544.8,1515.6,1531.2,777632.0
2023-12-21,1531.0,1532.8,1452.4,1478.2,3142997.0
2023-12-22,1482.6,1508.0,1471.2,1489.6,1198445.0
2023-12-25,1469.8,1489.8,1455.2,1478.0,859709.0
2023-12-26,1480.2,1496.0,1475.0,1476.2,693207.0
2023-12-27,1477.0,1480.0,1450.0,1450.6,1010261.0
2023-12-28,1450.2,1464.0,1440.4,1448.0,893982.0
2023-12-29,1446.0,1475.0,1445.4,1463.2,531352.0
2024-01-03,1465.4,1485.2,1465.0,1484.8,167331.0
2024-01-04,1487.0,1497.2,1474.0,1479.6,262565.0
2024-01-05,1481.8,1489.2,1476.8,1480.4,222436.0
2024-01-08,1480.6,1493.6,1480.4,1487.2,447891.0
2024-01-09,1490.0,1498.0,1474.2,1489.0,797113.0
2024-01-10,1489.2,1522.6,1489.2,1513.0,1348002.0
2024-01-11,1515.2,1520.0,1493.6,1505.4,1148284.0
2024-01-12,1508.0,1509.2,1497.6,1500.2,455277.0
2024-01-15,1502.2,1515.0,1482.8,1492.2,827193.0
2024-01-16,1497.0,1497.0,1467.0,1474.8,905742.0
2024-01-17,1474.8,1484.8,1460.0,1475.2,895457.0
2024-01-18,1476.2,1485.0,1461.2,1466.0,922842.0
2024-01-19,1465.0,1468.0,1451.0,1457.0,692976.0
2024-01-22,1429.0,1456.0,1421.0,1444.6,2296477.0
2024-01-23,1444.4,1448.6,1430.0,1431.0,763544.0
2024-01-24,1434.0,1450.0,1433.4,1447.6,1241656.0
2024-01-25,1449.8,1459.8,1431.0,1435.8,793748.0
2024-01-26,1443.2,1443.8,1420.6,1423.6,894124.0
2024-01-29,1424.0,1436.8,1418.0,1435.8,765012.0
2024-01-30,1437.4,1443.2,1425.2,1434.2,933940.0
2024-01-31,1435.0,1449.0,1430.6,1439.0,687086.0
2024-02-01,1443.2,1460.0,1439.0,1445.6,997591.0
2024-02-02,1450.0,1456.6,1442.0,1443.4,580439.0
2024-02-05,1446.6,1498.0,1443.6,1494.0,2689898.0
2024-02-06,1496.6,1499.8,1471.2,1477.4,2129372.0
2024-02-07,1483.0,1484.2,1462.0,1469.8,1089487.0
2024-02-08,1463.0,1467.6,1435.0,1438.4,1132574.0
2024-02-09,1441.4,1466.4,1420.2,1425.0,2146018.0
2024-02-12,1426.2,1431.0,1400.0,1408.8,1691993.0
2024-02-13,1411.6,1424.0,1405.4,1422.0,1115986.0
2024-02-14,1424.0,1431.8,1409.6,1411.8,788579.0
2024-02-15,1414.6,1415.8,1388.0,1409.0,1406273.0
2024-02-16,1409.0,1420.0,1403.0,1409.6,855797.0
2024-02-19,1410.6,1416.0,1385.0,1388.2,1095074.0
2024-02-20,1388.4,1401.0,1374.2,1379.2,1157708.0
2024-02-21,1380.0,1390.0,1338.8,1358.8,1382927.0
2024-02-22,1358.8,1362.0,1325.4,1337.4,2830387.0
2024-02-26,1337.8,1353.4,1330.4,1351.6,1158472.0
2024-02-27,1352.2,1377.0,1348.0,1375.2,1223160.0
2024-02-28,1372.8,1372.8,1343.4,1346.4,1089436.0
2024-02-29,1354.0,1357.8,1338.4,1349.6,972749.0
2024-03-01,1349.8,1355.0,1345.0,1348.0,684035.0
2024-03-04,1355.0,1357.0,1328.0,1337.8,2323050.0
2024-03-05,1339.2,1347.8,1326.0,1343.2,1127738.0
2024-03-06,1346.0,1389.8,1340.2,1385.0,2769283.0
2024-03-07,1387.8,1395.0,1374.0,1389.6,1402968.0
2024-03-11,1393.0,1399.0,1385.6,1396.0,1205983.0
2024-03-12,1397.2,1423.8,1389.4,1417.8,1961491.0
2024-03-13,1419.4,1426.8,1401.0,1406.6,1289937.0
2024-03-14,1406.8,1408.6,1377.0,1399.8,1160597.0
2024-03-15,1401.0,1408.4,1395.8,1400.0,549478.0
2024-03-18,1400.2,1415.0,1397.8,1404.6,711663.0
2024-03-19,1405.0,1408.0,1362.2,1370.8,1963581.0
2024-03-20,1380.0,1386.6,1350.0,1369.6,2259635.0
2024-03-21,1374.8,1385.0,1354.6,1360.8,2264125.0
2024-03-22,1363.0,1368.0,1335.2,1346.0,1831436.0
2024-03-25,1356.4,1367.0,1342.2,1365.4,2455612.0
2024-03-26,1322.8,1333.8,1311.0,1316.8,2673227.0
2024-03-27,1318.4,1319.8,1303.4,1304.6,1500328.0
2024-03-28,1305.6,1322.0,1303.4,1318.4,1382478.0
2024-03-29,1322.2,1329.0,1312.0,1312.6,992686.0
2024-04-01,1315.4,1320.0,1310.0,1316.6,1199515.0
2024-04-02,1313.8,1314.6,1272.6,1283.2,3319873.0
2024-04-03,1283.0,1290.2,1264.2,1287.0,2852070.0
2024-04-04,1290.6,1321.0,1289.6,1297.4,4445794.0
2024-04-05,1298.6,1306.8,1277.0,1283.8,1900626.0
2024-04-08,1286.6,1303.2,1278.8,1283.6,1375014.0
2024-04-09,1284.0,1287.8,1270.0,1274.0,1211554.0
2024-04-10,1274.8,1287.8,1267.0,1277.2,1316360.0
2024-04-11,1279.6,1288.0,1278.0,1283.2,978950.0
2024-04-12,1284.2,1295.2,1281.0,1283.0,1143104.0
2024-04-15,1284.0,1310.0,1284.0,1301.0,1584351.0
2024-04-16,1305.0,1305.0,1283.2,1292.8,970967.0
2024-04-17,1294.0,1295.2,1276.2,1283.8,1139422.0
2024-04-18,1284.0,1286.8,1275.4,1279.2,687170.0
2024-04-19,1282.0,1283.4,1274.2,1276.2,725626.0
2024-04-22,1271.6,1277.4,1260.6,1264.4,1707668.0
2024-04-23,1267.2,1269.0,1246.4,1249.8,1879700.0
2024-04-24,1249.8,1258.6,1247.2,1251.4,1203909.0
2024-04-25,1251.4,1254.0,1237.6,1239.6,1143441.0
2024-04-26,1242.2,1249.6,1234.0,1236.6,855937.0
2024-04-27,1236.8,1242.0,1227.0,1229.0,713273.0
2024-04-29,1229.6,1234.2,1227.0,1228.6,349058.0
2024-04-30,1230.8,1238.4,1229.2,1235.2,516425.0
2024-05-02,1236.6,1237.4,1227.0,1231.0,762641.0
2024-05-03,1231.0,1246.2,1231.0,1231.6,869986.0
2024-05-06,1236.0,1237.4,1221.2,1221.4,788881.0
2024-05-07,1222.0,1242.0,1221.4,1239.2,790910.0
2024-05-08,1241.8,1242.6,1225.0,1227.2,835308.0
2024-05-10,1229.8,1234.0,1228.0,1229.2,302550.0
2024-05-13,1231.0,1240.0,1228.2,1239.8,710514.0
2024-05-14,1240.2,1241.0,1220.0,1227.2,1079200.0
2024-05-15,1226.6,1231.6,1217.4,1222.8,970335.0
2024-05-16,1224.6,1231.0,1222.0,1224.8,684596.0
2024-05-17,1224.8,1228.8,1219.4,1221.0,564731.0
2024-05-20,1222.0,1222.4,1192.2,1195.4,1936412.0
2024-05-21,1195.2,1202.2,1157.2,1176.0,2510423.0
2024-05-22,1178.0,1191.6,1177.8,1184.4,901211.0
2024-05-23,1185.6,1186.0,1154.0,1164.8,1585618.0
2024-05-24,1164.8,1173.2,1120.2,1120.4,1921404.0
2024-05-27,1123.6,1142.2,1115.2,1130.8,2203464.0
2024-05-28,1132.8,1138.6,1095.0,1113.2,1792827.0
2024-05-29,1113.6,1121.0,1105.2,1117.8,927034.0
2024-05-30,1119.0,1123.8,1080.0,1085.0,1118586.0
2024-05-31,1088.2,1102.0,1067.2,1084.0,1543224.0
2024-06-03,1085.4,1100.0,1045.2,1073.6,2096175.0
2024-06-04,1075.0,1080.0,1053.8,1076.4,1388827.0
2024-06-05,1078.8,1079.6,1055.0,1057.8,1743974.0
2024-06-06,1060.2,1060.8,1032.2,1038.4,1809561.0
2024-06-07,1040.8,1051.4,1031.4,1034.4,2035989.0
2024-06-10,1040.0,1054.0,1019.0,1026.0,1880601.0
2024-06-11,1031.4,1078.8,1031.0,1078.0,6455850.0
2024-06-13,1005.0,1067.0,1005.0,1047.0,4615370.0
2024-06-14,1050.0,1090.0,1044.0,1089.6,3015603.0
2024-06-17,1088.0,1099.0,1053.2,1065.0,3306942.0
2024-06-18,1064.0,1067.8,1026.0,1033.2,2162758.0
2024-06-19,1035.0,1056.6,1016.2,1056.0,2671972.0
2024-06-20,1053.4,1066.0,1025.0,1054.8,6457615.0
2024-06-21,1053.2,1058.0,1035.0,1040.0,1410174.0
2024-06-24,1045.0,1057.4,1037.0,1043.2,1550684.0
2024-06-25,1044.0,1060.0,1039.6,1056.4,1267678.0
2024-06-26,1058.8,1066.0,1050.0,1056.4,1549464.0
2024-06-27,1059.0,1060.0,1045.0,1048.4,907804.0
2024-06-28,1049.6,1092.0,1046.8,1091.8,3928371.0
2024-07-01,1096.2,1105.8,1083.0,1097.0,3434783.0
2024-07-02,1100.0,1138.0,1094.2,1134.6,6301646.0
2024-07-03,1136.6,1143.0,1100.6,1101.4,5431564.0
2024-07-04,1103.0,1123.0,1084.0,1088.2,4030126.0
2024-07-05,1088.8,1104.0,1076.0,1096.6,3061275.0
2024-07-08,1098.0,1108.0,1081.0,1082.6,2342622.0
2024-07-09,1080.8,1091.0,1056.0,1062.2,2931199.0
2024-07-10,1060.0,1070.0,1010.0,1013.0,3020631.0
2024-07-11,1015.8,1049.8,1014.0,1045.8,2478887.0
2024-07-12,1049.0,1051.2,1021.0,1024.8,1563015.0
2024-07-15,1026.8,1029.8,997.0,1003.8,2531244.0
2024-07-16,1005.2,1028.0,972.2,1021.6,4611097.0
2024-07-17,1025.4,1051.6,1013.0,1034.6,3412612.0
2024-07-18,1036.2,1074.0,1022.8,1074.0,3594270.0
2024-07-19,1073.2,1101.0,1064.0,1085.8,4056041.0
2024-07-22,1092.0,1118.2,1087.0,1102.4,4344754.0
2024-07-23,1105.0,1105.2,1078.6,1086.6,3092533.0
2024-07-24,1089.4,1105.0,1079.4,1085.8,4776869.0
2024-07-25,1084.6,1097.8,1071.0,1090.4,2407174.0
2024-07-26,1090.4,1099.0,1056.4,1067.2,3749478.0
2024-07-29,1065.0,1065.2,1020.0,1020.8,3278192.0
2024-07-30,1020.8,1053.8,1010.0,1048.6,3421723.0
2024-07-31,1052.6,1056.0,1033.0,1043.6,1932629.0
2024-08-01,1045.4,1053.2,1027.0,1029.0,1563492.0
2024-08-02,1030.0,1037.4,1015.2,1018.4,1965518.0
2024-08-05,1000.8,1016.2,996.8,1005.2,3827113.0
2024-08-06,1015.0,1029.4,1001.0,1010.2,2728599.0
2024-08-07,1014.0,1020.0,997.0,1012.0,3461250.0
2024-08-08,1016.0,1029.2,1009.8,1018.0,3572627.0
2024-08-09,1017.0,1021.2,1012.2,1015.0,1284484.0
2024-08-12,1016.6,1039.4,1005.4,1035.0,2351515.0
2024-08-13,1035.6,1058.0,1029.4,1055.0,2977727.0
2024-08-14,1057.0,1070.8,1032.0,1035.6,3019588.0
2024-08-15,1037.4,1044.8,1026.0,1029.0,1269882.0
2024-08-16,1030.2,1036.6,1005.6,1008.4,3139994.0
2024-08-19,1012.6,1025.0,1008.0,1019.8,3205856.0
2024-08-20,1020.4,1031.8,997.2,1006.0,4997221.0
2024-08-21,1003.8,1008.0,976.4,995.4,7383514.0
2024-08-22,990.8,997.8,945.0,950.4,8332813.0
2024-08-23,950.0,954.8,907.2,924.8,10698491.0
2024-08-26,980.2,1019.0,970.0,1011.2,13544334.0
2024-08-27,1016.2,1017.2,977.8,986.4,7635945.0
2024-08-28,979.0,983.8,950.2,978.8,7036161.0
2024-08-29,978.8,1004.8,970.4,997.8,5510120.0
2024-08-30,996.8,1001.4,965.2,977.2,3888720.0
2024-09-02,975.0,981.4,943.0,958.0,4185723.0
2024-09-03,958.4,976.0,937.6,952.6,4030762.0
2024-09-04,952.0,972.0,947.6,966.8,2234131.0
2024-09-05,970.4,976.0,948.0,949.2,2764961.0
2024-09-06,948.4,964.8,941.0,964.4,2164453.0
2024-09-09,965.4,997.8,965.2,994.6,2359410.0
2024-09-10,997.2,1013.8,970.8,986.0,4682401.0
2024-09-11,983.0,990.8,959.0,964.2,1728645.0
2024-09-12,962.4,968.2,947.4,956.0,2035305.0
2024-09-13,956.8,973.6,946.0,968.6,2433562.0
2024-09-16,977.4,988.8,973.2,985.0,2048252.0
2024-09-17,990.2,999.2,980.0,993.6,1930111.0
2024-09-18,994.0,997.8,984.2,984.8,1557636.0
2024-09-19,984.4,1007.8,984.2,997.4,2418693.0
2024-09-20,999.2,1015.0,993.0,1002.0,2616338.0
2024-09-23,999.0,1007.0,990.0,1001.4,3477898.0
2024-09-24,999.8,1047.2,996.0,1040.2,7963775.0
2024-09-25,1039.8,1048.0,1020.4,1023.8,3684611.0
2024-09-26,1021.8,1025.0,1006.0,1015.6,2693712.0
2024-09-27,1016.0,1035.2,1012.4,1025.6,2821500.0
2024-09-30,1028.0,1042.4,1002.2,1004.2,3430707.0
2024-10-01,1004.6,1012.8,991.0,1007.8,3032538.0
2024-10-02,1008.8,1016.8,969.0,980.2,3598146.0
2024-10-03,980.4,995.0,972.6,993.6,2388330.0
2024-10-04,995.6,1003.4,989.0,999.8,1755453.0
2024-10-07,1001.6,1007.2,985.8,993.6,1966313.0
2024-10-08,994.6,997.0,982.0,985.8,1461795.0
2024-10-09,986.2,993.6,971.2,976.8,1438536.0
2024-10-10,978.0,991.8,977.2,985.6,1793076.0
2024-10-11,955.2,962.2,953.8,957.8,1618500.0
2024-10-14,959.6,971.8,952.0,969.4,1781883.0
2024-10-15,969.4,980.6,964.6,974.2,1478289.0
2024-10-16,976.0,984.4,966.8,970.6,1341695.0
2024-10-17,970.6,972.6,957.2,958.6,1129272.0
2024-10-18,958.6,965.0,953.8,956.6,1042563.0
2024-10-21,956.8,968.0,954.8,958.4,1059240.0
2024-10-22,958.4,968.8,950.6,960.6,1653283.0
2024-10-23,959.2,961.4,923.2,928.8,2674266.0
2024-10-24,928.8,931.6,910.8,922.0,2665560.0
2024-10-25,922.0,931.2,898.0,903.4,3196054.0
2024-10-28,897.6,897.8,861.2,868.4,3151692.0
2024-10-29,868.2,879.4,851.2,865.4,2538289.0
2024-10-30,871.2,883.0,861.4,862.0,1911916.0
2024-10-31,860.6,867.2,838.2,843.8,2138246.0
2024-11-01,845.8,854.8,835.0,854.6,1893235.0
2024-11-02,856.0,870.2,851.4,868.0,824450.0
2024-11-05,869.2,873.6,860.4,867.2,1128488.0
2024-11-06,891.8,918.0,883.0,895.2,3593914.0
2024-11-07,895.2,924.0,883.8,923.2,1795698.0
2024-11-08,924.6,945.8,923.2,944.8,2392488.0
2024-11-11,950.2,957.0,935.0,944.6,1718276.0
2024-11-12,942.8,951.4,922.8,927.8,2146381.0
2024-11-13,926.8,936.8,897.0,902.4,2093345.0
2024-11-14,903.0,910.4,890.0,893.8,1714009.0
2024-11-15,896.0,922.0,890.0,917.8,1577217.0
2024-11-18,903.2,913.2,890.4,898.8,2095736.0
2024-11-19,898.0,901.0,869.0,875.0,2135998.0
2024-11-20,876.0,879.8,837.0,847.8,3239129.0
2024-11-21,849.4,870.0,837.4,864.8,2724199.0
2024-11-22,865.8,868.0,814.8,822.8,4087555.0
2024-11-25,823.0,831.6,805.6,822.8,4458430.0
2024-11-26,822.8,836.8,803.0,807.8,3461106.0
2024-11-27,809.2,828.0,777.2,828.0,4851185.0
2024-11-28,831.2,841.2,812.0,816.6,2691003.0
2024-11-29,816.6,839.0,815.0,835.6,1923778.0
2024-12-02,839.0,854.4,836.8,846.2,1914682.0
2024-12-03,847.0,847.6,815.0,824.0,1522189.0
2024-12-04,822.0,839.8,790.0,800.0,3199982.0
2024-12-05,802.2,832.2,782.0,830.4,4059109.0
2024-12-06,829.0,839.4,816.6,833.2,2408239.0
2024-12-09,839.8,847.0,825.6,829.2,2184253.0
2024-12-10,829.2,829.6,809.0,811.6,1890012.0
2024-12-11,810.6,814.0,800.0,810.0,1767567.0
2024-12-12,810.0,815.6,788.0,791.2,2150107.0
2024-12-13,791.6,797.0,784.0,790.2,1675863.0
2024-12-16,790.0,790.2,764.4,767.2,2325306.0
2024-12-17,768.6,779.2,765.2,771.6,1416451.0
2024-12-18,772.6,785.0,763.2,784.8,1978452.0
2024-12-19,785.0,817.6,780.6,814.4,4886709.0
2024-12-20,812.0,917.6,805.2,894.0,6634056.0
2024-12-23,905.4,950.0,894.4,944.0,5240259.0
2024-12-24,942.0,942.6,907.4,915.4,3413385.0
2024-12-25,910.0,933.8,900.0,929.4,3824067.0
2024-12-26,929.0,969.0,916.2,949.8,4442590.0
2024-12-27,950.0,959.4,934.4,949.2,2434113.0
2024-12-28,947.8,962.4,940.0,951.8,2396966.0
2024-12-30,962.8,999.6,956.2,996.0,2115864.0
2025-01-03,1010.8,1013.0,958.0,963.8,2013105.0
2025-01-06,961.2,968.0,944.2,965.0,1168155.0
2025-01-08,965.2,981.6,960.8,976.6,982564.0
2025-01-09,978.0,984.4,927.0,930.8,2495086.0
2025-01-10,937.2,976.0,930.0,969.0,4436928.0
2025-01-13,986.0,1019.6,975.0,1007.4,6986172.0
2025-01-14,1002.8,1024.8,992.0,1009.0,3892641.0
2025-01-15,1003.6,1009.4,980.0,1007.8,4332793.0
2025-01-16,1007.4,1009.2,987.0,990.2,3069513.0
2025-01-17,990.6,1013.6,983.2,1006.0,3020705.0
2025-01-20,1018.6,1022.0,971.0,974.4,3594407.0
2025-01-21,982.6,1000.0,970.2,998.8,2494081.0
2025-01-22,1001.0,1038.8,990.2,1017.6,6659005.0
2025-01-23,1016.6,1029.6,1006.0,1024.2,2666272.0
2025-01-24,1026.4,1035.0,1018.0,1029.8,2199826.0
2025-01-27,1029.8,1035.8,1000.0,1003.4,2368866.0
2025-01-28,1005.0,1030.0,986.0,1022.4,3562439.0
2025-01-29,1023.0,1058.2,1021.2,1046.0,5064988.0
2025-01-30,1046.0,1086.4,1043.6,1085.6,5690575.0
2025-01-31,1086.2,1106.8,1066.2,1082.0,4851838.0
2025-02-03,1082.0,1089.6,1061.0,1070.2,2487469.0
2025-02-04,1068.0,1085.6,1058.2,1062.2,1646238.0
2025-02-05,1062.0,1103.4,1059.0,1100.0,4436918.0
2025-02-06,1101.8,1116.6,1090.6,1101.4,3144018.0
2025-02-07,1101.4,1106.0,1091.2,1101.8,1319944.0
2025-02-10,1107.6,1157.6,1105.4,1132.6,6220639.0
2025-02-11,1130.4,1168.0,1130.4,1167.8,5529854.0
2025-02-12,1169.0,1278.2,1152.4,1277.2,17133792.0
2025-02-13,1278.2,1294.6,1224.0,1255.8,8948192.0
2025-02-14,1267.4,1275.0,1195.0,1218.8,7718967.0
2025-02-17,1228.0,1294.8,1227.8,1292.8,5493088.0
2025-02-18,1294.2,1300.0,1229.0,1254.6,5267108.0
2025-02-19,1251.8,1283.2,1235.6,1280.0,2771566.0
2025-02-20,1279.0,1322.8,1265.2,1308.4,4491811.0
2025-02-21,1309.0,1331.0,1300.0,1326.4,3768778.0
2025-02-24,1323.0,1345.6,1309.4,1342.8,4378650.0
2025-02-25,1339.0,1350.0,1315.2,1327.8,3192517.0
2025-02-26,1333.8,1336.6,1263.2,1266.8,4295331.0
2025-02-27,1262.4,1294.4,1231.2,1254.4,4946038.0
2025-02-28,1237.2,1291.0,1221.0,1285.2,5301010.0
2025-03-01,1290.8,1292.8,1280.6,1283.2,79311.0
2025-03-02,1282.0,1286.0,1261.6,1266.6,165111.0
2025-03-03,1267.8,1274.6,1221.2,1255.2,4690998.0
2025-03-04,1253.8,1323.0,1253.8,1319.0,3883686.0
2025-03-05,1322.0,1341.6,1282.8,1286.4,4441719.0
2025-03-06,1292.0,1306.6,1257.0,1269.6,2988857.0
2025-03-07,1269.6,1312.0,1261.4,1287.0,4669744.0
2025-03-10,1286.6,1305.2,1275.0,1285.0,1917147.0
2025-03-11,1287.0,1289.2,1252.6,1265.8,2190614.0
2025-03-12,1269.0,1274.0,1237.0,1255.0,2400048.0
2025-03-13,1255.0,1295.0,1202.4,1263.8,5313298.0
2025-03-14,1253.8,1281.2,1240.0,1276.2,3214499.0
2025-03-15,1276.2,1290.0,1276.0,1282.6,143364.0
2025-03-16,1282.2,1299.4,1282.2,1296.0,237806.0
2025-03-17,1295.8,1309.6,1262.4,1290.0,3123947.0
2025-03-18,1291.2,1343.8,1288.0,1302.2,7833000.0
2025-03-19,1300.8,1326.8,1293.0,1322.2,2746798.0
2025-03-20,1323.8,1330.0,1294.0,1316.0,3702123.0
2025-03-21,1312.0,1324.0,1296.0,1305.8,2374643.0
2025-03-24,1307.0,1307.6,1283.0,1283.4,2176952.0
2025-03-25,1284.4,1323.4,1265.4,1315.8,4198666.0
2025-03-26,1319.8,1322.2,1286.6,1286.8,1896968.0
2025-03-27,1290.4,1295.0,1272.0,1277.6,2514575.0
2025-03-28,1277.8,1284.2,1227.6,1240.2,3171543.0
2025-03-29,1235.0,1238.6,1209.6,1209.6,429160.0
2025-03-30,1209.6,1212.2,1209.6,1209.6,67581.0
2025-03-31,1204.4,1251.6,1185.0,1216.6,4062578.0
2025-04-01,1217.6,1268.6,1157.0,1160.4,6822598.0
2025-04-02,1165.0,1228.4,1162.0,1225.8,6172146.0
2025-04-03,1226.0,1258.2,1182.8,1223.8,6068821.0
2025-04-04,1232.0,1243.4,1142.4,1145.4,6548042.0
2025-04-05,1138.8,1159.8,1125.0,1157.0,687913.0
2025-04-06,1158.8,1178.0,1151.2,1175.4,589913.0
2025-04-07,1148.4,1153.0,1075.6,1112.6,7835453.0
2025-04-08,1121.8,1128.0,1043.6,1048.8,5466411.0
2025-04-09,1044.0,1105.0,977.2,1102.0,11191663.0
2025-04-10,1107.0,1108.0,1044.8,1062.0,4453808.0
2025-04-11,1062.2,1118.4,1062.2,1115.0,4628332.0
2025-04-12,1118.6,1139.8,1117.4,1139.6,531974.0
2025-04-13,1139.6,1139.8,1136.4,1139.8,130530.0
2025-04-14,1138.6,1145.0,1101.0,1115.6,3307171.0
2025-04-15,1115.0,1165.0,1098.0,1159.0,4356686.0
2025-04-16,1154.0,1197.8,1140.0,1190.2,5356501.0
2025-04-17,1190.0,1223.4,1169.0,1219.8,6949937.0
2025-04-18,1205.2,1207.4,1171.8,1193.0,4459298.0
2025-04-21,1202.4,1242.4,1198.2,1237.0,3792121.0
2025-04-22,1238.8,1264.0,1230.0,1244.8,3585614.0
2025-04-23,1249.0,1254.2,1198.4,1235.4,3410786.0
2025-04-24,1239.0,1258.4,1233.6,1249.0,1863808.0
2025-04-25,1250.6,1317.2,1243.0,1314.6,4767753.0
2025-04-28,1286.0,1290.0,1256.2,1266.2,4707834.0
2025-04-29,1265.0,1268.6,1201.0,1214.6,3201089.0
2025-04-30,1214.8,1220.0,1173.2,1186.8,3730102.0
2025-05-02,1180.0,1183.2,1109.2,1110.8,2335015.0
2025-05-03,1112.2,1122.0,1108.6,1120.2,251707.0
2025-05-04,1120.2,1133.6,1116.4,1126.8,259498.0
2025-05-05,1120.0,1129.2,1069.8,1077.8,3462941.0
2025-05-06,1081.0,1145.6,1050.0,1124.8,5530234.0
2025-05-07,1126.8,1163.8,1113.8,1149.0,3294053.0
2025-05-08,1150.0,1178.6,1144.6,1160.0,2614214.0
2025-05-10,1167.0,1174.6,1158.8,1169.8,505638.0
2025-05-11,1188.0,1194.8,1181.0,1188.8,591702.0
2025-05-12,1193.0,1209.0,1186.0,1200.6,2806940.0
2025-05-13,1202.4,1204.0,1183.0,1197.2,1943268.0
2025-05-14,1197.8,1205.0,1135.0,1144.2,1858732.0
2025-05-15,1143.4,1164.8,1129.0,1148.4,3068086.0
2025-05-16,1148.6,1186.2,1114.8,1149.8,3239746.0
2025-05-17,1150.0,1177.0,1146.8,1175.0,344641.0
2025-05-18,1182.2,1182.6,1177.6,1182.6,327909.0
2025-05-19,1184.2,1184.8,1150.0,1157.2,2718757.0
2025-05-20,1160.8,1162.0,1127.4,1141.0,1598655.0
2025-05-21,1143.2,1153.2,1125.6,1143.8,1297892.0
2025-05-22,1142.6,1146.2,1103.4,1106.6,3898991.0
2025-05-23,1106.6,1108.2,1071.0,1077.6,2857842.0
2025-05-26,1073.0,1076.8,1025.2,1031.8,3358145.0
2025-05-27,1027.4,1043.8,1012.4,1040.6,2739935.0
2025-05-28,1042.2,1116.0,1040.8,1113.0,5197837.0
2025-05-29,1115.0,1115.2,1078.0,1078.2,2794593.0
2025-05-30,1077.8,1111.0,1070.4,1101.8,2174026.0
2025-05-31,1101.8,1108.8,1099.6,1101.8,104055.0
2025-06-01,1091.2,1098.4,1067.2,1067.2,687282.0
2025-06-02,1057.2,1121.4,1056.0,1113.4,3367593.0
2025-06-03,1110.8,1134.0,1108.0,1132.0,2461443.0
2025-06-04,1135.4,1142.4,1101.0,1105.0,3090019.0
2025-06-05,1105.8,1120.0,1102.0,1112.8,1514930.0
2025-06-06,1112.6,1144.0,1068.2,1069.4,4087176.0
2025-06-07,1072.4,1080.4,1072.4,1076.4,104356.0
2025-06-08,1076.0,1078.0,1061.6,1068.0,93247.0
2025-06-09,1070.4,1075.6,1041.6,1043.4,1800521.0
2025-06-10,1045.4,1053.6,1007.4,1009.4,3394537.0
2025-06-11,1010.6,1036.0,1002.0,1028.0,2449490.0
2025-06-13,1044.8,1047.2,1028.0,1035.6,1243363.0
2025-06-14,1044.0,1054.0,1038.2,1053.8,324869.0
2025-06-15,1064.8,1065.0,1038.2,1048.0,665830.0
2025-06-16,1050.0,1052.0,1017.6,1023.8,1706230.0
2025-06-17,1023.8,1079.0,1018.2,1073.0,2610926.0
2025-06-18,1075.2,1089.8,1052.4,1061.8,3898500.0
2025-06-19,1061.8,1075.2,1045.4,1056.6,2649114.0
2025-06-20,1057.6,1068.4,1032.0,1040.8,1895212.0
2025-06-23,1048.4,1062.8,1033.2,1039.6,2213065.0
2025-06-24,1039.8,1053.2,1023.0,1046.6,2602553.0
2025-06-25,1049.0,1094.0,1048.0,1090.8,3994152.0
2025-06-26,1090.4,1092.8,1077.6,1078.0,2125045.0
2025-06-27,1082.2,1093.8,1070.6,1091.0,2827993.0
2025-06-28,1090.8,1098.8,1090.0,1092.8,174330.0
2025-06-29,1092.2,1100.0,1090.0,1092.0,230287.0
2025-06-30,1090.6,1105.0,1082.0,1097.6,2167714.0
2025-07-01,1097.8,1123.8,1096.2,1111.0,3060006.0
2025-07-02,1113.0,1122.8,1090.8,1093.8,2595663.0
2025-07-03,1094.8,1102.8,1071.4,1073.4,2638005.0
2025-07-04,1071.2,1073.4,1042.6,1050.2,2786980.0
2025-07-05,1052.6,1054.8,1049.4,1053.4,79700.0
2025-07-06,1053.2,1053.2,1047.4,1047.8,44534.0
2025-07-07,1047.8,1055.2,1026.0,1030.2,2142027.0
2025-07-08,1031.2,1046.6,1010.0,1016.4,1919097.0
2025-07-09,1016.4,1039.6,1011.0,1032.8,2309023.0
2025-07-10,1036.0,1045.8,1025.2,1037.0,1433331.0
2025-07-11,1038.0,1042.0,989.0,991.4,3642344.0
2025-07-12,993.8,997.0,993.0,995.2,147968.0
2025-07-13,994.0,996.6,985.4,988.0,135385.0
2025-07-14,987.0,1038.0,966.6,1031.2,4927916.0
2025-07-15,1036.0,1052.2,1031.0,1046.8,2289189.0
2025-07-16,1049.0,1055.0,1037.4,1044.2,2051760.0
2025-07-17,1045.0,1060.8,1031.2,1034.0,2398228.0
2025-07-18,1037.4,1082.2,1034.4,1082.0,3447097.0
2025-07-19,1081.8,1107.8,1080.2,1096.4,676851.0
2025-07-20,1106.4,1108.4,1096.2,1102.2,238450.0
2025-07-21,1100.0,1109.0,1086.2,1091.6,2110323.0
2025-07-22,1094.8,1095.8,1075.0,1085.0,1809788.0
2025-07-23,1085.0,1090.8,1066.2,1071.4,3075022.0
2025-07-24,1072.0,1084.0,1064.2,1073.2,1823208.0
2025-07-25,1076.0,1086.2,1046.8,1052.8,3304290.0
2025-07-26,1056.4,1060.2,1052.8,1056.8,95926.0
2025-07-27,1055.4,1057.2,1050.2,1052.0,55051.0
2025-07-28,1050.0,1050.6,1012.4,1024.8,3484349.0
2025-07-29,1023.8,1034.4,1019.6,1028.0,1770959.0
2025-07-30,1028.2,1028.6,1013.2,1018.8,1116132.0
2025-07-31,1019.0,1025.0,1008.8,1014.2,1533056.0
2025-08-01,1017.6,1030.0,1003.0,1014.0,2746251.0
2025-08-04,1018.8,1059.0,1013.0,1058.2,3389828.0
2025-08-05,1059.4,1063.4,1041.6,1058.6,2661425.0
2025-08-06,1058.8,1097.6,1035.4,1083.8,5382251.0
2025-08-07,1084.0,1176.0,1072.2,1138.0,17766223.0
2025-08-08,1139.0,1200.0,1120.0,1195.8,8588429.0
2025-08-11,1224.6,1234.4,1205.2,1222.0,8994611.0
2025-08-12,1222.4,1252.8,1206.8,1244.0,4881883.0
2025-08-13,1243.0,1260.0,1230.0,1241.2,5894812.0
2025-08-14,1241.8,1273.4,1221.2,1264.4,6764469.0
2025-08-15,1265.0,1293.0,1251.4,1278.8,6684174.0
2025-08-16,1239.4,1251.2,1239.4,1243.2,2047179.0
2025-08-17,1240.4,1242.4,1239.4,1239.4,227932.0
2025-08-18,1224.4,1303.6,1222.2,1269.8,8050871.0
2025-08-19,1275.2,1284.0,1239.2,1250.6,5825400.0
2025-08-20,1251.0,1257.2,1210.2,1215.0,5219197.0
2025-08-21,1216.6,1217.2,1158.0,1164.0,9485819.0
2025-08-22,1164.8,1188.8,1151.4,1184.8,4995897.0
2025-08-23,1186.2,1197.0,1186.0,1189.0,571097.0
2025-08-24,1181.6,1184.8,1167.0,1171.0,578335.0
2025-08-25,1172.2,1179.6,1155.0,1171.2,3550394.0
2025-08-26,1170.0,1194.0,1164.6,1172.0,3117087.0
2025-08-27,1172.0,1227.8,1163.2,1225.2,7473496.0
2025-08-28,1225.4,1243.6,1205.4,1217.0,8977727.0
2025-08-29,1221.0,1244.2,1217.6,1238.4,5032339.0
2025-08-30,1238.4,1242.0,1231.0,1238.8,314107.0
2025-08-31,1239.0,1242.4,1236.8,1242.0,219045.0
2025-09-01,1245.8,1253.0,1221.2,1225.6,2796981.0
2025-09-02,1229.0,1234.4,1201.0,1220.0,5036712.0
2025-09-03,1220.2,1229.6,1205.2,1226.8,2758649.0
2025-09-04,1228.0,1245.0,1213.6,1226.6,3468843.0
2025-09-05,1228.0,1245.6,1226.4,1239.8,2450914.0
2025-09-06,1243.2,1244.4,1240.4,1243.6,106877.0
2025-09-07,1244.0,1244.4,1237.4,1240.0,151801.0
2025-09-08,1240.4,1244.8,1226.6,1237.4,2250404.0
2025-09-09,1239.0,1252.8,1237.0,1250.8,2537396.0
2025-09-10,1252.0,1252.6,1222.2,1231.0,2185583.0
2025-09-11,1231.8,1234.0,1207.2,1219.4,2693455.0
2025-09-12,1219.4,1225.0,1193.0,1201.0,3434869.0
2025-09-13,1203.0,1209.0,1200.0,1201.0,221529.0
2025-09-14,1201.0,1207.4,1198.0,1205.8,118600.0
2025-09-15,1206.0,1208.8,1184.0,1198.8,2564180.0
2025-09-16,1198.8,1216.0,1188.2,1207.2,3336952.0
2025-09-17,1207.6,1230.0,1200.2,1228.0,2534870.0
2025-09-18,1230.6,1238.0,1202.0,1207.2,3869251.0
2025-09-19,1208.0,1215.0,1162.2,1167.2,3841607.0
2025-09-22,1168.2,1176.0,1107.8,1156.0,6622020.0
2025-09-23,1157.4,1167.4,1111.8,1117.2,4439769.0
2025-09-24,1118.2,1134.4,1085.4,1127.6,4999660.0
2025-09-25,1128.0,1133.0,1112.0,1119.4,2030470.0
2025-09-26,1119.6,1123.0,1098.4,1114.2,2496008.0
2025-09-27,1114.2,1118.6,1113.6,1117.2,27519.0
2025-09-28,1118.2,1120.6,1114.6,1117.2,55401.0
2025-09-29,1117.8,1141.8,1092.4,1099.4,3543779.0
2025-09-30,1099.0,1109.4,1086.2,1101.8,2766324.0
2025-10-01,1105.0,1154.4,1100.0,1116.8,3985397.0
2025-10-02,1118.0,1128.8,1107.0,1114.8,2398795.0
2025-10-03,1114.6,1126.0,1075.0,1084.0,3237784.0
2025-10-06,1053.6,1083.4,1042.6,1083.2,4647084.0
2025-10-07,1078.0,1088.4,1065.4,1073.6,2289583.0
2025-10-08,1075.0,1078.6,1012.0,1022.2,4720556.0
2025-10-09,1028.0,1062.0,1002.4,1056.6,4183974.0
2025-10-10,1056.0,1067.2,1027.2,1035.6,2439853.0
2025-10-11,1034.0,1034.8,1020.2,1031.8,230985.0
2025-10-12,1031.8,1043.2,1031.4,1039.0,110427.0
2025-10-13,1040.4,1057.8,1024.2,1033.8,2607449.0
2025-10-14,1036.8,1062.8,1021.4,1049.6,2807970.0
2025-10-15,1050.4,1101.2,1040.2,1076.4,4308967.0
2025-10-16,1077.0,1184.0,1055.2,1162.0,8459883.0
2025-10-17,1165.6,1178.8,1142.2,1158.4,4501452.0
2025-10-18,1168.6,1177.4,1161.6,1172.2,556133.0
2025-10-19,1173.0,1174.8,1157.0,1167.6,271771.0
2025-10-20,1170.0,1174.2,1151.6,1159.6,1791813.0
2025-10-21,1159.6,1161.0,1080.0,1116.4,4976669.0
2025-10-22,1116.4,1128.6,1059.8,1084.4,4145991.0
2025-10-23,1053.0,1078.2,1052.0,1077.2,2220571.0
2025-10-24,1080.0,1083.4,1040.0,1057.6,2604979.0
2025-10-27,1057.6,1057.8,1022.0,1026.6,2114680.0
2025-10-28,1026.8,1057.6,1016.2,1052.2,2042408.0
2025-10-29,1054.0,1074.0,1045.0,1057.6,1457445.0
2025-10-30,1057.6,1072.4,1047.4,1067.2,1864413.0
2025-10-31,1067.2,1072.0,1037.0,1044.8,1153069.0
2025-11-01,1044.0,1052.4,1042.0,1044.8,404992.0
2025-11-03,1052.2,1069.6,1047.8,1066.0,658681.0
2025-11-05,1065.0,1075.0,1046.2,1055.4,1455908.0
2025-11-06,1055.0,1060.4,1046.4,1060.2,888389.0
2025-11-07,1058.6,1085.4,1050.0,1077.8,1937888.0
2025-11-08,1079.0,1082.0,1076.2,1077.8,55334.0
2025-11-09,1079.8,1082.6,1076.8,1082.4,40051.0
2025-11-10,1084.2,1089.8,1067.4,1075.8,1608317.0
2025-11-11,1074.4,1093.8,1071.0,1088.8,1259951.0
2025-11-12,1088.8,1090.0,1071.8,1075.0,1008813.0
2025-11-13,1076.4,1093.0,1073.8,1086.4,1366415.0
2025-11-14,1087.6,1090.8,1071.2,1077.4,1026107.0
2025-11-15,1077.8,1079.4,1076.8,1077.8,33169.0
2025-11-16,1077.8,1080.0,1064.4,1068.0,99549.0
2025-11-17,1068.0,1068.0,1048.4,1049.6,1432496.0
2025-11-18,1048.8,1095.0,1045.0,1073.0,3529049.0
2025-11-19,1076.6,1127.4,1075.8,1117.8,4561367.0
2025-11-20,1115.8,1169.0,1106.2,1162.0,4598787.0
2025-11-21,1161.6,1174.8,1131.2,1159.4,3584373.0
2025-11-24,1175.6,1189.0,1133.8,1147.0,3094886.0
2025-11-25,1147.0,1171.8,1130.0,1158.8,3170774.0
2025-11-26,1158.4,1158.6,1143.0,1145.4,952688.0
2025-11-27,1148.2,1152.4,1108.8,1119.2,2255879.0
2025-11-28,1120.0,1168.8,1116.0,1166.4,2963359.0
2025-11-29,1164.0,1173.4,1155.4,1170.0,435141.0
2025-11-30,1170.0,1178.6,1167.0,1175.8,477347.0
2025-12-01,1171.8,1196.2,1158.4,1183.0,3586743.0
2025-12-02,1183.0,1194.0,1166.0,1178.0,2372928.0
2025-12-03,1155.0,1161.8,1134.8,1149.2,2911165.0
2025-12-04,1154.0,1170.0,1152.8,1153.6,1420776.0
2025-12-05,1155.0,1197.2,1155.0,1194.4,2710115.0
2025-12-08,1192.6,1202.8,1170.2,1171.6,2618133.0
2025-12-09,1173.6,1210.4,1168.2,1199.6,3233271.0
2025-12-10,1200.0,1204.6,1189.0,1194.8,1487577.0
2025-12-11,1197.2,1240.6,1195.6,1223.0,5481395.0
2025-12-12,1219.8,1228.4,1193.2,1196.4,3054054.0
2025-12-13,1206.8,1211.8,1204.4,1209.4,260243.0
2025-12-14,1208.8,1209.0,1197.0,1203.0,264037.0
2025-12-15,1212.6,1225.0,1201.8,1216.0,2484019.0
2025-12-16,1219.6,1231.0,1211.4,1224.4,1752424.0
2025-12-17,1226.4,1234.6,1201.2,1215.8,2540234.0
2025-12-18,1220.2,1220.6,1200.0,1206.0,2534512.0
2025-12-19,1211.6,1219.0,1185.2,1205.0,3590801.0
2025-12-20,1206.0,1212.2,1200.2,1207.6,178188.0
2025-12-21,1210.6,1211.6,1201.4,1205.0,129079.0
2025-12-22,1202.4,1207.8,1152.0,1154.6,4638932.0
2025-12-23,1156.0,1168.0,1142.4,1165.0,2416697.0
2025-12-24,1165.6,1171.4,1151.4,1161.2,1429601.0
2025-12-25,1163.0,1163.2,1147.8,1153.8,1002786.0
2025-12-26,1155.2,1198.6,1152.6,1198.2,2973354.0
2025-12-27,1198.2,1202.0,1195.0,1195.4,231632.0
2025-12-28,1194.4,1209.6,1189.0,1202.6,371019.0
2025-12-29,1202.4,1229.0,1172.0,1187.0,4721819.0
2025-12-30,1188.0,1196.8,1179.8,1188.0,1612451.0
2026-01-05,1178.0,1180.4,1160.6,1174.0,994500.0
2026-01-06,1174.6,1180.4,1164.0,1171.8,573843.0
2026-01-08,1155.2,1161.8,1151.0,1156.6,980681.0
2026-01-09,1158.0,1167.8,1155.0,1163.6,725367.0
2026-01-12,1162.6,1174.8,1155.6,1159.6,1144525.0
2026-01-13,1158.2,1163.0,1142.6,1147.4,1378450.0
2026-01-14,1145.0,1159.0,1130.0,1141.8,2723781.0
2026-01-15,1142.8,1163.8,1140.2,1162.8,1884140.0
2026-01-16,1163.4,1198.8,1161.0,1196.0,2422113.0
2026-01-17,1195.2,1197.4,1191.0,1192.0,122053.0
2026-01-18,1193.0,1198.0,1187.6,1194.8,127644.0
2026-01-19,1194.8,1214.8,1185.0,1194.2,2256990.0
2026-01-20,1196.0,1219.4,1188.0,1215.8,2222067.0
2026-01-21,1216.2,1244.0,1204.0,1243.0,2871326.0
2026-01-22,1243.4,1249.0,1212.2,1216.0,4389132.0
2026-01-23,1209.8,1223.0,1201.8,1217.0,2811976.0
2026-01-24,1216.0,1219.2,1196.2,1208.0,799754.0
2026-01-25,1212.6,1217.2,1210.8,1217.0,252037.0
2026-01-26,1214.0,1216.4,1180.0,1183.0,3968506.0
2026-01-27,1184.6,1197.4,1177.0,1194.4,2348543.0
2026-01-28,1194.6,1200.2,1182.0,1183.2,1701036.0
2026-01-29,1185.0,1216.0,1181.0,1198.4,5081643.0
2026-01-30,1197.0,1198.8,1162.6,1178.0,2884661.0
2026-01-31,1178.6,1180.0,1171.6,1175.4,126999.0
2026-02-01,1175.6,1184.4,1174.0,1181.6,265039.0
2026-02-02,1177.8,1179.8,1167.0,1173.4,1779851.0
2026-02-03,1175.8,1183.9,1168.0,1172.6,1989938.0
2026-02-04,1173.8,1198.1,1172.6,1180.4,4145454.0
2026-02-05,1180.3,1187.8,1155.2,1167.0,3258038.0
2026-02-06,1168.9,1172.8,1157.3,1161.5,1472155.0
2026-02-07,1162.3,1166.1,1161.3,1163.3,76855.0
2026-02-08,1163.3,1166.7,1159.1,1162.0,96586.0
2026-02-09,1163.8,1163.8,1141.2,1146.0,1420340.0
2026-02-10,1148.6,1159.5,1143.0,1145.9,1536823.0
2026-02-11,1146.2,1192.0,1144.2,1182.7,5156379.0
2026-02-12,1182.6,1192.0,1172.2,1179.2,2500356.0
2026-02-13,1181.9,1200.7,1176.4,1194.9,2116525.0
2026-02-16,1196.0,1198.8,1174.2,1174.6,1552354.0
2026-02-17,1177.0,1181.5,1157.0,1162.9,1856889.0
2026-02-18,1166.5,1169.4,1149.9,1168.9,1396842.0
2026-02-19,1171.0,1179.3,1167.4,1167.9,1100647.0
2026-02-20,1168.1,1198.0,1166.3,1196.2,4029517.0
2026-02-21,1198.0,1198.0,1193.6,1196.2,62771.0
2026-02-22,1197.0,1205.0,1197.0,1202.5,261723.0
2026-02-23,1203.0,1203.1,1199.6,1200.7,70737.0
2026-02-24,1203.4,1204.6,1181.0,1187.4,1888780.0
2026-02-25,1187.2,1195.6,1183.1,1188.9,1337129.0
2026-02-26,1190.7,1193.1,1181.7,1184.6,877288.0
2026-02-27,1186.4,1201.4,1181.1,1196.0,1314860.0
2026-02-28,1199.6,1230.4,1192.6,1227.8,2354673.0
2026-03-01,1231.6,1231.6,1216.0,1231.6,1306318.0
2026-03-02,1227.6,1280.0,1220.8,1276.2,11282290.0
2026-03-03,1278.6,1298.0,1245.0,1249.9,10058344.0
2026-03-04,1252.8,1297.0,1250.9,1280.5,7750911.0
2026-03-05,1290.2,1319.3,1282.0,1309.7,6889041.0
2026-03-06,1312.4,1357.5,1312.0,1345.0,8588780.0
2026-03-09,1418.2,1476.8,1323.0,1328.3,12101667.0
2026-03-10,1339.8,1376.7,1297.5,1321.0,8773341.0
2026-03-11,1318.4,1388.0,1312.1,1382.9,8042576.0
2026-03-12,1398.3,1418.8,1379.7,1404.0,8093330.0
2026-03-13,1404.0,1404.9,1369.0,1385.5,4257173.0
2026-03-14,1386.3,1396.8,1386.3,1393.3,501402.0
2026-03-15,1395.0,1396.8,1391.5,1396.0,263929.0
2026-03-16,1400.6,1402.5,1341.0,1353.7,6377856.0
2026-03-17,1353.8,1364.7,1341.5,1356.1,2806116.0
2026-03-18,1345.2,1430.0,1325.5,1428.8,11827631.0
2026-03-19,1431.0,1436.8,1404.0,1412.0,9974943.0
2026-03-20,1410.6,1419.1,1381.3,1404.0,3786489.0
2026-03-23,1413.1,1430.0,1340.1,1379.4,9169881.0
2026-03-24,1389.0,1412.0,1365.6,1384.1,4698666.0
2026-03-25,1378.2,1387.3,1355.0,1360.9,4719153.0
2026-03-26,1357.8,1372.3,1304.0,1314.0,11189904.0
2026-03-27,1314.0,1320.6,1286.4,1305.7,7074598.0
2026-03-28,1305.8,1313.0,1295.9,1298.3,232235.0
2026-03-29,1290.0,1312.5,1280.0,1308.7,1498966.0
2026-03-30,1309.0,1328.1,1288.5,1314.4,4234924.0
2026-03-31,1313.6,1316.8,1272.1,1276.0,3574770.0
2026-04-01,1277.3,1283.6,1260.7,1263.5,2988865.0
2026-04-02,1276.7,1287.2,1243.2,1248.4,3788934.0
2026-04-03,1250.0,1272.0,1243.0,1267.7,3328406.0
2026-04-04,1269.0,1280.0,1262.8,1276.1,481323.0
2026-04-05,1277.8,1279.9,1273.9,1277.2,217265.0
2026-04-06,1284.5,1291.6,1257.8,1285.8,2823437.0
2026-04-07,1286.5,1309.8,1277.6,1292.3,3673433.0
2026-04-08,1251.7,1267.5,1220.0,1264.8,3698753.0
2026-04-09,1266.2,1270.9,1242.3,1250.0,2414735.0
2026-04-10,1253.9,1258.8,1232.5,1233.3,2285992.0
2026-04-11,1196.5,1205.0,1192.3,1198.0,822540.0
2026-04-12,1219.2,1223.0,1208.8,1223.0,785906.0
2026-04-13,1237.0,1238.0,1201.0,1207.5,2795461.0
2026-04-14,1209.7,1214.6,1182.1,1187.8,2648856.0
2026-04-15,1189.3,1198.8,1178.3,1191.9,1659430.0
2026-04-16,1193.0,1211.7,1185.1,1185.1,1822616.0
2026-04-17,1187.2,1203.7,1151.0,1165.4,2901475.0
2026-04-18,1170.9,1177.0,1162.0,1173.5,499126.0
2026-04-19,1176.0,1188.3,1174.0,1179.7,282182.0
2026-04-20,1184.6,1208.8,1172.3,1203.0,2270490.0
2026-04-21,1202.0,1223.3,1189.2,1216.5,2956216.0
2026-04-22,1216.5,1216.6,1201.0,1203.0,1430585.0
2026-04-23,1206.2,1221.0,1203.5,1210.5,2337463.0
2026-04-24,1213.7,1218.0,1178.7,1184.0,1881238.0
2026-04-25,1184.2,1185.8,1182.6,1184.8,43021.0
2026-04-26,1185.0,1187.6,1180.2,1181.1,62694.0
2026-04-27,1182.4,1186.8,1170.4,1178.5,1145333.0
2026-04-28,1181.8,1190.5,1167.2,1172.5,1707124.0
2026-04-29,1172.7,1182.3,1122.1,1135.5,4284564.0
2026-04-30,1139.1,1154.0,1126.6,1136.2,2287054.0
2026-05-01,1139.9,1143.2,1131.3,1135.1,126143.0
2026-05-02,1136.0,1141.0,1132.0,1134.2,52387.0
2026-05-03,1134.2,1137.9,1133.0,1137.6,35004.0
2026-05-04,1138.0,1142.8,1115.2,1125.7,1972163.0
2026-05-05,1125.7,1163.8,1112.0,1161.8,2585664.0
2026-05-06,1162.6,1169.3,1137.4,1142.4,2521000.0
2026-05-07,1145.6,1148.2,1122.2,1125.3,1174323.0
2026-05-08,1126.0,1148.4,1119.2,1144.9,1185265.0
2026-05-11,1152.0,1167.0,1150.3,1165.1,1047364.0
2026-05-12,1164.8,1179.4,1155.5,1168.3,1908884.0
2026-05-13,1168.0,1178.8,1158.6,1170.1,1265261.0
2026-05-14,1169.4,1171.3,1146.6,1148.9,1060768.0
2026-05-15,1150.3,1158.4,1127.9,1132.3,1606993.0
2026-05-16,1134.3,1141.5,1130.9,1133.7,178842.0
2026-05-17,1135.8,1138.9,1134.1,1134.9,82877.0
