Date,Open,High,Low,Close,Volume
2011-07-18,1346.9,1346.9,1135.0,1340.0,1040.0
2011-07-19,1220.1,1220.2,1210.2,1220.2,120.0
2011-07-20,1210.0,1250.0,1197.5,1197.5,720.0
2011-07-21,1197.5,1270.0,1197.5,1205.0,4260.0
2011-07-22,1249.9,1249.9,1201.0,1240.0,3380.0
2011-07-25,1275.0,1275.0,1250.0,1250.0,490.0
2011-07-26,1260.0,1260.0,1220.1,1220.1,140.0
2011-07-27,1225.0,1225.0,1195.0,1195.0,3400.0
2011-07-28,1200.0,1200.0,1195.0,1200.0,390.0
2011-07-29,1200.0,1200.0,1192.1,1192.1,80.0
2011-08-01,1200.0,1200.0,1175.2,1180.0,1310.0
2011-08-02,1194.9,1195.0,1194.9,1195.0,250.0
2011-08-03,1170.0,1170.0,1158.0,1158.0,410.0
2011-08-04,1160.0,1160.0,1160.0,1160.0,30.0
2011-08-05,1130.2,1160.0,1120.1,1140.0,710.0
2011-08-08,1140.0,1140.0,1107.5,1107.5,40.0
2011-08-09,1087.9,1088.8,1000.0,1055.5,460.0
2011-08-10,1075.5,1075.5,1035.0,1035.0,410.0
2011-08-11,1060.0,1060.0,950.0,1050.0,2610.0
2011-08-12,1030.0,1055.7,1030.0,1055.7,990.0
2011-08-15,1030.0,1060.0,1030.0,1040.0,600.0
2011-08-16,1022.5,1030.0,1020.0,1020.0,130.0
2011-08-17,1015.0,1030.0,1015.0,1030.0,3340.0
2011-08-18,1030.0,1045.0,1020.0,1020.0,450.0
2011-08-19,1050.0,1050.0,1040.0,1040.0,220.0
2011-08-22,1039.9,1069.9,990.0,995.0,430.0
2011-08-23,1068.9,1069.0,1005.8,1007.1,660.0
2011-08-24,1000.1,1039.2,999.5,1019.7,470.0
2011-08-25,990.1,1020.0,990.1,1000.1,4350.0
2011-08-26,980.1,1100.0,975.0,1049.6,10180.0
2011-08-29,1050.0,1149.0,1010.0,1093.7,20610.0
2011-08-30,1099.8,1118.7,1032.1,1054.7,5810.0
2011-08-31,1069.7,1120.0,1054.9,1100.0,2120.0
2011-09-01,1114.8,1115.0,1080.3,1095.0,930.0
2011-09-02,1148.0,1150.0,1095.4,1095.4,600.0
2011-09-05,1055.5,1148.0,1055.5,1111.1,1700.0
2011-09-06,1147.5,1147.5,1110.0,1120.0,1830.0
2011-09-07,1131.2,1235.0,1130.9,1235.0,2250.0
2011-09-08,1229.8,1230.0,1181.0,1230.0,620.0
2011-09-09,1177.4,1230.0,1170.1,1200.0,3310.0
2011-09-12,1150.9,1165.1,1150.0,1150.0,420.0
2011-09-13,1151.1,1190.1,1150.1,1160.0,300.0
2011-09-14,1170.0,1180.0,1169.9,1180.0,290.0
2011-09-15,1175.0,1200.0,1175.0,1200.0,3460.0
2011-09-16,1219.9,1230.0,1184.5,1230.0,6920.0
2011-09-19,1220.0,1225.0,1200.1,1200.6,680.0
2011-09-20,1200.3,1235.0,1200.3,1235.0,3660.0
2011-09-21,1235.0,1250.0,1220.0,1245.0,2660.0
2011-09-22,1170.0,1219.5,1035.0,1132.5,3590.0
2011-09-23,1188.7,1188.7,1051.0,1089.9,2400.0
2011-09-26,1088.6,1155.0,1040.0,1150.0,1880.0
2011-09-27,1189.0,1224.6,1150.0,1150.0,760.0
2011-09-28,1124.0,1153.5,1114.5,1114.5,1370.0
2011-09-29,1080.6,1189.5,1080.6,1189.5,1230.0
2011-09-30,1189.4,1189.5,1087.6,1168.3,690.0
2011-10-03,1060.1,1149.9,1060.0,1130.0,830.0
2011-10-04,1107.5,1107.5,1025.0,1025.0,570.0
2011-10-05,1124.9,1224.6,979.1,1000.0,1680.0
2011-10-06,1100.0,1250.0,1035.0,1069.9,2540.0
2011-10-07,1070.0,1107.1,1040.0,1100.0,2530.0
2011-10-10,1110.0,1122.5,1040.2,1112.4,2410.0
2011-10-11,1085.1,1100.2,1070.0,1070.0,760.0
2011-10-12,1100.0,1110.0,1040.2,1100.0,7880.0
2011-10-13,1082.7,1110.0,1073.0,1100.0,1920.0
2011-10-14,1099.9,1102.1,1079.1,1102.1,1260.0
2011-10-17,1095.1,1102.4,1082.4,1082.4,1220.0
2011-10-18,1098.9,1138.3,1055.0,1138.3,1340.0
2011-10-19,1140.1,1140.1,1096.1,1100.0,4570.0
2011-10-20,1100.0,1100.1,1095.0,1095.0,4030.0
2011-10-21,1100.0,1120.0,1099.0,1107.5,13870.0
2011-10-24,1134.7,1137.9,1093.1,1109.4,4090.0
2011-10-25,1129.5,1129.5,1099.0,1100.0,10290.0
2011-10-26,1070.0,1119.9,1070.0,1114.0,5110.0
2011-10-27,1090.0,1130.0,1081.5,1118.9,19260.0
2011-10-28,1095.2,1129.9,1095.2,1129.9,3140.0
2011-10-31,1110.1,1134.4,1100.0,1125.6,1270.0
2011-11-01,1138.7,1149.4,1118.2,1125.2,2570.0
2011-11-02,1125.0,1147.7,1125.0,1130.0,360.0
2011-11-03,1104.9,1149.6,1104.8,1111.4,1610.0
2011-11-07,1114.8,1125.2,1112.5,1115.0,90.0
2011-11-08,1115.1,1120.0,1102.8,1102.9,910.0
2011-11-09,1110.1,1115.0,1081.6,1081.6,2520.0
2011-11-10,1095.4,1110.0,1080.0,1100.0,2210.0
2011-11-11,1100.0,1106.1,1083.0,1090.0,2510.0
2011-11-14,1119.7,1119.9,1073.0,1089.8,1040.0
2011-11-15,1098.0,1109.9,1092.8,1092.8,700.0
2011-11-16,1099.0,1100.0,1072.0,1088.8,2630.0
2011-11-17,1001.7,1090.0,1001.7,1077.3,1190.0
2011-11-18,1050.1,1068.8,1040.0,1059.5,890.0
2011-11-21,1050.1,1050.1,1020.0,1030.0,2090.0
2011-11-22,1025.1,1071.6,1010.1,1037.7,2980.0
2011-11-23,1018.8,1023.6,1010.0,1010.0,430.0
2011-11-24,1019.4,1019.5,1000.0,1000.0,1410.0
2011-11-25,999.9,1000.0,944.8,972.4,2740.0
2011-11-28,980.0,991.5,960.0,985.0,3020.0
2011-11-29,991.4,991.5,958.9,978.4,1540.0
2011-11-30,970.9,989.0,967.1,975.0,6680.0
2011-12-01,984.9,1000.0,963.5,963.5,1770.0
2011-12-02,976.7,976.7,920.0,945.0,4670.0
2011-12-05,930.2,966.7,930.1,950.0,1490.0
2011-12-06,935.2,940.0,913.9,920.1,950.0
2011-12-07,907.0,920.0,890.0,900.0,5190.0
2011-12-08,910.9,956.3,905.0,919.8,3340.0
2011-12-09,899.9,953.2,899.9,935.8,7960.0
2011-12-12,913.6,920.0,899.7,899.7,2490.0
2011-12-13,881.5,904.9,870.0,900.0,910.0
2011-12-14,886.1,886.1,841.5,857.0,4020.0
2011-12-15,865.0,892.9,822.2,840.0,8850.0
2011-12-16,840.0,849.8,820.1,839.0,2240.0
2011-12-19,825.0,826.0,812.5,820.1,440.0
2011-12-20,812.1,829.9,812.0,820.0,630.0
2011-12-21,844.9,853.8,825.0,825.0,400.0
2011-12-22,844.9,844.9,815.0,815.0,650.0
2011-12-23,814.9,816.1,799.9,800.0,1470.0
2011-12-26,819.9,829.9,800.1,810.0,700.0
2011-12-27,808.0,810.0,805.0,805.0,410.0
2011-12-28,800.2,800.2,779.7,780.3,1040.0
2011-12-29,785.1,789.4,770.0,789.4,530.0
2011-12-30,775.8,819.7,775.0,819.7,840.0
2012-01-03,830.0,850.0,815.0,850.0,750.0
2012-01-04,835.0,835.0,820.3,820.3,380.0
2012-01-05,830.0,830.0,810.0,810.0,550.0
2012-01-06,810.0,840.0,810.0,840.0,430.0
2012-01-09,850.0,850.0,810.2,810.2,180.0
2012-01-10,812.3,845.0,812.3,838.5,1170.0
2012-01-11,840.0,841.0,829.0,829.0,580.0
2012-01-12,810.1,839.8,810.1,820.0,700.0
2012-01-13,812.0,820.1,812.0,812.0,900.0
2012-01-16,820.0,839.8,817.0,825.1,560.0
2012-01-17,845.9,845.9,822.0,830.0,1370.0
2012-01-18,818.0,820.0,815.5,816.5,230.0
2012-01-19,818.5,822.5,812.2,820.0,350.0
2012-01-20,835.0,857.0,835.0,850.0,1750.0
2012-01-23,849.9,860.0,831.0,835.0,6700.0
2012-01-24,842.0,845.0,832.0,839.0,6860.0
2012-01-25,859.8,869.8,845.0,869.8,3600.0
2012-01-26,869.8,890.0,855.1,870.2,4010.0
2012-01-27,883.9,883.9,850.0,865.0,3310.0
2012-01-30,851.5,864.2,842.0,842.0,520.0
2012-01-31,840.2,869.2,835.2,860.1,1070.0
2012-02-01,860.0,888.0,860.0,868.0,1960.0
2012-02-02,874.5,899.9,873.0,880.0,2290.0
2012-02-03,865.0,898.8,865.0,880.0,2040.0
2012-02-06,880.0,913.7,872.1,892.6,4900.0
2012-02-07,892.6,974.8,892.6,920.0,4990.0
2012-02-08,920.8,939.8,920.8,930.0,5310.0
2012-02-09,925.1,952.5,925.0,935.0,2710.0
2012-02-10,925.0,925.1,911.1,920.0,3920.0
2012-02-13,920.0,970.0,915.0,965.7,2490.0
2012-02-14,965.0,1009.9,965.0,987.1,6370.0
2012-02-15,1000.0,1025.0,995.2,1001.3,3360.0
2012-03-26,992.0,992.0,900.0,922.0,13597.0
2012-03-27,925.0,970.0,905.9,954.0,3296.0
2012-03-28,968.9,1190.0,925.1,946.1,11787.0
2012-03-29,948.9,954.0,924.0,946.9,1652.0
2012-03-30,947.0,959.8,930.1,959.8,1924.0
2012-04-02,965.0,1080.0,965.0,975.0,3871.0
2012-04-03,975.0,1010.0,970.0,989.7,2550.0
2012-04-04,961.3,980.0,940.0,958.0,4622.0
2012-04-05,950.5,961.7,933.0,939.7,3078.0
2012-04-06,945.0,947.8,840.0,924.5,4022.0
2012-04-09,905.0,926.9,890.2,926.7,954.0
2012-04-10,901.0,948.0,901.0,939.9,4585.0
2012-04-11,939.8,944.2,905.0,927.8,1111.0
2012-04-12,940.0,944.9,908.0,935.0,3279.0
2012-04-13,932.5,988.9,932.5,964.9,10730.0
2012-04-16,980.0,997.8,954.5,975.0,7446.0
2012-04-17,976.0,979.7,957.2,961.0,4368.0
2012-04-18,963.0,985.7,958.1,964.9,10117.0
2012-04-19,920.5,959.0,914.9,936.0,8181.0
2012-04-20,938.0,939.9,911.0,925.0,2771.0
2012-04-23,915.0,932.0,904.5,910.6,3835.0
2012-04-24,900.1,915.0,889.0,890.0,1396.0
2012-04-25,890.0,902.6,889.3,898.0,944.0
2012-04-26,891.1,900.0,860.0,881.0,2023.0
2012-04-27,889.8,898.5,872.0,894.0,991.0
2012-04-28,900.0,900.0,891.5,897.0,105.0
2012-05-02,899.0,919.8,896.0,904.0,1246.0
2012-05-03,890.0,939.6,890.0,914.9,3627.0
2012-05-04,901.0,903.0,863.5,889.0,2388.0
2012-05-05,884.0,884.0,850.0,879.0,1112.0
2012-05-07,861.0,870.0,831.2,855.1,1427.0
2012-05-08,860.0,890.0,855.0,871.8,2098.0
2012-05-10,862.0,937.0,862.0,893.0,598.0
2012-05-11,866.2,888.0,866.2,879.0,674.0
2012-05-12,877.0,885.0,876.0,885.0,243.0
2012-05-14,877.0,877.0,840.0,844.8,760.0
2012-05-15,864.0,868.0,830.0,838.0,3350.0
2012-05-16,847.0,856.0,823.0,828.0,514.0
2012-05-17,828.0,869.9,812.3,828.8,1768.0
2012-05-18,811.0,839.2,801.1,829.0,1237.0
2012-05-21,854.4,854.4,827.0,840.0,926.0
2012-05-22,870.0,880.0,831.3,845.0,194.0
2012-05-23,868.0,868.0,815.4,816.5,2759.0
2012-05-24,824.0,840.0,816.5,840.0,4974.0
2012-05-25,868.0,870.0,840.5,849.0,1006.0
2012-05-28,887.0,887.0,836.1,850.0,790.0
2012-05-29,841.0,882.0,841.0,878.0,6511.0
2012-05-30,861.1,873.9,858.0,861.0,264.0
2012-05-31,874.0,890.0,871.0,886.0,3149.0
2012-06-01,884.0,901.8,875.0,880.0,1705.0
2012-06-04,880.0,906.0,880.0,905.0,164.0
2012-06-05,905.9,915.0,889.0,890.0,634.0
2012-06-06,884.0,894.0,850.6,894.0,12427.0
2012-06-07,897.9,924.0,880.0,911.0,3133.0
2012-06-08,910.0,984.1,893.0,981.0,10097.0
2012-06-09,981.0,1027.0,961.1,1017.9,4506.0
2012-06-13,1000.0,1039.8,1000.0,1024.0,3799.0
2012-06-14,1029.0,1029.0,981.1,1007.0,2441.0
2012-06-15,1008.0,1034.0,1002.0,1028.8,1518.0
2012-06-18,1035.0,1049.0,990.0,1007.9,5897.0
2012-06-19,991.0,1028.9,991.0,1024.9,1639.0
2012-06-20,1000.0,1030.0,998.9,1010.5,3001.0
2012-06-21,1000.0,1050.0,1000.0,1025.0,1738.0
2012-06-22,1001.0,1083.8,999.8,1056.4,5291.0
2012-06-25,1036.0,1045.0,1033.0,1035.0,1346.0
2012-06-26,1040.0,1184.2,1025.1,1128.0,5184.0
2012-06-27,1051.0,1147.3,1051.0,1125.0,8305.0
2012-06-28,1179.0,1179.0,1099.0,1110.0,1908.0
2012-06-29,1149.0,1166.8,1115.1,1143.0,5288.0
2012-07-02,1103.0,1166.0,1077.1,1135.0,11721.0
2012-07-03,1130.0,1140.0,1098.0,1113.0,4506.0
2012-07-04,1100.0,1130.0,1080.0,1095.0,693.0
2012-07-05,1071.1,1129.9,1071.0,1117.5,44445.0
2012-07-06,1120.6,1140.0,1104.0,1118.1,43380.0
2012-07-09,1146.1,1147.0,1020.4,1135.6,1451.0
2012-07-10,1134.8,1164.0,1119.1,1164.0,4022.0
2012-07-11,1151.0,1180.0,1151.0,1172.0,3340.0
2012-07-12,1174.0,1180.0,1160.0,1166.0,1092.0
2012-07-13,1170.1,1182.0,1170.0,1177.7,14691.0
2012-07-16,1175.0,1254.9,1173.5,1225.0,11511.0
2012-07-17,1230.0,1261.0,1229.8,1255.0,2477.0
2012-07-18,1272.7,1275.0,1210.6,1250.0,4033.0
2012-07-19,1280.0,1280.0,1239.0,1250.1,16424.0
2012-07-20,1241.0,1270.0,1229.4,1251.0,1851.0
2012-07-23,1265.0,1270.0,1200.0,1230.0,6282.0
2012-07-24,1225.0,1247.5,1188.0,1205.0,7114.0
2012-07-25,1189.0,1234.9,1162.1,1215.0,13447.0
2012-07-26,1234.7,1234.7,1180.1,1203.9,4737.0
2012-07-27,1219.6,1228.2,1189.1,1190.0,1144.0
2012-07-30,1190.0,1204.5,1168.0,1204.5,786.0
2012-07-31,1219.0,1219.0,1200.1,1200.1,21.0
2012-08-01,1190.4,1190.9,1175.0,1180.0,1252.0
2012-08-02,1171.0,1190.0,1171.0,1179.1,3070.0
2012-08-03,1175.2,1200.0,1170.0,1195.0,506.0
2012-08-06,1198.0,1199.9,1182.3,1199.0,317.0
2012-08-07,1192.0,1200.0,1174.3,1183.0,2720.0
2012-08-08,1195.0,1224.9,1183.0,1220.0,4829.0
2012-08-09,1193.1,1263.0,1192.0,1259.9,3968.0
2012-08-10,1266.9,1270.0,1245.0,1268.6,6466.0
2012-08-13,1268.6,1270.0,1250.0,1250.0,644.0
2012-08-14,1268.9,1275.0,1242.1,1270.0,8213.0
2012-08-15,1269.9,1300.0,1257.9,1269.7,2430.0
2012-08-16,1277.0,1300.1,1274.1,1300.0,3242.0
2012-08-17,1312.0,1312.0,1280.3,1294.0,2724.0
2012-08-20,1292.9,1310.0,1276.9,1299.9,4270.0
2012-08-21,1315.0,1317.0,1284.0,1290.0,5011.0
2012-08-22,1289.0,1325.0,1270.2,1300.0,3280.0
2012-08-23,1313.0,1313.0,1246.0,1256.0,2119.0
2012-08-24,1246.1,1251.0,1211.1,1231.0,3114.0
2012-08-27,1259.9,1259.9,1227.0,1229.0,194.0
2012-08-28,1219.1,1252.0,1219.0,1249.9,7036.0
2012-08-29,1234.0,1250.0,1225.0,1231.0,5090.0
2012-08-30,1245.0,1246.9,1217.0,1237.0,1793.0
2012-08-31,1248.0,1248.0,1240.0,1241.0,113.0
2012-09-03,1279.9,1279.9,1250.0,1257.0,717.0
2012-09-04,1270.0,1281.0,1260.0,1270.0,4954.0
2012-09-05,1281.1,1284.0,1259.9,1279.9,2205.0
2012-09-06,1288.0,1290.0,1255.0,1279.9,3213.0
2012-09-07,1284.0,1299.0,1200.1,1274.9,2952.0
2012-09-10,1260.0,1295.0,1250.0,1274.0,1190.0
2012-09-11,1289.0,1289.0,1231.6,1271.1,686.0
2012-09-12,1285.9,1287.0,1274.0,1274.0,180.0
2012-09-13,1233.9,1286.8,1233.8,1279.8,758.0
2012-09-14,1294.9,1319.0,1280.0,1288.6,3283.0
2012-09-17,1288.4,1293.9,1268.0,1288.0,1445.0
2012-09-18,1300.9,1300.9,1274.8,1274.8,785.0
2012-09-19,1257.2,1293.0,1255.2,1288.0,4398.0
2012-09-20,1284.0,1309.0,1272.0,1309.0,1995.0
2012-09-21,1300.0,1300.0,1251.5,1295.8,1404.0
2012-09-24,1297.9,1298.0,1262.2,1276.0,1643.0
2012-09-25,1279.9,1288.0,1238.2,1253.9,900.0
2012-09-26,1240.1,1256.6,1225.3,1226.0,816.0
2012-09-27,1256.0,1259.0,1224.5,1246.0,1001.0
2012-09-28,1234.1,1264.9,1228.0,1258.7,558.0
2012-10-01,1232.6,1290.0,1219.5,1270.0,1441.0
2012-10-02,1263.1,1287.0,1263.0,1280.0,2567.0
2012-10-03,1253.0,1285.1,1253.0,1276.0,1166.0
2012-10-04,1256.1,1312.7,1256.0,1284.8,1298.0
2012-10-05,1306.0,1320.0,1277.1,1281.0,1566.0
2012-10-08,1257.1,1300.1,1257.1,1298.3,3947.0
2012-10-09,1309.8,1309.8,1287.6,1309.0,895.0
2012-10-10,1299.2,1306.1,1269.8,1281.0,759.0
2012-10-11,1276.1,1295.0,1266.3,1292.0,1756.0
2012-10-12,1293.4,1293.4,1256.2,1282.0,1273.0
2012-10-15,1278.4,1287.9,1260.2,1266.1,2630.0
2012-10-16,1253.4,1279.5,1244.1,1273.0,1135.0
2012-10-17,1293.0,1297.0,1255.0,1282.0,2553.0
2012-10-18,1289.0,1289.3,1264.3,1284.7,805.0
2012-10-19,1273.0,1288.4,1260.0,1271.9,1609.0
2012-10-22,1260.2,1297.9,1245.0,1297.0,1220.0
2012-10-23,1297.0,1300.1,1275.0,1299.0,3339.0
2012-10-24,1299.0,1309.2,1270.1,1304.9,2263.0
2012-10-25,1309.0,1309.0,1279.0,1286.0,2576.0
2012-10-26,1265.0,1308.0,1265.0,1302.5,10413.0
2012-10-29,1309.0,1318.6,1299.0,1309.8,2761.0
2012-10-30,1300.0,1350.0,1286.0,1305.0,3545.0
2012-10-31,1283.6,1308.8,1283.6,1288.0,2625.0
2012-11-01,1284.5,1314.0,1284.0,1290.1,2361.0
2012-11-02,1286.0,1307.8,1270.0,1298.0,960.0
2012-11-06,1300.0,1315.0,1275.0,1275.0,1307.0
2012-11-07,1299.0,1299.0,1258.6,1269.9,1899.0
2012-11-08,1250.0,1277.5,1210.0,1270.0,1077.0
2012-11-09,1241.2,1278.9,1241.0,1278.0,814.0
2012-11-12,1280.0,1290.0,1261.6,1276.0,581.0
2012-11-13,1295.4,1314.8,1270.0,1287.0,5207.0
2012-11-14,1265.0,1310.0,1261.0,1269.0,1240.0
2012-11-15,1270.1,1290.0,1260.0,1290.0,2135.0
2012-11-16,1290.0,1300.0,1266.4,1298.9,960.0
2012-11-19,1309.9,1329.9,1289.3,1310.0,5005.0
2012-11-20,1291.1,1329.5,1291.1,1316.0,3216.0
2012-11-21,1317.7,1325.0,1305.0,1320.5,2807.0
2012-11-22,1307.0,1347.8,1290.0,1347.8,1739.0
2012-11-23,1349.9,1380.0,1330.0,1357.0,1386.0
2012-11-26,1325.0,1333.0,1303.5,1312.2,7886.0
2012-11-27,1319.0,1332.9,1300.1,1308.0,2932.0
2012-11-28,1310.0,1310.0,1273.4,1296.5,1140.0
2012-11-29,1308.9,1370.0,1280.0,1286.3,4904.0
2012-11-30,1300.0,1308.7,1272.2,1279.2,1392.0
2012-12-03,1296.9,1296.9,1277.1,1288.0,666.0
2012-12-04,1300.0,1307.8,1267.0,1281.4,2218.0
2012-12-05,1295.5,1295.5,1280.0,1281.5,1005.0
2012-12-06,1292.0,1292.0,1271.4,1278.8,949.0
2012-12-07,1289.4,1289.9,1263.6,1275.7,887.0
2012-12-10,1281.9,1281.9,1265.0,1273.2,1347.0
2012-12-11,1279.0,1279.7,1255.8,1262.9,701.0
2012-12-12,1276.9,1276.9,1238.0,1248.2,4002.0
2012-12-13,1258.9,1258.9,1221.4,1235.0,3165.0
2012-12-14,1235.0,1248.8,1221.5,1231.7,1558.0
2012-12-17,1232.1,1407.0,1221.5,1407.0,9132.0
2012-12-18,1336.7,1350.0,1247.3,1247.5,18364.0
2012-12-19,1244.1,1253.5,1220.8,1232.9,2867.0
2012-12-20,1236.2,1249.0,1223.1,1247.9,3584.0
2012-12-21,1225.1,1244.9,1225.0,1244.0,2289.0
2012-12-24,1243.9,1260.0,1226.2,1239.9,3021.0
2012-12-25,1255.9,1255.9,1227.4,1236.0,2164.0
2012-12-26,1230.1,1238.6,1226.1,1234.1,1511.0
2012-12-27,1235.9,1244.0,1228.0,1243.7,1009.0
2012-12-28,1245.0,1247.5,1232.3,1246.9,2379.0
2013-01-08,1246.9,1279.5,1234.4,1256.4,1014.0
2013-01-09,1256.0,1273.1,1241.1,1269.5,1557.0
2013-01-10,1256.0,1287.1,1244.0,1247.0,1716.0
2013-01-11,1247.5,1259.7,1215.5,1215.7,6800.0
2013-01-14,1221.2,1223.9,1206.1,1210.7,7043.0
2013-01-15,1215.8,1220.0,1205.5,1209.1,3009.0
2013-01-16,1206.2,1214.3,1205.8,1210.0,2274.0
2013-01-17,1217.0,1217.0,1210.1,1211.0,1281.0
2013-01-18,1217.8,1218.0,1204.0,1207.9,4644.0
2013-01-21,1211.8,1229.8,1204.2,1218.4,6590.0
2013-01-22,1223.9,1228.9,1208.0,1222.9,4396.0
2013-01-23,1227.3,1229.0,1213.3,1218.9,2724.0
2013-01-24,1228.8,1228.8,1209.7,1218.0,3053.0
2013-01-25,1223.9,1225.0,1212.5,1224.0,1594.0
2013-01-28,1228.0,1243.8,1220.5,1241.9,4774.0
2013-01-29,1240.7,1250.0,1220.0,1241.9,13985.0
2013-01-30,1226.1,1244.9,1226.0,1238.9,6237.0
2013-01-31,1222.3,1238.8,1220.6,1227.7,4167.0
2013-02-01,1227.7,1248.0,1224.1,1238.7,4920.0
2013-02-04,1243.8,1244.9,1229.9,1243.8,3938.0
2013-02-05,1244.9,1247.0,1241.4,1245.0,822.0
2013-02-06,1247.9,1268.6,1240.5,1243.2,2252.0
2013-02-07,1250.0,1259.0,1231.1,1258.8,1557.0
2013-02-08,1252.1,1267.0,1251.1,1254.5,1483.0
2013-02-11,1258.7,1268.9,1258.7,1266.4,2476.0
2013-02-12,1255.1,1269.9,1252.0,1255.0,887.0
2013-02-13,1262.3,1262.5,1243.7,1245.0,2160.0
2013-02-14,1251.0,1251.0,1230.0,1230.2,3534.0
2013-02-15,1230.2,1244.5,1226.5,1232.0,7230.0
2013-02-18,1232.0,1235.0,1220.0,1224.9,1041.0
2013-02-19,1223.0,1241.4,1223.0,1236.7,6945.0
2013-02-20,1225.3,1254.9,1224.3,1245.3,3153.0
2013-02-21,1221.2,1252.4,1221.0,1246.3,6670.0
2013-02-22,1249.3,1256.9,1241.1,1249.0,3211.0
2013-02-25,1242.0,1255.9,1240.0,1246.7,446.0
2013-02-26,1253.9,1256.8,1239.9,1248.7,2272.0
2013-02-27,1254.0,1260.0,1240.0,1260.0,2126.0
2013-02-28,1266.7,1280.0,1232.0,1241.4,7430.0
2013-03-01,1231.5,1254.9,1230.2,1247.0,7959.0
2013-03-04,1259.9,1264.5,1247.0,1247.1,20581.0
2013-03-05,1240.0,1252.4,1232.2,1252.3,2331.0
2013-03-06,1252.5,1256.0,1241.4,1246.0,3101.0
2013-03-07,1259.0,1262.9,1244.8,1259.9,1382.0
2013-03-11,1260.0,1296.0,1252.5,1294.4,8760.0
2013-03-12,1294.4,1328.2,1290.2,1315.0,54817.0
2013-03-13,1302.2,1335.5,1302.2,1328.0,56327.0
2013-03-14,1326.0,1375.0,1321.0,1350.8,78346.0
2013-03-15,1373.1,1378.5,1342.6,1342.7,31677.0
2013-03-18,1331.0,1342.7,1261.0,1330.0,14835.0
2013-03-19,1315.0,1345.0,1314.1,1326.9,6496.0
2013-03-20,1300.3,1333.3,1298.8,1309.4,21779.0
2013-03-21,1296.2,1357.7,1277.6,1328.5,5949.0
2013-03-22,1325.2,1334.9,1300.8,1323.0,1881.0
2013-03-25,1338.2,1338.2,1294.0,1305.0,1588.0
2013-03-26,1319.9,1319.9,1283.8,1315.0,2092.0
2013-03-27,1315.0,1335.0,1295.5,1304.8,8664.0
2013-03-28,1328.9,1328.9,1289.6,1304.5,2083.0
2013-03-29,1296.2,1311.0,1281.5,1282.5,635.0
2013-04-01,1280.2,1299.0,1271.0,1271.0,1281.0
2013-04-02,1271.3,1315.0,1255.5,1305.0,2815.0
2013-04-03,1319.1,1338.1,1310.0,1325.2,5108.0
2013-04-04,1295.3,1383.0,1295.3,1357.0,19186.0
2013-04-05,1374.9,1404.0,1355.9,1391.0,7967.0
2013-04-08,1403.8,1403.8,1365.8,1380.0,2554.0
2013-04-09,1300.8,1362.6,1300.8,1310.0,22661.0
2013-04-10,1301.6,1314.0,1273.1,1303.0,9887.0
2013-04-11,1292.1,1309.7,1292.1,1302.2,30630.0
2013-04-12,1299.5,1316.9,1295.8,1300.0,3205.0
2013-04-15,1290.0,1300.0,1259.0,1272.5,16287.0
2013-04-16,1265.0,1278.0,1221.2,1239.7,5104.0
2013-04-17,1247.0,1248.0,1182.1,1208.9,6888.0
2013-04-18,1208.2,1248.0,1202.2,1225.0,3559.0
2013-04-19,1217.0,1249.7,1210.9,1233.2,4055.0
2013-04-22,1254.5,1295.0,1235.5,1252.6,7870.0
2013-04-23,1231.2,1243.8,1205.5,1239.9,4732.0
2013-04-24,1230.0,1294.0,1230.0,1288.0,4329.0
2013-04-25,1288.0,1310.5,1288.0,1305.0,10512.0
2013-04-26,1307.8,1307.8,1281.0,1305.0,11530.0
2013-04-29,1299.0,1305.0,1289.8,1304.8,14989.0
2013-04-30,1319.0,1323.0,1283.1,1283.9,52034.0
2013-05-02,1309.0,1335.0,1299.6,1310.2,445.0
2013-05-03,1319.6,1319.6,1307.4,1319.0,205.0
2013-05-06,1318.9,1321.0,1302.9,1315.0,2859.0
2013-05-07,1314.0,1320.1,1304.8,1320.1,31993.0
2013-05-08,1315.3,1337.2,1315.1,1325.1,5141.0
2013-05-10,1333.9,1353.6,1271.0,1319.9,2605.0
2013-05-13,1324.6,1352.0,1320.0,1351.8,2410.0
2013-05-14,1359.8,1362.4,1342.7,1358.0,4379.0
2013-05-15,1330.1,1364.8,1330.0,1341.1,2088.0
2013-05-16,1327.4,1333.3,1251.1,1270.1,5040.0
2013-05-17,1270.8,1293.0,1269.9,1286.9,703.0
2013-05-20,1279.4,1289.5,1210.0,1223.7,10237.0
2013-05-21,1225.0,1249.9,1222.0,1247.0,4537.0
2013-05-22,1234.1,1288.0,1229.0,1275.4,15087.0
2013-05-23,1269.3,1290.5,1242.0,1251.6,17996.0
2013-05-24,1261.1,1275.1,1249.2,1251.6,2997.0
2013-05-27,1248.0,1259.7,1245.7,1250.1,1152.0
2013-05-28,1262.6,1277.0,1250.1,1267.1,4156.0
2013-05-29,1261.0,1266.2,1222.2,1230.0,6904.0
2013-05-30,1238.0,1265.0,1225.0,1232.0,4339.0
2013-05-31,1235.0,1262.2,1225.0,1240.2,5281.0
2013-06-03,1240.1,1268.5,1239.1,1245.1,866.0
2013-06-04,1251.3,1252.4,1233.2,1240.0,2304.0
2013-06-05,1240.0,1255.3,1240.0,1255.3,1149.0
2013-06-06,1268.3,1305.4,1250.0,1257.8,1844.0
2013-06-07,1260.0,1279.2,1252.1,1279.2,893.0
2013-06-10,1283.0,1284.0,1265.0,1269.0,2158.0
2013-06-11,1256.3,1298.1,1250.7,1258.0,2543.0
2013-06-13,1232.6,1265.9,1210.0,1216.0,2976.0
2013-06-14,1217.1,1246.4,1212.5,1228.0,2037.0
2013-06-17,1225.2,1350.0,1200.0,1234.0,27200.0
2013-06-18,1222.0,1258.8,1221.6,1254.5,3984.0
2013-06-19,1258.9,1270.0,1239.8,1259.9,6778.0
2013-06-20,1240.0,1259.9,1235.0,1245.3,3629.0
2013-06-21,1246.6,1297.5,1221.0,1255.0,8633.0
2013-06-24,1290.5,1296.4,1215.0,1225.0,7755.0
2013-06-25,1224.8,1239.7,1156.7,1170.0,26489.0
2013-06-26,1193.5,1193.6,1161.1,1169.3,28409.0
2013-06-27,1165.6,1186.0,1165.0,1170.0,29237.0
2013-06-28,1170.1,1248.5,1170.1,1200.0,6081.0
2013-07-01,1200.0,1224.9,1188.1,1200.0,752.0
2013-07-02,1192.6,1205.3,1165.3,1189.0,4395.0
2013-07-03,1175.4,1184.0,1128.0,1134.0,8564.0
2013-07-04,1157.0,1158.5,1130.0,1150.1,1436.0
2013-07-05,1154.9,1167.6,1150.0,1154.9,771.0
2013-07-08,1141.2,1180.0,1141.2,1169.9,4314.0
2013-07-09,1163.5,1183.0,1155.1,1172.0,635.0
2013-07-10,1185.4,1190.0,1164.8,1181.0,1569.0
2013-07-11,1189.7,1214.7,1175.1,1185.4,4895.0
2013-07-12,1198.3,1223.8,1182.9,1223.8,5462.0
2013-07-15,1233.9,1245.0,1215.0,1243.6,4551.0
2013-07-16,1245.9,1260.0,1235.7,1241.6,5014.0
2013-07-17,1240.0,1264.9,1240.0,1253.9,1370.0
2013-07-18,1250.0,1256.0,1227.0,1233.0,5748.0
2013-07-19,1231.5,1249.8,1196.3,1210.7,2544.0
2013-07-22,1182.5,1239.9,1182.4,1228.5,1193.0
2013-07-23,1236.5,1239.2,1201.0,1201.1,1391.0
2013-07-24,1202.8,1212.3,1185.0,1193.4,1274.0
2013-07-25,1199.9,1213.9,1140.1,1153.3,4329.0
2013-07-26,1171.1,1172.1,1110.0,1147.6,4898.0
2013-07-29,1151.9,1163.9,1112.6,1137.6,2596.0
2013-07-30,1126.3,1156.8,1005.0,1040.2,38826.0
2013-07-31,1045.9,1047.8,966.0,970.0,15626.0
2013-08-01,984.0,1003.5,943.4,988.3,29568.0
2013-08-02,989.8,994.0,970.6,976.8,10106.0
2013-08-05,989.8,1003.5,981.0,995.0,14848.0
2013-08-06,995.1,1010.0,955.0,957.5,53913.0
2013-08-07,952.3,972.0,945.0,962.5,20434.0
2013-08-08,965.0,975.0,954.1,971.1,4590.0
2013-08-09,970.0,999.8,965.0,986.8,38531.0
2013-08-12,980.5,993.8,968.8,993.8,2141.0
2013-08-13,993.8,1012.5,990.5,999.0,25364.0
2013-08-14,991.1,1013.9,991.1,995.4,7599.0
2013-08-15,987.2,1000.6,943.0,971.0,56128.0
2013-08-16,967.0,983.9,958.0,965.0,4666.0
2013-08-19,966.1,976.7,945.0,948.3,6041.0
2013-08-20,949.3,949.3,902.5,920.0,29462.0
2013-08-21,924.9,940.0,905.8,931.2,11276.0
2013-08-22,929.9,939.4,911.9,915.5,21879.0
2013-08-23,920.0,933.7,907.4,926.0,8631.0
2013-08-26,929.1,929.1,910.3,917.0,2449.0
2013-08-27,918.0,926.3,903.0,913.0,18049.0
2013-08-28,908.0,920.0,906.7,914.3,9746.0
2013-08-29,915.1,920.0,914.0,919.9,26650.0
2013-08-30,915.1,925.0,914.0,920.0,4141.0
2013-09-02,995.0,995.0,922.0,929.9,4575.0
2013-09-03,929.9,935.9,918.1,928.0,16930.0
2013-09-04,934.0,944.7,922.1,937.7,10946.0
2013-09-05,933.0,947.0,930.0,946.8,4840.0
2013-09-06,944.1,948.8,930.3,944.9,10736.0
2013-09-09,931.0,955.0,928.0,932.0,11343.0
2013-09-10,938.8,959.9,930.7,951.0,7876.0
2013-09-11,954.8,958.0,930.0,938.5,7686.0
2013-09-12,933.9,944.8,921.5,935.3,5303.0
2013-09-13,935.0,964.7,927.0,949.0,8809.0
2013-09-16,944.4,989.5,938.5,976.9,23037.0
2013-09-17,973.1,981.9,961.2,962.0,11284.0
2013-09-18,953.1,973.0,953.1,955.0,8940.0
2013-09-19,961.1,984.0,953.6,957.9,12177.0
2013-09-20,954.1,980.0,953.0,965.0,7932.0
2013-09-23,965.0,980.0,933.3,944.8,4546.0
2013-09-24,941.8,959.0,940.5,957.5,7180.0
2013-09-25,950.2,959.8,940.4,955.2,3704.0
2013-09-26,957.4,979.0,948.2,976.3,9471.0
2013-09-27,966.2,979.6,958.9,976.7,17431.0
2013-09-30,972.9,978.8,968.8,969.3,3952.0
2013-10-01,967.0,997.8,966.7,988.9,3622.0
2013-10-02,986.0,993.6,954.7,966.0,9481.0
2013-10-03,966.7,978.6,959.8,964.0,8036.0
2013-10-04,969.7,977.7,960.2,977.6,4240.0
2013-10-07,979.8,981.8,967.0,967.1,2162.0
2013-10-08,970.0,1005.7,968.2,983.6,26719.0
2013-10-09,979.0,1003.0,979.0,998.5,3007.0
2013-10-10,997.1,1039.3,997.0,1023.0,23604.0
2013-10-11,1029.0,1070.0,1000.0,1020.0,10852.0
2013-10-14,1015.0,1040.8,1015.0,1038.3,7212.0
2013-10-15,1035.0,1060.0,1027.2,1037.8,10171.0
2013-10-16,1040.6,1044.5,1023.6,1033.9,20357.0
2013-10-17,1025.1,1030.0,1011.0,1011.1,7188.0
2013-10-18,1011.2,1015.3,1005.3,1013.9,19484.0
2013-10-21,1010.6,1017.6,1006.1,1006.1,3378.0
2013-10-22,1003.7,1010.0,1000.0,1000.0,8534.0
2013-10-23,1000.1,1000.2,971.0,983.0,48756.0
2013-10-24,977.2,989.4,964.9,970.7,5696.0
2013-10-25,966.0,975.0,960.0,964.1,4073.0
2013-10-28,970.8,974.4,958.8,960.2,5919.0
2013-10-29,957.7,970.0,951.1,960.0,7720.0
2013-10-30,961.0,964.1,950.0,964.1,6904.0
2013-10-31,954.0,979.9,954.0,970.0,5455.0
2013-11-01,974.0,995.9,974.0,986.5,3925.0
2013-11-05,972.2,985.6,963.1,969.8,3771.0
2013-11-06,978.4,980.1,951.1,951.5,12028.0
2013-11-07,951.3,960.0,950.1,959.8,2973.0
2013-11-08,957.5,963.8,945.4,953.1,4775.0
2013-11-11,952.1,967.9,945.6,963.3,1720.0
2013-11-12,958.0,977.2,958.0,977.0,3454.0
2013-11-13,968.1,993.0,950.1,960.1,20895.0
2013-11-14,970.5,996.0,962.1,991.9,3001.0
2013-11-15,996.4,998.7,922.0,977.3,12491.0
2013-11-18,988.6,996.9,985.9,988.1,6262.0
2013-11-19,997.0,997.7,970.0,996.1,6855.0
2013-11-20,975.1,985.0,970.3,978.5,9088.0
2013-11-21,972.0,980.5,965.5,980.5,6885.0
2013-11-22,979.9,980.5,954.0,962.5,24618.0
2013-11-25,975.9,985.0,970.8,974.0,2258.0
2013-11-26,974.0,981.7,955.1,967.7,2818.0
2013-11-27,971.5,979.7,956.3,956.3,2333.0
2013-11-28,956.3,970.7,956.3,966.0,600.0
2013-11-29,959.3,967.4,944.1,963.8,3767.0
2013-12-02,968.9,973.2,946.1,951.1,2801.0
2013-12-03,945.2,964.8,915.0,931.6,22917.0
2013-12-04,950.6,952.5,933.3,941.1,61071.0
2013-12-05,944.5,949.0,924.9,931.2,47406.0
2013-12-06,934.8,947.5,923.9,943.6,9148.0
2013-12-09,942.0,958.7,940.0,951.8,8346.0
2013-12-10,957.0,958.9,943.5,943.6,29203.0
2013-12-11,938.6,948.9,937.5,940.2,3132.0
2013-12-12,950.0,950.0,928.1,939.7,5528.0
2013-12-13,941.7,955.0,935.6,955.0,1547.0
2013-12-16,952.2,977.0,945.6,976.9,18345.0
2013-12-17,978.6,979.0,959.3,970.9,1917.0
2013-12-18,969.0,976.9,960.5,966.5,7170.0
2013-12-19,978.5,998.7,969.3,976.8,14824.0
2013-12-20,964.8,980.0,962.1,966.6,15426.0
2013-12-23,974.1,992.0,951.6,991.9,14640.0
2013-12-24,992.0,994.0,965.3,975.2,2936.0
2013-12-25,975.1,993.5,954.9,959.6,6010.0
2013-12-26,950.6,971.9,939.9,959.9,37431.0
2013-12-27,957.5,968.0,953.0,968.0,11326.0
2013-12-30,961.0,979.7,947.0,950.0,34648.0
2014-01-06,949.6,953.8,921.1,936.5,9486.0
2014-01-08,936.0,948.0,930.5,939.0,2933.0
2014-01-09,930.3,936.5,927.0,932.5,2525.0
2014-01-10,930.2,937.0,925.0,936.8,6404.0
2014-01-13,936.9,936.9,928.4,931.0,11384.0
2014-01-14,937.3,958.6,928.0,954.1,9641.0
2014-01-15,955.0,1017.9,950.7,1005.0,115567.0
2014-01-16,1014.9,1029.0,995.6,1010.0,139512.0
2014-01-17,1017.0,1029.9,977.5,1012.3,20253.0
2014-01-20,1012.9,1048.9,1012.7,1040.0,19364.0
2014-01-21,1052.7,1089.9,1033.6,1080.1,26323.0
2014-01-22,1086.4,1098.0,1063.1,1085.6,49284.0
2014-01-23,1085.6,1118.0,1080.0,1085.0,41806.0
2014-01-24,1081.8,1130.0,1080.8,1114.0,10182.0
2014-01-27,1113.0,1114.8,1079.9,1090.1,15760.0
2014-01-28,1094.5,1109.8,1080.0,1092.4,7081.0
2014-01-29,1099.9,1149.0,1075.5,1089.8,43158.0
2014-01-30,1089.9,1097.0,1045.0,1056.2,24205.0
2014-01-31,1060.3,1109.0,1058.7,1070.0,24825.0
2014-02-03,1077.0,1090.0,1045.3,1056.3,5412.0
2014-02-04,1043.3,1076.4,1001.1,1076.4,23703.0
2014-02-05,1062.3,1076.5,1052.6,1069.6,10319.0
2014-02-06,1061.8,1086.8,1057.0,1075.7,4661.0
2014-02-07,1090.0,1099.1,1082.2,1097.6,18912.0
2014-02-10,1111.0,1122.0,1103.0,1117.8,4384.0
2014-02-11,1125.0,1141.4,1111.3,1138.0,18421.0
2014-02-12,1144.3,1150.1,1137.9,1148.0,21985.0
2014-02-13,1153.7,1189.8,1147.0,1172.0,29749.0
2014-02-14,1174.5,1189.0,1164.0,1180.2,9576.0
2014-02-17,1188.0,1198.8,1170.2,1179.9,114934.0
2014-02-18,1188.7,1205.0,1160.5,1173.1,255915.0
2014-02-19,1179.4,1192.0,1161.1,1161.1,15171.0
2014-02-20,1159.5,1173.8,1143.9,1170.1,8604.0
2014-02-21,1173.9,1218.8,1173.9,1203.0,20320.0
2014-02-24,1174.5,1225.0,1174.3,1220.0,15254.0
2014-02-25,1207.1,1220.0,1200.5,1202.5,11602.0
2014-02-26,1201.7,1204.4,1180.0,1194.0,2572.0
2014-02-27,1208.1,1219.5,1198.0,1207.6,6897.0
2014-02-28,1202.7,1217.6,1180.1,1211.0,4696.0
2014-03-03,1189.7,1190.0,1007.2,1087.0,31037.0
2014-03-04,1119.8,1249.8,1060.1,1208.8,28350.0
2014-03-05,1203.2,1264.8,1191.5,1251.0,16740.0
2014-03-06,1248.9,1276.2,1203.7,1224.9,67779.0
2014-03-07,1223.0,1234.8,1187.4,1203.1,3119.0
2014-03-11,1218.3,1230.0,1190.1,1211.0,5850.0
2014-03-12,1175.1,1199.9,1126.8,1126.8,6721.0
2014-03-13,1137.7,1155.0,1099.5,1114.5,9248.0
2014-03-14,1104.4,1115.8,1090.0,1112.8,11257.0
2014-03-17,1138.3,1225.0,1087.9,1135.0,16940.0
2014-03-18,1146.3,1194.6,1127.0,1192.3,10583.0
2014-03-19,1165.4,1219.0,1161.0,1179.4,26620.0
2014-03-20,1175.5,1210.0,1161.0,1182.0,30119.0
2014-03-21,1189.0,1214.9,1141.0,1200.0,10764.0
2014-03-24,1228.7,1228.7,1190.3,1190.5,1074.0
2014-03-25,1195.6,1212.0,1190.5,1202.9,5379.0
2014-03-26,1195.8,1219.0,1175.1,1187.6,5426.0
2014-03-27,1193.3,1208.6,1174.6,1190.0,48511.0
2014-03-28,1190.0,1200.0,1180.0,1187.5,8508.0
2014-03-31,1185.4,1200.6,1181.1,1186.1,2185.0
2014-04-01,1182.5,1199.0,1177.9,1193.8,8155.0
2014-04-02,1192.3,1205.0,1188.7,1199.1,1652.0
2014-04-03,1205.0,1205.0,1166.0,1170.0,6689.0
2014-04-04,1169.4,1186.7,1165.1,1177.0,4804.0
2014-04-07,1171.8,1175.8,1128.9,1139.6,8975.0
2014-04-08,1135.6,1179.0,1131.5,1178.6,4413.0
2014-04-09,1178.8,1203.0,1178.8,1190.7,15406.0
2014-04-10,1195.3,1262.5,1195.3,1250.0,30001.0
2014-04-11,1238.5,1259.8,1221.2,1250.0,19390.0
2014-04-14,1248.0,1262.2,1230.0,1241.8,1374.0
2014-04-15,1249.8,1249.9,1231.9,1244.3,2590.0
2014-04-16,1243.4,1259.8,1235.0,1250.7,4073.0
2014-04-17,1242.1,1262.0,1240.2,1255.0,9529.0
2014-04-18,1276.2,1312.9,1260.0,1266.0,1779.0
2014-04-21,1270.0,1275.0,1262.5,1265.0,510.0
2014-04-22,1245.9,1268.0,1216.0,1252.1,6292.0
2014-04-23,1248.0,1276.7,1230.2,1257.8,5316.0
2014-04-24,1244.9,1326.6,1240.1,1249.4,18235.0
2014-04-25,1259.6,1294.5,1215.1,1258.0,20027.0
2014-04-28,1244.7,1274.8,1236.9,1262.3,4629.0
2014-04-29,1277.1,1294.4,1225.0,1247.7,4322.0
2014-04-30,1246.9,1270.0,1245.6,1250.3,675.0
2014-05-02,1250.0,1257.7,1238.1,1240.0,102.0
2014-05-05,1242.3,1253.6,1234.0,1243.2,124.0
2014-05-06,1240.8,1270.0,1225.0,1254.7,1151.0
2014-05-07,1247.9,1268.8,1225.1,1268.8,1474.0
2014-05-08,1250.0,1300.0,1240.0,1270.0,2468.0
2014-05-12,1270.0,1310.0,1236.7,1253.4,2385.0
2014-05-13,1264.9,1264.9,1180.1,1208.0,6386.0
2014-05-14,1210.0,1229.3,1140.4,1189.5,16261.0
2014-05-15,1184.0,1193.9,1154.9,1165.0,6120.0
2014-05-16,1159.5,1170.4,1132.1,1151.4,8353.0
2014-05-19,1154.2,1178.0,1148.7,1175.8,9532.0
2014-05-20,1183.8,1183.8,1161.0,1166.7,3797.0
2014-05-21,1161.4,1189.7,1155.0,1174.0,6540.0
2014-05-22,1169.8,1172.3,1151.5,1164.4,1422.0
2014-05-23,1178.3,1180.7,1150.7,1161.4,7365.0
2014-05-26,1151.9,1160.1,1150.0,1155.0,991.0
2014-05-27,1151.8,1166.0,1140.3,1164.7,6554.0
2014-05-28,1161.9,1169.4,1155.1,1155.1,1846.0
2014-05-29,1167.6,1195.2,1160.0,1183.1,2975.0
2014-05-30,1194.2,1214.0,1187.2,1214.0,4825.0
2014-06-02,1218.0,1250.0,1218.0,1247.8,12462.0
2014-06-03,1248.7,1248.7,1218.1,1227.2,3415.0
2014-06-04,1227.2,1231.1,1195.4,1208.0,2367.0
2014-06-05,1198.1,1207.9,1180.3,1189.2,2400.0
2014-06-06,1191.2,1192.6,1155.6,1186.9,7266.0
2014-06-09,1190.0,1190.0,1160.1,1170.5,1658.0
2014-06-10,1169.9,1189.6,1168.0,1180.6,4508.0
2014-06-11,1180.5,1185.0,1168.0,1185.0,3640.0
2014-06-16,1189.0,1306.9,1125.5,1220.2,39175.0
2014-06-17,1210.0,1219.3,1190.1,1202.0,7505.0
2014-06-18,1208.6,1230.0,1191.2,1191.2,4860.0
2014-06-19,1194.0,1238.8,1177.6,1220.9,10596.0
2014-06-20,1225.2,1254.0,1222.8,1237.8,6429.0
2014-06-23,1218.5,1252.1,1217.9,1224.0,8722.0
2014-06-24,1229.5,1242.9,1218.8,1230.1,12048.0
2014-06-25,1228.6,1257.9,1212.6,1240.0,8023.0
2014-06-26,1250.0,1257.5,1224.0,1242.4,1300.0
2014-06-27,1238.4,1260.0,1228.5,1242.3,1809.0
2014-06-30,1242.4,1272.0,1241.4,1272.0,1319.0
2014-07-01,1270.0,1318.9,1264.6,1314.3,5308.0
2014-07-02,1329.8,1336.4,1295.3,1323.9,5292.0
2014-07-03,1320.3,1332.2,1291.6,1314.0,3676.0
2014-07-04,1329.5,1340.0,1302.5,1302.5,2512.0
2014-07-07,1313.4,1350.0,1313.0,1338.0,5030.0
2014-07-08,1338.0,1360.0,1338.0,1345.0,12101.0
2014-07-09,1343.8,1343.8,1276.6,1323.9,4490.0
2014-07-10,1329.2,1329.2,1263.4,1309.6,5775.0
2014-07-11,1311.0,1329.0,1299.9,1305.2,683.0
2014-07-14,1319.8,1333.2,1280.3,1296.3,3924.0
2014-07-15,1299.7,1300.2,1275.0,1285.0,2430.0
2014-07-16,1289.8,1327.0,1289.8,1315.4,3959.0
2014-07-17,1313.5,1331.0,1299.2,1318.9,2524.0
2014-07-18,1311.2,1329.2,1296.3,1309.4,1695.0
2014-07-21,1305.9,1322.6,1270.0,1281.7,4057.0
2014-07-22,1292.9,1325.2,1268.0,1290.1,3999.0
2014-07-23,1271.9,1323.0,1270.0,1305.2,8408.0
2014-07-24,1307.8,1320.8,1299.0,1314.3,696.0
2014-07-25,1314.6,1331.3,1312.0,1318.7,1142.0
2014-07-28,1313.7,1322.1,1295.9,1317.1,1777.0
2014-07-29,1323.2,1330.0,1297.1,1325.0,5018.0
2014-07-30,1330.0,1345.0,1309.9,1324.0,9915.0
2014-07-31,1326.0,1330.0,1309.4,1330.0,2681.0
2014-08-01,1329.0,1335.0,1316.2,1324.4,3546.0
2014-08-04,1317.1,1340.0,1275.0,1333.0,11228.0
2014-08-05,1332.8,1348.4,1324.2,1329.4,1107.0
2014-08-06,1334.0,1337.9,1310.3,1332.9,3168.0
2014-08-07,1328.4,1340.0,1303.0,1339.9,3741.0
2014-08-08,1340.0,1355.6,1303.4,1329.1,5629.0
2014-08-11,1339.9,1350.0,1327.0,1336.2,2256.0
2014-08-12,1330.4,1349.0,1322.7,1326.8,3887.0
2014-08-13,1337.5,1355.0,1320.0,1321.9,2165.0
2014-08-14,1321.0,1334.6,1310.0,1326.8,2403.0
2014-08-15,1330.0,1337.7,1301.2,1301.2,2586.0
2014-08-18,1295.8,1317.1,1280.0,1282.9,2602.0
2014-08-19,1289.3,1304.8,1279.8,1295.3,7485.0
2014-08-20,1301.4,1332.0,1299.0,1323.2,4881.0
2014-08-21,1329.7,1350.1,1329.7,1332.0,9688.0
2014-08-22,1331.7,1341.9,932.0,1312.0,6689.0
2014-08-25,1320.0,1332.1,1303.1,1320.0,1647.0
2014-08-26,1323.1,1323.1,1269.0,1275.2,11521.0
2014-08-27,1275.0,1330.0,1100.0,1303.6,10466.0
2014-08-28,1308.8,1319.6,1271.0,1274.1,11422.0
2014-08-29,1272.5,1310.0,1262.1,1263.0,7625.0
2014-09-01,1261.2,1281.2,1205.1,1217.0,7115.0
2014-09-02,1225.9,1238.3,1200.0,1218.6,16181.0
2014-09-03,1214.5,1300.0,1212.9,1292.0,12208.0
2014-09-04,1298.1,1298.1,1249.0,1253.2,3734.0
2014-09-05,1242.5,1274.8,1242.4,1267.7,4092.0
2014-09-08,1265.4,1297.4,1260.5,1270.1,6877.0
2014-09-09,1279.4,1295.0,1270.2,1276.9,4110.0
2014-09-10,1275.7,1292.9,1273.0,1273.9,4593.0
2014-09-11,1288.1,1299.5,1251.3,1255.0,17369.0
2014-09-12,1254.4,1287.7,1252.1,1282.0,3547.0
2014-09-15,1289.4,1317.1,1257.7,1298.0,48736.0
2014-09-16,1299.0,1369.0,1298.2,1361.7,35860.0
2014-09-17,1365.6,1649.8,1331.2,1352.4,23784.0
2014-09-18,1359.8,1410.0,1331.0,1375.0,29821.0
2014-09-19,1375.2,1417.0,1357.0,1400.0,12367.0
2014-09-22,1399.9,1411.9,1333.7,1347.0,20188.0
2014-09-23,1350.3,1379.7,1325.0,1366.0,20463.0
2014-09-24,1369.0,1377.7,1340.2,1351.0,13304.0
2014-09-25,1348.2,1373.0,1331.4,1335.0,14064.0
2014-09-26,1320.5,1333.9,1299.0,1305.0,6717.0
2014-09-29,1306.0,1321.2,1300.0,1302.0,6585.0
2014-09-30,1301.7,1337.0,1300.0,1323.4,7773.0
2014-10-01,1306.0,1323.0,1299.0,1302.0,8618.0
2014-10-02,1301.0,1308.0,1297.0,1300.0,3037.0
2014-10-03,1301.0,1321.0,1286.0,1312.0,4854.0
2014-10-06,1314.0,1342.0,1310.0,1312.0,5230.0
2014-10-07,1321.0,1328.0,1312.0,1327.0,6865.0
2014-10-08,1312.0,1320.0,1305.0,1319.0,3012.0
2014-10-09,1325.0,1359.0,1315.0,1341.0,13292.0
2014-10-10,1323.0,1368.0,1310.0,1310.0,5428.0
2014-10-13,1339.0,1399.0,1339.0,1385.0,16827.0
2014-10-14,1393.0,1393.0,1341.0,1347.0,2103.0
2014-10-15,1350.0,1356.0,1300.0,1303.0,8885.0
2014-10-16,1305.0,1320.0,1296.0,1320.0,9464.0
2014-10-17,1321.0,1368.0,1315.0,1322.0,6573.0
2014-10-20,1319.0,1352.0,1319.0,1337.0,3280.0
2014-10-21,1333.0,1400.0,1327.0,1361.0,5039.0
2014-10-22,1370.0,1374.0,1325.0,1326.0,4914.0
2014-10-23,1338.0,1360.0,1330.0,1359.0,2553.0
2014-10-24,1351.0,1360.0,1320.0,1343.0,2639.0
2014-10-27,1349.0,1371.0,1349.0,1362.0,3581.0
2014-10-28,1360.0,1389.0,1333.0,1351.0,8579.0
2014-10-29,1351.0,1358.0,1333.0,1336.0,9107.0
2014-10-30,1343.0,1394.0,1321.0,1360.0,18839.0
2014-10-31,1351.0,1372.0,1342.0,1371.0,13878.0
2014-11-03,1366.0,1397.0,1321.0,1344.0,6648.0
2014-11-05,1348.0,1395.0,1336.0,1393.0,7593.0
2014-11-06,1395.0,1451.0,1395.0,1448.0,11212.0
2014-11-07,1450.0,1510.0,1410.0,1460.0,12293.0
2014-11-10,1459.0,1460.0,1408.0,1449.0,8761.0
2014-11-11,1447.0,1500.0,1447.0,1490.0,10607.0
2014-11-12,1490.0,1537.0,1476.0,1503.0,6093.0
2014-11-13,1502.0,1524.0,1450.0,1450.0,7043.0
2014-11-14,1449.0,1489.0,1447.0,1481.0,4452.0
2014-11-17,1482.0,1499.0,1461.0,1478.0,4678.0
2014-11-18,1481.0,1495.0,1452.0,1491.0,5354.0
2014-11-19,1500.0,1545.0,1473.0,1527.0,15912.0
2014-11-20,1527.0,1530.0,1441.0,1451.0,15182.0
2014-11-21,1452.0,1470.0,1431.0,1470.0,10355.0
2014-11-24,1451.0,1469.0,1440.0,1464.0,7398.0
2014-11-25,1470.0,1503.0,1470.0,1495.0,7299.0
2014-11-26,1510.0,1540.0,1470.0,1525.0,18735.0
2014-11-27,1539.0,1575.0,1523.0,1541.0,5903.0
2014-11-28,1545.0,1635.0,1522.0,1625.0,10744.0
2014-12-01,1629.0,1740.0,1614.0,1740.0,17126.0
2014-12-02,1741.0,1758.0,1668.0,1706.0,12043.0
2014-12-03,1705.0,1740.0,1666.0,1735.0,10797.0
2014-12-04,1715.0,1775.0,1709.0,1750.0,7913.0
2014-12-05,1761.0,1800.0,1717.0,1742.0,9786.0
2014-12-08,1759.0,1780.0,1684.0,1765.0,8620.0
2014-12-09,1773.0,1780.0,1720.0,1728.0,5946.0
2014-12-10,1742.0,1770.0,1720.0,1745.0,5552.0
2014-12-11,1752.0,1810.0,1742.0,1808.0,13161.0
2014-12-12,1813.0,1869.0,1771.0,1820.0,13752.0
2014-12-15,1850.0,1972.0,1790.0,1870.0,23903.0
2014-12-16,1688.0,2199.0,1675.0,2060.0,40642.0
2014-12-17,2100.0,2128.0,1760.0,1900.0,23573.0
2014-12-18,1911.0,1949.0,1755.0,1759.0,29392.0
2014-12-19,1762.0,1814.0,1714.0,1723.0,14156.0
2014-12-22,1761.0,1800.0,1612.0,1648.0,25819.0
2014-12-23,1648.0,1648.0,1563.0,1580.0,71639.0
2014-12-24,1580.0,1600.0,1520.0,1560.0,35291.0
2014-12-25,1623.0,1623.0,1530.0,1550.0,3523.0
2014-12-26,1559.0,1620.0,1501.0,1572.0,7734.0
2014-12-29,1560.0,1650.0,1556.0,1650.0,7268.0
2014-12-30,1638.0,1705.0,1571.0,1655.0,13981.0
2015-01-05,1662.0,1784.0,1662.0,1784.0,5584.0
2015-01-06,1761.0,1898.0,1761.0,1855.0,6653.0
2015-01-08,1859.0,1892.0,1776.0,1776.0,5233.0
2015-01-09,1820.0,1820.0,1755.0,1798.0,2437.0
2015-01-12,1795.0,1830.0,1757.0,1795.0,6213.0
2015-01-13,1808.0,1850.0,1791.0,1843.0,6902.0
2015-01-14,1845.0,1870.0,1807.0,1867.0,7258.0
2015-01-15,1865.0,1895.0,1828.0,1890.0,12589.0
2015-01-16,1866.0,1955.0,1850.0,1955.0,11479.0
2015-01-19,1955.0,2043.0,1940.0,2008.0,13731.0
2015-01-20,2020.0,2075.0,2020.0,2054.0,7974.0
2015-01-21,2093.0,2099.0,2032.0,2080.0,10324.0
2015-01-22,2098.0,2135.0,2055.0,2111.0,9744.0
2015-01-23,2122.0,2164.0,2091.0,2114.0,7335.0
2015-01-26,2114.0,2155.0,2006.0,2139.0,11211.0
2015-01-27,2082.0,2237.0,2070.0,2177.0,12875.0
2015-01-28,2203.0,2255.0,2184.0,2245.0,30015.0
2015-01-29,2277.0,2290.0,2241.0,2269.0,12911.0
2015-01-30,2279.0,2336.0,2250.0,2291.0,11627.0
2015-02-02,2292.0,2370.0,2255.0,2260.0,10972.0
2015-02-03,2260.0,2288.0,2213.0,2226.0,17197.0
2015-02-04,2228.0,2240.0,2200.0,2238.0,5346.0
2015-02-05,2226.0,2265.0,2212.0,2226.0,8765.0
2015-02-06,2219.0,2270.0,2219.0,2247.0,8487.0
2015-02-09,2234.0,2264.0,2230.0,2242.0,7968.0
2015-02-10,2231.0,2250.0,2220.0,2240.0,3613.0
2015-02-11,2250.0,2331.0,2250.0,2319.0,13221.0
2015-02-12,2339.0,2450.0,2282.0,2298.0,13256.0
2015-02-13,2309.0,2327.0,2204.0,2209.0,10974.0
2015-02-16,2211.0,2222.0,2147.0,2177.0,7881.0
2015-02-17,2177.0,2245.0,2155.0,2218.0,6049.0
2015-02-18,2211.0,2249.0,2160.0,2190.0,7009.0
2015-02-19,2190.0,2218.0,2072.0,2123.0,12262.0
2015-02-20,2140.0,2157.0,2056.0,2128.0,13128.0
2015-02-24,2127.0,2165.0,2107.0,2127.0,6088.0
2015-02-25,2140.0,2146.0,2065.0,2070.0,8444.0
2015-02-26,2071.0,2105.0,2030.0,2090.0,4778.0
2015-02-27,2067.0,2125.0,2051.0,2109.0,3617.0
2015-03-02,2128.0,2169.0,2104.0,2141.0,7179.0
2015-03-03,2140.0,2234.0,2130.0,2199.0,20472.0
2015-03-04,2199.0,2217.0,2149.0,2190.0,6538.0
2015-03-05,2190.0,2208.0,2145.0,2153.0,5278.0
2015-03-06,2140.0,2199.0,2101.0,2101.0,1833.0
2015-03-10,2088.0,2148.0,2050.0,2117.0,3801.0
2015-03-11,2112.0,2171.0,2080.0,2109.0,3877.0
2015-03-12,2102.0,2127.0,2070.0,2105.0,2935.0
2015-03-13,2085.0,2116.0,2051.0,2051.0,8543.0
2015-03-16,2072.0,2090.0,2001.0,2005.0,14252.0
2015-03-17,2040.0,2050.0,1971.0,2035.0,2104.0
2015-03-18,2059.0,2119.0,2050.0,2105.0,2134.0
2015-03-19,2110.0,2189.0,2083.0,2083.0,2284.0
2015-03-20,2061.0,2110.0,2056.0,2110.0,943.0
2015-03-23,2088.0,2111.0,2016.0,2018.0,3365.0
2015-03-24,2015.0,2043.0,1997.0,2000.0,1662.0
2015-03-25,2000.0,2083.0,1989.0,2041.0,9011.0
2015-03-26,2026.0,2039.0,1991.0,2011.0,1861.0
2015-03-27,2002.0,2011.0,1999.0,2011.0,800.0
2015-03-30,2010.0,2057.0,2010.0,2057.0,520.0
2015-03-31,2016.0,2020.0,2001.0,2011.0,1651.0
2015-04-01,2007.0,2060.0,2007.0,2042.0,4789.0
2015-04-02,2033.0,2050.0,1982.0,2014.0,5773.0
2015-04-03,2006.0,2020.0,1997.0,2002.0,1227.0
2015-04-06,2011.0,2025.0,2005.0,2020.0,810.0
2015-04-07,2021.0,2027.0,1982.0,1995.0,2619.0
2015-04-08,1996.0,2000.0,1956.0,1983.0,5243.0
2015-04-09,1975.0,1994.0,1926.0,1955.0,1896.0
2015-04-10,1959.0,1959.0,1877.0,1899.0,4452.0
2015-04-13,1928.0,1947.0,1880.0,1930.0,2072.0
2015-04-14,1950.0,1950.0,1909.0,1921.0,2167.0
2015-04-15,1909.0,1934.0,1884.0,1900.0,2019.0
2015-04-16,1901.0,1968.0,1900.0,1955.0,7702.0
2015-04-17,1960.0,2030.0,1958.0,2021.0,5306.0
2015-04-20,2032.0,2084.0,2000.0,2065.0,7470.0
2015-04-21,2059.0,2135.0,2058.0,2127.0,2144.0
2015-04-22,2130.0,2185.0,2130.0,2154.0,7058.0
2015-04-23,2165.0,2200.0,2100.0,2102.0,3527.0
2015-04-24,2050.0,2119.0,2050.0,2119.0,1076.0
2015-04-27,2113.0,2150.0,2060.0,2111.0,2166.0
2015-04-28,2115.0,2145.0,2060.0,2069.0,1425.0
2015-04-29,2008.0,2070.0,2002.0,2018.0,5640.0
2015-04-30,2013.0,2040.0,1990.0,2039.0,8737.0
2015-05-05,2071.0,2080.0,1987.0,2002.0,7817.0
2015-05-06,2023.0,2023.0,1952.0,1980.0,2708.0
2015-05-07,1952.0,1966.0,1904.0,1939.0,4573.0
2015-05-08,1934.0,2038.0,1934.0,2003.0,4519.0
2015-05-12,2006.0,2039.0,1998.0,2020.0,5376.0
2015-05-13,2008.0,2011.0,1970.0,1981.0,1591.0
2015-05-14,1980.0,2013.0,1970.0,1995.0,1721.0
2015-05-15,1983.0,2022.0,1983.0,2005.0,663.0
2015-05-18,1991.0,2007.0,1950.0,1960.0,8101.0
2015-05-19,1969.0,1997.0,1931.0,1997.0,7130.0
2015-05-20,1981.0,1984.0,1963.0,1969.0,2955.0
2015-05-21,1967.0,1987.0,1956.0,1974.0,6703.0
2015-05-22,1983.0,1983.0,1840.0,1975.0,22699.0
2015-05-25,1944.0,2012.0,1914.0,1964.0,5518.0
2015-05-26,1973.0,2041.0,1921.0,1997.0,32986.0
2015-05-27,2001.0,2036.0,1990.0,2015.0,16348.0
2015-05-28,2010.0,2064.0,2005.0,2042.0,9362.0
2015-05-29,2060.0,2100.0,2001.0,2001.0,10662.0
2015-06-01,1980.0,2118.0,1902.0,2081.0,11869.0
2015-06-02,2098.0,2105.0,2085.0,2086.0,2178.0
2015-06-03,2083.0,2102.0,2022.0,2085.0,5890.0
2015-06-04,2099.0,2245.0,2099.0,2220.0,18713.0
2015-06-05,2220.0,2271.0,2141.0,2244.0,10706.0
2015-06-08,2244.0,2246.0,2192.0,2204.0,5568.0
2015-06-09,2187.0,2210.0,2151.0,2179.0,6129.0
2015-06-10,2156.0,2174.0,2085.0,2095.0,9039.0
2015-06-11,2112.0,2112.0,2035.0,2059.0,5762.0
2015-06-15,2064.0,2070.0,2020.0,2060.0,7546.0
2015-06-16,2060.0,2061.0,2026.0,2028.0,4719.0
2015-06-17,2027.0,2051.0,2009.0,2044.0,2625.0
2015-06-18,2037.0,2037.0,2015.0,2020.0,1372.0
2015-06-19,2014.0,2057.0,2014.0,2038.0,3821.0
2015-06-22,2043.0,2070.0,2014.0,2048.0,2515.0
2015-06-23,2053.0,2098.0,2042.0,2081.0,1475.0
2015-06-24,2088.0,2117.0,2035.0,2044.0,1674.0
2015-06-25,2043.0,2093.0,2025.0,2079.0,3123.0
2015-06-26,2052.0,2160.0,2037.0,2159.0,3204.0
2015-06-29,2149.0,2150.0,2088.0,2096.0,2267.0
2015-06-30,2080.0,2095.0,2050.0,2060.0,1033.0
2015-07-01,2085.0,2121.0,2055.0,2100.0,2306.0
2015-07-02,2098.0,2100.0,2072.0,2083.0,1068.0
2015-07-03,2089.0,2180.0,2086.0,2158.0,4676.0
2015-07-06,2154.0,2220.0,2137.0,2200.0,5614.0
2015-07-07,2220.0,2270.0,2126.0,2175.0,9935.0
2015-07-08,2175.0,2176.0,2122.0,2140.0,8565.0
2015-07-09,2135.0,2190.0,2135.0,2186.0,2197.0
2015-07-10,2186.0,2199.0,2161.0,2190.0,4898.0
2015-07-13,2190.0,2275.0,2189.0,2240.0,3341.0
2015-07-14,2244.0,2294.0,2244.0,2251.0,11334.0
2015-07-15,2237.0,2314.0,2230.0,2291.0,7307.0
2015-07-16,2289.0,2354.0,2289.0,2334.0,10152.0
2015-07-17,2303.0,2355.0,2301.0,2337.0,2124.0
2015-07-20,2327.0,2355.0,2298.0,2310.0,4449.0
2015-07-21,2304.0,2337.0,2290.0,2316.0,5500.0
2015-07-22,2317.0,2355.0,2300.0,2350.0,6922.0
2015-07-23,2324.0,2395.0,2303.0,2327.0,1613.0
2015-07-24,2318.0,2373.0,2298.0,2373.0,3565.0
2015-07-27,2345.0,2396.0,2304.0,2313.0,6839.0
2015-07-28,2313.0,2397.0,2313.0,2372.0,4506.0
2015-07-29,2374.0,2389.0,2330.0,2336.0,2217.0
2015-07-30,2364.0,2380.0,2315.0,2373.0,7164.0
2015-07-31,2357.0,2447.0,2337.0,2430.0,5898.0
2015-08-03,2450.0,2643.0,2400.0,2560.0,13454.0
2015-08-04,2565.0,2650.0,2545.0,2630.0,12948.0
2015-08-05,2652.0,2679.0,2596.0,2626.0,4679.0
2015-08-06,2631.0,2730.0,2629.0,2707.0,7112.0
2015-08-07,2720.0,2794.0,2707.0,2764.0,10224.0
2015-08-10,2789.0,2896.0,2764.0,2805.0,7151.0
2015-08-11,2828.0,2830.0,2747.0,2800.0,11954.0
2015-08-12,2767.0,2849.0,2757.0,2829.0,14123.0
2015-08-13,2832.0,2849.0,2650.0,2809.0,11056.0
2015-08-14,2800.0,2830.0,2766.0,2808.0,2842.0
2015-08-17,2814.0,2825.0,2752.0,2810.0,7448.0
2015-08-18,2849.0,2897.0,2774.0,2835.0,3642.0
2015-08-19,2851.0,2900.0,2783.0,2874.0,9961.0
2015-08-20,2867.0,2965.0,2855.0,2937.0,8480.0
2015-08-21,2971.0,2971.0,2911.0,2954.0,10962.0
2015-08-24,2841.0,3060.0,2669.0,2980.0,10442.0
2015-08-25,2989.0,3037.0,2901.0,2903.0,5175.0
2015-08-26,2912.0,2959.0,2910.0,2939.0,1486.0
2015-08-27,2964.0,2964.0,2806.0,2849.0,7827.0
2015-08-28,2808.0,2874.0,2785.0,2821.0,9688.0
2015-08-31,2837.0,2875.0,2825.0,2837.0,5192.0
2015-09-01,2868.0,2874.0,2782.0,2796.0,7395.0
2015-09-02,2837.0,2870.0,2782.0,2810.0,6420.0
2015-09-03,2815.0,2830.0,2751.0,2791.0,5970.0
2015-09-04,2796.0,2819.0,2771.0,2790.0,2122.0
2015-09-07,2814.0,2880.0,2809.0,2859.0,5231.0
2015-09-08,2878.0,2911.0,2851.0,2860.0,4369.0
2015-09-09,2852.0,2872.0,2822.0,2850.0,3974.0
2015-09-10,2869.0,2900.0,2821.0,2849.0,3335.0
2015-09-11,2843.0,2847.0,2800.0,2835.0,2425.0
2015-09-14,2845.0,2997.0,2845.0,2912.0,17595.0
2015-09-15,2932.0,2943.0,2850.0,2880.0,8674.0
2015-09-16,2866.0,2890.0,2800.0,2860.0,5656.0
2015-09-17,2841.0,2880.0,2839.0,2855.0,1198.0
2015-09-18,2873.0,2962.0,2839.0,2911.0,13326.0
2015-09-21,2911.0,2914.0,2845.0,2850.0,4656.0
2015-09-22,2850.0,2869.0,2810.0,2827.0,3704.0
2015-09-23,2826.0,2869.0,2732.0,2738.0,3063.0
2015-09-24,2748.0,2803.0,2710.0,2710.0,6948.0
2015-09-25,2711.0,2761.0,2700.0,2710.0,1083.0
2015-09-28,2709.0,2726.0,2645.0,2659.0,2076.0
2015-09-29,2663.0,2705.0,2611.0,2657.0,2394.0
2015-09-30,2677.0,2790.0,2677.0,2790.0,6880.0
2015-10-01,2801.0,2810.0,2702.0,2796.0,8275.0
2015-10-02,2792.0,2793.0,2715.0,2739.0,2115.0
2015-10-05,2769.0,2808.0,2695.0,2699.0,8200.0
2015-10-06,2705.0,2729.0,2705.0,2728.0,1399.0
2015-10-07,2750.0,2795.0,2695.0,2710.0,4444.0
2015-10-08,2739.0,2740.0,2651.0,2674.0,8880.0
2015-10-09,2677.0,2690.0,2541.0,2549.0,27062.0
2015-10-12,2542.0,2598.0,2521.0,2574.0,7654.0
2015-10-13,2575.0,2625.0,2523.0,2533.0,18297.0
2015-10-14,2542.0,2565.0,2492.0,2495.0,17528.0
2015-10-15,2491.0,2531.0,2461.0,2503.0,13340.0
2015-10-16,2490.0,2510.0,2455.0,2461.0,16747.0
2015-10-19,2451.0,2545.0,2450.0,2531.0,16858.0
2015-10-20,2542.0,2645.0,2536.0,2560.0,35900.0
2015-10-21,2584.0,2599.0,2552.0,2595.0,12310.0
2015-10-22,2616.0,2616.0,2567.0,2580.0,2880.0
2015-10-23,2589.0,2624.0,2561.0,2572.0,17940.0
2015-10-26,2576.0,2610.0,2571.0,2605.0,4344.0
2015-10-27,2610.0,2659.0,2606.0,2659.0,11515.0
2015-10-28,2660.0,2734.0,2612.0,2635.0,20458.0
2015-10-29,2654.0,2701.0,2620.0,2644.0,9279.0
2015-10-30,2654.0,2679.0,2625.0,2630.0,4247.0
2015-11-02,2644.0,2669.0,2620.0,2625.0,5387.0
2015-11-03,2638.0,2649.0,2576.0,2587.0,11917.0
2015-11-05,2616.0,2644.0,2597.0,2633.0,5147.0
2015-11-06,2640.0,2680.0,2634.0,2666.0,6059.0
2015-11-09,2679.0,2692.0,2601.0,2664.0,7367.0
2015-11-10,2642.0,2659.0,2620.0,2644.0,2392.0
2015-11-11,2645.0,2658.0,2612.0,2641.0,1976.0
2015-11-12,2659.0,2695.0,2650.0,2685.0,4324.0
2015-11-13,2740.0,2740.0,2671.0,2673.0,6022.0
2015-11-16,2661.0,2714.0,2499.0,2646.0,7450.0
2015-11-17,2671.0,2797.0,2663.0,2750.0,18046.0
2015-11-18,2768.0,2837.0,2720.0,2720.0,20176.0
2015-11-19,2740.0,2784.0,2710.0,2717.0,17030.0
2015-11-20,2733.0,2750.0,2700.0,2700.0,6745.0
2015-11-23,2711.0,2780.0,2662.0,2772.0,9439.0
2015-11-24,2786.0,2786.0,2690.0,2709.0,10152.0
2015-11-25,2730.0,2771.0,2727.0,2750.0,13274.0
2015-11-26,2765.0,2765.0,2722.0,2733.0,7278.0
2015-11-27,2739.0,2777.0,2703.0,2723.0,5980.0
2015-11-30,2730.0,2733.0,2705.0,2715.0,8426.0
2015-12-01,2706.0,2724.0,2700.0,2716.0,2614.0
2015-12-02,2704.0,2728.0,2690.0,2691.0,7824.0
2015-12-03,2703.0,2776.0,2691.0,2740.0,7919.0
2015-12-04,2740.0,2749.0,2685.0,2699.0,6310.0
2015-12-07,2711.0,2774.0,2705.0,2754.0,12572.0
2015-12-08,2753.0,2764.0,2710.0,2723.0,4994.0
2015-12-09,2729.0,2740.0,2701.0,2713.0,4058.0
2015-12-10,2712.0,2748.0,2695.0,2727.0,9166.0
2015-12-11,2727.0,2794.0,2723.0,2772.0,14582.0
2015-12-14,2777.0,2858.0,2773.0,2821.0,14584.0
2015-12-15,2825.0,2845.0,2803.0,2830.0,13991.0
2015-12-16,2821.0,2836.0,2815.0,2833.0,11721.0
2015-12-17,2835.0,2930.0,2835.0,2915.0,14154.0
2015-12-18,2928.0,2932.0,2851.0,2851.0,5608.0
2015-12-21,2897.0,2897.0,2778.0,2855.0,8752.0
2015-12-22,2869.0,2889.0,2805.0,2805.0,13801.0
2015-12-23,2819.0,2847.0,2782.0,2802.0,21832.0
2015-12-24,2820.0,2820.0,2761.0,2800.0,8337.0
2015-12-25,2810.0,2889.0,2786.0,2851.0,10468.0
2015-12-28,2860.0,2860.0,2810.0,2830.0,2132.0
2015-12-29,2829.0,2868.0,2782.0,2813.0,7854.0
2015-12-30,2817.0,2840.0,2803.0,2821.0,5664.0
2016-01-04,2830.0,2860.0,2830.0,2835.0,1380.0
2016-01-05,2827.0,2847.0,2815.0,2816.0,3723.0
2016-01-06,2825.0,2833.0,2810.0,2826.0,1209.0
2016-01-11,2793.0,2845.0,2785.0,2810.0,7869.0
2016-01-12,2806.0,2861.0,2781.0,2828.0,10395.0
2016-01-13,2825.0,2853.0,2820.0,2840.0,4971.0
2016-01-14,2828.0,2836.0,2761.0,2786.0,7334.0
2016-01-15,2792.0,2815.0,2600.0,2665.0,21036.0
2016-01-18,2660.0,2757.0,2602.0,2689.0,12034.0
2016-01-19,2734.0,2775.0,2707.0,2743.0,13392.0
2016-01-20,2729.0,2745.0,2660.0,2730.0,8975.0
2016-01-21,2740.0,2815.0,2732.0,2808.0,10453.0
2016-01-22,2816.0,2877.0,2760.0,2863.0,40983.0
2016-01-25,2811.0,2834.0,2733.0,2775.0,21187.0
2016-01-26,2778.0,2791.0,2687.0,2715.0,14374.0
2016-01-27,2719.0,2743.0,2667.0,2733.0,27020.0
2016-01-28,2739.0,2747.0,2686.0,2704.0,10128.0
2016-01-29,2712.0,2736.0,2674.0,2722.0,9804.0
2016-02-01,2735.0,2760.0,2720.0,2747.0,7995.0
2016-02-02,2751.0,2797.0,2730.0,2753.0,7082.0
2016-02-03,2755.0,2774.0,2739.0,2749.0,3559.0
2016-02-04,2761.0,2761.0,2684.0,2730.0,13729.0
2016-02-05,2720.0,2744.0,2704.0,2710.0,3299.0
2016-02-08,2718.0,2748.0,2660.0,2685.0,7220.0
2016-02-09,2694.0,2704.0,2635.0,2693.0,8524.0
2016-02-10,2683.0,2696.0,2661.0,2670.0,3583.0
2016-02-11,2669.0,2692.0,2615.0,2675.0,12366.0
2016-02-12,2674.0,2686.0,2648.0,2661.0,5428.0
2016-02-15,2679.0,2679.0,2600.0,2611.0,8084.0
2016-02-16,2609.0,2640.0,2550.0,2566.0,28483.0
2016-02-17,2576.0,2608.0,2567.0,2580.0,7442.0
2016-02-18,2590.0,2611.0,2550.0,2594.0,11045.0
2016-02-19,2592.0,2625.0,2580.0,2609.0,8942.0
2016-02-20,2608.0,2640.0,2602.0,2635.0,2019.0
2016-02-22,2641.0,2648.0,2607.0,2640.0,2801.0
2016-02-24,2639.0,2639.0,2601.0,2614.0,6168.0
2016-02-25,2629.0,2665.0,2597.0,2650.0,11000.0
2016-02-26,2660.0,2680.0,2641.0,2675.0,5670.0
2016-02-29,2680.0,2791.0,2662.0,2791.0,19074.0
2016-03-01,2771.0,2884.0,2720.0,2838.0,35172.0
2016-03-02,2839.0,2870.0,2780.0,2787.0,8320.0
2016-03-03,2800.0,2900.0,2790.0,2886.0,13472.0
2016-03-04,2880.0,2924.0,2822.0,2873.0,14774.0
2016-03-07,2883.0,2900.0,2861.0,2890.0,1533.0
2016-03-09,2899.0,2900.0,2809.0,2875.0,7858.0
2016-03-10,2861.0,2892.0,2830.0,2853.0,3412.0
2016-03-11,2863.0,2885.0,2806.0,2862.0,8411.0
2016-03-14,2840.0,2886.0,2830.0,2845.0,4474.0
2016-03-15,2859.0,2895.0,2840.0,2876.0,7011.0
2016-03-16,2876.0,2877.0,2845.0,2863.0,6211.0
2016-03-17,2872.0,2890.0,2847.0,2875.0,4284.0
2016-03-18,2875.0,2890.0,2834.0,2835.0,22265.0
2016-03-21,2860.0,2861.0,2795.0,2847.0,9795.0
2016-03-22,2852.0,2894.0,2835.0,2840.0,17903.0
2016-03-23,2860.0,2878.0,2837.0,2855.0,5216.0
2016-03-24,2845.0,2859.0,2812.0,2825.0,2880.0
2016-03-25,2829.0,2856.0,2812.0,2833.0,1488.0
2016-03-28,2834.0,2847.0,2805.0,2817.0,2201.0
2016-03-29,2822.0,2840.0,2792.0,2810.0,4376.0
2016-03-30,2820.0,2828.0,2751.0,2772.0,9311.0
2016-03-31,2784.0,2809.0,2766.0,2800.0,3140.0
2016-04-01,2788.0,2810.0,2760.0,2774.0,4718.0
2016-04-04,2780.0,2814.0,2772.0,2799.0,2794.0
2016-04-05,2801.0,2850.0,2782.0,2846.0,4190.0
2016-04-06,2849.0,2850.0,2774.0,2796.0,3547.0
2016-04-07,2785.0,2800.0,2767.0,2768.0,2386.0
2016-04-08,2780.0,2790.0,2757.0,2789.0,1761.0
2016-04-11,2780.0,2800.0,2722.0,2756.0,5114.0
2016-04-12,2752.0,2764.0,2688.0,2698.0,6632.0
2016-04-13,2709.0,2754.0,2682.0,2739.0,6543.0
2016-04-14,2746.0,2778.0,2675.0,2717.0,4913.0
2016-04-15,2714.0,2796.0,2714.0,2739.0,7505.0
2016-04-18,2725.0,2850.0,2701.0,2838.0,13758.0
2016-04-19,2824.0,2870.0,2823.0,2844.0,22611.0
2016-04-20,2867.0,2950.0,2836.0,2925.0,41689.0
2016-04-21,2922.0,2967.0,2900.0,2947.0,12054.0
2016-04-22,2950.0,2957.0,2870.0,2915.0,16821.0
2016-04-25,2923.0,2932.0,2845.0,2865.0,9785.0
2016-04-26,2878.0,2889.0,2851.0,2875.0,2221.0
2016-04-27,2853.0,2875.0,2840.0,2851.0,2202.0
2016-04-28,2851.0,2872.0,2841.0,2863.0,1027.0
2016-04-29,2844.0,2858.0,2816.0,2838.0,1236.0
2016-05-04,2829.0,2894.0,2814.0,2869.0,4537.0
2016-05-05,2864.0,2881.0,2838.0,2861.0,2160.0
2016-05-06,2843.0,2855.0,2826.0,2846.0,1036.0
2016-05-10,2837.0,2900.0,2831.0,2894.0,8131.0
2016-05-11,2898.0,2941.0,2897.0,2925.0,4122.0
2016-05-12,2906.0,2906.0,2830.0,2840.0,5073.0
2016-05-13,2935.0,2948.0,2892.0,2932.0,12666.0
2016-05-16,2927.0,2951.0,2853.0,2875.0,7004.0
2016-05-17,2898.0,2902.0,2865.0,2884.0,4053.0
2016-05-18,2905.0,2907.0,2875.0,2889.0,1065.0
2016-05-19,2885.0,2900.0,2855.0,2881.0,2916.0
2016-05-20,2876.0,2904.0,2867.0,2888.0,2461.0
2016-05-23,2876.0,2906.0,2873.0,2899.0,1424.0
2016-05-24,2895.0,2940.0,2881.0,2920.0,2273.0
2016-05-25,2916.0,2965.0,2890.0,2922.0,12430.0
2016-05-26,2905.0,2928.0,2894.0,2904.0,2609.0
2016-05-27,2915.0,2920.0,2904.0,2916.0,12448.0
2016-05-30,2921.0,2959.0,2921.0,2945.0,2568.0
2016-05-31,2945.0,2955.0,2870.0,2880.0,10954.0
2016-06-01,2875.0,2901.0,2770.0,2775.0,23896.0
2016-06-02,2781.0,2789.0,2761.0,2771.0,16067.0
2016-06-03,2782.0,2822.0,2740.0,2785.0,6380.0
2016-06-06,2799.0,2848.0,2780.0,2840.0,4344.0
2016-06-07,2831.0,2880.0,2812.0,2845.0,8419.0
2016-06-08,2843.0,2860.0,2808.0,2825.0,6527.0
2016-06-09,2776.0,2799.0,2737.0,2760.0,8470.0
2016-06-10,2757.0,2759.0,2715.0,2745.0,2182.0
2016-06-14,2750.0,2769.0,2743.0,2768.0,1332.0
2016-06-15,2768.0,2768.0,2717.0,2730.0,5417.0
2016-06-16,2731.0,2794.0,2731.0,2771.0,4946.0
2016-06-17,2770.0,2790.0,2740.0,2790.0,3601.0
2016-06-20,2773.0,2790.0,2750.0,2765.0,889.0
2016-06-21,2750.0,2791.0,2742.0,2786.0,2893.0
2016-06-22,2781.0,2781.0,2751.0,2757.0,4418.0
2016-06-23,2741.0,2769.0,2730.0,2738.0,1600.0
2016-06-24,2719.0,2799.0,2675.0,2779.0,7888.0
2016-06-27,2766.0,2797.0,2733.0,2769.0,3338.0
2016-06-28,2760.0,2789.0,2759.0,2788.0,2867.0
2016-06-29,2792.0,2796.0,2750.0,2785.0,3754.0
2016-06-30,2793.0,2796.0,2750.0,2769.0,2841.0
2016-07-01,2768.0,2777.0,2742.0,2742.0,2442.0
2016-07-04,2761.0,2772.0,2700.0,2718.0,3352.0
2016-07-05,2726.0,2746.0,2635.0,2649.0,13058.0
2016-07-06,2653.0,2672.0,2579.0,2580.0,11218.0
2016-07-07,2598.0,2645.0,2590.0,2626.0,3513.0
2016-07-08,2635.0,2635.0,2560.0,2593.0,8799.0
2016-07-11,2597.0,2607.0,2548.0,2578.0,11394.0
2016-07-12,2580.0,2580.0,2504.0,2535.0,29639.0
2016-07-13,2542.0,2548.0,2501.0,2520.0,19767.0
2016-07-14,2528.0,2531.0,2506.0,2517.0,10016.0
2016-07-15,2522.0,2589.0,2515.0,2589.0,10869.0
2016-07-18,2590.0,2650.0,2590.0,2648.0,9784.0
2016-07-19,2654.0,2687.0,2617.0,2648.0,9492.0
2016-07-20,2635.0,2653.0,2620.0,2645.0,4119.0
2016-07-21,2642.0,2654.0,2622.0,2632.0,5402.0
2016-07-22,2634.0,2657.0,2631.0,2649.0,8369.0
2016-07-25,2650.0,2669.0,2636.0,2653.0,7650.0
2016-07-26,2660.0,2714.0,2646.0,2700.0,11067.0
2016-07-27,2703.0,2721.0,2680.0,2690.0,5228.0
2016-07-28,2693.0,2736.0,2693.0,2700.0,5501.0
2016-07-29,2705.0,2731.0,2704.0,2715.0,6311.0
2016-08-01,2731.0,2734.0,2704.0,2722.0,3627.0
2016-08-02,2728.0,2729.0,2705.0,2714.0,4015.0
2016-08-03,2715.0,2735.0,2707.0,2729.0,4366.0
2016-08-04,2729.0,2734.0,2706.0,2727.0,6720.0
2016-08-05,2733.0,2735.0,2707.0,2721.0,12193.0
2016-08-08,2716.0,2735.0,2705.0,2721.0,15359.0
2016-08-09,2670.0,2674.0,2515.0,2670.0,15140.0
2016-08-10,2661.0,2680.0,2640.0,2661.0,6274.0
2016-08-11,2656.0,2665.0,2641.0,2657.0,5467.0
2016-08-12,2654.0,2669.0,2643.0,2663.0,3057.0
2016-08-15,2672.0,2673.0,2650.0,2656.0,2459.0
2016-08-16,2652.0,2664.0,2635.0,2636.0,5847.0
2016-08-17,2643.0,2643.0,2605.0,2621.0,14013.0
2016-08-18,2631.0,2631.0,2555.0,2580.0,18059.0
2016-08-19,2581.0,2595.0,2571.0,2584.0,3815.0
2016-08-22,2596.0,2603.0,2579.0,2597.0,6798.0
2016-08-23,2600.0,2617.0,2590.0,2599.0,2528.0
2016-08-24,2599.0,2600.0,2584.0,2586.0,2421.0
2016-08-25,2597.0,2600.0,2561.0,2580.0,2750.0
2016-08-26,2584.0,2610.0,2566.0,2571.0,5388.0
2016-08-29,2579.0,2585.0,2569.0,2569.0,1964.0
2016-08-30,2582.0,2582.0,2554.0,2574.0,3416.0
2016-08-31,2578.0,2595.0,2543.0,2586.0,8002.0
2016-09-01,2581.0,2601.0,2581.0,2585.0,5053.0
2016-09-02,2593.0,2595.0,2580.0,2591.0,2003.0
2016-09-05,2593.0,2608.0,2585.0,2602.0,4466.0
2016-09-06,2604.0,2610.0,2581.0,2593.0,5780.0
2016-09-07,2600.0,2601.0,2577.0,2586.0,2658.0
2016-09-08,2585.0,2588.0,2480.0,2563.0,5989.0
2016-09-09,2553.0,2585.0,2551.0,2585.0,3549.0
2016-09-12,2582.0,2582.0,2515.0,2553.0,4417.0
2016-09-13,2554.0,2557.0,2540.0,2547.0,6887.0
2016-09-14,2538.0,2557.0,2537.0,2547.0,1225.0
2016-09-15,2549.0,2558.0,2530.0,2547.0,2313.0
2016-09-16,2547.0,2558.0,2537.0,2551.0,1792.0
2016-09-19,2553.0,2570.0,2545.0,2569.0,2349.0
2016-09-20,2558.0,2588.0,2558.0,2570.0,2481.0
2016-09-21,2574.0,2600.0,2561.0,2599.0,7608.0
2016-09-22,2601.0,2617.0,2569.0,2573.0,9004.0
2016-09-23,2586.0,2587.0,2531.0,2547.0,10899.0
2016-09-26,2542.0,2575.0,2531.0,2560.0,5058.0
2016-09-27,2560.0,2569.0,2532.0,2546.0,3282.0
2016-09-28,2545.0,2560.0,2526.0,2535.0,5823.0
2016-09-29,2528.0,2543.0,2484.0,2524.0,11006.0
2016-09-30,2528.0,2528.0,2460.0,2490.0,8240.0
2016-10-03,2490.0,2491.0,2442.0,2453.0,8629.0
2016-10-04,2443.0,2458.0,2416.0,2458.0,5930.0
2016-10-05,2442.0,2450.0,2421.0,2440.0,5911.0
2016-10-06,2439.0,2448.0,2430.0,2439.0,1879.0
2016-10-07,2441.0,2448.0,2409.0,2421.0,4587.0
2016-10-10,2425.0,2445.0,2414.0,2423.0,2362.0
2016-10-11,2427.0,2440.0,2418.0,2432.0,3218.0
2016-10-12,2425.0,2446.0,2411.0,2446.0,5592.0
2016-10-13,2418.0,2448.0,2388.0,2429.0,7568.0
2016-10-14,2426.0,2439.0,2415.0,2420.0,1576.0
2016-10-17,2420.0,2434.0,2411.0,2419.0,1773.0
2016-10-18,2409.0,2440.0,2399.0,2410.0,4336.0
2016-10-19,2416.0,2417.0,2351.0,2357.0,7839.0
2016-10-20,2362.0,2368.0,2195.0,2240.0,31541.0
2016-10-21,2244.0,2284.0,2200.0,2225.0,33353.0
2016-10-24,2235.0,2293.0,2210.0,2291.0,17279.0
2016-10-25,2305.0,2345.0,2283.0,2300.0,17703.0
2016-10-26,2313.0,2335.0,2285.0,2330.0,10456.0
2016-10-27,2337.0,2356.0,2330.0,2353.0,3938.0
2016-10-28,2353.0,2360.0,2331.0,2341.0,2714.0
2016-10-31,2340.0,2380.0,2340.0,2360.0,4569.0
2016-11-01,2369.0,2369.0,2290.0,2313.0,16455.0
2016-11-02,2317.0,2334.0,2295.0,2295.0,6831.0
2016-11-03,2304.0,2326.0,2240.0,2250.0,7688.0
2016-11-07,2262.0,2262.0,2224.0,2259.0,4308.0
2016-11-08,2258.0,2356.0,2250.0,2331.0,11416.0
2016-11-09,2330.0,2353.0,2307.0,2340.0,2549.0
2016-11-10,2340.0,2377.0,2332.0,2370.0,8380.0
2016-11-11,2369.0,2450.0,2340.0,2416.0,9797.0
2016-11-14,2409.0,2449.0,2409.0,2440.0,6953.0
2016-11-15,2420.0,2490.0,2420.0,2469.0,5315.0
2016-11-16,2480.0,2487.0,2451.0,2454.0,4983.0
2016-11-17,2454.0,2507.0,2454.0,2495.0,10835.0
2016-11-18,2503.0,2535.0,2485.0,2492.0,6453.0
2016-11-21,2486.0,2550.0,2486.0,2538.0,7952.0
2016-11-22,2547.0,2561.0,2505.0,2540.0,11015.0
2016-11-23,2547.0,2600.0,2530.0,2589.0,8912.0
2016-11-24,2582.0,2601.0,2560.0,2575.0,4110.0
2016-11-25,2571.0,2590.0,2522.0,2567.0,5723.0
2016-11-28,2560.0,2592.0,2555.0,2579.0,3139.0
2016-11-29,2581.0,2586.0,2527.0,2542.0,4897.0
2016-11-30,2535.0,2583.0,2502.0,2552.0,8488.0
2016-12-01,2542.0,2697.0,2534.0,2573.0,19454.0
2016-12-02,2581.0,2597.0,2545.0,2565.0,7280.0
2016-12-05,2583.0,2598.0,2562.0,2587.0,4153.0
2016-12-06,2583.0,2673.0,2583.0,2629.0,13018.0
2016-12-07,2663.0,2667.0,2621.0,2632.0,6882.0
2016-12-08,2635.0,2649.0,2616.0,2628.0,2551.0
2016-12-09,2638.0,2638.0,2596.0,2603.0,7061.0
2016-12-12,2603.0,2629.0,2514.0,2537.0,10573.0
2016-12-13,2534.0,2571.0,2526.0,2560.0,7863.0
2016-12-14,2571.0,2584.0,2532.0,2570.0,5274.0
2016-12-15,2573.0,2590.0,2553.0,2575.0,22997.0
2016-12-16,2580.0,2600.0,2543.0,2600.0,12877.0
2016-12-19,2583.0,2589.0,2476.0,2526.0,7793.0
2016-12-20,2527.0,2548.0,2498.0,2510.0,16695.0
2016-12-21,2530.0,2533.0,2485.0,2491.0,13715.0
2016-12-22,2500.0,2575.0,2471.0,2508.0,38385.0
2016-12-23,2502.0,2594.0,2493.0,2550.0,12540.0
2016-12-26,2540.0,2598.0,2531.0,2557.0,3721.0
2016-12-27,2536.0,2592.0,2536.0,2554.0,2569.0
2016-12-28,2543.0,2560.0,2536.0,2540.0,6743.0
2016-12-29,2538.0,2558.0,2526.0,2551.0,13298.0
2016-12-30,2563.0,2599.0,2547.0,2599.0,8681.0
2017-01-03,2600.0,2626.0,2581.0,2593.0,17423.0
2017-01-04,2600.0,2620.0,2593.0,2607.0,5647.0
2017-01-05,2614.0,2650.0,2552.0,2575.0,14787.0
2017-01-06,2571.0,2592.0,2552.0,2578.0,3570.0
2017-01-09,2598.0,2619.0,2561.0,2608.0,5861.0
2017-01-10,2608.0,2650.0,2603.0,2623.0,7349.0
2017-01-11,2616.0,2950.0,2612.0,2755.0,42659.0
2017-01-12,2774.0,2837.0,2729.0,2750.0,57496.0
2017-01-13,2734.0,2900.0,2705.0,2719.0,34505.0
2017-01-16,2731.0,2862.0,2710.0,2758.0,49437.0
2017-01-17,2775.0,2787.0,2695.0,2735.0,27114.0
2017-01-18,2734.0,2827.0,2706.0,2756.0,48720.0
2017-01-19,2767.0,2790.0,2721.0,2721.0,25108.0
2017-01-20,2738.0,2798.0,2735.0,2759.0,22672.0
2017-01-23,2773.0,2794.0,2727.0,2736.0,16042.0
2017-01-24,2757.0,2785.0,2717.0,2767.0,13627.0
2017-01-25,2767.0,2819.0,2753.0,2819.0,51934.0
2017-01-26,2795.0,2809.0,2761.0,2799.0,11589.0
2017-01-27,2799.0,2869.0,2780.0,2860.0,33213.0
2017-01-30,2860.0,3048.0,2780.0,2863.0,27881.0
2017-01-31,2867.0,2935.0,2823.0,2849.0,29705.0
2017-02-01,2879.0,2899.0,2824.0,2850.0,20355.0
2017-02-02,2861.0,2925.0,2852.0,2892.0,35460.0
2017-02-03,2886.0,2895.0,2808.0,2835.0,29194.0
2017-02-06,2840.0,2878.0,2730.0,2756.0,27231.0
2017-02-07,2770.0,2789.0,2748.0,2760.0,25099.0
2017-02-08,2782.0,2796.0,2650.0,2700.0,50230.0
2017-02-09,2700.0,2708.0,2522.0,2522.0,757865.0
2017-02-10,2546.0,2574.0,2534.0,2546.0,86138.0
2017-02-13,2562.0,2569.0,2518.0,2530.0,46732.0
2017-02-14,2548.0,2548.0,2450.0,2480.0,99568.0
2017-02-15,2500.0,2548.0,2455.0,2514.0,71217.0
2017-02-16,2517.0,2550.0,2478.0,2540.0,32388.0
2017-02-17,2554.0,2568.0,2530.0,2548.0,67744.0
2017-02-20,2552.0,2620.0,2546.0,2570.0,110870.0
2017-02-21,2575.0,2585.0,2552.0,2567.0,60515.0
2017-02-22,2572.0,2598.0,2555.0,2578.0,33062.0
2017-02-24,2590.0,2590.0,2490.0,2500.0,40434.0
2017-02-27,2495.0,2512.0,2468.0,2481.0,50891.0
2017-02-28,2490.0,2515.0,1729.0,2400.0,194423.0
2017-03-01,2440.0,2515.0,2403.0,2442.0,54400.0
2017-03-02,2450.0,2500.0,2418.0,2461.0,44105.0
2017-03-03,2457.0,2475.0,2402.0,2421.0,60376.0
2017-03-06,2421.0,2458.0,2421.0,2444.0,20322.0
2017-03-07,2443.0,2467.0,2401.0,2460.0,38974.0
2017-03-09,2410.0,2429.0,2301.0,2384.0,166768.0
2017-03-10,2375.0,2399.0,2284.0,2299.0,130030.0
2017-03-13,2303.0,2364.0,2205.0,2304.0,34447.0
2017-03-14,2318.0,2417.0,2298.0,2392.0,92267.0
2017-03-15,2400.0,2421.0,2338.0,2338.0,37660.0
2017-03-16,2355.0,2393.0,2352.0,2370.0,57459.0
2017-03-17,2374.0,2425.0,2341.0,2391.0,37224.0
2017-03-20,2377.0,2442.0,2357.0,2359.0,22583.0
2017-03-21,2354.0,2416.0,2354.0,2389.0,33618.0
2017-03-22,2370.0,2409.0,2301.0,2405.0,49414.0
2017-03-23,2399.0,2454.0,2395.0,2404.0,14140.0
2017-03-24,2414.0,2416.0,2380.0,2383.0,5791.0
2017-03-27,2399.0,2400.0,2310.0,2328.0,21898.0
2017-03-28,2350.0,2369.0,2252.0,2347.0,70444.0
2017-03-29,2337.0,2438.0,2337.0,2424.0,68867.0
2017-03-30,2409.0,2436.0,2388.0,2409.0,20969.0
2017-03-31,2395.0,2422.0,2355.0,2366.0,12503.0
2017-04-03,2351.0,2400.0,2333.0,2381.0,15234.0
2017-04-04,2376.0,2401.0,2369.0,2369.0,17096.0
2017-04-05,2372.0,2426.0,2372.0,2398.0,24548.0
2017-04-06,2398.0,2438.0,2393.0,2410.0,18291.0
2017-04-07,2410.0,2430.0,2385.0,2425.0,23383.0
2017-04-10,2409.0,2416.0,2305.0,2370.0,43867.0
2017-04-11,2353.0,2403.0,2315.0,2399.0,36281.0
2017-04-12,2390.0,2424.0,2318.0,2336.0,47740.0
2017-04-13,2320.0,2336.0,2288.0,2324.0,48569.0
2017-04-14,2304.0,2313.0,2291.0,2291.0,6159.0
2017-04-17,2290.0,2361.0,2263.0,2318.0,20589.0
2017-04-18,2319.0,2348.0,2261.0,2279.0,44738.0
2017-04-19,2295.0,2304.0,2230.0,2276.0,41592.0
2017-04-20,2265.0,2294.0,2237.0,2261.0,61405.0
2017-04-21,2283.0,2315.0,2263.0,2306.0,27498.0
2017-04-24,2313.0,2360.0,2301.0,2317.0,50928.0
2017-04-25,2331.0,2400.0,2311.0,2376.0,55720.0
2017-04-26,2384.0,2446.0,2369.0,2434.0,45927.0
2017-04-27,2448.0,2459.0,2391.0,2423.0,53576.0
2017-04-28,2431.0,2469.0,2380.0,2415.0,37684.0
2017-05-02,2445.0,2470.0,2382.0,2399.0,67284.0
2017-05-03,2406.0,2454.0,2382.0,2398.0,28586.0
2017-05-04,2404.0,2459.0,2390.0,2431.0,29276.0
2017-05-05,2414.0,2454.0,2412.0,2443.0,34094.0
2017-05-10,2454.0,2516.0,2441.0,2479.0,36043.0
2017-05-11,2474.0,2496.0,2387.0,2394.0,42339.0
2017-05-12,2398.0,2400.0,2351.0,2384.0,26913.0
2017-05-15,2395.0,2398.0,2311.0,2365.0,34595.0
2017-05-16,2381.0,2409.0,2320.0,2391.0,34415.0
2017-05-17,2390.0,2428.0,2368.0,2376.0,39596.0
2017-05-18,2354.0,2417.0,2322.0,2400.0,52885.0
2017-05-19,2411.0,2427.0,2320.0,2347.0,36413.0
2017-05-22,2349.0,2351.0,2300.0,2317.0,54928.0
2017-05-23,2322.0,2345.0,2298.0,2332.0,43401.0
2017-05-24,2338.0,2350.0,2300.0,2300.0,19631.0
2017-05-25,2309.0,2345.0,2291.0,2323.0,30159.0
2017-05-26,2311.0,2369.0,2302.0,2355.0,46468.0
2017-05-29,2357.0,2395.0,2317.0,2328.0,25657.0
2017-05-30,2331.0,2353.0,2300.0,2316.0,32077.0
2017-05-31,2322.0,2358.0,2307.0,2307.0,23739.0
2017-06-01,2345.0,2345.0,2292.0,2298.0,39767.0
2017-06-02,2297.0,2297.0,2232.0,2269.0,81823.0
2017-06-05,2274.0,2319.0,2244.0,2267.0,35206.0
2017-06-06,2267.0,2280.0,2247.0,2264.0,18890.0
2017-06-07,2259.0,2280.0,2249.0,2275.0,36650.0
2017-06-08,2270.0,2280.0,2249.0,2260.0,33311.0
2017-06-09,2251.0,2288.0,2234.0,2260.0,27273.0
2017-06-13,2250.0,2260.0,2186.0,2200.0,64411.0
2017-06-14,2200.0,2227.0,2151.0,2169.0,45089.0
2017-06-15,2161.0,2205.0,2124.0,2203.0,122749.0
2017-06-16,2156.0,2221.0,2142.0,2208.0,52300.0
2017-06-19,2183.0,2264.0,2182.0,2245.0,50885.0
2017-06-20,2253.0,2319.0,2240.0,2308.0,55186.0
2017-06-21,2300.0,2350.0,2289.0,2324.0,25557.0
2017-06-22,2322.0,2350.0,2282.0,2344.0,19602.0
2017-06-23,2321.0,2379.0,2316.0,2359.0,19093.0
2017-06-26,2344.0,2392.0,2306.0,2324.0,26570.0
2017-06-27,2327.0,2327.0,2270.0,2290.0,26105.0
2017-06-28,2280.0,2327.0,2251.0,2305.0,27369.0
2017-06-29,2303.0,2335.0,2260.0,2278.0,17958.0
2017-06-30,2284.0,2320.0,2255.0,2301.0,10343.0
2017-07-03,2290.0,2307.0,2251.0,2275.0,29715.0
2017-07-04,2254.0,2326.0,2254.0,2315.0,20868.0
2017-07-05,2315.0,2350.0,2307.0,2327.0,19249.0
2017-07-06,2340.0,2413.0,2314.0,2355.0,29961.0
2017-07-07,2354.0,2396.0,2343.0,2379.0,16121.0
2017-07-10,2380.0,2447.0,2332.0,2382.0,14527.0
2017-07-11,2390.0,2410.0,2352.0,2366.0,25733.0
2017-07-12,2382.0,2387.0,2344.0,2363.0,29176.0
2017-07-13,2371.0,2391.0,2337.0,2361.0,43596.0
2017-07-14,2352.0,2374.0,2337.0,2341.0,16706.0
2017-07-17,2345.0,2361.0,2321.0,2334.0,31076.0
2017-07-18,2331.0,2367.0,2331.0,2352.0,26695.0
2017-07-19,2341.0,2371.0,2337.0,2356.0,22498.0
2017-07-20,2357.0,2394.0,2355.0,2374.0,33251.0
2017-07-21,2389.0,2407.0,2356.0,2390.0,35566.0
2017-07-24,2386.0,2420.0,2364.0,2410.0,14055.0
2017-07-25,2393.0,2415.0,2388.0,2397.0,20154.0
2017-07-26,2405.0,2425.0,2384.0,2405.0,19040.0
2017-07-27,2415.0,2419.0,2383.0,2389.0,12368.0
2017-07-28,2391.0,2392.0,2327.0,2358.0,26991.0
2017-07-31,2364.0,2393.0,2351.0,2385.0,15884.0
2017-08-01,2388.0,2405.0,2350.0,2350.0,13475.0
2017-08-02,2368.0,2398.0,2363.0,2395.0,16305.0
2017-08-03,2396.0,2401.0,2350.0,2384.0,9348.0
2017-08-04,2368.0,2377.0,2357.0,2377.0,18255.0
2017-08-07,2365.0,2397.0,2358.0,2380.0,13254.0
2017-08-08,2389.0,2425.0,2371.0,2410.0,20222.0
2017-08-09,2406.0,2450.0,2400.0,2420.0,15610.0
2017-08-10,2429.0,2456.0,2417.0,2422.0,13018.0
2017-08-11,2419.0,2443.0,2391.0,2424.0,21049.0
2017-08-14,2436.0,2453.0,2425.0,2429.0,32523.0
2017-08-15,2436.0,2459.0,2399.0,2417.0,18685.0
2017-08-16,2417.0,2424.0,2386.0,2397.0,29780.0
2017-08-17,2400.0,2406.0,2372.0,2395.0,9727.0
2017-08-18,2384.0,2431.0,2360.0,2403.0,21252.0
2017-08-21,2412.0,2445.0,2409.0,2440.0,13725.0
2017-08-22,2441.0,2449.0,2407.0,2419.0,26315.0
2017-08-23,2433.0,2437.0,2407.0,2430.0,12195.0
2017-08-24,2428.0,2437.0,2383.0,2401.0,18827.0
2017-08-25,2390.0,2425.0,2387.0,2415.0,15706.0
2017-08-28,2410.0,2424.0,2383.0,2391.0,12759.0
2017-08-29,2390.0,2396.0,2354.0,2366.0,39877.0
2017-08-30,2379.0,2388.0,2315.0,2328.0,43484.0
2017-08-31,2333.0,2375.0,2297.0,2303.0,48560.0
2017-09-01,2300.0,2345.0,2289.0,2336.0,20532.0
2017-09-04,2341.0,2354.0,2298.0,2311.0,17557.0
2017-09-05,2314.0,2327.0,2272.0,2290.0,22859.0
2017-09-06,2286.0,2313.0,2273.0,2303.0,24484.0
2017-09-07,2305.0,2312.0,2272.0,2280.0,18616.0
2017-09-08,2279.0,2296.0,2265.0,2277.0,14443.0
2017-09-11,2287.0,2297.0,2256.0,2270.0,25746.0
2017-09-12,2273.0,2299.0,2267.0,2290.0,17974.0
2017-09-13,2296.0,2350.0,2296.0,2315.0,40524.0
2017-09-14,2318.0,2348.0,2308.0,2333.0,11966.0
2017-09-15,2334.0,2353.0,2321.0,2353.0,19113.0
2017-09-18,2346.0,2383.0,2335.0,2345.0,20952.0
2017-09-19,2352.0,2367.0,2330.0,2345.0,9827.0
2017-09-20,2357.0,2361.0,2325.0,2330.0,22069.0
2017-09-21,2339.0,2369.0,2332.0,2339.0,22499.0
2017-09-22,2341.0,2365.0,2302.0,2345.0,44823.0
2017-09-25,2351.0,2360.0,2330.0,2351.0,20482.0
2017-09-26,2358.0,2360.0,2345.0,2352.0,14948.0
2017-09-27,2359.0,2376.0,2341.0,2351.0,7302.0
2017-09-28,2354.0,2373.0,2340.0,2340.0,6450.0
2017-09-29,2342.0,2350.0,2325.0,2325.0,11812.0
2017-10-02,2331.0,2358.0,2318.0,2352.0,13117.0
2017-10-03,2352.0,2370.0,2352.0,2354.0,25037.0
2017-10-04,2351.0,2379.0,2350.0,2352.0,12803.0
2017-10-05,2355.0,2364.0,2343.0,2358.0,16182.0
2017-10-06,2364.0,2375.0,2353.0,2368.0,14769.0
2017-10-09,2376.0,2403.0,2368.0,2394.0,24959.0
2017-10-10,2396.0,2420.0,2370.0,2378.0,11044.0
2017-10-11,2382.0,2389.0,2359.0,2378.0,27749.0
2017-10-12,2360.0,2371.0,2333.0,2356.0,31605.0
2017-10-13,2359.0,2359.0,2321.0,2335.0,20217.0
2017-10-16,2341.0,2361.0,2321.0,2344.0,19933.0
2017-10-17,2353.0,2353.0,2322.0,2331.0,19744.0
2017-10-18,2328.0,2345.0,2302.0,2340.0,27443.0
2017-10-19,2354.0,2355.0,2305.0,2322.0,23085.0
2017-10-20,2312.0,2329.0,2272.0,2313.0,34772.0
2017-10-23,2307.0,2335.0,2263.0,2276.0,36751.0
2017-10-24,2280.0,2286.0,2255.0,2270.0,25253.0
2017-10-25,2273.0,2299.0,2266.0,2275.0,20973.0
2017-10-26,2277.0,2280.0,2252.0,2266.0,41837.0
2017-10-27,2281.0,2316.0,2261.0,2293.0,66867.0
2017-10-30,2296.0,2337.0,2285.0,2322.0,14886.0
2017-10-31,2323.0,2340.0,2310.0,2340.0,15668.0
2017-11-01,2322.0,2349.0,2316.0,2325.0,17179.0
2017-11-02,2329.0,2345.0,2317.0,2336.0,10406.0
2017-11-03,2344.0,2409.0,2330.0,2389.0,53482.0
2017-11-07,2404.0,2465.0,2403.0,2454.0,73719.0
2017-11-08,2456.0,2485.0,2441.0,2448.0,40795.0
2017-11-09,2452.0,2464.0,2428.0,2430.0,27432.0
2017-11-10,2444.0,2459.0,2405.0,2432.0,36554.0
2017-11-13,2445.0,2473.0,2436.0,2466.0,44507.0
2017-11-14,2480.0,2540.0,2450.0,2537.0,63467.0
2017-11-15,2539.0,2562.0,2509.0,2534.0,60539.0
2017-11-16,2540.0,2572.0,2490.0,2545.0,76687.0
2017-11-17,2535.0,2575.0,2494.0,2570.0,39972.0
2017-11-20,2566.0,2586.0,2546.0,2568.0,21049.0
2017-11-21,2567.0,2605.0,2566.0,2588.0,25894.0
2017-11-22,2592.0,2609.0,2514.0,2538.0,55018.0
2017-11-23,2529.0,2537.0,2485.0,2510.0,53606.0
2017-11-24,2539.0,2539.0,2494.0,2496.0,17243.0
2017-11-27,2494.0,2495.0,2457.0,2473.0,30960.0
2017-11-28,2474.0,2507.0,2447.0,2488.0,19365.0
2017-11-29,2494.0,2494.0,2455.0,2472.0,13754.0
2017-11-30,2464.0,2488.0,2448.0,2470.0,21394.0
2017-12-01,2477.0,2489.0,2451.0,2465.0,11809.0
2017-12-04,2480.0,2480.0,2452.0,2470.0,28465.0
2017-12-05,2458.0,2464.0,2429.0,2449.0,38806.0
2017-12-06,2456.0,2552.0,2426.0,2543.0,41062.0
2017-12-07,2523.0,2562.0,2503.0,2511.0,20516.0
2017-12-08,2508.0,2546.0,2492.0,2505.0,20997.0
2017-12-11,2508.0,2559.0,2483.0,2546.0,21122.0
2017-12-12,2578.0,2590.0,2512.0,2550.0,12794.0
2017-12-13,2548.0,2572.0,2524.0,2564.0,24824.0
2017-12-14,2569.0,2590.0,2548.0,2561.0,24262.0
2017-12-15,2576.0,2598.0,2545.0,2553.0,23092.0
2017-12-18,2555.0,2592.0,2525.0,2542.0,17313.0
2017-12-19,2546.0,2576.0,2519.0,2564.0,22553.0
2017-12-20,2559.0,2559.0,2493.0,2544.0,41167.0
2017-12-21,2547.0,2573.0,2480.0,2500.0,26968.0
2017-12-22,2495.0,2523.0,2470.0,2493.0,25512.0
2017-12-25,2509.0,2516.0,2486.0,2492.0,7528.0
2017-12-26,2501.0,2514.0,2435.0,2475.0,18652.0
2017-12-27,2489.0,2500.0,2451.0,2500.0,27247.0
2017-12-28,2496.0,2507.0,2450.0,2463.0,29157.0
2017-12-29,2458.0,2507.0,2441.0,2499.0,16956.0
2018-01-03,2505.0,2538.0,2480.0,2510.0,14221.0
2018-01-04,2509.0,2529.0,2489.0,2497.0,17754.0
2018-01-05,2496.0,2505.0,2482.0,2494.0,12485.0
2018-01-09,2504.0,2527.0,2489.0,2519.0,24804.0
2018-01-10,2511.0,2547.0,2500.0,2530.0,20776.0
2018-01-11,2535.0,2550.0,2515.0,2542.0,32366.0
2018-01-12,2538.0,2563.0,2524.0,2544.0,23263.0
2018-01-15,2552.0,2564.0,2516.0,2538.0,18340.0
2018-01-16,2537.0,2543.0,2515.0,2539.0,31300.0
2018-01-17,2525.0,2549.0,2501.0,2540.0,33684.0
2018-01-18,2541.0,2557.0,2502.0,2535.0,37728.0
2018-01-19,2535.0,2550.0,2511.0,2547.0,18470.0
2018-01-22,2549.0,2564.0,2537.0,2564.0,32049.0
2018-01-23,2555.0,2574.0,2543.0,2543.0,32345.0
2018-01-24,2545.0,2559.0,2526.0,2530.0,18127.0
2018-01-25,2539.0,2543.0,2502.0,2505.0,21271.0
2018-01-26,2508.0,2537.0,2469.0,2491.0,21737.0
2018-01-29,2480.0,2500.0,2463.0,2483.0,14698.0
2018-01-30,2473.0,2501.0,2447.0,2470.0,15521.0
2018-01-31,2475.0,2475.0,2446.0,2450.0,15240.0
2018-02-01,2453.0,2473.0,2451.0,2465.0,17364.0
2018-02-02,2465.0,2475.0,2383.0,2400.0,42284.0
2018-02-05,2393.0,2403.0,2263.0,2380.0,45942.0
2018-02-06,2282.0,2380.0,2281.0,2321.0,48670.0
2018-02-07,2339.0,2382.0,2321.0,2372.0,24104.0
2018-02-08,2377.0,2403.0,2344.0,2355.0,27151.0
2018-02-09,2343.0,2435.0,2322.0,2420.0,40784.0
2018-02-12,2420.0,2434.0,2384.0,2405.0,21147.0
2018-02-13,2408.0,2465.0,2395.0,2445.0,43855.0
2018-02-14,2457.0,2457.0,2401.0,2416.0,29409.0
2018-02-15,2423.0,2478.0,2400.0,2459.0,46181.0
2018-02-16,2469.0,2514.0,2469.0,2489.0,46684.0
2018-02-19,2490.0,2504.0,2464.0,2495.0,12434.0
2018-02-20,2482.0,2489.0,2450.0,2459.0,10304.0
2018-02-21,2459.0,2464.0,2440.0,2464.0,14726.0
2018-02-22,2451.0,2458.0,2433.0,2444.0,11730.0
2018-02-26,2450.0,2492.0,2436.0,2480.0,29163.0
2018-02-27,2499.0,2503.0,2338.0,2459.0,35500.0
2018-02-28,2459.0,2473.0,2380.0,2397.0,27407.0
2018-03-01,2397.0,2427.0,2385.0,2422.0,20563.0
2018-03-02,2415.0,2437.0,2385.0,2406.0,17265.0
2018-03-05,2398.0,2456.0,2398.0,2428.0,18610.0
2018-03-06,2442.0,2459.0,2420.0,2459.0,19082.0
2018-03-07,2460.0,2491.0,2425.0,2491.0,34610.0
2018-03-09,2471.0,2484.0,2439.0,2440.0,10751.0
2018-03-12,2437.0,2465.0,2427.0,2435.0,15920.0
2018-03-13,2435.0,2448.0,2398.0,2428.0,23907.0
2018-03-14,2425.0,2429.0,2390.0,2402.0,22094.0
2018-03-15,2392.0,2408.0,2351.0,2394.0,49687.0
2018-03-16,2391.0,2395.0,2353.0,2357.0,34568.0
2018-03-19,2376.0,2389.0,2338.0,2385.0,13628.0
2018-03-20,2379.0,2383.0,2332.0,2340.0,41471.0
2018-03-21,2339.0,2355.0,2275.0,2300.0,56116.0
2018-03-22,2300.0,2300.0,2241.0,2262.0,47664.0
2018-03-23,2249.0,2290.0,2225.0,2271.0,35186.0
2018-03-26,2284.0,2300.0,2232.0,2267.0,28137.0
2018-03-27,2255.0,2289.0,2241.0,2266.0,13874.0
2018-03-28,2259.0,2297.0,2250.0,2294.0,39246.0
2018-03-29,2294.0,2338.0,2282.0,2338.0,18988.0
2018-03-30,2337.0,2361.0,2311.0,2317.0,12151.0
2018-04-02,2318.0,2361.0,2314.0,2344.0,8267.0
2018-04-03,2344.0,2349.0,2318.0,2329.0,18006.0
2018-04-04,2325.0,2344.0,2304.0,2341.0,26113.0
2018-04-05,2343.0,2375.0,2335.0,2350.0,20478.0
2018-04-06,2346.0,2382.0,2341.0,2354.0,17723.0
2018-04-09,2355.0,2359.0,2151.0,2267.0,145063.0
2018-04-10,2252.0,2394.0,2217.0,2386.0,108773.0
2018-04-11,2336.0,2448.0,2335.0,2390.0,93301.0
2018-04-12,2398.0,2456.0,2344.0,2405.0,67167.0
2018-04-13,2430.0,2479.0,2425.0,2470.0,44742.0
2018-04-16,2449.0,2498.0,2409.0,2454.0,22431.0
2018-04-17,2450.0,2486.0,2422.0,2431.0,37398.0
2018-04-18,2429.0,2462.0,2385.0,2410.0,32115.0
2018-04-19,2407.0,2422.0,2351.0,2375.0,22668.0
2018-04-20,2363.0,2398.0,2359.0,2397.0,9535.0
2018-04-23,2386.0,2460.0,2376.0,2441.0,24296.0
2018-04-24,2437.0,2444.0,2383.0,2402.0,11232.0
2018-04-25,2382.0,2436.0,2365.0,2422.0,11860.0
2018-04-26,2422.0,2480.0,2416.0,2460.0,27021.0
2018-04-27,2468.0,2478.0,2442.0,2476.0,16768.0
2018-04-28,2477.0,2483.0,2450.0,2462.0,2197.0
2018-04-30,2463.0,2504.0,2453.0,2500.0,12246.0
2018-05-02,2487.0,2523.0,2461.0,2522.0,15877.0
2018-05-03,2516.0,2522.0,2476.0,2476.0,7271.0
2018-05-04,2492.0,2509.0,2453.0,2490.0,14564.0
2018-05-07,2483.0,2500.0,2473.0,2475.0,11546.0
2018-05-08,2475.0,2488.0,2430.0,2487.0,18129.0
2018-05-10,2481.0,2505.0,2446.0,2446.0,36366.0
2018-05-11,2457.0,2486.0,2430.0,2430.0,10996.0
2018-05-14,2441.0,2471.0,2419.0,2451.0,14990.0
2018-05-15,2442.0,2461.0,2417.0,2427.0,14678.0
2018-05-16,2428.0,2466.0,2402.0,2420.0,25470.0
2018-05-17,2425.0,2437.0,2401.0,2423.0,20835.0
2018-05-18,2414.0,2422.0,2403.0,2410.0,22469.0
2018-05-21,2418.0,2433.0,2393.0,2406.0,24999.0
2018-05-22,2413.0,2413.0,2271.0,2313.0,118201.0
2018-05-23,2313.0,2316.0,2269.0,2301.0,60035.0
2018-05-24,2302.0,2332.0,2286.0,2332.0,24128.0
2018-05-25,2331.0,2353.0,2301.0,2329.0,40579.0
2018-05-28,2339.0,2375.0,2338.0,2370.0,16861.0
2018-05-29,2373.0,2382.0,2336.0,2347.0,37114.0
2018-05-30,2351.0,2445.0,2320.0,2320.0,89927.0
2018-05-31,2333.0,2360.0,2302.0,2322.0,26578.0
2018-06-01,2335.0,2338.0,2315.0,2331.0,8985.0
2018-06-04,2341.0,2351.0,2327.0,2345.0,14288.0
2018-06-05,2344.0,2359.0,2316.0,2328.0,20513.0
2018-06-06,2317.0,2338.0,2303.0,2319.0,22493.0
2018-06-07,2319.0,2322.0,2266.0,2306.0,19129.0
2018-06-08,2302.0,2316.0,2289.0,2300.0,61696.0
2018-06-09,2313.0,2316.0,2291.0,2300.0,4437.0
2018-06-11,2294.0,2315.0,2288.0,2315.0,6158.0
2018-06-13,2314.0,2333.0,2310.0,2322.0,13887.0
2018-06-14,2314.0,2323.0,2288.0,2298.0,35909.0
2018-06-15,2296.0,2332.0,2291.0,2296.0,40567.0
2018-06-18,2299.0,2299.0,2259.0,2295.0,30680.0
2018-06-19,2297.0,2315.0,2263.0,2315.0,39347.0
2018-06-20,2308.0,2330.0,2262.0,2285.0,32650.0
2018-06-21,2288.0,2298.0,2270.0,2286.0,22202.0
2018-06-22,2280.0,2316.0,2269.0,2291.0,28642.0
2018-06-25,2301.0,2336.0,2288.0,2303.0,19095.0
2018-06-26,2308.0,2333.0,2271.0,2293.0,17212.0
2018-06-27,2300.0,2304.0,2250.0,2264.0,33899.0
2018-06-28,2269.0,2292.0,2257.0,2280.0,17777.0
2018-06-29,2284.0,2291.0,2264.0,2270.0,13251.0
2018-07-02,2275.0,2290.0,2271.0,2290.0,12215.0
2018-07-03,2282.0,2289.0,2260.0,2272.0,11800.0
2018-07-04,2272.0,2293.0,2266.0,2268.0,8789.0
2018-07-05,2275.0,2291.0,2267.0,2277.0,11593.0
2018-07-06,2277.0,2346.0,2268.0,2320.0,31905.0
2018-07-09,2320.0,2372.0,2316.0,2359.0,29539.0
2018-07-10,2363.0,2390.0,2347.0,2349.0,15374.0
2018-07-11,2345.0,2393.0,2282.0,2325.0,50543.0
2018-07-12,2314.0,2321.0,2277.0,2290.0,15825.0
2018-07-13,2309.0,2335.0,2291.0,2326.0,23241.0
2018-07-16,2318.0,2335.0,2295.0,2310.0,18821.0
2018-07-17,2310.0,2342.0,2285.0,2318.0,22218.0
2018-07-18,2333.0,2367.0,2333.0,2343.0,21215.0
2018-07-19,2334.0,2363.0,2315.0,2328.0,39786.0
2018-07-20,2303.0,2368.0,2286.0,2300.0,31769.0
2018-07-23,2303.0,2337.0,2291.0,2303.0,16114.0
2018-07-24,2294.0,2315.0,2281.0,2286.0,15930.0
2018-07-25,2291.0,2302.0,2270.0,2276.0,15991.0
2018-07-26,2279.0,2288.0,2261.0,2266.0,19737.0
2018-07-27,2278.0,2285.0,2258.0,2262.0,30450.0
2018-07-30,2260.0,2277.0,2253.0,2272.0,17464.0
2018-07-31,2264.0,2295.0,2257.0,2284.0,17131.0
2018-08-01,2294.0,2304.0,2271.0,2293.0,11350.0
2018-08-02,2290.0,2303.0,2277.0,2290.0,12477.0
2018-08-03,2280.0,2310.0,2276.0,2288.0,12853.0
2018-08-06,2284.0,2310.0,2265.0,2280.0,14477.0
2018-08-07,2277.0,2289.0,2261.0,2263.0,14215.0
2018-08-08,2265.0,2300.0,2260.0,2293.0,23450.0
2018-08-09,2299.0,2323.0,2264.0,2302.0,36307.0
2018-08-10,2274.0,2300.0,2245.0,2298.0,34349.0
2018-08-13,2278.0,2290.0,2255.0,2282.0,28945.0
2018-08-14,2290.0,2290.0,2261.0,2271.0,16373.0
2018-08-15,2268.0,2337.0,2264.0,2314.0,43817.0
2018-08-16,2317.0,2337.0,2314.0,2319.0,13796.0
2018-08-17,2317.0,2335.0,2304.0,2325.0,12285.0
2018-08-20,2338.0,2354.0,2330.0,2347.0,16845.0
2018-08-21,2347.0,2405.0,2334.0,2374.0,32693.0
2018-08-22,2387.0,2414.0,2350.0,2360.0,27584.0
2018-08-23,2372.0,2447.0,2371.0,2412.0,45992.0
2018-08-24,2422.0,2460.0,2409.0,2425.0,48506.0
2018-08-27,2411.0,2508.0,2387.0,2470.0,100729.0
2018-08-28,2470.0,2536.0,2463.0,2531.0,65847.0
2018-08-29,2544.0,2640.0,2535.0,2640.0,61426.0
2018-08-30,2640.0,2683.0,2603.0,2650.0,43262.0
2018-08-31,2642.0,2642.0,2540.0,2609.0,46443.0
2018-09-03,2609.0,2619.0,2561.0,2599.0,35929.0
2018-09-04,2582.0,2612.0,2562.0,2583.0,44483.0
2018-09-05,2569.0,2591.0,2556.0,2589.0,44908.0
2018-09-06,2591.0,2593.0,2541.0,2585.0,49537.0
2018-09-07,2585.0,2673.0,2569.0,2639.0,67595.0
2018-09-10,2648.0,2710.0,2612.0,2708.0,74146.0
2018-09-11,2703.0,2733.0,2650.0,2689.0,69833.0
2018-09-12,2701.0,2706.0,2650.0,2659.0,27148.0
2018-09-13,2670.0,2671.0,2600.0,2605.0,30136.0
2018-09-14,2612.0,2668.0,2595.0,2649.0,31494.0
2018-09-17,2655.0,2668.0,2610.0,2651.0,27885.0
2018-09-18,2658.0,2703.0,2627.0,2650.0,110634.0
2018-09-19,2668.0,2668.0,2622.0,2638.0,35559.0
2018-09-20,2638.0,2720.0,2629.0,2690.0,151820.0
2018-09-21,2689.0,2704.0,2603.0,2603.0,165888.0
2018-09-24,2625.0,2647.0,2556.0,2573.0,48679.0
2018-09-25,2580.0,2600.0,2541.0,2548.0,32883.0
2018-09-26,2558.0,2589.0,2513.0,2529.0,42515.0
2018-09-27,2520.0,2555.0,2511.0,2525.0,19989.0
2018-09-28,2530.0,2536.0,2481.0,2517.0,29829.0
2018-10-01,2524.0,2575.0,2512.0,2550.0,29645.0
2018-10-02,2569.0,2589.0,2543.0,2546.0,17758.0
2018-10-03,2566.0,2637.0,2538.0,2623.0,64076.0
2018-10-04,2621.0,2670.0,2586.0,2657.0,58183.0
2018-10-05,2670.0,2689.0,2621.0,2630.0,18077.0
2018-10-08,2646.0,2666.0,2588.0,2615.0,23975.0
2018-10-09,2624.0,2640.0,2552.0,2555.0,34810.0
2018-10-10,2554.0,2571.0,2472.0,2493.0,64376.0
2018-10-11,2441.0,2465.0,2368.0,2443.0,56773.0
2018-10-12,2475.0,2493.0,2455.0,2463.0,14756.0
2018-10-15,2475.0,2475.0,2427.0,2457.0,8307.0
2018-10-16,2469.0,2499.0,2446.0,2473.0,31566.0
2018-10-17,2496.0,2533.0,2425.0,2446.0,31463.0
2018-10-18,2450.0,2492.0,2430.0,2449.0,44858.0
2018-10-19,2462.0,2481.0,2419.0,2436.0,45286.0
2018-10-22,2436.0,2474.0,2410.0,2418.0,27325.0
2018-10-23,2405.0,2444.0,2372.0,2441.0,44641.0
2018-10-24,2442.0,2470.0,2402.0,2426.0,63470.0
2018-10-25,2400.0,2428.0,2373.0,2412.0,36523.0
2018-10-26,2424.0,2427.0,2365.0,2391.0,33931.0
2018-10-29,2379.0,2434.0,2370.0,2424.0,12716.0
2018-10-30,2420.0,2439.0,2370.0,2390.0,26233.0
2018-10-31,2404.0,2475.0,2404.0,2470.0,39120.0
2018-11-01,2460.0,2496.0,2424.0,2480.0,28123.0
2018-11-02,2478.0,2539.0,2478.0,2509.0,17669.0
2018-11-06,2500.0,2541.0,2500.0,2527.0,26001.0
2018-11-07,2518.0,2542.0,2475.0,2532.0,23061.0
2018-11-08,2540.0,2552.0,2510.0,2520.0,12981.0
2018-11-09,2510.0,2520.0,2477.0,2492.0,22288.0
2018-11-12,2510.0,2522.0,2464.0,2471.0,31995.0
2018-11-13,2471.0,2533.0,2468.0,2504.0,26347.0
2018-11-14,2515.0,2522.0,2475.0,2512.0,38307.0
2018-11-15,2503.0,2523.0,2490.0,2492.0,14360.0
2018-11-16,2505.0,2520.0,2470.0,2500.0,26027.0
2018-11-19,2514.0,2517.0,2483.0,2497.0,27089.0
2018-11-20,2487.0,2530.0,2473.0,2478.0,74083.0
2018-11-21,2490.0,2533.0,2363.0,2458.0,123901.0
2018-11-22,2470.0,2472.0,2445.0,2450.0,35481.0
2018-11-23,2454.0,2485.0,2442.0,2483.0,33750.0
2018-11-26,2476.0,2518.0,2433.0,2487.0,70400.0
2018-11-27,2489.0,2564.0,2488.0,2549.0,55522.0
2018-11-28,2537.0,2599.0,2537.0,2585.0,42258.0
2018-11-29,2594.0,2639.0,2584.0,2598.0,47469.0
2018-11-30,2582.0,2623.0,2532.0,2593.0,42589.0
2018-12-03,2587.0,2597.0,2568.0,2589.0,18517.0
2018-12-04,2594.0,2599.0,2552.0,2567.0,32177.0
2018-12-05,2554.0,2581.0,2535.0,2577.0,20570.0
2018-12-06,2580.0,2580.0,2540.0,2560.0,12705.0
2018-12-07,2568.0,2577.0,2494.0,2510.0,52142.0
2018-12-10,2510.0,2530.0,2485.0,2490.0,18132.0
2018-12-11,2493.0,2512.0,2467.0,2501.0,42867.0
2018-12-12,2505.0,2518.0,2482.0,2503.0,34430.0
2018-12-13,2504.0,2507.0,2456.0,2469.0,32818.0
2018-12-14,2469.0,2485.0,2448.0,2475.0,79692.0
2018-12-17,2468.0,2490.0,2439.0,2453.0,29884.0
2018-12-18,2450.0,2459.0,2439.0,2459.0,53133.0
2018-12-19,2463.0,2520.0,2461.0,2490.0,72131.0
2018-12-20,2485.0,2490.0,2429.0,2458.0,95299.0
2018-12-21,2452.0,2486.0,2434.0,2486.0,78825.0
2018-12-24,2484.0,2488.0,2429.0,2438.0,28724.0
2018-12-25,2430.0,2474.0,2386.0,2467.0,25196.0
2018-12-26,2465.0,2521.0,2462.0,2520.0,13558.0
2018-12-27,2519.0,2542.0,2500.0,2525.0,31528.0
2018-12-28,2525.0,2555.0,2516.0,2535.0,25036.0
2018-12-29,2549.0,2561.0,2530.0,2546.0,5476.0
2019-01-03,2531.0,2555.0,2512.0,2533.0,22123.0
2019-01-04,2549.0,2549.0,2518.0,2542.0,9698.0
2019-01-08,2543.0,2554.0,2492.0,2514.0,12670.0
2019-01-09,2519.0,2542.0,2507.0,2521.0,13831.0
2019-01-10,2526.0,2528.0,2501.0,2514.0,30307.0
2019-01-11,2508.0,2531.0,2508.0,2519.0,13970.0
2019-01-14,2526.0,2559.0,2505.0,2555.0,32180.0
2019-01-15,2558.0,2580.0,2555.0,2572.0,24745.0
2019-01-16,2577.0,2591.0,2552.0,2566.0,39100.0
2019-01-17,2580.0,2583.0,2554.0,2570.0,23487.0
2019-01-18,2565.0,2578.0,2560.0,2560.0,22710.0
2019-01-21,2568.0,2580.0,2559.0,2580.0,22029.0
2019-01-22,2580.0,2584.0,2560.0,2568.0,21980.0
2019-01-23,2568.0,2577.0,2566.0,2577.0,15130.0
2019-01-24,2579.0,2586.0,2548.0,2553.0,37705.0
2019-01-25,2568.0,2574.0,2556.0,2573.0,22714.0
2019-01-28,2576.0,2581.0,2568.0,2579.0,18043.0
2019-01-29,2581.0,2584.0,2572.0,2580.0,22298.0
2019-01-30,2580.0,2587.0,2574.0,2582.0,28048.0
2019-01-31,2585.0,2586.0,2575.0,2583.0,59573.0
2019-02-01,2524.0,2549.0,2515.0,2529.0,53504.0
2019-02-04,2527.0,2545.0,2505.0,2518.0,38357.0
2019-02-05,2512.0,2530.0,2512.0,2528.0,29387.0
2019-02-06,2525.0,2529.0,2512.0,2525.0,21783.0
2019-02-07,2512.0,2523.0,2491.0,2518.0,39542.0
2019-02-08,2512.0,2518.0,2500.0,2509.0,13652.0
2019-02-11,2517.0,2519.0,2496.0,2509.0,24467.0
2019-02-12,2509.0,2513.0,2497.0,2500.0,28347.0
2019-02-13,2500.0,2502.0,2471.0,2471.0,35827.0
2019-02-14,2468.0,2525.0,2463.0,2521.0,41824.0
2019-02-15,2522.0,2522.0,2505.0,2508.0,60280.0
2019-02-18,2501.0,2517.0,2484.0,2503.0,13594.0
2019-02-19,2510.0,2510.0,2484.0,2494.0,26156.0
2019-02-20,2502.0,2529.0,2485.0,2529.0,51728.0
2019-02-21,2530.0,2535.0,2508.0,2525.0,36007.0
2019-02-22,2528.0,2534.0,2516.0,2530.0,33055.0
2019-02-25,2530.0,2540.0,2519.0,2540.0,12335.0
2019-02-26,2531.0,2560.0,2530.0,2560.0,33582.0
2019-02-27,2565.0,2565.0,2540.0,2553.0,29892.0
2019-02-28,2547.0,2559.0,2532.0,2555.0,47331.0
2019-03-01,2541.0,2553.0,2496.0,2508.0,33163.0
2019-03-04,2505.0,2535.0,2484.0,2531.0,31598.0
2019-03-05,2526.0,2565.0,2518.0,2526.0,23584.0
2019-03-06,2540.0,2557.0,2525.0,2531.0,13134.0
2019-03-07,2538.0,2554.0,2524.0,2554.0,28209.0
2019-03-11,2555.0,2562.0,2477.0,2503.0,80206.0
2019-03-12,2511.0,2513.0,2484.0,2491.0,21878.0
2019-03-13,2499.0,2504.0,2473.0,2500.0,42904.0
2019-03-14,2500.0,2502.0,2478.0,2495.0,25566.0
2019-03-15,2489.0,2498.0,2477.0,2487.0,43964.0
2019-03-18,2494.0,2495.0,2450.0,2461.0,39698.0
2019-03-19,2459.0,2471.0,2457.0,2460.0,13699.0
2019-03-20,2467.0,2467.0,2428.0,2442.0,42550.0
2019-03-21,2440.0,2454.0,2390.0,2405.0,90213.0
2019-03-22,2415.0,2415.0,2384.0,2395.0,37057.0
2019-03-25,2404.0,2404.0,2353.0,2363.0,44400.0
2019-03-26,2364.0,2380.0,2350.0,2374.0,20572.0
2019-03-27,2377.0,2385.0,2354.0,2354.0,11661.0
2019-03-28,2351.0,2375.0,2333.0,2363.0,20941.0
2019-03-29,2363.0,2411.0,2361.0,2393.0,29048.0
2019-04-01,2400.0,2439.0,2362.0,2394.0,98067.0
2019-04-02,2395.0,2411.0,2367.0,2397.0,20743.0
2019-04-03,2402.0,2411.0,2370.0,2376.0,30029.0
2019-04-04,2384.0,2394.0,2362.0,2387.0,26750.0
2019-04-05,2387.0,2407.0,2375.0,2405.0,14259.0
2019-04-08,2407.0,2412.0,2376.0,2379.0,18893.0
2019-04-09,2378.0,2393.0,2356.0,2372.0,30833.0
2019-04-10,2378.0,2382.0,2348.0,2374.0,22144.0
2019-04-11,2368.0,2372.0,2351.0,2362.0,13943.0
2019-04-12,2362.0,2377.0,2356.0,2357.0,9888.0
2019-04-15,2360.0,2366.0,2346.0,2351.0,12944.0
2019-04-16,2359.0,2395.0,2344.0,2387.0,40060.0
2019-04-17,2395.0,2399.0,2351.0,2389.0,36430.0
2019-04-18,2388.0,2390.0,2362.0,2377.0,8345.0
2019-04-19,2388.0,2390.0,2375.0,2385.0,1431.0
2019-04-22,2388.0,2398.0,2375.0,2380.0,5467.0
2019-04-23,2387.0,2390.0,2380.0,2389.0,6734.0
2019-04-24,2381.0,2390.0,2364.0,2381.0,12184.0
2019-04-25,2385.0,2395.0,2369.0,2383.0,12754.0
2019-04-26,2386.0,2396.0,2365.0,2371.0,9722.0
2019-04-29,2369.0,2390.0,2357.0,2363.0,16885.0
2019-04-30,2361.0,2371.0,2349.0,2363.0,23409.0
2019-05-02,2366.0,2370.0,2351.0,2370.0,11941.0
2019-05-03,2369.0,2385.0,2360.0,2369.0,20207.0
2019-05-06,2372.0,2379.0,2354.0,2370.0,12385.0
2019-05-07,2370.0,2375.0,2330.0,2339.0,40339.0
2019-05-08,2336.0,2359.0,2315.0,2325.0,23482.0
2019-05-10,2333.0,2345.0,2278.0,2278.0,23741.0
2019-05-13,2297.0,2348.0,2278.0,2324.0,63258.0
2019-05-14,2323.0,2348.0,2299.0,2315.0,43808.0
2019-05-15,2301.0,2315.0,2285.0,2287.0,29350.0
2019-05-16,2311.0,2332.0,2286.0,2301.0,104795.0
2019-05-17,2313.0,2350.0,2302.0,2340.0,65245.0
2019-05-20,2351.0,2373.0,2344.0,2354.0,38315.0
2019-05-21,2350.0,2363.0,2322.0,2332.0,53518.0
2019-05-22,2330.0,2351.0,2325.0,2345.0,18635.0
2019-05-23,2349.0,2364.0,2346.0,2363.0,32338.0
2019-05-24,2363.0,2382.0,2357.0,2372.0,36715.0
2019-05-27,2379.0,2385.0,2365.0,2373.0,17575.0
2019-05-28,2374.0,2386.0,2370.0,2383.0,28893.0
2019-05-29,2388.0,2435.0,2378.0,2425.0,91105.0
2019-05-30,2427.0,2455.0,2423.0,2455.0,35847.0
2019-05-31,2454.0,2479.0,2444.0,2469.0,37456.0
2019-06-03,2473.0,2488.0,2460.0,2478.0,39499.0
2019-06-04,2475.0,2479.0,2431.0,2452.0,78066.0
2019-06-05,2444.0,2462.0,2422.0,2451.0,35353.0
2019-06-06,2451.0,2464.0,2439.0,2448.0,40756.0
2019-06-07,2405.0,2415.0,2403.0,2405.0,44499.0
2019-06-10,2409.0,2414.0,2387.0,2399.0,27730.0
2019-06-11,2400.0,2446.0,2390.0,2423.0,71341.0
2019-06-13,2433.0,2451.0,2424.0,2451.0,40268.0
2019-06-14,2444.0,2451.0,2413.0,2439.0,39416.0
2019-06-17,2439.0,2441.0,2404.0,2426.0,41396.0
2019-06-18,2429.0,2453.0,2416.0,2448.0,37308.0
2019-06-19,2450.0,2465.0,2430.0,2448.0,100731.0
2019-06-20,2440.0,2460.0,2432.0,2455.0,99817.0
2019-06-21,2442.0,2463.0,2430.0,2460.0,84183.0
2019-06-24,2455.0,2464.0,2440.0,2457.0,98978.0
2019-06-25,2451.0,2488.0,2433.0,2485.0,58146.0
2019-06-26,2476.0,2503.0,2457.0,2499.0,26480.0
2019-06-27,2509.0,2550.0,2497.0,2540.0,40284.0
2019-06-28,2531.0,2550.0,2473.0,2484.0,55288.0
2019-07-01,2481.0,2497.0,2471.0,2476.0,74851.0
2019-07-02,2480.0,2493.0,2467.0,2492.0,31811.0
2019-07-03,2489.0,2491.0,2468.0,2481.0,33492.0
2019-07-04,2487.0,2502.0,2476.0,2485.0,33708.0
2019-07-05,2485.0,2520.0,2476.0,2482.0,80674.0
2019-07-08,2488.0,2510.0,2482.0,2501.0,66711.0
2019-07-09,2442.0,2453.0,2433.0,2436.0,41280.0
2019-07-10,2435.0,2435.0,2400.0,2403.0,44176.0
2019-07-11,2411.0,2411.0,2358.0,2360.0,49802.0
2019-07-12,2367.0,2399.0,2359.0,2388.0,23531.0
2019-07-15,2398.0,2407.0,2384.0,2407.0,37842.0
2019-07-16,2407.0,2423.0,2385.0,2396.0,29470.0
2019-07-17,2402.0,2416.0,2356.0,2360.0,33659.0
2019-07-18,2369.0,2377.0,2351.0,2358.0,24618.0
2019-07-19,2363.0,2373.0,2353.0,2364.0,31200.0
2019-07-22,2378.0,2380.0,2358.0,2374.0,24318.0
2019-07-23,2380.0,2403.0,2379.0,2387.0,26414.0
2019-07-24,2395.0,2395.0,2375.0,2383.0,17225.0
2019-07-25,2381.0,2392.0,2360.0,2380.0,32125.0
2019-07-26,2384.0,2384.0,2358.0,2367.0,45215.0
2019-07-29,2376.0,2379.0,2347.0,2366.0,27507.0
2019-07-30,2371.0,2377.0,2362.0,2376.0,20262.0
2019-07-31,2372.0,2381.0,2359.0,2377.0,40541.0
2019-08-01,2371.0,2399.0,2366.0,2385.0,31264.0
2019-08-02,2375.0,2420.0,2369.0,2406.0,55709.0
2019-08-05,2413.0,2414.0,2373.0,2395.0,94192.0
2019-08-06,2397.0,2434.0,2383.0,2434.0,34060.0
2019-08-07,2427.0,2438.0,2389.0,2438.0,43137.0
2019-08-08,2439.0,2484.0,2426.0,2484.0,63453.0
2019-08-09,2471.0,2510.0,2467.0,2510.0,66118.0
2019-08-12,2500.0,2523.0,2491.0,2500.0,34418.0
2019-08-13,2492.0,2504.0,2468.0,2482.0,42397.0
2019-08-14,2480.0,2513.0,2469.0,2506.0,72365.0
2019-08-15,2507.0,2529.0,2493.0,2514.0,60903.0
2019-08-16,2530.0,2532.0,2506.0,2521.0,34230.0
2019-08-19,2530.0,2539.0,2515.0,2515.0,31831.0
2019-08-20,2527.0,2531.0,2479.0,2485.0,22986.0
2019-08-21,2486.0,2489.0,2436.0,2440.0,21139.0
2019-08-22,2443.0,2445.0,2409.0,2427.0,44121.0
2019-08-23,2426.0,2448.0,2418.0,2425.0,44663.0
2019-08-26,2425.0,2497.0,2420.0,2480.0,22585.0
2019-08-27,2481.0,2501.0,2444.0,2462.0,32842.0
2019-08-28,2470.0,2491.0,2470.0,2475.0,29119.0
2019-08-29,2490.0,2525.0,2481.0,2512.0,51563.0
2019-08-30,2525.0,2561.0,2523.0,2548.0,55620.0
2019-09-02,2550.0,2591.0,2540.0,2556.0,48933.0
2019-09-03,2568.0,2579.0,2517.0,2539.0,33294.0
2019-09-04,2548.0,2565.0,2506.0,2537.0,26096.0
2019-09-05,2548.0,2555.0,2519.0,2521.0,20075.0
2019-09-06,2521.0,2550.0,2520.0,2535.0,25249.0
2019-09-09,2547.0,2555.0,2534.0,2540.0,10468.0
2019-09-10,2540.0,2582.0,2535.0,2562.0,18047.0
2019-09-11,2577.0,2594.0,2569.0,2591.0,52759.0
2019-09-12,2591.0,2593.0,2550.0,2570.0,26169.0
2019-09-13,2565.0,2565.0,2540.0,2551.0,21884.0
2019-09-16,2540.0,2594.0,2538.0,2590.0,27979.0
2019-09-17,2590.0,2612.0,2573.0,2596.0,23458.0
2019-09-18,2595.0,2599.0,2565.0,2573.0,29609.0
2019-09-19,2588.0,2593.0,2554.0,2556.0,38823.0
2019-09-20,2554.0,2568.0,2511.0,2560.0,37651.0
2019-09-23,2542.0,2560.0,2505.0,2522.0,49962.0
2019-09-24,2523.0,2537.0,2455.0,2460.0,95389.0
2019-09-25,2473.0,2494.0,2442.0,2451.0,104900.0
2019-09-26,2462.0,2476.0,2441.0,2458.0,56232.0
2019-09-27,2463.0,2473.0,2451.0,2466.0,61191.0
2019-09-30,2469.0,2505.0,2465.0,2486.0,41855.0
2019-10-01,2498.0,2526.0,2480.0,2483.0,45192.0
2019-10-02,2477.0,2500.0,2476.0,2493.0,52969.0
2019-10-03,2497.0,2500.0,2465.0,2495.0,56716.0
2019-10-04,2497.0,2505.0,2462.0,2481.0,27375.0
2019-10-07,2482.0,2500.0,2467.0,2500.0,27340.0
2019-10-08,2500.0,2530.0,2499.0,2525.0,37868.0
2019-10-09,2534.0,2535.0,2514.0,2520.0,24911.0
2019-10-10,2511.0,2527.0,2497.0,2527.0,22833.0
2019-10-11,2525.0,2528.0,2493.0,2504.0,67137.0
2019-10-14,2462.0,2487.0,2459.0,2487.0,52748.0
2019-10-15,2477.0,2501.0,2475.0,2494.0,31396.0
2019-10-16,2498.0,2511.0,2489.0,2499.0,31371.0
2019-10-17,2506.0,2506.0,2486.0,2500.0,14420.0
2019-10-18,2494.0,2501.0,2480.0,2495.0,21944.0
2019-10-21,2495.0,2495.0,2456.0,2462.0,32956.0
2019-10-22,2462.0,2482.0,2447.0,2470.0,35310.0
2019-10-23,2461.0,2473.0,2445.0,2450.0,34027.0
2019-10-24,2448.0,2465.0,2435.0,2435.0,94915.0
2019-10-25,2435.0,2449.0,2405.0,2419.0,43105.0
2019-10-28,2420.0,2464.0,2413.0,2418.0,42679.0
2019-10-29,2418.0,2451.0,2418.0,2451.0,35467.0
2019-10-30,2445.0,2455.0,2421.0,2421.0,37309.0
2019-10-31,2425.0,2442.0,2418.0,2427.0,36551.0
2019-11-01,2427.0,2441.0,2419.0,2422.0,70755.0
2019-11-05,2447.0,2475.0,2424.0,2442.0,65495.0
2019-11-06,2448.0,2470.0,2440.0,2470.0,40314.0
2019-11-07,2471.0,2484.0,2457.0,2477.0,36709.0
2019-11-08,2471.0,2477.0,2452.0,2460.0,39674.0
2019-11-11,2465.0,2465.0,2441.0,2447.0,29135.0
2019-11-12,2453.0,2463.0,2442.0,2460.0,22538.0
2019-11-13,2449.0,2460.0,2434.0,2460.0,33080.0
2019-11-14,2463.0,2469.0,2441.0,2448.0,29756.0
2019-11-15,2449.0,2464.0,2433.0,2433.0,30907.0
2019-11-18,2446.0,2454.0,2427.0,2430.0,47441.0
2019-11-19,2440.0,2468.0,2423.0,2434.0,64039.0
2019-11-20,2431.0,2444.0,2421.0,2428.0,29618.0
2019-11-21,2430.0,2433.0,2407.0,2421.0,93756.0
2019-11-22,2417.0,2425.0,2401.0,2418.0,60191.0
2019-11-25,2415.0,2450.0,2403.0,2432.0,105064.0
2019-11-26,2440.0,2467.0,2436.0,2457.0,67583.0
2019-11-27,2462.0,2464.0,2429.0,2440.0,42114.0
2019-11-28,2440.0,2449.0,2410.0,2421.0,34734.0
2019-11-29,2422.0,2428.0,2403.0,2416.0,47413.0
2019-12-02,2424.0,2440.0,2398.0,2398.0,87713.0
2019-12-03,2400.0,2405.0,2376.0,2387.0,54500.0
2019-12-04,2387.0,2401.0,2363.0,2369.0,59486.0
2019-12-05,2370.0,2399.0,2355.0,2359.0,58065.0
2019-12-06,2368.0,2387.0,2360.0,2380.0,40158.0
2019-12-09,2385.0,2396.0,2374.0,2375.0,30596.0
2019-12-10,2376.0,2394.0,2340.0,2340.0,146035.0
2019-12-11,2350.0,2359.0,2334.0,2345.0,85170.0
2019-12-12,2350.0,2372.0,2340.0,2340.0,81215.0
2019-12-13,2350.0,2393.0,2350.0,2376.0,148593.0
2019-12-16,2381.0,2404.0,2379.0,2380.0,60373.0
2019-12-17,2399.0,2405.0,2383.0,2390.0,87873.0
2019-12-18,2391.0,2398.0,2381.0,2389.0,92631.0
2019-12-19,2387.0,2426.0,2382.0,2401.0,129960.0
2019-12-20,2398.0,2401.0,2366.0,2366.0,118836.0
2019-12-23,2375.0,2390.0,2367.0,2372.0,61353.0
2019-12-24,2372.0,2376.0,2363.0,2367.0,55697.0
2019-12-25,2366.0,2378.0,2363.0,2374.0,51436.0
2019-12-26,2370.0,2406.0,2365.0,2393.0,80273.0
2019-12-27,2395.0,2416.0,2384.0,2409.0,72234.0
2019-12-30,2409.0,2419.0,2397.0,2408.0,57123.0
2020-01-03,2410.0,2430.0,2400.0,2427.0,45385.0
2020-01-06,2425.0,2434.0,2411.0,2418.0,36040.0
2020-01-08,2410.0,2436.0,2404.0,2415.0,61190.0
2020-01-09,2420.0,2433.0,2403.0,2418.0,89119.0
2020-01-10,2423.0,2429.0,2410.0,2418.0,81881.0
2020-01-13,2427.0,2460.0,2422.0,2452.0,119585.0
2020-01-14,2457.0,2496.0,2456.0,2476.0,123698.0
2020-01-15,2480.0,2487.0,2455.0,2475.0,92147.0
2020-01-16,2485.0,2499.0,2462.0,2483.0,110139.0
2020-01-17,2498.0,2499.0,2479.0,2487.0,103566.0
2020-01-20,2490.0,2513.0,2486.0,2490.0,190953.0
2020-01-21,2497.0,2498.0,2475.0,2487.0,72473.0
2020-01-22,2490.0,2492.0,2463.0,2463.0,84999.0
2020-01-23,2452.0,2465.0,2441.0,2447.0,112558.0
2020-01-24,2456.0,2468.0,2447.0,2452.0,112031.0
2020-01-27,2451.0,2465.0,2425.0,2426.0,138846.0
2020-01-28,2428.0,2450.0,2407.0,2417.0,173835.0
2020-01-29,2428.0,2457.0,2422.0,2452.0,172323.0
2020-01-30,2451.0,2475.0,2445.0,2470.0,182565.0
2020-01-31,2474.0,2482.0,2459.0,2469.0,232992.0
2020-02-03,2421.0,2433.0,2404.0,2425.0,154688.0
2020-02-04,2430.0,2450.0,2417.0,2444.0,85713.0
2020-02-05,2440.0,2459.0,2426.0,2432.0,79456.0
2020-02-06,2442.0,2445.0,2418.0,2420.0,76393.0
2020-02-07,2423.0,2443.0,2415.0,2439.0,61771.0
2020-02-10,2439.0,2444.0,2426.0,2440.0,60871.0
2020-02-11,2445.0,2453.0,2435.0,2439.0,91042.0
2020-02-12,2434.0,2448.0,2424.0,2431.0,95186.0
2020-02-13,2429.0,2434.0,2414.0,2418.0,145140.0
2020-02-14,2420.0,2428.0,2409.0,2418.0,106367.0
2020-02-17,2422.0,2430.0,2416.0,2423.0,51490.0
2020-02-18,2421.0,2429.0,2414.0,2427.0,154185.0
2020-02-19,2425.0,2446.0,2420.0,2427.0,73473.0
2020-02-20,2437.0,2450.0,2431.0,2433.0,107160.0
2020-02-21,2405.0,2424.0,2350.0,2418.0,292385.0
2020-02-25,2397.0,2405.0,2385.0,2395.0,169584.0
2020-02-26,2382.0,2417.0,2367.0,2396.0,152059.0
2020-02-27,2371.0,2408.0,2350.0,2356.0,118550.0
2020-02-28,2348.0,2350.0,2255.0,2317.0,158803.0
2020-03-02,2322.0,2325.0,2251.0,2257.0,153891.0
2020-03-03,2289.0,2306.0,2262.0,2262.0,83187.0
2020-03-04,2257.0,2300.0,2232.0,2292.0,113132.0
2020-03-05,2302.0,2495.0,2220.0,2325.0,168412.0
2020-03-06,2291.0,2310.0,2265.0,2267.0,111303.0
2020-03-10,2220.0,2425.0,2206.0,2347.0,357811.0
2020-03-11,2386.0,2394.0,2306.0,2325.0,137260.0
2020-03-12,2297.0,2334.0,2166.0,2172.0,280355.0
2020-03-13,2201.0,2249.0,2072.0,2099.0,293920.0
2020-03-16,2110.0,2169.0,2013.0,2156.0,191976.0
2020-03-17,2125.0,2249.0,2084.0,2236.0,156295.0
2020-03-18,2207.0,2303.0,2149.0,2284.0,185857.0
2020-03-19,2262.0,2359.0,2200.0,2314.0,208281.0
2020-03-20,2336.0,2406.0,2302.0,2311.0,161672.0
2020-03-23,2299.0,2375.0,2225.0,2360.0,97350.0
2020-03-24,2365.0,2425.0,2360.0,2419.0,118323.0
2020-03-25,2422.0,2439.0,2355.0,2407.0,128363.0
2020-03-26,2409.0,2449.0,2362.0,2449.0,101670.0
2020-03-27,2430.0,2434.0,2361.0,2408.0,100945.0
2020-03-30,2397.0,2473.0,2380.0,2473.0,150637.0
2020-03-31,2470.0,2498.0,2442.0,2480.0,123691.0
2020-04-01,2465.0,2468.0,2414.0,2431.0,75408.0
2020-04-02,2455.0,2487.0,2439.0,2439.0,82083.0
2020-04-03,2472.0,2482.0,2425.0,2430.0,73590.0
2020-04-06,2455.0,2474.0,2434.0,2443.0,86089.0
2020-04-07,2455.0,2488.0,2447.0,2480.0,84782.0
2020-04-08,2467.0,2563.0,2458.0,2560.0,162900.0
2020-04-09,2579.0,2594.0,2515.0,2575.0,152518.0
2020-04-10,2586.0,2586.0,2536.0,2542.0,38975.0
2020-04-13,2546.0,2558.0,2518.0,2547.0,46181.0
2020-04-14,2557.0,2620.0,2548.0,2587.0,89073.0
2020-04-15,2589.0,2645.0,2561.0,2615.0,125015.0
2020-04-16,2625.0,2632.0,2575.0,2600.0,100394.0
2020-04-17,2609.0,2654.0,2600.0,2627.0,62793.0
2020-04-20,2619.0,2671.0,2612.0,2644.0,107842.0
2020-04-21,2638.0,2692.0,2598.0,2692.0,146867.0
2020-04-22,2708.0,2765.0,2698.0,2765.0,117573.0
2020-04-23,2752.0,2765.0,2702.0,2705.0,108205.0
2020-04-24,2703.0,2730.0,2656.0,2719.0,58178.0
2020-04-27,2724.0,2750.0,2719.0,2735.0,62539.0
2020-04-28,2730.0,2800.0,2730.0,2790.0,108780.0
2020-04-29,2793.0,2793.0,2749.0,2761.0,84059.0
2020-04-30,2752.0,2774.0,2693.0,2701.0,100423.0
2020-05-04,2700.0,2765.0,2640.0,2765.0,78831.0
2020-05-05,2769.0,2793.0,2712.0,2742.0,56097.0
2020-05-06,2736.0,2780.0,2710.0,2757.0,60038.0
2020-05-07,2756.0,2775.0,2723.0,2725.0,53137.0
2020-05-08,2738.0,2748.0,2717.0,2730.0,22514.0
2020-05-12,2730.0,2765.0,2720.0,2745.0,31014.0
2020-05-13,2735.0,2773.0,2723.0,2752.0,46816.0
2020-05-14,2777.0,2784.0,2718.0,2733.0,116856.0
2020-05-15,2743.0,2768.0,2724.0,2756.0,57722.0
2020-05-18,2772.0,2773.0,2722.0,2734.0,93412.0
2020-05-19,2734.0,2744.0,2707.0,2744.0,67210.0
2020-05-20,2734.0,2798.0,2721.0,2774.0,90556.0
2020-05-21,2774.0,2783.0,2736.0,2738.0,77589.0
2020-05-22,2738.0,2796.0,2738.0,2789.0,44151.0
2020-05-25,2785.0,2813.0,2760.0,2796.0,58603.0
2020-05-26,2795.0,2825.0,2783.0,2800.0,78883.0
2020-05-27,2801.0,2833.0,2797.0,2812.0,59433.0
2020-05-28,2821.0,2880.0,2817.0,2875.0,120494.0
2020-05-29,2861.0,2893.0,2785.0,2788.0,144714.0
2020-06-01,2787.0,2819.0,2724.0,2802.0,100070.0
2020-06-02,2817.0,2830.0,2787.0,2819.0,52574.0
2020-06-03,2819.0,2844.0,2778.0,2839.0,71246.0
2020-06-04,2826.0,2857.0,2782.0,2816.0,82308.0
2020-06-05,2816.0,2839.0,2782.0,2818.0,133655.0
2020-06-08,2814.0,2824.0,2764.0,2785.0,66638.0
2020-06-09,2802.0,2810.0,2783.0,2801.0,38460.0
2020-06-10,2801.0,2826.0,2786.0,2824.0,36733.0
2020-06-11,2794.0,2795.0,2748.0,2789.0,44965.0
2020-06-15,2775.0,2799.0,2724.0,2753.0,99128.0
2020-06-16,2762.0,2789.0,2740.0,2747.0,49647.0
2020-06-17,2767.0,2768.0,2680.0,2701.0,118916.0
2020-06-18,2705.0,2705.0,2627.0,2653.0,133551.0
2020-06-19,2671.0,2686.0,2645.0,2686.0,136553.0
2020-06-22,2680.0,2688.0,2646.0,2677.0,64289.0
2020-06-23,2682.0,2687.0,2631.0,2662.0,86884.0
2020-06-25,2647.0,2652.0,2598.0,2630.0,130395.0
2020-06-26,2650.0,2650.0,2602.0,2604.0,61661.0
2020-06-29,2604.0,2629.0,2602.0,2603.0,63875.0
2020-06-30,2612.0,2647.0,2611.0,2643.0,39349.0
2020-07-02,2651.0,2651.0,2606.0,2626.0,81400.0
2020-07-03,2575.0,2600.0,2559.0,2590.0,65537.0
2020-07-06,2602.0,2629.0,2592.0,2621.0,56581.0
2020-07-07,2604.0,2629.0,2593.0,2616.0,38960.0
2020-07-08,2613.0,2627.0,2601.0,2620.0,32586.0
2020-07-09,2619.0,2619.0,2593.0,2594.0,34123.0
2020-07-10,2590.0,2598.0,2562.0,2563.0,32086.0
2020-07-13,2588.0,2588.0,2543.0,2550.0,49516.0
2020-07-14,2526.0,2614.0,2518.0,2614.0,73714.0
2020-07-15,2603.0,2632.0,2595.0,2604.0,49656.0
2020-07-16,2612.0,2620.0,2597.0,2612.0,26382.0
2020-07-17,2618.0,2627.0,2583.0,2599.0,34384.0
2020-07-20,2600.0,2618.0,2586.0,2608.0,35092.0
2020-07-21,2613.0,2630.0,2586.0,2592.0,52918.0
2020-07-22,2593.0,2601.0,2566.0,2577.0,53142.0
2020-07-23,2579.0,2615.0,2576.0,2599.0,51187.0
2020-07-24,2595.0,2615.0,2571.0,2613.0,52312.0
2020-07-27,2618.0,2642.0,2604.0,2620.0,85715.0
2020-07-28,2625.0,2652.0,2610.0,2652.0,63333.0
2020-07-29,2650.0,2696.0,2629.0,2696.0,98038.0
2020-07-30,2700.0,2709.0,2656.0,2673.0,79539.0
2020-07-31,2699.0,2699.0,2670.0,2689.0,44474.0
2020-08-03,2689.0,2699.0,2643.0,2650.0,56174.0
2020-08-04,2664.0,2730.0,2638.0,2728.0,76848.0
2020-08-05,2719.0,2737.0,2703.0,2721.0,49987.0
2020-08-06,2715.0,2721.0,2685.0,2704.0,58615.0
2020-08-07,2704.0,2718.0,2676.0,2696.0,34463.0
2020-08-10,2696.0,2718.0,2683.0,2700.0,35805.0
2020-08-11,2701.0,2736.0,2701.0,2705.0,65242.0
2020-08-12,2730.0,2767.0,2711.0,2750.0,149899.0
2020-08-13,2746.0,2825.0,2741.0,2802.0,110083.0
2020-08-14,2816.0,2819.0,2770.0,2802.0,42716.0
2020-08-17,2822.0,2824.0,2765.0,2808.0,122762.0
2020-08-18,2810.0,2820.0,2786.0,2792.0,94937.0
2020-08-19,2800.0,2839.0,2788.0,2805.0,71090.0
2020-08-20,2811.0,2824.0,2781.0,2797.0,35985.0
2020-08-21,2804.0,2815.0,2752.0,2776.0,52176.0
2020-08-24,2788.0,2800.0,2752.0,2776.0,48372.0
2020-08-25,2777.0,2784.0,2743.0,2769.0,46357.0
2020-08-26,2766.0,2802.0,2765.0,2797.0,59157.0
2020-08-27,2805.0,2811.0,2745.0,2761.0,99125.0
2020-08-28,2751.0,2767.0,2701.0,2718.0,114493.0
2020-08-31,2719.0,2807.0,2719.0,2765.0,214087.0
2020-09-01,2792.0,2793.0,2713.0,2734.0,92918.0
2020-09-02,2726.0,2768.0,2701.0,2750.0,73666.0
2020-09-03,2752.0,2765.0,2724.0,2749.0,39336.0
2020-09-04,2748.0,2780.0,2735.0,2779.0,58249.0
2020-09-07,2767.0,2815.0,2671.0,2799.0,56503.0
2020-09-08,2805.0,2805.0,2730.0,2760.0,61171.0
2020-09-09,2760.0,2792.0,2741.0,2757.0,62187.0
2020-09-10,2756.0,2773.0,2725.0,2741.0,38539.0
2020-09-11,2740.0,2742.0,2716.0,2736.0,52001.0
2020-09-14,2738.0,2762.0,2731.0,2746.0,28741.0
2020-09-15,2751.0,2773.0,2734.0,2770.0,109006.0
2020-09-16,2749.0,2753.0,2720.0,2727.0,77833.0
2020-09-17,2719.0,2742.0,2704.0,2728.0,72026.0
2020-09-18,2739.0,2788.0,2715.0,2760.0,131603.0
2020-09-21,2769.0,2770.0,2706.0,2720.0,80001.0
2020-09-22,2718.0,2725.0,2671.0,2684.0,85243.0
2020-09-23,2698.0,2745.0,2679.0,2702.0,101526.0
2020-09-24,2697.0,2748.0,2689.0,2730.0,42268.0
2020-09-25,2740.0,2749.0,2716.0,2746.0,21287.0
2020-09-28,2745.0,2829.0,2745.0,2817.0,64152.0
2020-09-29,2827.0,2868.0,2809.0,2857.0,90617.0
2020-09-30,2868.0,2887.0,2845.0,2858.0,71793.0
2020-10-01,2864.0,2878.0,2821.0,2827.0,55722.0
2020-10-02,2823.0,2881.0,2801.0,2859.0,53810.0
2020-10-05,2878.0,2879.0,2837.0,2864.0,31443.0
2020-10-06,2852.0,2908.0,2852.0,2877.0,64273.0
2020-10-07,2888.0,2915.0,2840.0,2853.0,63536.0
2020-10-08,2869.0,2880.0,2855.0,2866.0,18291.0
2020-10-09,2867.0,2873.0,2828.0,2850.0,40132.0
2020-10-12,2845.0,2872.0,2845.0,2858.0,29011.0
2020-10-13,2854.0,2870.0,2820.0,2831.0,47848.0
2020-10-14,2828.0,2856.0,2804.0,2843.0,42617.0
2020-10-15,2838.0,2853.0,2776.0,2790.0,34980.0
2020-10-16,2801.0,2849.0,2773.0,2829.0,35447.0
2020-10-19,2836.0,2848.0,2787.0,2806.0,19277.0
2020-10-20,2792.0,2831.0,2778.0,2798.0,60696.0
2020-10-21,2800.0,2807.0,2755.0,2773.0,67164.0
2020-10-22,2775.0,2788.0,2733.0,2755.0,56994.0
2020-10-23,2751.0,2802.0,2744.0,2799.0,49566.0
2020-10-26,2799.0,2814.0,2752.0,2770.0,31964.0
2020-10-27,2776.0,2806.0,2766.0,2792.0,26341.0
2020-10-28,2799.0,2850.0,2782.0,2847.0,86292.0
2020-10-29,2851.0,2860.0,2792.0,2796.0,65071.0
2020-10-30,2799.0,2823.0,2726.0,2800.0,86852.0
2020-11-02,2802.0,2841.0,2771.0,2820.0,68035.0
2020-11-03,2836.0,2844.0,2796.0,2828.0,45284.0
2020-11-05,2835.0,2852.0,2800.0,2829.0,62732.0
2020-11-06,2840.0,2986.0,2838.0,2969.0,170899.0
2020-11-09,2987.0,3015.0,2944.0,2968.0,229585.0
2020-11-10,2980.0,3032.0,2962.0,3025.0,114363.0
2020-11-11,3001.0,3064.0,2950.0,3012.0,96853.0
2020-11-12,3024.0,3046.0,3007.0,3009.0,44674.0
2020-11-13,3020.0,3035.0,2992.0,3025.0,40228.0
2020-11-16,3035.0,3124.0,3016.0,3087.0,145058.0
2020-11-17,3101.0,3110.0,3063.0,3103.0,72256.0
2020-11-18,3096.0,3126.0,3085.0,3106.0,53481.0
2020-11-19,3094.0,3135.0,3069.0,3078.0,59032.0
2020-11-20,3075.0,3108.0,3059.0,3098.0,26210.0
2020-11-23,3106.0,3118.0,3061.0,3090.0,47019.0
2020-11-24,3070.0,3100.0,3045.0,3086.0,53479.0
2020-11-25,3063.0,3072.0,3022.0,3049.0,83993.0
2020-11-26,3043.0,3068.0,3032.0,3049.0,61266.0
2020-11-27,3049.0,3068.0,3030.0,3039.0,76855.0
2020-11-30,3039.0,3067.0,2988.0,3007.0,220038.0
2020-12-01,3026.0,3086.0,3009.0,3083.0,87116.0
2020-12-02,3092.0,3098.0,3057.0,3080.0,96641.0
2020-12-03,3080.0,3098.0,3050.0,3055.0,120328.0
2020-12-04,3074.0,3074.0,3022.0,3045.0,69413.0
2020-12-07,3049.0,3089.0,3041.0,3071.0,76732.0
2020-12-08,3089.0,3089.0,3034.0,3070.0,81529.0
2020-12-09,3073.0,3085.0,3046.0,3072.0,67142.0
2020-12-10,3075.0,3103.0,3050.0,3071.0,79601.0
2020-12-11,3075.0,3075.0,3033.0,3065.0,75040.0
2020-12-14,3070.0,3085.0,3046.0,3058.0,105544.0
2020-12-15,3086.0,3150.0,3064.0,3130.0,151800.0
2020-12-16,3133.0,3140.0,3091.0,3128.0,130278.0
2020-12-17,3121.0,3144.0,3109.0,3136.0,109708.0
2020-12-18,3141.0,3184.0,3110.0,3180.0,139388.0
2020-12-21,3176.0,3211.0,3143.0,3186.0,127431.0
2020-12-22,3186.0,3251.0,3185.0,3251.0,130632.0
2020-12-23,3240.0,3271.0,3230.0,3269.0,217697.0
2020-12-24,3153.0,3155.0,3115.0,3132.0,189502.0
2020-12-25,3120.0,3132.0,3092.0,3111.0,46556.0
2020-12-28,3121.0,3128.0,3080.0,3097.0,123757.0
2020-12-29,3100.0,3151.0,3089.0,3150.0,99014.0
2020-12-30,3147.0,3180.0,3124.0,3136.0,107527.0
2021-01-04,3150.0,3214.0,3131.0,3187.0,99329.0
2021-01-05,3193.0,3370.0,3186.0,3360.0,230061.0
2021-01-06,3362.0,3374.0,3282.0,3311.0,120591.0
2021-01-08,3350.0,3390.0,3331.0,3374.0,135748.0
2021-01-11,3371.0,3422.0,3334.0,3401.0,97560.0
2021-01-12,3411.0,3421.0,3316.0,3345.0,110576.0
2021-01-13,3332.0,3402.0,3331.0,3385.0,136639.0
2021-01-14,3380.0,3407.0,3337.0,3358.0,102759.0
2021-01-15,3379.0,3425.0,3354.0,3375.0,99783.0
2021-01-18,3420.0,3484.0,3367.0,3476.0,197159.0
2021-01-19,3495.0,3533.0,3395.0,3424.0,165720.0
2021-01-20,3422.0,3451.0,3394.0,3402.0,115488.0
2021-01-21,3413.0,3470.0,3372.0,3453.0,312266.0
2021-01-22,3461.0,3493.0,3432.0,3480.0,133440.0
2021-01-25,3494.0,3645.0,3460.0,3641.0,262925.0
2021-01-26,3635.0,3738.0,3615.0,3697.0,180449.0
2021-01-27,3688.0,3698.0,3585.0,3623.0,137592.0
2021-01-28,3623.0,3704.0,3586.0,3682.0,211912.0
2021-01-29,3685.0,3745.0,3612.0,3644.0,262956.0
2021-02-01,3628.0,3654.0,3593.0,3641.0,150902.0
2021-02-02,3637.0,3684.0,3607.0,3629.0,190583.0
2021-02-03,3637.0,3680.0,3625.0,3662.0,82809.0
2021-02-04,3670.0,3708.0,3652.0,3699.0,62600.0
2021-02-05,3712.0,3717.0,3665.0,3700.0,109594.0
2021-02-08,3723.0,3723.0,3650.0,3667.0,104516.0
2021-02-09,3661.0,3661.0,3611.0,3652.0,131283.0
2021-02-10,3652.0,3662.0,3583.0,3621.0,93937.0
2021-02-11,3645.0,3694.0,3618.0,3669.0,75777.0
2021-02-12,3680.0,3700.0,3617.0,3698.0,84814.0
2021-02-15,3699.0,3768.0,3695.0,3738.0,93872.0
2021-02-16,3740.0,3791.0,3704.0,3776.0,110584.0
2021-02-17,3787.0,3832.0,3719.0,3779.0,109138.0
2021-02-18,3772.0,3800.0,3670.0,3733.0,152225.0
2021-02-19,3732.0,3842.0,3654.0,3842.0,158346.0
2021-02-20,3814.0,3944.0,3813.0,3893.0,65602.0
2021-02-22,3866.0,3948.0,3860.0,3903.0,88136.0
2021-02-24,3880.0,3958.0,3878.0,3929.0,112723.0
2021-02-25,3939.0,3980.0,3914.0,3957.0,161875.0
2021-02-26,3951.0,4059.0,3931.0,4048.0,212002.0
2021-03-01,4050.0,4059.0,3963.0,4034.0,112855.0
2021-03-02,4017.0,4082.0,4002.0,4069.0,126974.0
2021-03-03,4080.0,4208.0,4077.0,4181.0,147079.0
2021-03-04,4171.0,4269.0,4010.0,4020.0,227876.0
2021-03-05,4086.0,4114.0,4011.0,4105.0,124927.0
2021-03-09,4110.0,4163.0,4003.0,4060.0,130662.0
2021-03-10,4060.0,4085.0,3918.0,3980.0,114562.0
2021-03-11,3970.0,4038.0,3941.0,3961.0,109732.0
2021-03-12,3971.0,3998.0,3881.0,3957.0,167563.0
2021-03-15,3923.0,3980.0,3908.0,3947.0,173452.0
2021-03-16,3942.0,3969.0,3905.0,3911.0,65737.0
2021-03-17,3939.0,4016.0,3911.0,3985.0,154206.0
2021-03-18,3999.0,4018.0,3933.0,3947.0,163929.0
2021-03-19,3973.0,3989.0,3912.0,3945.0,102165.0
2021-03-22,3949.0,3976.0,3930.0,3945.0,64718.0
2021-03-23,3956.0,4120.0,3914.0,4066.0,204227.0
2021-03-24,4076.0,4117.0,4010.0,4097.0,154810.0
2021-03-25,4105.0,4111.0,4033.0,4081.0,75716.0
2021-03-26,4085.0,4115.0,4040.0,4098.0,70702.0
2021-03-29,4105.0,4132.0,4075.0,4104.0,61301.0
2021-03-30,4104.0,4113.0,4079.0,4079.0,47276.0
2021-03-31,4079.0,4099.0,4029.0,4073.0,82055.0
2021-04-01,4060.0,4145.0,4036.0,4128.0,118094.0
2021-04-02,4129.0,4240.0,4126.0,4240.0,59751.0
2021-04-05,4236.0,4237.0,4150.0,4163.0,59632.0
2021-04-06,4180.0,4192.0,4120.0,4149.0,56469.0
2021-04-07,4149.0,4270.0,4149.0,4183.0,255015.0
2021-04-08,4214.0,4380.0,4186.0,4360.0,188848.0
2021-04-09,4342.0,4409.0,4328.0,4352.0,128826.0
2021-04-12,4369.0,4393.0,4307.0,4369.0,115752.0
2021-04-13,4369.0,4475.0,4352.0,4390.0,161846.0
2021-04-14,4420.0,4432.0,4302.0,4376.0,144041.0
2021-04-15,4395.0,4445.0,4386.0,4430.0,97674.0
2021-04-16,4438.0,4461.0,4355.0,4390.0,114118.0
2021-04-19,4390.0,4498.0,4356.0,4471.0,93355.0
2021-04-20,4485.0,4549.0,3894.0,4485.0,145030.0
2021-04-21,4495.0,4555.0,4473.0,4507.0,74506.0
2021-04-22,4525.0,4525.0,4412.0,4433.0,101958.0
2021-04-23,4451.0,4451.0,4369.0,4412.0,79775.0
2021-04-26,4443.0,4463.0,4385.0,4395.0,55483.0
2021-04-27,4385.0,4415.0,4325.0,4331.0,67833.0
2021-04-28,4331.0,4389.0,4264.0,4343.0,138361.0
2021-04-29,4376.0,4377.0,4303.0,4353.0,84804.0
2021-04-30,4370.0,4413.0,4338.0,4360.0,117333.0
2021-05-04,4360.0,4410.0,4346.0,4376.0,136332.0
2021-05-05,4392.0,4399.0,4319.0,4354.0,115118.0
2021-05-06,4343.0,4397.0,4323.0,4384.0,86216.0
2021-05-07,4384.0,4398.0,4348.0,4375.0,48294.0
2021-05-10,4375.0,4395.0,4252.0,4304.0,62218.0
2021-05-11,4324.0,4387.0,4280.0,4361.0,78528.0
2021-05-12,4365.0,4387.0,4317.0,4332.0,61331.0
2021-05-13,4345.0,4364.0,4279.0,4331.0,61446.0
2021-05-14,4340.0,4362.0,4278.0,4294.0,27905.0
2021-05-17,4283.0,4352.0,4263.0,4345.0,59212.0
2021-05-18,4302.0,4538.0,4302.0,4517.0,138782.0
2021-05-19,4554.0,4589.0,4381.0,4424.0,139090.0
2021-05-20,4424.0,4581.0,4402.0,4572.0,118275.0
2021-05-21,4585.0,4655.0,4515.0,4551.0,112215.0
2021-05-24,4557.0,4618.0,4526.0,4566.0,65339.0
2021-05-25,4589.0,4652.0,4564.0,4641.0,82094.0
2021-05-26,4650.0,4695.0,4550.0,4576.0,81263.0
2021-05-27,4572.0,4577.0,4405.0,4501.0,154060.0
2021-05-28,4519.0,4665.0,4505.0,4658.0,96034.0
2021-05-31,4688.0,4750.0,4639.0,4668.0,100059.0
2021-06-01,4700.0,4722.0,4652.0,4693.0,72333.0
2021-06-02,4679.0,4724.0,4670.0,4723.0,76874.0
2021-06-03,4720.0,4781.0,4672.0,4717.0,123482.0
2021-06-04,4662.0,4747.0,4650.0,4743.0,62331.0
2021-06-07,4744.0,4816.0,4740.0,4764.0,71732.0
2021-06-08,4753.0,4988.0,4753.0,4962.0,162736.0
2021-06-09,4990.0,4993.0,4886.0,4937.0,160434.0
2021-06-10,4937.0,4970.0,4858.0,4947.0,134407.0
2021-06-11,4941.0,5040.0,4923.0,5014.0,100583.0
2021-06-14,4999.0,5120.0,4997.0,5103.0,86877.0
2021-06-15,5135.0,5164.0,4890.0,4940.0,190051.0
2021-06-16,4931.0,5052.0,4875.0,5015.0,190993.0
2021-06-17,5000.0,5018.0,4806.0,4842.0,176307.0
2021-06-18,4863.0,4879.0,4780.0,4845.0,118656.0
2021-06-21,4855.0,4975.0,4842.0,4929.0,105672.0
2021-06-22,4924.0,4971.0,4913.0,4939.0,97652.0
2021-06-23,4955.0,5000.0,4934.0,4980.0,75422.0
2021-06-24,4984.0,5007.0,4803.0,4873.0,99195.0
2021-06-25,4890.0,4890.0,4768.0,4820.0,85112.0
2021-06-28,4829.0,4873.0,4778.0,4810.0,83142.0
2021-06-29,4825.0,4834.0,4674.0,4717.0,102188.0
2021-06-30,4710.0,4796.0,4685.0,4784.0,134418.0
2021-07-01,4804.0,4896.0,4789.0,4890.0,160673.0
2021-07-02,4810.0,4818.0,4690.0,4730.0,112862.0
2021-07-05,4729.0,4834.0,4693.0,4819.0,218203.0
2021-07-06,4829.0,4852.0,4774.0,4799.0,66395.0
2021-07-07,4812.0,4859.0,4796.0,4826.0,54867.0
2021-07-08,4849.0,4852.0,4775.0,4799.0,118038.0
2021-07-09,4799.0,4830.0,4767.0,4797.0,105570.0
2021-07-12,4800.0,4818.0,4726.0,4789.0,64253.0
2021-07-13,4779.0,4811.0,4751.0,4794.0,76171.0
2021-07-14,4795.0,4844.0,4757.0,4802.0,80535.0
2021-07-15,4794.0,4844.0,4772.0,4792.0,46745.0
2021-07-16,4821.0,4841.0,4706.0,4711.0,55962.0
2021-07-19,4738.0,4759.0,4470.0,4638.0,79126.0
2021-07-20,4670.0,4695.0,4632.0,4672.0,52094.0
2021-07-21,4675.0,4750.0,4664.0,4709.0,29690.0
2021-07-22,4723.0,4736.0,4665.0,4706.0,33464.0
2021-07-23,4701.0,4722.0,4640.0,4687.0,34205.0
2021-07-26,4662.0,4708.0,4660.0,4703.0,32410.0
2021-07-27,4701.0,4712.0,4610.0,4637.0,44516.0
2021-07-28,4660.0,4697.0,4606.0,4665.0,57827.0
2021-07-29,4675.0,4743.0,4637.0,4718.0,57828.0
2021-07-30,4718.0,4734.0,4603.0,4637.0,132244.0
2021-08-02,4645.0,4655.0,4522.0,4561.0,121284.0
2021-08-03,4581.0,4641.0,4538.0,4632.0,82329.0
2021-08-04,4644.0,4689.0,4603.0,4611.0,79294.0
2021-08-05,4595.0,4608.0,4546.0,4605.0,85459.0
2021-08-06,4610.0,4629.0,4555.0,4616.0,76702.0
2021-08-09,4609.0,4798.0,4598.0,4771.0,168403.0
2021-08-10,4765.0,4777.0,4712.0,4752.0,92881.0
2021-08-11,4750.0,4774.0,4721.0,4734.0,72578.0
2021-08-12,4763.0,4765.0,4706.0,4741.0,64843.0
2021-08-13,4722.0,4740.0,4681.0,4721.0,43614.0
2021-08-16,4710.0,4753.0,4659.0,4715.0,63835.0
2021-08-17,4713.0,4730.0,4624.0,4627.0,80086.0
2021-08-18,4619.0,4645.0,4566.0,4599.0,83320.0
2021-08-19,4611.0,4677.0,4545.0,4623.0,106490.0
2021-08-20,4620.0,4624.0,4532.0,4585.0,93705.0
2021-08-23,4605.0,4606.0,4563.0,4590.0,69667.0
2021-08-24,4611.0,4620.0,4560.0,4613.0,64854.0
2021-08-25,4617.0,4674.0,4595.0,4643.0,34324.0
2021-08-26,4663.0,4686.0,4609.0,4639.0,32477.0
2021-08-27,4628.0,4667.0,4598.0,4650.0,50614.0
2021-08-30,4660.0,4739.0,4660.0,4700.0,80757.0
2021-08-31,4709.0,4910.0,4701.0,4874.0,309840.0
2021-09-01,4882.0,4887.0,4679.0,4755.0,170973.0
2021-09-02,4756.0,4765.0,4642.0,4677.0,146352.0
2021-09-03,4687.0,4753.0,4653.0,4724.0,159519.0
2021-09-06,4741.0,4843.0,4733.0,4801.0,171143.0
2021-09-07,4830.0,4929.0,4816.0,4902.0,120932.0
2021-09-08,4910.0,4970.0,4758.0,4937.0,155524.0
2021-09-09,4966.0,4966.0,4819.0,4826.0,100210.0
2021-09-10,4832.0,4841.0,4767.0,4825.0,88459.0
2021-09-13,4841.0,4910.0,4802.0,4907.0,75656.0
2021-09-14,4925.0,5190.0,4911.0,5140.0,286778.0
2021-09-15,5149.0,5174.0,4964.0,5051.0,204442.0
2021-09-16,5012.0,5139.0,5012.0,5112.0,150825.0
2021-09-17,5118.0,5118.0,4910.0,4937.0,153745.0
2021-09-20,4949.0,4990.0,4830.0,4910.0,183866.0
2021-09-21,4985.0,5069.0,4927.0,5015.0,154937.0
2021-09-22,5069.0,5159.0,5024.0,5145.0,174376.0
2021-09-23,4989.0,5043.0,4956.0,4997.0,163911.0
2021-09-24,4990.0,5050.0,4951.0,5048.0,82707.0
2021-09-27,5052.0,5075.0,4975.0,5019.0,71534.0
2021-09-28,5019.0,5183.0,4982.0,5130.0,183139.0
2021-09-29,5148.0,5240.0,5042.0,5059.0,121788.0
2021-09-30,5071.0,5128.0,5013.0,5111.0,102879.0
2021-10-01,5063.0,5126.0,5034.0,5115.0,61728.0
2021-10-04,5104.0,5150.0,5015.0,5026.0,69213.0
2021-10-05,5025.0,5090.0,5005.0,5057.0,100290.0
2021-10-06,5048.0,5368.0,5043.0,5334.0,307262.0
2021-10-07,5378.0,5588.0,5271.0,5549.0,242768.0
2021-10-08,5571.0,5837.0,5541.0,5737.0,273472.0
2021-10-11,5818.0,5867.0,5651.0,5701.0,206961.0
2021-10-12,5703.0,5749.0,5562.0,5589.0,103910.0
2021-10-13,5579.0,5625.0,5355.0,5542.0,231537.0
2021-10-14,5576.0,5759.0,5523.0,5735.0,140699.0
2021-10-15,5732.0,5946.0,5714.0,5932.0,187015.0
2021-10-18,5933.0,6076.0,5658.0,6016.0,171405.0
2021-10-19,6007.0,6130.0,5922.0,6019.0,170648.0
2021-10-20,6067.0,6067.0,5835.0,5887.0,118403.0
2021-10-21,5885.0,5990.0,5800.0,5871.0,101928.0
2021-10-22,5821.0,5918.0,5686.0,5702.0,140291.0
2021-10-25,5711.0,5860.0,5703.0,5853.0,98622.0
2021-10-26,5874.0,5885.0,5765.0,5798.0,91464.0
2021-10-27,5824.0,5825.0,5634.0,5702.0,90174.0
2021-10-28,5701.0,5798.0,5552.0,5762.0,221503.0
2021-10-29,5755.0,5796.0,5488.0,5602.0,346957.0
2021-11-01,5600.0,5697.0,5474.0,5658.0,171214.0
2021-11-02,5668.0,5739.0,5613.0,5662.0,116080.0
2021-11-03,5678.0,5737.0,5425.0,5619.0,460850.0
2021-11-05,5615.0,5857.0,5592.0,5820.0,274303.0
2021-11-08,5854.0,5976.0,5702.0,5816.0,203917.0
2021-11-09,5835.0,5967.0,5789.0,5915.0,174188.0
2021-11-10,5948.0,6005.0,5740.0,5790.0,194333.0
2021-11-11,5802.0,5847.0,5776.0,5810.0,75083.0
2021-11-12,5800.0,5826.0,5566.0,5685.0,160442.0
2021-11-15,5700.0,5876.0,5634.0,5797.0,149368.0
2021-11-16,5799.0,5878.0,5760.0,5795.0,106078.0
2021-11-17,5927.0,5927.0,5789.0,5821.0,117122.0
2021-11-18,5830.0,5865.0,5780.0,5798.0,87588.0
2021-11-19,5793.0,5840.0,5686.0,5746.0,101489.0
2021-11-22,5746.0,5880.0,5488.0,5539.0,245251.0
2021-11-23,5520.0,5760.0,5324.0,5732.0,218492.0
2021-11-24,5749.0,5861.0,5630.0,5840.0,161071.0
2021-11-25,5871.0,5927.0,5754.0,5820.0,136220.0
2021-11-26,5741.0,5758.0,5580.0,5630.0,177908.0
2021-11-29,5664.0,5786.0,5600.0,5647.0,109925.0
2021-11-30,5570.0,5730.0,5534.0,5670.0,156850.0
2021-12-01,5699.0,5751.0,5508.0,5513.0,270653.0
2021-12-02,5520.0,5596.0,5450.0,5574.0,191593.0
2021-12-03,5575.0,5600.0,5500.0,5537.0,110785.0
2021-12-06,5582.0,5610.0,5401.0,5519.0,118011.0
2021-12-07,5500.0,5641.0,5488.0,5611.0,136608.0
2021-12-08,5648.0,5699.0,5506.0,5551.0,189139.0
2021-12-09,5550.0,5650.0,5533.0,5640.0,81308.0
2021-12-10,5643.0,5696.0,5553.0,5595.0,75241.0
2021-12-13,5594.0,5698.0,5444.0,5506.0,224349.0
2021-12-14,5505.0,5627.0,5000.0,5595.0,254665.0
2021-12-15,5586.0,5783.0,5531.0,5760.0,236102.0
2021-12-16,5776.0,5942.0,5696.0,5895.0,368085.0
2021-12-17,5680.0,5740.0,5600.0,5682.0,605179.0
2021-12-20,5678.0,5678.0,5361.0,5580.0,168224.0
2021-12-21,5579.0,5612.0,5434.0,5527.0,201212.0
2021-12-22,5557.0,5590.0,5503.0,5516.0,116354.0
2021-12-23,5567.0,5590.0,5503.0,5519.0,87952.0
2021-12-24,5530.0,5640.0,5471.0,5619.0,88370.0
2021-12-27,5620.0,5779.0,5596.0,5767.0,92074.0
2021-12-28,5764.0,5864.0,5650.0,5798.0,138833.0
2021-12-29,5843.0,5889.0,5769.0,5866.0,135654.0
2021-12-30,5872.0,5896.0,5792.0,5863.0,91747.0
2022-01-03,5863.0,5945.0,5823.0,5936.0,59853.0
2022-01-04,5896.0,5950.0,5856.0,5910.0,59964.0
2022-01-05,5909.0,5932.0,5621.0,5697.0,107921.0
2022-01-06,5646.0,5864.0,5622.0,5735.0,123030.0
2022-01-10,5715.0,5807.0,5695.0,5761.0,81332.0
2022-01-11,5774.0,5873.0,5742.0,5811.0,72639.0
2022-01-12,5837.0,5897.0,5777.0,5824.0,93305.0
2022-01-13,5824.0,5853.0,5714.0,5797.0,121262.0
2022-01-14,5780.0,5846.0,5571.0,5771.0,253300.0
2022-01-17,5772.0,5884.0,5682.0,5825.0,215617.0
2022-01-18,5824.0,5857.0,5600.0,5679.0,286893.0
2022-01-19,5629.0,5820.0,5562.0,5725.0,277278.0
2022-01-20,5725.0,5780.0,5621.0,5652.0,165533.0
2022-01-21,5644.0,5674.0,5375.0,5399.0,298261.0
2022-01-24,5424.0,5439.0,5050.0,5330.0,408241.0
2022-01-25,5372.0,5430.0,5218.0,5415.0,177704.0
2022-01-26,5410.0,5624.0,5281.0,5357.0,203109.0
2022-01-27,5360.0,5566.0,5315.0,5445.0,188992.0
2022-01-28,5490.0,5591.0,5439.0,5480.0,124039.0
2022-01-31,5480.0,5605.0,5412.0,5481.0,161514.0
2022-02-01,5484.0,5545.0,5457.0,5512.0,75195.0
2022-02-02,5524.0,5552.0,5365.0,5417.0,134718.0
2022-02-03,5416.0,5422.0,5240.0,5331.0,131917.0
2022-02-04,5323.0,5402.0,5227.0,5268.0,105160.0
2022-02-07,5270.0,5464.0,5219.0,5445.0,112096.0
2022-02-08,5445.0,5648.0,5438.0,5567.0,198241.0
2022-02-09,5602.0,5885.0,5584.0,5836.0,244548.0
2022-02-10,5860.0,6014.0,5820.0,5859.0,297709.0
2022-02-11,5859.0,5968.0,5691.0,5747.0,253483.0
2022-02-14,5717.0,5980.0,5650.0,5950.0,259326.0
2022-02-15,5950.0,6120.0,5906.0,6114.0,189815.0
2022-02-16,6115.0,6249.0,6057.0,6170.0,226143.0
2022-02-17,6150.0,6210.0,5880.0,5953.0,211887.0
2022-02-18,6031.0,6068.0,5782.0,5850.0,265415.0
2022-02-21,5791.0,5988.0,5309.0,5536.0,547747.0
2022-02-22,5504.0,5770.0,5052.0,5680.0,556623.0
2022-02-24,5285.0,5375.0,3700.0,5175.0,456619.0
2022-02-25,4815.0,5707.0,4815.0,5015.0,252195.0
2022-03-24,5490.0,6733.0,5300.0,6350.0,193456.0
2022-03-25,6450.0,7724.0,6415.0,6951.0,200023.0
2022-03-28,7000.0,8449.0,6850.0,8345.0,458168.0
2022-03-29,8840.0,10097.0,8500.0,8908.0,442479.0
2022-03-30,8999.0,9450.0,7370.0,7950.0,265242.0
2022-03-31,8516.0,8516.0,8000.0,8045.0,184105.0
2022-04-01,8196.0,8196.0,7300.0,7400.0,333090.0
2022-04-04,7548.0,7700.0,7014.0,7129.0,163961.0
2022-04-05,7157.0,7157.0,6670.0,6881.0,161023.0
2022-04-06,6912.0,7569.0,6881.0,7380.0,305022.0
2022-04-07,7448.0,7653.0,7151.0,7286.0,152761.0
2022-04-08,7311.0,7370.0,6914.0,6960.0,97353.0
2022-04-11,7031.0,7149.0,6871.0,6927.0,72034.0
2022-04-12,6927.0,6927.0,6600.0,6904.0,104561.0
2022-04-13,6910.0,7369.0,6910.0,7289.0,180384.0
2022-04-14,7315.0,7400.0,6700.0,6760.0,133371.0
2022-04-15,6810.0,6840.0,6550.0,6820.0,176012.0
2022-04-18,7128.0,7131.0,6850.0,6975.0,91539.0
2022-04-19,6998.0,7000.0,6730.0,6949.0,53487.0
2022-04-20,7000.0,7187.0,6870.0,7093.0,58901.0
2022-04-21,7105.0,7300.0,7100.0,7103.0,80946.0
2022-04-22,7099.0,7099.0,6900.0,7000.0,30312.0
2022-04-25,6980.0,6984.0,6800.0,6859.0,37788.0
2022-04-26,6857.0,7039.0,6851.0,7000.0,48519.0
2022-04-27,6991.0,7075.0,6910.0,7038.0,73510.0
2022-04-28,7040.0,7277.0,7040.0,7110.0,97832.0
2022-04-29,7129.0,7179.0,7046.0,7107.0,74927.0
2022-05-04,7099.0,7200.0,7011.0,7043.0,25892.0
2022-05-05,7058.0,7188.0,7040.0,7168.0,22867.0
2022-05-06,7176.0,7486.0,7150.0,7421.0,96929.0
2022-05-11,7474.0,7989.0,7405.0,7933.0,109468.0
2022-05-12,7975.0,8300.0,7500.0,7655.0,199095.0
2022-05-13,7679.0,7850.0,7518.0,7740.0,59618.0
2022-05-16,7797.0,8099.0,7780.0,7990.0,91139.0
2022-05-17,8032.0,8197.0,7765.0,7881.0,91605.0
2022-05-18,7984.0,8049.0,7812.0,7931.0,67921.0
2022-05-19,7951.0,8100.0,7850.0,7930.0,54601.0
2022-05-20,7999.0,7999.0,7121.0,7450.0,112788.0
2022-05-23,7500.0,7549.0,7039.0,7199.0,67993.0
2022-05-24,7202.0,7206.0,6800.0,7074.0,69206.0
2022-05-25,7100.0,7277.0,7071.0,7221.0,39741.0
2022-05-26,7276.0,7403.0,7252.0,7370.0,49849.0
2022-05-27,7416.0,7417.0,7290.0,7292.0,39841.0
2022-05-30,7282.0,7290.0,7025.0,7134.0,62208.0
2022-05-31,7141.0,7191.0,7031.0,7125.0,32796.0
2022-06-01,7125.0,7260.0,7110.0,7220.0,43765.0
2022-06-02,7277.0,7290.0,6900.0,7013.0,101316.0
2022-06-03,7018.0,7070.0,6907.0,7047.0,48812.0
2022-06-06,7047.0,7050.0,6750.0,7031.0,59978.0
2022-06-07,7035.0,7150.0,6946.0,7100.0,50627.0
2022-06-08,7114.0,7232.0,7075.0,7195.0,47629.0
2022-06-09,7196.0,7231.0,7080.0,7231.0,31253.0
2022-06-10,7231.0,7277.0,7162.0,7262.0,34914.0
2022-06-14,7263.0,7276.0,7100.0,7190.0,43182.0
2022-06-15,7190.0,7237.0,7101.0,7217.0,42615.0
2022-06-16,7237.0,7690.0,7226.0,7670.0,117745.0
2022-06-17,7699.0,7701.0,7465.0,7543.0,64206.0
2022-06-20,7564.0,7890.0,7543.0,7850.0,114824.0
2022-06-21,7869.0,7930.0,7652.0,7770.0,87401.0
2022-06-22,7768.0,8000.0,7603.0,7802.0,145445.0
2022-06-23,7900.0,7991.0,7802.0,7990.0,70606.0
2022-06-24,7951.0,7979.0,7820.0,7909.0,51274.0
2022-06-27,7870.0,7965.0,7808.0,7930.0,46698.0
2022-06-28,7911.0,7979.0,7840.0,7881.0,38656.0
2022-06-29,7881.0,8097.0,7871.0,8085.0,79045.0
2022-06-30,8073.0,8410.0,7243.0,7880.0,206606.0
2022-07-01,7825.0,8037.0,7698.0,7800.0,54278.0
2022-07-04,7379.0,7766.0,7210.0,7692.0,141905.0
2022-07-05,7697.0,7738.0,7440.0,7631.0,51508.0
2022-07-06,7618.0,7930.0,7556.0,7865.0,77712.0
2022-07-07,7861.0,7962.0,7806.0,7920.0,42683.0
2022-07-08,7918.0,7940.0,7825.0,7929.0,26957.0
2022-07-11,7901.0,7950.0,7675.0,7726.0,37947.0
2022-07-12,7724.0,7736.0,7255.0,7302.0,75998.0
2022-07-13,7310.0,7388.0,6931.0,7102.0,77467.0
2022-07-14,7116.0,7370.0,7023.0,7238.0,65440.0
2022-07-15,7385.0,7690.0,7301.0,7423.0,131787.0
2022-07-18,7499.0,7600.0,7268.0,7320.0,65036.0
2022-07-19,7320.0,7395.0,7180.0,7225.0,39712.0
2022-07-20,7268.0,7274.0,7168.0,7190.0,19772.0
2022-07-21,7181.0,7246.0,7001.0,7190.0,46586.0
2022-07-22,7201.0,7348.0,7201.0,7286.0,28782.0
2022-07-25,7300.0,7423.0,7203.0,7245.0,35379.0
2022-07-26,7247.0,7318.0,7180.0,7262.0,33301.0
2022-07-27,7262.0,7405.0,7224.0,7379.0,48181.0
2022-07-28,7400.0,7500.0,7286.0,7360.0,37361.0
2022-07-29,7392.0,7510.0,7318.0,7441.0,49478.0
2022-08-01,7450.0,7484.0,7260.0,7305.0,36063.0
2022-08-02,7299.0,7330.0,7200.0,7211.0,24457.0
2022-08-03,7162.0,7210.0,7070.0,7148.0,36259.0
2022-08-04,7150.0,7292.0,7052.0,7081.0,61546.0
2022-08-05,7071.0,7075.0,6801.0,6847.0,91180.0
2022-08-08,7000.0,7444.0,6901.0,7444.0,127120.0
2022-08-09,7410.0,7485.0,7262.0,7368.0,104829.0
2022-08-10,7369.0,7428.0,7316.0,7353.0,33545.0
2022-08-11,7358.0,7420.0,7330.0,7350.0,34540.0
2022-08-12,7351.0,7470.0,7072.0,7410.0,71234.0
2022-08-15,7423.0,7589.0,7400.0,7542.0,46381.0
2022-08-16,7555.0,7681.0,7528.0,7663.0,36442.0
2022-08-17,7669.0,7915.0,7600.0,7899.0,75532.0
2022-08-18,7895.0,8000.0,7633.0,7884.0,146411.0
2022-08-19,8465.0,8466.0,8030.0,8075.0,245779.0
2022-08-22,8111.0,8140.0,8012.0,8060.0,60187.0
2022-08-23,8071.0,8091.0,7922.0,7925.0,66711.0
2022-08-24,7925.0,7969.0,7826.0,7842.0,46486.0
2022-08-25,7852.0,7947.0,7803.0,7862.0,50215.0
2022-08-26,7880.0,7979.0,7863.0,7979.0,51600.0
2022-08-29,7980.0,8077.0,7979.0,8020.0,39734.0
2022-08-30,8016.0,8050.0,7960.0,7962.0,30826.0
2022-08-31,7949.0,8040.0,7666.0,7918.0,59729.0
2022-09-01,7950.0,8040.0,7924.0,8009.0,57272.0
2022-09-02,8021.0,8030.0,7965.0,7989.0,34203.0
2022-09-05,7995.0,8160.0,7965.0,8153.0,57874.0
2022-09-06,8150.0,8188.0,7833.0,7935.0,175314.0
2022-09-07,7896.0,7896.0,7720.0,7789.0,112583.0
2022-09-08,7770.0,7827.0,7720.0,7741.0,60560.0
2022-09-09,7761.0,7783.0,7700.0,7770.0,44870.0
2022-09-12,7772.0,7899.0,7762.0,7859.0,58260.0
2022-09-13,7880.0,7930.0,7784.0,7909.0,72642.0
2022-09-14,7795.0,7807.0,7560.0,7631.0,283212.0
2022-09-15,7635.0,7650.0,7455.0,7625.0,155085.0
2022-09-16,7636.0,7731.0,7540.0,7640.0,119080.0
2022-09-19,7687.0,7709.0,7578.0,7632.0,59655.0
2022-09-20,7635.0,7635.0,6850.0,7207.0,307114.0
2022-09-21,6581.0,7400.0,6300.0,7150.0,201941.0
2022-09-22,7191.0,7500.0,7075.0,7370.0,154904.0
2022-09-23,7369.0,7369.0,6817.0,7188.0,351152.0
2022-09-26,7172.0,7173.0,6503.0,6868.0,231136.0
2022-09-27,6920.0,7140.0,6876.0,7026.0,115230.0
2022-09-28,7179.0,7200.0,7024.0,7155.0,139251.0
2022-09-29,7170.0,7197.0,6888.0,6911.0,195426.0
2022-09-30,6270.0,6400.0,6002.0,6305.0,275802.0
2022-10-03,6305.0,6382.0,6211.0,6288.0,99264.0
2022-10-04,6271.0,6285.0,6018.0,6111.0,127794.0
2022-10-05,6120.0,6120.0,5881.0,5932.0,118532.0
2022-10-06,5920.0,6032.0,5900.0,5931.0,99477.0
2022-10-07,5922.0,5985.0,5685.0,5685.0,106325.0
2022-10-10,5565.0,5920.0,5365.0,5767.0,176111.0
2022-10-11,5846.0,5873.0,5676.0,5798.0,96671.0
2022-10-12,5824.0,5868.0,5717.0,5749.0,72188.0
2022-10-13,5766.0,5786.0,5705.0,5742.0,58566.0
2022-10-14,5759.0,5781.0,5718.0,5755.0,39127.0
2022-10-17,5770.0,6065.0,5765.0,6060.0,81470.0
2022-10-18,6110.0,6280.0,5957.0,6119.0,156415.0
2022-10-19,6118.0,6175.0,6043.0,6086.0,47457.0
2022-10-20,6100.0,6210.0,6076.0,6167.0,49326.0
2022-10-21,6165.0,6166.0,6056.0,6110.0,54910.0
2022-10-24,6142.0,6242.0,6068.0,6216.0,56983.0
2022-10-25,6237.0,6298.0,6144.0,6220.0,122531.0
2022-10-26,6225.0,6244.0,6075.0,6168.0,60767.0
2022-10-27,6198.0,6330.0,6117.0,6330.0,96901.0
2022-10-28,6387.0,6486.0,6226.0,6274.0,176097.0
2022-10-31,6311.0,6375.0,6286.0,6320.0,87136.0
2022-11-01,6339.0,6358.0,6301.0,6313.0,71955.0
2022-11-02,6322.0,6628.0,6305.0,6507.0,368700.0
2022-11-03,6530.0,6679.0,6410.0,6628.0,266152.0
2022-11-07,6694.0,6700.0,6517.0,6598.0,173746.0
2022-11-08,6602.0,6630.0,6530.0,6557.0,69124.0
2022-11-09,6545.0,6548.0,6301.0,6404.0,101734.0
2022-11-10,6403.0,6515.0,6376.0,6507.0,80157.0
2022-11-11,6520.0,6531.0,6390.0,6453.0,95536.0
2022-11-14,6491.0,6545.0,6425.0,6466.0,80484.0
2022-11-15,6459.0,6495.0,6161.0,6301.0,156429.0
2022-11-16,6328.0,6465.0,6328.0,6430.0,67055.0
2022-11-17,6452.0,6539.0,6430.0,6500.0,87919.0
2022-11-18,6497.0,6534.0,6404.0,6432.0,49812.0
2022-11-21,6433.0,6434.0,6301.0,6369.0,64381.0
2022-11-22,6370.0,6421.0,6322.0,6377.0,37029.0
2022-11-23,6380.0,6410.0,6347.0,6365.0,33493.0
2022-11-24,6365.0,6435.0,6355.0,6425.0,44010.0
2022-11-25,6434.0,6457.0,6381.0,6415.0,34561.0
2022-11-28,6401.0,6485.0,6383.0,6429.0,36495.0
2022-11-29,6440.0,6490.0,6420.0,6470.0,42477.0
2022-11-30,6470.0,6471.0,6412.0,6443.0,23230.0
2022-12-01,6458.0,6462.0,6420.0,6436.0,27278.0
2022-12-02,6432.0,6440.0,6336.0,6377.0,44434.0
2022-12-05,6376.0,6414.0,6350.0,6385.0,25693.0
2022-12-06,6387.0,6399.0,6350.0,6365.0,31473.0
2022-12-07,6360.0,6392.0,6311.0,6381.0,37990.0
2022-12-08,6388.0,6415.0,6350.0,6401.0,31301.0
2022-12-09,6401.0,6406.0,6335.0,6355.0,25964.0
2022-12-12,6359.0,6405.0,6345.0,6380.0,32876.0
2022-12-13,6383.0,6384.0,6356.0,6379.0,47898.0
2022-12-14,6380.0,6380.0,6212.0,6352.0,71845.0
2022-12-15,6321.0,6345.0,6215.0,6260.0,75988.0
2022-12-16,5984.0,6106.0,5970.0,6082.0,137780.0
2022-12-19,6080.0,6080.0,5800.0,5959.0,103428.0
2022-12-20,5960.0,6100.0,5959.0,6100.0,63925.0
2022-12-21,6125.0,6205.0,6113.0,6181.0,81072.0
2022-12-22,6200.0,6317.0,6161.0,6309.0,71008.0
2022-12-23,6300.0,6305.0,6180.0,6204.0,41952.0
2022-12-26,6230.0,6296.0,6197.0,6278.0,34247.0
2022-12-27,6289.0,6375.0,6280.0,6364.0,38869.0
2022-12-28,6365.0,6390.0,6263.0,6332.0,71709.0
2022-12-29,6350.0,6400.0,6333.0,6386.0,36989.0
2022-12-30,6387.0,6408.0,6380.0,6390.0,33394.0
2023-01-03,6391.0,6530.0,6390.0,6520.0,33992.0
2023-01-04,6519.0,6576.0,6485.0,6527.0,29422.0
2023-01-05,6527.0,6550.0,6492.0,6518.0,20235.0
2023-01-06,6519.0,6529.0,6472.0,6487.0,22416.0
2023-01-09,6471.0,6477.0,6300.0,6382.0,107958.0
2023-01-10,6380.0,6380.0,6280.0,6326.0,37763.0
2023-01-11,6327.0,6380.0,6286.0,6372.0,42519.0
2023-01-12,6377.0,6395.0,6343.0,6360.0,21440.0
2023-01-13,6361.0,6384.0,6348.0,6363.0,17783.0
2023-01-16,6398.0,6432.0,6380.0,6422.0,29401.0
2023-01-17,6428.0,6440.0,6328.0,6373.0,37323.0
2023-01-18,6370.0,6404.0,6337.0,6376.0,37754.0
2023-01-19,6376.0,6385.0,6316.0,6358.0,25079.0
2023-01-20,6358.0,6361.0,6300.0,6322.0,23126.0
2023-01-23,6310.0,6425.0,6299.0,6400.0,36693.0
2023-01-24,6418.0,6440.0,6373.0,6398.0,34582.0
2023-01-25,6401.0,6430.0,6325.0,6420.0,25200.0
2023-01-26,6424.0,6430.0,6382.0,6392.0,20855.0
2023-01-27,6403.0,6425.0,6385.0,6416.0,21931.0
2023-01-30,6424.0,6468.0,6418.0,6459.0,35392.0
2023-01-31,6460.0,6480.0,6406.0,6465.0,25925.0
2023-02-01,6475.0,6667.0,6457.0,6600.0,117165.0
2023-02-02,6613.0,6648.0,6557.0,6604.0,47766.0
2023-02-03,6617.0,6700.0,6600.0,6664.0,79899.0
2023-02-06,6665.0,6930.0,6637.0,6896.0,148597.0
2023-02-07,6914.0,6976.0,6414.0,6873.0,98429.0
2023-02-08,6890.0,7000.0,6699.0,6745.0,172522.0
2023-02-09,6717.0,6841.0,6702.0,6825.0,41615.0
2023-02-10,6823.0,6875.0,6781.0,6842.0,34782.0
2023-02-13,6850.0,6893.0,6739.0,6780.0,43703.0
2023-02-14,6781.0,6783.0,6638.0,6676.0,51211.0
2023-02-15,6657.0,6663.0,6330.0,6407.0,96756.0
2023-02-16,6452.0,6476.0,6380.0,6409.0,56653.0
2023-02-17,6410.0,6431.0,6364.0,6393.0,55214.0
2023-02-20,6380.0,6393.0,6302.0,6379.0,39289.0
2023-02-21,6380.0,6569.0,6286.0,6527.0,73294.0
2023-02-22,6497.0,6703.0,6450.0,6673.0,68588.0
2023-02-24,6690.0,6799.0,6612.0,6675.0,53241.0
2023-02-27,6688.0,6788.0,6656.0,6732.0,56690.0
2023-02-28,6755.0,6799.0,6706.0,6763.0,48716.0
2023-03-01,6783.0,6900.0,6771.0,6895.0,69471.0
2023-03-02,6920.0,6959.0,6676.0,6720.0,140834.0
2023-03-03,6724.0,7094.0,6720.0,7090.0,527659.0
2023-03-06,7120.0,7185.0,7064.0,7163.0,203872.0
2023-03-07,7178.0,7185.0,7115.0,7132.0,76271.0
2023-03-09,7132.0,7150.0,7061.0,7093.0,76401.0
2023-03-10,7093.0,7134.0,7028.0,7041.0,77144.0
2023-03-13,7045.0,7096.0,6981.0,7032.0,75984.0
2023-03-14,7034.0,7034.0,6952.0,7015.0,64494.0
2023-03-15,7025.0,7077.0,7008.0,7071.0,62192.0
2023-03-16,7080.0,7133.0,7021.0,7098.0,99357.0
2023-03-17,7102.0,7120.0,7030.0,7059.0,92128.0
2023-03-20,7082.0,7227.0,7050.0,7206.0,141118.0
2023-03-21,7220.0,7348.0,7180.0,7250.0,124932.0
2023-03-22,7248.0,7300.0,7233.0,7282.0,51684.0
2023-03-23,7289.0,7305.0,7255.0,7277.0,49431.0
2023-03-24,7278.0,7395.0,7277.0,7375.0,143997.0
2023-03-27,7385.0,7465.0,7380.0,7442.0,105278.0
2023-03-28,7467.0,7468.0,7083.0,7416.0,143631.0
2023-03-29,7414.0,7449.0,7360.0,7413.0,88907.0
2023-03-30,7412.0,7440.0,7395.0,7419.0,93961.0
2023-03-31,7404.0,7513.0,7372.0,7504.0,195547.0
2023-04-03,7080.0,7306.0,7071.0,7294.0,304491.0
2023-04-04,7314.0,7382.0,7275.0,7301.0,110413.0
2023-04-05,7290.0,7330.0,7231.0,7301.0,70312.0
2023-04-06,7298.0,7338.0,7260.0,7280.0,50421.0
2023-04-07,7285.0,7305.0,7150.0,7213.0,78361.0
2023-04-10,7202.0,7268.0,7183.0,7227.0,55763.0
2023-04-11,7233.0,7248.0,7091.0,7141.0,78526.0
2023-04-12,7158.0,7249.0,7158.0,7206.0,55699.0
2023-04-13,7221.0,7233.0,7179.0,7217.0,38960.0
2023-04-14,7215.0,7220.0,7150.0,7185.0,53119.0
2023-04-17,7197.0,7256.0,7181.0,7239.0,44702.0
2023-04-18,7258.0,7258.0,7190.0,7235.0,44822.0
2023-04-19,7241.0,7278.0,7165.0,7238.0,82301.0
2023-04-20,7238.0,7350.0,7175.0,7281.0,81383.0
2023-04-21,7295.0,7390.0,7295.0,7330.0,62424.0
2023-04-24,7328.0,7385.0,7282.0,7331.0,47693.0
2023-04-25,7327.0,7360.0,7280.0,7308.0,33600.0
2023-04-26,7327.0,7332.0,7282.0,7283.0,20048.0
2023-04-27,7297.0,7376.0,7230.0,7300.0,55623.0
2023-04-28,7305.0,7327.0,7249.0,7276.0,26765.0
2023-05-02,7274.0,7300.0,7150.0,7202.0,45100.0
2023-05-03,7201.0,7235.0,7013.0,7065.0,63282.0
2023-05-04,7066.0,7152.0,7040.0,7109.0,27924.0
2023-05-05,7110.0,7147.0,7058.0,7061.0,24604.0
2023-05-08,7058.0,7100.0,7033.0,7040.0,13452.0
2023-05-10,7034.0,7220.0,7016.0,7190.0,46628.0
2023-05-11,7199.0,7227.0,7068.0,7102.0,90692.0
2023-05-12,7105.0,7168.0,7050.0,7094.0,47863.0
2023-05-15,7120.0,7340.0,7102.0,7286.0,67807.0
2023-05-16,7293.0,7340.0,7199.0,7308.0,53791.0
2023-05-17,7314.0,7392.0,7264.0,7367.0,41162.0
2023-05-18,7378.0,7439.0,7206.0,7242.0,124454.0
2023-05-19,7213.0,7375.0,7212.0,7288.0,62662.0
2023-05-22,7320.0,7386.0,7255.0,7364.0,48973.0
2023-05-23,7364.0,7650.0,7364.0,7541.0,159170.0
2023-05-24,7556.0,7592.0,7420.0,7540.0,74398.0
2023-05-25,7546.0,7576.0,7376.0,7471.0,63900.0
2023-05-26,7471.0,7643.0,7413.0,7550.0,144264.0
2023-05-29,7551.0,7607.0,7520.0,7538.0,67955.0
2023-05-30,7516.0,7664.0,7500.0,7579.0,66193.0
2023-05-31,7580.0,7750.0,7557.0,7692.0,95657.0
2023-06-01,7692.0,7720.0,7650.0,7664.0,37015.0
2023-06-02,7665.0,7727.0,7480.0,7553.0,100371.0
2023-06-05,7543.0,7590.0,7289.0,7377.0,136898.0
2023-06-06,7378.0,7533.0,7290.0,7424.0,102806.0
2023-06-07,7397.0,7434.0,7294.0,7405.0,102955.0
2023-06-08,7408.0,7522.0,7391.0,7473.0,61342.0
2023-06-09,7473.0,7476.0,7431.0,7471.0,24689.0
2023-06-13,7476.0,7585.0,7471.0,7551.0,59135.0
2023-06-14,7550.0,7566.0,7405.0,7477.0,73350.0
2023-06-15,7480.0,7516.0,7412.0,7494.0,86016.0
2023-06-16,7499.0,7516.0,7443.0,7476.0,52089.0
2023-06-19,7483.0,7559.0,7440.0,7495.0,81397.0
2023-06-20,7473.0,7530.0,7451.0,7492.0,56551.0
2023-06-21,7491.0,7525.0,7460.0,7472.0,35255.0
2023-06-22,7474.0,7482.0,7420.0,7433.0,38182.0
2023-06-23,7428.0,7498.0,7350.0,7393.0,63052.0
2023-06-26,7421.0,7494.0,7350.0,7428.0,63934.0
2023-06-27,7440.0,7482.0,7375.0,7410.0,81306.0
2023-06-28,7403.0,7435.0,7367.0,7377.0,56430.0
2023-06-29,7370.0,7402.0,7295.0,7324.0,92102.0
2023-06-30,7343.0,7347.0,7288.0,7310.0,65926.0
2023-07-03,7320.0,7330.0,7171.0,7206.0,138830.0
2023-07-04,7206.0,7219.0,7150.0,7169.0,86123.0
2023-07-05,7172.0,7251.0,7150.0,7248.0,79395.0
2023-07-06,7257.0,7440.0,7225.0,7339.0,173958.0
2023-07-07,7311.0,7432.0,7258.0,7391.0,111480.0
2023-07-10,7246.0,7339.0,7200.0,7336.0,87117.0
2023-07-11,7348.0,7348.0,7260.0,7278.0,56180.0
2023-07-12,7270.0,7330.0,7253.0,7312.0,49635.0
2023-07-13,7315.0,7456.0,7280.0,7340.0,118047.0
2023-07-14,7340.0,7366.0,7302.0,7318.0,50909.0
2023-07-17,7314.0,7387.0,7305.0,7326.0,51254.0
2023-07-18,7345.0,7378.0,7301.0,7353.0,62511.0
2023-07-19,7364.0,7450.0,7356.0,7426.0,80424.0
2023-07-20,7431.0,7484.0,7351.0,7410.0,93716.0
2023-07-21,7414.0,7470.0,7381.0,7421.0,40629.0
2023-07-24,7420.0,7472.0,7401.0,7451.0,43276.0
2023-07-25,7454.0,7480.0,7430.0,7449.0,38417.0
2023-07-26,7448.0,7450.0,7351.0,7392.0,63767.0
2023-07-27,7415.0,7434.0,7393.0,7415.0,48373.0
2023-07-28,7430.0,7472.0,7410.0,7453.0,69655.0
2023-07-31,7471.0,7600.0,7471.0,7548.0,157064.0
2023-08-01,7569.0,7635.0,7478.0,7538.0,123760.0
2023-08-02,7540.0,7624.0,7518.0,7581.0,73017.0
2023-08-03,7580.0,7599.0,7508.0,7572.0,73227.0
2023-08-04,7576.0,7649.0,7406.0,7483.0,148685.0
2023-08-07,7477.0,7610.0,7411.0,7492.0,91812.0
2023-08-08,7500.0,7578.0,7447.0,7559.0,55815.0
2023-08-09,7570.0,7590.0,7507.0,7547.0,65367.0
2023-08-10,7552.0,7567.0,7480.0,7500.0,92714.0
2023-08-11,7514.0,7550.0,7455.0,7516.0,88724.0
2023-08-14,7537.0,7893.0,7519.0,7635.0,351343.0
2023-08-15,7615.0,7750.0,7517.0,7607.0,140446.0
2023-08-16,7601.0,7621.0,7455.0,7509.0,107939.0
2023-08-17,7520.0,7540.0,7420.0,7494.0,76866.0
2023-08-18,7470.0,7748.0,7470.0,7675.0,131714.0
2023-08-21,7755.0,7789.0,7582.0,7640.0,106097.0
2023-08-22,7645.0,7736.0,7590.0,7633.0,104157.0
2023-08-23,7634.0,7650.0,7441.0,7494.0,87691.0
2023-08-24,7510.0,7547.0,7452.0,7518.0,72895.0
2023-08-25,7527.0,7569.0,7493.0,7526.0,37242.0
2023-08-28,7535.0,7617.0,7511.0,7550.0,80057.0
2023-08-29,7551.0,7562.0,7458.0,7493.0,125012.0
2023-08-30,7490.0,7501.0,7310.0,7356.0,170905.0
2023-08-31,7356.0,7357.0,7234.0,7314.0,209621.0
2023-09-01,7320.0,7321.0,7164.0,7217.0,282246.0
2023-09-04,7240.0,7281.0,7181.0,7268.0,270411.0
2023-09-05,7269.0,7279.0,7191.0,7217.0,128101.0
2023-09-06,7217.0,7386.0,7188.0,7330.0,279801.0
2023-09-07,7344.0,7353.0,7101.0,7218.0,211316.0
2023-09-08,7230.0,7254.0,7101.0,7183.0,87617.0
2023-09-11,7180.0,7218.0,7108.0,7149.0,70029.0
2023-09-12,7151.0,7235.0,7117.0,7211.0,70157.0
2023-09-13,7217.0,7221.0,7131.0,7138.0,48315.0
2023-09-14,7137.0,7144.0,6981.0,7062.0,122002.0
2023-09-15,7080.0,7150.0,7023.0,7121.0,70650.0
2023-09-18,7130.0,7137.0,6990.0,7027.0,87136.0
2023-09-19,7040.0,7048.0,6821.0,6843.0,122177.0
2023-09-20,6843.0,6980.0,6797.0,6857.0,119264.0
2023-09-21,6848.0,6868.0,6657.0,6665.0,153569.0
2023-09-22,6657.0,6732.0,6505.0,6690.0,118885.0
2023-09-25,6699.0,6700.0,6580.0,6610.0,97091.0
2023-09-26,6609.0,6691.0,6500.0,6637.0,106628.0
2023-09-27,6637.0,6833.0,6631.0,6807.0,109416.0
2023-09-28,6822.0,6830.0,6750.0,6808.0,50920.0
2023-09-29,6809.0,6820.0,6730.0,6783.0,68922.0
2023-10-02,6803.0,6847.0,6705.0,6728.0,115054.0
2023-10-03,6692.0,6817.0,6561.0,6580.0,193956.0
2023-10-04,6554.0,6620.0,6503.0,6522.0,208521.0
2023-10-05,6524.0,6627.0,6456.0,6614.0,158423.0
2023-10-06,6633.0,6923.0,6584.0,6920.0,382623.0
2023-10-09,6918.0,7000.0,6811.0,6876.0,128184.0
2023-10-10,6899.0,6900.0,6782.0,6831.0,82477.0
2023-10-11,6830.0,6860.0,6700.0,6714.0,96108.0
2023-10-12,6701.0,6780.0,6682.0,6756.0,54535.0
2023-10-13,6747.0,6783.0,6730.0,6761.0,42610.0
2023-10-16,6769.0,6950.0,6761.0,6876.0,92704.0
2023-10-17,6880.0,6894.0,6813.0,6885.0,45398.0
2023-10-18,6880.0,6971.0,6849.0,6948.0,87491.0
2023-10-19,6962.0,6970.0,6827.0,6899.0,68532.0
2023-10-20,6897.0,6899.0,6732.0,6770.0,85963.0
2023-10-23,6777.0,6850.0,6738.0,6829.0,66899.0
2023-10-24,6827.0,6843.0,6771.0,6819.0,40423.0
2023-10-25,6807.0,6894.0,6794.0,6877.0,53417.0
2023-10-26,6887.0,6948.0,6785.0,6810.0,59897.0
2023-10-27,6815.0,6866.0,6706.0,6790.0,55590.0
2023-10-30,6798.0,6866.0,6726.0,6734.0,47949.0
2023-10-31,6754.0,6757.0,6636.0,6641.0,57976.0
2023-11-01,6642.0,6696.0,6641.0,6669.0,43500.0
2023-11-02,6671.0,6727.0,6658.0,6701.0,42504.0
2023-11-03,6707.0,6720.0,6591.0,6655.0,67171.0
2023-11-06,6654.0,6808.0,6654.0,6798.0,38865.0
2023-11-07,6812.0,6823.0,6749.0,6775.0,33720.0
2023-11-08,6775.0,6826.0,6751.0,6821.0,38744.0
2023-11-09,6800.0,6997.0,6795.0,6877.0,138581.0
2023-11-10,6887.0,6895.0,6800.0,6872.0,67667.0
2023-11-13,6870.0,6900.0,6809.0,6813.0,49604.0
2023-11-14,6814.0,6878.0,6751.0,6854.0,60977.0
2023-11-15,6843.0,6870.0,6813.0,6864.0,24382.0
2023-11-16,6882.0,6899.0,6770.0,6789.0,43940.0
2023-11-17,6786.0,6829.0,6755.0,6791.0,31621.0
2023-11-20,6803.0,6826.0,6781.0,6795.0,17521.0
2023-11-21,6795.0,6850.0,6755.0,6813.0,27613.0
2023-11-22,6812.0,6827.0,6770.0,6800.0,24498.0
2023-11-23,6781.0,6831.0,6719.0,6781.0,34625.0
2023-11-24,6784.0,6796.0,6733.0,6755.0,38239.0
2023-11-27,6763.0,6764.0,6655.0,6680.0,46242.0
2023-11-28,6705.0,6890.0,6654.0,6828.0,59841.0
2023-11-29,6823.0,6828.0,6737.0,6748.0,19144.0
2023-11-30,6753.0,6806.0,6695.0,6732.0,44381.0
2023-12-01,6730.0,6780.0,6668.0,6702.0,39664.0
2023-12-04,6702.0,6768.0,6600.0,6700.0,45728.0
2023-12-05,6700.0,6770.0,6658.0,6770.0,44653.0
2023-12-06,6769.0,6780.0,6617.0,6625.0,41699.0
2023-12-07,6634.0,6699.0,6605.0,6662.0,28819.0
2023-12-08,6662.0,6708.0,6660.0,6704.0,19797.0
2023-12-11,6700.0,6714.0,6631.0,6644.0,45950.0
2023-12-12,6651.0,6693.0,6603.0,6613.0,34897.0
2023-12-13,6604.0,6639.0,6554.0,6612.0,52560.0
2023-12-14,6613.0,6679.0,6568.0,6577.0,44706.0
2023-12-15,6591.0,6735.0,6575.0,6707.0,59201.0
2023-12-18,6733.0,6774.0,6691.0,6734.0,54680.0
2023-12-19,6734.0,6768.0,6701.0,6736.0,41311.0
2023-12-20,6745.0,6894.0,6740.0,6805.0,84472.0
2023-12-21,6807.0,6840.0,6761.0,6808.0,94717.0
2023-12-22,6806.0,6890.0,6770.0,6868.0,140711.0
2023-12-25,6617.0,6685.0,6588.0,6668.0,208665.0
2023-12-26,6670.0,6685.0,6626.0,6660.0,44855.0
2023-12-27,6656.0,6657.0,6571.0,6575.0,66662.0
2023-12-28,6576.0,6609.0,6560.0,6578.0,38390.0
2023-12-29,6593.0,6600.0,6565.0,6587.0,24785.0
2024-01-03,6602.0,6668.0,6595.0,6663.0,20139.0
2024-01-04,6679.0,6702.0,6641.0,6649.0,17346.0
2024-01-05,6655.0,6668.0,6632.0,6665.0,13240.0
2024-01-08,6679.0,6703.0,6671.0,6703.0,14796.0
2024-01-09,6705.0,6740.0,6648.0,6659.0,36293.0
2024-01-10,6670.0,6708.0,6650.0,6688.0,34622.0
2024-01-11,6693.0,6738.0,6666.0,6714.0,49151.0
2024-01-12,6714.0,6724.0,6676.0,6692.0,26075.0
2024-01-15,6694.0,6777.0,6682.0,6761.0,78562.0
2024-01-16,6761.0,6805.0,6718.0,6769.0,58952.0
2024-01-17,6770.0,6800.0,6750.0,6769.0,49304.0
2024-01-18,6769.0,6830.0,6758.0,6820.0,59103.0
2024-01-19,6830.0,6849.0,6724.0,6812.0,93138.0
2024-01-22,6812.0,6831.0,6779.0,6798.0,37873.0
2024-01-23,6800.0,6839.0,6790.0,6818.0,48367.0
2024-01-24,6824.0,6826.0,6729.0,6756.0,37706.0
2024-01-25,6761.0,6798.0,6722.0,6767.0,46096.0
2024-01-26,6767.0,6789.0,6750.0,6768.0,23143.0
2024-01-29,6770.0,6850.0,6754.0,6800.0,45753.0
2024-01-30,6810.0,6818.0,6708.0,6750.0,72412.0
2024-01-31,6753.0,6785.0,6736.0,6765.0,23512.0
2024-02-01,6770.0,6778.0,6751.0,6759.0,17720.0
2024-02-02,6759.0,6768.0,6720.0,6737.0,29897.0
2024-02-05,6740.0,6776.0,6736.0,6774.0,40302.0
2024-02-06,6775.0,6800.0,6767.0,6798.0,30413.0
2024-02-07,6798.0,6800.0,6751.0,6771.0,38005.0
2024-02-08,6779.0,6805.0,6755.0,6766.0,48226.0
2024-02-09,6772.0,6819.0,6764.0,6795.0,38190.0
2024-02-12,6795.0,6830.0,6790.0,6825.0,30790.0
2024-02-13,6830.0,6970.0,6824.0,6944.0,122881.0
2024-02-14,6964.0,7029.0,6884.0,6932.0,87952.0
2024-02-15,6938.0,6942.0,6871.0,6913.0,59521.0
2024-02-16,6925.0,6950.0,6841.0,6851.0,63692.0
2024-02-19,6852.0,6915.0,6845.0,6869.0,37952.0
2024-02-20,6870.0,6906.0,6700.0,6715.0,90360.0
2024-02-21,6716.0,6754.0,6621.0,6668.0,77306.0
2024-02-22,6669.0,6711.0,6660.0,6702.0,24827.0
2024-02-26,6727.0,6874.0,6706.0,6828.0,61428.0
2024-02-27,6821.0,6831.0,6714.0,6745.0,39007.0
2024-02-28,6746.0,6776.0,6692.0,6717.0,30574.0
2024-02-29,6718.0,6764.0,6677.0,6755.0,61296.0
2024-03-01,6755.0,6810.0,6731.0,6792.0,39237.0
2024-03-04,6793.0,6830.0,6719.0,6757.0,65408.0
2024-03-05,6751.0,6820.0,6719.0,6811.0,46062.0
2024-03-06,6820.0,6825.0,6760.0,6779.0,43283.0
2024-03-07,6762.0,6800.0,6744.0,6791.0,24449.0
2024-03-11,6802.0,6819.0,6731.0,6746.0,54486.0
2024-03-12,6746.0,6794.0,6722.0,6759.0,32207.0
2024-03-13,6771.0,6797.0,6745.0,6760.0,44429.0
2024-03-14,6760.0,6780.0,6708.0,6745.0,59559.0
2024-03-15,6749.0,6780.0,6746.0,6751.0,20320.0
2024-03-18,6760.0,6784.0,6685.0,6693.0,63044.0
2024-03-19,6696.0,6698.0,6630.0,6657.0,56870.0
2024-03-20,6657.0,6697.0,6610.0,6680.0,46819.0
2024-03-21,6688.0,6700.0,6629.0,6682.0,39938.0
2024-03-22,6681.0,6689.0,6605.0,6623.0,46287.0
2024-03-25,6623.0,6665.0,6584.0,6609.0,44855.0
2024-03-26,6610.0,6635.0,6593.0,6628.0,40871.0
2024-03-27,6633.0,6644.0,6600.0,6607.0,25554.0
2024-03-28,6612.0,6672.0,6601.0,6658.0,36807.0
2024-03-29,6659.0,6670.0,6597.0,6625.0,44465.0
2024-04-01,6631.0,6750.0,6631.0,6748.0,70793.0
2024-04-02,6750.0,6760.0,6693.0,6728.0,48279.0
2024-04-03,6728.0,6754.0,6693.0,6746.0,40941.0
2024-04-04,6740.0,6763.0,6701.0,6706.0,37365.0
2024-04-05,6706.0,6729.0,6650.0,6680.0,61240.0
2024-04-08,6710.0,6746.0,6700.0,6736.0,35048.0
2024-04-09,6735.0,6740.0,6670.0,6699.0,31424.0
2024-04-10,6699.0,6740.0,6673.0,6691.0,50891.0
2024-04-11,6692.0,6759.0,6650.0,6741.0,45965.0
2024-04-12,6741.0,6810.0,6738.0,6771.0,53977.0
2024-04-15,6777.0,6815.0,6750.0,6784.0,47923.0
2024-04-16,6800.0,6808.0,6721.0,6730.0,46217.0
2024-04-17,6751.0,6752.0,6688.0,6702.0,39780.0
2024-04-18,6705.0,6810.0,6700.0,6802.0,68518.0
2024-04-19,6802.0,6824.0,6750.0,6754.0,30310.0
2024-04-22,6757.0,6795.0,6748.0,6780.0,38414.0
2024-04-23,6790.0,6790.0,6698.0,6702.0,41901.0
2024-04-24,6715.0,6722.0,6659.0,6680.0,28518.0
2024-04-25,6681.0,6688.0,6603.0,6660.0,36219.0
2024-04-26,6666.0,6710.0,6600.0,6603.0,68066.0
2024-04-27,6614.0,6658.0,6576.0,6610.0,39468.0
2024-04-29,6628.0,6628.0,6583.0,6601.0,23371.0
2024-04-30,6604.0,6654.0,6602.0,6610.0,22190.0
2024-05-02,6626.0,6636.0,6610.0,6633.0,21450.0
2024-05-03,6618.0,6633.0,6602.0,6610.0,15174.0
2024-05-06,6610.0,6618.0,6550.0,6551.0,48950.0
2024-05-07,6554.0,6594.0,6530.0,6540.0,36401.0
2024-05-08,6558.0,6568.0,6530.0,6534.0,27701.0
2024-05-10,6534.0,6597.0,6502.0,6535.0,24756.0
2024-05-13,6540.0,6553.0,6505.0,6511.0,32862.0
2024-05-14,6510.0,6577.0,6506.0,6545.0,30418.0
2024-05-15,6545.0,6572.0,6511.0,6554.0,33438.0
2024-05-16,6565.0,6566.0,6515.0,6543.0,16952.0
2024-05-17,6544.0,6647.0,6519.0,6618.0,56830.0
2024-05-20,6619.0,6650.0,6572.0,6612.0,46359.0
2024-05-21,6593.0,6600.0,6460.0,6503.0,56251.0
2024-05-22,6505.0,6525.0,6333.0,6357.0,109535.0
2024-05-23,6356.0,6356.0,6135.0,6182.0,160344.0
2024-05-24,6191.0,6279.0,6182.0,6266.0,86654.0
2024-05-27,6289.0,6296.0,6200.0,6231.0,66812.0
2024-05-28,6247.0,6356.0,6000.0,6008.0,123721.0
2024-05-29,5996.0,6089.0,5891.0,6077.0,155943.0
2024-05-30,6081.0,6199.0,6001.0,6032.0,86141.0
2024-05-31,6026.0,6053.0,5920.0,5934.0,92485.0
2024-06-03,5942.0,6080.0,5656.0,5910.0,157024.0
2024-06-04,5911.0,6008.0,5788.0,5940.0,57545.0
2024-06-05,5941.0,6022.0,5817.0,5836.0,57977.0
2024-06-06,5849.0,5950.0,5805.0,5854.0,69298.0
2024-06-07,5854.0,6014.0,5833.0,6006.0,77272.0
2024-06-10,6046.0,6086.0,5842.0,5894.0,58807.0
2024-06-11,5882.0,5900.0,5717.0,5724.0,65120.0
2024-06-13,5499.0,5930.0,5449.0,5830.0,77959.0
2024-06-14,5851.0,5977.0,5811.0,5960.0,44692.0
2024-06-17,5977.0,6002.0,5826.0,5846.0,65076.0
2024-06-18,5846.0,5882.0,5750.0,5844.0,54405.0
2024-06-19,5849.0,5851.0,5655.0,5721.0,62792.0
2024-06-20,5735.0,6096.0,5720.0,6094.0,158466.0
2024-06-21,6099.0,6099.0,5940.0,6030.0,94275.0
2024-06-24,6031.0,6083.0,5934.0,5945.0,39613.0
2024-06-25,5955.0,5967.0,5830.0,5940.0,61751.0
2024-06-26,5949.0,5965.0,5842.0,5873.0,56275.0
2024-06-27,5876.0,5909.0,5804.0,5856.0,43068.0
2024-06-28,5861.0,5888.0,5835.0,5869.0,20484.0
2024-07-01,5871.0,5898.0,5830.0,5856.0,32454.0
2024-07-02,5862.0,6000.0,5844.0,5999.0,51332.0
2024-07-03,6000.0,6030.0,5937.0,6012.0,45422.0
2024-07-04,6019.0,6070.0,5869.0,5923.0,67698.0
2024-07-05,5936.0,5985.0,5881.0,5908.0,33169.0
2024-07-08,5935.0,6141.0,5921.0,5998.0,98654.0
2024-07-09,5985.0,6050.0,5839.0,5885.0,86771.0
2024-07-10,5870.0,5897.0,5459.0,5595.0,188160.0
2024-07-11,5338.0,5699.0,5204.0,5657.0,183874.0
2024-07-12,5643.0,5649.0,5481.0,5546.0,69765.0
2024-07-15,5551.0,5573.0,5350.0,5411.0,79841.0
2024-07-16,5411.0,5588.0,5353.0,5580.0,65588.0
2024-07-17,5578.0,5578.0,5404.0,5449.0,100422.0
2024-07-18,5449.0,5520.0,5421.0,5496.0,38372.0
2024-07-19,5516.0,5630.0,5490.0,5546.0,55000.0
2024-07-22,5572.0,5804.0,5559.0,5769.0,88854.0
2024-07-23,5769.0,5890.0,5680.0,5809.0,44801.0
2024-07-24,5818.0,5828.0,5690.0,5758.0,82732.0
2024-07-25,5758.0,5771.0,5700.0,5758.0,29779.0
2024-07-26,5758.0,5799.0,5668.0,5700.0,74884.0
2024-07-29,5699.0,5699.0,5455.0,5526.0,156633.0
2024-07-30,5560.0,5571.0,5472.0,5555.0,75581.0
2024-07-31,5569.0,5620.0,5505.0,5618.0,83127.0
2024-08-01,5619.0,5644.0,5567.0,5580.0,39259.0
2024-08-02,5580.0,5610.0,5524.0,5580.0,40976.0
2024-08-05,5502.0,5559.0,5457.0,5505.0,61972.0
2024-08-06,5515.0,5555.0,5410.0,5442.0,71507.0
2024-08-07,5451.0,5488.0,5370.0,5452.0,61528.0
2024-08-08,5460.0,5479.0,5376.0,5399.0,49828.0
2024-08-09,5409.0,5435.0,5390.0,5416.0,29666.0
2024-08-12,5418.0,5418.0,5313.0,5345.0,65439.0
2024-08-13,5345.0,5533.0,5339.0,5532.0,68432.0
2024-08-14,5532.0,5532.0,5415.0,5416.0,41231.0
2024-08-15,5419.0,5479.0,5393.0,5451.0,35720.0
2024-08-16,5452.0,5465.0,5363.0,5389.0,31612.0
2024-08-19,5399.0,5405.0,5321.0,5344.0,35652.0
2024-08-20,5351.0,5376.0,5293.0,5306.0,68899.0
2024-08-21,5321.0,5336.0,5282.0,5305.0,36239.0
2024-08-22,5306.0,5327.0,5191.0,5225.0,82841.0
2024-08-23,5229.0,5310.0,5058.0,5120.0,105670.0
2024-08-26,5196.0,5265.0,5166.0,5237.0,41501.0
2024-08-27,5237.0,5276.0,5170.0,5200.0,23683.0
2024-08-28,5200.0,5225.0,5100.0,5162.0,37992.0
2024-08-29,5163.0,5188.0,5125.0,5169.0,21801.0
2024-08-30,5174.0,5179.0,4921.0,4997.0,88093.0
2024-09-02,4957.0,4990.0,4796.0,4866.0,102830.0
2024-09-03,4861.0,5084.0,4843.0,4869.0,106729.0
2024-09-04,4877.0,5049.0,4851.0,5039.0,64867.0
2024-09-05,5060.0,5180.0,4966.0,5081.0,79998.0
2024-09-06,5081.0,5181.0,5028.0,5073.0,55175.0
2024-09-09,5078.0,5265.0,5077.0,5249.0,98927.0
2024-09-10,5250.0,5260.0,5076.0,5120.0,62610.0
2024-09-11,5130.0,5145.0,4970.0,4998.0,58203.0
2024-09-12,5005.0,5005.0,4884.0,4934.0,48799.0
2024-09-13,4933.0,5062.0,4842.0,5041.0,50186.0
2024-09-16,5044.0,5134.0,5028.0,5091.0,76255.0
2024-09-17,5104.0,5278.0,5095.0,5276.0,87345.0
2024-09-18,5288.0,5307.0,5150.0,5239.0,78962.0
2024-09-19,5240.0,5250.0,5154.0,5187.0,76312.0
2024-09-20,5080.0,5188.0,5079.0,5140.0,61406.0
2024-09-23,5154.0,5210.0,5130.0,5191.0,48725.0
2024-09-24,5209.0,5233.0,5101.0,5134.0,99755.0
2024-09-25,5137.0,5285.0,5104.0,5248.0,109050.0
2024-09-26,5248.0,5452.0,5228.0,5432.0,122497.0
2024-09-27,5453.0,5467.0,5347.0,5398.0,76513.0
2024-09-30,5404.0,5471.0,5344.0,5349.0,62610.0
2024-10-01,5349.0,5627.0,5330.0,5627.0,345852.0
2024-10-02,5617.0,5617.0,5468.0,5500.0,143695.0
2024-10-03,5500.0,5565.0,5394.0,5474.0,87553.0
2024-10-04,5481.0,5509.0,5431.0,5463.0,68083.0
2024-10-07,5463.0,5521.0,5395.0,5498.0,89049.0
2024-10-08,5507.0,5519.0,5412.0,5420.0,52715.0
2024-10-09,5424.0,5472.0,5401.0,5420.0,27645.0
2024-10-10,5427.0,5460.0,5403.0,5404.0,24019.0
2024-10-11,5398.0,5424.0,5281.0,5324.0,35349.0
2024-10-14,5324.0,5425.0,5225.0,5412.0,59776.0
2024-10-15,5417.0,5500.0,5381.0,5475.0,29191.0
2024-10-16,5478.0,5514.0,5450.0,5457.0,17615.0
2024-10-17,5454.0,5460.0,5398.0,5416.0,20542.0
2024-10-18,5426.0,5428.0,5361.0,5408.0,18935.0
2024-10-21,5390.0,5448.0,5390.0,5435.0,24815.0
2024-10-22,5428.0,5434.0,5306.0,5327.0,21056.0
2024-10-23,5320.0,5369.0,5286.0,5297.0,38985.0
2024-10-24,5300.0,5300.0,5240.0,5299.0,28970.0
2024-10-25,5315.0,5324.0,5184.0,5233.0,48434.0
2024-10-28,5223.0,5224.0,4888.0,5000.0,118670.0
2024-10-29,5024.0,5040.0,4894.0,5023.0,58707.0
2024-10-30,5032.0,5097.0,4962.0,4974.0,48086.0
2024-10-31,4982.0,5000.0,4882.0,4915.0,45983.0
2024-11-01,4934.0,4975.0,4881.0,4973.0,21666.0
2024-11-02,4987.0,5019.0,4980.0,5015.0,11499.0
2024-11-05,5015.0,5125.0,4998.0,5122.0,25213.0
2024-11-06,5197.0,5387.0,5192.0,5209.0,66707.0
2024-11-07,5209.0,5285.0,5119.0,5275.0,108337.0
2024-11-08,5287.0,5560.0,5277.0,5560.0,155444.0
2024-11-11,5609.0,5609.0,5440.0,5475.0,87282.0
2024-11-12,5481.0,5497.0,5421.0,5446.0,42307.0
2024-11-13,5456.0,5519.0,5309.0,5317.0,70844.0
2024-11-14,5344.0,5481.0,5340.0,5438.0,76546.0
2024-11-15,5438.0,5472.0,5347.0,5433.0,68009.0
2024-11-18,5351.0,5577.0,5331.0,5542.0,77549.0
2024-11-19,5574.0,5632.0,5333.0,5334.0,87852.0
2024-11-20,5362.0,5453.0,5267.0,5378.0,89481.0
2024-11-21,5375.0,5505.0,5291.0,5497.0,129866.0
2024-11-22,5509.0,5519.0,5310.0,5383.0,58769.0
2024-11-25,5400.0,5408.0,5280.0,5356.0,82139.0
2024-11-26,5353.0,5450.0,5180.0,5235.0,132334.0
2024-11-27,5234.0,5425.0,5101.0,5425.0,119229.0
2024-11-28,5429.0,5580.0,5366.0,5541.0,125848.0
2024-11-29,5553.0,5601.0,5480.0,5584.0,66826.0
2024-12-02,5592.0,5848.0,5584.0,5846.0,153413.0
2024-12-03,5848.0,5850.0,5708.0,5769.0,114985.0
2024-12-04,5774.0,5840.0,5518.0,5541.0,135616.0
2024-12-05,5547.0,5758.0,5431.0,5689.0,95684.0
2024-12-06,5699.0,5802.0,5560.0,5619.0,83783.0
2024-12-09,5636.0,5761.0,5544.0,5602.0,79431.0
2024-12-10,5603.0,5616.0,5430.0,5435.0,83863.0
2024-12-11,5428.0,5564.0,5408.0,5529.0,83057.0
2024-12-12,5534.0,5616.0,5451.0,5477.0,173669.0
2024-12-13,5477.0,5678.0,5473.0,5635.0,123256.0
2024-12-16,5634.0,5677.0,5543.0,5571.0,74839.0
2024-12-17,5570.0,5714.0,5560.0,5661.0,115536.0
2024-12-18,5666.0,5811.0,5661.0,5751.0,112250.0
2024-12-19,5761.0,5944.0,5656.0,5847.0,225681.0
2024-12-20,5753.0,6032.0,5661.0,5814.0,283947.0
2024-12-23,5842.0,6300.0,5759.0,6297.0,308610.0
2024-12-24,6298.0,6500.0,6201.0,6391.0,263989.0
2024-12-25,6360.0,6435.0,6188.0,6368.0,182459.0
2024-12-26,6363.0,6398.0,6236.0,6260.0,84475.0
2024-12-27,6265.0,6419.0,6212.0,6415.0,93409.0
2024-12-28,6406.0,6539.0,6335.0,6350.0,83507.0
2024-12-30,6380.0,6487.0,6342.0,6386.0,74634.0
2025-01-03,6404.0,6416.0,6262.0,6305.0,33423.0
2025-01-06,6304.0,6349.0,6265.0,6307.0,23333.0
2025-01-08,6320.0,6355.0,6307.0,6333.0,18543.0
2025-01-09,6333.0,6535.0,6272.0,6497.0,143038.0
2025-01-10,6505.0,6618.0,6502.0,6580.0,142905.0
2025-01-13,6588.0,6667.0,6476.0,6503.0,156089.0
2025-01-14,6509.0,6666.0,6400.0,6656.0,139307.0
2025-01-15,6680.0,6723.0,6632.0,6698.0,90452.0
2025-01-16,6702.0,6780.0,6662.0,6715.0,90714.0
2025-01-17,6714.0,6787.0,6671.0,6751.0,63544.0
2025-01-20,6771.0,6790.0,6681.0,6684.0,84287.0
2025-01-21,6714.0,6760.0,6616.0,6736.0,68461.0
2025-01-22,6729.0,6947.0,6725.0,6891.0,158847.0
2025-01-23,6880.0,7030.0,6836.0,7029.0,160351.0
2025-01-24,7024.0,7159.0,7024.0,7100.0,134058.0
2025-01-27,7090.0,7124.0,6893.0,6922.0,85527.0
2025-01-28,6935.0,7112.0,6861.0,6927.0,144958.0
2025-01-29,6927.0,7095.0,6900.0,7077.0,126721.0
2025-01-30,7085.0,7124.0,7040.0,7090.0,55239.0
2025-01-31,7091.0,7145.0,6996.0,7038.0,66673.0
2025-02-03,7036.0,7068.0,6992.0,7019.0,42533.0
2025-02-04,7030.0,7295.0,7030.0,7199.0,256291.0
2025-02-05,7230.0,7293.0,7113.0,7212.0,165713.0
2025-02-06,7215.0,7234.0,7137.0,7168.0,123381.0
2025-02-07,7181.0,7191.0,7116.0,7163.0,81957.0
2025-02-10,7165.0,7219.0,7121.0,7155.0,103499.0
2025-02-11,7157.0,7191.0,7024.0,7119.0,168734.0
2025-02-12,7109.0,7133.0,6741.0,6971.0,596917.0
2025-02-13,6985.0,7240.0,6668.0,6868.0,555328.0
2025-02-14,7200.0,7200.0,6362.0,6842.0,359304.0
2025-02-17,6840.0,7055.0,6817.0,7054.0,201681.0
2025-02-18,7056.0,7068.0,6921.0,6990.0,162924.0
2025-02-19,6980.0,7018.0,6845.0,6945.0,140719.0
2025-02-20,6950.0,6970.0,6855.0,6893.0,89304.0
2025-02-21,6890.0,6986.0,6855.0,6929.0,87045.0
2025-02-24,6941.0,6970.0,6899.0,6946.0,55314.0
2025-02-25,6969.0,7000.0,6822.0,6872.0,121043.0
2025-02-26,6894.0,6925.0,6827.0,6852.0,94479.0
2025-02-27,6852.0,6884.0,6751.0,6765.0,57936.0
2025-02-28,6772.0,6818.0,6652.0,6775.0,80677.0
2025-03-01,6802.0,6823.0,6771.0,6803.0,2231.0
2025-03-02,6803.0,6885.0,6796.0,6832.0,6168.0
2025-03-03,6837.0,6854.0,6620.0,6710.0,61031.0
2025-03-04,6713.0,6820.0,6701.0,6744.0,63689.0
2025-03-05,6777.0,6909.0,6718.0,6798.0,111825.0
2025-03-06,6822.0,6906.0,6683.0,6700.0,82624.0
2025-03-07,6701.0,6768.0,6510.0,6700.0,75898.0
2025-03-10,6715.0,6799.0,6700.0,6700.0,40081.0
2025-03-11,6707.0,6723.0,6675.0,6703.0,27981.0
2025-03-12,6703.0,6715.0,6558.0,6606.0,47411.0
2025-03-13,6620.0,6620.0,6511.0,6592.0,80895.0
2025-03-14,6583.0,6594.0,6479.0,6531.0,76911.0
2025-03-15,6500.0,6554.0,6500.0,6545.0,3471.0
2025-03-16,6552.0,6607.0,6549.0,6604.0,4874.0
2025-03-17,6608.0,6677.0,6589.0,6664.0,57759.0
2025-03-18,6663.0,6737.0,6659.0,6698.0,73860.0
2025-03-19,6698.0,6723.0,6610.0,6650.0,51578.0
2025-03-20,6660.0,6683.0,6515.0,6577.0,75816.0
2025-03-21,6580.0,6650.0,6570.0,6633.0,57759.0
2025-03-24,6637.0,6686.0,6537.0,6549.0,49908.0
2025-03-25,6543.0,6987.0,6425.0,6947.0,709595.0
2025-03-26,6990.0,7021.0,6690.0,6796.0,480037.0
2025-03-27,6797.0,6814.0,6591.0,6630.0,170715.0
2025-03-28,6648.0,6706.0,6500.0,6501.0,94483.0
2025-03-29,6531.0,6534.0,6376.0,6407.0,19457.0
2025-03-30,6417.0,6427.0,6376.0,6376.0,5890.0
2025-03-31,6337.0,6548.0,6300.0,6393.0,148952.0
2025-04-01,6414.0,6480.0,6286.0,6289.0,76017.0
2025-04-02,6309.0,6364.0,6239.0,6345.0,83792.0
2025-04-03,6367.0,6384.0,5942.0,6023.0,177641.0
2025-04-04,6120.0,6144.0,5792.0,5827.0,236527.0
2025-04-05,5766.0,5974.0,5721.0,5932.0,32857.0
2025-04-06,5941.0,5981.0,5902.0,5950.0,12891.0
2025-04-07,5931.0,6003.0,5500.0,5996.0,174584.0
2025-04-08,5994.0,6230.0,5866.0,5903.0,151075.0
2025-04-09,5929.0,6046.0,5755.0,6020.0,183147.0
2025-04-10,6035.0,6150.0,5977.0,6097.0,81830.0
2025-04-11,6100.0,6260.0,6100.0,6198.0,67685.0
2025-04-12,6209.0,6265.0,6201.0,6258.0,7821.0
2025-04-13,6286.0,6420.0,6260.0,6407.0,33935.0
2025-04-14,6363.0,6379.0,5992.0,6089.0,141614.0
2025-04-15,6081.0,6129.0,6046.0,6125.0,40579.0
2025-04-16,6124.0,6195.0,6024.0,6170.0,73576.0
2025-04-17,6174.0,6262.0,6167.0,6262.0,52552.0
2025-04-18,6232.0,6260.0,6086.0,6165.0,43500.0
2025-04-21,6176.0,6248.0,6166.0,6218.0,31552.0
2025-04-22,6235.0,6286.0,6174.0,6253.0,52830.0
2025-04-23,6260.0,6339.0,6161.0,6318.0,88842.0
2025-04-24,6318.0,6415.0,6310.0,6348.0,44012.0
2025-04-25,6371.0,6408.0,6294.0,6354.0,74249.0
2025-04-26,6356.0,6390.0,6320.0,6354.0,4882.0
2025-04-27,6354.0,6380.0,6349.0,6369.0,2333.0
2025-04-28,6380.0,6384.0,6272.0,6296.0,53288.0
2025-04-29,6300.0,6351.0,6197.0,6203.0,65885.0
2025-04-30,6220.0,6220.0,6003.0,6150.0,89378.0
2025-05-02,6143.0,6143.0,5974.0,5988.0,31055.0
2025-05-03,6012.0,6032.0,5980.0,6006.0,4078.0
2025-05-04,6024.0,6077.0,5993.0,6059.0,4609.0
2025-05-05,6057.0,6108.0,5900.0,5914.0,38889.0
2025-05-06,5934.0,6034.0,5885.0,5963.0,59764.0
2025-05-07,5988.0,6277.0,5970.0,6263.0,102445.0
2025-05-08,6284.0,6284.0,6186.0,6205.0,43281.0
2025-05-10,6213.0,6244.0,6174.0,6196.0,4222.0
2025-05-11,6231.0,6266.0,6220.0,6258.0,5183.0
2025-05-12,6261.0,6370.0,6232.0,6307.0,40741.0
2025-05-13,6307.0,6436.0,6255.0,6419.0,59649.0
2025-05-14,6426.0,6468.0,6283.0,6289.0,127124.0
2025-05-15,6288.0,6365.0,6201.0,6344.0,115902.0
2025-05-16,6343.0,6643.0,6339.0,6617.0,306178.0
2025-05-17,6646.0,6699.0,6603.0,6681.0,37831.0
2025-05-18,6701.0,6730.0,6690.0,6709.0,15849.0
2025-05-19,6719.0,6719.0,6551.0,6571.0,114145.0
2025-05-20,6570.0,6605.0,6492.0,6530.0,47776.0
2025-05-21,6536.0,6619.0,6502.0,6572.0,59982.0
2025-05-22,6583.0,6598.0,6320.0,6401.0,132559.0
2025-05-23,6400.0,6491.0,6358.0,6447.0,39545.0
2025-05-26,6435.0,6440.0,6300.0,6313.0,41786.0
2025-05-27,6319.0,6367.0,6208.0,6358.0,45681.0
2025-05-28,6358.0,6440.0,6291.0,6405.0,85316.0
2025-05-29,6405.0,6437.0,6272.0,6293.0,85604.0
2025-05-30,6310.0,6410.0,6280.0,6373.0,39711.0
2025-05-31,6382.0,6410.0,6382.0,6400.0,2505.0
2025-06-01,6401.0,6403.0,6215.0,6260.0,20809.0
2025-06-02,6280.0,6483.0,6266.0,6439.0,82543.0
2025-06-03,6452.0,6624.0,6450.0,6572.0,60134.0
2025-06-04,6610.0,6674.0,6486.0,6520.0,79764.0
2025-06-05,6524.0,6600.0,6454.0,6510.0,45344.0
2025-06-06,6535.0,6581.0,6378.0,6445.0,83811.0
2025-06-09,6395.0,6395.0,6135.0,6223.0,68011.0
2025-06-10,6236.0,6247.0,6068.0,6076.0,55773.0
2025-06-11,6087.0,6246.0,6062.0,6189.0,56036.0
2025-06-13,6220.0,6237.0,6155.0,6162.0,14408.0
2025-06-14,6162.0,6197.0,6160.0,6195.0,1829.0
2025-06-15,6200.0,6215.0,6163.0,6190.0,3066.0
2025-06-16,6200.0,6262.0,6124.0,6212.0,33339.0
2025-06-17,6209.0,6299.0,6197.0,6283.0,40115.0
2025-06-18,6298.0,6325.0,6263.0,6306.0,21990.0
2025-06-19,6306.0,6330.0,6241.0,6264.0,54621.0
2025-06-20,6268.0,6349.0,6250.0,6309.0,31751.0
2025-06-23,6315.0,6335.0,6229.0,6276.0,46002.0
2025-06-24,6267.0,6450.0,6235.0,6418.0,58694.0
2025-06-25,6438.0,6466.0,6350.0,6388.0,59059.0
2025-06-26,6386.0,6473.0,6350.0,6381.0,50640.0
2025-06-27,6396.0,6429.0,6335.0,6395.0,78822.0
2025-06-28,6392.0,6395.0,6360.0,6360.0,8204.0
2025-06-29,6360.0,6378.0,6346.0,6358.0,6113.0
2025-06-30,6350.0,6385.0,6299.0,6319.0,70022.0
2025-07-01,6316.0,6325.0,6155.0,6189.0,104952.0
2025-07-02,6199.0,6211.0,6017.0,6085.0,109398.0
2025-07-03,6085.0,6102.0,6032.0,6048.0,103527.0
2025-07-04,6048.0,6048.0,5979.0,6019.0,62919.0
2025-07-05,6035.0,6038.0,6018.0,6032.0,1987.0
2025-07-06,6025.0,6029.0,6009.0,6011.0,1942.0
2025-07-07,6017.0,6068.0,5987.0,6040.0,31069.0
2025-07-08,6033.0,6112.0,5995.0,6002.0,66679.0
2025-07-09,5997.0,6085.0,5960.0,6010.0,35781.0
2025-07-10,6013.0,6037.0,5995.0,6015.0,28555.0
2025-07-11,6015.0,6021.0,5815.0,5823.0,51850.0
2025-07-12,5847.0,5902.0,5830.0,5881.0,5003.0
2025-07-13,5901.0,5920.0,5860.0,5871.0,2440.0
2025-07-14,5863.0,5986.0,5780.0,5980.0,64339.0
2025-07-15,5964.0,6156.0,5964.0,6113.0,51602.0
2025-07-16,6118.0,6249.0,6118.0,6170.0,61392.0
2025-07-17,6170.0,6246.0,6170.0,6192.0,50278.0
2025-07-18,6192.0,6272.0,6170.0,6257.0,51240.0
2025-07-19,6245.0,6278.0,6220.0,6247.0,3191.0
2025-07-20,6257.0,6264.0,6232.0,6239.0,2802.0
2025-07-21,6249.0,6292.0,6208.0,6211.0,44426.0
2025-07-22,6211.0,6350.0,6181.0,6348.0,76615.0
2025-07-23,6343.0,6530.0,6334.0,6529.0,150287.0
2025-07-24,6510.0,6550.0,6352.0,6426.0,118692.0
2025-07-25,6415.0,6508.0,6362.0,6391.0,62493.0
2025-07-26,6411.0,6411.0,6384.0,6402.0,1246.0
2025-07-27,6398.0,6410.0,6369.0,6372.0,2407.0
2025-07-28,6369.0,6450.0,6285.0,6362.0,60935.0
2025-07-29,6346.0,6645.0,6342.0,6583.0,220396.0
2025-07-30,6581.0,6601.0,6425.0,6451.0,106732.0
2025-07-31,6465.0,6500.0,6380.0,6408.0,41644.0
2025-08-01,6437.0,6519.0,6409.0,6485.0,43840.0
2025-08-04,6480.0,6544.0,6447.0,6537.0,55800.0
2025-08-05,6538.0,6619.0,6495.0,6618.0,52702.0
2025-08-06,6618.0,6735.0,6589.0,6695.0,160565.0
2025-08-07,6697.0,6821.0,6696.0,6805.0,155472.0
2025-08-08,6819.0,7014.0,6814.0,7000.0,158185.0
2025-08-11,7051.0,7133.0,6912.0,6988.0,162822.0
2025-08-12,6998.0,7025.0,6921.0,7000.0,69874.0
2025-08-13,6999.0,7077.0,6993.0,7026.0,81578.0
2025-08-14,7033.0,7044.0,6990.0,7018.0,54305.0
2025-08-15,7018.0,7095.0,7010.0,7051.0,71434.0
2025-08-16,6982.0,7040.0,6980.0,7005.0,17568.0
2025-08-17,7000.0,7011.0,6985.0,6990.0,5277.0
2025-08-18,6990.0,7091.0,6981.0,7048.0,86377.0
2025-08-19,7050.0,7114.0,7016.0,7062.0,91368.0
2025-08-20,7072.0,7095.0,7002.0,7028.0,44359.0
2025-08-21,7035.0,7053.0,6953.0,6983.0,58505.0
2025-08-22,7000.0,7049.0,6972.0,7042.0,44877.0
2025-08-23,7048.0,7065.0,7040.0,7045.0,4499.0
2025-08-24,7045.0,7062.0,7035.0,7057.0,2484.0
2025-08-25,7059.0,7110.0,6885.0,6940.0,90417.0
2025-08-26,6943.0,7020.0,6871.0,7009.0,100222.0
2025-08-27,7008.0,7050.0,6988.0,7017.0,54710.0
2025-08-28,7027.0,7042.0,6977.0,7008.0,51496.0
2025-08-29,7010.0,7037.0,6951.0,6995.0,29879.0
2025-08-30,6991.0,7012.0,6981.0,6982.0,2707.0
2025-08-31,6990.0,7013.0,6990.0,7010.0,2450.0
2025-09-01,7004.0,7040.0,6980.0,6997.0,37901.0
2025-09-02,7000.0,7018.0,6890.0,6970.0,76510.0
2025-09-03,6977.0,6977.0,6896.0,6934.0,43118.0
2025-09-04,6939.0,6948.0,6818.0,6851.0,97047.0
2025-09-05,6852.0,6894.0,6851.0,6888.0,41190.0
2025-09-06,6883.0,6899.0,6874.0,6896.0,4241.0
2025-09-07,6898.0,6905.0,6890.0,6904.0,2564.0
2025-09-08,6905.0,7040.0,6901.0,7031.0,76647.0
2025-09-09,7042.0,7158.0,7023.0,7129.0,197938.0
2025-09-10,7131.0,7195.0,7067.0,7164.0,167027.0
2025-09-11,7164.0,7223.0,7134.0,7197.0,134818.0
2025-09-12,7198.0,7240.0,7104.0,7116.0,182267.0
2025-09-13,7116.0,7140.0,7014.0,7033.0,14518.0
2025-09-14,7044.0,7073.0,7033.0,7066.0,4736.0
2025-09-15,7066.0,7119.0,6937.0,7011.0,120838.0
2025-09-16,7041.0,7104.0,6923.0,7026.0,88387.0
2025-09-17,7028.0,7049.0,6970.0,7001.0,51597.0
2025-09-18,7001.0,7016.0,6921.0,6939.0,61051.0
2025-09-19,6950.0,6965.0,6898.0,6903.0,51616.0
2025-09-22,6909.0,7083.0,6852.0,7074.0,93451.0
2025-09-23,7063.0,7121.0,7001.0,7020.0,100817.0
2025-09-24,7020.0,7158.0,6985.0,7116.0,115501.0
2025-09-25,7140.0,7221.0,7059.0,7171.0,138480.0
2025-09-26,7172.0,7230.0,7092.0,7154.0,86702.0
2025-09-27,7161.0,7175.0,7147.0,7155.0,5749.0
2025-09-28,7145.0,7179.0,7142.0,7161.0,3262.0
2025-09-29,7161.0,7378.0,7150.0,7310.0,296580.0
2025-09-30,7278.0,7330.0,7143.0,7182.0,184273.0
2025-10-01,6920.0,6949.0,6850.0,6883.0,145014.0
2025-10-02,6883.0,6893.0,6565.0,6589.0,143358.0
2025-10-03,6600.0,6846.0,6590.0,6740.0,165569.0
2025-10-04,6719.0,6725.0,6650.0,6705.0,9023.0
2025-10-05,6705.0,6741.0,6705.0,6729.0,3414.0
2025-10-06,6729.0,6888.0,6692.0,6847.0,85718.0
2025-10-07,6846.0,6998.0,6802.0,6914.0,84183.0
2025-10-08,6915.0,6979.0,6785.0,6899.0,102964.0
2025-10-09,6898.0,6947.0,6768.0,6880.0,107161.0
2025-10-10,6913.0,6967.0,6835.0,6839.0,73767.0
2025-10-11,6840.0,6933.0,6802.0,6853.0,9424.0
2025-10-12,6850.0,6888.0,6836.0,6872.0,2869.0
2025-10-13,6895.0,6936.0,6814.0,6875.0,53662.0
2025-10-14,6888.0,6902.0,6640.0,6696.0,80018.0
2025-10-15,6706.0,6810.0,6690.0,6757.0,43264.0
2025-10-16,6768.0,6988.0,6695.0,6973.0,115363.0
2025-10-17,6989.0,7000.0,6860.0,6948.0,63451.0
2025-10-18,6970.0,6999.0,6952.0,6984.0,10135.0
2025-10-19,6973.0,6986.0,6952.0,6965.0,2646.0
2025-10-20,6965.0,7118.0,6931.0,7049.0,71353.0
2025-10-21,7049.0,7082.0,6886.0,7020.0,103462.0
2025-10-22,6995.0,7080.0,6933.0,6986.0,51825.0
2025-10-23,6968.0,7038.0,6860.0,6956.0,64480.0
2025-10-24,6974.0,7100.0,6962.0,6999.0,56760.0
2025-10-27,6998.0,6998.0,6792.0,6815.0,71009.0
2025-10-28,6805.0,6883.0,6767.0,6819.0,39291.0
2025-10-29,6829.0,6850.0,6723.0,6755.0,49723.0
2025-10-30,6750.0,6831.0,6739.0,6800.0,51984.0
2025-10-31,6807.0,6834.0,6700.0,6726.0,50889.0
2025-11-01,6744.0,6760.0,6677.0,6690.0,25832.0
2025-11-03,6712.0,6759.0,6696.0,6727.0,18549.0
2025-11-05,6750.0,6766.0,6677.0,6707.0,49513.0
2025-11-06,6709.0,6723.0,6654.0,6701.0,34833.0
2025-11-07,6707.0,6782.0,6663.0,6743.0,34071.0
2025-11-08,6771.0,6774.0,6755.0,6768.0,1444.0
2025-11-09,6774.0,6779.0,6747.0,6772.0,2152.0
2025-11-10,6772.0,6795.0,6590.0,6650.0,77189.0
2025-11-11,6660.0,6712.0,6621.0,6685.0,41488.0
2025-11-12,6688.0,6711.0,6602.0,6661.0,30396.0
2025-11-13,6662.0,6730.0,6633.0,6693.0,36729.0
2025-11-14,6698.0,6711.0,6600.0,6644.0,29868.0
2025-11-15,6645.0,6661.0,6643.0,6643.0,1332.0
2025-11-16,6645.0,6673.0,6620.0,6632.0,2108.0
2025-11-17,6644.0,6688.0,6601.0,6643.0,40114.0
2025-11-18,6626.0,6762.0,6530.0,6587.0,97996.0
2025-11-19,6607.0,6760.0,6551.0,6708.0,137142.0
2025-11-20,6715.0,6751.0,6522.0,6726.0,106784.0
2025-11-21,6745.0,6749.0,6640.0,6671.0,64679.0
2025-11-24,6706.0,6743.0,6501.0,6525.0,91496.0
2025-11-25,6525.0,6618.0,6502.0,6580.0,53639.0
2025-11-26,6600.0,6643.0,6538.0,6606.0,30170.0
2025-11-27,6605.0,6665.0,6520.0,6581.0,34220.0
2025-11-28,6581.0,6650.0,6552.0,6570.0,46448.0
2025-11-29,6570.0,6600.0,6570.0,6595.0,1572.0
2025-11-30,6605.0,6613.0,6597.0,6602.0,1825.0
2025-12-01,6610.0,6627.0,6540.0,6562.0,31151.0
2025-12-02,6568.0,6601.0,6542.0,6569.0,34827.0
2025-12-03,6543.0,6609.0,6515.0,6586.0,31094.0
2025-12-04,6590.0,6625.0,6546.0,6564.0,31568.0
2025-12-05,6574.0,6584.0,6528.0,6540.0,84736.0
2025-12-08,6549.0,6565.0,6363.0,6416.0,147533.0
2025-12-09,6414.0,6448.0,6358.0,6407.0,119721.0
2025-12-10,6423.0,6427.0,6367.0,6396.0,55678.0
2025-12-11,6409.0,6475.0,6377.0,6455.0,82251.0
2025-12-12,6456.0,6485.0,6412.0,6417.0,43397.0
2025-12-13,6430.0,6447.0,6415.0,6445.0,3290.0
2025-12-14,6445.0,6447.0,6430.0,6442.0,1673.0
2025-12-15,6442.0,6467.0,6397.0,6442.0,54456.0
2025-12-16,6449.0,6481.0,6441.0,6467.0,45189.0
2025-12-17,6467.0,6483.0,6429.0,6454.0,52503.0
2025-12-18,6460.0,6470.0,6375.0,6403.0,70252.0
2025-12-19,6410.0,6445.0,6334.0,6371.0,64745.0
2025-12-20,6370.0,6388.0,6370.0,6384.0,3446.0
2025-12-21,6391.0,6400.0,6381.0,6395.0,2586.0
2025-12-22,6395.0,6400.0,6334.0,6359.0,51868.0
2025-12-23,6351.0,6371.0,6246.0,6275.0,69240.0
2025-12-24,6290.0,6293.0,6144.0,6162.0,100826.0
2025-12-25,6162.0,6370.0,6056.0,6318.0,209146.0
2025-12-26,6335.0,6492.0,6297.0,6475.0,122961.0
2025-12-27,6475.0,6489.0,6418.0,6452.0,14322.0
2025-12-28,6466.0,6479.0,6430.0,6452.0,4107.0
2025-12-29,6461.0,6500.0,6320.0,6363.0,86753.0
2025-12-30,6378.0,6392.0,6316.0,6369.0,44603.0
2026-01-05,6355.0,6476.0,6273.0,6452.0,35886.0
2026-01-06,6455.0,6476.0,6400.0,6432.0,14902.0
2026-01-08,6422.0,6422.0,6372.0,6390.0,13249.0
2026-01-09,6388.0,6413.0,6360.0,6372.0,11315.0
2026-01-12,6370.0,6489.0,6360.0,6415.0,35845.0
2026-01-13,6406.0,6431.0,6301.0,6343.0,23190.0
2026-01-14,6353.0,6406.0,6284.0,6305.0,25770.0
2026-01-15,6320.0,6332.0,6266.0,6322.0,26121.0
2026-01-16,6318.0,6370.0,6310.0,6360.0,29552.0
2026-01-17,6360.0,6382.0,6354.0,6370.0,2019.0
2026-01-18,6372.0,6399.0,6365.0,6386.0,3442.0
2026-01-19,6392.0,6428.0,6367.0,6380.0,49185.0
2026-01-20,6399.0,6408.0,6300.0,6404.0,41561.0
2026-01-21,6400.0,6469.0,6365.0,6465.0,73211.0
2026-01-22,6466.0,6477.0,6400.0,6441.0,53943.0
2026-01-23,6441.0,6547.0,6410.0,6488.0,126916.0
2026-01-24,6491.0,6518.0,6425.0,6481.0,9799.0
2026-01-25,6485.0,6499.0,6475.0,6495.0,3761.0
2026-01-26,6496.0,6500.0,6380.0,6400.0,55006.0
2026-01-27,6413.0,6444.0,6367.0,6432.0,29571.0
2026-01-28,6432.0,6488.0,6428.0,6447.0,39806.0
2026-01-29,6457.0,6540.0,6448.0,6499.0,69667.0
2026-01-30,6499.0,6525.0,6400.0,6440.0,43429.0
2026-01-31,6430.0,6459.0,6430.0,6452.0,2262.0
2026-02-01,6452.0,6466.0,6445.0,6460.0,2510.0
2026-02-02,6460.0,6461.0,6353.0,6415.0,46673.0
2026-02-03,6429.0,6465.0,6398.0,6411.0,30480.0
2026-02-04,6441.0,6488.0,6405.0,6438.0,41005.0
2026-02-05,6436.0,6446.0,6360.0,6437.0,38744.0
2026-02-06,6430.0,6449.0,6370.0,6392.0,33573.0
2026-02-07,6394.0,6403.0,6390.0,6394.0,1595.0
2026-02-08,6404.0,6423.0,6393.0,6410.0,3025.0
2026-02-09,6414.0,6424.0,6360.0,6375.0,36311.0
2026-02-10,6392.0,6397.0,6315.0,6319.0,25108.0
2026-02-11,6333.0,6398.0,6318.0,6386.0,28878.0
2026-02-12,6400.0,6454.0,6373.0,6421.0,33029.0
2026-02-13,6422.0,6436.0,6355.0,6395.0,49967.0
2026-02-16,6391.0,6418.0,6323.0,6340.0,38160.0
2026-02-17,6357.0,6498.0,6338.0,6481.0,136758.0
2026-02-18,6481.0,6589.0,6429.0,6562.0,90668.0
2026-02-19,6561.0,6710.0,6544.0,6655.0,131652.0
2026-02-20,6669.0,6735.0,6645.0,6661.0,71547.0
2026-02-21,6667.0,6697.0,6660.0,6673.0,4168.0
2026-02-22,6688.0,6700.0,6661.0,6670.0,4340.0
2026-02-23,6674.0,6678.0,6660.0,6677.0,3111.0
2026-02-24,6677.0,6747.0,6615.0,6691.0,59704.0
2026-02-25,6696.0,6904.0,6665.0,6899.0,149561.0
2026-02-26,6901.0,7006.0,6830.0,6870.0,128356.0
2026-02-27,6887.0,6959.0,6856.0,6920.0,64270.0
2026-02-28,6908.0,6935.0,6857.0,6883.0,13429.0
2026-03-01,6882.0,6917.0,6861.0,6891.0,7230.0
2026-03-02,6890.0,7011.0,6880.0,6960.0,103386.0
2026-03-03,6941.0,7021.0,6920.0,6970.0,101100.0
2026-03-04,6969.0,7136.0,6961.0,7103.0,168086.0
2026-03-05,7103.0,7165.0,7024.0,7095.0,87503.0
2026-03-06,7095.0,7153.0,7043.0,7140.0,75574.0
2026-03-09,7160.0,7389.0,6976.0,7043.0,206987.0
2026-03-10,7111.0,7330.0,7076.0,7167.0,207607.0
2026-03-11,7180.0,7376.0,7143.0,7367.0,284742.0
2026-03-12,7369.0,7380.0,7200.0,7326.0,228874.0
2026-03-13,7326.0,7409.0,7218.0,7259.0,281257.0
2026-03-14,7265.0,7350.0,7265.0,7326.0,36077.0
2026-03-15,7326.0,7407.0,7283.0,7350.0,31780.0
2026-03-16,7355.0,7500.0,7325.0,7405.0,394947.0
2026-03-17,7414.0,7563.0,7412.0,7563.0,292563.0
2026-03-18,7560.0,7620.0,7479.0,7582.0,336027.0
2026-03-19,7585.0,7937.0,7585.0,7766.0,750277.0
2026-03-20,7793.0,7889.0,7640.0,7697.0,322031.0
2026-03-23,7735.0,7865.0,7453.0,7600.0,406279.0
2026-03-24,7605.0,7695.0,7390.0,7469.0,223475.0
2026-03-25,7475.0,7500.0,7371.0,7447.0,187821.0
2026-03-26,7452.0,7611.0,7445.0,7511.0,208883.0
2026-03-27,7513.0,7549.0,7280.0,7355.0,243311.0
2026-03-28,7303.0,7329.0,7186.0,7193.0,71782.0
2026-03-29,7170.0,7340.0,7154.0,7321.0,67222.0
2026-03-30,7333.0,7460.0,7202.0,7346.0,263334.0
2026-03-31,7351.0,7480.0,7301.0,7471.0,130211.0
2026-04-01,7472.0,7554.0,7254.0,7295.0,200532.0
2026-04-02,7310.0,7382.0,7104.0,7187.0,166077.0
2026-04-03,7196.0,7247.0,7060.0,7180.0,179281.0
2026-04-04,7198.0,7231.0,7135.0,7224.0,12041.0
2026-04-05,7223.0,7224.0,7173.0,7202.0,9825.0
2026-04-06,7214.0,7282.0,7140.0,7185.0,117456.0
2026-04-07,7186.0,7357.0,7150.0,7272.0,133064.0
2026-04-08,7147.0,7149.0,7022.0,7062.0,140052.0
2026-04-09,7074.0,7096.0,6920.0,6952.0,97398.0
2026-04-10,6952.0,6990.0,6807.0,6815.0,106740.0
2026-04-11,6817.0,6835.0,6778.0,6810.0,10758.0
2026-04-12,6858.0,7016.0,6857.0,7016.0,60397.0
2026-04-13,7051.0,7095.0,6868.0,6919.0,159647.0
2026-04-14,6919.0,6932.0,6782.0,6873.0,84341.0
2026-04-15,6872.0,6968.0,6796.0,6916.0,84671.0
2026-04-16,6912.0,7038.0,6896.0,6973.0,77647.0
2026-04-17,6973.0,7047.0,6826.0,6881.0,102882.0
2026-04-18,6887.0,6968.0,6886.0,6961.0,11268.0
2026-04-19,6961.0,7013.0,6961.0,6984.0,11968.0
2026-04-20,7004.0,7087.0,6948.0,7054.0,94155.0
2026-04-21,7045.0,7150.0,7000.0,7148.0,117841.0
2026-04-22,7147.0,7189.0,7087.0,7120.0,84410.0
2026-04-23,7120.0,7148.0,7018.0,7045.0,71292.0
2026-04-24,7045.0,7105.0,6917.0,7019.0,72604.0
