Date,Open,High,Low,Close,Volume
2007-06-29,657.0,657.0,657.0,657.0,66.0
2007-07-02,669.0,669.0,669.0,669.0,1.0
2007-07-03,662.0,662.0,662.0,662.0,3.0
2007-07-04,645.0,645.0,639.0,639.0,27.0
2007-07-05,666.0,745.17,652.0,657.0,10538.0
2007-07-06,600.01,657.4,600.01,657.4,261.0
2007-07-09,650.0,675.0,650.0,675.0,53.0
2007-07-10,699.99,699.99,678.2,678.2,3.0
2007-07-11,661.0,710.0,661.0,697.0,145.0
2007-07-12,671.6,720.0,671.6,714.0,138.0
2007-07-13,740.0,1010.3,730.0,940.0,236.0
2007-07-16,819.94,819.94,819.94,819.94,88.0
2007-07-17,819.94,819.94,715.08,770.0,1068.0
2007-07-18,800.0,800.0,721.01,721.01,280.0
2007-07-19,755.0,790.0,725.06,753.0,190.0
2007-07-20,766.0,766.0,750.0,766.0,87.0
2007-07-23,759.0,759.0,740.0,758.89,328.0
2007-07-24,769.88,769.88,769.88,769.88,1.0
2007-07-25,730.0,750.0,730.0,750.0,12.0
2007-07-26,745.0,745.0,734.0,734.0,124.0
2007-07-27,700.0,744.99,700.0,744.99,40.0
2007-07-30,749.99,800.0,749.99,800.0,157.0
2007-07-31,737.0,800.0,737.0,800.0,4.0
2007-08-01,760.0,760.0,760.0,760.0,20.0
2007-08-07,755.0,755.0,755.0,755.0,1.0
2007-08-08,730.0,730.0,730.0,730.0,1.0
2007-08-09,736.0,736.0,736.0,736.0,1.0
2007-08-10,725.0,725.0,725.0,725.0,1.0
2007-08-13,710.0,710.0,633.0,660.0,1969.0
2007-08-14,655.01,663.6,650.0,663.6,1323.0
2007-08-15,658.0,659.0,658.0,659.0,80.0
2007-08-16,660.0,660.0,605.1,625.0,90.0
2007-08-17,636.0,636.0,635.0,636.0,92.0
2007-08-20,635.0,635.0,635.0,635.0,50.0
2007-08-21,650.0,650.0,645.0,648.2,100.0
2007-08-22,645.0,661.5,645.0,661.5,1003.0
2007-08-23,672.54,672.54,650.0,650.0,48.0
2007-08-24,640.0,680.0,640.0,680.0,309.0
2007-08-27,680.0,730.0,670.0,730.0,209.0
2007-08-28,725.0,725.0,719.0,719.0,106.0
2007-08-29,700.0,700.0,700.0,700.0,16.0
2007-08-30,620.0,720.0,620.0,710.0,11.0
2007-08-31,710.0,717.0,681.0,714.0,540.0
2007-09-03,709.0,709.0,709.0,709.0,6.0
2007-09-04,720.0,720.0,720.0,720.0,1.0
2007-09-05,715.0,720.0,715.0,720.0,3.0
2007-09-06,724.0,724.0,724.0,724.0,1.0
2007-09-07,715.0,725.0,715.0,725.0,5.0
2007-09-11,700.0,700.0,662.07,673.32,44.0
2007-09-12,699.0,706.64,660.01,706.64,412.0
2007-09-14,703.0,703.0,703.0,703.0,1.0
2007-09-17,660.0,660.0,660.0,660.0,3.0
2007-09-18,699.0,700.0,699.0,700.0,3.0
2007-09-19,685.0,690.0,685.0,690.0,19.0
2007-09-20,690.0,702.5,690.0,692.5,140224.0
2007-09-21,700.0,700.0,700.0,700.0,6.0
2007-09-24,696.5,700.0,696.5,700.0,7323.0
2007-09-25,667.04,679.99,630.0,679.99,59.0
2007-09-26,694.99,694.99,694.0,694.0,2.0
2007-09-27,680.99,680.99,680.99,680.99,1.0
2007-09-28,660.0,710.0,660.0,710.0,542.0
2007-10-01,705.0,705.0,699.5,700.0,334.0
2007-10-02,700.0,700.0,680.01,680.01,3.0
2007-10-03,690.0,709.9,680.0,699.98,74.0
2007-10-04,698.0,750.0,698.0,714.0,10290.0
2007-10-05,730.0,784.2,706.0,750.0,480.0
2007-10-08,775.0,775.0,730.02,745.01,431.0
2007-10-09,740.02,774.0,720.0,772.0,87.0
2007-10-10,760.0,998.0,750.0,851.24,2257.0
2007-10-11,855.0,897.0,770.0,770.0,2916.0
2007-10-12,800.0,829.0,750.0,750.0,1933.0
2007-10-15,760.0,775.0,709.01,716.79,2472.0
2007-10-16,716.79,720.01,708.0,712.52,79.0
2007-10-17,740.0,740.0,707.0,710.0,1191.0
2007-10-18,705.0,715.0,690.0,714.93,523.0
2007-10-19,727.95,775.0,712.18,720.0,171.0
2007-10-22,715.0,731.0,715.0,728.99,89.0
2007-10-23,715.0,737.99,711.0,728.06,249.0
2007-10-24,720.0,720.0,700.0,711.0,232.0
2007-10-25,711.0,733.0,710.0,711.0,5026.0
2007-10-26,719.0,726.0,701.0,716.98,2906.0
2007-10-29,705.0,713.0,695.0,701.0,2292.0
2007-10-30,702.0,702.0,683.0,699.9,2467.0
2007-10-31,706.99,706.99,693.2,699.97,98.0
2007-11-01,711.99,711.99,660.0,665.0,10796.0
2007-11-02,670.0,681.0,660.0,666.59,5931.0
2007-11-06,688.99,730.0,665.0,720.0,6073.0
2007-11-07,727.0,766.99,717.0,720.0,7587.0
2007-11-08,715.0,728.49,710.06,720.0,1223.0
2007-11-09,720.0,722.99,705.01,717.0,564.0
2007-11-12,721.16,721.16,705.11,712.9,215.0
2007-11-13,708.0,729.88,705.17,720.0,1223.0
2007-11-14,720.02,720.02,690.0,705.0,1969.0
2007-11-15,705.0,716.99,705.0,710.25,351.0
2007-11-16,692.02,717.5,692.02,717.5,206.0
2007-11-19,716.0,716.0,706.01,710.1,41.0
2007-11-20,706.6,711.0,700.0,700.0,543.0
2007-11-21,702.0,710.9,691.01,700.45,292.0
2007-11-22,703.0,703.0,690.0,700.5,305.0
2007-11-23,703.5,706.73,696.0,706.7,259.0
2007-11-26,715.0,716.77,710.0,710.0,176.0
2007-11-27,717.0,717.0,700.12,700.5,258.0
2007-11-28,699.5,704.77,698.5,704.77,102.0
2007-11-29,707.9,711.0,697.02,709.8,947.0
2007-11-30,719.0,750.0,709.0,727.99,1083.0
2007-12-03,730.0,760.0,720.0,742.01,2666.0
2007-12-04,745.0,760.0,741.0,741.0,6110.0
2007-12-05,752.99,760.0,736.0,745.11,4504.0
2007-12-06,754.98,784.99,740.0,751.97,1495.0
2007-12-07,748.01,755.99,747.5,755.0,354.0
2007-12-10,760.0,770.01,750.0,755.0,3617.0
2007-12-11,755.99,764.0,715.3,747.9,12756.0
2007-12-12,742.34,755.0,730.0,750.0,250447.0
2007-12-13,749.99,750.0,729.02,745.0,200457.0
2007-12-14,739.0,745.0,735.0,740.0,187.0
2007-12-17,740.0,743.0,735.0,743.0,585.0
2007-12-18,739.39,740.0,730.02,735.0,3569.0
2007-12-19,739.98,740.0,725.0,728.0,202179.0
2007-12-20,749.99,754.0,725.8,745.99,140550.0
2007-12-21,726.22,755.0,726.22,751.0,543609.0
2007-12-24,749.8,749.97,732.0,741.27,36920.0
2007-12-25,742.0,745.0,740.0,741.03,978.0
2007-12-26,743.89,748.0,736.02,736.04,288.0
2007-12-27,736.15,749.62,736.1,740.0,1566.0
2007-12-28,737.0,740.0,736.01,739.97,6499.0
2008-01-09,740.0,750.0,740.0,740.0,579.0
2008-01-10,740.0,755.0,729.97,744.5,335.0
2008-01-11,744.99,745.0,738.52,743.0,685.0
2008-01-14,746.0,799.9,746.0,775.0,3444.0
2008-01-15,790.0,792.0,778.3,780.0,1009.0
2008-01-16,775.0,775.0,736.0,740.0,2900.0
2008-01-17,757.0,777.76,740.0,750.0,475.0
2008-01-18,741.0,741.0,673.23,718.0,27094.0
2008-01-21,718.0,768.51,671.0,695.0,3488.0
2008-01-22,690.0,733.98,606.0,661.0,6595.0
2008-01-23,692.5,725.0,655.0,664.0,8302.0
2008-01-24,699.99,699.99,665.01,693.0,2983.0
2008-01-25,693.0,698.84,690.0,691.5,14752.0
2008-01-28,675.0,688.99,606.0,671.0,27955.0
2008-01-29,683.0,683.0,666.0,675.0,1194.0
2008-01-30,670.0,699.0,663.02,668.1,10960.0
2008-01-31,680.1,698.04,635.0,675.0,3740.0
2008-02-01,655.0,705.8,655.0,700.0,1472.0
2008-02-04,714.65,739.0,707.01,707.02,4274.0
2008-02-05,709.0,741.0,709.0,735.0,17683.0
2008-02-06,710.01,724.0,700.0,719.0,1369.0
2008-02-07,725.0,725.0,700.0,722.99,291.0
2008-02-08,710.0,710.0,688.0,700.0,161.0
2008-02-11,701.23,708.98,681.0,690.0,7509.0
2008-02-12,699.99,713.9,695.0,712.5,15543.0
2008-02-13,700.0,700.0,690.0,700.0,3641.0
2008-02-14,707.0,709.99,689.9,699.49,5366.0
2008-02-15,697.0,697.0,686.12,691.91,52.0
2008-02-18,697.0,699.99,696.01,699.98,300.0
2008-02-19,704.99,706.99,704.99,705.0,273.0
2008-02-20,700.93,700.93,696.04,696.04,4.0
2008-02-21,685.0,735.0,685.0,703.11,278.0
2008-02-22,686.08,730.0,685.07,724.99,1108.0
2008-02-26,719.4,724.4,719.4,724.4,894.0
2008-02-27,734.8,734.8,701.0,724.5,85.0
2008-02-28,718.99,737.0,681.11,710.0,456.0
2008-02-29,724.0,727.0,690.0,714.95,331.0
2008-03-03,690.0,699.99,665.16,686.0,3462.0
2008-03-04,681.0,699.5,661.5,672.75,9659.0
2008-03-05,670.97,680.02,659.0,663.0,1610.0
2008-03-06,668.98,668.98,650.0,664.0,1390.0
2008-03-07,665.0,674.0,627.0,635.0,1637.0
2008-03-11,644.87,675.98,640.0,663.0,247.0
2008-03-12,663.0,673.0,650.0,669.5,141.0
2008-03-13,669.0,675.0,655.0,669.0,117.0
2008-03-14,674.0,680.0,655.11,665.0,4364.0
2008-03-17,655.6,671.5,630.0,660.0,511.0
2008-03-18,650.0,664.0,635.0,650.0,512.0
2008-03-19,650.0,650.0,630.03,634.0,1163.0
2008-03-20,630.0,630.01,555.01,611.0,916.0
2008-03-21,611.0,625.0,610.0,623.0,852.0
2008-03-24,581.0,620.0,580.0,605.0,6673.0
2008-03-25,605.0,619.99,598.0,615.99,1486.0
2008-03-26,610.0,619.98,591.0,601.0,271.0
2008-03-27,609.89,609.89,590.0,590.0,4493.0
2008-03-28,588.82,609.99,585.02,598.94,9779.0
2008-03-31,585.0,590.0,567.61,572.0,415.0
2008-04-01,582.0,595.0,574.0,590.0,229.0
2008-04-02,577.0,594.0,577.0,585.0,107.0
2008-04-03,590.0,615.0,590.0,602.0,1548.0
2008-04-04,595.0,595.0,575.0,585.0,1021.0
2008-04-07,580.0,610.0,580.0,605.0,777.0
2008-04-08,604.9,607.0,590.0,590.0,648.0
2008-04-09,590.0,611.0,579.99,605.0,2568.0
2008-04-10,605.0,619.99,600.0,619.27,5148.0
2008-04-11,620.0,620.0,600.0,605.99,462.0
2008-04-14,585.01,600.0,575.0,585.0,1995.0
2008-04-15,590.0,605.0,581.14,605.0,1089.0
2008-04-16,600.0,609.0,600.0,609.0,93.0
2008-04-17,609.0,609.0,600.0,608.0,110.0
2008-04-18,602.09,610.04,600.0,610.0,2928.0
2008-04-21,604.0,620.0,604.0,617.0,1203.0
2008-04-22,622.0,629.0,615.0,628.0,12613.0
2008-04-23,628.0,649.0,622.3,641.16,71163.0
2008-04-24,647.57,650.0,626.0,631.0,3792.0
2008-04-25,634.8,635.0,626.01,635.0,383.0
2008-04-28,639.0,643.89,630.0,630.0,155.0
2008-04-29,640.0,675.0,640.0,660.0,27478.0
2008-04-30,665.0,689.0,650.01,675.0,17248.0
2008-05-04,659.0,670.0,645.03,656.01,1420.0
2008-05-05,651.0,651.0,620.0,632.9,736.0
2008-05-06,631.98,660.0,605.01,660.0,7931.0
2008-05-07,655.0,671.0,641.0,650.0,2046.0
2008-05-08,650.0,674.0,650.0,655.0,1542.0
2008-05-12,655.0,655.0,636.05,638.0,502.0
2008-05-13,643.88,654.0,625.03,636.97,1044.0
2008-05-14,635.0,642.0,621.0,635.0,3212.0
2008-05-15,634.78,640.01,625.0,628.5,442.0
2008-05-16,628.01,632.75,619.99,630.0,4149.0
2008-05-19,650.0,675.03,635.0,665.0,8155.0
2008-05-20,669.0,699.0,669.0,689.99,1475.0
2008-05-21,693.07,693.07,680.0,690.0,572.0
2008-05-22,675.03,696.5,675.0,694.4,78.0
2008-05-23,685.0,694.9,680.0,694.9,52.0
2008-05-26,692.0,712.5,682.05,694.89,483.0
2008-05-27,688.0,688.0,666.0,667.0,314.0
2008-05-28,661.01,685.0,655.0,664.97,1437.0
2008-05-29,675.0,683.99,651.0,683.99,1273.0
2008-05-30,680.0,693.0,671.0,680.0,1702.0
2008-06-02,675.0,675.0,666.0,666.0,56.0
2008-06-03,680.0,718.8,680.0,710.0,6284.0
2008-06-04,700.0,719.35,680.0,711.0,8980.0
2008-06-05,715.0,719.0,683.0,689.0,10501.0
2008-06-06,680.11,685.0,656.0,670.5,4235.0
2008-06-07,670.0,670.0,656.0,666.0,1978.0
2008-06-09,670.0,693.95,661.0,667.74,2436.0
2008-06-10,689.0,689.0,616.45,667.0,3332.0
2008-06-11,670.0,670.0,656.0,669.99,117.0
2008-06-16,661.01,663.0,661.0,663.0,45.0
2008-06-17,674.0,684.0,670.0,670.0,1113.0
2008-06-18,674.0,680.0,661.01,670.0,4045.0
2008-06-19,660.0,674.0,646.0,674.0,261.0
2008-06-20,677.77,677.77,661.5,663.01,82.0
2008-06-23,671.0,671.0,656.0,656.0,2060.0
2008-06-24,655.01,655.01,650.0,650.0,125.0
2008-06-25,650.1,650.1,640.0,641.0,187.0
2008-06-26,648.99,649.0,635.0,635.0,367.0
2008-06-27,630.05,630.1,625.0,625.0,165.0
2008-06-30,626.0,626.0,616.5,620.99,124.0
2008-07-01,618.2,618.2,584.0,608.0,2129.0
2008-07-02,591.0,624.94,590.0,610.0,2231.0
2008-07-03,610.0,610.0,590.05,609.6,86.0
2008-07-04,592.0,600.0,592.0,600.0,8.0
2008-07-07,620.0,620.0,605.0,605.0,1189.0
2008-07-08,600.01,600.01,590.0,590.01,250.0
2008-07-09,599.91,607.9,585.0,600.0,107.0
2008-07-10,592.01,604.0,580.0,590.0,993.0
2008-07-11,612.75,620.0,586.0,586.0,2104.0
2008-07-14,590.0,596.75,580.0,580.01,64.0
2008-07-15,580.01,580.01,500.0,555.55,827.0
2008-07-16,559.55,559.55,537.0,540.0,473.0
2008-07-17,549.77,588.0,549.77,560.01,1040.0
2008-07-18,546.0,575.02,546.0,575.0,217.0
2008-07-21,577.0,577.0,560.0,570.0,54.0
2008-07-22,542.0,569.99,541.07,569.99,911.0
2008-07-23,560.0,560.0,546.0,546.81,1002.0
2008-07-24,544.03,577.0,518.7,575.0,157.0
2008-07-25,521.13,550.0,521.12,550.0,966.0
2008-07-28,565.0,566.0,540.0,565.98,458.0
2008-07-29,518.75,541.5,501.0,535.85,135.0
2008-07-30,556.9,556.9,502.32,552.0,205.0
2008-07-31,512.19,554.0,512.19,540.01,75.0
2008-08-04,539.99,539.99,520.0,534.0,310.0
2008-08-05,530.0,539.0,530.0,535.0,252.0
2008-08-06,562.0,566.0,512.0,549.99,214.0
2008-08-07,547.99,548.0,526.02,540.0,499.0
2008-08-08,540.0,540.0,512.01,512.01,118.0
2008-08-11,505.09,560.01,440.0,518.12,1772.0
2008-08-12,515.1,573.73,514.0,555.49,846.0
2008-08-13,547.0,584.0,547.0,579.9,2252.0
2008-08-14,545.0,574.0,541.1,565.0,4221.0
2008-08-15,566.0,566.0,550.0,550.0,14.0
2008-08-18,568.99,568.99,549.0,550.0,229.0
2008-08-19,569.9,570.0,515.0,516.0,292.0
2008-08-20,501.0,515.17,486.0,493.0,668.0
2008-08-21,493.0,496.99,477.4,496.0,39.0
2008-08-22,490.0,490.0,437.01,439.0,1921.0
2008-08-25,458.99,469.0,450.0,450.0,11980.0
2008-08-26,450.0,475.0,440.1,470.0,4454.0
2008-08-27,479.0,490.0,465.1,465.51,129.0
2008-08-28,445.15,459.84,440.0,457.91,658.0
2008-08-29,457.02,464.9,436.0,445.0,224.0
2008-09-01,461.9,469.0,461.0,468.99,59.0
2008-09-02,468.0,479.49,436.0,479.49,271.0
2008-09-03,490.0,490.0,446.58,450.01,95.0
2008-09-04,480.0,480.0,443.0,443.0,155.0
2008-09-05,421.0,485.0,415.5,460.0,3838.0
2008-09-08,436.0,470.0,436.0,470.0,3518.0
2008-09-09,431.99,494.0,431.99,450.0,1064.0
2008-09-10,433.0,450.0,370.0,417.0,7410.0
2008-09-11,399.0,450.0,395.0,449.99,317.0
2008-09-12,390.0,415.0,390.0,402.01,1685.0
2008-09-15,409.99,410.0,300.02,320.0,2134.0
2008-09-16,329.0,330.0,300.0,310.29,1444.0
2008-09-17,322.0,322.0,312.0,312.0,282.0
2008-09-19,319.71,349.0,313.52,321.0,174.0
2008-09-22,340.0,349.0,305.32,315.0,750.0
2008-09-23,299.69,300.0,275.02,279.0,3029.0
2008-09-24,299.95,299.95,260.0,292.0,1793.0
2008-09-25,270.0,284.96,221.01,223.5,9036.0
2008-09-26,225.0,235.0,188.0,197.0,1848.0
2008-09-29,192.0,194.0,170.0,170.0,2236.0
2008-09-30,155.0,169.0,130.0,139.5,4309.0
2008-10-01,139.99,150.08,139.52,142.8,1199.0
2008-10-02,144.23,149.98,126.0,130.09,368.0
2008-10-03,137.0,144.99,130.06,130.1,405.0
2008-10-06,130.0,130.0,106.2,106.2,164.0
2008-10-07,120.0,129.98,111.11,127.99,210.0
2008-10-08,128.12,128.12,115.01,115.01,31.0
2008-10-09,134.99,141.77,115.0,115.0,520.0
2008-10-13,120.0,120.0,112.01,112.2,4802.0
2008-10-14,115.87,120.57,112.0,114.52,19151.0
2008-10-15,118.2,118.2,100.03,114.0,21977.0
2008-10-16,110.0,115.75,90.03,90.12,7259.0
2008-10-17,99.0,105.0,85.27,95.41,1372.0
2008-10-20,105.0,109.0,87.05,97.8,4673.0
2008-10-21,100.0,115.87,95.01,112.0,3898.0
2008-10-22,113.0,119.0,96.05,112.0,4053.0
2008-10-23,97.05,123.0,97.05,110.0,7722.0
2008-10-24,114.99,120.0,102.0,102.13,4693.0
2008-10-28,100.01,108.0,95.67,97.84,1884.0
2008-10-29,98.82,105.0,93.06,96.0,1898.0
2008-10-30,96.87,103.95,95.04,98.99,18105.0
2008-10-31,98.83,101.77,97.85,97.92,832.0
2008-11-01,99.82,100.0,85.0,98.99,1376.0
2008-11-05,100.0,105.0,96.0,99.0,8467.0
2008-11-06,98.83,103.95,95.0,98.7,1884.0
2008-11-07,98.6,100.0,95.02,100.0,774.0
2008-11-10,99.99,100.0,93.05,96.89,1527.0
2008-11-11,96.87,100.0,95.0,95.5,219.0
2008-11-13,85.0,88.44,69.0,69.0,2446.0
2008-11-17,75.37,75.37,46.55,55.0,6558.0
2008-11-19,51.0,57.49,32.9,35.12,14022.0
2008-11-21,35.73,35.73,24.99,27.0,8608.0
2008-11-25,36.81,36.81,30.01,35.0,4344.0
2008-11-27,36.0,40.0,33.04,38.98,96320.0
2008-11-28,39.97,47.0,36.57,46.0,28082.0
2008-12-01,43.11,60.14,43.0,60.14,26199.0
2008-12-03,42.1,42.1,42.1,42.1,7986.0
2008-12-05,32.0,45.5,31.02,40.0,42672.0
2008-12-08,42.0,43.0,38.56,39.49,7407.0
2008-12-09,39.0,39.0,36.2,36.4,14990.0
2008-12-10,37.0,37.0,33.0,34.4,26037.0
2008-12-11,34.45,36.0,32.5,34.3,16351.0
2008-12-12,33.0,34.05,28.0,30.8,53310.0
2008-12-15,29.25,30.88,28.0,28.6,71617.0
2008-12-16,28.32,31.91,27.87,30.41,27029.0
2008-12-17,30.44,31.99,29.13,30.02,55149.0
2008-12-18,31.48,31.48,27.52,28.0,71828.0
2008-12-19,28.0,31.0,27.1,30.0,41144.0
2008-12-22,29.47,34.0,28.01,28.99,87812.0
2008-12-23,28.99,29.98,28.57,28.99,45641.0
2008-12-24,29.1,30.0,28.62,29.0,44526.0
2008-12-25,28.7,28.7,27.53,28.0,33428.0
2008-12-26,28.0,29.0,27.55,28.64,70922.0
2008-12-29,28.0,29.5,27.65,28.51,58905.0
2008-12-30,28.9,29.1,28.1,28.5,23089.0
2008-12-31,28.5,28.5,27.98,28.0,8712.0
2009-01-11,28.8,31.0,28.7,30.21,69872.0
2009-01-12,30.0,30.77,29.21,30.29,51218.0
2009-01-13,30.0,30.2,27.25,28.44,122132.0
2009-01-14,28.06,28.69,26.9,27.0,80613.0
2009-01-15,27.0,27.67,24.9,25.5,63068.0
2009-01-16,25.66,26.69,25.14,26.16,11946.0
2009-01-19,26.44,27.0,22.63,24.0,76557.0
2009-01-20,24.21,25.98,23.3,24.7,36362.0
2009-01-21,24.75,24.75,22.01,24.0,51200.0
2009-01-22,23.5,24.99,23.12,23.89,28539.0
2009-01-23,24.18,24.6,23.38,23.6,22763.0
2009-01-26,23.75,24.3,23.0,23.9,50829.0
2009-01-27,23.89,24.68,23.23,23.5,33071.0
2009-01-28,23.5,23.5,22.01,23.45,26667.0
2009-01-29,23.3,23.75,22.0,22.8,34424.0
2009-01-30,22.79,23.0,22.0,22.35,41529.0
2009-02-02,22.4,22.67,21.8,22.08,24774.0
2009-02-03,22.11,22.34,21.1,21.76,16814.0
2009-02-04,21.55,24.9,21.0,24.5,92048.0
2009-02-05,24.0,26.18,21.99,25.18,131016.0
2009-02-06,25.59,29.96,25.41,28.24,57081.0
2009-02-09,29.64,31.9,28.5,30.3,145196.0
2009-02-10,30.29,30.29,25.52,27.0,94035.0
2009-02-11,27.25,29.7,24.0,28.03,367248.0
2009-02-12,27.88,30.5,26.5,27.89,54188.0
2009-02-13,28.5,34.0,24.6,27.53,693524.0
2009-02-16,27.88,29.45,25.56,26.67,81449.0
2009-02-17,26.9,26.98,23.8,23.99,155181.0
2009-02-18,23.8,27.5,22.35,23.31,559775.0
2009-02-19,23.4,25.0,22.71,24.0,154830.0
2009-02-20,24.0,24.0,23.0,23.78,34514.0
2009-02-24,22.99,23.5,22.1,22.97,50282.0
2009-02-25,22.97,24.88,21.8,21.95,204385.0
2009-02-26,22.0,22.73,21.9,22.14,163020.0
2009-02-27,22.0,23.35,21.4,22.95,149479.0
2009-03-02,22.3,23.88,20.0,21.0,152694.0
2009-03-03,21.85,21.94,20.0,20.4,129001.0
2009-03-04,20.4,21.3,19.6,20.01,203384.0
2009-03-05,20.01,20.4,19.4,19.61,98240.0
2009-03-06,19.5,20.17,19.5,20.07,52139.0
2009-03-10,20.0,20.7,19.92,20.5,102348.0
2009-03-11,20.6,20.77,20.32,20.4,35126.0
2009-03-12,20.53,20.8,20.05,20.52,62714.0
2009-03-13,20.78,21.2,20.4,20.54,125664.0
2009-03-16,20.0,20.89,19.61,20.58,218062.0
2009-03-17,20.84,21.7,20.18,21.45,130309.0
2009-03-18,21.79,24.89,21.79,23.5,402222.0
2009-03-19,23.99,28.9,23.78,28.2,710422.0
2009-03-20,28.98,36.54,28.98,36.54,1123683.0
2009-03-23,42.5,47.37,37.9,41.0,1483504.0
2009-03-24,41.56,42.0,32.1,38.74,646282.0
2009-03-25,38.9,42.7,37.0,41.8,627172.0
2009-03-26,42.0,50.5,40.2,49.99,1131993.0
2009-03-27,50.99,56.8,42.5,46.0,904860.0
2009-03-30,43.8,44.9,39.1,42.7,419267.0
2009-03-31,42.7,49.0,42.7,44.9,276809.0
2009-04-01,45.1,47.63,43.5,46.1,303223.0
2009-04-02,47.1,48.78,44.9,45.5,326807.0
2009-04-03,46.0,47.9,44.05,45.49,124968.0
2009-04-06,46.7,47.0,43.52,44.3,167853.0
2009-04-07,44.1,44.5,41.01,42.9,67360.0
2009-04-08,42.49,43.47,40.01,43.3,122081.0
2009-04-09,43.9,45.96,41.65,45.12,236980.0
2009-04-10,45.3,47.25,45.0,47.25,278005.0
2009-04-13,47.01,48.68,45.75,47.2,262632.0
2009-04-14,47.2,61.37,47.0,58.5,1006792.0
2009-04-15,58.0,67.0,57.5,62.5,533227.0
2009-04-16,63.6,64.99,57.02,58.41,253325.0
2009-04-17,58.07,61.5,57.75,59.31,347833.0
2009-04-20,58.82,60.6,51.9,55.0,279504.0
2009-04-21,54.5,58.48,53.28,54.4,293718.0
2009-04-22,54.55,55.95,53.82,55.95,205893.0
2009-04-23,55.95,66.66,55.95,60.77,849976.0
2009-04-24,61.71,65.2,58.5,60.5,281853.0
2009-04-27,60.0,62.4,57.51,59.88,136773.0
2009-04-28,59.7,59.7,54.01,57.9,273317.0
2009-04-29,60.8,61.97,56.53,61.0,334637.0
2009-04-30,62.1,66.0,60.01,60.9,323033.0
2009-05-04,61.0,63.97,60.01,62.1,405066.0
2009-05-05,63.1,63.1,61.0,61.6,267822.0
2009-05-06,61.6,65.0,58.0,64.7,325877.0
2009-05-07,65.95,79.5,65.5,72.66,1249115.0
2009-05-08,74.0,78.0,71.5,76.0,539410.0
2009-05-12,73.75,78.2,71.01,77.59,445495.0
2009-05-13,78.6,83.99,66.55,67.0,733820.0
2009-05-14,64.0,66.5,57.03,60.9,1138117.0
2009-05-15,63.87,77.68,63.2,76.5,2757990.0
2009-05-18,72.0,75.8,70.22,71.39,1043481.0
2009-05-19,73.01,73.75,68.03,69.56,598212.0
2009-05-20,69.2,72.49,68.05,71.23,517810.0
2009-05-21,71.0,71.0,66.0,66.1,408428.0
2009-05-22,66.13,68.47,64.55,65.5,386404.0
2009-05-25,65.51,66.0,60.22,64.96,842023.0
2009-05-26,65.0,65.0,57.5,60.6,1062809.0
2009-05-27,62.0,62.6,58.0,58.3,710155.0
2009-05-28,58.12,60.0,55.18,57.31,403846.0
2009-05-29,58.09,62.85,57.17,59.47,957547.0
2009-06-01,60.1,61.99,59.47,60.6,1024954.0
2009-06-02,61.0,61.35,57.75,58.75,1047097.0
2009-06-03,59.3,59.89,54.64,55.44,836188.0
2009-06-04,55.0,56.7,52.03,53.98,898548.0
2009-06-05,54.3,56.8,53.67,54.58,611440.0
2009-06-08,54.0,55.0,52.1,53.31,340100.0
2009-06-09,53.5,55.3,52.81,55.25,426082.0
2009-06-10,55.51,61.8,55.51,58.9,1810545.0
2009-06-11,59.5,61.2,57.22,58.75,558609.0
2009-06-15,59.07,59.07,54.67,55.8,475315.0
2009-06-16,55.7,57.0,53.55,56.5,367397.0
2009-06-17,55.7,56.75,52.81,53.48,333044.0
2009-06-18,53.4,53.5,47.0,50.85,554604.0
2009-06-19,50.85,51.79,48.51,49.97,324263.0
2009-06-22,50.3,50.99,41.32,42.13,555821.0
2009-06-23,41.56,42.5,36.21,40.0,588083.0
2009-06-24,40.97,45.95,40.8,45.0,718210.0
2009-06-25,44.77,46.0,42.9,44.31,321646.0
2009-06-26,45.5,45.6,43.3,44.49,214384.0
2009-06-29,44.5,45.49,43.37,44.43,112652.0
2009-06-30,45.0,45.2,41.0,42.1,173701.0
2009-07-01,42.44,43.89,41.85,43.28,167869.0
2009-07-02,42.51,42.94,41.0,42.37,143346.0
2009-07-03,42.3,42.4,40.01,41.66,189322.0
2009-07-06,39.91,40.88,38.6,39.2,158966.0
2009-07-07,39.7,41.9,39.0,39.6,160522.0
2009-07-08,38.99,39.11,37.3,37.75,212832.0
2009-07-09,37.4,38.61,37.11,37.49,157951.0
2009-07-10,37.11,37.4,35.4,36.29,130131.0
2009-07-13,35.2,37.21,34.41,36.34,235706.0
2009-07-14,37.21,37.94,35.85,36.0,304544.0
2009-07-15,36.0,38.1,35.56,37.9,363157.0
2009-07-16,38.3,38.3,36.15,36.48,248339.0
2009-07-17,36.97,37.99,36.6,37.56,206164.0
2009-07-20,37.96,39.46,37.3,38.97,163709.0
2009-07-21,39.17,43.3,38.03,41.45,688701.0
2009-07-22,41.55,44.37,41.01,41.47,492289.0
2009-07-23,42.0,43.99,41.66,43.9,367292.0
2009-07-24,44.0,45.96,42.8,45.96,439851.0
2009-07-27,46.43,52.0,45.5,50.4,917683.0
2009-07-28,51.2,54.85,48.0,48.36,1144666.0
2009-07-29,47.2,50.3,45.9,49.91,737715.0
2009-07-30,49.9,53.99,49.1,53.9,722227.0
2009-07-31,54.6,55.49,51.01,53.89,654725.0
2009-08-03,55.0,57.15,53.31,56.0,654207.0
2009-08-04,55.0,55.0,51.12,52.0,989947.0
2009-08-05,51.0,54.47,49.02,53.2,1114849.0
2009-08-06,53.55,55.72,52.16,53.45,386479.0
2009-08-07,52.77,54.75,51.18,54.7,343506.0
2009-08-10,55.97,59.97,55.36,57.4,1497383.0
2009-08-11,58.0,58.0,54.11,54.39,384485.0
2009-08-12,54.0,55.8,52.33,55.45,289288.0
2009-08-13,56.0,56.99,54.17,55.87,432973.0
2009-08-14,56.0,56.15,53.0,53.59,274274.0
2009-08-17,51.48,53.2,50.5,52.44,410292.0
2009-08-18,52.9,53.55,51.5,52.39,171363.0
2009-08-19,51.8,52.79,50.92,51.82,131488.0
2009-08-20,52.5,52.78,51.31,52.75,124540.0
2009-08-21,52.46,54.6,51.52,54.55,223546.0
2009-08-24,55.0,58.29,54.11,57.27,690614.0
2009-08-25,56.28,58.75,56.0,57.74,328160.0
2009-08-26,58.0,60.85,56.96,57.7,614115.0
2009-08-27,57.5,59.11,56.01,56.52,343717.0
2009-08-28,57.27,58.94,57.01,58.52,194371.0
2009-08-31,57.8,59.5,57.0,57.34,97604.0
2009-09-01,57.98,60.1,57.0,58.1,261133.0
2009-09-02,57.0,57.17,55.11,55.56,257224.0
2009-09-03,55.8,56.93,54.52,55.5,172380.0
2009-09-04,56.01,56.39,54.59,55.23,137556.0
2009-09-07,55.25,58.45,55.24,58.26,265492.0
2009-09-08,58.29,60.0,58.14,59.3,423159.0
2009-09-09,59.15,63.97,58.41,63.0,802669.0
2009-09-10,63.02,65.1,61.5,64.0,751058.0
2009-09-11,64.0,65.7,62.61,64.88,344308.0
2009-09-14,64.0,64.9,60.55,62.93,592603.0
2009-09-15,63.2,64.65,62.99,63.0,479005.0
2009-09-16,63.7,63.9,61.21,61.74,454981.0
2009-09-17,62.5,79.91,62.5,79.91,2651587.0
2009-09-18,97.0,103.0,80.05,81.99,7217823.0
2009-09-21,84.0,84.9,76.66,81.3,2030470.0
2009-09-22,82.0,83.99,79.16,81.97,1037825.0
2009-09-23,81.55,83.85,80.61,82.99,1171132.0
2009-09-24,82.0,82.96,80.0,80.21,611356.0
2009-09-25,80.0,104.96,80.0,104.0,8162143.0
2009-09-28,103.0,111.79,94.3,107.32,5556382.0
2009-09-29,108.0,109.9,104.0,106.01,899624.0
2009-09-30,107.0,121.99,104.55,115.0,2796265.0
2009-10-01,115.0,128.0,114.0,127.39,3216883.0
2009-10-02,124.8,125.57,108.35,120.89,2561916.0
2009-10-05,120.5,133.7,105.0,123.0,2037223.0
2009-10-06,124.11,130.5,124.0,130.49,1465199.0
2009-10-07,131.65,143.1,128.11,132.74,1838666.0
2009-10-08,137.0,139.0,131.0,134.0,1038274.0
2009-10-09,135.0,135.0,121.5,128.85,2092543.0
2009-10-12,129.0,130.0,123.5,124.79,662890.0
2009-10-13,124.04,124.04,115.51,117.75,795297.0
2009-10-14,119.9,124.54,117.18,121.74,766476.0
2009-10-15,124.0,124.0,112.0,114.49,1077319.0
2009-10-16,115.4,115.4,106.6,108.0,1072161.0
2009-10-19,110.6,116.8,106.14,115.96,911745.0
2009-10-20,116.5,122.0,114.6,119.0,1273865.0
2009-10-21,119.0,133.39,112.2,126.11,1439621.0
2009-10-22,123.99,128.4,120.0,125.65,950215.0
2009-10-23,128.5,131.5,125.0,125.8,583497.0
2009-10-26,124.44,129.99,122.5,125.7,681121.0
2009-10-27,123.0,124.5,118.0,121.6,800559.0
2009-10-28,120.02,121.0,108.6,110.5,747912.0
2009-10-29,106.3,116.13,104.01,115.98,927601.0
2009-10-30,116.5,118.0,113.1,114.59,463977.0
2009-11-02,114.0,117.0,110.01,116.47,344635.0
2009-11-03,115.01,115.9,111.0,115.9,315561.0
2009-11-05,116.52,124.51,115.5,120.0,459851.0
2009-11-06,120.78,120.78,115.0,116.55,290100.0
2009-11-09,117.9,120.5,117.5,118.37,230947.0
2009-11-10,121.01,127.0,120.39,122.33,786990.0
2009-11-11,122.33,123.47,120.51,121.36,234272.0
2009-11-12,120.11,121.3,119.15,119.85,155669.0
2009-11-13,119.8,120.7,117.65,118.92,126521.0
2009-11-16,120.15,123.0,119.01,121.39,547533.0
2009-11-17,121.0,121.35,118.1,118.66,249666.0
2009-11-18,119.0,125.97,118.64,121.49,770232.0
2009-11-19,119.45,123.47,119.1,121.69,325205.0
2009-11-20,122.44,123.8,119.34,121.68,303245.0
2009-11-23,122.23,127.0,122.02,126.5,566200.0
2009-11-24,124.0,125.68,121.02,125.0,231517.0
2009-11-25,125.0,126.66,121.7,123.8,271399.0
2009-11-26,122.22,123.9,117.51,119.65,234909.0
2009-11-27,114.03,119.68,110.1,118.02,546877.0
2009-11-30,119.95,120.95,115.01,118.0,217887.0
2009-12-01,120.0,123.5,119.2,121.8,384617.0
2009-12-02,122.22,122.88,119.02,121.61,181392.0
2009-12-03,122.52,123.0,120.0,121.77,373236.0
2009-12-04,120.96,122.22,120.0,121.73,302291.0
2009-12-07,120.78,121.19,119.0,119.99,148518.0
2009-12-08,119.99,120.5,117.15,118.32,219230.0
2009-12-09,118.33,118.5,116.51,117.7,138089.0
2009-12-10,117.49,118.45,115.16,117.5,149173.0
2009-12-11,118.2,119.0,117.0,117.9,167717.0
2009-12-14,118.5,119.0,115.37,116.96,110553.0
2009-12-15,117.0,117.25,115.5,115.65,96812.0
2009-12-16,115.53,118.5,114.92,118.3,331533.0
2009-12-17,118.0,118.0,114.6,115.26,299279.0
2009-12-18,115.01,122.94,114.99,121.0,401110.0
2009-12-21,120.99,122.0,118.68,119.6,249352.0
2009-12-22,120.43,125.0,119.04,120.84,512003.0
2009-12-23,121.8,122.5,117.01,118.0,305099.0
2009-12-24,117.99,119.17,114.89,117.99,461122.0
2009-12-25,119.01,119.95,116.37,118.0,190818.0
2009-12-28,118.98,119.33,117.55,118.0,111019.0
2009-12-29,117.61,122.7,117.0,122.48,638301.0
2009-12-30,121.11,123.49,121.1,122.6,214237.0
2009-12-31,123.0,123.47,122.3,123.45,102385.0
2010-01-11,126.0,130.0,124.99,129.89,534682.0
2010-01-12,129.8,130.42,127.05,128.5,308141.0
2010-01-13,127.5,132.73,126.07,129.9,375277.0
2010-01-14,130.42,141.77,129.47,139.5,934969.0
2010-01-15,139.5,153.0,138.0,142.0,1689603.0
2010-01-18,140.99,144.55,140.99,142.39,401255.0
2010-01-19,143.0,149.5,141.14,148.0,1037036.0
2010-01-20,148.29,171.99,147.5,164.3,6175719.0
2010-01-21,167.62,178.37,163.11,167.01,4820422.0
2010-01-22,166.0,166.0,153.11,155.0,2042728.0
2010-01-25,149.75,156.0,148.8,151.25,947636.0
2010-01-26,150.5,151.0,145.0,147.41,799888.0
2010-01-27,147.0,148.69,143.25,145.89,671029.0
2010-01-28,148.0,158.0,147.55,153.12,1995438.0
2010-01-29,149.9,161.8,148.55,158.78,1549279.0
2010-02-01,154.5,156.59,151.01,154.77,498446.0
2010-02-02,155.0,157.0,153.1,153.99,653611.0
2010-02-03,155.8,159.95,153.5,154.53,1280376.0
2010-02-04,153.67,156.0,146.0,147.4,778129.0
2010-02-05,144.0,144.9,138.23,138.99,1208444.0
2010-02-08,138.75,142.28,133.2,135.34,863470.0
2010-02-09,136.5,139.27,133.89,139.0,597045.0
2010-02-10,140.0,142.99,135.8,137.0,553178.0
2010-02-11,139.83,141.37,137.05,138.0,208745.0
2010-02-12,139.83,143.99,138.01,140.7,882544.0
2010-02-15,140.5,145.8,139.16,145.58,383861.0
2010-02-16,146.88,149.49,144.5,147.79,563635.0
2010-02-17,149.88,152.49,146.08,147.9,581649.0
2010-02-18,147.33,147.87,143.0,145.75,305134.0
2010-02-19,141.0,147.0,140.01,145.71,274626.0
2010-02-24,144.25,145.5,142.75,143.93,124037.0
2010-02-25,143.71,144.99,140.6,143.17,216942.0
2010-02-26,143.51,145.8,142.06,143.54,172353.0
2010-02-27,144.07,152.49,143.0,151.4,417849.0
2010-03-01,153.33,156.0,148.1,149.72,534247.0
2010-03-02,151.0,153.3,146.3,147.0,703031.0
2010-03-03,146.5,149.24,145.61,146.1,671000.0
2010-03-04,146.0,146.1,142.75,143.51,632458.0
2010-03-05,144.5,147.0,143.15,146.18,405868.0
2010-03-09,146.5,146.5,144.2,145.99,237521.0
2010-03-10,145.99,148.28,142.7,144.61,927277.0
2010-03-11,143.08,144.87,142.3,143.48,245026.0
2010-03-12,143.75,152.77,143.75,148.0,2018433.0
2010-03-15,147.3,149.0,146.0,147.98,565455.0
2010-03-16,148.5,149.97,147.16,149.6,401444.0
2010-03-17,150.0,153.7,150.0,151.71,1015462.0
2010-03-18,152.5,157.0,150.5,154.0,1226563.0
2010-03-19,154.4,156.5,152.21,155.06,824981.0
2010-03-22,153.6,163.3,153.54,160.9,1257190.0
2010-03-23,162.0,164.0,158.5,159.87,818713.0
2010-03-24,162.0,162.5,156.32,156.89,879265.0
2010-03-25,157.0,158.74,154.6,155.74,653366.0
2010-03-26,156.0,157.5,154.11,154.11,461253.0
2010-03-29,152.55,155.6,152.0,154.25,649329.0
2010-03-30,155.0,160.5,154.3,157.0,1257061.0
2010-03-31,156.32,159.0,155.72,159.0,511413.0
2010-04-01,159.0,160.99,154.91,156.59,1184038.0
2010-04-02,155.05,155.5,152.1,153.89,1012564.0
2010-04-05,153.5,153.7,151.15,152.5,672083.0
2010-04-06,152.01,157.0,151.15,155.06,1060357.0
2010-04-07,155.06,158.5,153.2,157.25,937148.0
2010-04-08,156.25,157.5,154.0,155.95,482585.0
2010-04-09,156.51,161.99,156.51,157.5,1134755.0
2010-04-12,158.3,159.89,157.6,159.05,552801.0
2010-04-13,158.01,171.5,156.01,168.0,3128039.0
2010-04-14,170.19,176.96,169.0,170.0,2086819.0
2010-04-15,170.25,172.48,163.5,165.8,1054214.0
2010-04-16,164.88,164.88,160.2,160.2,736563.0
2010-04-19,157.4,158.95,152.01,157.0,946319.0
2010-04-20,158.86,162.68,157.31,160.1,581914.0
2010-04-21,162.0,164.0,157.77,158.49,431320.0
2010-04-22,158.0,165.79,155.5,159.79,1542776.0
2010-04-23,160.01,163.49,157.2,162.0,532226.0
2010-04-26,164.0,165.3,162.81,163.4,508071.0
2010-04-27,162.48,162.88,158.58,161.38,404768.0
2010-04-28,158.32,158.5,154.74,156.55,703081.0
2010-04-29,157.0,158.51,155.84,156.34,458598.0
2010-04-30,157.01,157.34,155.14,155.79,179879.0
2010-05-04,157.0,157.0,150.0,150.0,804966.0
2010-05-05,148.0,149.18,145.0,146.55,462850.0
2010-05-06,146.5,148.0,144.01,147.17,358195.0
2010-05-07,142.0,142.95,134.01,136.0,570240.0
2010-05-11,145.45,145.97,137.23,139.8,523939.0
2010-05-12,138.99,147.91,138.85,147.29,593485.0
2010-05-13,148.05,149.0,141.5,143.24,436630.0
2010-05-14,142.22,143.0,133.23,135.0,792451.0
2010-05-17,131.0,135.49,126.11,133.5,739835.0
2010-05-18,133.5,135.0,130.12,131.5,430176.0
2010-05-19,129.89,130.3,123.46,124.3,820721.0
2010-05-20,124.6,127.88,108.1,119.98,1037874.0
2010-05-21,120.0,120.99,112.52,120.7,807500.0
2010-05-24,121.7,125.0,119.38,124.1,342933.0
2010-05-25,119.0,119.9,111.13,115.02,700359.0
2010-05-26,117.5,121.8,117.02,121.8,458302.0
2010-05-27,120.17,133.69,120.03,127.51,612111.0
2010-05-28,128.61,130.84,125.01,126.38,241159.0
2010-05-31,127.55,134.5,127.03,133.13,654768.0
2010-06-01,135.5,136.0,125.39,128.0,884518.0
2010-06-02,125.77,128.25,122.9,127.3,444944.0
2010-06-03,128.5,131.0,126.5,127.0,500273.0
2010-06-04,127.87,128.9,122.01,124.5,328116.0
2010-06-07,118.28,121.99,117.01,121.8,321849.0
2010-06-08,122.0,122.77,117.03,117.41,309154.0
2010-06-09,118.97,123.77,118.61,119.05,523666.0
2010-06-10,119.7,119.7,116.1,117.6,344521.0
2010-06-11,117.8,117.97,115.2,116.27,170095.0
2010-06-15,116.99,118.7,116.27,118.0,408611.0
2010-06-16,118.1,119.0,114.6,117.29,604843.0
2010-06-17,116.99,118.25,115.65,115.99,293136.0
2010-06-18,116.45,117.76,115.1,117.6,249002.0
2010-06-21,119.0,124.69,118.1,123.8,616123.0
2010-06-22,122.0,123.45,120.12,121.8,273880.0
2010-06-23,120.4,121.43,118.62,118.84,272817.0
2010-06-24,119.23,119.5,115.2,116.3,387066.0
2010-06-25,116.3,116.3,112.6,113.0,410477.0
2010-06-28,113.58,114.76,112.49,114.76,361927.0
2010-06-29,113.29,113.99,108.21,109.93,451948.0
2010-06-30,109.01,109.57,101.15,107.99,752953.0
2010-07-01,104.5,105.0,100.0,100.94,705562.0
2010-07-02,101.01,103.45,98.08,99.8,565714.0
2010-07-05,99.8,101.5,97.1,97.81,179073.0
2010-07-06,98.5,103.5,98.01,101.71,379561.0
2010-07-07,100.41,109.3,98.93,109.24,772606.0
2010-07-08,113.0,117.5,110.23,113.03,1098124.0
2010-07-09,113.29,114.95,109.16,111.48,406432.0
2010-07-12,111.02,114.5,110.24,111.79,494111.0
2010-07-13,110.52,112.83,110.51,112.0,392324.0
2010-07-14,112.91,112.92,109.6,110.09,250358.0
2010-07-15,110.88,112.0,106.61,108.0,269118.0
2010-07-16,109.01,109.94,105.2,105.65,241126.0
2010-07-19,106.29,106.29,102.94,103.5,365454.0
2010-07-20,104.77,104.9,99.32,99.6,805873.0
2010-07-21,99.6,103.65,99.49,101.68,1127363.0
2010-07-22,99.67,102.27,99.5,102.2,818656.0
2010-07-23,103.0,105.48,100.5,102.0,1132789.0
2010-07-26,104.0,108.47,103.01,106.48,1509688.0
2010-07-27,106.61,109.6,105.26,107.26,941713.0
2010-07-28,107.5,118.65,107.5,111.98,2597421.0
2010-07-29,112.45,114.89,108.94,110.02,1412275.0
2010-07-30,109.48,109.99,106.71,108.26,514347.0
2010-08-02,109.83,113.53,109.12,112.19,805232.0
2010-08-03,112.5,112.5,110.1,111.5,499694.0
2010-08-04,110.7,114.24,110.51,113.48,709337.0
2010-08-05,114.0,114.63,112.05,112.8,439252.0
2010-08-06,113.29,113.98,111.5,112.95,359496.0
2010-08-09,113.01,115.8,112.51,114.27,418289.0
2010-08-10,113.89,113.94,111.25,112.49,332947.0
2010-08-11,111.0,112.49,108.0,108.97,449956.0
2010-08-12,108.7,109.9,104.59,106.57,933479.0
2010-08-13,107.0,109.9,106.1,109.69,526840.0
2010-08-16,110.07,110.2,107.0,108.4,305356.0
2010-08-17,109.0,110.74,108.28,110.5,322311.0
2010-08-18,110.01,110.64,108.91,109.37,109264.0
2010-08-19,109.8,110.51,108.15,108.5,208200.0
2010-08-20,107.59,109.29,107.22,107.51,211516.0
2010-08-23,108.68,111.79,107.12,108.93,245330.0
2010-08-24,107.99,109.7,106.3,106.8,145115.0
2010-08-25,106.54,108.0,105.25,106.25,185468.0
2010-08-26,107.33,108.25,106.0,108.25,279880.0
2010-08-27,108.0,109.2,107.21,108.4,150099.0
2010-08-30,110.0,110.47,108.7,108.72,136288.0
2010-08-31,108.0,108.66,107.2,108.38,161727.0
2010-09-01,108.29,117.85,107.8,117.3,1599763.0
2010-09-02,117.3,118.2,114.7,114.71,548374.0
2010-09-03,114.99,119.65,114.72,118.22,1304690.0
2010-09-06,119.34,130.96,119.02,124.17,2537296.0
2010-09-07,124.0,126.44,120.51,124.73,1275835.0
2010-09-08,122.5,124.49,120.98,123.8,597444.0
2010-09-09,124.5,124.89,122.5,124.0,425739.0
2010-09-10,124.21,127.49,123.66,125.96,1063577.0
2010-09-13,126.75,127.97,125.02,126.52,786079.0
2010-09-14,126.0,128.0,124.0,125.58,883953.0
2010-09-15,125.49,125.5,123.0,124.69,639384.0
2010-09-16,124.01,126.97,123.32,124.4,476494.0
2010-09-17,125.5,126.06,123.5,124.5,475975.0
2010-09-20,124.69,124.75,121.21,123.05,296364.0
2010-09-21,123.32,126.95,122.77,126.0,679134.0
2010-09-22,125.99,125.99,122.14,122.5,498667.0
2010-09-23,122.55,123.72,122.03,123.2,303145.0
2010-09-24,122.53,123.2,121.38,123.2,232524.0
2010-09-27,124.09,124.51,121.75,121.9,528815.0
2010-09-28,120.5,120.99,116.09,118.06,674019.0
2010-09-29,118.32,119.05,116.71,117.49,522423.0
2010-09-30,116.99,117.88,115.52,117.49,558230.0
2010-10-01,116.51,118.5,116.31,117.2,606528.0
2010-10-04,117.1,121.73,117.0,120.0,970439.0
2010-10-05,120.01,122.38,119.0,120.9,357152.0
2010-10-06,122.0,124.4,119.5,120.0,791174.0
2010-10-07,120.86,120.86,117.8,117.9,347547.0
2010-10-08,117.78,118.36,115.75,116.7,561115.0
2010-10-11,117.89,117.89,116.26,116.99,503330.0
2010-10-12,116.71,116.71,115.58,115.98,497287.0
2010-10-13,116.49,117.3,115.81,116.11,509737.0
2010-10-14,116.7,116.7,114.06,115.38,582932.0
2010-10-15,115.35,115.8,113.06,114.0,1178064.0
2010-10-18,113.15,114.53,112.78,114.2,797530.0
2010-10-19,114.02,114.05,112.22,112.52,541064.0
2010-10-20,112.5,114.89,111.52,113.36,1178350.0
2010-10-21,113.22,114.0,113.0,113.3,542873.0
2010-10-22,113.3,113.39,111.85,111.92,704936.0
2010-10-25,112.04,113.77,112.04,113.5,775867.0
2010-10-26,113.39,113.77,112.09,113.0,1142999.0
2010-10-27,113.48,116.98,112.81,113.86,1969287.0
2010-10-28,115.1,115.3,113.35,114.21,2174660.0
2010-10-29,113.75,117.0,113.5,115.6,1058020.0
2010-11-01,116.5,118.39,115.5,116.78,1126595.0
2010-11-02,116.72,117.2,114.4,115.18,385995.0
2010-11-03,115.8,115.98,114.54,115.5,539431.0
2010-11-08,116.9,117.23,114.1,115.38,889865.0
2010-11-09,115.45,115.79,114.37,115.28,691966.0
2010-11-10,115.0,116.77,114.55,116.07,1589927.0
2010-11-11,116.07,116.51,114.81,115.09,1005574.0
2010-11-12,114.19,115.71,113.14,114.13,747031.0
2010-11-13,113.98,114.44,113.52,114.0,160674.0
2010-11-15,114.59,114.7,113.57,114.7,552022.0
2010-11-16,114.48,114.71,113.26,114.33,1237928.0
2010-11-17,114.9,118.5,114.49,116.0,1205653.0
2010-11-18,116.7,117.96,115.5,115.8,1010239.0
2010-11-19,115.99,116.1,114.7,115.2,631010.0
2010-11-22,115.95,116.2,114.5,115.0,603297.0
2010-11-23,114.5,115.32,113.76,114.6,535197.0
2010-11-24,114.6,116.92,114.48,116.56,1145058.0
2010-11-25,116.52,119.85,116.2,118.73,1379722.0
2010-11-26,118.15,118.7,116.7,118.2,638544.0
2010-11-29,118.53,120.47,117.81,118.0,1111942.0
2010-11-30,118.02,118.98,116.01,117.4,384980.0
2010-12-01,117.0,120.5,117.0,119.81,1460979.0
2010-12-02,120.0,121.8,119.89,120.5,2177129.0
2010-12-03,120.52,125.5,120.41,125.2,4073854.0
2010-12-06,126.0,127.68,125.0,126.4,2105745.0
2010-12-07,127.0,127.7,125.26,125.35,1339720.0
2010-12-08,124.94,126.47,124.4,124.99,841977.0
2010-12-09,125.74,126.19,125.01,125.65,569131.0
2010-12-10,125.37,126.0,124.12,124.9,1047319.0
2010-12-13,125.32,129.75,124.64,129.65,2689672.0
2010-12-14,129.0,135.13,128.67,133.56,5045410.0
2010-12-15,133.3,134.25,131.0,131.83,1493750.0
2010-12-16,131.5,131.89,130.43,130.87,1171133.0
2010-12-17,131.02,132.88,130.8,131.92,1631597.0
2010-12-20,131.86,135.35,131.54,133.76,2045495.0
2010-12-21,134.49,134.7,133.69,134.36,693157.0
2010-12-22,134.0,134.97,132.32,133.57,554633.0
2010-12-23,133.94,133.94,131.47,132.17,524746.0
2010-12-24,132.18,132.39,129.4,130.35,649133.0
2010-12-27,130.64,130.64,128.61,129.76,429538.0
2010-12-28,129.31,130.79,129.01,129.8,300755.0
2010-12-29,129.5,130.1,122.49,124.7,2783034.0
2010-12-30,123.8,124.84,119.85,122.89,3033671.0
2011-01-11,125.25,129.77,124.5,128.5,1454551.0
2011-01-12,128.63,130.62,128.1,129.8,1057756.0
2011-01-13,131.0,134.8,128.12,130.75,2259283.0
2011-01-14,131.35,132.8,129.65,132.35,904397.0
2011-01-17,132.35,134.0,130.96,131.85,676319.0
2011-01-18,131.51,132.0,129.5,130.07,952176.0
2011-01-19,130.3,130.99,127.6,128.1,1041381.0
2011-01-20,127.3,128.75,126.1,127.58,731839.0
2011-01-21,127.99,129.2,126.3,128.28,748562.0
2011-01-24,128.28,129.23,124.6,125.65,669698.0
2011-01-25,126.0,127.95,125.23,125.9,592792.0
2011-01-26,126.15,128.79,126.15,128.0,840486.0
2011-01-27,128.5,128.82,125.62,126.13,981967.0
2011-01-28,125.77,126.28,123.51,124.65,1377222.0
2011-01-31,124.0,125.89,123.18,125.24,1315217.0
2011-02-01,126.46,126.5,124.82,125.3,773026.0
2011-02-02,125.5,125.55,123.55,124.0,1190334.0
2011-02-03,123.9,124.4,122.8,123.51,1371753.0
2011-02-04,123.61,124.74,120.6,121.0,2787317.0
2011-02-07,121.34,121.88,118.05,119.35,3487953.0
2011-02-08,119.25,126.43,117.2,126.01,7634665.0
2011-02-09,126.66,129.73,124.1,127.6,3820372.0
2011-02-10,127.15,130.99,124.51,130.18,6579877.0
2011-02-11,129.75,134.7,129.0,134.25,10643532.0
2011-02-14,134.5,137.3,131.02,133.5,4682508.0
2011-02-15,133.0,133.3,130.11,130.41,1031337.0
2011-02-16,130.99,132.48,128.0,130.49,1543939.0
2011-02-17,131.0,131.88,129.52,130.98,1157039.0
2011-02-18,131.16,136.95,130.85,136.95,2651934.0
2011-02-21,137.0,144.8,137.0,140.88,4467814.0
2011-02-22,139.99,144.04,137.1,141.98,2814531.0
2011-02-24,142.01,142.49,134.13,135.1,2838482.0
2011-02-25,136.11,142.0,135.75,141.8,4200783.0
2011-02-28,142.0,147.9,141.62,144.49,5385799.0
2011-03-01,145.48,145.48,142.82,143.5,1781210.0
2011-03-02,142.01,144.25,141.94,143.88,1174080.0
2011-03-03,144.73,145.99,143.63,145.49,951360.0
2011-03-04,145.99,146.0,143.27,144.18,1329360.0
2011-03-05,144.18,144.68,143.4,143.83,314660.0
2011-03-09,144.33,144.39,139.5,143.63,1515190.0
2011-03-10,143.48,143.48,136.31,137.2,1152760.0
2011-03-11,136.1,139.28,134.52,135.5,961680.0
2011-03-14,135.02,138.8,132.18,136.7,722980.0
2011-03-15,135.05,135.05,126.3,128.34,2501760.0
2011-03-16,132.0,132.01,127.24,127.5,1408410.0
2011-03-17,128.04,129.59,126.5,128.25,1285470.0
2011-03-18,128.55,132.8,127.25,127.99,1965770.0
2011-03-21,128.0,130.57,127.9,128.3,1175890.0
2011-03-22,128.4,129.8,126.0,129.75,1331500.0
2011-03-23,128.7,131.77,128.5,129.24,2201300.0
2011-03-24,129.49,130.7,128.11,130.25,1807320.0
2011-03-25,130.5,130.89,128.25,129.35,1261430.0
2011-03-28,129.5,129.91,127.6,128.49,978660.0
2011-03-29,128.07,128.51,126.5,126.98,871290.0
2011-03-30,127.5,127.99,126.77,127.2,1159710.0
2011-03-31,127.5,127.74,126.4,126.68,797680.0
2011-04-01,127.0,127.75,126.55,127.15,1451190.0
2011-04-04,127.15,128.67,126.53,126.87,1416320.0
2011-04-05,126.98,127.32,124.51,125.12,1262730.0
2011-04-06,125.92,125.92,124.3,125.2,796300.0
2011-04-07,124.54,128.0,124.41,125.27,1379790.0
2011-04-08,126.08,130.24,124.98,128.94,6272430.0
2011-04-11,128.94,131.71,128.94,130.5,1674420.0
2011-04-12,129.2,129.5,125.5,126.26,2049950.0
2011-04-13,126.7,127.32,124.77,126.63,1338410.0
2011-04-14,126.0,129.1,125.5,126.47,2314380.0
2011-04-15,126.89,128.0,124.7,125.0,1405480.0
2011-04-18,124.9,125.27,114.01,115.93,3033000.0
2011-04-19,116.9,119.1,114.56,118.79,2168890.0
2011-04-20,119.1,121.0,118.0,119.2,2330610.0
2011-04-21,120.51,121.21,117.6,118.38,1117380.0
2011-04-22,118.65,119.37,117.77,118.51,596780.0
2011-04-25,118.81,119.95,117.3,117.66,686590.0
2011-04-26,117.17,120.3,116.0,119.47,950160.0
2011-04-27,120.92,121.0,117.54,118.36,504160.0
2011-04-28,119.91,119.94,116.56,117.76,593900.0
2011-04-29,116.72,117.46,115.2,116.5,415190.0
2011-05-03,116.0,117.89,114.13,115.08,495630.0
2011-05-04,115.5,117.28,112.0,113.96,765890.0
2011-05-05,113.75,114.93,107.19,109.79,1636310.0
2011-05-06,108.01,112.95,106.11,111.66,1268280.0
2011-05-10,110.5,113.86,110.5,112.6,433680.0
2011-05-11,113.05,113.4,111.0,111.47,375930.0
2011-05-12,109.99,110.71,107.07,108.66,630140.0
2011-05-13,109.11,109.78,107.55,108.29,475550.0
2011-05-16,106.88,108.42,105.8,106.83,412580.0
2011-05-17,108.0,108.6,106.0,107.33,450180.0
2011-05-18,108.5,108.95,107.45,108.4,321580.0
2011-05-19,108.4,108.98,107.1,107.8,257620.0
2011-05-20,107.94,108.4,105.67,106.19,433380.0
2011-05-23,104.5,105.9,103.5,104.47,629240.0
2011-05-24,104.86,105.64,104.49,104.76,373240.0
2011-05-25,104.02,105.29,103.0,105.0,429870.0
2011-05-26,105.45,105.8,104.0,104.3,681650.0
2011-05-27,104.52,105.6,104.03,105.28,579390.0
2011-05-30,105.7,112.8,105.38,112.75,2652210.0
2011-05-31,113.8,114.84,110.53,111.65,2990320.0
2011-06-01,112.04,112.74,108.6,109.0,755390.0
2011-06-02,107.25,107.89,106.01,106.78,919150.0
2011-06-03,106.93,109.2,105.73,106.75,877310.0
2011-06-06,107.0,107.44,104.75,105.12,450460.0
2011-06-07,105.32,107.0,105.0,106.55,779330.0
2011-06-08,106.5,106.5,105.37,106.2,444970.0
2011-06-09,106.5,106.99,105.78,106.99,768970.0
2011-06-10,106.84,113.01,106.5,107.57,2095650.0
2011-06-14,108.7,109.69,108.16,108.99,573940.0
2011-06-15,108.9,111.4,108.06,109.07,646400.0
2011-06-16,107.8,108.5,106.95,107.73,574960.0
2011-06-17,107.3,108.32,105.66,106.22,854140.0
2011-06-20,105.51,106.4,104.5,105.3,373800.0
2011-06-21,105.98,107.0,105.77,106.05,420610.0
2011-06-22,106.11,106.51,105.5,106.17,389340.0
2011-06-23,105.64,105.98,103.36,104.09,681860.0
2011-06-24,104.88,105.44,103.9,104.29,388700.0
2011-06-27,104.3,105.0,103.5,104.42,397300.0
2011-06-28,104.62,106.4,104.0,105.8,891160.0
2011-06-29,106.8,107.7,106.2,106.6,646310.0
2011-06-30,106.95,108.78,106.82,107.37,594640.0
2011-07-01,107.4,109.3,106.76,108.66,740480.0
2011-07-04,108.77,110.7,108.5,108.72,729260.0
2011-07-05,107.8,109.18,106.32,107.34,698010.0
2011-07-06,107.7,107.98,106.35,106.73,402410.0
2011-07-07,107.26,108.73,106.82,107.9,923070.0
2011-07-08,107.9,109.27,106.05,106.87,1216520.0
2011-07-11,106.44,107.24,106.32,106.56,379440.0
2011-07-12,106.2,106.7,105.53,106.5,456250.0
2011-07-13,106.69,107.21,105.91,107.09,462050.0
2011-07-14,106.6,108.0,106.38,106.9,544390.0
2011-07-15,106.76,107.47,105.6,106.58,554000.0
2011-07-18,106.57,107.35,105.72,106.99,510190.0
2011-07-19,106.77,107.12,106.31,106.7,433090.0
2011-07-20,107.21,107.49,106.5,106.69,579150.0
2011-07-21,106.62,107.13,106.02,106.7,399020.0
2011-07-22,107.11,108.5,106.78,107.12,635400.0
2011-07-25,106.61,107.2,106.0,106.36,286730.0
2011-07-26,106.74,108.0,106.49,107.4,360450.0
2011-07-27,107.7,108.98,106.31,106.84,469740.0
2011-07-28,106.62,108.5,106.41,108.12,575530.0
2011-07-29,107.75,110.75,107.51,108.0,1285330.0
2011-08-01,109.25,110.27,108.46,108.99,973390.0
2011-08-02,108.07,108.98,107.5,107.98,219380.0
2011-08-03,106.99,107.88,102.01,104.64,706150.0
2011-08-04,105.8,106.0,102.15,102.6,925850.0
2011-08-05,99.49,99.52,84.8,97.0,2552320.0
2011-08-08,91.84,96.58,85.25,93.89,3356580.0
2011-08-09,87.21,104.93,87.21,104.0,8859190.0
2011-08-10,104.5,106.0,97.5,104.0,3224410.0
2011-08-11,104.01,112.5,95.0,111.02,6180430.0
2011-08-12,113.0,114.43,105.34,113.58,4301350.0
2011-08-15,114.21,116.9,112.04,115.23,1903990.0
2011-08-16,114.51,114.81,109.6,112.55,1383110.0
2011-08-17,112.54,114.45,110.05,113.88,1547530.0
2011-08-18,111.81,114.8,111.1,113.98,1684590.0
2011-08-19,112.35,115.99,108.1,115.0,2815840.0
2011-08-22,114.51,116.9,113.06,116.1,1385740.0
2011-08-23,115.85,116.99,114.0,114.19,603120.0
2011-08-24,114.62,115.55,111.62,113.5,399690.0
2011-08-25,113.73,114.99,108.9,109.2,666710.0
2011-08-26,109.0,110.27,105.47,108.0,510760.0
2011-08-29,109.08,111.93,109.01,110.99,221810.0
2011-08-30,111.46,111.5,108.11,109.25,326470.0
2011-08-31,109.24,110.84,108.4,108.98,429320.0
2011-09-01,108.98,109.99,106.25,108.02,746870.0
2011-09-02,107.03,110.3,107.02,109.18,520590.0
2011-09-05,108.81,112.92,107.13,109.96,698130.0
2011-09-06,109.5,111.25,105.21,107.88,764110.0
2011-09-07,110.0,110.0,108.37,109.31,504400.0
2011-09-08,109.66,110.29,107.0,108.4,448640.0
2011-09-09,107.96,108.69,105.61,106.49,303470.0
2011-09-12,105.88,106.15,100.07,101.13,651940.0
2011-09-13,102.02,104.39,99.3,101.51,322120.0
2011-09-14,100.49,103.8,100.0,100.33,581550.0
2011-09-15,100.65,102.25,100.0,100.19,427920.0
2011-09-16,100.5,101.4,96.5,98.15,691290.0
2011-09-19,97.48,101.24,95.6,100.11,906860.0
2011-09-20,99.88,101.99,99.01,100.8,495100.0
2011-09-21,100.5,101.76,98.5,100.81,415620.0
2011-09-22,99.0,103.49,90.26,103.04,3007250.0
2011-09-23,100.27,100.84,92.0,97.21,4656470.0
2011-09-26,96.33,98.5,91.95,96.5,1349170.0
2011-09-27,97.19,99.0,96.77,97.56,761120.0
2011-09-28,96.51,97.99,96.21,97.5,506740.0
2011-09-29,96.42,101.87,95.2,100.69,969990.0
2011-09-30,100.42,103.5,96.51,103.01,3031720.0
2011-10-03,100.4,100.6,96.0,97.49,1275900.0
2011-10-04,96.44,97.89,83.01,89.0,1857270.0
2011-10-05,90.08,92.67,87.0,89.34,879780.0
2011-10-06,91.15,92.39,88.48,88.99,760190.0
2011-10-07,90.31,95.0,89.98,92.45,1282960.0
2011-10-10,92.5,93.47,88.89,91.2,528500.0
2011-10-11,91.5,92.49,86.55,88.51,752340.0
2011-10-12,88.18,89.9,87.14,88.27,481610.0
2011-10-13,88.3,88.88,87.22,87.64,473420.0
2011-10-14,87.99,89.45,86.97,87.6,684040.0
2011-10-17,88.6,89.87,86.61,86.78,507980.0
2011-10-18,86.6,87.5,85.01,86.6,368490.0
2011-10-19,87.21,88.26,85.59,86.58,253710.0
2011-10-20,86.02,86.65,85.2,85.9,281440.0
2011-10-21,86.13,88.86,85.61,87.55,275350.0
2011-10-24,88.52,89.49,86.82,87.88,709870.0
2011-10-25,87.63,88.49,86.01,86.69,260710.0
2011-10-26,86.61,88.47,86.6,88.11,258290.0
2011-10-27,88.87,94.99,88.6,92.3,1660490.0
2011-10-28,93.8,93.8,90.0,91.23,650170.0
2011-10-31,89.91,94.75,89.33,90.9,615590.0
2011-11-01,90.0,91.25,86.14,86.8,553110.0
2011-11-02,87.87,87.87,84.62,87.0,725280.0
2011-11-03,86.5,87.75,83.66,86.1,621840.0
2011-11-07,85.81,87.74,85.37,86.21,325130.0
2011-11-08,90.36,90.36,86.01,86.96,293020.0
2011-11-09,87.1,87.42,83.88,83.88,424880.0
2011-11-10,82.54,84.7,80.17,84.7,754070.0
2011-11-11,84.47,84.47,82.82,83.6,143560.0
2011-11-14,83.74,85.14,82.61,83.02,457260.0
2011-11-15,82.45,84.5,80.77,84.12,587670.0
2011-11-16,83.51,84.0,82.04,83.36,305860.0
2011-11-17,83.88,83.93,81.76,83.2,196010.0
2011-11-18,81.9,83.15,81.24,82.7,390340.0
2011-11-21,82.13,82.7,79.05,82.7,545870.0
2011-11-22,80.9,82.48,80.0,82.48,458700.0
2011-11-23,81.98,82.9,81.81,82.0,111730.0
2011-11-24,81.77,84.0,81.06,81.71,151970.0
2011-11-25,81.27,81.85,78.2,80.78,477880.0
2011-11-28,81.79,82.67,81.01,82.59,228620.0
2011-11-29,83.0,83.0,81.45,81.5,97940.0
2011-11-30,81.17,82.5,80.4,82.22,276990.0
2011-12-01,82.49,83.25,81.55,81.67,410210.0
2011-12-02,82.47,82.89,81.06,81.5,350550.0
2011-12-05,81.96,82.46,81.5,81.97,199250.0
2011-12-06,81.5,81.78,79.0,79.04,484600.0
2011-12-07,79.04,79.9,77.31,77.68,307730.0
2011-12-08,77.83,78.64,76.0,76.83,528550.0
2011-12-09,76.0,76.01,72.07,75.52,776060.0
2011-12-12,75.7,77.47,72.99,74.05,409950.0
2011-12-13,74.9,74.9,68.95,72.89,618900.0
2011-12-14,72.39,72.67,70.97,72.59,313610.0
2011-12-15,71.93,73.47,71.3,73.0,322230.0
2011-12-16,73.11,75.9,72.6,75.87,412040.0
2011-12-19,75.66,75.9,73.83,74.0,194130.0
2011-12-20,73.6,74.23,72.04,73.99,459650.0
2011-12-21,75.8,75.88,74.69,74.85,261150.0
2011-12-22,74.1,77.5,74.05,76.49,439570.0
2011-12-23,76.49,77.45,76.0,76.11,218030.0
2011-12-26,76.86,77.17,75.86,76.24,86480.0
2011-12-27,76.24,76.99,73.65,74.8,185620.0
2011-12-28,74.32,81.0,74.32,78.5,749750.0
2011-12-29,78.19,79.89,76.7,79.02,333770.0
2011-12-30,79.1,80.7,77.16,77.4,585920.0
2012-01-03,77.63,79.16,77.37,77.49,123560.0
2012-01-04,77.5,78.5,76.5,77.0,96120.0
2012-01-05,77.39,77.6,75.51,75.52,107670.0
2012-01-06,75.63,76.6,74.51,74.71,234050.0
2012-01-09,75.07,75.07,73.56,73.71,151330.0
2012-01-10,74.12,76.0,74.01,75.0,270000.0
2012-01-11,75.0,75.35,74.22,74.41,130130.0
2012-01-12,74.71,75.61,74.23,74.35,216100.0
2012-01-13,74.63,74.71,72.53,73.05,605720.0
2012-01-16,72.43,73.3,71.53,72.7,249930.0
2012-01-17,73.39,74.13,72.78,73.05,385520.0
2012-01-18,73.06,73.58,71.82,72.18,317580.0
2012-01-19,72.84,73.3,71.9,72.35,495970.0
2012-01-20,72.46,72.88,71.9,72.38,213500.0
2012-01-23,72.27,83.65,71.65,81.5,2832770.0
2012-01-24,80.51,83.19,79.25,80.0,1661680.0
2012-01-25,80.85,81.3,78.28,78.98,694050.0
2012-01-26,79.24,80.9,76.68,76.95,843250.0
2012-01-27,76.95,77.69,75.46,75.8,744280.0
2012-01-30,75.8,75.81,72.4,72.77,752050.0
2012-01-31,73.14,74.1,72.66,73.66,535730.0
2012-02-01,73.73,77.33,73.31,77.0,830490.0
2012-02-02,77.4,79.5,76.3,79.0,696220.0
2012-02-03,79.4,82.27,79.25,80.1,804150.0
2012-02-06,80.12,83.87,79.1,83.5,633760.0
2012-02-07,83.5,84.45,81.54,82.3,461190.0
2012-02-08,83.71,87.99,83.0,87.2,773490.0
2012-02-09,87.5,88.83,83.76,84.69,973650.0
2012-02-10,85.0,85.0,82.51,83.2,232580.0
2012-02-13,83.98,84.85,83.5,84.38,141430.0
2012-02-14,84.26,85.7,83.16,83.66,274840.0
2012-02-15,84.4,87.31,84.4,85.5,514730.0
2012-02-16,84.15,84.83,83.31,84.59,96410.0
2012-02-17,85.0,86.12,84.02,84.7,147710.0
2012-02-20,85.14,86.25,84.16,84.2,177260.0
2012-02-21,84.26,84.27,82.5,83.23,218210.0
2012-02-22,83.98,84.03,81.2,82.22,110380.0
2012-02-24,83.0,83.54,81.35,82.76,232970.0
2012-02-27,82.69,84.38,82.58,82.64,180050.0
2012-02-28,83.68,83.82,80.77,81.4,812390.0
2012-02-29,82.4,82.99,80.51,81.0,244560.0
2012-03-01,80.53,80.96,78.63,80.8,160770.0
2012-03-02,81.5,81.81,79.52,79.92,171450.0
2012-03-05,80.64,81.7,79.75,79.9,160780.0
2012-03-06,79.54,79.54,76.06,76.1,240180.0
2012-03-07,76.1,77.59,76.1,76.96,159330.0
2012-03-11,77.55,78.78,76.9,78.78,239890.0
2012-03-12,78.66,78.66,76.49,76.5,486810.0
2012-03-13,77.05,77.17,75.92,75.92,331150.0
2012-03-14,76.74,78.69,76.25,77.42,1007410.0
2012-03-15,77.85,78.17,75.75,75.95,591440.0
2012-03-16,76.67,78.0,74.51,74.9,1170430.0
2012-03-19,75.5,76.73,74.75,76.18,438650.0
2012-03-20,76.18,76.18,74.3,74.89,204780.0
2012-03-21,75.0,75.75,74.3,74.99,360100.0
2012-03-22,74.76,75.7,73.95,74.91,595900.0
2012-03-23,75.01,76.25,74.74,75.65,254870.0
2012-03-26,76.23,78.19,75.74,76.5,790090.0
2012-03-27,77.01,77.24,75.34,76.22,203100.0
2012-03-28,76.23,76.23,74.8,74.93,225930.0
2012-03-29,74.76,75.7,73.99,74.09,396330.0
2012-03-30,74.57,76.54,74.53,74.71,291550.0
2012-04-02,75.0,75.21,74.01,74.39,168530.0
2012-04-03,74.74,75.27,74.5,75.25,386720.0
2012-04-04,74.85,75.28,73.65,73.78,300870.0
2012-04-05,74.07,74.25,73.55,74.25,266650.0
2012-04-06,74.38,74.7,73.55,73.62,124620.0
2012-04-09,73.77,74.24,73.25,74.21,107110.0
2012-04-10,73.78,74.1,73.22,73.3,152480.0
2012-04-11,73.03,73.5,72.72,73.2,137680.0
2012-04-12,73.55,73.6,73.05,73.11,140880.0
2012-04-13,73.3,73.4,72.75,72.76,234350.0
2012-04-16,72.94,72.96,72.25,72.26,118200.0
2012-04-17,72.75,73.22,72.47,72.72,154320.0
2012-04-18,73.22,74.5,72.75,72.85,238920.0
2012-04-19,73.02,73.78,72.86,73.39,205340.0
2012-04-20,72.91,73.46,72.91,73.45,80800.0
2012-04-23,73.3,73.41,72.01,72.17,176220.0
2012-04-24,72.49,72.49,70.71,71.0,392270.0
2012-04-25,71.24,71.25,70.11,70.25,291000.0
2012-04-26,70.71,70.71,68.03,69.18,265850.0
2012-04-27,69.18,70.15,68.08,70.15,174980.0
2012-04-28,70.0,71.49,69.59,71.0,151670.0
2012-05-02,71.5,71.97,69.75,69.92,109890.0
2012-05-03,69.51,70.2,69.0,69.01,72210.0
2012-05-04,68.77,69.75,66.21,67.53,352100.0
2012-05-05,66.6,68.0,65.87,67.43,81150.0
2012-05-07,66.51,68.0,66.27,67.75,65050.0
2012-05-08,67.9,68.38,67.31,67.8,82160.0
2012-05-10,67.81,68.23,67.15,68.22,96080.0
2012-05-11,67.24,68.25,67.02,68.23,116010.0
2012-05-12,67.82,69.0,67.35,67.75,40920.0
2012-05-14,68.0,69.05,65.55,69.0,413650.0
2012-05-15,69.25,69.25,67.17,69.0,389530.0
2012-05-16,68.1,70.5,66.01,70.17,874870.0
2012-05-17,69.69,70.57,67.14,70.57,641270.0
2012-05-18,69.06,71.47,66.41,71.0,1488990.0
2012-05-21,71.0,71.2,70.0,70.75,154450.0
2012-05-22,71.1,71.71,69.41,70.6,1594350.0
2012-05-23,69.76,72.01,68.38,72.01,2914260.0
2012-05-24,72.01,72.6,70.25,71.64,286830.0
2012-05-25,71.4,72.8,70.75,72.67,360640.0
2012-05-28,72.79,73.0,71.75,72.75,230860.0
2012-05-29,72.51,73.3,72.0,72.75,110350.0
2012-05-30,72.75,74.47,71.75,74.32,391530.0
2012-05-31,74.0,75.96,72.8,75.96,879080.0
2012-06-01,75.2,76.41,73.79,76.25,909400.0
2012-06-04,74.99,75.87,74.1,75.8,287890.0
2012-06-05,76.32,76.75,75.62,76.1,75010.0
2012-06-06,76.28,76.75,75.26,75.44,109110.0
2012-06-07,75.62,75.62,72.75,73.6,500820.0
2012-06-08,72.61,74.44,72.35,74.0,537930.0
2012-06-09,74.49,74.74,73.51,73.51,49670.0
2012-06-13,73.84,73.85,72.53,73.39,510710.0
2012-06-14,73.39,73.71,72.75,73.6,331620.0
2012-06-15,73.95,74.48,73.02,74.46,160000.0
2012-06-18,74.5,75.25,73.7,74.0,87500.0
2012-06-19,73.89,74.44,72.48,73.67,219170.0
2012-06-20,73.74,73.74,71.53,73.4,1817770.0
2012-06-21,72.54,74.9,72.51,74.75,186670.0
2012-06-22,74.01,75.29,73.22,75.1,459230.0
2012-06-25,74.56,75.46,74.38,75.4,567610.0
2012-06-26,75.22,75.73,73.78,74.66,331530.0
2012-06-27,74.64,74.8,73.75,74.64,256560.0
2012-06-28,74.38,75.0,73.19,74.71,562340.0
2012-06-29,75.0,75.33,73.4,73.85,453710.0
2012-07-02,73.85,74.63,73.22,74.22,250630.0
2012-07-03,74.42,74.8,73.76,73.85,180850.0
2012-07-04,73.53,74.49,73.51,73.9,108890.0
2012-07-05,74.31,74.55,72.88,73.75,114660.0
2012-07-06,74.35,74.37,72.61,74.31,303140.0
2012-07-09,73.52,74.6,73.4,74.49,321560.0
2012-07-10,74.12,75.0,74.03,74.91,80380.0
2012-07-11,74.72,74.72,73.55,74.0,134820.0
2012-07-12,73.55,74.3,72.9,74.2,365850.0
2012-07-13,74.17,74.48,73.59,74.2,165220.0
2012-07-16,74.0,74.12,73.64,73.7,72750.0
2012-07-17,73.91,74.0,73.29,73.92,352030.0
2012-07-18,73.92,74.05,73.15,73.15,296820.0
2012-07-19,73.7,73.7,72.3,72.49,271080.0
2012-07-20,72.49,72.65,71.04,72.5,118530.0
2012-07-23,71.86,74.2,71.06,74.0,563770.0
2012-07-24,73.5,74.3,71.74,74.3,477450.0
2012-07-25,74.0,74.25,73.19,74.0,668380.0
2012-07-26,74.1,74.15,72.57,73.25,707590.0
2012-07-27,73.36,73.99,72.6,72.67,362730.0
2012-07-30,73.01,73.7,72.76,73.0,291860.0
2012-07-31,73.06,73.64,72.7,72.9,128370.0
2012-08-01,72.95,73.61,72.83,73.54,163730.0
2012-08-02,73.22,73.53,70.49,73.25,803480.0
2012-08-03,72.5,73.35,72.2,72.97,248280.0
2012-08-06,72.67,73.33,71.81,71.82,295960.0
2012-08-07,71.8,72.65,71.3,71.6,229170.0
2012-08-08,71.6,71.9,70.7,71.5,511750.0
2012-08-09,71.33,72.47,71.23,71.85,248840.0
2012-08-10,71.26,72.18,71.05,72.15,149120.0
2012-08-13,72.17,72.7,71.54,71.9,189070.0
2012-08-14,71.61,72.2,71.36,71.89,214930.0
2012-08-15,71.9,72.06,70.7,72.0,742450.0
2012-08-16,71.99,73.73,71.2,72.0,381560.0
2012-08-17,71.87,72.5,71.39,72.45,266290.0
2012-08-20,71.95,72.42,71.32,72.42,218000.0
2012-08-21,72.41,73.73,71.8,71.9,202090.0
2012-08-22,71.9,72.0,71.07,71.9,281370.0
2012-08-23,72.0,72.52,71.39,71.7,449830.0
2012-08-24,71.34,71.89,71.07,71.75,221610.0
2012-08-27,71.96,71.98,71.13,71.85,129460.0
2012-08-28,71.83,72.4,71.43,72.4,258600.0
2012-08-29,72.2,72.84,71.61,72.8,243420.0
2012-08-30,72.65,73.65,71.9,73.65,396830.0
2012-08-31,73.21,73.53,72.75,72.75,170470.0
2012-09-03,72.95,73.5,72.79,73.1,41460.0
2012-09-04,73.18,73.37,72.63,72.9,76980.0
2012-09-05,73.2,73.2,72.21,73.1,181080.0
2012-09-06,73.53,73.53,72.86,73.01,135580.0
2012-09-07,73.19,73.6,72.39,72.47,293130.0
2012-09-10,72.4,72.92,72.21,72.84,169120.0
2012-09-11,72.5,73.05,72.31,72.76,109860.0
2012-09-12,72.8,73.0,72.5,72.93,185580.0
2012-09-13,72.99,73.29,72.51,72.6,35440.0
2012-09-14,73.4,74.62,73.0,73.54,464250.0
2012-09-17,73.54,75.19,73.5,74.31,318280.0
2012-09-18,74.4,77.19,73.3,75.4,637560.0
2012-09-19,74.63,76.58,74.06,74.76,278370.0
2012-09-20,74.2,74.97,73.5,74.25,82650.0
2012-09-21,74.41,74.66,73.02,73.07,158150.0
2012-09-24,73.02,73.02,72.14,72.15,98890.0
2012-09-25,72.37,72.87,71.3,71.45,243670.0
2012-09-26,71.3,71.45,69.8,70.5,188600.0
2012-09-27,70.74,71.1,69.03,70.0,151380.0
2012-09-28,70.0,70.93,69.8,70.46,157960.0
2012-10-01,70.21,72.24,69.8,71.69,243170.0
2012-10-02,70.71,73.1,70.7,71.7,220090.0
2012-10-03,71.81,72.11,70.6,71.41,115560.0
2012-10-04,70.88,71.68,70.17,70.51,129500.0
2012-10-05,71.22,72.47,70.82,72.13,95000.0
2012-10-08,71.72,71.72,70.41,71.2,57910.0
2012-10-09,71.46,72.45,71.02,71.43,81020.0
2012-10-10,71.02,72.2,71.0,71.33,95380.0
2012-10-11,71.15,72.01,70.96,71.1,128110.0
2012-10-12,71.12,71.31,69.33,69.87,290690.0
2012-10-15,69.54,70.1,69.24,69.66,109750.0
2012-10-16,69.93,70.29,68.3,68.93,308900.0
2012-10-17,69.17,70.0,68.21,69.6,153100.0
2012-10-18,69.92,70.49,69.32,69.33,85040.0
2012-10-19,69.9,69.98,68.54,68.68,148620.0
2012-10-22,68.71,69.9,68.6,69.52,97350.0
2012-10-23,69.7,69.99,68.13,68.38,101190.0
2012-10-24,69.0,71.33,68.5,71.2,418840.0
2012-10-25,71.08,72.0,69.7,70.39,174810.0
2012-10-26,70.31,70.97,68.79,69.85,378840.0
2012-10-29,69.86,71.44,68.82,70.78,97160.0
2012-10-30,70.78,70.78,69.64,70.0,195050.0
2012-10-31,69.99,70.44,69.02,69.23,58830.0
2012-11-01,69.22,69.7,68.75,69.41,68240.0
2012-11-02,69.9,71.43,68.92,70.94,130320.0
2012-11-06,70.63,71.8,70.13,71.48,106250.0
2012-11-07,70.52,71.48,70.44,71.2,76950.0
2012-11-08,70.07,71.3,69.13,70.09,141250.0
2012-11-09,70.0,70.26,69.03,69.19,211110.0
2012-11-12,69.81,69.88,69.04,69.71,55270.0
2012-11-13,69.63,70.97,69.02,69.24,158140.0
2012-11-14,69.54,70.32,68.0,68.8,163890.0
2012-11-15,68.51,68.97,68.0,68.27,68160.0
2012-11-16,68.74,68.99,67.31,67.86,197340.0
2012-11-19,67.58,68.41,60.19,67.36,138950.0
2012-11-20,67.0,67.48,66.06,66.63,160570.0
2012-11-21,66.25,66.6,65.5,66.0,150350.0
2012-11-22,66.35,66.43,65.29,66.16,78990.0
2012-11-23,66.16,66.54,65.57,65.95,127400.0
2012-11-26,66.0,66.05,65.47,65.66,34380.0
2012-11-27,65.87,66.45,64.82,65.23,86130.0
2012-11-28,64.87,64.95,63.74,63.96,59920.0
2012-11-29,64.0,65.46,63.72,65.2,94970.0
2012-11-30,65.06,65.35,63.83,65.2,52890.0
2012-12-03,65.49,65.49,63.9,64.17,72840.0
2012-12-04,64.09,64.39,63.09,63.2,84200.0
2012-12-05,63.57,64.0,62.87,63.0,97720.0
2012-12-06,63.0,63.41,62.62,62.89,55430.0
2012-12-07,63.84,63.84,62.22,62.67,74040.0
2012-12-10,62.48,62.96,62.01,62.4,64810.0
2012-12-11,62.4,64.59,60.34,60.85,745560.0
2012-12-12,60.97,61.42,60.45,60.74,161410.0
2012-12-13,59.8,60.54,59.61,59.77,230310.0
2012-12-14,59.65,60.36,59.21,59.85,254460.0
2012-12-17,59.96,60.87,59.3,60.61,282770.0
2012-12-18,60.94,61.14,59.61,60.29,891010.0
2012-12-19,60.29,60.5,58.73,59.86,929400.0
2012-12-20,59.6,59.75,58.7,59.75,1095130.0
2012-12-21,59.72,60.09,59.0,60.0,1929330.0
2012-12-24,59.88,60.04,58.67,59.5,241630.0
2012-12-25,59.86,59.86,59.1,59.5,48390.0
2012-12-26,59.22,59.46,58.8,58.99,134180.0
2012-12-27,58.76,62.99,58.76,62.7,1188910.0
2012-12-28,62.3,68.75,61.47,67.5,1262520.0
2013-01-08,65.38,66.95,64.0,64.73,260990.0
2013-01-09,64.27,65.8,64.1,64.81,80230.0
2013-01-10,64.81,67.58,64.33,65.28,274430.0
2013-01-11,65.97,65.97,64.48,65.36,97640.0
2013-01-14,65.4,65.93,65.08,65.16,100590.0
2013-01-15,65.16,66.57,64.2,66.14,246110.0
2013-01-16,66.69,67.67,65.57,66.1,93160.0
2013-01-17,65.98,66.79,65.33,65.95,45240.0
2013-01-18,66.0,66.7,65.57,66.44,53700.0
2013-01-21,66.08,66.43,65.45,65.58,54070.0
2013-01-22,65.8,65.8,64.77,65.19,74350.0
2013-01-23,65.21,65.7,65.0,65.41,106360.0
2013-01-24,64.35,65.19,64.0,65.19,68490.0
2013-01-25,65.28,65.7,64.89,65.44,43100.0
2013-01-28,65.7,65.97,65.0,65.76,46690.0
2013-01-29,65.82,65.83,65.0,65.6,118920.0
2013-01-30,65.6,67.46,65.3,66.0,454390.0
2013-01-31,66.29,70.14,66.08,66.15,488060.0
2013-02-01,66.12,68.66,66.1,67.0,208320.0
2013-02-04,67.2,68.5,66.51,67.75,211210.0
2013-02-05,67.99,67.99,67.04,67.8,73530.0
2013-02-06,67.74,67.79,66.13,66.15,91620.0
2013-02-07,66.1,67.12,66.1,66.65,46810.0
2013-02-08,66.12,66.98,65.5,66.63,101080.0
2013-02-11,66.96,66.96,65.78,65.78,122800.0
2013-02-12,66.49,69.44,64.77,68.07,734670.0
2013-02-13,68.27,70.48,68.27,68.52,272710.0
2013-02-14,68.51,69.0,66.72,67.51,299540.0
2013-02-15,68.0,68.0,66.12,66.87,97810.0
2013-02-18,66.98,67.78,66.7,66.87,38690.0
2013-02-19,66.9,67.0,66.3,66.44,20310.0
2013-02-20,66.12,66.86,66.0,66.05,114860.0
2013-02-21,65.95,66.17,65.24,65.57,72680.0
2013-02-22,65.79,66.69,65.21,66.49,34540.0
2013-02-25,66.45,67.56,66.12,66.12,50210.0
2013-02-26,66.14,66.14,64.8,65.88,242890.0
2013-02-27,65.99,66.02,65.55,65.87,60690.0
2013-02-28,65.89,66.0,64.6,65.64,102510.0
2013-03-01,65.2,65.4,64.53,64.59,41710.0
2013-03-04,62.99,65.25,62.99,64.46,129970.0
2013-03-05,64.51,64.92,63.21,64.38,85430.0
2013-03-06,64.55,64.89,64.11,64.47,31030.0
2013-03-07,64.7,64.7,64.23,64.5,36970.0
2013-03-11,64.0,65.0,63.67,64.61,95500.0
2013-03-12,64.6,64.6,61.98,62.67,264450.0
2013-03-13,62.91,63.26,62.0,62.35,159910.0
2013-03-14,62.01,62.85,62.0,62.85,92700.0
2013-03-15,62.8,62.85,62.0,62.6,409120.0
2013-03-18,61.9,62.09,60.0,60.41,303160.0
2013-03-19,60.11,60.66,59.81,60.25,137440.0
2013-03-20,59.67,60.55,59.59,60.5,142570.0
2013-03-21,60.01,60.52,59.96,60.5,125840.0
2013-03-22,60.49,60.5,59.5,60.26,66180.0
2013-03-25,60.24,60.5,59.78,60.3,499990.0
2013-03-26,59.82,60.3,59.4,60.0,437150.0
2013-03-27,59.67,60.88,59.67,60.32,256130.0
2013-03-28,60.09,60.46,59.7,60.3,283500.0
2013-03-29,60.4,60.4,59.89,60.3,198780.0
2013-04-01,59.96,60.31,59.73,60.3,70090.0
2013-04-02,59.84,60.98,59.84,60.7,678430.0
2013-04-03,60.4,61.6,59.85,61.4,271590.0
2013-04-04,60.7,61.7,60.08,61.5,194630.0
2013-04-05,61.03,61.65,60.51,61.64,200030.0
2013-04-08,61.69,61.9,60.4,61.0,268860.0
2013-04-09,60.81,61.18,60.6,60.71,104640.0
2013-04-10,60.89,60.89,59.75,60.5,69870.0
2013-04-11,60.6,60.6,59.87,60.21,236570.0
2013-04-12,60.21,60.6,58.16,60.5,729630.0
2013-04-15,59.56,61.04,58.1,61.0,562010.0
2013-04-16,60.2,61.0,59.77,60.3,200780.0
2013-04-17,60.2,61.39,59.38,59.94,542210.0
2013-04-18,60.0,60.0,59.0,59.09,152480.0
2013-04-19,58.6,58.88,56.5,58.0,479790.0
2013-04-22,57.99,60.98,57.24,58.01,361040.0
2013-04-23,58.2,60.67,58.0,60.55,72880.0
2013-04-24,60.31,61.21,59.77,60.8,562870.0
2013-04-25,60.89,61.03,59.02,59.7,161600.0
2013-04-26,59.52,59.59,58.35,59.01,49540.0
2013-04-29,60.0,60.49,59.02,59.83,139570.0
2013-04-30,59.62,63.32,59.62,61.59,383440.0
2013-05-02,61.93,62.48,61.15,62.48,124160.0
2013-05-03,62.41,64.08,62.41,64.0,104630.0
2013-05-06,64.08,64.12,62.52,63.19,225560.0
2013-05-07,62.6,63.38,62.4,62.73,218100.0
2013-05-08,62.88,63.5,61.61,62.78,40980.0
2013-05-10,62.73,63.5,62.0,62.28,44170.0
2013-05-13,63.0,63.5,61.69,62.72,44000.0
2013-05-14,62.3,63.49,61.7,62.01,54820.0
2013-05-15,61.76,62.2,61.12,61.5,26900.0
2013-05-16,61.33,62.14,61.2,61.68,55280.0
2013-05-17,61.99,63.3,61.5,62.7,134710.0
2013-05-20,62.29,63.15,60.61,60.77,110740.0
2013-05-21,61.58,63.2,60.51,62.67,119800.0
2013-05-22,63.0,63.84,62.43,63.39,717130.0
2013-05-23,62.9,64.59,61.62,64.05,2178450.0
2013-05-24,64.2,65.05,63.38,65.0,2861670.0
2013-05-27,64.62,65.16,64.61,65.0,148870.0
2013-05-28,65.1,65.79,65.0,65.25,1018240.0
2013-05-29,64.7,65.13,62.99,63.0,2851400.0
2013-05-30,62.81,64.49,62.74,62.75,661180.0
2013-05-31,62.93,63.13,62.74,63.13,578590.0
2013-06-03,62.9,63.34,62.27,63.2,411390.0
2013-06-04,63.2,63.35,62.75,62.82,447950.0
2013-06-05,62.81,62.9,62.7,62.8,3130620.0
2013-06-06,62.52,62.9,62.0,62.8,758080.0
2013-06-07,62.22,62.9,61.0,62.04,62550.0
2013-06-10,62.28,62.64,61.25,62.36,31250.0
2013-06-11,62.0,62.79,61.51,62.5,60490.0
2013-06-13,62.41,62.7,60.5,61.5,168610.0
2013-06-14,61.29,62.19,60.28,61.38,220220.0
2013-06-17,61.14,62.54,60.47,62.4,271290.0
2013-06-18,62.51,62.51,61.51,62.42,133900.0
2013-06-19,62.42,63.9,61.8,63.1,174210.0
2013-06-20,62.99,63.1,61.1,62.42,130690.0
2013-06-21,61.0,63.2,61.0,62.33,121310.0
2013-06-24,62.78,63.09,62.01,62.95,182400.0
2013-06-25,63.09,63.29,62.4,63.14,164500.0
2013-06-26,62.9,63.15,62.63,63.1,206200.0
2013-06-27,62.73,63.06,62.21,62.41,47420.0
2013-06-28,62.23,63.74,62.22,63.73,106830.0
2013-07-01,63.74,65.44,63.1,65.44,250120.0
2013-07-02,65.0,69.86,64.43,69.27,160050.0
2013-07-03,68.42,69.04,67.12,67.6,71180.0
2013-07-04,67.94,69.0,67.0,68.47,21340.0
2013-07-05,68.21,68.49,67.01,67.51,27340.0
2013-07-08,67.67,69.0,65.86,69.0,112160.0
2013-07-09,67.94,69.45,67.07,68.67,227060.0
2013-07-10,68.2,69.1,67.94,69.1,164210.0
2013-07-11,69.27,73.6,69.27,72.9,652210.0
2013-07-12,72.98,74.6,70.61,70.61,658480.0
2013-07-15,70.9,72.4,70.4,71.69,172270.0
2013-07-16,71.37,72.6,70.9,72.15,169190.0
2013-07-17,72.4,72.6,71.09,71.65,154700.0
2013-07-18,71.99,73.99,71.1,71.65,127060.0
2013-07-19,71.0,72.45,70.91,71.25,84110.0
2013-07-22,71.49,72.49,70.9,71.6,248570.0
2013-07-23,71.41,72.58,71.17,71.56,250450.0
2013-07-24,71.25,73.4,71.08,72.5,768170.0
2013-07-25,72.5,72.57,71.32,71.35,79390.0
2013-07-26,71.01,71.85,70.92,71.47,45130.0
2013-07-29,71.77,72.5,71.11,72.33,132930.0
2013-07-30,73.0,73.89,71.29,71.94,321420.0
2013-07-31,71.51,71.91,68.0,71.6,185900.0
2013-08-01,71.61,72.1,71.07,71.75,119560.0
2013-08-02,72.06,72.1,70.77,71.33,44750.0
2013-08-05,71.1,71.2,70.6,70.7,33570.0
2013-08-06,70.82,71.13,70.64,70.64,79820.0
2013-08-07,70.64,71.15,70.5,70.85,54440.0
2013-08-08,70.91,71.18,69.5,70.35,128830.0
2013-08-09,70.36,70.9,69.66,70.48,15500.0
2013-08-12,70.36,70.36,69.02,70.09,38860.0
2013-08-13,70.2,70.92,69.82,70.83,113210.0
2013-08-14,70.63,71.79,70.2,71.6,167180.0
2013-08-15,71.19,71.59,70.2,70.5,57740.0
2013-08-16,71.25,71.25,69.55,69.6,96250.0
2013-08-19,69.43,71.04,69.35,70.2,144070.0
2013-08-20,70.0,70.01,68.58,69.27,112790.0
2013-08-21,69.68,70.32,67.55,68.27,152590.0
2013-08-22,67.5,69.21,67.5,69.15,91810.0
2013-08-23,69.15,69.15,67.85,68.44,18600.0
2013-08-26,68.01,68.96,67.18,67.6,6720.0
2013-08-27,67.68,67.8,66.17,66.27,29740.0
2013-08-28,66.27,66.82,64.9,65.3,51160.0
2013-08-29,65.12,65.85,64.87,65.61,50340.0
2013-08-30,65.34,66.48,63.57,65.99,58600.0
2013-09-02,64.8,65.0,63.52,64.07,68460.0
2013-09-03,63.63,65.3,63.2,63.42,25100.0
2013-09-04,63.37,63.37,62.1,62.69,74840.0
2013-09-05,62.94,63.45,62.5,63.44,58120.0
2013-09-06,63.98,64.84,62.51,62.51,49160.0
2013-09-09,62.87,65.0,62.62,63.16,49620.0
2013-09-10,63.98,65.93,63.09,63.84,60280.0
2013-09-11,63.58,64.08,63.0,63.01,54220.0
2013-09-12,63.01,63.84,62.07,63.71,48480.0
2013-09-13,63.8,64.2,62.54,63.97,25450.0
2013-09-16,64.32,65.83,63.49,64.55,287730.0
2013-09-17,64.99,65.25,63.77,64.09,20270.0
2013-09-18,63.67,64.01,62.68,63.68,138350.0
2013-09-19,63.23,63.8,63.02,63.02,192250.0
2013-09-20,63.44,63.44,62.74,63.17,71280.0
2013-09-23,63.39,63.39,62.23,62.52,40290.0
2013-09-24,62.61,62.98,59.59,62.2,120160.0
2013-09-25,62.13,63.51,61.55,63.3,1075200.0
2013-09-26,63.29,65.0,63.29,64.27,309200.0
2013-09-27,64.27,64.41,63.63,64.41,179690.0
2013-09-30,63.84,64.55,63.57,63.73,140590.0
2013-10-01,63.69,64.37,63.69,64.15,210980.0
2013-10-02,63.95,64.33,63.5,63.5,82770.0
2013-10-03,63.1,64.1,62.99,63.0,279430.0
2013-10-04,63.47,64.4,63.11,64.0,207610.0
2013-10-07,63.34,64.4,63.0,63.61,211800.0
2013-10-08,64.08,64.3,63.41,63.8,138170.0
2013-10-09,63.67,64.44,63.14,64.3,118870.0
2013-10-10,63.86,64.44,63.11,63.35,93190.0
2013-10-11,63.35,63.9,62.57,63.2,92360.0
2013-10-14,63.59,63.6,62.11,62.99,55780.0
2013-10-15,63.0,63.3,62.7,63.0,130090.0
2013-10-16,62.88,63.29,60.8,61.98,308230.0
2013-10-17,61.99,62.98,61.88,62.04,92800.0
2013-10-18,61.88,63.5,61.2,62.5,153050.0
2013-10-21,62.72,63.5,62.25,63.0,160170.0
2013-10-22,63.0,64.14,62.61,63.5,495340.0
2013-10-23,62.86,63.95,62.85,63.21,302930.0
2013-10-24,63.1,63.75,62.4,63.14,29050.0
2013-10-25,63.48,63.5,62.42,62.47,29850.0
2013-10-28,63.09,63.97,62.43,63.45,71040.0
2013-10-29,63.12,63.5,62.09,63.11,68000.0
2013-10-30,63.72,64.0,62.4,63.34,238980.0
2013-10-31,63.25,63.49,62.48,63.04,32510.0
2013-11-01,63.28,63.97,63.02,63.93,41320.0
2013-11-05,63.61,63.93,62.81,63.0,77970.0
2013-11-06,63.2,63.51,62.44,62.52,149250.0
2013-11-07,62.4,63.29,62.16,62.8,34860.0
2013-11-08,62.42,62.98,62.07,62.55,47710.0
2013-11-11,63.2,63.24,62.6,62.6,37960.0
2013-11-12,62.7,62.7,61.83,62.6,18910.0
2013-11-13,62.37,63.12,61.5,62.02,438340.0
2013-11-14,61.89,63.53,59.95,62.24,595410.0
2013-11-15,62.05,62.61,61.92,62.05,21190.0
2013-11-18,61.88,62.98,61.88,62.55,42370.0
2013-11-19,62.36,62.85,61.71,61.88,106410.0
2013-11-20,62.12,62.12,61.4,61.7,379420.0
2013-11-21,61.64,62.6,60.16,61.71,582080.0
2013-11-22,61.4,63.45,61.4,63.06,96350.0
2013-11-25,63.72,63.95,62.15,62.67,214520.0
2013-11-26,63.59,64.0,62.53,64.0,505200.0
2013-11-27,63.84,64.08,63.28,63.84,626630.0
2013-11-28,64.0,64.51,63.36,64.0,426080.0
2013-11-29,64.0,64.0,62.65,63.9,229160.0
2013-12-02,63.75,64.3,62.23,62.56,80350.0
2013-12-03,62.85,62.87,60.22,60.87,214850.0
2013-12-04,60.5,61.46,59.21,61.1,618990.0
2013-12-05,61.5,62.51,60.51,61.01,526400.0
2013-12-06,61.44,62.1,60.7,61.3,230000.0
2013-12-09,61.0,61.51,60.9,61.3,33910.0
2013-12-10,61.68,61.74,61.0,61.25,87270.0
2013-12-11,61.74,62.25,60.93,61.2,329690.0
2013-12-12,61.0,61.7,60.56,60.99,368350.0
2013-12-13,61.0,64.18,61.0,64.1,1011810.0
2013-12-16,64.0,64.83,63.33,64.25,377150.0
2013-12-17,65.1,67.95,63.9,67.41,597520.0
2013-12-18,67.6,70.45,66.64,70.3,1173000.0
2013-12-19,70.85,72.15,70.0,71.26,958800.0
2013-12-20,71.3,71.31,69.7,70.4,219380.0
2013-12-23,70.4,72.05,70.06,70.9,326150.0
2013-12-24,70.88,71.12,67.69,70.72,97770.0
2013-12-25,71.0,71.77,69.21,70.75,264290.0
2013-12-26,70.1,70.35,69.81,69.81,55890.0
2013-12-27,69.67,70.8,69.51,70.3,51630.0
2013-12-30,70.0,71.37,70.0,70.5,193400.0
2014-01-06,70.13,70.13,67.62,67.7,161200.0
2014-01-08,67.73,69.37,67.1,69.37,67220.0
2014-01-09,68.18,69.32,67.61,68.44,89420.0
2014-01-10,67.94,68.93,67.16,68.61,115850.0
2014-01-13,68.5,71.32,68.06,70.6,98170.0
2014-01-14,69.7,72.45,67.7,72.05,122330.0
2014-01-15,69.51,74.74,69.27,72.5,642080.0
2014-01-16,73.59,73.59,70.07,70.36,182900.0
2014-01-17,70.3,71.0,69.55,69.7,83100.0
2014-01-20,69.61,70.0,68.68,68.89,126250.0
2014-01-21,69.27,69.7,68.05,68.8,98470.0
2014-01-22,69.0,69.73,67.74,67.91,86430.0
2014-01-23,67.99,68.54,66.88,66.88,77920.0
2014-01-24,66.1,67.67,65.15,67.67,46270.0
2014-01-27,67.0,67.5,65.25,65.7,96390.0
2014-01-28,65.75,66.44,65.11,66.24,83060.0
2014-01-29,65.45,67.0,64.51,64.6,185420.0
2014-01-30,65.28,65.58,63.77,64.24,251080.0
2014-01-31,64.56,67.05,63.04,67.0,1049300.0
2014-02-03,66.99,66.99,64.8,65.0,331800.0
2014-02-04,64.88,68.94,64.35,68.5,444420.0
2014-02-05,68.5,72.58,68.31,72.43,2531660.0
2014-02-06,71.86,72.95,70.64,71.55,121310.0
2014-02-07,71.99,76.05,70.9,76.03,508420.0
2014-02-10,75.99,76.79,74.09,76.49,951560.0
2014-02-11,76.49,78.48,75.23,78.3,692540.0
2014-02-12,78.5,79.44,77.05,78.97,717800.0
2014-02-13,78.36,79.96,77.07,79.8,586850.0
2014-02-14,79.89,83.3,79.0,80.52,445750.0
2014-02-17,81.0,81.35,78.87,80.5,671250.0
2014-02-18,80.16,81.51,80.11,80.7,133370.0
2014-02-19,81.22,81.5,79.4,81.5,405170.0
2014-02-20,80.09,81.9,79.32,81.0,543220.0
2014-02-21,80.57,81.5,80.5,81.5,345260.0
2014-02-24,81.42,81.5,80.5,81.3,475680.0
2014-02-25,82.0,82.8,81.62,82.3,549630.0
2014-02-26,82.3,82.5,81.83,81.95,484600.0
2014-02-27,82.0,82.8,80.4,82.8,1460900.0
2014-02-28,81.51,82.95,79.6,82.4,404140.0
2014-03-03,79.7,81.5,74.0,78.0,1645820.0
2014-03-04,78.98,79.2,75.0,79.01,307610.0
2014-03-05,78.11,79.01,76.04,79.01,348250.0
2014-03-06,78.63,81.7,77.0,81.0,542970.0
2014-03-07,81.3,82.1,80.4,80.6,113460.0
2014-03-11,80.0,84.4,79.13,83.86,383120.0
2014-03-12,83.86,86.9,79.35,79.35,344980.0
2014-03-13,78.7,79.88,76.14,78.05,280560.0
2014-03-14,76.0,79.0,71.21,78.0,412440.0
2014-03-17,79.73,82.29,75.7,76.58,389890.0
2014-03-18,77.37,78.9,76.2,77.74,149690.0
2014-03-19,77.78,82.89,76.0,80.5,10238030.0
2014-03-20,78.2,81.99,78.2,81.75,193890.0
2014-03-21,80.0,81.88,78.19,81.88,112230.0
2014-03-24,82.0,82.0,78.63,79.51,140530.0
2014-03-25,79.04,80.99,78.54,79.86,135650.0
2014-03-26,78.89,81.56,78.49,81.5,266680.0
2014-03-27,79.82,81.5,79.82,81.36,40330.0
2014-03-28,79.55,81.49,79.55,81.38,51410.0
2014-03-31,81.99,82.0,80.02,80.84,83750.0
2014-04-01,80.8,83.44,79.97,81.5,68970.0
2014-04-02,81.07,83.88,81.03,82.45,46570.0
2014-04-03,83.44,83.9,80.5,81.01,54640.0
2014-04-04,80.39,82.48,80.39,81.91,31250.0
2014-04-07,80.99,82.75,80.32,81.82,186690.0
2014-04-08,81.84,82.69,80.68,81.5,197990.0
2014-04-09,82.26,83.43,81.75,82.01,68330.0
2014-04-10,82.51,86.99,82.5,86.98,369780.0
2014-04-11,84.9,89.98,84.26,87.99,312620.0
2014-04-14,87.09,87.85,86.0,87.34,16510.0
2014-04-15,87.0,88.0,83.65,83.65,61430.0
2014-04-16,84.65,84.73,82.01,83.07,52650.0
2014-04-17,83.41,85.95,82.67,83.5,19060.0
2014-04-18,84.8,86.5,83.77,86.0,49980.0
2014-04-21,85.48,85.99,85.0,85.0,13200.0
2014-04-22,85.55,85.74,83.75,84.0,116760.0
2014-04-23,84.95,85.12,83.0,83.96,30560.0
2014-04-24,84.0,84.03,83.5,84.0,178200.0
2014-04-25,83.08,83.89,82.1,83.89,218560.0
2014-04-28,84.45,84.49,82.08,82.91,14690.0
2014-04-29,83.98,85.0,80.04,80.46,108880.0
2014-04-30,80.46,83.35,80.46,82.31,180240.0
2014-05-02,81.45,84.83,80.76,84.83,13730.0
2014-05-05,82.71,83.53,81.51,82.4,6630.0
2014-05-06,83.0,83.6,82.01,83.01,8210.0
2014-05-07,82.74,85.0,82.44,84.88,16290.0
2014-05-08,85.0,86.0,83.0,84.5,40610.0
2014-05-12,84.08,84.99,82.49,83.52,45150.0
2014-05-13,83.34,85.3,83.34,83.35,13770.0
2014-05-14,84.35,84.35,79.85,81.9,173160.0
2014-05-15,81.7,83.53,81.7,81.89,48660.0
2014-05-16,82.65,83.0,81.78,82.51,360090.0
2014-05-19,82.4,85.0,82.0,84.51,860280.0
2014-05-20,84.35,85.0,83.28,85.0,59650.0
2014-05-21,84.53,85.65,83.74,85.65,112530.0
2014-05-22,84.71,87.0,83.23,87.0,76330.0
2014-05-23,86.57,86.92,84.16,84.7,42760.0
2014-05-26,84.93,85.04,84.22,84.22,8890.0
2014-05-27,84.0,88.0,81.0,88.0,1137820.0
2014-05-28,87.1,89.68,86.21,89.0,235540.0
2014-05-29,89.83,89.83,88.46,89.57,64610.0
2014-05-30,89.75,93.98,88.15,93.98,158880.0
2014-06-02,93.97,95.73,93.02,94.99,198730.0
2014-06-03,93.14,94.97,92.61,94.7,88260.0
2014-06-04,94.7,94.9,93.4,94.0,16350.0
2014-06-05,94.9,95.7,91.11,91.29,33480.0
2014-06-06,92.0,93.11,90.0,90.0,34690.0
2014-06-09,90.0,93.1,87.76,87.76,56310.0
2014-06-10,89.13,89.13,84.0,84.35,256450.0
2014-06-11,83.69,84.79,81.11,81.42,378790.0
2014-06-16,81.93,83.62,77.27,80.23,708500.0
2014-06-17,80.12,80.39,78.71,79.9,99670.0
2014-06-18,80.48,81.9,79.05,79.94,117410.0
2014-06-19,80.49,80.89,79.05,79.4,124780.0
2014-06-20,79.35,81.0,79.03,79.69,220400.0
2014-06-23,80.44,80.44,78.23,79.01,73590.0
2014-06-24,79.73,79.73,78.24,79.22,39840.0
2014-06-25,78.98,79.75,78.12,78.12,38400.0
2014-06-26,78.67,80.0,78.28,79.76,36490.0
2014-06-27,79.31,80.47,79.31,79.78,28000.0
2014-06-30,79.98,80.81,78.81,79.45,39840.0
2014-07-01,80.48,80.48,78.5,78.5,26440.0
2014-07-02,79.28,81.8,78.8,81.69,241460.0
2014-07-03,81.7,83.48,80.12,80.2,94870.0
2014-07-04,80.51,81.7,80.0,81.0,186260.0
2014-07-07,81.0,83.4,80.96,81.28,934570.0
2014-07-08,81.89,83.97,80.63,80.65,1038450.0
2014-07-09,80.99,81.85,79.11,79.99,188480.0
2014-07-10,79.25,80.17,78.23,79.66,77740.0
2014-07-11,78.51,79.28,77.88,78.33,32580.0
2014-07-14,78.46,78.9,77.22,77.4,55880.0
2014-07-15,77.78,78.08,77.2,77.65,16580.0
2014-07-16,78.1,78.78,76.02,78.05,103040.0
2014-07-17,77.04,78.43,75.5,75.5,95020.0
2014-07-18,75.5,77.68,73.79,76.6,72310.0
2014-07-21,76.99,77.46,76.0,76.35,12480.0
2014-07-22,77.12,78.22,77.05,77.87,29100.0
2014-07-23,77.71,78.7,75.14,78.7,60290.0
2014-07-24,78.01,78.78,76.06,78.0,37240.0
2014-07-25,77.0,77.65,76.02,76.02,25120.0
2014-07-28,75.29,76.29,72.2,74.0,207620.0
2014-07-29,73.04,75.24,73.03,74.75,24420.0
2014-07-30,75.68,77.9,74.0,77.01,208840.0
2014-07-31,77.01,78.88,77.0,78.26,722380.0
2014-08-01,77.75,78.9,77.75,78.4,66680.0
2014-08-04,78.94,80.57,78.94,79.85,210380.0
2014-08-05,79.87,80.38,79.0,79.88,389920.0
2014-08-06,79.32,80.25,79.01,80.0,307530.0
2014-08-07,80.01,82.56,79.01,82.01,1060490.0
2014-08-08,82.2,85.85,82.0,85.03,241590.0
2014-08-11,85.03,89.8,85.0,89.8,880670.0
2014-08-12,89.8,94.75,89.8,94.28,6746530.0
2014-08-13,93.58,99.45,93.58,99.45,1044370.0
2014-08-14,97.0,101.79,95.1,99.5,1249100.0
2014-08-15,99.33,104.0,99.0,100.0,339390.0
2014-08-18,98.55,100.97,98.08,99.9,255070.0
2014-08-19,100.01,102.0,100.0,100.32,42640.0
2014-08-20,99.69,103.88,98.32,99.9,544460.0
2014-08-21,100.0,101.5,98.05,101.5,535860.0
2014-08-22,99.84,100.99,99.61,100.97,138000.0
2014-08-25,100.96,103.5,100.0,100.2,98630.0
2014-08-26,100.01,101.55,100.0,100.39,339270.0
2014-08-27,99.1,101.05,99.1,100.0,276710.0
2014-08-28,99.05,103.5,97.0,100.14,215170.0
2014-08-29,100.98,101.08,70.0,96.73,2333700.0
2014-09-01,98.33,100.0,98.33,99.51,1273840.0
2014-09-02,101.78,102.18,98.1,100.03,236470.0
2014-09-03,101.49,111.0,99.19,109.0,2925930.0
2014-09-04,109.0,112.47,104.58,106.48,91410.0
2014-09-05,106.96,110.63,106.55,107.31,208150.0
2014-09-08,107.99,112.0,105.01,111.11,504000.0
2014-09-09,111.1,114.88,111.0,113.71,267250.0
2014-09-10,112.06,117.99,112.05,115.37,536510.0
2014-09-11,116.88,119.0,111.76,118.36,479130.0
2014-09-12,118.0,120.9,117.85,119.86,288770.0
2014-09-15,119.0,125.43,118.05,124.0,758020.0
2014-09-16,123.01,130.77,123.0,128.15,1245250.0
2014-09-17,127.81,132.0,127.81,128.49,314500.0
2014-09-18,128.16,133.99,128.0,130.0,5782930.0
2014-09-19,129.67,131.95,128.5,130.02,358340.0
2014-09-22,129.69,131.35,129.69,130.45,308610.0
2014-09-23,129.15,137.98,129.02,135.25,450140.0
2014-09-24,135.59,136.27,131.0,132.75,341410.0
2014-09-25,131.41,132.99,128.5,129.01,314620.0
2014-09-26,128.69,129.99,124.91,125.4,228650.0
2014-09-29,124.07,127.67,115.31,121.0,409120.0
2014-09-30,120.69,123.9,116.32,117.2,199650.0
2014-10-01,117.2,117.2,113.6,114.5,230670.0
2014-10-02,113.4,116.0,109.9,114.6,343490.0
2014-10-03,114.0,114.9,113.0,113.6,72190.0
2014-10-06,113.3,115.6,113.2,113.5,42000.0
2014-10-07,113.5,118.4,110.0,112.0,90800.0
2014-10-08,112.0,112.0,108.1,110.0,114170.0
2014-10-09,110.0,112.1,109.4,110.0,87790.0
2014-10-10,108.2,111.8,108.2,109.5,18830.0
2014-10-13,108.8,115.3,108.8,114.8,258340.0
2014-10-14,114.5,119.0,113.8,118.9,592490.0
2014-10-15,118.5,122.5,118.2,119.0,273210.0
2014-10-16,119.1,125.0,119.1,123.3,251090.0
2014-10-17,124.8,130.9,123.4,129.9,183740.0
2014-10-20,129.6,136.9,129.6,131.2,437660.0
2014-10-21,130.9,136.5,127.0,135.6,399190.0
2014-10-22,135.4,138.0,134.6,136.0,270260.0
2014-10-23,135.6,137.5,130.1,135.7,439900.0
2014-10-24,135.4,138.3,135.4,138.0,83810.0
2014-10-27,138.7,142.0,137.0,140.3,684120.0
2014-10-28,140.0,146.5,139.0,146.5,6756250.0
2014-10-29,146.1,152.0,146.1,151.8,898050.0
2014-10-30,150.7,152.9,143.0,149.1,360000.0
2014-10-31,148.1,150.2,148.0,150.0,424850.0
2014-11-03,145.4,150.0,143.3,150.0,162600.0
2014-11-05,147.0,149.4,143.1,149.1,198750.0
2014-11-06,146.3,149.0,145.5,149.0,170160.0
2014-11-07,147.7,148.4,147.0,148.4,137120.0
2014-11-10,148.0,150.2,146.1,150.2,99380.0
2014-11-11,149.2,149.5,147.7,147.7,49000.0
2014-11-12,147.4,149.9,145.7,148.5,86090.0
2014-11-13,148.6,148.6,144.1,148.5,105390.0
2014-11-14,147.5,148.8,147.1,148.8,113070.0
2014-11-17,148.2,152.5,147.5,151.7,462730.0
2014-11-18,152.9,158.0,147.6,154.0,1148110.0
2014-11-19,156.0,160.0,155.9,158.3,353160.0
2014-11-20,160.0,165.0,156.0,164.7,445050.0
2014-11-21,166.0,168.0,160.1,165.5,676160.0
2014-11-24,164.0,171.2,162.0,169.5,700920.0
2014-11-25,170.0,171.0,166.9,170.6,700520.0
2014-11-26,169.2,173.0,168.6,173.0,275490.0
2014-11-27,173.6,177.5,170.6,177.2,1355950.0
2014-11-28,178.0,184.0,175.0,178.0,523860.0
2014-12-01,179.0,180.9,172.2,180.9,464620.0
2014-12-02,182.8,183.2,177.8,177.8,153900.0
2014-12-03,176.8,181.3,148.0,181.3,1262750.0
2014-12-04,178.5,189.3,177.8,180.0,234420.0
2014-12-05,178.1,183.3,172.9,179.9,118290.0
2014-12-08,178.4,180.0,164.1,178.0,255160.0
2014-12-09,176.2,178.6,173.5,177.0,176180.0
2014-12-10,177.9,184.0,174.4,184.0,500850.0
2014-12-11,184.3,189.8,183.0,189.0,375100.0
2014-12-12,189.5,197.5,189.5,195.9,448870.0
2014-12-15,197.9,213.0,189.0,197.5,1483940.0
2014-12-16,200.9,244.0,165.9,188.3,560520.0
2014-12-17,189.0,193.0,185.0,187.2,291610.0
2014-12-18,187.1,189.7,181.5,188.0,227250.0
2014-12-19,184.7,193.0,182.2,184.2,192330.0
2014-12-22,185.7,189.9,185.5,188.5,322690.0
2014-12-23,188.1,190.0,188.0,188.3,108070.0
2014-12-24,188.3,189.9,188.0,188.0,92010.0
2014-12-25,189.0,197.7,188.0,188.0,67170.0
2014-12-26,188.4,188.6,188.0,188.1,116360.0
2014-12-29,184.2,195.0,172.6,190.9,212750.0
2014-12-30,188.5,194.9,187.3,187.3,171570.0
2015-01-05,190.0,192.7,188.2,191.7,28390.0
2015-01-06,191.0,219.6,191.0,198.9,129590.0
2015-01-08,199.8,206.9,191.2,191.2,30850.0
2015-01-09,190.9,195.5,187.6,192.7,18260.0
2015-01-12,191.0,194.8,188.0,188.0,49370.0
2015-01-13,189.0,198.5,188.1,195.4,155680.0
2015-01-14,195.0,197.4,192.1,192.8,14250.0
2015-01-15,193.0,193.6,188.9,189.8,38580.0
2015-01-16,188.5,197.0,188.0,194.1,142790.0
2015-01-19,195.3,199.7,188.7,188.7,48710.0
2015-01-20,190.0,195.8,185.0,188.1,177350.0
2015-01-21,189.5,190.1,188.0,188.0,118890.0
2015-01-22,188.3,191.8,188.0,188.0,72140.0
2015-01-23,189.1,190.0,188.0,188.0,124330.0
2015-01-26,188.7,189.0,185.0,188.0,140280.0
2015-01-27,188.8,192.0,186.2,186.2,159350.0
2015-01-28,188.9,189.0,186.1,186.6,87130.0
2015-01-29,187.5,189.0,185.2,187.4,92350.0
2015-01-30,188.0,191.4,185.1,189.7,106700.0
2015-02-02,189.3,189.7,188.0,188.1,41030.0
2015-02-03,187.9,188.9,186.6,187.9,54140.0
2015-02-04,189.0,189.0,188.0,188.0,59070.0
2015-02-05,188.2,188.9,188.0,188.5,45410.0
2015-02-06,186.8,192.6,186.7,190.8,92090.0
2015-02-09,190.5,218.9,189.1,203.0,154410.0
2015-02-10,203.3,208.7,202.4,204.2,75390.0
2015-02-11,205.8,209.8,201.7,202.0,102930.0
2015-02-12,202.7,214.8,201.6,205.1,128750.0
2015-02-13,206.0,206.0,201.6,204.2,138020.0
2015-02-16,204.2,204.2,200.0,203.4,24790.0
2015-02-17,203.3,205.0,197.6,204.8,45040.0
2015-02-18,204.6,205.9,202.5,205.1,22810.0
2015-02-19,205.7,205.8,193.0,198.6,120410.0
2015-02-20,201.2,201.2,191.0,194.5,31390.0
2015-02-24,192.9,195.7,188.0,194.7,55250.0
2015-02-25,195.0,199.6,188.0,189.8,89410.0
2015-02-26,190.7,190.7,188.0,189.2,83240.0
2015-02-27,187.0,195.0,185.0,195.0,237630.0
2015-03-02,195.0,195.0,190.2,192.1,206840.0
2015-03-03,192.9,192.9,190.0,192.5,82590.0
2015-03-04,194.1,194.1,188.0,188.0,19780.0
2015-03-05,189.5,200.0,188.2,188.4,91870.0
2015-03-06,188.3,194.4,188.0,188.4,28090.0
2015-03-10,189.0,194.7,188.1,188.1,44740.0
2015-03-11,190.0,194.0,189.0,189.8,34370.0
2015-03-12,189.5,192.0,186.3,189.8,14980.0
2015-03-13,188.0,189.6,186.0,187.3,14050.0
2015-03-16,186.6,188.0,178.5,178.9,133010.0
2015-03-17,180.0,180.0,166.0,170.7,82870.0
2015-03-18,170.2,183.0,167.1,181.0,136250.0
2015-03-19,182.9,187.1,176.3,184.8,205200.0
2015-03-20,183.5,190.7,173.2,187.7,2083190.0
2015-03-23,187.0,196.9,178.1,195.0,626390.0
2015-03-24,195.0,197.0,192.0,195.0,129660.0
2015-03-25,194.8,196.8,192.0,192.9,42620.0
2015-03-26,192.9,195.0,191.5,194.1,27100.0
2015-03-27,194.3,194.4,181.6,194.0,235260.0
2015-03-30,188.7,192.3,185.5,192.3,71660.0
2015-03-31,190.1,193.4,187.2,193.0,72700.0
2015-04-01,191.3,194.9,190.0,193.2,22040.0
2015-04-02,192.6,192.6,186.0,186.0,17200.0
2015-04-03,187.6,193.0,186.3,193.0,28410.0
2015-04-06,192.7,193.7,189.3,192.4,17020.0
2015-04-07,192.4,193.9,189.5,189.6,19210.0
2015-04-08,189.2,192.0,183.2,192.0,53590.0
2015-04-09,191.8,193.0,180.1,182.4,85290.0
2015-04-10,183.0,193.0,169.0,192.0,1001750.0
2015-04-13,190.2,192.8,186.4,192.0,182380.0
2015-04-14,191.7,192.9,187.0,192.0,99390.0
2015-04-15,191.1,196.0,187.5,195.6,47510.0
2015-04-16,190.7,193.2,184.4,189.2,74970.0
2015-04-17,189.1,191.2,185.1,186.0,135490.0
2015-04-20,186.9,192.0,186.9,188.4,19030.0
2015-04-21,188.8,191.8,181.3,187.0,192690.0
2015-04-22,186.9,188.0,183.3,188.0,25330.0
2015-04-23,187.2,190.0,186.0,190.0,245020.0
2015-04-24,189.2,191.0,187.0,188.5,28560.0
2015-04-27,188.2,190.0,187.1,188.2,14160.0
2015-04-28,188.2,190.8,186.0,190.1,105310.0
2015-04-29,189.7,191.0,189.3,190.5,55140.0
2015-04-30,188.9,192.0,185.7,192.0,27810.0
2015-05-05,191.4,194.7,189.4,192.8,133950.0
2015-05-06,190.3,192.4,188.0,188.8,176850.0
2015-05-07,187.5,193.3,183.8,192.7,148900.0
2015-05-08,193.0,194.8,192.0,194.8,32690.0
2015-05-12,194.0,194.4,192.1,194.4,51090.0
2015-05-13,190.3,197.8,188.7,194.3,160360.0
2015-05-14,194.3,200.0,193.6,199.7,36180.0
2015-05-15,200.8,200.9,198.0,199.8,7810.0
2015-05-18,203.0,203.9,194.2,201.5,21870.0
2015-05-19,200.3,203.0,200.3,203.0,20260.0
2015-05-20,203.0,204.4,201.5,204.0,24050.0
2015-05-21,204.1,204.8,202.6,203.8,7120.0
2015-05-22,204.2,205.0,181.4,203.2,55190.0
2015-05-25,205.6,206.5,202.9,202.9,18390.0
2015-05-26,203.2,208.3,201.8,206.9,14330.0
2015-05-27,208.0,208.0,198.0,199.4,30360.0
2015-05-28,199.1,201.4,193.4,193.4,12340.0
2015-05-29,193.7,195.0,183.1,183.1,37370.0
2015-06-01,183.9,195.3,183.9,186.4,23860.0
2015-06-02,187.2,193.0,186.2,191.7,27590.0
2015-06-03,190.2,191.2,186.0,186.0,24290.0
2015-06-04,186.9,194.2,186.8,190.0,53180.0
2015-06-05,191.8,192.4,186.0,189.0,30980.0
2015-06-08,189.6,191.0,188.4,190.5,2920.0
2015-06-09,188.0,190.1,185.1,186.0,27300.0
2015-06-10,185.0,187.0,181.8,183.5,20470.0
2015-06-11,184.5,184.5,171.0,178.5,126100.0
2015-06-15,177.8,184.5,176.9,182.5,27190.0
2015-06-16,182.9,187.2,180.3,187.2,13990.0
2015-06-17,186.2,189.0,183.9,185.0,23020.0
2015-06-18,187.6,187.6,173.8,177.7,45310.0
2015-06-19,179.9,182.6,179.9,180.0,38270.0
2015-06-22,179.7,186.0,179.7,184.2,12040.0
2015-06-23,184.2,184.2,178.6,180.0,149690.0
2015-06-24,180.2,183.9,174.2,183.9,34560.0
2015-06-25,181.6,183.8,180.0,180.0,7600.0
2015-06-26,181.5,182.4,180.0,180.0,81770.0
2015-06-29,176.5,181.0,176.5,180.0,24180.0
2015-06-30,177.8,180.4,177.7,180.4,11770.0
2015-07-01,180.4,180.5,179.0,179.9,3910.0
2015-07-02,179.7,180.2,179.7,180.1,32060.0
2015-07-03,180.1,183.5,180.0,182.1,9550.0
2015-07-06,178.3,182.4,176.2,181.0,11180.0
2015-07-07,179.2,185.0,179.2,181.8,20510.0
2015-07-08,181.9,182.8,175.7,181.8,17390.0
2015-07-09,178.3,181.2,177.4,180.6,6950.0
2015-07-10,180.7,180.8,175.5,180.0,29810.0
2015-07-13,179.7,180.5,177.9,180.1,5790.0
2015-07-14,180.2,180.2,178.1,178.1,3760.0
2015-07-15,178.0,180.3,177.1,179.8,13420.0
2015-07-16,178.4,180.6,178.3,179.8,4650.0
2015-07-17,180.6,180.6,178.3,180.3,2030.0
2015-07-20,180.6,180.7,176.0,176.2,19420.0
2015-07-21,176.7,177.2,171.4,173.3,15190.0
2015-07-22,172.2,174.5,170.0,171.0,14200.0
2015-07-23,170.5,170.8,155.5,161.6,92160.0
2015-07-24,160.8,160.8,151.0,151.2,40990.0
2015-07-27,150.2,178.2,142.2,148.7,158270.0
2015-07-28,146.8,160.0,146.4,158.4,33040.0
2015-07-29,158.4,167.8,156.3,163.9,63380.0
2015-07-30,163.9,174.5,162.1,167.9,35880.0
2015-07-31,168.5,173.8,160.7,172.8,38870.0
2015-08-03,172.8,175.9,168.0,168.3,6930.0
2015-08-04,168.3,171.9,158.2,161.8,25660.0
2015-08-05,161.6,169.7,161.6,164.8,34900.0
2015-08-06,163.9,167.7,158.0,159.5,32370.0
2015-08-07,161.0,166.5,160.3,165.0,41890.0
2015-08-10,165.0,169.7,160.9,169.3,21680.0
2015-08-11,168.0,172.0,168.0,172.0,17700.0
2015-08-12,170.2,173.8,170.1,173.0,32250.0
2015-08-13,173.0,175.6,173.0,173.6,23240.0
2015-08-14,172.8,181.8,172.2,181.5,32830.0
2015-08-17,181.4,183.7,175.1,180.1,47860.0
2015-08-18,180.0,183.5,180.0,183.4,19180.0
2015-08-19,183.4,186.5,180.0,180.6,17470.0
2015-08-20,180.2,188.8,180.1,184.9,25840.0
2015-08-21,184.8,190.0,180.0,182.9,11250.0
2015-08-24,176.0,184.2,175.0,180.2,23230.0
2015-08-25,180.2,183.4,180.0,180.0,14780.0
2015-08-26,178.5,183.0,178.5,183.0,31250.0
2015-08-27,183.1,188.9,183.0,188.9,82000.0
2015-08-28,188.9,193.3,188.9,193.2,57470.0
2015-08-31,193.8,201.0,193.2,201.0,70210.0
2015-09-01,196.2,204.6,195.2,204.6,212890.0
2015-09-02,203.9,203.9,187.0,187.0,78810.0
2015-09-03,187.0,190.4,180.0,181.0,18960.0
2015-09-04,180.0,184.1,177.8,182.7,16160.0
2015-09-07,182.7,188.6,182.7,186.7,10510.0
2015-09-08,186.6,189.7,185.3,186.5,7690.0
2015-09-09,186.8,198.3,180.0,194.5,44630.0
2015-09-10,193.3,199.6,191.9,198.0,22020.0
2015-09-11,211.7,211.7,194.2,198.3,34750.0
2015-09-14,199.9,203.9,195.6,197.7,29820.0
2015-09-15,196.9,201.0,192.0,195.0,21220.0
2015-09-16,199.4,199.6,193.8,198.2,17450.0
2015-09-17,195.1,196.7,188.7,191.4,14970.0
2015-09-18,191.6,194.5,180.3,181.0,52830.0
2015-09-21,182.5,183.2,181.2,182.1,13790.0
2015-09-22,181.1,182.4,175.2,180.0,34640.0
2015-09-23,179.9,181.5,177.1,180.3,24870.0
2015-09-24,180.8,182.8,180.0,180.3,18040.0
2015-09-25,180.2,192.1,179.5,190.0,120440.0
2015-09-28,188.4,193.9,185.7,190.0,33690.0
2015-09-29,189.8,191.9,186.4,190.9,250990.0
2015-09-30,190.2,193.4,190.0,191.1,7670.0
2015-10-01,192.6,196.9,190.0,191.0,13120.0
2015-10-02,190.7,193.3,190.0,192.6,7610.0
2015-10-05,191.7,201.6,183.0,201.5,64150.0
2015-10-06,201.5,208.8,191.9,208.8,296130.0
2015-10-07,208.1,219.9,208.0,219.1,109260.0
2015-10-08,219.1,224.8,217.8,220.5,85520.0
2015-10-09,220.6,224.7,220.5,220.5,34210.0
2015-10-12,220.3,221.6,219.8,221.0,41510.0
2015-10-13,222.1,227.1,218.6,222.7,28720.0
2015-10-14,223.5,224.6,220.0,221.2,8270.0
2015-10-15,223.9,227.8,218.7,222.3,182960.0
2015-10-16,222.0,223.4,221.0,223.4,4880.0
2015-10-19,223.4,223.8,211.0,220.9,43590.0
2015-10-20,218.4,222.9,218.4,221.2,51840.0
2015-10-21,221.2,223.7,219.6,220.0,32120.0
2015-10-22,220.0,220.5,220.0,220.4,96650.0
2015-10-23,219.9,222.5,219.9,220.9,29440.0
2015-10-26,221.6,222.4,220.0,220.0,11650.0
2015-10-27,220.1,224.0,220.0,224.0,103790.0
2015-10-28,225.0,226.0,216.3,221.5,269460.0
2015-10-29,221.4,222.8,220.0,220.0,4700.0
2015-10-30,220.0,223.1,220.0,222.5,10310.0
2015-11-02,223.9,228.9,220.7,221.2,16090.0
2015-11-03,224.1,248.6,223.6,241.0,57710.0
2015-11-05,241.9,258.0,232.3,244.2,68570.0
2015-11-06,244.3,248.8,227.3,240.0,14650.0
2015-11-09,239.9,249.8,234.5,235.0,25100.0
2015-11-10,237.2,243.0,223.8,231.9,36430.0
2015-11-11,233.6,235.7,225.2,232.7,13060.0
2015-11-12,228.2,233.0,227.6,232.6,4310.0
2015-11-13,231.8,231.8,220.1,220.1,21730.0
2015-11-16,220.8,226.3,211.3,216.9,36520.0
2015-11-17,216.0,229.3,213.2,219.0,50710.0
2015-11-18,218.4,227.9,215.0,216.1,32570.0
2015-11-19,216.2,221.2,215.0,218.2,128130.0
2015-11-20,218.2,230.0,218.2,225.1,33290.0
2015-11-23,226.0,237.5,222.3,232.1,26370.0
2015-11-24,231.3,232.9,224.5,225.1,15310.0
2015-11-25,225.4,227.2,220.1,221.9,11140.0
2015-11-26,223.1,229.8,221.6,223.8,9660.0
2015-11-27,224.7,224.7,220.0,220.2,20080.0
2015-11-30,221.3,222.1,211.9,217.8,26230.0
2015-12-01,217.8,222.9,217.8,221.0,13110.0
2015-12-02,221.0,224.3,220.0,220.0,8990.0
2015-12-03,220.0,232.5,220.0,230.0,31010.0
2015-12-04,232.1,234.9,220.0,222.4,26750.0
2015-12-07,222.0,227.8,220.0,227.8,28130.0
2015-12-08,225.0,227.0,216.5,216.5,68750.0
2015-12-09,217.3,227.0,217.3,221.6,46240.0
2015-12-10,222.2,226.4,221.2,221.2,5110.0
2015-12-11,224.8,225.1,220.0,221.4,407390.0
2015-12-14,218.5,226.0,209.0,220.0,758910.0
2015-12-15,218.3,223.0,214.1,220.0,308880.0
2015-12-16,219.9,221.2,214.1,220.0,65990.0
2015-12-17,216.8,224.0,216.1,224.0,56530.0
2015-12-18,222.8,222.8,215.2,216.1,30900.0
2015-12-21,217.1,220.9,215.9,220.0,17760.0
2015-12-22,219.9,221.4,218.3,220.0,13110.0
2015-12-23,220.5,221.5,217.0,220.0,7420.0
2015-12-24,217.2,221.4,217.1,220.0,6320.0
2015-12-25,218.2,218.9,215.0,216.1,25570.0
2015-12-28,214.3,220.0,213.0,220.0,44590.0
2015-12-29,217.7,221.9,217.5,218.9,8390.0
2015-12-30,218.5,220.2,216.0,219.0,20040.0
2016-01-04,216.6,219.0,214.1,215.5,5180.0
2016-01-05,214.5,215.4,209.5,213.2,3690.0
2016-01-06,212.7,214.0,212.5,212.5,2570.0
2016-01-11,210.9,212.4,208.2,208.9,20320.0
2016-01-12,208.9,212.8,206.3,210.1,57410.0
2016-01-13,210.1,212.0,206.8,211.1,29500.0
2016-01-14,209.3,211.1,209.1,210.0,183080.0
2016-01-15,209.4,214.0,209.4,211.6,40200.0
2016-01-18,208.9,213.2,208.6,211.3,6180.0
2016-01-19,207.3,215.0,205.0,210.0,123980.0
2016-01-20,207.0,213.4,193.5,211.1,157200.0
2016-01-21,210.0,212.5,208.8,210.1,84740.0
2016-01-22,210.0,211.8,205.1,210.0,311990.0
2016-01-25,210.0,212.2,206.8,210.0,9420.0
2016-01-26,210.0,213.2,210.0,212.0,4260.0
2016-01-27,211.9,218.6,211.1,218.6,10420.0
2016-01-28,220.0,220.9,214.0,214.0,14100.0
2016-01-29,215.9,216.9,208.7,210.1,64880.0
2016-02-01,211.5,215.8,210.2,215.0,31740.0
2016-02-02,213.6,216.0,210.3,213.8,14210.0
2016-02-03,210.9,212.3,209.0,210.7,19000.0
2016-02-04,209.6,218.5,209.5,218.4,33480.0
2016-02-05,215.4,217.5,209.5,210.7,15980.0
2016-02-08,210.7,213.7,207.1,208.6,15120.0
2016-02-09,207.6,213.0,205.5,212.6,16160.0
2016-02-10,210.2,211.3,208.0,211.3,12160.0
2016-02-11,208.6,209.8,204.0,208.7,16670.0
2016-02-12,208.7,210.0,207.0,209.9,4810.0
2016-02-15,207.1,210.0,206.6,208.0,12480.0
2016-02-16,208.3,209.5,205.3,206.9,2280.0
2016-02-17,206.7,212.9,206.7,208.7,13050.0
2016-02-18,207.5,220.9,207.5,220.9,265180.0
2016-02-19,221.0,229.0,218.5,229.0,51780.0
2016-02-20,230.7,236.0,226.5,236.0,11490.0
2016-02-22,236.5,246.0,235.6,246.0,20830.0
2016-02-24,245.3,250.0,242.0,250.0,113290.0
2016-02-25,247.4,252.9,245.0,250.0,103960.0
2016-02-26,247.4,250.0,247.4,247.6,16580.0
2016-02-29,244.6,254.2,243.8,250.2,32050.0
2016-03-01,250.2,254.4,250.0,250.0,8380.0
2016-03-02,253.7,253.7,249.9,250.0,113900.0
2016-03-03,252.8,253.8,249.2,250.0,122010.0
2016-03-04,250.0,254.3,250.0,250.1,29960.0
2016-03-07,252.5,266.0,251.8,254.9,6760.0
2016-03-09,259.0,262.8,252.4,254.5,14820.0
2016-03-10,257.2,257.2,250.1,250.1,11260.0
2016-03-11,252.9,252.9,250.0,250.1,4260.0
2016-03-14,252.6,252.8,250.0,250.4,39410.0
2016-03-15,253.8,255.6,247.3,247.3,61420.0
2016-03-16,249.6,252.8,249.6,251.3,6210.0
2016-03-17,251.1,254.6,250.0,251.5,54710.0
2016-03-18,253.8,254.0,248.4,250.0,30630.0
2016-03-21,250.9,251.3,250.0,250.1,11140.0
2016-03-22,250.9,251.0,250.0,250.4,15140.0
2016-03-23,249.7,253.4,249.6,252.9,9960.0
2016-03-24,254.0,259.8,250.1,252.3,6870.0
2016-03-25,254.8,254.9,252.1,253.2,1100.0
2016-03-28,254.0,257.0,245.2,249.5,20200.0
2016-03-29,249.9,251.0,243.0,250.1,22860.0
2016-03-30,251.3,255.0,250.9,251.5,6900.0
2016-03-31,254.9,254.9,250.8,251.3,8580.0
2016-04-01,252.0,253.1,250.0,251.2,14250.0
2016-04-04,252.9,260.0,250.8,253.0,14550.0
2016-04-05,250.7,252.2,250.1,250.2,4330.0
2016-04-06,250.2,252.7,250.0,250.2,8060.0
2016-04-07,251.0,253.7,248.2,253.6,13760.0
2016-04-08,252.6,254.4,250.0,250.5,3780.0
2016-04-11,250.6,252.3,250.0,250.0,8410.0
2016-04-12,248.0,251.0,247.2,250.4,22170.0
2016-04-13,251.4,253.4,249.8,250.3,8440.0
2016-04-14,248.1,251.8,248.1,250.4,20500.0
2016-04-15,248.6,252.0,248.6,251.2,3540.0
2016-04-18,249.6,252.1,245.7,251.0,18150.0
2016-04-19,251.5,254.9,250.0,250.8,33510.0
2016-04-20,251.4,252.7,250.0,252.4,128630.0
2016-04-21,252.5,253.3,250.0,250.3,32130.0
2016-04-22,253.4,253.9,250.0,251.2,33950.0
2016-04-25,250.2,252.2,248.1,250.0,109160.0
2016-04-26,250.3,252.4,250.0,250.3,153340.0
2016-04-27,250.6,251.7,247.6,250.0,96370.0
2016-04-28,253.2,267.2,246.3,260.0,183100.0
2016-04-29,259.8,262.5,250.2,250.3,18860.0
2016-05-04,250.1,252.2,249.7,250.0,4280.0
2016-05-05,248.0,250.9,248.0,250.0,11170.0
2016-05-06,250.1,253.9,250.0,251.5,9430.0
2016-05-10,251.3,253.1,250.0,251.0,5450.0
2016-05-11,252.5,256.5,251.9,256.5,12660.0
2016-05-12,255.6,259.0,252.2,252.5,8520.0
2016-05-13,252.8,253.0,248.1,250.4,12230.0
2016-05-16,251.8,254.5,250.0,251.0,13230.0
2016-05-17,252.3,252.4,250.1,252.0,4250.0
2016-05-18,252.9,253.0,250.0,251.9,9910.0
2016-05-19,250.3,251.5,250.0,250.6,1730.0
2016-05-20,250.9,253.4,250.0,253.0,10640.0
2016-05-23,253.5,258.5,252.9,257.9,6970.0
2016-05-24,255.1,260.9,253.8,257.2,8460.0
2016-05-25,261.6,268.8,252.5,257.0,8180.0
2016-05-26,257.6,257.6,250.1,250.3,6030.0
2016-05-27,253.6,253.8,250.0,250.8,10400.0
2016-05-30,252.7,253.8,251.3,253.8,1270.0
2016-05-31,253.8,254.7,250.9,251.0,2180.0
2016-06-01,253.1,255.0,251.1,252.8,4220.0
2016-06-02,255.0,255.0,250.0,252.2,9300.0
2016-06-03,252.2,252.4,249.9,249.9,4020.0
2016-06-06,250.0,253.9,250.0,251.2,54550.0
2016-06-07,251.0,253.6,250.2,251.2,6150.0
2016-06-08,250.6,251.5,243.7,250.0,488590.0
2016-06-09,248.3,252.4,247.0,250.0,6980.0
2016-06-10,248.4,250.0,246.5,250.0,18350.0
2016-06-14,247.4,249.1,247.0,248.9,8290.0
2016-06-15,249.9,250.1,240.0,247.4,116110.0
2016-06-16,244.3,246.7,244.0,244.2,8680.0
2016-06-17,242.7,251.0,240.8,251.0,205100.0
2016-06-20,247.2,250.0,240.8,250.0,531840.0
2016-06-21,248.8,250.0,241.5,250.0,723680.0
2016-06-22,250.7,250.7,244.8,247.2,29050.0
2016-06-23,246.6,250.0,243.5,250.0,28400.0
2016-06-24,249.1,250.8,245.4,250.0,14260.0
2016-06-27,247.4,250.0,245.7,250.0,45160.0
2016-06-28,249.0,250.0,247.1,250.0,66030.0
2016-06-29,248.8,250.0,243.2,250.0,26080.0
2016-06-30,249.9,250.8,247.5,250.0,17340.0
2016-07-01,251.0,251.0,248.3,249.3,3090.0
2016-07-04,250.0,250.0,247.1,249.8,9810.0
2016-07-05,249.9,250.0,244.5,250.0,30250.0
2016-07-06,248.2,249.9,245.9,248.9,111460.0
2016-07-07,248.5,249.5,245.9,249.5,81600.0
2016-07-08,248.0,249.4,243.7,243.7,57750.0
2016-07-11,243.9,250.0,243.9,250.0,139890.0
2016-07-12,250.7,258.1,247.8,251.0,28160.0
2016-07-13,248.6,250.0,243.0,250.0,1251220.0
2016-07-14,249.9,250.0,245.0,250.0,1135400.0
2016-07-15,248.1,249.0,245.5,247.7,1114390.0
2016-07-18,246.7,248.7,240.5,247.0,1345110.0
2016-07-19,245.3,248.1,240.0,247.5,1791900.0
2016-07-20,245.6,249.5,242.9,249.5,313770.0
2016-07-21,248.0,249.5,246.0,249.5,247450.0
2016-07-22,249.1,249.5,247.7,249.5,144800.0
2016-07-25,249.5,249.7,247.6,249.7,25020.0
2016-07-26,249.9,253.9,248.6,250.5,12240.0
2016-07-27,250.4,255.0,248.0,250.0,13870.0
2016-07-28,250.0,250.0,248.0,250.0,119260.0
2016-07-29,250.4,251.4,248.5,250.0,10750.0
2016-08-01,250.3,254.5,248.7,250.0,30670.0
2016-08-02,249.2,250.0,248.1,250.0,51530.0
2016-08-03,249.8,252.0,249.2,250.0,12640.0
2016-08-04,251.9,252.7,249.1,250.0,2950.0
2016-08-05,251.6,251.9,249.0,250.1,1920.0
2016-08-08,252.0,254.5,250.2,253.1,6910.0
2016-08-09,255.4,255.4,250.0,250.0,2730.0
2016-08-10,251.8,251.9,249.8,250.6,28610.0
2016-08-11,251.9,251.9,249.7,250.6,5130.0
2016-08-12,249.1,251.3,246.1,251.2,14800.0
2016-08-15,250.3,261.2,250.1,258.3,64010.0
2016-08-16,256.9,260.3,256.9,258.8,9310.0
2016-08-17,259.3,262.4,255.7,259.4,9500.0
2016-08-18,258.5,260.1,256.9,256.9,16770.0
2016-08-19,257.5,263.7,256.3,256.9,1650.0
2016-08-22,256.6,258.9,252.7,258.0,105300.0
2016-08-23,259.7,265.0,257.1,265.0,134040.0
2016-08-24,266.7,308.9,261.0,274.0,77760.0
2016-08-25,278.2,278.3,268.1,272.0,330280.0
2016-08-26,274.7,274.9,270.0,272.0,67500.0
2016-08-29,272.5,274.7,270.2,273.6,1570.0
2016-08-30,274.5,288.6,273.7,273.7,5400.0
2016-08-31,277.8,277.8,271.8,271.8,1360.0
2016-09-01,271.4,274.4,269.3,273.0,71710.0
2016-09-02,274.4,279.0,272.0,279.0,3950.0
2016-09-05,279.2,280.8,272.1,279.9,134630.0
2016-09-06,280.8,283.7,278.0,279.0,61550.0
2016-09-07,282.7,284.9,278.5,278.6,5070.0
2016-09-08,279.1,283.6,278.2,283.6,103490.0
2016-09-09,281.1,282.0,278.2,281.7,38390.0
2016-09-12,279.8,292.6,279.0,280.0,39150.0
2016-09-13,282.2,282.3,279.0,281.0,12170.0
2016-09-14,281.3,283.3,279.0,279.1,4130.0
2016-09-15,282.6,284.9,279.7,282.0,13390.0
2016-09-16,282.6,284.7,279.0,281.2,41750.0
2016-09-19,282.6,282.6,279.3,281.8,97660.0
2016-09-20,282.7,292.4,275.0,282.4,25740.0
2016-09-21,281.8,284.4,278.0,282.0,45400.0
2016-09-22,281.7,287.5,281.7,286.0,117600.0
2016-09-23,287.9,288.9,285.1,286.1,8180.0
2016-09-26,283.0,288.6,280.6,285.1,4590.0
2016-09-27,285.1,292.7,279.7,292.6,21530.0
2016-09-28,292.5,296.8,288.7,290.3,209790.0
2016-09-29,291.5,292.7,290.0,291.3,27020.0
2016-09-30,291.7,292.0,290.0,292.0,116670.0
2016-10-03,292.6,292.8,290.0,292.7,80580.0
2016-10-04,292.0,293.1,287.9,293.1,83700.0
2016-10-05,290.5,291.8,290.0,291.4,149640.0
2016-10-06,290.8,291.4,290.0,291.4,54670.0
2016-10-07,290.6,291.5,286.7,291.0,82570.0
2016-10-10,291.0,291.0,288.0,291.0,77100.0
2016-10-11,290.2,290.2,284.2,289.9,108800.0
2016-10-12,290.2,290.5,288.0,288.0,1740.0
2016-10-13,288.4,290.0,287.4,288.1,5190.0
2016-10-14,289.6,291.4,283.9,290.1,35050.0
2016-10-17,288.3,289.2,285.1,288.0,36260.0
2016-10-18,288.5,288.8,286.2,286.5,2650.0
2016-10-19,286.6,289.0,286.2,288.3,5090.0
2016-10-20,288.9,289.6,283.0,283.1,17470.0
2016-10-21,281.4,288.3,278.9,288.3,34700.0
2016-10-24,291.2,292.4,285.0,286.0,15480.0
2016-10-25,287.1,287.3,285.0,285.8,38020.0
2016-10-26,285.7,285.9,284.7,285.0,10020.0
2016-10-27,284.5,285.1,280.8,283.1,9850.0
2016-10-28,280.4,283.1,280.4,281.9,3060.0
2016-10-31,285.2,292.0,285.0,285.0,16410.0
2016-11-01,285.9,290.0,285.9,288.2,9260.0
2016-11-02,294.7,294.7,280.2,281.7,45120.0
2016-11-03,280.5,282.9,272.6,280.0,49290.0
2016-11-07,277.0,281.9,275.8,280.0,10920.0
2016-11-08,280.4,284.0,278.2,278.2,25080.0
2016-11-09,278.0,281.0,277.9,280.8,35500.0
2016-11-10,280.9,281.2,275.9,280.6,27590.0
2016-11-11,280.2,280.2,279.2,279.8,12200.0
2016-11-14,279.9,279.9,276.8,277.6,3597810.0
2016-11-15,277.2,277.8,277.0,277.6,1410.0
2016-11-16,277.3,278.1,275.8,277.0,74020.0
2016-11-17,275.3,279.2,275.2,279.1,16510.0
2016-11-18,276.5,279.5,276.5,278.5,1500.0
2016-11-21,276.8,278.5,276.3,276.4,12840.0
2016-11-22,276.5,279.2,274.4,275.8,17050.0
2016-11-23,275.3,276.8,275.2,276.5,117480.0
2016-11-24,275.5,276.9,275.5,276.7,258020.0
2016-11-25,276.6,278.6,276.6,278.6,191630.0
2016-11-28,278.1,279.4,277.7,278.5,30490.0
2016-11-29,278.6,279.6,278.5,278.7,34190.0
2016-11-30,279.7,281.0,278.9,279.0,28320.0
2016-12-01,277.9,279.9,277.6,278.1,23710.0
2016-12-02,278.8,282.0,278.5,280.9,21940.0
2016-12-05,282.9,282.9,279.9,281.7,57390.0
2016-12-06,280.7,281.4,278.4,278.4,57030.0
2016-12-07,279.1,282.9,279.0,282.0,33210.0
2016-12-08,284.8,284.9,280.9,282.7,28470.0
2016-12-09,281.7,282.8,278.0,278.9,27460.0
2016-12-12,279.0,282.5,274.6,275.5,38560.0
2016-12-13,278.8,280.3,275.2,275.7,30500.0
2016-12-14,275.6,279.5,273.5,277.7,35590.0
2016-12-15,277.3,277.7,272.0,273.3,77310.0
2016-12-16,274.3,276.0,267.0,267.0,81300.0
2016-12-19,270.7,276.5,270.7,275.0,50020.0
2016-12-20,276.1,282.0,273.5,280.0,44090.0
2016-12-21,280.3,284.5,280.1,280.1,37110.0
2016-12-22,284.2,284.5,278.7,282.0,82500.0
2016-12-23,282.0,286.6,279.5,285.4,91640.0
2016-12-26,284.2,287.5,283.4,287.5,15800.0
2016-12-27,286.1,287.4,284.0,284.9,18760.0
2016-12-28,285.6,286.5,279.1,283.0,23020.0
2016-12-29,281.9,291.1,281.9,289.0,59930.0
2016-12-30,288.6,300.1,288.0,290.0,267300.0
2017-01-03,292.6,293.0,290.1,291.5,26510.0
2017-01-04,291.9,292.5,288.0,289.7,29450.0
2017-01-05,290.0,291.0,284.2,286.8,40280.0
2017-01-06,287.2,288.1,285.7,288.0,16950.0
2017-01-09,288.0,289.1,288.0,289.1,11530.0
2017-01-10,288.6,290.3,287.3,289.4,15090.0
2017-01-11,288.7,289.1,285.7,285.7,17560.0
2017-01-12,286.7,288.2,285.0,285.0,16170.0
2017-01-13,286.0,287.8,284.5,287.5,15370.0
2017-01-16,286.3,288.9,286.1,288.4,13270.0
2017-01-17,287.8,288.1,285.1,288.0,16110.0
2017-01-18,286.6,288.3,285.5,288.3,6560.0
2017-01-19,287.2,290.6,275.0,275.0,49410.0
2017-01-20,273.7,275.0,270.0,273.0,41160.0
2017-01-23,273.8,282.4,271.0,281.5,18780.0
2017-01-24,282.9,287.0,280.5,284.2,41730.0
2017-01-25,283.3,285.0,282.5,284.8,22250.0
2017-01-26,287.3,287.5,284.1,286.4,15300.0
2017-01-27,285.4,286.8,284.7,286.6,22330.0
2017-01-30,285.0,286.8,282.1,286.6,20660.0
2017-01-31,285.7,286.6,282.9,285.9,16450.0
2017-02-01,284.7,285.9,283.6,285.8,15820.0
2017-02-02,284.2,285.9,283.5,283.5,195280.0
2017-02-03,284.4,285.8,281.0,282.0,29320.0
2017-02-06,282.4,284.7,279.5,283.8,17120.0
2017-02-07,283.9,285.5,279.3,285.2,11410.0
2017-02-08,284.1,286.0,282.8,286.0,15960.0
2017-02-09,284.7,290.6,283.9,290.5,21640.0
2017-02-10,291.0,294.5,289.0,294.2,25430.0
2017-02-13,294.5,298.4,293.1,295.0,17200.0
2017-02-14,296.2,296.2,290.5,290.5,66240.0
2017-02-15,290.5,292.9,290.0,291.3,21550.0
2017-02-16,291.1,293.5,291.0,292.5,19190.0
2017-02-17,293.4,293.7,284.9,290.0,67190.0
2017-02-20,291.1,293.0,290.0,291.0,22450.0
2017-02-21,290.4,292.7,290.0,290.0,18310.0
2017-02-22,293.5,293.5,290.0,290.2,17320.0
2017-02-24,291.6,291.9,290.2,291.6,21080.0
2017-02-27,290.7,291.6,289.9,291.6,22240.0
2017-02-28,291.7,291.7,289.9,290.0,16950.0
2017-03-01,291.7,293.0,290.0,291.2,22240.0
2017-03-02,291.0,292.1,289.9,290.0,13500.0
2017-03-03,290.3,291.9,290.0,290.0,40830.0
2017-03-06,291.6,292.5,290.0,290.8,23700.0
2017-03-07,290.0,291.5,290.0,291.3,19800.0
2017-03-09,291.0,291.0,287.6,290.0,25040.0
2017-03-10,288.3,290.7,287.3,290.0,22050.0
2017-03-13,292.3,303.1,292.3,298.0,63510.0
2017-03-14,299.5,301.5,296.5,299.4,48300.0
2017-03-15,298.8,301.9,297.6,299.4,35570.0
2017-03-16,299.4,299.9,293.2,293.2,18590.0
2017-03-17,293.0,293.9,289.5,290.6,27350.0
2017-03-20,289.9,291.4,288.0,288.0,29020.0
2017-03-21,287.6,288.9,285.6,286.0,32870.0
2017-03-22,287.0,289.4,285.0,286.8,20480.0
2017-03-23,286.1,286.2,282.0,283.3,55160.0
2017-03-24,282.9,283.3,279.5,282.7,82310.0
2017-03-27,280.1,282.2,275.6,282.2,164070.0
2017-03-28,280.2,283.5,277.3,278.6,139890.0
2017-03-29,279.2,280.5,276.1,278.7,136790.0
2017-03-30,278.2,303.9,270.0,288.8,230300.0
2017-03-31,287.2,300.0,276.0,296.6,748040.0
2017-04-03,289.9,291.7,280.6,287.7,107220.0
2017-04-04,286.1,291.6,284.0,284.6,204530.0
2017-04-05,286.7,287.5,281.2,283.0,76010.0
2017-04-06,283.3,284.0,282.5,283.0,76660.0
2017-04-07,283.8,284.0,276.0,277.8,87210.0
2017-04-10,278.2,279.0,272.5,279.0,68760.0
2017-04-11,277.9,286.4,276.8,284.0,75110.0
2017-04-12,281.2,285.5,277.0,284.0,104580.0
2017-04-13,282.5,285.0,277.0,279.4,481500.0
2017-04-14,279.0,286.4,274.8,279.0,313570.0
2017-04-17,279.2,279.6,278.5,279.6,81470.0
2017-04-18,279.1,280.8,278.3,279.0,77800.0
2017-04-19,278.5,282.7,278.0,282.7,83550.0
2017-04-20,282.2,285.9,281.6,285.2,93340.0
2017-04-21,285.3,292.6,278.0,286.4,94560.0
2017-04-24,285.7,290.0,284.1,287.4,98250.0
2017-04-25,288.9,290.9,282.5,287.0,142900.0
2017-04-26,287.0,287.0,284.7,285.4,106160.0
2017-04-27,283.9,287.7,283.6,287.7,103180.0
2017-04-28,287.4,288.8,286.2,288.2,94930.0
2017-05-02,288.7,289.0,287.0,287.5,93440.0
2017-05-03,288.4,288.8,284.4,284.4,79520.0
2017-05-04,284.5,291.1,284.3,288.2,102880.0
2017-05-05,289.1,298.1,289.0,297.9,113390.0
2017-05-10,297.0,299.6,287.9,287.9,87660.0
2017-05-11,288.3,288.8,280.2,286.0,115000.0
2017-05-12,286.5,296.6,286.0,295.5,145320.0
2017-05-15,294.7,296.9,290.2,295.5,85640.0
2017-05-16,294.4,295.9,292.0,295.5,73420.0
2017-05-17,293.6,294.0,288.2,290.9,94690.0
2017-05-18,287.1,291.5,274.0,282.5,313500.0
2017-05-19,281.4,287.0,281.4,287.0,165190.0
2017-05-22,286.4,287.1,278.6,282.4,156450.0
2017-05-23,282.7,285.5,281.0,284.5,192670.0
2017-05-24,283.3,292.9,281.1,292.0,154640.0
2017-05-25,292.3,296.6,287.8,293.0,124120.0
2017-05-26,292.6,308.2,288.9,308.2,282380.0
2017-05-29,307.9,309.0,306.0,306.5,86640.0
2017-05-30,307.1,307.1,299.0,303.9,137400.0
2017-05-31,303.9,306.0,296.1,302.0,172840.0
2017-06-01,301.1,310.2,301.1,308.2,103220.0
2017-06-02,309.3,309.3,294.5,300.5,180710.0
2017-06-05,299.2,307.6,296.6,307.0,139290.0
2017-06-06,305.6,309.0,304.5,308.0,108930.0
2017-06-07,308.8,308.8,302.1,302.1,161810.0
2017-06-08,304.0,305.0,302.0,305.0,81070.0
2017-06-09,303.7,311.5,301.1,304.1,229190.0
2017-06-13,302.5,305.7,302.5,302.8,160020.0
2017-06-14,303.3,305.1,301.7,305.1,112810.0
2017-06-15,304.9,309.8,286.0,290.1,294250.0
2017-06-16,292.6,294.8,291.8,291.8,87820.0
2017-06-19,293.8,295.6,292.0,294.9,103770.0
2017-06-20,296.2,297.7,291.5,292.9,105860.0
2017-06-21,292.0,295.0,290.8,291.0,85270.0
2017-06-22,290.1,301.8,290.1,298.9,83050.0
2017-06-23,304.0,308.6,303.0,305.9,74790.0
2017-06-26,303.5,305.5,301.0,302.5,82160.0
2017-06-27,303.4,305.3,300.0,301.6,66900.0
2017-06-28,301.5,302.9,300.4,300.4,93240.0
2017-06-29,300.6,301.8,295.0,295.1,71740.0
2017-06-30,297.2,302.9,291.1,296.9,354110.0
2017-07-03,296.2,305.0,285.1,303.5,173980.0
2017-07-04,305.0,308.0,301.1,308.0,134680.0
2017-07-05,306.0,306.1,301.2,302.4,102320.0
2017-07-06,303.1,303.5,296.0,300.0,83560.0
2017-07-07,298.4,299.9,295.0,295.2,75900.0
2017-07-10,296.4,296.5,295.0,295.0,103890.0
2017-07-11,296.2,297.4,292.0,292.4,75250.0
2017-07-12,293.7,294.7,291.1,294.0,83310.0
2017-07-13,294.7,295.3,290.2,292.0,95030.0
2017-07-14,292.2,299.9,290.7,298.4,76790.0
2017-07-17,299.4,301.5,298.1,299.6,84310.0
2017-07-18,301.6,302.2,295.0,295.4,85620.0
2017-07-19,295.3,298.7,295.0,296.6,71380.0
2017-07-20,298.6,298.6,292.9,295.9,76450.0
2017-07-21,297.2,298.6,293.7,294.5,1450340.0
2017-07-24,295.5,297.2,292.1,294.0,368440.0
2017-07-25,294.6,295.1,281.1,281.2,232330.0
2017-07-26,282.6,288.0,280.1,287.8,90300.0
2017-07-27,288.7,292.6,285.0,290.5,102020.0
2017-07-28,290.9,292.8,285.7,287.2,76200.0
2017-07-31,288.1,292.8,288.1,292.8,83200.0
2017-08-01,293.2,295.0,290.0,291.5,73770.0
2017-08-02,292.3,295.1,290.0,295.1,69630.0
2017-08-03,296.0,297.4,291.0,294.7,105890.0
2017-08-04,293.6,294.8,290.5,294.4,78710.0
2017-08-07,292.7,293.4,290.0,290.0,96750.0
2017-08-08,290.0,292.0,289.3,292.0,63410.0
2017-08-09,291.0,292.1,290.1,291.0,72820.0
2017-08-10,291.6,292.3,289.8,289.8,68820.0
2017-08-11,290.9,293.8,289.0,293.5,79680.0
2017-08-14,294.4,294.8,292.9,294.8,67900.0
2017-08-15,293.5,294.8,292.5,293.9,76030.0
2017-08-16,293.7,294.4,292.1,292.2,83180.0
2017-08-17,291.3,294.8,290.2,294.6,69290.0
2017-08-18,294.7,295.0,293.8,295.0,73190.0
2017-08-21,295.8,297.1,295.0,295.5,69150.0
2017-08-22,294.4,296.5,294.3,296.5,27130.0
2017-08-23,296.4,296.8,295.2,295.5,118430.0
2017-08-24,295.4,296.7,294.3,295.6,82430.0
2017-08-25,295.1,296.8,292.7,295.3,79960.0
2017-08-28,294.1,295.0,290.5,290.5,71300.0
2017-08-29,290.0,292.0,289.2,292.0,88700.0
2017-08-30,293.2,293.3,288.7,291.9,69470.0
2017-08-31,291.6,291.6,287.7,289.9,77450.0
2017-09-01,288.6,294.7,288.1,292.7,102440.0
2017-09-04,292.0,293.8,289.8,290.0,76900.0
2017-09-05,290.0,299.5,289.2,298.7,96130.0
2017-09-06,299.9,314.0,299.0,314.0,52880.0
2017-09-07,317.1,319.1,309.3,312.5,67930.0
2017-09-08,313.0,334.5,311.3,314.2,77080.0
2017-09-11,314.9,317.5,310.2,314.5,84130.0
2017-09-12,313.9,315.0,310.1,310.5,68440.0
2017-09-13,310.8,313.2,310.5,311.0,102340.0
2017-09-14,310.9,321.1,309.0,321.0,120600.0
2017-09-15,320.2,322.7,316.0,316.0,114930.0
2017-09-18,315.1,316.7,312.1,312.1,99770.0
2017-09-19,310.4,313.4,300.0,310.1,151710.0
2017-09-20,308.4,310.7,302.0,310.1,140320.0
2017-09-21,308.4,313.4,307.7,312.0,156130.0
2017-09-22,310.3,311.5,310.0,310.0,107810.0
2017-09-25,308.2,315.8,308.2,314.7,120690.0
2017-09-26,313.7,318.6,313.3,318.6,109750.0
2017-09-27,317.5,320.8,313.7,315.1,137040.0
2017-09-28,313.7,317.0,313.1,317.0,126590.0
2017-09-29,316.0,319.4,314.6,316.3,108940.0
2017-10-02,316.4,319.2,315.2,317.7,107630.0
2017-10-03,317.1,320.6,316.3,319.3,99990.0
2017-10-04,318.1,321.3,317.5,321.2,105750.0
2017-10-05,320.3,324.3,319.6,324.3,99670.0
2017-10-06,325.2,325.7,320.5,320.5,125940.0
2017-10-09,319.2,320.4,315.4,315.4,111890.0
2017-10-10,315.0,319.8,314.0,319.0,110850.0
2017-10-11,318.9,324.8,318.9,324.8,111200.0
2017-10-12,325.8,326.3,323.0,326.3,112800.0
2017-10-13,326.6,333.4,325.0,325.3,143700.0
2017-10-16,325.6,326.0,309.2,309.8,167980.0
2017-10-17,310.7,312.1,310.3,311.5,106720.0
2017-10-18,313.3,316.0,311.5,316.0,117180.0
2017-10-19,314.4,315.6,311.5,311.5,106430.0
2017-10-20,309.9,316.9,308.8,316.9,139630.0
2017-10-23,315.9,317.9,313.3,316.0,120270.0
2017-10-24,313.9,314.4,310.8,311.5,121920.0
2017-10-25,313.0,313.0,310.0,312.8,166840.0
2017-10-26,312.1,314.2,308.0,314.2,174000.0
2017-10-27,314.3,316.7,311.9,312.8,222750.0
2017-10-30,312.2,315.1,311.4,312.0,171760.0
2017-10-31,312.9,313.3,309.3,311.6,169660.0
2017-11-01,313.0,313.0,308.6,310.9,174550.0
2017-11-02,309.9,310.0,308.5,310.0,171460.0
2017-11-03,310.0,311.5,307.0,311.4,197720.0
2017-11-07,310.4,314.0,310.4,314.0,192110.0
2017-11-08,309.2,313.4,309.2,312.9,170680.0
2017-11-09,313.6,314.0,310.0,310.6,177260.0
2017-11-10,313.0,313.9,308.7,313.9,175940.0
2017-11-13,311.2,315.3,311.2,315.2,181000.0
2017-11-14,314.8,317.6,314.5,316.8,177490.0
2017-11-15,317.0,318.1,303.5,307.3,316400.0
2017-11-16,308.0,316.3,304.5,316.3,354540.0
2017-11-17,307.7,315.0,307.7,309.9,443730.0
2017-11-20,310.9,311.2,306.5,309.1,517380.0
2017-11-21,309.4,311.4,305.0,305.6,511810.0
2017-11-22,306.5,308.2,304.3,305.0,512270.0
2017-11-23,305.9,313.0,304.8,313.0,534290.0
2017-11-24,313.9,314.4,304.0,304.5,709170.0
2017-11-27,306.2,306.2,301.6,302.0,420410.0
2017-11-28,303.5,307.7,302.1,304.5,1103470.0
2017-11-29,306.0,306.6,295.2,299.0,1072430.0
2017-11-30,300.9,303.3,299.2,299.6,1024820.0
2017-12-01,300.2,303.5,298.0,303.5,1027190.0
2017-12-04,303.5,312.3,301.1,311.1,708570.0
2017-12-05,310.0,320.5,309.7,317.3,1087130.0
2017-12-06,318.0,322.0,313.7,320.0,509180.0
2017-12-07,318.8,323.8,317.0,323.8,596910.0
2017-12-08,324.0,325.2,312.8,312.8,665190.0
2017-12-11,314.2,321.2,314.1,316.0,851490.0
2017-12-12,315.8,317.4,307.4,310.6,996830.0
2017-12-13,307.1,316.4,307.1,308.4,1048660.0
2017-12-14,309.5,311.7,305.0,310.2,1207000.0
2017-12-15,311.2,311.5,306.3,308.2,1183610.0
2017-12-18,308.0,309.5,305.6,308.8,1205490.0
2017-12-19,308.9,310.0,305.1,307.0,1193890.0
2017-12-20,306.0,308.0,304.6,305.3,1203100.0
2017-12-21,308.1,309.4,304.9,306.9,1234260.0
2017-12-22,306.0,307.1,303.2,307.1,1218850.0
2017-12-25,308.0,308.1,305.6,306.0,1182130.0
2017-12-26,304.9,309.9,304.6,309.9,1185560.0
2017-12-27,308.9,320.0,306.4,319.4,249200.0
2017-12-28,318.6,324.9,317.5,324.9,111750.0
2017-12-29,324.0,328.2,317.1,326.5,112770.0
2018-01-03,327.6,327.9,324.0,327.4,108760.0
2018-01-04,328.6,329.2,325.9,327.5,110350.0
2018-01-05,326.8,328.6,323.7,327.8,99580.0
2018-01-09,327.1,328.1,323.0,323.0,348380.0
2018-01-10,324.1,324.8,320.0,322.4,836770.0
2018-01-11,322.6,327.5,319.7,325.8,829130.0
2018-01-12,327.0,327.0,317.0,317.0,651440.0
2018-01-15,317.0,323.6,315.1,315.4,509230.0
2018-01-16,315.3,316.0,310.1,311.5,212240.0
2018-01-17,310.6,315.4,310.2,314.3,224090.0
2018-01-18,314.8,315.7,306.0,307.8,200490.0
2018-01-19,308.4,309.6,296.5,296.5,212690.0
2018-01-22,298.1,304.3,297.2,303.8,188600.0
2018-01-23,304.5,313.0,303.6,313.0,194490.0
2018-01-24,310.4,314.8,307.8,312.1,90490.0
2018-01-25,312.1,313.4,310.7,311.5,78030.0
2018-01-26,311.4,313.0,304.8,306.5,78620.0
2018-01-29,308.2,308.2,302.4,306.0,106290.0
2018-01-30,304.6,307.3,303.0,307.0,159890.0
2018-01-31,306.8,308.4,302.7,306.0,170170.0
2018-02-01,304.2,306.4,303.7,305.6,144070.0
2018-02-02,305.6,306.0,303.3,306.0,129540.0
2018-02-05,306.9,307.8,304.8,307.8,102670.0
2018-02-06,307.4,308.4,304.2,305.5,110840.0
2018-02-07,305.5,312.9,304.3,305.0,115810.0
2018-02-08,304.4,306.3,303.6,305.0,96610.0
2018-02-09,304.8,306.8,303.1,304.7,117220.0
2018-02-12,305.7,309.5,302.8,309.3,67620.0
2018-02-13,308.6,314.5,306.9,314.5,37720.0
2018-02-14,314.0,315.5,310.6,314.9,25600.0
2018-02-15,314.8,315.5,312.6,313.2,24250.0
2018-02-16,314.4,318.6,313.9,316.7,29960.0
2018-02-19,317.9,318.9,312.5,314.9,43950.0
2018-02-20,314.5,321.0,313.0,320.0,78650.0
2018-02-21,320.5,320.7,315.7,316.8,75120.0
2018-02-22,316.1,319.4,315.2,319.4,49370.0
2018-02-26,320.3,322.0,317.0,322.0,17450.0
2018-02-27,321.9,321.9,316.0,316.0,19720.0
2018-02-28,317.6,323.1,315.3,323.1,46780.0
2018-03-01,321.9,323.4,317.9,322.1,44030.0
2018-03-02,322.3,325.9,317.5,323.1,58380.0
2018-03-05,322.1,324.0,318.2,318.5,93920.0
2018-03-06,319.4,320.9,315.0,320.0,76090.0
2018-03-07,317.3,320.1,315.2,319.0,45590.0
2018-03-09,318.2,321.7,318.2,321.7,39430.0
2018-03-12,323.0,323.7,321.1,322.4,37890.0
2018-03-13,325.0,325.0,322.0,323.5,37670.0
2018-03-14,322.6,324.0,321.1,322.9,39950.0
2018-03-15,323.1,324.0,321.0,323.5,39930.0
2018-03-16,323.9,324.8,319.0,324.8,35210.0
2018-03-19,323.4,325.0,317.3,318.7,61230.0
2018-03-20,318.5,319.6,315.6,316.7,67840.0
2018-03-21,316.7,318.5,314.0,317.7,63410.0
2018-03-22,316.8,318.6,315.3,315.9,79520.0
2018-03-23,316.0,319.0,314.5,318.4,89800.0
2018-03-26,318.5,322.0,313.0,313.0,104870.0
2018-03-27,313.5,322.0,313.5,319.0,120960.0
2018-03-28,320.2,322.0,315.4,316.0,137500.0
2018-03-29,318.3,320.5,314.8,316.7,159210.0
2018-03-30,318.0,318.1,313.8,315.2,127770.0
2018-04-02,315.1,316.7,313.9,314.0,135280.0
2018-04-03,317.0,317.0,311.5,314.0,155680.0
2018-04-04,314.7,316.3,311.3,313.7,164690.0
2018-04-05,313.5,316.9,312.2,316.0,149860.0
2018-04-06,312.2,317.9,311.2,315.4,233090.0
2018-04-09,316.7,317.9,290.0,312.9,343100.0
2018-04-10,311.7,314.2,308.8,308.8,2369360.0
2018-04-11,308.1,311.5,307.4,310.7,1614420.0
2018-04-12,311.9,312.7,309.0,310.5,247310.0
2018-04-13,309.3,311.9,307.0,307.0,33138230.0
2018-04-16,307.0,315.5,305.7,313.2,480770.0
2018-04-17,314.6,320.3,305.4,307.4,454930.0
2018-04-18,307.6,314.7,300.1,309.2,89070.0
2018-04-19,308.0,314.0,307.9,312.3,27650.0
2018-04-20,311.3,314.3,308.6,309.0,98500.0
2018-04-23,308.0,314.0,306.5,306.9,17310460.0
2018-04-24,306.5,308.3,306.5,307.6,3137740.0
2018-04-25,306.5,308.3,305.8,307.6,109660.0
2018-04-26,308.5,309.0,306.7,307.0,77720.0
2018-04-27,308.5,309.3,306.7,307.9,62420.0
2018-04-28,306.8,308.6,306.1,307.6,101550.0
2018-04-30,308.8,309.0,306.3,306.3,3640.0
2018-05-02,306.0,307.8,305.5,306.8,4480.0
2018-05-03,306.5,309.7,306.0,308.8,14830.0
2018-05-04,309.2,317.3,308.7,317.2,44930.0
2018-05-07,318.1,323.9,313.8,322.5,33820.0
2018-05-08,321.2,323.6,320.5,321.1,38250.0
2018-05-10,322.0,324.6,319.3,324.6,35950.0
2018-05-11,325.0,325.0,321.7,322.9,35020.0
2018-05-14,322.0,325.6,320.7,323.8,32240.0
2018-05-15,323.7,327.7,323.3,326.1,29320.0
2018-05-16,327.2,328.5,323.5,327.8,36840.0
2018-05-17,327.0,329.6,326.0,326.0,49750.0
2018-05-18,324.8,327.5,320.0,320.0,32230.0
2018-05-21,320.2,322.0,318.8,321.5,37500.0
2018-05-22,319.1,324.5,318.2,324.5,32940.0
2018-05-23,322.3,326.0,322.3,326.0,31090.0
2018-05-24,326.8,326.9,323.6,326.5,33290.0
2018-05-25,326.3,330.5,325.1,330.0,33920.0
2018-05-28,331.5,332.0,329.8,332.0,27410.0
2018-05-29,333.3,333.3,329.3,330.9,30670.0
2018-05-30,331.1,332.3,327.8,327.8,26370.0
2018-05-31,329.1,330.9,326.6,329.8,31520.0
2018-06-01,330.2,331.9,329.0,331.9,30810.0
2018-06-04,333.4,333.4,331.6,331.6,30680.0
2018-06-05,331.6,333.0,330.2,330.8,31080.0
2018-06-06,329.3,332.8,329.3,331.8,31960.0
2018-06-07,333.1,333.3,331.3,333.3,31800.0
2018-06-08,331.9,333.0,331.1,332.5,32120.0
2018-06-09,334.0,334.0,331.2,333.3,31350.0
2018-06-11,334.8,334.8,332.2,334.6,30590.0
2018-06-13,335.0,337.7,333.4,334.6,31170.0
2018-06-14,333.4,334.8,332.6,333.4,39310.0
2018-06-15,332.3,337.0,332.3,337.0,43490.0
2018-06-18,335.8,336.8,331.6,331.6,26200.0
2018-06-19,332.8,334.9,330.2,334.9,35230.0
2018-06-20,335.5,335.5,331.1,332.9,36290.0
2018-06-21,332.1,335.6,330.5,335.6,32390.0
2018-06-22,336.7,336.7,318.2,318.2,30730.0
2018-06-25,325.0,331.8,319.1,331.8,19920.0
2018-06-26,334.9,334.9,330.5,332.9,50130.0
2018-06-27,335.0,335.0,331.0,331.9,23170.0
2018-06-28,333.8,334.1,330.2,333.7,31680.0
2018-06-29,335.0,335.2,333.2,334.0,30620.0
2018-07-02,334.1,336.0,333.2,335.0,23660.0
2018-07-03,333.8,335.0,333.5,335.0,26360.0
2018-07-04,334.1,336.6,334.1,334.5,31670.0
2018-07-05,334.5,335.0,333.2,335.0,48170.0
2018-07-06,334.3,339.4,333.5,339.4,51620.0
2018-07-09,338.9,341.5,337.6,337.6,50460.0
2018-07-10,338.1,340.5,338.0,338.4,54000.0
2018-07-11,335.0,342.7,335.0,342.7,48840.0
2018-07-12,340.3,343.0,335.3,337.9,54330.0
2018-07-13,336.0,344.5,335.1,343.6,63480.0
2018-07-16,343.9,344.2,338.6,339.2,63910.0
2018-07-17,336.1,345.6,336.1,345.2,63920.0
2018-07-18,345.5,345.6,337.4,337.4,86640.0
2018-07-19,337.0,339.9,336.7,339.9,76120.0
2018-07-20,338.6,340.5,335.0,338.9,102060.0
2018-07-23,340.1,342.9,338.9,342.7,72160.0
2018-07-24,343.7,343.9,340.1,343.5,70370.0
2018-07-25,340.5,347.8,338.5,339.8,69770.0
2018-07-26,339.7,341.4,338.5,340.8,61310.0
2018-07-27,341.5,342.9,340.3,341.2,77860.0
2018-07-30,341.0,344.0,340.6,341.2,51390.0
2018-07-31,342.0,343.3,341.0,342.5,63350.0
2018-08-01,343.4,344.1,341.2,341.2,80670.0
2018-08-02,342.5,343.3,339.3,339.3,67420.0
2018-08-03,340.6,343.0,338.8,341.3,100410.0
2018-08-06,343.6,351.3,342.0,348.5,59510.0
2018-08-07,348.8,351.4,341.6,344.1,52800.0
2018-08-08,343.0,346.6,341.5,346.6,62870.0
2018-08-09,349.6,352.4,344.5,349.9,90720.0
2018-08-10,349.2,352.0,347.5,351.9,103780.0
2018-08-13,350.5,352.9,348.8,350.7,59090.0
2018-08-14,349.3,351.3,348.5,350.0,39620.0
2018-08-15,351.3,361.6,348.9,358.6,117780.0
2018-08-16,357.3,360.3,354.5,359.0,102390.0
2018-08-17,357.5,361.2,348.5,348.5,75100.0
2018-08-20,353.7,353.7,348.7,352.4,141420.0
2018-08-21,353.6,358.1,349.5,356.2,144030.0
2018-08-22,360.0,363.2,356.9,362.2,102640.0
2018-08-23,360.0,364.4,359.5,362.6,88050.0
2018-08-24,364.1,364.4,359.2,362.9,91430.0
2018-08-27,364.2,364.8,359.7,363.2,105160.0
2018-08-28,363.1,365.3,357.3,361.0,73250.0
2018-08-29,361.9,362.7,359.5,361.1,69390.0
2018-08-30,362.4,364.0,360.0,364.0,74470.0
2018-08-31,362.7,364.8,356.1,364.0,147960.0
2018-09-03,345.3,348.0,341.2,343.7,122270.0
2018-09-04,343.1,343.2,338.2,340.7,147390.0
2018-09-05,340.0,348.1,336.2,345.7,127190.0
2018-09-06,345.2,349.3,345.2,346.7,72160.0
2018-09-07,346.7,348.0,343.5,346.9,86600.0
2018-09-10,348.3,348.3,344.1,345.3,72180.0
2018-09-11,345.3,346.8,340.8,343.6,69310.0
2018-09-12,343.4,348.1,342.7,346.8,83180.0
2018-09-13,346.6,352.2,345.2,350.3,110970.0
2018-09-14,349.7,352.4,345.6,347.8,103270.0
2018-09-17,350.3,350.3,342.0,346.5,120720.0
2018-09-18,345.4,347.6,341.4,347.6,114310.0
2018-09-19,346.4,350.9,342.7,344.1,119880.0
2018-09-20,345.7,346.4,342.5,343.0,101200.0
2018-09-21,343.1,348.6,342.4,348.2,154810.0
2018-09-24,348.0,349.7,344.9,344.9,131330.0
2018-09-25,345.0,347.4,341.4,346.8,136270.0
2018-09-26,348.1,348.4,344.5,347.1,65840.0
2018-09-27,343.7,348.2,343.7,345.8,54850.0
2018-09-28,344.9,348.1,344.3,347.6,55980.0
2018-10-01,346.4,349.2,343.2,349.2,82450.0
2018-10-02,349.5,353.3,348.2,353.3,88150.0
2018-10-03,353.1,355.9,351.4,351.4,88580.0
2018-10-04,350.0,353.3,348.3,351.8,103770.0
2018-10-05,351.0,351.2,343.4,344.6,161280.0
2018-10-08,346.0,348.3,344.7,348.1,96800.0
2018-10-09,348.3,349.6,346.1,347.6,48060.0
2018-10-10,346.6,349.3,346.1,349.3,64720.0
2018-10-11,348.8,353.3,343.3,350.2,183470.0
2018-10-12,349.8,350.5,346.4,348.4,137730.0
2018-10-15,352.9,352.9,345.9,346.9,64610.0
2018-10-16,348.7,348.9,343.3,343.3,112140.0
2018-10-17,344.5,351.1,343.3,349.0,128430.0
2018-10-18,347.8,351.1,345.5,349.5,163970.0
2018-10-19,350.7,353.2,345.3,347.3,305090.0
2018-10-22,348.7,350.9,346.0,350.8,123970.0
2018-10-23,349.3,354.6,348.5,353.4,129910.0
2018-10-24,354.7,355.0,349.8,354.6,100400.0
2018-10-25,354.6,354.6,346.4,347.9,133280.0
2018-10-26,347.0,347.0,335.0,346.6,191950.0
2018-10-29,346.1,348.0,340.0,340.5,169330.0
2018-10-30,341.7,349.7,340.0,348.9,93590.0
2018-10-31,350.0,352.3,347.4,352.3,88290.0
2018-11-01,351.1,353.7,347.2,353.7,184620.0
2018-11-02,354.5,354.7,352.2,353.2,63990.0
2018-11-06,354.6,355.2,348.2,353.4,100100.0
2018-11-07,354.8,356.0,349.1,351.2,85620.0
2018-11-08,349.0,355.3,346.5,353.8,170790.0
2018-11-09,352.6,355.2,348.7,348.8,121570.0
2018-11-12,350.1,353.3,347.4,350.3,65040.0
2018-11-13,350.6,352.8,347.1,351.6,131850.0
2018-11-14,353.0,353.0,350.1,352.1,106560.0
2018-11-15,350.3,355.9,349.7,353.7,139050.0
2018-11-16,353.4,355.5,348.0,349.9,71850.0
2018-11-19,350.5,352.5,348.0,351.5,196920.0
2018-11-20,350.3,355.6,350.0,352.2,139920.0
2018-11-21,350.0,358.4,350.0,355.3,228580.0
2018-11-22,353.8,356.6,352.3,354.3,126640.0
2018-11-23,352.9,355.0,350.9,353.7,93870.0
2018-11-26,352.1,352.3,347.2,348.4,196680.0
2018-11-27,347.0,351.4,346.6,350.6,189080.0
2018-11-28,350.0,353.7,349.6,352.2,119900.0
2018-11-29,352.7,358.3,349.7,356.2,185550.0
2018-11-30,357.6,357.6,349.8,351.1,192790.0
2018-12-03,350.4,353.2,349.2,351.0,89280.0
2018-12-04,350.0,352.9,348.7,351.5,128410.0
2018-12-05,349.5,353.3,349.5,352.0,170850.0
2018-12-06,351.5,352.9,350.1,352.9,155640.0
2018-12-07,352.0,356.7,351.9,355.0,139650.0
2018-12-10,352.5,356.7,351.8,356.1,166130.0
2018-12-11,356.7,357.8,354.9,354.9,134620.0
2018-12-12,353.2,356.2,351.6,353.5,137590.0
2018-12-13,354.3,354.3,349.2,352.0,141770.0
2018-12-14,352.5,353.5,348.0,352.4,151100.0
2018-12-17,350.9,356.0,350.9,355.2,110960.0
2018-12-18,355.5,357.5,355.0,357.5,113720.0
2018-12-19,356.2,359.5,355.5,358.1,125490.0
2018-12-20,357.2,362.2,355.6,361.8,79120.0
2018-12-21,360.5,366.3,360.3,362.1,87570.0
2018-12-24,363.7,370.0,363.1,369.7,88300.0
2018-12-25,367.8,373.1,367.8,370.0,78240.0
2018-12-26,371.5,376.4,369.8,376.4,92880.0
2018-12-27,376.6,377.9,375.0,376.9,80270.0
2018-12-28,377.7,377.9,373.3,375.6,173960.0
2018-12-29,376.9,377.7,374.0,376.3,69440.0
2019-01-03,375.2,377.3,374.2,374.7,63890.0
2019-01-04,376.3,376.3,373.2,375.2,37250.0
2019-01-08,375.4,377.9,374.0,376.6,43190.0
2019-01-09,376.3,378.3,373.1,374.7,44970.0
2019-01-10,373.2,374.6,371.6,374.2,43250.0
2019-01-11,375.4,375.5,368.9,368.9,72060.0
2019-01-14,370.0,370.2,367.3,368.1,111220.0
2019-01-15,369.7,371.3,367.9,369.8,78610.0
2019-01-16,368.9,371.2,362.8,363.0,70280.0
2019-01-17,364.6,364.7,357.4,358.2,58950.0
2019-01-18,355.0,359.8,355.0,357.9,63520.0
2019-01-21,358.5,362.1,357.9,361.1,90980.0
2019-01-22,362.4,363.0,360.3,362.9,77910.0
2019-01-23,364.3,364.6,360.0,362.3,91460.0
2019-01-24,360.9,363.5,360.3,362.1,72420.0
2019-01-25,363.6,363.8,360.1,361.2,77250.0
2019-01-28,362.8,362.8,359.7,360.8,73080.0
2019-01-29,361.0,362.3,356.1,358.6,93480.0
2019-01-30,356.0,359.8,355.0,358.5,94370.0
2019-01-31,360.8,360.8,351.5,352.0,48440.0
2019-02-01,353.5,354.9,352.0,352.5,54370.0
2019-02-04,351.7,355.6,351.0,355.6,37130.0
2019-02-05,354.5,357.4,354.1,356.0,54080.0
2019-02-06,356.6,357.6,354.5,356.0,38620.0
2019-02-07,353.5,357.3,353.5,356.7,60350.0
2019-02-08,355.8,358.5,355.3,355.8,58910.0
2019-02-11,355.6,356.7,351.2,352.3,72190.0
2019-02-12,351.8,352.5,350.4,351.8,78750.0
2019-02-13,350.0,353.2,350.0,351.0,64240.0
2019-02-14,352.2,353.4,347.4,351.6,81370.0
2019-02-15,352.1,355.0,351.0,355.0,95230.0
2019-02-18,354.0,356.6,351.6,352.0,71440.0
2019-02-19,353.5,355.7,351.1,354.4,138340.0
2019-02-20,355.7,357.5,354.1,357.5,119520.0
2019-02-21,357.2,357.2,354.9,355.3,106310.0
2019-02-22,354.1,357.3,354.0,355.4,56010.0
2019-02-25,353.0,359.5,353.0,359.5,70350.0
2019-02-26,357.4,361.3,357.4,361.0,61930.0
2019-02-27,361.9,363.0,361.3,363.0,59690.0
2019-02-28,362.0,362.0,355.2,359.0,59570.0
2019-03-01,360.2,360.3,354.7,355.9,62860.0
2019-03-04,354.8,357.6,353.1,355.0,143480.0
2019-03-05,353.2,355.8,352.7,354.8,101990.0
2019-03-06,356.0,356.0,352.0,352.1,134620.0
2019-03-07,353.8,353.8,352.0,352.5,99440.0
2019-03-11,353.6,354.6,352.1,354.2,99940.0
2019-03-12,354.0,355.0,352.7,353.2,119140.0
2019-03-13,353.3,354.8,352.3,353.8,141630.0
2019-03-14,353.0,353.1,351.1,352.0,124290.0
2019-03-15,353.3,353.4,351.1,352.2,65710.0
2019-03-18,351.7,353.8,351.3,353.8,61950.0
2019-03-19,354.9,354.9,352.3,353.2,91070.0
2019-03-20,354.4,354.4,351.7,353.0,67630.0
2019-03-21,354.0,354.8,352.1,354.5,67240.0
2019-03-22,355.4,355.9,352.9,354.8,73440.0
2019-03-25,355.3,355.3,351.5,352.0,62020.0
2019-03-26,351.2,353.5,351.0,353.3,109160.0
2019-03-27,354.6,354.8,351.8,353.5,90250.0
2019-03-28,354.7,354.8,352.0,354.8,84440.0
2019-03-29,354.1,354.9,351.6,353.8,80220.0
2019-04-01,352.9,360.2,349.8,359.1,97260.0
2019-04-02,359.3,368.0,358.3,368.0,75550.0
2019-04-03,366.7,380.0,365.9,378.4,119840.0
2019-04-04,376.8,429.7,363.7,366.6,73590.0
2019-04-05,366.1,366.1,359.2,360.1,115680.0
2019-04-08,361.7,362.8,357.5,359.9,90360.0
2019-04-09,358.5,362.5,358.4,358.6,52590.0
2019-04-10,359.8,360.1,354.8,357.0,111780.0
2019-04-11,355.8,356.1,354.0,356.1,108130.0
2019-04-12,357.2,358.0,355.2,355.2,100390.0
2019-04-15,356.5,356.7,354.0,355.8,107930.0
2019-04-16,356.5,357.9,354.4,356.7,160270.0
2019-04-17,356.9,358.0,355.4,358.0,64210.0
2019-04-18,356.9,361.6,356.5,360.8,54720.0
2019-04-19,362.6,365.2,360.7,364.2,58860.0
2019-04-22,363.3,368.4,363.2,368.2,37770.0
2019-04-23,368.4,371.0,366.6,371.0,58680.0
2019-04-24,369.4,371.2,364.9,365.5,63810.0
2019-04-25,364.7,367.2,363.5,367.0,63460.0
2019-04-26,366.4,368.5,365.5,365.9,52820.0
2019-04-29,366.7,367.1,364.1,367.1,67520.0
2019-04-30,366.2,367.9,365.1,365.5,71590.0
2019-05-02,364.7,370.1,364.0,370.0,36930.0
2019-05-03,371.4,374.2,369.8,374.2,14720.0
2019-05-06,375.8,375.8,371.4,373.8,28860.0
2019-05-07,375.0,375.0,372.2,373.0,47320.0
2019-05-08,371.5,377.7,370.9,377.0,89060.0
2019-05-10,378.7,380.7,377.4,378.4,15360.0
2019-05-13,379.8,381.7,376.2,380.4,93190.0
2019-05-14,382.0,384.1,380.3,384.1,94720.0
2019-05-15,382.7,385.8,381.5,384.6,86860.0
2019-05-16,384.1,386.4,383.2,386.2,77880.0
2019-05-17,386.8,386.8,382.2,384.4,88080.0
2019-05-20,386.9,386.9,380.4,382.7,68470.0
2019-05-21,384.4,384.4,378.7,380.4,86310.0
2019-05-22,379.0,384.0,378.8,384.0,84880.0
2019-05-23,386.1,386.1,381.0,381.5,59190.0
2019-05-24,382.9,386.2,382.1,386.2,97170.0
2019-05-27,385.9,388.0,385.9,387.4,59320.0
2019-05-28,387.2,389.0,386.1,387.6,83430.0
2019-05-29,387.2,389.6,385.7,389.6,70890.0
2019-05-30,388.8,390.3,388.8,389.9,172290.0
2019-05-31,372.4,373.2,366.0,368.4,125670.0
2019-06-03,368.0,368.3,363.5,366.2,110390.0
2019-06-04,367.4,370.8,366.8,370.8,110770.0
2019-06-05,371.7,372.5,367.1,367.1,43480.0
2019-06-06,368.0,371.0,367.5,371.0,85810.0
2019-06-07,371.6,372.3,367.0,370.6,87650.0
2019-06-10,371.7,372.3,368.3,368.9,67250.0
2019-06-11,370.8,370.8,367.1,368.9,81850.0
2019-06-13,369.4,370.6,367.3,369.9,81380.0
2019-06-14,368.5,371.1,366.0,369.6,97550.0
2019-06-17,368.5,370.4,367.1,370.0,75720.0
2019-06-18,373.0,373.0,367.9,369.8,71040.0
2019-06-19,369.3,371.5,368.1,370.3,76700.0
2019-06-20,371.9,371.9,368.8,370.6,80440.0
2019-06-21,370.6,370.8,368.0,368.7,63610.0
2019-06-24,369.9,370.4,368.7,370.4,67320.0
2019-06-25,369.2,372.9,369.1,372.8,75590.0
2019-06-26,371.6,373.6,370.6,373.6,72300.0
2019-06-27,373.3,375.1,372.7,373.6,59000.0
2019-06-28,374.8,375.2,372.1,374.9,72000.0
2019-07-01,374.8,376.5,373.4,374.1,69780.0
2019-07-02,373.5,374.8,372.5,374.1,69510.0
2019-07-03,374.1,375.6,370.4,371.8,64240.0
2019-07-04,370.9,372.7,370.5,371.6,69170.0
2019-07-05,371.8,378.0,371.6,378.0,134840.0
2019-07-08,377.7,378.5,371.0,374.3,57840.0
2019-07-09,373.2,375.8,371.0,375.8,35940.0
2019-07-10,374.2,376.0,373.5,375.4,46400.0
2019-07-11,374.4,376.9,374.1,376.9,37730.0
2019-07-12,374.8,376.6,372.7,375.6,58630.0
2019-07-15,374.4,380.3,373.1,379.0,84230.0
2019-07-16,380.5,381.8,378.4,380.9,38660.0
2019-07-17,380.1,384.8,380.1,383.9,26730.0
2019-07-18,385.0,387.2,379.0,383.7,62630.0
2019-07-19,385.2,385.2,378.0,379.6,27720.0
2019-07-22,379.9,382.4,379.0,379.3,89640.0
2019-07-23,380.4,383.0,378.6,382.2,174770.0
2019-07-24,382.9,384.0,380.6,383.2,145050.0
2019-07-25,383.9,387.0,382.1,387.0,23040.0
2019-07-26,387.8,388.8,382.7,387.2,91610.0
2019-07-29,389.3,398.3,386.1,396.7,53780.0
2019-07-30,396.9,398.5,395.1,396.2,18030.0
2019-07-31,396.2,398.5,395.0,395.0,13890.0
2019-08-01,390.0,393.6,388.8,393.6,21140.0
2019-08-02,387.6,393.9,386.2,393.9,13720.0
2019-08-05,392.5,405.0,392.5,404.0,29950.0
2019-08-06,406.0,415.0,387.0,397.2,138450.0
2019-08-07,395.9,402.5,387.2,388.4,72160.0
2019-08-08,394.4,394.4,384.2,384.2,31990.0
2019-08-09,385.9,386.5,380.0,381.8,95000.0
2019-08-12,383.2,384.6,379.4,382.1,75600.0
2019-08-13,381.6,382.4,377.5,378.1,117020.0
2019-08-14,377.8,379.8,376.0,379.2,100090.0
2019-08-15,380.3,381.5,376.5,377.7,106450.0
2019-08-16,381.3,381.3,376.1,376.1,66860.0
2019-08-19,376.5,382.4,376.2,382.4,64710.0
2019-08-20,383.0,386.7,381.3,381.4,78030.0
2019-08-21,381.7,387.3,381.4,384.6,73940.0
2019-08-22,385.7,386.1,382.0,382.7,69220.0
2019-08-23,384.2,384.3,381.5,384.3,71720.0
2019-08-26,383.1,385.7,381.5,381.7,81430.0
2019-08-27,382.9,385.5,380.0,380.0,127140.0
2019-08-28,379.4,385.0,379.3,384.4,91680.0
2019-08-29,384.8,389.4,383.7,385.4,80240.0
2019-08-30,385.7,389.1,385.0,387.3,46500.0
2019-09-02,388.5,390.9,386.7,387.9,74820.0
2019-09-03,388.0,389.5,385.1,385.1,89170.0
2019-09-04,387.8,387.8,383.9,385.7,99120.0
2019-09-05,385.6,387.2,384.3,384.8,46000.0
2019-09-06,385.4,387.8,384.3,386.0,67030.0
2019-09-09,387.8,389.0,386.0,387.0,81710.0
2019-09-10,388.5,390.3,387.0,388.1,75880.0
2019-09-11,389.4,390.5,386.6,388.3,71170.0
2019-09-12,386.9,391.4,386.7,389.2,62480.0
2019-09-13,388.5,391.1,387.7,390.9,90410.0
2019-09-16,389.4,392.7,389.2,391.2,51590.0
2019-09-17,391.0,392.1,389.1,392.1,50340.0
2019-09-18,390.5,393.6,389.9,390.4,52330.0
2019-09-19,391.6,392.7,390.0,390.0,89890.0
2019-09-20,390.0,402.0,386.8,402.0,41100.0
2019-09-23,397.5,397.5,387.7,390.9,35220.0
2019-09-24,391.8,393.2,386.8,387.9,68330.0
2019-09-25,387.2,388.8,385.5,387.0,74690.0
2019-09-26,388.5,399.1,388.4,397.0,47850.0
2019-09-27,396.1,401.1,395.0,399.8,60390.0
2019-09-30,398.3,401.5,392.2,400.5,108040.0
2019-10-01,402.3,402.3,395.7,395.7,48330.0
2019-10-02,394.4,397.8,386.7,388.1,83620.0
2019-10-03,386.6,396.6,383.0,388.2,200110.0
2019-10-04,387.3,400.0,386.6,399.5,142940.0
2019-10-07,397.8,398.5,371.8,385.9,297420.0
2019-10-08,394.1,398.0,383.3,395.0,337230.0
2019-10-09,397.1,397.1,385.0,385.0,778390.0
2019-10-10,347.0,349.6,340.1,342.0,4986540.0
2019-10-11,343.9,345.2,330.0,338.5,972590.0
2019-10-14,339.1,341.7,333.1,337.0,174490.0
2019-10-15,337.0,343.3,335.5,336.0,178010.0
2019-10-16,335.9,339.1,333.2,334.1,187800.0
2019-10-17,335.1,343.9,334.0,338.1,213020.0
2019-10-18,338.5,341.0,338.5,338.8,77570.0
2019-10-21,339.2,339.9,335.3,335.3,111930.0
2019-10-22,337.5,339.8,336.0,336.0,77900.0
2019-10-23,335.1,338.7,335.1,337.4,164950.0
2019-10-24,336.6,338.3,335.0,335.0,164350.0
2019-10-25,335.0,337.8,334.2,336.0,89740.0
2019-10-28,336.7,337.3,335.2,335.2,118820.0
2019-10-29,335.2,337.0,333.5,334.0,227040.0
2019-10-30,334.1,341.3,333.9,340.1,259990.0
2019-10-31,340.4,377.0,339.5,348.0,425770.0
2019-11-01,347.9,354.9,345.4,354.7,366510.0
2019-11-05,354.3,365.0,292.0,346.0,246920.0
2019-11-06,347.5,347.6,344.1,344.4,310610.0
2019-11-07,343.1,347.0,342.9,344.7,386920.0
2019-11-08,345.8,346.1,343.1,343.1,377760.0
2019-11-11,344.5,346.7,342.5,346.2,388190.0
2019-11-12,346.2,352.3,346.0,351.0,559410.0
2019-11-13,349.7,358.2,349.1,356.2,638310.0
2019-11-14,355.9,361.4,348.6,354.2,814900.0
2019-11-15,354.9,366.4,347.1,364.5,503170.0
2019-11-18,366.2,368.7,364.0,364.0,105280.0
2019-11-19,363.8,365.0,361.9,363.6,62570.0
2019-11-20,362.3,365.7,362.3,364.9,280530.0
2019-11-21,363.5,366.4,361.4,362.1,149280.0
2019-11-22,363.4,368.4,361.6,367.6,224860.0
2019-11-25,368.6,374.7,367.3,374.7,148390.0
2019-11-26,374.8,382.0,373.0,380.0,293570.0
2019-11-27,375.5,383.3,375.5,383.0,118720.0
2019-11-28,383.0,383.5,369.0,382.0,140400.0
2019-11-29,380.5,385.8,378.4,385.7,162660.0
2019-12-02,384.2,387.0,381.6,387.0,115090.0
2019-12-03,382.3,387.1,381.2,384.6,228970.0
2019-12-04,384.8,385.5,382.6,385.5,268980.0
2019-12-05,384.8,386.8,380.0,386.3,266290.0
2019-12-06,384.9,389.7,382.4,389.0,187430.0
2019-12-09,389.8,389.9,385.3,385.3,240850.0
2019-12-10,383.7,390.4,383.0,389.5,222540.0
2019-12-11,390.9,393.4,388.1,392.6,230240.0
2019-12-12,392.8,394.3,389.4,392.6,152050.0
2019-12-13,391.7,396.4,389.0,396.4,178030.0
2019-12-16,394.8,396.0,393.2,396.0,157980.0
2019-12-17,395.9,395.9,390.5,393.3,244890.0
2019-12-18,394.8,396.0,391.0,393.9,169950.0
2019-12-19,393.7,395.5,392.2,395.5,263690.0
2019-12-20,394.5,394.5,389.5,390.8,245900.0
2019-12-23,392.3,394.8,389.1,394.6,195160.0
2019-12-24,393.1,396.0,392.9,395.0,215940.0
2019-12-25,393.7,395.0,393.6,394.4,138190.0
2019-12-26,393.2,399.0,391.0,398.1,121790.0
2019-12-27,398.6,400.8,395.2,400.8,153920.0
2019-12-30,399.0,401.5,396.0,400.4,95400.0
2020-01-03,398.8,407.6,398.7,407.0,53550.0
2020-01-06,407.0,408.4,403.6,405.0,88520.0
2020-01-08,405.2,408.0,403.3,407.0,99190.0
2020-01-09,408.0,408.9,405.1,406.6,142230.0
2020-01-10,406.8,410.5,406.1,407.5,132310.0
2020-01-13,409.0,409.0,402.3,405.8,173100.0
2020-01-14,407.3,409.0,405.0,409.0,124730.0
2020-01-15,408.8,412.1,405.9,406.6,114510.0
2020-01-16,406.6,409.3,405.4,408.1,155000.0
2020-01-17,408.9,410.9,406.5,408.9,160760.0
2020-01-20,408.9,409.7,404.2,406.8,119560.0
2020-01-21,405.3,412.9,405.1,412.9,139850.0
2020-01-22,414.7,414.7,409.2,409.2,116990.0
2020-01-23,409.2,412.0,406.1,409.0,163470.0
2020-01-24,409.5,410.1,405.1,405.8,152840.0
2020-01-27,405.4,412.0,404.3,411.8,197640.0
2020-01-28,412.1,429.0,410.0,427.0,399010.0
2020-01-29,427.1,428.9,424.3,428.2,147450.0
2020-01-30,429.5,436.2,426.0,434.8,172070.0
2020-01-31,432.7,441.0,431.0,435.6,325090.0
2020-02-03,437.4,437.4,431.0,431.0,150080.0
2020-02-04,432.9,436.6,429.2,436.6,142080.0
2020-02-05,439.9,440.3,429.7,438.9,146440.0
2020-02-06,440.9,440.9,434.1,438.7,114210.0
2020-02-07,440.6,440.6,431.0,434.2,163100.0
2020-02-10,434.2,436.5,431.9,436.4,115110.0
2020-02-11,438.3,438.9,433.5,438.0,190190.0
2020-02-12,436.2,443.0,436.2,441.0,225700.0
2020-02-13,442.9,443.4,432.6,436.0,163990.0
2020-02-14,436.9,437.8,429.0,429.0,92090.0
2020-02-17,429.0,435.9,427.3,435.0,102160.0
2020-02-18,434.0,436.7,433.1,436.3,96830.0
2020-02-19,436.9,437.6,433.6,435.0,109610.0
2020-02-20,436.1,436.2,433.0,433.2,133360.0
2020-02-21,433.2,436.7,432.5,435.7,91470.0
2020-02-25,432.7,434.8,419.0,421.0,108890.0
2020-02-26,421.0,421.8,412.1,416.0,147270.0
2020-02-27,415.3,418.5,407.0,409.2,127640.0
2020-02-28,409.0,410.3,379.5,390.9,417270.0
2020-03-02,389.1,414.1,389.1,398.4,163840.0
2020-03-03,402.2,412.8,399.3,410.7,104810.0
2020-03-04,408.7,408.8,399.9,401.5,94310.0
2020-03-05,402.5,403.6,401.1,402.0,82660.0
2020-03-06,400.0,401.4,382.7,384.2,113680.0
2020-03-10,361.2,398.9,361.0,386.3,139500.0
2020-03-11,388.5,394.1,381.5,384.6,92980.0
2020-03-12,381.8,382.0,367.3,369.7,759900.0
2020-03-13,368.6,386.8,368.5,380.6,90880.0
2020-03-16,378.8,382.3,350.0,368.5,332160.0
2020-03-17,366.6,371.2,357.7,370.9,200790.0
2020-03-18,369.1,370.8,351.5,360.0,343240.0
2020-03-19,361.8,378.3,361.8,375.0,112750.0
2020-03-20,376.5,384.5,375.9,384.4,88100.0
2020-03-23,376.7,383.0,370.2,375.0,115400.0
2020-03-24,376.9,398.4,376.9,391.5,108270.0
2020-03-25,393.4,409.8,393.4,402.5,134400.0
2020-03-26,400.0,409.7,396.5,409.7,81390.0
2020-03-27,407.8,408.3,402.3,406.0,60680.0
2020-03-30,395.0,405.0,395.0,401.0,51160.0
2020-03-31,403.0,410.0,401.4,410.0,50630.0
2020-04-01,405.0,410.0,405.0,408.5,35210.0
2020-04-02,406.6,414.7,406.6,414.2,120960.0
2020-04-03,414.2,416.3,411.0,411.6,54830.0
2020-04-06,413.6,415.1,403.0,403.2,98880.0
2020-04-07,403.0,405.3,393.3,397.7,89580.0
2020-04-08,395.9,402.9,395.0,402.9,89370.0
2020-04-09,401.1,404.7,395.0,398.7,85590.0
2020-04-10,399.4,399.4,394.8,398.0,80640.0
2020-04-13,397.8,397.8,391.0,391.0,85440.0
2020-04-14,393.0,397.5,391.9,395.0,52070.0
2020-04-15,393.1,395.8,385.0,385.0,90440.0
2020-04-16,386.5,392.4,382.2,391.7,131570.0
2020-04-17,393.4,394.2,387.3,389.6,88970.0
2020-04-20,391.6,393.8,386.8,393.8,102080.0
2020-04-21,392.0,395.1,379.0,383.4,128560.0
2020-04-22,382.0,393.8,379.0,390.9,98740.0
2020-04-23,389.2,392.7,386.5,391.0,85030.0
2020-04-24,385.1,391.5,385.1,391.0,74650.0
2020-04-27,392.0,400.0,389.1,391.1,87000.0
2020-04-28,393.0,396.1,391.3,395.6,83310.0
2020-04-29,395.9,397.4,392.3,392.6,87440.0
2020-04-30,392.4,395.1,389.0,391.5,81940.0
2020-05-04,389.4,392.5,387.0,392.4,38320.0
2020-05-05,392.4,392.5,389.7,390.6,85470.0
2020-05-06,390.6,391.0,385.0,386.4,102940.0
2020-05-07,387.3,387.9,381.0,382.9,102820.0
2020-05-08,383.0,383.9,376.0,379.9,117380.0
2020-05-12,379.4,382.0,376.1,378.3,86490.0
2020-05-13,378.5,378.8,373.5,373.5,89970.0
2020-05-14,373.5,373.5,367.5,368.0,79000.0
2020-05-15,370.8,371.7,364.0,364.1,95300.0
2020-05-18,363.7,368.5,363.5,368.5,97700.0
2020-05-19,368.5,375.5,362.6,375.5,115620.0
2020-05-20,367.3,372.1,365.2,369.4,115390.0
2020-05-21,370.4,370.4,366.2,369.4,120750.0
2020-05-22,368.8,369.3,367.1,368.3,83430.0
2020-05-25,368.3,369.8,368.1,369.4,103080.0
2020-05-26,369.2,371.3,368.4,370.1,202470.0
2020-05-27,371.5,375.0,369.1,372.2,180260.0
2020-05-28,373.1,381.0,372.4,381.0,149250.0
2020-05-29,380.5,383.9,375.0,383.9,255010.0
2020-06-01,384.0,384.0,375.0,377.0,145320.0
2020-06-02,377.6,379.0,374.7,378.8,119490.0
2020-06-03,379.0,384.1,378.0,383.5,193810.0
2020-06-04,381.9,387.0,381.1,387.0,240870.0
2020-06-05,386.2,389.8,386.0,389.8,157030.0
2020-06-08,390.3,399.2,387.9,398.2,155530.0
2020-06-09,399.0,401.1,390.1,395.1,85680.0
2020-06-10,393.4,397.2,391.1,396.3,147860.0
2020-06-11,392.8,396.8,390.0,395.7,82460.0
2020-06-15,387.7,400.7,387.7,400.6,84480.0
2020-06-16,401.0,410.0,398.8,409.9,73370.0
2020-06-17,409.9,414.6,406.9,414.4,76880.0
2020-06-18,412.7,419.0,409.0,412.1,93070.0
2020-06-19,414.0,419.6,413.5,416.5,84640.0
2020-06-22,415.5,420.0,411.2,419.9,105350.0
2020-06-23,420.0,426.0,419.9,425.1,68680.0
2020-06-25,423.0,426.0,419.2,422.0,77920.0
2020-06-26,425.0,425.0,420.1,424.8,75980.0
2020-06-29,423.2,428.2,422.0,427.5,86830.0
2020-06-30,425.7,429.6,423.1,425.0,81580.0
2020-07-02,425.5,428.0,424.2,427.9,72690.0
2020-07-03,426.4,428.0,424.0,425.2,77320.0
2020-07-06,427.6,429.9,421.1,428.7,189510.0
2020-07-07,428.6,429.4,423.8,424.2,160680.0
2020-07-08,424.1,425.9,419.3,420.1,127190.0
2020-07-09,420.1,420.4,416.2,416.2,165580.0
2020-07-10,416.1,416.1,409.8,409.8,259030.0
2020-07-13,411.7,416.3,400.0,400.0,660800.0
2020-07-14,403.1,427.3,400.0,424.0,533680.0
2020-07-15,424.4,427.3,418.1,425.8,146150.0
2020-07-16,424.0,429.3,423.4,428.3,118880.0
2020-07-17,428.4,431.4,424.4,431.0,65200.0
2020-07-20,429.9,438.9,429.1,434.0,47910.0
2020-07-21,435.1,456.2,435.1,454.5,208770.0
2020-07-22,455.1,461.0,453.1,456.0,192150.0
2020-07-23,457.4,458.0,446.0,447.9,95060.0
2020-07-24,446.5,457.5,445.9,454.7,102870.0
2020-07-27,456.2,463.6,454.9,463.6,113200.0
2020-07-28,463.9,481.0,458.3,480.5,229520.0
2020-07-29,482.5,499.5,480.5,498.6,224650.0
2020-07-30,499.4,500.9,489.0,489.5,131190.0
2020-07-31,487.6,494.4,486.9,486.9,79930.0
2020-08-03,490.8,506.0,488.0,506.0,124870.0
2020-08-04,503.7,508.0,494.5,502.9,126190.0
2020-08-05,504.5,504.5,494.0,497.8,94530.0
2020-08-06,497.9,502.2,493.9,497.6,81490.0
2020-08-07,501.5,501.5,493.5,498.6,85810.0
2020-08-10,495.8,499.9,492.0,493.5,55490.0
2020-08-11,488.8,495.0,484.9,488.2,68970.0
2020-08-12,486.2,501.0,484.1,500.2,113340.0
2020-08-13,493.2,500.0,492.0,495.1,86130.0
2020-08-14,494.2,499.4,493.8,497.7,62350.0
2020-08-17,499.9,500.0,496.1,498.5,65870.0
2020-08-18,500.0,500.0,491.5,491.8,65220.0
2020-08-19,491.5,497.0,491.5,493.0,90700.0
2020-08-20,493.9,495.7,492.1,494.5,67070.0
2020-08-21,499.3,499.3,492.0,495.9,104930.0
2020-08-24,498.7,498.9,492.5,495.2,79510.0
2020-08-25,495.0,498.2,493.5,496.5,118740.0
2020-08-26,495.5,499.5,495.5,499.0,69270.0
2020-08-27,498.4,504.0,496.0,496.0,180440.0
2020-08-28,499.0,500.5,496.0,497.6,72910.0
2020-08-31,499.0,509.5,498.0,506.2,257740.0
2020-09-01,505.1,525.5,503.4,525.2,239170.0
2020-09-02,525.0,540.0,521.1,536.0,255120.0
2020-09-03,533.4,541.9,526.0,527.2,196060.0
2020-09-04,530.4,536.0,528.0,534.0,112110.0
2020-09-07,533.4,559.9,533.0,558.0,298390.0
2020-09-08,555.5,562.0,550.0,553.2,312470.0
2020-09-09,555.5,568.5,551.0,566.9,261910.0
2020-09-10,565.0,570.0,564.0,564.1,264690.0
2020-09-11,568.0,570.0,555.0,564.8,134980.0
2020-09-14,567.2,567.6,560.0,564.1,75200.0
2020-09-15,564.4,571.0,564.1,570.0,148570.0
2020-09-16,570.1,571.0,566.6,569.0,109750.0
2020-09-17,568.3,571.0,558.3,562.2,163240.0
2020-09-18,563.4,567.6,559.0,559.1,87130.0
2020-09-21,560.1,562.5,541.0,549.4,205640.0
2020-09-22,549.4,559.0,547.1,550.8,92340.0
2020-09-23,552.1,565.0,550.0,559.6,126890.0
2020-09-24,561.3,563.5,554.9,557.7,72940.0
2020-09-25,558.0,562.0,555.0,559.0,81950.0
2020-09-28,559.0,564.5,559.0,564.2,92690.0
2020-09-29,564.5,570.0,564.0,569.4,188570.0
2020-09-30,569.0,571.0,565.3,568.2,114390.0
2020-10-01,569.7,571.0,566.2,570.3,101680.0
2020-10-02,567.6,569.9,562.9,567.2,123590.0
2020-10-05,568.3,571.0,565.4,570.4,147420.0
2020-10-06,569.0,571.0,568.5,570.9,94350.0
2020-10-07,569.9,572.1,567.0,572.1,84550.0
2020-10-08,568.9,572.1,564.0,568.9,242020.0
2020-10-09,557.1,569.8,547.1,567.9,360340.0
2020-10-12,567.5,571.5,562.2,567.2,182670.0
2020-10-13,568.7,582.8,564.5,578.0,165030.0
2020-10-14,573.5,586.2,573.5,586.2,214510.0
2020-10-15,586.0,592.7,580.1,583.6,346530.0
2020-10-16,584.5,598.3,582.2,598.3,175520.0
2020-10-19,595.0,609.4,595.0,600.0,337030.0
2020-10-20,603.3,611.0,600.0,604.7,361680.0
2020-10-21,603.8,608.7,596.0,600.0,168610.0
2020-10-22,600.1,609.0,596.6,600.8,220650.0
2020-10-23,598.0,602.3,592.0,596.0,189020.0
2020-10-26,597.1,598.1,578.0,584.5,162570.0
2020-10-27,584.5,584.5,575.0,576.2,103310.0
2020-10-28,579.5,579.5,561.0,567.2,159770.0
2020-10-29,567.0,574.9,562.5,573.4,96570.0
2020-10-30,572.0,572.0,563.9,569.0,112780.0
2020-11-02,570.0,570.0,557.9,564.5,86060.0
2020-11-03,563.0,568.0,559.1,567.0,88740.0
2020-11-05,568.4,583.2,565.0,583.1,169630.0
2020-11-06,582.2,583.1,574.1,582.1,84260.0
2020-11-09,580.5,593.7,580.2,591.2,198920.0
2020-11-10,586.5,592.7,583.0,587.4,95920.0
2020-11-11,589.6,594.1,585.4,591.9,63340.0
2020-11-12,592.1,596.0,585.9,587.5,70740.0
2020-11-13,587.0,589.2,584.5,587.4,33330.0
2020-11-16,588.0,594.3,586.5,593.2,131080.0
2020-11-17,590.1,598.3,588.6,597.2,53820.0
2020-11-18,593.1,603.0,592.6,596.0,161430.0
2020-11-19,599.3,601.7,594.6,597.2,99340.0
2020-11-20,600.0,604.0,595.0,595.1,91170.0
2020-11-23,599.3,604.6,586.8,595.8,167060.0
2020-11-24,597.3,602.3,593.0,598.8,105280.0
2020-11-25,601.2,601.2,593.3,595.0,88640.0
2020-11-26,595.5,598.0,590.0,593.6,62960.0
2020-11-27,596.7,599.0,590.0,594.6,71030.0
2020-11-30,596.4,601.1,591.0,596.5,82380.0
2020-12-01,594.2,597.7,591.7,594.6,59820.0
2020-12-02,592.6,596.4,591.2,593.4,34860.0
2020-12-03,592.1,599.0,592.1,594.4,47720.0
2020-12-04,599.0,599.8,590.4,593.4,58400.0
2020-12-07,593.3,597.6,588.2,594.3,97690.0
2020-12-08,594.4,598.4,588.0,594.1,95540.0
2020-12-09,593.2,596.2,583.1,583.7,116400.0
2020-12-10,584.9,588.7,584.3,587.7,54570.0
2020-12-11,588.5,588.5,580.4,582.5,72480.0
2020-12-14,584.3,584.3,577.5,578.0,58670.0
2020-12-15,581.6,586.0,576.2,585.6,58320.0
2020-12-16,585.0,591.7,581.5,587.6,74130.0
2020-12-17,586.4,590.7,581.8,586.4,117290.0
2020-12-18,583.9,584.0,577.8,580.6,61410.0
2020-12-21,578.9,583.8,570.6,578.7,91650.0
2020-12-22,575.7,585.8,571.9,582.1,82340.0
2020-12-23,580.3,584.9,577.7,582.2,33680.0
2020-12-24,581.3,583.7,578.4,579.6,31950.0
2020-12-25,582.0,589.3,581.2,586.1,20720.0
2020-12-28,587.7,594.8,585.4,592.8,77400.0
2020-12-29,593.0,599.0,591.6,593.6,77190.0
2020-12-30,598.2,600.0,593.1,595.9,61290.0
2021-01-04,598.0,602.6,595.3,597.9,52980.0
2021-01-05,595.5,601.4,594.7,598.8,66750.0
2021-01-06,600.0,600.4,592.9,596.6,74770.0
2021-01-08,598.5,601.0,593.0,596.0,80320.0
2021-01-11,593.4,596.4,592.0,595.2,82190.0
2021-01-12,595.7,598.2,592.2,594.2,108420.0
2021-01-13,594.7,594.9,584.0,589.3,85020.0
2021-01-14,586.7,594.8,582.0,591.2,150770.0
2021-01-15,593.0,600.0,591.6,597.9,139490.0
2021-01-18,600.0,612.9,597.0,611.2,646990.0
2021-01-19,612.1,648.0,611.2,641.4,1073650.0
2021-01-20,647.0,648.8,621.5,643.3,509540.0
2021-01-21,646.8,652.6,637.8,645.7,361410.0
2021-01-22,649.5,658.0,640.7,654.0,344710.0
2021-01-25,652.3,683.4,652.3,680.3,393500.0
2021-01-26,682.0,696.0,678.9,695.5,292530.0
2021-01-27,695.1,698.7,673.6,685.3,366760.0
2021-01-28,683.7,685.5,671.5,677.0,221240.0
2021-01-29,677.0,708.7,672.2,706.9,371030.0
2021-02-01,704.7,705.0,692.9,698.7,233260.0
2021-02-02,695.3,740.1,695.3,733.0,294870.0
2021-02-03,736.0,738.5,723.1,736.7,236210.0
2021-02-04,736.0,747.0,729.0,747.0,209440.0
2021-02-05,746.7,774.9,744.0,759.8,452700.0
2021-02-08,756.2,789.1,756.2,780.1,574560.0
2021-02-09,777.1,788.0,757.5,767.0,471300.0
2021-02-10,768.6,768.6,737.0,748.0,385520.0
2021-02-11,747.8,763.3,733.7,735.0,331460.0
2021-02-12,740.0,760.0,721.4,755.9,346180.0
2021-02-15,760.3,768.4,756.3,764.5,167910.0
2021-02-16,767.8,771.0,758.7,766.0,188910.0
2021-02-17,770.5,770.9,750.0,761.9,318440.0
2021-02-18,760.3,769.5,752.9,763.8,226580.0
2021-02-19,766.9,788.5,758.7,784.9,300930.0
2021-02-20,785.9,788.5,775.0,781.9,5997.0
2021-02-22,785.2,789.0,772.7,785.0,177680.0
2021-02-24,789.0,789.0,767.7,775.0,285010.0
2021-02-25,774.2,785.2,771.8,780.0,102020.0
2021-02-26,779.6,781.3,765.4,770.8,125719.0
2021-03-01,771.1,773.6,745.5,757.3,158435.0
2021-03-02,759.8,783.0,751.0,778.1,220028.0
2021-03-03,782.0,788.0,772.3,773.0,151272.0
2021-03-04,774.9,787.2,760.0,769.1,130276.0
2021-03-05,781.4,786.2,753.1,761.3,141061.0
2021-03-09,757.8,765.0,735.7,760.1,233226.0
2021-03-10,755.0,768.5,750.0,754.1,93805.0
2021-03-11,754.0,757.0,735.1,746.3,147637.0
2021-03-12,742.6,750.9,732.0,739.8,133827.0
2021-03-15,739.8,745.0,715.4,729.6,249815.0
2021-03-16,725.5,747.0,724.2,743.5,170229.0
2021-03-17,747.0,752.0,738.2,744.1,137040.0
2021-03-18,741.7,764.9,739.4,755.6,302985.0
2021-03-19,750.9,760.7,744.0,754.5,156878.0
2021-03-22,762.0,784.4,752.1,778.1,460209.0
2021-03-23,776.0,789.0,775.0,778.4,301717.0
2021-03-24,788.0,808.9,778.5,796.8,324396.0
2021-03-25,800.1,803.8,783.1,791.6,190430.0
2021-03-26,792.1,806.8,788.6,805.8,180139.0
2021-03-29,805.9,849.0,798.0,840.5,432663.0
2021-03-30,846.7,890.0,840.3,880.9,469981.0
2021-03-31,876.0,937.0,871.4,937.0,766102.0
2021-04-01,941.0,964.7,897.9,939.0,914852.0
2021-04-02,932.0,938.8,913.0,919.3,271036.0
2021-04-05,919.8,921.9,890.2,898.4,429890.0
2021-04-06,902.9,926.8,891.1,915.6,310365.0
2021-04-07,918.7,928.5,905.0,917.3,255160.0
2021-04-08,915.9,930.0,915.5,920.6,108832.0
2021-04-09,922.5,924.7,907.6,917.4,104808.0
2021-04-12,922.1,953.6,914.8,948.3,335280.0
2021-04-13,950.0,988.0,947.2,982.0,323465.0
2021-04-14,971.4,994.5,948.2,970.1,362196.0
2021-04-15,964.0,975.0,946.0,956.2,258737.0
2021-04-16,967.7,969.7,948.2,958.7,307473.0
2021-04-19,958.8,980.2,949.3,970.3,291789.0
2021-04-20,977.0,977.0,942.0,954.0,285818.0
2021-04-21,958.5,964.9,946.4,961.9,119936.0
2021-04-22,964.0,973.6,955.8,962.5,101436.0
2021-04-23,972.0,981.0,962.2,975.0,149818.0
2021-04-26,987.9,994.0,972.0,986.7,170139.0
2021-04-27,989.1,992.2,958.5,973.5,273263.0
2021-04-28,971.0,978.0,950.2,968.0,146990.0
2021-04-29,969.8,974.6,935.0,940.9,250028.0
2021-04-30,938.7,939.8,908.5,926.5,282438.0
2021-05-04,921.1,950.0,917.8,947.5,168790.0
2021-05-05,952.0,977.9,938.8,973.1,389439.0
2021-05-06,971.6,1008.4,967.2,999.9,486158.0
2021-05-07,999.5,1004.5,980.8,989.3,191733.0
2021-05-10,989.3,998.5,975.6,995.4,154447.0
2021-05-11,996.5,1004.4,986.0,1002.2,293082.0
2021-05-12,1005.5,1015.4,999.0,1014.4,306753.0
2021-05-13,1012.6,1035.5,982.5,1028.9,596163.0
2021-05-14,990.0,991.4,968.0,979.3,476255.0
2021-05-17,979.3,982.9,950.1,959.3,169485.0
2021-05-18,959.3,974.6,943.0,958.6,201696.0
2021-05-19,955.6,967.9,935.1,945.9,151550.0
2021-05-20,945.0,984.2,934.7,979.7,175512.0
2021-05-21,970.6,1000.0,970.1,992.6,159683.0
2021-05-24,996.4,999.6,987.0,990.7,81688.0
2021-05-25,994.4,999.0,975.9,977.1,85546.0
2021-05-26,975.8,996.0,975.8,996.0,80124.0
2021-05-27,983.1,998.0,982.0,996.8,74253.0
2021-05-28,989.7,1018.6,989.7,1012.4,136624.0
2021-05-31,1006.9,1030.0,1002.2,1028.4,148127.0
2021-06-01,1030.0,1075.0,1024.5,1062.0,325456.0
2021-06-02,1060.0,1069.3,1041.2,1053.5,133890.0
2021-06-03,1057.0,1066.7,1051.6,1064.9,147133.0
2021-06-04,1056.0,1097.5,1040.9,1090.4,332507.0
2021-06-07,1090.4,1133.0,1082.0,1123.0,321566.0
2021-06-08,1130.0,1135.0,1102.2,1120.0,241057.0
2021-06-09,1120.9,1130.0,1101.8,1107.8,290240.0
2021-06-10,1108.0,1109.4,1075.4,1081.4,266923.0
2021-06-11,1083.8,1109.3,1062.0,1101.0,208921.0
2021-06-14,1095.1,1124.5,1094.6,1110.4,101083.0
2021-06-15,1110.0,1121.9,1086.0,1098.4,159837.0
2021-06-16,1092.9,1100.6,1072.4,1083.4,156035.0
2021-06-17,1079.3,1097.0,1075.6,1081.1,153056.0
2021-06-18,1078.0,1100.4,1067.4,1092.9,130355.0
2021-06-21,1090.3,1125.0,1090.0,1119.0,209683.0
2021-06-22,1122.0,1126.8,1108.0,1117.5,79390.0
2021-06-23,1120.0,1126.9,1110.0,1112.2,71462.0
2021-06-24,1109.8,1116.3,1093.5,1093.5,107950.0
2021-06-25,1094.6,1123.4,1093.0,1117.9,143925.0
2021-06-28,1111.3,1123.5,1102.8,1103.9,119658.0
2021-06-29,1105.6,1109.9,1081.8,1093.6,108967.0
2021-06-30,1104.0,1104.0,1062.0,1080.1,217567.0
2021-07-01,1079.5,1087.5,1067.0,1082.3,83635.0
2021-07-02,1077.9,1093.6,1070.2,1090.4,73788.0
2021-07-05,1095.4,1095.7,1083.4,1086.7,46767.0
2021-07-06,1085.5,1093.0,1055.3,1059.9,166470.0
2021-07-07,1062.1,1085.7,1053.5,1069.7,118343.0
2021-07-08,1069.7,1072.1,1055.0,1058.0,87127.0
2021-07-09,1061.0,1061.4,1033.0,1042.7,181263.0
2021-07-12,1037.5,1043.0,1020.2,1029.1,124447.0
2021-07-13,1030.0,1045.0,1020.0,1040.6,116958.0
2021-07-14,1034.2,1051.0,1026.0,1028.0,69244.0
2021-07-15,1027.5,1046.5,1026.0,1039.7,66407.0
2021-07-16,1034.3,1043.3,1024.0,1033.1,54958.0
2021-07-19,1037.0,1040.9,1026.1,1031.6,83893.0
2021-07-20,1029.0,1039.1,1021.5,1033.5,61945.0
2021-07-21,1035.0,1035.0,1023.2,1026.4,54598.0
2021-07-22,1026.4,1036.1,1020.3,1031.2,91533.0
2021-07-23,1031.3,1032.8,1019.6,1024.0,73992.0
2021-07-26,1024.2,1061.0,1019.0,1059.8,133870.0
2021-07-27,1058.8,1104.7,1029.0,1097.0,363797.0
2021-07-28,1104.2,1159.3,1091.5,1147.0,478878.0
2021-07-29,1160.0,1160.0,1124.3,1138.3,256000.0
2021-07-30,1129.7,1170.0,1129.7,1150.3,201551.0
2021-08-02,1155.9,1202.0,1153.1,1176.7,544326.0
2021-08-03,1173.1,1198.8,1167.3,1184.4,339414.0
2021-08-04,1184.4,1209.8,1175.1,1194.9,255461.0
2021-08-05,1200.0,1208.8,1177.3,1187.3,203971.0
2021-08-06,1189.6,1193.0,1175.5,1176.8,99150.0
2021-08-09,1181.4,1200.0,1172.6,1190.9,148429.0
2021-08-10,1193.4,1198.0,1177.4,1193.0,70669.0
2021-08-11,1194.1,1200.8,1184.0,1188.1,96085.0
2021-08-12,1198.6,1198.6,1186.1,1188.1,97553.0
2021-08-13,1192.0,1196.0,1179.0,1186.7,63588.0
2021-08-16,1184.8,1190.0,1175.0,1179.3,108369.0
2021-08-17,1184.4,1188.8,1179.0,1186.3,110889.0
2021-08-18,1180.0,1220.0,1177.5,1198.1,326643.0
2021-08-19,1200.0,1219.5,1182.4,1185.0,377766.0
2021-08-20,1191.8,1214.8,1185.2,1208.0,199623.0
2021-08-23,1220.0,1231.3,1179.7,1207.6,579980.0
2021-08-24,1215.8,1223.0,1205.5,1221.4,337046.0
2021-08-25,1223.8,1280.0,1218.6,1273.0,569947.0
2021-08-26,1266.0,1300.0,1251.7,1265.0,359574.0
2021-08-27,1269.0,1350.0,1254.0,1331.0,526515.0
2021-08-30,1335.0,1433.8,1315.5,1365.8,1663119.0
2021-08-31,1366.0,1368.9,1331.2,1344.7,348401.0
2021-09-01,1349.5,1372.0,1339.4,1370.4,284749.0
2021-09-02,1372.3,1392.0,1360.6,1383.0,381134.0
2021-09-03,1390.0,1400.0,1380.2,1388.5,333512.0
2021-09-06,1393.0,1419.8,1389.5,1414.4,458911.0
2021-09-07,1418.5,1460.0,1415.0,1455.0,690420.0
2021-09-08,1443.6,1457.9,1427.1,1442.9,455961.0
2021-09-09,1447.0,1452.0,1430.6,1436.3,302930.0
2021-09-10,1440.0,1452.0,1434.1,1446.1,349376.0
2021-09-13,1447.6,1464.3,1441.7,1448.5,594999.0
2021-09-14,1449.2,1459.0,1441.7,1454.4,664544.0
2021-09-15,1450.0,1465.0,1445.3,1459.0,404137.0
2021-09-16,1462.2,1471.2,1442.5,1460.4,628845.0
2021-09-17,1465.2,1500.0,1453.7,1484.8,1050194.0
2021-09-20,1484.8,1491.0,1430.0,1445.2,696482.0
2021-09-21,1465.0,1509.6,1450.0,1496.8,712343.0
2021-09-22,1498.1,1503.9,1490.1,1500.0,481688.0
2021-09-23,1499.7,1505.0,1470.6,1482.8,540242.0
2021-09-24,1488.9,1488.9,1430.0,1444.0,747509.0
2021-09-27,1450.6,1454.9,1399.0,1424.4,930327.0
2021-09-28,1420.0,1420.4,1398.5,1415.0,1000214.0
2021-09-29,1400.0,1418.5,1369.9,1407.0,2364195.0
2021-09-30,1407.2,1448.4,1395.2,1430.0,2219924.0
2021-10-01,1348.9,1349.0,1249.5,1278.0,5108842.0
2021-10-04,1278.0,1278.0,1208.0,1229.8,2581566.0
2021-10-05,1228.0,1237.9,1101.1,1203.0,6868660.0
2021-10-06,1202.4,1288.9,1175.9,1280.0,4655676.0
2021-10-07,1280.3,1310.0,1275.0,1304.9,2088908.0
2021-10-08,1305.0,1315.0,1259.3,1312.5,3155383.0
2021-10-11,1314.7,1336.4,1285.0,1331.0,1749525.0
2021-10-12,1332.5,1336.6,1310.2,1313.0,674068.0
2021-10-13,1314.6,1327.1,1285.0,1292.1,703458.0
2021-10-14,1297.6,1306.1,1211.2,1269.4,2480638.0
2021-10-15,1252.0,1278.9,1217.0,1275.0,1497038.0
2021-10-18,1280.0,1334.0,1252.0,1266.0,3827988.0
2021-10-19,1264.1,1280.0,1220.5,1235.0,1490315.0
2021-10-20,1236.1,1236.1,1177.0,1195.0,1627518.0
2021-10-21,1191.3,1204.0,1160.0,1161.2,1049789.0
2021-10-22,1162.5,1209.7,1160.0,1197.0,1057554.0
2021-10-25,1198.9,1209.5,1146.4,1162.9,996454.0
2021-10-26,1162.0,1162.0,1121.0,1148.0,639295.0
2021-10-27,1149.9,1165.0,1137.1,1152.1,417669.0
2021-10-28,1150.0,1160.0,1143.0,1156.0,275034.0
2021-10-29,1155.0,1196.0,1154.0,1177.0,485451.0
2021-11-01,1179.8,1189.7,1140.2,1147.8,969569.0
2021-11-02,1143.0,1150.1,1126.0,1127.5,600622.0
2021-11-03,1130.1,1151.0,1100.0,1133.1,1262658.0
2021-11-05,1133.1,1148.7,1110.2,1114.6,306173.0
2021-11-08,1116.7,1137.1,1100.1,1104.0,575768.0
2021-11-09,1101.2,1178.8,1100.0,1163.6,995717.0
2021-11-10,1170.0,1193.5,1115.5,1124.1,838908.0
2021-11-11,1125.2,1128.2,1105.0,1118.0,443400.0
2021-11-12,1117.9,1128.0,1026.0,1102.2,931148.0
2021-11-15,1106.9,1139.6,1100.2,1116.6,494887.0
2021-11-16,1120.8,1120.9,1100.0,1102.1,274373.0
2021-11-17,1100.0,1117.0,1095.0,1100.2,416047.0
2021-11-18,1100.1,1117.0,1100.0,1101.2,318516.0
2021-11-19,1101.3,1112.7,1051.0,1100.9,955321.0
2021-11-22,1101.0,1115.6,1072.2,1107.7,747489.0
2021-11-23,1108.7,1108.8,1065.0,1080.9,1733879.0
2021-11-24,1080.0,1105.0,1065.0,1102.1,494493.0
2021-11-25,1105.0,1135.0,1103.0,1115.5,360964.0
2021-11-26,1111.0,1115.0,1075.0,1082.2,442731.0
2021-11-29,1099.0,1105.3,1080.0,1086.9,418532.0
2021-11-30,1085.0,1089.4,1075.0,1081.9,320670.0
2021-12-01,1081.5,1099.0,1075.8,1083.9,189147.0
2021-12-02,1083.9,1089.6,1075.0,1080.8,259240.0
2021-12-03,1081.5,1117.4,1077.0,1117.0,663824.0
2021-12-06,1114.0,1125.0,1089.5,1106.8,276672.0
2021-12-07,1100.2,1118.6,1090.0,1106.1,522716.0
2021-12-08,1109.0,1150.0,1100.9,1141.5,536118.0
2021-12-09,1141.4,1190.0,1138.5,1186.4,771158.0
2021-12-10,1186.6,1197.4,1155.4,1176.3,459472.0
2021-12-13,1180.0,1185.0,1100.1,1158.7,760590.0
2021-12-14,1151.2,1151.2,1087.0,1112.0,1146629.0
2021-12-15,1115.0,1205.0,1070.0,1086.0,549771.0
2021-12-16,1092.5,1103.3,1070.2,1081.0,724448.0
2021-12-17,1085.1,1085.1,1060.0,1067.3,394699.0
2021-12-20,1070.0,1070.0,1030.0,1030.2,529273.0
2021-12-21,1040.0,1041.8,1010.0,1012.9,460009.0
2021-12-22,1016.2,1040.0,1010.0,1019.2,371055.0
2021-12-23,1020.8,1029.5,1011.0,1013.4,299657.0
2021-12-24,1013.4,1026.0,1001.0,1002.6,268033.0
2021-12-27,1002.6,1030.0,1000.0,1029.4,674917.0
2021-12-28,1029.5,1045.9,1020.0,1043.0,550073.0
2021-12-29,1046.1,1086.0,1040.0,1085.0,446268.0
2021-12-30,1085.0,1120.0,1077.5,1102.4,653355.0
2022-01-03,1111.0,1159.6,1102.5,1155.7,454595.0
2022-01-04,1151.3,1198.0,1151.3,1171.0,531052.0
2022-01-05,1170.1,1187.5,1132.2,1150.0,495848.0
2022-01-06,1143.0,1169.9,1135.0,1142.3,308006.0
2022-01-10,1149.0,1238.8,1130.0,1210.1,1146518.0
2022-01-11,1215.9,1260.0,1210.1,1254.0,903839.0
2022-01-12,1254.0,1269.2,1225.1,1263.0,570708.0
2022-01-13,1264.9,1268.0,1193.0,1229.9,662237.0
2022-01-14,1235.9,1245.0,1170.1,1223.8,975603.0
2022-01-17,1233.0,1249.9,1186.0,1217.0,657537.0
2022-01-18,1222.4,1226.3,1151.0,1174.7,579596.0
2022-01-19,1190.0,1197.8,1111.0,1128.4,878471.0
2022-01-20,1128.0,1144.0,1092.1,1119.3,674721.0
2022-01-21,1110.5,1118.7,1046.6,1071.5,677265.0
2022-01-24,1070.0,1070.0,1004.4,1039.6,1105642.0
2022-01-25,1030.0,1047.9,880.1,961.1,2671959.0
2022-01-26,963.0,969.9,882.1,890.0,2331035.0
2022-01-27,888.0,945.0,830.0,906.8,2427360.0
2022-01-28,916.0,940.0,895.0,910.8,763533.0
2022-01-31,918.8,988.0,904.0,971.5,1716304.0
2022-02-01,974.8,1030.0,964.0,979.0,963902.0
2022-02-02,979.1,1000.0,970.0,978.8,390486.0
2022-02-03,983.0,990.0,930.0,937.1,588287.0
2022-02-04,944.0,967.4,916.1,945.0,422411.0
2022-02-07,949.0,972.6,901.2,919.2,594453.0
2022-02-08,919.8,923.0,891.0,907.5,675295.0
2022-02-09,906.5,946.4,905.0,940.5,612188.0
2022-02-10,941.0,962.0,907.2,936.7,1005172.0
2022-02-11,945.0,950.0,915.0,930.0,697024.0
2022-02-14,930.0,939.0,880.0,903.0,1148870.0
2022-02-15,903.8,954.9,892.6,942.5,758381.0
2022-02-16,943.6,968.8,940.0,948.0,629419.0
2022-02-17,948.0,954.6,889.0,907.5,684250.0
2022-02-18,913.0,929.6,853.3,880.5,968729.0
2022-02-21,869.6,909.9,618.0,704.9,3353298.0
2022-02-22,695.0,721.0,545.0,700.0,2631131.0
2022-02-24,635.3,649.9,380.1,540.0,1982272.0
2022-02-25,550.0,626.8,470.2,495.0,1839105.0
2022-03-24,470.2,579.4,450.0,505.0,375433.0
2022-03-25,520.0,549.5,480.0,498.6,208854.0
2022-03-28,498.4,507.0,451.5,507.0,193887.0
2022-03-29,506.0,509.0,457.0,505.0,379879.0
2022-03-30,507.1,533.0,501.1,532.0,240512.0
2022-03-31,540.0,633.0,538.8,596.0,804505.0
2022-04-01,620.9,687.2,603.0,672.1,885350.0
2022-04-04,682.9,700.0,621.0,648.1,340104.0
2022-04-05,648.0,648.0,565.6,589.0,403373.0
2022-04-06,588.5,594.6,562.0,567.1,163255.0
2022-04-07,567.0,626.0,562.4,614.3,409818.0
2022-04-08,620.0,647.0,588.4,600.0,348551.0
2022-04-11,599.0,647.4,579.9,605.0,356652.0
2022-04-12,613.8,628.0,580.2,596.7,162842.0
2022-04-13,600.0,625.6,590.3,601.7,216466.0
2022-04-14,606.0,609.0,581.0,590.0,96108.0
2022-04-15,590.0,593.3,565.0,565.5,397809.0
2022-04-18,568.0,570.0,537.2,546.5,223168.0
2022-04-19,535.4,546.6,515.0,535.0,193634.0
2022-04-20,538.3,550.0,526.0,540.0,136610.0
2022-04-21,544.9,560.0,540.0,554.8,225499.0
2022-04-22,562.1,562.2,542.0,550.0,280647.0
2022-04-25,549.9,560.0,530.0,550.1,251626.0
2022-04-26,557.9,569.0,546.0,560.0,310929.0
2022-04-27,551.2,565.0,551.2,562.0,195804.0
2022-04-28,566.2,577.0,548.7,549.6,201125.0
2022-04-29,549.6,572.5,542.2,560.1,1117792.0
2022-05-04,563.0,570.6,536.0,538.0,562757.0
2022-05-05,541.3,549.4,530.8,536.5,388421.0
2022-05-06,533.4,538.1,523.0,531.0,194440.0
2022-05-11,531.2,547.0,524.6,528.0,393479.0
2022-05-12,530.0,532.0,510.6,530.8,638620.0
2022-05-13,530.8,538.3,521.1,534.3,846284.0
2022-05-16,534.0,548.4,530.6,538.4,1250219.0
2022-05-17,542.9,565.0,540.0,558.1,1895972.0
2022-05-18,563.9,599.0,557.1,598.9,2228386.0
2022-05-19,595.0,595.0,567.1,572.2,1583734.0
2022-05-20,574.9,580.3,545.2,545.2,1249727.0
2022-05-23,547.1,562.1,535.0,540.0,1092337.0
2022-05-24,544.9,546.0,527.0,533.1,1263683.0
2022-05-25,537.7,542.0,531.2,540.4,738621.0
2022-05-26,542.0,586.4,541.7,563.0,511616.0
2022-05-27,569.0,572.5,559.4,561.1,103596.0
2022-05-30,564.5,575.0,545.4,553.3,115016.0
2022-05-31,550.1,550.9,535.0,542.9,80768.0
2022-06-01,541.6,562.5,534.9,558.0,157714.0
2022-06-02,558.0,560.5,541.7,543.2,89201.0
2022-06-03,543.0,544.8,523.0,541.7,125838.0
2022-06-06,542.0,545.0,529.1,541.0,71941.0
2022-06-07,541.0,545.8,527.0,539.9,130532.0
2022-06-08,527.2,544.3,520.0,537.8,189076.0
2022-06-09,540.0,565.0,534.4,564.0,221621.0
2022-06-10,565.0,594.7,550.4,555.0,932031.0
2022-06-14,555.0,555.3,540.0,541.0,114044.0
2022-06-15,544.9,549.4,540.4,545.4,98485.0
2022-06-16,548.8,563.1,545.8,559.2,223669.0
2022-06-17,561.0,588.6,555.0,578.3,392329.0
2022-06-20,587.0,598.5,581.1,581.1,399531.0
2022-06-21,583.3,640.9,580.0,636.3,1175616.0
2022-06-22,635.5,635.5,612.1,630.0,665272.0
2022-06-23,630.9,694.0,630.1,691.5,1481513.0
2022-06-24,685.3,728.8,672.0,709.0,1855531.0
2022-06-27,712.5,783.1,703.2,783.0,2194869.0
2022-06-28,784.0,845.6,752.0,794.5,5600022.0
2022-06-29,792.0,792.0,733.0,737.1,2168307.0
2022-06-30,735.1,774.8,706.0,730.1,1448875.0
2022-07-01,729.0,780.0,713.0,780.0,1077464.0
2022-07-04,780.3,790.0,735.1,742.0,811033.0
2022-07-05,743.7,755.0,720.0,745.3,553039.0
2022-07-06,739.9,755.0,735.0,751.5,258964.0
2022-07-07,754.3,770.0,746.8,756.9,309044.0
2022-07-08,757.3,759.9,742.0,757.0,168296.0
2022-07-11,750.0,755.0,723.7,731.0,381714.0
2022-07-12,727.8,729.8,711.0,720.0,291360.0
2022-07-13,724.6,746.0,717.1,723.0,570317.0
2022-07-14,723.9,731.4,715.2,729.0,180707.0
2022-07-15,731.0,743.0,727.2,739.3,230671.0
2022-07-18,742.6,772.0,741.4,770.0,648208.0
2022-07-19,775.0,778.3,750.0,754.0,267959.0
2022-07-20,755.3,769.9,753.7,766.6,183310.0
2022-07-21,766.1,786.0,739.9,782.0,635719.0
2022-07-22,789.8,797.5,770.0,776.0,877862.0
2022-07-25,780.0,790.0,765.1,770.0,339428.0
2022-07-26,779.7,779.7,756.5,760.0,259300.0
2022-07-27,759.8,768.9,752.0,752.5,181048.0
2022-07-28,752.0,758.0,745.1,754.5,122713.0
2022-07-29,754.9,771.1,752.9,771.0,233554.0
2022-08-01,770.0,774.0,750.4,755.5,146418.0
2022-08-02,755.8,755.8,723.0,727.0,205423.0
2022-08-03,725.0,730.0,716.0,719.0,167262.0
2022-08-04,718.0,738.3,701.7,737.0,177922.0
2022-08-05,738.9,745.0,718.0,732.1,168032.0
2022-08-08,736.5,757.0,732.7,741.7,271248.0
2022-08-09,742.1,760.0,738.1,756.0,165112.0
2022-08-10,757.0,764.9,748.3,751.4,156371.0
2022-08-11,752.0,759.8,737.4,737.9,103393.0
2022-08-12,735.6,735.9,720.5,728.8,291121.0
2022-08-15,730.8,738.6,722.0,730.9,222463.0
2022-08-16,730.8,730.8,713.7,725.4,462789.0
2022-08-17,725.4,729.5,717.0,717.0,162512.0
2022-08-18,717.5,726.5,710.2,718.0,162758.0
2022-08-19,719.6,723.7,715.2,721.0,84772.0
2022-08-22,723.5,727.0,718.4,726.2,104396.0
2022-08-23,726.5,731.0,719.5,722.1,163272.0
2022-08-24,724.4,725.2,715.2,718.7,125638.0
2022-08-25,718.2,723.0,685.0,705.9,351316.0
2022-08-26,713.0,726.8,707.1,726.8,301534.0
2022-08-29,728.5,772.0,717.1,772.0,1241839.0
2022-08-30,772.0,779.5,745.0,748.5,632318.0
2022-08-31,748.0,769.6,740.4,765.8,381751.0
2022-09-01,767.0,786.0,755.8,771.0,861674.0
2022-09-02,772.0,778.0,758.5,768.0,226170.0
2022-09-05,772.0,776.0,761.4,767.0,113438.0
2022-09-06,767.4,777.0,733.3,750.2,464458.0
2022-09-07,748.9,760.8,745.9,749.1,140037.0
2022-09-08,751.0,757.0,734.6,744.3,151003.0
2022-09-09,744.3,769.3,740.8,767.8,197175.0
2022-09-12,765.0,794.0,763.7,793.1,953044.0
2022-09-13,794.1,818.0,791.5,803.4,1274690.0
2022-09-14,804.3,805.1,775.7,786.9,663181.0
2022-09-15,792.2,814.9,781.0,814.3,664687.0
2022-09-16,819.5,819.6,779.0,783.7,1270566.0
2022-09-19,786.4,789.9,746.0,748.7,769310.0
2022-09-20,748.9,753.2,641.0,677.4,1727098.0
2022-09-21,600.1,675.0,555.1,650.9,1332862.0
2022-09-22,649.0,679.6,645.4,656.8,501645.0
2022-09-23,654.0,662.2,585.1,594.8,815381.0
2022-09-26,589.9,589.9,487.5,518.0,1563579.0
2022-09-27,520.0,548.7,515.1,538.9,619381.0
2022-09-28,539.9,550.0,516.2,546.9,522981.0
2022-09-29,548.0,549.0,502.0,523.5,995411.0
2022-09-30,522.9,574.5,500.0,558.7,1015383.0
2022-10-03,561.1,584.8,557.0,575.9,855986.0
2022-10-04,579.0,584.0,554.6,563.5,471340.0
2022-10-05,559.6,560.0,520.2,540.0,862789.0
2022-10-06,541.7,543.7,522.1,533.9,459890.0
2022-10-07,533.5,540.6,516.1,526.0,622893.0
2022-10-10,507.0,543.0,500.0,539.7,799847.0
2022-10-11,541.3,572.0,534.4,571.6,819788.0
2022-10-12,569.0,607.0,560.1,603.6,1155489.0
2022-10-13,602.0,624.0,585.0,615.9,1182424.0
2022-10-14,619.0,639.4,602.6,612.5,1071541.0
2022-10-17,610.9,639.4,610.8,627.0,628222.0
2022-10-18,635.4,641.9,616.0,616.6,579306.0
2022-10-19,614.0,623.4,595.0,608.9,407374.0
2022-10-20,610.0,623.0,608.0,612.2,423358.0
2022-10-21,613.4,614.7,599.2,611.6,235787.0
2022-10-24,617.3,624.0,613.6,613.9,258061.0
2022-10-25,614.0,619.5,611.0,618.1,198252.0
2022-10-26,619.9,621.0,611.0,619.5,225708.0
2022-10-27,622.0,638.1,613.0,621.0,650955.0
2022-10-28,621.9,624.9,613.0,618.1,218981.0
2022-10-31,618.6,621.6,609.0,614.0,206191.0
2022-11-01,614.0,618.4,606.0,607.8,195127.0
2022-11-02,608.0,615.5,602.4,609.5,246263.0
2022-11-03,609.4,611.2,602.0,607.8,110121.0
2022-11-07,612.4,618.5,609.5,613.6,271397.0
2022-11-08,614.0,615.0,598.7,604.5,271438.0
2022-11-09,604.4,606.3,580.0,583.1,301933.0
2022-11-10,581.8,599.7,581.2,596.0,198588.0
2022-11-11,598.4,601.9,591.3,594.5,159393.0
2022-11-14,595.0,630.0,592.1,626.3,701813.0
2022-11-15,629.0,664.4,615.0,635.2,1974230.0
2022-11-16,647.9,655.0,628.2,639.0,1275757.0
2022-11-17,636.5,641.6,611.3,626.7,654362.0
2022-11-18,629.9,630.5,618.5,624.6,230059.0
2022-11-21,627.0,627.6,613.1,618.5,169229.0
2022-11-22,615.6,632.9,614.1,629.1,182534.0
2022-11-23,630.0,631.0,621.6,625.6,84521.0
2022-11-24,622.5,627.4,621.4,622.1,69534.0
2022-11-25,622.0,623.8,616.3,621.1,81088.0
2022-11-28,616.2,625.6,608.5,616.5,65537.0
2022-11-29,618.2,621.3,607.2,612.0,136701.0
2022-11-30,610.1,614.9,603.0,613.5,145443.0
2022-12-01,614.1,614.2,602.2,604.6,203577.0
2022-12-02,603.1,604.9,595.8,601.0,190991.0
2022-12-05,601.1,602.9,592.5,594.9,235204.0
2022-12-06,594.0,596.0,584.0,586.6,199744.0
2022-12-07,585.3,599.5,581.8,597.3,231629.0
2022-12-08,599.2,600.0,582.6,584.5,360309.0
2022-12-09,584.4,598.0,584.0,596.2,300541.0
2022-12-12,595.3,601.9,587.1,593.4,147152.0
2022-12-13,593.4,596.6,589.0,591.8,110972.0
2022-12-14,592.8,592.8,586.1,588.6,98678.0
2022-12-15,586.5,613.9,584.2,607.9,611414.0
2022-12-16,608.2,622.3,602.0,605.9,409721.0
2022-12-19,605.9,609.9,580.1,581.1,299447.0
2022-12-20,581.1,602.6,580.2,597.4,288346.0
2022-12-21,603.4,605.6,591.2,598.3,143431.0
2022-12-22,598.3,610.9,595.3,601.4,155407.0
2022-12-23,604.5,610.0,592.0,597.8,106002.0
2022-12-26,602.8,603.7,599.9,602.8,84253.0
2022-12-27,602.8,603.9,596.8,597.4,118181.0
2022-12-28,597.9,602.5,595.0,602.1,147078.0
2022-12-29,602.0,608.0,598.0,603.2,130437.0
2022-12-30,604.3,604.9,599.1,602.5,65366.0
2023-01-03,603.2,605.0,601.0,604.2,49319.0
2023-01-04,604.2,607.3,604.0,607.0,47369.0
2023-01-05,607.0,609.7,600.3,604.9,75601.0
2023-01-06,603.0,607.6,599.7,602.4,41641.0
2023-01-09,602.1,608.8,590.0,600.1,324598.0
2023-01-10,600.3,601.0,593.0,599.7,103275.0
2023-01-11,600.0,604.7,599.0,604.7,97544.0
2023-01-12,605.0,608.2,600.1,602.9,89735.0
2023-01-13,602.9,603.8,598.8,600.6,84641.0
2023-01-16,600.6,622.0,600.5,616.3,528915.0
2023-01-17,617.9,618.0,605.0,607.2,305487.0
2023-01-18,607.4,618.2,602.8,612.3,177519.0
2023-01-19,612.3,612.3,603.1,606.8,120156.0
2023-01-20,607.3,609.5,601.0,604.2,75785.0
2023-01-23,604.5,608.4,603.2,605.9,54003.0
2023-01-24,606.8,611.2,604.1,609.3,160125.0
2023-01-25,609.4,617.9,605.4,615.2,176121.0
2023-01-26,617.0,619.6,609.4,612.6,81195.0
2023-01-27,613.2,616.1,608.8,610.7,48304.0
2023-01-30,612.0,612.0,606.5,609.7,64780.0
2023-01-31,610.1,620.0,607.0,619.1,341197.0
2023-02-01,621.4,631.6,613.9,622.3,353316.0
2023-02-02,623.0,625.4,616.1,619.6,98670.0
2023-02-03,623.0,623.0,610.0,617.0,87774.0
2023-02-06,619.1,626.0,615.5,625.9,121224.0
2023-02-07,625.7,625.9,620.0,623.0,97488.0
2023-02-08,624.4,630.4,621.0,626.0,159837.0
2023-02-09,630.0,630.0,621.2,622.9,70091.0
2023-02-10,622.9,634.9,620.5,630.4,322720.0
2023-02-13,631.5,637.0,631.1,632.9,134356.0
2023-02-14,633.6,633.7,612.5,622.3,235422.0
2023-02-15,621.8,623.0,593.9,601.9,241854.0
2023-02-16,604.0,609.7,596.3,602.2,136298.0
2023-02-17,600.6,608.8,595.6,602.5,176468.0
2023-02-20,602.8,604.7,591.0,597.3,98777.0
2023-02-21,597.3,627.8,595.2,619.4,436071.0
2023-02-22,621.8,628.5,614.8,615.3,244203.0
2023-02-24,621.8,622.6,613.1,617.6,121634.0
2023-02-27,615.4,625.3,614.0,616.8,153300.0
2023-02-28,618.3,626.0,614.5,622.0,155474.0
2023-03-01,622.0,630.0,619.5,628.6,201326.0
2023-03-02,629.4,629.5,609.3,614.7,197852.0
2023-03-03,616.6,623.2,615.0,622.4,87497.0
2023-03-06,622.0,626.0,617.4,622.1,84093.0
2023-03-07,622.4,625.9,619.2,624.0,61536.0
2023-03-09,622.7,632.4,620.6,628.0,158224.0
2023-03-10,626.2,626.4,614.6,621.0,150320.0
2023-03-13,622.9,626.0,616.4,618.3,113115.0
2023-03-14,618.0,622.3,617.0,619.7,60920.0
2023-03-15,620.5,620.5,612.4,614.6,135667.0
2023-03-16,613.9,618.9,605.9,616.5,182941.0
2023-03-17,617.6,629.0,617.1,626.2,221977.0
2023-03-20,624.3,635.0,620.6,630.5,203475.0
2023-03-21,632.4,647.8,624.1,641.8,470061.0
2023-03-22,645.0,647.5,633.2,640.2,159106.0
2023-03-23,640.2,650.0,638.0,647.0,175464.0
2023-03-24,647.5,648.8,640.0,642.3,127589.0
2023-03-27,642.4,658.5,640.1,656.9,285908.0
2023-03-28,658.7,658.9,640.2,649.1,224012.0
2023-03-29,648.8,662.0,646.1,659.5,382245.0
2023-03-30,661.6,669.5,655.3,664.1,241382.0
2023-03-31,664.1,664.5,645.2,654.7,253002.0
2023-04-03,658.0,666.5,655.3,662.5,148367.0
2023-04-04,665.0,665.8,650.0,653.0,189543.0
2023-04-05,653.1,656.7,641.8,653.5,156500.0
2023-04-06,653.7,661.9,652.6,656.4,132181.0
2023-04-07,656.7,659.6,650.5,659.1,105480.0
2023-04-10,661.7,666.1,658.2,665.1,152020.0
2023-04-11,666.2,678.0,658.0,664.0,571690.0
2023-04-12,663.3,667.1,658.0,662.6,108192.0
2023-04-13,661.8,664.2,647.0,654.8,192318.0
2023-04-14,656.0,658.2,647.1,654.6,119044.0
2023-04-17,657.1,660.0,649.9,657.9,144810.0
2023-04-18,657.8,660.4,652.5,660.4,138161.0
2023-04-19,660.5,672.9,654.6,658.7,253566.0
2023-04-20,657.8,662.8,652.3,659.3,167847.0
2023-04-21,661.2,664.3,656.5,659.3,96475.0
2023-04-24,659.0,679.0,655.9,677.9,349704.0
2023-04-25,682.0,719.0,678.0,713.4,1983258.0
2023-04-26,714.8,715.7,699.3,702.7,560931.0
2023-04-27,704.9,706.6,680.5,693.4,511728.0
2023-04-28,695.6,703.0,675.0,688.9,388177.0
2023-05-02,688.1,692.7,651.7,667.8,402725.0
2023-05-03,667.2,682.8,650.0,657.5,374357.0
2023-05-04,659.4,669.5,653.4,664.2,166467.0
2023-05-05,664.0,669.0,645.0,645.4,255897.0
2023-05-08,645.6,648.7,635.2,641.5,103420.0
2023-05-10,641.5,663.0,640.2,659.4,153040.0
2023-05-11,661.0,684.0,660.0,671.9,774248.0
2023-05-12,673.2,678.4,664.7,666.7,159471.0
2023-05-15,668.0,686.3,667.1,682.0,289238.0
2023-05-16,685.4,689.2,671.2,676.9,259469.0
2023-05-17,677.1,681.9,665.8,680.9,154437.0
2023-05-18,681.0,696.0,676.4,695.9,232982.0
2023-05-19,698.9,698.9,682.1,689.0,246217.0
2023-05-22,691.1,693.0,684.5,691.0,109484.0
2023-05-23,690.0,692.0,674.8,679.6,287621.0
2023-05-24,679.1,684.9,677.2,681.1,133249.0
2023-05-25,680.1,682.0,674.1,678.2,98977.0
2023-05-26,678.5,691.7,677.2,689.8,207084.0
2023-05-29,694.0,711.8,694.0,709.6,552582.0
2023-05-30,703.1,739.8,681.5,707.4,1088685.0
2023-05-31,707.6,722.1,691.0,711.6,377904.0
2023-06-01,713.6,719.4,686.9,691.1,611796.0
2023-06-02,690.0,708.8,687.7,706.0,272357.0
2023-06-05,710.0,724.5,701.7,708.5,478353.0
2023-06-06,707.2,723.0,695.0,709.8,345375.0
2023-06-07,710.0,717.7,705.0,707.2,171656.0
2023-06-08,705.5,714.9,705.4,713.0,146353.0
2023-06-09,714.9,719.8,707.2,709.6,271722.0
2023-06-13,711.7,729.0,709.5,728.1,282767.0
2023-06-14,731.5,744.5,710.5,736.9,617742.0
2023-06-15,737.9,759.2,726.6,750.3,953716.0
2023-06-16,753.5,754.5,736.0,739.2,500502.0
2023-06-19,741.5,762.0,721.0,760.5,583355.0
2023-06-20,761.1,790.0,758.0,779.1,1300523.0
2023-06-21,780.0,782.2,762.5,773.4,397016.0
2023-06-22,773.0,784.0,764.9,770.5,276542.0
2023-06-23,769.3,777.0,747.5,749.0,462070.0
2023-06-26,752.1,766.5,726.0,742.6,497612.0
2023-06-27,745.8,748.5,734.6,739.4,234818.0
2023-06-28,740.3,756.7,738.5,750.0,227361.0
2023-06-29,752.0,759.0,750.1,753.0,154531.0
2023-06-30,753.0,759.9,741.8,758.3,228523.0
2023-07-03,758.0,779.0,755.1,771.0,372735.0
2023-07-04,775.0,775.3,751.3,754.4,328658.0
2023-07-05,753.9,756.4,745.5,754.8,244060.0
2023-07-06,757.5,759.0,748.3,755.8,174165.0
2023-07-07,754.7,763.5,754.7,760.4,168398.0
2023-07-10,762.0,770.0,761.2,765.8,175972.0
2023-07-11,767.3,778.6,753.5,775.9,338680.0
2023-07-12,777.7,785.0,766.9,771.6,236072.0
2023-07-13,772.2,779.8,770.6,775.2,193248.0
2023-07-14,775.6,775.8,769.1,771.8,176234.0
2023-07-17,771.8,793.9,762.2,789.3,483915.0
2023-07-18,790.2,798.0,785.1,787.8,356044.0
2023-07-19,788.0,793.5,779.0,783.2,241000.0
2023-07-20,783.3,783.7,746.7,750.4,964926.0
2023-07-21,748.9,765.0,745.2,763.6,836190.0
2023-07-24,768.3,779.2,765.0,778.0,334370.0
2023-07-25,780.0,780.4,771.0,776.7,258384.0
2023-07-26,776.4,779.1,766.7,775.9,242420.0
2023-07-27,775.9,786.2,775.9,784.9,287407.0
2023-07-28,786.5,789.0,771.2,774.1,305974.0
2023-07-31,777.4,785.0,774.2,783.9,261383.0
2023-08-01,785.6,822.8,778.7,811.5,1384532.0
2023-08-02,811.5,824.0,802.9,816.0,464671.0
2023-08-03,816.3,845.0,809.0,838.4,733493.0
2023-08-04,837.9,870.0,794.0,820.7,1440415.0
2023-08-07,826.0,837.4,808.3,815.9,374069.0
2023-08-08,816.2,819.6,797.2,819.1,277259.0
2023-08-09,820.5,824.7,807.6,814.2,194090.0
2023-08-10,815.8,870.0,807.9,836.2,469712.0
2023-08-11,837.0,850.0,824.5,847.0,468446.0
2023-08-14,850.0,867.7,809.0,816.8,918948.0
2023-08-15,801.5,826.5,782.0,794.8,1264150.0
2023-08-16,797.0,809.0,753.4,772.6,1702784.0
2023-08-17,790.5,790.5,760.1,780.6,619806.0
2023-08-18,781.1,823.0,768.0,820.7,1154126.0
2023-08-21,826.9,853.0,817.1,847.8,993441.0
2023-08-22,847.8,849.9,832.4,838.5,703895.0
2023-08-23,838.5,844.0,801.5,805.3,954322.0
2023-08-24,810.0,842.0,806.7,838.5,602297.0
2023-08-25,838.4,842.3,828.2,840.5,300562.0
2023-08-28,841.0,856.4,835.0,855.0,598138.0
2023-08-29,856.0,865.0,833.3,843.0,676650.0
2023-08-30,841.8,853.0,823.1,832.8,503310.0
2023-08-31,833.0,833.0,823.5,827.0,246570.0
2023-09-01,829.0,829.8,817.3,825.0,305553.0
2023-09-04,826.1,847.0,826.1,840.7,617306.0
2023-09-05,841.0,843.9,830.1,836.0,335516.0
2023-09-06,836.0,837.1,816.1,825.6,314519.0
2023-09-07,826.1,826.7,788.5,803.1,697562.0
2023-09-08,803.0,809.0,782.0,796.0,478049.0
2023-09-11,803.1,803.1,770.0,771.9,381130.0
2023-09-12,774.4,795.4,771.0,795.2,393128.0
2023-09-13,793.6,793.9,779.2,781.8,191549.0
2023-09-14,784.1,784.8,761.0,777.3,316084.0
2023-09-15,776.9,789.6,763.0,782.7,545656.0
2023-09-18,783.0,784.3,766.2,770.0,282831.0
2023-09-19,771.2,771.3,742.3,743.0,416364.0
2023-09-20,742.8,764.0,717.0,754.4,808175.0
2023-09-21,749.1,755.0,730.0,737.3,420548.0
2023-09-22,737.0,766.0,732.0,763.4,336912.0
2023-09-25,765.0,770.0,750.2,751.2,244868.0
2023-09-26,751.2,758.9,741.7,750.6,308599.0
2023-09-27,752.6,758.0,748.9,755.8,214629.0
2023-09-28,755.8,762.7,752.5,754.5,119345.0
2023-09-29,754.5,761.8,738.4,742.4,308231.0
2023-10-02,743.8,751.0,731.2,736.5,229524.0
2023-10-03,736.5,739.8,722.7,738.1,429516.0
2023-10-04,738.1,738.7,723.4,723.6,306021.0
2023-10-05,725.0,726.7,704.5,710.2,598516.0
2023-10-06,710.0,736.5,701.4,728.4,983522.0
2023-10-09,728.3,739.2,725.0,727.0,410238.0
2023-10-10,726.8,765.0,726.1,758.8,893234.0
2023-10-11,756.0,776.0,742.1,745.6,767625.0
2023-10-12,747.1,753.6,737.5,746.0,295640.0
2023-10-13,747.0,756.0,735.2,741.6,256715.0
2023-10-16,743.6,761.0,743.1,759.5,436446.0
2023-10-17,760.1,772.0,754.3,767.2,493432.0
2023-10-18,768.7,791.1,765.0,772.0,688655.0
2023-10-19,773.1,773.7,762.6,765.9,391983.0
2023-10-20,766.0,768.2,751.3,762.8,295647.0
2023-10-23,762.8,766.9,758.0,763.8,173416.0
2023-10-24,764.6,764.8,756.6,759.2,156215.0
2023-10-25,759.2,760.4,746.0,751.0,224571.0
2023-10-26,752.0,755.5,741.0,742.4,346615.0
2023-10-27,742.1,744.9,711.0,730.9,830467.0
2023-10-30,730.8,737.7,719.6,722.0,361970.0
2023-10-31,721.0,726.0,703.0,707.5,381785.0
2023-11-01,706.2,729.5,705.4,724.9,359333.0
2023-11-02,726.1,729.0,714.0,719.3,153071.0
2023-11-03,718.9,720.9,707.5,717.6,175707.0
2023-11-06,715.0,732.3,715.0,727.9,135676.0
2023-11-07,728.2,738.5,727.3,736.0,208140.0
2023-11-08,736.8,743.8,726.0,728.5,198771.0
2023-11-09,728.4,738.9,726.1,729.1,178756.0
2023-11-10,730.2,731.5,711.3,718.5,268580.0
2023-11-13,717.1,723.7,711.3,718.1,198561.0
2023-11-14,719.6,722.9,687.1,711.2,484369.0
2023-11-15,709.8,715.0,697.1,709.6,209043.0
2023-11-16,710.3,710.9,699.2,701.7,182475.0
2023-11-17,700.9,709.0,693.3,707.0,154752.0
2023-11-20,706.3,706.8,696.5,696.7,166892.0
2023-11-21,696.8,710.0,696.5,708.4,130593.0
2023-11-22,710.0,719.0,704.6,707.6,112740.0
2023-11-23,708.1,713.0,698.0,702.9,124368.0
2023-11-24,704.3,711.3,698.2,705.8,143440.0
2023-11-27,705.0,712.1,695.9,703.0,160956.0
2023-11-28,702.9,711.0,699.4,709.5,122543.0
2023-11-29,708.0,711.5,695.0,695.4,107058.0
2023-11-30,695.5,696.1,672.1,676.5,566681.0
2023-12-01,677.1,677.5,661.0,666.0,264251.0
2023-12-04,664.0,680.8,647.2,666.5,348731.0
2023-12-05,667.8,682.7,660.0,676.0,265113.0
2023-12-06,676.1,680.6,652.7,658.6,490250.0
2023-12-07,655.4,668.6,643.2,655.5,716812.0
2023-12-08,653.5,668.6,650.2,668.4,325864.0
2023-12-11,668.2,668.2,652.0,661.4,404517.0
2023-12-12,661.6,681.0,658.6,673.3,558452.0
2023-12-13,673.0,677.0,666.0,675.3,209563.0
2023-12-14,676.8,677.5,651.2,656.7,414673.0
2023-12-15,656.0,676.1,654.1,675.4,392274.0
2023-12-18,671.2,693.6,671.1,689.2,364976.0
2023-12-19,689.3,690.0,667.5,676.6,360549.0
2023-12-20,676.6,679.4,670.0,675.4,198844.0
2023-12-21,673.1,680.1,657.6,669.0,388687.0
2023-12-22,668.9,675.5,665.6,675.5,181564.0
2023-12-25,675.2,689.0,675.0,685.0,277162.0
2023-12-26,685.0,686.0,670.2,675.2,174093.0
2023-12-27,675.3,675.7,660.1,663.4,313139.0
2023-12-28,663.5,670.6,645.1,668.7,397575.0
2023-12-29,668.8,683.4,668.8,677.0,327607.0
2024-01-03,675.0,681.0,673.6,678.9,86336.0
2024-01-04,682.9,682.9,672.6,673.7,66963.0
2024-01-05,674.1,674.9,668.1,672.6,70552.0
2024-01-08,672.4,712.5,671.2,709.7,588163.0
2024-01-09,711.1,713.4,699.0,704.8,306178.0
2024-01-10,705.0,710.3,696.7,698.7,260524.0
2024-01-11,698.9,709.9,691.1,705.1,203114.0
2024-01-12,705.1,716.8,703.9,711.1,340425.0
2024-01-15,712.5,714.4,695.7,700.5,231089.0
2024-01-16,702.3,720.7,692.2,714.0,460799.0
2024-01-17,714.0,722.0,706.7,710.0,384668.0
2024-01-18,710.4,717.1,706.9,709.2,123393.0
2024-01-19,709.2,709.8,702.5,704.3,112846.0
2024-01-22,704.5,729.8,704.4,729.0,372327.0
2024-01-23,729.9,729.9,718.0,724.0,305606.0
2024-01-24,725.0,729.3,715.1,717.6,108312.0
2024-01-25,717.6,721.4,712.1,721.0,85539.0
2024-01-26,721.2,737.0,721.2,728.1,376886.0
2024-01-29,730.4,733.8,725.0,726.6,99110.0
2024-01-30,726.0,735.9,721.3,728.8,234469.0
2024-01-31,728.8,741.6,727.5,738.1,192758.0
2024-02-01,740.0,740.5,728.3,730.7,225650.0
2024-02-02,730.6,750.1,723.5,747.6,341210.0
2024-02-05,750.0,756.0,741.6,745.0,227193.0
2024-02-06,745.2,776.0,742.7,770.9,704462.0
2024-02-07,770.3,787.9,766.3,782.8,567012.0
2024-02-08,783.5,798.5,775.5,782.4,685985.0
2024-02-09,785.0,807.8,776.1,807.8,776180.0
2024-02-12,808.1,847.0,808.1,842.7,1157385.0
2024-02-13,842.9,860.0,833.5,850.4,1167527.0
2024-02-14,850.3,858.9,832.2,845.1,689930.0
2024-02-15,843.0,879.0,836.8,871.7,1286450.0
2024-02-16,871.7,889.5,852.0,879.1,2243891.0
2024-02-19,877.2,877.2,858.1,859.0,697916.0
2024-02-20,855.8,874.0,822.2,834.5,1707847.0
2024-02-21,830.0,848.4,807.0,820.7,1223315.0
2024-02-22,823.5,837.7,797.5,835.5,1325793.0
2024-02-26,811.9,849.8,811.4,849.5,1035483.0
2024-02-27,846.5,848.5,825.0,839.4,497804.0
2024-02-28,840.0,896.5,839.4,891.8,2461843.0
2024-02-29,893.5,894.4,866.1,877.5,1643383.0
2024-03-01,875.0,879.7,862.1,868.7,789281.0
2024-03-04,869.0,877.0,855.1,857.5,406818.0
2024-03-05,859.0,902.5,849.0,898.9,1867990.0
2024-03-06,896.3,922.0,887.0,906.5,1975587.0
2024-03-07,906.0,924.7,893.7,923.0,1189957.0
2024-03-11,924.7,939.0,916.3,920.6,1076424.0
2024-03-12,920.7,933.7,908.0,926.8,649391.0
2024-03-13,930.2,930.8,917.4,919.2,262881.0
2024-03-14,918.7,922.8,891.4,898.5,1257787.0
2024-03-15,898.0,903.0,892.3,900.9,516677.0
2024-03-18,900.9,905.0,878.8,892.3,675115.0
2024-03-19,890.0,899.8,884.1,892.8,367631.0
2024-03-20,892.8,896.0,862.0,865.0,750878.0
2024-03-21,863.0,879.4,851.5,863.5,827494.0
2024-03-22,860.5,881.4,812.9,837.9,2440248.0
2024-03-25,832.0,876.0,812.0,865.0,2023008.0
2024-03-26,865.0,892.8,859.6,877.3,1118066.0
2024-03-27,878.0,907.4,870.6,903.0,937966.0
2024-03-28,904.0,914.8,887.1,892.4,455814.0
2024-03-29,893.0,900.0,881.6,888.8,335084.0
2024-04-01,889.4,895.0,870.0,874.5,705544.0
2024-04-02,874.1,881.6,860.1,870.9,557654.0
2024-04-03,870.9,876.6,861.5,865.2,354186.0
2024-04-04,865.1,876.3,855.3,869.6,551827.0
2024-04-05,869.1,876.0,858.7,868.9,422978.0
2024-04-08,867.5,888.7,866.9,884.3,368799.0
2024-04-09,888.0,899.8,869.4,869.7,660450.0
2024-04-10,871.6,884.4,867.2,884.4,230317.0
2024-04-11,885.0,885.1,874.2,878.3,101498.0
2024-04-12,876.3,883.5,874.1,879.7,162669.0
2024-04-15,883.5,894.0,875.8,892.5,331795.0
2024-04-16,891.9,892.5,874.8,882.4,288006.0
2024-04-17,882.0,882.5,854.8,859.6,444452.0
2024-04-18,859.6,874.8,849.3,869.7,357222.0
2024-04-19,867.0,874.3,862.9,871.0,116039.0
2024-04-22,871.3,883.9,861.1,874.0,266217.0
2024-04-23,878.0,878.0,851.1,857.0,335289.0
2024-04-24,855.0,869.0,843.5,863.4,435010.0
2024-04-25,863.2,866.9,850.7,858.2,155998.0
2024-04-26,853.8,859.7,841.0,847.7,236408.0
2024-04-27,849.6,861.9,847.7,857.4,124174.0
2024-04-29,857.3,861.5,847.1,848.0,53787.0
2024-04-30,848.0,861.0,842.7,861.0,143231.0
2024-05-02,859.1,859.9,844.1,850.0,269980.0
2024-05-03,850.4,855.0,841.1,841.3,259313.0
2024-05-06,841.2,848.5,823.6,837.6,402831.0
2024-05-07,837.6,851.7,837.3,849.0,215651.0
2024-05-08,850.9,853.6,840.4,840.9,182440.0
2024-05-10,839.9,849.2,839.3,843.5,67131.0
2024-05-13,843.5,846.8,835.0,835.4,168690.0
2024-05-14,835.4,844.3,835.4,838.5,173073.0
2024-05-15,836.7,840.9,831.5,833.5,191598.0
2024-05-16,834.4,837.1,812.1,835.9,509638.0
2024-05-17,838.2,873.0,837.1,873.0,1799638.0
2024-05-20,873.8,876.5,840.0,845.4,566431.0
2024-05-21,842.4,850.0,821.3,829.8,320995.0
2024-05-22,830.4,856.6,822.1,844.4,422014.0
2024-05-23,841.5,869.9,829.2,863.0,794512.0
2024-05-24,863.4,872.6,851.0,869.1,807616.0
2024-05-27,866.5,880.0,842.0,845.0,708313.0
2024-05-28,847.8,871.9,841.7,866.5,277439.0
2024-05-29,865.9,879.7,858.4,879.7,341620.0
2024-05-30,880.7,889.0,848.3,861.1,470879.0
2024-05-31,861.0,863.4,823.2,838.0,511229.0
2024-06-03,846.0,848.0,812.5,834.8,713333.0
2024-06-04,834.1,852.0,825.7,842.8,363883.0
2024-06-05,842.0,849.9,828.7,830.6,238813.0
2024-06-06,831.9,841.8,825.7,833.3,168975.0
2024-06-07,832.6,878.9,832.6,854.4,542713.0
2024-06-10,855.8,861.9,826.4,836.7,352832.0
2024-06-11,836.5,847.8,816.4,824.5,471532.0
2024-06-13,805.4,858.9,790.9,856.1,1165039.0
2024-06-14,858.3,869.0,843.0,859.1,564928.0
2024-06-17,857.0,868.8,849.8,855.4,353016.0
2024-06-18,854.0,858.7,845.5,848.0,336699.0
2024-06-19,847.8,873.1,842.8,866.7,885699.0
2024-06-20,869.3,959.4,863.3,921.0,3244564.0
2024-06-21,923.7,961.9,905.8,955.5,2112362.0
2024-06-24,956.4,994.9,931.6,938.5,2912557.0
2024-06-25,935.8,952.0,925.5,940.4,838964.0
2024-06-26,941.0,943.8,906.8,915.0,982470.0
2024-06-27,914.2,915.0,902.0,904.5,547869.0
2024-06-28,904.3,914.5,892.1,899.9,371248.0
2024-07-01,898.2,904.0,875.0,878.9,475018.0
2024-07-02,877.5,895.0,868.9,881.0,584311.0
2024-07-03,881.0,884.1,855.0,855.1,329221.0
2024-07-04,853.7,867.8,836.1,840.9,542412.0
2024-07-05,838.0,858.5,828.6,849.9,630999.0
2024-07-08,849.0,853.3,817.0,830.3,688391.0
2024-07-09,829.2,848.5,823.2,832.5,967212.0
2024-07-10,832.0,844.9,817.9,823.9,677631.0
2024-07-11,823.9,864.8,822.4,853.9,510297.0
2024-07-12,854.8,872.0,836.9,867.0,376661.0
2024-07-15,867.0,870.0,845.4,854.2,384355.0
2024-07-16,859.9,874.5,844.7,861.8,499805.0
2024-07-17,862.7,877.5,860.0,862.0,283285.0
2024-07-18,861.6,869.6,849.2,866.0,201473.0
2024-07-19,866.1,877.8,861.8,871.6,186099.0
2024-07-22,872.5,879.1,856.0,859.1,286196.0
2024-07-23,858.9,861.7,847.1,855.3,172568.0
2024-07-24,855.3,856.0,841.1,846.2,122214.0
2024-07-25,846.2,853.0,837.7,845.4,107951.0
2024-07-26,845.4,862.1,776.9,799.0,1367256.0
2024-07-29,783.6,788.3,756.0,763.0,911114.0
2024-07-30,763.0,773.6,743.3,747.2,1203724.0
2024-07-31,749.1,764.9,743.0,761.0,494840.0
2024-08-01,760.0,771.3,751.3,754.7,236096.0
2024-08-02,754.3,760.4,745.3,754.1,196064.0
2024-08-05,749.4,759.5,739.0,748.9,484693.0
2024-08-06,750.1,766.6,750.1,757.5,285053.0
2024-08-07,757.9,795.5,748.0,778.1,553644.0
2024-08-08,778.0,783.0,765.2,769.1,180381.0
2024-08-09,769.0,787.5,762.7,784.9,232579.0
2024-08-12,786.0,800.8,774.2,795.5,289918.0
2024-08-13,796.3,815.0,790.3,811.1,403751.0
2024-08-14,810.0,811.1,777.0,780.6,628185.0
2024-08-15,783.8,783.8,763.5,772.7,302619.0
2024-08-16,773.0,784.2,765.7,777.8,202922.0
2024-08-19,777.9,780.0,745.1,752.7,686962.0
2024-08-20,752.8,753.8,740.0,745.3,328650.0
2024-08-21,744.9,763.9,740.0,761.1,439220.0
2024-08-22,761.5,762.8,718.8,732.9,507496.0
2024-08-23,728.4,740.0,722.5,731.7,362061.0
2024-08-26,739.1,751.7,725.1,743.4,331134.0
2024-08-27,745.7,745.7,728.0,737.0,203738.0
2024-08-28,736.6,740.6,718.0,727.0,312047.0
2024-08-29,726.4,730.0,687.6,699.1,800963.0
2024-08-30,698.6,698.6,671.5,676.6,579344.0
2024-09-02,670.0,676.6,614.1,621.7,933615.0
2024-09-03,621.8,650.5,615.1,636.6,1278748.0
2024-09-04,636.1,682.4,631.3,679.7,453146.0
2024-09-05,682.9,686.5,656.8,663.3,606202.0
2024-09-06,666.9,676.7,655.4,671.0,270309.0
2024-09-09,670.0,715.0,668.2,706.3,506167.0
2024-09-10,704.5,721.0,665.0,666.3,772952.0
2024-09-11,665.9,670.8,625.2,626.7,1383984.0
2024-09-12,623.7,639.6,614.3,637.5,1426212.0
2024-09-13,637.3,647.7,595.9,634.7,3006369.0
2024-09-16,637.8,642.8,611.0,638.8,1268208.0
2024-09-17,637.6,644.5,626.0,636.4,698490.0
2024-09-18,636.4,654.5,636.1,644.0,1177172.0
2024-09-19,643.6,648.7,633.3,637.3,699289.0
2024-09-20,638.0,667.9,635.3,660.4,741810.0
2024-09-23,662.7,669.8,639.1,647.0,1416227.0
2024-09-24,647.1,656.0,637.8,649.4,920784.0
2024-09-25,650.3,652.8,624.2,628.5,963994.0
2024-09-26,624.0,644.0,621.4,634.1,975521.0
2024-09-27,634.1,655.0,633.5,655.0,1039090.0
2024-09-30,655.7,660.3,644.4,648.2,469103.0
2024-10-01,647.7,652.3,633.9,639.6,472899.0
2024-10-02,639.6,643.0,618.0,619.9,579846.0
2024-10-03,617.0,638.1,611.7,637.8,1550897.0
2024-10-04,638.0,640.7,624.4,631.9,361482.0
2024-10-07,631.3,635.7,618.3,633.3,756011.0
2024-10-08,632.5,634.8,626.4,633.4,222559.0
2024-10-09,631.8,636.8,626.4,636.0,235807.0
2024-10-10,635.5,643.0,632.5,639.3,433134.0
2024-10-11,639.7,645.9,634.4,641.2,385442.0
2024-10-14,641.6,654.0,636.8,651.7,491272.0
2024-10-15,651.2,660.0,649.0,656.0,410005.0
2024-10-16,657.2,665.0,640.0,644.3,518819.0
2024-10-17,643.6,644.0,635.1,636.6,378047.0
2024-10-18,635.9,644.3,631.7,638.2,411728.0
2024-10-21,637.6,643.5,634.4,637.8,122134.0
2024-10-22,634.5,637.7,610.1,615.4,553815.0
2024-10-23,614.8,614.8,601.0,604.1,547573.0
2024-10-24,603.5,610.4,592.4,603.2,537448.0
2024-10-25,602.0,625.0,570.6,584.6,1555017.0
2024-10-28,576.8,582.9,557.9,573.2,881497.0
2024-10-29,573.0,583.9,562.0,569.1,683318.0
2024-10-30,572.0,574.3,517.8,522.3,1887382.0
2024-10-31,520.2,524.6,491.2,492.9,3338200.0
2024-11-01,493.2,505.0,470.0,496.5,5643458.0
2024-11-02,500.0,504.7,483.0,501.4,1944525.0
2024-11-05,501.3,507.1,492.1,498.2,2106002.0
2024-11-06,514.2,519.0,478.3,483.4,2376409.0
2024-11-07,475.0,489.9,461.2,489.8,2667800.0
2024-11-08,491.1,515.0,477.9,510.2,1945424.0
2024-11-11,516.1,520.9,495.4,514.4,1615700.0
2024-11-12,513.2,530.5,504.2,527.4,2104801.0
2024-11-13,527.7,538.4,503.1,504.9,2421504.0
2024-11-14,501.5,509.5,489.1,493.9,1456797.0
2024-11-15,493.0,495.8,481.2,491.0,1401304.0
2024-11-18,484.7,506.9,478.4,492.1,1602692.0
2024-11-19,492.6,496.8,476.0,484.3,1050162.0
2024-11-20,483.9,490.4,470.6,479.3,1009095.0
2024-11-21,479.0,484.5,470.0,477.9,926203.0
2024-11-22,478.8,481.6,466.2,469.0,607365.0
2024-11-25,465.0,468.5,438.8,445.9,1308670.0
2024-11-26,442.0,445.5,396.0,407.4,2271308.0
2024-11-27,405.7,406.9,356.5,400.0,6310576.0
2024-11-28,399.6,412.5,376.2,394.8,3395554.0
2024-11-29,393.9,423.0,386.2,419.4,3363435.0
2024-12-02,419.5,434.3,408.1,410.3,1789438.0
2024-12-03,409.9,414.4,390.3,396.9,1868561.0
2024-12-04,396.5,401.8,375.1,382.2,2825871.0
2024-12-05,380.0,397.9,373.0,394.0,2914856.0
2024-12-06,393.5,398.4,382.9,396.3,1501653.0
2024-12-09,398.0,403.0,388.5,397.1,1176331.0
2024-12-10,396.3,396.4,385.0,386.0,1181874.0
2024-12-11,385.9,392.0,378.5,387.7,1303622.0
2024-12-12,387.7,390.7,376.6,378.0,969425.0
2024-12-13,376.9,378.2,367.9,377.6,1145662.0
2024-12-16,372.7,373.7,357.0,361.5,2048055.0
2024-12-17,356.8,362.3,352.1,356.3,1413450.0
2024-12-18,356.3,368.8,355.9,365.8,1047017.0
2024-12-19,365.4,373.9,361.0,371.8,2137132.0
2024-12-20,371.7,439.0,365.6,439.0,8249416.0
2024-12-23,452.9,511.5,434.0,471.3,9861982.0
2024-12-24,472.0,473.0,442.9,444.1,3439803.0
2024-12-25,439.0,456.7,424.4,454.0,6520029.0
2024-12-26,454.8,466.0,444.5,446.9,3315783.0
2024-12-27,446.0,457.9,441.9,457.2,1787735.0
2024-12-28,457.2,485.0,453.5,481.2,1598834.0
2024-12-30,483.9,507.8,477.0,507.8,2685010.0
2025-01-03,514.8,525.0,491.8,505.9,1942458.0
2025-01-06,496.9,496.9,481.7,485.0,1720041.0
2025-01-08,481.6,487.7,475.0,485.3,1542612.0
2025-01-09,484.4,487.9,468.2,474.5,1688407.0
2025-01-10,474.4,497.5,473.7,493.8,1704141.0
2025-01-13,495.2,511.0,481.2,483.6,1595274.0
2025-01-14,480.5,498.3,472.4,496.0,1267298.0
2025-01-15,496.3,529.2,485.7,528.2,2398895.0
2025-01-16,532.0,569.0,517.4,558.1,7494966.0
2025-01-17,558.0,651.2,551.7,645.6,18576731.0
2025-01-20,662.2,688.2,615.7,628.7,12970416.0
2025-01-21,639.9,663.0,622.8,660.8,4849888.0
2025-01-22,661.2,683.0,646.3,652.9,4540802.0
2025-01-23,652.7,700.6,648.2,695.5,7086685.0
2025-01-24,699.3,743.9,692.3,726.4,18246246.0
2025-01-27,726.3,743.0,692.5,697.9,8567994.0
2025-01-28,695.5,726.4,675.6,722.2,8082192.0
2025-01-29,722.0,725.6,698.0,705.3,5450466.0
2025-01-30,704.6,712.8,694.7,699.4,2847289.0
2025-01-31,699.4,717.2,687.0,694.1,3169631.0
2025-02-03,693.0,693.0,669.0,678.7,2957743.0
2025-02-04,679.0,687.3,667.3,672.0,2130976.0
2025-02-05,671.8,707.2,650.2,697.2,5215836.0
2025-02-06,700.0,705.9,685.0,687.5,1797994.0
2025-02-07,687.5,692.0,677.3,685.2,1096760.0
2025-02-10,690.2,706.2,678.4,681.8,1740865.0
2025-02-11,686.0,711.6,682.3,710.0,1937520.0
2025-02-12,711.4,758.0,700.7,744.0,4600688.0
2025-02-13,749.0,778.8,724.2,740.4,2785932.0
2025-02-14,761.0,828.4,720.1,742.6,11627472.0
2025-02-17,751.2,771.5,746.0,762.0,2725208.0
2025-02-18,762.0,767.4,698.6,708.3,3372739.0
2025-02-19,710.8,715.7,671.0,691.1,4943845.0
2025-02-20,692.0,697.4,676.0,682.9,1561734.0
2025-02-21,684.0,712.6,669.4,707.0,2756810.0
2025-02-24,706.7,723.0,690.0,703.7,2061468.0
2025-02-25,705.5,734.8,685.8,692.2,3825586.0
2025-02-26,692.7,712.0,661.1,664.0,2916331.0
2025-02-27,665.0,674.8,636.0,644.8,3573412.0
2025-02-28,642.1,664.5,637.0,658.6,2846458.0
2025-03-01,661.2,666.8,659.0,660.5,36486.0
2025-03-02,658.4,660.0,653.6,658.0,31683.0
2025-03-03,658.0,658.0,625.9,637.1,1955169.0
2025-03-04,638.7,669.8,638.0,666.2,1408697.0
2025-03-05,666.3,696.3,652.5,668.9,2599085.0
2025-03-06,668.3,689.8,660.9,665.7,2658102.0
2025-03-07,665.4,678.3,650.0,661.2,1397180.0
2025-03-10,663.5,665.9,648.3,652.1,806644.0
2025-03-11,652.1,656.0,628.3,634.4,2615984.0
2025-03-12,633.5,639.4,605.0,608.8,3032894.0
2025-03-13,607.0,629.0,590.5,604.5,3378856.0
2025-03-14,604.0,624.8,598.0,615.0,1765269.0
2025-03-15,615.5,618.8,615.3,617.0,24617.0
2025-03-16,618.8,629.9,618.5,629.3,154118.0
2025-03-17,628.1,649.9,627.1,646.2,1750376.0
2025-03-18,647.5,657.4,627.1,628.4,2452605.0
2025-03-19,629.4,648.2,622.0,640.1,2118989.0
2025-03-20,642.0,647.7,623.0,626.3,3269678.0
2025-03-21,627.1,632.0,586.0,590.0,7924765.0
2025-03-24,586.0,587.3,548.3,549.3,6698895.0
2025-03-25,552.0,564.6,539.2,563.7,5971297.0
2025-03-26,565.1,572.5,546.5,549.9,2620541.0
2025-03-27,548.8,550.9,523.8,525.7,2665702.0
2025-03-28,525.1,529.8,508.9,513.6,2954381.0
2025-03-29,513.6,513.6,504.0,504.0,184986.0
2025-03-30,504.0,504.0,504.0,504.0,15205.0
2025-03-31,500.9,542.0,488.4,534.1,3948995.0
2025-04-01,536.3,553.6,504.7,508.4,4774322.0
2025-04-02,509.9,531.2,505.3,529.8,3765000.0
2025-04-03,532.4,539.9,509.2,525.4,3159493.0
2025-04-04,527.0,533.3,491.0,493.8,3305285.0
2025-04-05,501.0,502.9,501.0,501.0,190823.0
2025-04-06,502.0,518.5,501.0,516.7,373530.0
2025-04-07,506.7,507.0,448.3,472.5,8331092.0
2025-04-08,480.3,487.3,442.2,444.0,4230775.0
2025-04-09,440.0,464.1,411.0,464.1,9565202.0
2025-04-10,462.8,468.9,421.0,429.0,10464259.0
2025-04-11,429.9,441.0,422.8,429.9,11576292.0
2025-04-12,431.7,440.2,431.4,439.4,1352128.0
2025-04-13,439.0,440.3,436.2,440.3,482654.0
2025-04-14,441.3,444.8,421.1,424.1,7840977.0
2025-04-15,423.1,429.6,411.5,423.5,8075300.0
2025-04-16,420.5,437.0,415.6,428.1,4504779.0
2025-04-17,429.2,443.9,427.0,439.3,4216220.0
2025-04-18,433.7,439.0,427.2,433.2,2739136.0
2025-04-21,434.5,451.0,434.3,450.0,3260468.0
2025-04-22,450.9,486.9,450.0,478.2,11073336.0
2025-04-23,479.9,481.6,457.1,471.4,5475694.0
2025-04-24,471.8,506.0,471.0,504.6,11698706.0
2025-04-25,505.4,524.9,500.0,511.6,18268461.0
2025-04-26,518.0,520.6,508.7,514.2,1149093.0
2025-04-27,514.5,517.8,511.2,516.0,287558.0
2025-04-28,516.2,519.0,500.6,503.7,5105781.0
2025-04-29,503.5,507.4,481.0,484.2,3516486.0
2025-04-30,485.5,486.1,465.2,477.3,4715982.0
2025-05-02,477.9,478.2,440.5,442.0,3327595.0
2025-05-03,441.1,450.9,440.1,448.3,684631.0
2025-05-04,449.7,455.9,449.0,453.1,457315.0
2025-05-05,451.2,453.4,428.1,444.7,3850094.0
2025-05-06,444.6,474.1,435.3,465.0,6432502.0
2025-05-07,465.1,487.0,458.6,480.5,7510743.0
2025-05-08,481.9,489.7,470.4,474.5,3981358.0
2025-05-10,476.5,482.0,474.6,478.3,376859.0
2025-05-11,482.9,488.7,482.9,487.1,939346.0
2025-05-12,492.8,503.9,490.0,503.0,4935047.0
2025-05-13,504.7,507.9,495.0,497.2,2853576.0
2025-05-14,496.9,515.0,487.8,496.4,7834931.0
2025-05-15,495.8,505.2,492.4,497.2,3533662.0
2025-05-16,497.7,502.3,472.5,483.2,8773556.0
2025-05-17,483.2,494.8,481.0,493.0,891855.0
2025-05-18,496.0,497.7,494.2,497.7,486165.0
2025-05-19,498.0,500.0,480.8,485.1,3498378.0
2025-05-20,485.5,488.9,478.5,480.5,1989568.0
2025-05-21,481.3,485.0,457.5,460.4,3383487.0
2025-05-22,460.9,479.0,447.1,475.8,6673478.0
2025-05-23,476.1,485.0,464.1,482.0,4197581.0
2025-05-26,481.4,481.6,470.2,473.8,2504556.0
2025-05-27,470.4,510.9,467.1,510.3,9076355.0
2025-05-28,511.3,539.8,511.2,539.4,12298103.0
2025-05-29,542.8,544.9,517.0,520.5,5585725.0
2025-05-30,519.1,538.4,515.0,534.5,5884059.0
2025-05-31,536.5,542.0,534.7,539.4,723760.0
2025-06-01,538.0,538.7,518.4,519.3,2189303.0
2025-06-02,517.5,573.6,516.0,573.0,12833662.0
2025-06-03,574.4,604.8,571.4,597.0,16684735.0
2025-06-04,601.5,605.0,582.7,588.0,10934308.0
2025-06-05,589.0,596.0,582.4,586.7,3785038.0
2025-06-06,589.7,637.6,535.0,541.4,30662667.0
2025-06-07,542.0,547.9,541.0,544.2,712521.0
2025-06-08,544.0,544.5,525.0,531.5,1682842.0
2025-06-09,531.1,554.6,520.1,550.8,10587242.0
2025-06-10,553.2,566.0,536.0,542.4,11061583.0
2025-06-11,543.9,559.0,535.4,551.3,8160400.0
2025-06-13,554.8,556.4,540.1,541.2,2283373.0
2025-06-14,541.5,542.8,533.0,539.1,884712.0
2025-06-15,539.2,545.4,533.7,543.5,584908.0
2025-06-16,544.7,551.1,535.7,540.9,3325291.0
2025-06-17,541.8,571.5,537.1,566.6,7208455.0
2025-06-18,567.8,575.9,560.3,562.7,4393110.0
2025-06-19,563.5,573.6,561.2,563.3,3796609.0
2025-06-20,562.0,566.7,536.2,538.0,6693442.0
2025-06-23,538.2,539.4,521.0,531.8,4678577.0
2025-06-24,532.5,549.4,530.1,549.1,3397552.0
2025-06-25,551.1,561.6,543.7,552.5,3790829.0
2025-06-26,553.6,556.8,547.1,552.7,1939726.0
2025-06-27,552.8,565.4,547.7,564.5,3608184.0
2025-06-28,565.0,568.5,561.4,564.4,475663.0
2025-06-29,564.3,564.4,557.3,558.5,535247.0
2025-06-30,559.9,600.8,558.7,598.8,10707342.0
2025-07-01,598.2,613.8,586.9,600.1,7468347.0
2025-07-02,600.1,612.0,594.0,605.4,4259513.0
2025-07-03,605.4,637.9,605.4,626.4,9015931.0
2025-07-04,625.0,633.8,612.2,628.2,5434733.0
2025-07-05,629.2,632.3,624.0,630.1,432288.0
2025-07-06,630.0,630.0,627.0,629.1,62282.0
2025-07-07,628.8,630.6,607.7,608.2,3431955.0
2025-07-08,606.9,634.9,595.0,613.7,10528993.0
2025-07-09,613.7,633.0,609.6,631.3,9160997.0
2025-07-10,632.5,646.7,630.5,636.1,7073454.0
2025-07-11,636.5,638.0,614.6,617.2,6391387.0
2025-07-12,617.2,621.2,615.6,620.6,156894.0
2025-07-13,619.6,620.4,609.0,614.4,358360.0
2025-07-14,612.9,652.6,606.2,650.4,7390103.0
2025-07-15,653.4,663.6,646.3,656.2,4887360.0
2025-07-16,657.0,661.8,648.0,648.6,5371464.0
2025-07-17,649.9,659.2,648.0,650.9,3645867.0
2025-07-18,651.0,668.2,651.0,660.8,4863867.0
2025-07-19,662.6,666.3,662.6,665.0,419179.0
2025-07-20,667.0,668.0,665.1,666.0,203777.0
2025-07-21,666.5,670.0,650.1,656.0,4144306.0
2025-07-22,656.0,663.0,651.1,655.0,1967176.0
2025-07-23,655.0,662.8,652.0,653.9,2930866.0
2025-07-24,653.1,655.5,641.0,645.0,2415224.0
2025-07-25,646.9,654.0,614.2,618.3,9292867.0
2025-07-26,620.2,620.7,607.4,614.4,656895.0
2025-07-27,614.5,615.2,611.0,613.6,119571.0
2025-07-28,613.4,628.0,598.3,602.1,8164985.0
2025-07-29,604.2,619.0,595.7,618.7,4679223.0
2025-07-30,618.8,626.4,607.1,611.4,3769614.0
2025-07-31,612.0,620.5,605.1,616.6,2220590.0
2025-08-01,616.9,623.5,608.0,610.8,1796303.0
2025-08-04,613.0,619.6,606.0,618.1,1455343.0
2025-08-05,617.5,620.9,613.0,617.7,1232307.0
2025-08-06,618.8,646.5,614.8,633.0,6044884.0
2025-08-07,635.1,648.9,630.5,636.9,3756789.0
2025-08-08,637.5,645.0,631.0,641.0,1480075.0
2025-08-11,651.3,656.8,645.9,648.5,2021314.0
2025-08-12,649.5,652.0,643.7,648.7,936408.0
2025-08-13,649.0,652.9,635.6,639.0,1123558.0
2025-08-14,640.8,642.8,622.0,636.1,2170368.0
2025-08-15,636.9,642.0,627.6,636.4,1349725.0
2025-08-16,625.0,636.4,618.6,632.4,625462.0
2025-08-17,632.8,634.3,628.0,629.7,118684.0
2025-08-18,628.5,656.1,628.1,650.6,3716891.0
2025-08-19,652.0,664.8,649.2,658.6,2646256.0
2025-08-20,658.4,663.9,650.6,654.7,2025152.0
2025-08-21,654.9,657.7,637.6,642.5,2200727.0
2025-08-22,644.1,661.0,639.7,659.7,2204175.0
2025-08-23,661.7,662.9,659.9,661.2,95822.0
2025-08-24,659.2,660.8,656.0,660.5,121928.0
2025-08-25,660.0,676.6,657.0,672.9,3428968.0
2025-08-26,675.0,677.8,663.6,666.7,2241258.0
2025-08-27,668.2,673.0,661.0,670.1,1584497.0
2025-08-28,670.2,674.9,652.0,654.7,1788521.0
2025-08-29,656.0,666.1,652.5,659.0,1778349.0
2025-08-30,660.2,662.7,658.0,658.6,27096.0
2025-08-31,659.0,662.5,658.6,661.9,42984.0
2025-09-01,662.2,671.3,661.9,666.6,1146564.0
2025-09-02,667.5,668.2,643.1,657.0,2486919.0
2025-09-03,657.0,665.0,650.1,664.6,1872078.0
2025-09-04,664.7,666.7,656.3,660.0,1440290.0
2025-09-05,661.1,662.1,647.7,651.2,1291629.0
2025-09-06,654.0,654.0,651.0,652.2,46139.0
2025-09-07,651.8,655.3,651.6,655.1,96616.0
2025-09-08,654.8,656.6,645.7,652.5,1385884.0
2025-09-09,652.5,654.8,643.8,651.9,1740355.0
2025-09-10,652.0,652.7,629.2,632.4,2498259.0
2025-09-11,633.2,634.1,620.1,622.3,2926428.0
2025-09-12,623.1,626.3,598.7,602.3,6108775.0
2025-09-13,602.4,605.9,588.2,590.6,416539.0
2025-09-14,590.6,598.4,585.0,597.9,555131.0
2025-09-15,598.0,599.7,575.7,580.1,2664056.0
2025-09-16,580.3,596.5,576.0,593.9,2660486.0
2025-09-17,595.2,607.7,585.6,607.3,2064578.0
2025-09-18,607.3,608.0,586.2,587.7,1925949.0
2025-09-19,588.0,591.5,576.6,576.6,1776681.0
2025-09-22,576.5,576.6,549.5,559.5,2873061.0
2025-09-23,560.2,571.5,532.0,537.4,3742401.0
2025-09-24,538.6,566.6,538.1,565.9,3859727.0
2025-09-25,566.0,567.0,547.2,554.0,1604034.0
2025-09-26,552.4,559.7,541.6,551.1,1632536.0
2025-09-27,552.4,558.0,551.9,555.4,59323.0
2025-09-28,552.6,556.5,552.2,554.5,47641.0
2025-09-29,553.0,554.6,529.2,530.8,1896190.0
2025-09-30,530.7,537.2,515.2,535.2,2328624.0
2025-10-01,537.3,537.4,520.0,529.2,1607171.0
2025-10-02,525.0,534.1,514.1,523.0,2207456.0
2025-10-03,523.0,530.4,501.2,502.8,1785448.0
2025-10-04,502.0,509.9,489.1,497.7,670458.0
2025-10-05,497.0,507.1,491.0,503.2,342866.0
2025-10-06,505.0,536.0,500.4,532.7,4799477.0
2025-10-07,529.3,544.1,527.1,539.6,2898392.0
2025-10-08,538.5,543.5,481.6,486.9,11289807.0
2025-10-09,488.1,494.0,446.2,460.0,15904535.0
2025-10-10,462.0,462.0,421.1,421.1,10101583.0
2025-10-11,417.9,419.3,412.0,416.2,1627739.0
2025-10-12,416.3,427.2,416.0,422.3,1246196.0
2025-10-13,423.4,432.5,415.0,418.8,6566264.0
2025-10-14,419.3,420.7,378.0,379.3,13514040.0
2025-10-15,379.8,385.8,359.7,370.0,17585762.0
2025-10-16,370.8,404.9,366.3,404.9,19093519.0
2025-10-17,409.0,418.7,394.0,406.1,12268835.0
2025-10-18,408.8,417.4,407.5,417.4,1629432.0
2025-10-19,417.4,417.4,410.4,414.1,1053460.0
2025-10-20,414.1,429.3,407.0,426.3,6418617.0
2025-10-21,425.9,425.9,386.5,399.2,12535170.0
2025-10-22,398.4,406.1,382.5,391.3,6495119.0
2025-10-23,383.7,404.0,380.2,402.8,5113361.0
2025-10-24,403.1,415.0,387.7,394.2,8093607.0
2025-10-27,394.5,394.5,368.0,371.5,5789618.0
2025-10-28,370.3,388.4,368.2,380.2,3257666.0
2025-10-29,382.2,391.1,380.0,386.3,2171605.0
2025-10-30,386.3,398.0,383.3,393.7,2678042.0
2025-10-31,393.7,395.4,379.2,382.8,2434586.0
2025-11-01,384.0,388.2,382.0,384.4,621030.0
2025-11-03,385.4,399.3,385.4,394.6,1770165.0
2025-11-05,393.6,413.6,388.4,407.0,4604739.0
2025-11-06,406.3,419.6,404.5,411.0,4210582.0
2025-11-07,410.0,420.9,407.0,417.4,2966626.0
2025-11-08,418.0,419.7,416.0,417.0,93097.0
2025-11-09,417.0,419.4,416.7,418.4,83154.0
2025-11-10,419.9,426.9,412.4,412.5,2596988.0
2025-11-11,414.2,415.4,401.0,404.7,2637197.0
2025-11-12,405.2,409.9,396.1,400.3,2114470.0
2025-11-13,401.0,407.0,398.8,404.0,1795463.0
2025-11-14,403.8,404.2,393.6,400.1,1583333.0
2025-11-15,400.5,402.0,399.2,400.7,72507.0
2025-11-16,400.7,402.0,400.0,401.9,39183.0
2025-11-17,400.6,448.9,393.6,436.6,20268696.0
2025-11-18,437.8,440.9,425.5,431.9,7326138.0
2025-11-19,432.1,454.8,431.5,445.6,8265681.0
2025-11-20,448.0,471.0,446.2,467.0,5327219.0
2025-11-21,468.0,469.4,455.0,460.7,2905349.0
2025-11-24,464.4,479.0,450.1,453.8,2974649.0
2025-11-25,453.7,470.7,450.7,465.0,2748977.0
2025-11-26,466.9,468.8,458.4,460.8,1444065.0
2025-11-27,461.0,464.3,451.2,453.1,1489509.0
2025-11-28,452.9,461.0,450.6,458.1,1955935.0
2025-11-29,459.4,460.4,457.5,458.7,62631.0
2025-11-30,458.7,461.7,458.7,461.3,121645.0
2025-12-01,461.3,466.6,456.0,460.6,1597397.0
2025-12-02,460.6,463.9,454.2,456.3,1040383.0
2025-12-03,452.5,454.3,442.5,452.3,1781651.0
2025-12-04,453.8,467.8,453.8,462.8,3031806.0
2025-12-05,463.1,477.3,463.1,476.8,3424273.0
2025-12-08,476.8,490.6,476.7,478.4,3910817.0
2025-12-09,479.2,487.9,473.7,484.9,2759588.0
2025-12-10,484.9,487.5,480.0,483.5,1413281.0
2025-12-11,484.7,496.5,483.4,494.0,3308333.0
2025-12-12,494.6,508.1,488.1,489.5,4272202.0
2025-12-13,494.0,494.6,492.0,493.8,327240.0
2025-12-14,493.8,494.2,489.2,491.7,241548.0
2025-12-15,494.9,503.7,490.6,502.3,3029906.0
2025-12-16,503.0,519.0,502.9,519.0,3708774.0
2025-12-17,521.9,526.9,508.3,513.8,6151909.0
2025-12-18,515.3,519.6,503.0,511.5,3283280.0
2025-12-19,512.1,514.5,479.0,490.4,7791846.0
2025-12-20,491.8,492.0,485.1,487.8,858927.0
2025-12-21,487.0,488.3,485.4,486.7,190839.0
2025-12-22,486.0,488.7,471.6,477.6,3381305.0
2025-12-23,477.3,495.0,474.2,494.6,3727914.0
2025-12-24,495.1,501.9,485.4,491.4,3207866.0
2025-12-25,491.6,492.0,480.1,481.7,1619446.0
2025-12-26,481.7,492.8,478.3,490.8,2340990.0
2025-12-27,492.8,495.0,490.0,490.5,323261.0
2025-12-28,490.7,491.8,486.6,489.9,216055.0
2025-12-29,489.4,501.5,481.7,485.2,2990515.0
2025-12-30,484.8,491.0,477.1,477.8,1559849.0
2026-01-05,478.9,479.4,463.2,469.0,1899605.0
2026-01-06,469.0,473.3,464.4,464.8,767824.0
2026-01-08,461.0,463.1,452.4,458.9,1479140.0
2026-01-09,459.1,466.7,456.8,460.2,1141726.0
2026-01-12,459.7,463.7,452.8,455.2,1202312.0
2026-01-13,455.5,458.4,449.8,450.9,1587760.0
2026-01-14,452.2,459.9,444.1,454.2,2776797.0
2026-01-15,454.0,458.7,451.3,458.6,1882474.0
2026-01-16,458.9,471.9,458.6,471.4,2755774.0
2026-01-17,472.0,472.0,469.9,470.8,188314.0
2026-01-18,470.8,472.1,468.6,471.9,138691.0
2026-01-19,472.2,473.7,461.2,462.2,1739647.0
2026-01-20,462.1,468.4,457.8,463.2,2253241.0
2026-01-21,464.2,477.0,460.8,475.2,3284384.0
2026-01-22,477.1,477.9,463.2,467.9,1442009.0
2026-01-23,467.0,472.0,463.0,467.3,1031068.0
2026-01-24,466.9,468.4,461.8,465.3,504723.0
2026-01-25,465.5,467.4,464.1,465.4,167668.0
2026-01-26,465.8,466.9,459.5,465.9,2007870.0
2026-01-27,466.0,474.4,466.0,472.9,1485103.0
2026-01-28,472.5,477.4,467.4,473.0,1909798.0
2026-01-29,473.6,484.7,472.7,481.5,2781448.0
2026-01-30,480.3,482.5,470.1,471.9,1306888.0
2026-01-31,472.7,474.3,470.8,473.3,107662.0
2026-02-01,473.3,478.4,471.6,477.9,246711.0
2026-02-02,477.9,478.2,471.9,474.8,1047947.0
2026-02-03,475.0,481.9,474.0,476.8,950808.0
2026-02-04,476.9,492.0,459.9,467.4,4935718.0
2026-02-05,467.4,475.0,460.4,468.1,3389972.0
2026-02-06,469.1,477.6,462.0,467.4,2115397.0
2026-02-07,469.4,469.9,467.8,469.1,58632.0
2026-02-08,469.1,470.5,468.1,469.5,49980.0
2026-02-09,470.4,473.9,465.0,471.2,1160007.0
2026-02-10,471.6,474.4,466.2,468.6,940765.0
2026-02-11,468.0,484.5,467.0,477.8,2810045.0
2026-02-12,478.9,479.5,469.8,471.2,1307920.0
2026-02-13,471.2,479.4,458.1,474.3,5066794.0
2026-02-16,475.0,476.5,468.0,470.9,1796826.0
2026-02-17,471.0,472.5,465.5,468.3,659222.0
2026-02-18,467.8,469.0,458.3,463.4,1763416.0
2026-02-19,463.9,467.8,462.0,464.6,1383752.0
2026-02-20,464.0,466.1,461.1,462.7,628545.0
2026-02-21,462.7,464.0,462.0,463.1,42039.0
2026-02-22,463.1,463.8,462.5,463.0,51565.0
2026-02-23,462.4,463.9,461.7,463.5,43114.0
2026-02-24,463.5,464.4,456.0,458.1,1065816.0
2026-02-25,458.1,468.0,457.8,463.7,1831459.0
2026-02-26,463.6,466.7,462.7,463.9,518906.0
2026-02-27,464.8,475.9,456.8,473.2,3469626.0
2026-02-28,472.1,474.3,465.1,468.3,434660.0
2026-03-01,465.0,469.3,465.0,468.1,103810.0
2026-03-02,467.0,472.0,464.1,467.6,1465434.0
2026-03-03,467.6,473.9,464.4,472.1,865736.0
2026-03-04,471.5,478.6,468.5,470.2,660190.0
2026-03-05,472.1,474.0,465.5,467.5,1123302.0
2026-03-06,468.1,469.5,465.0,466.0,585872.0
2026-03-09,465.1,471.0,458.0,468.6,881716.0
2026-03-10,468.6,477.8,465.3,467.1,925261.0
2026-03-11,468.2,476.9,465.1,471.9,626021.0
2026-03-12,472.0,480.0,470.0,474.8,823286.0
2026-03-13,474.0,476.3,468.0,469.7,626091.0
2026-03-14,469.3,470.6,469.3,470.0,21576.0
2026-03-15,469.5,471.5,469.5,470.8,63042.0
2026-03-16,471.4,474.5,466.6,469.7,696681.0
2026-03-17,470.9,472.3,467.0,469.7,470017.0
2026-03-18,468.7,475.0,468.6,469.9,1101327.0
2026-03-19,470.0,478.0,468.7,470.5,1493037.0
2026-03-20,470.2,481.0,470.2,474.1,1962704.0
2026-03-23,478.1,496.0,475.1,491.5,3457647.0
2026-03-24,492.0,503.0,477.0,484.9,3436486.0
2026-03-25,485.4,485.4,477.5,482.8,752358.0
2026-03-26,483.0,485.3,477.0,483.4,771393.0
2026-03-27,483.4,487.8,478.0,479.1,619240.0
2026-03-28,482.0,482.0,478.7,480.7,26622.0
2026-03-29,479.7,482.4,479.7,482.3,13514.0
2026-03-30,482.4,484.5,471.5,475.0,929954.0
2026-03-31,475.0,478.3,473.6,475.6,331474.0
2026-04-01,475.2,493.6,475.2,492.1,758546.0
2026-04-02,492.3,500.0,487.0,496.2,995678.0
2026-04-03,495.8,526.8,495.8,524.6,13183756.0
2026-04-04,524.6,526.8,522.6,523.9,292988.0
2026-04-05,523.0,524.3,522.1,523.1,97810.0
2026-04-06,524.0,524.8,521.4,523.6,2027241.0
2026-04-07,523.0,528.9,522.8,526.4,1500666.0
2026-04-08,527.0,531.0,524.2,528.4,643646.0
2026-04-09,529.2,530.6,526.9,528.0,890330.0
2026-04-10,527.5,529.2,526.3,527.6,1256987.0
2026-04-11,527.6,528.2,526.6,527.9,38809.0
2026-04-12,527.7,529.7,527.6,528.3,67537.0
2026-04-13,528.7,530.0,527.7,528.5,1262760.0
2026-04-14,529.3,533.7,527.8,531.7,1299951.0
2026-04-15,531.7,533.0,529.1,532.4,350582.0
2026-04-16,531.7,535.0,530.9,532.1,500528.0
2026-04-17,532.1,533.4,530.1,532.4,371695.0
2026-04-18,532.4,533.5,531.4,531.7,20402.0
2026-04-19,531.7,532.8,531.3,532.2,13125.0
2026-04-20,532.9,534.4,532.0,533.5,200960.0
2026-04-21,534.5,535.0,532.6,534.1,212012.0
2026-04-22,534.0,536.5,534.0,534.3,391676.0
2026-04-23,534.2,536.9,534.2,536.5,266374.0
2026-04-24,536.9,538.0,534.2,534.5,584474.0
