Date,Open,High,Low,Close,Volume
2001-12-07,14.73,14.73,14.73,14.73,30000.0
2001-12-10,15.35,15.35,14.71,14.8,71700.0
2001-12-11,14.9,15.1,14.88,15.09,348300.0
2001-12-13,15.04,15.04,14.35,14.35,681300.0
2001-12-14,14.5,14.5,14.24,14.35,156700.0
2001-12-17,14.58,14.6,14.16,14.54,171800.0
2001-12-18,14.55,14.72,14.35,14.41,396300.0
2001-12-19,14.59,14.85,14.36,14.6,402300.0
2001-12-20,14.89,14.89,14.48,14.6,352400.0
2001-12-21,14.69,14.84,14.48,14.8,185300.0
2001-12-24,14.84,15.1,14.75,14.9,427000.0
2001-12-25,15.0,15.05,14.76,14.8,221300.0
2001-12-26,14.9,14.9,14.75,14.8,85000.0
2001-12-27,14.9,15.03,14.85,15.0,397800.0
2001-12-28,15.05,15.45,15.0,15.31,1066100.0
2001-12-29,15.31,15.81,15.31,15.77,160100.0
2002-01-03,15.7,16.75,15.7,16.65,635700.0
2002-01-04,17.09,17.9,16.4,17.9,1181900.0
2002-01-08,17.99,18.8,17.8,18.4,1346800.0
2002-01-09,18.56,18.78,18.07,18.35,1112100.0
2002-01-10,18.22,18.22,17.63,17.7,702100.0
2002-01-11,17.5,17.74,17.41,17.61,402900.0
2002-01-14,17.37,17.37,16.53,16.69,579800.0
2002-01-15,16.22,17.18,16.18,17.0,891300.0
2002-01-16,16.8,17.21,16.63,16.8,622100.0
2002-01-17,16.5,17.3,16.5,17.2,1190700.0
2002-01-18,17.3,17.55,16.75,17.36,1398600.0
2002-01-21,17.3,17.74,17.15,17.52,730200.0
2002-01-22,17.7,18.13,17.55,18.05,1046600.0
2002-01-23,18.03,18.11,17.4,17.4,1013500.0
2002-01-24,17.4,17.4,16.07,16.29,1438300.0
2002-01-25,16.15,16.2,15.2,15.4,1788200.0
2002-01-28,15.59,15.79,15.45,15.6,808100.0
2002-01-29,15.78,16.25,15.71,16.18,1259400.0
2002-01-30,15.8,15.8,15.35,15.35,624100.0
2002-01-31,15.95,15.95,15.5,15.64,259100.0
2002-02-01,15.65,15.89,15.58,15.7,313400.0
2002-02-04,15.52,15.6,15.35,15.4,297100.0
2002-02-05,15.2,15.38,15.02,15.35,289600.0
2002-02-06,15.26,15.85,15.26,15.6,609700.0
2002-02-07,15.64,15.8,15.5,15.75,257700.0
2002-02-08,15.8,15.8,15.34,15.43,479100.0
2002-02-11,15.6,15.8,15.51,15.65,392000.0
2002-02-12,15.8,16.33,15.8,15.88,1805400.0
2002-02-13,16.06,16.2,15.95,16.17,757800.0
2002-02-14,15.96,16.64,15.85,16.52,1379400.0
2002-02-15,16.62,16.8,16.29,16.4,1418100.0
2002-02-18,16.31,16.56,16.18,16.27,436200.0
2002-02-19,16.11,16.28,15.72,15.84,575400.0
2002-02-20,15.55,15.8,15.55,15.75,312500.0
2002-02-21,15.99,16.2,15.9,16.04,607000.0
2002-02-22,16.05,16.6,16.05,16.54,1641100.0
2002-02-26,16.5,16.6,16.0,16.0,834400.0
2002-02-27,16.05,16.34,15.7,15.89,695400.0
2002-02-28,15.8,15.98,15.55,15.68,562600.0
2002-03-01,15.65,16.15,15.65,16.15,828900.0
2002-03-04,16.45,17.14,16.4,16.62,3083900.0
2002-03-05,16.85,16.94,16.5,16.71,1459100.0
2002-03-06,16.65,16.82,16.56,16.7,763200.0
2002-03-07,16.85,17.25,16.85,17.14,2449200.0
2002-03-11,17.29,18.2,17.17,17.89,5952500.0
2002-03-12,18.11,18.75,18.01,18.32,5267300.0
2002-03-13,18.5,18.9,18.32,18.42,3794500.0
2002-03-14,18.5,18.99,18.5,18.9,2180700.0
2002-03-15,19.09,19.2,18.87,19.0,2714000.0
2002-03-18,19.3,19.64,19.29,19.43,3344800.0
2002-03-19,19.5,19.6,19.13,19.13,2825700.0
2002-03-20,18.91,19.05,18.35,18.43,2401900.0
2002-03-21,18.28,18.76,18.1,18.7,1605500.0
2002-03-22,19.3,19.65,19.07,19.5,3791600.0
2002-03-25,19.7,20.5,19.69,19.9,5016500.0
2002-03-26,20.62,21.1,20.56,20.82,5234700.0
2002-03-27,20.85,21.2,20.59,21.12,2305000.0
2002-03-28,21.3,22.13,21.1,22.0,3895100.0
2002-03-29,21.75,21.94,21.26,21.42,2027800.0
2002-04-01,21.15,21.3,21.05,21.25,877300.0
2002-04-02,21.04,21.25,20.05,20.1,4018700.0
2002-04-03,20.75,20.9,20.1,20.28,3556700.0
2002-04-04,19.99,20.3,19.7,20.09,3343100.0
2002-04-05,19.8,20.2,19.8,20.1,1207900.0
2002-04-08,20.08,20.45,19.95,20.29,1604000.0
2002-04-09,20.49,20.96,20.49,20.85,2190000.0
2002-04-10,20.65,21.14,20.62,20.95,3249700.0
2002-04-11,21.19,21.47,20.95,21.4,4129200.0
2002-04-12,21.4,21.47,20.8,21.2,2580200.0
2002-04-15,21.1,21.39,21.01,21.23,1039800.0
2002-04-16,21.3,21.7,21.17,21.45,1601200.0
2002-04-17,21.9,21.9,21.6,21.67,3377400.0
2002-04-18,21.65,23.19,21.65,22.99,5858000.0
2002-04-19,22.9,24.0,22.9,23.95,8036200.0
2002-04-22,23.68,23.94,23.2,23.25,3569100.0
2002-04-23,23.1,23.93,22.87,23.53,3226400.0
2002-04-24,23.79,25.0,23.79,24.96,7488700.0
2002-04-25,24.96,25.55,24.55,25.3,7298300.0
2002-04-26,26.09,26.7,25.82,26.57,6029000.0
2002-04-27,26.4,26.6,26.28,26.5,760500.0
2002-04-29,26.71,26.8,26.17,26.21,1732900.0
2002-04-30,26.32,26.32,24.78,25.18,3231400.0
2002-05-06,25.02,25.06,24.64,24.94,1738300.0
2002-05-07,24.7,24.7,23.21,23.23,2526200.0
2002-05-08,23.4,24.37,23.4,24.32,2012000.0
2002-05-13,23.65,24.14,23.06,23.75,2343500.0
2002-05-14,24.0,24.44,23.86,24.29,3212400.0
2002-05-15,24.45,25.49,24.45,25.27,6812000.0
2002-05-16,25.31,26.3,25.29,25.85,5380700.0
2002-05-17,25.98,26.55,25.98,26.29,3523700.0
2002-05-18,26.29,26.35,26.11,26.34,1058800.0
2002-05-20,26.16,27.0,26.15,26.49,4546100.0
2002-05-21,26.22,26.53,26.0,26.21,2898500.0
2002-05-22,26.13,26.34,25.23,25.56,3041400.0
2002-05-23,25.76,26.42,25.4,25.7,4800600.0
2002-05-24,25.7,25.7,24.7,25.03,2795800.0
2002-05-27,25.0,25.29,24.71,25.29,1049500.0
2002-05-28,25.08,25.9,24.3,24.8,2724700.0
2002-05-29,24.61,24.89,23.57,23.8,2448500.0
2002-05-30,24.0,24.45,22.91,23.2,2862100.0
2002-05-31,22.9,23.67,22.61,23.59,2292500.0
2002-06-03,24.45,24.45,23.05,23.06,1484300.0
2002-06-04,22.9,22.95,22.3,22.64,1532800.0
2002-06-05,23.0,23.47,22.51,23.45,1181100.0
2002-06-06,23.45,24.48,23.25,24.46,2502700.0
2002-06-07,24.3,25.25,23.7,24.11,1291400.0
2002-06-10,24.28,24.6,24.03,24.22,1048400.0
2002-06-11,24.24,24.46,24.0,24.25,1101600.0
2002-06-13,24.4,24.78,24.23,24.23,1130600.0
2002-06-14,24.12,24.13,23.5,23.63,1260000.0
2002-06-17,23.79,23.86,23.3,23.51,1274700.0
2002-06-18,23.65,23.71,22.66,23.0,1363500.0
2002-06-19,22.3,22.98,22.11,22.22,993200.0
2002-06-20,22.2,22.69,21.05,21.11,1443600.0
2002-06-21,21.02,21.2,19.51,20.99,2557700.0
2002-06-24,20.99,21.15,20.12,20.18,1329300.0
2002-06-25,20.69,21.0,20.5,20.7,963100.0
2002-06-26,19.94,20.3,19.6,20.1,1540600.0
2002-06-27,20.2,21.27,20.16,21.03,2359400.0
2002-06-28,21.5,21.89,21.21,21.89,3401100.0
2002-07-01,21.8,22.14,21.6,22.02,851800.0
2002-07-02,21.68,21.87,20.93,21.0,1417300.0
2002-07-03,20.99,21.16,20.25,21.05,1096500.0
2002-07-04,21.4,21.5,21.1,21.3,683000.0
2002-07-05,21.3,22.1,21.05,21.77,1230900.0
2002-07-08,21.65,22.0,21.4,21.49,1512200.0
2002-07-09,21.2,21.64,21.1,21.45,1586100.0
2002-07-10,21.2,21.68,21.2,21.55,1243800.0
2002-07-11,21.43,21.43,20.81,21.22,1022300.0
2002-07-12,21.13,21.6,20.77,20.8,1150800.0
2002-07-15,20.85,21.06,20.67,20.71,467800.0
2002-07-16,20.51,20.79,20.21,20.26,569000.0
2002-07-17,20.1,21.65,20.1,21.63,1284800.0
2002-07-18,21.64,21.84,21.31,21.8,753200.0
2002-07-19,21.5,21.68,21.0,21.41,840200.0
2002-07-22,21.3,21.51,20.97,21.25,2404300.0
2002-07-23,20.95,21.1,20.4,20.8,788000.0
2002-07-24,20.22,20.5,19.82,20.16,1295100.0
2002-07-25,20.51,21.4,19.55,19.8,916800.0
2002-07-26,19.79,19.99,18.71,19.63,715100.0
2002-07-29,19.7,20.3,19.63,20.3,763800.0
2002-07-30,20.2,20.28,19.46,19.5,830300.0
2002-07-31,19.39,19.77,18.85,18.9,1001200.0
2002-08-01,19.25,19.59,19.2,19.38,374100.0
2002-08-02,19.2,19.38,18.82,19.05,210800.0
2002-08-05,18.8,18.8,17.6,17.69,1511500.0
2002-08-06,17.25,18.18,17.2,17.87,466700.0
2002-08-07,18.2,18.35,18.0,18.11,682300.0
2002-08-08,18.3,18.84,18.2,18.49,640300.0
2002-08-09,18.5,18.69,18.22,18.45,246900.0
2002-08-12,18.58,18.78,18.38,18.7,353300.0
2002-08-13,18.9,19.3,18.8,19.25,789700.0
2002-08-14,19.03,19.9,18.93,19.9,630800.0
2002-08-15,19.78,20.5,19.76,20.16,896900.0
2002-08-16,20.1,20.29,19.95,20.26,474900.0
2002-08-19,20.17,20.69,20.15,20.66,777700.0
2002-08-20,20.76,21.0,20.6,20.85,1128500.0
2002-08-21,20.8,21.44,20.8,21.31,1542500.0
2002-08-22,21.64,21.74,21.23,21.47,636600.0
2002-08-23,21.5,21.52,20.71,20.71,905700.0
2002-08-26,20.6,20.84,20.52,20.6,240700.0
2002-08-27,20.75,21.37,20.66,21.28,780700.0
2002-08-28,21.02,21.25,21.0,21.19,626400.0
2002-08-29,21.0,21.1,20.4,20.7,423900.0
2002-08-30,20.8,21.45,20.8,21.33,828400.0
2002-09-02,21.3,21.44,20.7,20.82,521300.0
2002-09-03,20.79,21.2,20.67,20.93,436900.0
2002-09-04,20.7,21.3,20.65,21.27,852800.0
2002-09-05,21.49,21.49,20.84,20.9,818600.0
2002-09-06,21.02,22.0,21.02,21.94,1794800.0
2002-09-09,22.0,22.99,22.0,22.96,2818800.0
2002-09-10,23.1,23.66,23.0,23.66,2482700.0
2002-09-11,23.69,23.83,23.23,23.74,1097500.0
2002-09-12,23.7,24.42,23.6,24.15,2379900.0
2002-09-13,24.0,24.0,23.42,23.72,2061400.0
2002-09-16,23.8,24.59,23.75,24.46,1765200.0
2002-09-17,24.79,25.14,24.05,24.1,2243800.0
2002-09-18,24.1,24.39,23.35,23.7,2210600.0
2002-09-19,23.76,24.25,23.55,24.14,1130700.0
2002-09-20,24.1,24.88,23.9,24.87,1325700.0
2002-09-23,24.82,25.2,24.74,24.82,1436400.0
2002-09-24,24.55,25.14,24.55,24.93,857300.0
2002-09-25,24.9,25.11,24.79,24.96,1012200.0
2002-09-26,25.01,25.26,24.9,25.17,497400.0
2002-09-27,25.15,25.15,24.79,24.99,557000.0
2002-09-30,24.85,24.97,24.71,24.78,497400.0
2002-10-01,24.72,25.26,24.72,25.14,731400.0
2002-10-02,25.34,25.49,25.17,25.38,1095000.0
2002-10-03,25.35,25.8,25.31,25.51,863600.0
2002-10-04,25.65,25.93,25.21,25.26,792900.0
2002-10-07,25.3,25.45,24.7,25.43,1417700.0
2002-10-08,25.5,25.6,25.31,25.31,425000.0
2002-10-09,25.31,25.52,24.78,24.87,661500.0
2002-10-10,24.9,24.98,24.45,24.98,394800.0
2002-10-11,25.0,25.49,25.0,25.4,638400.0
2002-10-14,25.22,25.37,25.22,25.3,314500.0
2002-10-15,25.21,26.0,25.21,26.0,780900.0
2002-10-16,26.0,26.45,25.96,26.36,1034300.0
2002-10-17,26.32,26.9,26.31,26.57,1419500.0
2002-10-18,26.67,26.9,26.2,26.2,615000.0
2002-10-21,26.1,26.49,25.91,26.3,395400.0
2002-10-22,26.35,26.53,26.21,26.5,523600.0
2002-10-23,26.48,26.99,26.45,26.94,797500.0
2002-10-24,26.61,26.85,25.66,25.9,942100.0
2002-10-25,25.61,26.14,25.4,26.14,585000.0
2002-10-28,26.15,26.35,26.02,26.35,363600.0
2002-10-29,26.51,26.63,25.49,25.63,431800.0
2002-10-30,25.8,26.0,25.32,25.98,640100.0
2002-10-31,25.99,26.1,25.75,25.85,376900.0
2002-11-01,25.9,25.9,25.51,25.78,413400.0
2002-11-04,25.64,26.13,25.35,25.52,550200.0
2002-11-05,25.5,25.5,24.32,24.97,1028400.0
2002-11-06,24.62,24.84,24.2,24.2,985400.0
2002-11-10,23.83,24.3,23.42,23.74,607600.0
2002-11-11,23.98,24.53,23.52,24.5,617400.0
2002-11-12,24.66,24.8,24.45,24.55,555500.0
2002-11-13,24.51,24.98,24.5,24.57,1151100.0
2002-11-14,24.29,24.4,24.01,24.25,306500.0
2002-11-15,24.2,24.59,24.08,24.4,1144500.0
2002-11-18,24.76,25.03,24.69,24.95,895700.0
2002-11-19,24.95,25.1,24.5,24.65,281100.0
2002-11-20,24.69,24.69,23.97,23.97,226800.0
2002-11-21,24.11,24.5,24.05,24.29,541900.0
2002-11-22,24.35,24.48,24.01,24.1,275500.0
2002-11-25,24.0,24.35,24.0,24.28,99500.0
2002-11-26,24.32,24.32,24.12,24.15,198700.0
2002-11-27,24.13,24.21,24.0,24.21,62100.0
2002-11-28,24.09,24.32,24.09,24.32,181300.0
2002-11-29,24.34,24.74,24.3,24.68,650300.0
2002-12-02,24.68,24.98,24.55,24.69,488400.0
2002-12-03,24.4,24.54,23.86,23.95,383000.0
2002-12-04,24.01,24.13,23.8,23.88,287100.0
2002-12-05,23.95,24.15,23.84,24.0,150100.0
2002-12-06,24.18,24.2,23.77,23.92,106100.0
2002-12-09,23.8,24.0,23.51,23.69,229500.0
2002-12-10,23.73,23.77,23.35,23.68,536600.0
2002-12-11,23.55,23.9,23.55,23.87,305500.0
2002-12-15,23.61,24.04,23.61,24.0,355500.0
2002-12-16,24.0,24.35,23.85,24.22,352400.0
2002-12-17,24.4,25.39,24.3,25.03,2145900.0
2002-12-18,25.0,25.45,24.62,24.8,477900.0
2002-12-19,24.89,24.98,24.65,24.84,117900.0
2002-12-20,24.7,24.85,24.37,24.68,420700.0
2002-12-23,24.7,24.87,24.56,24.79,120600.0
2002-12-24,24.91,25.2,24.7,25.19,942100.0
2002-12-25,24.95,25.45,24.89,25.4,1051100.0
2002-12-26,25.58,25.58,25.18,25.35,441600.0
2002-12-27,25.2,25.27,24.77,24.77,270100.0
2002-12-30,25.0,25.0,24.6,24.7,121300.0
2002-12-31,24.3,24.98,24.3,24.98,24100.0
2003-01-04,24.61,25.0,24.6,24.81,339300.0
2003-01-05,24.85,24.94,24.71,24.74,26900.0
2003-01-08,24.68,24.68,24.24,24.3,252300.0
2003-01-09,24.06,24.68,24.03,24.68,148500.0
2003-01-10,24.69,24.75,24.25,24.5,240200.0
2003-01-13,24.51,24.55,23.95,24.03,219500.0
2003-01-14,24.04,24.16,23.62,23.65,308200.0
2003-01-15,23.71,23.97,23.71,23.83,235400.0
2003-01-16,23.97,24.0,23.83,23.86,309000.0
2003-01-17,23.99,23.99,23.65,23.85,167300.0
2003-01-20,23.92,23.92,23.65,23.7,88200.0
2003-01-21,23.8,23.8,22.77,23.05,369700.0
2003-01-22,23.05,23.07,22.63,22.92,359800.0
2003-01-23,23.04,23.04,22.75,22.97,291400.0
2003-01-24,22.76,23.49,22.76,23.3,698700.0
2003-01-27,23.3,23.37,22.8,23.35,446900.0
2003-01-28,23.3,23.85,23.2,23.74,564900.0
2003-01-29,23.72,23.8,23.59,23.79,278500.0
2003-01-30,23.81,24.16,23.79,24.1,414900.0
2003-01-31,23.84,24.61,23.84,24.49,834200.0
2003-02-03,24.3,24.79,24.3,24.64,379500.0
2003-02-04,24.46,24.75,23.6,24.45,446300.0
2003-02-05,24.04,24.6,23.96,24.56,538800.0
2003-02-06,24.35,24.87,24.35,24.85,506900.0
2003-02-07,24.85,24.98,24.55,24.63,264200.0
2003-02-10,24.8,24.86,24.32,24.32,375800.0
2003-02-11,24.49,24.8,24.32,24.7,673500.0
2003-02-12,24.7,24.98,24.47,24.95,600100.0
2003-02-13,24.87,25.49,24.47,25.35,1463300.0
2003-02-14,25.5,25.77,25.35,25.54,1145700.0
2003-02-17,25.7,25.91,25.4,25.5,573000.0
2003-02-18,25.48,25.77,25.3,25.73,772400.0
2003-02-19,25.5,26.14,25.47,26.02,2022500.0
2003-02-20,26.02,26.34,25.81,26.34,1039800.0
2003-02-21,26.35,26.55,26.27,26.55,935200.0
2003-02-25,26.59,26.79,26.36,26.5,716200.0
2003-02-26,26.65,26.75,26.1,26.54,415500.0
2003-02-27,26.31,26.5,26.31,26.45,303200.0
2003-02-28,26.4,26.57,26.26,26.55,425400.0
2003-03-03,26.55,26.76,26.4,26.66,443500.0
2003-03-04,26.46,26.7,26.4,26.4,329500.0
2003-03-05,26.4,27.0,26.4,26.8,607000.0
2003-03-06,26.88,27.98,26.7,27.98,1533000.0
2003-03-07,28.15,29.37,28.11,28.95,1470900.0
2003-03-11,28.25,28.85,27.87,28.09,1119300.0
2003-03-12,28.2,28.33,27.2,27.34,668000.0
2003-03-13,27.39,27.5,27.23,27.44,532400.0
2003-03-14,27.32,27.33,26.31,26.61,551400.0
2003-03-17,26.25,26.49,26.0,26.37,475500.0
2003-03-18,26.55,26.85,26.01,26.73,1170800.0
2003-03-19,26.75,26.75,26.34,26.47,297200.0
2003-03-20,26.5,26.7,26.45,26.7,398800.0
2003-03-21,26.7,27.13,26.52,27.0,440000.0
2003-03-24,26.78,26.78,26.21,26.27,749000.0
2003-03-25,26.21,26.51,26.2,26.35,368900.0
2003-03-26,26.43,26.65,26.25,26.5,151400.0
2003-03-27,27.0,27.0,26.31,26.6,153800.0
2003-03-28,26.11,27.07,25.88,26.55,239900.0
2003-03-31,26.65,26.7,26.31,26.4,274100.0
2003-04-01,26.69,26.96,26.06,26.62,123300.0
2003-04-02,26.55,26.72,26.4,26.58,233100.0
2003-04-03,26.5,26.6,26.44,26.58,166200.0
2003-04-04,26.51,26.65,26.23,26.65,223500.0
2003-04-07,26.9,26.9,26.42,26.52,201500.0
2003-04-08,26.6,26.65,26.41,26.5,228000.0
2003-04-09,26.15,26.39,25.85,26.12,990800.0
2003-04-10,26.19,26.19,25.92,26.03,559500.0
2003-04-11,26.04,26.15,26.0,26.06,247700.0
2003-04-14,26.0,26.38,26.0,26.28,278500.0
2003-04-15,26.29,26.58,26.22,26.57,1400200.0
2003-04-16,26.6,26.9,26.51,26.51,1028400.0
2003-04-17,26.5,26.63,26.43,26.58,271600.0
2003-04-18,26.78,28.67,26.62,28.63,2238000.0
2003-04-21,28.9,29.25,27.53,27.7,2223800.0
2003-04-22,27.88,28.0,26.8,27.1,677900.0
2003-04-23,27.1,27.49,26.44,26.8,1043100.0
2003-04-24,26.6,26.94,26.5,26.72,527300.0
2003-04-25,26.58,26.6,26.2,26.5,278600.0
2003-04-28,26.5,28.05,26.35,27.67,1654100.0
2003-04-29,28.05,28.4,27.4,27.45,1292600.0
2003-04-30,27.49,27.6,26.7,27.03,551900.0
2003-05-05,27.08,27.94,26.71,27.94,493200.0
2003-05-06,27.76,28.45,27.76,28.39,724100.0
2003-05-07,28.69,28.69,28.15,28.25,1159900.0
2003-05-08,28.16,28.25,27.5,28.1,561500.0
2003-05-12,27.9,28.8,27.77,28.8,1210500.0
2003-05-13,29.0,29.1,28.27,28.45,783800.0
2003-05-14,28.41,28.44,28.05,28.16,437200.0
2003-05-15,28.2,28.8,28.01,28.71,677100.0
2003-05-16,28.78,30.0,28.7,30.0,2455200.0
2003-05-19,29.72,30.3,29.52,29.99,910400.0
2003-05-20,29.56,29.69,29.2,29.5,1183200.0
2003-05-21,29.68,29.9,29.19,29.75,742800.0
2003-05-22,29.8,30.61,29.72,30.47,970500.0
2003-05-23,30.51,32.7,30.5,32.62,1768800.0
2003-05-26,32.88,34.98,31.62,34.94,3055400.0
2003-05-27,34.9,35.2,33.51,34.09,1730600.0
2003-05-28,34.1,34.44,33.33,33.72,1077600.0
2003-05-29,33.61,34.0,32.56,33.35,1031400.0
2003-05-30,33.1,33.4,32.72,33.02,676000.0
2003-06-02,32.92,33.9,32.46,33.1,1075800.0
2003-06-03,33.05,33.71,32.8,33.6,543800.0
2003-06-04,33.62,34.28,33.45,34.05,1091700.0
2003-06-05,34.86,34.86,33.51,34.0,266500.0
2003-06-06,34.0,34.0,33.38,34.0,350100.0
2003-06-09,33.98,34.45,33.51,33.97,931500.0
2003-06-10,33.89,33.89,32.6,32.7,1178400.0
2003-06-11,32.98,33.6,32.8,33.3,710700.0
2003-06-16,33.89,38.0,33.89,36.78,2914200.0
2003-06-17,36.99,37.19,35.9,36.2,783700.0
2003-06-18,36.2,36.2,32.12,32.84,2984300.0
2003-06-19,33.33,33.85,30.03,31.34,2829000.0
2003-06-20,31.2,31.9,29.43,30.09,3563900.0
2003-06-21,30.29,30.76,27.61,28.01,7267100.0
2003-06-23,28.1,29.47,28.01,29.0,4635500.0
2003-06-24,29.18,29.22,28.21,28.48,1742300.0
2003-06-25,28.58,29.58,27.9,29.47,2904500.0
2003-06-26,29.51,29.7,27.95,28.2,4203400.0
2003-06-27,28.35,28.6,27.3,28.37,3195200.0
2003-06-30,28.4,29.1,28.2,28.8,1391200.0
2003-07-01,28.6,29.0,27.2,27.41,6030000.0
2003-07-02,27.5,27.75,26.72,27.6,4823700.0
2003-07-03,27.3,28.4,26.9,28.4,5722900.0
2003-07-04,28.26,29.2,28.2,28.98,3999800.0
2003-07-07,28.8,29.27,28.69,29.09,1352900.0
2003-07-08,29.1,29.47,28.5,29.1,2050400.0
2003-07-09,29.0,29.2,28.5,28.79,2089500.0
2003-07-10,28.6,28.6,27.53,28.35,1266700.0
2003-07-11,28.0,28.4,27.66,28.19,843400.0
2003-07-14,27.51,28.25,27.5,28.19,340400.0
2003-07-15,28.5,28.7,28.2,28.4,452800.0
2003-07-16,27.66,28.3,27.66,27.94,895300.0
2003-07-17,27.86,27.86,27.2,27.6,865500.0
2003-07-18,27.77,29.0,27.7,28.4,1679400.0
2003-07-21,28.8,28.8,28.16,28.22,379200.0
2003-07-22,28.24,28.54,28.0,28.37,1031700.0
2003-07-23,26.5,28.5,26.5,28.06,316600.0
2003-07-24,28.03,28.29,27.91,28.09,220000.0
2003-07-25,28.02,28.23,28.0,28.09,326300.0
2003-07-28,28.04,28.14,23.53,27.79,945000.0
2003-07-29,27.9,28.05,27.11,27.8,675900.0
2003-07-30,27.82,28.46,27.8,28.01,591300.0
2003-07-31,28.01,28.45,28.01,28.34,480800.0
2003-08-01,28.19,28.19,27.5,27.8,503200.0
2003-08-04,28.0,28.16,27.86,28.0,188600.0
2003-08-05,28.0,28.34,28.0,28.16,282700.0
2003-08-06,27.99,28.16,27.7,28.16,171300.0
2003-08-07,28.53,28.53,28.0,28.21,253100.0
2003-08-08,28.22,28.37,27.81,28.24,209500.0
2003-08-11,28.15,28.58,28.15,28.5,464700.0
2003-08-12,28.59,29.15,28.4,29.0,2063900.0
2003-08-13,29.15,29.65,29.02,29.39,1743900.0
2003-08-14,29.32,29.5,28.93,29.49,817200.0
2003-08-15,29.49,30.77,29.41,30.12,1410100.0
2003-08-18,30.49,32.33,30.31,32.31,2090700.0
2003-08-19,32.3,32.8,31.9,32.05,1988500.0
2003-08-20,32.27,32.27,30.82,31.77,1773100.0
2003-08-21,31.95,32.85,31.25,32.82,1992300.0
2003-08-22,32.31,33.57,32.0,32.8,1882400.0
2003-08-25,32.71,33.19,32.5,33.12,857500.0
2003-08-26,32.85,33.0,32.21,32.33,548000.0
2003-08-27,32.2,33.2,32.2,33.03,1289500.0
2003-08-28,33.2,34.2,33.0,33.9,1523600.0
2003-08-29,34.22,35.16,34.22,34.81,773500.0
2003-09-01,35.05,35.6,34.26,34.4,907200.0
2003-09-02,34.58,35.13,34.12,34.96,1139700.0
2003-09-03,35.0,35.47,34.16,34.47,539800.0
2003-09-04,34.21,34.21,32.7,33.79,2346100.0
2003-09-05,34.21,34.21,33.1,33.47,636600.0
2003-09-08,33.47,33.52,32.59,32.7,552400.0
2003-09-09,32.98,33.24,31.85,32.19,1372400.0
2003-09-10,32.03,32.4,31.53,32.21,866800.0
2003-09-11,32.07,32.6,31.9,32.2,599000.0
2003-09-12,32.2,32.4,31.92,32.17,304400.0
2003-09-15,32.43,32.93,32.3,32.75,685500.0
2003-09-16,32.75,33.95,32.25,33.8,2677000.0
2003-09-17,33.8,35.1,33.78,34.2,2386300.0
2003-09-18,34.0,34.89,33.8,34.0,1034600.0
2003-09-19,34.0,34.0,32.7,32.8,861700.0
2003-09-22,32.85,33.4,32.03,32.29,697100.0
2003-09-23,32.3,33.69,32.08,32.9,1646400.0
2003-09-24,32.7,33.4,32.7,32.9,783100.0
2003-09-25,33.0,33.7,32.52,32.99,897600.0
2003-09-26,33.1,33.5,32.65,33.12,936300.0
2003-09-29,32.9,34.1,32.61,33.8,2461200.0
2003-09-30,34.1,34.4,33.22,33.39,1161900.0
2003-10-01,33.5,34.17,33.2,33.96,1560600.0
2003-10-02,34.17,35.3,34.0,35.1,3264800.0
2003-10-03,35.65,37.69,35.65,36.2,5273900.0
2003-10-06,36.5,36.79,35.5,36.23,1814100.0
2003-10-07,36.2,37.3,35.8,36.98,3603600.0
2003-10-08,37.0,38.75,36.0,38.7,4067900.0
2003-10-09,38.81,39.4,38.25,38.65,1988100.0
2003-10-10,38.18,38.9,37.5,38.48,1534000.0
2003-10-13,38.34,38.7,38.0,38.48,814200.0
2003-10-14,38.25,39.89,38.25,38.8,1578100.0
2003-10-15,38.37,39.7,38.37,39.05,1487200.0
2003-10-16,38.5,40.0,38.5,39.91,2322500.0
2003-10-17,40.0,40.89,39.6,40.68,1872500.0
2003-10-20,40.6,41.28,39.3,39.4,1649900.0
2003-10-21,39.4,39.69,36.2,36.71,2869100.0
2003-10-22,36.66,36.8,34.5,34.83,1499100.0
2003-10-23,34.25,35.37,34.25,34.95,1013600.0
2003-10-24,35.37,35.89,35.05,35.42,1105000.0
2003-10-27,33.75,33.99,29.21,33.2,2227900.0
2003-10-28,33.59,34.37,33.2,33.6,1325100.0
2003-10-29,33.6,33.99,31.9,32.77,1468000.0
2003-10-30,32.8,32.8,30.0,30.0,1567100.0
2003-10-31,30.08,31.99,30.08,31.4,1240200.0
2003-11-03,31.8,33.39,31.8,33.1,2425400.0
2003-11-04,33.85,33.85,32.15,33.39,1651100.0
2003-11-05,33.2,33.35,32.03,32.21,1410800.0
2003-11-06,32.3,32.37,31.42,32.1,978900.0
2003-11-10,32.12,32.92,32.0,32.1,523000.0
2003-11-11,32.0,32.08,30.1,31.13,508000.0
2003-11-12,31.09,31.15,30.0,30.1,1435700.0
2003-11-13,30.39,30.77,29.55,29.89,1809400.0
2003-11-14,30.0,30.04,29.5,29.71,1105900.0
2003-11-17,29.78,29.89,28.67,28.73,1106800.0
2003-11-18,28.75,28.86,28.07,28.15,933900.0
2003-11-19,28.19,28.19,26.8,27.35,1791500.0
2003-11-20,27.35,28.35,27.35,28.25,793300.0
2003-11-21,28.25,28.7,28.11,28.4,1549600.0
2003-11-24,28.58,29.16,28.35,29.1,1244800.0
2003-11-25,29.05,29.69,29.0,29.69,1798300.0
2003-11-26,30.47,31.48,29.7,31.0,2568700.0
2003-11-27,31.19,31.19,30.65,30.86,1379400.0
2003-11-28,31.04,31.1,29.71,30.15,1809200.0
2003-12-01,30.16,30.49,29.54,30.3,1197900.0
2003-12-02,30.3,30.95,30.12,30.94,1699500.0
2003-12-03,30.94,32.35,30.91,32.09,2742700.0
2003-12-04,31.82,32.0,31.16,31.25,1801800.0
2003-12-05,31.2,31.49,30.8,31.29,955900.0
2003-12-08,31.12,31.4,30.71,31.25,844500.0
2003-12-09,31.29,32.2,31.0,31.9,2566300.0
2003-12-10,31.83,32.3,31.11,31.37,1712100.0
2003-12-11,31.28,31.7,31.02,31.46,559700.0
2003-12-15,31.51,32.03,31.42,31.78,1121000.0
2003-12-16,31.8,31.89,31.05,31.22,814800.0
2003-12-17,31.2,31.24,30.56,31.14,516900.0
2003-12-18,31.12,31.33,30.8,31.27,647100.0
2003-12-19,31.41,31.95,31.4,31.95,1251800.0
2003-12-22,32.1,33.64,32.08,33.23,3847900.0
2003-12-23,33.22,33.65,32.62,32.62,2147100.0
2003-12-24,32.76,33.29,32.5,32.7,937300.0
2003-12-25,32.55,32.8,32.5,32.73,247300.0
2003-12-26,32.98,33.2,32.84,32.98,383200.0
2003-12-29,32.9,33.33,32.68,32.85,451600.0
2003-12-30,32.9,32.98,32.4,32.88,630000.0
2004-01-05,33.22,33.97,33.0,33.9,1603000.0
2004-01-06,34.06,34.4,33.83,34.2,1481100.0
2004-01-08,34.21,34.21,33.4,33.63,1199200.0
2004-01-09,33.66,34.68,33.51,34.67,948600.0
2004-01-12,34.7,34.9,34.06,34.21,2279400.0
2004-01-13,34.2,34.71,34.2,34.5,1750300.0
2004-01-14,34.5,34.8,34.25,34.8,1251100.0
2004-01-15,34.77,34.9,32.85,33.0,2432500.0
2004-01-16,31.9,33.26,31.9,32.8,1742500.0
2004-01-19,32.89,33.05,32.65,32.8,935900.0
2004-01-20,32.9,33.47,32.85,33.2,1431600.0
2004-01-21,33.31,33.9,33.31,33.89,1108200.0
2004-01-22,33.89,34.45,33.21,34.4,2149100.0
2004-01-23,34.44,37.84,34.19,37.62,7365400.0
2004-01-26,38.08,38.72,36.8,37.34,3877500.0
2004-01-27,37.0,37.38,36.2,36.95,1875600.0
2004-01-28,37.0,38.5,35.8,36.72,6396000.0
2004-01-29,36.75,37.8,36.48,37.3,2682000.0
2004-01-30,37.15,37.3,36.31,36.77,2434000.0
2004-02-02,36.31,36.59,35.54,35.54,1909700.0
2004-02-03,35.54,36.78,35.26,36.54,3296400.0
2004-02-04,36.52,37.25,36.34,36.54,1418000.0
2004-02-05,36.47,36.8,35.6,35.8,1504800.0
2004-02-06,35.8,35.8,34.96,35.7,1235500.0
2004-02-09,35.6,36.45,35.6,35.98,2399400.0
2004-02-10,36.19,36.67,35.85,36.14,1037800.0
2004-02-11,36.2,36.72,36.2,36.53,1311200.0
2004-02-12,36.59,37.53,36.59,37.11,3149100.0
2004-02-13,37.12,37.93,36.87,37.56,1509800.0
2004-02-16,37.5,37.64,37.06,37.63,873800.0
2004-02-17,37.65,37.94,37.33,37.356,1681900.0
2004-02-18,37.495,37.73,36.73,36.8,1220100.0
2004-02-19,37.02,37.15,36.3,36.34,1820800.0
2004-02-20,36.37,36.92,36.31,36.67,1259400.0
2004-02-24,36.709,37.218,30.2,36.322,1957300.0
2004-02-25,36.4,36.75,36.12,36.34,2037400.0
2004-02-26,37.311,37.311,36.34,36.72,2560700.0
2004-02-27,36.995,37.2,36.355,36.9,2312700.0
2004-03-01,37.355,37.839,37.0,37.772,4519600.0
2004-03-02,38.0,38.6,37.41,37.45,5362400.0
2004-03-03,37.165,37.165,36.411,36.412,1973200.0
2004-03-04,36.456,36.98,36.2,36.877,1799200.0
2004-03-05,36.905,37.1,36.65,37.03,1039000.0
2004-03-09,37.45,37.97,37.2,37.8,1848900.0
2004-03-10,37.5,37.87,36.611,36.611,1645900.0
2004-03-11,36.5,36.61,35.3,35.995,2216800.0
2004-03-12,35.5,36.2,35.45,35.98,1136900.0
2004-03-15,36.19,36.195,35.5,35.55,1063900.0
2004-03-16,35.501,36.1,35.501,36.03,767000.0
2004-03-17,37.1,37.8,36.051,37.77,5000300.0
2004-03-18,37.97,38.2,37.552,38.1,3431700.0
2004-03-19,38.11,39.19,37.56,39.19,4912300.0
2004-03-22,39.05,39.5,37.95,38.7,2441100.0
2004-03-23,38.8,38.966,37.604,37.7,2759500.0
2004-03-24,37.847,38.147,37.3,37.65,2234400.0
2004-03-25,38.75,38.75,37.45,38.033,2756200.0
2004-03-26,38.71,38.8,38.0,38.45,2128200.0
2004-03-29,38.69,38.9,38.36,38.8,852300.0
2004-03-30,37.9,39.04,37.9,38.685,1782600.0
2004-03-31,40.48,40.48,38.75,39.129,3326700.0
2004-04-01,39.506,40.5,39.411,40.48,5358800.0
2004-04-02,40.55,40.75,40.1,40.56,2006200.0
2004-04-05,40.61,41.0,40.02,40.86,2180500.0
2004-04-06,41.006,41.2,39.513,39.7,2472300.0
2004-04-07,38.665,40.13,38.665,40.088,1220100.0
2004-04-08,40.2,41.8,40.12,41.669,3952600.0
2004-04-09,41.9,42.59,41.51,42.349,2681100.0
2004-04-12,42.375,43.0,42.35,42.695,1723400.0
2004-04-13,42.85,42.9,41.26,41.32,2500600.0
2004-04-14,41.675,41.675,39.55,39.95,2975100.0
2004-04-15,39.176,40.57,38.9,40.49,1622600.0
2004-04-16,40.493,40.85,39.85,40.18,1590600.0
2004-04-19,39.905,40.62,39.77,40.62,1176600.0
2004-04-20,40.7,41.9,40.6,41.8,2386200.0
2004-04-21,41.595,41.68,39.751,40.379,2420200.0
2004-04-22,39.7,40.348,38.0,38.599,2083900.0
2004-04-23,38.623,39.35,38.6,38.75,658500.0
2004-04-26,39.65,39.65,38.761,38.87,987400.0
2004-04-27,38.911,40.199,38.8,40.0,1021800.0
2004-04-28,40.0,40.1,38.9,39.3,1196400.0
2004-04-29,38.55,38.55,36.7,37.4,1370800.0
2004-04-30,37.795,37.795,36.7,37.122,436700.0
2004-05-05,37.997,39.1,37.997,38.25,327300.0
2004-05-06,38.3,39.0,37.9,38.3,837900.0
2004-05-07,38.297,38.297,36.701,37.131,677100.0
2004-05-11,34.896,34.945,33.265,34.72,1067500.0
2004-05-12,34.95,36.0,34.7,35.0,963200.0
2004-05-13,35.049,35.978,34.5,34.889,1926600.0
2004-05-14,34.988,35.29,33.55,34.38,1152800.0
2004-05-17,34.12,35.5,34.05,35.13,1803200.0
2004-05-18,35.455,35.7,34.81,35.3,1288600.0
2004-05-19,35.6,36.88,35.05,36.75,2596500.0
2004-05-20,36.889,37.01,36.5,36.84,816700.0
2004-05-21,36.8,37.75,36.5,37.75,1115300.0
2004-05-24,37.75,37.948,37.201,37.9,726700.0
2004-05-25,38.256,38.45,37.5,37.88,1553300.0
2004-05-26,38.0,38.35,37.251,38.2,902400.0
2004-05-27,38.15,38.989,37.91,38.101,893000.0
2004-05-28,38.38,38.38,37.0,37.001,686800.0
2004-05-31,37.0,37.4,36.63,37.25,465100.0
2004-06-01,36.612,37.598,35.002,36.4,1174900.0
2004-06-02,37.01,38.7,36.75,38.5,1166300.0
2004-06-03,38.475,38.49,35.0,37.701,1213800.0
2004-06-04,37.71,37.85,36.751,37.345,791200.0
2004-06-07,36.076,37.67,36.076,37.59,595400.0
2004-06-08,36.0,38.379,36.0,38.1,709200.0
2004-06-09,36.558,38.6,36.558,37.68,432800.0
2004-06-10,36.005,37.499,36.005,36.68,657900.0
2004-06-11,37.35,37.35,36.001,36.55,369500.0
2004-06-15,36.499,36.499,34.4,34.8,762000.0
2004-06-16,33.344,35.35,33.3,34.7,1199600.0
2004-06-17,33.001,36.74,33.001,36.63,1406500.0
2004-06-18,37.5,37.696,37.0,37.65,1530400.0
2004-06-21,37.601,38.29,37.601,37.999,374800.0
2004-06-22,38.45,38.45,37.3,37.35,383000.0
2004-06-23,39.25,39.25,36.51,37.27,1518200.0
2004-06-24,36.346,37.79,36.346,37.58,469500.0
2004-06-25,39.512,39.512,37.35,37.36,1279600.0
2004-06-28,38.75,38.75,36.5,37.1,363900.0
2004-06-29,38.825,38.825,36.501,36.83,407700.0
2004-06-30,38.843,38.98,36.88,38.6,2551900.0
2004-07-01,38.595,39.1,36.1,36.1,1199900.0
2004-07-02,35.9,35.9,34.0,34.4,2514200.0
2004-07-05,34.375,34.4,33.05,34.08,1486700.0
2004-07-06,34.049,34.748,33.7,34.0,1176700.0
2004-07-07,34.5,34.5,33.5,34.28,956500.0
2004-07-08,34.51,34.68,34.21,34.35,554500.0
2004-07-09,34.501,34.65,34.11,34.26,478600.0
2004-07-12,34.5,34.989,34.21,34.8,228500.0
2004-07-13,34.71,35.768,34.71,35.7,831600.0
2004-07-14,36.925,36.925,35.42,35.8,820000.0
2004-07-15,35.799,35.99,35.5,35.601,373700.0
2004-07-16,35.351,35.601,35.35,35.55,338400.0
2004-07-19,35.5,35.75,35.22,35.31,1350500.0
2004-07-20,35.39,35.68,34.01,34.59,838000.0
2004-07-21,34.27,34.5,33.1,33.36,1135700.0
2004-07-22,33.36,33.91,32.3,32.57,1024700.0
2004-07-23,32.46,32.6,32.02,32.28,1031900.0
2004-07-26,32.115,32.449,30.7,31.35,1114000.0
2004-07-27,31.3,32.0,30.25,32.0,581900.0
2004-07-28,29.95,31.995,29.95,31.149,1011500.0
2004-07-29,31.63,32.5,30.112,31.2,499000.0
2004-07-30,31.49,31.9,31.255,31.9,285800.0
2004-08-02,31.949,32.59,31.7,32.275,1078100.0
2004-08-03,32.999,34.1,32.45,34.0,2035300.0
2004-08-04,33.899,34.598,33.35,34.5,1268300.0
2004-08-05,34.74,34.95,34.0,34.16,1577300.0
2004-08-06,33.76,35.35,33.701,35.0,1996600.0
2004-08-09,35.0,35.3,34.51,34.612,385000.0
2004-08-10,34.39,34.39,33.53,33.799,583100.0
2004-08-11,33.85,34.148,33.5,33.5,381100.0
2004-08-12,33.444,33.989,33.21,33.701,554900.0
2004-08-13,33.988,34.6,33.652,34.4,1010900.0
2004-08-16,34.6,35.3,34.32,35.3,489000.0
2004-08-17,35.2,36.4,35.2,36.04,1299200.0
2004-08-18,36.025,36.65,35.71,36.599,2681800.0
2004-08-19,36.49,37.4,36.385,37.201,1179100.0
2004-08-20,37.21,38.42,37.0,38.19,1197700.0
2004-08-23,38.08,38.08,37.15,37.71,392900.0
2004-08-24,37.499,37.57,37.042,37.33,514900.0
2004-08-25,37.113,38.12,37.01,38.0,873000.0
2004-08-26,38.199,38.74,37.8,38.5,1190200.0
2004-08-27,38.495,39.15,38.22,39.0,897100.0
2004-08-30,39.001,39.2,38.55,38.85,945800.0
2004-08-31,38.522,39.2,37.0,38.9,1004900.0
2004-09-01,38.624,38.85,38.02,38.82,1091600.0
2004-09-02,38.807,39.879,38.51,39.8,898700.0
2004-09-03,39.89,41.1,39.6,40.9,1853300.0
2004-09-06,41.0,41.35,40.617,41.2,630100.0
2004-09-07,41.19,41.42,40.7,40.901,1170900.0
2004-09-08,41.371,42.3,41.0,41.61,1722200.0
2004-09-09,41.9,42.75,41.55,42.22,1841800.0
2004-09-10,42.199,43.25,42.12,43.0,2246900.0
2004-09-13,43.05,43.899,42.61,42.67,1470900.0
2004-09-14,42.51,43.296,41.82,43.05,1636500.0
2004-09-15,43.011,44.2,42.95,43.98,2361700.0
2004-09-16,43.802,44.15,43.25,43.589,1024400.0
2004-09-17,43.16,43.54,42.751,43.5,1558700.0
2004-09-20,43.595,44.75,43.21,44.4,1703900.0
2004-09-21,44.726,47.1,44.726,46.85,2824400.0
2004-09-22,46.03,46.75,43.513,44.05,2981800.0
2004-09-23,44.0,44.7,43.606,44.51,877500.0
2004-09-24,44.56,44.8,44.111,44.51,639500.0
2004-09-27,44.75,45.185,44.33,44.6,868900.0
2004-09-28,44.472,45.44,44.4,45.369,696200.0
2004-09-29,46.405,46.405,45.412,46.379,958700.0
2004-09-30,46.5,46.65,45.9,46.15,624600.0
2004-10-01,46.22,48.15,45.8,48.14,1530000.0
2004-10-04,48.205,50.8,48.0,49.86,1612000.0
2004-10-05,49.9,53.7,49.85,52.6,3192400.0
2004-10-06,52.555,54.984,52.499,54.228,2873000.0
2004-10-07,56.75,56.75,53.7,54.2,1552900.0
2004-10-08,53.71,54.454,53.6,54.09,1502400.0
2004-10-11,53.799,53.984,53.31,53.5,1127600.0
2004-10-12,53.199,53.199,50.25,50.3,1400200.0
2004-10-13,50.35,51.45,49.1,49.3,2482000.0
2004-10-14,48.994,49.24,48.05,48.75,1555900.0
2004-10-15,48.585,50.499,47.72,49.5,989200.0
2004-10-18,49.819,50.326,49.45,49.84,525000.0
2004-10-19,49.999,50.66,49.651,50.53,1993600.0
2004-10-20,50.11,50.45,47.75,48.3,1236400.0
2004-10-21,48.3,48.85,47.35,48.55,647700.0
2004-10-22,49.0,52.35,48.65,52.28,1499400.0
2004-10-25,51.975,52.49,51.351,51.43,1587400.0
2004-10-26,51.4,51.4,49.8,51.12,1501700.0
2004-10-27,51.124,51.54,51.0,51.179,1657700.0
2004-10-28,50.985,51.2,49.0,49.1,1539500.0
2004-10-29,49.37,49.85,48.851,49.4,388500.0
2004-11-01,50.0,50.45,49.05,49.26,282600.0
2004-11-02,49.01,49.25,47.01,48.9,649700.0
2004-11-03,49.22,49.99,48.59,49.3,695900.0
2004-11-04,49.995,50.1,48.61,49.998,1399400.0
2004-11-05,50.07,50.52,49.31,49.8,664000.0
2004-11-09,50.3,51.5,50.3,50.9,789400.0
2004-11-10,50.9,50.9,49.0,49.509,1358400.0
2004-11-11,47.23,49.929,47.23,48.3,1188000.0
2004-11-12,48.0,48.3,47.605,48.21,579400.0
2004-11-15,48.246,48.74,47.63,48.25,449200.0
2004-11-16,48.2,48.37,47.6,48.24,522600.0
2004-11-17,47.92,48.696,47.85,48.2,2985500.0
2004-11-18,47.955,48.999,47.85,48.66,1618300.0
2004-11-19,48.65,49.38,46.954,47.15,1503600.0
2004-11-22,47.05,47.47,46.25,46.39,615100.0
2004-11-23,46.39,46.68,45.466,46.0,761500.0
2004-11-24,46.0,46.35,45.05,45.252,838000.0
2004-11-25,45.0,45.04,41.5,42.85,2310100.0
2004-11-26,42.925,43.489,42.1,43.05,934400.0
2004-11-29,43.06,43.659,42.25,42.63,219100.0
2004-11-30,44.376,44.376,42.0,42.699,418200.0
2004-12-01,42.205,42.6,40.71,41.011,491600.0
2004-12-02,40.9,42.037,39.3,41.71,755000.0
2004-12-03,41.395,41.55,40.4,40.8,361600.0
2004-12-06,40.0,41.78,39.71,41.5,551900.0
2004-12-07,41.501,44.4,41.5,44.05,1335400.0
2004-12-08,44.048,44.19,39.11,40.8,2497300.0
2004-12-09,41.055,42.49,38.26,38.7,990100.0
2004-12-10,38.1,39.6,38.0,38.95,546600.0
2004-12-14,38.92,40.24,38.92,39.89,457100.0
2004-12-15,39.91,40.5,39.03,39.09,674200.0
2004-12-16,39.095,39.3,38.55,39.0,455600.0
2004-12-17,38.906,38.906,36.58,37.975,516900.0
2004-12-20,38.0,38.05,37.32,37.9,875300.0
2004-12-21,38.025,39.794,38.025,39.35,1411200.0
2004-12-22,39.5,39.7,38.251,39.32,1016700.0
2004-12-23,39.2,40.8,38.33,40.1,827200.0
2004-12-24,40.644,40.644,39.81,40.101,374600.0
2004-12-27,40.11,40.45,39.9,40.399,254400.0
2004-12-28,40.111,40.375,39.852,40.1,701600.0
2004-12-29,40.25,40.25,39.8,40.1,422700.0
2004-12-30,40.11,41.28,40.01,41.0,589800.0
2005-01-11,39.75,39.9,38.977,39.15,1140000.0
2005-01-12,39.08,39.2,38.7,38.9,648500.0
2005-01-13,38.7,38.95,38.449,38.6,1219100.0
2005-01-14,38.65,39.48,38.65,39.3,682700.0
2005-01-17,41.158,41.473,39.603,40.6,2741400.0
2005-01-18,40.665,41.25,40.1,40.76,1366000.0
2005-01-19,40.801,41.8,40.5,41.63,1124300.0
2005-01-20,41.89,41.89,41.0,41.647,1343700.0
2005-01-21,41.302,41.749,41.0,41.349,505000.0
2005-01-24,41.599,42.144,41.58,42.05,486700.0
2005-01-25,42.55,42.55,41.85,42.38,1112400.0
2005-01-26,42.45,42.56,41.75,42.12,490600.0
2005-01-27,42.098,42.79,41.8,42.533,651600.0
2005-01-28,42.42,44.815,42.15,44.751,1423800.0
2005-01-31,44.65,45.44,44.011,44.55,1550400.0
2005-02-01,44.575,44.75,44.011,44.65,632800.0
2005-02-02,44.65,45.349,44.65,45.3,850700.0
2005-02-03,45.5,46.4,45.5,46.11,1421000.0
2005-02-04,45.9,46.15,45.372,46.003,978700.0
2005-02-07,45.65,46.38,45.551,45.885,772900.0
2005-02-08,45.885,46.8,44.731,46.7,1026400.0
2005-02-09,46.81,46.91,44.969,45.57,1438600.0
2005-02-10,45.55,45.739,44.4,45.2,939400.0
2005-02-11,45.455,45.455,43.8,44.404,857500.0
2005-02-14,44.301,44.637,43.23,43.65,1056600.0
2005-02-15,43.63,44.44,43.46,44.3,563800.0
2005-02-16,44.45,48.3,38.322,44.6,1915900.0
2005-02-17,44.997,45.6,44.8,45.15,703300.0
2005-02-18,45.0,45.6,44.811,45.5,1052200.0
2005-02-21,45.65,45.97,45.25,45.888,1002200.0
2005-02-22,45.888,46.4,45.625,45.8,1379500.0
2005-02-24,46.06,48.46,45.7,48.3,3436800.0
2005-02-25,48.72,49.28,47.6,49.21,1815800.0
2005-02-28,49.27,50.185,48.75,50.18,1809100.0
2005-03-01,49.78,49.798,48.5,48.6,1650900.0
2005-03-02,48.5,50.72,48.12,48.15,7975100.0
2005-03-03,48.87,49.95,48.2,48.818,2567300.0
2005-03-04,49.75,50.43,49.222,50.0,1289400.0
2005-03-05,50.45,50.899,49.7,50.69,745000.0
2005-03-09,50.1,50.9,49.63,50.0,1602000.0
2005-03-10,50.0,50.2,48.37,48.5,1362100.0
2005-03-11,47.76,48.7,47.511,48.41,1453000.0
2005-03-14,48.49,49.22,47.9,48.29,1050900.0
2005-03-15,48.199,48.9,47.5,47.67,1470900.0
2005-03-16,47.77,47.95,46.01,46.05,1423500.0
2005-03-17,45.701,46.688,44.86,46.109,1503500.0
2005-03-18,46.1,47.4,45.2,45.41,1556100.0
2005-03-21,45.59,45.844,44.303,44.4,1042700.0
2005-03-22,44.399,45.49,44.156,45.48,1103000.0
2005-03-23,44.987,44.987,44.005,44.599,1049600.0
2005-03-24,44.339,46.298,44.11,46.1,1838900.0
2005-03-25,46.22,46.855,46.0,46.45,729700.0
2005-03-28,46.55,46.749,46.325,46.57,568500.0
2005-03-29,46.46,46.478,44.899,45.752,1248300.0
2005-03-30,45.444,45.444,43.95,44.59,1439100.0
2005-03-31,44.68,45.17,44.45,44.84,637400.0
2005-04-01,45.0,46.775,44.81,46.501,1274300.0
2005-04-04,47.211,48.61,47.15,47.599,3251300.0
2005-04-05,47.575,48.4,47.31,48.28,1800600.0
2005-04-06,48.28,49.1,48.07,48.95,1560800.0
2005-04-07,50.364,50.364,48.817,49.398,2571600.0
2005-04-08,49.21,49.8,49.19,49.3,841900.0
2005-04-11,49.337,49.337,46.855,47.5,1670800.0
2005-04-12,47.5,47.65,46.55,47.299,1084700.0
2005-04-13,47.299,47.7,46.7,46.7,1293600.0
2005-04-14,47.345,47.35,45.73,46.86,1435600.0
2005-04-15,46.75,47.15,46.2,46.7,558200.0
2005-04-18,45.615,46.269,45.4,45.78,590900.0
2005-04-19,46.3,47.0,46.205,46.9,867900.0
2005-04-20,47.03,48.28,46.8,47.61,1845000.0
2005-04-21,47.694,48.37,47.5,48.3,630200.0
2005-04-22,48.45,48.877,48.11,48.55,829500.0
2005-04-25,48.55,49.42,48.1,48.5,811700.0
2005-04-26,48.52,48.744,47.0,47.26,549600.0
2005-04-27,47.531,47.7,46.25,46.25,740200.0
2005-04-28,46.26,47.494,46.26,46.51,695700.0
2005-04-29,46.65,46.979,46.051,46.55,436500.0
2005-05-03,46.8,47.0,45.75,46.084,427900.0
2005-05-04,46.105,46.57,46.105,46.327,214200.0
2005-05-05,46.487,47.775,46.487,46.771,816700.0
2005-05-06,46.818,47.0,46.42,46.64,308300.0
2005-05-11,46.844,46.844,45.9,45.94,562400.0
2005-05-12,45.76,45.85,44.0,44.6,1100300.0
2005-05-13,44.0,44.6,43.01,44.5,621600.0
2005-05-14,44.501,44.979,44.4,44.7,354300.0
2005-05-16,44.75,44.75,43.6,44.05,865500.0
2005-05-17,44.406,46.895,44.19,46.7,1453900.0
2005-05-18,46.7,46.7,46.1,46.42,552400.0
2005-05-19,46.622,46.686,46.153,46.3,348500.0
2005-05-20,46.1,46.398,45.1,46.3,673900.0
2005-05-23,46.37,46.433,45.1,45.39,728600.0
2005-05-24,45.55,47.2,45.21,46.68,1819100.0
2005-05-25,46.68,46.948,46.0,46.2,693300.0
2005-05-26,46.151,47.05,46.151,46.75,1170400.0
2005-05-27,47.5,47.5,46.601,47.0,1426900.0
2005-05-30,47.01,47.14,46.52,46.96,610200.0
2005-05-31,46.406,48.25,46.406,48.25,1005700.0
2005-06-01,48.409,48.6,47.85,48.2,1588900.0
2005-06-02,48.596,49.3,48.596,49.1,1541800.0
2005-06-03,49.32,49.825,49.15,49.798,1032700.0
2005-06-06,49.717,50.39,48.86,50.38,3518300.0
2005-06-07,50.416,51.39,50.0,51.2,4159600.0
2005-06-08,51.213,52.75,51.11,52.695,3560900.0
2005-06-09,51.662,52.4,51.301,51.6,919400.0
2005-06-10,51.7,52.49,51.19,51.4,1771200.0
2005-06-14,52.32,52.32,51.675,51.79,1082800.0
2005-06-15,52.0,52.07,51.15,51.543,1081500.0
2005-06-16,51.906,52.46,51.51,51.62,1428200.0
2005-06-17,52.095,52.14,51.336,52.1,963700.0
2005-06-20,52.25,52.39,51.821,52.0,1031200.0
2005-06-21,51.8,51.9,50.814,51.277,1095800.0
2005-06-22,51.229,51.889,50.851,51.6,1170400.0
2005-06-23,51.846,51.846,51.3,51.45,504800.0
2005-06-24,51.3,51.588,51.06,51.44,579700.0
2005-06-27,51.44,51.5,50.902,51.2,902700.0
2005-06-28,51.425,51.699,50.103,51.579,1827700.0
2005-06-29,51.601,52.0,51.28,51.898,1357200.0
2005-06-30,52.0,53.15,51.801,52.912,2730800.0
2005-07-01,52.912,54.2,52.503,53.99,1302500.0
2005-07-04,54.2,56.05,54.11,55.6,2407200.0
2005-07-05,55.95,56.0,54.62,55.397,1065800.0
2005-07-06,53.814,57.199,53.814,56.8,1863000.0
2005-07-07,57.01,59.35,56.0,57.984,3546800.0
2005-07-08,58.2,58.75,56.952,57.512,1577100.0
2005-07-11,55.868,57.6,55.868,56.878,955100.0
2005-07-12,56.05,56.99,56.01,56.35,1024100.0
2005-07-13,56.75,57.49,56.5,57.24,1610500.0
2005-07-14,57.17,57.5,56.7,56.875,850400.0
2005-07-15,56.875,56.875,55.012,56.0,1046400.0
2005-07-18,55.94,56.8,55.86,56.28,420200.0
2005-07-19,56.135,56.7,55.511,56.6,1084000.0
2005-07-20,56.647,57.83,56.647,57.31,1823900.0
2005-07-21,57.35,57.82,56.5,56.553,1776400.0
2005-07-22,56.7,57.75,56.358,57.301,351700.0
2005-07-25,57.301,59.24,57.301,58.8,2176100.0
2005-07-26,58.83,59.0,57.5,58.5,997300.0
2005-07-27,58.6,58.85,57.74,58.4,1352100.0
2005-07-28,58.45,59.3,58.41,59.19,864200.0
2005-07-29,59.225,59.85,58.61,59.09,1001200.0
2005-08-01,58.975,58.975,57.85,58.553,867400.0
2005-08-02,59.08,59.5,58.72,59.19,1227100.0
2005-08-03,59.598,59.9,58.02,58.89,2262800.0
2005-08-04,58.75,59.7,58.15,59.201,1125900.0
2005-08-05,59.85,60.0,58.83,59.165,2054800.0
2005-08-08,59.2,59.69,59.012,59.401,887700.0
2005-08-09,59.75,60.39,59.15,60.201,2303900.0
2005-08-10,60.52,60.89,59.711,60.5,1404300.0
2005-08-11,60.95,61.485,59.6,59.899,1337900.0
2005-08-12,59.9,60.399,59.03,59.8,839400.0
2005-08-15,59.688,60.9,59.688,60.7,573200.0
2005-08-16,60.9,67.487,60.707,67.275,2380400.0
2005-08-17,67.278,68.4,66.1,67.12,1930700.0
2005-08-18,66.315,67.498,64.8,65.91,1032800.0
2005-08-19,65.48,65.9,65.1,65.8,895900.0
2005-08-22,65.85,66.98,65.3,66.4,1199300.0
2005-08-23,66.85,66.85,65.5,65.7,353700.0
2005-08-24,65.505,65.94,64.05,65.5,1922500.0
2005-08-25,65.75,67.5,65.0,67.0,1996000.0
2005-08-26,66.572,67.35,66.4,67.2,1061000.0
2005-08-29,67.32,68.73,66.651,68.66,1106400.0
2005-08-30,70.537,71.989,68.7,71.004,2196300.0
2005-08-31,71.003,71.5,69.3,70.75,1657100.0
2005-09-01,70.738,71.4,70.25,70.899,780600.0
2005-09-02,72.0,73.7,71.1,72.7,1684900.0
2005-09-05,73.5,74.677,72.5,72.71,1600900.0
2005-09-06,72.53,72.53,68.733,69.1,1658000.0
2005-09-07,68.405,69.7,66.3,68.0,2010300.0
2005-09-08,68.05,72.3,67.71,70.85,5124800.0
2005-09-09,70.95,73.938,70.95,73.938,1157600.0
2005-09-12,73.995,73.995,72.2,72.2,1207200.0
2005-09-13,72.125,73.56,70.122,71.499,1274900.0
2005-09-14,71.5,71.9,70.23,71.75,620200.0
2005-09-15,71.75,73.469,71.75,73.21,976500.0
2005-09-16,73.0,75.0,72.3,74.67,1682800.0
2005-09-19,74.335,78.0,73.502,77.77,1596500.0
2005-09-20,78.8,82.0,77.0,78.689,2173500.0
2005-09-21,78.64,81.374,77.01,81.103,1707200.0
2005-09-22,81.1,83.5,79.35,83.389,1457800.0
2005-09-23,83.008,88.0,82.0,82.651,940400.0
2005-09-26,81.6,81.65,79.501,79.9,966700.0
2005-09-27,81.1,83.87,81.1,83.8,958400.0
2005-09-28,83.87,87.01,83.1,86.61,1875300.0
2005-09-29,86.845,87.28,85.0,85.5,796600.0
2005-09-30,85.122,92.44,85.113,91.008,2894700.0
2005-10-03,91.0,106.0,91.0,102.91,3283300.0
2005-10-04,103.61,117.9,99.001,102.6,4964700.0
2005-10-05,98.338,102.5,92.5,93.7,1970000.0
2005-10-06,91.065,91.065,83.5,85.24,2940700.0
2005-10-07,85.35,87.25,81.001,84.956,2372600.0
2005-10-10,85.71,88.999,85.71,86.9,1584100.0
2005-10-11,86.998,89.999,86.0,89.9,1613400.0
2005-10-12,91.0,95.0,84.0,85.0,2885300.0
2005-10-13,84.222,84.399,81.01,83.102,1440000.0
2005-10-14,82.777,82.777,76.4,76.8,2478800.0
2005-10-17,77.25,79.5,77.01,79.299,1778600.0
2005-10-18,80.39,81.9,79.3,80.001,1664800.0
2005-10-19,78.0,78.5,76.0,76.2,983800.0
2005-10-20,78.195,80.6,77.1,78.55,2184300.0
2005-10-21,76.995,82.998,76.555,82.5,2874400.0
2005-10-24,82.999,90.95,82.6,88.75,3329300.0
2005-10-25,89.999,92.22,86.33,87.4,2432400.0
2005-10-26,88.8,89.14,86.51,88.5,1014300.0
2005-10-27,88.17,88.48,85.251,86.05,1340200.0
2005-10-28,85.801,88.3,84.1,87.389,1196100.0
2005-10-31,87.328,91.95,87.328,91.7,1870900.0
2005-11-01,91.955,92.62,89.2,89.869,1654500.0
2005-11-02,89.89,94.5,89.68,94.45,4078200.0
2005-11-03,95.225,100.5,95.1,97.162,4119400.0
2005-11-07,95.975,95.975,93.0,94.0,2697200.0
2005-11-08,91.995,93.99,90.362,93.0,2282000.0
2005-11-09,93.04,96.39,92.42,92.74,2269200.0
2005-11-10,93.895,94.755,89.2,90.001,2578000.0
2005-11-11,89.792,91.779,88.762,91.5,1140700.0
2005-11-14,91.5,93.89,90.765,93.0,1772400.0
2005-11-15,92.6,93.49,90.5,91.45,983000.0
2005-11-16,91.1,91.99,90.0,91.949,1012600.0
2005-11-17,92.497,98.17,92.497,97.929,4523800.0
2005-11-18,96.75,98.8,95.6,96.681,1947800.0
2005-11-21,97.86,99.499,95.55,96.29,1600300.0
2005-11-22,97.35,97.998,94.161,94.65,1967800.0
2005-11-23,95.27,96.49,94.014,95.13,1983400.0
2005-11-24,95.131,96.675,95.0,96.099,867000.0
2005-11-25,96.1,98.19,95.24,97.6,2000900.0
2005-11-28,98.18,98.95,97.1,97.151,1152900.0
2005-11-29,96.49,97.45,95.0,97.33,1170300.0
2005-11-30,96.6,97.47,95.85,97.4,767600.0
2005-12-01,98.0,99.5,98.0,99.46,1740600.0
2005-12-02,99.75,101.0,97.6,99.3,1223400.0
2005-12-05,99.7,101.5,99.55,100.12,1237900.0
2005-12-06,101.11,101.39,98.35,100.4,818100.0
2005-12-07,100.6,101.4,100.101,100.8,1026900.0
2005-12-08,99.8,99.8,98.01,99.005,667500.0
2005-12-09,100.793,101.25,100.05,100.65,637200.0
2005-12-12,100.377,101.72,99.802,100.699,986500.0
2005-12-13,100.98,101.0,99.62,99.76,798200.0
2005-12-14,99.999,100.9,99.2,99.6,736500.0
2005-12-15,99.3,101.125,99.3,100.4,1253600.0
2005-12-16,100.5,100.55,99.6,100.0,408300.0
2005-12-19,99.49,99.979,97.712,98.311,785700.0
2005-12-20,97.851,97.89,96.174,96.809,1700600.0
2005-12-21,97.5,98.198,96.555,97.414,682100.0
2005-12-22,98.01,98.25,97.202,97.521,830400.0
2005-12-23,97.7,98.0,95.761,96.157,1038400.0
2005-12-26,96.157,96.499,95.2,95.485,350500.0
2005-12-27,94.602,95.7,94.602,95.001,366400.0
2005-12-28,95.0,95.0,93.001,93.9,799600.0
2005-12-29,94.3,94.79,93.134,94.25,542000.0
2005-12-30,93.999,97.4,93.989,95.3,239800.0
2006-01-10,103.899,104.97,101.0,102.999,1247100.0
2006-01-11,102.99,103.3,102.2,102.5,1085800.0
2006-01-12,103.5,107.1,103.2,105.4,2350400.0
2006-01-13,105.88,105.9,103.11,104.61,1132700.0
2006-01-16,105.8,109.2,104.66,107.799,1512900.0
2006-01-17,108.47,111.0,103.011,105.53,2398000.0
2006-01-18,105.43,106.297,100.2,104.5,1658800.0
2006-01-19,103.1,107.85,102.211,107.8,841200.0
2006-01-20,109.5,112.995,109.0,112.994,2127200.0
2006-01-23,112.99,116.0,110.25,113.25,1686500.0
2006-01-24,114.5,115.0,112.45,114.999,1122900.0
2006-01-25,115.0,116.9,113.5,116.5,922800.0
2006-01-26,115.27,117.0,114.8,115.5,641100.0
2006-01-27,118.04,124.999,118.04,123.999,2024200.0
2006-01-30,127.8,129.5,121.002,122.79,2152500.0
2006-01-31,123.82,127.899,119.4,121.5,1553400.0
2006-02-01,121.15,124.0,118.8,123.99,912600.0
2006-02-02,124.01,129.5,123.85,128.65,1711200.0
2006-02-03,127.01,128.494,124.5,125.25,1052600.0
2006-02-06,125.94,136.0,125.94,134.99,1594500.0
2006-02-07,134.78,135.95,132.511,133.53,1824300.0
2006-02-08,131.5,132.949,129.1,132.498,1047300.0
2006-02-09,131.55,138.2,131.511,138.2,1296600.0
2006-02-10,136.32,136.9,132.8,132.8,1209400.0
2006-02-13,131.11,131.85,127.005,128.0,1168000.0
2006-02-14,127.5,128.78,125.05,125.5,1119400.0
2006-02-15,127.7,132.89,125.5,132.39,1880400.0
2006-02-16,131.01,132.87,130.101,131.0,582300.0
2006-02-17,132.0,135.8,131.2,135.8,1324600.0
2006-02-20,137.7,150.95,136.5,149.819,4978800.0
2006-02-21,150.54,150.9,141.65,143.39,2212500.0
2006-02-22,143.48,149.45,142.001,147.98,1409100.0
2006-02-26,150.5,158.0,150.5,156.6,1723400.0
2006-02-27,157.47,161.55,152.11,159.0,1978500.0
2006-02-28,159.2,180.0,154.501,159.0,3766100.0
2006-03-01,159.501,173.872,157.0,172.0,3967200.0
2006-03-02,175.0,180.98,171.0,175.771,4356300.0
2006-03-03,173.99,176.51,165.5,168.201,2716100.0
2006-03-06,169.2,171.87,166.0,166.98,1043600.0
2006-03-07,164.2,165.9,149.002,152.5,2821200.0
2006-03-09,143.918,153.6,140.111,152.799,2307900.0
2006-03-10,149.51,156.75,145.159,147.56,2829300.0
2006-03-13,149.5,155.0,149.5,154.0,2104800.0
2006-03-14,154.99,159.8,147.0,149.0,1455100.0
2006-03-15,150.6,151.348,146.1,148.3,897600.0
2006-03-16,145.503,148.49,143.121,147.985,1272300.0
2006-03-17,148.45,154.4,147.2,154.333,2388600.0
2006-03-20,153.5,156.7,148.5,150.6,1645800.0
2006-03-21,145.95,151.449,144.25,145.8,1544300.0
2006-03-22,145.9,149.0,143.6,148.55,1660800.0
2006-03-23,149.55,153.0,147.771,151.2,1554800.0
2006-03-24,152.02,154.88,144.2,148.01,3539700.0
2006-03-27,148.5,150.349,146.499,147.6,865900.0
2006-03-28,147.0,147.85,144.9,146.74,549100.0
2006-03-29,147.0,147.0,141.02,142.3,1040300.0
2006-03-30,144.2,147.0,144.2,147.0,1053700.0
2006-03-31,147.5,148.75,145.8,147.99,1640600.0
2006-04-03,147.5,150.7,143.64,150.3,2710000.0
2006-04-04,150.899,151.8,147.112,148.32,1362800.0
2006-04-05,149.8,149.8,147.8,149.0,905200.0
2006-04-06,149.74,153.0,149.0,151.59,1661400.0
2006-04-07,151.241,154.0,149.307,152.205,1639300.0
2006-04-10,151.2,154.5,149.8,153.079,1720200.0
2006-04-11,155.0,162.0,153.1,153.999,3948000.0
2006-04-12,154.43,155.5,147.3,154.0,2547700.0
2006-04-13,154.3,155.5,151.383,152.11,1635400.0
2006-04-14,153.48,154.0,152.001,153.62,431400.0
2006-04-17,154.1,158.9,153.5,158.5,2042300.0
2006-04-18,160.88,163.3,160.111,162.5,2723700.0
2006-04-19,164.55,166.679,162.3,165.2,2591086.0
2006-04-20,166.99,169.35,163.5,164.699,3417591.0
2006-04-21,164.0,165.0,159.3,164.8,1339981.0
2006-04-24,166.2,168.2,165.6,167.0,1536904.0
2006-04-25,164.51,166.6,164.0,164.06,1009160.0
2006-04-26,164.24,165.7,163.02,163.78,691730.0
2006-04-27,166.0,167.22,153.02,156.6,1979565.0
2006-04-28,156.01,159.6,153.0,158.7,702257.0
2006-05-02,161.01,164.94,161.01,163.0,1809575.0
2006-05-03,164.5,165.9,160.8,161.5,1108088.0
2006-05-04,159.9,163.4,158.5,162.91,996736.0
2006-05-05,162.31,163.61,161.04,161.55,431045.0
2006-05-06,163.0,163.92,161.38,162.8,285400.0
2006-05-10,163.68,167.8,160.1,161.5,1133340.0
2006-05-11,162.99,163.89,153.55,160.4,929924.0
2006-05-12,159.0,161.0,156.2,156.2,838377.0
2006-05-15,154.25,154.25,143.0,145.74,598946.0
2006-05-16,142.11,145.49,132.3,138.9,2601877.0
2006-05-17,138.0,142.79,128.93,129.97,1445865.0
2006-05-18,126.2,126.95,119.51,124.99,1591501.0
2006-05-19,124.99,130.3,118.6,122.5,1294633.0
2006-05-22,123.5,124.88,109.0,112.0,1371581.0
2006-05-23,108.5,124.88,107.63,122.8,2585731.0
2006-05-24,122.01,122.98,113.99,116.5,1546248.0
2006-05-25,115.8,122.8,112.0,120.96,1787279.0
2006-05-26,123.78,127.8,121.1,123.92,2565305.0
2006-05-29,126.83,127.5,120.5,120.75,1676026.0
2006-05-30,121.98,123.0,118.22,121.7,923448.0
2006-05-31,118.8,123.8,115.21,116.99,1436390.0
2006-06-01,118.0,120.95,116.97,119.16,730160.0
2006-06-02,120.3,130.2,120.06,130.2,1741711.0
2006-06-05,132.99,137.88,128.51,133.52,2028932.0
2006-06-06,130.01,130.01,122.01,123.0,1243179.0
2006-06-07,121.12,124.0,117.11,120.1,1178372.0
2006-06-08,116.89,116.95,107.22,107.5,2580662.0
2006-06-09,110.0,113.5,107.59,111.5,1051181.0
2006-06-13,104.21,105.9,96.5,97.84,1241632.0
2006-06-14,96.2,103.45,94.15,101.5,1952385.0
2006-06-15,104.5,105.79,101.6,104.4,1768266.0
2006-06-16,108.0,111.5,101.0,102.65,2603560.0
2006-06-19,102.65,105.95,100.18,101.71,1276803.0
2006-06-20,99.81,105.5,97.92,103.84,1432602.0
2006-06-21,104.0,104.99,99.3,101.98,1641116.0
2006-06-22,105.5,106.23,99.83,100.0,1553203.0
2006-06-23,100.88,102.39,98.56,100.5,590385.0
2006-06-26,100.95,101.85,93.11,94.99,2821158.0
2006-06-27,95.89,99.0,94.12,97.0,3630489.0
2006-06-28,96.0,97.8,95.0,96.5,1832496.0
2006-06-29,97.5,99.75,94.81,98.4,3256168.0
2006-06-30,103.8,106.5,102.41,105.3,6066512.0
2006-07-03,105.56,117.77,105.1,117.0,8079524.0
2006-07-04,118.29,123.99,115.12,120.0,11992544.0
2006-07-05,119.88,121.0,108.7,110.5,6515749.0
2006-07-06,110.8,118.2,110.0,117.3,9099594.0
2006-07-07,118.09,119.55,114.13,117.0,5059366.0
2006-07-10,114.99,118.49,112.35,116.5,2705113.0
2006-07-11,116.6,120.7,115.51,118.3,5005062.0
2006-07-12,120.08,123.0,119.1,121.5,6659431.0
2006-07-13,120.99,122.9,115.1,117.71,6291980.0
2006-07-14,115.4,119.25,113.5,117.0,4440154.0
2006-07-17,116.8,117.59,114.11,114.26,1989859.0
2006-07-18,114.1,116.96,110.3,115.64,3852462.0
2006-07-19,115.6,119.65,114.0,119.6,2732899.0
2006-07-20,122.33,127.25,121.12,123.19,7574006.0
2006-07-21,122.5,125.1,122.38,124.51,3489608.0
2006-07-24,123.86,127.0,123.23,126.9,2838305.0
2006-07-25,128.77,136.43,128.16,131.65,10920004.0
2006-07-26,133.45,138.0,133.45,134.7,4642239.0
2006-07-27,138.15,139.75,136.1,138.0,5104526.0
2006-07-28,137.7,137.8,131.7,135.17,3464095.0
2006-07-31,136.88,138.19,132.1,134.02,2750342.0
2006-08-01,134.88,136.05,132.1,133.0,2359154.0
2006-08-02,133.12,135.18,130.3,135.12,2856931.0
2006-08-03,136.13,138.5,134.56,138.46,4358993.0
2006-08-04,139.0,146.92,137.51,146.92,4468621.0
2006-08-07,145.99,146.7,143.68,145.6,2072230.0
2006-08-08,146.9,146.91,140.13,142.75,3102991.0
2006-08-09,143.32,146.65,140.5,146.0,2679996.0
2006-08-10,145.0,146.0,143.05,145.03,2022139.0
2006-08-11,145.99,150.5,145.5,149.9,2853227.0
2006-08-14,150.5,155.55,149.0,151.93,4056503.0
2006-08-15,151.93,156.35,146.14,155.85,4165937.0
2006-08-16,156.95,160.0,155.0,160.0,4653883.0
2006-08-17,160.26,161.0,155.3,158.26,2979654.0
2006-08-18,152.44,154.9,142.32,144.48,4973033.0
2006-08-21,144.98,148.0,144.69,146.4,2151509.0
2006-08-22,146.98,147.91,144.4,147.5,2166212.0
2006-08-23,147.6,152.98,145.5,151.0,2406039.0
2006-08-24,147.91,151.0,147.11,147.5,1881563.0
2006-08-25,149.22,151.95,148.6,148.7,2398448.0
2006-08-28,148.0,148.5,143.5,144.38,2624420.0
2006-08-29,144.81,145.74,140.5,141.2,3668756.0
2006-08-30,140.5,144.1,139.7,140.85,2638416.0
2006-08-31,142.15,143.5,139.89,140.6,1665891.0
2006-09-01,141.0,141.6,136.22,137.0,2351102.0
2006-09-04,138.52,138.97,135.05,137.95,1458054.0
2006-09-05,137.1,143.75,136.33,142.83,3024555.0
2006-09-06,141.5,142.89,136.65,136.86,2025769.0
2006-09-07,134.79,134.79,127.33,128.65,4812733.0
2006-09-08,126.49,129.5,124.82,127.9,2662652.0
2006-09-11,125.83,126.5,118.94,119.7,3304488.0
2006-09-12,121.2,123.95,118.7,122.35,4318180.0
2006-09-13,122.0,124.89,119.51,124.3,3550596.0
2006-09-14,127.69,131.56,125.25,126.0,5941538.0
2006-09-15,124.0,128.08,121.1,123.5,4204561.0
2006-09-18,124.95,125.96,121.31,124.14,3696987.0
2006-09-19,125.69,127.0,123.0,124.5,4642707.0
2006-09-20,121.39,122.18,118.78,121.5,3327290.0
2006-09-21,120.3,122.33,116.95,120.0,2777513.0
2006-09-22,121.0,121.0,113.81,114.2,4086276.0
2006-09-25,112.01,114.0,106.48,106.6,3842852.0
2006-09-26,110.6,111.29,108.59,110.5,4890516.0
2006-09-27,111.49,114.7,110.55,113.99,5992413.0
2006-09-28,117.0,120.0,115.13,116.41,5022893.0
2006-09-29,116.2,116.38,112.17,113.5,4190230.0
2006-10-02,115.0,115.91,113.19,115.47,2897538.0
2006-10-03,113.0,113.39,110.73,111.56,3417606.0
2006-10-04,107.81,113.59,107.3,112.8,4556654.0
2006-10-05,115.55,118.3,113.63,116.9,4925741.0
2006-10-06,116.5,117.6,115.5,116.78,2421961.0
2006-10-09,117.1,122.98,115.13,122.98,6717298.0
2006-10-10,122.0,126.1,120.57,121.99,9456444.0
2006-10-11,120.64,125.64,119.51,125.37,7102132.0
2006-10-12,123.37,127.48,122.9,124.55,6232433.0
2006-10-13,126.12,127.89,126.0,127.33,4295453.0
2006-10-16,129.0,130.7,126.5,127.7,4442278.0
2006-10-17,130.5,130.9,125.0,126.02,3686441.0
2006-10-18,125.64,128.59,125.14,128.15,4401920.0
2006-10-19,126.81,128.28,126.2,127.69,3725519.0
2006-10-20,129.25,129.45,123.04,124.65,4517797.0
2006-10-23,124.66,124.89,120.3,122.6,4680391.0
2006-10-24,123.52,123.75,120.22,122.3,2603527.0
2006-10-25,123.19,126.1,121.87,126.1,3280648.0
2006-10-26,128.15,128.9,124.5,125.88,4828899.0
2006-10-27,125.88,125.91,123.15,124.54,4122976.0
2006-10-30,123.5,124.49,120.66,120.99,3727572.0
2006-10-31,120.49,124.23,119.47,123.87,2826040.0
2006-11-01,124.17,125.7,123.34,125.0,5127589.0
2006-11-02,124.21,124.5,121.9,122.35,2004979.0
2006-11-03,121.5,123.74,121.35,123.3,2390606.0
2006-11-07,125.11,125.9,124.2,124.63,4047219.0
2006-11-08,124.15,124.4,121.92,123.34,2556780.0
2006-11-09,124.34,128.85,124.06,128.71,10245342.0
2006-11-10,128.95,130.6,126.8,129.85,7436162.0
2006-11-13,128.5,132.7,128.04,129.97,8234978.0
2006-11-14,130.44,130.66,128.05,129.35,3304346.0
2006-11-15,129.25,130.46,128.7,129.8,2292915.0
2006-11-16,130.21,132.59,129.8,131.95,5492273.0
2006-11-17,127.86,129.99,125.5,128.0,5991279.0
2006-11-20,127.4,128.45,125.2,125.25,2088923.0
2006-11-21,126.21,130.02,126.21,129.72,3354730.0
2006-11-22,131.69,132.28,127.0,128.45,6530738.0
2006-11-23,128.5,129.9,127.5,128.5,2491397.0
2006-11-24,128.0,130.5,126.35,129.8,3368454.0
2006-11-27,131.0,131.48,128.8,129.3,3046603.0
2006-11-28,129.1,129.8,127.77,129.15,2716401.0
2006-11-29,130.4,133.0,130.12,132.21,5669657.0
2006-11-30,133.65,134.4,128.4,129.0,12284431.0
2006-12-01,129.0,129.2,126.6,127.5,6479135.0
2006-12-04,128.49,129.4,126.8,127.19,3717281.0
2006-12-05,127.49,129.5,127.41,128.68,7062119.0
2006-12-06,129.95,129.98,128.35,129.74,4119738.0
2006-12-07,129.8,131.47,128.0,129.2,4894162.0
2006-12-08,129.4,130.49,128.1,129.49,4166997.0
2006-12-11,129.3,129.75,126.12,126.95,4997412.0
2006-12-12,126.95,127.1,125.7,126.1,2802288.0
2006-12-13,125.8,125.93,121.6,123.85,7368855.0
2006-12-14,124.7,124.9,123.25,124.1,3526376.0
2006-12-15,124.75,126.01,124.17,125.55,4214531.0
2006-12-18,126.18,127.45,124.19,124.22,3511935.0
2006-12-19,123.9,123.9,119.0,121.29,5099434.0
2006-12-20,122.32,123.68,122.02,122.2,2729600.0
2006-12-21,122.9,122.9,120.7,122.4,2676957.0
2006-12-22,122.2,125.4,121.51,123.4,4930919.0
2006-12-25,123.68,123.99,122.2,122.65,1228653.0
2006-12-26,123.0,123.33,121.6,122.63,1395500.0
2006-12-27,122.07,122.91,121.5,121.95,4020136.0
2006-12-28,122.1,123.7,121.45,122.04,3972034.0
2006-12-29,122.5,122.93,120.9,122.02,2137203.0
2007-01-09,119.0,119.0,110.63,111.54,5899391.0
2007-01-10,111.5,112.7,108.1,110.51,3993443.0
2007-01-11,108.0,112.8,107.5,112.16,5687713.0
2007-01-12,110.4,111.9,109.75,111.34,2633512.0
2007-01-15,113.23,116.44,112.9,115.97,3886087.0
2007-01-16,115.16,116.99,112.05,112.2,3274264.0
2007-01-17,111.2,113.39,109.32,110.75,2018277.0
2007-01-18,112.16,117.7,112.09,113.72,5835457.0
2007-01-19,113.0,115.99,112.5,115.98,1882268.0
2007-01-22,118.2,118.9,115.75,118.21,3076077.0
2007-01-23,116.5,117.4,114.89,115.4,2329187.0
2007-01-24,117.9,118.49,114.51,115.16,4165300.0
2007-01-25,116.0,117.01,115.45,116.33,2471044.0
2007-01-26,114.11,117.4,113.74,116.57,1826024.0
2007-01-29,117.87,118.0,114.11,114.4,1423355.0
2007-01-30,113.07,114.47,112.5,114.46,2285857.0
2007-01-31,116.24,116.52,114.37,115.39,2492101.0
2007-02-01,116.97,118.69,116.51,117.21,3481444.0
2007-02-02,117.29,117.8,115.8,116.0,2252515.0
2007-02-05,117.8,118.6,116.0,118.6,3254792.0
2007-02-06,117.9,122.05,117.8,119.43,6451997.0
2007-02-07,119.98,120.8,117.22,118.5,3267084.0
2007-02-08,117.0,117.85,114.55,114.92,4665118.0
2007-02-09,117.0,117.4,114.9,115.27,3235057.0
2007-02-12,114.5,114.7,110.0,111.0,3971794.0
2007-02-13,110.5,112.8,108.26,112.5,4191785.0
2007-02-14,113.22,113.9,111.12,112.69,1491037.0
2007-02-15,112.69,113.6,111.08,111.75,1983263.0
2007-02-16,112.0,112.35,110.52,112.2,1522931.0
2007-02-19,113.16,113.89,112.22,112.22,1973212.0
2007-02-20,112.4,113.0,109.8,110.25,1991487.0
2007-02-21,110.31,112.2,109.65,111.55,2585025.0
2007-02-22,112.99,119.21,112.37,117.7,7543066.0
2007-02-26,119.5,122.9,118.75,122.23,7469840.0
2007-02-27,121.1,121.54,116.6,118.6,7698158.0
2007-02-28,115.5,118.0,111.35,115.69,5447708.0
2007-03-01,114.9,117.0,108.6,110.5,5426682.0
2007-03-02,111.48,112.5,108.2,110.11,6661274.0
2007-03-05,105.7,105.7,100.1,103.85,5231059.0
2007-03-06,106.0,106.87,104.11,105.35,3437358.0
2007-03-07,107.89,108.73,105.61,107.18,2600245.0
2007-03-09,108.9,112.55,108.55,112.03,5549100.0
2007-03-12,111.65,114.98,110.01,111.2,4947795.0
2007-03-13,112.0,112.97,110.0,112.18,2400140.0
2007-03-14,106.68,107.0,103.8,105.61,6015622.0
2007-03-15,107.62,114.47,107.2,112.19,12189021.0
2007-03-16,112.0,115.9,110.85,113.78,5961472.0
2007-03-19,114.8,116.97,113.5,115.0,4969425.0
2007-03-20,115.5,116.6,112.0,112.98,3707306.0
2007-03-21,114.19,115.1,113.16,114.7,1666160.0
2007-03-22,116.35,118.5,116.0,116.6,5168085.0
2007-03-23,117.77,122.4,115.36,121.99,6873264.0
2007-03-26,122.7,123.72,120.7,121.91,4537062.0
2007-03-27,121.01,122.45,120.01,120.6,4435289.0
2007-03-28,120.5,124.5,120.31,123.0,7746490.0
2007-03-29,123.49,125.28,122.83,124.65,4617214.0
2007-03-30,125.9,126.69,121.0,121.93,4909370.0
2007-04-02,122.11,122.67,121.11,122.09,2730025.0
2007-04-03,122.39,122.85,118.0,119.13,4194770.0
2007-04-04,119.75,120.67,116.73,117.98,4364634.0
2007-04-05,118.67,122.09,116.73,122.0,5724850.0
2007-04-06,122.0,125.7,121.67,124.78,8795072.0
2007-04-09,125.25,127.55,124.32,124.82,4799536.0
2007-04-10,123.26,123.5,121.82,123.35,2858390.0
2007-04-11,123.96,126.79,123.33,124.45,6731973.0
2007-04-12,123.65,125.2,122.56,123.01,3331339.0
2007-04-13,125.25,127.77,124.5,126.75,5359918.0
2007-04-16,127.4,128.9,125.76,127.98,4454643.0
2007-04-17,127.9,128.0,124.71,126.61,4443362.0
2007-04-18,125.87,129.44,124.65,126.0,10605343.0
2007-04-19,124.5,125.1,121.15,124.35,5704282.0
2007-04-20,125.63,130.97,125.24,130.92,6746490.0
2007-04-23,131.92,132.47,129.56,129.8,3411142.0
2007-04-24,130.18,131.0,126.15,128.68,3203274.0
2007-04-25,127.02,129.45,126.16,128.25,2938617.0
2007-04-26,130.0,130.0,124.73,125.94,4435570.0
2007-04-27,125.34,127.36,119.17,121.41,4500059.0
2007-04-28,121.99,124.0,120.7,122.0,2583288.0
2007-05-02,122.0,123.89,119.45,120.0,4359539.0
2007-05-03,121.0,122.82,120.6,121.7,1426699.0
2007-05-04,122.09,123.9,121.0,123.5,1873921.0
2007-05-07,122.68,124.7,120.72,121.9,1716871.0
2007-05-08,122.18,123.16,121.33,122.77,1623387.0
2007-05-10,122.97,123.8,118.89,119.72,3009256.0
2007-05-11,118.95,119.65,117.2,118.73,3065076.0
2007-05-14,119.66,120.5,115.5,116.7,4260460.0
2007-05-15,114.52,115.0,111.24,113.0,3368342.0
2007-05-16,113.55,114.49,112.38,113.68,4051288.0
2007-05-17,114.17,116.5,112.93,113.2,4124554.0
2007-05-18,113.99,115.8,113.75,115.65,3591001.0
2007-05-21,116.52,116.97,115.7,116.55,2273074.0
2007-05-22,116.8,117.88,115.65,117.28,2277853.0
2007-05-23,117.28,117.77,114.26,114.37,2508246.0
2007-05-24,114.0,114.89,111.02,114.65,2204421.0
2007-05-25,113.38,116.1,113.02,113.98,2500288.0
2007-05-28,115.9,115.9,110.06,112.29,2625835.0
2007-05-29,112.35,113.68,110.0,111.95,3754997.0
2007-05-30,109.11,112.7,108.13,111.6,3320977.0
2007-05-31,112.75,114.65,112.35,114.31,3679895.0
2007-06-01,114.77,119.01,113.71,118.7,3681014.0
2007-06-04,117.9,118.69,115.05,116.22,1813441.0
2007-06-05,117.1,117.33,114.7,114.89,1774981.0
2007-06-06,115.75,117.0,114.6,117.0,1836950.0
2007-06-07,116.87,117.73,115.51,116.0,1678269.0
2007-06-08,115.0,116.43,114.5,115.3,1865485.0
2007-06-09,115.3,117.05,115.0,116.5,546490.0
2007-06-13,116.39,120.7,115.51,118.73,3811473.0
2007-06-14,120.12,120.97,118.78,120.48,3412982.0
2007-06-15,120.8,122.12,119.5,121.38,4008015.0
2007-06-18,122.05,124.38,121.9,123.53,4821069.0
2007-06-19,123.5,125.2,123.21,124.02,3290199.0
2007-06-20,124.62,125.5,124.25,125.25,1729000.0
2007-06-21,123.48,124.47,122.0,123.0,1956870.0
2007-06-22,123.5,124.4,121.5,122.32,1772400.0
2007-06-25,121.45,121.75,120.0,120.0,3749088.0
2007-06-26,120.11,121.5,120.01,120.59,3328114.0
2007-06-27,120.0,120.45,118.52,119.03,2980562.0
2007-06-28,121.0,121.35,118.01,118.2,2727028.0
2007-06-29,118.2,119.19,116.9,118.0,2011600.0
2007-07-02,118.09,120.75,117.8,118.5,3270377.0
2007-07-03,119.7,123.0,119.35,122.9,4101833.0
2007-07-04,122.9,123.11,121.6,121.9,2940909.0
2007-07-05,122.31,126.0,122.05,124.96,6273799.0
2007-07-06,125.5,126.01,124.25,125.9,3104186.0
2007-07-09,126.25,129.25,126.2,129.2,5044707.0
2007-07-10,129.0,129.5,125.01,127.79,6318984.0
2007-07-11,126.85,129.87,126.15,127.47,5480449.0
2007-07-12,128.19,136.99,128.1,136.6,11047455.0
2007-07-13,137.77,141.0,135.6,137.53,11195740.0
2007-07-16,138.19,139.0,136.01,137.0,5838981.0
2007-07-17,136.0,136.3,133.66,136.0,6067992.0
2007-07-18,134.8,135.0,131.7,132.51,7961746.0
2007-07-19,133.59,138.5,133.5,138.46,8719910.0
2007-07-20,139.1,139.4,136.06,136.59,5993708.0
2007-07-23,135.49,139.31,134.03,138.0,5724150.0
2007-07-24,138.1,138.49,134.05,134.06,5385819.0
2007-07-25,132.81,136.97,132.18,135.3,7242543.0
2007-07-26,136.01,137.17,128.51,129.5,12495134.0
2007-07-27,128.1,129.5,124.2,127.12,8312500.0
2007-07-30,127.12,128.9,124.07,125.97,6219853.0
2007-07-31,127.0,128.5,126.23,127.88,5174791.0
2007-08-01,124.15,125.5,123.1,124.7,3564744.0
2007-08-02,124.7,126.5,124.7,126.46,2993308.0
2007-08-03,127.16,128.38,125.65,127.39,3760443.0
2007-08-06,124.1,125.75,123.59,124.75,2545857.0
2007-08-07,125.4,125.97,124.1,124.3,1948835.0
2007-08-08,125.23,128.28,125.23,127.95,3832274.0
2007-08-09,128.7,129.54,123.5,124.0,4968245.0
2007-08-10,122.1,123.85,121.0,122.49,3660772.0
2007-08-13,123.89,126.85,123.55,126.0,3419432.0
2007-08-14,125.22,127.47,124.6,127.09,2427377.0
2007-08-15,125.4,125.6,123.11,123.79,2409377.0
2007-08-16,121.15,123.77,119.16,121.62,6132182.0
2007-08-17,121.0,127.45,118.6,127.25,6209699.0
2007-08-20,127.4,127.84,124.03,124.3,2436333.0
2007-08-21,124.6,124.6,120.17,122.59,3526395.0
2007-08-22,122.0,124.5,121.3,124.29,2058194.0
2007-08-23,124.75,126.44,123.7,125.0,4103357.0
2007-08-24,123.8,125.9,123.3,124.99,1850822.0
2007-08-27,126.41,126.65,125.01,125.01,2252294.0
2007-08-28,125.1,126.48,124.5,126.01,4127358.0
2007-08-29,123.76,128.9,123.65,128.68,7110209.0
2007-08-30,129.96,130.45,126.02,126.4,5768305.0
2007-08-31,127.25,129.99,126.65,129.2,4389971.0
2007-09-03,129.0,129.09,127.56,128.15,2786298.0
2007-09-04,127.98,128.75,127.04,128.5,2028050.0
2007-09-05,129.3,129.3,127.51,128.01,2835445.0
2007-09-06,128.51,129.67,128.15,129.16,3015261.0
2007-09-07,129.11,129.13,122.61,124.33,3844316.0
2007-09-10,122.6,125.9,122.6,125.47,2208468.0
2007-09-11,126.02,126.47,125.3,125.7,1475374.0
2007-09-12,126.41,126.5,123.11,124.12,2827366.0
2007-09-13,124.63,126.7,124.62,126.6,2040229.0
2007-09-14,126.8,127.25,125.15,125.79,1604079.0
2007-09-17,125.5,126.07,124.0,125.6,1166482.0
2007-09-18,125.8,127.25,125.75,127.16,1599650.0
2007-09-19,129.9,130.98,128.31,129.71,6605016.0
2007-09-20,129.6,129.7,127.55,129.2,3904843.0
2007-09-21,129.2,132.15,128.64,131.11,6668403.0
2007-09-24,131.5,135.5,129.56,135.25,6537558.0
2007-09-25,135.25,136.85,133.4,134.02,9406697.0
2007-09-26,134.95,139.2,134.87,138.65,7244184.0
2007-09-27,139.5,140.9,137.55,139.19,7808282.0
2007-09-28,140.2,140.2,137.7,138.82,4018611.0
2007-10-01,138.3,138.98,133.71,134.3,3989328.0
2007-10-02,136.95,139.95,135.24,139.95,6372051.0
2007-10-03,138.7,144.85,137.61,140.0,12833137.0
2007-10-04,139.51,141.5,137.15,137.27,11860498.0
2007-10-05,138.51,140.0,137.31,138.5,9136595.0
2007-10-08,139.39,139.94,136.21,136.73,4976536.0
2007-10-09,136.1,139.51,134.55,139.29,6981880.0
2007-10-10,140.0,140.7,137.51,138.46,5721687.0
2007-10-11,139.29,143.34,139.16,143.25,6882061.0
2007-10-12,140.87,142.7,139.5,142.0,6347272.0
2007-10-15,142.39,145.0,142.39,143.42,5507580.0
2007-10-16,142.78,144.52,142.21,143.0,4582593.0
2007-10-17,141.91,143.8,141.58,143.4,3872123.0
2007-10-18,143.4,144.0,139.9,141.25,3434248.0
2007-10-19,141.49,142.21,140.1,140.15,1397442.0
2007-10-22,138.38,138.39,135.04,135.6,4504049.0
2007-10-23,136.6,137.5,136.26,136.95,2894913.0
2007-10-24,136.8,136.86,134.51,135.87,2889136.0
2007-10-25,136.47,140.78,136.25,140.3,5982443.0
2007-10-26,142.01,148.8,142.01,148.7,11356224.0
2007-10-29,150.02,153.85,149.96,152.1,9054520.0
2007-10-30,152.0,154.99,148.09,154.69,9986976.0
2007-10-31,152.0,157.32,150.65,152.5,10763867.0
2007-11-01,155.0,155.88,148.09,149.9,14520340.0
2007-11-02,147.2,153.5,147.0,151.69,10192226.0
2007-11-06,152.4,155.15,151.01,154.18,6507673.0
2007-11-07,154.5,155.5,151.21,152.01,7512742.0
2007-11-08,149.53,153.93,149.1,153.33,5892196.0
2007-11-09,152.87,154.65,149.6,150.2,5723281.0
2007-11-12,150.0,151.57,148.27,149.35,2702622.0
2007-11-13,149.14,149.7,145.25,145.67,7770581.0
2007-11-14,146.5,147.98,144.5,147.48,4117442.0
2007-11-15,147.48,148.28,145.3,145.75,2595793.0
2007-11-16,144.78,145.2,140.78,141.7,7094513.0
2007-11-19,142.01,143.16,138.95,138.95,3333740.0
2007-11-20,139.0,142.95,138.65,141.79,5667357.0
2007-11-21,141.45,142.68,139.03,139.98,3845023.0
2007-11-22,140.5,140.93,136.3,137.25,6577138.0
2007-11-23,136.85,138.67,136.3,137.79,3373058.0
2007-11-26,139.72,145.3,139.63,144.7,4459039.0
2007-11-27,143.5,145.25,140.75,141.78,6373095.0
2007-11-28,141.2,142.9,138.4,142.56,5462784.0
2007-11-29,143.75,144.86,142.3,143.2,4224340.0
2007-11-30,143.44,146.61,142.56,145.95,5194613.0
2007-12-03,145.66,147.6,144.4,144.8,3773135.0
2007-12-04,144.9,146.28,143.17,144.9,2754176.0
2007-12-05,144.9,151.33,144.9,151.06,4853581.0
2007-12-06,151.35,151.5,148.54,149.57,6437192.0
2007-12-07,151.51,152.0,150.12,150.23,3927963.0
2007-12-10,149.67,154.0,148.2,152.0,7310227.0
2007-12-11,153.0,153.85,149.8,150.27,5614182.0
2007-12-12,148.71,153.6,148.31,153.25,5361831.0
2007-12-13,152.0,153.2,150.0,150.7,5673047.0
2007-12-14,150.7,151.0,142.68,144.52,6293842.0
2007-12-17,144.5,145.48,142.0,142.55,4334037.0
2007-12-18,142.01,145.92,141.76,144.43,4229202.0
2007-12-19,145.5,145.84,142.11,143.2,3903733.0
2007-12-20,144.16,144.9,142.82,143.99,3029848.0
2007-12-21,145.0,145.39,140.0,143.12,3922027.0
2007-12-24,144.8,149.85,144.75,148.45,8750725.0
2007-12-25,149.2,149.4,145.58,147.2,2560052.0
2007-12-26,147.25,147.49,144.88,146.2,1726544.0
2007-12-27,146.87,148.71,146.35,147.63,4356663.0
2007-12-28,147.0,150.22,146.13,148.0,3579518.0
2008-01-09,151.3,155.49,151.3,154.6,6725370.0
2008-01-10,155.0,156.38,152.27,153.5,7237763.0
2008-01-11,153.6,155.15,153.0,154.22,3010492.0
2008-01-14,154.06,159.0,153.47,158.5,5259782.0
2008-01-15,157.1,160.38,155.81,157.44,5595719.0
2008-01-16,154.72,155.45,145.21,148.5,9680838.0
2008-01-17,149.0,150.0,142.11,147.29,5864070.0
2008-01-18,145.21,147.5,142.55,144.32,3984875.0
2008-01-21,141.87,141.87,128.3,130.3,6739638.0
2008-01-22,125.0,129.0,111.0,125.37,10004470.0
2008-01-23,127.15,129.9,116.5,118.0,6060533.0
2008-01-24,125.0,126.0,119.52,124.75,7030888.0
2008-01-25,126.5,132.35,124.75,131.0,7262783.0
2008-01-28,125.31,127.98,120.1,125.99,5132922.0
2008-01-29,128.48,130.89,125.65,127.12,5742178.0
2008-01-30,127.0,128.0,122.01,123.72,3641846.0
2008-01-31,123.7,124.85,116.68,118.6,5617852.0
2008-02-01,121.7,125.42,121.15,123.3,4929837.0
2008-02-04,125.97,127.49,123.85,124.28,2740797.0
2008-02-05,124.02,126.8,120.51,122.24,3939239.0
2008-02-06,118.0,125.25,118.0,123.71,3704783.0
2008-02-07,122.58,125.45,117.65,119.99,4562619.0
2008-02-08,122.0,122.3,116.96,118.68,2439527.0
2008-02-11,119.0,122.91,117.4,121.48,2893139.0
2008-02-12,122.99,125.48,122.91,125.2,3850392.0
2008-02-13,125.25,127.45,122.23,127.08,4568641.0
2008-02-14,129.54,131.3,127.6,131.1,4610329.0
2008-02-15,129.8,131.0,128.15,129.88,3826049.0
2008-02-18,130.4,133.2,129.62,132.36,3371910.0
2008-02-19,133.5,133.5,130.08,133.0,2947606.0
2008-02-20,131.6,135.42,130.63,135.34,4328518.0
2008-02-21,137.34,140.67,137.15,140.1,6434600.0
2008-02-22,138.0,143.3,137.27,140.0,3546902.0
2008-02-26,143.0,143.64,141.25,142.42,3187007.0
2008-02-27,144.55,146.59,142.03,145.46,6649175.0
2008-02-28,145.0,150.0,144.11,149.75,8761104.0
2008-02-29,148.53,152.29,148.13,150.11,8602926.0
2008-03-03,147.31,149.4,146.13,147.29,4074869.0
2008-03-04,148.29,151.8,148.0,150.0,5489197.0
2008-03-05,150.5,152.25,149.25,151.5,3972382.0
2008-03-06,153.13,153.6,150.03,150.46,2775658.0
2008-03-07,148.6,148.75,144.22,145.0,5236903.0
2008-03-11,144.25,151.2,144.25,151.2,5638795.0
2008-03-12,152.48,153.17,149.06,150.22,2780674.0
2008-03-13,148.57,151.45,147.0,150.22,3025975.0
2008-03-14,151.5,151.99,147.5,148.5,2942917.0
2008-03-17,146.8,147.5,139.34,143.0,5158795.0
2008-03-18,143.71,148.17,139.7,147.45,3158368.0
2008-03-19,149.8,150.5,146.76,148.92,3678311.0
2008-03-20,146.15,148.14,143.72,145.95,3152482.0
2008-03-21,147.2,147.48,143.7,144.0,2563890.0
2008-03-24,144.0,147.02,140.75,146.84,1698518.0
2008-03-25,146.84,148.0,144.03,146.0,2195058.0
2008-03-26,145.71,152.3,145.7,150.57,5038608.0
2008-03-27,150.98,154.18,149.55,150.0,6820355.0
2008-03-28,150.8,152.77,150.05,151.31,2148775.0
2008-03-31,149.8,153.25,149.03,152.4,2434150.0
2008-04-01,152.4,154.5,150.51,152.6,3721189.0
2008-04-02,154.01,154.3,151.17,153.37,3073544.0
2008-04-03,153.64,155.09,151.06,151.5,2408331.0
2008-04-04,151.41,152.49,150.0,151.5,1009557.0
2008-04-07,152.2,154.39,152.2,153.57,1797546.0
2008-04-08,153.3,153.63,150.36,150.85,1077837.0
2008-04-09,151.28,152.84,150.5,151.82,1188186.0
2008-04-10,152.0,152.3,150.1,150.51,1294219.0
2008-04-11,151.21,153.35,144.0,144.2,4767765.0
2008-04-14,143.0,144.99,141.52,142.92,2010922.0
2008-04-15,144.05,147.8,144.05,147.79,2596112.0
2008-04-16,148.05,149.98,146.21,149.98,4082107.0
2008-04-17,151.0,151.82,149.13,150.28,3171980.0
2008-04-18,150.52,154.25,150.02,154.0,4282297.0
2008-04-21,154.73,155.49,150.25,153.4,2252836.0
2008-04-22,153.39,154.29,151.85,153.1,2769930.0
2008-04-23,153.27,154.75,151.9,153.91,2220643.0
2008-04-24,153.66,155.75,151.38,151.57,3804422.0
2008-04-25,151.34,154.5,150.58,153.3,2229643.0
2008-04-28,154.1,154.47,152.5,152.84,1532120.0
2008-04-29,153.0,154.43,152.0,152.9,1171678.0
2008-04-30,153.3,153.69,151.13,151.91,1324271.0
2008-05-04,153.1,153.95,152.06,153.45,651194.0
2008-05-05,153.02,153.9,151.47,152.28,1068108.0
2008-05-06,153.0,159.63,152.66,159.11,6988798.0
2008-05-07,160.36,163.6,160.1,162.7,4483666.0
2008-05-08,161.97,170.0,160.58,169.73,5832213.0
2008-05-12,168.95,175.0,165.11,173.2,6488080.0
2008-05-13,171.0,176.27,168.02,175.5,6387328.0
2008-05-14,175.68,182.6,174.55,182.01,5059400.0
2008-05-15,182.2,193.78,180.05,187.9,7875804.0
2008-05-16,188.6,190.69,186.35,189.13,3757198.0
2008-05-19,190.51,192.98,185.15,187.56,2707920.0
2008-05-20,188.21,189.9,185.62,187.66,3624576.0
2008-05-21,187.0,191.0,186.22,187.3,1980256.0
2008-05-22,188.4,190.48,184.0,186.5,2637213.0
2008-05-23,185.59,188.0,184.04,187.5,1242096.0
2008-05-26,187.01,189.47,181.08,184.04,2141279.0
2008-05-27,184.62,186.5,181.25,182.03,2289853.0
2008-05-28,179.1,185.4,179.02,184.0,2256831.0
2008-05-29,185.95,190.0,185.02,187.17,2796774.0
2008-05-30,186.87,189.9,184.82,189.41,1669601.0
2008-06-02,189.0,189.0,184.12,186.23,1507881.0
2008-06-03,185.15,188.5,185.0,186.91,1276831.0
2008-06-04,185.36,186.0,176.53,179.52,4370188.0
2008-06-05,177.97,183.39,176.0,182.82,2546198.0
2008-06-06,186.1,189.0,185.5,187.45,3193114.0
2008-06-07,183.77,187.0,181.52,183.0,1325720.0
2008-06-09,182.99,186.0,180.0,184.34,971878.0
2008-06-10,183.99,184.08,179.14,184.01,1142254.0
2008-06-11,183.8,186.8,183.01,184.85,1407818.0
2008-06-16,184.48,186.0,181.5,182.8,1357771.0
2008-06-17,181.99,185.02,181.52,184.0,1106087.0
2008-06-18,183.6,186.25,182.22,183.0,1300596.0
2008-06-19,182.09,186.2,180.1,184.47,1990339.0
2008-06-20,183.49,184.45,180.54,181.8,1734511.0
2008-06-23,180.86,183.49,180.03,182.96,1840935.0
2008-06-24,183.51,183.9,176.69,176.81,3822101.0
2008-06-25,176.81,179.9,175.0,177.67,1490620.0
2008-06-26,178.0,178.0,175.1,177.9,1374720.0
2008-06-27,175.5,179.5,173.01,177.98,1414749.0
2008-06-30,179.2,183.99,174.5,176.26,1509402.0
2008-07-01,177.49,179.4,166.5,167.19,2474378.0
2008-07-02,167.1,168.39,162.01,164.2,4511361.0
2008-07-03,161.97,164.91,159.52,163.7,2221559.0
2008-07-04,164.94,165.81,160.5,161.2,1211777.0
2008-07-07,163.0,164.89,160.52,161.12,1413357.0
2008-07-08,158.33,162.95,156.51,162.89,1909990.0
2008-07-09,162.99,165.0,161.0,164.2,987560.0
2008-07-10,161.21,167.0,160.76,164.31,1504958.0
2008-07-11,167.0,168.7,162.0,163.3,1841617.0
2008-07-14,164.55,166.98,164.03,166.9,1408620.0
2008-07-15,164.8,165.95,162.91,165.21,986915.0
2008-07-16,164.35,165.45,160.25,161.4,1934528.0
2008-07-17,162.9,164.95,160.55,164.77,1224221.0
2008-07-18,162.79,163.82,156.2,159.21,1491644.0
2008-07-21,159.21,164.5,157.55,162.04,1055887.0
2008-07-22,161.95,161.95,157.58,158.3,1164235.0
2008-07-23,158.99,160.6,154.89,156.2,1929954.0
2008-07-24,155.02,156.62,148.8,148.8,2025398.0
2008-07-25,147.0,147.0,140.4,144.01,3074015.0
2008-07-28,144.7,146.0,137.05,137.24,2860376.0
2008-07-29,136.5,140.8,134.2,138.25,1991935.0
2008-07-30,139.9,142.55,137.5,141.4,1461340.0
2008-07-31,143.5,144.35,139.5,140.15,1552591.0
2008-08-01,138.88,142.5,136.22,138.5,2170932.0
2008-08-04,138.0,141.7,136.26,137.33,1083393.0
2008-08-05,134.3,135.88,128.5,128.57,1856624.0
2008-08-06,130.3,133.37,124.8,129.99,1742367.0
2008-08-07,131.29,137.5,128.29,136.69,3608154.0
2008-08-08,135.9,138.48,130.0,131.35,4676070.0
2008-08-11,130.11,138.92,123.0,135.61,2752690.0
2008-08-12,134.95,139.88,133.0,139.27,2466644.0
2008-08-13,136.6,141.98,135.75,137.5,1807989.0
2008-08-14,139.3,141.49,136.5,138.2,2639389.0
2008-08-15,137.27,144.5,137.27,143.0,1761403.0
2008-08-18,143.29,146.78,141.55,145.72,1467351.0
2008-08-19,142.33,143.49,132.23,133.99,2926843.0
2008-08-20,134.98,138.2,132.26,133.0,3850830.0
2008-08-21,133.65,136.0,127.34,135.27,2195498.0
2008-08-22,137.38,138.63,133.33,135.09,989210.0
2008-08-25,134.65,134.66,126.03,126.85,1820561.0
2008-08-26,124.48,128.0,120.25,125.79,3102471.0
2008-08-27,126.68,129.49,120.5,122.3,2333763.0
2008-08-28,123.78,128.5,122.31,127.5,1413489.0
2008-08-29,127.0,129.0,125.1,129.0,1658425.0
2008-09-01,127.5,130.87,126.67,128.39,1395887.0
2008-09-02,127.06,127.5,125.12,126.13,1193399.0
2008-09-03,125.0,126.13,122.0,123.2,1013800.0
2008-09-04,123.0,126.01,117.81,117.81,1433432.0
2008-09-05,115.22,116.5,103.5,114.0,3884820.0
2008-09-08,117.1,119.88,112.49,117.62,2041353.0
2008-09-09,115.0,115.0,103.91,104.0,2036147.0
2008-09-10,101.62,107.41,96.41,104.0,3183644.0
2008-09-11,104.4,107.98,100.5,102.0,1232620.0
2008-09-12,105.08,107.44,99.01,106.9,3424647.0
2008-09-15,102.18,104.4,96.1,96.45,1707198.0
2008-09-16,92.05,98.15,81.71,83.01,2841883.0
2008-09-17,87.15,87.94,65.0,71.99,518956.0
2008-09-19,78.5,101.28,78.5,100.02,1352736.0
2008-09-22,104.09,125.0,101.8,108.0,8178979.0
2008-09-23,105.95,109.28,98.3,99.7,3796223.0
2008-09-24,99.7,108.01,99.05,103.7,4029164.0
2008-09-25,102.99,105.9,100.55,102.9,3979844.0
2008-09-26,103.0,105.4,101.94,104.5,4886589.0
2008-09-29,103.1,104.5,97.5,98.0,4442206.0
2008-09-30,90.1,93.0,82.22,90.45,9020930.0
2008-10-01,92.95,93.79,86.55,88.5,2072390.0
2008-10-02,88.1,89.35,82.92,83.0,2607746.0
2008-10-03,82.32,84.7,72.5,78.0,8493330.0
2008-10-06,73.29,73.29,65.0,65.37,581054.0
2008-10-07,67.76,67.99,55.02,63.2,2536144.0
2008-10-08,54.22,58.2,51.26,57.9,329449.0
2008-10-09,59.3,65.0,57.0,57.1,12380617.0
2008-10-13,58.58,61.99,47.54,52.2,1757668.0
2008-10-14,62.0,62.0,48.0,53.2,3714602.0
2008-10-15,52.92,53.19,47.02,47.11,1247839.0
2008-10-16,44.6,44.96,36.5,37.71,2953387.0
2008-10-17,40.23,41.99,31.8,32.61,3531281.0
2008-10-20,33.7,35.65,32.2,33.8,2180364.0
2008-10-21,35.0,38.69,35.0,37.3,4303630.0
2008-10-22,35.09,36.9,33.67,34.4,3661619.0
2008-10-23,33.08,35.45,30.67,33.68,6386425.0
2008-10-24,31.75,32.44,27.51,27.94,1642353.0
2008-10-28,27.94,28.8,26.21,27.5,4583996.0
2008-10-29,28.52,33.51,28.52,33.5,3743512.0
2008-10-30,34.0,41.54,33.62,40.74,5633321.0
2008-11-01,50.0,53.48,50.0,53.48,2772883.0
2008-11-06,49.54,59.0,44.0,50.61,6699321.0
2008-11-07,47.95,54.3,45.67,54.2,2421848.0
2008-11-10,56.97,63.05,56.25,57.8,4196631.0
2008-11-11,56.1,56.5,50.5,51.0,1497667.0
2008-11-13,50.0,50.4,40.17,43.0,3440514.0
2008-11-14,47.12,48.35,42.57,46.0,3578451.0
2008-11-17,46.0,46.45,42.01,44.0,1529994.0
2008-11-18,42.0,47.9,40.0,46.96,2015746.0
2008-11-19,45.05,46.5,41.07,42.64,3095307.0
2008-11-20,39.9,40.0,35.5,37.68,2536119.0
2008-11-21,38.0,40.22,36.73,37.16,2211405.0
2008-11-24,38.9,44.0,37.16,43.85,2516005.0
2008-11-25,45.0,47.41,42.25,43.0,4118015.0
2008-11-26,43.1,44.99,42.2,43.3,1487237.0
2008-11-27,45.0,48.0,44.0,47.47,1799266.0
2008-11-28,47.5,47.7,44.61,46.2,1445188.0
2008-12-01,45.63,46.09,41.99,42.0,868644.0
2008-12-02,40.87,47.69,40.02,47.21,1749805.0
2008-12-03,46.73,51.5,44.8,50.8,1858488.0
2008-12-04,49.0,51.79,47.5,48.0,2237269.0
2008-12-05,46.8,47.68,44.75,45.2,1284797.0
2008-12-08,47.11,51.98,46.7,51.98,1963478.0
2008-12-09,51.41,53.78,48.57,51.06,1797525.0
2008-12-10,51.51,57.6,51.3,54.81,2973997.0
2008-12-11,55.55,58.5,54.2,55.18,2921642.0
2008-12-12,53.1,54.09,49.5,52.2,4796279.0
2008-12-15,54.06,59.89,53.8,58.5,4674166.0
2008-12-16,57.57,63.5,56.56,60.38,4479688.0
2008-12-17,61.0,62.0,59.1,60.2,3452320.0
2008-12-18,60.3,60.56,57.99,59.0,2694102.0
2008-12-19,57.7,60.24,56.27,60.0,2798144.0
2008-12-22,59.79,61.31,58.71,60.05,3088559.0
2008-12-23,59.22,61.65,58.41,60.67,2911824.0
2008-12-24,60.2,61.29,57.6,57.95,1664225.0
2008-12-25,57.25,57.87,53.61,54.78,1504634.0
2008-12-26,55.0,55.27,52.66,53.1,970133.0
2008-12-29,54.07,56.0,53.5,54.2,1792098.0
2008-12-30,55.55,56.0,53.7,56.0,1684651.0
2008-12-31,55.89,55.95,54.8,55.26,341799.0
2009-01-11,56.25,58.0,55.2,55.79,578190.0
2009-01-12,55.9,57.66,55.71,57.42,1092235.0
2009-01-13,56.2,58.4,55.6,57.69,1538502.0
2009-01-14,58.2,59.88,51.93,51.99,2239291.0
2009-01-15,51.22,53.68,48.0,49.92,4208266.0
2009-01-16,51.05,51.89,49.2,50.5,2682949.0
2009-01-19,50.95,51.3,47.5,49.75,2025727.0
2009-01-20,49.1,50.8,46.71,50.77,1447204.0
2009-01-21,49.0,54.6,48.23,53.48,2037570.0
2009-01-22,54.2,54.59,51.2,51.5,1570683.0
2009-01-23,51.51,52.48,49.37,50.9,1020102.0
2009-01-26,51.45,55.77,50.8,55.09,2223119.0
2009-01-27,55.09,55.95,53.0,53.39,3110386.0
2009-01-28,53.6,55.08,53.5,54.3,2063126.0
2009-01-29,54.28,57.45,52.53,57.2,1780805.0
2009-01-30,56.91,61.95,56.17,58.99,2390351.0
2009-02-02,58.0,60.2,55.65,60.0,1596032.0
2009-02-03,59.99,61.4,58.55,59.5,1043040.0
2009-02-04,60.7,60.72,57.5,58.7,1792414.0
2009-02-05,58.02,59.5,55.85,56.56,1473404.0
2009-02-06,58.04,62.0,57.0,60.75,1707683.0
2009-02-09,60.8,69.91,59.71,69.0,2592783.0
2009-02-10,69.1,74.0,67.07,70.3,4317057.0
2009-02-11,67.3,72.99,67.12,71.5,3098995.0
2009-02-12,71.15,72.51,67.5,70.49,3008734.0
2009-02-13,71.32,76.5,71.32,76.09,2193091.0
2009-02-16,75.71,80.0,73.51,75.08,2032605.0
2009-02-17,74.0,74.0,64.0,68.31,2409960.0
2009-02-18,67.01,70.6,61.97,65.79,2941900.0
2009-02-19,67.25,68.48,66.17,67.28,2460047.0
2009-02-20,66.32,66.7,63.33,64.64,1172031.0
2009-02-24,62.9,64.64,61.38,63.64,1213373.0
2009-02-25,65.5,66.5,62.62,63.3,1375136.0
2009-02-26,64.19,69.0,64.19,68.93,2622484.0
2009-02-27,68.48,68.94,65.0,66.81,1541813.0
2009-03-02,64.5,65.38,63.2,63.5,1658410.0
2009-03-03,62.66,64.3,62.34,63.25,1734863.0
2009-03-04,64.03,68.3,63.6,68.3,3977899.0
2009-03-05,68.99,72.0,67.1,69.38,3083531.0
2009-03-06,70.0,74.83,67.33,74.18,2159176.0
2009-03-10,76.28,86.9,76.0,86.9,4577257.0
2009-03-11,86.99,87.32,81.12,83.84,3283302.0
2009-03-12,80.67,82.96,76.05,80.0,4745254.0
2009-03-13,84.0,86.3,80.12,81.18,3726866.0
2009-03-16,80.0,82.6,78.19,82.5,2608327.0
2009-03-17,83.23,84.5,81.78,83.96,2321099.0
2009-03-18,85.0,85.7,81.6,82.7,2698205.0
2009-03-19,84.4,85.97,83.0,83.63,2900259.0
2009-03-20,83.0,94.45,79.07,92.75,7012850.0
2009-03-23,94.3,101.0,94.2,98.8,4360012.0
2009-03-24,100.69,101.95,93.11,95.5,2310143.0
2009-03-25,97.0,98.0,93.51,96.43,1564620.0
2009-03-26,97.51,98.77,93.58,94.7,1992239.0
2009-03-27,95.18,95.4,87.99,88.9,2033937.0
2009-03-30,85.99,86.0,79.77,80.51,2081341.0
2009-03-31,80.8,84.5,79.35,79.8,2371088.0
2009-04-01,80.44,80.97,77.81,80.43,2442135.0
2009-04-02,83.0,85.98,81.7,85.55,3133773.0
2009-04-03,85.49,90.23,82.6,87.0,2729408.0
2009-04-06,89.61,92.8,88.79,90.25,2533426.0
2009-04-07,90.25,93.5,88.54,93.0,1514400.0
2009-04-08,93.01,95.02,89.52,95.02,1950211.0
2009-04-09,97.01,100.98,95.4,99.78,1993131.0
2009-04-10,101.94,101.94,97.02,99.03,829223.0
2009-04-13,99.4,99.4,94.35,94.5,1125162.0
2009-04-14,95.04,101.75,93.14,98.0,2485093.0
2009-04-15,96.17,99.36,94.09,95.21,1252280.0
2009-04-16,97.0,98.8,94.5,97.99,1403719.0
2009-04-17,97.99,101.15,97.01,100.53,1176349.0
2009-04-20,100.53,101.0,91.08,93.35,1504194.0
2009-04-21,91.0,100.9,91.0,92.75,3024448.0
2009-04-22,94.21,95.4,92.5,95.0,1800020.0
2009-04-23,95.15,97.87,95.0,97.25,1676966.0
2009-04-24,97.16,100.8,96.19,98.46,1811076.0
2009-04-27,96.96,97.89,94.25,97.08,1257685.0
2009-04-28,95.95,96.15,92.55,96.15,1079872.0
2009-04-29,97.12,100.98,95.7,100.57,1815599.0
2009-04-30,101.31,106.5,98.0,100.18,3178593.0
2009-05-04,104.98,105.99,102.21,104.79,1207579.0
2009-05-05,104.81,106.33,102.74,104.8,2120121.0
2009-05-06,103.97,109.4,103.23,108.14,1825484.0
2009-05-07,109.49,120.0,109.2,118.05,5189169.0
2009-05-08,119.12,127.0,117.72,119.02,3813776.0
2009-05-12,117.5,129.98,115.33,128.0,3501618.0
2009-05-13,130.0,134.49,121.22,123.1,3244800.0
2009-05-14,121.26,125.75,117.15,122.0,2449168.0
2009-05-15,124.89,126.0,119.97,123.95,1498446.0
2009-05-18,121.36,123.0,118.46,122.25,2124540.0
2009-05-19,124.87,127.54,121.33,126.2,1670628.0
2009-05-20,125.57,136.45,125.0,135.94,3095469.0
2009-05-21,136.0,136.5,126.75,128.0,1678357.0
2009-05-22,129.9,133.3,123.8,126.5,2859102.0
2009-05-25,127.99,129.0,124.51,126.0,604830.0
2009-05-26,125.22,126.5,123.01,125.44,1969976.0
2009-05-27,127.66,131.33,126.27,129.5,2527789.0
2009-05-28,128.5,132.58,127.3,129.0,1207583.0
2009-05-29,133.49,150.0,132.0,146.9,2630019.0
2009-06-01,149.99,153.55,148.49,151.85,3286147.0
2009-06-02,152.0,152.01,145.0,146.6,1966649.0
2009-06-03,146.4,147.99,130.0,130.3,3073333.0
2009-06-04,129.43,133.87,123.9,129.79,2074703.0
2009-06-05,134.0,137.7,124.05,129.5,2313440.0
2009-06-08,127.5,129.1,121.37,126.85,1382894.0
2009-06-09,128.0,129.5,121.36,122.0,2180632.0
2009-06-10,126.5,129.85,125.0,127.5,2792272.0
2009-06-11,128.5,130.68,125.11,126.95,1225901.0
2009-06-15,123.1,123.5,119.98,121.36,1337882.0
2009-06-16,120.9,122.29,119.32,120.15,2760540.0
2009-06-17,119.53,120.29,114.9,114.9,2019679.0
2009-06-18,115.5,117.4,102.21,107.99,3308385.0
2009-06-19,110.01,110.77,103.82,105.37,1941791.0
2009-06-22,105.01,105.01,99.54,100.97,1946386.0
2009-06-23,99.0,104.08,95.57,100.6,3107695.0
2009-06-24,102.55,112.11,102.12,112.0,2540956.0
2009-06-25,110.9,113.44,105.09,111.3,2166722.0
2009-06-26,113.5,117.44,111.0,112.55,2166996.0
2009-06-29,108.59,121.49,106.02,121.07,2623875.0
2009-06-30,122.79,129.36,122.71,126.5,7476084.0
2009-07-01,125.8,129.94,124.57,127.51,3696371.0
2009-07-02,124.99,126.5,120.31,121.83,1746857.0
2009-07-03,120.61,122.98,116.6,118.0,1881332.0
2009-07-06,116.0,116.0,108.0,108.89,2590900.0
2009-07-07,109.6,111.99,106.25,107.01,3480077.0
2009-07-08,103.99,106.66,101.22,102.45,2432842.0
2009-07-09,102.65,105.8,99.0,99.99,3856710.0
2009-07-10,99.85,101.47,95.63,96.3,4049594.0
2009-07-13,94.9,99.18,93.23,97.25,4650644.0
2009-07-14,99.98,102.02,98.09,98.38,5323873.0
2009-07-15,100.06,103.95,99.88,103.85,2891656.0
2009-07-16,105.09,106.2,102.0,103.99,3344401.0
2009-07-17,104.68,109.34,103.5,107.8,2491745.0
2009-07-20,109.55,110.87,107.5,107.85,3001336.0
2009-07-21,108.2,110.5,106.04,109.79,2455256.0
2009-07-22,108.01,110.32,104.75,105.22,2508526.0
2009-07-23,106.16,112.58,106.01,112.45,2575580.0
2009-07-24,113.3,115.0,110.0,111.9,3641194.0
2009-07-27,114.5,118.3,114.49,117.07,3337189.0
2009-07-28,117.5,121.88,113.36,115.15,4186141.0
2009-07-29,112.95,115.55,111.1,113.3,3003417.0
2009-07-30,115.01,124.99,115.01,124.99,4883875.0
2009-07-31,126.18,128.5,121.2,128.47,3739581.0
2009-08-03,129.94,132.2,128.88,130.5,3248962.0
2009-08-04,129.95,129.99,126.0,127.99,1934203.0
2009-08-05,127.75,130.85,124.0,124.0,2570050.0
2009-08-06,126.27,129.31,122.5,125.3,2465657.0
2009-08-07,125.32,129.74,119.91,126.79,3610152.0
2009-08-10,125.98,128.44,124.03,125.99,1270590.0
2009-08-11,125.93,127.28,120.15,121.01,1425416.0
2009-08-12,120.05,122.91,117.4,121.7,2319458.0
2009-08-13,123.65,125.5,119.25,121.55,2189617.0
2009-08-14,122.0,122.0,115.8,117.46,1389907.0
2009-08-17,114.1,116.8,113.25,114.51,1561262.0
2009-08-18,116.34,117.6,112.85,114.2,1513303.0
2009-08-19,115.0,116.78,111.4,115.5,1576770.0
2009-08-20,117.3,119.97,115.85,119.97,1817307.0
2009-08-21,118.3,127.0,116.52,125.89,2724144.0
2009-08-24,127.0,135.0,126.0,133.51,3349975.0
2009-08-25,130.0,133.88,129.1,130.4,3793396.0
2009-08-26,129.45,130.77,125.0,126.05,2401678.0
2009-08-27,125.89,128.66,122.16,122.52,1632282.0
2009-08-28,125.09,129.89,124.72,129.02,1715531.0
2009-08-31,126.76,128.26,125.25,126.59,1037936.0
2009-09-01,127.6,129.25,125.4,126.28,1709894.0
2009-09-02,122.99,124.79,118.02,120.53,4226593.0
2009-09-03,120.9,123.15,118.7,120.45,2156045.0
2009-09-04,120.96,124.16,117.11,120.21,2314307.0
2009-09-07,121.42,123.2,120.87,123.14,1815491.0
2009-09-08,123.2,129.5,123.14,128.91,2919577.0
2009-09-09,128.58,131.55,125.58,130.8,4156686.0
2009-09-10,132.0,133.0,127.27,129.1,2985458.0
2009-09-11,130.2,131.45,127.81,129.56,4479714.0
2009-09-14,125.82,128.4,124.02,127.61,2347776.0
2009-09-15,128.11,131.59,127.8,130.0,2590755.0
2009-09-16,131.49,132.74,128.21,129.8,4147365.0
2009-09-17,131.6,132.2,127.05,128.5,2628997.0
2009-09-18,126.99,130.87,126.0,127.07,3170487.0
2009-09-21,125.0,126.17,119.8,120.98,2531942.0
2009-09-22,121.7,125.56,121.5,125.04,1746301.0
2009-09-23,125.04,127.53,122.98,126.29,2347895.0
2009-09-24,123.9,127.8,120.0,120.55,2502588.0
2009-09-25,121.06,123.5,119.0,120.5,2781157.0
2009-09-28,119.8,124.22,118.07,124.01,3078119.0
2009-09-29,124.0,129.02,123.0,128.76,4792284.0
2009-09-30,129.0,136.0,125.25,126.18,6641151.0
2009-10-01,127.6,130.0,126.65,128.6,1832447.0
2009-10-02,126.18,126.43,121.5,123.85,2066392.0
2009-10-05,124.4,127.15,123.0,124.9,1147417.0
2009-10-06,126.65,128.5,125.55,127.73,1715644.0
2009-10-07,129.04,130.89,126.25,127.31,2108063.0
2009-10-08,128.15,134.0,128.15,133.65,2223433.0
2009-10-09,134.1,136.4,131.18,135.39,3417828.0
2009-10-12,136.4,144.99,136.02,141.21,4293997.0
2009-10-13,140.99,140.99,136.29,137.75,2807295.0
2009-10-14,140.0,141.9,138.5,139.9,3237018.0
2009-10-15,140.77,143.77,139.01,142.5,4231965.0
2009-10-16,145.0,145.0,138.6,138.61,2906430.0
2009-10-19,140.98,144.3,136.78,142.0,3908992.0
2009-10-20,144.8,145.59,140.33,142.09,1744485.0
2009-10-21,140.63,143.59,139.2,143.49,1560192.0
2009-10-22,142.21,142.76,139.55,141.01,1127143.0
2009-10-23,143.45,144.27,140.1,140.65,2128868.0
2009-10-26,140.0,141.89,137.83,141.6,1123830.0
2009-10-27,139.6,140.38,134.59,135.69,2244034.0
2009-10-28,134.8,134.98,127.15,127.5,2226948.0
2009-10-29,126.0,130.56,124.7,129.53,3213201.0
2009-10-30,130.83,130.9,125.57,125.73,2273445.0
2009-11-02,125.9,131.0,124.0,130.8,2078362.0
2009-11-03,129.0,130.16,122.6,124.2,2283744.0
2009-11-05,127.0,134.33,124.81,133.95,2798494.0
2009-11-06,135.01,136.87,129.18,129.85,3659152.0
2009-11-09,132.94,135.87,131.31,135.7,2163565.0
2009-11-10,135.87,142.0,134.06,141.11,2494657.0
2009-11-11,141.0,143.65,137.1,137.47,1476572.0
2009-11-12,137.3,140.5,136.16,140.2,1338573.0
2009-11-13,138.08,144.19,137.5,142.35,1590690.0
2009-11-16,144.91,147.01,143.12,146.05,2105174.0
2009-11-17,145.52,146.5,142.09,142.6,1804376.0
2009-11-18,144.12,147.5,143.61,145.4,1948749.0
2009-11-19,145.0,147.22,141.5,141.73,1994544.0
2009-11-20,143.2,146.3,138.88,144.61,2135567.0
2009-11-23,147.3,148.87,145.51,145.85,1337413.0
2009-11-24,143.07,145.46,140.0,142.5,1491006.0
2009-11-25,143.88,144.0,139.08,140.01,1178319.0
2009-11-26,139.99,139.99,134.1,136.0,1351880.0
2009-11-27,131.87,139.45,129.6,138.74,2362360.0
2009-11-30,140.86,142.5,136.57,138.25,1291249.0
2009-12-01,139.79,145.07,138.99,144.98,1118119.0
2009-12-02,144.9,147.0,142.35,143.5,1067023.0
2009-12-03,144.73,145.5,140.0,140.26,866096.0
2009-12-04,140.21,144.99,137.52,144.22,1255546.0
2009-12-07,142.99,144.0,139.01,140.67,1068232.0
2009-12-08,140.0,142.67,138.6,140.0,1540494.0
2009-12-09,139.6,142.99,136.36,137.02,2634090.0
2009-12-10,136.02,137.25,133.49,135.39,2736995.0
2009-12-11,136.2,137.9,135.5,136.0,1430765.0
2009-12-14,137.58,139.94,136.61,139.85,1325273.0
2009-12-15,140.0,142.52,138.03,142.5,2074100.0
2009-12-16,142.6,148.45,142.5,148.37,2674000.0
2009-12-17,146.86,148.0,143.6,145.1,3228849.0
2009-12-18,145.1,146.7,140.25,141.68,1997671.0
2009-12-21,142.51,143.47,139.21,142.38,1652614.0
2009-12-22,142.03,142.03,138.3,138.7,1029564.0
2009-12-23,140.1,140.38,137.5,139.0,1218943.0
2009-12-24,140.39,140.44,137.28,138.25,1258202.0
2009-12-25,138.24,139.47,137.44,138.7,544143.0
2009-12-28,139.99,141.48,138.91,141.0,888796.0
2009-12-29,141.5,142.19,138.52,140.37,1580105.0
2009-12-30,140.02,140.96,137.78,139.0,879913.0
2009-12-31,139.33,140.1,138.62,139.86,211700.0
2010-01-11,142.0,146.61,142.0,144.2,2327087.0
2010-01-12,144.0,144.73,142.01,142.76,1182257.0
2010-01-13,142.1,145.3,141.15,144.5,1430881.0
2010-01-14,145.0,145.09,142.26,144.08,1299912.0
2010-01-15,144.07,147.13,143.78,145.25,1371648.0
2010-01-18,144.19,146.95,143.01,145.99,877660.0
2010-01-19,145.44,145.87,143.02,145.0,1120141.0
2010-01-20,144.5,146.42,143.14,144.22,1063080.0
2010-01-21,145.22,145.86,140.01,141.0,1210708.0
2010-01-22,139.99,139.99,135.5,138.99,1751429.0
2010-01-25,137.0,142.4,137.0,141.11,1485818.0
2010-01-26,141.8,141.8,136.7,138.5,1402743.0
2010-01-27,137.12,141.41,135.9,139.5,1186494.0
2010-01-28,140.7,143.0,139.78,142.01,1766918.0
2010-01-29,141.02,144.0,139.92,144.0,1353707.0
2010-02-01,142.2,143.2,140.2,141.86,1082618.0
2010-02-02,143.32,144.0,141.09,142.35,1546889.0
2010-02-03,143.87,143.88,141.33,141.56,1575721.0
2010-02-04,141.5,142.21,139.33,141.28,1134645.0
2010-02-05,139.0,139.85,136.68,137.5,2424694.0
2010-02-08,137.12,139.05,134.71,135.31,1353852.0
2010-02-09,135.6,140.8,135.6,139.51,1723042.0
2010-02-10,140.77,141.8,138.02,139.83,1250114.0
2010-02-11,141.01,141.33,139.2,140.9,1137031.0
2010-02-12,141.4,142.3,137.58,139.89,1610799.0
2010-02-15,139.85,140.48,138.71,139.7,596325.0
2010-02-16,140.56,141.78,139.7,140.86,1383798.0
2010-02-17,141.51,142.79,139.9,140.95,1843007.0
2010-02-18,140.39,141.2,139.23,140.0,945707.0
2010-02-19,139.0,142.0,138.5,141.0,1135409.0
2010-02-24,140.99,142.4,140.5,141.79,973724.0
2010-02-25,141.63,142.33,136.69,136.9,1146076.0
2010-02-26,138.15,139.77,137.54,139.05,756771.0
2010-02-27,139.05,141.0,138.0,140.98,379611.0
2010-03-01,141.56,142.1,140.51,142.08,1354696.0
2010-03-02,142.17,143.17,141.15,141.78,1032760.0
2010-03-03,141.78,142.13,140.71,141.64,1018221.0
2010-03-04,140.99,144.92,140.65,143.75,2993408.0
2010-03-05,144.47,148.8,143.86,147.51,2359903.0
2010-03-09,146.9,147.99,146.04,147.0,1457913.0
2010-03-10,146.65,147.45,145.01,146.69,1877284.0
2010-03-11,146.01,147.0,143.7,143.95,1097561.0
2010-03-12,144.4,147.4,144.15,146.51,2311862.0
2010-03-15,145.69,146.51,142.13,144.25,1694799.0
2010-03-16,144.51,145.75,143.65,145.69,1332873.0
2010-03-17,146.11,148.0,146.11,147.2,1484561.0
2010-03-18,146.5,147.4,144.85,145.14,1336497.0
2010-03-19,145.44,145.51,141.56,143.21,1525080.0
2010-03-22,141.65,143.45,140.05,143.21,1019680.0
2010-03-23,143.94,144.25,141.16,142.08,1209746.0
2010-03-24,142.05,144.18,141.11,141.11,1457956.0
2010-03-25,142.0,143.97,141.5,143.75,1174529.0
2010-03-26,143.0,145.44,142.55,143.98,918097.0
2010-03-29,143.78,146.0,142.61,145.74,860044.0
2010-03-30,146.5,147.0,143.61,145.82,1228205.0
2010-03-31,145.51,146.55,144.45,145.91,1349990.0
2010-04-01,146.07,148.0,145.6,147.6,3256179.0
2010-04-02,147.98,148.2,145.71,145.82,922455.0
2010-04-05,146.49,146.93,145.77,146.5,615257.0
2010-04-06,146.31,148.68,146.3,147.99,3265038.0
2010-04-07,147.99,148.38,146.22,146.86,2098068.0
2010-04-08,146.77,146.98,144.52,146.2,1603762.0
2010-04-09,147.01,147.66,145.8,146.19,2033560.0
2010-04-12,146.01,146.7,145.15,145.8,554328.0
2010-04-13,145.01,146.25,144.25,144.63,947177.0
2010-04-14,145.2,147.19,144.7,147.0,2468089.0
2010-04-15,147.72,147.75,146.0,147.15,1484746.0
2010-04-16,146.74,147.3,145.2,145.56,808113.0
2010-04-19,144.81,144.85,141.42,142.72,3313745.0
2010-04-20,143.11,145.2,142.86,144.45,991353.0
2010-04-21,144.8,147.5,143.6,146.79,2240609.0
2010-04-22,146.31,146.83,144.0,145.68,1503252.0
2010-04-23,145.04,147.15,144.77,146.24,1266836.0
2010-04-26,146.86,147.9,146.16,146.52,1041836.0
2010-04-27,146.2,147.26,145.07,146.34,1397745.0
2010-04-28,144.29,145.5,142.57,144.39,1955449.0
2010-04-29,144.4,145.1,143.23,143.9,1005645.0
2010-04-30,144.39,145.22,142.11,145.0,1356346.0
2010-05-04,145.61,147.0,142.58,142.84,1648067.0
2010-05-05,142.5,143.98,137.53,138.8,2715753.0
2010-05-06,138.51,144.98,137.25,143.05,2493749.0
2010-05-07,138.0,142.84,135.65,137.53,2077500.0
2010-05-11,140.58,141.0,128.7,130.93,2454132.0
2010-05-12,130.06,135.44,128.5,134.5,1671437.0
2010-05-13,134.65,136.19,130.51,132.55,1661400.0
2010-05-14,132.03,132.32,128.5,129.0,1160173.0
2010-05-17,127.01,131.5,125.87,131.5,1337960.0
2010-05-18,131.7,133.0,130.0,132.1,1005817.0
2010-05-19,130.12,130.94,128.5,130.09,912969.0
2010-05-20,130.09,131.98,120.66,122.0,1639911.0
2010-05-21,122.97,127.9,120.55,124.56,2152426.0
2010-05-24,125.71,127.87,123.51,126.44,977386.0
2010-05-25,123.65,124.84,120.49,121.15,2347383.0
2010-05-26,122.99,124.35,119.62,124.0,3167201.0
2010-05-27,123.6,131.85,122.25,131.15,3016080.0
2010-05-28,131.01,135.91,129.51,133.5,1955219.0
2010-05-31,133.89,140.23,133.07,140.2,1436060.0
2010-06-01,138.81,138.98,133.99,136.44,2408412.0
2010-06-02,134.95,135.94,133.47,135.7,1563262.0
2010-06-03,137.2,140.0,135.67,136.36,1773608.0
2010-06-04,136.36,139.47,133.75,134.1,1472882.0
2010-06-07,131.71,133.4,128.05,132.37,1122726.0
2010-06-08,132.15,133.99,128.05,129.0,1211584.0
2010-06-09,129.65,134.6,128.28,134.46,1506753.0
2010-06-10,134.46,141.38,132.14,140.2,2518217.0
2010-06-11,140.0,141.7,137.85,139.99,1776857.0
2010-06-15,140.62,143.14,140.1,143.0,1851530.0
2010-06-16,143.23,144.44,140.22,141.01,1817099.0
2010-06-17,140.85,144.13,139.33,143.8,1899382.0
2010-06-18,143.01,145.47,141.0,145.0,1436969.0
2010-06-21,146.3,147.0,145.23,146.41,1640859.0
2010-06-22,145.27,146.2,143.34,145.2,1201253.0
2010-06-23,144.32,146.4,143.77,144.67,1243977.0
2010-06-24,145.2,145.9,142.54,143.5,568757.0
2010-06-25,143.5,145.0,142.18,142.4,799125.0
2010-06-28,143.1,144.35,141.0,143.7,1012498.0
2010-06-29,142.22,142.78,138.81,139.4,929679.0
2010-06-30,140.1,141.2,138.31,140.0,903400.0
2010-07-01,137.77,139.68,135.72,136.19,1432402.0
2010-07-02,137.19,141.48,136.53,141.37,930029.0
2010-07-05,141.5,142.9,141.07,141.3,518916.0
2010-07-06,142.2,145.46,141.69,144.57,920864.0
2010-07-07,143.33,145.5,141.3,145.1,876750.0
2010-07-08,146.4,146.48,143.5,144.7,716319.0
2010-07-09,145.1,146.0,143.0,143.93,883694.0
2010-07-12,143.4,145.43,142.1,144.45,602628.0
2010-07-13,143.7,145.63,143.22,144.81,937321.0
2010-07-14,144.61,146.0,144.28,145.6,988396.0
2010-07-15,145.43,146.15,143.8,144.3,1249154.0
2010-07-16,144.55,145.85,143.5,145.0,744219.0
2010-07-19,144.33,145.7,144.2,145.5,593688.0
2010-07-20,145.5,146.74,144.39,144.54,754359.0
2010-07-21,145.11,146.0,144.85,145.58,1095981.0
2010-07-22,144.92,147.35,144.82,147.08,3361992.0
2010-07-23,147.08,147.73,145.7,146.0,809515.0
2010-07-26,146.0,147.33,145.55,145.95,749648.0
2010-07-27,146.41,147.5,145.91,146.7,746019.0
2010-07-28,147.19,147.44,144.5,144.54,760115.0
2010-07-29,144.53,147.38,144.51,147.01,1504432.0
2010-07-30,146.49,147.95,145.65,146.94,1037240.0
2010-08-02,148.0,148.92,146.2,147.0,1335658.0
2010-08-03,147.5,147.75,145.23,146.85,1251260.0
2010-08-04,146.97,147.55,146.25,147.06,1433847.0
2010-08-05,146.86,147.45,145.8,146.94,507713.0
2010-08-06,146.86,147.34,144.3,145.01,887353.0
2010-08-09,144.61,147.0,144.3,146.28,974027.0
2010-08-10,145.44,146.23,143.01,144.66,1063855.0
2010-08-11,143.68,145.79,143.0,143.68,1075344.0
2010-08-12,143.13,144.44,142.45,143.4,790081.0
2010-08-13,143.95,145.36,143.1,143.45,782720.0
2010-08-16,144.35,144.68,142.14,144.32,883820.0
2010-08-17,145.2,147.0,144.41,145.8,1262159.0
2010-08-18,146.01,146.73,144.06,146.15,732285.0
2010-08-19,146.15,147.2,143.82,144.49,1167659.0
2010-08-20,144.0,144.43,141.03,143.53,858946.0
2010-08-23,143.33,143.98,141.7,142.54,787302.0
2010-08-24,141.5,141.64,136.3,137.47,2051060.0
2010-08-25,137.37,138.34,136.14,137.8,1085485.0
2010-08-26,138.24,139.4,137.0,138.36,1025793.0
2010-08-27,137.7,140.6,136.68,140.19,938246.0
2010-08-30,141.98,142.5,140.52,141.99,394366.0
2010-08-31,139.5,142.6,138.51,142.0,841013.0
2010-09-01,142.08,145.0,140.44,144.5,2104723.0
2010-09-02,144.29,145.8,143.35,144.6,743934.0
2010-09-03,144.95,145.74,144.1,145.35,504588.0
2010-09-06,145.77,146.25,144.5,145.67,511131.0
2010-09-07,145.47,146.2,143.3,143.62,939334.0
2010-09-08,143.45,144.99,142.67,144.62,894926.0
2010-09-09,145.0,145.45,143.73,144.81,1086228.0
2010-09-10,144.47,145.1,144.06,144.8,467430.0
2010-09-13,145.56,146.5,144.85,146.39,1794758.0
2010-09-14,145.55,146.5,144.0,145.84,938611.0
2010-09-15,146.0,147.25,145.22,147.0,1288907.0
2010-09-16,146.66,147.0,145.8,146.05,521922.0
2010-09-17,147.2,147.61,145.26,145.75,1056416.0
2010-09-20,146.0,146.4,145.0,145.63,526460.0
2010-09-21,145.72,146.98,145.15,146.03,720455.0
2010-09-22,146.15,146.15,143.71,143.83,938266.0
2010-09-23,143.83,145.44,142.0,143.5,606348.0
2010-09-24,142.65,146.08,142.2,145.97,1118629.0
2010-09-27,146.05,146.7,144.3,145.01,1370677.0
2010-09-28,144.59,146.55,143.5,144.84,666245.0
2010-09-29,144.84,145.8,144.11,145.6,1030967.0
2010-09-30,145.44,146.8,145.01,146.56,1471668.0
2010-10-01,146.21,149.47,145.52,149.39,2900398.0
2010-10-04,149.87,152.2,149.02,152.06,2866577.0
2010-10-05,152.0,152.8,149.69,151.0,2052620.0
2010-10-06,152.02,152.74,149.15,150.72,1869031.0
2010-10-07,150.79,151.49,148.5,150.5,1070462.0
2010-10-08,149.98,150.5,148.25,150.0,797622.0
2010-10-11,150.5,151.37,149.5,150.89,825525.0
2010-10-12,149.76,151.23,148.56,150.2,677082.0
2010-10-13,151.49,151.94,150.36,151.45,1739179.0
2010-10-14,151.95,152.2,149.35,150.75,1322232.0
2010-10-15,150.94,150.94,149.36,150.3,632277.0
2010-10-18,149.55,150.96,148.12,149.78,674559.0
2010-10-19,149.74,150.44,148.52,149.59,886020.0
2010-10-20,148.71,149.95,146.97,148.05,1016801.0
2010-10-21,148.18,151.5,144.0,148.0,2281550.0
2010-10-22,147.7,150.47,147.55,149.5,1152090.0
2010-10-25,150.97,150.97,149.02,150.0,481738.0
2010-10-26,150.49,151.0,148.03,148.6,593689.0
2010-10-27,148.7,149.4,145.52,146.0,667386.0
2010-10-28,145.0,147.42,145.0,145.89,629306.0
2010-10-29,145.67,148.12,145.1,148.1,700590.0
2010-11-01,148.05,150.3,147.4,148.41,850594.0
2010-11-02,148.41,149.5,148.05,148.48,446253.0
2010-11-03,148.51,149.7,147.57,148.43,340303.0
2010-11-08,151.56,152.8,150.55,151.88,1890041.0
2010-11-09,151.4,153.53,150.9,152.9,2001204.0
2010-11-10,152.02,152.86,149.58,152.01,983772.0
2010-11-11,151.72,153.1,149.21,149.4,767097.0
2010-11-12,148.85,150.5,147.55,149.8,750796.0
2010-11-13,149.03,149.81,146.05,147.34,466902.0
2010-11-15,147.34,150.7,147.01,149.43,864472.0
2010-11-16,148.35,148.96,146.85,148.0,883246.0
2010-11-17,147.58,149.5,146.11,148.93,834980.0
2010-11-18,149.46,152.0,148.2,151.58,1108292.0
2010-11-19,151.68,151.68,149.21,150.5,663677.0
2010-11-22,151.3,151.5,150.01,150.87,727570.0
2010-11-23,150.08,150.88,148.76,150.5,1546216.0
2010-11-24,150.15,151.13,148.46,149.5,1295480.0
2010-11-25,149.85,150.0,148.54,149.19,531999.0
2010-11-26,149.19,150.08,148.48,149.8,480918.0
2010-11-29,149.79,150.12,147.8,148.62,489648.0
2010-11-30,149.31,149.5,147.1,148.47,1096544.0
2010-12-01,148.19,149.2,147.52,148.68,1279428.0
2010-12-02,149.44,150.01,147.9,150.0,1275150.0
2010-12-03,149.97,150.77,148.78,150.0,1465162.0
2010-12-06,150.51,154.0,150.0,154.0,1228222.0
2010-12-07,154.99,155.0,151.85,153.1,1537475.0
2010-12-08,152.55,153.93,148.5,149.66,1323885.0
2010-12-09,150.05,150.35,148.18,148.92,2029763.0
2010-12-10,149.09,149.44,147.53,148.43,977653.0
2010-12-13,148.49,149.64,147.2,147.59,1795922.0
2010-12-14,147.58,147.87,145.51,147.8,1769888.0
2010-12-15,147.13,148.95,145.61,148.85,1796944.0
2010-12-16,147.98,148.87,146.89,147.72,446496.0
2010-12-17,147.8,150.1,147.55,150.0,2028911.0
2010-12-20,149.88,150.18,148.05,149.74,863635.0
2010-12-21,149.82,150.55,148.7,149.28,646202.0
2010-12-22,149.64,149.64,148.16,149.0,927329.0
2010-12-23,149.01,149.75,148.2,149.7,786078.0
2010-12-24,149.6,149.6,147.65,148.22,665544.0
2010-12-27,147.92,147.99,146.81,147.05,330250.0
2010-12-28,147.2,148.0,146.47,146.86,825145.0
2010-12-29,146.86,148.65,146.3,148.2,498960.0
2010-12-30,148.28,148.7,144.0,148.7,628644.0
2011-01-11,148.4,155.94,148.29,155.89,5202154.0
2011-01-12,156.0,159.13,154.53,157.6,3497419.0
2011-01-13,158.23,158.43,154.98,155.8,1721162.0
2011-01-14,155.22,157.35,154.03,157.0,1218788.0
2011-01-17,156.99,161.25,156.38,160.84,1933981.0
2011-01-18,160.95,161.76,158.2,159.8,1846813.0
2011-01-19,160.44,162.62,159.65,162.0,1976031.0
2011-01-20,160.96,161.62,159.22,161.21,1089831.0
2011-01-21,161.12,166.97,161.11,165.7,2197392.0
2011-01-24,165.99,166.27,163.0,165.1,1050936.0
2011-01-25,165.11,166.37,160.0,161.06,1430521.0
2011-01-26,161.8,163.67,160.52,161.0,1123420.0
2011-01-27,162.0,163.97,161.12,163.39,1257877.0
2011-01-28,162.58,163.49,161.23,163.4,940047.0
2011-01-31,162.7,162.7,158.45,161.89,1286426.0
2011-02-01,162.5,166.1,161.23,165.95,1042643.0
2011-02-02,166.2,172.7,166.16,170.0,2430034.0
2011-02-03,170.21,171.96,167.3,168.59,1732427.0
2011-02-04,169.0,174.0,169.0,173.56,1981683.0
2011-02-07,173.38,175.75,172.39,175.4,1319790.0
2011-02-08,175.45,175.51,167.16,168.48,1436719.0
2011-02-09,168.95,171.5,166.89,167.46,870235.0
2011-02-10,166.86,168.67,159.87,160.2,1744123.0
2011-02-11,161.88,165.0,161.04,163.43,706898.0
2011-02-14,164.98,173.51,162.5,167.92,979153.0
2011-02-15,166.82,168.6,163.09,163.42,966702.0
2011-02-16,163.42,166.44,162.51,165.41,731405.0
2011-02-17,166.09,166.79,163.8,165.73,806560.0
2011-02-18,165.58,168.5,164.75,166.45,1265834.0
2011-02-21,166.43,168.75,166.25,168.75,1054462.0
2011-02-22,168.62,173.0,166.52,173.0,1763686.0
2011-02-24,174.14,175.44,172.02,173.51,2346978.0
2011-02-25,174.26,174.99,170.08,172.25,1241314.0
2011-02-28,172.38,174.78,171.56,173.99,2087093.0
2011-03-01,175.24,175.8,171.38,172.52,1029830.0
2011-03-02,172.0,174.98,170.6,174.4,1471200.0
2011-03-03,174.35,178.25,174.35,175.6,2032180.0
2011-03-04,176.29,176.9,174.5,176.24,811100.0
2011-03-05,175.3,178.45,175.3,177.87,410190.0
2011-03-09,177.87,188.29,177.06,183.9,3222010.0
2011-03-10,184.0,184.0,177.99,180.66,2168170.0
2011-03-11,178.0,182.4,177.21,178.28,1545900.0
2011-03-14,176.76,182.4,175.51,181.64,1218300.0
2011-03-15,179.46,181.81,176.75,179.24,2327140.0
2011-03-16,179.88,180.99,176.31,177.54,1393250.0
2011-03-17,178.51,180.4,176.39,177.6,1438120.0
2011-03-18,179.0,179.28,172.57,173.72,1795370.0
2011-03-21,175.34,175.34,171.87,173.23,1314520.0
2011-03-22,173.24,173.59,170.86,172.8,1015880.0
2011-03-23,172.46,182.0,171.07,182.0,1903910.0
2011-03-24,182.0,183.99,180.02,182.7,1450000.0
2011-03-25,183.4,183.87,181.33,182.77,752350.0
2011-03-28,182.35,183.18,181.63,182.21,317330.0
2011-03-29,181.88,182.89,178.54,179.96,767310.0
2011-03-30,180.91,183.96,180.81,183.0,900170.0
2011-03-31,183.02,184.97,181.2,183.07,941610.0
2011-04-01,182.49,188.0,181.4,187.37,1979860.0
2011-04-04,187.41,192.37,186.67,191.2,2051310.0
2011-04-05,190.93,192.28,188.91,191.88,799410.0
2011-04-06,192.0,197.0,188.52,194.86,1926990.0
2011-04-07,194.7,195.0,191.01,194.99,1438970.0
2011-04-08,195.21,196.56,192.3,194.53,1200710.0
2011-04-11,194.83,194.99,190.47,192.7,837590.0
2011-04-12,190.3,190.3,185.49,187.16,1305170.0
2011-04-13,187.5,188.46,184.5,185.39,1464780.0
2011-04-14,185.99,186.0,179.22,180.68,1238150.0
2011-04-15,180.16,180.98,177.81,178.9,1460420.0
2011-04-18,178.87,179.49,171.4,172.95,1272140.0
2011-04-19,174.02,183.55,173.1,183.55,1518140.0
2011-04-20,183.88,187.55,182.33,187.55,1792380.0
2011-04-21,187.78,188.34,184.05,184.49,1577880.0
2011-04-22,185.73,188.9,184.37,188.6,607000.0
2011-04-25,188.57,192.16,183.2,184.46,1722500.0
2011-04-26,183.71,185.25,180.5,183.86,1433140.0
2011-04-27,184.49,184.76,176.7,179.76,976400.0
2011-04-28,181.56,181.98,176.0,180.16,717110.0
2011-04-29,179.07,179.16,175.9,178.95,670900.0
2011-05-03,177.28,182.0,172.66,172.7,1049770.0
2011-05-04,172.01,173.92,169.0,171.21,2613550.0
2011-05-05,172.89,173.06,165.36,168.92,1467360.0
2011-05-06,165.0,178.57,164.9,174.22,3400960.0
2011-05-10,171.5,171.99,165.5,166.2,1796390.0
2011-05-11,167.3,168.48,164.3,165.66,1595110.0
2011-05-12,164.7,165.87,156.05,158.9,4274380.0
2011-05-13,159.02,160.19,155.75,158.0,2104220.0
2011-05-16,155.84,157.72,154.27,156.69,2102530.0
2011-05-17,156.61,158.39,153.21,154.5,1790070.0
2011-05-18,156.39,158.92,155.2,157.14,2522710.0
2011-05-19,157.38,160.6,155.9,157.07,1543170.0
2011-05-20,157.5,158.74,153.4,154.79,2196090.0
2011-05-23,153.22,154.42,151.78,152.54,1269840.0
2011-05-24,153.0,156.36,152.57,155.99,1628880.0
2011-05-25,154.5,159.6,154.1,158.7,2288180.0
2011-05-26,159.5,161.39,156.77,160.8,1381450.0
2011-05-27,160.79,162.92,159.11,159.88,2038680.0
2011-05-30,160.2,160.59,158.5,158.99,410630.0
2011-05-31,160.58,162.55,159.7,161.94,1903060.0
2011-06-01,161.9,164.44,158.04,160.13,2347490.0
2011-06-02,158.86,161.31,157.06,159.73,1453810.0
2011-06-03,159.64,163.33,157.1,159.9,1960990.0
2011-06-06,159.41,160.4,155.44,156.48,1347790.0
2011-06-07,156.28,160.22,155.51,160.1,1002360.0
2011-06-08,160.09,162.15,158.42,160.76,1273180.0
2011-06-09,161.83,165.69,159.31,164.99,1971790.0
2011-06-10,164.05,168.0,163.2,167.5,2423650.0
2011-06-14,167.0,169.32,166.34,168.53,2427120.0
2011-06-15,168.51,172.98,167.34,170.84,3817850.0
2011-06-16,168.89,173.01,167.95,173.0,919340.0
2011-06-17,171.49,172.46,164.9,165.12,1614580.0
2011-06-20,164.46,166.3,162.49,165.03,628750.0
2011-06-21,165.28,170.64,165.22,170.04,1200360.0
2011-06-22,170.25,170.97,167.02,168.39,1187640.0
2011-06-23,166.79,169.24,164.8,165.25,1643290.0
2011-06-24,166.47,173.01,164.9,171.79,3047360.0
2011-06-27,170.3,174.0,167.87,169.06,1470620.0
2011-06-28,169.7,175.17,169.55,175.0,1726650.0
2011-06-29,175.5,179.0,175.15,177.25,1483960.0
2011-06-30,178.5,180.08,175.8,179.39,1607020.0
2011-07-01,179.74,199.56,176.5,185.0,5476850.0
2011-07-04,184.5,188.92,183.23,186.39,2664800.0
2011-07-05,186.0,191.77,184.5,189.6,2475000.0
2011-07-06,190.0,193.5,183.23,185.04,1746550.0
2011-07-07,187.0,189.98,185.38,188.15,2548070.0
2011-07-08,188.62,192.75,186.83,192.0,2880740.0
2011-07-11,190.59,191.98,185.58,189.0,2109550.0
2011-07-12,187.0,187.8,184.61,186.9,1262470.0
2011-07-13,187.28,191.9,185.04,191.89,1217290.0
2011-07-14,189.63,192.2,187.02,189.15,1508870.0
2011-07-15,188.0,189.28,186.59,188.07,736470.0
2011-07-18,187.83,188.72,184.11,185.88,918580.0
2011-07-19,185.78,186.86,183.6,185.2,1133100.0
2011-07-20,185.48,189.48,185.03,189.21,1562510.0
2011-07-21,189.3,191.0,185.77,191.0,1136570.0
2011-07-22,191.5,193.2,190.12,192.54,1539980.0
2011-07-25,190.52,194.38,190.07,194.38,1037070.0
2011-07-26,194.36,195.5,192.0,193.67,1021040.0
2011-07-27,193.39,194.0,188.81,189.6,991370.0
2011-07-28,188.7,191.5,188.08,191.5,935340.0
2011-07-29,190.49,190.55,182.2,184.2,1657880.0
2011-08-01,187.0,189.61,185.4,185.5,2026880.0
2011-08-02,185.48,185.5,179.71,180.5,2177320.0
2011-08-03,178.87,178.92,171.02,171.93,1952230.0
2011-08-04,173.43,173.7,169.0,169.94,1918160.0
2011-08-05,164.9,173.5,164.75,169.78,2557680.0
2011-08-08,166.47,168.79,160.2,160.22,2762310.0
2011-08-09,158.39,161.87,149.0,157.05,4305450.0
2011-08-10,160.0,161.61,150.0,150.92,3356530.0
2011-08-11,150.99,156.84,142.99,155.0,3726050.0
2011-08-12,156.56,161.8,154.07,156.7,2469030.0
2011-08-15,158.5,166.0,158.5,163.55,1884920.0
2011-08-16,162.95,163.3,154.7,159.0,2363070.0
2011-08-17,159.16,165.61,157.05,164.2,1739250.0
2011-08-18,162.3,163.69,154.7,155.42,2408820.0
2011-08-19,152.29,156.24,147.51,154.0,2896490.0
2011-08-22,151.97,156.79,149.55,153.35,1022110.0
2011-08-23,154.4,157.92,149.72,154.51,1870380.0
2011-08-24,154.95,156.0,151.8,154.63,1653820.0
2011-08-25,154.45,157.85,148.15,149.68,2479170.0
2011-08-26,150.22,151.48,143.74,146.92,2625730.0
2011-08-29,148.46,153.6,148.17,152.36,1501650.0
2011-08-30,153.0,153.46,150.0,152.49,1676630.0
2011-08-31,153.5,161.67,152.65,157.5,3734160.0
2011-09-01,157.96,162.4,157.3,161.06,2760070.0
2011-09-02,159.45,160.8,157.5,157.99,1742780.0
2011-09-05,155.32,156.47,154.1,155.18,1418240.0
2011-09-06,154.0,158.67,154.0,156.0,1422660.0
2011-09-07,157.6,164.51,157.6,162.7,2104430.0
2011-09-08,163.3,163.8,159.5,161.5,1336170.0
2011-09-09,160.0,160.9,156.7,157.43,1776580.0
2011-09-12,155.0,155.0,150.15,150.8,2129000.0
2011-09-13,152.33,155.33,148.44,150.54,2183940.0
2011-09-14,150.0,155.0,149.62,152.7,1910070.0
2011-09-15,154.5,162.48,154.5,156.86,4803470.0
2011-09-16,158.5,159.72,155.05,157.31,1409860.0
2011-09-19,156.09,156.57,149.91,150.5,2088120.0
2011-09-20,150.38,155.0,150.36,154.65,2281290.0
2011-09-21,153.76,155.65,151.6,152.04,953330.0
2011-09-22,148.87,149.0,137.36,139.3,4785330.0
2011-09-23,137.21,139.95,122.5,127.0,4337900.0
2011-09-26,125.21,130.38,120.2,129.95,4155870.0
2011-09-27,132.25,136.99,130.85,133.39,2031220.0
2011-09-28,132.0,135.7,129.0,129.92,2113460.0
2011-09-29,128.0,136.6,127.02,135.14,3051880.0
2011-09-30,135.2,136.01,130.2,135.49,3317920.0
2011-10-03,132.0,135.44,127.1,132.5,2071190.0
2011-10-04,131.01,134.0,126.04,128.12,3376940.0
2011-10-05,130.5,132.88,122.16,124.79,2953870.0
2011-10-06,127.96,131.44,127.0,129.58,3050420.0
2011-10-07,131.58,135.44,130.52,132.07,2564490.0
2011-10-10,133.07,137.96,131.65,137.88,1450270.0
2011-10-11,139.0,139.0,132.01,133.95,1777730.0
2011-10-12,133.99,138.9,133.07,138.0,2096640.0
2011-10-13,137.5,139.2,136.0,137.78,2663670.0
2011-10-14,137.94,141.32,137.5,138.59,1868520.0
2011-10-17,139.99,140.41,134.45,135.96,3695850.0
2011-10-18,135.43,145.09,133.99,144.26,3199460.0
2011-10-19,145.41,145.64,138.7,141.5,2926600.0
2011-10-20,138.29,141.22,135.0,141.22,2425480.0
2011-10-21,141.0,145.06,138.52,144.92,1674080.0
2011-10-24,145.53,147.98,142.99,147.9,1799210.0
2011-10-25,147.9,151.51,146.18,149.28,2251060.0
2011-10-26,148.22,155.0,147.28,153.24,2142870.0
2011-10-27,155.5,158.0,151.05,152.03,2897190.0
2011-10-28,152.51,154.83,149.77,153.94,2436130.0
2011-10-31,152.3,153.45,148.61,151.35,2166680.0
2011-11-01,149.92,151.42,147.4,149.36,2827640.0
2011-11-02,149.2,155.99,149.2,153.99,2438020.0
2011-11-03,151.68,155.44,148.65,154.3,1745090.0
2011-11-07,154.77,158.15,154.0,157.82,1287730.0
2011-11-08,158.03,159.67,156.53,158.07,872790.0
2011-11-09,159.07,160.8,152.87,154.68,2266290.0
2011-11-10,152.68,161.78,151.3,160.99,2554560.0
2011-11-11,161.16,166.71,158.53,165.87,2191670.0
2011-11-14,167.28,169.99,164.23,164.55,2037300.0
2011-11-15,163.87,167.31,157.03,160.03,3344780.0
2011-11-16,159.5,163.43,157.31,160.14,1452120.0
2011-11-17,160.51,162.68,154.09,157.05,2429490.0
2011-11-18,155.42,156.9,153.1,154.14,1027490.0
2011-11-21,153.25,153.97,143.5,143.7,2571430.0
2011-11-22,143.5,148.4,142.86,148.26,1878110.0
2011-11-23,146.32,151.65,145.01,146.67,2225330.0
2011-11-24,145.97,149.4,143.7,144.2,2855170.0
2011-11-25,143.69,148.2,139.45,147.79,1726360.0
2011-11-28,149.15,159.5,148.37,158.13,3236750.0
2011-11-29,159.16,162.29,157.04,157.7,1968520.0
2011-11-30,157.27,167.5,155.73,164.18,3965270.0
2011-12-01,166.93,169.5,164.51,166.25,1848900.0
2011-12-02,166.61,168.98,163.86,165.67,1457890.0
2011-12-05,166.0,169.87,161.54,168.85,1383350.0
2011-12-06,167.81,169.89,163.52,164.02,3952920.0
2011-12-07,164.5,167.0,160.51,161.0,3314400.0
2011-12-08,160.87,165.65,159.49,161.07,1869740.0
2011-12-09,158.87,159.78,153.5,153.5,2884950.0
2011-12-12,155.0,159.75,145.22,146.11,2548000.0
2011-12-13,145.12,152.15,143.17,152.15,2513930.0
2011-12-14,151.23,158.66,148.65,153.61,2889610.0
2011-12-15,152.23,155.42,147.71,152.0,4625770.0
2011-12-16,151.82,153.89,146.11,146.51,2091620.0
2011-12-19,146.51,150.82,144.1,149.73,1472390.0
2011-12-20,149.91,154.3,148.05,154.22,1783280.0
2011-12-21,155.03,156.2,148.82,149.4,2220410.0
2011-12-22,150.51,152.84,147.5,151.69,1571150.0
2011-12-23,152.77,154.3,150.6,150.86,889070.0
2011-12-26,151.51,154.0,151.51,153.63,638210.0
2011-12-27,153.8,155.5,152.61,155.0,1099410.0
2011-12-28,154.5,157.0,154.35,156.39,1217260.0
2011-12-29,155.2,156.99,151.53,154.0,1122160.0
2011-12-30,154.51,158.53,152.79,158.4,1370620.0
2012-01-03,159.02,172.77,159.02,172.01,1950230.0
2012-01-04,171.71,173.24,169.33,173.24,2186200.0
2012-01-05,173.65,175.0,168.2,168.91,1710750.0
2012-01-06,170.0,171.72,168.03,170.0,815120.0
2012-01-09,170.05,173.01,169.09,172.2,814030.0
2012-01-10,171.34,174.6,171.34,174.0,1765350.0
2012-01-11,172.69,173.9,169.9,169.9,1459190.0
2012-01-12,170.49,171.39,167.5,168.61,1490680.0
2012-01-13,168.04,169.69,167.17,167.5,977400.0
2012-01-16,166.96,168.56,164.17,168.0,1251780.0
2012-01-17,169.9,172.49,168.25,169.5,2362770.0
2012-01-18,170.14,171.82,168.05,171.82,1654720.0
2012-01-19,172.34,174.7,171.1,174.57,2486680.0
2012-01-20,174.98,177.5,173.0,176.97,3321490.0
2012-01-23,176.15,177.69,174.3,177.69,1746910.0
2012-01-24,176.56,178.12,173.31,175.0,1875960.0
2012-01-25,175.8,177.26,171.51,173.6,2561520.0
2012-01-26,177.1,188.98,174.16,176.24,1862500.0
2012-01-27,174.55,177.9,173.0,173.53,1931240.0
2012-01-30,173.25,173.49,169.82,170.24,2112030.0
2012-01-31,171.6,177.55,171.6,177.55,1809770.0
2012-02-01,176.77,178.0,175.66,177.5,1497320.0
2012-02-02,178.0,178.94,175.85,178.42,1743170.0
2012-02-03,178.48,179.89,177.2,179.84,1362470.0
2012-02-06,179.49,181.64,178.53,179.06,1649930.0
2012-02-07,179.59,181.6,177.02,177.97,1559980.0
2012-02-08,178.52,180.2,176.65,177.24,1729120.0
2012-02-09,177.5,178.52,174.35,176.27,2613150.0
2012-02-10,174.94,178.23,170.51,173.9,1907870.0
2012-02-13,174.08,176.59,172.0,174.94,1811880.0
2012-02-14,174.2,177.88,173.54,176.5,1232800.0
2012-02-15,177.52,180.34,177.26,179.93,1783850.0
2012-02-16,178.54,180.9,177.19,180.9,1218010.0
2012-02-17,181.37,183.77,180.9,183.49,2273550.0
2012-02-20,183.99,188.0,183.18,187.98,1264450.0
2012-02-21,187.95,189.59,185.64,187.71,1888440.0
2012-02-22,188.55,190.53,185.31,186.72,1592060.0
2012-02-24,188.01,192.0,185.2,191.22,2538720.0
2012-02-27,191.25,191.25,186.4,188.72,3465000.0
2012-02-28,189.5,190.5,187.11,187.54,1808460.0
2012-02-29,188.24,194.45,188.0,194.45,3472410.0
2012-03-01,193.45,194.4,190.82,194.4,1368250.0
2012-03-02,194.9,195.9,190.26,194.7,2505940.0
2012-03-05,195.0,196.5,194.14,195.63,1047500.0
2012-03-06,194.63,194.9,186.59,186.63,2401990.0
2012-03-07,185.86,189.68,185.12,188.66,1220740.0
2012-03-11,192.65,195.55,192.12,194.71,808450.0
2012-03-12,193.86,195.9,192.71,195.35,2230140.0
2012-03-13,196.39,199.5,196.1,199.38,1886080.0
2012-03-14,200.0,201.0,197.38,200.99,1683800.0
2012-03-15,199.84,203.7,199.33,199.5,4349850.0
2012-03-16,199.21,205.2,198.8,203.0,2533800.0
2012-03-19,203.98,204.7,195.25,197.5,2264400.0
2012-03-20,197.5,199.89,190.63,192.98,1684160.0
2012-03-21,193.77,194.99,189.38,191.18,2366900.0
2012-03-22,191.27,192.93,189.0,191.28,1011540.0
2012-03-23,193.72,194.47,189.37,193.9,1392080.0
2012-03-26,194.5,199.6,193.56,198.82,1074850.0
2012-03-27,199.9,200.46,197.06,198.3,1011530.0
2012-03-28,197.33,198.38,193.3,193.3,1543220.0
2012-03-29,193.31,195.51,186.5,191.94,2036040.0
2012-03-30,192.63,197.3,192.4,196.33,1868170.0
2012-04-02,198.41,199.5,193.75,197.3,1579620.0
2012-04-03,198.15,202.55,196.53,199.95,2174290.0
2012-04-04,198.06,200.87,192.53,195.66,2106790.0
2012-04-05,195.2,196.44,192.0,194.34,1724470.0
2012-04-06,195.26,195.87,189.2,190.03,997110.0
2012-04-09,190.0,193.99,186.78,193.98,1254590.0
2012-04-10,193.21,194.47,188.27,188.46,1637510.0
2012-04-11,188.0,188.77,184.6,185.07,2520870.0
2012-04-12,186.0,186.28,180.21,183.4,3099490.0
2012-04-13,183.96,186.44,181.14,182.54,1991960.0
2012-04-16,181.97,184.64,180.11,182.5,1654790.0
2012-04-17,182.0,182.67,179.9,180.0,1787620.0
2012-04-18,181.5,182.4,177.5,177.71,3316540.0
2012-04-19,178.15,185.47,176.01,184.47,2982210.0
2012-04-20,183.13,185.99,182.76,184.88,1853860.0
2012-04-23,184.5,184.71,178.35,179.19,1462240.0
2012-04-24,180.01,180.47,175.48,179.8,1378090.0
2012-04-25,179.0,180.88,176.5,176.5,1199640.0
2012-04-26,177.56,178.67,174.35,178.1,1581950.0
2012-04-27,177.06,182.62,176.79,179.37,1571430.0
2012-04-28,179.79,182.45,178.57,180.77,220900.0
2012-05-02,182.58,187.86,180.8,181.0,1458660.0
2012-05-03,181.0,182.52,178.5,179.1,1562260.0
2012-05-04,179.1,179.59,170.0,171.11,2415790.0
2012-05-05,169.76,172.49,168.01,170.29,305040.0
2012-05-07,168.0,183.48,166.14,179.2,1208810.0
2012-05-08,179.2,180.8,172.03,173.76,1476240.0
2012-05-10,173.76,178.5,169.0,170.5,3447100.0
2012-05-11,169.61,173.0,167.0,171.4,1301670.0
2012-05-12,170.88,172.0,169.95,171.31,205580.0
2012-05-14,171.8,173.2,163.17,163.99,1623570.0
2012-05-15,158.14,164.98,156.65,163.76,2977720.0
2012-05-16,161.61,162.68,156.53,158.64,2641970.0
2012-05-17,158.64,159.5,150.07,150.78,2916070.0
2012-05-18,147.85,155.55,145.0,149.42,2052420.0
2012-05-21,149.5,158.8,148.14,158.0,1618390.0
2012-05-22,158.95,161.76,153.88,155.17,1713300.0
2012-05-23,153.56,153.76,149.0,151.95,2559420.0
2012-05-24,153.04,161.45,152.11,160.02,2679150.0
2012-05-25,159.49,164.97,159.24,163.19,1703280.0
2012-05-28,164.25,165.98,163.56,164.7,1026320.0
2012-05-29,165.1,174.0,164.69,173.0,1558320.0
2012-05-30,172.3,172.78,164.55,168.75,2234750.0
2012-05-31,168.0,171.88,165.0,165.79,1930080.0
2012-06-01,166.0,169.0,160.14,161.89,1981600.0
2012-06-04,159.57,170.38,158.72,169.39,1473120.0
2012-06-05,170.95,171.68,164.9,167.01,1294620.0
2012-06-06,169.6,172.76,164.21,169.66,1807210.0
2012-06-07,170.7,176.78,164.7,175.85,2971670.0
2012-06-08,173.21,178.8,172.45,176.46,1579400.0
2012-06-09,176.9,179.79,176.9,179.22,371360.0
2012-06-13,177.89,182.26,176.84,179.7,1547060.0
2012-06-14,178.8,179.67,175.71,177.13,887070.0
2012-06-15,178.71,186.0,178.03,184.86,4611010.0
2012-06-18,185.81,187.99,182.35,186.28,2130280.0
2012-06-19,185.0,186.98,184.14,184.9,1191670.0
2012-06-20,185.19,187.0,182.81,185.79,1360670.0
2012-06-21,184.13,185.21,181.18,182.89,1585830.0
2012-06-22,180.84,182.47,176.02,176.16,2177800.0
2012-06-25,176.16,176.16,169.6,170.7,1638740.0
2012-06-26,171.18,174.68,170.21,171.51,1136030.0
2012-06-27,172.93,178.5,172.29,178.39,1424730.0
2012-06-28,178.44,179.3,169.16,171.75,1791780.0
2012-06-29,173.75,181.5,173.75,180.2,3038110.0
2012-07-02,180.0,185.0,179.01,183.0,1357890.0
2012-07-03,183.93,189.57,183.61,188.7,2565220.0
2012-07-04,188.65,194.87,186.5,193.6,2315510.0
2012-07-05,193.01,200.62,193.01,198.67,3397680.0
2012-07-06,197.91,199.67,193.03,194.65,2305360.0
2012-07-09,194.75,195.9,191.48,192.71,1392830.0
2012-07-10,191.58,194.0,190.54,192.01,1594230.0
2012-07-11,191.1,192.46,185.05,186.83,2529660.0
2012-07-12,186.0,187.5,184.0,185.68,2537480.0
2012-07-13,186.9,190.72,186.01,190.15,1692090.0
2012-07-16,190.15,192.89,186.1,186.9,1496380.0
2012-07-17,188.01,190.69,187.35,190.3,2016050.0
2012-07-18,190.34,193.99,190.01,193.0,1744650.0
2012-07-19,194.38,198.71,193.64,197.21,2303660.0
2012-07-20,196.61,196.64,191.23,191.71,1206370.0
2012-07-23,189.9,190.0,182.98,184.17,2187810.0
2012-07-24,185.5,186.4,178.7,185.15,1755090.0
2012-07-25,183.5,189.45,182.7,186.77,1737780.0
2012-07-26,187.9,193.9,184.17,193.48,1813190.0
2012-07-27,194.2,200.5,192.0,200.05,3595670.0
2012-07-30,201.01,202.5,199.22,201.97,2464930.0
2012-07-31,201.97,202.0,194.81,197.4,1936800.0
2012-08-01,196.1,199.47,196.09,198.31,1033010.0
2012-08-02,198.17,201.79,194.31,196.22,1987210.0
2012-08-03,198.18,202.44,195.13,201.62,1574990.0
2012-08-06,201.6,206.0,200.42,203.6,2468880.0
2012-08-07,203.24,205.5,202.45,204.54,2101180.0
2012-08-08,204.0,205.1,202.51,202.52,1083050.0
2012-08-09,203.22,204.3,198.91,202.53,1826650.0
2012-08-10,201.12,201.99,197.44,200.9,1799870.0
2012-08-13,201.99,203.83,200.02,200.31,1218120.0
2012-08-14,200.3,204.4,200.0,204.26,1479050.0
2012-08-15,203.1,203.92,200.2,203.17,2015990.0
2012-08-16,203.78,204.99,199.4,200.51,2178530.0
2012-08-17,201.22,202.88,200.63,201.48,885340.0
2012-08-20,202.24,202.48,198.1,199.58,1511000.0
2012-08-21,199.65,204.79,199.5,204.03,1957610.0
2012-08-22,202.9,203.8,202.0,203.66,811000.0
2012-08-23,204.5,206.99,203.01,203.33,2635860.0
2012-08-24,202.42,204.44,201.76,203.19,1411770.0
2012-08-27,204.11,204.67,201.51,202.34,487500.0
2012-08-28,202.0,204.2,201.35,201.91,987900.0
2012-08-29,201.91,203.28,200.24,200.25,892280.0
2012-08-30,201.0,201.71,198.03,199.17,1046190.0
2012-08-31,199.35,201.33,195.2,195.77,1547370.0
2012-09-03,196.19,198.99,195.62,196.7,1394840.0
2012-09-04,197.39,198.37,195.87,197.22,761310.0
2012-09-05,196.23,197.89,194.0,194.01,1207630.0
2012-09-06,195.2,202.15,194.77,201.01,1764030.0
2012-09-07,201.5,205.55,201.27,204.42,3127290.0
2012-09-10,203.55,205.4,202.61,204.18,1267670.0
2012-09-11,203.12,205.2,202.22,204.29,717480.0
2012-09-12,204.5,205.49,203.01,205.49,1837700.0
2012-09-13,204.55,206.5,203.15,206.3,1613690.0
2012-09-14,208.49,215.55,207.84,210.33,4161570.0
2012-09-17,210.0,212.85,207.0,210.83,4068430.0
2012-09-18,209.66,211.95,209.05,210.89,1431250.0
2012-09-19,210.48,211.96,206.42,209.39,1939000.0
2012-09-20,208.48,209.82,204.44,208.25,2317860.0
2012-09-21,209.0,213.24,207.09,210.05,2510960.0
2012-09-24,209.99,210.89,206.3,206.5,1712640.0
2012-09-25,206.61,208.28,202.5,203.46,1838460.0
2012-09-26,201.78,201.84,194.2,196.61,2232840.0
2012-09-27,197.63,200.13,195.22,200.13,1436800.0
2012-09-28,201.95,202.88,199.1,201.32,1803490.0
2012-10-01,200.96,207.8,200.71,207.76,1886960.0
2012-10-02,207.0,208.5,206.0,207.83,791790.0
2012-10-03,206.85,207.3,201.0,203.13,1659060.0
2012-10-04,203.4,203.7,198.5,199.99,1483860.0
2012-10-05,201.57,206.25,201.52,204.78,1755270.0
2012-10-08,203.86,204.2,200.8,202.02,1028300.0
2012-10-09,203.23,204.23,201.41,203.0,1259440.0
2012-10-10,202.88,202.88,200.21,202.5,890460.0
2012-10-11,201.28,201.99,200.5,200.8,846910.0
2012-10-12,200.8,201.86,196.28,198.0,1386250.0
2012-10-15,197.51,202.0,196.1,200.5,1152780.0
2012-10-16,202.99,203.5,199.3,202.29,1164290.0
2012-10-17,203.0,209.55,201.89,207.99,2431000.0
2012-10-18,208.7,209.9,207.0,208.3,1403260.0
2012-10-19,208.3,208.94,203.67,203.88,1287810.0
2012-10-22,203.51,207.5,201.87,207.01,910520.0
2012-10-23,206.44,207.24,202.01,203.81,1166350.0
2012-10-24,204.2,204.84,199.24,201.02,1363040.0
2012-10-25,201.1,204.0,200.28,202.0,789670.0
2012-10-26,201.0,201.49,197.83,199.79,1317940.0
2012-10-29,199.28,201.7,198.0,201.6,578050.0
2012-10-30,201.0,204.39,197.14,197.66,903070.0
2012-10-31,198.28,200.42,195.45,197.48,1204700.0
2012-11-01,196.48,198.8,194.2,196.13,1285280.0
2012-11-02,197.25,197.77,195.02,195.39,1156900.0
2012-11-06,195.37,198.79,195.2,198.0,917860.0
2012-11-07,198.93,199.84,195.5,195.71,1275280.0
2012-11-08,195.0,196.71,192.0,195.44,1714290.0
2012-11-09,194.44,195.44,192.6,195.05,1240550.0
2012-11-12,196.3,196.62,194.16,196.3,897420.0
2012-11-13,194.78,195.78,192.03,193.39,2074110.0
2012-11-14,194.07,196.4,192.56,193.8,1178040.0
2012-11-15,192.3,193.89,191.0,192.63,1518160.0
2012-11-16,192.46,193.19,190.5,192.98,650030.0
2012-11-19,193.87,200.0,193.31,194.26,1463410.0
2012-11-20,195.0,195.19,189.81,193.75,795040.0
2012-11-21,195.55,198.31,192.83,198.06,932200.0
2012-11-22,197.83,199.4,196.86,196.92,811430.0
2012-11-23,197.88,201.47,197.1,201.47,1070970.0
2012-11-26,201.47,202.03,198.96,200.98,685620.0
2012-11-27,201.54,203.8,200.76,201.8,673820.0
2012-11-28,201.13,202.22,199.0,199.0,1200660.0
2012-11-29,200.6,201.94,197.1,198.76,1299090.0
2012-11-30,198.4,199.35,195.04,195.04,2031220.0
2012-12-03,197.2,202.37,196.13,201.0,2957900.0
2012-12-04,200.12,201.47,199.22,201.47,799250.0
2012-12-05,203.3,206.5,201.63,204.99,1100150.0
2012-12-06,204.99,207.02,203.5,205.77,1359050.0
2012-12-07,205.77,206.7,203.8,204.5,834820.0
2012-12-10,204.97,209.87,204.06,208.53,1251460.0
2012-12-11,208.66,211.05,207.7,209.01,1646820.0
2012-12-12,209.98,214.58,209.5,214.0,1673230.0
2012-12-13,213.49,217.8,213.4,217.44,2586830.0
2012-12-14,215.21,217.75,212.26,214.17,2336630.0
2012-12-17,213.8,214.99,212.0,212.3,1476950.0
2012-12-18,213.71,217.25,213.15,216.5,1623090.0
2012-12-19,217.5,217.77,216.39,217.4,776550.0
2012-12-20,216.36,218.95,215.73,218.5,1285670.0
2012-12-21,216.99,219.76,215.5,218.0,1731800.0
2012-12-24,217.8,217.8,216.0,216.11,776920.0
2012-12-25,216.5,216.69,215.6,216.09,316870.0
2012-12-26,216.09,217.5,215.68,217.3,2994920.0
2012-12-27,217.09,218.49,216.36,216.93,1236170.0
2012-12-28,216.98,218.36,216.42,218.0,1370450.0
2013-01-08,220.49,223.5,220.01,221.59,1578820.0
2013-01-09,220.98,221.4,217.4,220.97,2138430.0
2013-01-10,220.97,221.23,218.21,218.7,960260.0
2013-01-11,218.7,219.25,217.5,217.91,1498070.0
2013-01-14,217.41,220.95,217.41,220.51,894080.0
2013-01-15,221.0,221.77,217.07,217.31,1282270.0
2013-01-16,217.92,217.97,215.81,216.86,948360.0
2013-01-17,216.4,219.28,215.82,218.6,1167330.0
2013-01-18,219.0,221.4,218.5,220.35,1634640.0
2013-01-21,220.29,220.99,219.63,220.48,562580.0
2013-01-22,221.0,221.5,219.0,220.69,1370570.0
2013-01-23,220.69,221.49,218.8,220.4,1140100.0
2013-01-24,219.7,220.39,217.16,220.35,1019430.0
2013-01-25,220.2,222.0,219.2,221.94,1260250.0
2013-01-28,222.98,225.67,220.22,225.22,1695100.0
2013-01-29,224.97,225.5,221.8,223.79,1492930.0
2013-01-30,224.21,224.49,219.5,220.11,1148470.0
2013-01-31,220.11,222.0,219.0,221.99,1398870.0
2013-02-01,221.99,223.4,220.4,221.5,811240.0
2013-02-04,222.0,222.7,217.45,217.8,1946580.0
2013-02-05,217.5,219.0,217.5,218.99,936660.0
2013-02-06,219.4,220.98,216.28,218.5,1031400.0
2013-02-07,218.5,218.97,215.51,218.04,521970.0
2013-02-08,218.04,219.5,216.2,218.65,640800.0
2013-02-11,218.98,220.22,217.91,218.7,412260.0
2013-02-12,218.03,218.61,216.61,216.65,355720.0
2013-02-13,217.0,220.37,216.1,218.72,1811110.0
2013-02-14,218.01,221.5,214.33,216.91,1609950.0
2013-02-15,216.24,217.29,215.75,216.51,856530.0
2013-02-18,216.52,217.2,214.68,214.85,463400.0
2013-02-19,214.85,217.23,214.5,216.8,713980.0
2013-02-20,217.0,217.99,212.18,212.55,1737110.0
2013-02-21,211.71,212.6,210.0,212.5,1876980.0
2013-02-22,212.3,213.79,211.55,213.24,705290.0
2013-02-25,213.5,214.69,210.57,211.26,889500.0
2013-02-26,209.28,210.5,206.15,206.15,1126890.0
2013-02-27,207.02,208.26,203.2,204.99,1236330.0
2013-02-28,206.0,207.5,200.3,200.3,1519890.0
2013-03-01,201.12,206.46,200.82,201.84,1151660.0
2013-03-04,202.0,206.8,201.84,204.47,1025790.0
2013-03-05,206.27,208.88,203.8,205.46,1832460.0
2013-03-06,206.1,212.73,205.86,210.42,2012000.0
2013-03-07,210.4,212.87,210.4,211.27,677550.0
2013-03-11,212.2,216.3,212.12,215.71,2834770.0
2013-03-12,215.87,216.5,213.7,215.5,905760.0
2013-03-13,215.0,216.18,211.35,213.03,1513270.0
2013-03-14,212.85,214.55,209.91,210.54,1321480.0
2013-03-15,211.5,214.2,208.57,209.3,2749220.0
2013-03-18,205.99,206.26,198.06,201.0,2212880.0
2013-03-19,202.05,202.5,198.8,199.7,1310770.0
2013-03-20,199.0,200.32,197.41,199.71,2070940.0
2013-03-21,200.02,205.0,198.27,202.0,1143720.0
2013-03-22,202.02,202.59,195.21,199.49,2455360.0
2013-03-25,200.01,203.2,195.72,197.17,2101710.0
2013-03-26,197.17,198.48,194.5,196.8,1165620.0
2013-03-27,197.91,202.35,196.9,200.98,1480910.0
2013-03-28,200.97,205.4,199.19,205.39,1157150.0
2013-03-29,204.68,207.0,204.65,206.94,372720.0
2013-04-01,205.33,209.89,205.33,207.26,479610.0
2013-04-02,207.88,208.73,202.84,203.7,1548630.0
2013-04-03,203.7,206.73,202.8,204.99,1105790.0
2013-04-04,203.45,205.75,202.84,203.75,947110.0
2013-04-05,203.75,205.79,197.69,199.9,1704530.0
2013-04-08,200.02,202.71,196.02,196.02,961120.0
2013-04-09,198.01,201.51,195.36,198.35,1390230.0
2013-04-10,198.35,198.89,193.0,194.99,1655610.0
2013-04-11,196.0,196.1,189.01,190.81,1664710.0
2013-04-12,190.03,191.19,188.17,190.2,917140.0
2013-04-15,189.0,191.93,182.52,185.5,1543420.0
2013-04-16,182.98,186.15,181.01,182.3,1185930.0
2013-04-17,182.74,182.95,179.0,179.77,1730780.0
2013-04-18,179.36,181.44,177.0,177.0,2017470.0
2013-04-19,177.89,179.78,174.63,176.29,1422300.0
2013-04-22,176.86,180.27,175.07,179.5,1402110.0
2013-04-23,178.0,179.47,174.01,176.41,1471130.0
2013-04-24,176.41,190.79,176.41,190.78,1807310.0
2013-04-25,190.98,196.19,189.0,195.71,2071590.0
2013-04-26,195.0,196.96,191.86,196.96,772040.0
2013-04-29,196.47,198.72,193.0,193.55,658000.0
2013-04-30,193.61,201.4,193.6,199.23,1739250.0
2013-05-02,199.91,199.99,192.58,193.76,854580.0
2013-05-03,195.31,200.99,194.73,200.99,981410.0
2013-05-06,201.3,206.47,199.6,205.75,1038810.0
2013-05-07,205.75,206.92,202.91,204.98,1980890.0
2013-05-08,204.96,206.5,203.11,206.5,1468600.0
2013-05-10,206.3,213.8,205.38,210.45,1272210.0
2013-05-13,209.1,209.57,205.2,208.0,1055010.0
2013-05-14,200.63,204.95,200.11,201.99,2024110.0
2013-05-15,202.29,203.06,197.54,199.77,1043360.0
2013-05-16,199.71,200.1,190.25,190.25,909870.0
2013-05-17,190.87,201.9,185.52,201.85,1191510.0
2013-05-20,200.78,205.19,197.63,200.02,1070120.0
2013-05-21,199.58,206.92,198.25,206.4,1317530.0
2013-05-22,206.72,211.49,204.81,210.54,2148080.0
2013-05-23,207.38,207.7,202.45,203.6,1904620.0
2013-05-24,204.78,205.0,197.05,199.12,1465250.0
2013-05-27,200.67,202.78,198.01,198.45,395260.0
2013-05-28,199.2,202.9,198.1,201.23,957590.0
2013-05-29,201.22,201.22,190.05,190.87,1536890.0
2013-05-30,191.2,193.18,187.23,188.3,1647380.0
2013-05-31,190.0,190.51,180.21,180.42,2469520.0
2013-06-03,180.39,180.76,175.1,177.42,3137110.0
2013-06-04,178.51,184.9,178.19,182.73,1839970.0
2013-06-05,182.0,182.45,175.28,175.95,2211690.0
2013-06-06,175.0,177.23,170.23,170.25,2229790.0
2013-06-07,172.87,183.9,170.75,182.21,2660720.0
2013-06-10,184.6,184.7,176.67,179.5,1270060.0
2013-06-11,177.51,179.96,171.13,171.52,1858360.0
2013-06-13,167.21,170.9,165.11,168.4,1953640.0
2013-06-14,170.49,175.97,169.39,173.97,2038550.0
2013-06-17,173.2,185.0,173.09,185.0,2962620.0
2013-06-18,184.3,191.0,183.65,187.0,1951890.0
2013-06-19,187.47,188.5,184.11,186.5,1322220.0
2013-06-20,182.3,186.0,180.72,182.71,1503100.0
2013-06-21,181.52,187.98,177.97,181.4,1839140.0
2013-06-24,180.6,187.28,178.41,184.18,1287150.0
2013-06-25,184.67,189.48,184.58,186.6,1127560.0
2013-06-26,186.82,190.95,186.41,188.39,1351690.0
2013-06-27,189.36,189.46,183.6,187.41,966490.0
2013-06-28,187.93,196.48,187.46,196.45,3089360.0
2013-07-01,196.0,199.8,194.12,197.46,1281550.0
2013-07-02,197.46,202.36,195.53,202.0,1597120.0
2013-07-03,200.24,201.26,196.98,197.04,1322110.0
2013-07-04,198.76,199.7,192.3,196.28,891980.0
2013-07-05,196.9,198.46,194.03,194.82,1195410.0
2013-07-08,195.37,197.34,194.11,194.48,1095040.0
2013-07-09,195.41,196.0,192.12,192.65,977820.0
2013-07-10,192.65,193.9,189.71,190.64,1049870.0
2013-07-11,192.85,200.6,191.43,198.15,1697570.0
2013-07-12,198.15,204.3,198.01,204.2,2197630.0
2013-07-15,204.25,207.21,204.2,207.0,1181440.0
2013-07-16,206.6,208.04,204.7,205.61,1500960.0
2013-07-17,205.48,211.35,205.27,211.0,1607800.0
2013-07-18,210.69,219.0,207.0,210.75,1148250.0
2013-07-19,210.04,213.62,208.28,211.52,911850.0
2013-07-22,213.13,216.5,209.0,210.0,1083040.0
2013-07-23,211.47,212.54,208.5,211.2,1053080.0
2013-07-24,210.2,210.8,204.85,206.08,1377610.0
2013-07-25,205.8,207.11,203.56,207.0,971510.0
2013-07-26,206.63,209.72,202.55,203.81,857730.0
2013-07-29,204.0,205.46,200.91,202.97,831430.0
2013-07-30,203.59,206.6,202.01,203.74,1271520.0
2013-07-31,203.7,206.48,202.37,202.56,1814390.0
2013-08-01,203.97,207.31,203.0,206.68,1340050.0
2013-08-02,207.0,208.87,204.5,205.68,1108530.0
2013-08-05,206.1,209.87,205.24,208.65,947160.0
2013-08-06,207.79,208.75,200.1,200.1,1517420.0
2013-08-07,200.01,203.77,198.48,200.5,1103380.0
2013-08-08,201.6,206.02,200.6,206.01,940870.0
2013-08-09,205.49,208.45,202.03,206.64,797920.0
2013-08-12,206.87,207.49,204.8,206.73,628050.0
2013-08-13,207.5,210.45,206.85,210.44,1303970.0
2013-08-14,211.0,213.41,208.25,213.01,1271790.0
2013-08-15,212.51,212.75,203.5,204.14,1573750.0
2013-08-16,205.25,207.5,201.59,202.93,1553840.0
2013-08-19,203.6,208.92,201.71,207.32,1447740.0
2013-08-20,206.65,208.0,204.21,207.72,961020.0
2013-08-21,207.7,209.5,207.0,208.3,967740.0
2013-08-22,207.27,210.55,206.41,209.56,1400760.0
2013-08-23,209.69,210.22,208.0,209.71,923520.0
2013-08-26,210.6,210.89,208.23,209.0,363910.0
2013-08-27,208.3,208.44,203.26,205.24,1050580.0
2013-08-28,205.5,205.67,200.61,202.54,1722680.0
2013-08-29,203.04,206.89,201.61,205.19,1363960.0
2013-08-30,205.0,209.92,203.59,208.74,1503060.0
2013-09-02,209.5,210.6,207.22,207.5,794600.0
2013-09-03,208.0,208.88,205.06,207.32,787680.0
2013-09-04,206.82,208.0,205.37,207.99,359260.0
2013-09-05,207.93,213.65,207.01,213.65,1890820.0
2013-09-06,212.84,219.81,212.6,216.92,2231700.0
2013-09-09,218.51,221.0,218.24,220.0,1273420.0
2013-09-10,219.57,222.89,219.13,221.85,2602350.0
2013-09-11,222.13,222.15,218.1,221.64,1377490.0
2013-09-12,221.33,221.33,216.75,219.0,1466210.0
2013-09-13,218.34,220.88,217.51,219.38,884980.0
2013-09-16,220.0,222.37,219.93,221.65,1995120.0
2013-09-17,221.0,223.0,219.84,223.0,1634230.0
2013-09-18,223.56,223.98,219.57,220.45,1586030.0
2013-09-19,223.02,225.0,221.36,223.3,3135250.0
2013-09-20,223.23,225.99,222.01,225.62,2252180.0
2013-09-23,224.63,224.84,219.08,220.83,2147220.0
2013-09-24,219.77,220.97,218.35,219.0,1863750.0
2013-09-25,219.39,220.5,216.74,217.34,2103910.0
2013-09-26,218.0,220.0,214.1,215.68,2600600.0
2013-09-27,215.68,216.91,214.26,216.4,1923760.0
2013-09-30,215.01,217.45,212.0,212.92,1721470.0
2013-10-01,212.19,214.23,210.27,213.45,1780840.0
2013-10-02,213.99,214.0,208.03,208.21,1536480.0
2013-10-03,208.7,210.92,208.19,209.05,1747190.0
2013-10-04,209.05,211.26,208.31,211.25,1402440.0
2013-10-07,210.01,212.59,208.58,210.24,1524070.0
2013-10-08,210.24,216.51,210.04,215.18,1900900.0
2013-10-09,214.37,215.8,213.31,214.33,1354320.0
2013-10-10,214.44,219.5,214.33,218.44,1474190.0
2013-10-11,219.0,219.97,215.73,217.81,828150.0
2013-10-14,217.14,218.94,216.58,218.83,627830.0
2013-10-15,219.0,222.0,219.0,221.99,1517520.0
2013-10-16,220.71,221.98,219.77,220.38,1194260.0
2013-10-17,220.96,221.73,217.0,219.6,1004900.0
2013-10-18,221.33,223.5,218.63,222.96,2337620.0
2013-10-21,222.68,223.32,220.01,221.51,873810.0
2013-10-22,220.78,221.49,219.06,220.58,945910.0
2013-10-23,219.25,219.65,215.45,216.7,1135770.0
2013-10-24,216.53,216.53,212.47,212.86,1003530.0
2013-10-25,212.5,214.75,211.65,214.13,884470.0
2013-10-28,215.13,216.91,214.9,216.49,1094600.0
2013-10-29,216.46,218.0,215.05,217.0,745740.0
2013-10-30,216.95,219.95,216.95,219.83,942940.0
2013-10-31,217.99,220.69,216.11,220.54,1156450.0
2013-11-01,220.87,222.9,219.15,220.7,1494820.0
2013-11-05,221.42,222.0,218.8,219.18,1016180.0
2013-11-06,219.59,219.97,217.32,218.5,1235710.0
2013-11-07,218.2,220.22,217.32,219.17,1325880.0
2013-11-08,218.01,218.23,213.55,214.28,1969190.0
2013-11-11,215.2,215.87,211.04,211.1,1523040.0
2013-11-12,211.93,214.23,211.0,211.89,1426280.0
2013-11-13,210.58,210.66,206.79,208.0,2137780.0
2013-11-14,208.2,211.5,208.09,208.12,1697930.0
2013-11-15,209.01,211.59,208.12,208.24,966070.0
2013-11-18,209.01,212.42,208.54,211.7,1333090.0
2013-11-19,211.48,212.83,211.11,211.99,985070.0
2013-11-20,211.73,211.83,208.0,208.69,1285000.0
2013-11-21,207.72,208.96,205.75,208.5,1280280.0
2013-11-22,209.25,213.49,209.11,213.41,1271010.0
2013-11-25,213.62,214.67,210.88,211.01,1538790.0
2013-11-26,211.03,211.99,207.0,207.99,1792310.0
2013-11-27,208.53,210.62,204.48,204.48,1462950.0
2013-11-28,204.69,208.49,203.81,205.08,1226890.0
2013-11-29,205.2,207.17,202.25,203.09,1879490.0
2013-12-02,203.48,206.87,203.05,205.35,1154360.0
2013-12-03,204.2,204.5,198.57,198.72,2430430.0
2013-12-04,199.57,203.35,197.13,199.29,2367100.0
2013-12-05,199.38,201.49,195.81,196.74,2207220.0
2013-12-06,196.73,198.77,194.53,196.5,1790110.0
2013-12-09,197.5,200.15,196.54,199.28,1427860.0
2013-12-10,199.39,203.66,199.08,203.66,1522000.0
2013-12-11,203.03,203.98,200.3,203.5,864320.0
2013-12-12,201.11,202.38,197.83,201.0,2055430.0
2013-12-13,201.0,203.83,200.86,201.34,1388860.0
2013-12-16,201.34,204.5,201.3,203.22,1459250.0
2013-12-17,203.49,206.1,203.22,206.09,1321260.0
2013-12-18,205.63,206.79,203.7,204.54,1363560.0
2013-12-19,206.2,209.75,205.95,209.03,2127580.0
2013-12-20,209.03,209.43,206.25,207.93,1233530.0
2013-12-23,208.5,212.33,206.89,210.98,1299140.0
2013-12-24,209.61,210.89,208.08,209.88,1076740.0
2013-12-25,209.29,211.0,209.02,209.99,420290.0
2013-12-26,209.57,210.15,208.4,208.45,578280.0
2013-12-27,208.87,208.9,206.07,206.2,592140.0
2013-12-30,205.79,209.25,204.0,208.22,789620.0
2014-01-06,205.82,205.82,199.8,200.4,1423150.0
2014-01-08,200.29,200.87,196.73,197.12,1452110.0
2014-01-09,197.44,200.89,196.5,199.11,1500760.0
2014-01-10,198.54,199.91,196.23,199.69,1875520.0
2014-01-13,199.52,203.0,198.85,201.5,961920.0
2014-01-14,199.34,199.34,196.36,197.2,1529130.0
2014-01-15,197.99,199.64,197.76,198.41,1184440.0
2014-01-16,198.95,198.95,197.14,198.05,1331140.0
2014-01-17,197.63,200.2,197.13,199.5,1283020.0
2014-01-20,198.55,199.9,198.14,199.19,540500.0
2014-01-21,200.38,201.9,199.71,200.39,853090.0
2014-01-22,199.7,200.21,198.33,199.2,1319690.0
2014-01-23,199.26,203.81,198.75,201.07,1400710.0
2014-01-24,199.8,201.66,197.02,198.0,2672850.0
2014-01-27,196.87,200.52,196.61,197.36,2711730.0
2014-01-28,198.19,198.48,193.28,193.79,2733750.0
2014-01-29,194.52,200.69,193.87,197.14,3703160.0
2014-01-30,197.08,199.68,195.25,199.21,1802970.0
2014-01-31,198.67,199.57,194.27,195.49,2022390.0
2014-02-03,195.99,196.33,192.3,192.62,1276820.0
2014-02-04,191.3,191.79,188.69,188.96,2015730.0
2014-02-05,190.12,194.47,189.22,193.09,1957730.0
2014-02-06,194.04,199.9,191.93,199.59,3081700.0
2014-02-07,200.39,202.0,198.45,201.89,2352520.0
2014-02-10,201.82,203.6,200.35,203.32,1746380.0
2014-02-11,203.59,207.49,202.75,207.49,2073810.0
2014-02-12,207.98,213.4,207.3,212.66,2622350.0
2014-02-13,211.5,212.77,209.24,210.2,2392180.0
2014-02-14,210.6,212.51,209.42,212.12,1341580.0
2014-02-17,212.77,214.55,210.96,213.12,1333130.0
2014-02-18,213.0,216.63,212.5,213.77,1716930.0
2014-02-19,213.99,216.0,212.0,214.11,1517550.0
2014-02-20,212.62,212.62,207.87,209.29,2462660.0
2014-02-21,210.2,212.67,210.05,211.84,1240560.0
2014-02-24,212.07,214.86,211.25,214.5,1527310.0
2014-02-25,214.54,215.32,208.99,209.48,3811810.0
2014-02-26,210.2,210.94,208.51,209.41,3075630.0
2014-02-27,209.81,210.7,206.11,208.5,2125830.0
2014-02-28,208.33,211.19,206.5,211.19,2322720.0
2014-03-03,205.0,206.5,198.33,205.67,5818750.0
2014-03-04,206.72,214.4,206.08,207.5,3738300.0
2014-03-05,209.05,209.31,199.49,204.92,2836360.0
2014-03-06,204.89,206.87,200.5,204.42,2804770.0
2014-03-07,205.65,208.51,201.71,205.99,2156670.0
2014-03-11,205.6,206.75,201.3,203.34,1933120.0
2014-03-12,202.52,203.18,195.87,196.0,2681870.0
2014-03-13,197.36,199.0,189.0,189.75,4119430.0
2014-03-14,185.77,188.05,180.5,188.0,4623650.0
2014-03-17,189.0,196.88,187.61,194.29,4799560.0
2014-03-18,195.15,199.0,190.66,197.52,3074610.0
2014-03-19,197.36,199.8,191.22,191.98,2762980.0
2014-03-20,190.99,194.19,190.2,193.01,1808730.0
2014-03-21,191.01,197.7,181.64,195.63,3971340.0
2014-03-24,195.63,199.7,187.3,188.18,3481760.0
2014-03-25,188.18,193.43,185.77,190.97,2600450.0
2014-03-26,192.0,197.2,190.52,194.87,2628100.0
2014-03-27,194.75,198.0,191.05,197.7,2050780.0
2014-03-28,197.7,199.68,195.85,199.0,2242140.0
2014-03-31,199.5,200.0,195.72,200.0,2507380.0
2014-04-01,200.37,202.88,197.1,201.14,2841390.0
2014-04-02,201.0,201.68,196.14,199.5,2131800.0
2014-04-03,199.0,201.0,195.19,198.9,1648340.0
2014-04-04,198.53,204.86,197.12,204.15,2751410.0
2014-04-07,202.38,204.08,198.99,203.0,3965880.0
2014-04-08,202.96,209.6,200.07,209.02,3117000.0
2014-04-09,208.71,214.0,207.5,212.63,2555360.0
2014-04-10,213.5,219.0,211.22,219.0,3181640.0
2014-04-11,216.6,220.77,216.33,217.0,2458850.0
2014-04-14,216.97,217.25,212.46,213.8,2123720.0
2014-04-15,214.13,215.33,208.23,209.1,2277660.0
2014-04-16,210.39,212.0,207.52,208.0,2296620.0
2014-04-17,209.0,211.9,206.0,208.5,1867460.0
2014-04-18,214.37,214.48,211.1,211.99,809720.0
2014-04-21,210.23,212.73,208.92,209.25,806040.0
2014-04-22,209.0,210.17,207.05,209.36,999450.0
2014-04-23,208.61,210.94,207.5,209.75,1732590.0
2014-04-24,209.8,210.74,205.75,208.51,1796670.0
2014-04-25,206.5,207.4,204.11,205.78,1276970.0
2014-04-28,205.01,209.69,201.21,207.33,1737630.0
2014-04-29,209.09,211.7,206.51,206.89,1843930.0
2014-04-30,207.97,207.97,202.1,203.39,2124940.0
2014-05-02,203.03,203.26,200.02,201.93,1424950.0
2014-05-05,200.65,203.39,200.28,202.0,539060.0
2014-05-06,202.03,205.94,201.55,204.68,1095260.0
2014-05-07,204.0,214.48,203.83,210.34,1993660.0
2014-05-08,210.97,213.32,208.32,209.58,1684810.0
2014-05-12,210.8,212.38,209.0,210.87,1120900.0
2014-05-13,211.4,213.38,208.74,209.88,973130.0
2014-05-14,210.99,213.91,208.18,213.91,1277780.0
2014-05-15,213.7,214.47,208.13,209.18,1602470.0
2014-05-16,208.6,210.41,208.1,209.0,1524430.0
2014-05-19,209.89,215.0,209.49,213.51,2094150.0
2014-05-20,213.97,218.33,213.53,218.0,2498290.0
2014-05-21,218.64,221.32,216.52,221.32,2407480.0
2014-05-22,221.21,222.75,218.16,221.0,1199550.0
2014-05-23,221.06,221.31,217.3,217.94,1551130.0
2014-05-26,218.63,220.23,217.73,219.22,574680.0
2014-05-27,218.34,218.57,210.27,210.79,2562010.0
2014-05-28,211.74,212.12,208.8,210.97,1410850.0
2014-05-29,211.2,213.15,210.02,210.2,986800.0
2014-05-30,210.37,212.3,202.1,202.1,3171030.0
2014-06-02,204.23,211.95,204.23,208.6,1882530.0
2014-06-03,207.79,210.74,206.87,210.6,1305420.0
2014-06-04,210.98,211.81,209.8,210.47,802090.0
2014-06-05,210.65,214.0,208.02,208.79,1414090.0
2014-06-06,209.79,210.71,207.01,209.55,1649510.0
2014-06-09,209.61,210.53,207.03,207.63,932100.0
2014-06-10,207.73,211.0,206.4,211.0,1568140.0
2014-06-11,210.97,213.0,209.98,213.0,1885640.0
2014-06-16,213.07,220.0,210.97,219.25,5549000.0
2014-06-17,219.8,222.83,218.86,222.77,1859660.0
2014-06-18,222.78,225.8,222.14,224.7,2920880.0
2014-06-19,225.87,226.48,223.62,224.64,1632200.0
2014-06-20,224.85,225.38,221.68,223.63,1485810.0
2014-06-23,224.1,226.4,223.22,225.95,1436270.0
2014-06-24,226.3,230.94,225.9,229.82,1742360.0
2014-06-25,229.22,229.9,223.6,224.92,1401440.0
2014-06-26,225.36,225.75,219.12,221.14,1541090.0
2014-06-27,220.54,222.48,218.15,222.48,2039000.0
2014-06-30,222.1,222.1,218.32,221.88,1205640.0
2014-07-01,220.89,222.1,218.3,222.0,982260.0
2014-07-02,221.47,228.45,221.41,228.45,1435920.0
2014-07-03,228.26,228.26,225.62,226.56,680780.0
2014-07-04,226.78,227.88,222.0,222.05,1171650.0
2014-07-07,223.5,229.24,222.57,229.2,1291290.0
2014-07-08,228.62,232.84,228.03,230.5,1392280.0
2014-07-09,229.89,229.92,225.1,228.0,1567530.0
2014-07-10,227.73,228.88,223.1,225.91,2079450.0
2014-07-11,225.6,230.0,224.1,228.89,1106940.0
2014-07-14,228.96,234.83,228.23,231.0,2539300.0
2014-07-15,223.92,226.21,220.35,222.37,1782500.0
2014-07-16,221.37,224.0,220.5,224.0,1546000.0
2014-07-17,222.55,223.87,217.77,219.88,2256690.0
2014-07-18,216.6,219.13,214.57,216.96,2147630.0
2014-07-21,217.0,218.9,212.53,215.28,2674280.0
2014-07-22,215.53,222.46,215.51,220.2,1832040.0
2014-07-23,220.66,222.0,218.0,220.72,1001670.0
2014-07-24,219.22,224.9,219.11,224.9,1182530.0
2014-07-25,224.22,224.48,221.62,224.48,1462460.0
2014-07-28,223.04,224.62,217.2,217.2,1673850.0
2014-07-29,218.19,220.88,216.58,218.48,1180850.0
2014-07-30,217.3,222.14,216.25,216.25,1974740.0
2014-07-31,216.85,217.92,211.12,212.9,2767180.0
2014-08-01,212.12,212.79,208.0,211.9,1844260.0
2014-08-04,211.0,215.0,210.3,215.0,2047770.0
2014-08-05,214.19,215.27,209.57,209.75,2093110.0
2014-08-06,209.88,212.8,207.01,209.5,1662900.0
2014-08-07,209.0,210.39,204.6,208.2,2480340.0
2014-08-08,208.75,211.99,206.62,208.33,2340160.0
2014-08-11,210.76,214.37,209.4,212.7,1341680.0
2014-08-12,213.86,216.09,212.33,215.1,1208900.0
2014-08-13,214.95,221.19,214.74,220.67,1791300.0
2014-08-14,220.29,222.15,218.92,220.01,3076820.0
2014-08-15,220.39,223.23,219.5,221.19,1204730.0
2014-08-18,221.51,223.94,221.2,223.94,1169960.0
2014-08-19,223.48,224.62,222.53,223.8,848950.0
2014-08-20,224.0,232.0,223.46,232.0,1549930.0
2014-08-21,230.0,235.33,228.82,235.0,3667600.0
2014-08-22,234.12,234.6,228.06,230.5,1950750.0
2014-08-25,229.98,232.75,229.26,232.0,397470.0
2014-08-26,232.03,233.33,230.65,232.8,980100.0
2014-08-27,233.61,234.91,232.47,233.8,982170.0
2014-08-28,233.65,234.0,230.72,232.75,1974290.0
2014-08-29,232.1,232.65,228.0,228.0,1520510.0
2014-09-01,230.26,231.32,227.06,227.3,2224120.0
2014-09-02,227.13,230.65,226.03,229.5,860520.0
2014-09-03,230.29,239.8,229.01,235.45,3358830.0
2014-09-04,235.87,242.33,234.86,240.98,2610360.0
2014-09-05,239.98,247.37,239.41,242.7,2268170.0
2014-09-08,243.07,247.22,243.01,246.19,1403270.0
2014-09-09,246.5,247.97,243.31,244.26,997480.0
2014-09-10,242.97,243.3,238.6,240.55,1237710.0
2014-09-11,240.49,241.23,234.49,234.55,2506370.0
2014-09-12,235.0,238.34,233.31,234.9,1941500.0
2014-09-15,234.59,239.67,234.46,239.67,3369830.0
2014-09-16,238.9,242.51,238.01,239.0,1794310.0
2014-09-17,239.75,243.48,235.0,239.87,2884870.0
2014-09-18,239.55,239.83,236.74,237.21,1138940.0
2014-09-19,237.23,237.88,230.06,230.89,3640880.0
2014-09-22,231.23,232.78,227.65,227.65,1185860.0
2014-09-23,228.89,236.23,228.41,235.6,2138790.0
2014-09-24,236.08,239.21,235.51,237.5,1554060.0
2014-09-25,237.68,239.8,233.4,235.75,1461950.0
2014-09-26,233.73,238.1,232.78,235.97,1899450.0
2014-09-29,236.94,238.98,231.75,231.75,2135710.0
2014-09-30,233.04,235.97,231.1,232.0,2319080.0
2014-10-01,232.0,233.15,228.7,230.0,1711330.0
2014-10-02,229.0,230.0,225.55,225.95,2417890.0
2014-10-03,227.45,232.45,225.4,226.0,2150090.0
2014-10-06,228.0,237.0,227.5,235.75,2205030.0
2014-10-07,236.0,237.5,234.0,235.75,1502830.0
2014-10-08,234.8,235.95,230.95,230.95,1571360.0
2014-10-09,233.1,235.0,228.0,228.05,1424260.0
2014-10-10,226.8,230.15,226.0,226.0,1765530.0
2014-10-13,226.0,232.4,225.1,230.0,1459360.0
2014-10-14,230.15,233.8,228.0,229.45,1923750.0
2014-10-15,228.7,230.0,224.35,224.9,2810950.0
2014-10-16,225.3,227.65,219.15,219.7,2318700.0
2014-10-17,221.85,227.05,221.1,224.45,2310830.0
2014-10-20,226.5,226.8,220.35,222.5,1221250.0
2014-10-21,221.9,224.05,219.2,221.5,1411720.0
2014-10-22,222.45,223.9,217.7,219.4,1693570.0
2014-10-23,218.0,221.5,215.25,220.75,2239360.0
2014-10-24,220.2,221.35,217.0,221.0,1184760.0
2014-10-27,222.7,226.8,221.6,224.15,1691330.0
2014-10-28,225.0,231.55,224.4,228.0,1850670.0
2014-10-29,229.5,242.3,228.25,242.3,3736610.0
2014-10-30,241.1,245.0,238.7,244.55,2722490.0
2014-10-31,246.05,259.8,245.2,259.8,3329310.0
2014-11-03,257.8,261.95,254.8,257.25,1181570.0
2014-11-05,254.6,254.85,247.05,249.0,2828240.0
2014-11-06,249.5,256.0,248.6,253.15,1995870.0
2014-11-07,253.9,264.25,250.55,255.5,3251330.0
2014-11-10,256.75,260.3,252.95,257.5,1023000.0
2014-11-11,255.55,262.75,255.5,260.05,1258550.0
2014-11-12,260.9,262.5,253.95,253.95,1617550.0
2014-11-13,255.0,255.95,247.4,247.4,1638740.0
2014-11-14,245.5,253.8,245.15,249.4,1495140.0
2014-11-17,248.35,254.2,247.55,254.2,983020.0
2014-11-18,254.05,254.8,247.5,250.35,1745940.0
2014-11-19,250.0,252.05,248.25,252.0,1692960.0
2014-11-20,252.1,260.55,248.5,260.5,2258320.0
2014-11-21,261.2,262.85,252.2,252.2,1880060.0
2014-11-24,253.0,253.65,247.4,249.5,1117850.0
2014-11-25,249.0,249.8,245.05,245.75,1319950.0
2014-11-26,245.9,249.65,243.1,248.5,1721190.0
2014-11-27,247.0,257.75,246.5,253.95,1968010.0
2014-11-28,252.5,257.5,247.25,248.65,2659770.0
2014-12-01,247.0,267.0,244.65,260.0,3428660.0
2014-12-02,260.9,261.6,249.6,257.85,2775490.0
2014-12-03,257.15,263.0,254.35,258.5,2112430.0
2014-12-04,258.7,263.4,252.8,254.3,3437970.0
2014-12-05,255.9,257.05,238.85,242.4,3530540.0
2014-12-08,242.8,248.0,235.15,238.7,2057080.0
2014-12-09,238.8,246.15,236.5,243.75,1623290.0
2014-12-10,246.0,252.0,241.5,242.0,1759410.0
2014-12-11,243.6,245.8,234.25,235.6,2001860.0
2014-12-12,235.0,247.25,228.3,231.5,3268280.0
2014-12-15,233.0,240.55,221.65,221.85,4046570.0
2014-12-16,219.75,244.25,212.95,225.4,6367420.0
2014-12-17,228.25,231.9,208.85,210.65,5372870.0
2014-12-18,212.95,228.3,209.6,224.5,3837030.0
2014-12-19,223.9,226.95,211.7,214.1,2268710.0
2014-12-22,219.65,219.75,210.35,219.5,2137910.0
2014-12-23,217.2,221.3,212.25,214.1,1418650.0
2014-12-24,214.0,221.4,213.85,219.65,1235200.0
2014-12-25,218.65,225.55,215.0,225.35,709150.0
2014-12-26,225.7,238.2,225.7,238.2,1012840.0
2014-12-29,236.3,249.95,230.65,246.45,2099140.0
2014-12-30,242.75,243.0,225.05,228.5,2256780.0
2015-01-05,228.5,238.0,225.4,238.0,1164200.0
2015-01-06,236.05,243.2,226.35,228.75,1735940.0
2015-01-08,230.6,250.0,229.65,245.0,2177950.0
2015-01-09,247.0,247.0,230.6,234.05,2121770.0
2015-01-12,234.4,237.5,226.2,228.25,1775640.0
2015-01-13,228.5,238.9,226.35,234.7,1923590.0
2015-01-14,234.45,245.1,231.1,244.55,2208410.0
2015-01-15,246.0,259.4,243.0,251.3,3194960.0
2015-01-16,251.3,261.4,247.5,260.0,1751950.0
2015-01-19,259.6,270.55,256.2,261.0,2723780.0
2015-01-20,261.1,265.0,255.4,257.0,1875340.0
2015-01-21,258.25,275.0,257.0,275.0,2245990.0
2015-01-22,274.4,299.85,273.0,287.3,4205170.0
2015-01-23,288.05,302.05,288.0,297.95,2187740.0
2015-01-26,297.05,297.05,281.05,285.65,2362170.0
2015-01-27,280.5,297.9,278.65,297.9,3737100.0
2015-01-28,296.45,311.0,288.05,289.0,2448160.0
2015-01-29,289.85,297.1,280.1,280.1,1931750.0
2015-01-30,283.7,288.95,270.15,270.15,3244070.0
2015-02-02,275.45,289.9,272.0,285.0,2458490.0
2015-02-03,287.1,295.0,283.75,294.0,1858130.0
2015-02-04,296.0,305.85,286.0,301.0,3533210.0
2015-02-05,300.65,320.0,297.5,319.35,2896630.0
2015-02-06,325.15,338.85,320.05,335.5,4515090.0
2015-02-09,333.65,354.4,321.2,324.0,5582120.0
2015-02-10,323.8,331.95,317.9,320.55,1660400.0
2015-02-11,325.7,334.65,319.05,320.5,2043770.0
2015-02-12,325.45,344.05,318.1,340.0,3911850.0
2015-02-13,346.15,353.0,341.25,353.0,1929460.0
2015-02-16,352.15,352.15,331.8,335.0,1528140.0
2015-02-17,333.15,349.9,330.05,338.6,1923780.0
2015-02-18,341.3,348.2,332.9,335.15,1750410.0
2015-02-19,334.95,343.3,330.5,343.3,1483330.0
2015-02-20,344.55,345.8,337.85,345.8,892850.0
2015-02-24,339.8,342.55,334.55,340.0,929640.0
2015-02-25,339.45,339.85,320.5,326.6,1801230.0
2015-02-26,328.15,331.3,321.05,327.55,1371730.0
2015-02-27,326.0,329.05,314.55,316.0,1971570.0
2015-03-02,318.85,331.3,316.7,330.95,1729270.0
2015-03-03,329.0,344.65,326.1,333.55,1900390.0
2015-03-04,333.8,335.85,316.05,319.0,1836890.0
2015-03-05,319.2,325.65,311.8,313.4,2171170.0
2015-03-06,314.95,315.0,297.25,298.2,3174020.0
2015-03-10,296.4,299.7,281.55,283.65,3856540.0
2015-03-11,285.0,288.35,278.8,285.9,2263590.0
2015-03-12,287.0,288.8,278.75,284.85,1764460.0
2015-03-13,284.1,286.3,277.2,277.95,2711470.0
2015-03-16,277.2,278.0,270.35,272.0,2309100.0
2015-03-17,273.95,276.75,271.0,271.45,1651330.0
2015-03-18,272.1,282.4,270.9,281.45,2133790.0
2015-03-19,284.1,291.5,282.8,288.45,2425390.0
2015-03-20,287.1,303.15,284.2,294.25,3412360.0
2015-03-23,296.05,297.1,280.5,282.5,1694870.0
2015-03-24,282.95,285.75,274.2,281.0,1521990.0
2015-03-25,279.85,281.4,272.5,277.5,1444870.0
2015-03-26,278.8,289.0,267.0,269.5,2721770.0
2015-03-27,269.1,271.55,265.1,267.0,1261790.0
2015-03-30,267.0,282.45,266.05,278.9,1396030.0
2015-03-31,278.9,287.0,275.0,287.0,1701990.0
2015-04-01,284.6,300.4,283.1,300.1,3182920.0
2015-04-02,300.1,301.75,296.65,301.5,1508630.0
2015-04-03,300.35,304.15,297.0,299.0,725230.0
2015-04-06,299.15,308.7,298.0,307.45,885760.0
2015-04-07,307.05,308.2,297.3,305.5,2084710.0
2015-04-08,302.6,303.85,297.5,303.0,1284920.0
2015-04-09,302.05,302.05,289.25,297.95,2114760.0
2015-04-10,295.65,302.35,288.2,297.2,2291960.0
2015-04-13,298.8,305.45,298.0,303.0,1647850.0
2015-04-14,302.75,303.45,295.75,301.0,1235500.0
2015-04-15,299.5,305.9,295.0,303.05,1121960.0
2015-04-16,304.1,313.0,295.55,313.0,2196140.0
2015-04-17,311.5,312.2,292.2,292.2,3507210.0
2015-04-20,295.6,303.45,293.5,301.2,2467870.0
2015-04-21,300.0,309.75,299.75,304.5,1215450.0
2015-04-22,304.0,308.8,291.35,295.85,2112240.0
2015-04-23,295.55,308.85,286.7,304.45,2097990.0
2015-04-24,305.7,305.9,295.35,297.0,1516150.0
2015-04-27,297.0,311.8,296.5,306.8,2609450.0
2015-04-28,307.0,309.9,301.75,309.9,1646910.0
2015-04-29,308.1,309.55,296.35,296.75,2070990.0
2015-04-30,297.9,299.8,290.05,292.35,1688080.0
2015-05-05,293.85,304.8,293.5,303.75,2145200.0
2015-05-06,304.0,309.9,299.45,309.9,2005340.0
2015-05-07,308.25,308.5,297.05,301.3,1389130.0
2015-05-08,301.0,305.5,299.05,303.25,1102850.0
2015-05-12,303.75,308.85,300.55,308.85,1201170.0
2015-05-13,308.0,308.2,300.25,303.2,1119530.0
2015-05-14,301.0,304.0,298.2,298.55,1693290.0
2015-05-15,300.6,303.0,292.2,296.7,1101220.0
2015-05-18,297.55,298.8,292.3,293.75,782390.0
2015-05-19,293.1,295.0,289.2,294.95,1099120.0
2015-05-20,295.8,297.35,290.2,294.15,731580.0
2015-05-21,294.5,299.4,293.0,297.85,889450.0
2015-05-22,298.85,302.95,297.9,302.6,912570.0
2015-05-25,301.2,301.6,294.7,297.3,591070.0
2015-05-26,297.95,300.1,289.1,292.0,978200.0
2015-05-27,291.0,297.5,291.0,297.0,1336180.0
2015-05-28,295.6,306.55,295.5,300.8,1569170.0
2015-05-29,301.85,308.1,280.2,280.2,2727670.0
2015-06-01,286.75,296.25,285.25,290.4,1857730.0
2015-06-02,292.05,298.8,290.6,294.25,1359200.0
2015-06-03,295.0,297.95,286.5,293.25,2026270.0
2015-06-04,294.4,299.8,293.35,297.0,1669460.0
2015-06-05,298.0,300.9,294.35,300.9,1159700.0
2015-06-08,300.9,301.7,292.0,292.0,1629460.0
2015-06-09,292.5,296.8,292.3,294.95,964010.0
2015-06-10,295.35,297.85,292.3,294.6,1242770.0
2015-06-11,295.7,297.4,292.6,296.9,1117180.0
2015-06-15,295.4,298.75,293.25,298.25,1467310.0
2015-06-16,298.25,301.55,295.8,298.3,791030.0
2015-06-17,298.65,300.3,295.0,296.25,858970.0
2015-06-18,296.9,296.95,293.5,295.3,781440.0
2015-06-19,294.25,294.65,288.85,290.4,1456470.0
2015-06-22,291.4,295.75,290.05,295.2,1048080.0
2015-06-23,295.2,296.45,293.0,293.0,927550.0
2015-06-24,294.0,295.75,292.25,295.25,800040.0
2015-06-25,293.6,296.75,291.35,291.35,771860.0
2015-06-26,292.2,299.85,291.8,296.55,1479600.0
2015-06-29,295.75,297.4,294.05,294.95,654630.0
2015-06-30,294.75,299.55,290.05,296.5,2666660.0
2015-07-01,296.15,299.15,294.5,294.8,1497220.0
2015-07-02,295.45,297.85,292.75,297.85,892590.0
2015-07-03,297.7,297.7,293.25,297.65,687000.0
2015-07-06,295.15,298.5,294.65,298.5,648620.0
2015-07-07,297.75,299.4,293.4,296.95,1055230.0
2015-07-08,296.0,297.1,277.2,281.7,3069510.0
2015-07-09,282.85,290.9,282.65,290.9,1631690.0
2015-07-10,291.7,292.75,287.65,289.5,986040.0
2015-07-13,289.0,295.05,288.45,295.05,1493180.0
2015-07-14,287.75,297.3,285.6,294.65,1689070.0
2015-07-15,294.95,300.0,294.1,299.0,1328940.0
2015-07-16,298.0,298.95,293.1,297.15,1125880.0
2015-07-17,296.55,297.9,293.15,295.0,813080.0
2015-07-20,295.05,295.5,288.15,290.9,1240810.0
2015-07-21,290.9,296.35,288.4,296.35,1373750.0
2015-07-22,295.7,295.7,288.0,294.15,1343110.0
2015-07-23,292.1,292.95,287.0,287.3,1286360.0
2015-07-24,286.25,288.6,278.05,278.05,1560140.0
2015-07-27,278.0,283.95,274.65,278.8,1987480.0
2015-07-28,280.2,290.85,279.0,288.5,2596630.0
2015-07-29,289.15,290.25,277.25,284.2,2858660.0
2015-07-30,284.45,284.45,280.0,284.4,1956560.0
2015-07-31,283.75,301.85,283.2,301.85,3508190.0
2015-08-03,299.15,303.9,296.3,303.9,1252010.0
2015-08-04,302.7,306.6,301.0,306.6,2017080.0
2015-08-05,306.6,315.0,302.4,315.0,1957470.0
2015-08-06,312.5,319.95,300.65,303.6,3937900.0
2015-08-07,304.0,308.6,303.65,304.3,1190330.0
2015-08-10,305.05,309.55,301.5,308.95,1201270.0
2015-08-11,309.0,314.5,307.5,307.5,1663460.0
2015-08-12,307.0,308.45,290.1,308.1,1600720.0
2015-08-13,308.5,314.0,308.3,314.0,1723100.0
2015-08-14,313.4,319.75,311.0,314.4,1756700.0
2015-08-17,314.2,318.75,311.9,316.5,1270760.0
2015-08-18,316.8,317.25,309.75,315.55,1361690.0
2015-08-19,315.0,315.25,304.15,306.6,1423260.0
2015-08-20,306.0,310.5,302.0,309.0,1762420.0
2015-08-21,306.85,307.25,292.1,293.6,2906740.0
2015-08-24,287.7,293.8,275.7,291.25,4113910.0
2015-08-25,290.9,300.0,285.4,288.45,2715410.0
2015-08-26,289.7,293.9,283.55,292.05,1952770.0
2015-08-27,294.0,308.0,293.6,306.0,2355610.0
2015-08-28,307.45,315.9,302.55,313.0,2434310.0
2015-08-31,312.45,323.0,311.0,323.0,1273420.0
2015-09-01,321.5,321.5,308.75,310.0,1914890.0
2015-09-02,309.15,317.55,304.3,305.05,1757280.0
2015-09-03,308.4,311.95,304.1,309.0,2048380.0
2015-09-04,306.95,307.75,301.6,304.9,1759730.0
2015-09-07,305.75,309.25,303.15,304.95,621860.0
2015-09-08,307.0,311.35,305.75,307.1,1147390.0
2015-09-09,308.45,311.95,306.05,308.5,1299490.0
2015-09-10,307.0,311.65,305.3,311.0,1751530.0
2015-09-11,311.65,312.8,306.2,308.2,1365360.0
2015-09-14,308.2,317.6,307.3,315.4,1465690.0
2015-09-15,314.95,316.5,312.9,315.0,1225690.0
2015-09-16,316.2,326.0,314.4,323.6,2471860.0
2015-09-17,324.05,329.45,321.25,327.3,1856570.0
2015-09-18,328.1,332.95,322.0,322.0,2546600.0
2015-09-21,326.3,327.1,312.4,315.0,1707330.0
2015-09-22,315.05,315.05,303.6,305.6,2531200.0
2015-09-23,305.0,309.6,299.9,301.0,1878270.0
2015-09-24,301.05,303.9,294.05,298.35,1791660.0
2015-09-25,300.0,309.8,299.75,307.0,1321990.0
2015-09-28,307.85,309.35,298.95,300.05,770390.0
2015-09-29,298.75,304.45,297.05,299.9,1113000.0
2015-09-30,300.6,308.55,300.6,308.55,1662520.0
2015-10-01,309.45,312.95,301.4,306.65,1984660.0
2015-10-02,306.05,307.35,298.7,300.85,1267040.0
2015-10-05,305.0,317.75,303.95,316.9,2869620.0
2015-10-06,316.5,323.75,315.05,323.75,1981080.0
2015-10-07,324.05,329.7,318.0,328.9,2170140.0
2015-10-08,327.1,328.6,317.5,323.2,2100660.0
2015-10-09,324.9,335.9,324.35,333.0,2183580.0
2015-10-12,334.0,335.75,320.75,325.0,2255000.0
2015-10-13,324.5,332.65,321.1,332.65,1504250.0
2015-10-14,329.8,332.05,324.25,328.5,1590110.0
2015-10-15,329.0,333.7,328.25,329.1,1563760.0
2015-10-16,331.05,333.85,328.0,328.0,1459360.0
2015-10-19,328.3,332.85,325.7,331.25,1197680.0
2015-10-20,331.0,332.6,326.85,332.6,1326670.0
2015-10-21,331.5,332.9,322.4,327.0,1744900.0
2015-10-22,327.2,330.2,323.1,328.35,975740.0
2015-10-23,330.0,337.0,329.5,333.8,1793170.0
2015-10-26,334.5,334.5,327.3,333.5,1526050.0
2015-10-27,332.7,345.0,328.05,345.0,2320650.0
2015-10-28,343.25,344.55,339.5,342.4,1488480.0
2015-10-29,340.5,343.6,333.1,334.95,1259620.0
2015-10-30,334.2,337.85,328.05,328.8,1432520.0
2015-11-02,328.6,336.2,327.0,336.2,909650.0
2015-11-03,335.15,345.8,334.0,344.2,1470080.0
2015-11-05,343.2,348.45,340.1,346.0,1482600.0
2015-11-06,346.7,350.4,344.6,348.0,1336730.0
2015-11-09,348.95,350.1,342.5,346.4,818290.0
2015-11-10,344.75,350.0,342.4,346.95,1538440.0
2015-11-11,346.45,349.75,341.25,345.0,987500.0
2015-11-12,343.4,345.95,338.9,340.1,1459320.0
2015-11-13,338.15,341.35,334.5,335.5,1538850.0
2015-11-16,334.85,340.8,334.25,336.25,1188910.0
2015-11-17,338.7,346.2,337.7,340.2,2163340.0
2015-11-18,341.1,346.15,338.7,342.4,1260680.0
2015-11-19,344.45,352.35,338.95,349.1,1946500.0
2015-11-20,347.8,352.0,344.5,349.85,1215200.0
2015-11-23,348.45,355.45,347.05,354.45,1045560.0
2015-11-24,354.7,354.7,339.35,345.0,1792750.0
2015-11-25,345.0,351.0,343.35,345.9,1158250.0
2015-11-26,346.1,348.45,342.05,344.3,1011870.0
2015-11-27,344.0,344.0,333.3,336.9,1821510.0
2015-11-30,336.0,338.9,314.05,314.05,4082200.0
2015-12-01,317.4,324.5,316.5,323.0,2779070.0
2015-12-02,324.05,325.0,317.5,321.5,2034210.0
2015-12-03,320.7,321.45,315.6,316.9,1358750.0
2015-12-04,317.55,318.95,305.2,312.0,2973650.0
2015-12-07,312.85,314.95,307.2,308.8,1964220.0
2015-12-08,307.35,312.0,304.05,304.9,1937450.0
2015-12-09,306.0,317.0,305.3,311.6,2018370.0
2015-12-10,311.25,316.4,311.05,314.2,1913910.0
2015-12-11,313.1,313.65,307.1,310.0,1247560.0
2015-12-14,307.9,310.6,302.6,303.8,1639400.0
2015-12-15,305.35,317.0,305.05,316.6,3020060.0
2015-12-16,317.0,322.7,313.05,313.4,2355000.0
2015-12-17,315.0,318.65,307.35,318.0,2586560.0
2015-12-18,316.5,316.9,302.1,303.0,2823200.0
2015-12-21,303.5,309.35,302.3,306.0,1805340.0
2015-12-22,306.0,308.6,304.2,306.9,1387660.0
2015-12-23,306.75,309.7,306.6,308.7,1455400.0
2015-12-24,310.05,316.95,308.05,313.55,1529000.0
2015-12-25,314.0,316.2,310.55,311.9,282430.0
2015-12-28,311.6,312.9,309.05,312.35,523920.0
2015-12-29,311.6,325.9,311.6,322.65,1289930.0
2015-12-30,322.0,325.5,315.0,317.6,1022420.0
2016-01-04,317.55,317.75,307.05,307.05,938130.0
2016-01-05,307.15,314.0,306.25,314.0,1244440.0
2016-01-06,313.0,319.4,310.5,316.0,1346080.0
2016-01-11,309.5,310.4,303.0,303.1,1557490.0
2016-01-12,302.05,310.0,299.0,305.7,1202300.0
2016-01-13,307.65,308.9,300.1,301.35,1757680.0
2016-01-14,299.05,301.8,295.4,300.65,1689340.0
2016-01-15,300.0,302.35,283.45,284.05,3340270.0
2016-01-18,282.0,289.9,277.5,284.65,2234950.0
2016-01-19,287.0,300.65,287.0,296.7,2909910.0
2016-01-20,292.1,294.15,285.15,290.0,2158320.0
2016-01-21,290.05,299.1,289.9,294.6,2186380.0
2016-01-22,300.3,321.4,296.9,319.9,3837690.0
2016-01-25,320.15,320.8,312.15,319.85,1772820.0
2016-01-26,316.45,318.9,307.85,308.05,1936950.0
2016-01-27,308.4,314.0,308.05,314.0,1237780.0
2016-01-28,313.6,326.5,312.0,326.5,2263920.0
2016-01-29,327.05,339.55,320.8,339.55,3737820.0
2016-02-01,337.9,337.9,325.0,332.0,2239180.0
2016-02-02,330.3,333.0,321.5,324.95,1596140.0
2016-02-03,322.05,326.1,316.65,317.45,1136940.0
2016-02-04,322.85,342.1,322.65,340.55,2668060.0
2016-02-05,338.0,339.9,334.0,335.3,1251970.0
2016-02-08,334.05,338.35,324.5,326.4,1962460.0
2016-02-09,324.3,328.7,317.5,325.5,1876140.0
2016-02-10,322.95,325.0,315.25,322.05,1847620.0
2016-02-11,321.0,321.0,310.0,313.0,2328140.0
2016-02-12,315.0,327.8,315.0,326.3,1985920.0
2016-02-15,328.3,329.8,324.0,327.35,1452800.0
2016-02-16,329.7,330.0,324.45,327.7,1172580.0
2016-02-17,326.2,332.5,325.6,327.9,1205240.0
2016-02-18,330.05,332.0,323.85,327.1,2126970.0
2016-02-19,325.4,328.0,315.65,318.3,1928970.0
2016-02-20,320.95,320.95,316.75,317.95,167740.0
2016-02-22,319.3,322.3,316.3,322.3,1301000.0
2016-02-24,319.5,319.55,309.35,312.9,2536410.0
2016-02-25,315.5,320.6,309.5,318.0,2335920.0
2016-02-26,320.3,323.9,317.05,319.35,1498780.0
2016-02-29,318.0,323.3,315.0,323.3,1674400.0
2016-03-01,323.4,330.0,322.0,329.8,2057510.0
2016-03-02,330.95,334.95,326.5,333.6,1750670.0
2016-03-03,333.9,341.0,332.6,341.0,2261970.0
2016-03-04,341.7,348.4,339.3,348.4,2143020.0
2016-03-07,348.9,355.1,348.15,355.1,1419510.0
2016-03-09,352.0,358.45,343.15,347.7,2842550.0
2016-03-10,349.1,350.0,344.15,349.6,1577480.0
2016-03-11,350.05,351.95,345.4,351.0,1388980.0
2016-03-14,351.5,351.75,339.75,341.45,1988140.0
2016-03-15,342.0,348.5,341.1,347.3,3188780.0
2016-03-16,348.45,349.45,342.2,349.0,1181240.0
2016-03-17,350.25,355.0,345.2,352.2,2806070.0
2016-03-18,352.7,365.0,350.2,364.0,3815310.0
2016-03-21,361.55,362.85,356.5,360.6,2179120.0
2016-03-22,361.0,361.0,351.6,354.4,2286220.0
2016-03-23,357.5,361.5,352.5,357.95,1958370.0
2016-03-24,356.0,357.0,345.3,348.5,2329360.0
2016-03-25,350.65,351.8,348.5,348.75,237510.0
2016-03-28,350.75,352.35,344.2,345.0,641370.0
2016-03-29,345.9,348.95,343.55,348.8,1306660.0
2016-03-30,350.95,359.65,349.05,357.9,2100040.0
2016-03-31,356.3,365.5,352.9,361.0,4017100.0
2016-04-01,358.85,358.95,347.05,356.0,2228270.0
2016-04-04,355.0,361.0,352.5,359.0,1794000.0
2016-04-05,355.85,355.85,348.05,351.0,1678860.0
2016-04-06,352.0,354.9,345.15,350.95,3269640.0
2016-04-07,352.8,361.8,348.6,361.8,3669050.0
2016-04-08,361.05,361.2,357.1,359.15,1738340.0
2016-04-11,359.0,359.95,353.7,359.85,1599530.0
2016-04-12,358.75,358.95,354.0,355.6,1158270.0
2016-04-13,357.2,359.7,355.7,356.8,2586190.0
2016-04-14,355.4,359.0,345.2,350.3,2167530.0
2016-04-15,348.05,352.7,345.8,348.4,1075660.0
2016-04-18,345.55,347.4,337.75,344.5,1879310.0
2016-04-19,345.5,352.35,339.5,344.0,2089170.0
2016-04-20,341.15,342.1,332.35,342.0,2354610.0
2016-04-21,343.1,344.75,331.45,333.0,2262490.0
2016-04-22,333.8,345.3,328.25,342.95,2695110.0
2016-04-25,342.3,353.2,340.65,352.8,1757690.0
2016-04-26,351.55,353.3,346.35,353.0,914140.0
2016-04-27,352.6,354.8,345.5,353.35,1415550.0
2016-04-28,353.0,356.9,346.0,356.9,1665060.0
2016-04-29,355.1,355.3,336.0,340.95,3051100.0
2016-05-04,334.05,340.65,324.3,330.4,2137800.0
2016-05-05,331.7,331.7,320.75,323.65,2384380.0
2016-05-06,323.0,323.5,318.0,320.0,1376330.0
2016-05-10,320.0,323.05,316.65,321.2,1432380.0
2016-05-11,321.5,328.5,320.5,322.85,1372380.0
2016-05-12,323.0,326.55,320.15,320.15,986010.0
2016-05-13,320.2,326.25,318.5,325.95,1423300.0
2016-05-16,326.9,331.5,321.15,321.2,1349890.0
2016-05-17,322.3,324.8,316.3,322.8,1256100.0
2016-05-18,323.0,325.75,320.0,325.5,1080330.0
2016-05-19,322.95,323.5,317.0,317.0,2138920.0
2016-05-20,318.55,319.05,312.0,313.5,2259260.0
2016-05-23,313.0,313.2,305.3,305.7,1449320.0
2016-05-24,306.25,308.95,304.1,304.45,1602120.0
2016-05-25,306.85,308.8,304.8,305.9,1286300.0
2016-05-26,307.5,316.25,305.75,309.9,1725250.0
2016-05-27,309.9,311.55,306.65,310.0,1051010.0
2016-05-30,308.65,314.55,307.55,313.55,695770.0
2016-05-31,314.1,314.5,300.0,301.8,3424690.0
2016-06-01,302.15,310.45,301.5,309.55,1636140.0
2016-06-02,310.2,313.95,303.3,311.95,1503550.0
2016-06-03,312.5,315.45,309.85,314.0,1340120.0
2016-06-06,314.95,323.35,313.75,320.85,1590650.0
2016-06-07,322.05,335.0,320.85,335.0,3498680.0
2016-06-08,335.3,335.7,325.3,331.5,1795940.0
2016-06-09,331.7,333.6,318.25,319.4,1604890.0
2016-06-10,318.05,322.4,315.0,316.5,1363400.0
2016-06-14,316.65,322.0,313.0,322.0,1142550.0
2016-06-15,320.85,325.0,318.4,323.45,2006580.0
2016-06-16,321.45,324.0,313.5,321.3,1787210.0
2016-06-17,322.0,327.75,318.4,325.05,2070440.0
2016-06-20,327.25,329.5,323.65,329.25,694170.0
2016-06-21,328.85,331.65,320.1,322.85,1353410.0
2016-06-22,324.8,328.5,323.55,327.25,807320.0
2016-06-23,326.25,331.8,323.65,330.0,1093420.0
2016-06-24,318.2,326.2,315.15,325.65,2185950.0
2016-06-27,324.25,325.0,314.1,316.0,1139970.0
2016-06-28,317.6,324.8,317.25,322.35,841800.0
2016-06-29,322.05,328.65,322.0,328.65,891370.0
2016-06-30,328.35,331.5,323.0,331.5,1361440.0
2016-07-01,330.45,331.5,326.5,331.5,811810.0
2016-07-04,331.9,332.0,327.3,327.3,471770.0
2016-07-05,326.55,326.85,318.4,322.0,1025420.0
2016-07-06,320.55,322.35,317.1,321.15,1247550.0
2016-07-07,314.15,320.55,314.0,314.35,1592750.0
2016-07-08,312.7,313.65,305.95,311.8,1027660.0
2016-07-11,311.2,319.85,311.1,317.9,1381140.0
2016-07-12,318.0,327.25,317.25,326.35,1567800.0
2016-07-13,324.5,326.1,314.25,316.05,1860790.0
2016-07-14,317.05,321.0,314.0,318.0,1538930.0
2016-07-15,317.0,325.6,317.0,325.6,1394290.0
2016-07-18,325.4,327.85,319.4,326.35,1495560.0
2016-07-19,324.7,324.9,319.0,323.0,1510890.0
2016-07-20,321.5,322.45,314.5,317.3,1470690.0
2016-07-21,318.8,321.2,317.3,320.7,775100.0
2016-07-22,320.9,322.95,319.0,319.0,675610.0
2016-07-25,320.55,323.0,318.05,323.0,985380.0
2016-07-26,322.25,322.7,315.3,317.7,1594300.0
2016-07-27,317.3,319.8,314.1,319.8,1429410.0
2016-07-28,318.2,322.0,315.5,320.95,1298080.0
2016-07-29,321.7,322.9,315.05,317.45,2317130.0
2016-08-01,319.45,322.0,318.4,320.9,1412590.0
2016-08-02,319.85,320.9,311.0,314.45,1798080.0
2016-08-03,314.45,315.5,311.25,314.05,852060.0
2016-08-04,315.5,328.0,315.35,328.0,1659650.0
2016-08-05,326.65,329.2,323.2,328.5,1104310.0
2016-08-08,329.35,330.3,325.4,330.0,1099050.0
2016-08-09,329.3,329.45,324.15,326.75,1270860.0
2016-08-10,325.25,326.35,320.05,325.3,1569560.0
2016-08-11,323.95,326.9,321.0,326.5,1046910.0
2016-08-12,326.65,333.1,326.45,332.0,1791510.0
2016-08-15,332.1,335.85,330.85,332.6,856010.0
2016-08-16,332.05,337.85,331.45,337.85,1043270.0
2016-08-17,337.85,337.85,332.0,334.6,893080.0
2016-08-18,335.2,335.5,332.1,335.0,409970.0
2016-08-19,334.0,334.65,325.6,325.6,934520.0
2016-08-22,325.55,331.95,322.75,331.95,968520.0
2016-08-23,331.0,331.35,326.9,328.2,780710.0
2016-08-24,328.9,329.5,323.75,326.6,612850.0
2016-08-25,326.5,326.95,320.15,325.5,1146240.0
2016-08-26,325.3,329.25,321.15,327.55,1184370.0
2016-08-29,325.55,326.65,322.0,326.25,554280.0
2016-08-30,326.5,328.6,324.65,325.55,707260.0
2016-08-31,325.0,326.35,316.05,317.75,2164770.0
2016-09-01,318.85,324.1,318.05,322.85,1391740.0
2016-09-02,322.85,324.3,320.0,321.0,916240.0
2016-09-05,321.85,327.45,321.0,326.5,1021650.0
2016-09-06,325.8,328.7,323.15,327.65,1075520.0
2016-09-07,327.95,331.6,327.85,331.25,1410990.0
2016-09-08,331.05,331.35,323.8,329.8,1482990.0
2016-09-09,327.55,328.5,320.5,320.8,1349130.0
2016-09-12,318.0,322.6,318.0,319.25,1035320.0
2016-09-13,319.4,321.5,317.0,318.4,696710.0
2016-09-14,318.95,319.3,313.7,313.7,1112770.0
2016-09-15,313.9,318.25,312.45,318.25,838010.0
2016-09-16,317.05,321.9,310.2,316.7,2113600.0
2016-09-19,316.85,323.95,314.8,323.95,1217390.0
2016-09-20,322.3,325.0,318.5,324.35,1172400.0
2016-09-21,324.55,326.7,317.05,318.45,992540.0
2016-09-22,319.9,322.45,317.45,322.45,1054130.0
2016-09-23,321.6,323.95,318.55,323.25,851220.0
2016-09-26,320.4,321.65,317.8,319.15,736280.0
2016-09-27,319.15,319.6,315.25,316.8,1361180.0
2016-09-28,316.1,320.95,315.7,319.5,694520.0
2016-09-29,324.2,327.55,321.5,325.85,1708270.0
2016-09-30,324.65,326.7,320.1,320.25,1288020.0
2016-10-03,321.05,322.5,318.6,320.65,798760.0
2016-10-04,320.5,324.45,319.95,324.45,1715750.0
2016-10-05,322.7,326.55,319.95,326.1,949110.0
2016-10-06,325.2,326.85,323.65,326.85,1223840.0
2016-10-07,326.4,328.0,324.95,326.85,993320.0
2016-10-10,325.9,327.2,323.95,325.85,1041220.0
2016-10-11,323.6,328.5,323.4,327.95,867100.0
2016-10-12,327.95,329.6,325.75,326.9,1499510.0
2016-10-13,326.2,330.7,326.0,330.6,1094340.0
2016-10-14,330.65,331.6,326.7,328.5,1467870.0
2016-10-17,328.45,331.95,326.5,329.05,1461310.0
2016-10-18,331.5,334.6,330.35,333.8,558400.0
2016-10-19,334.0,334.95,330.0,331.4,1039140.0
2016-10-20,331.25,333.4,330.15,331.5,1083120.0
2016-10-21,332.05,333.3,327.5,331.3,412680.0
2016-10-24,331.8,332.0,327.55,331.0,915380.0
2016-10-25,331.3,339.95,329.3,338.95,2402030.0
2016-10-26,337.75,339.2,332.6,332.6,1161770.0
2016-10-27,334.4,335.4,330.75,334.45,1128530.0
2016-10-28,333.15,338.4,331.55,338.4,565420.0
2016-10-31,336.55,355.0,334.55,355.0,2387030.0
2016-11-01,354.85,363.6,354.35,362.55,2403640.0
2016-11-02,361.35,362.8,353.8,355.9,1531080.0
2016-11-03,355.35,358.3,352.9,355.0,1055490.0
2016-11-07,356.15,361.95,355.25,355.9,1585270.0
2016-11-08,359.25,360.25,350.85,353.8,985360.0
2016-11-09,347.5,369.9,347.5,364.6,3498440.0
2016-11-10,365.95,387.35,362.4,375.0,3729740.0
2016-11-11,377.85,380.0,357.45,357.45,2719430.0
2016-11-14,360.5,366.3,359.85,361.0,2388270.0
2016-11-15,361.8,371.95,355.2,363.7,2319890.0
2016-11-16,365.95,383.9,364.8,381.95,2073840.0
2016-11-17,380.4,400.3,380.25,399.55,2014520.0
2016-11-18,397.4,404.8,385.5,386.8,1710330.0
2016-11-21,389.9,398.8,383.1,398.0,2108440.0
2016-11-22,398.55,398.55,385.1,385.85,1326580.0
2016-11-23,385.7,392.45,385.05,392.4,1148510.0
2016-11-24,390.7,397.65,389.6,389.6,1116390.0
2016-11-25,389.9,391.8,384.5,386.1,496190.0
2016-11-28,385.0,392.8,383.1,391.0,473620.0
2016-11-29,389.0,391.1,383.5,384.0,1164480.0
2016-11-30,385.85,397.55,383.2,388.3,3107470.0
2016-12-01,391.55,401.65,390.65,398.5,1666540.0
2016-12-02,396.95,402.3,393.1,397.8,1430050.0
2016-12-05,398.85,416.5,395.2,413.7,2155790.0
2016-12-06,414.8,426.4,411.2,422.95,2120360.0
2016-12-07,421.95,425.9,416.25,423.5,1692700.0
2016-12-08,422.5,425.85,415.25,417.8,1752630.0
2016-12-09,419.8,423.0,412.8,417.3,1092470.0
2016-12-12,422.0,427.65,388.7,394.0,3566690.0
2016-12-13,394.85,406.45,390.2,405.95,2175460.0
2016-12-14,407.4,409.95,385.0,395.0,2309670.0
2016-12-15,393.25,407.8,387.8,405.0,3429200.0
2016-12-16,407.8,408.55,397.0,403.35,3271770.0
2016-12-19,405.0,406.0,398.8,398.8,905710.0
2016-12-20,398.15,410.4,396.5,410.0,892770.0
2016-12-21,408.5,413.3,405.65,410.95,1130160.0
2016-12-22,408.55,409.1,395.4,399.85,992200.0
2016-12-23,399.95,406.85,391.9,394.65,903450.0
2016-12-26,392.4,400.55,392.4,397.55,269850.0
2016-12-27,398.1,403.2,396.25,402.95,325520.0
2016-12-28,403.0,417.25,401.65,410.3,1597770.0
2016-12-29,410.4,421.75,405.1,420.4,1106770.0
2016-12-30,419.85,427.2,415.15,427.0,1293820.0
2017-01-03,426.45,447.85,424.55,445.2,1272240.0
2017-01-04,444.85,446.4,434.1,446.4,1195220.0
2017-01-05,445.6,448.65,418.25,424.25,2121160.0
2017-01-06,420.75,426.8,415.5,423.45,801450.0
2017-01-09,425.15,426.45,418.2,425.8,889110.0
2017-01-10,424.6,429.4,421.9,428.6,1138410.0
2017-01-11,426.6,431.7,421.45,431.25,864100.0
2017-01-12,431.75,438.0,428.1,438.0,1110140.0
2017-01-13,437.2,439.0,427.1,433.1,765010.0
2017-01-16,431.0,435.35,426.15,427.25,576820.0
2017-01-17,427.25,428.4,423.0,423.05,639820.0
2017-01-18,424.9,427.3,418.0,420.0,695010.0
2017-01-19,419.1,420.55,406.15,412.15,1498100.0
2017-01-20,411.15,418.35,405.15,411.15,1146160.0
2017-01-23,410.3,410.8,398.55,401.8,1157280.0
2017-01-24,402.8,411.7,402.6,411.7,1053700.0
2017-01-25,411.75,411.85,404.05,409.8,912810.0
2017-01-26,411.7,430.0,409.35,429.95,1533580.0
2017-01-27,428.45,438.65,421.6,435.0,1392050.0
2017-01-30,432.0,433.45,418.5,421.0,987170.0
2017-01-31,419.95,420.75,406.25,406.7,1388810.0
2017-02-01,407.3,413.2,407.05,408.8,1397150.0
2017-02-02,409.5,411.05,400.5,404.9,1809440.0
2017-02-03,404.3,406.45,401.25,404.4,1070580.0
2017-02-06,405.15,405.15,396.7,401.95,1325840.0
2017-02-07,402.1,402.5,395.5,399.0,890390.0
2017-02-08,398.15,406.0,396.05,406.0,1548960.0
2017-02-09,405.9,407.6,397.2,398.95,1246240.0
2017-02-10,400.0,400.5,390.8,398.3,1185970.0
2017-02-13,399.6,399.65,390.0,395.45,1599110.0
2017-02-14,393.55,395.0,385.2,385.2,1582620.0
2017-02-15,385.35,385.35,376.4,377.5,1612990.0
2017-02-16,378.45,380.75,374.15,380.5,1485230.0
2017-02-17,381.2,382.85,366.5,367.1,2340690.0
2017-02-20,368.65,368.8,360.2,365.0,1542130.0
2017-02-21,364.05,368.3,361.3,366.15,1092980.0
2017-02-22,367.0,367.5,360.15,364.5,1392340.0
2017-02-24,363.85,363.9,357.5,360.0,869250.0
2017-02-27,361.35,363.7,351.9,351.9,1406040.0
2017-02-28,351.95,355.35,340.0,340.95,2785670.0
2017-03-01,341.3,357.0,338.25,355.95,2218700.0
2017-03-02,356.25,367.7,353.75,365.0,2398850.0
2017-03-03,361.45,365.7,355.05,364.0,1385390.0
2017-03-06,364.55,373.55,359.85,370.0,1474600.0
2017-03-07,370.1,371.1,348.25,354.95,2453190.0
2017-03-09,350.45,355.3,340.45,342.7,2497590.0
2017-03-10,343.5,349.2,339.55,341.1,1426140.0
2017-03-13,343.1,363.5,339.35,363.4,2197840.0
2017-03-14,364.35,368.6,359.35,365.4,1513160.0
2017-03-15,365.0,368.6,353.4,356.0,1436370.0
2017-03-16,360.8,372.3,359.6,371.0,2882200.0
2017-03-17,369.8,371.95,364.2,368.7,2152280.0
2017-03-20,369.25,370.7,355.15,364.45,1870580.0
2017-03-21,364.95,367.6,360.0,364.7,1792200.0
2017-03-22,361.95,366.15,350.95,365.5,2090190.0
2017-03-23,366.65,368.8,356.25,359.95,1402930.0
2017-03-24,359.75,361.75,348.4,349.0,1602200.0
2017-03-27,347.95,349.55,341.5,347.35,1003950.0
2017-03-28,347.85,351.9,344.0,351.9,1980810.0
2017-03-29,351.3,355.4,345.45,354.0,1746210.0
2017-03-30,354.3,360.8,351.65,359.9,2620210.0
2017-03-31,358.45,359.4,346.35,347.65,1534780.0
2017-04-03,348.95,351.45,344.5,351.0,850170.0
2017-04-04,350.1,355.0,347.1,352.35,733920.0
2017-04-05,353.05,369.85,352.8,369.85,2082000.0
2017-04-06,368.2,369.8,363.4,369.45,1962560.0
2017-04-07,368.05,368.65,352.4,357.7,1902810.0
2017-04-10,356.55,358.6,342.6,343.3,1360080.0
2017-04-11,343.75,348.25,338.45,342.15,1723850.0
2017-04-12,342.9,344.2,330.35,334.95,1317890.0
2017-04-13,336.8,337.0,323.3,330.0,1738090.0
2017-04-14,329.1,329.35,323.1,325.0,451900.0
2017-04-17,325.6,331.9,323.35,329.0,619390.0
2017-04-18,330.75,333.3,322.25,323.25,1187890.0
2017-04-19,323.45,329.0,322.8,326.65,1231170.0
2017-04-20,326.0,327.4,321.8,324.45,1479630.0
2017-04-21,326.25,327.0,323.1,326.85,1375180.0
2017-04-24,327.7,332.95,327.1,331.6,1235270.0
2017-04-25,331.6,336.75,328.6,335.1,1685990.0
2017-04-26,336.05,341.95,332.6,339.8,1455380.0
2017-04-27,340.0,362.5,334.6,361.2,3309870.0
2017-04-28,362.15,378.25,360.3,377.0,2496320.0
2017-05-02,376.2,378.85,371.1,371.35,1735050.0
2017-05-03,371.5,373.85,361.0,361.0,1162520.0
2017-05-04,362.8,375.9,361.55,368.25,1522920.0
2017-05-05,366.95,368.3,361.9,368.3,1088150.0
2017-05-10,372.1,376.35,367.65,373.5,1757950.0
2017-05-11,373.5,374.3,365.65,372.35,1214520.0
2017-05-12,371.45,375.5,368.5,375.5,1056090.0
2017-05-15,377.0,386.5,367.15,386.5,1439300.0
2017-05-16,385.0,393.15,381.35,384.0,2947920.0
2017-05-17,382.85,394.2,381.25,393.5,1749610.0
2017-05-18,391.9,393.1,386.5,392.8,1787020.0
2017-05-19,393.3,400.0,390.65,392.25,1736920.0
2017-05-22,393.6,393.6,382.6,389.35,1299730.0
2017-05-23,389.0,394.35,386.0,392.0,1332030.0
2017-05-24,392.7,400.0,392.45,400.0,1158120.0
2017-05-25,398.8,400.8,386.55,389.5,1399110.0
2017-05-26,388.7,388.7,378.25,388.0,1375020.0
2017-05-29,386.9,390.75,383.0,388.8,737820.0
2017-05-30,386.3,387.65,380.65,387.0,1150620.0
2017-05-31,386.35,397.35,381.65,384.5,7056490.0
2017-06-01,386.35,387.95,372.0,378.45,2643120.0
2017-06-02,376.1,380.4,370.15,380.3,2036230.0
2017-06-05,380.0,380.9,374.5,376.3,1008320.0
2017-06-06,377.6,377.6,361.45,363.4,2037830.0
2017-06-07,364.15,366.8,358.0,358.0,1318710.0
2017-06-08,358.9,362.3,351.1,359.9,2621960.0
2017-06-09,356.65,360.85,352.5,360.0,1914980.0
2017-06-13,360.95,362.35,357.2,360.3,1495340.0
2017-06-14,360.4,365.65,354.45,365.65,2024300.0
2017-06-15,362.7,366.9,354.6,365.0,4766870.0
2017-06-16,364.0,365.7,349.55,350.1,3134850.0
2017-06-19,351.4,368.8,351.2,368.55,1519380.0
2017-06-20,368.45,373.1,366.25,369.0,926640.0
2017-06-21,368.6,376.8,366.65,376.4,1143260.0
2017-06-22,373.4,374.95,368.05,373.1,948250.0
2017-06-23,372.3,377.55,370.45,371.85,1263200.0
2017-06-26,374.0,375.1,368.65,370.0,914790.0
2017-06-27,369.95,373.75,366.35,372.25,741790.0
2017-06-28,371.6,380.9,368.9,380.9,1208910.0
2017-06-29,381.1,381.65,375.3,378.85,944540.0
2017-06-30,378.0,382.95,372.0,375.6,1471930.0
2017-07-03,376.9,390.15,376.0,389.15,1370600.0
2017-07-04,389.15,389.2,381.75,383.4,1400490.0
2017-07-05,383.0,388.5,380.25,388.5,1405710.0
2017-07-06,370.0,373.1,364.55,370.95,1974950.0
2017-07-07,367.6,373.5,364.6,369.1,1389020.0
2017-07-10,367.5,371.4,361.15,365.5,849560.0
2017-07-11,366.65,368.0,362.5,367.05,797300.0
2017-07-12,368.75,374.75,366.1,374.0,1498060.0
2017-07-13,374.0,378.0,370.05,377.8,1021690.0
2017-07-14,377.65,379.95,374.65,378.0,683180.0
2017-07-17,379.0,382.05,373.3,377.3,1243430.0
2017-07-18,377.75,380.2,368.45,371.75,1229760.0
2017-07-19,370.65,386.5,370.05,386.5,1619770.0
2017-07-20,385.0,387.25,383.05,386.7,1355780.0
2017-07-21,384.2,387.2,382.7,385.1,709540.0
2017-07-24,385.95,387.75,380.75,386.75,1424200.0
2017-07-25,385.55,387.95,376.1,380.2,1403920.0
2017-07-26,380.4,389.8,379.65,389.8,1918540.0
2017-07-27,390.15,393.8,383.4,388.1,1170910.0
2017-07-28,385.6,386.5,375.5,379.0,1304870.0
2017-07-31,381.45,393.25,380.35,390.1,1195790.0
2017-08-01,392.6,394.0,386.95,389.8,1272030.0
2017-08-02,390.1,393.6,387.15,392.0,1025360.0
2017-08-03,392.55,395.7,389.1,392.6,715710.0
2017-08-04,390.7,390.7,379.85,382.95,1252090.0
2017-08-07,385.8,387.0,381.25,387.0,520730.0
2017-08-08,387.0,401.0,385.55,401.0,1089400.0
2017-08-09,399.1,400.6,388.3,389.9,1509950.0
2017-08-10,392.4,395.8,387.5,388.15,870160.0
2017-08-11,388.0,390.1,377.6,379.45,1687700.0
2017-08-14,381.4,382.65,377.0,377.0,1092450.0
2017-08-15,377.3,378.65,373.15,377.35,546990.0
2017-08-16,378.2,383.7,377.3,379.25,915720.0
2017-08-17,378.25,383.6,377.15,381.5,681990.0
2017-08-18,379.9,384.3,374.6,380.95,832880.0
2017-08-21,380.9,383.1,373.3,375.5,825080.0
2017-08-22,376.9,381.9,375.7,381.25,479600.0
2017-08-23,380.0,383.35,377.25,382.15,830860.0
2017-08-24,383.15,383.8,380.4,383.2,547680.0
2017-08-25,384.45,386.7,382.5,385.5,934420.0
2017-08-28,385.05,390.0,382.1,388.0,834180.0
2017-08-29,386.95,387.25,375.1,382.85,1699040.0
2017-08-30,382.8,384.0,376.0,381.55,976440.0
2017-08-31,379.0,388.0,377.05,388.0,1896390.0
2017-09-01,386.2,389.5,384.05,386.15,1122620.0
2017-09-04,384.2,388.7,383.15,385.4,848760.0
2017-09-05,387.25,389.4,383.65,386.0,1103840.0
2017-09-06,386.95,393.0,383.25,392.5,1702740.0
2017-09-07,393.2,395.8,389.4,389.4,1343500.0
2017-09-08,389.5,396.25,388.4,395.85,966090.0
2017-09-11,395.95,398.3,388.2,391.05,1508390.0
2017-09-12,391.9,392.0,383.6,391.35,1246540.0
2017-09-13,390.0,390.15,384.5,384.5,1687730.0
2017-09-14,385.55,392.8,384.25,391.05,1126840.0
2017-09-15,390.95,398.0,386.8,396.6,2185140.0
2017-09-18,397.0,400.3,394.65,395.5,1015500.0
2017-09-19,395.05,396.95,389.25,391.05,891000.0
2017-09-20,391.85,399.95,391.25,399.95,1168200.0
2017-09-21,399.9,411.0,396.3,409.4,2346580.0
2017-09-22,408.05,409.3,400.0,402.35,1551320.0
2017-09-25,403.1,412.15,400.75,412.1,1067830.0
2017-09-26,414.2,414.2,405.7,405.7,1195300.0
2017-09-27,407.9,412.5,403.0,410.95,1294650.0
2017-09-28,409.25,413.35,407.5,411.65,869770.0
2017-09-29,410.7,411.45,403.95,411.25,1262790.0
2017-10-02,410.5,412.35,403.15,403.15,930680.0
2017-10-03,404.4,408.05,403.05,404.85,874180.0
2017-10-04,405.0,417.0,402.55,414.8,1237700.0
2017-10-05,415.25,422.0,413.5,419.95,950470.0
2017-10-06,420.0,427.6,420.0,425.0,1180290.0
2017-10-09,424.85,426.6,420.0,421.1,677370.0
2017-10-10,421.85,425.0,418.4,424.35,690290.0
2017-10-11,424.5,432.0,424.0,427.9,1207980.0
2017-10-12,429.0,429.9,426.0,428.6,536270.0
2017-10-13,428.55,430.2,425.5,430.2,608560.0
2017-10-16,430.6,431.15,426.0,429.75,1213660.0
2017-10-17,428.75,429.0,422.65,425.3,731260.0
2017-10-18,425.5,426.75,418.55,421.05,952040.0
2017-10-19,421.6,421.75,415.15,415.55,784010.0
2017-10-20,417.85,428.5,415.3,424.85,1440820.0
2017-10-23,424.0,425.5,418.25,418.95,775140.0
2017-10-24,419.9,424.75,418.35,422.6,605930.0
2017-10-25,423.55,424.45,411.7,412.0,1446520.0
2017-10-26,413.55,414.5,407.55,408.35,1310880.0
2017-10-27,410.0,420.8,410.0,419.85,1072960.0
2017-10-30,419.55,431.45,416.1,424.3,1931960.0
2017-10-31,425.8,438.95,424.45,436.0,1820860.0
2017-11-01,439.0,445.55,436.35,444.4,1176580.0
2017-11-02,443.2,443.75,434.2,439.0,1041970.0
2017-11-03,438.9,446.0,437.5,437.5,1254280.0
2017-11-07,446.25,491.95,446.25,491.95,4910450.0
2017-11-08,494.9,499.5,487.6,490.0,1912670.0
2017-11-09,491.0,495.55,484.65,491.35,1365130.0
2017-11-10,492.25,495.15,485.2,487.0,1128850.0
2017-11-13,487.0,500.0,484.3,484.3,1454910.0
2017-11-14,483.7,493.45,482.5,487.5,1328580.0
2017-11-15,487.5,492.8,479.6,479.6,1284580.0
2017-11-16,481.45,483.5,471.0,471.0,1396010.0
2017-11-17,470.65,476.05,466.4,468.85,1152270.0
2017-11-20,472.0,473.3,467.0,471.0,408060.0
2017-11-21,473.0,494.15,472.45,492.35,1596230.0
2017-11-22,493.0,497.0,484.15,488.95,1153390.0
2017-11-23,487.65,488.05,480.45,483.95,666040.0
2017-11-24,484.0,486.85,475.95,479.5,875940.0
2017-11-27,479.5,489.25,476.25,483.9,1199690.0
2017-11-28,485.5,485.5,468.8,480.0,1403530.0
2017-11-29,478.4,479.85,466.05,467.65,1394400.0
2017-11-30,468.5,478.45,456.7,456.7,3764010.0
2017-12-01,457.8,465.0,457.8,459.75,1419250.0
2017-12-04,459.75,518.0,455.9,511.45,4744290.0
2017-12-05,508.5,518.55,500.3,506.7,3581540.0
2017-12-06,503.6,512.35,502.05,510.9,1493190.0
2017-12-07,509.15,511.6,503.4,507.0,1471030.0
2017-12-08,508.55,510.5,500.1,503.1,772850.0
2017-12-11,504.5,516.95,503.15,516.95,1549900.0
2017-12-12,517.7,520.0,506.15,517.0,1904490.0
2017-12-13,514.4,514.9,501.6,503.0,1689590.0
2017-12-14,504.75,510.5,491.2,492.8,2506050.0
2017-12-15,492.45,493.0,480.7,487.55,2205320.0
2017-12-18,488.6,503.0,486.6,503.0,1424900.0
2017-12-19,501.05,506.9,490.15,491.65,1232620.0
2017-12-20,490.1,493.9,477.3,477.3,1538640.0
2017-12-21,457.45,472.5,452.3,471.95,2263490.0
2017-12-22,470.6,481.6,465.65,481.6,868500.0
2017-12-25,481.3,485.0,477.0,481.75,338370.0
2017-12-26,481.7,486.2,478.25,483.0,547590.0
2017-12-27,483.05,487.25,478.35,482.4,1073390.0
2017-12-28,480.5,481.95,464.75,477.95,1061300.0
2017-12-29,474.5,479.35,469.45,478.8,658910.0
2018-01-03,478.2,486.8,474.1,486.8,871800.0
2018-01-04,486.8,502.0,484.8,502.0,1733590.0
2018-01-05,502.0,502.5,493.3,500.9,870600.0
2018-01-09,502.05,514.0,502.05,511.3,1944430.0
2018-01-10,510.25,514.45,507.2,510.3,1412600.0
2018-01-11,511.3,513.25,506.0,508.95,1123390.0
2018-01-12,508.0,515.55,506.05,515.55,1410180.0
2018-01-15,516.05,526.8,514.0,518.15,2141600.0
2018-01-16,516.3,528.95,515.0,528.95,2088160.0
2018-01-17,524.35,546.85,521.35,546.0,3168480.0
2018-01-18,545.1,560.0,545.0,560.0,2307440.0
2018-01-19,557.0,569.8,547.55,551.2,2642720.0
2018-01-22,552.6,567.85,548.35,567.15,2172950.0
2018-01-23,570.65,586.3,552.5,564.4,2407720.0
2018-01-24,562.5,569.7,555.05,569.7,1264240.0
2018-01-25,570.05,578.4,564.55,573.8,2527770.0
2018-01-26,571.25,580.0,567.5,580.0,1509200.0
2018-01-29,578.0,587.85,571.05,578.6,1893830.0
2018-01-30,575.0,582.8,561.85,565.4,1702930.0
2018-01-31,562.9,573.95,558.6,565.2,1772820.0
2018-02-01,567.4,579.05,565.6,578.65,1243590.0
2018-02-02,576.85,580.0,574.2,579.0,1854910.0
2018-02-05,576.0,578.5,561.25,564.4,1959380.0
2018-02-06,554.0,558.0,542.7,542.7,3021510.0
2018-02-07,548.0,568.9,548.0,563.1,2188060.0
2018-02-08,559.5,566.0,555.3,555.5,1860770.0
2018-02-09,550.1,551.95,536.7,536.7,2263800.0
2018-02-12,542.15,546.15,536.0,536.0,1623310.0
2018-02-13,538.0,550.2,534.5,549.75,1649180.0
2018-02-14,550.0,554.0,542.65,554.0,1622190.0
2018-02-15,556.0,565.65,554.8,560.0,1967610.0
2018-02-16,561.5,574.25,561.5,569.0,2927720.0
2018-02-19,571.5,575.7,565.0,569.05,1048380.0
2018-02-20,569.5,574.8,567.7,574.8,882610.0
2018-02-21,573.0,586.3,570.1,586.3,1916360.0
2018-02-22,584.0,600.2,580.1,599.5,2103370.0
2018-02-26,608.7,609.3,595.95,602.0,2499100.0
2018-02-27,604.55,606.2,597.45,606.2,1893220.0
2018-02-28,602.2,603.8,591.6,594.0,4140860.0
2018-03-01,588.9,599.85,588.25,594.8,1937280.0
2018-03-02,592.05,598.9,585.0,595.0,1341900.0
2018-03-05,597.75,604.45,596.55,600.4,1402980.0
2018-03-06,602.0,606.95,600.2,604.0,1509940.0
2018-03-07,601.0,601.75,590.05,595.25,2269590.0
2018-03-09,593.55,604.1,593.1,604.0,1085810.0
2018-03-12,604.1,608.1,600.0,606.8,1230490.0
2018-03-13,605.65,610.0,601.85,606.5,1841890.0
2018-03-14,605.8,607.0,599.0,602.95,1575240.0
2018-03-15,602.4,607.0,596.8,606.7,2266350.0
2018-03-16,604.85,613.25,600.85,613.25,5019310.0
2018-03-19,613.25,624.0,607.5,611.0,1615400.0
2018-03-20,613.45,621.4,609.7,620.0,1561420.0
2018-03-21,621.0,624.75,618.1,618.8,1538730.0
2018-03-22,618.8,622.5,613.4,616.75,1283640.0
2018-03-23,613.85,620.45,610.3,618.35,1191200.0
2018-03-26,617.4,618.8,603.15,603.5,1781290.0
2018-03-27,607.35,613.5,601.6,605.5,1664630.0
2018-03-28,603.0,609.0,600.0,604.0,1574770.0
2018-03-29,607.45,615.0,599.05,615.0,2393810.0
2018-03-30,615.0,616.65,610.05,611.6,390670.0
2018-04-02,611.1,614.85,598.3,598.3,809290.0
2018-04-03,599.55,604.95,597.65,604.95,981760.0
2018-04-04,604.9,607.9,595.0,599.75,1747220.0
2018-04-05,600.5,615.0,600.5,614.55,1044970.0
2018-04-06,610.55,612.3,605.3,610.0,986380.0
2018-04-09,607.65,609.55,575.6,596.7,5447530.0
2018-04-10,600.05,649.4,598.1,644.5,3981790.0
2018-04-11,640.35,660.5,637.85,650.25,3251600.0
2018-04-12,650.85,655.65,641.85,655.65,2263020.0
2018-04-13,655.05,657.6,642.8,647.75,2133630.0
2018-04-16,644.45,658.95,640.15,650.0,1733890.0
2018-04-17,653.05,660.0,650.7,657.0,2463630.0
2018-04-18,657.55,663.35,654.0,660.55,2221450.0
2018-04-19,660.5,661.35,649.45,660.0,1819930.0
2018-04-20,657.35,659.65,651.5,657.1,1360490.0
2018-04-23,655.35,666.2,652.6,659.45,1969410.0
2018-04-24,660.9,663.6,658.35,661.0,978430.0
2018-04-25,658.25,666.0,654.35,666.0,1161180.0
2018-04-26,665.95,680.35,663.7,680.0,1537080.0
2018-04-27,679.65,685.25,666.15,685.25,1527510.0
2018-04-28,678.7,683.75,675.25,680.7,28175.0
2018-04-30,678.7,678.85,671.05,671.05,743860.0
2018-05-02,669.7,680.25,661.15,671.0,2102110.0
2018-05-03,669.6,670.95,650.0,650.0,2161890.0
2018-05-04,653.75,663.2,647.75,659.35,1782430.0
2018-05-07,661.75,667.2,653.15,654.15,1091260.0
2018-05-08,654.95,666.95,651.5,666.95,1744770.0
2018-05-10,677.8,677.9,664.65,671.8,1830770.0
2018-05-11,672.5,681.55,672.0,677.55,1360290.0
2018-05-14,677.35,690.7,674.65,685.25,1434680.0
2018-05-15,685.7,692.8,678.25,679.55,2308950.0
2018-05-16,681.8,687.95,673.0,676.0,1981750.0
2018-05-17,679.3,685.0,672.0,672.1,1498830.0
2018-05-18,673.2,687.0,672.0,681.5,1499410.0
2018-05-21,684.0,697.5,681.85,685.0,1233560.0
2018-05-22,685.0,685.5,675.1,676.05,1236930.0
2018-05-23,675.1,678.35,664.3,664.3,1501020.0
2018-05-24,666.75,672.95,662.4,664.0,1129880.0
2018-05-25,665.5,674.65,663.2,667.6,1287200.0
2018-05-28,667.7,667.95,663.3,663.35,403010.0
2018-05-29,664.9,676.25,663.5,675.95,1529650.0
2018-05-30,676.5,682.95,667.1,669.5,1880540.0
2018-05-31,672.8,677.45,663.65,666.5,5375720.0
2018-06-01,669.4,674.95,662.7,665.55,1122860.0
2018-06-04,667.8,675.4,666.3,670.45,977800.0
2018-06-05,668.2,677.25,668.05,673.85,1050350.0
2018-06-06,673.95,676.25,665.0,668.5,789230.0
2018-06-07,669.5,675.5,668.0,668.0,1113720.0
2018-06-08,669.35,676.65,653.05,653.3,3082790.0
2018-06-09,656.55,659.95,654.3,656.35,9190.0
2018-06-11,658.75,659.55,651.1,653.0,789170.0
2018-06-13,654.4,659.95,651.35,655.0,1861950.0
2018-06-14,655.0,656.8,639.6,642.05,2145430.0
2018-06-15,640.85,655.9,640.85,650.0,3586100.0
2018-06-18,648.05,649.75,641.0,641.0,1362850.0
2018-06-19,639.8,650.5,636.9,646.05,2531820.0
2018-06-20,650.75,666.0,650.65,655.0,1776420.0
2018-06-21,655.8,668.3,655.8,661.45,1861390.0
2018-06-22,664.35,672.35,655.8,656.65,1728070.0
2018-06-25,658.4,679.85,656.85,672.65,1446010.0
2018-06-26,676.75,681.5,659.6,660.45,1511960.0
2018-06-27,663.0,679.0,662.65,674.15,1295780.0
2018-06-28,674.75,675.55,655.2,658.0,1696390.0
2018-06-29,664.85,675.95,659.45,675.95,1844200.0
2018-07-02,674.7,679.45,669.35,677.2,1704800.0
2018-07-03,674.85,682.0,673.0,678.0,1612760.0
2018-07-04,678.0,687.55,676.8,684.15,906070.0
2018-07-05,672.9,686.0,668.7,686.0,1531770.0
2018-07-06,684.0,684.0,669.65,678.75,1118490.0
2018-07-09,677.55,690.0,677.55,689.95,881520.0
2018-07-10,693.85,701.8,686.15,699.9,2365230.0
2018-07-11,697.5,700.85,691.15,694.0,1439660.0
2018-07-12,691.0,697.7,688.15,697.05,1202620.0
2018-07-13,698.8,703.7,694.0,703.7,1009990.0
2018-07-16,700.6,702.85,694.1,699.7,995940.0
2018-07-17,695.95,696.9,686.5,690.05,853970.0
2018-07-18,690.95,702.0,690.15,701.45,1074800.0
2018-07-19,701.0,704.95,699.2,704.95,822070.0
2018-07-20,703.0,704.65,695.25,700.0,1155240.0
2018-07-23,699.5,702.45,692.8,693.2,663030.0
2018-07-24,692.65,694.1,687.3,691.7,539620.0
2018-07-25,689.0,705.8,688.1,705.0,813990.0
2018-07-26,706.35,715.0,701.25,710.7,893850.0
2018-07-27,710.0,713.5,702.6,707.8,508830.0
2018-07-30,706.1,718.0,703.1,718.0,1088460.0
2018-07-31,714.55,721.4,712.5,721.4,1707940.0
2018-08-01,719.8,731.0,717.4,728.9,1234180.0
2018-08-02,729.4,733.0,721.0,723.1,880550.0
2018-08-03,722.3,730.0,718.6,730.0,981620.0
2018-08-06,726.9,739.0,726.2,731.9,745620.0
2018-08-07,732.0,735.3,728.0,732.8,546300.0
2018-08-08,731.8,740.0,724.0,740.0,1119700.0
2018-08-09,738.9,747.5,732.5,747.5,1809710.0
2018-08-10,745.0,752.9,738.8,752.0,1460530.0
2018-08-13,751.2,763.3,749.3,758.5,1492000.0
2018-08-14,761.9,761.9,742.4,752.6,1469650.0
2018-08-15,750.7,753.5,738.6,753.5,1626270.0
2018-08-16,753.0,753.4,740.4,742.0,988020.0
2018-08-17,741.4,746.0,734.6,740.0,1093830.0
2018-08-20,743.5,751.0,742.3,751.0,739880.0
2018-08-21,753.3,759.9,746.3,757.8,732650.0
2018-08-22,759.7,764.8,751.4,764.8,1233850.0
2018-08-23,762.2,769.7,760.2,760.5,1275510.0
2018-08-24,762.7,775.0,755.7,774.9,1149010.0
2018-08-27,776.6,783.1,772.6,783.1,819280.0
2018-08-28,785.3,787.7,779.3,784.8,738810.0
2018-08-29,784.8,794.9,783.7,794.9,679000.0
2018-08-30,798.1,800.8,792.2,795.9,1395520.0
2018-08-31,793.5,796.4,777.5,783.1,1499470.0
2018-09-03,785.6,794.5,781.1,788.3,378450.0
2018-09-04,788.0,795.3,783.0,787.0,678500.0
2018-09-05,785.0,791.3,779.8,779.8,940870.0
2018-09-06,781.4,793.8,777.7,785.6,639700.0
2018-09-07,787.5,788.8,778.2,785.5,668480.0
2018-09-10,786.9,813.0,786.1,813.0,958410.0
2018-09-11,810.8,820.0,801.2,813.1,1760460.0
2018-09-12,814.6,818.9,794.0,798.8,1222080.0
2018-09-13,798.2,802.0,790.9,796.1,741450.0
2018-09-14,797.6,800.5,787.6,794.0,1053380.0
2018-09-17,796.0,796.3,782.0,784.9,923450.0
2018-09-18,783.7,787.0,776.0,786.8,912750.0
2018-09-19,787.5,789.4,778.8,783.9,1343020.0
2018-09-20,786.3,791.7,780.5,783.1,3298210.0
2018-09-21,786.4,798.2,783.6,795.5,1691728.0
2018-09-24,796.2,797.9,781.4,784.1,948630.0
2018-09-25,784.7,818.1,783.4,818.1,1960690.0
2018-09-26,817.0,820.5,810.0,813.3,1595710.0
2018-09-27,813.5,837.0,813.5,837.0,2264500.0
2018-09-28,834.2,835.9,818.6,835.4,1817850.0
2018-10-01,839.2,847.1,821.2,833.2,1101120.0
2018-10-02,836.7,836.7,807.8,813.8,1120210.0
2018-10-03,814.0,831.3,814.0,826.3,1123360.0
2018-10-04,826.3,830.0,816.0,819.6,970450.0
2018-10-05,818.7,831.5,810.1,810.1,1117210.0
2018-10-08,811.1,833.1,809.6,821.4,992490.0
2018-10-09,823.9,831.5,822.6,823.9,863160.0
2018-10-10,822.3,829.3,818.0,823.8,1176310.0
2018-10-11,797.0,803.5,772.3,778.3,1911010.0
2018-10-12,786.4,797.5,775.3,790.0,970570.0
2018-10-15,794.1,796.9,775.7,789.7,764500.0
2018-10-16,789.7,789.8,777.7,786.4,617330.0
2018-10-17,789.4,792.6,781.4,790.5,565850.0
2018-10-18,785.7,787.4,776.3,779.0,819270.0
2018-10-19,780.9,789.6,775.9,776.0,757580.0
2018-10-22,778.5,789.1,775.1,776.9,921090.0
2018-10-23,775.4,779.1,765.0,765.5,1173960.0
2018-10-24,770.0,784.2,765.7,776.6,1779650.0
2018-10-25,770.0,782.4,766.6,776.5,1355340.0
2018-10-26,775.2,776.2,750.1,762.1,900820.0
2018-10-29,760.0,764.7,755.7,762.9,405450.0
2018-10-30,759.1,759.7,741.8,754.9,762540.0
2018-10-31,757.7,784.4,757.2,784.4,1780880.0
2018-11-01,780.1,787.0,765.1,779.0,1124020.0
2018-11-02,784.4,793.4,775.0,792.7,1200680.0
2018-11-06,792.7,803.6,788.7,802.2,1133830.0
2018-11-07,799.9,814.1,791.3,814.1,1320280.0
2018-11-08,815.5,819.2,807.4,819.2,1080260.0
2018-11-09,815.0,815.3,798.4,813.4,939970.0
2018-11-12,812.0,824.0,810.2,812.3,620760.0
2018-11-13,810.0,813.8,792.1,793.0,1224610.0
2018-11-14,786.9,787.8,762.4,762.5,2120010.0
2018-11-15,765.2,768.9,752.3,752.3,898780.0
2018-11-16,759.6,766.3,751.5,760.8,1118530.0
2018-11-19,761.1,774.0,761.1,763.6,906710.0
2018-11-20,761.2,761.2,742.0,750.8,725290.0
2018-11-21,744.3,762.0,742.6,758.3,839200.0
2018-11-22,757.9,760.0,748.1,755.0,679490.0
2018-11-23,749.7,751.3,720.1,726.7,1513850.0
2018-11-26,729.6,729.6,692.6,705.7,1680710.0
2018-11-27,706.3,710.7,687.6,705.0,1160960.0
2018-11-28,707.0,735.8,705.4,725.6,1110200.0
2018-11-29,726.4,743.7,714.0,714.0,2205580.0
2018-11-30,716.6,720.0,710.1,712.7,2767030.0
2018-12-03,721.5,748.8,721.5,743.8,1923430.0
2018-12-04,746.0,771.3,738.3,771.3,1992840.0
2018-12-05,758.7,778.9,749.0,778.7,1767490.0
2018-12-06,767.9,778.4,753.5,765.0,1813660.0
2018-12-07,766.9,782.4,750.9,776.0,1610990.0
2018-12-10,769.3,771.7,759.9,759.9,917360.0
2018-12-11,760.0,772.8,747.8,760.0,1377680.0
2018-12-12,765.0,766.0,738.7,738.7,1205690.0
2018-12-13,739.9,746.1,730.0,736.0,1351850.0
2018-12-14,736.0,737.0,722.2,726.4,729760.0
2018-12-17,726.7,738.1,721.5,727.0,632730.0
2018-12-18,719.7,728.3,715.1,719.6,1431950.0
2018-12-19,716.0,720.0,700.7,714.3,1680290.0
2018-12-20,706.2,714.7,701.0,714.7,1419640.0
2018-12-21,710.0,713.9,693.4,710.0,2764040.0
2018-12-24,707.0,710.3,697.7,703.0,379540.0
2018-12-25,695.0,703.0,680.5,696.8,379120.0
2018-12-26,700.1,719.9,694.9,712.0,297030.0
2018-12-27,725.9,727.0,711.1,717.0,894200.0
2018-12-28,720.0,746.7,716.8,737.8,1242470.0
2018-12-29,734.9,741.8,649.4,737.9,17339.0
2019-01-03,737.9,737.9,715.7,731.8,1189570.0
2019-01-04,734.2,737.7,726.2,737.7,1026610.0
2019-01-08,715.8,724.0,708.1,723.2,1682220.0
2019-01-09,722.2,723.8,710.1,717.9,1250860.0
2019-01-10,718.2,733.0,712.1,732.6,1566140.0
2019-01-11,732.0,732.0,721.3,730.3,1411380.0
2019-01-14,728.2,728.6,719.3,725.0,1088030.0
2019-01-15,726.0,731.9,719.1,721.0,1526180.0
2019-01-16,720.0,728.5,718.6,722.0,1637560.0
2019-01-17,724.4,735.1,716.5,734.1,1991860.0
2019-01-18,733.8,742.9,729.1,741.0,1283910.0
2019-01-21,738.0,742.4,732.6,735.4,691020.0
2019-01-22,732.7,751.9,728.7,750.5,1713780.0
2019-01-23,748.1,784.3,746.3,784.0,2071460.0
2019-01-24,782.9,783.0,765.3,772.9,1467320.0
2019-01-25,775.9,798.9,770.0,798.9,1329960.0
2019-01-28,796.4,805.0,785.9,791.4,1623570.0
2019-01-29,791.0,799.8,781.0,798.8,1322280.0
2019-01-30,797.1,806.9,792.2,806.9,1255970.0
2019-01-31,811.0,814.9,801.9,806.9,2037460.0
2019-02-01,805.2,815.0,801.4,808.1,1336790.0
2019-02-04,807.1,808.8,802.1,803.2,895990.0
2019-02-05,805.2,814.0,803.1,810.0,647890.0
2019-02-06,807.9,811.0,798.5,804.0,945360.0
2019-02-07,802.0,809.4,795.0,804.7,1004840.0
2019-02-08,800.9,802.3,786.0,787.3,963560.0
2019-02-11,788.1,795.0,778.6,780.0,898600.0
2019-02-12,782.5,785.6,774.2,784.5,1113530.0
2019-02-13,784.2,785.1,761.6,761.6,1212040.0
2019-02-14,756.8,779.0,755.7,763.9,1408620.0
2019-02-15,768.3,790.3,762.8,790.3,1192080.0
2019-02-18,786.2,788.3,771.2,778.5,889470.0
2019-02-19,778.0,781.9,770.0,772.8,621810.0
2019-02-20,775.9,794.3,772.7,793.6,1394350.0
2019-02-21,793.6,799.6,791.3,796.0,1275530.0
2019-02-22,794.3,800.5,793.2,799.9,857710.0
2019-02-25,799.9,800.0,783.0,787.1,948340.0
2019-02-26,783.0,789.9,779.1,789.9,1096650.0
2019-02-27,793.8,797.7,785.2,794.9,1581990.0
2019-02-28,791.6,796.5,775.5,776.1,2348910.0
2019-03-01,779.6,783.1,774.1,775.2,1177790.0
2019-03-04,778.1,779.6,770.1,770.1,448960.0
2019-03-05,768.0,770.0,760.0,760.0,620600.0
2019-03-06,761.8,770.0,761.8,766.0,678410.0
2019-03-07,766.2,767.1,753.9,755.2,917880.0
2019-03-11,755.7,756.0,742.6,747.0,852160.0
2019-03-12,749.0,751.3,727.9,732.5,1116870.0
2019-03-13,734.3,734.3,716.6,729.0,1148560.0
2019-03-14,730.0,737.8,724.1,731.8,1046370.0
2019-03-15,731.7,744.4,729.4,743.8,2610930.0
2019-03-18,742.8,757.8,737.0,753.1,1006930.0
2019-03-19,755.0,768.1,751.5,767.0,1282350.0
2019-03-20,767.1,780.0,760.8,772.6,1263400.0
2019-03-21,773.6,783.0,757.6,768.0,2566330.0
2019-03-22,765.9,772.8,753.0,757.2,1236470.0
2019-03-25,752.0,758.5,745.8,747.2,701740.0
2019-03-26,750.3,760.4,746.8,755.5,771580.0
2019-03-27,757.8,765.0,744.2,746.9,785770.0
2019-03-28,745.0,759.4,744.8,755.6,724890.0
2019-03-29,757.6,764.8,748.9,755.0,1819040.0
2019-04-01,755.6,763.3,750.7,750.7,760470.0
2019-04-02,750.9,755.0,738.0,742.9,1044100.0
2019-04-03,746.0,754.2,743.1,743.1,1159650.0
2019-04-04,745.0,745.9,730.4,733.1,922510.0
2019-04-05,734.5,738.0,726.4,731.2,627550.0
2019-04-08,732.0,755.8,731.3,754.2,1282400.0
2019-04-09,755.7,763.2,750.2,760.9,1156230.0
2019-04-10,760.9,767.0,755.0,758.8,1947860.0
2019-04-11,762.4,762.7,746.4,751.0,1053260.0
2019-04-12,751.0,753.8,743.0,750.5,810650.0
2019-04-15,750.6,751.6,738.8,741.9,633540.0
2019-04-16,742.5,752.0,738.9,746.9,919610.0
2019-04-17,750.9,754.9,745.1,751.6,1023430.0
2019-04-18,749.2,750.0,741.0,749.2,638750.0
2019-04-19,748.5,750.0,748.0,748.9,97720.0
2019-04-22,750.1,756.5,750.1,752.0,150790.0
2019-04-23,754.2,756.6,743.0,750.2,565110.0
2019-04-24,748.1,753.5,740.3,743.5,1327780.0
2019-04-25,742.4,744.6,734.1,738.2,1113420.0
2019-04-26,738.9,777.3,733.2,767.3,3067830.0
2019-04-29,765.5,767.3,749.5,754.9,1075880.0
2019-04-30,753.8,764.4,751.1,757.5,1456370.0
2019-05-02,757.5,769.7,753.3,754.1,907190.0
2019-05-03,755.6,769.0,755.6,765.5,932500.0
2019-05-06,761.0,769.0,755.2,765.3,485190.0
2019-05-07,765.6,768.8,742.0,750.5,1750150.0
2019-05-08,747.1,748.5,723.2,723.2,2018580.0
2019-05-10,724.8,727.7,704.1,705.1,2050760.0
2019-05-13,707.8,716.2,689.6,690.9,2105390.0
2019-05-14,693.5,739.4,693.5,706.4,4416680.0
2019-05-15,706.9,714.0,691.4,693.3,2029540.0
2019-05-16,693.3,708.1,675.3,675.9,2594900.0
2019-05-17,669.0,697.1,666.0,679.4,3396660.0
2019-05-20,684.7,686.7,673.5,681.1,2055930.0
2019-05-21,684.0,707.9,680.3,706.7,2015160.0
2019-05-22,705.6,721.8,699.1,720.0,2291440.0
2019-05-23,723.3,723.3,704.4,708.0,1454920.0
2019-05-24,711.1,718.4,696.8,696.8,1559140.0
2019-05-27,698.4,704.2,695.0,695.3,586730.0
2019-05-28,696.2,714.4,685.0,702.8,2872988.0
2019-05-29,700.1,725.9,697.5,725.9,2590220.0
2019-05-30,725.8,759.5,725.1,754.1,2896310.0
2019-05-31,744.0,759.0,735.0,748.5,2393440.0
2019-06-03,746.8,760.8,740.5,759.9,1898120.0
2019-06-04,759.9,771.5,752.1,766.9,2214710.0
2019-06-05,769.7,769.7,744.6,755.7,1184300.0
2019-06-06,755.7,763.3,752.0,758.6,1424140.0
2019-06-07,768.8,775.0,753.6,753.6,1409860.0
2019-06-10,757.0,761.8,752.4,759.4,972660.0
2019-06-11,761.0,778.1,757.0,777.4,2893080.0
2019-06-13,774.6,779.8,763.2,770.0,2007730.0
2019-06-14,767.4,773.7,761.0,765.0,1327450.0
2019-06-17,766.1,769.1,758.8,759.7,1108120.0
2019-06-18,759.9,779.7,757.3,775.0,1474800.0
2019-06-19,776.9,781.3,768.3,771.9,1109610.0
2019-06-20,774.0,789.9,773.0,789.4,2759590.0
2019-06-21,791.0,791.0,769.2,776.8,3198410.0
2019-06-24,777.4,778.7,767.2,769.8,1359840.0
2019-06-25,769.0,772.9,753.4,763.5,1430080.0
2019-06-26,765.4,773.9,757.7,770.0,1931430.0
2019-06-27,771.6,777.9,767.3,773.3,1422470.0
2019-06-28,776.8,781.2,770.6,774.9,1328820.0
2019-07-01,780.0,784.3,768.0,768.0,1575190.0
2019-07-02,768.9,772.6,765.3,769.4,2443610.0
2019-07-03,771.9,784.0,766.0,780.0,3172260.0
2019-07-04,752.7,760.5,750.2,760.5,1849780.0
2019-07-05,761.4,766.1,757.2,762.7,1378220.0
2019-07-08,761.8,762.7,755.1,760.9,954100.0
2019-07-09,758.5,765.0,748.7,753.6,1128520.0
2019-07-10,754.0,755.2,745.2,748.0,874500.0
2019-07-11,750.0,750.2,733.3,741.3,1125760.0
2019-07-12,740.1,741.2,725.2,726.9,996740.0
2019-07-15,728.1,731.9,717.5,717.5,790160.0
2019-07-16,717.0,731.6,716.1,730.0,1800250.0
2019-07-17,728.0,749.3,727.9,741.0,2851140.0
2019-07-18,739.8,742.6,730.5,738.0,1720400.0
2019-07-19,736.6,752.0,736.4,744.0,1680220.0
2019-07-22,744.4,747.9,733.6,733.6,1005160.0
2019-07-23,735.2,747.9,733.8,747.9,1799450.0
2019-07-24,749.1,751.1,737.2,741.3,1628640.0
2019-07-25,743.0,746.6,734.0,740.5,2183870.0
2019-07-26,738.9,741.4,732.9,734.6,1532110.0
2019-07-29,735.5,743.4,735.0,738.1,1235420.0
2019-07-30,737.7,742.0,728.0,737.5,1389980.0
2019-07-31,736.8,743.2,730.3,743.2,2553980.0
2019-08-01,738.6,758.8,738.2,755.0,2536230.0
2019-08-02,750.0,755.8,731.2,732.2,2248200.0
2019-08-05,730.9,732.5,716.4,716.4,1697180.0
2019-08-06,723.5,746.7,720.6,740.0,3475260.0
2019-08-07,738.0,741.7,727.7,727.8,1515460.0
2019-08-08,734.4,740.9,733.4,738.7,1290880.0
2019-08-09,737.4,741.0,735.9,737.3,1009960.0
2019-08-12,740.1,744.3,734.7,738.6,693090.0
2019-08-13,736.0,739.7,721.1,729.0,2224870.0
2019-08-14,729.3,732.3,706.0,709.4,1511140.0
2019-08-15,711.8,717.8,702.5,702.5,1732300.0
2019-08-16,705.7,713.8,702.2,705.0,1638020.0
2019-08-19,709.6,717.5,706.1,712.8,1191590.0
2019-08-20,716.2,724.0,714.5,721.1,1009560.0
2019-08-21,722.9,726.0,717.1,718.6,1403650.0
2019-08-22,718.2,722.3,715.6,717.6,1518320.0
2019-08-23,718.0,721.5,715.1,718.1,1459770.0
2019-08-26,715.0,725.3,711.0,716.9,1140750.0
2019-08-27,719.1,720.0,704.1,720.0,6686310.0
2019-08-28,721.0,724.2,716.0,717.9,2560450.0
2019-08-29,717.9,724.6,716.9,723.6,1284920.0
2019-08-30,723.9,743.1,723.1,743.1,2718610.0
2019-09-02,744.0,751.8,742.1,747.7,1067481.0
2019-09-03,746.3,749.8,737.1,746.0,1143450.0
2019-09-04,749.8,754.0,740.0,740.0,2232754.0
2019-09-05,743.6,749.1,739.8,743.7,1621717.0
2019-09-06,743.7,753.0,736.5,753.0,1680728.0
2019-09-09,754.1,757.8,748.7,752.8,1002156.0
2019-09-10,752.8,752.8,743.0,746.7,2096817.0
2019-09-11,747.0,752.5,745.4,749.0,1467463.0
2019-09-12,747.9,748.0,736.0,738.6,2009749.0
2019-09-13,736.0,739.9,727.5,733.3,1252246.0
2019-09-16,743.1,761.5,738.4,759.9,5221015.0
2019-09-17,752.9,768.2,747.4,756.1,4081305.0
2019-09-18,756.0,758.9,751.0,753.0,1882184.0
2019-09-19,752.1,754.9,741.9,741.9,2417939.0
2019-09-20,741.7,748.7,739.0,748.7,3008703.0
2019-09-23,746.1,749.5,737.3,743.4,2166056.0
2019-09-24,742.7,744.9,730.0,734.3,2250514.0
2019-09-25,729.1,740.0,726.1,740.0,3315619.0
2019-09-26,704.3,709.7,699.2,704.9,1962172.0
2019-09-27,705.0,708.3,697.5,697.5,1577661.0
2019-09-30,698.8,701.7,687.4,687.4,2041676.0
2019-10-01,689.0,700.9,688.0,694.9,1385822.0
2019-10-02,695.0,695.7,686.0,688.8,1232244.0
2019-10-03,688.1,688.2,671.2,676.3,1799128.0
2019-10-04,682.3,694.5,678.4,681.5,1883788.0
2019-10-07,684.5,694.2,680.1,691.5,985257.0
2019-10-08,691.9,694.5,685.5,688.5,916247.0
2019-10-09,688.7,697.2,687.1,690.5,1052000.0
2019-10-10,691.5,701.6,687.6,698.4,923205.0
2019-10-11,701.0,709.9,700.3,709.7,1176461.0
2019-10-14,708.8,711.8,695.3,700.0,921234.0
2019-10-15,700.0,703.0,694.2,700.8,1280263.0
2019-10-16,700.6,710.9,699.6,708.9,1702015.0
2019-10-17,708.0,708.0,702.2,707.3,1154731.0
2019-10-18,705.3,710.0,704.1,706.8,1102926.0
2019-10-21,707.9,721.9,704.8,721.9,1530095.0
2019-10-22,720.0,738.0,718.0,738.0,2371996.0
2019-10-23,737.0,749.9,731.8,749.9,2301655.0
2019-10-24,748.7,759.9,745.7,759.9,2808980.0
2019-10-25,757.1,760.0,740.1,749.6,2008166.0
2019-10-28,752.2,755.9,740.7,749.9,1261327.0
2019-10-29,749.0,752.0,744.6,752.0,1760583.0
2019-10-30,748.9,759.8,743.2,759.8,1910918.0
2019-10-31,759.5,764.0,746.3,748.2,2338612.0
2019-11-01,747.2,755.4,741.1,755.4,1179205.0
2019-11-05,758.0,773.0,756.0,773.0,1967932.0
2019-11-06,771.6,787.0,765.6,787.0,1874119.0
2019-11-07,782.4,799.7,777.0,797.9,2077132.0
2019-11-08,797.2,799.4,778.3,782.2,1962655.0
2019-11-11,781.1,783.2,771.4,778.8,1430210.0
2019-11-12,779.4,786.0,773.0,777.4,1685879.0
2019-11-13,769.9,774.4,767.8,772.7,953543.0
2019-11-14,777.0,777.5,762.2,773.9,1973593.0
2019-11-15,773.0,778.6,758.7,764.0,1740196.0
2019-11-18,766.9,768.9,752.1,753.8,1500927.0
2019-11-19,756.0,760.7,751.7,760.0,1148917.0
2019-11-20,758.0,763.0,747.0,760.0,1497166.0
2019-11-21,758.8,761.0,748.2,759.0,1709643.0
2019-11-22,757.9,764.0,755.7,761.2,1562407.0
2019-11-25,763.8,763.8,754.2,760.0,1038918.0
2019-11-26,758.0,760.8,742.4,747.1,5553617.0
2019-11-27,748.0,753.9,743.5,749.0,1526793.0
2019-11-28,747.8,751.9,745.1,747.8,393751.0
2019-11-29,748.0,748.2,738.5,740.4,1427749.0
2019-12-02,744.0,749.9,741.8,747.9,1893121.0
2019-12-03,747.9,749.7,734.2,734.2,1757363.0
2019-12-04,736.6,743.5,733.9,740.9,1065984.0
2019-12-05,743.0,746.8,733.6,745.0,1169808.0
2019-12-06,746.9,752.3,736.7,752.3,1646518.0
2019-12-09,751.8,761.7,748.5,759.2,1901988.0
2019-12-10,756.8,758.3,748.6,751.0,1483475.0
2019-12-11,749.9,768.0,749.7,762.4,2131315.0
2019-12-12,764.7,786.3,764.2,780.6,2743779.0
2019-12-13,782.9,794.0,779.5,793.2,2259601.0
2019-12-16,793.0,795.0,783.2,788.8,2054700.0
2019-12-17,789.8,798.2,787.5,791.2,2614053.0
2019-12-18,791.9,793.7,782.0,791.5,2721674.0
2019-12-19,792.1,797.0,785.7,788.0,1974560.0
2019-12-20,790.0,791.9,780.3,780.8,2095559.0
2019-12-23,781.6,790.5,779.3,788.9,1280862.0
2019-12-24,789.7,791.1,781.5,781.5,640480.0
2019-12-25,782.4,787.0,779.3,784.5,448613.0
2019-12-26,787.2,794.0,784.6,789.0,1071933.0
2019-12-27,768.2,778.1,763.0,770.0,3171163.0
2019-12-30,768.7,772.8,759.1,759.7,1620313.0
2020-01-03,767.0,777.4,765.6,776.7,2892452.0
2020-01-06,780.3,782.1,774.2,776.0,4190556.0
2020-01-08,777.6,797.0,775.3,788.0,2692274.0
2020-01-09,786.1,810.2,782.2,806.7,2634882.0
2020-01-10,807.5,808.8,800.1,801.0,1517004.0
2020-01-13,799.0,807.0,796.0,806.0,1954614.0
2020-01-14,807.0,815.9,802.5,811.6,2320206.0
2020-01-15,809.6,815.5,802.0,807.0,2201486.0
2020-01-16,809.8,815.4,805.0,808.9,1564126.0
2020-01-17,808.9,814.0,807.0,809.6,1795151.0
2020-01-20,812.0,837.4,810.4,830.0,2369268.0
2020-01-21,826.0,829.0,819.3,825.0,1968311.0
2020-01-22,827.2,828.8,813.3,818.0,1760099.0
2020-01-23,815.0,817.0,796.2,800.0,2480483.0
2020-01-24,802.8,809.3,794.0,795.7,1370270.0
2020-01-27,787.3,791.8,776.6,779.8,1713179.0
2020-01-28,780.8,788.2,773.3,779.0,1755492.0
2020-01-29,784.0,791.9,777.6,780.0,1862039.0
2020-01-30,777.1,784.0,770.1,777.0,1562510.0
2020-01-31,781.5,788.0,761.0,761.0,2503425.0
2020-02-03,757.0,762.1,749.0,751.6,3128202.0
2020-02-04,753.0,768.6,747.0,764.3,3752348.0
2020-02-05,766.3,775.2,754.0,765.3,3833552.0
2020-02-06,771.6,775.3,760.7,762.9,2828985.0
2020-02-07,763.8,766.9,748.2,752.0,2555111.0
2020-02-10,752.1,753.0,738.2,741.0,2234346.0
2020-02-11,745.8,757.2,745.7,753.7,2120328.0
2020-02-12,754.7,770.0,753.0,768.2,4307727.0
2020-02-13,765.9,766.7,758.3,763.0,2106726.0
2020-02-14,764.0,767.9,759.2,763.1,1494851.0
2020-02-17,764.0,768.8,762.9,766.1,1071063.0
2020-02-18,764.5,764.8,750.8,750.8,1601368.0
2020-02-19,755.8,767.8,755.7,765.4,1781203.0
2020-02-20,768.0,771.8,764.1,764.1,1673986.0
2020-02-21,761.7,763.0,755.0,755.0,1202126.0
2020-02-25,744.2,747.7,721.0,721.4,3792136.0
2020-02-26,718.9,733.0,714.5,724.3,4530000.0
2020-02-27,718.0,723.3,691.6,691.6,3504680.0
2020-02-28,679.5,684.4,625.1,671.6,7836680.0
2020-03-02,695.8,696.5,664.1,667.9,5113326.0
2020-03-03,681.2,694.4,677.1,682.7,4174883.0
2020-03-04,672.5,696.3,668.0,695.3,3800457.0
2020-03-05,702.0,705.2,684.6,696.2,2947756.0
2020-03-06,683.7,689.0,653.1,658.5,4710951.0
2020-03-10,592.7,612.9,527.6,530.0,10679932.0
2020-03-11,539.5,558.1,521.3,527.7,5343942.0
2020-03-12,508.0,508.0,460.5,469.8,7979329.0
2020-03-13,469.9,500.6,458.7,458.7,9092530.0
2020-03-16,447.0,458.0,426.0,442.3,7584880.0
2020-03-17,442.9,451.7,402.1,422.1,7560727.0
2020-03-18,408.1,418.0,382.7,385.0,8825786.0
2020-03-19,389.3,457.4,372.0,455.9,10628981.0
2020-03-20,470.2,542.5,470.2,515.6,13514396.0
2020-03-23,475.1,527.9,470.0,503.8,8180350.0
2020-03-24,550.1,581.8,531.5,561.2,8577553.0
2020-03-25,576.0,589.5,534.8,562.2,9335936.0
2020-03-26,557.8,572.4,544.3,560.0,4780144.0
2020-03-27,563.1,567.0,514.4,530.0,5767580.0
2020-03-30,519.0,528.8,500.0,521.8,4058999.0
2020-03-31,533.7,558.3,531.7,552.6,5236762.0
2020-04-01,538.0,545.3,532.0,544.0,4136058.0
2020-04-02,574.5,587.7,550.0,585.0,8866403.0
2020-04-03,585.3,629.5,578.1,600.6,7264037.0
2020-04-06,607.9,613.8,594.6,608.9,3520132.0
2020-04-07,621.0,624.8,575.2,583.6,7556395.0
2020-04-08,583.8,598.0,574.8,598.0,4696236.0
2020-04-09,602.4,610.0,586.0,606.2,7155806.0
2020-04-10,601.6,601.8,590.0,601.4,1461746.0
2020-04-13,597.5,601.0,581.7,587.0,2570632.0
2020-04-14,591.0,597.7,547.1,554.6,6637204.0
2020-04-15,548.0,548.1,503.3,510.6,9614924.0
2020-04-16,512.6,526.9,491.6,510.4,11294022.0
2020-04-17,522.4,527.5,513.4,516.4,6080833.0
2020-04-20,509.9,523.5,480.6,488.4,10780923.0
2020-04-21,473.2,486.0,455.5,476.7,11802059.0
2020-04-22,466.7,521.0,465.0,514.4,12574555.0
2020-04-23,524.7,539.4,510.8,532.2,8585684.0
2020-04-24,528.2,530.9,514.0,521.9,5331498.0
2020-04-27,520.5,527.9,514.0,516.7,3712606.0
2020-04-28,513.2,538.0,511.5,529.8,5685625.0
2020-04-29,537.3,559.0,532.4,558.6,6357056.0
2020-04-30,566.4,576.9,546.7,550.0,9792126.0
2020-05-04,540.6,551.4,529.0,544.9,4618688.0
2020-05-05,556.7,563.4,547.6,551.6,3719368.0
2020-05-06,554.0,559.9,538.2,541.5,5135240.0
2020-05-07,543.9,549.0,539.2,544.0,3961658.0
2020-05-08,546.0,549.5,538.3,546.5,2086255.0
2020-05-12,546.0,547.3,539.3,541.9,3602932.0
2020-05-13,540.0,540.6,516.0,517.8,4864849.0
2020-05-14,516.7,524.5,508.2,522.6,5085718.0
2020-05-15,529.0,535.6,514.2,514.2,4668723.0
2020-05-18,523.5,552.5,523.3,549.0,6510337.0
2020-05-19,552.5,558.3,544.6,549.6,4696629.0
2020-05-20,544.6,568.5,538.3,566.5,5868358.0
2020-05-21,565.2,575.0,537.9,540.0,6828653.0
2020-05-22,531.5,548.1,529.2,544.0,3746626.0
2020-05-25,549.2,565.0,547.9,557.0,1866678.0
2020-05-26,567.2,575.4,559.3,559.9,4521122.0
2020-05-27,557.7,572.2,546.2,559.8,4979200.0
2020-05-28,568.2,569.7,555.3,565.0,4223398.0
2020-05-29,562.5,562.8,532.0,532.0,21337968.0
2020-06-01,544.2,552.7,541.3,542.5,7217916.0
2020-06-02,548.0,560.2,546.4,560.1,5755033.0
2020-06-03,565.0,571.0,501.2,569.0,9122340.0
2020-06-04,567.5,567.5,555.4,559.2,5541459.0
2020-06-05,565.0,574.0,561.1,569.9,4706802.0
2020-06-08,575.0,597.4,570.5,578.4,7818255.0
2020-06-09,581.5,589.7,575.0,586.5,5803236.0
2020-06-10,590.6,599.4,581.2,595.9,7602075.0
2020-06-11,586.4,587.2,571.0,577.0,5306145.0
2020-06-15,564.7,582.8,551.4,581.6,4773777.0
2020-06-16,590.0,596.1,576.5,581.0,5668729.0
2020-06-17,582.4,590.2,565.4,565.4,6246487.0
2020-06-18,566.3,579.2,560.5,576.0,4887022.0
2020-06-19,580.9,593.7,578.0,586.5,7835453.0
2020-06-22,583.9,592.5,574.8,589.1,3475201.0
2020-06-23,591.2,594.5,586.1,588.6,3298412.0
2020-06-25,577.8,584.8,570.0,584.7,3763409.0
2020-06-26,583.6,586.0,566.1,572.6,3578776.0
2020-06-29,570.0,572.1,561.3,568.4,3022494.0
2020-06-30,568.0,568.8,552.0,556.3,4303689.0
2020-07-02,562.4,569.4,558.8,567.5,3174555.0
2020-07-03,566.9,568.9,563.1,568.0,1603182.0
2020-07-06,575.9,579.8,567.0,570.6,3240962.0
2020-07-07,566.9,572.3,560.0,565.5,2619199.0
2020-07-08,566.5,567.1,556.5,560.6,2264766.0
2020-07-09,560.3,562.1,549.2,552.5,3011090.0
2020-07-10,548.6,563.0,543.4,562.7,3494459.0
2020-07-13,563.7,566.6,544.5,546.5,2120364.0
2020-07-14,545.6,548.1,534.2,547.9,2906096.0
2020-07-15,550.0,555.7,546.4,553.3,2787463.0
2020-07-16,550.3,556.2,548.2,553.6,1610114.0
2020-07-17,551.0,555.0,545.0,550.9,2077481.0
2020-07-20,549.8,556.4,546.4,554.9,2273294.0
2020-07-21,556.6,566.7,556.6,560.4,3025171.0
2020-07-22,561.7,564.3,556.6,560.9,1923868.0
2020-07-23,564.3,568.4,558.2,559.0,2152293.0
2020-07-24,558.4,565.3,557.0,564.7,1531455.0
2020-07-27,566.1,567.1,556.6,560.9,2301237.0
2020-07-28,562.9,563.0,554.4,557.0,1922091.0
2020-07-29,557.5,564.8,555.6,563.0,1931897.0
2020-07-30,559.6,563.7,552.4,558.4,2014709.0
2020-07-31,558.0,559.3,550.3,554.7,1717623.0
2020-08-03,552.7,553.8,543.9,547.2,2606710.0
2020-08-04,545.9,548.8,541.5,546.8,2026925.0
2020-08-05,546.9,562.5,545.3,558.4,3417213.0
2020-08-06,561.3,562.6,556.2,561.4,2649963.0
2020-08-07,559.1,562.2,554.0,559.4,1591574.0
2020-08-10,560.2,564.0,555.4,559.8,2690439.0
2020-08-11,561.5,590.0,560.2,581.0,5648917.0
2020-08-12,582.0,608.4,582.0,605.6,6681665.0
2020-08-13,604.7,615.6,598.0,604.9,4368858.0
2020-08-14,609.3,612.0,600.0,608.5,3042933.0
2020-08-17,611.0,616.4,596.3,600.1,3634214.0
2020-08-18,599.5,611.2,594.4,597.6,3382756.0
2020-08-19,598.0,598.4,583.0,590.9,2262748.0
2020-08-20,589.0,589.7,562.5,572.8,4191528.0
2020-08-21,574.0,577.3,555.1,566.1,3607093.0
2020-08-24,568.0,573.7,565.5,570.7,2164611.0
2020-08-25,572.9,575.0,565.2,571.0,1837384.0
2020-08-26,570.4,574.6,563.2,571.6,2428058.0
2020-08-27,573.9,574.0,560.0,561.4,2393703.0
2020-08-28,561.6,561.9,553.3,556.8,2141319.0
2020-08-31,557.4,561.2,544.5,547.8,4130086.0
2020-09-01,549.9,550.8,543.1,549.5,3141932.0
2020-09-02,550.2,553.5,541.4,545.0,3575581.0
2020-09-03,542.8,544.6,529.2,532.6,4751102.0
2020-09-04,532.4,540.4,529.3,536.4,2950513.0
2020-09-07,534.4,538.3,531.6,533.9,1297229.0
2020-09-08,534.7,534.7,519.1,523.9,3236195.0
2020-09-09,521.1,531.3,519.9,529.7,2631827.0
2020-09-10,529.7,531.1,522.3,528.0,2271507.0
2020-09-11,528.2,537.6,527.0,537.6,2472397.0
2020-09-14,539.1,547.6,536.3,538.9,3027666.0
2020-09-15,538.1,553.1,537.2,552.8,2916615.0
2020-09-16,554.0,557.5,516.1,531.4,10461564.0
2020-09-17,526.9,529.7,508.1,517.4,10139018.0
2020-09-18,518.3,520.0,503.8,507.8,7355648.0
2020-09-21,506.7,506.7,475.7,480.7,9268530.0
2020-09-22,478.8,482.8,469.2,479.7,7086715.0
2020-09-23,479.9,480.1,460.0,460.0,6437486.0
2020-09-24,459.8,471.4,448.7,467.5,9276502.0
2020-09-25,469.9,470.8,457.4,464.0,4873017.0
2020-09-28,464.6,479.9,456.6,474.5,7094588.0
2020-09-29,474.8,478.4,461.1,464.7,4479243.0
2020-09-30,463.0,469.4,460.8,463.6,3589381.0
2020-10-01,465.6,468.0,457.3,458.5,3006376.0
2020-10-02,453.9,456.5,449.5,453.1,3006638.0
2020-10-05,455.5,474.0,455.4,473.5,4346265.0
2020-10-06,473.5,486.7,464.9,472.5,6651348.0
2020-10-07,475.8,479.7,461.6,468.1,5213602.0
2020-10-08,469.3,473.5,461.1,464.5,3447344.0
2020-10-09,455.5,460.2,451.5,459.0,3684548.0
2020-10-12,459.0,459.0,452.0,453.6,3010246.0
2020-10-13,454.0,455.9,439.6,442.6,4106572.0
2020-10-14,441.8,446.5,437.2,443.4,3806642.0
2020-10-15,441.6,442.5,427.7,434.1,5267852.0
2020-10-16,432.4,433.8,426.2,429.2,4213273.0
2020-10-19,430.7,432.8,414.9,415.7,3847080.0
2020-10-20,415.7,424.8,406.4,421.2,7552688.0
2020-10-21,421.7,428.6,416.1,416.9,5154493.0
2020-10-22,416.0,425.9,413.9,424.6,4198317.0
2020-10-23,424.2,440.6,423.2,438.7,6179305.0
2020-10-26,436.0,437.3,426.4,430.1,3429581.0
2020-10-27,433.2,433.5,417.9,420.5,4457069.0
2020-10-28,417.5,417.5,398.4,401.0,9140629.0
2020-10-29,404.5,409.9,395.5,405.7,6439192.0
2020-10-30,400.0,416.3,396.4,412.6,7539887.0
2020-11-02,409.6,419.9,404.3,419.3,5477327.0
2020-11-03,419.5,432.3,419.0,430.5,5823875.0
2020-11-05,438.8,449.5,433.2,442.7,8172722.0
2020-11-06,442.0,449.8,436.5,447.6,5440518.0
2020-11-09,456.0,488.3,446.7,479.3,15493969.0
2020-11-10,478.6,506.0,472.7,501.0,14285481.0
2020-11-11,506.3,521.5,505.6,508.2,14816380.0
2020-11-12,505.2,513.5,497.7,499.8,11546302.0
2020-11-13,499.5,507.9,493.1,505.1,6370816.0
2020-11-16,511.9,518.0,504.5,510.9,6562523.0
2020-11-17,511.5,512.5,499.0,506.0,4562151.0
2020-11-18,505.4,519.1,501.4,511.2,5724645.0
2020-11-19,510.9,512.1,505.5,508.3,3895679.0
2020-11-20,508.4,512.2,504.2,511.0,2486393.0
2020-11-23,513.8,528.2,512.4,520.3,5950459.0
2020-11-24,525.0,527.5,514.0,524.8,4877217.0
2020-11-25,526.0,540.8,520.3,537.1,11892052.0
2020-11-26,537.3,541.0,523.8,524.9,4929832.0
2020-11-27,524.0,527.5,494.4,511.4,14783707.0
2020-11-30,504.2,509.0,485.8,492.3,13796358.0
2020-12-01,494.1,499.6,490.3,493.9,5192526.0
2020-12-02,492.3,512.6,489.1,509.1,7261734.0
2020-12-03,508.4,509.4,490.1,496.0,9249509.0
2020-12-04,500.1,510.0,500.1,507.7,9097376.0
2020-12-07,507.4,510.5,499.0,500.3,5174061.0
2020-12-08,500.0,504.5,491.8,497.6,4541968.0
2020-12-09,497.3,503.5,489.8,494.4,5338992.0
2020-12-10,493.6,514.5,492.4,507.3,7501843.0
2020-12-11,508.6,513.8,505.5,508.8,6325437.0
2020-12-14,512.0,527.2,509.1,514.6,8523521.0
2020-12-15,512.7,520.6,508.0,517.0,4509817.0
2020-12-16,517.0,518.9,507.4,511.5,4611077.0
2020-12-17,515.3,517.8,510.0,513.0,4948710.0
2020-12-18,510.9,511.8,502.3,506.4,5167410.0
2020-12-21,500.8,501.8,485.3,499.8,7199475.0
2020-12-22,494.8,508.6,492.7,500.5,3935772.0
2020-12-23,499.7,506.7,498.1,505.6,2787124.0
2020-12-24,506.0,508.3,502.0,505.0,1720336.0
2020-12-25,505.6,506.0,503.5,505.5,854961.0
2020-12-28,505.7,510.4,505.0,505.9,1470800.0
2020-12-29,507.2,512.9,504.0,509.4,2503611.0
2020-12-30,510.6,518.2,509.4,513.7,3305859.0
2021-01-04,516.3,522.3,514.0,515.8,3235045.0
2021-01-05,514.5,524.9,511.6,524.2,4499699.0
2021-01-06,527.0,530.7,515.2,522.0,7439403.0
2021-01-08,528.4,545.4,528.1,545.4,8568333.0
2021-01-11,543.0,549.0,534.4,539.8,5964384.0
2021-01-12,541.8,548.9,540.0,546.2,4766469.0
2021-01-13,549.4,558.0,543.2,546.2,7304231.0
2021-01-14,545.2,552.3,540.5,551.6,4843935.0
2021-01-15,546.0,551.6,531.7,535.2,5925937.0
2021-01-18,532.4,535.4,523.1,532.9,5032699.0
2021-01-19,537.0,541.0,526.0,530.5,3671668.0
2021-01-20,532.5,535.2,528.5,529.5,2803255.0
2021-01-21,530.6,532.5,514.0,516.8,4777138.0
2021-01-22,514.9,515.0,501.0,507.0,5591244.0
2021-01-25,509.3,513.0,504.4,509.7,4642900.0
2021-01-26,506.0,508.6,502.9,506.2,3373795.0
2021-01-27,509.2,512.7,501.1,502.0,4311164.0
2021-01-28,501.7,503.8,493.0,500.0,4654654.0
2021-01-29,498.0,498.3,488.8,489.3,4513153.0
2021-02-01,492.7,495.2,486.3,494.2,3215097.0
2021-02-02,496.6,509.0,495.7,499.2,4980870.0
2021-02-03,501.2,509.9,498.2,505.5,3527699.0
2021-02-04,506.2,509.8,501.5,506.7,4154253.0
2021-02-05,508.9,515.6,507.5,513.0,4969745.0
2021-02-08,515.8,528.3,515.1,528.2,4968135.0
2021-02-09,529.8,534.8,521.3,526.6,6367840.0
2021-02-10,527.2,531.0,521.5,523.3,3991353.0
2021-02-11,523.2,524.0,516.0,517.0,2855272.0
2021-02-12,517.5,529.5,506.3,529.2,4648173.0
2021-02-15,536.0,540.1,531.0,538.2,4744207.0
2021-02-16,539.5,541.9,533.8,538.0,3850896.0
2021-02-17,537.1,544.0,520.6,529.8,6585572.0
2021-02-18,531.2,532.4,513.4,515.2,5499432.0
2021-02-19,511.7,527.9,508.8,523.8,4781082.0
2021-02-20,523.8,526.5,520.5,524.6,519694.0
2021-02-22,526.5,530.0,519.5,527.8,2525063.0
2021-02-24,524.8,540.9,524.1,537.4,6074157.0
2021-02-25,539.8,547.3,533.3,535.5,7048720.0
2021-02-26,534.6,536.0,516.4,522.5,6472509.0
2021-03-01,527.3,534.0,524.0,528.3,3002069.0
2021-03-02,525.0,538.1,524.7,533.3,3388429.0
2021-03-03,537.0,541.5,529.0,534.8,4779398.0
2021-03-04,535.0,549.3,530.5,533.7,6289413.0
2021-03-05,537.0,567.8,536.3,567.4,12052879.0
2021-03-09,564.5,609.8,564.5,607.0,15453854.0
2021-03-10,606.1,613.6,596.5,605.3,6805045.0
2021-03-11,611.2,618.9,606.1,618.7,6536204.0
2021-03-12,617.4,625.2,612.4,623.6,6152121.0
2021-03-15,625.7,633.9,618.6,624.6,5176879.0
2021-03-16,623.1,623.1,603.6,610.0,6749189.0
2021-03-17,611.8,618.7,599.5,608.3,6375909.0
2021-03-18,609.9,613.9,577.7,583.6,7202103.0
2021-03-19,579.0,601.0,577.0,598.0,9047844.0
2021-03-22,595.0,604.9,589.0,600.7,3703781.0
2021-03-23,596.2,601.9,586.3,589.5,4833754.0
2021-03-24,592.8,611.8,591.4,605.1,5252042.0
2021-03-25,604.0,609.8,586.6,596.0,4534938.0
2021-03-26,599.8,604.9,598.1,603.4,3739306.0
2021-03-29,601.3,606.6,596.4,603.0,3043451.0
2021-03-30,603.8,606.5,594.3,596.9,2204082.0
2021-03-31,598.3,599.0,591.1,594.2,2324282.0
2021-04-01,597.0,608.3,596.1,606.0,3983260.0
2021-04-02,605.4,607.0,602.3,605.3,713777.0
2021-04-05,604.5,604.5,591.7,596.4,1996018.0
2021-04-06,599.7,599.7,581.4,582.2,4637497.0
2021-04-07,580.9,590.9,577.9,588.0,3858280.0
2021-04-08,589.8,595.6,574.7,580.0,3720945.0
2021-04-09,577.2,578.6,557.0,565.5,6443099.0
2021-04-12,565.9,573.7,555.8,571.3,5494186.0
2021-04-13,570.7,574.0,558.5,571.0,5500275.0
2021-04-14,576.3,589.0,569.1,586.6,6156493.0
2021-04-15,580.8,587.0,574.9,584.4,4063342.0
2021-04-16,587.8,589.6,576.5,582.1,2759620.0
2021-04-19,582.2,582.2,573.3,575.7,2252566.0
2021-04-20,578.9,582.3,563.3,568.2,4155724.0
2021-04-21,568.4,573.3,561.2,569.6,2369077.0
2021-04-22,568.5,570.5,559.1,566.6,5153536.0
2021-04-23,568.0,571.5,562.5,571.3,2551640.0
2021-04-26,571.4,572.7,564.2,568.4,2836575.0
2021-04-27,570.0,572.7,565.1,568.5,2657344.0
2021-04-28,566.9,566.9,527.5,529.9,19703930.0
2021-04-29,533.4,534.2,498.9,505.2,24214411.0
2021-04-30,504.8,509.3,501.2,506.5,7860756.0
2021-05-04,508.0,519.1,507.0,514.0,6992685.0
2021-05-05,516.1,518.4,509.6,511.1,6008283.0
2021-05-06,512.1,516.1,510.2,515.8,6062950.0
2021-05-07,516.6,518.0,508.5,512.5,4506870.0
2021-05-10,513.0,520.5,511.2,517.1,3562288.0
2021-05-11,515.3,518.0,510.3,515.6,2660299.0
2021-05-12,515.7,516.1,510.4,510.6,3328991.0
2021-05-13,510.2,510.4,505.1,506.2,3865666.0
2021-05-14,507.0,508.0,495.5,500.9,5206855.0
2021-05-17,501.5,506.2,497.4,505.9,3757623.0
2021-05-18,507.4,509.9,500.0,500.4,6841996.0
2021-05-19,500.3,502.7,487.0,492.9,6152992.0
2021-05-20,494.2,494.9,480.0,483.3,6842723.0
2021-05-21,483.0,491.0,480.6,487.7,3236314.0
2021-05-24,489.3,493.9,486.5,492.8,3201733.0
2021-05-25,493.1,493.3,484.0,485.3,3909040.0
2021-05-26,488.3,489.5,483.1,486.4,3917445.0
2021-05-27,484.7,486.5,479.2,485.0,7973004.0
2021-05-28,485.8,492.8,485.7,492.5,5389431.0
2021-05-31,493.1,506.8,492.6,501.1,5433424.0
2021-06-01,504.4,511.3,502.6,510.0,7416626.0
2021-06-02,511.3,518.0,507.5,518.0,7537290.0
2021-06-03,520.6,522.8,508.0,514.2,7272861.0
2021-06-04,516.2,518.7,510.0,512.5,4771520.0
2021-06-07,512.5,517.9,509.5,517.2,2762058.0
2021-06-08,515.6,516.9,512.4,515.3,3344348.0
2021-06-09,516.9,525.6,515.5,523.8,5978139.0
2021-06-10,523.1,524.4,517.0,519.4,4171015.0
2021-06-11,520.3,528.2,520.0,523.4,4168339.0
2021-06-14,525.0,536.4,524.4,535.9,5087886.0
2021-06-15,536.4,538.9,531.4,537.1,4491900.0
2021-06-16,538.4,547.0,537.6,540.6,6076345.0
2021-06-17,539.8,547.0,527.5,535.8,6422261.0
2021-06-18,533.9,538.0,520.8,526.8,10150456.0
2021-06-21,527.0,535.4,519.5,534.8,3752440.0
2021-06-22,538.9,540.4,534.5,539.4,3097584.0
2021-06-23,542.0,544.5,539.0,540.0,2898674.0
2021-06-24,540.1,541.6,531.0,538.3,2940232.0
2021-06-25,538.3,541.1,531.0,537.1,3352833.0
2021-06-28,539.4,542.0,529.2,530.4,2450633.0
2021-06-29,529.2,532.0,517.0,523.8,4666734.0
2021-06-30,525.0,534.3,518.3,531.3,4716573.0
2021-07-01,533.0,543.2,528.6,537.0,6589910.0
2021-07-02,537.3,539.3,534.0,538.3,2836151.0
2021-07-05,539.3,542.8,536.3,542.4,2506175.0
2021-07-06,542.9,551.7,538.8,539.3,6096626.0
2021-07-07,541.6,549.2,534.5,536.4,5257856.0
2021-07-08,525.5,527.4,513.8,521.9,5649506.0
2021-07-09,519.5,524.7,515.7,519.1,3112959.0
2021-07-12,518.3,520.0,515.2,518.6,2045281.0
2021-07-13,519.7,521.1,516.3,518.9,1828340.0
2021-07-14,518.3,522.0,516.1,516.2,3042948.0
2021-07-15,515.6,516.0,498.7,499.6,6018672.0
2021-07-16,499.4,506.4,494.6,496.7,5004151.0
2021-07-19,495.1,496.1,479.0,483.4,8151783.0
2021-07-20,486.5,488.5,473.7,482.1,5655981.0
2021-07-21,481.4,492.3,477.5,491.9,5206468.0
2021-07-22,492.0,493.9,486.5,490.4,3526557.0
2021-07-23,490.8,493.8,483.4,486.0,2206217.0
2021-07-26,483.5,490.0,474.5,489.8,4388772.0
2021-07-27,486.0,490.4,484.0,487.6,2758909.0
2021-07-28,491.0,494.8,488.0,493.7,3216972.0
2021-07-29,495.1,498.8,491.5,496.0,3592221.0
2021-07-30,493.8,496.0,485.5,488.4,5495498.0
2021-08-02,490.4,497.7,488.8,491.2,3938737.0
2021-08-03,491.1,495.8,485.4,491.4,3997526.0
2021-08-04,492.0,494.3,488.7,490.6,3321392.0
2021-08-05,488.0,502.5,487.5,502.0,4072268.0
2021-08-06,503.9,504.3,492.8,494.1,3912728.0
2021-08-09,491.3,496.2,487.6,494.0,3439299.0
2021-08-10,495.9,498.9,491.5,497.3,4195458.0
2021-08-11,498.2,499.5,492.1,495.1,3453158.0
2021-08-12,495.8,499.0,494.4,498.8,2963601.0
2021-08-13,498.8,498.8,493.7,494.5,2013545.0
2021-08-16,493.2,497.3,490.0,496.6,2608587.0
2021-08-17,495.0,502.7,493.5,500.6,4055961.0
2021-08-18,501.5,503.8,494.2,494.6,2409443.0
2021-08-19,492.9,494.8,484.9,490.2,5266697.0
2021-08-20,490.1,490.6,485.1,488.7,2345953.0
2021-08-23,492.0,502.5,489.8,501.6,4923089.0
2021-08-24,503.9,514.7,502.1,514.0,5797698.0
2021-08-25,514.8,516.6,509.8,513.5,4024331.0
2021-08-26,500.2,502.2,491.5,493.0,7942999.0
2021-08-27,496.2,497.4,482.5,487.2,7463481.0
2021-08-30,487.2,492.5,487.2,489.5,2520660.0
2021-08-31,488.9,491.0,484.3,485.1,5113951.0
2021-09-01,486.9,493.0,480.2,491.5,7152582.0
2021-09-02,491.7,492.3,485.4,488.0,4748540.0
2021-09-03,489.1,490.5,487.7,489.2,1892882.0
2021-09-06,489.8,490.3,484.2,486.5,2742595.0
2021-09-07,487.0,487.2,478.5,480.1,4111297.0
2021-09-08,481.1,486.0,474.0,483.3,5309929.0
2021-09-09,481.5,485.4,478.4,479.1,2670986.0
2021-09-10,481.8,483.2,478.7,480.0,2358249.0
2021-09-13,481.3,491.4,481.3,491.4,4193361.0
2021-09-14,491.8,507.2,491.0,500.1,8733105.0
2021-09-15,500.2,512.6,500.0,510.0,6757975.0
2021-09-16,510.1,515.6,505.1,508.7,6176881.0
2021-09-17,508.8,509.5,498.0,502.0,6193561.0
2021-09-20,497.9,499.5,486.6,487.5,3900710.0
2021-09-21,490.8,498.4,490.2,493.3,3015167.0
2021-09-22,496.7,506.7,496.6,505.2,3512617.0
2021-09-23,507.8,509.6,499.5,507.3,3744289.0
2021-09-24,507.8,508.0,499.6,503.7,3019194.0
2021-09-27,507.2,531.8,506.2,531.5,9948272.0
2021-09-28,534.9,546.6,524.7,524.7,12921487.0
2021-09-29,521.9,530.5,517.2,526.9,4166728.0
2021-09-30,530.3,531.2,522.7,527.3,4996292.0
2021-10-01,524.9,533.1,522.8,532.1,2806830.0
2021-10-04,534.0,541.7,529.1,539.9,4648244.0
2021-10-05,540.8,579.2,539.6,577.8,13496383.0
2021-10-06,581.3,587.0,553.5,564.6,10572015.0
2021-10-07,566.4,573.9,552.6,569.3,6179019.0
2021-10-08,570.1,577.2,570.1,571.0,5696787.0
2021-10-11,559.0,569.4,558.3,565.0,3955476.0
2021-10-12,564.5,579.1,561.6,574.4,6259453.0
2021-10-13,577.1,579.1,554.2,567.9,5218444.0
2021-10-14,571.9,572.9,562.0,564.2,3035970.0
2021-10-15,567.1,573.0,559.0,570.5,5252629.0
2021-10-18,571.9,574.5,567.0,569.1,2353994.0
2021-10-19,570.3,573.0,565.4,573.0,2761277.0
2021-10-20,571.8,582.0,569.1,580.7,4006212.0
2021-10-21,575.2,579.8,558.2,562.9,5019229.0
2021-10-22,561.2,570.4,559.5,562.5,2464077.0
2021-10-25,563.5,574.2,560.3,570.2,3589443.0
2021-10-26,569.1,573.0,562.0,562.2,2939189.0
2021-10-27,562.0,562.0,544.4,546.0,4771740.0
2021-10-28,543.9,550.0,531.3,548.7,5798944.0
2021-10-29,547.0,548.8,534.2,540.0,3039507.0
2021-11-01,540.2,553.9,537.2,552.4,2707459.0
2021-11-02,553.0,561.4,539.9,545.2,3399477.0
2021-11-03,539.8,543.6,532.3,538.2,2567845.0
2021-11-05,536.9,545.0,533.1,543.0,3015308.0
2021-11-08,546.9,557.7,545.1,553.4,3647425.0
2021-11-09,555.2,557.5,538.9,545.0,3153146.0
2021-11-10,547.2,555.5,538.2,542.3,3857217.0
2021-11-11,543.2,548.9,539.6,546.1,2957696.0
2021-11-12,546.2,547.9,531.8,535.1,3941667.0
2021-11-15,532.4,540.0,528.2,533.2,3784751.0
2021-11-16,536.0,542.0,533.7,536.0,3879353.0
2021-11-17,535.0,539.0,527.1,529.6,2808361.0
2021-11-18,525.8,527.3,515.3,519.9,3882593.0
2021-11-19,523.7,525.0,499.6,500.3,4648366.0
2021-11-22,501.3,505.3,483.9,489.0,7054658.0
2021-11-23,489.0,498.9,483.5,497.5,7524288.0
2021-11-24,499.0,502.2,488.6,498.4,4606873.0
2021-11-25,499.3,504.3,488.3,489.6,3484985.0
2021-11-26,478.0,480.7,458.0,461.3,8391396.0
2021-11-29,469.4,479.0,468.1,470.6,5517032.0
2021-11-30,464.2,477.6,461.0,473.3,9235637.0
2021-12-01,476.4,490.5,475.2,477.9,4934174.0
2021-12-02,482.7,504.0,481.2,503.6,7358098.0
2021-12-03,505.0,505.9,491.6,495.9,4660635.0
2021-12-06,498.0,501.5,485.5,492.1,3514123.0
2021-12-07,492.2,503.6,491.5,501.1,3740919.0
2021-12-08,503.4,504.5,489.0,496.5,5110578.0
2021-12-09,497.1,498.6,489.5,493.9,2821477.0
2021-12-10,493.9,494.5,483.1,484.5,2559096.0
2021-12-13,488.9,490.4,454.5,455.6,5162589.0
2021-12-14,456.0,466.8,427.0,464.8,6237286.0
2021-12-15,464.6,480.0,462.1,479.3,4383993.0
2021-12-16,480.2,489.0,476.2,483.1,5724765.0
2021-12-17,482.2,489.8,479.4,487.6,5813887.0
2021-12-20,481.1,484.9,474.5,481.4,3981178.0
2021-12-21,487.3,488.9,478.3,484.2,2602090.0
2021-12-22,485.1,493.5,482.3,489.0,2944564.0
2021-12-23,491.3,493.2,480.5,483.9,2585735.0
2021-12-24,484.4,484.9,474.0,482.0,1985558.0
2021-12-27,481.7,491.8,480.4,490.4,1653545.0
2021-12-28,490.5,500.0,489.0,496.4,2297184.0
2021-12-29,497.0,498.7,491.2,495.0,1729731.0
2021-12-30,495.8,504.0,492.7,502.0,1778671.0
2022-01-03,504.9,515.4,503.4,515.4,2110579.0
2022-01-04,516.4,518.2,511.5,515.4,1538065.0
2022-01-05,516.0,516.9,489.5,492.6,3809061.0
2022-01-06,483.8,498.3,479.0,496.4,5931530.0
2022-01-10,497.7,505.6,494.5,499.8,3766468.0
2022-01-11,500.0,510.8,496.3,508.2,3804031.0
2022-01-12,508.2,513.2,504.7,511.2,3155762.0
2022-01-13,511.2,515.5,489.8,496.3,5973883.0
2022-01-14,497.7,503.3,482.0,498.1,5504261.0
2022-01-17,497.8,508.5,492.0,495.7,5221898.0
2022-01-18,511.1,512.2,466.4,474.0,6032961.0
2022-01-19,475.1,502.5,458.3,490.7,8213976.0
2022-01-20,494.0,501.8,476.4,478.8,6898990.0
2022-01-21,476.2,484.7,469.1,474.2,6036254.0
2022-01-24,477.7,480.5,436.0,459.2,7980809.0
2022-01-25,459.4,479.9,446.3,479.4,5792543.0
2022-01-26,479.2,479.5,464.1,468.0,6321120.0
2022-01-27,467.9,496.0,460.6,484.9,5940910.0
2022-01-28,488.0,505.6,482.4,503.6,6168774.0
2022-01-31,505.0,511.8,494.2,499.7,5078559.0
2022-02-01,500.0,503.8,486.8,491.7,4955619.0
2022-02-02,491.8,498.8,487.7,491.5,3239712.0
2022-02-03,490.8,491.9,477.6,487.9,3731381.0
2022-02-04,491.0,499.7,483.8,490.8,4379546.0
2022-02-07,489.4,496.8,482.2,492.0,2822923.0
2022-02-08,490.7,499.6,488.3,499.1,3271752.0
2022-02-09,499.0,509.8,498.1,506.5,4718710.0
2022-02-10,505.5,508.1,497.0,498.5,2567013.0
2022-02-11,498.5,498.8,474.2,478.7,4250879.0
2022-02-14,475.8,491.5,469.5,482.1,6659869.0
2022-02-15,482.0,500.4,482.0,498.5,4667562.0
2022-02-16,498.5,508.6,496.8,503.9,3085901.0
2022-02-17,504.0,504.4,485.9,491.0,3999087.0
2022-02-18,492.0,495.6,470.0,472.4,5287314.0
2022-02-21,471.0,483.8,379.5,396.0,12971686.0
2022-02-22,403.1,442.5,360.1,441.6,17052085.0
2022-02-24,399.9,410.0,232.9,309.8,10847630.0
2022-02-25,308.0,398.0,308.0,353.0,4107501.0
2022-03-24,390.0,442.8,362.5,424.0,2970320.0
2022-03-25,439.0,439.0,421.1,427.0,887245.0
2022-03-28,420.0,424.7,393.0,399.8,1107000.0
2022-03-29,397.0,417.8,361.8,391.0,1656062.0
2022-03-30,391.6,400.0,380.5,395.3,526900.0
2022-03-31,395.5,414.5,385.0,411.8,1491665.0
2022-04-01,413.6,434.8,405.5,407.2,1120854.0
2022-04-04,414.7,414.9,394.0,407.0,737764.0
2022-04-05,410.8,411.4,380.0,395.0,656079.0
2022-04-06,393.0,402.5,388.0,393.0,296355.0
2022-04-07,393.2,396.9,389.0,391.0,250896.0
2022-04-08,392.3,394.8,380.5,386.0,474169.0
2022-04-11,386.1,391.0,380.8,382.8,218458.0
2022-04-12,382.1,385.1,374.0,383.6,276659.0
2022-04-13,385.2,387.9,380.0,385.0,262541.0
2022-04-14,385.0,385.5,366.0,367.0,312119.0
2022-04-15,367.4,368.2,354.8,361.0,1157616.0
2022-04-18,364.8,365.0,349.0,352.9,374812.0
2022-04-19,350.7,351.7,319.5,340.7,788012.0
2022-04-20,342.0,355.0,330.9,355.0,445405.0
2022-04-21,353.9,355.0,338.0,350.0,503543.0
2022-04-22,344.7,359.7,339.2,359.7,526888.0
2022-04-25,352.5,366.4,346.1,355.0,450879.0
2022-04-26,355.0,375.0,353.1,375.0,2707334.0
2022-04-27,372.1,384.0,370.6,373.3,994839.0
2022-04-28,375.3,386.8,362.2,362.2,1534656.0
2022-04-29,362.2,387.0,360.4,386.2,745946.0
2022-05-04,386.5,390.0,369.4,369.4,466275.0
2022-05-05,372.0,375.7,369.1,370.3,211677.0
2022-05-06,371.0,381.9,361.7,381.9,284572.0
2022-05-11,378.1,388.0,372.0,378.2,587912.0
2022-05-12,378.2,379.4,364.0,364.1,186471.0
2022-05-13,366.4,373.4,360.0,362.0,277546.0
2022-05-16,363.2,375.0,362.0,373.7,263954.0
2022-05-17,375.1,398.0,375.0,392.5,889960.0
2022-05-18,395.7,413.5,395.0,407.2,979036.0
2022-05-19,406.7,409.7,395.6,404.0,555080.0
2022-05-20,402.5,409.8,390.6,401.5,1311855.0
2022-05-23,405.0,408.4,370.6,372.9,1391793.0
2022-05-24,372.9,372.9,351.8,359.0,991449.0
2022-05-25,362.0,375.0,354.3,375.0,530833.0
2022-05-26,375.3,389.0,373.4,385.0,748105.0
2022-05-27,391.6,400.0,387.0,391.0,946304.0
2022-05-30,394.0,400.0,385.4,391.0,421162.0
2022-05-31,390.9,392.0,380.0,392.0,426902.0
2022-06-01,388.4,398.2,386.6,398.0,531840.0
2022-06-02,393.8,396.8,382.5,390.1,565385.0
2022-06-03,391.1,394.0,372.3,391.8,770920.0
2022-06-06,390.0,391.3,383.8,390.0,326191.0
2022-06-07,387.6,393.0,382.9,393.0,441732.0
2022-06-08,392.1,407.9,391.0,405.6,882696.0
2022-06-09,405.0,413.2,398.4,405.8,821222.0
2022-06-10,407.2,426.0,405.8,424.5,966096.0
2022-06-14,419.9,427.2,415.3,427.2,442853.0
2022-06-15,426.7,429.1,419.2,424.5,638769.0
2022-06-16,424.7,440.0,423.3,440.0,1073359.0
2022-06-17,440.0,440.0,430.3,431.0,519329.0
2022-06-20,433.2,445.9,431.6,441.0,615936.0
2022-06-21,441.4,443.8,435.0,440.6,982819.0
2022-06-22,439.8,444.6,428.2,444.6,726304.0
2022-06-23,443.1,449.0,437.3,449.0,656221.0
2022-06-24,447.5,452.8,438.2,448.5,851603.0
2022-06-27,446.0,458.0,444.0,458.0,482103.0
2022-06-28,456.5,456.5,446.2,447.2,484367.0
2022-06-29,447.2,451.9,438.0,440.8,537196.0
2022-06-30,441.3,444.7,415.7,429.5,1008126.0
2022-07-01,421.1,439.9,421.1,422.1,582640.0
2022-07-04,426.8,439.0,423.7,433.0,724193.0
2022-07-05,432.9,432.9,422.1,426.0,886671.0
2022-07-06,425.0,430.6,423.0,429.8,1181527.0
2022-07-07,412.3,414.0,403.0,407.9,1153076.0
2022-07-08,407.0,409.9,400.3,409.9,452629.0
2022-07-11,408.1,408.1,400.0,400.0,489795.0
2022-07-12,399.9,399.9,386.0,391.8,438238.0
2022-07-13,391.7,392.4,370.3,375.8,534921.0
2022-07-14,377.5,389.0,366.6,366.6,721343.0
2022-07-15,368.1,408.8,366.0,379.9,1188691.0
2022-07-18,381.8,385.3,374.5,380.6,429442.0
2022-07-19,380.6,382.7,370.5,374.6,418422.0
2022-07-20,376.7,381.4,373.8,379.5,318610.0
2022-07-21,377.1,380.0,368.0,375.7,371076.0
2022-07-22,375.5,388.5,375.4,381.1,461736.0
2022-07-25,382.9,384.3,377.2,383.1,340298.0
2022-07-26,383.4,390.4,383.2,388.1,382090.0
2022-07-27,389.2,402.6,388.0,392.3,692441.0
2022-07-28,394.3,398.7,391.2,395.0,389220.0
2022-07-29,395.3,409.0,392.4,409.0,419982.0
2022-08-01,408.0,409.8,395.1,395.1,754050.0
2022-08-02,396.0,399.8,393.8,394.3,726771.0
2022-08-03,394.8,407.0,394.6,397.6,981954.0
2022-08-04,399.0,406.0,397.6,403.1,494029.0
2022-08-05,404.1,405.3,386.1,387.0,562451.0
2022-08-08,393.7,396.8,383.7,383.7,844038.0
2022-08-09,385.6,412.6,383.1,405.6,2003476.0
2022-08-10,409.2,420.8,407.5,415.8,1546835.0
2022-08-11,417.9,423.0,410.0,414.6,925081.0
2022-08-12,415.0,423.0,412.1,422.6,717437.0
2022-08-15,425.0,434.0,408.2,425.0,3893258.0
2022-08-16,453.2,455.0,433.5,437.0,2403875.0
2022-08-17,438.9,439.7,431.0,432.5,658422.0
2022-08-18,433.6,440.9,429.5,436.0,468729.0
2022-08-19,437.4,438.8,429.5,431.0,416997.0
2022-08-22,429.4,444.5,425.3,443.4,827387.0
2022-08-23,444.6,450.9,439.3,450.2,788027.0
2022-08-24,450.1,451.0,445.7,451.0,683184.0
2022-08-25,451.0,451.0,443.5,446.9,550175.0
2022-08-26,447.5,450.0,444.0,450.0,371701.0
2022-08-29,454.0,458.0,450.6,454.5,527385.0
2022-08-30,455.0,458.3,448.5,454.2,456121.0
2022-08-31,457.0,461.9,447.5,456.0,810510.0
2022-09-01,455.0,455.5,440.0,442.1,1148140.0
2022-09-02,443.5,450.9,443.2,450.9,856988.0
2022-09-05,451.0,461.1,446.3,461.1,634433.0
2022-09-06,460.0,460.0,445.4,448.1,679140.0
2022-09-07,448.5,449.8,437.7,437.7,560773.0
2022-09-08,439.5,441.7,432.3,433.0,647109.0
2022-09-09,436.5,441.8,433.0,441.8,438141.0
2022-09-12,441.9,449.5,440.0,448.0,497068.0
2022-09-13,449.8,449.8,436.9,441.0,549845.0
2022-09-14,441.0,443.3,435.2,443.0,424926.0
2022-09-15,444.3,449.0,437.0,444.8,663513.0
2022-09-16,444.9,445.4,435.6,438.7,625319.0
2022-09-19,438.0,439.9,434.0,438.3,560142.0
2022-09-20,436.3,437.2,405.9,413.1,1595737.0
2022-09-21,379.7,405.0,367.7,379.7,1826783.0
2022-09-22,380.9,409.0,380.0,395.9,3551374.0
2022-09-23,399.8,399.8,374.1,381.3,1323761.0
2022-09-26,374.9,376.3,335.5,345.0,2011896.0
2022-09-27,351.4,373.0,341.6,361.1,1146281.0
2022-09-28,360.6,363.0,350.2,359.4,700429.0
2022-09-29,361.0,362.0,345.1,352.1,653494.0
2022-09-30,352.5,363.0,342.0,362.1,810245.0
2022-10-03,363.6,387.7,363.6,383.8,991483.0
2022-10-04,387.6,388.0,377.0,381.3,812780.0
2022-10-05,381.0,388.0,367.8,382.7,897951.0
2022-10-06,383.4,393.7,380.5,391.7,1072445.0
2022-10-07,391.7,393.2,362.0,365.8,1552510.0
2022-10-10,331.6,354.4,300.1,353.2,1695614.0
2022-10-11,353.5,360.0,348.1,353.0,640295.0
2022-10-12,353.9,356.0,347.3,351.4,479533.0
2022-10-13,351.2,355.0,350.0,353.0,333829.0
2022-10-14,352.9,353.0,345.8,351.8,445311.0
2022-10-17,353.0,367.0,349.7,365.6,618491.0
2022-10-18,365.6,369.5,355.2,357.7,796018.0
2022-10-19,356.7,360.5,352.0,359.6,379502.0
2022-10-20,360.3,363.9,358.0,362.1,445916.0
2022-10-21,362.2,363.5,355.0,362.4,489504.0
2022-10-24,363.9,374.0,362.9,372.0,666475.0
2022-10-25,372.0,383.8,370.0,382.7,679011.0
2022-10-26,383.4,384.9,374.0,380.9,483985.0
2022-10-27,380.9,383.8,376.9,382.6,580573.0
2022-10-28,381.8,385.5,378.1,384.9,744366.0
2022-10-31,387.1,388.9,384.5,387.4,565565.0
2022-11-01,387.8,389.0,381.6,388.0,414195.0
2022-11-02,388.0,393.5,377.4,383.0,879098.0
2022-11-03,382.6,386.0,379.2,385.3,645128.0
2022-11-07,386.7,394.0,386.5,393.4,817415.0
2022-11-08,395.2,395.9,387.9,391.9,779245.0
2022-11-09,392.5,397.0,380.5,386.5,1050853.0
2022-11-10,386.5,390.0,385.2,388.3,606871.0
2022-11-11,390.2,390.7,381.7,385.1,643084.0
2022-11-14,385.6,388.3,382.6,384.4,546847.0
2022-11-15,385.0,385.0,364.3,375.5,1194758.0
2022-11-16,378.6,385.6,376.0,383.2,820421.0
2022-11-17,383.0,384.2,376.8,378.0,523647.0
2022-11-18,377.6,378.2,372.7,376.2,608691.0
2022-11-21,376.2,376.2,360.1,368.8,866125.0
2022-11-22,369.0,372.9,364.0,369.7,521575.0
2022-11-23,370.3,370.3,364.8,368.3,470086.0
2022-11-24,370.0,370.3,365.2,367.3,613613.0
2022-11-25,367.0,367.7,360.0,366.4,446411.0
2022-11-28,365.5,368.7,361.9,367.6,586195.0
2022-11-29,369.1,369.8,363.4,367.8,493517.0
2022-11-30,367.8,368.4,363.4,366.0,367291.0
2022-12-01,365.6,365.8,361.5,363.9,346404.0
2022-12-02,363.0,363.7,360.3,361.1,328229.0
2022-12-05,361.0,367.0,357.2,362.7,1044630.0
2022-12-06,363.4,364.7,360.0,361.7,639127.0
2022-12-07,362.0,363.0,357.7,361.6,530946.0
2022-12-08,361.6,363.5,359.4,361.0,530705.0
2022-12-09,359.9,365.8,359.4,364.5,595950.0
2022-12-12,365.0,366.2,358.7,360.1,591263.0
2022-12-13,361.0,361.1,355.2,358.4,536927.0
2022-12-14,359.1,359.5,353.0,356.8,444490.0
2022-12-15,356.2,358.2,350.1,351.8,490134.0
2022-12-16,351.1,356.5,350.1,354.4,364058.0
2022-12-19,354.6,354.8,346.0,348.5,952623.0
2022-12-20,348.1,355.8,346.5,354.6,941368.0
2022-12-21,355.7,357.7,349.4,351.1,904696.0
2022-12-22,352.5,353.6,349.5,350.5,978068.0
2022-12-23,348.6,350.0,346.8,349.4,529337.0
2022-12-26,350.1,353.4,347.9,350.8,1136795.0
2022-12-27,351.1,351.3,347.6,348.9,1610421.0
2022-12-28,348.6,349.0,346.6,346.8,991363.0
2022-12-29,346.6,349.4,346.2,349.0,641708.0
2022-12-30,350.1,350.3,346.8,348.5,685365.0
2023-01-03,350.4,351.9,349.3,351.6,676600.0
2023-01-04,352.0,352.3,348.9,350.8,591270.0
2023-01-05,350.5,350.6,349.0,349.4,417813.0
2023-01-06,349.4,350.6,348.6,350.6,711029.0
2023-01-09,345.7,347.3,345.3,346.7,853536.0
2023-01-10,346.6,346.6,343.9,345.7,596398.0
2023-01-11,345.5,346.5,343.0,346.0,851016.0
2023-01-12,345.8,347.0,344.1,345.5,504107.0
2023-01-13,346.0,346.2,344.7,345.4,541917.0
2023-01-16,345.8,347.0,344.5,345.7,1043532.0
2023-01-17,345.8,346.8,340.1,341.8,868860.0
2023-01-18,341.6,343.0,338.3,339.0,941136.0
2023-01-19,338.9,339.4,333.3,335.2,1396728.0
2023-01-20,335.0,335.8,333.0,333.7,666430.0
2023-01-23,335.6,335.6,332.2,334.7,677003.0
2023-01-24,334.8,335.7,333.2,333.7,648046.0
2023-01-25,333.1,334.7,331.5,334.4,668141.0
2023-01-26,334.5,335.4,332.2,333.3,598357.0
2023-01-27,333.6,333.6,330.3,333.0,874224.0
2023-01-30,334.4,335.0,330.8,332.7,1625875.0
2023-01-31,332.3,332.8,326.7,328.8,2675930.0
2023-02-01,328.6,330.2,327.2,328.5,1188777.0
2023-02-02,328.0,329.1,326.1,326.6,1291167.0
2023-02-03,326.3,326.5,321.7,323.9,2232387.0
2023-02-06,323.9,325.9,323.1,325.5,1777834.0
2023-02-07,325.5,326.6,321.9,323.8,2858010.0
2023-02-08,323.6,324.2,322.1,324.2,2586918.0
2023-02-09,325.6,328.7,323.5,324.4,2504385.0
2023-02-10,324.1,324.8,322.5,323.5,1582074.0
2023-02-13,324.1,327.9,323.0,325.3,3691267.0
2023-02-14,325.5,327.5,323.2,326.4,1789613.0
2023-02-15,325.1,325.1,310.0,313.8,4342743.0
2023-02-16,315.7,320.0,312.1,315.6,2017544.0
2023-02-17,314.9,319.3,314.3,316.6,1593484.0
2023-02-20,317.1,317.2,311.0,314.1,2179665.0
2023-02-21,314.1,318.8,313.4,315.8,3206092.0
2023-02-22,315.9,315.9,312.2,313.4,1803722.0
2023-02-24,313.5,314.6,312.0,312.6,1359278.0
2023-02-27,311.9,318.0,310.0,316.1,1963335.0
2023-02-28,315.0,330.7,314.9,328.3,7303108.0
2023-03-01,328.1,335.5,325.1,334.8,8116185.0
2023-03-02,334.7,337.8,328.0,330.2,5761009.0
2023-03-03,331.1,335.2,330.0,334.9,2875047.0
2023-03-06,336.0,340.0,335.5,337.6,4086083.0
2023-03-07,338.0,338.4,334.9,336.0,2514573.0
2023-03-09,336.8,337.3,333.5,335.2,2071759.0
2023-03-10,334.0,335.2,331.3,333.3,1734363.0
2023-03-13,334.2,335.7,328.2,334.7,2862623.0
2023-03-14,333.1,341.3,332.6,339.0,3056457.0
2023-03-15,339.8,343.0,335.5,337.6,2464119.0
2023-03-16,337.3,339.8,333.7,336.3,2385338.0
2023-03-17,335.9,348.9,334.5,347.8,5989371.0
2023-03-20,349.0,357.5,345.3,355.0,6078775.0
2023-03-21,355.1,356.5,350.2,350.8,3464177.0
2023-03-22,350.9,351.8,348.2,350.4,2186267.0
2023-03-23,349.9,350.5,343.1,344.6,3851930.0
2023-03-24,344.0,349.5,343.6,349.3,1538797.0
2023-03-27,350.8,363.9,350.5,363.4,5045158.0
2023-03-28,364.3,368.5,357.5,367.1,3486781.0
2023-03-29,368.5,369.5,365.0,367.8,2491956.0
2023-03-30,367.0,379.4,365.3,375.2,3427995.0
2023-03-31,375.2,377.9,366.8,373.7,3248799.0
2023-04-03,383.0,389.0,378.5,386.8,3979192.0
2023-04-04,387.1,389.0,381.6,382.7,2553030.0
2023-04-05,381.5,388.0,376.2,387.3,2252244.0
2023-04-06,388.0,391.5,386.1,389.5,2178600.0
2023-04-07,390.5,396.9,389.5,396.2,2656286.0
2023-04-10,399.7,405.0,398.1,402.8,2355069.0
2023-04-11,402.9,403.4,391.6,393.8,2840375.0
2023-04-12,395.1,397.9,387.1,395.4,2159663.0
2023-04-13,396.0,397.5,392.3,394.5,971570.0
2023-04-14,394.9,396.0,391.0,394.4,1217396.0
2023-04-17,396.2,400.0,394.2,399.3,2368574.0
2023-04-18,400.0,402.3,396.0,400.2,1827568.0
2023-04-19,399.0,400.3,393.1,396.4,2078767.0
2023-04-20,396.0,413.0,388.1,407.3,5079746.0
2023-04-21,407.3,409.7,404.8,406.3,1317886.0
2023-04-24,406.3,415.7,405.8,411.7,2967658.0
2023-04-25,412.3,413.0,406.8,408.8,1444725.0
2023-04-26,409.3,410.8,406.3,407.4,1746877.0
2023-04-27,408.2,418.6,407.9,411.8,5886123.0
2023-04-28,413.0,413.7,401.0,404.0,2882837.0
2023-05-02,405.4,406.8,394.5,397.1,2658909.0
2023-05-03,395.3,396.3,380.0,381.8,3555973.0
2023-05-04,382.0,391.5,381.8,388.0,2005571.0
2023-05-05,388.5,388.6,379.5,383.0,2182522.0
2023-05-08,384.3,396.6,383.6,391.9,1715392.0
2023-05-10,392.4,403.0,392.4,402.4,2987316.0
2023-05-11,402.9,406.9,390.7,398.7,2817491.0
2023-05-12,400.0,403.4,395.6,400.7,1477915.0
2023-05-15,402.9,406.3,401.5,406.0,2434943.0
2023-05-16,407.0,410.0,404.4,406.8,1848583.0
2023-05-17,407.0,408.4,404.0,405.4,1505561.0
2023-05-18,406.3,412.8,404.4,411.7,1940171.0
2023-05-19,412.0,412.0,407.0,410.3,1291532.0
2023-05-22,412.1,417.7,409.9,416.5,2188984.0
2023-05-23,416.7,428.7,413.6,427.3,2667168.0
2023-05-24,428.5,431.0,426.0,429.4,2013817.0
2023-05-25,429.7,429.8,422.5,426.4,1457283.0
2023-05-26,426.5,432.0,424.4,429.5,1657902.0
2023-05-29,434.2,443.0,429.5,441.7,2690271.0
2023-05-30,439.9,448.4,435.6,438.9,4323332.0
2023-05-31,437.9,444.5,436.3,443.2,1494906.0
2023-06-01,444.5,452.0,443.9,450.3,2270669.0
2023-06-02,450.5,463.9,450.5,463.7,2366640.0
2023-06-05,471.5,486.0,468.7,475.0,6600339.0
2023-06-06,474.8,478.7,462.7,473.0,3769185.0
2023-06-07,474.5,474.9,465.2,470.7,1691329.0
2023-06-08,470.7,475.8,466.3,470.9,1725313.0
2023-06-09,471.4,474.0,468.8,472.4,1566776.0
2023-06-13,473.8,481.9,473.2,481.0,1987034.0
2023-06-14,482.2,488.5,481.1,488.1,2899571.0
2023-06-15,489.2,515.6,488.2,515.0,7688621.0
2023-06-16,516.3,521.0,505.7,511.7,5276848.0
2023-06-19,507.7,509.7,499.0,503.6,4577004.0
2023-06-20,503.9,506.8,494.0,503.6,2747634.0
2023-06-21,504.5,505.1,500.6,503.3,1529577.0
2023-06-22,503.3,511.4,501.0,504.3,1794668.0
2023-06-23,503.9,508.5,486.6,494.6,2748060.0
2023-06-26,499.2,505.0,490.0,498.5,2728075.0
2023-06-27,498.5,501.7,495.1,497.9,1856142.0
2023-06-28,499.0,502.0,498.1,500.0,1485735.0
2023-06-29,500.2,509.5,499.0,507.7,2328442.0
2023-06-30,508.0,509.8,502.1,505.7,2272834.0
2023-07-03,505.9,507.8,499.2,500.1,1783996.0
2023-07-04,500.1,500.7,491.8,493.4,2385565.0
2023-07-05,494.9,502.6,494.4,501.7,2267163.0
2023-07-06,501.9,502.7,498.7,499.2,1715330.0
2023-07-07,497.5,502.0,496.1,501.0,3609925.0
2023-07-10,476.6,489.2,475.2,487.9,5305834.0
2023-07-11,487.9,492.3,486.2,490.7,1726916.0
2023-07-12,492.0,497.8,488.7,495.6,1849020.0
2023-07-13,496.0,499.6,493.5,494.7,1774766.0
2023-07-14,493.5,497.0,492.0,496.0,1252285.0
2023-07-17,494.0,499.3,493.1,496.4,2004527.0
2023-07-18,496.7,498.6,495.6,497.7,1231304.0
2023-07-19,497.7,498.5,495.3,496.5,989584.0
2023-07-20,496.5,496.9,487.1,488.6,1939080.0
2023-07-21,489.5,495.2,488.0,494.7,1700257.0
2023-07-24,495.0,498.8,493.3,498.1,1138445.0
2023-07-25,499.0,512.2,498.3,509.3,3603318.0
2023-07-26,509.4,513.5,502.5,506.4,2191263.0
2023-07-27,507.9,512.6,506.1,509.4,1995259.0
2023-07-28,509.7,519.8,506.9,516.5,2539718.0
2023-07-31,519.4,525.5,516.3,523.5,3388929.0
2023-08-01,525.0,531.6,518.7,526.5,2857673.0
2023-08-02,526.7,540.1,521.9,537.5,3778773.0
2023-08-03,539.0,549.3,531.6,547.7,2996416.0
2023-08-04,548.0,572.0,527.0,541.9,7900800.0
2023-08-07,546.0,565.6,542.3,548.7,5893862.0
2023-08-08,549.1,557.2,542.0,555.5,3657593.0
2023-08-09,557.0,569.8,552.5,569.5,3087255.0
2023-08-10,571.7,579.5,571.0,574.9,3896703.0
2023-08-11,575.9,579.0,567.7,577.4,2712731.0
2023-08-14,587.2,598.2,556.9,576.3,9942630.0
2023-08-15,575.5,590.0,564.6,574.0,4974567.0
2023-08-16,575.0,581.5,551.5,563.0,5067784.0
2023-08-17,565.0,570.0,558.7,568.2,2668401.0
2023-08-18,568.5,576.7,563.4,575.1,2113690.0
2023-08-21,578.7,587.3,577.6,584.6,3043199.0
2023-08-22,584.0,592.5,581.0,590.3,3323275.0
2023-08-23,591.9,593.9,571.4,575.9,3920287.0
2023-08-24,576.0,584.6,574.3,581.6,1728800.0
2023-08-25,583.0,587.8,578.0,587.7,1998576.0
2023-08-28,589.2,590.4,584.2,587.5,2383887.0
2023-08-29,588.3,589.9,584.4,586.5,2665193.0
2023-08-30,586.9,592.3,585.5,589.4,2550729.0
2023-08-31,592.0,595.5,587.1,590.2,2610825.0
2023-09-01,591.0,594.0,587.3,593.0,1983186.0
2023-09-04,595.2,603.5,594.6,602.5,2702107.0
2023-09-05,603.4,609.7,597.0,607.2,3302010.0
2023-09-06,607.3,612.5,602.8,608.8,2480215.0
2023-09-07,608.8,620.5,583.0,603.7,8281276.0
2023-09-08,603.7,606.5,589.7,595.5,3203149.0
2023-09-11,597.0,600.0,583.1,588.4,2500266.0
2023-09-12,588.8,606.8,587.1,606.6,2582829.0
2023-09-13,608.4,613.0,602.6,604.7,2463294.0
2023-09-14,606.4,608.0,593.0,602.5,2607942.0
2023-09-15,602.6,615.0,600.2,614.8,2857255.0
2023-09-18,619.0,628.1,616.4,626.2,4173971.0
2023-09-19,627.5,630.0,605.2,610.1,4762399.0
2023-09-20,610.8,620.7,601.8,611.8,4011276.0
2023-09-21,612.0,615.7,593.6,597.6,3688368.0
2023-09-22,597.0,611.0,588.1,610.8,3202192.0
2023-09-25,607.4,608.9,598.5,604.6,1475824.0
2023-09-26,604.6,607.4,595.2,603.4,1806324.0
2023-09-27,605.1,615.7,604.7,615.3,1446610.0
2023-09-28,616.7,623.1,613.6,619.4,2646811.0
2023-09-29,620.0,625.4,612.2,625.4,2292600.0
2023-10-02,627.9,639.7,625.9,639.3,3594427.0
2023-10-03,639.0,641.4,631.0,639.1,3108700.0
2023-10-04,639.5,643.1,633.7,634.2,2184705.0
2023-10-05,634.4,638.6,631.0,633.8,1709639.0
2023-10-06,635.1,641.4,630.4,638.0,2361534.0
2023-10-09,640.2,647.2,639.2,643.7,3790438.0
2023-10-10,645.1,650.0,642.1,649.5,4253519.0
2023-10-11,624.3,633.0,617.0,618.8,9920438.0
2023-10-12,616.8,622.6,608.5,617.6,5467575.0
2023-10-13,618.9,630.0,615.2,628.3,4542875.0
2023-10-16,634.9,637.5,625.1,628.9,4825164.0
2023-10-17,629.5,630.0,626.1,628.5,1622970.0
2023-10-18,629.6,637.9,623.2,632.3,4698609.0
2023-10-19,631.0,634.2,627.5,633.1,1583687.0
2023-10-20,633.8,633.8,625.5,630.4,1955726.0
2023-10-23,630.8,632.0,624.1,626.6,1263568.0
2023-10-24,626.7,627.8,620.0,625.5,1171376.0
2023-10-25,624.4,625.0,618.2,622.3,1729490.0
2023-10-26,622.7,626.4,613.0,613.6,1882472.0
2023-10-27,613.5,623.3,612.2,622.4,1894344.0
2023-10-30,622.4,624.9,617.3,621.2,1277448.0
2023-10-31,621.2,621.9,602.5,607.6,2471272.0
2023-11-01,609.0,613.7,595.0,606.3,2211109.0
2023-11-02,607.9,610.1,601.1,602.7,1612986.0
2023-11-03,603.1,604.8,596.0,601.7,1813679.0
2023-11-06,602.1,609.8,600.0,609.7,915444.0
2023-11-07,609.9,613.0,604.2,611.2,1362887.0
2023-11-08,611.1,620.0,608.2,614.5,1970275.0
2023-11-09,616.0,619.4,611.1,615.2,1137365.0
2023-11-10,617.1,620.5,614.1,620.0,1114366.0
2023-11-13,620.1,623.3,615.9,616.3,1310963.0
2023-11-14,616.4,618.7,605.1,610.7,2550145.0
2023-11-15,610.6,614.8,606.6,611.8,1026962.0
2023-11-16,611.8,613.0,600.4,602.1,1201700.0
2023-11-17,602.1,619.0,598.1,615.5,2710211.0
2023-11-20,616.8,618.7,611.5,615.4,1381967.0
2023-11-21,614.5,634.4,611.1,634.2,5473006.0
2023-11-22,635.9,643.4,633.1,640.8,4171216.0
2023-11-23,642.3,645.8,638.6,641.1,2431115.0
2023-11-24,643.1,649.4,641.4,648.0,2240765.0
2023-11-27,649.1,649.9,636.4,638.4,2292875.0
2023-11-28,638.2,643.7,632.3,641.2,1482882.0
2023-11-29,641.9,644.2,636.6,638.7,932561.0
2023-11-30,639.0,644.0,635.0,638.8,1170553.0
2023-12-01,638.8,641.0,625.6,632.5,1408855.0
2023-12-04,630.6,633.5,620.0,623.7,2198065.0
2023-12-05,624.9,637.2,622.4,635.2,1048706.0
2023-12-06,636.0,636.9,619.3,622.2,1251245.0
2023-12-07,622.2,636.5,619.1,626.2,2275166.0
2023-12-08,626.9,637.8,626.5,637.7,1060225.0
2023-12-11,638.7,638.9,622.9,625.0,1438129.0
2023-12-12,625.5,631.8,620.0,625.5,1266538.0
2023-12-13,624.2,630.3,621.3,628.7,581618.0
2023-12-14,630.0,631.2,615.2,617.0,970223.0
2023-12-15,616.6,636.5,616.2,635.3,1761409.0
2023-12-18,640.0,648.1,635.5,643.6,1889443.0
2023-12-19,643.7,654.0,640.5,653.4,2411556.0
2023-12-20,654.9,663.9,652.0,658.4,1857330.0
2023-12-21,660.0,662.0,648.7,658.5,2023881.0
2023-12-22,660.9,666.0,659.5,661.5,1252445.0
2023-12-25,660.3,677.8,657.6,676.0,2529129.0
2023-12-26,678.2,700.0,676.7,698.3,3303329.0
2023-12-27,699.1,720.0,697.5,717.7,4776088.0
2023-12-28,718.6,718.6,704.1,708.2,2790612.0
2023-12-29,708.0,711.9,698.8,710.0,1930709.0
2024-01-03,714.7,723.0,712.0,720.9,1357190.0
2024-01-04,723.9,729.0,721.8,725.9,913313.0
2024-01-05,726.2,727.4,720.3,725.0,1104897.0
2024-01-08,725.5,726.7,718.2,722.9,4113577.0
2024-01-09,695.0,698.6,685.1,686.7,6507670.0
2024-01-10,687.0,699.5,686.3,694.0,2584676.0
2024-01-11,693.9,694.2,685.7,689.1,2299132.0
2024-01-12,693.1,704.5,691.7,697.8,3107488.0
2024-01-15,699.6,702.0,695.1,701.0,1738907.0
2024-01-16,702.1,702.7,697.0,699.2,1165813.0
2024-01-17,700.5,700.5,696.5,697.8,995158.0
2024-01-18,698.0,701.0,697.1,698.0,745153.0
2024-01-19,698.0,700.2,687.5,690.3,1655597.0
2024-01-22,690.4,697.3,690.4,695.5,795418.0
2024-01-23,695.6,696.5,690.3,695.4,857947.0
2024-01-24,695.7,697.6,690.1,691.1,646595.0
2024-01-25,691.9,694.9,687.3,689.3,1143897.0
2024-01-26,689.3,693.6,688.1,693.5,767345.0
2024-01-29,694.6,698.4,693.0,694.1,821999.0
2024-01-30,694.8,696.5,690.2,692.2,952914.0
2024-01-31,692.1,705.8,691.2,703.5,2294669.0
2024-02-01,704.6,711.2,702.1,704.4,2064935.0
2024-02-02,705.0,709.5,702.5,706.9,1099849.0
2024-02-05,707.0,713.0,707.0,709.0,1073437.0
2024-02-06,709.8,711.8,707.2,710.3,640751.0
2024-02-07,711.0,716.8,710.8,715.0,934879.0
2024-02-08,715.6,716.5,705.5,709.6,1008775.0
2024-02-09,710.3,714.3,707.0,712.1,644533.0
2024-02-12,712.5,715.2,705.1,711.6,767045.0
2024-02-13,712.2,718.0,711.3,712.1,1021098.0
2024-02-14,713.0,713.9,707.1,707.7,1072818.0
2024-02-15,707.8,711.5,706.4,709.3,677015.0
2024-02-16,709.9,710.6,707.1,707.8,919437.0
2024-02-19,707.8,708.5,703.0,703.5,1135168.0
2024-02-20,703.1,704.4,692.0,694.3,1627955.0
2024-02-21,694.2,697.9,681.1,688.1,2187129.0
2024-02-22,689.0,697.5,682.6,694.3,1557461.0
2024-02-26,696.4,707.0,696.4,702.5,1184279.0
2024-02-27,703.0,704.3,694.8,696.7,872547.0
2024-02-28,697.1,708.3,695.1,705.0,1339384.0
2024-02-29,705.0,722.9,702.6,718.8,1795561.0
2024-03-01,718.8,722.2,714.2,717.3,1138117.0
2024-03-04,718.7,738.0,718.0,732.5,2106805.0
2024-03-05,732.5,735.8,728.8,730.4,993854.0
2024-03-06,730.3,747.0,729.5,743.3,2229656.0
2024-03-07,743.5,752.9,737.8,749.3,2029454.0
2024-03-11,751.0,756.4,746.5,753.7,1868926.0
2024-03-12,751.2,754.9,746.6,753.2,811524.0
2024-03-13,753.4,756.0,742.9,746.6,1337063.0
2024-03-14,746.8,751.1,743.1,749.2,1318018.0
2024-03-15,749.2,753.4,723.7,725.7,4533109.0
2024-03-18,724.0,728.6,713.1,714.9,3411824.0
2024-03-19,715.0,720.8,693.4,702.7,4413421.0
2024-03-20,704.0,705.6,685.6,695.7,4289146.0
2024-03-21,696.0,704.8,690.3,703.7,2897614.0
2024-03-22,704.2,711.6,690.4,694.5,3413174.0
2024-03-25,694.7,699.9,679.1,689.0,4803358.0
2024-03-26,689.8,694.1,683.3,692.8,2499084.0
2024-03-27,694.1,695.8,686.0,689.4,2361698.0
2024-03-28,690.0,692.9,684.0,687.9,2159353.0
2024-03-29,686.9,699.0,686.0,694.3,2221509.0
2024-04-01,696.5,713.4,696.5,711.5,2281085.0
2024-04-02,711.0,712.8,705.2,709.3,1462819.0
2024-04-03,709.4,711.0,701.0,707.2,1977043.0
2024-04-04,708.0,716.2,707.0,710.8,2387341.0
2024-04-05,712.0,713.3,707.0,709.1,1219669.0
2024-04-08,709.4,712.1,707.3,710.8,1046534.0
2024-04-09,710.8,715.2,701.6,706.1,1702812.0
2024-04-10,707.0,711.9,701.1,709.2,1095463.0
2024-04-11,709.0,712.0,707.6,708.9,955126.0
2024-04-12,710.0,723.0,707.1,714.9,2547914.0
2024-04-15,716.3,740.9,716.3,736.5,4135461.0
2024-04-16,738.0,740.8,724.4,728.2,2225311.0
2024-04-17,732.3,739.7,717.3,722.6,3025789.0
2024-04-18,722.0,723.9,709.8,715.3,2393502.0
2024-04-19,716.3,722.2,713.0,716.4,3187734.0
2024-04-22,716.2,719.9,706.1,711.4,2620215.0
2024-04-23,712.7,729.7,712.4,719.6,5692112.0
2024-04-24,720.5,724.0,716.3,717.6,1469149.0
2024-04-25,718.0,723.9,715.1,722.2,1418595.0
2024-04-26,722.4,723.6,716.0,718.8,1532914.0
2024-04-27,718.9,724.4,718.5,720.5,953033.0
2024-04-29,721.9,723.3,718.0,720.6,484556.0
2024-04-30,721.7,721.7,718.2,718.3,379060.0
2024-05-02,718.5,726.3,717.2,719.7,1280734.0
2024-05-03,720.0,721.9,717.3,718.4,688940.0
2024-05-06,718.4,719.7,711.2,715.1,2293823.0
2024-05-07,715.3,721.2,714.0,718.0,1270829.0
2024-05-08,718.1,724.2,717.2,721.8,744480.0
2024-05-10,722.7,728.9,722.7,728.9,545405.0
2024-05-13,730.4,735.2,725.4,729.8,1571045.0
2024-05-14,730.2,732.8,725.6,731.2,1032557.0
2024-05-15,731.7,742.1,731.5,739.7,1636406.0
2024-05-16,740.2,752.0,739.5,751.9,1663840.0
2024-05-17,752.0,752.1,741.5,746.5,954775.0
2024-05-20,747.1,748.4,730.2,733.4,1675966.0
2024-05-21,733.4,739.0,726.4,734.2,1673560.0
2024-05-22,735.9,748.5,734.1,745.8,1277834.0
2024-05-23,745.7,747.0,738.1,743.4,931588.0
2024-05-24,744.0,745.1,720.1,732.1,3743874.0
2024-05-27,732.0,732.8,705.2,713.0,2762556.0
2024-05-28,712.9,725.8,703.7,710.8,2579160.0
2024-05-29,710.7,717.0,705.3,715.2,952996.0
2024-05-30,715.8,720.4,696.4,702.8,1716594.0
2024-05-31,704.1,706.9,688.0,688.5,2429623.0
2024-06-03,688.3,696.4,673.1,685.5,3229186.0
2024-06-04,685.5,696.0,675.0,694.0,2488824.0
2024-06-05,694.2,704.0,687.7,691.6,1947714.0
2024-06-06,692.1,697.0,684.2,692.9,1536245.0
2024-06-07,693.0,712.5,689.5,695.7,2876997.0
2024-06-10,698.6,701.6,685.1,686.3,1445273.0
2024-06-11,686.7,699.9,670.5,693.2,2373596.0
2024-06-13,677.6,695.0,655.0,678.0,4013128.0
2024-06-14,677.6,699.9,671.0,695.3,2073512.0
2024-06-17,700.0,701.5,684.2,688.3,1860170.0
2024-06-18,688.3,691.9,676.0,679.8,1714546.0
2024-06-19,678.0,684.7,642.0,657.2,2895583.0
2024-06-20,658.0,688.0,655.2,688.0,10083377.0
2024-06-21,689.0,693.8,680.5,688.2,1946037.0
2024-06-24,688.5,689.0,679.2,681.1,1001446.0
2024-06-25,682.1,696.5,677.0,694.4,1500327.0
2024-06-26,696.0,704.2,690.5,701.5,1399054.0
2024-06-27,703.0,710.3,694.9,702.7,1696074.0
2024-06-28,703.0,706.9,698.0,699.9,878072.0
2024-07-01,701.2,715.0,700.8,710.9,1183788.0
2024-07-02,710.9,712.6,708.0,710.4,1044532.0
2024-07-03,711.1,712.8,704.1,704.1,963721.0
2024-07-04,702.9,706.9,692.1,699.1,880212.0
2024-07-05,699.0,703.0,688.8,692.1,1389167.0
2024-07-08,692.5,695.3,688.9,695.3,1515859.0
2024-07-09,673.2,673.9,658.9,660.5,2519874.0
2024-07-10,660.1,666.6,627.6,635.1,3185555.0
2024-07-11,635.1,663.2,633.3,650.4,2290379.0
2024-07-12,651.4,664.7,646.0,653.9,2051351.0
2024-07-15,655.5,658.0,641.0,643.8,1793877.0
2024-07-16,642.5,664.0,638.0,648.5,3196901.0
2024-07-17,650.0,654.9,641.2,650.2,1333452.0
2024-07-18,649.7,661.9,645.2,661.7,1240846.0
2024-07-19,662.4,666.0,657.3,662.7,1676981.0
2024-07-22,665.8,670.0,661.3,663.2,1798827.0
2024-07-23,663.2,665.2,657.1,663.6,819552.0
2024-07-24,664.0,669.7,660.9,667.5,1370215.0
2024-07-25,667.1,668.3,656.0,657.6,1525793.0
2024-07-26,657.7,662.0,643.3,650.3,2752608.0
2024-07-29,646.7,653.9,638.0,646.7,2076968.0
2024-07-30,646.5,652.0,632.1,641.6,3443395.0
2024-07-31,642.9,645.2,630.2,638.8,2103859.0
2024-08-01,638.5,641.5,630.0,630.9,978907.0
2024-08-02,629.9,634.0,620.6,622.9,1389419.0
2024-08-05,609.9,618.0,606.0,608.8,2317184.0
2024-08-06,611.6,618.3,605.3,607.1,2186856.0
2024-08-07,608.3,627.4,600.8,623.6,2222654.0
2024-08-08,622.3,624.8,609.5,613.8,1343712.0
2024-08-09,613.5,621.8,607.2,610.0,1498537.0
2024-08-12,610.1,610.7,601.7,604.5,3405985.0
2024-08-13,605.8,614.7,604.0,609.1,2886154.0
2024-08-14,609.3,624.5,606.2,613.1,5013675.0
2024-08-15,613.4,618.2,608.0,608.5,2181229.0
2024-08-16,609.3,612.0,599.0,600.8,2682956.0
2024-08-19,602.3,606.3,587.0,591.6,2069441.0
2024-08-20,591.2,599.6,577.0,586.9,4291592.0
2024-08-21,587.4,605.0,585.9,603.5,4045153.0
2024-08-22,603.5,606.3,595.4,601.7,2033668.0
2024-08-23,603.9,605.9,586.5,596.6,3454233.0
2024-08-26,606.0,616.6,600.5,607.8,3794403.0
2024-08-27,608.4,616.0,606.3,611.6,2369456.0
2024-08-28,611.6,613.9,598.1,604.1,2300242.0
2024-08-29,604.1,608.2,595.1,599.0,2350816.0
2024-08-30,600.2,602.1,586.6,590.0,1908853.0
2024-09-02,588.8,590.0,555.0,565.0,3852665.0
2024-09-03,565.1,575.9,556.0,564.1,3229032.0
2024-09-04,565.0,583.4,563.2,583.4,2036837.0
2024-09-05,587.9,590.9,577.8,581.2,1716211.0
2024-09-06,581.7,592.8,579.1,588.9,1693852.0
2024-09-09,590.1,610.6,590.0,610.5,1788232.0
2024-09-10,610.8,611.5,591.1,595.8,1745653.0
2024-09-11,596.1,598.8,584.5,590.7,1678452.0
2024-09-12,590.6,594.1,582.2,593.4,1656425.0
2024-09-13,594.0,610.6,582.9,607.3,3044788.0
2024-09-16,610.3,623.0,607.5,621.2,2208002.0
2024-09-17,622.3,636.2,614.7,635.4,2674282.0
2024-09-18,636.5,637.6,623.7,626.8,2230412.0
2024-09-19,628.1,630.6,620.4,624.2,3144668.0
2024-09-20,624.6,633.6,624.5,631.7,2223791.0
2024-09-23,633.3,647.7,633.0,641.1,2773400.0
2024-09-24,644.0,647.0,633.3,642.0,2734213.0
2024-09-25,643.7,647.5,635.5,640.0,2439430.0
2024-09-26,639.2,645.9,633.6,639.5,1946820.0
2024-09-27,640.2,644.7,640.1,644.0,955057.0
2024-09-30,646.9,650.0,639.2,641.4,1801984.0
2024-10-01,642.5,649.1,635.5,646.6,1842640.0
2024-10-02,649.0,665.1,639.6,649.7,5221725.0
2024-10-03,649.5,652.0,636.0,649.0,3576491.0
2024-10-04,649.7,661.7,648.1,659.1,2606782.0
2024-10-07,660.6,663.0,651.8,661.9,3279888.0
2024-10-08,627.5,631.0,619.2,622.6,6169705.0
2024-10-09,622.7,624.6,608.3,613.2,2566104.0
2024-10-10,613.3,621.4,610.4,618.8,1700400.0
2024-10-11,618.5,619.9,611.0,614.3,1592635.0
2024-10-14,611.0,615.0,602.3,610.6,3809237.0
2024-10-15,609.9,613.4,603.5,608.6,3001825.0
2024-10-16,609.1,611.9,594.2,603.1,3479952.0
2024-10-17,603.0,603.8,591.8,593.0,2211948.0
2024-10-18,593.0,596.7,589.3,595.8,2188041.0
2024-10-21,595.9,597.6,591.3,595.2,1345925.0
2024-10-22,594.5,600.5,591.7,592.9,1692333.0
2024-10-23,592.3,594.0,585.0,587.0,1501395.0
2024-10-24,586.6,588.7,575.2,586.6,1990366.0
2024-10-25,586.0,589.5,572.2,572.4,3769016.0
2024-10-28,569.4,573.5,540.5,542.4,4181940.0
2024-10-29,542.4,555.0,542.1,547.2,3505368.0
2024-10-30,548.9,552.7,538.1,538.3,3063994.0
2024-10-31,533.0,546.7,530.0,536.0,3110428.0
2024-11-01,536.7,545.0,532.2,536.0,3214894.0
2024-11-02,536.0,550.7,536.0,550.5,1668044.0
2024-11-05,552.2,558.0,548.0,548.4,3064374.0
2024-11-06,557.2,576.0,554.1,567.6,3555291.0
2024-11-07,568.7,580.0,557.3,578.0,4082055.0
2024-11-08,580.6,596.0,572.6,595.5,3780251.0
2024-11-11,599.2,604.5,588.8,592.0,5358247.0
2024-11-12,590.8,599.5,584.9,592.5,3447392.0
2024-11-13,592.6,599.4,581.4,583.2,3083707.0
2024-11-14,581.7,588.9,561.4,569.9,6108040.0
2024-11-15,568.9,578.0,566.4,576.1,1816754.0
2024-11-18,571.1,571.1,556.0,562.4,2768761.0
2024-11-19,562.6,565.0,540.0,545.2,3269634.0
2024-11-20,545.7,557.0,531.6,536.9,2977586.0
2024-11-21,537.3,544.7,525.2,543.5,2525963.0
2024-11-22,544.0,546.1,534.0,541.9,1792750.0
2024-11-25,542.2,543.2,512.2,515.3,4560258.0
2024-11-26,515.3,519.0,498.1,506.0,3796143.0
2024-11-27,506.2,519.4,499.0,519.0,4852056.0
2024-11-28,522.1,540.8,508.5,534.3,4013708.0
2024-11-29,534.4,549.0,531.1,544.9,3327258.0
2024-12-02,545.1,557.0,545.1,548.5,2566066.0
2024-12-03,549.7,552.0,534.7,538.5,2198086.0
2024-12-04,538.2,549.7,520.0,521.6,2692624.0
2024-12-05,521.8,554.8,520.2,547.5,4755405.0
2024-12-06,548.2,565.0,545.0,558.9,3781054.0
2024-12-09,560.5,575.5,560.4,566.2,3631770.0
2024-12-10,564.8,568.8,556.0,564.9,4745050.0
2024-12-11,564.4,574.9,561.7,574.1,3165521.0
2024-12-12,574.0,581.6,556.5,557.8,3474331.0
2024-12-13,557.7,573.7,553.3,571.6,2585472.0
2024-12-16,569.4,573.4,545.8,550.0,3921240.0
2024-12-17,549.0,564.0,548.4,556.2,3032306.0
2024-12-18,556.2,573.1,555.8,569.3,2584055.0
2024-12-19,570.5,583.0,557.5,563.9,9352511.0
2024-12-20,564.0,603.8,562.7,599.9,7608285.0
2024-12-23,605.2,638.7,605.2,636.0,4365450.0
2024-12-24,637.1,638.5,621.0,625.3,4036795.0
2024-12-25,624.8,634.6,617.0,629.2,2705759.0
2024-12-26,630.0,635.0,626.8,630.9,2339086.0
2024-12-27,631.6,637.4,628.6,635.8,1874087.0
2024-12-28,636.9,654.8,636.9,652.4,2069066.0
2024-12-30,653.9,695.7,653.9,688.9,3834388.0
2025-01-03,693.2,693.2,663.0,668.7,1719096.0
2025-01-06,668.7,670.3,655.7,666.2,1655382.0
2025-01-08,648.8,660.8,647.4,654.7,1347943.0
2025-01-09,653.7,659.3,631.4,633.9,1864250.0
2025-01-10,633.9,664.8,633.6,653.5,5138200.0
2025-01-13,656.8,674.0,655.2,667.9,4296010.0
2025-01-14,666.1,670.8,660.0,667.9,1964341.0
2025-01-15,668.1,671.6,649.5,670.6,2320317.0
2025-01-16,671.0,683.4,671.0,677.1,2495431.0
2025-01-17,678.7,682.7,669.3,673.6,2406123.0
2025-01-20,676.1,684.8,671.3,676.0,4009891.0
2025-01-21,677.1,682.0,674.4,681.0,1649110.0
2025-01-22,681.0,691.1,674.5,681.5,2926512.0
2025-01-23,680.9,688.8,679.0,686.4,1878808.0
2025-01-24,686.4,687.4,677.0,682.6,1401292.0
2025-01-27,682.6,682.9,661.1,667.5,2051265.0
2025-01-28,667.8,680.5,655.9,677.8,1903548.0
2025-01-29,677.8,683.7,673.4,679.0,1289409.0
2025-01-30,679.0,691.0,677.7,690.7,1670143.0
2025-01-31,689.9,694.3,680.0,683.9,1933320.0
2025-02-03,683.9,689.9,677.4,685.5,1874884.0
2025-02-04,685.5,693.0,683.2,686.7,2036493.0
2025-02-05,685.0,692.0,674.5,690.6,2441849.0
2025-02-06,691.0,699.3,682.7,695.8,2643813.0
2025-02-07,697.0,704.6,688.6,697.0,2462984.0
2025-02-10,698.4,707.0,696.8,700.3,1842607.0
2025-02-11,700.4,707.0,700.0,702.8,1577197.0
2025-02-12,702.6,739.0,693.7,737.0,4487676.0
2025-02-13,735.6,752.8,708.0,711.6,5044168.0
2025-02-14,698.7,738.7,675.0,716.9,4686293.0
2025-02-17,720.6,749.1,717.9,748.9,2288989.0
2025-02-18,749.0,750.0,731.9,737.5,2662462.0
2025-02-19,737.5,749.9,728.1,744.5,1525897.0
2025-02-20,744.5,750.3,736.8,745.3,1609535.0
2025-02-21,745.8,759.4,742.0,754.4,2791062.0
2025-02-24,749.9,757.6,742.1,752.8,2430405.0
2025-02-25,752.8,769.8,749.1,764.3,3693754.0
2025-02-26,764.3,769.5,729.0,737.3,3651232.0
2025-02-27,737.1,741.8,710.0,713.0,2560432.0
2025-02-28,713.0,740.7,704.2,732.4,2920002.0
2025-03-01,732.7,739.2,732.7,736.8,39253.0
2025-03-02,738.0,739.0,734.9,735.5,35602.0
2025-03-03,735.3,735.5,703.9,711.3,3389012.0
2025-03-04,711.5,725.0,705.8,714.7,3582653.0
2025-03-05,715.0,722.5,703.5,705.0,2649817.0
2025-03-06,705.2,709.8,692.2,700.5,2652728.0
2025-03-07,700.1,710.0,680.4,693.0,3331876.0
2025-03-10,693.0,698.6,680.6,683.6,1578761.0
2025-03-11,684.3,697.3,679.2,694.7,1661924.0
2025-03-12,694.6,699.5,683.2,694.1,1355833.0
2025-03-13,697.0,723.2,686.0,710.3,4233633.0
2025-03-14,708.5,719.3,701.7,715.8,2976497.0
2025-03-15,715.0,719.6,714.1,717.6,31913.0
2025-03-16,716.6,726.2,716.6,724.8,134520.0
2025-03-17,724.1,731.5,709.2,714.8,3060177.0
2025-03-18,715.5,717.3,698.0,705.0,3429790.0
2025-03-19,705.0,709.3,695.0,699.9,2534531.0
2025-03-20,699.6,703.0,677.3,688.6,5695390.0
2025-03-21,688.0,695.0,681.0,693.9,2060186.0
2025-03-24,693.0,694.2,683.9,686.6,1589489.0
2025-03-25,686.0,701.0,675.1,697.9,2331680.0
2025-03-26,698.0,704.0,682.0,684.5,1563819.0
2025-03-27,685.2,686.4,675.6,675.9,1540566.0
2025-03-28,677.2,689.2,667.1,687.6,3222690.0
2025-03-29,686.8,688.0,676.0,676.8,167990.0
2025-03-30,676.4,676.8,661.8,662.2,374845.0
2025-03-31,663.7,688.1,661.0,673.3,2130310.0
2025-04-01,673.5,678.0,653.0,653.5,1826500.0
2025-04-02,654.6,673.9,640.0,673.2,3307022.0
2025-04-03,671.5,672.9,640.2,649.4,3358209.0
2025-04-04,652.0,654.8,614.0,618.2,4428689.0
2025-04-05,615.7,615.9,600.5,608.1,353858.0
2025-04-06,608.4,627.0,606.1,623.5,277167.0
2025-04-07,619.0,639.2,581.5,636.3,6819766.0
2025-04-08,638.2,649.8,616.7,621.1,3326893.0
2025-04-09,619.7,645.3,603.0,638.2,5588184.0
2025-04-10,639.4,659.5,621.6,655.8,6857983.0
2025-04-11,655.4,686.9,653.4,686.9,5137945.0
2025-04-12,689.0,697.0,688.1,695.0,353195.0
2025-04-13,696.4,697.3,694.0,695.6,108761.0
2025-04-14,696.7,696.7,677.2,686.4,3146327.0
2025-04-15,683.5,689.6,674.6,684.1,2065441.0
2025-04-16,684.4,693.6,675.5,685.9,1868967.0
2025-04-17,687.0,697.3,676.5,694.0,2784966.0
2025-04-18,690.0,698.7,680.0,693.4,2010480.0
2025-04-21,695.3,707.7,690.3,706.6,2282051.0
2025-04-22,708.2,710.0,695.1,703.5,2903039.0
2025-04-23,703.1,705.8,685.0,693.7,2402234.0
2025-04-24,696.1,699.2,687.0,690.5,1170905.0
2025-04-25,689.8,720.5,689.3,719.5,3145139.0
2025-04-26,719.5,725.2,716.5,720.7,223621.0
2025-04-27,719.2,721.6,718.6,721.1,45046.0
2025-04-28,721.4,733.8,707.4,725.4,2816996.0
2025-04-29,725.4,730.0,709.0,723.1,2415188.0
2025-04-30,722.0,727.0,701.9,714.9,3341871.0
2025-05-02,714.9,714.9,696.3,698.9,1610112.0
2025-05-03,700.8,700.8,697.5,698.7,31109.0
2025-05-04,698.7,703.8,698.7,701.1,104309.0
2025-05-05,698.9,699.9,673.7,680.0,3041184.0
2025-05-06,683.2,695.0,669.0,685.0,2289699.0
2025-05-07,686.3,698.0,680.7,691.6,2608083.0
2025-05-08,691.6,699.8,690.4,696.8,682970.0
2025-05-10,697.7,702.0,697.7,700.5,62133.0
2025-05-11,703.3,712.5,703.3,705.7,121999.0
2025-05-12,708.5,724.6,707.2,720.9,2503853.0
2025-05-13,720.9,722.8,712.5,715.8,1772094.0
2025-05-14,716.9,720.2,700.0,700.5,1384412.0
2025-05-15,701.0,706.9,689.6,695.7,1937881.0
2025-05-16,695.0,710.8,682.2,699.0,2692142.0
2025-05-17,700.8,706.3,700.8,706.3,48684.0
2025-05-18,707.0,712.2,706.5,709.9,195006.0
2025-05-19,710.0,713.9,697.7,703.9,1756254.0
2025-05-20,703.0,705.3,688.0,690.9,1479809.0
2025-05-21,691.6,699.9,687.4,691.4,1455269.0
2025-05-22,691.0,699.0,678.3,692.7,2849080.0
2025-05-23,692.7,699.0,686.0,690.7,1834732.0
2025-05-26,690.4,690.4,674.0,678.6,1362355.0
2025-05-27,678.6,685.9,670.1,680.1,1066011.0
2025-05-28,680.5,690.0,672.0,685.8,2326907.0
2025-05-29,686.2,698.0,682.0,687.8,2648390.0
2025-05-30,687.0,706.7,683.6,704.8,3340507.0
2025-06-02,654.7,666.8,640.0,656.5,4982939.0
2025-06-03,656.5,662.0,652.9,661.7,2297257.0
2025-06-04,662.2,664.0,651.1,656.7,2877466.0
2025-06-05,656.8,661.5,653.0,654.3,1395381.0
2025-06-06,654.9,670.0,638.4,639.1,4424017.0
2025-06-07,642.7,645.4,642.2,644.0,42371.0
2025-06-08,644.0,645.7,641.5,643.6,58776.0
2025-06-09,643.6,644.9,625.2,640.2,2197702.0
2025-06-10,641.3,643.4,620.0,626.0,1957120.0
2025-06-11,625.0,633.2,618.0,622.9,1119205.0
2025-06-13,639.6,657.2,624.6,654.7,2395631.0
2025-06-14,660.2,666.9,657.9,666.6,573240.0
2025-06-15,671.4,674.2,654.2,660.9,900045.0
2025-06-16,660.6,660.8,642.0,646.0,2702063.0
2025-06-17,644.5,666.0,644.5,663.6,1815979.0
2025-06-18,667.0,667.4,658.2,660.8,1404562.0
2025-06-19,661.2,663.0,648.2,655.5,3354360.0
2025-06-20,655.4,659.3,644.8,651.5,1815404.0
2025-06-23,660.0,664.0,641.7,642.5,2189317.0
2025-06-24,639.7,648.0,630.0,647.0,2474901.0
2025-06-25,646.8,659.8,643.9,655.3,1417866.0
2025-06-26,654.1,659.9,651.9,653.0,944993.0
2025-06-27,652.1,672.0,649.8,670.2,2326676.0
2025-06-28,669.0,674.2,669.0,669.1,77579.0
2025-06-29,669.9,669.9,666.2,666.2,59677.0
2025-06-30,666.4,673.9,662.2,670.1,1581760.0
2025-07-01,670.7,671.9,650.8,653.9,2690853.0
2025-07-02,654.2,656.7,643.0,646.3,1692999.0
2025-07-03,647.7,653.7,636.6,637.2,1615934.0
2025-07-04,637.2,649.2,632.3,642.0,1867565.0
2025-07-05,642.0,643.5,641.1,641.6,27678.0
2025-07-06,641.6,642.3,640.3,641.5,28408.0
2025-07-07,641.5,641.7,633.4,639.2,1037272.0
2025-07-08,635.0,640.4,619.6,621.2,2485747.0
2025-07-09,621.0,628.7,608.1,614.2,2297085.0
2025-07-10,615.0,627.5,610.6,623.8,1057917.0
2025-07-11,622.3,626.6,604.0,608.1,1697666.0
2025-07-12,610.0,611.8,608.7,608.7,25384.0
2025-07-13,609.0,610.7,604.9,609.3,59900.0
2025-07-14,606.3,639.8,596.9,624.6,2731095.0
2025-07-15,625.1,629.7,624.0,628.1,988307.0
2025-07-16,628.1,636.3,624.0,628.8,1312566.0
2025-07-17,628.9,636.0,626.6,632.9,1040515.0
2025-07-18,629.6,661.6,629.6,659.9,4036337.0
2025-07-19,661.8,668.0,661.1,662.3,105990.0
2025-07-20,663.8,666.0,663.8,664.4,37933.0
2025-07-21,664.4,665.5,652.7,660.9,1668141.0
2025-07-22,661.0,667.0,653.2,666.5,1256865.0
2025-07-23,666.9,676.0,666.9,671.6,1711859.0
2025-07-24,672.8,677.4,664.6,669.6,1343278.0
2025-07-25,668.0,674.8,650.3,664.0,2575728.0
2025-07-26,663.8,666.7,663.8,664.8,26874.0
2025-07-27,663.6,664.4,663.0,663.5,25372.0
2025-07-28,663.9,664.7,647.4,650.3,2258825.0
2025-07-29,652.9,652.9,639.9,644.2,1850073.0
2025-07-30,644.2,648.9,640.0,646.0,1012615.0
2025-07-31,644.4,648.1,638.9,647.0,1198183.0
2025-08-01,647.0,652.3,643.7,651.1,1682697.0
2025-08-04,651.4,660.5,648.3,658.6,1367437.0
2025-08-05,661.5,668.9,654.5,668.7,1142630.0
2025-08-06,669.0,710.0,651.7,688.6,4398756.0
2025-08-07,688.3,711.7,679.6,703.0,5488238.0
2025-08-08,703.4,731.4,695.2,728.7,3878925.0
2025-08-11,729.2,746.0,718.1,721.2,3516958.0
2025-08-12,721.6,726.9,717.2,723.2,1411372.0
2025-08-13,723.0,726.3,710.1,712.5,1808768.0
2025-08-14,712.6,724.0,708.6,721.6,1915837.0
2025-08-15,722.9,730.0,717.3,725.4,1136607.0
2025-08-16,715.0,718.7,704.1,710.1,277556.0
2025-08-17,710.1,711.1,704.6,706.8,141203.0
2025-08-18,706.0,715.4,695.1,706.2,4704416.0
2025-08-19,709.0,715.0,697.7,698.3,2196382.0
2025-08-20,698.6,703.5,691.5,694.3,1341160.0
2025-08-21,694.3,698.0,677.8,681.2,1977853.0
2025-08-22,682.9,684.9,667.0,675.0,2881992.0
2025-08-23,676.3,678.3,674.8,677.8,44444.0
2025-08-24,677.8,678.0,672.5,673.9,53278.0
2025-08-25,673.9,674.0,659.1,665.5,1405395.0
2025-08-26,666.0,674.2,656.0,660.2,1312147.0
2025-08-27,661.9,662.3,651.7,653.7,2714858.0
2025-08-28,653.7,656.5,644.5,647.7,1919029.0
2025-08-29,648.3,653.0,642.3,651.3,1482378.0
2025-08-30,653.0,655.8,651.6,654.4,69052.0
2025-08-31,654.5,657.8,654.4,657.4,56141.0
2025-09-01,659.1,662.4,649.1,651.0,1095914.0
2025-09-02,652.0,652.8,640.1,647.0,1362987.0
2025-09-03,647.0,657.7,640.0,653.9,1284206.0
2025-09-04,653.9,657.0,648.4,655.4,961164.0
2025-09-05,656.0,665.8,655.2,664.3,1129227.0
2025-09-06,664.3,664.9,662.0,663.2,25208.0
2025-09-07,663.2,665.5,661.9,664.0,66782.0
2025-09-08,663.9,666.0,655.0,658.7,1236580.0
2025-09-09,659.0,661.6,653.3,657.3,1095325.0
2025-09-10,657.3,661.1,650.0,650.1,1196475.0
2025-09-11,650.2,664.7,650.1,655.1,1326134.0
2025-09-12,656.9,660.0,640.0,645.5,2249159.0
2025-09-13,645.5,646.8,640.9,641.4,49985.0
2025-09-14,643.6,643.6,640.3,642.8,69824.0
2025-09-15,643.4,644.2,635.4,641.9,1554255.0
2025-09-16,643.0,646.7,629.6,631.7,2900855.0
2025-09-17,631.5,634.3,626.1,629.3,1434073.0
2025-09-18,630.5,632.6,618.1,620.4,4124724.0
2025-09-19,620.3,624.2,615.7,616.5,1629795.0
2025-09-22,616.6,625.1,607.5,623.9,1220076.0
2025-09-23,623.9,627.5,606.7,610.3,1314540.0
2025-09-24,611.8,631.7,605.7,627.2,1504539.0
2025-09-25,625.7,635.8,624.7,627.3,1466922.0
2025-09-26,627.4,648.0,620.8,645.9,2228557.0
2025-09-27,645.9,647.4,643.0,644.0,52767.0
2025-09-28,644.5,645.6,630.0,640.1,306236.0
2025-09-29,639.9,647.5,630.1,632.1,2217239.0
2025-09-30,632.0,636.6,622.3,630.0,1843013.0
2025-10-01,630.8,633.9,611.6,614.6,1313108.0
2025-10-02,615.0,616.0,598.3,600.0,1638682.0
2025-10-03,602.7,605.9,581.0,581.8,1271222.0
2025-10-04,581.8,583.8,568.2,572.8,326988.0
2025-10-05,572.8,578.4,570.0,578.4,97233.0
2025-10-06,581.7,593.2,569.7,591.9,2948842.0
2025-10-07,592.9,598.7,585.4,598.0,1891148.0
2025-10-08,597.5,602.7,571.9,578.0,2200478.0
2025-10-09,579.0,610.6,568.0,607.7,2729470.0
2025-10-10,608.6,610.9,580.3,581.9,2167686.0
2025-10-11,581.9,586.3,578.0,584.9,116671.0
2025-10-12,585.2,589.9,585.2,588.2,93957.0
2025-10-13,589.7,596.0,580.5,595.3,2641330.0
2025-10-14,580.5,580.7,555.6,557.5,2740600.0
2025-10-15,557.5,561.0,539.7,542.2,2185359.0
2025-10-16,543.0,589.1,535.5,589.1,4778014.0
2025-10-17,589.5,612.0,581.1,606.6,3403229.0
2025-10-18,606.4,618.4,606.4,614.9,312507.0
2025-10-19,615.3,617.7,604.8,609.2,189916.0
2025-10-20,611.0,612.2,600.4,607.6,998858.0
2025-10-21,606.6,612.6,568.0,596.5,2844710.0
2025-10-22,594.7,595.6,565.0,580.4,2174135.0
2025-10-23,570.1,578.4,559.1,565.5,1896629.0
2025-10-24,565.5,573.6,549.7,557.1,1827854.0
2025-10-27,556.1,556.5,516.0,517.1,2945003.0
2025-10-28,517.2,526.2,511.1,519.8,3350870.0
2025-10-29,522.3,540.5,516.4,536.9,3041190.0
2025-10-30,536.9,549.8,528.8,544.5,2159104.0
2025-10-31,543.4,550.0,522.7,531.9,1616109.0
2025-11-01,532.1,539.6,529.4,537.4,884124.0
2025-11-03,538.4,556.8,537.6,553.0,1112423.0
2025-11-05,551.4,554.8,541.8,546.8,1474706.0
2025-11-06,545.8,548.7,537.0,541.6,1312725.0
2025-11-07,539.4,564.8,535.1,562.5,2770021.0
2025-11-08,563.4,564.5,559.1,560.8,97287.0
2025-11-09,562.5,562.5,559.0,562.4,63830.0
2025-11-10,562.4,568.1,555.3,557.0,1574628.0
2025-11-11,560.2,565.8,549.5,561.2,1159620.0
2025-11-12,561.9,563.1,548.2,550.3,975362.0
2025-11-13,552.0,553.5,545.1,549.0,1058243.0
2025-11-14,549.0,552.3,543.0,547.3,994634.0
2025-11-15,547.5,548.8,546.0,547.0,48882.0
2025-11-16,545.2,547.8,543.7,545.1,32970.0
2025-11-17,545.1,551.4,540.0,544.5,1111902.0
2025-11-18,544.5,573.8,542.2,564.9,3833040.0
2025-11-19,563.9,608.7,557.8,598.3,6657904.0
2025-11-20,595.6,646.2,593.7,628.8,6089076.0
2025-11-21,629.0,632.7,603.3,626.0,3703526.0
2025-11-24,628.8,630.0,597.0,601.0,3196770.0
2025-11-25,601.5,608.5,587.8,600.4,2876433.0
2025-11-26,600.3,603.0,590.3,592.8,1110136.0
2025-11-27,592.8,599.5,575.7,576.6,1833920.0
2025-11-28,576.5,604.0,576.4,602.5,2422707.0
2025-11-29,601.8,604.7,598.9,599.5,90569.0
2025-11-30,599.7,608.0,599.5,606.2,149569.0
2025-12-01,605.6,605.6,590.0,595.4,2126623.0
2025-12-02,595.8,602.8,590.8,598.4,1193959.0
2025-12-03,592.2,592.8,581.5,588.4,1775595.0
2025-12-04,590.3,596.0,586.5,588.3,852814.0
2025-12-05,588.1,610.0,587.8,605.8,2692477.0
2025-12-08,603.3,610.9,587.5,590.3,2429627.0
2025-12-09,590.2,608.7,585.0,598.4,2141536.0
2025-12-10,598.2,603.6,595.5,597.3,1357935.0
2025-12-11,597.1,611.5,597.1,607.0,2001444.0
2025-12-12,607.5,615.5,597.1,597.1,2686005.0
2025-12-13,598.6,602.0,597.3,600.4,111390.0
2025-12-14,601.0,601.7,596.0,599.2,95583.0
2025-12-15,600.0,611.5,598.6,608.7,1868871.0
2025-12-16,609.1,613.4,604.4,608.3,1382687.0
2025-12-17,608.3,614.0,597.2,604.2,1652296.0
2025-12-18,604.5,605.5,582.5,589.0,3815078.0
2025-12-19,589.0,597.5,581.0,585.9,2968377.0
2025-12-20,585.9,588.3,583.7,585.3,117382.0
2025-12-21,587.0,587.4,584.1,586.2,74104.0
2025-12-22,586.0,588.3,571.0,575.1,1661725.0
2025-12-23,574.7,580.6,570.5,576.5,1054160.0
2025-12-24,578.1,579.1,571.2,572.9,771203.0
2025-12-25,572.3,573.7,563.8,568.8,1038435.0
2025-12-26,568.8,584.3,568.0,584.3,1333591.0
2025-12-27,584.8,585.0,581.5,581.9,139054.0
2025-12-28,582.9,583.4,580.0,582.8,98333.0
2025-12-29,583.3,592.7,568.1,572.3,2508655.0
2025-12-30,572.5,581.8,570.5,580.7,1845458.0
2026-01-05,579.4,580.0,570.6,576.9,775559.0
2026-01-06,576.9,582.2,572.7,574.7,691214.0
2026-01-08,570.5,575.8,569.0,569.8,661073.0
2026-01-09,564.8,564.8,560.1,562.4,626666.0
2026-01-12,562.4,564.9,556.6,558.0,905588.0
2026-01-13,558.2,559.3,543.2,546.8,1646181.0
2026-01-14,551.8,562.7,540.5,557.1,2209797.0
2026-01-15,556.9,565.5,555.8,564.0,1624500.0
2026-01-16,565.1,566.2,557.6,560.7,1952810.0
2026-01-17,560.1,562.8,560.1,561.5,36846.0
2026-01-18,561.5,562.3,560.8,562.2,29263.0
2026-01-19,563.0,563.0,555.0,555.5,995747.0
2026-01-20,555.4,556.8,549.2,553.4,1179204.0
2026-01-21,553.5,566.7,549.5,565.6,1259375.0
2026-01-22,565.1,570.5,558.1,563.8,1740617.0
2026-01-23,563.9,570.0,558.7,567.4,911960.0
2026-01-24,567.4,569.3,560.4,565.0,227973.0
2026-01-25,565.9,569.0,563.7,567.0,121836.0
2026-01-26,566.5,567.5,558.9,562.8,1153255.0
2026-01-27,564.7,573.0,559.1,572.5,1333681.0
2026-01-28,572.4,579.4,571.1,573.4,1938022.0
2026-01-29,574.9,589.1,570.6,578.5,3725370.0
2026-01-30,579.0,581.9,569.7,574.1,1520369.0
2026-01-31,575.5,578.8,573.8,577.8,54661.0
2026-02-01,578.5,580.2,575.5,577.4,91661.0
2026-02-02,576.0,577.0,563.3,569.8,1471083.0
2026-02-03,569.0,571.1,562.3,567.6,959597.0
2026-02-04,567.6,576.5,561.6,566.7,1632895.0
2026-02-05,566.0,568.9,555.4,561.4,2003416.0
2026-02-06,561.3,564.0,555.6,557.5,796227.0
2026-02-07,557.5,558.9,556.4,558.5,26092.0
2026-02-08,557.6,558.6,556.0,556.4,53864.0
2026-02-09,556.4,556.9,547.0,549.0,979155.0
2026-02-10,549.4,552.7,541.0,542.2,1189245.0
2026-02-11,542.2,551.2,541.0,543.7,2392625.0
2026-02-12,544.7,555.0,542.6,548.1,1492209.0
2026-02-13,549.3,553.0,543.7,546.9,1536650.0
2026-02-16,548.8,553.0,546.0,546.8,841499.0
2026-02-17,548.1,551.4,544.0,545.2,1128149.0
2026-02-18,545.2,547.9,539.3,545.6,1387705.0
2026-02-19,547.8,550.3,543.3,543.5,1131145.0
2026-02-20,543.8,546.1,539.0,542.0,1088604.0
2026-02-21,542.4,544.1,541.8,543.2,41876.0
2026-02-22,543.2,544.1,541.9,543.1,64781.0
2026-02-23,543.0,543.9,542.2,543.5,57483.0
2026-02-24,543.6,548.1,539.5,542.5,1197211.0
2026-02-25,542.9,544.4,539.1,541.3,1157167.0
2026-02-26,542.4,543.0,537.5,539.6,1202017.0
2026-02-27,540.3,547.0,537.8,543.0,1727831.0
2026-02-28,547.0,559.5,545.3,559.5,1873167.0
2026-03-01,559.5,559.5,559.5,559.5,118288.0
2026-03-02,565.3,607.8,564.5,606.8,16445090.0
2026-03-03,607.4,643.1,607.4,617.5,20348715.0
2026-03-04,618.0,628.0,600.1,609.3,7822698.0
2026-03-05,613.3,629.7,608.3,626.0,6673199.0
2026-03-06,626.1,646.7,621.2,642.9,9391899.0
2026-03-09,670.1,694.1,643.0,646.6,12380525.0
2026-03-10,649.3,656.9,621.9,634.1,9945417.0
2026-03-11,630.4,637.4,625.2,629.5,3903640.0
2026-03-12,649.0,651.5,632.4,637.5,3998141.0
2026-03-13,637.6,641.2,628.6,632.1,2244778.0
2026-03-14,633.0,636.0,633.0,635.6,238564.0
2026-03-15,634.8,637.6,634.2,637.2,208771.0
2026-03-16,637.8,642.4,625.2,629.0,2856643.0
2026-03-17,630.1,635.0,627.0,630.2,1440351.0
2026-03-18,629.2,645.5,622.2,644.9,5714165.0
2026-03-19,645.2,662.7,639.3,653.2,9749070.0
2026-03-20,649.9,657.0,648.1,655.7,1950399.0
2026-03-23,657.3,670.0,636.8,646.0,4782688.0
2026-03-24,646.8,658.8,643.2,652.4,1905669.0
2026-03-25,649.7,658.4,646.7,658.4,1647512.0
2026-03-26,658.5,668.1,657.1,664.7,2660691.0
2026-03-27,664.7,680.8,657.1,671.4,4668271.0
2026-03-28,670.8,674.9,666.0,670.0,222449.0
2026-03-29,670.5,679.7,670.5,677.5,238619.0
2026-03-30,678.0,683.6,664.7,682.5,3229493.0
2026-03-31,681.9,681.9,663.2,664.9,2478298.0
2026-04-01,664.4,666.8,642.6,651.3,3137931.0
2026-04-02,656.4,665.4,647.1,654.5,2492228.0
2026-04-03,655.0,661.0,641.6,649.0,1414546.0
2026-04-04,649.0,650.0,645.0,648.6,67448.0
2026-04-05,648.6,652.2,641.6,648.3,119293.0
2026-04-06,648.3,652.2,633.2,649.6,1815266.0
2026-04-07,650.0,664.0,647.7,658.0,2368498.0
2026-04-08,608.2,635.3,608.0,632.8,3359376.0
2026-04-09,633.8,642.1,622.6,624.4,1565946.0
2026-04-10,625.8,627.0,610.0,611.1,1304294.0
2026-04-11,611.0,613.1,608.4,611.4,95373.0
2026-04-12,620.0,629.5,618.4,629.5,580600.0
2026-04-13,642.2,642.2,612.0,612.7,1913534.0
2026-04-14,614.8,618.8,600.5,603.9,1434272.0
2026-04-15,603.7,606.4,591.0,599.0,2000331.0
2026-04-16,599.8,604.4,589.4,590.0,1877822.0
2026-04-17,590.4,595.8,561.2,567.5,4340657.0
2026-04-18,571.8,579.7,568.1,574.1,864287.0
2026-04-19,576.7,581.6,575.3,578.5,462738.0
2026-04-20,583.8,584.4,570.4,582.7,1891556.0
2026-04-21,582.8,594.5,577.5,592.5,1830904.0
2026-04-22,591.7,601.7,587.0,598.1,1444896.0
2026-04-23,598.1,607.0,598.1,601.5,1738392.0
2026-04-24,602.0,607.5,588.1,594.9,1748137.0
