Date,Open,High,Low,Close,Volume
2007-04-17,265.3,265.3,230.0,232.0,11776.0
2007-04-18,235.0,260.0,229.03,230.9,16727.0
2007-04-19,237.87,237.87,223.0,224.0,5924.0
2007-04-20,230.0,236.46,215.1,232.0,2712.0
2007-04-23,232.5,235.0,231.53,231.53,104.0
2007-04-24,232.0,236.78,231.85,236.78,197.0
2007-04-25,234.97,235.0,229.4,231.98,305.0
2007-04-26,230.0,236.0,230.0,236.0,267.0
2007-04-27,231.24,235.7,231.24,232.5,118.0
2007-04-28,236.0,236.0,236.0,236.0,227.0
2007-05-02,238.5,238.5,238.49,238.5,26.0
2007-05-03,238.8,239.53,238.8,239.53,1749.0
2007-05-04,240.0,240.0,239.1,239.1,75.0
2007-05-07,237.02,240.42,234.49,234.49,1047.0
2007-05-08,240.0,240.11,234.18,238.99,1972.0
2007-05-10,239.83,239.83,239.83,239.83,155.0
2007-05-11,235.3,235.5,230.0,230.0,543.0
2007-05-14,235.5,235.8,235.5,235.5,64.0
2007-05-15,235.35,235.35,233.0,235.35,902.0
2007-05-16,240.0,240.0,231.5,235.0,4497.0
2007-05-17,235.01,240.0,232.0,234.21,1947.0
2007-05-18,231.0,236.35,206.35,230.0,100.0
2007-05-22,235.9,236.0,234.0,235.9,198.0
2007-05-23,236.0,236.0,234.26,234.26,26.0
2007-05-28,232.99,232.99,232.99,232.99,1.0
2007-05-29,234.31,234.31,234.29,234.29,111.0
2007-05-30,234.42,235.0,234.42,234.42,1900.0
2007-06-01,234.0,234.0,232.97,234.0,81.0
2007-06-04,231.79,236.95,231.79,236.95,130.0
2007-06-05,236.91,236.91,236.0,236.7,30.0
2007-06-06,235.0,235.0,235.0,235.0,215.0
2007-06-08,235.1,235.1,235.1,235.1,2.0
2007-06-09,235.0,236.0,231.0,236.0,41.0
2007-06-13,230.51,231.01,230.05,231.0,177.0
2007-06-14,235.0,235.0,229.17,229.2,1317.0
2007-06-15,231.81,231.81,229.1,231.81,4993.0
2007-06-18,231.68,235.95,231.68,233.82,549.0
2007-06-19,231.0,232.0,231.0,232.0,877.0
2007-06-20,241.0,243.7,240.55,243.7,655.0
2007-06-21,243.8,243.8,243.6,243.6,454.0
2007-06-26,241.35,241.35,240.87,240.87,1112.0
2007-06-27,239.73,239.73,239.73,239.73,3.0
2007-06-28,240.37,241.1,240.37,241.1,5041.0
2007-06-29,237.32,237.32,237.32,237.32,5022.0
2007-07-02,237.5,237.5,237.5,237.5,1.0
2007-07-03,255.0,260.0,238.19,238.19,3229.0
2007-07-04,237.33,237.33,237.33,237.33,202.0
2007-07-05,246.97,246.98,246.92,246.98,11.0
2007-07-06,240.0,241.33,238.0,241.33,5635.0
2007-07-09,249.99,259.99,239.29,244.33,6044.0
2007-07-10,243.49,249.4,243.49,247.0,6023.0
2007-07-11,250.0,255.0,246.32,255.0,3707.0
2007-07-12,259.32,268.0,253.0,268.0,2752.0
2007-07-13,261.54,261.78,261.54,261.77,895.0
2007-07-16,261.63,300.0,261.6,290.0,502.0
2007-07-17,289.0,290.0,265.0,267.46,5814.0
2007-07-18,266.0,266.0,258.38,263.47,4812.0
2007-07-19,262.03,270.0,261.0,262.0,2016.0
2007-07-20,260.71,269.98,236.0,268.0,837.0
2007-07-23,261.76,272.0,258.0,272.0,5529.0
2007-07-24,265.03,275.0,261.47,267.0,6153.0
2007-07-25,261.58,261.58,261.57,261.58,1120.0
2007-07-26,269.89,269.89,259.8,260.0,118.0
2007-07-27,258.0,262.63,257.02,262.0,587.0
2007-07-30,256.3,256.3,250.0,250.0,7277.0
2007-07-31,263.63,263.63,257.0,257.0,5046.0
2007-08-01,249.06,255.45,249.06,250.33,932.0
2007-08-02,255.0,260.0,252.0,252.0,251.0
2007-08-03,250.83,250.83,250.83,250.83,639.0
2007-08-06,248.91,248.91,242.77,243.0,550.0
2007-08-07,245.0,259.99,240.0,247.9,3472.0
2007-08-08,248.08,253.0,248.08,252.99,945.0
2007-08-09,252.99,259.5,247.0,247.0,27259.0
2007-08-10,249.9,259.5,236.12,237.0,43825.0
2007-08-13,251.0,259.0,238.0,243.0,16851.0
2007-08-14,254.0,254.0,239.1,242.99,35474.0
2007-08-15,239.0,243.0,232.34,233.0,15612.0
2007-08-16,236.9,258.0,230.0,234.32,54034.0
2007-08-17,231.64,231.64,227.0,229.07,4067.0
2007-08-20,237.0,238.99,220.0,223.01,9636.0
2007-08-21,222.65,232.0,218.01,223.9,46215.0
2007-08-22,224.99,227.98,217.0,226.9,60980.0
2007-08-23,222.1,222.99,221.03,221.03,7492.0
2007-08-24,225.46,236.0,219.01,222.0,18421.0
2007-08-27,225.0,229.0,220.0,229.0,5233.0
2007-08-28,221.0,222.3,219.5,222.3,13929.0
2007-08-29,220.01,235.0,220.01,231.01,21739.0
2007-08-30,228.2,233.0,228.2,230.0,395.0
2007-08-31,245.0,275.0,228.0,247.0,14187.0
2007-09-03,265.77,270.0,238.02,241.4,2444.0
2007-09-04,241.0,263.18,240.0,242.5,7591.0
2007-09-05,240.0,259.0,236.01,254.58,38851.0
2007-09-06,254.1,254.5,248.2,254.4,6363.0
2007-09-07,253.12,258.99,253.0,255.01,13186.0
2007-09-10,247.8,250.9,247.8,250.89,3934.0
2007-09-11,247.01,258.91,247.01,252.0,11076.0
2007-09-12,251.01,256.99,243.6,247.75,3798.0
2007-09-13,242.13,247.64,242.13,247.63,1048.0
2007-09-14,247.2,248.64,247.2,248.5,3018.0
2007-09-17,251.89,252.99,240.36,245.0,12059.0
2007-09-18,245.77,252.95,237.01,241.0,5292.0
2007-09-19,245.79,251.95,241.43,250.9,14767.0
2007-09-20,245.33,252.55,245.33,251.0,6990.0
2007-09-21,247.19,265.0,245.0,259.59,28491.0
2007-09-24,261.01,261.46,257.01,261.46,616.0
2007-09-25,261.98,262.0,251.01,256.26,6367.0
2007-09-26,261.0,264.99,247.02,256.01,3589.0
2007-09-27,256.0,258.89,255.0,255.0,3289.0
2007-09-28,258.99,259.98,255.0,259.67,1284.0
2007-10-01,259.99,268.99,250.02,258.88,1439.0
2007-10-02,269.61,269.61,259.0,260.0,1238.0
2007-10-03,267.0,278.98,250.93,267.0,17854.0
2007-10-04,265.0,267.0,260.0,265.0,6262.0
2007-10-05,260.0,271.14,260.0,271.14,14542.0
2007-10-08,275.0,277.17,260.01,270.01,1360.0
2007-10-09,274.99,279.99,272.32,279.7,7565.0
2007-10-10,280.0,280.0,274.15,277.22,3972.0
2007-10-11,276.0,281.1,273.0,279.98,6286.0
2007-10-12,282.43,295.0,273.01,290.0,30053.0
2007-10-15,293.0,293.0,286.1,288.99,541.0
2007-10-16,290.0,290.32,283.0,290.0,7056.0
2007-10-17,290.0,299.9,281.02,299.9,21264.0
2007-10-18,300.0,318.61,288.0,308.99,16931.0
2007-10-19,324.61,324.61,300.01,309.99,933.0
2007-10-22,290.0,300.84,283.0,287.0,36733.0
2007-10-23,291.0,310.0,286.03,308.79,88775.0
2007-10-24,304.0,309.9,291.32,297.9,6766.0
2007-10-25,291.9,297.0,282.0,288.4,10984.0
2007-10-26,291.89,316.0,291.89,316.0,52912.0
2007-10-29,320.0,322.44,310.03,320.0,2116.0
2007-10-30,320.1,330.0,317.0,320.0,6069.0
2007-10-31,325.0,327.0,282.0,308.0,26197.0
2007-11-01,315.59,320.0,306.0,310.1,23558.0
2007-11-02,300.0,325.0,300.0,322.9,128650.0
2007-11-06,322.9,326.97,320.0,326.0,2804.0
2007-11-07,322.02,322.02,310.0,313.0,8154.0
2007-11-08,312.5,315.0,307.1,309.99,27802.0
2007-11-09,312.73,316.0,293.6,294.0,27034.0
2007-11-12,299.98,311.77,295.0,301.0,266133.0
2007-11-13,309.99,309.99,280.0,283.0,77848.0
2007-11-14,298.0,298.0,268.0,274.96,78188.0
2007-11-15,277.0,281.0,269.0,272.3,19905.0
2007-11-16,273.0,275.0,260.52,263.0,35695.0
2007-11-19,264.01,267.99,253.01,255.0,30009.0
2007-11-20,260.0,263.95,251.0,257.99,23477.0
2007-11-21,259.0,263.0,250.0,251.49,16004.0
2007-11-22,251.0,253.97,245.35,248.0,20634.0
2007-11-23,247.51,253.69,246.1,253.67,11475.0
2007-11-26,254.99,270.7,254.55,261.0,117356.0
2007-11-27,261.2,264.63,255.51,256.0,16033.0
2007-11-28,260.0,261.0,253.0,255.0,12894.0
2007-11-29,259.8,262.8,256.2,259.48,28355.0
2007-11-30,259.99,273.73,259.15,272.95,25226.0
2007-12-03,272.94,275.0,268.11,271.5,24441.0
2007-12-04,272.5,275.95,269.34,274.0,24795.0
2007-12-05,275.0,278.58,273.8,276.99,21659.0
2007-12-06,277.0,278.99,271.02,275.33,23084.0
2007-12-07,276.77,278.74,273.0,276.0,12766.0
2007-12-10,275.07,286.5,272.9,282.5,46476.0
2007-12-11,284.9,287.0,282.01,283.64,36432.0
2007-12-12,280.17,287.0,275.0,282.49,37684.0
2007-12-13,280.8,280.8,273.5,276.55,17842.0
2007-12-14,275.0,277.0,270.01,275.0,12252.0
2007-12-17,276.0,286.0,270.1,275.2,124178.0
2007-12-18,276.88,279.71,273.04,276.02,25669.0
2007-12-19,276.05,279.3,269.5,274.87,14039.0
2007-12-20,276.2,276.79,271.15,276.0,9345.0
2007-12-21,278.0,278.0,272.22,276.99,6991.0
2007-12-24,277.49,278.9,273.7,275.9,7326.0
2007-12-25,275.0,275.0,270.22,273.9,8328.0
2007-12-26,274.96,279.0,271.01,274.0,30469.0
2007-12-27,273.0,274.4,205.0,272.85,29320.0
2007-12-28,275.0,275.0,269.75,271.0,12551.0
2008-01-09,275.0,275.0,270.03,273.0,3276.0
2008-01-10,273.0,274.5,272.0,274.5,9539.0
2008-01-11,273.5,276.5,271.5,274.01,15221.0
2008-01-14,273.0,276.38,272.5,275.7,9380.0
2008-01-15,272.51,275.49,265.5,272.1,22632.0
2008-01-16,271.0,276.0,253.0,255.99,102580.0
2008-01-17,258.0,263.89,246.1,256.9,55952.0
2008-01-18,255.0,262.99,251.01,253.05,18280.0
2008-01-21,252.05,252.05,240.15,243.5,31346.0
2008-01-22,235.1,256.9,225.48,246.98,57372.0
2008-01-23,254.0,258.18,231.02,235.0,35660.0
2008-01-24,243.5,244.99,233.34,240.0,21223.0
2008-01-25,245.0,245.97,241.12,245.0,11614.0
2008-01-28,240.0,247.0,235.0,238.0,39740.0
2008-01-29,239.99,246.2,239.3,246.0,16106.0
2008-01-30,242.7,242.7,231.99,236.49,71883.0
2008-01-31,236.0,236.49,222.0,224.99,41300.0
2008-02-01,227.78,234.9,222.3,227.2,45359.0
2008-02-04,231.55,243.19,223.22,230.89,22098.0
2008-02-05,230.9,238.8,223.0,224.0,38536.0
2008-02-06,221.0,227.15,219.51,225.99,33652.0
2008-02-07,227.27,227.35,214.0,224.98,55932.0
2008-02-08,221.91,224.0,210.27,213.1,81386.0
2008-02-11,215.1,224.89,211.51,219.0,42877.0
2008-02-12,220.02,235.0,220.02,223.8,60417.0
2008-02-13,225.0,228.99,221.5,228.99,48807.0
2008-02-14,230.0,234.0,224.91,228.01,55358.0
2008-02-15,226.4,231.0,226.0,228.0,34738.0
2008-02-18,228.5,240.0,228.5,240.0,126388.0
2008-02-19,242.1,246.68,236.1,240.99,103804.0
2008-02-20,240.99,242.9,235.0,236.0,35279.0
2008-02-21,238.93,247.0,237.0,239.0,125704.0
2008-02-22,241.4,241.4,230.18,233.86,40863.0
2008-02-26,235.0,239.79,226.2,227.98,97035.0
2008-02-27,228.0,233.0,223.61,224.89,41198.0
2008-02-28,223.5,225.79,222.21,225.0,28070.0
2008-02-29,225.0,228.7,215.05,216.0,43852.0
2008-03-03,215.0,217.75,212.0,213.5,58062.0
2008-03-04,215.0,219.97,213.0,213.25,46398.0
2008-03-05,218.7,218.7,209.0,210.0,97935.0
2008-03-06,211.0,213.87,205.07,207.99,56575.0
2008-03-07,206.0,207.49,191.0,193.99,130621.0
2008-03-11,191.9,196.9,179.54,182.62,266303.0
2008-03-12,183.0,192.0,182.62,186.2,98078.0
2008-03-13,186.2,196.99,185.01,192.99,210587.0
2008-03-14,195.85,198.0,192.36,194.99,55487.0
2008-03-17,193.98,194.0,181.0,184.9,53888.0
2008-03-18,186.5,186.5,181.0,185.89,38521.0
2008-03-19,188.0,189.95,182.0,184.4,28633.0
2008-03-20,183.4,191.5,179.6,180.71,88821.0
2008-03-21,183.5,183.99,180.08,181.1,35975.0
2008-03-24,183.5,183.5,178.0,182.35,28803.0
2008-03-25,183.0,183.0,176.2,177.99,86296.0
2008-03-26,179.97,184.7,175.6,180.1,76750.0
2008-03-27,180.0,190.0,180.0,185.8,97636.0
2008-03-28,187.0,192.0,185.01,188.5,56499.0
2008-03-31,188.0,188.5,185.11,185.8,17452.0
2008-04-01,187.53,191.53,185.1,189.0,65201.0
2008-04-02,190.64,192.55,187.9,187.9,21635.0
2008-04-03,188.08,189.95,185.5,187.0,8840.0
2008-04-04,185.57,190.5,185.54,187.17,28659.0
2008-04-07,187.18,191.46,187.01,191.46,17717.0
2008-04-08,190.0,193.0,189.0,189.61,16114.0
2008-04-09,190.97,193.59,188.0,193.0,98354.0
2008-04-10,191.3,194.8,187.0,189.5,57730.0
2008-04-11,190.0,191.25,185.0,186.0,106527.0
2008-04-14,186.99,187.0,182.0,182.8,26132.0
2008-04-15,182.01,184.77,180.03,180.03,131433.0
2008-04-16,180.2,181.77,179.07,180.3,56828.0
2008-04-17,182.0,182.0,178.0,179.0,74572.0
2008-04-18,179.01,183.5,176.0,182.3,34357.0
2008-04-21,183.79,185.0,176.87,177.0,46889.0
2008-04-22,178.44,179.99,176.0,177.89,57426.0
2008-04-23,177.6,177.7,174.24,176.3,55877.0
2008-04-24,176.9,178.96,176.4,177.1,32581.0
2008-04-25,177.99,181.5,176.56,179.55,25148.0
2008-04-28,182.85,189.8,177.7,189.75,88413.0
2008-04-29,188.51,190.99,185.0,189.8,68620.0
2008-04-30,192.22,194.0,190.0,192.49,95005.0
2008-05-04,193.0,193.99,191.8,193.3,53257.0
2008-05-05,192.13,194.75,188.12,191.39,39757.0
2008-05-06,190.07,192.5,185.0,192.5,138184.0
2008-05-07,193.85,198.0,190.0,194.0,182421.0
2008-05-08,195.01,195.87,190.01,191.49,64923.0
2008-05-12,192.0,196.0,186.06,194.97,238589.0
2008-05-13,195.0,199.99,195.0,197.1,56788.0
2008-05-14,197.59,202.0,197.0,202.0,90828.0
2008-05-15,200.0,201.0,196.0,197.0,94581.0
2008-05-16,196.7,197.73,195.0,196.0,129770.0
2008-05-19,195.5,204.99,195.5,202.0,143311.0
2008-05-20,203.45,206.88,152.49,197.35,168178.0
2008-05-21,195.01,197.5,190.05,197.5,65498.0
2008-05-22,197.47,197.47,194.1,195.49,39423.0
2008-05-23,194.01,197.98,193.55,197.3,19709.0
2008-05-26,196.0,196.0,193.29,194.0,14082.0
2008-05-27,195.0,195.5,191.21,192.0,41834.0
2008-05-28,191.6,191.9,188.2,190.0,44478.0
2008-05-29,190.79,195.0,190.51,191.95,32149.0
2008-05-30,192.31,197.7,190.02,195.49,44500.0
2008-06-02,195.49,195.49,191.06,192.0,35202.0
2008-06-03,190.15,191.6,189.0,190.02,26606.0
2008-06-04,189.5,190.8,185.95,186.51,59340.0
2008-06-05,186.5,189.99,186.5,189.45,16339.0
2008-06-06,191.01,191.94,187.3,188.85,31661.0
2008-06-07,187.01,187.03,184.55,185.66,38964.0
2008-06-09,185.2,186.45,184.15,186.36,37360.0
2008-06-10,184.56,185.39,180.0,182.8,64826.0
2008-06-11,181.5,185.0,181.2,184.25,24402.0
2008-06-16,185.85,191.25,182.15,183.3,35158.0
2008-06-17,183.99,188.99,182.3,183.99,36632.0
2008-06-18,184.95,185.94,183.17,185.0,25533.0
2008-06-19,183.18,188.75,182.0,187.79,65550.0
2008-06-20,187.3,187.8,185.04,186.3,39181.0
2008-06-23,185.89,192.33,184.51,191.7,44341.0
2008-06-24,191.83,194.89,191.83,192.6,78621.0
2008-06-25,192.3,222.0,188.02,214.99,1425050.0
2008-06-26,210.03,215.5,196.25,202.0,385268.0
2008-06-27,201.85,210.0,195.16,210.0,161461.0
2008-06-30,211.9,211.9,202.25,203.03,46831.0
2008-07-01,202.0,206.49,196.31,200.49,39162.0
2008-07-02,200.4,204.0,198.62,203.88,23728.0
2008-07-03,198.0,200.99,192.52,194.11,54054.0
2008-07-04,197.79,198.0,193.99,195.01,19664.0
2008-07-07,195.01,202.55,194.1,202.0,36327.0
2008-07-08,200.0,200.11,194.02,198.0,27969.0
2008-07-09,199.3,203.98,198.0,200.7,99782.0
2008-07-10,196.02,201.5,195.19,198.0,120586.0
2008-07-11,200.0,200.6,190.55,192.0,97384.0
2008-07-14,193.92,196.55,192.1,192.95,20874.0
2008-07-15,194.89,194.89,188.02,189.0,31587.0
2008-07-16,189.98,197.77,187.01,193.48,144862.0
2008-07-17,193.02,197.0,193.0,196.0,20973.0
2008-07-18,197.77,200.0,189.19,189.5,35502.0
2008-07-21,192.87,193.33,190.62,192.2,15061.0
2008-07-22,196.99,197.0,185.0,186.09,24682.0
2008-07-23,187.98,189.95,182.52,186.1,180944.0
2008-07-24,187.99,189.96,183.14,189.39,24059.0
2008-07-25,182.51,185.0,171.13,182.0,49983.0
2008-07-28,178.2,184.88,171.05,174.0,26404.0
2008-07-29,174.0,177.24,170.0,172.0,33655.0
2008-07-30,175.46,184.5,167.84,183.49,85641.0
2008-07-31,179.18,186.0,179.01,185.0,54967.0
2008-08-01,187.19,192.0,182.0,187.0,22892.0
2008-08-04,184.0,196.5,184.0,194.0,51559.0
2008-08-05,191.0,195.5,181.11,181.11,101813.0
2008-08-06,185.1,192.95,182.5,185.0,25110.0
2008-08-07,185.57,192.8,181.0,184.52,77863.0
2008-08-08,185.9,192.0,181.95,189.1,135482.0
2008-08-11,192.0,193.5,175.02,192.5,52705.0
2008-08-12,187.09,200.01,185.11,198.0,37782.0
2008-08-13,185.07,196.95,185.07,196.8,8865.0
2008-08-14,198.4,199.88,194.01,199.25,27118.0
2008-08-15,199.95,200.0,196.85,199.65,17978.0
2008-08-18,192.7,202.5,192.5,195.0,17411.0
2008-08-19,197.0,197.0,182.1,183.5,57654.0
2008-08-20,187.8,189.49,182.01,189.4,32806.0
2008-08-21,189.99,194.0,179.0,179.7,52184.0
2008-08-22,179.55,182.89,175.55,176.0,17036.0
2008-08-25,177.99,178.97,170.01,172.01,16915.0
2008-08-26,170.01,174.84,160.01,163.05,42597.0
2008-08-27,163.47,179.35,154.2,157.8,28559.0
2008-08-28,160.1,167.95,152.4,167.19,17529.0
2008-08-29,165.0,167.7,159.99,161.99,17408.0
2008-09-01,164.0,167.0,162.98,164.3,25561.0
2008-09-02,160.81,165.91,158.96,161.12,44542.0
2008-09-03,161.0,162.0,153.51,155.99,61830.0
2008-09-04,155.01,158.9,150.25,151.69,7375.0
2008-09-05,154.9,154.9,143.02,150.0,87069.0
2008-09-08,152.99,158.9,146.37,158.0,41487.0
2008-09-09,155.01,155.01,146.5,146.5,40861.0
2008-09-10,144.11,151.0,139.24,140.91,87450.0
2008-09-11,142.07,147.79,142.07,142.5,5863.0
2008-09-12,141.71,147.96,141.71,146.95,2745.0
2008-09-15,145.14,145.14,135.0,141.0,19392.0
2008-09-16,135.01,139.76,115.15,120.0,10234.0
2008-09-17,128.85,129.4,105.0,105.0,4309.0
2008-09-19,115.0,168.0,115.0,138.0,71116.0
2008-09-22,146.7,163.99,146.7,151.88,37785.0
2008-09-23,135.16,154.85,121.58,149.99,28363.0
2008-09-24,136.06,149.87,136.06,148.5,4143.0
2008-09-25,145.52,153.0,138.05,149.9,17472.0
2008-09-26,150.98,150.98,146.0,146.0,5011.0
2008-09-29,146.11,148.0,143.42,144.4,20338.0
2008-09-30,128.01,150.0,111.47,149.07,8854.0
2008-10-01,154.87,154.87,142.55,145.94,1737.0
2008-10-02,142.47,143.16,131.0,131.0,15539.0
2008-10-03,134.34,134.34,120.0,128.0,27388.0
2008-10-06,111.74,119.37,100.0,106.0,9459.0
2008-10-07,100.26,106.9,79.6,102.0,39716.0
2008-10-08,82.0,100.0,81.95,94.99,1206.0
2008-10-09,110.83,110.83,91.0,99.89,3264.0
2008-10-13,95.51,95.51,81.23,89.9,18534.0
2008-10-14,95.0,95.0,82.0,85.2,26623.0
2008-10-15,81.0,85.77,77.0,82.95,12453.0
2008-10-16,81.01,81.01,66.08,74.99,6985.0
2008-10-17,90.0,90.0,66.12,69.89,109349.0
2008-10-20,72.99,74.95,60.0,61.68,11087.0
2008-10-21,64.26,65.5,61.5,63.0,89619.0
2008-10-22,62.2,68.5,61.0,61.01,56222.0
2008-10-23,61.3,61.3,57.5,58.0,16822.0
2008-10-24,51.56,55.5,48.01,48.01,1356.0
2008-10-28,47.01,49.9,44.6,47.99,31431.0
2008-10-29,52.0,54.8,47.14,52.0,55172.0
2008-10-30,50.06,61.0,50.06,52.51,7583.0
2008-10-31,51.01,51.01,46.01,50.0,27220.0
2008-11-01,46.15,54.5,46.15,54.0,3404.0
2008-11-05,56.15,61.4,51.17,52.75,29625.0
2008-11-06,51.2,51.2,47.42,49.0,10886.0
2008-11-07,47.0,50.99,45.2,46.33,20277.0
2008-11-10,49.99,52.48,47.58,49.9,13715.0
2008-11-11,48.01,50.97,46.03,46.23,6880.0
2008-11-13,36.0,49.68,34.06,41.0,22553.0
2008-11-14,44.5,47.01,35.0,36.21,37794.0
2008-11-17,37.0,37.0,27.0,28.18,52629.0
2008-11-19,28.99,29.2,19.91,19.91,157424.0
2008-11-21,20.22,21.85,13.99,13.99,494412.0
2008-11-25,17.0,20.19,15.81,19.5,199729.0
2008-11-27,20.0,24.93,19.8,24.7,413431.0
2008-12-01,27.15,31.69,26.48,31.0,296655.0
2008-12-03,32.55,38.59,30.89,34.6,474046.0
2008-12-04,34.4,41.82,34.0,39.78,392463.0
2008-12-05,38.8,46.7,38.0,43.11,504865.0
2008-12-08,46.28,47.4,39.7,42.73,385027.0
2008-12-09,41.0,44.3,38.01,42.01,158357.0
2008-12-10,43.21,43.98,40.61,41.9,50100.0
2008-12-11,42.3,45.98,41.8,45.0,192584.0
2008-12-12,43.43,46.0,36.02,38.0,294126.0
2008-12-15,39.6,40.26,38.0,38.7,63047.0
2008-12-16,38.72,39.9,35.71,36.94,56881.0
2008-12-17,35.72,38.47,33.56,34.15,130463.0
2008-12-18,34.4,35.1,31.81,32.47,101187.0
2008-12-19,31.5,33.87,30.0,32.8,265890.0
2008-12-22,32.0,37.1,30.53,37.1,312595.0
2008-12-23,36.03,38.69,31.02,35.15,422610.0
2008-12-24,35.01,37.2,34.0,36.5,362891.0
2008-12-25,36.3,36.5,34.7,35.7,76809.0
2008-12-26,36.0,36.7,34.0,34.1,41515.0
2008-12-29,34.97,36.49,32.0,33.4,33768.0
2008-12-30,32.99,33.0,28.02,29.41,242396.0
2008-12-31,29.5,30.46,28.61,29.65,40490.0
2009-01-11,30.0,31.7,30.0,31.37,77781.0
2009-01-12,31.0,34.5,31.0,32.68,136570.0
2009-01-13,32.11,33.12,31.71,32.38,77639.0
2009-01-14,32.6,33.4,30.24,30.5,504988.0
2009-01-15,30.92,36.8,29.21,35.14,639821.0
2009-01-16,36.0,39.9,31.4,32.49,855876.0
2009-01-19,34.16,34.16,30.36,31.45,135115.0
2009-01-20,31.97,31.97,27.16,30.8,134148.0
2009-01-21,29.71,31.5,28.75,31.33,71947.0
2009-01-22,31.74,31.74,27.5,28.2,251761.0
2009-01-23,28.4,28.4,25.5,25.5,98351.0
2009-01-26,26.22,28.85,25.05,27.5,718938.0
2009-01-27,28.4,29.75,26.13,28.55,618888.0
2009-01-28,30.01,33.0,30.01,32.39,419079.0
2009-01-29,32.97,33.0,30.41,32.68,355967.0
2009-01-30,32.0,35.34,30.25,34.3,398640.0
2009-02-02,33.25,35.8,33.12,34.29,179980.0
2009-02-03,34.6,35.09,33.71,34.4,129833.0
2009-02-04,34.53,37.0,34.15,36.25,381385.0
2009-02-05,35.5,38.4,34.51,37.2,685902.0
2009-02-06,37.41,44.2,37.4,44.0,675787.0
2009-02-09,43.01,47.48,42.49,44.35,831894.0
2009-02-10,43.2,45.45,41.1,43.0,840028.0
2009-02-11,41.52,44.35,40.26,41.72,285286.0
2009-02-12,41.8,43.77,39.53,43.33,307105.0
2009-02-13,44.5,45.42,43.0,44.6,739784.0
2009-02-16,44.47,44.79,41.64,42.2,298358.0
2009-02-17,41.71,42.16,36.12,37.88,173446.0
2009-02-18,38.36,39.64,35.0,37.5,162533.0
2009-02-19,38.49,39.1,36.99,37.55,228303.0
2009-02-20,37.0,38.0,35.33,36.76,134035.0
2009-02-24,36.49,36.59,33.4,35.29,197794.0
2009-02-25,35.95,37.2,35.7,36.28,162852.0
2009-02-26,36.71,39.7,36.37,38.92,322889.0
2009-02-27,38.5,39.6,37.23,37.81,183848.0
2009-03-02,36.84,37.97,35.0,37.0,28637.0
2009-03-03,36.5,37.88,36.39,37.34,32918.0
2009-03-04,37.34,38.55,37.34,38.28,176296.0
2009-03-05,38.3,38.6,37.0,37.79,128873.0
2009-03-06,37.31,38.11,36.41,36.96,121712.0
2009-03-10,36.6,38.08,36.6,37.5,396082.0
2009-03-11,37.9,38.5,36.7,37.0,110329.0
2009-03-12,36.8,37.45,35.43,36.25,97942.0
2009-03-13,36.99,36.99,34.83,35.34,349092.0
2009-03-16,35.01,37.16,34.5,36.55,306474.0
2009-03-17,36.98,37.34,35.78,36.5,274296.0
2009-03-18,36.8,37.0,33.9,33.98,803955.0
2009-03-19,34.65,35.66,33.96,34.65,452600.0
2009-03-20,34.8,37.29,34.8,36.96,477552.0
2009-03-23,36.85,47.3,36.85,41.3,1526621.0
2009-03-24,42.0,43.7,37.95,41.0,482777.0
2009-03-25,41.5,41.5,39.11,40.66,453161.0
2009-03-26,41.07,41.48,38.12,39.0,384181.0
2009-03-27,39.02,39.41,36.02,37.05,240397.0
2009-03-30,36.02,37.0,35.61,37.0,142384.0
2009-03-31,37.0,39.9,36.61,38.65,207663.0
2009-04-01,38.0,39.62,37.39,37.5,98707.0
2009-04-02,37.98,39.44,37.71,39.38,134335.0
2009-04-03,39.14,41.52,38.5,40.78,989736.0
2009-04-06,41.99,43.35,39.5,39.93,1055631.0
2009-04-07,40.84,41.3,39.63,40.56,100531.0
2009-04-08,40.0,41.29,38.21,41.0,630102.0
2009-04-09,42.0,45.01,40.7,43.99,360655.0
2009-04-10,44.86,48.0,42.75,47.49,464789.0
2009-04-13,46.03,47.5,44.6,45.0,451672.0
2009-04-14,45.5,49.86,44.31,48.5,561846.0
2009-04-15,47.5,49.87,45.15,48.0,448686.0
2009-04-16,48.99,50.5,47.0,49.44,392847.0
2009-04-17,50.5,50.7,49.16,50.54,333366.0
2009-04-20,50.54,51.5,45.2,45.2,541430.0
2009-04-21,44.8,46.47,43.35,45.07,222642.0
2009-04-22,46.2,49.48,44.8,49.0,953987.0
2009-04-23,49.88,50.79,47.75,50.0,317958.0
2009-04-24,50.47,53.49,50.32,53.4,236986.0
2009-04-27,53.0,54.0,49.06,52.19,151122.0
2009-04-28,52.2,63.7,50.0,55.25,732450.0
2009-04-29,56.0,59.5,53.55,59.0,639582.0
2009-04-30,59.02,66.0,57.06,65.7,963712.0
2009-05-04,65.99,67.37,64.01,65.7,528231.0
2009-05-05,65.7,66.65,64.0,66.5,330671.0
2009-05-06,65.1,66.0,62.85,64.75,336323.0
2009-05-07,65.01,73.96,65.0,70.1,747557.0
2009-05-08,69.5,80.0,69.0,73.0,405668.0
2009-05-12,72.45,79.96,70.1,77.97,434999.0
2009-05-13,78.2,81.49,72.1,73.0,531432.0
2009-05-14,72.0,74.5,69.52,73.2,422994.0
2009-05-15,74.5,79.48,69.57,72.0,175756.0
2009-05-18,71.99,72.82,69.05,71.0,238301.0
2009-05-19,72.83,74.98,70.0,71.0,116414.0
2009-05-20,71.01,74.3,71.01,73.7,110624.0
2009-05-21,72.5,72.7,69.5,69.69,114850.0
2009-05-22,69.24,71.49,68.58,69.5,51382.0
2009-05-25,70.98,72.2,67.0,71.2,104018.0
2009-05-26,71.3,72.2,65.53,69.29,182265.0
2009-05-27,69.5,69.94,68.0,69.37,85192.0
2009-05-28,69.51,69.89,67.11,67.88,91738.0
2009-05-29,68.8,69.0,62.4,63.48,2372630.0
2009-06-01,64.13,68.45,63.66,67.89,1221875.0
2009-06-02,68.32,68.48,64.2,67.5,821346.0
2009-06-03,67.5,71.25,65.42,70.03,516393.0
2009-06-04,69.51,75.6,69.51,75.6,830269.0
2009-06-05,76.66,77.6,74.1,76.0,320000.0
2009-06-08,74.89,75.59,72.11,75.0,162314.0
2009-06-09,75.6,88.0,74.99,85.22,681361.0
2009-06-10,88.0,93.95,86.01,93.95,518240.0
2009-06-11,93.88,103.67,89.01,98.03,957892.0
2009-06-15,97.1,97.1,89.0,89.99,636798.0
2009-06-16,89.88,93.0,89.0,91.2,847166.0
2009-06-17,91.13,91.14,84.01,84.99,320522.0
2009-06-18,85.56,87.5,78.55,80.5,578928.0
2009-06-19,81.99,89.0,79.26,84.0,323969.0
2009-06-22,83.2,84.0,76.0,76.5,253561.0
2009-06-23,76.5,80.0,71.0,75.0,298377.0
2009-06-24,79.09,82.03,76.36,81.6,205947.0
2009-06-25,80.04,83.0,78.2,79.0,55684.0
2009-06-26,81.6,83.5,79.0,80.99,108734.0
2009-06-29,78.99,84.3,78.0,82.0,130172.0
2009-06-30,84.4,84.5,76.0,77.05,376529.0
2009-07-01,78.19,78.99,74.21,76.0,317253.0
2009-07-02,75.81,78.57,74.59,75.4,114923.0
2009-07-03,75.29,77.99,74.12,77.0,174689.0
2009-07-06,75.1,75.1,72.87,73.3,123358.0
2009-07-07,74.28,74.9,71.16,73.0,81418.0
2009-07-08,70.77,73.01,69.69,72.87,79282.0
2009-07-09,71.01,72.0,68.5,68.8,192576.0
2009-07-10,68.75,69.5,63.52,63.9,195266.0
2009-07-13,63.51,67.0,61.01,66.0,294752.0
2009-07-14,67.0,69.0,65.99,65.99,59275.0
2009-07-15,66.99,68.5,65.51,67.62,205910.0
2009-07-16,68.0,68.0,64.02,66.63,216549.0
2009-07-17,67.0,69.93,65.1,69.5,335624.0
2009-07-20,70.72,75.0,70.72,71.6,252344.0
2009-07-21,72.95,76.48,70.0,73.8,343499.0
2009-07-22,73.8,75.4,73.02,73.2,45241.0
2009-07-23,73.2,82.0,73.2,79.9,457354.0
2009-07-24,80.2,81.48,76.7,77.0,205934.0
2009-07-27,79.06,82.0,74.01,76.1,286363.0
2009-07-28,76.99,78.0,74.5,75.55,106726.0
2009-07-29,75.0,77.74,73.7,75.25,86543.0
2009-07-30,76.99,77.77,75.3,77.77,83451.0
2009-07-31,78.35,84.3,77.0,82.01,358734.0
2009-08-03,82.1,88.5,80.84,84.0,678217.0
2009-08-04,84.5,84.5,81.5,82.85,102437.0
2009-08-05,83.0,84.7,81.5,81.97,222442.0
2009-08-06,82.0,84.8,82.0,83.49,144740.0
2009-08-07,83.18,84.0,81.31,83.73,130432.0
2009-08-10,82.84,89.65,81.65,82.29,221825.0
2009-08-11,83.0,83.0,78.66,79.7,155480.0
2009-08-12,79.0,79.51,76.0,79.2,153670.0
2009-08-13,80.98,81.1,77.03,78.0,170776.0
2009-08-14,78.51,87.98,78.51,81.0,704485.0
2009-08-17,77.4,85.9,76.01,80.6,410818.0
2009-08-18,81.7,90.09,81.02,87.49,748041.0
2009-08-19,87.05,87.08,81.7,83.0,417382.0
2009-08-20,84.66,86.04,80.7,83.0,759021.0
2009-08-21,82.62,91.5,81.99,90.69,781671.0
2009-08-24,91.14,99.6,89.14,93.0,631613.0
2009-08-25,92.0,99.8,90.61,91.45,619162.0
2009-08-26,93.0,94.62,87.6,90.8,425628.0
2009-08-27,90.0,93.05,86.2,87.0,417120.0
2009-08-28,88.61,90.5,88.25,89.0,118955.0
2009-08-31,89.0,90.44,85.15,86.5,153012.0
2009-09-01,86.99,88.7,85.0,86.0,266394.0
2009-09-02,85.0,87.21,83.12,85.33,193379.0
2009-09-03,85.9,89.13,84.5,85.33,290860.0
2009-09-04,85.5,86.86,80.5,82.1,784617.0
2009-09-07,83.5,84.25,82.55,84.25,103093.0
2009-09-08,84.49,87.0,84.15,86.45,245178.0
2009-09-09,86.01,89.79,85.0,89.62,313638.0
2009-09-10,90.3,97.0,90.2,94.0,519017.0
2009-09-11,95.06,104.01,94.51,102.0,657441.0
2009-09-14,99.5,104.9,97.0,101.05,469226.0
2009-09-15,100.02,102.69,98.14,99.45,147695.0
2009-09-16,97.6,101.0,95.98,96.7,306035.0
2009-09-17,98.98,103.0,97.7,99.95,528224.0
2009-09-18,98.48,107.8,96.63,104.35,339299.0
2009-09-21,104.0,104.0,99.84,101.84,286857.0
2009-09-22,101.02,106.0,100.99,105.5,191368.0
2009-09-23,105.99,111.8,102.0,107.84,627305.0
2009-09-24,106.21,113.7,103.13,106.4,252702.0
2009-09-25,108.4,109.7,104.52,106.25,106040.0
2009-09-28,104.64,111.98,102.29,111.8,125477.0
2009-09-29,111.8,114.3,109.12,112.39,208408.0
2009-09-30,112.5,115.0,111.03,111.03,346777.0
2009-10-01,111.15,116.4,109.08,115.99,268670.0
2009-10-02,114.1,117.0,111.6,114.8,187026.0
2009-10-05,116.5,123.0,115.11,116.84,104601.0
2009-10-06,119.5,119.7,114.21,118.55,175519.0
2009-10-07,118.71,125.0,118.6,123.67,167510.0
2009-10-08,125.88,132.0,125.0,125.93,52061.0
2009-10-09,125.95,126.0,119.01,123.69,83634.0
2009-10-12,125.16,130.0,124.19,126.44,498141.0
2009-10-13,128.24,134.98,125.83,128.02,399260.0
2009-10-14,130.0,139.24,130.0,137.75,199478.0
2009-10-15,139.67,142.0,136.25,138.94,151675.0
2009-10-16,141.69,141.7,131.51,134.49,147350.0
2009-10-19,134.49,137.91,132.0,135.86,80537.0
2009-10-20,136.5,138.0,133.52,135.95,66970.0
2009-10-21,136.0,137.0,132.02,136.0,53574.0
2009-10-22,136.5,136.62,131.01,133.32,30246.0
2009-10-23,134.03,141.0,133.25,140.25,136004.0
2009-10-26,141.0,147.61,136.02,145.99,86712.0
2009-10-27,144.11,144.22,136.1,138.02,169637.0
2009-10-28,138.01,138.01,125.95,125.95,175417.0
2009-10-29,123.15,132.49,121.2,132.49,289658.0
2009-10-30,135.0,135.0,125.0,132.98,95848.0
2009-11-02,127.73,132.3,127.69,130.5,74019.0
2009-11-03,130.0,130.4,124.17,130.4,32593.0
2009-11-05,129.85,132.42,128.59,130.83,48048.0
2009-11-06,132.1,133.15,129.8,130.97,51662.0
2009-11-09,132.23,141.11,131.89,139.9,150290.0
2009-11-10,141.01,143.8,138.0,141.34,188924.0
2009-11-11,139.66,144.0,135.0,137.7,191655.0
2009-11-12,138.0,138.34,133.15,133.36,49857.0
2009-11-13,133.36,135.1,132.71,133.47,33432.0
2009-11-16,134.0,139.1,134.0,138.86,46305.0
2009-11-17,138.0,138.31,135.9,136.05,28621.0
2009-11-18,137.0,138.0,134.06,134.75,50673.0
2009-11-19,136.0,136.0,125.0,125.89,355804.0
2009-11-20,126.0,130.0,126.0,128.48,225635.0
2009-11-23,131.19,131.5,126.45,127.9,76336.0
2009-11-24,128.0,128.0,124.94,124.94,84909.0
2009-11-25,126.0,126.88,120.8,123.0,107569.0
2009-11-26,123.0,123.0,117.0,119.59,129370.0
2009-11-27,117.37,125.75,111.13,125.0,156045.0
2009-11-30,126.0,128.0,120.1,123.9,86470.0
2009-12-01,124.0,130.5,124.0,128.31,167808.0
2009-12-02,128.99,129.85,127.05,127.05,40117.0
2009-12-03,127.99,131.0,123.31,125.99,82418.0
2009-12-04,123.35,128.0,122.47,127.6,31546.0
2009-12-07,127.0,128.5,122.0,127.51,61786.0
2009-12-08,125.9,128.49,124.02,126.99,43094.0
2009-12-09,126.0,127.39,121.51,124.68,58720.0
2009-12-10,124.0,126.5,123.02,125.05,24506.0
2009-12-11,126.0,129.0,126.0,127.99,60631.0
2009-12-14,128.32,130.0,126.58,130.0,171457.0
2009-12-15,129.84,133.7,129.11,133.5,99571.0
2009-12-16,132.3,137.94,132.3,137.8,203245.0
2009-12-17,136.2,138.5,134.86,135.7,76227.0
2009-12-18,136.0,139.8,135.62,136.0,101058.0
2009-12-21,136.5,137.06,133.21,135.97,58673.0
2009-12-22,135.41,135.54,127.0,130.82,110735.0
2009-12-23,131.3,131.88,129.62,130.05,39996.0
2009-12-24,130.1,131.4,126.06,127.0,63500.0
2009-12-25,126.07,127.95,123.51,127.0,19395.0
2009-12-28,127.49,127.66,125.9,125.9,21216.0
2009-12-29,125.27,128.39,125.01,128.15,37198.0
2009-12-30,128.01,129.84,125.29,128.9,30839.0
2009-12-31,128.0,128.95,127.0,128.91,2410.0
2010-01-11,129.85,139.8,129.5,137.0,168051.0
2010-01-12,137.18,139.8,135.0,139.0,169057.0
2010-01-13,139.0,143.5,137.0,141.6,104141.0
2010-01-14,141.94,148.88,140.77,148.7,363096.0
2010-01-15,147.5,153.87,145.99,150.5,174781.0
2010-01-18,150.05,160.0,148.27,157.0,196126.0
2010-01-19,157.33,162.9,154.96,157.0,135572.0
2010-01-20,158.74,161.0,148.61,153.0,353384.0
2010-01-21,151.69,155.07,145.04,145.9,139500.0
2010-01-22,144.0,146.0,139.12,143.7,176099.0
2010-01-25,141.9,143.99,140.0,142.8,59743.0
2010-01-26,141.97,142.85,138.0,138.94,138814.0
2010-01-27,137.95,140.74,131.42,139.25,81873.0
2010-01-28,140.86,148.0,140.86,144.0,113777.0
2010-01-29,141.0,146.97,141.0,144.55,74177.0
2010-02-01,142.0,146.47,140.01,142.65,103492.0
2010-02-02,142.86,145.0,134.7,134.95,690703.0
2010-02-03,136.0,139.85,135.41,139.0,416496.0
2010-02-04,139.0,139.9,133.51,136.11,510619.0
2010-02-05,133.0,133.83,129.88,131.21,151233.0
2010-02-08,132.74,133.93,128.9,130.0,198157.0
2010-02-09,130.84,133.1,129.68,133.0,47256.0
2010-02-10,135.0,135.0,131.2,131.2,87403.0
2010-02-11,132.56,134.93,130.8,132.55,95845.0
2010-02-12,133.5,134.34,129.8,131.27,195358.0
2010-02-15,130.77,134.87,129.53,130.0,274289.0
2010-02-16,130.66,134.21,130.66,134.0,394885.0
2010-02-17,135.35,138.0,134.89,136.05,520596.0
2010-02-18,136.47,136.5,133.03,134.4,52824.0
2010-02-19,132.55,134.68,130.97,134.68,46670.0
2010-02-24,133.95,136.42,133.74,133.77,163153.0
2010-02-25,135.49,135.59,131.0,133.98,105285.0
2010-02-26,134.07,136.0,132.61,133.5,8340.0
2010-02-27,133.7,133.88,132.06,132.8,11855.0
2010-03-01,134.0,137.39,134.0,135.78,234099.0
2010-03-02,135.8,138.99,135.27,137.5,243048.0
2010-03-03,137.9,140.5,137.9,140.41,277744.0
2010-03-04,140.4,141.9,138.8,139.58,180312.0
2010-03-05,141.0,141.86,138.5,140.97,163670.0
2010-03-09,139.46,140.0,137.01,137.15,868792.0
2010-03-10,138.04,143.79,137.66,138.71,537482.0
2010-03-11,139.79,142.0,139.0,139.83,108852.0
2010-03-12,139.99,142.0,139.34,140.0,1109910.0
2010-03-15,139.93,141.8,139.0,140.65,144234.0
2010-03-16,140.65,143.98,140.52,143.93,213294.0
2010-03-17,144.27,149.93,143.85,147.9,275067.0
2010-03-18,147.0,154.9,146.51,149.69,310677.0
2010-03-19,150.0,153.0,144.0,146.29,789737.0
2010-03-22,144.33,146.49,142.72,144.01,200101.0
2010-03-23,144.88,146.4,143.11,145.3,337256.0
2010-03-24,145.89,147.29,144.0,144.9,136886.0
2010-03-25,145.7,152.0,145.01,151.5,357949.0
2010-03-26,152.36,153.26,150.07,153.0,176195.0
2010-03-29,149.03,161.5,146.14,156.0,272804.0
2010-03-30,158.58,158.7,148.0,152.44,508885.0
2010-03-31,152.35,154.75,150.0,150.5,456222.0
2010-04-01,151.62,157.98,150.1,156.97,183675.0
2010-04-02,157.74,161.0,156.2,158.09,38129.0
2010-04-05,156.15,158.74,156.0,157.27,111272.0
2010-04-06,157.82,164.48,154.85,164.0,449884.0
2010-04-07,161.01,165.0,160.76,162.7,112840.0
2010-04-08,160.0,166.5,160.0,163.01,86838.0
2010-04-09,166.5,168.5,163.24,164.64,792908.0
2010-04-12,166.0,168.37,163.0,163.5,313054.0
2010-04-13,163.5,166.07,162.14,164.6,345309.0
2010-04-14,165.5,173.8,165.1,169.97,212581.0
2010-04-15,171.11,173.64,168.7,171.0,248127.0
2010-04-16,168.0,168.89,163.07,166.25,215194.0
2010-04-19,162.14,162.98,151.01,161.83,285436.0
2010-04-20,161.82,164.5,160.45,162.5,125037.0
2010-04-21,164.41,164.97,161.5,161.7,87548.0
2010-04-22,161.5,163.34,155.01,155.77,300873.0
2010-04-23,158.0,162.0,156.05,159.9,97610.0
2010-04-26,161.35,164.48,161.0,161.1,233373.0
2010-04-27,161.35,161.85,157.12,158.08,35345.0
2010-04-28,155.26,156.16,150.5,151.01,277228.0
2010-04-29,153.82,157.7,152.11,155.0,122233.0
2010-04-30,154.2,157.0,153.28,153.5,212110.0
2010-05-04,155.0,155.7,143.86,145.8,128618.0
2010-05-05,145.01,146.84,130.24,136.1,338123.0
2010-05-06,135.78,139.8,132.33,136.1,118442.0
2010-05-07,134.13,135.09,123.8,126.73,456199.0
2010-05-11,138.01,138.01,131.39,138.0,134146.0
2010-05-12,138.68,148.0,138.0,148.0,195132.0
2010-05-13,149.99,150.0,143.21,147.0,88681.0
2010-05-14,146.96,150.0,142.67,144.68,70559.0
2010-05-17,140.4,145.9,137.1,139.0,238003.0
2010-05-18,138.51,141.9,138.03,138.99,73575.0
2010-05-19,136.98,140.88,130.0,132.55,160825.0
2010-05-20,132.85,134.77,119.67,121.05,1002195.0
2010-05-21,119.5,123.0,116.0,121.0,188574.0
2010-05-24,122.36,125.83,120.0,124.98,195824.0
2010-05-25,119.07,124.8,116.33,121.01,408904.0
2010-05-26,122.47,127.7,121.58,127.7,332523.0
2010-05-27,127.28,131.5,126.64,131.27,88031.0
2010-05-28,131.3,131.74,128.18,131.0,40772.0
2010-05-31,129.74,131.18,129.46,130.38,15294.0
2010-06-01,128.96,133.1,123.27,125.63,178430.0
2010-06-02,124.14,125.18,122.0,124.56,132783.0
2010-06-03,125.88,129.0,124.25,126.0,129597.0
2010-06-04,125.0,127.27,119.0,121.38,248397.0
2010-06-07,119.02,121.58,116.49,120.51,205194.0
2010-06-08,120.01,122.33,117.79,117.9,179386.0
2010-06-09,119.29,124.11,118.7,123.26,81108.0
2010-06-10,123.01,124.5,120.08,123.5,114199.0
2010-06-11,123.5,125.18,121.55,122.0,44366.0
2010-06-15,122.94,127.29,122.94,127.29,133415.0
2010-06-16,128.0,128.58,124.14,125.35,509063.0
2010-06-17,125.89,126.09,119.55,119.99,547138.0
2010-06-18,119.55,121.4,118.02,119.26,717446.0
2010-06-21,120.73,125.23,120.19,124.75,125467.0
2010-06-22,123.69,124.3,121.2,121.53,81465.0
2010-06-23,121.0,125.87,120.3,123.0,111887.0
2010-06-24,123.25,125.0,121.08,121.31,53877.0
2010-06-25,122.67,123.68,117.28,119.8,279322.0
2010-06-28,119.98,122.8,119.4,120.37,39644.0
2010-06-29,119.31,120.35,116.01,117.83,96372.0
2010-06-30,117.75,119.0,115.0,117.0,227421.0
2010-07-01,116.01,120.75,111.53,116.0,151413.0
2010-07-02,118.65,127.64,117.08,124.43,50275.0
2010-07-05,124.43,125.59,121.24,124.93,130186.0
2010-07-06,125.69,125.99,123.5,124.5,107928.0
2010-07-07,124.14,124.91,120.12,123.65,90227.0
2010-07-08,124.21,126.0,124.11,124.8,43084.0
2010-07-09,125.78,126.49,125.01,125.9,52424.0
2010-07-12,124.53,128.5,124.11,128.0,99964.0
2010-07-13,127.88,129.74,126.05,128.0,139963.0
2010-07-14,129.2,129.2,125.62,126.7,60303.0
2010-07-15,126.37,128.89,121.98,124.08,59662.0
2010-07-16,125.61,129.4,124.57,124.7,202975.0
2010-07-19,123.99,126.05,121.73,122.98,50650.0
2010-07-20,124.45,125.38,122.0,124.95,63379.0
2010-07-21,124.12,126.83,123.44,126.59,109664.0
2010-07-22,124.78,126.4,124.69,126.39,135096.0
2010-07-23,126.77,127.5,124.9,126.99,157920.0
2010-07-26,127.5,128.7,126.21,127.3,535202.0
2010-07-27,126.77,128.94,126.77,127.52,157266.0
2010-07-28,126.79,127.0,125.12,126.89,303816.0
2010-07-29,127.28,127.97,120.99,126.63,141046.0
2010-07-30,124.85,125.72,124.15,124.31,37664.0
2010-08-02,125.27,126.8,124.16,124.16,130488.0
2010-08-03,124.9,127.59,124.45,126.89,289300.0
2010-08-04,126.25,133.99,125.65,131.1,563764.0
2010-08-05,132.09,134.76,130.69,132.44,176091.0
2010-08-06,132.56,134.27,130.78,133.0,236739.0
2010-08-09,132.22,135.83,132.21,133.84,105241.0
2010-08-10,133.34,134.72,131.17,132.0,245569.0
2010-08-11,132.0,132.7,129.37,130.0,34100.0
2010-08-12,129.46,132.0,126.29,127.98,107487.0
2010-08-13,129.47,129.85,125.0,126.0,151748.0
2010-08-16,125.26,127.26,124.0,125.38,65897.0
2010-08-17,124.99,127.99,123.11,126.14,173174.0
2010-08-18,126.06,126.22,124.99,125.88,27124.0
2010-08-19,126.34,127.94,125.46,127.6,174682.0
2010-08-20,126.34,127.24,123.7,124.2,132404.0
2010-08-23,125.19,126.9,122.1,122.5,99798.0
2010-08-24,122.03,122.03,117.0,117.02,192135.0
2010-08-25,117.02,118.26,112.33,113.3,209028.0
2010-08-26,114.9,116.98,113.56,115.94,270175.0
2010-08-27,114.91,117.4,113.6,116.73,326223.0
2010-08-30,117.43,119.15,117.04,117.99,58023.0
2010-08-31,115.46,120.03,114.2,119.58,174763.0
2010-09-01,120.3,126.0,118.44,125.51,159822.0
2010-09-02,125.1,127.48,125.0,125.01,165185.0
2010-09-03,125.09,126.96,123.99,124.99,67201.0
2010-09-06,126.31,126.31,124.0,124.99,36584.0
2010-09-07,124.51,124.98,121.58,122.57,110458.0
2010-09-08,122.0,126.0,121.56,124.24,94151.0
2010-09-09,124.3,129.23,124.0,128.52,186203.0
2010-09-10,129.83,135.04,129.7,132.2,399490.0
2010-09-13,133.86,135.55,128.84,130.0,150323.0
2010-09-14,129.0,130.38,127.5,128.38,173873.0
2010-09-15,127.75,129.5,126.07,128.71,83806.0
2010-09-16,128.88,130.5,128.64,130.0,43521.0
2010-09-17,131.3,132.77,129.6,131.95,59719.0
2010-09-20,130.08,132.0,128.0,130.07,68524.0
2010-09-21,132.01,132.01,130.27,130.9,22515.0
2010-09-22,130.69,131.08,129.36,130.44,29444.0
2010-09-23,130.5,131.19,129.5,131.19,24175.0
2010-09-24,130.5,131.99,129.5,129.9,36962.0
2010-09-27,130.19,134.0,129.52,129.52,196539.0
2010-09-28,129.95,130.2,126.46,128.02,26971.0
2010-09-29,129.18,130.0,128.51,129.18,76377.0
2010-09-30,129.38,132.7,128.85,130.52,120082.0
2010-10-01,130.53,135.5,130.5,133.49,144817.0
2010-10-04,133.97,138.0,131.5,133.84,186137.0
2010-10-05,133.6,134.8,131.19,132.47,112314.0
2010-10-06,132.74,134.68,131.03,131.81,62482.0
2010-10-07,131.8,132.75,130.35,130.7,128871.0
2010-10-08,130.87,131.89,128.11,130.48,86395.0
2010-10-11,130.19,135.0,130.01,133.26,69789.0
2010-10-12,132.97,133.9,131.6,133.0,19644.0
2010-10-13,133.26,136.0,132.5,135.33,50328.0
2010-10-14,135.35,138.86,134.14,138.0,146492.0
2010-10-15,137.51,139.99,137.51,139.0,68956.0
2010-10-18,137.98,143.0,133.0,142.0,146535.0
2010-10-19,142.5,145.95,140.54,145.0,353787.0
2010-10-20,144.06,148.95,143.04,147.45,531066.0
2010-10-21,148.92,148.92,145.5,148.79,78438.0
2010-10-22,147.4,147.48,143.0,144.66,62627.0
2010-10-25,144.44,148.94,143.86,144.61,892767.0
2010-10-26,144.5,146.64,142.5,146.0,139802.0
2010-10-27,145.9,146.51,142.57,142.57,15798.0
2010-10-28,143.75,147.49,143.75,145.08,224590.0
2010-10-29,145.18,152.18,143.73,152.18,258102.0
2010-11-01,151.95,151.95,148.12,149.5,51960.0
2010-11-02,149.49,150.43,148.0,148.26,20999.0
2010-11-03,147.21,152.1,147.21,152.0,165294.0
2010-11-08,152.0,158.33,150.3,158.19,839994.0
2010-11-09,158.43,160.94,157.43,160.29,982984.0
2010-11-10,157.65,162.0,156.85,160.34,94323.0
2010-11-11,161.0,161.92,158.59,160.03,127250.0
2010-11-12,159.18,166.0,158.72,162.35,502880.0
2010-11-13,160.99,161.41,158.99,160.7,11884.0
2010-11-15,160.9,164.5,159.1,162.4,78012.0
2010-11-16,161.86,161.86,157.3,157.69,54771.0
2010-11-17,158.0,160.32,157.98,158.0,28575.0
2010-11-18,160.0,161.0,158.75,160.01,39724.0
2010-11-19,160.0,161.0,156.6,158.96,68161.0
2010-11-22,158.16,161.3,155.11,156.96,17295.0
2010-11-23,155.71,156.89,150.6,154.99,112597.0
2010-11-24,154.97,154.99,151.0,154.9,112734.0
2010-11-25,153.91,156.76,153.45,156.1,48161.0
2010-11-26,156.4,156.4,154.03,155.49,17981.0
2010-11-29,155.62,156.53,151.2,152.97,36156.0
2010-11-30,152.71,157.0,152.38,156.5,58684.0
2010-12-01,156.5,159.5,156.0,157.01,74192.0
2010-12-02,157.93,160.17,156.39,157.38,138159.0
2010-12-03,158.05,159.98,156.6,158.75,197427.0
2010-12-06,158.75,159.86,157.0,158.86,32036.0
2010-12-07,159.3,163.0,157.06,162.9,210830.0
2010-12-08,161.86,163.49,158.0,159.98,76804.0
2010-12-09,162.0,163.21,157.1,158.38,60221.0
2010-12-10,159.27,159.31,156.12,158.1,17897.0
2010-12-13,159.68,159.68,156.8,157.5,39919.0
2010-12-14,157.42,157.5,153.05,154.5,43708.0
2010-12-15,154.78,156.32,153.14,154.0,36778.0
2010-12-16,154.81,154.82,151.43,154.2,103708.0
2010-12-17,154.66,155.4,153.39,154.18,29716.0
2010-12-20,154.97,157.7,152.52,156.67,88895.0
2010-12-21,158.0,160.01,156.25,158.17,200716.0
2010-12-22,158.49,160.5,157.5,157.9,22708.0
2010-12-23,158.77,160.49,158.2,159.98,48519.0
2010-12-24,160.4,160.4,156.12,157.0,40015.0
2010-12-27,158.74,158.74,156.15,156.17,4344.0
2010-12-28,156.32,159.7,156.32,158.0,72059.0
2010-12-29,157.25,159.47,152.75,154.29,46322.0
2010-12-30,155.09,156.9,152.12,153.88,93901.0
2011-01-11,154.51,165.0,154.51,164.0,188237.0
2011-01-12,164.0,172.0,163.16,170.49,375140.0
2011-01-13,171.49,172.69,167.0,168.97,131828.0
2011-01-14,168.99,172.7,167.0,169.98,72328.0
2011-01-17,170.37,170.37,166.52,168.32,134023.0
2011-01-18,169.88,176.85,167.08,168.99,218677.0
2011-01-19,170.0,172.0,167.04,167.15,75465.0
2011-01-20,166.76,166.76,162.3,162.5,57315.0
2011-01-21,163.0,164.98,161.0,164.88,31153.0
2011-01-24,164.87,164.87,158.0,159.27,160664.0
2011-01-25,159.91,160.79,158.32,158.52,98408.0
2011-01-26,159.01,162.0,157.27,159.27,210625.0
2011-01-27,159.95,160.45,155.0,156.0,216494.0
2011-01-28,156.02,156.73,152.74,153.88,291806.0
2011-01-31,154.31,154.48,149.02,150.49,150169.0
2011-02-01,150.51,153.94,149.66,153.05,341380.0
2011-02-02,154.78,156.84,153.01,154.99,262585.0
2011-02-03,155.09,156.5,151.95,152.71,122625.0
2011-02-04,152.7,153.72,151.3,151.81,101043.0
2011-02-07,151.79,152.81,149.2,150.69,22773.0
2011-02-08,150.67,151.28,147.0,147.51,59929.0
2011-02-09,148.04,151.0,146.88,147.7,55287.0
2011-02-10,147.6,149.0,144.98,145.0,73101.0
2011-02-11,145.69,147.99,144.0,147.0,39415.0
2011-02-14,148.03,150.0,144.91,145.78,86221.0
2011-02-15,145.81,147.7,145.0,145.0,35855.0
2011-02-16,145.09,145.92,142.47,144.99,35420.0
2011-02-17,145.5,146.54,144.11,144.58,64467.0
2011-02-18,145.18,146.0,142.4,143.48,24253.0
2011-02-21,143.49,147.72,142.53,144.43,83618.0
2011-02-22,144.45,144.45,138.03,138.5,200275.0
2011-02-24,138.02,138.11,132.71,135.39,173844.0
2011-02-25,137.6,142.97,136.21,142.5,188320.0
2011-02-28,143.0,143.54,141.68,143.43,102613.0
2011-03-01,143.71,147.0,142.0,143.85,87750.0
2011-03-02,143.01,144.15,141.39,141.88,47370.0
2011-03-03,142.93,143.0,138.55,138.98,95830.0
2011-03-04,139.88,140.52,132.7,134.0,894270.0
2011-03-05,134.0,138.0,133.93,134.95,465130.0
2011-03-09,134.95,138.23,134.58,136.54,81840.0
2011-03-10,136.39,137.77,134.12,134.62,42290.0
2011-03-11,133.0,136.0,132.7,135.59,56500.0
2011-03-14,134.64,137.56,134.04,136.99,323280.0
2011-03-15,136.82,136.82,130.21,130.5,466200.0
2011-03-16,131.96,134.84,129.3,129.3,207880.0
2011-03-17,130.0,131.18,129.0,130.5,212920.0
2011-03-18,130.99,134.4,129.29,130.0,634620.0
2011-03-21,131.95,133.49,129.0,132.0,46730.0
2011-03-22,131.86,131.86,129.8,131.04,105500.0
2011-03-23,130.78,134.04,130.76,132.98,163040.0
2011-03-24,132.68,137.49,132.58,137.0,181050.0
2011-03-25,137.0,139.94,135.99,139.15,146750.0
2011-03-28,139.16,140.84,136.38,140.55,355500.0
2011-03-29,140.99,140.99,137.55,139.35,285420.0
2011-03-30,139.63,147.1,139.63,144.61,533560.0
2011-03-31,144.99,149.2,143.0,148.5,888660.0
2011-04-01,148.99,149.9,146.25,148.46,268440.0
2011-04-04,148.8,151.59,148.46,151.5,127100.0
2011-04-05,151.21,152.0,149.99,151.04,167180.0
2011-04-06,151.0,152.2,147.25,150.0,782740.0
2011-04-07,149.61,149.65,144.08,145.9,195860.0
2011-04-08,145.99,148.41,145.13,146.55,100860.0
2011-04-11,146.78,148.66,143.61,143.71,142190.0
2011-04-12,143.37,144.0,139.55,139.55,219480.0
2011-04-13,141.5,143.9,139.33,140.73,59710.0
2011-04-14,139.66,141.43,135.96,137.78,79010.0
2011-04-15,137.45,140.88,137.3,137.99,49080.0
2011-04-18,138.2,139.3,134.0,135.0,167210.0
2011-04-19,135.0,139.22,134.99,138.0,73900.0
2011-04-20,139.97,140.6,138.08,140.5,55400.0
2011-04-21,140.97,145.0,138.15,144.0,89020.0
2011-04-22,144.06,145.15,142.12,143.5,41310.0
2011-04-25,144.04,145.49,140.58,141.13,89890.0
2011-04-26,140.58,143.37,139.71,141.0,44290.0
2011-04-27,141.96,143.26,136.61,138.7,19500.0
2011-04-28,140.36,141.71,139.61,140.13,17470.0
2011-04-29,139.63,140.5,138.12,139.02,107150.0
2011-05-03,138.56,139.61,134.99,135.0,18580.0
2011-05-04,134.02,135.31,128.0,128.0,139850.0
2011-05-05,129.09,131.0,124.75,125.4,270000.0
2011-05-06,124.75,129.72,124.75,127.15,45980.0
2011-05-10,128.75,131.0,127.0,127.1,161570.0
2011-05-11,127.67,128.69,123.98,125.73,824580.0
2011-05-12,125.14,127.0,124.5,126.0,105840.0
2011-05-13,126.99,133.89,126.99,132.45,445030.0
2011-05-16,129.0,132.39,128.1,131.01,270200.0
2011-05-17,129.9,132.8,129.9,132.0,107330.0
2011-05-18,133.0,133.96,131.01,133.96,95540.0
2011-05-19,132.44,138.0,132.0,137.0,150550.0
2011-05-20,136.82,137.8,134.33,134.98,88140.0
2011-05-23,134.51,134.65,128.08,129.64,269020.0
2011-05-24,129.99,134.0,129.28,132.04,132940.0
2011-05-25,130.07,133.0,130.0,130.97,116170.0
2011-05-26,132.1,136.8,131.45,133.12,111140.0
2011-05-27,134.79,135.0,131.15,133.89,237750.0
2011-05-30,134.0,134.0,132.3,133.0,32460.0
2011-05-31,132.57,133.9,131.67,132.25,236790.0
2011-06-01,132.11,134.7,131.68,133.65,133000.0
2011-06-02,131.0,132.85,129.2,129.95,73790.0
2011-06-03,129.51,130.48,128.05,128.06,89890.0
2011-06-06,128.55,131.95,128.55,131.32,37880.0
2011-06-07,131.35,133.9,130.6,133.01,98090.0
2011-06-08,133.0,134.26,132.51,134.1,37860.0
2011-06-09,134.97,136.49,134.5,135.72,37680.0
2011-06-10,134.7,136.85,134.61,136.0,58940.0
2011-06-14,136.88,137.0,132.99,134.87,92150.0
2011-06-15,134.95,136.5,134.0,135.29,74930.0
2011-06-16,135.77,135.79,134.0,134.0,12950.0
2011-06-17,132.92,133.85,131.67,132.29,16950.0
2011-06-20,131.22,135.48,125.63,131.2,49110.0
2011-06-21,132.03,133.72,130.45,130.99,32420.0
2011-06-22,130.33,132.0,130.01,131.55,23360.0
2011-06-23,130.51,131.98,129.54,130.48,17370.0
2011-06-24,130.99,132.43,129.8,129.81,183340.0
2011-06-27,129.7,129.86,127.35,128.0,41590.0
2011-06-28,129.02,129.02,127.0,127.7,92740.0
2011-06-29,128.82,129.02,127.05,128.46,117060.0
2011-06-30,128.88,131.95,126.14,130.11,282090.0
2011-07-01,129.59,131.09,128.85,130.0,115040.0
2011-07-04,130.1,131.84,129.25,131.83,235620.0
2011-07-05,131.49,134.49,130.14,133.95,406770.0
2011-07-06,134.41,134.57,132.73,133.59,50860.0
2011-07-07,134.25,135.5,133.13,134.25,124960.0
2011-07-08,132.0,136.0,132.0,133.0,71700.0
2011-07-11,132.01,134.0,126.7,127.49,414930.0
2011-07-12,127.5,129.48,126.67,128.5,90570.0
2011-07-13,129.51,132.79,129.5,130.71,305300.0
2011-07-14,130.8,131.9,129.06,129.13,134700.0
2011-07-15,128.83,130.01,127.37,128.37,353610.0
2011-07-18,127.54,128.92,126.38,126.5,39870.0
2011-07-19,126.99,128.17,125.99,127.39,77680.0
2011-07-20,127.99,130.23,127.99,128.98,209820.0
2011-07-21,128.5,130.0,126.6,127.2,184680.0
2011-07-22,128.12,128.95,125.7,126.01,321420.0
2011-07-25,126.0,126.75,125.11,126.1,45870.0
2011-07-26,126.74,128.8,125.8,127.5,514280.0
2011-07-27,126.99,127.9,123.65,123.65,903600.0
2011-07-28,123.81,124.75,121.21,123.0,918080.0
2011-07-29,123.77,123.77,121.9,122.45,115440.0
2011-08-01,123.5,124.48,122.0,122.99,161580.0
2011-08-02,123.0,123.0,122.03,122.5,44300.0
2011-08-03,121.79,123.0,119.22,119.22,99360.0
2011-08-04,122.0,122.29,116.0,116.47,1215240.0
2011-08-05,113.26,115.04,108.0,112.0,474430.0
2011-08-08,108.5,115.0,103.81,107.5,259740.0
2011-08-09,104.0,109.6,100.8,104.0,2373430.0
2011-08-10,106.5,112.11,100.1,100.1,1710960.0
2011-08-11,102.01,103.66,90.0,95.99,779170.0
2011-08-12,97.1,98.8,90.31,92.51,221020.0
2011-08-15,95.17,97.17,93.01,95.96,287040.0
2011-08-16,94.52,95.9,91.0,91.56,585660.0
2011-08-17,92.86,96.36,90.24,94.1,1752390.0
2011-08-18,94.1,95.0,91.66,92.01,898590.0
2011-08-19,91.0,91.99,87.0,89.32,650660.0
2011-08-22,88.2,90.53,87.12,89.0,175000.0
2011-08-23,89.99,90.8,84.06,85.5,286630.0
2011-08-24,86.0,86.95,84.67,86.08,86950.0
2011-08-25,86.94,87.49,84.5,84.5,502380.0
2011-08-26,84.88,84.94,80.0,80.4,676250.0
2011-08-29,81.49,85.83,81.3,85.35,204420.0
2011-08-30,86.07,87.45,84.11,87.45,413970.0
2011-08-31,87.74,92.5,87.63,91.01,426890.0
2011-09-01,92.12,95.5,91.89,94.2,1285280.0
2011-09-02,93.6,97.29,93.4,94.44,261140.0
2011-09-05,94.0,95.0,86.01,94.71,212930.0
2011-09-06,94.0,97.0,94.0,96.33,410840.0
2011-09-07,97.0,103.44,97.0,102.42,369160.0
2011-09-08,103.48,106.4,101.65,105.68,341780.0
2011-09-09,104.68,104.75,102.02,102.07,420140.0
2011-09-12,98.86,99.7,96.0,97.5,327870.0
2011-09-13,98.68,100.7,94.03,97.0,217570.0
2011-09-14,97.0,98.5,94.21,98.1,37710.0
2011-09-15,98.4,101.4,97.4,100.55,202870.0
2011-09-16,101.47,103.97,99.0,102.0,439540.0
2011-09-19,100.31,101.88,97.5,99.8,197520.0
2011-09-20,100.98,101.74,99.2,99.97,55770.0
2011-09-21,100.65,100.65,96.0,96.73,72100.0
2011-09-22,94.68,95.58,85.0,85.48,901800.0
2011-09-23,85.48,86.68,72.03,77.6,947120.0
2011-09-26,77.6,79.0,70.02,76.3,196660.0
2011-09-27,80.02,84.33,76.7,83.35,1349060.0
2011-09-28,82.0,82.98,78.0,79.69,245870.0
2011-09-29,78.0,80.03,76.14,78.2,749970.0
2011-09-30,78.0,78.49,74.0,74.63,384290.0
2011-10-03,72.02,74.0,69.01,70.5,438750.0
2011-10-04,69.0,70.99,62.24,64.8,767620.0
2011-10-05,66.0,68.38,61.61,67.01,511020.0
2011-10-06,68.99,74.49,67.26,69.53,639200.0
2011-10-07,70.71,75.49,70.5,74.0,493040.0
2011-10-10,75.5,77.35,73.1,77.0,169470.0
2011-10-11,77.2,80.5,72.65,73.6,265640.0
2011-10-12,73.02,80.18,71.8,77.0,1199850.0
2011-10-13,77.01,79.88,76.25,76.94,110750.0
2011-10-14,77.91,84.75,75.5,84.65,593510.0
2011-10-17,84.18,91.67,83.86,85.76,700210.0
2011-10-18,85.0,89.89,82.0,88.0,324590.0
2011-10-19,89.89,90.97,87.08,90.2,166950.0
2011-10-20,88.55,91.5,85.85,90.5,207080.0
2011-10-21,90.52,95.0,90.1,91.99,264380.0
2011-10-24,93.99,99.01,92.97,98.2,301340.0
2011-10-25,98.25,99.6,94.05,97.28,363110.0
2011-10-26,96.2,100.2,95.38,99.6,397170.0
2011-10-27,100.97,102.0,99.06,99.21,316850.0
2011-10-28,98.99,100.0,95.55,98.29,101400.0
2011-10-31,97.34,98.35,96.0,96.45,65130.0
2011-11-01,96.01,96.01,89.21,91.02,390360.0
2011-11-02,91.77,97.49,91.0,93.79,195990.0
2011-11-03,92.0,97.97,90.22,95.52,82060.0
2011-11-07,94.1,97.9,93.0,94.21,110800.0
2011-11-08,94.45,95.98,93.75,94.76,145650.0
2011-11-09,95.03,95.33,91.91,92.61,126960.0
2011-11-10,91.14,95.4,89.19,92.02,197520.0
2011-11-11,94.0,94.0,91.0,92.5,76800.0
2011-11-14,94.0,96.96,91.11,92.0,50520.0
2011-11-15,92.29,92.83,90.8,91.51,38970.0
2011-11-16,90.61,92.91,90.6,91.05,93560.0
2011-11-17,92.2,92.2,88.11,90.5,149110.0
2011-11-18,89.1,89.97,87.78,88.18,74730.0
2011-11-21,88.0,88.6,82.45,82.68,269400.0
2011-11-22,83.37,88.0,83.37,83.7,65180.0
2011-11-23,83.69,83.94,81.12,81.51,213630.0
2011-11-24,81.5,82.5,81.09,81.74,62400.0
2011-11-25,81.4,82.14,78.97,79.47,194590.0
2011-11-28,81.56,84.91,81.53,83.49,178970.0
2011-11-29,84.0,85.72,83.51,83.85,462480.0
2011-11-30,83.3,85.74,83.14,85.74,149300.0
2011-12-01,85.99,90.0,85.99,89.0,194670.0
2011-12-02,89.89,95.0,88.22,93.5,557050.0
2011-12-05,92.85,93.56,91.05,91.47,238730.0
2011-12-06,90.31,90.87,89.01,89.01,145010.0
2011-12-07,90.42,90.7,88.1,88.1,593030.0
2011-12-08,88.99,92.06,88.39,91.9,149340.0
2011-12-09,90.01,91.64,86.5,87.35,321770.0
2011-12-12,89.6,90.06,82.9,82.9,260440.0
2011-12-13,83.87,88.89,80.8,81.98,276760.0
2011-12-14,81.58,82.78,78.71,79.3,309660.0
2011-12-15,79.05,80.38,78.08,80.16,184470.0
2011-12-16,80.96,80.96,77.14,77.8,122160.0
2011-12-19,77.62,78.23,76.27,76.5,416680.0
2011-12-20,76.5,77.0,76.0,76.85,63970.0
2011-12-21,77.76,80.4,75.05,75.75,431790.0
2011-12-22,76.1,76.1,73.6,74.75,76150.0
2011-12-23,75.97,75.97,72.5,73.0,78900.0
2011-12-26,73.0,73.75,71.61,72.69,51590.0
2011-12-27,72.2,72.7,70.38,70.88,23080.0
2011-12-28,73.36,73.5,70.71,71.14,85260.0
2011-12-29,71.0,71.99,68.68,69.9,252290.0
2011-12-30,70.03,73.89,70.01,72.8,68220.0
2012-01-03,74.0,77.41,73.03,76.88,59300.0
2012-01-04,77.44,79.48,72.0,78.96,174380.0
2012-01-05,79.0,82.72,78.0,82.44,177750.0
2012-01-06,81.41,83.46,81.0,83.0,67290.0
2012-01-09,82.7,84.8,80.75,81.01,49350.0
2012-01-10,82.0,83.35,81.25,82.0,135790.0
2012-01-11,82.37,82.89,80.16,82.45,108570.0
2012-01-12,83.38,85.49,81.79,85.25,263720.0
2012-01-13,84.36,88.87,84.36,86.26,257430.0
2012-01-16,85.81,88.04,82.07,87.17,172300.0
2012-01-17,88.0,89.78,86.95,88.96,418450.0
2012-01-18,89.59,89.84,88.52,89.4,746770.0
2012-01-19,89.83,89.83,88.5,88.56,41430.0
2012-01-20,89.34,89.34,86.37,88.17,36660.0
2012-01-23,88.51,88.51,84.53,85.58,203410.0
2012-01-24,85.6,86.74,84.08,84.75,38910.0
2012-01-25,85.29,86.85,83.86,86.36,97750.0
2012-01-26,86.74,88.88,86.02,88.06,72970.0
2012-01-27,87.34,89.9,86.66,89.9,189560.0
2012-01-30,88.03,90.95,88.0,89.05,152800.0
2012-01-31,90.51,90.8,87.44,88.05,154250.0
2012-02-01,87.65,89.19,87.5,87.98,53180.0
2012-02-02,88.78,88.86,87.5,87.71,115890.0
2012-02-03,87.53,89.97,87.5,89.51,78120.0
2012-02-06,90.0,90.66,89.0,89.71,194120.0
2012-02-07,89.71,90.66,88.5,88.51,174010.0
2012-02-08,89.82,90.5,88.6,89.86,348580.0
2012-02-09,89.35,90.0,87.36,87.36,93110.0
2012-02-10,87.29,88.47,85.58,88.16,96990.0
2012-02-13,88.78,89.97,87.91,89.8,448840.0
2012-02-14,89.8,91.87,88.5,91.5,680910.0
2012-02-15,91.5,93.88,91.4,93.7,762040.0
2012-02-16,92.4,94.17,90.7,93.49,333370.0
2012-02-17,94.2,95.24,93.62,95.0,393760.0
2012-02-20,95.11,95.87,93.8,93.94,56660.0
2012-02-21,93.94,94.87,91.05,94.7,104450.0
2012-02-22,94.82,95.27,93.41,94.0,244240.0
2012-02-24,94.79,97.27,93.99,96.25,692540.0
2012-02-27,95.26,97.27,94.68,97.27,346970.0
2012-02-28,97.01,98.97,96.56,98.36,938680.0
2012-02-29,98.99,102.86,98.11,100.0,171650.0
2012-03-01,99.07,99.5,96.21,96.99,142740.0
2012-03-02,97.84,98.97,95.91,96.55,76110.0
2012-03-05,97.96,99.17,96.83,98.9,75430.0
2012-03-06,98.72,98.8,93.02,93.5,104740.0
2012-03-07,93.37,94.5,93.01,93.66,16500.0
2012-03-11,95.6,96.34,94.01,96.32,127610.0
2012-03-12,94.71,97.67,94.68,96.77,171600.0
2012-03-13,97.77,98.18,96.03,97.5,409030.0
2012-03-14,97.53,98.16,96.01,97.11,131890.0
2012-03-15,97.11,98.49,96.13,97.1,58580.0
2012-03-16,97.88,97.88,93.45,93.96,110240.0
2012-03-19,94.68,94.68,91.01,93.11,79320.0
2012-03-20,94.0,94.35,92.86,93.91,45080.0
2012-03-21,93.14,95.76,93.1,93.97,77730.0
2012-03-22,94.04,94.4,92.1,92.85,101460.0
2012-03-23,94.0,94.34,92.22,92.5,26230.0
2012-03-26,94.0,94.0,92.54,93.5,31210.0
2012-03-27,94.0,94.43,93.0,93.26,83840.0
2012-03-28,93.39,93.96,92.03,93.96,35300.0
2012-03-29,92.36,93.39,90.31,91.57,50870.0
2012-03-30,92.37,93.0,90.79,91.1,25220.0
2012-04-02,92.85,92.85,89.81,91.47,36790.0
2012-04-03,91.79,92.0,91.32,91.75,20190.0
2012-04-04,91.0,92.51,89.29,91.5,37440.0
2012-04-05,92.49,92.49,90.29,91.16,31210.0
2012-04-06,91.0,91.0,90.4,90.62,10030.0
2012-04-09,90.61,90.79,89.05,89.81,20030.0
2012-04-10,90.02,91.75,89.36,90.58,72140.0
2012-04-11,90.56,91.63,89.06,91.16,90120.0
2012-04-12,91.99,92.96,90.53,90.93,26440.0
2012-04-13,91.08,92.0,90.57,91.95,41020.0
2012-04-16,92.0,92.34,90.12,90.6,30720.0
2012-04-17,90.85,92.49,90.0,90.26,34630.0
2012-04-18,91.0,91.38,90.28,91.0,21970.0
2012-04-19,91.82,92.37,90.28,92.37,37510.0
2012-04-20,92.0,92.8,91.1,91.83,22330.0
2012-04-23,91.1,91.9,90.25,90.27,19580.0
2012-04-24,91.47,91.48,89.44,90.22,40540.0
2012-04-25,91.0,92.6,88.66,92.6,69540.0
2012-04-26,92.6,92.6,88.79,89.31,46970.0
2012-04-27,89.97,91.06,88.8,90.14,10960.0
2012-04-28,91.53,91.98,91.37,91.9,2110.0
2012-05-02,91.89,93.0,91.0,91.0,28050.0
2012-05-03,91.01,92.0,90.77,90.77,23330.0
2012-05-04,91.8,91.8,85.72,86.65,48120.0
2012-05-05,86.66,88.0,83.71,85.5,6470.0
2012-05-07,84.7,85.07,83.3,84.85,5490.0
2012-05-08,84.85,87.0,81.27,86.0,44740.0
2012-05-10,84.87,86.84,82.67,85.56,153350.0
2012-05-11,84.61,84.95,81.59,83.98,18520.0
2012-05-12,84.0,85.5,84.0,84.88,14590.0
2012-05-14,83.01,83.76,79.61,79.65,325040.0
2012-05-15,79.84,80.46,75.81,77.4,173630.0
2012-05-16,75.71,82.0,73.7,79.51,63140.0
2012-05-17,80.89,81.86,77.0,77.0,21620.0
2012-05-18,77.77,81.0,74.11,78.99,18200.0
2012-05-21,79.01,81.45,78.47,80.01,55340.0
2012-05-22,81.0,82.45,80.75,81.11,47250.0
2012-05-23,81.0,81.0,77.7,77.71,53590.0
2012-05-24,78.99,81.0,78.81,80.99,93950.0
2012-05-25,80.3,85.98,80.3,84.15,53960.0
2012-05-28,85.44,87.0,83.68,85.97,12130.0
2012-05-29,85.97,89.88,85.68,89.87,17060.0
2012-05-30,88.89,89.02,87.93,88.0,11010.0
2012-05-31,87.47,92.5,87.0,90.34,101590.0
2012-06-01,90.9,92.0,88.0,91.0,119360.0
2012-06-04,89.1,90.86,87.0,88.52,9440.0
2012-06-05,89.05,91.0,89.03,90.99,6610.0
2012-06-06,90.0,92.62,90.0,92.62,75160.0
2012-06-07,91.82,92.94,91.1,92.23,56150.0
2012-06-08,90.61,93.57,90.6,91.41,64670.0
2012-06-09,92.99,93.27,91.49,91.5,330.0
2012-06-13,91.5,91.68,89.0,89.48,26380.0
2012-06-14,90.0,90.0,88.0,89.7,5920.0
2012-06-15,88.16,91.98,88.16,91.5,83090.0
2012-06-18,92.0,93.96,90.11,93.0,96500.0
2012-06-19,92.01,93.71,91.0,93.25,31500.0
2012-06-20,93.2,93.2,87.21,88.23,23180.0
2012-06-21,86.41,88.5,85.75,86.06,44180.0
2012-06-22,86.06,86.06,83.35,83.4,45480.0
2012-06-25,85.0,85.35,84.0,84.0,9350.0
2012-06-26,84.73,86.0,84.5,85.37,8160.0
2012-06-27,84.56,85.44,83.64,83.8,33510.0
2012-06-28,85.8,85.8,83.13,85.0,54560.0
2012-06-29,85.42,87.51,85.42,86.5,6100.0
2012-07-02,86.0,88.0,86.0,87.69,9790.0
2012-07-03,88.0,89.4,86.65,89.4,94560.0
2012-07-04,88.01,89.85,88.01,88.62,45430.0
2012-07-05,88.53,92.0,88.0,89.81,87350.0
2012-07-06,89.53,92.51,89.53,92.5,92250.0
2012-07-09,92.4,93.86,91.8,91.84,7320.0
2012-07-10,91.5,94.0,91.32,93.79,15840.0
2012-07-11,93.3,93.3,91.01,91.69,2200.0
2012-07-12,92.85,93.97,90.79,93.0,58480.0
2012-07-13,93.97,100.92,93.07,98.51,132830.0
2012-07-16,98.01,99.95,98.0,98.51,25570.0
2012-07-17,98.52,99.9,98.47,99.9,7330.0
2012-07-18,99.04,99.04,96.13,98.5,17770.0
2012-07-19,95.54,98.59,95.3,97.36,29050.0
2012-07-20,96.03,96.33,94.0,96.01,14710.0
2012-07-23,94.99,95.99,93.08,95.11,80950.0
2012-07-24,93.15,96.0,93.06,95.98,80350.0
2012-07-25,94.79,96.4,94.65,96.4,1470.0
2012-07-26,97.0,97.18,95.0,95.34,8540.0
2012-07-27,95.0,99.0,95.0,98.86,106920.0
2012-07-30,99.97,100.0,98.22,98.92,16250.0
2012-07-31,99.0,99.02,97.38,97.97,4570.0
2012-08-01,97.9,101.0,97.8,99.07,26980.0
2012-08-02,100.55,100.88,97.99,100.0,24920.0
2012-08-03,99.96,99.96,98.3,99.94,790.0
2012-08-06,100.0,102.27,99.57,102.27,47780.0
2012-08-07,102.35,106.93,101.7,105.99,36720.0
2012-08-08,105.48,106.4,103.93,104.96,10210.0
2012-08-09,105.7,106.92,104.01,104.31,4390.0
2012-08-10,104.0,104.72,101.02,104.0,3940.0
2012-08-13,104.0,105.0,102.0,102.27,2550.0
2012-08-14,103.46,103.46,100.02,102.89,58250.0
2012-08-15,102.97,103.0,101.0,103.0,18260.0
2012-08-16,104.0,104.0,100.98,101.98,12020.0
2012-08-17,102.0,102.98,98.07,99.47,16370.0
2012-08-20,99.95,100.0,98.0,100.0,10830.0
2012-08-21,100.0,100.8,98.62,99.3,12940.0
2012-08-22,99.0,99.92,99.0,99.92,1990.0
2012-08-23,99.92,100.3,98.8,99.4,159870.0
2012-08-24,99.19,99.39,95.7,98.99,89590.0
2012-08-27,98.41,103.0,98.0,103.0,46530.0
2012-08-28,103.0,103.0,99.35,102.0,29030.0
2012-08-29,101.99,101.99,96.21,97.01,49770.0
2012-08-30,96.77,96.77,95.1,95.52,15230.0
2012-08-31,96.65,96.65,94.52,95.67,15260.0
2012-09-03,95.95,97.03,95.6,96.75,1110.0
2012-09-04,97.93,97.93,96.47,97.18,730.0
2012-09-05,96.84,96.84,94.71,95.99,7530.0
2012-09-06,96.5,97.49,95.5,97.2,7110.0
2012-09-07,98.01,99.47,97.93,99.3,26420.0
2012-09-10,98.54,99.79,98.54,99.79,3090.0
2012-09-11,98.82,100.78,98.53,99.99,15990.0
2012-09-12,99.5,100.36,98.99,99.49,6810.0
2012-09-13,99.0,99.8,97.79,98.97,5540.0
2012-09-14,101.09,105.87,99.1,105.0,85030.0
2012-09-17,104.79,113.0,104.0,104.75,18760.0
2012-09-18,103.01,104.0,101.4,103.46,30060.0
2012-09-19,103.0,103.29,101.29,103.2,22500.0
2012-09-20,102.28,103.45,101.11,101.81,48670.0
2012-09-21,102.01,104.67,102.01,104.4,27580.0
2012-09-24,104.4,104.4,102.12,102.12,5020.0
2012-09-25,103.11,103.11,99.52,99.52,22790.0
2012-09-26,99.0,100.9,98.25,100.0,86050.0
2012-09-27,101.0,101.5,98.98,99.82,97170.0
2012-09-28,99.03,99.69,97.82,98.37,29960.0
2012-10-01,98.0,101.0,98.0,100.9,15890.0
2012-10-02,100.18,100.5,99.87,100.01,10470.0
2012-10-03,99.51,100.01,99.48,99.51,2230.0
2012-10-04,100.47,100.48,98.04,100.0,1840.0
2012-10-05,100.0,100.9,98.21,100.4,55700.0
2012-10-08,100.99,102.0,99.9,101.46,31710.0
2012-10-09,100.98,102.29,100.98,102.29,17090.0
2012-10-10,101.69,102.5,101.61,102.0,22090.0
2012-10-11,101.72,102.33,101.71,102.0,74070.0
2012-10-12,102.0,102.35,99.51,100.92,153210.0
2012-10-15,100.87,101.96,100.86,101.0,84560.0
2012-10-16,101.01,101.01,100.0,100.98,6580.0
2012-10-17,100.92,103.0,100.58,103.0,15160.0
2012-10-18,103.0,103.4,101.51,101.51,7880.0
2012-10-19,101.36,101.5,101.0,101.2,350.0
2012-10-22,101.16,101.16,98.54,98.68,9230.0
2012-10-23,98.66,98.98,96.02,96.03,37300.0
2012-10-24,96.94,97.97,96.0,96.0,1470.0
2012-10-25,96.94,96.94,95.99,96.3,2220.0
2012-10-26,95.52,95.53,91.13,94.17,58320.0
2012-10-29,94.65,94.67,91.0,91.6,28690.0
2012-10-30,91.5,95.45,91.5,94.26,47950.0
2012-10-31,94.95,96.17,94.02,96.0,23610.0
2012-11-01,95.99,96.0,93.5,95.5,50840.0
2012-11-02,96.26,96.26,95.01,95.5,1180.0
2012-11-06,96.27,96.27,95.2,96.0,120720.0
2012-11-07,96.26,96.26,92.71,92.83,18510.0
2012-11-08,91.91,92.82,90.75,91.0,43290.0
2012-11-09,90.7,91.64,89.11,91.63,25760.0
2012-11-12,92.0,92.78,91.4,92.58,8760.0
2012-11-13,91.72,93.0,90.0,90.0,26550.0
2012-11-14,91.48,91.91,90.1,90.56,4970.0
2012-11-15,90.01,92.49,88.15,92.49,53260.0
2012-11-16,92.79,93.67,90.11,91.53,52780.0
2012-11-19,91.19,92.99,91.01,91.86,7080.0
2012-11-20,91.71,92.28,90.58,90.6,16480.0
2012-11-21,90.04,94.0,90.04,92.55,108600.0
2012-11-22,92.55,94.2,92.0,92.06,83960.0
2012-11-23,92.08,93.69,92.08,93.51,11700.0
2012-11-26,93.15,93.98,91.52,93.01,10220.0
2012-11-27,93.85,94.7,92.19,92.79,2980.0
2012-11-28,92.72,93.8,90.5,92.79,9860.0
2012-11-29,92.8,94.6,90.79,94.4,28430.0
2012-11-30,94.61,95.5,94.02,95.5,200810.0
2012-12-03,96.0,96.0,95.62,95.98,1350.0
2012-12-04,95.36,96.85,95.0,96.1,153880.0
2012-12-05,96.47,96.51,93.79,93.8,157660.0
2012-12-06,94.24,94.61,93.99,94.23,9510.0
2012-12-07,94.01,94.08,91.34,93.51,14140.0
2012-12-10,92.57,94.54,92.47,92.56,14930.0
2012-12-11,92.98,94.37,91.02,92.11,24990.0
2012-12-12,92.49,93.93,92.49,93.03,12370.0
2012-12-13,92.8,93.5,91.11,92.07,8660.0
2012-12-14,92.41,92.41,91.1,91.7,24640.0
2012-12-17,91.7,92.5,91.53,92.4,28160.0
2012-12-18,92.57,93.0,92.05,92.97,28940.0
2012-12-19,93.14,95.2,92.53,93.99,21770.0
2012-12-20,93.98,93.98,92.96,93.0,9360.0
2012-12-21,93.47,94.3,91.13,92.42,19430.0
2012-12-24,91.72,92.14,89.92,90.01,100460.0
2012-12-25,89.1,90.92,89.1,90.59,9530.0
2012-12-26,90.85,91.56,90.0,91.02,15890.0
2012-12-27,90.7,92.2,90.37,91.77,8820.0
2012-12-28,91.23,92.37,90.05,91.86,8480.0
2013-01-08,93.0,94.95,93.0,94.56,4680.0
2013-01-09,92.07,94.92,92.07,94.75,12490.0
2013-01-10,94.25,96.2,93.14,94.01,11910.0
2013-01-11,94.01,95.35,94.01,95.16,5470.0
2013-01-14,95.1,96.59,95.0,95.77,3250.0
2013-01-15,95.72,97.0,94.0,94.0,14160.0
2013-01-16,94.6,94.61,93.5,94.6,12340.0
2013-01-17,94.6,95.48,94.22,94.98,3740.0
2013-01-18,95.0,96.5,94.13,95.35,40560.0
2013-01-21,95.15,95.15,94.36,94.89,3410.0
2013-01-22,94.84,94.84,92.27,92.91,12850.0
2013-01-23,92.53,94.67,92.46,94.0,15290.0
2013-01-24,93.93,94.49,93.02,93.52,8540.0
2013-01-25,93.51,93.78,93.35,93.35,6360.0
2013-01-28,93.87,94.75,93.5,94.23,79510.0
2013-01-29,93.84,94.6,93.65,94.0,49350.0
2013-01-30,94.24,94.6,94.24,94.47,28270.0
2013-01-31,93.88,94.97,93.08,94.11,60120.0
2013-02-01,94.6,94.6,94.0,94.0,3300.0
2013-02-04,94.59,94.79,91.2,92.0,100160.0
2013-02-05,92.99,94.66,91.72,93.23,175330.0
2013-02-06,93.87,95.74,93.5,93.55,39280.0
2013-02-07,93.88,94.1,93.1,94.1,7680.0
2013-02-08,94.2,95.14,93.57,94.44,14780.0
2013-02-11,94.93,98.06,93.13,96.0,128190.0
2013-02-12,96.01,98.77,95.0,98.5,677090.0
2013-02-13,98.87,99.1,97.1,99.07,50120.0
2013-02-14,99.07,99.2,98.2,98.8,89030.0
2013-02-15,99.46,100.0,97.55,97.85,93370.0
2013-02-18,97.0,98.44,96.51,96.51,12890.0
2013-02-19,97.47,101.9,96.01,99.99,211910.0
2013-02-20,101.38,101.38,100.0,100.47,13050.0
2013-02-21,100.29,100.48,97.11,97.28,19060.0
2013-02-22,97.99,102.34,97.1,99.47,30430.0
2013-02-25,99.87,101.82,99.37,99.99,9860.0
2013-02-26,99.23,100.0,95.06,99.99,105690.0
2013-02-27,100.0,100.01,99.16,99.16,54010.0
2013-02-28,99.16,99.16,96.0,96.0,40240.0
2013-03-01,96.98,97.0,95.0,95.41,65780.0
2013-03-04,94.22,96.0,90.99,92.0,68090.0
2013-03-05,93.0,95.24,93.0,94.56,40360.0
2013-03-06,94.6,95.67,93.11,93.15,29530.0
2013-03-07,94.42,95.85,92.51,95.69,61680.0
2013-03-11,95.0,96.84,95.0,95.0,20080.0
2013-03-12,94.37,95.04,94.11,94.63,2070.0
2013-03-13,94.28,94.28,91.27,92.74,48420.0
2013-03-14,92.55,92.55,90.0,90.5,42940.0
2013-03-15,91.69,91.69,90.5,90.8,24430.0
2013-03-18,88.88,90.97,87.97,87.97,81520.0
2013-03-19,88.57,89.0,84.5,85.3,113040.0
2013-03-20,85.04,86.72,84.01,84.5,70740.0
2013-03-21,85.86,85.86,84.22,84.7,4880.0
2013-03-22,85.3,86.0,83.53,86.0,76370.0
2013-03-25,90.0,92.5,85.5,85.84,37220.0
2013-03-26,85.49,85.49,80.1,81.08,47870.0
2013-03-27,81.99,82.74,79.0,81.49,58520.0
2013-03-28,81.96,82.92,80.03,82.81,10740.0
2013-03-29,82.02,83.99,82.0,83.72,21460.0
2013-04-01,83.86,83.9,83.0,83.3,9050.0
2013-04-02,83.05,85.99,81.0,85.0,13510.0
2013-04-03,84.55,86.95,81.65,84.61,26040.0
2013-04-04,84.03,86.0,83.31,86.0,238880.0
2013-04-05,86.59,86.72,83.0,83.99,2990.0
2013-04-08,84.74,86.68,83.29,83.98,1630.0
2013-04-09,83.25,84.66,79.07,83.97,56690.0
2013-04-10,83.59,86.35,83.59,85.08,47020.0
2013-04-11,86.35,86.4,83.85,85.27,33950.0
2013-04-12,85.42,86.86,84.02,86.0,89270.0
2013-04-15,85.05,85.5,80.0,82.43,72300.0
2013-04-16,81.02,83.46,81.02,81.5,262660.0
2013-04-17,81.5,82.0,79.53,82.0,31210.0
2013-04-18,80.57,83.16,80.57,82.0,8310.0
2013-04-19,80.95,84.48,80.95,83.63,28710.0
2013-04-22,84.07,84.07,82.17,83.38,17660.0
2013-04-23,83.0,89.0,82.17,86.47,88370.0
2013-04-24,86.99,86.99,83.18,84.12,39740.0
2013-04-25,84.89,84.89,82.23,83.89,59860.0
2013-04-26,83.02,84.88,82.3,84.49,9850.0
2013-04-29,85.0,85.0,82.03,83.4,16970.0
2013-04-30,83.69,84.0,82.0,82.23,26940.0
2013-05-02,82.41,87.07,82.41,83.29,10350.0
2013-05-03,82.85,82.99,81.81,82.5,20910.0
2013-05-06,82.98,83.88,82.2,83.4,33760.0
2013-05-07,83.4,83.95,82.56,83.0,188950.0
2013-05-08,83.0,84.0,82.81,83.76,51220.0
2013-05-10,83.03,84.59,82.1,83.37,9780.0
2013-05-13,83.62,83.8,82.25,83.0,101070.0
2013-05-14,83.47,86.97,82.0,83.4,109210.0
2013-05-15,82.35,82.59,80.07,80.12,235280.0
2013-05-16,80.6,84.23,79.56,82.02,689640.0
2013-05-17,82.36,83.9,81.19,82.0,88640.0
2013-05-20,81.61,82.89,79.83,80.2,76120.0
2013-05-21,80.83,81.7,80.31,81.09,12500.0
2013-05-22,80.62,81.7,79.5,79.91,282080.0
2013-05-23,79.51,79.51,76.06,76.78,132250.0
2013-05-24,76.99,80.3,76.08,77.54,85200.0
2013-05-27,77.51,77.52,76.18,77.3,7700.0
2013-05-28,78.02,78.99,76.59,77.81,26810.0
2013-05-29,77.41,77.41,75.32,75.32,15840.0
2013-05-30,75.11,76.5,75.07,75.4,100630.0
2013-05-31,75.62,76.6,73.25,74.1,76390.0
2013-06-03,74.0,75.39,73.27,74.6,8060.0
2013-06-04,75.23,75.87,73.55,75.87,6060.0
2013-06-05,74.84,74.93,71.08,74.5,6110.0
2013-06-06,74.25,80.0,72.0,77.28,54070.0
2013-06-07,75.87,77.5,75.0,77.0,14070.0
2013-06-10,77.4,77.4,75.01,76.74,3700.0
2013-06-11,75.51,75.8,73.7,74.0,3570.0
2013-06-13,74.0,74.0,69.0,71.91,42310.0
2013-06-14,72.0,73.86,71.57,73.86,101670.0
2013-06-17,73.01,78.0,73.01,77.28,73190.0
2013-06-18,76.5,78.98,75.02,77.58,23510.0
2013-06-19,77.97,79.91,77.59,79.91,56050.0
2013-06-20,79.41,79.41,77.0,77.25,25120.0
2013-06-21,77.24,79.19,76.91,77.4,10860.0
2013-06-24,77.99,79.24,75.08,75.44,17380.0
2013-06-25,75.85,77.97,75.56,77.07,11080.0
2013-06-26,77.07,79.9,77.07,77.73,22670.0
2013-06-27,77.5,80.17,76.5,77.74,13600.0
2013-06-28,77.44,80.14,77.18,79.0,5510.0
2013-07-01,78.68,79.5,76.82,77.5,12130.0
2013-07-02,78.45,80.05,77.7,78.39,8010.0
2013-07-03,79.1,79.79,78.02,79.3,91020.0
2013-07-04,79.8,80.39,78.58,80.26,8150.0
2013-07-05,80.34,80.65,78.78,78.82,3250.0
2013-07-08,78.99,79.5,78.05,79.45,45410.0
2013-07-09,79.79,80.1,78.53,79.01,26440.0
2013-07-10,78.54,79.09,76.03,77.0,22590.0
2013-07-11,77.5,79.89,77.5,79.08,43590.0
2013-07-12,79.5,79.88,78.5,79.1,13430.0
2013-07-15,79.41,80.0,78.94,79.67,16110.0
2013-07-16,79.72,80.25,79.41,80.1,66790.0
2013-07-17,80.41,83.23,79.9,83.23,209400.0
2013-07-18,83.65,84.59,82.85,83.52,31000.0
2013-07-19,82.25,85.0,82.22,84.8,136960.0
2013-07-22,84.31,84.78,82.28,84.5,82130.0
2013-07-23,84.8,86.0,84.05,84.7,72470.0
2013-07-24,84.3,85.4,84.27,85.4,42270.0
2013-07-25,85.88,85.88,83.48,83.49,36440.0
2013-07-26,83.79,84.65,83.5,84.23,6870.0
2013-07-29,84.12,84.5,83.0,83.49,13090.0
2013-07-30,83.99,85.0,82.34,85.0,38300.0
2013-07-31,85.51,85.75,83.9,85.5,128370.0
2013-08-01,86.0,86.99,85.52,86.4,62330.0
2013-08-02,86.49,89.01,85.38,87.0,361460.0
2013-08-05,86.81,88.25,86.01,87.1,140800.0
2013-08-06,87.09,88.48,86.5,86.87,50350.0
2013-08-07,86.51,87.98,85.92,87.27,110050.0
2013-08-08,87.87,88.88,86.62,87.7,53480.0
2013-08-09,86.82,88.73,86.82,88.25,35910.0
2013-08-12,88.88,90.63,87.66,90.63,113020.0
2013-08-13,89.5,90.95,89.5,90.22,36640.0
2013-08-14,89.9,91.44,89.9,91.3,108080.0
2013-08-15,89.72,91.6,89.26,89.45,14260.0
2013-08-16,90.25,91.4,87.0,87.0,10310.0
2013-08-19,87.88,91.0,83.11,85.5,114360.0
2013-08-20,85.28,86.77,83.07,85.36,30970.0
2013-08-21,85.59,87.0,83.22,86.9,103020.0
2013-08-22,86.12,89.0,84.01,88.8,68120.0
2013-08-23,88.02,88.04,85.48,87.29,36040.0
2013-08-26,87.0,87.49,84.62,84.85,16290.0
2013-08-27,85.0,86.58,84.92,85.01,50710.0
2013-08-28,85.44,85.98,80.0,83.1,87700.0
2013-08-29,83.01,84.48,81.14,81.94,84840.0
2013-08-30,81.51,82.5,79.98,82.26,162740.0
2013-09-02,80.5,84.68,80.5,84.0,201080.0
2013-09-03,84.41,84.48,80.1,81.6,127790.0
2013-09-04,80.82,83.4,80.16,82.52,41840.0
2013-09-05,82.98,84.53,81.03,84.5,80170.0
2013-09-06,83.74,86.68,83.74,84.55,103430.0
2013-09-09,84.9,86.25,83.26,84.03,145290.0
2013-09-10,84.84,85.8,84.05,85.0,215280.0
2013-09-11,85.17,86.37,83.93,85.0,51820.0
2013-09-12,84.54,85.15,84.03,84.76,47460.0
2013-09-13,85.48,85.89,82.27,83.0,30170.0
2013-09-16,84.24,88.63,84.0,87.99,335230.0
2013-09-17,86.51,87.89,85.85,87.33,107520.0
2013-09-18,86.52,87.45,85.98,85.98,75080.0
2013-09-19,86.47,89.98,86.0,86.0,92870.0
2013-09-20,86.45,87.8,85.56,85.84,51310.0
2013-09-23,84.84,86.97,84.23,84.26,31750.0
2013-09-24,84.5,85.03,84.0,85.03,30600.0
2013-09-25,84.51,84.51,82.51,84.4,89690.0
2013-09-26,83.86,85.45,83.86,85.0,33790.0
2013-09-27,84.79,85.08,82.99,83.0,485400.0
2013-09-30,82.56,83.81,81.51,83.66,74420.0
2013-10-01,83.21,83.93,82.94,83.2,67420.0
2013-10-02,84.18,84.49,83.56,83.56,32880.0
2013-10-03,83.21,84.9,83.1,84.7,259720.0
2013-10-04,84.23,85.5,84.04,84.89,82060.0
2013-10-07,84.93,85.89,84.11,85.48,132430.0
2013-10-08,86.55,86.59,84.71,86.0,40760.0
2013-10-09,85.99,86.0,84.75,85.4,53740.0
2013-10-10,85.78,86.37,84.71,85.44,158450.0
2013-10-11,84.7,86.0,83.3,84.35,177290.0
2013-10-14,85.13,85.13,83.5,84.1,414380.0
2013-10-15,84.45,86.5,83.43,85.0,557440.0
2013-10-16,84.55,87.04,84.4,86.69,559660.0
2013-10-17,86.5,87.63,85.18,87.49,76010.0
2013-10-18,87.99,89.43,85.36,87.6,297910.0
2013-10-21,87.52,89.0,87.25,88.1,24380.0
2013-10-22,88.59,89.9,87.43,89.25,85030.0
2013-10-23,89.09,90.32,87.31,88.55,429990.0
2013-10-24,88.11,90.83,88.11,90.83,99610.0
2013-10-25,89.53,89.53,88.77,88.8,4920.0
2013-10-28,89.27,89.43,88.1,89.0,20390.0
2013-10-29,90.49,90.49,89.0,89.02,40920.0
2013-10-30,89.01,92.83,89.0,90.87,472660.0
2013-10-31,90.34,93.0,89.0,91.5,612030.0
2013-11-01,92.34,95.7,90.9,92.58,404140.0
2013-11-05,91.48,93.97,89.0,89.01,85680.0
2013-11-06,89.11,90.84,87.11,87.36,145480.0
2013-11-07,87.03,88.4,85.7,88.32,82470.0
2013-11-08,87.89,88.11,85.75,87.21,150560.0
2013-11-11,87.77,88.01,86.52,86.71,49170.0
2013-11-12,86.99,89.61,86.99,88.37,148200.0
2013-11-13,88.11,91.43,86.75,90.15,389280.0
2013-11-14,88.79,91.0,87.61,90.0,212800.0
2013-11-15,90.0,92.87,88.27,89.99,318710.0
2013-11-18,90.87,93.88,89.5,92.71,118320.0
2013-11-19,93.79,94.45,91.0,91.59,257460.0
2013-11-20,91.5,93.7,89.49,92.25,637460.0
2013-11-21,90.5,92.85,90.5,92.27,76380.0
2013-11-22,91.01,94.75,91.01,94.29,117670.0
2013-11-25,93.48,97.19,92.51,95.51,464830.0
2013-11-26,94.53,96.77,93.05,93.27,217370.0
2013-11-27,93.46,95.9,90.11,95.48,281130.0
2013-11-28,95.49,97.64,94.0,94.24,142170.0
2013-11-29,93.11,94.2,92.07,93.83,61550.0
2013-12-02,93.99,95.0,92.0,92.0,21190.0
2013-12-03,91.15,93.41,90.14,90.4,49290.0
2013-12-04,91.46,92.11,89.4,89.4,18270.0
2013-12-05,90.27,91.87,90.08,90.74,12140.0
2013-12-06,90.09,92.0,89.4,89.67,68560.0
2013-12-09,89.99,90.98,88.02,90.2,20680.0
2013-12-10,91.67,91.68,84.99,90.1,12920.0
2013-12-11,89.51,91.0,88.1,90.25,9260.0
2013-12-12,89.51,90.48,88.7,90.47,18260.0
2013-12-13,90.02,90.44,89.11,89.11,14540.0
2013-12-16,89.73,96.73,89.33,93.8,77770.0
2013-12-17,93.0,95.01,92.0,94.05,157090.0
2013-12-18,93.46,95.39,93.46,95.0,139640.0
2013-12-19,94.44,95.83,93.05,95.12,217000.0
2013-12-20,95.05,95.1,90.02,94.81,41280.0
2013-12-23,94.74,94.75,91.81,92.78,548160.0
2013-12-24,92.49,93.45,90.16,93.43,47910.0
2013-12-25,92.36,95.0,91.21,93.49,28700.0
2013-12-26,93.01,93.5,92.98,93.15,6780.0
2013-12-27,93.44,93.44,91.85,92.75,91500.0
2013-12-30,93.0,94.25,91.8,93.83,40680.0
2014-01-06,93.07,96.01,89.73,91.04,36350.0
2014-01-08,90.83,92.86,89.28,91.98,16720.0
2014-01-09,90.14,92.98,90.09,91.8,157530.0
2014-01-10,91.5,95.0,90.18,93.0,52690.0
2014-01-13,93.0,95.3,91.22,94.45,28370.0
2014-01-14,93.21,94.9,91.48,94.9,53150.0
2014-01-15,94.75,97.98,94.48,95.16,611200.0
2014-01-16,96.14,98.4,95.65,96.73,112980.0
2014-01-17,96.38,99.8,95.51,99.32,73310.0
2014-01-20,99.6,101.3,98.9,100.9,190170.0
2014-01-21,101.29,102.48,100.01,102.0,165040.0
2014-01-22,102.01,104.95,101.8,104.3,446830.0
2014-01-23,104.7,108.6,104.2,107.16,329220.0
2014-01-24,104.3,109.85,103.81,103.81,55190.0
2014-01-27,104.47,106.79,102.4,102.56,61070.0
2014-01-28,103.0,105.3,100.0,100.7,117260.0
2014-01-29,100.6,105.0,96.55,97.0,342820.0
2014-01-30,97.95,98.29,93.28,96.15,117440.0
2014-01-31,95.54,97.99,93.69,94.76,129590.0
2014-02-03,94.97,97.6,92.44,93.7,60430.0
2014-02-04,92.02,93.73,90.55,93.72,31300.0
2014-02-05,92.01,96.5,92.01,95.76,43280.0
2014-02-06,95.0,96.5,94.03,95.52,48090.0
2014-02-07,95.94,96.5,94.92,95.73,39590.0
2014-02-10,96.0,96.0,95.1,95.1,6450.0
2014-02-11,95.17,96.56,95.02,95.02,51870.0
2014-02-12,95.99,99.32,95.94,99.2,87440.0
2014-02-13,98.23,101.41,97.7,100.75,94690.0
2014-02-14,100.97,101.7,99.04,99.92,91320.0
2014-02-17,100.25,103.2,99.9,102.82,19590.0
2014-02-18,103.24,103.5,101.0,101.48,20010.0
2014-02-19,101.49,102.13,89.55,90.54,398230.0
2014-02-20,89.51,93.27,88.06,92.31,191340.0
2014-02-21,92.5,93.75,91.06,91.64,37420.0
2014-02-24,91.01,91.63,89.8,90.22,63820.0
2014-02-25,90.49,91.03,88.2,89.0,73350.0
2014-02-26,88.98,90.5,88.65,90.48,16010.0
2014-02-27,89.76,90.71,87.87,89.47,59320.0
2014-02-28,88.52,90.25,86.18,90.25,68240.0
2014-03-03,89.01,89.01,72.59,75.0,247650.0
2014-03-04,77.06,81.45,73.12,77.65,324650.0
2014-03-05,78.96,79.8,73.22,75.51,111960.0
2014-03-06,76.27,79.57,72.5,74.01,115440.0
2014-03-07,73.98,76.65,73.98,74.8,39890.0
2014-03-11,75.77,75.77,70.7,71.51,73650.0
2014-03-12,70.62,70.94,68.71,68.91,40850.0
2014-03-13,69.78,69.87,64.98,65.2,53180.0
2014-03-14,64.01,65.99,58.05,64.99,61320.0
2014-03-17,65.0,70.96,64.08,69.41,22970.0
2014-03-18,69.0,72.27,68.6,70.51,37540.0
2014-03-19,71.4,75.73,69.54,73.36,98140.0
2014-03-20,73.01,73.01,71.0,71.95,29110.0
2014-03-21,70.8,70.8,67.02,70.0,74560.0
2014-03-24,70.69,73.76,68.99,69.79,55790.0
2014-03-25,69.94,71.77,68.6,71.49,58540.0
2014-03-26,70.58,74.96,70.56,73.7,64820.0
2014-03-27,72.21,75.35,72.15,73.41,50630.0
2014-03-28,73.98,78.87,73.98,76.3,60430.0
2014-03-31,76.98,78.25,75.52,76.29,25550.0
2014-04-01,76.99,77.01,75.59,76.2,44590.0
2014-04-02,75.61,76.76,74.64,75.43,34790.0
2014-04-03,76.68,76.84,74.59,75.49,42860.0
2014-04-04,75.99,76.0,74.55,75.7,45500.0
2014-04-07,75.03,77.3,74.0,76.0,66010.0
2014-04-08,76.0,77.76,74.53,76.29,41510.0
2014-04-09,76.4,76.87,74.0,76.18,135160.0
2014-04-10,76.0,78.48,74.33,75.38,186810.0
2014-04-11,75.38,76.68,74.5,75.98,74270.0
2014-04-14,75.11,76.05,74.5,74.95,17760.0
2014-04-15,74.66,75.65,72.99,74.39,99140.0
2014-04-16,74.35,75.97,72.17,74.29,56170.0
2014-04-17,74.25,74.74,73.2,74.7,31150.0
2014-04-18,75.87,76.1,75.0,75.6,6490.0
2014-04-21,75.26,76.7,75.22,75.97,10650.0
2014-04-22,76.4,76.4,73.56,74.3,34790.0
2014-04-23,74.78,74.78,73.15,73.15,2820.0
2014-04-24,72.96,75.44,70.03,70.12,24910.0
2014-04-25,70.12,70.49,69.0,69.1,4260.0
2014-04-28,69.96,69.96,67.01,68.92,35410.0
2014-04-29,69.66,71.39,69.42,70.43,20420.0
2014-04-30,70.54,71.9,69.19,69.6,30330.0
2014-05-02,69.81,71.4,69.75,71.11,8670.0
2014-05-05,70.28,71.71,70.28,70.7,3610.0
2014-05-06,71.69,71.99,70.54,71.88,44770.0
2014-05-07,72.73,72.73,69.69,71.23,64870.0
2014-05-08,71.22,73.85,70.1,73.85,51460.0
2014-05-12,73.01,73.3,70.7,71.0,65140.0
2014-05-13,70.78,71.83,70.01,70.04,47050.0
2014-05-14,70.03,70.7,69.21,69.21,75170.0
2014-05-15,69.6,70.67,68.05,68.79,55740.0
2014-05-16,68.27,70.0,68.23,68.4,60540.0
2014-05-19,68.98,70.46,68.23,69.73,88340.0
2014-05-20,69.73,69.87,67.1,67.84,191600.0
2014-05-21,67.8,70.45,66.98,70.36,185640.0
2014-05-22,70.33,73.44,70.06,73.3,270480.0
2014-05-23,73.58,79.99,72.5,77.92,468890.0
2014-05-26,78.95,83.99,78.15,79.43,435180.0
2014-05-27,79.38,79.67,77.1,78.25,209950.0
2014-05-28,78.87,79.28,77.83,78.94,40720.0
2014-05-29,79.94,79.96,78.59,79.1,25030.0
2014-05-30,78.99,79.5,77.42,79.5,140390.0
2014-06-02,79.02,81.78,78.8,80.29,138920.0
2014-06-03,80.15,82.38,60.16,81.89,205990.0
2014-06-04,81.86,84.65,80.63,81.39,119810.0
2014-06-05,80.99,83.22,80.05,81.4,61240.0
2014-06-06,81.35,85.96,81.32,85.58,153260.0
2014-06-09,86.15,87.96,84.53,87.08,128800.0
2014-06-10,86.75,90.21,86.51,89.69,399660.0
2014-06-11,89.99,91.75,87.33,87.58,68710.0
2014-06-16,88.48,90.83,83.39,89.54,321260.0
2014-06-17,89.0,90.94,86.13,87.35,137360.0
2014-06-18,86.78,88.0,85.64,85.65,32090.0
2014-06-19,86.3,87.53,84.11,84.3,87930.0
2014-06-20,84.32,85.3,81.79,82.21,123550.0
2014-06-23,82.87,84.7,81.69,83.98,92720.0
2014-06-24,84.3,86.5,84.14,85.66,71900.0
2014-06-25,85.7,87.39,85.38,86.56,50080.0
2014-06-26,87.2,87.2,85.19,86.0,12110.0
2014-06-27,85.68,86.91,80.71,81.89,229260.0
2014-06-30,81.94,82.74,80.83,82.22,20380.0
2014-07-01,82.04,82.77,81.9,82.76,52180.0
2014-07-02,82.73,85.0,82.0,84.99,91960.0
2014-07-03,85.49,86.3,84.69,85.0,16520.0
2014-07-04,84.85,85.96,84.32,84.32,26420.0
2014-07-07,83.88,87.11,83.88,85.5,75680.0
2014-07-08,85.98,87.97,85.51,87.13,165210.0
2014-07-09,87.0,88.48,86.1,87.96,74820.0
2014-07-10,88.87,88.87,82.02,84.69,98880.0
2014-07-11,84.75,85.82,82.71,83.51,16950.0
2014-07-14,83.96,85.14,82.62,83.99,80800.0
2014-07-15,83.6,84.76,83.0,83.72,25330.0
2014-07-16,83.84,85.1,83.75,85.1,19480.0
2014-07-17,84.38,84.38,81.0,82.5,479470.0
2014-07-18,81.15,82.33,80.22,80.8,29970.0
2014-07-21,80.19,83.74,79.21,82.0,27940.0
2014-07-22,82.28,84.7,81.45,81.72,28660.0
2014-07-23,81.51,82.56,80.01,82.1,27110.0
2014-07-24,82.45,82.45,81.13,82.25,1190.0
2014-07-25,81.71,82.36,80.47,81.63,27360.0
2014-07-28,81.43,82.01,80.0,80.01,44580.0
2014-07-29,80.48,80.92,79.46,79.6,29450.0
2014-07-30,78.99,83.0,78.97,81.19,26300.0
2014-07-31,81.3,81.97,80.72,80.95,20210.0
2014-08-01,80.13,80.95,77.47,78.78,29260.0
2014-08-04,79.09,79.42,77.2,78.55,85350.0
2014-08-05,77.41,79.4,76.4,78.16,379890.0
2014-08-06,77.07,77.99,76.39,76.55,15970.0
2014-08-07,76.3,78.17,75.34,78.17,31800.0
2014-08-08,78.0,79.9,77.45,78.77,36750.0
2014-08-11,79.02,79.72,78.52,79.48,31540.0
2014-08-12,79.52,81.81,78.81,79.99,62350.0
2014-08-13,79.5,81.5,79.47,80.13,56430.0
2014-08-14,80.15,81.49,79.08,80.48,763880.0
2014-08-15,80.37,81.48,79.52,81.47,47900.0
2014-08-18,81.52,82.6,80.71,80.72,20090.0
2014-08-19,80.99,84.49,80.99,84.02,319430.0
2014-08-20,84.5,87.99,83.56,84.47,188610.0
2014-08-21,84.24,87.0,84.11,87.0,658820.0
2014-08-22,86.01,88.28,84.51,88.28,88410.0
2014-08-25,88.4,88.87,87.29,87.91,17360.0
2014-08-26,88.0,89.0,86.82,87.73,288060.0
2014-08-27,87.89,90.89,87.58,89.97,542180.0
2014-08-28,89.07,90.9,86.57,88.5,372250.0
2014-08-29,87.42,89.0,85.93,88.38,142630.0
2014-09-01,89.5,90.9,86.41,90.0,134600.0
2014-09-02,89.8,90.75,88.47,90.7,56990.0
2014-09-03,90.94,92.5,88.15,91.53,192430.0
2014-09-04,90.53,92.22,90.0,91.5,25500.0
2014-09-05,91.76,91.76,90.7,91.5,47280.0
2014-09-08,91.5,93.49,90.89,92.44,84960.0
2014-09-09,92.67,92.81,89.01,89.81,65240.0
2014-09-10,89.03,91.2,88.6,90.39,96140.0
2014-09-11,90.77,91.8,90.0,90.79,61050.0
2014-09-12,90.0,91.74,90.0,90.64,27530.0
2014-09-15,90.99,93.98,85.05,85.76,262550.0
2014-09-16,86.46,89.0,86.18,87.97,94900.0
2014-09-17,87.52,89.34,84.86,87.0,53680.0
2014-09-18,87.99,88.88,86.32,87.6,31770.0
2014-09-19,87.6,88.0,85.08,87.4,120410.0
2014-09-22,87.59,88.0,86.1,86.1,31790.0
2014-09-23,86.13,88.66,86.0,88.65,98830.0
2014-09-24,88.9,90.0,88.4,88.4,65540.0
2014-09-25,88.61,90.0,87.53,87.53,75960.0
2014-09-26,87.97,89.49,85.55,86.25,57690.0
2014-09-29,86.46,91.0,86.08,87.49,124190.0
2014-09-30,87.84,89.0,86.51,88.6,45450.0
2014-10-01,89.6,89.6,87.8,88.6,14570.0
2014-10-02,88.2,89.0,83.7,86.3,196530.0
2014-10-03,86.4,87.0,83.2,84.5,55150.0
2014-10-06,84.9,86.1,83.0,84.0,86040.0
2014-10-07,84.4,84.9,82.3,82.8,163200.0
2014-10-08,82.3,83.9,81.5,81.5,83580.0
2014-10-09,82.0,83.9,81.5,82.7,62570.0
2014-10-10,82.2,82.5,79.0,79.0,37090.0
2014-10-13,79.4,80.0,79.3,79.6,20940.0
2014-10-14,79.3,79.6,78.1,78.3,33530.0
2014-10-15,78.8,78.8,75.7,76.7,88210.0
2014-10-16,77.4,78.0,74.0,74.1,81950.0
2014-10-17,74.0,78.6,73.9,77.7,132430.0
2014-10-20,78.3,79.3,76.8,77.8,31120.0
2014-10-21,77.0,80.0,76.4,79.5,51730.0
2014-10-22,79.3,81.2,77.0,78.0,60760.0
2014-10-23,77.3,79.8,76.6,79.8,80180.0
2014-10-24,80.4,81.7,79.0,80.1,6550.0
2014-10-27,80.4,83.0,79.3,82.5,62300.0
2014-10-28,82.0,83.0,81.1,82.4,58520.0
2014-10-29,82.0,85.8,81.6,83.4,217380.0
2014-10-30,83.6,84.8,81.4,82.6,73250.0
2014-10-31,83.3,84.2,82.6,83.4,20240.0
2014-11-03,82.8,84.3,81.8,81.9,25190.0
2014-11-05,82.4,82.8,81.2,81.9,12480.0
2014-11-06,81.4,83.0,81.4,83.0,52840.0
2014-11-07,82.5,82.8,76.5,81.3,510990.0
2014-11-10,80.6,81.8,78.9,79.7,45750.0
2014-11-11,79.3,79.8,79.2,79.8,11170.0
2014-11-12,79.8,79.8,78.7,79.0,13270.0
2014-11-13,78.9,79.1,77.0,77.7,24710.0
2014-11-14,77.8,77.9,75.5,76.0,97910.0
2014-11-17,76.3,77.2,75.2,75.5,26350.0
2014-11-18,75.6,76.8,73.2,76.3,442620.0
2014-11-19,76.5,80.6,75.0,78.0,1866580.0
2014-11-20,77.9,78.5,74.3,74.8,218730.0
2014-11-21,75.0,75.3,71.0,71.9,223370.0
2014-11-24,71.9,72.8,70.0,70.2,151820.0
2014-11-25,70.4,72.0,69.9,71.1,73170.0
2014-11-26,70.7,71.9,68.3,69.8,169190.0
2014-11-27,70.0,70.7,65.6,66.7,469690.0
2014-11-28,66.8,66.8,63.6,64.2,411820.0
2014-12-01,63.4,64.7,60.0,61.0,528630.0
2014-12-02,60.5,64.3,58.5,59.2,728550.0
2014-12-03,59.4,61.3,58.6,59.8,266470.0
2014-12-04,59.9,61.3,59.2,59.4,308360.0
2014-12-05,59.4,59.8,56.3,56.8,178950.0
2014-12-08,57.0,58.3,54.0,54.0,179730.0
2014-12-09,55.2,55.2,51.1,51.2,184280.0
2014-12-10,51.2,53.1,46.6,47.4,307850.0
2014-12-11,47.7,48.9,40.6,43.4,502490.0
2014-12-12,43.0,46.8,36.7,38.1,966640.0
2014-12-15,38.5,40.4,36.4,38.1,401380.0
2014-12-16,37.9,38.7,28.7,36.9,451680.0
2014-12-17,37.7,42.0,34.1,37.0,367160.0
2014-12-18,38.0,41.3,36.7,37.4,654950.0
2014-12-19,37.6,40.8,35.6,35.6,487450.0
2014-12-22,36.3,37.8,34.2,36.7,706880.0
2014-12-23,36.9,38.5,34.9,35.7,392720.0
2014-12-24,35.7,35.8,33.4,34.1,169030.0
2014-12-25,33.6,35.3,32.6,33.8,383400.0
2014-12-26,34.6,36.2,33.9,34.3,559060.0
2014-12-29,34.2,35.6,34.2,35.0,123590.0
2014-12-30,35.1,35.2,34.1,35.0,133140.0
2015-01-05,35.4,38.2,34.7,37.5,139940.0
2015-01-06,37.5,39.6,36.9,37.9,231780.0
2015-01-08,38.5,39.9,37.6,38.0,372540.0
2015-01-09,38.0,39.5,37.2,39.2,206180.0
2015-01-12,38.3,39.9,38.2,38.4,258030.0
2015-01-13,38.1,38.5,36.1,37.8,806460.0
2015-01-14,37.5,39.2,37.1,38.7,216040.0
2015-01-15,39.1,40.3,38.3,38.5,468940.0
2015-01-16,38.5,39.0,37.6,38.8,173040.0
2015-01-19,39.0,40.7,38.4,38.9,353180.0
2015-01-20,38.6,40.0,38.2,38.6,391500.0
2015-01-21,38.9,39.2,38.0,38.5,357290.0
2015-01-22,38.9,39.5,38.1,39.3,321100.0
2015-01-23,39.5,54.0,39.2,50.1,4218360.0
2015-01-26,50.2,57.4,47.3,51.0,3693640.0
2015-01-27,48.8,52.0,48.1,50.0,1244740.0
2015-01-28,50.5,51.0,47.8,48.0,581070.0
2015-01-29,48.3,48.3,45.2,47.0,951800.0
2015-01-30,47.8,48.0,46.0,46.9,405160.0
2015-02-02,48.0,54.7,45.2,45.3,3293080.0
2015-02-03,45.5,46.3,43.5,44.7,1460370.0
2015-02-04,44.7,44.8,43.1,43.7,1007950.0
2015-02-05,43.5,43.6,42.0,42.8,885830.0
2015-02-06,42.9,44.5,42.4,43.1,1648810.0
2015-02-09,43.7,45.2,42.5,43.1,2374830.0
2015-02-10,42.9,43.1,42.0,42.3,1160460.0
2015-02-11,43.0,43.0,40.7,40.8,1754790.0
2015-02-12,40.9,42.7,40.3,41.2,2258620.0
2015-02-13,42.0,43.4,41.3,42.4,2755780.0
2015-02-16,42.6,43.3,41.6,42.9,1249490.0
2015-02-17,43.2,46.0,42.2,44.2,2765920.0
2015-02-18,44.7,50.2,44.3,50.2,5321740.0
2015-02-19,50.2,51.0,46.9,47.7,3718540.0
2015-02-20,47.9,49.3,47.2,48.4,1734630.0
2015-02-24,46.8,47.9,46.4,47.3,957150.0
2015-02-25,47.5,47.6,45.4,45.6,1422700.0
2015-02-26,46.1,49.5,45.9,48.4,2053800.0
2015-02-27,48.1,50.0,48.1,49.3,1394430.0
2015-03-02,49.3,54.0,49.2,52.8,3663470.0
2015-03-03,52.4,55.4,52.4,54.6,3300500.0
2015-03-04,55.0,57.0,54.1,56.0,2300140.0
2015-03-05,56.6,57.1,52.0,54.6,1973510.0
2015-03-06,54.6,54.9,51.1,52.3,1901020.0
2015-03-10,51.3,51.5,48.0,48.5,1678810.0
2015-03-11,48.0,51.8,47.0,51.0,2480400.0
2015-03-12,51.5,52.4,50.0,51.8,986590.0
2015-03-13,51.9,51.9,48.5,49.7,1101960.0
2015-03-16,49.7,50.2,47.6,48.3,760600.0
2015-03-17,48.5,48.9,46.4,46.8,1325580.0
2015-03-18,47.0,47.4,46.0,47.1,621590.0
2015-03-19,47.6,48.3,46.7,46.9,1007570.0
2015-03-20,47.2,47.2,45.0,45.2,729960.0
2015-03-23,45.7,45.9,43.6,43.7,738300.0
2015-03-24,43.8,43.9,42.6,43.1,636020.0
2015-03-25,43.4,45.5,42.8,43.8,1134060.0
2015-03-26,44.1,44.6,42.7,43.3,738630.0
2015-03-27,43.5,44.2,42.7,42.9,431310.0
2015-03-30,42.9,43.9,42.2,43.8,313110.0
2015-03-31,43.6,43.7,42.9,43.4,383720.0
2015-04-01,43.2,46.3,42.8,45.2,1171550.0
2015-04-02,45.2,46.9,45.2,46.0,1075780.0
2015-04-03,46.5,46.7,45.0,45.6,770910.0
2015-04-06,45.3,46.6,45.3,46.3,265400.0
2015-04-07,46.1,47.8,44.6,46.7,1010970.0
2015-04-08,46.9,47.0,45.0,46.0,462460.0
2015-04-09,46.4,47.5,45.5,47.4,1275640.0
2015-04-10,47.5,49.4,45.7,48.7,1238500.0
2015-04-13,49.0,50.6,48.0,50.0,643320.0
2015-04-14,50.2,50.5,48.2,48.2,675800.0
2015-04-15,48.4,51.0,47.6,49.5,2669460.0
2015-04-16,50.1,52.2,49.7,52.0,2404890.0
2015-04-17,52.0,53.4,50.4,52.0,1472440.0
2015-04-20,52.2,52.5,50.5,51.3,904780.0
2015-04-21,51.4,52.7,50.9,52.5,601570.0
2015-04-22,52.5,53.6,51.9,52.3,757720.0
2015-04-23,52.3,53.5,50.2,50.9,1056960.0
2015-04-24,50.6,51.8,49.9,51.2,628450.0
2015-04-27,51.0,52.0,51.0,51.3,328320.0
2015-04-28,51.0,52.1,51.0,51.9,494280.0
2015-04-29,52.0,52.4,50.8,51.2,391980.0
2015-04-30,51.5,51.7,50.2,51.4,298420.0
2015-05-05,51.2,51.9,50.2,51.6,372800.0
2015-05-06,51.7,52.1,51.0,51.8,374050.0
2015-05-07,51.2,52.3,50.6,50.9,226890.0
2015-05-08,50.7,52.9,50.5,52.6,516730.0
2015-05-12,52.8,53.8,52.2,53.1,475720.0
2015-05-13,53.0,53.7,52.4,52.6,357100.0
2015-05-14,52.1,53.1,51.7,52.5,189020.0
2015-05-15,52.5,53.5,52.2,52.9,180770.0
2015-05-18,52.7,53.5,52.5,53.5,311700.0
2015-05-19,53.1,53.8,51.8,52.7,503410.0
2015-05-20,52.4,52.7,51.2,51.7,247480.0
2015-05-21,51.8,52.0,50.7,52.0,367530.0
2015-05-22,51.8,53.8,51.6,53.0,487430.0
2015-05-25,52.9,54.0,51.5,52.4,300230.0
2015-05-26,52.3,53.2,51.8,52.9,359470.0
2015-05-27,53.0,53.7,52.3,53.5,305820.0
2015-05-28,53.1,53.4,52.7,52.8,271960.0
2015-05-29,52.9,53.4,51.4,52.6,287910.0
2015-06-01,52.6,53.3,51.4,52.9,354960.0
2015-06-02,52.8,52.9,52.3,52.8,126210.0
2015-06-03,52.7,53.0,52.0,52.9,670070.0
2015-06-04,52.5,54.8,51.8,52.1,1478730.0
2015-06-05,52.4,53.0,51.5,52.6,599270.0
2015-06-08,52.6,53.4,52.3,53.2,538950.0
2015-06-09,53.2,53.6,52.4,53.2,133050.0
2015-06-10,53.1,53.1,52.5,53.1,178470.0
2015-06-11,53.3,53.3,52.5,52.9,210620.0
2015-06-15,53.0,53.8,52.8,53.5,254080.0
2015-06-16,53.6,54.4,53.4,53.8,325600.0
2015-06-17,54.1,54.3,53.3,53.4,252550.0
2015-06-18,53.5,55.3,52.9,54.5,670100.0
2015-06-19,54.6,55.8,54.4,55.3,545220.0
2015-06-22,55.4,56.9,55.3,56.4,359450.0
2015-06-23,57.0,59.3,55.7,56.0,1164020.0
2015-06-24,55.9,57.9,55.8,57.4,596450.0
2015-06-25,57.4,59.4,57.2,57.2,736020.0
2015-06-26,57.5,59.1,56.2,57.5,800790.0
2015-06-29,57.5,59.1,57.2,57.5,360670.0
2015-06-30,57.5,58.5,57.4,58.3,157310.0
2015-07-01,58.2,58.4,57.5,57.6,107650.0
2015-07-02,57.6,58.8,57.5,58.0,177890.0
2015-07-03,57.8,58.2,57.2,57.5,111530.0
2015-07-06,57.2,58.0,53.5,55.4,573450.0
2015-07-07,55.1,56.9,52.0,53.5,635330.0
2015-07-08,53.1,53.5,51.0,52.5,445090.0
2015-07-09,52.3,54.8,52.2,54.0,312150.0
2015-07-10,54.5,56.5,54.4,55.9,366420.0
2015-07-13,55.9,58.3,55.9,58.1,607710.0
2015-07-14,58.0,59.0,55.9,58.5,582780.0
2015-07-15,58.2,59.5,56.8,57.9,333020.0
2015-07-16,57.5,57.9,56.7,57.0,156220.0
2015-07-17,57.2,57.8,56.2,57.0,174990.0
2015-07-20,56.9,57.7,55.8,56.8,163530.0
2015-07-21,56.3,56.7,55.1,56.2,175490.0
2015-07-22,56.2,56.2,55.0,55.0,145070.0
2015-07-23,54.9,56.3,54.9,55.4,154070.0
2015-07-24,55.1,56.0,54.0,55.8,215150.0
2015-07-27,55.2,56.2,54.0,54.6,179960.0
2015-07-28,54.9,55.4,54.3,55.1,138460.0
2015-07-29,55.2,55.2,54.1,54.7,139270.0
2015-07-30,54.7,55.3,54.2,55.0,91540.0
2015-07-31,54.5,56.0,54.4,55.4,113110.0
2015-08-03,55.1,55.6,54.5,55.0,68610.0
2015-08-04,54.7,55.9,54.7,55.6,121630.0
2015-08-05,55.7,57.7,55.5,56.8,277420.0
2015-08-06,56.9,57.2,55.4,55.9,104580.0
2015-08-07,55.6,56.3,55.5,56.3,74180.0
2015-08-10,56.3,56.4,55.3,55.7,211730.0
2015-08-11,55.8,56.2,54.6,55.1,255860.0
2015-08-12,55.0,55.4,54.1,54.8,200620.0
2015-08-13,54.9,55.8,54.2,54.6,288560.0
2015-08-14,54.7,55.0,54.3,54.9,224510.0
2015-08-17,55.3,55.5,54.5,55.1,185330.0
2015-08-18,54.8,54.8,54.3,54.6,55120.0
2015-08-19,54.6,56.0,54.0,55.1,526900.0
2015-08-20,55.0,55.3,54.2,55.1,208440.0
2015-08-21,55.0,55.5,54.3,54.6,206280.0
2015-08-24,53.5,54.4,51.5,52.3,504280.0
2015-08-25,52.4,53.3,52.0,53.3,185380.0
2015-08-26,53.0,53.3,51.5,52.1,260060.0
2015-08-27,52.2,52.7,51.5,52.3,376500.0
2015-08-28,52.6,54.0,52.0,53.5,516920.0
2015-08-31,53.8,54.7,53.4,54.3,363550.0
2015-09-01,54.2,55.5,53.0,53.4,430140.0
2015-09-02,53.6,54.0,52.9,53.7,202360.0
2015-09-03,53.6,54.4,53.5,54.1,192200.0
2015-09-04,54.1,54.4,53.3,53.4,149420.0
2015-09-07,53.1,54.1,53.0,53.5,81320.0
2015-09-08,53.8,54.0,53.0,53.6,188860.0
2015-09-09,53.6,53.8,53.0,53.7,187130.0
2015-09-10,53.3,53.7,52.0,52.9,236570.0
2015-09-11,53.0,53.7,52.8,53.3,175740.0
2015-09-14,53.6,54.0,53.0,53.7,229930.0
2015-09-15,53.7,53.7,53.0,53.2,136630.0
2015-09-16,53.4,53.5,52.6,53.2,310190.0
2015-09-17,53.0,53.2,52.4,52.8,187170.0
2015-09-18,52.9,53.1,51.5,51.9,416440.0
2015-09-21,51.9,52.6,51.8,52.3,91320.0
2015-09-22,52.4,52.5,50.5,52.0,220960.0
2015-09-23,51.9,51.9,50.5,51.1,242160.0
2015-09-24,51.3,52.5,50.5,51.4,309170.0
2015-09-25,51.5,52.6,51.4,52.4,197920.0
2015-09-28,52.5,52.8,51.2,51.9,172260.0
2015-09-29,51.4,52.4,51.3,51.5,120030.0
2015-09-30,52.1,52.1,50.4,50.9,264950.0
2015-10-01,51.4,51.6,50.1,50.8,194010.0
2015-10-02,50.6,50.9,50.2,50.7,252120.0
2015-10-05,51.2,51.4,49.7,50.2,413670.0
2015-10-06,50.3,50.6,48.6,49.5,946300.0
2015-10-07,49.4,50.0,48.0,48.2,856560.0
2015-10-08,48.4,49.3,48.0,48.4,539910.0
2015-10-09,48.6,49.0,47.6,48.9,840900.0
2015-10-12,49.1,50.6,48.8,50.5,590570.0
2015-10-13,50.4,51.9,50.3,51.1,442840.0
2015-10-14,51.0,51.7,50.9,51.3,299330.0
2015-10-15,51.5,52.7,51.3,52.4,789560.0
2015-10-16,52.6,53.7,52.3,53.7,928220.0
2015-10-19,53.8,54.6,52.2,52.5,988740.0
2015-10-20,52.4,53.5,52.3,53.1,490650.0
2015-10-21,53.3,53.8,52.7,53.8,966650.0
2015-10-22,51.3,52.1,50.8,51.8,642470.0
2015-10-23,51.6,51.9,51.0,51.1,239400.0
2015-10-26,51.3,51.9,50.2,51.3,264210.0
2015-10-27,51.2,52.9,51.2,52.9,698070.0
2015-10-28,52.8,53.0,52.4,52.6,291510.0
2015-10-29,52.8,53.0,52.3,52.9,254470.0
2015-10-30,52.7,53.7,52.6,53.4,465360.0
2015-11-02,53.3,54.1,52.6,53.55,382270.0
2015-11-03,53.75,54.4,52.8,52.85,276090.0
2015-11-05,53.05,53.4,52.55,53.2,242990.0
2015-11-06,53.3,53.3,52.5,52.95,90890.0
2015-11-09,52.75,53.0,51.6,52.1,149220.0
2015-11-10,52.0,52.35,51.35,52.2,101310.0
2015-11-11,51.8,52.9,51.45,52.8,137310.0
2015-11-12,52.7,52.9,52.0,52.1,134140.0
2015-11-13,51.9,52.2,50.8,50.8,184850.0
2015-11-16,50.5,51.55,50.3,50.55,142930.0
2015-11-17,50.75,55.6,50.75,51.35,177640.0
2015-11-18,51.3,52.65,51.3,52.0,290390.0
2015-11-19,52.45,52.95,51.2,51.55,243170.0
2015-11-20,51.75,51.8,50.85,51.45,111950.0
2015-11-23,51.55,51.9,51.1,51.8,97920.0
2015-11-24,51.8,52.7,49.0,50.0,651880.0
2015-11-25,49.9,51.0,49.9,50.35,190240.0
2015-11-26,50.15,50.75,50.15,50.35,84230.0
2015-11-27,50.25,50.85,49.8,50.45,164640.0
2015-11-30,50.45,50.6,49.6,50.05,310040.0
2015-12-01,50.25,50.7,49.35,49.95,115180.0
2015-12-02,50.1,50.6,49.3,50.2,98280.0
2015-12-03,49.75,50.0,49.05,49.3,141700.0
2015-12-04,49.3,50.0,49.25,50.0,152940.0
2015-12-07,49.75,50.4,49.55,50.0,145990.0
2015-12-08,49.95,50.35,49.6,50.0,102060.0
2015-12-09,50.15,50.65,49.05,50.35,267380.0
2015-12-10,50.2,50.6,49.65,50.4,47310.0
2015-12-11,50.45,51.4,49.7,50.95,246010.0
2015-12-14,50.75,51.0,50.25,50.35,109020.0
2015-12-15,50.3,50.6,49.95,50.35,57560.0
2015-12-16,50.6,55.0,49.75,55.0,1912580.0
2015-12-17,55.15,59.0,54.7,58.7,2167410.0
2015-12-18,58.5,64.0,56.0,64.0,2416370.0
2015-12-21,63.8,65.9,62.05,65.9,1396580.0
2015-12-22,66.1,67.2,60.7,62.85,1033140.0
2015-12-23,62.4,62.6,60.0,62.4,650150.0
2015-12-24,62.6,66.5,60.7,66.5,1708130.0
2015-12-25,66.75,69.5,63.45,63.55,2783480.0
2015-12-28,64.15,64.45,61.3,61.5,467620.0
2015-12-29,61.6,62.0,60.5,61.8,112530.0
2015-12-30,61.85,61.95,60.4,60.55,160570.0
2016-01-04,60.5,60.85,58.85,59.85,63770.0
2016-01-05,60.3,60.5,58.6,59.0,123760.0
2016-01-06,59.1,61.6,59.05,60.0,111710.0
2016-01-11,58.45,58.5,56.5,57.6,204240.0
2016-01-12,57.15,60.0,55.55,57.85,134100.0
2016-01-13,58.05,58.6,55.5,56.2,231860.0
2016-01-14,55.65,56.3,54.35,55.25,223270.0
2016-01-15,55.25,55.4,51.3,52.15,457880.0
2016-01-18,51.8,53.0,50.0,52.75,152100.0
2016-01-19,52.9,53.5,52.55,52.6,116380.0
2016-01-20,52.15,52.25,50.8,51.7,53970.0
2016-01-21,52.1,52.85,50.8,52.65,339340.0
2016-01-22,53.05,54.5,51.6,53.7,214120.0
2016-01-25,54.05,54.85,52.8,53.0,104160.0
2016-01-26,52.35,52.8,51.85,52.75,104590.0
2016-01-27,52.25,53.85,52.25,53.3,167920.0
2016-01-28,53.8,55.7,52.8,54.35,423330.0
2016-01-29,53.8,54.8,52.5,52.9,385280.0
2016-02-01,53.05,53.6,52.15,53.0,113850.0
2016-02-02,53.1,54.0,52.85,53.3,209090.0
2016-02-03,53.7,53.9,52.25,52.65,267160.0
2016-02-04,52.95,53.4,51.0,52.0,644330.0
2016-02-05,52.35,52.5,51.9,52.0,152970.0
2016-02-08,52.4,52.5,51.7,52.05,92330.0
2016-02-09,51.75,52.15,50.85,51.55,128500.0
2016-02-10,51.75,51.8,51.2,51.8,48090.0
2016-02-11,51.55,51.8,51.0,51.45,101270.0
2016-02-12,51.4,52.2,50.95,51.35,241950.0
2016-02-15,51.6,51.7,50.85,51.15,186470.0
2016-02-16,51.1,51.75,51.0,51.1,341660.0
2016-02-17,51.3,51.9,51.1,51.2,200780.0
2016-02-18,51.25,52.7,51.15,52.65,454530.0
2016-02-19,52.25,52.65,51.75,51.95,49270.0
2016-02-20,52.35,52.35,51.9,51.95,17800.0
2016-02-22,52.55,53.0,52.0,52.6,206970.0
2016-02-24,52.15,52.45,51.45,52.3,139150.0
2016-02-25,52.25,52.5,51.5,52.0,111420.0
2016-02-26,51.95,52.65,51.85,52.05,162890.0
2016-02-29,52.05,52.35,51.95,52.2,87850.0
2016-03-01,52.15,52.5,51.85,52.1,175950.0
2016-03-02,52.0,52.25,51.9,52.05,70500.0
2016-03-03,51.9,52.7,51.9,52.35,281820.0
2016-03-04,52.3,53.8,52.1,52.15,611300.0
2016-03-07,52.4,52.7,52.3,52.6,54820.0
2016-03-09,52.65,52.7,52.05,52.35,169760.0
2016-03-10,52.3,52.65,52.15,52.6,79550.0
2016-03-11,52.65,54.75,52.6,54.7,687980.0
2016-03-14,54.85,56.9,54.85,56.15,1113480.0
2016-03-15,56.15,56.15,54.4,55.3,354740.0
2016-03-16,55.85,55.85,54.65,54.95,356570.0
2016-03-17,54.95,55.5,53.9,54.3,286000.0
2016-03-18,54.6,55.0,53.05,53.1,321130.0
2016-03-21,53.5,53.8,52.15,52.65,248120.0
2016-03-22,52.55,52.95,52.1,52.25,192850.0
2016-03-23,52.35,53.45,52.25,52.7,193440.0
2016-03-24,52.65,53.0,51.75,52.3,230160.0
2016-03-25,52.4,52.6,52.0,52.4,51170.0
2016-03-28,52.65,52.85,52.25,52.5,57690.0
2016-03-29,52.55,52.65,51.35,52.05,240820.0
2016-03-30,52.1,55.35,51.65,52.5,736060.0
2016-03-31,52.55,52.65,51.35,51.5,317820.0
2016-04-01,51.6,51.7,51.1,51.4,189930.0
2016-04-04,51.6,51.7,50.65,51.1,226250.0
2016-04-05,51.1,51.3,50.65,50.9,112710.0
2016-04-06,51.2,51.65,50.05,51.65,212250.0
2016-04-07,51.95,51.95,50.7,51.35,192230.0
2016-04-08,51.6,51.65,51.0,51.2,63910.0
2016-04-11,51.0,51.45,50.55,50.85,187160.0
2016-04-12,50.95,50.95,50.35,50.6,613130.0
2016-04-13,50.7,51.85,50.65,51.0,538710.0
2016-04-14,51.0,51.8,50.75,50.95,196350.0
2016-04-15,51.15,51.45,50.75,51.15,149960.0
2016-04-18,50.7,51.3,50.55,50.9,92060.0
2016-04-19,51.0,51.0,50.0,50.1,1034280.0
2016-04-20,50.45,50.8,49.65,50.5,462260.0
2016-04-21,50.8,50.85,50.1,50.2,278850.0
2016-04-22,50.2,50.45,50.05,50.2,95740.0
2016-04-25,50.2,50.4,49.85,49.9,192740.0
2016-04-26,49.9,49.95,49.15,49.6,214580.0
2016-04-27,49.6,49.65,48.55,49.0,243830.0
2016-04-28,49.4,49.4,48.75,48.9,76020.0
2016-04-29,48.95,49.95,47.9,49.95,1273590.0
2016-05-04,49.7,50.05,48.25,49.2,209670.0
2016-05-05,49.65,49.65,48.6,48.75,80080.0
2016-05-06,48.5,48.8,47.8,48.15,163030.0
2016-05-10,48.45,49.15,47.85,48.75,140240.0
2016-05-11,48.75,49.15,48.05,48.1,155440.0
2016-05-12,48.45,49.2,47.4,47.8,428700.0
2016-05-13,47.4,48.0,47.3,47.5,242000.0
2016-05-16,47.8,49.6,47.8,49.1,402340.0
2016-05-17,48.85,49.35,48.5,48.6,71420.0
2016-05-18,48.6,49.2,48.5,48.8,80800.0
2016-05-19,49.1,49.1,48.2,48.4,124660.0
2016-05-20,48.5,48.5,47.5,48.1,293320.0
2016-05-23,48.45,49.2,48.0,48.6,234550.0
2016-05-24,48.55,49.7,48.5,48.75,613400.0
2016-05-25,48.95,50.2,48.8,49.05,524320.0
2016-05-26,49.0,49.25,48.2,48.45,115670.0
2016-05-27,48.45,48.8,48.3,48.55,69910.0
2016-05-30,48.7,49.05,48.65,48.75,23290.0
2016-05-31,48.85,49.2,47.6,47.8,140500.0
2016-06-01,47.8,48.4,47.8,48.4,42500.0
2016-06-02,48.15,48.7,47.3,47.45,232040.0
2016-06-03,47.4,47.9,47.15,47.4,70910.0
2016-06-06,47.5,48.45,47.4,47.65,117270.0
2016-06-07,47.55,47.85,47.35,47.8,86600.0
2016-06-08,47.85,48.1,47.5,47.7,157620.0
2016-06-09,47.65,47.7,47.35,47.45,78330.0
2016-06-10,47.3,47.5,46.6,46.85,152850.0
2016-06-14,47.0,47.5,46.7,47.25,62030.0
2016-06-15,47.1,47.3,46.6,47.2,58640.0
2016-06-16,46.95,47.2,46.8,47.2,30440.0
2016-06-17,47.05,48.1,46.9,47.1,142920.0
2016-06-20,47.15,47.65,47.0,47.25,53620.0
2016-06-21,47.05,47.15,46.5,46.75,66600.0
2016-06-22,46.75,46.95,46.55,46.75,38840.0
2016-06-23,47.1,47.1,46.1,46.5,131050.0
2016-06-24,45.8,46.45,45.15,45.6,119140.0
2016-06-27,45.6,46.0,44.95,45.05,161830.0
2016-06-28,45.35,45.75,45.05,45.3,70190.0
2016-06-29,45.25,46.0,44.7,45.0,160140.0
2016-06-30,45.05,45.3,44.55,44.85,133200.0
2016-07-01,45.05,45.05,44.6,44.9,48190.0
2016-07-04,44.9,47.7,44.7,47.5,382640.0
2016-07-05,47.3,47.65,46.8,47.15,121530.0
2016-07-06,46.95,47.2,46.3,47.2,133890.0
2016-07-07,46.95,47.5,46.4,46.7,120610.0
2016-07-08,46.35,47.15,45.75,46.85,139920.0
2016-07-11,46.65,46.75,46.2,46.6,44650.0
2016-07-12,46.35,46.85,46.25,46.65,43960.0
2016-07-13,46.55,46.95,45.8,46.05,87720.0
2016-07-14,46.05,46.25,45.1,46.25,161460.0
2016-07-15,46.8,48.4,46.1,47.3,412030.0
2016-07-18,46.9,47.3,46.2,46.3,163400.0
2016-07-19,46.3,46.6,45.75,46.0,77390.0
2016-07-20,46.0,46.35,45.6,46.1,42610.0
2016-07-21,46.2,46.65,45.95,46.65,59860.0
2016-07-22,46.45,47.45,45.7,47.0,183820.0
2016-07-25,47.0,47.9,47.0,47.15,132040.0
2016-07-26,47.35,48.3,47.3,47.95,284010.0
2016-07-27,48.0,48.0,47.0,47.3,172300.0
2016-07-28,47.35,47.7,46.75,47.1,198420.0
2016-07-29,47.1,48.95,46.85,48.45,403160.0
2016-08-01,49.3,49.3,46.3,46.8,727860.0
2016-08-02,47.05,47.05,45.0,45.25,486940.0
2016-08-03,45.45,45.85,44.85,45.4,357140.0
2016-08-04,45.45,45.6,44.55,45.1,645010.0
2016-08-05,45.0,45.0,44.1,44.2,867780.0
2016-08-08,44.5,45.05,44.0,44.7,526620.0
2016-08-09,44.8,45.3,44.1,44.35,694260.0
2016-08-10,44.35,44.7,43.65,44.15,800410.0
2016-08-11,44.1,44.4,43.6,44.05,538640.0
2016-08-12,44.1,44.6,43.5,44.2,1085840.0
2016-08-15,44.5,44.5,43.6,44.15,647460.0
2016-08-16,44.1,45.65,43.6,45.5,1061810.0
2016-08-17,45.5,45.5,44.1,44.25,1001210.0
2016-08-18,44.4,50.0,44.4,50.0,2792470.0
2016-08-19,50.3,51.95,49.2,50.25,2563810.0
2016-08-22,49.95,51.55,48.4,51.35,1413410.0
2016-08-23,51.3,52.3,50.4,51.35,1004060.0
2016-08-24,51.15,51.6,49.9,51.0,338550.0
2016-08-25,50.95,53.6,50.25,53.45,1121700.0
2016-08-26,53.05,54.75,52.65,53.9,1255030.0
2016-08-29,53.7,53.95,53.3,53.5,108010.0
2016-08-30,53.55,54.2,51.0,53.55,373840.0
2016-08-31,53.65,56.0,53.55,55.8,1310160.0
2016-09-01,54.3,55.5,54.0,54.95,304520.0
2016-09-02,54.9,55.3,54.3,55.25,316620.0
2016-09-05,55.6,55.6,54.0,54.9,236800.0
2016-09-06,55.0,55.25,53.8,53.85,360120.0
2016-09-07,53.7,54.9,52.05,54.9,494500.0
2016-09-08,54.4,55.1,53.8,54.5,566790.0
2016-09-09,54.5,54.85,53.9,54.5,363130.0
2016-09-12,54.1,54.9,53.85,54.5,376580.0
2016-09-13,54.55,55.2,54.25,54.6,226360.0
2016-09-14,54.5,58.75,54.45,58.7,1507140.0
2016-09-15,58.7,59.5,57.5,57.9,1338310.0
2016-09-16,57.75,60.6,57.7,59.6,2184180.0
2016-09-19,59.8,62.25,59.6,61.85,1400780.0
2016-09-20,61.75,63.4,61.0,61.5,1143870.0
2016-09-21,61.85,62.65,60.8,62.65,465160.0
2016-09-22,62.65,62.8,61.2,62.0,792850.0
2016-09-23,62.3,62.5,61.35,61.75,499860.0
2016-09-26,61.65,62.45,61.5,61.85,125630.0
2016-09-27,61.55,62.45,61.2,61.35,237070.0
2016-09-28,61.45,62.3,56.65,61.95,697890.0
2016-09-29,62.35,63.25,61.85,62.0,158930.0
2016-09-30,62.4,62.45,61.1,61.55,205580.0
2016-10-03,61.35,61.95,61.25,61.7,213540.0
2016-10-04,61.75,62.5,61.75,62.0,270970.0
2016-10-05,62.05,62.2,61.15,61.5,366920.0
2016-10-06,61.7,61.85,61.35,61.55,449170.0
2016-10-07,60.05,61.3,59.45,60.9,481900.0
2016-10-10,61.0,61.35,59.6,60.95,327850.0
2016-10-11,61.0,62.7,60.95,61.55,259770.0
2016-10-12,61.7,61.85,60.6,61.0,135370.0
2016-10-13,60.5,61.3,59.3,59.4,326690.0
2016-10-14,60.2,60.35,58.0,59.75,192310.0
2016-10-17,59.9,62.35,59.35,61.7,289550.0
2016-10-18,61.75,62.3,61.5,62.25,281400.0
2016-10-19,62.0,64.7,62.0,63.2,1068070.0
2016-10-20,63.25,63.8,61.2,61.6,234550.0
2016-10-21,61.6,63.65,61.5,63.55,477370.0
2016-10-24,63.1,64.5,63.1,64.45,413720.0
2016-10-25,64.55,64.7,64.05,64.45,135170.0
2016-10-26,64.4,66.55,64.2,66.25,468180.0
2016-10-27,66.45,67.0,66.1,66.45,454220.0
2016-10-28,66.15,66.7,65.25,66.7,303870.0
2016-10-31,66.25,68.9,66.0,68.9,363080.0
2016-11-01,68.95,68.95,67.5,67.8,387340.0
2016-11-02,67.55,67.85,67.0,67.25,149050.0
2016-11-03,67.25,68.25,65.55,67.7,265170.0
2016-11-07,68.15,68.2,67.25,67.5,87830.0
2016-11-08,67.95,68.25,66.9,67.45,182150.0
2016-11-09,66.9,68.35,65.95,67.8,160820.0
2016-11-10,68.25,69.7,67.95,69.2,607320.0
2016-11-11,69.35,69.8,68.6,69.6,298710.0
2016-11-14,69.8,70.8,69.1,70.0,648040.0
2016-11-15,70.1,71.1,69.85,70.95,170590.0
2016-11-16,71.1,72.25,69.7,70.35,329210.0
2016-11-17,70.35,70.95,67.45,68.75,209110.0
2016-11-18,69.05,69.7,68.2,69.05,189040.0
2016-11-21,69.0,70.35,69.0,70.25,261730.0
2016-11-22,70.6,71.45,70.1,71.0,974660.0
2016-11-23,71.05,73.0,71.05,73.0,392190.0
2016-11-24,73.0,73.85,72.85,73.3,123030.0
2016-11-25,73.35,73.35,69.0,72.9,187300.0
2016-11-28,73.4,73.5,72.2,72.35,73960.0
2016-11-29,72.75,73.85,71.0,73.8,241790.0
2016-11-30,73.8,75.55,73.5,73.9,853740.0
2016-12-01,74.35,76.5,73.7,76.3,941870.0
2016-12-02,76.35,77.4,74.3,76.9,227610.0
2016-12-05,77.2,77.95,76.45,77.0,65310.0
2016-12-06,76.25,78.1,74.7,78.1,129540.0
2016-12-07,78.15,79.5,77.65,79.15,651840.0
2016-12-08,79.25,80.0,78.7,80.0,683990.0
2016-12-09,79.85,80.0,79.75,79.8,406020.0
2016-12-12,79.15,81.0,79.15,81.0,382250.0
2016-12-13,80.55,80.55,79.25,80.05,281160.0
2016-12-14,80.05,81.0,80.0,81.0,418570.0
2016-12-15,80.75,82.0,80.4,82.0,2023940.0
2016-12-16,82.0,82.9,79.95,79.95,531900.0
2016-12-19,81.0,81.85,80.0,80.4,258110.0
2016-12-20,80.15,81.25,77.7,80.55,250640.0
2016-12-21,80.5,81.15,79.0,79.9,147390.0
2016-12-22,79.8,80.3,79.0,79.9,679010.0
2016-12-23,79.3,80.5,78.0,78.45,501030.0
2016-12-26,77.8,79.0,76.05,78.9,679790.0
2016-12-27,78.9,79.0,78.4,78.75,377310.0
2016-12-28,77.95,79.95,75.45,78.05,1284540.0
2016-12-29,77.9,78.35,77.25,77.25,392550.0
2016-12-30,78.05,79.0,74.0,79.0,407450.0
2017-01-03,78.35,82.0,78.1,79.5,619430.0
2017-01-04,79.5,81.8,79.05,79.45,353350.0
2017-01-05,79.45,79.95,78.0,78.0,113260.0
2017-01-06,78.6,79.5,78.45,78.95,201960.0
2017-01-09,79.85,80.0,78.7,79.1,46800.0
2017-01-10,78.55,79.5,77.95,79.0,1568090.0
2017-01-11,79.35,79.65,78.6,79.15,266730.0
2017-01-12,79.05,79.9,78.6,78.8,604580.0
2017-01-13,79.6,80.0,79.25,79.45,406070.0
2017-01-16,80.0,80.45,79.3,79.95,244370.0
2017-01-17,80.0,80.1,79.05,79.95,193670.0
2017-01-18,79.95,80.0,79.2,79.35,300130.0
2017-01-19,79.85,80.8,79.7,80.8,271720.0
2017-01-20,81.2,81.95,79.75,80.5,629030.0
2017-01-23,80.1,81.75,79.95,81.5,525810.0
2017-01-24,81.55,82.3,81.15,82.3,518340.0
2017-01-25,82.55,82.8,81.4,82.0,460660.0
2017-01-26,82.3,84.35,82.3,84.25,1047110.0
2017-01-27,84.3,85.0,83.1,83.8,711170.0
2017-01-30,84.5,84.6,81.65,82.9,1279780.0
2017-01-31,82.7,83.05,80.1,82.95,1998400.0
2017-02-01,80.2,80.25,77.4,78.3,1708490.0
2017-02-02,78.7,81.05,78.2,78.8,2177470.0
2017-02-03,79.5,79.75,75.55,76.4,6934080.0
2017-02-06,76.85,77.85,76.8,77.0,3375330.0
2017-02-07,77.7,77.7,75.65,77.1,2375320.0
2017-02-08,77.3,77.5,76.7,77.5,1498790.0
2017-02-09,77.5,78.25,76.35,77.95,742500.0
2017-02-10,77.65,78.2,76.55,76.55,1189680.0
2017-02-13,76.75,77.75,76.05,76.45,658010.0
2017-02-14,76.15,77.0,76.15,76.95,429620.0
2017-02-15,76.9,78.05,75.65,77.55,1016650.0
2017-02-16,77.9,77.9,76.9,77.35,184810.0
2017-02-17,77.05,77.45,76.05,77.0,977090.0
2017-02-20,76.9,77.25,76.75,77.2,375010.0
2017-02-21,76.85,78.8,76.55,78.5,1222890.0
2017-02-22,78.85,79.6,76.8,76.85,783280.0
2017-02-24,77.4,78.35,77.0,77.95,722370.0
2017-02-27,77.95,77.95,76.6,76.95,4064710.0
2017-02-28,76.75,76.75,73.2,75.6,1870370.0
2017-03-01,76.1,76.55,74.0,75.55,679930.0
2017-03-02,76.7,76.85,72.5,73.7,1149300.0
2017-03-03,73.65,76.5,72.9,75.5,724400.0
2017-03-06,75.45,76.0,74.2,74.5,182590.0
2017-03-07,74.5,74.5,73.0,74.0,357800.0
2017-03-09,73.0,74.8,72.5,74.8,1591290.0
2017-03-10,74.8,74.8,72.05,73.0,527400.0
2017-03-13,72.95,74.45,72.5,73.9,249900.0
2017-03-14,74.35,74.8,73.5,74.25,382790.0
2017-03-15,74.5,75.0,74.1,74.7,149290.0
2017-03-16,74.7,75.0,73.05,74.0,334270.0
2017-03-17,73.9,76.95,73.25,73.25,2211130.0
2017-03-20,74.2,74.55,73.6,74.1,251320.0
2017-03-21,74.05,76.25,74.0,75.8,489280.0
2017-03-22,75.3,76.15,74.2,75.75,1028310.0
2017-03-23,75.7,76.0,75.0,75.3,362000.0
2017-03-24,75.05,76.05,75.05,75.25,501920.0
2017-03-27,75.15,76.0,72.6,72.6,1197870.0
2017-03-28,73.05,75.5,73.05,75.0,406610.0
2017-03-29,75.6,75.9,74.8,74.8,366820.0
2017-03-30,74.6,75.15,74.15,74.95,166730.0
2017-03-31,74.6,74.6,73.5,73.5,41250.0
2017-04-03,73.5,74.75,73.45,74.15,58810.0
2017-04-04,74.55,75.65,74.0,74.05,419070.0
2017-04-05,74.8,75.35,74.7,75.0,1253730.0
2017-04-06,74.8,76.45,74.8,76.0,3276810.0
2017-04-07,75.7,75.95,74.65,75.75,465680.0
2017-04-10,75.9,75.95,72.85,73.0,512340.0
2017-04-11,72.9,74.7,72.85,73.95,769810.0
2017-04-12,74.4,74.45,73.1,73.7,295490.0
2017-04-13,73.55,74.05,72.95,73.6,313110.0
2017-04-14,73.35,73.5,73.0,73.0,42380.0
2017-04-17,72.95,73.65,72.8,73.3,52040.0
2017-04-18,73.5,73.6,71.15,71.7,896550.0
2017-04-19,71.5,73.0,71.5,71.85,335580.0
2017-04-20,71.95,73.45,71.5,71.5,239780.0
2017-04-21,72.2,73.3,72.2,72.55,474930.0
2017-04-24,72.65,74.5,72.65,74.5,139240.0
2017-04-25,74.2,75.3,73.5,74.75,218770.0
2017-04-26,74.9,75.75,74.25,74.6,1120980.0
2017-04-27,74.85,75.45,73.0,75.1,329040.0
2017-04-28,74.5,75.3,73.45,73.5,588700.0
2017-05-02,74.39,75.2,73.92,74.0,105140.0
2017-05-03,74.24,75.42,73.36,74.7,255710.0
2017-05-04,75.17,76.24,74.88,76.12,791910.0
2017-05-05,75.64,78.5,75.1,75.83,1914520.0
2017-05-10,76.11,76.35,75.42,75.75,517260.0
2017-05-11,75.75,76.0,75.5,76.0,470510.0
2017-05-12,75.68,76.15,74.57,75.26,415830.0
2017-05-15,75.2,75.64,74.78,74.87,152390.0
2017-05-16,75.15,75.6,74.87,75.01,890350.0
2017-05-17,75.05,75.37,74.27,74.27,1545780.0
2017-05-18,74.5,76.0,74.48,74.8,3705480.0
2017-05-19,74.72,76.87,74.72,75.08,1086390.0
2017-05-22,75.51,75.65,74.74,75.6,263100.0
2017-05-23,75.68,78.49,75.56,78.1,1211420.0
2017-05-24,78.19,79.4,78.1,78.15,931670.0
2017-05-25,78.56,81.55,78.54,81.1,746730.0
2017-05-26,81.19,84.0,81.1,83.98,804260.0
2017-05-29,84.0,84.0,80.51,81.49,541150.0
2017-05-30,81.16,83.0,80.56,81.2,245530.0
2017-05-31,81.21,83.46,81.21,81.99,835320.0
2017-06-01,82.0,83.73,80.96,82.0,389900.0
2017-06-02,81.64,82.7,80.65,82.25,839450.0
2017-06-05,82.39,82.5,81.75,82.12,377990.0
2017-06-06,82.0,82.19,81.05,81.4,508690.0
2017-06-07,81.1,81.8,77.86,77.86,708750.0
2017-06-08,78.24,81.6,77.6,81.6,1070200.0
2017-06-09,80.99,81.36,79.45,81.0,434510.0
2017-06-13,80.81,82.29,80.29,81.0,332710.0
2017-06-14,80.8,81.09,78.95,79.5,236120.0
2017-06-15,80.48,80.48,75.5,77.15,409040.0
2017-06-16,76.9,78.32,74.97,74.97,277700.0
2017-06-19,73.3,75.3,73.11,74.3,172200.0
2017-06-20,74.16,76.11,74.16,75.48,170650.0
2017-06-21,75.27,75.34,71.95,71.95,342060.0
2017-06-22,72.62,74.65,71.42,72.89,317850.0
2017-06-23,73.06,75.16,73.04,74.64,221040.0
2017-06-26,75.47,76.83,75.01,76.17,166760.0
2017-06-27,76.17,77.73,76.17,77.66,372100.0
2017-06-28,77.79,78.5,76.59,76.76,208680.0
2017-06-29,76.8,78.91,76.0,76.1,745190.0
2017-06-30,75.96,78.35,75.96,76.4,442460.0
2017-07-03,76.65,76.8,75.92,75.94,224830.0
2017-07-04,75.63,76.4,74.76,74.8,116780.0
2017-07-05,74.68,76.28,74.55,75.0,298700.0
2017-07-06,75.0,75.0,74.3,74.79,40250.0
2017-07-07,74.47,76.31,74.47,74.96,71150.0
2017-07-10,75.83,76.28,74.58,75.21,190750.0
2017-07-11,74.98,76.28,73.9,73.95,514390.0
2017-07-12,74.42,74.67,73.03,73.14,505840.0
2017-07-13,73.42,76.3,73.26,76.3,495960.0
2017-07-14,75.74,78.96,75.15,77.55,1018650.0
2017-07-17,77.64,78.5,76.65,77.65,169950.0
2017-07-18,77.85,77.9,76.63,77.84,114430.0
2017-07-19,77.98,79.5,77.62,79.2,337620.0
2017-07-20,79.35,79.45,78.1,78.6,3106370.0
2017-07-21,79.02,79.1,77.72,78.0,1396250.0
2017-07-24,77.6,78.83,77.51,78.0,70010.0
2017-07-25,78.1,79.15,77.4,78.1,350840.0
2017-07-26,78.07,78.7,76.6,76.6,300250.0
2017-07-27,77.36,77.36,76.36,76.36,264790.0
2017-07-28,76.26,79.82,76.03,78.5,510720.0
2017-07-31,78.39,79.48,77.5,77.9,745420.0
2017-08-01,78.31,79.23,78.11,78.65,407640.0
2017-08-02,78.57,79.5,78.42,78.73,407240.0
2017-08-03,79.38,79.5,78.59,79.28,193550.0
2017-08-04,79.33,80.21,78.85,79.0,138600.0
2017-08-07,79.55,79.64,78.9,78.95,170020.0
2017-08-08,78.89,79.5,76.84,77.1,615830.0
2017-08-09,76.87,77.5,76.87,77.48,100540.0
2017-08-10,77.65,78.46,76.93,78.46,352460.0
2017-08-11,78.1,78.64,76.8,76.87,86590.0
2017-08-14,76.84,78.39,76.52,77.68,118490.0
2017-08-15,77.5,78.2,76.8,77.25,162170.0
2017-08-16,77.3,77.3,76.06,76.09,133800.0
2017-08-17,76.3,77.76,74.7,77.0,272070.0
2017-08-18,76.19,76.63,71.58,71.99,1267130.0
2017-08-21,72.0,73.1,69.63,70.04,739160.0
2017-08-22,69.72,71.44,69.71,70.22,539800.0
2017-08-23,70.06,72.04,69.86,71.19,549790.0
2017-08-24,71.51,72.75,71.5,72.5,336470.0
2017-08-25,72.55,73.1,71.39,71.45,176950.0
2017-08-28,71.5,71.88,70.01,70.08,404520.0
2017-08-29,70.04,70.65,67.66,69.13,1294740.0
2017-08-30,69.04,72.35,68.01,68.63,958650.0
2017-08-31,68.4,70.5,68.3,68.89,1666620.0
2017-09-01,69.09,69.28,67.03,67.46,517510.0
2017-09-04,67.93,68.4,67.28,67.9,264470.0
2017-09-05,68.37,68.73,67.1,67.9,558870.0
2017-09-06,67.5,69.0,66.15,68.9,1144070.0
2017-09-07,68.8,69.85,67.55,67.55,967760.0
2017-09-08,67.89,68.7,67.82,68.0,412280.0
2017-09-11,68.13,68.13,67.06,67.07,885010.0
2017-09-12,67.1,67.7,66.7,67.7,657190.0
2017-09-13,67.6,68.43,67.37,67.88,580070.0
2017-09-14,67.89,69.99,67.58,69.99,746830.0
2017-09-15,69.86,69.86,66.97,66.97,1819740.0
2017-09-18,67.25,68.15,67.11,68.14,808390.0
2017-09-19,68.29,68.63,67.73,68.6,222990.0
2017-09-20,68.69,69.0,67.88,67.88,144610.0
2017-09-21,68.16,68.25,67.33,67.33,534870.0
2017-09-22,67.25,67.78,67.11,67.45,155360.0
2017-09-25,67.39,68.52,67.3,68.41,322070.0
2017-09-26,68.35,68.9,68.06,68.15,408460.0
2017-09-27,68.54,69.29,67.9,67.9,423640.0
2017-09-28,68.06,68.6,67.89,67.94,352910.0
2017-09-29,68.2,68.9,67.8,68.01,263940.0
2017-10-02,68.33,69.0,68.33,68.61,353120.0
2017-10-03,68.79,69.7,68.66,69.42,568120.0
2017-10-04,69.2,71.5,69.11,71.19,1037920.0
2017-10-05,71.0,71.84,70.17,71.15,552630.0
2017-10-06,71.09,71.91,70.81,71.84,283230.0
2017-10-09,71.99,72.42,71.19,72.31,268760.0
2017-10-10,72.26,72.88,72.26,72.76,202570.0
2017-10-11,72.49,72.77,72.07,72.08,144920.0
2017-10-12,72.59,73.7,72.16,73.7,646100.0
2017-10-13,73.79,75.0,73.47,74.81,514530.0
2017-10-16,74.81,76.27,74.8,75.82,475620.0
2017-10-17,76.15,76.6,75.0,75.25,537590.0
2017-10-18,75.0,76.35,75.0,75.34,184250.0
2017-10-19,75.37,76.3,73.24,74.5,392140.0
2017-10-20,74.89,76.05,73.84,75.93,547970.0
2017-10-23,75.5,77.0,74.17,74.5,278270.0
2017-10-24,74.1,74.95,72.55,73.68,558820.0
2017-10-25,73.57,75.14,73.2,73.99,524650.0
2017-10-26,74.2,76.48,74.2,76.0,1003360.0
2017-10-27,75.99,77.19,75.71,76.19,764770.0
2017-10-30,76.56,78.89,76.5,78.4,820340.0
2017-10-31,78.78,79.61,78.13,79.5,570560.0
2017-11-01,78.98,79.48,78.98,79.22,179340.0
2017-11-02,78.99,80.28,77.2,79.92,774900.0
2017-11-03,79.92,81.93,79.92,81.63,2558110.0
2017-11-07,82.51,83.4,80.66,83.2,2388090.0
2017-11-08,82.95,85.0,81.01,85.0,1218270.0
2017-11-09,85.74,85.81,83.32,84.8,613860.0
2017-11-10,84.77,84.77,81.1,81.48,1311470.0
2017-11-13,81.48,81.9,80.12,81.1,688930.0
2017-11-14,81.08,81.75,78.71,78.71,406610.0
2017-11-15,78.74,79.89,77.4,78.29,382460.0
2017-11-16,78.94,79.8,77.51,78.0,484850.0
2017-11-17,78.88,79.4,77.64,78.3,260940.0
2017-11-20,78.08,78.88,77.94,78.26,94350.0
2017-11-21,78.48,78.79,78.01,78.2,261000.0
2017-11-22,78.57,80.5,78.4,80.5,256870.0
2017-11-23,81.2,82.47,80.79,81.49,283910.0
2017-11-24,81.88,81.88,78.06,80.09,326630.0
2017-11-27,79.87,80.5,79.15,80.0,129750.0
2017-11-28,79.99,80.29,79.35,79.99,328550.0
2017-11-29,79.75,81.14,78.54,79.2,1142010.0
2017-11-30,78.87,79.87,76.47,78.9,578850.0
2017-12-01,78.79,78.94,77.7,77.7,57300.0
2017-12-04,77.61,78.91,76.4,78.02,129980.0
2017-12-05,77.7,77.71,76.11,76.2,146490.0
2017-12-06,76.02,80.12,75.31,78.3,792890.0
2017-12-07,78.56,81.47,76.1,78.8,449100.0
2017-12-08,79.2,79.9,78.93,79.5,83680.0
2017-12-11,79.51,79.99,78.87,79.03,133280.0
2017-12-12,79.03,79.88,76.82,78.99,228070.0
2017-12-13,78.36,78.6,76.27,77.49,137270.0
2017-12-14,77.3,78.3,76.57,78.3,272020.0
2017-12-15,77.84,79.42,77.23,79.42,226550.0
2017-12-18,79.42,79.42,76.4,76.61,177740.0
2017-12-19,76.6,77.07,75.01,77.0,428170.0
2017-12-20,76.55,77.4,74.08,76.86,215290.0
2017-12-21,76.79,78.0,75.25,76.1,204280.0
2017-12-22,76.0,76.13,74.51,75.11,511160.0
2017-12-25,75.11,75.45,74.2,74.51,33600.0
2017-12-26,74.5,75.57,74.12,75.3,63230.0
2017-12-27,75.44,76.1,74.6,74.9,203980.0
2017-12-28,75.04,75.73,74.17,74.17,42350.0
2017-12-29,74.38,74.8,73.61,73.9,56220.0
2018-01-03,74.26,75.0,74.26,75.0,22370.0
2018-01-04,75.19,77.65,75.19,77.27,187060.0
2018-01-05,77.43,78.5,77.37,77.85,90380.0
2018-01-09,77.52,79.04,76.72,77.0,261950.0
2018-01-10,77.58,77.58,75.5,75.5,148140.0
2018-01-11,75.4,77.45,75.4,77.0,295090.0
2018-01-12,76.95,77.5,75.9,76.02,103900.0
2018-01-15,76.0,76.79,75.1,76.0,103900.0
2018-01-16,75.65,77.18,75.65,77.18,120180.0
2018-01-17,76.72,77.16,75.43,76.6,410150.0
2018-01-18,77.26,78.47,77.0,77.27,916940.0
2018-01-19,77.25,77.99,77.0,77.9,84450.0
2018-01-22,78.1,78.9,77.68,78.9,228570.0
2018-01-23,78.99,80.34,78.16,80.18,298200.0
2018-01-24,80.2,81.85,78.79,81.79,317190.0
2018-01-25,81.9,83.5,81.78,83.38,479390.0
2018-01-26,83.38,84.19,81.6,83.32,665190.0
2018-01-29,83.0,84.0,82.1,83.89,267920.0
2018-01-30,83.93,84.25,83.0,84.25,285550.0
2018-01-31,84.26,84.26,82.06,83.0,460420.0
2018-02-01,82.65,83.85,80.9,83.8,228820.0
2018-02-02,83.5,84.5,82.7,84.5,214120.0
2018-02-05,84.3,84.7,81.05,84.1,205360.0
2018-02-06,83.0,83.4,80.9,82.5,514520.0
2018-02-07,82.55,83.7,82.3,83.7,42310.0
2018-02-08,83.3,83.4,81.5,82.0,737940.0
2018-02-09,80.85,80.95,76.8,79.3,919090.0
2018-02-12,79.6,80.9,78.0,79.65,218040.0
2018-02-13,79.6,80.1,79.4,79.85,80160.0
2018-02-14,79.8,80.55,79.75,80.25,62390.0
2018-02-15,81.05,81.35,80.2,81.0,114230.0
2018-02-16,81.1,81.35,79.35,79.95,73940.0
2018-02-19,79.8,80.75,79.3,80.4,375570.0
2018-02-20,80.45,80.6,78.95,80.0,255600.0
2018-02-21,79.95,80.5,79.3,80.0,664220.0
2018-02-22,79.4,80.35,79.35,80.3,85420.0
2018-02-26,81.05,81.6,79.4,81.05,205170.0
2018-02-27,81.35,82.6,80.4,82.1,347040.0
2018-02-28,82.0,82.8,80.15,80.8,1338170.0
2018-03-01,80.1,81.15,79.6,80.5,110110.0
2018-03-02,80.35,80.8,79.05,80.45,162020.0
2018-03-05,80.15,80.15,79.05,79.15,105060.0
2018-03-06,79.3,80.05,77.85,79.9,609880.0
2018-03-07,79.4,80.95,78.5,78.5,274730.0
2018-03-09,78.8,79.95,78.75,79.7,74970.0
2018-03-12,80.05,80.95,79.8,80.6,150030.0
2018-03-13,80.1,80.55,79.95,80.45,43390.0
2018-03-14,80.3,80.3,78.4,79.3,169930.0
2018-03-15,79.2,79.95,78.55,79.95,51350.0
2018-03-16,79.95,84.0,79.5,84.0,325340.0
2018-03-19,83.8,83.8,81.1,83.4,176830.0
2018-03-20,83.25,83.6,81.2,82.0,291760.0
2018-03-21,81.95,83.65,81.95,83.3,153100.0
2018-03-22,83.25,83.45,82.9,83.2,85930.0
2018-03-23,82.35,83.7,82.35,83.1,281830.0
2018-03-26,83.15,83.4,82.6,82.7,38720.0
2018-03-27,82.75,83.2,81.95,83.2,77890.0
2018-03-28,83.35,83.35,82.05,82.5,85690.0
2018-03-29,81.6,82.8,81.5,82.8,115400.0
2018-03-30,82.6,83.95,80.2,83.95,214310.0
2018-04-02,82.95,83.6,82.3,82.85,71070.0
2018-04-03,82.45,83.0,81.1,82.4,71230.0
2018-04-04,81.95,81.95,81.05,81.35,85220.0
2018-04-05,81.4,82.85,80.75,82.45,176630.0
2018-04-06,81.7,82.2,80.05,81.45,206270.0
2018-04-09,81.3,81.35,64.0,74.0,752850.0
2018-04-10,72.3,77.45,71.35,74.4,297000.0
2018-04-11,74.3,76.35,73.3,75.25,416130.0
2018-04-12,75.1,76.4,73.75,74.3,215890.0
2018-04-13,74.2,75.8,73.85,74.5,523530.0
2018-04-16,73.85,74.8,71.55,73.0,166960.0
2018-04-17,73.3,75.5,72.15,74.4,159130.0
2018-04-18,74.25,74.25,72.7,74.15,439300.0
2018-04-19,74.1,75.5,73.35,75.35,167460.0
2018-04-20,75.9,77.5,75.5,77.3,89470.0
2018-04-23,77.4,80.0,77.4,79.4,415200.0
2018-04-24,79.65,79.85,77.0,78.35,199990.0
2018-04-25,77.7,79.45,77.4,79.0,52740.0
2018-04-26,78.45,80.5,78.25,79.35,173530.0
2018-04-27,79.9,80.15,78.5,79.15,87810.0
2018-04-28,79.4,79.5,78.95,79.2,16570.0
2018-04-30,79.3,80.2,76.55,76.55,334320.0
2018-05-02,76.8,79.5,76.65,78.3,729400.0
2018-05-03,78.6,79.0,77.15,77.8,125480.0
2018-05-04,77.9,79.0,77.8,78.3,355010.0
2018-05-07,78.4,78.8,77.9,78.3,67240.0
2018-05-08,78.0,78.65,77.65,78.55,198720.0
2018-05-10,78.7,79.1,77.0,77.0,303760.0
2018-05-11,77.35,78.1,77.15,77.8,108400.0
2018-05-14,78.0,78.35,77.5,77.95,19560.0
2018-05-15,77.95,78.95,77.5,77.75,76740.0
2018-05-16,77.4,78.25,77.05,78.2,231000.0
2018-05-17,78.45,78.45,77.5,78.0,113380.0
2018-05-18,77.5,78.5,77.5,77.75,498550.0
2018-05-21,78.25,83.2,78.05,83.0,1221340.0
2018-05-22,83.05,85.4,82.25,84.8,949550.0
2018-05-23,84.5,86.4,84.25,85.6,466140.0
2018-05-24,85.2,86.05,84.7,85.5,233580.0
2018-05-25,85.0,85.7,84.45,85.6,240470.0
2018-05-28,85.05,85.3,84.4,84.6,29870.0
2018-05-29,84.55,84.55,82.6,83.65,228060.0
2018-05-30,83.95,84.2,82.85,83.75,124300.0
2018-05-31,83.8,83.8,80.7,82.5,623340.0
2018-06-01,82.3,83.7,81.55,82.55,575090.0
2018-06-04,82.6,84.65,82.25,83.5,255230.0
2018-06-05,83.55,84.15,83.3,83.5,145110.0
2018-06-06,83.8,83.8,81.95,83.0,172560.0
2018-06-07,83.3,83.3,82.25,82.8,121490.0
2018-06-08,82.8,84.1,81.1,82.85,179210.0
2018-06-09,83.0,83.55,82.65,83.1,3050.0
2018-06-11,83.75,84.0,82.05,82.3,61770.0
2018-06-13,82.3,82.85,80.8,81.5,128820.0
2018-06-14,80.75,81.0,80.35,80.9,61650.0
2018-06-15,80.85,81.55,78.55,81.55,386620.0
2018-06-18,80.65,82.5,79.5,80.4,210950.0
2018-06-19,80.1,80.1,78.15,79.1,100140.0
2018-06-20,78.95,80.0,78.0,78.0,177330.0
2018-06-21,78.1,78.3,77.05,77.35,132390.0
2018-06-22,77.75,79.05,77.75,78.8,112360.0
2018-06-25,78.45,78.75,76.8,77.4,70440.0
2018-06-26,77.7,78.25,76.65,77.2,75540.0
2018-06-27,77.2,78.3,76.75,77.6,119030.0
2018-06-28,77.5,78.3,76.95,77.7,197120.0
2018-06-29,76.2,77.4,76.0,76.15,194420.0
2018-07-02,76.05,76.6,75.2,75.9,227050.0
2018-07-03,76.4,76.7,75.35,75.75,218640.0
2018-07-04,75.7,78.0,75.35,75.6,80210.0
2018-07-05,75.4,75.95,75.35,75.5,102780.0
2018-07-06,75.35,76.35,75.0,75.2,59720.0
2018-07-09,75.15,75.55,75.1,75.3,52390.0
2018-07-10,75.3,76.5,74.95,75.6,110190.0
2018-07-11,75.5,75.7,73.65,74.65,136260.0
2018-07-12,74.25,74.45,71.8,71.8,256530.0
2018-07-13,72.2,73.3,72.0,72.0,221450.0
2018-07-16,72.55,73.4,71.85,72.35,97820.0
2018-07-17,72.9,73.25,72.75,72.75,114590.0
2018-07-18,72.95,73.3,72.0,72.6,559210.0
2018-07-19,72.65,72.7,71.9,72.2,97010.0
2018-07-20,72.65,72.9,72.15,72.3,36210.0
2018-07-23,72.1,73.0,71.6,72.15,110730.0
2018-07-24,71.9,72.7,71.9,72.25,65530.0
2018-07-25,72.4,72.55,72.0,72.25,25400.0
2018-07-26,72.2,72.5,71.8,72.5,38800.0
2018-07-27,71.95,72.6,71.95,72.1,22540.0
2018-07-30,71.8,72.45,71.8,71.8,37320.0
2018-07-31,71.85,72.3,70.35,70.35,305740.0
2018-08-01,71.05,72.2,71.0,71.3,166200.0
2018-08-02,71.5,72.1,71.1,71.5,115900.0
2018-08-03,71.75,72.2,71.1,71.7,40790.0
2018-08-06,71.8,72.1,71.75,71.95,16210.0
2018-08-07,72.0,72.25,71.75,72.25,173500.0
2018-08-08,72.05,72.35,71.75,72.1,300820.0
2018-08-09,71.8,72.6,70.2,71.2,187930.0
2018-08-10,71.25,71.45,70.7,70.7,25650.0
2018-08-13,70.95,71.35,70.7,71.15,10730.0
2018-08-14,71.4,71.65,71.35,71.45,11080.0
2018-08-15,71.4,71.6,71.3,71.35,28880.0
2018-08-16,72.2,75.5,71.65,73.75,416130.0
2018-08-17,74.0,74.35,72.85,73.25,57430.0
2018-08-20,73.3,73.6,72.25,72.6,43770.0
2018-08-21,72.3,73.65,72.3,73.65,224020.0
2018-08-22,73.35,73.4,71.8,71.8,93280.0
2018-08-23,71.9,72.3,70.5,71.25,112550.0
2018-08-24,71.45,71.95,69.3,71.35,274290.0
2018-08-27,71.4,71.6,70.6,71.6,21690.0
2018-08-28,71.35,72.0,71.35,71.55,42020.0
2018-08-29,71.7,71.9,70.7,71.5,52580.0
2018-08-30,71.35,71.65,70.85,71.65,80030.0
2018-08-31,71.05,71.1,70.2,70.6,179310.0
2018-09-03,71.45,71.5,70.55,70.9,14110.0
2018-09-04,70.75,71.35,70.5,71.35,18010.0
2018-09-05,71.05,71.05,70.3,70.3,33750.0
2018-09-06,70.5,71.0,70.3,70.3,17670.0
2018-09-07,70.75,70.85,70.4,70.45,32640.0
2018-09-10,70.65,71.05,70.3,70.3,28020.0
2018-09-11,70.45,71.2,70.2,71.2,117280.0
2018-09-12,72.4,72.9,70.25,70.35,160850.0
2018-09-13,70.4,71.1,69.15,69.15,123490.0
2018-09-14,69.4,70.25,69.3,69.9,56570.0
2018-09-17,70.3,70.8,70.0,70.25,33200.0
2018-09-18,70.55,70.8,69.6,70.0,163210.0
2018-09-19,70.1,70.1,69.15,69.85,114170.0
2018-09-20,69.9,70.05,68.3,68.8,528320.0
2018-09-21,68.8,71.15,68.65,71.15,791960.0
2018-09-24,70.6,71.05,68.5,69.7,416920.0
2018-09-25,69.35,69.55,68.2,68.2,182730.0
2018-09-26,68.15,68.75,68.0,68.15,214530.0
2018-09-27,68.1,69.9,67.45,69.9,224800.0
2018-09-28,68.7,68.9,67.7,67.7,144190.0
2018-10-01,68.4,68.7,68.0,68.05,282350.0
2018-10-02,68.05,68.45,68.0,68.0,168270.0
2018-10-03,67.95,68.15,67.3,67.75,198960.0
2018-10-04,67.75,68.25,67.3,67.95,383380.0
2018-10-05,67.6,67.8,66.4,67.0,510040.0
2018-10-08,66.7,67.0,65.75,66.95,92350.0
2018-10-09,66.6,68.2,66.6,67.1,367020.0
2018-10-10,67.75,67.75,66.5,66.8,67340.0
2018-10-11,66.0,66.8,64.75,64.85,243740.0
2018-10-12,65.55,65.75,64.5,65.35,83750.0
2018-10-15,65.7,65.7,64.6,64.75,102650.0
2018-10-16,65.05,65.2,64.55,65.2,125930.0
2018-10-17,65.3,65.5,64.6,64.75,179720.0
2018-10-18,64.85,65.0,62.4,62.8,522220.0
2018-10-19,63.1,63.15,61.5,62.0,552840.0
2018-10-22,62.3,62.85,62.05,62.4,198510.0
2018-10-23,62.9,62.9,59.9,62.4,1307330.0
2018-10-24,62.15,62.8,61.55,62.1,257990.0
2018-10-25,61.6,61.8,60.95,61.6,124550.0
2018-10-26,61.3,61.55,60.85,61.3,368820.0
2018-10-29,61.25,62.15,61.05,61.55,78510.0
2018-10-30,61.65,62.45,61.35,62.05,121950.0
2018-10-31,62.45,62.5,61.1,61.1,303920.0
2018-11-01,61.3,61.75,61.2,61.4,169900.0
2018-11-02,61.75,62.7,61.25,62.2,144150.0
2018-11-06,62.25,62.75,62.05,62.3,125710.0
2018-11-07,62.3,62.85,61.85,62.65,99070.0
2018-11-08,62.8,63.15,62.0,62.05,346610.0
2018-11-09,62.15,62.3,61.25,61.8,144710.0
2018-11-12,61.95,62.5,61.0,61.4,217590.0
2018-11-13,61.45,61.55,60.5,60.75,183290.0
2018-11-14,61.05,61.05,59.9,60.0,244270.0
2018-11-15,60.05,61.15,60.05,60.25,169850.0
2018-11-16,60.45,61.15,60.3,61.0,199960.0
2018-11-19,60.75,61.0,60.05,60.3,125790.0
2018-11-20,60.1,60.35,59.15,59.65,93070.0
2018-11-21,59.15,59.85,59.0,59.05,123880.0
2018-11-22,59.35,59.55,58.7,58.75,89770.0
2018-11-23,58.9,59.15,58.25,58.95,127100.0
2018-11-26,59.2,59.2,58.4,59.2,100760.0
2018-11-27,59.3,59.3,58.8,59.0,102900.0
2018-11-28,58.85,59.15,58.6,59.15,126860.0
2018-11-29,59.3,59.7,58.4,58.45,190870.0
2018-11-30,58.75,59.3,55.05,55.05,625670.0
2018-12-03,56.75,57.7,55.4,56.35,436010.0
2018-12-04,56.6,57.65,56.6,57.0,173430.0
2018-12-05,57.0,57.45,56.75,57.2,107660.0
2018-12-06,57.15,57.15,56.45,57.15,48080.0
2018-12-07,57.2,57.5,55.5,57.0,236720.0
2018-12-10,56.85,57.45,55.3,56.0,350370.0
2018-12-11,56.3,56.35,55.15,55.5,124330.0
2018-12-12,55.3,55.8,54.0,55.0,597100.0
2018-12-13,55.0,55.25,54.05,54.05,228180.0
2018-12-14,54.15,54.35,53.5,53.9,157020.0
2018-12-17,54.1,54.1,53.75,54.1,64540.0
2018-12-18,54.15,54.2,53.6,54.05,45840.0
2018-12-19,54.05,54.15,53.8,54.0,136340.0
2018-12-20,54.05,54.8,53.05,54.8,236670.0
2018-12-21,54.35,54.7,53.85,54.7,169850.0
2018-12-24,54.45,55.0,54.0,55.0,77800.0
2018-12-25,54.5,54.85,53.6,53.7,120020.0
2018-12-26,54.15,54.15,53.0,53.0,184070.0
2018-12-27,53.3,53.75,53.0,53.35,211020.0
2018-12-28,53.5,53.65,53.0,53.6,165450.0
2018-12-29,53.6,54.1,53.35,53.65,40930.0
2019-01-03,53.9,54.6,53.65,54.6,67830.0
2019-01-04,54.9,55.5,54.75,55.0,73450.0
2019-01-08,55.25,55.45,54.0,54.2,132100.0
2019-01-09,54.2,54.65,54.0,54.4,110130.0
2019-01-10,54.35,54.7,54.15,54.7,91220.0
2019-01-11,54.7,55.1,54.45,54.9,169750.0
2019-01-14,55.0,55.65,55.0,55.35,140380.0
2019-01-15,55.6,55.75,54.55,54.7,210210.0
2019-01-16,54.9,55.1,54.0,54.3,123890.0
2019-01-17,54.4,54.8,54.15,54.35,102760.0
2019-01-18,54.65,55.0,54.05,54.15,130710.0
2019-01-21,54.5,54.7,54.15,54.2,105330.0
2019-01-22,54.35,56.65,54.05,55.4,881760.0
2019-01-23,55.6,56.1,54.55,54.65,698360.0
2019-01-24,54.95,55.25,53.75,55.25,604870.0
2019-01-25,55.0,55.05,53.7,54.9,502340.0
2019-01-28,54.85,54.9,54.2,54.4,133230.0
2019-01-29,54.55,55.2,54.4,54.9,236410.0
2019-01-30,54.95,55.05,41.15,54.9,1885110.0
2019-01-31,54.75,55.05,53.65,53.7,845270.0
2019-02-01,53.76,54.12,53.7,53.7,436790.0
2019-02-04,53.98,55.02,52.0,53.54,1868590.0
2019-02-05,53.6,54.28,52.88,53.88,526750.0
2019-02-06,54.0,54.08,52.36,53.3,686680.0
2019-02-07,53.06,53.76,51.24,51.78,2188610.0
2019-02-08,51.82,52.12,50.04,51.0,1059570.0
2019-02-11,51.02,51.18,48.0,49.3,3428020.0
2019-02-12,49.54,49.76,48.88,49.4,547120.0
2019-02-13,49.46,49.8,49.0,49.32,356960.0
2019-02-14,48.98,49.98,47.7,49.5,902510.0
2019-02-15,49.52,49.78,49.18,49.5,309680.0
2019-02-18,49.64,49.84,48.72,48.94,310310.0
2019-02-19,48.82,49.36,48.34,48.78,476200.0
2019-02-20,48.76,49.0,48.6,48.82,192210.0
2019-02-21,48.86,48.98,48.58,48.64,475830.0
2019-02-22,48.66,48.9,48.48,48.8,403950.0
2019-02-25,48.78,48.9,48.16,48.18,783790.0
2019-02-26,48.18,48.56,48.16,48.38,513300.0
2019-02-27,48.48,48.76,48.2,48.42,259070.0
2019-02-28,48.66,49.0,48.2,48.34,318300.0
2019-03-01,48.6,48.74,48.02,48.1,504990.0
2019-03-04,48.24,48.38,47.7,47.7,174840.0
2019-03-05,47.68,48.0,46.9,46.92,297360.0
2019-03-06,47.06,47.3,46.72,46.9,181200.0
2019-03-07,47.0,47.18,46.9,47.1,186010.0
2019-03-11,47.1,47.3,46.62,46.68,148940.0
2019-03-12,46.86,47.1,46.5,46.56,302650.0
2019-03-13,46.7,46.94,46.22,46.4,644100.0
2019-03-14,46.66,46.68,45.54,45.88,294670.0
2019-03-15,45.64,45.96,45.32,45.32,2153340.0
2019-03-18,45.78,45.96,44.82,45.12,1198000.0
2019-03-19,45.28,47.2,45.1,46.5,1301560.0
2019-03-20,46.84,47.74,46.66,46.96,1358060.0
2019-03-21,46.96,47.68,46.16,47.2,970950.0
2019-03-22,47.3,59.08,47.2,55.2,13196970.0
2019-03-25,55.56,62.8,55.18,59.1,8328920.0
2019-03-26,59.0,61.74,58.0,58.6,5242090.0
2019-03-27,58.58,59.24,56.32,57.54,1789400.0
2019-03-28,57.58,59.6,57.3,57.74,1929900.0
2019-03-29,58.26,58.58,55.62,57.74,1572050.0
2019-04-01,57.86,57.98,55.68,56.06,1075550.0
2019-04-02,56.18,57.0,55.42,56.62,799110.0
2019-04-03,56.78,56.84,55.28,56.4,839180.0
2019-04-04,56.04,56.38,55.52,56.38,429170.0
2019-04-05,56.4,56.56,55.5,56.2,254230.0
2019-04-08,56.58,56.58,56.0,56.44,290740.0
2019-04-09,56.18,56.74,55.58,55.74,704900.0
2019-04-10,55.6,55.94,54.56,55.14,1539520.0
2019-04-11,55.3,59.34,53.18,56.74,2642540.0
2019-04-12,56.38,58.9,56.02,57.52,798190.0
2019-04-15,57.58,57.9,56.04,56.5,921760.0
2019-04-16,56.54,59.36,56.5,58.0,910060.0
2019-04-17,58.1,58.9,56.88,57.8,433360.0
2019-04-18,57.6,58.06,57.2,57.74,454840.0
2019-04-19,57.76,59.44,57.56,58.0,457090.0
2019-04-22,58.48,59.0,57.66,58.5,762420.0
2019-04-23,58.52,59.5,57.5,58.72,909610.0
2019-04-24,58.88,59.08,58.0,58.26,406620.0
2019-04-25,58.54,59.42,58.3,58.78,790280.0
2019-04-26,59.08,59.08,57.94,58.5,459090.0
2019-04-29,58.76,60.8,56.74,59.6,1787680.0
2019-04-30,60.0,60.16,59.04,59.1,283890.0
2019-05-02,59.32,60.28,58.54,59.1,587820.0
2019-05-03,59.46,59.46,58.84,59.1,165890.0
2019-05-06,58.48,59.12,57.96,58.64,188120.0
2019-05-07,58.58,59.48,58.56,59.0,361810.0
2019-05-08,59.34,59.36,58.2,58.96,211150.0
2019-05-10,58.76,59.1,57.06,57.48,382510.0
2019-05-13,58.02,58.14,56.32,56.7,275830.0
2019-05-14,56.82,57.16,56.62,57.08,259480.0
2019-05-15,57.16,59.38,57.14,58.68,567330.0
2019-05-16,59.0,59.28,57.32,58.72,494400.0
2019-05-17,58.4,58.88,57.96,58.5,147920.0
2019-05-20,58.08,59.2,58.02,58.94,609580.0
2019-05-21,59.4,60.28,58.5,59.9,1171920.0
2019-05-22,60.26,60.5,58.94,59.12,836110.0
2019-05-23,59.0,59.1,58.1,58.32,381850.0
2019-05-24,58.7,59.88,57.86,58.6,715520.0
2019-05-27,58.94,61.48,58.56,59.4,937590.0
2019-05-28,59.52,59.94,58.64,59.1,423260.0
2019-05-29,58.62,59.48,57.78,58.7,586660.0
2019-05-30,58.58,58.82,57.98,58.5,276860.0
2019-05-31,58.56,59.18,58.24,59.0,582170.0
2019-06-03,59.0,59.56,57.94,59.48,574900.0
2019-06-04,59.5,61.3,59.16,60.3,975580.0
2019-06-05,60.16,61.1,60.04,60.26,456230.0
2019-06-06,60.2,63.4,60.2,63.0,853700.0
2019-06-07,63.04,63.3,61.64,62.14,574830.0
2019-06-10,62.4,62.8,61.56,61.84,258420.0
2019-06-11,62.24,62.86,62.0,62.0,538730.0
2019-06-13,62.58,62.58,61.62,62.2,372950.0
2019-06-14,62.1,62.3,61.04,61.5,486010.0
2019-06-17,61.52,61.84,60.62,60.64,571520.0
2019-06-18,60.66,62.2,60.36,61.5,636270.0
2019-06-19,61.66,63.96,61.66,62.7,2944620.0
2019-06-20,63.4,63.8,61.82,61.82,1246780.0
2019-06-21,62.12,62.66,61.0,61.0,928990.0
2019-06-24,61.46,61.98,60.18,60.66,879220.0
2019-06-25,61.28,61.28,60.16,60.34,688690.0
2019-06-26,60.5,61.34,59.66,60.38,526620.0
2019-06-27,60.44,61.0,60.0,60.14,521780.0
2019-06-28,60.18,60.6,59.92,59.96,217320.0
2019-07-01,60.24,60.84,59.9,60.5,564320.0
2019-07-02,60.74,62.26,60.5,62.02,858310.0
2019-07-03,61.74,62.0,61.06,61.32,856140.0
2019-07-04,61.6,62.4,61.32,61.4,697250.0
2019-07-05,61.7,62.1,61.16,61.4,601010.0
2019-07-08,61.38,61.68,60.64,60.96,661720.0
2019-07-09,61.14,61.4,60.6,60.62,259460.0
2019-07-10,60.62,61.08,60.4,60.5,559980.0
2019-07-11,60.88,61.0,59.82,60.28,821810.0
2019-07-12,60.4,60.4,59.84,60.0,289910.0
2019-07-15,60.46,60.86,60.02,60.34,716530.0
2019-07-16,60.6,60.84,59.52,60.0,686490.0
2019-07-17,57.9,58.78,57.7,58.06,693520.0
2019-07-18,58.2,58.7,57.4,57.5,597610.0
2019-07-19,57.66,58.18,56.82,57.28,616050.0
2019-07-22,57.7,58.52,57.5,58.1,584930.0
2019-07-23,58.5,58.56,57.7,57.7,263800.0
2019-07-24,57.72,58.2,57.66,58.0,282750.0
2019-07-25,58.08,58.6,57.58,57.84,399530.0
2019-07-26,57.6,57.84,57.0,57.0,913230.0
2019-07-29,57.02,58.04,57.02,57.9,485800.0
2019-07-30,58.02,58.5,57.92,58.1,536040.0
2019-07-31,58.04,58.52,57.94,58.38,433310.0
2019-08-01,58.02,58.7,58.02,58.32,705140.0
2019-08-02,57.86,58.28,57.16,57.26,862600.0
2019-08-05,57.16,57.5,56.3,56.3,506130.0
2019-08-06,56.56,57.24,56.18,56.8,505850.0
2019-08-07,56.56,56.8,56.16,56.3,644530.0
2019-08-08,56.34,56.66,55.98,56.2,685260.0
2019-08-09,56.16,56.2,55.7,55.74,248770.0
2019-08-12,56.14,56.2,54.5,54.76,788120.0
2019-08-13,54.96,55.84,53.5,55.32,1991910.0
2019-08-14,55.36,55.9,52.6,53.24,1531530.0
2019-08-15,53.58,54.64,53.14,53.32,621210.0
2019-08-16,53.6,56.3,53.6,55.4,1011230.0
2019-08-19,55.9,56.62,55.42,55.7,589020.0
2019-08-20,55.7,56.32,55.68,55.9,241020.0
2019-08-21,56.6,57.04,55.8,55.88,189050.0
2019-08-22,55.78,56.12,54.72,54.9,462970.0
2019-08-23,54.96,55.16,52.9,53.0,916440.0
2019-08-26,52.98,53.78,52.84,53.62,231880.0
2019-08-27,53.78,53.98,53.42,53.58,289700.0
2019-08-28,53.64,55.08,53.42,53.56,454570.0
2019-08-29,53.7,54.46,53.54,54.3,178800.0
2019-08-30,54.2,55.76,54.2,55.0,375950.0
2019-09-02,55.02,55.4,54.6,54.76,337920.0
2019-09-03,54.76,55.1,54.42,54.5,478260.0
2019-09-04,54.72,56.0,54.6,55.2,909510.0
2019-09-05,55.34,55.7,54.72,54.74,719260.0
2019-09-06,54.46,55.14,54.1,54.66,401930.0
2019-09-09,54.82,55.18,54.48,54.9,242450.0
2019-09-10,55.04,55.4,54.84,55.22,392070.0
2019-09-11,55.14,56.0,55.0,55.4,840760.0
2019-09-12,55.3,55.98,55.1,55.86,748300.0
2019-09-13,55.78,55.94,55.16,55.32,353420.0
2019-09-16,55.5,56.5,55.44,56.2,870010.0
2019-09-17,56.26,56.88,55.44,55.52,1164390.0
2019-09-18,55.9,56.24,55.66,56.1,279990.0
2019-09-19,56.2,56.44,55.68,55.76,873780.0
2019-09-20,56.08,56.08,54.6,54.7,922880.0
2019-09-23,55.06,55.46,54.4,54.42,886200.0
2019-09-24,54.5,54.94,54.3,54.6,522250.0
2019-09-25,54.74,56.38,54.68,55.2,2903490.0
2019-09-26,55.2,56.78,55.2,56.2,990820.0
2019-09-27,56.4,57.06,55.8,56.08,985330.0
2019-09-30,56.46,56.56,55.36,55.74,500060.0
2019-10-01,55.76,56.18,55.18,55.48,295320.0
2019-10-02,55.66,55.72,54.2,54.2,676940.0
2019-10-03,54.5,54.5,53.02,53.3,830020.0
2019-10-04,53.32,54.68,52.6,52.84,1301190.0
2019-10-07,53.08,53.36,51.64,52.2,1271380.0
2019-10-08,52.38,52.58,51.0,51.5,1198370.0
2019-10-09,51.1,51.62,50.3,50.46,1168740.0
2019-10-10,50.38,52.08,50.3,51.06,1284950.0
2019-10-11,51.46,51.56,50.44,50.52,1033050.0
2019-10-14,50.86,51.1,49.16,50.18,2343530.0
2019-10-15,50.3,50.58,50.02,50.3,949590.0
2019-10-16,50.6,50.68,49.8,50.08,831060.0
2019-10-17,50.16,50.64,50.04,50.3,657340.0
2019-10-18,50.32,50.7,49.96,50.18,694090.0
2019-10-21,50.38,50.62,50.08,50.24,498370.0
2019-10-22,50.28,50.58,50.2,50.46,447480.0
2019-10-23,50.6,50.68,49.94,50.42,1815800.0
2019-10-24,50.5,51.76,50.32,51.2,2267960.0
2019-10-25,51.2,51.54,47.86,49.8,6625380.0
2019-10-28,50.0,50.24,49.26,50.0,966000.0
2019-10-29,50.0,54.04,49.96,53.64,4349130.0
2019-10-30,53.68,54.2,52.22,53.38,2481360.0
2019-10-31,53.4,53.74,52.68,53.2,1272190.0
2019-11-01,53.44,54.76,53.1,53.2,2542340.0
2019-11-05,53.74,54.76,53.04,53.34,2867820.0
2019-11-06,53.4,54.68,53.4,54.62,5854920.0
2019-11-07,54.8,56.24,54.56,55.04,4250410.0
2019-11-08,54.7,55.42,53.84,54.06,2114410.0
2019-11-11,54.12,54.9,53.46,54.1,1758590.0
2019-11-12,54.3,54.52,54.0,54.0,1296130.0
2019-11-13,54.2,54.82,53.58,53.78,1166720.0
2019-11-14,53.88,54.6,53.6,53.9,1481720.0
2019-11-15,54.1,54.48,53.52,54.04,2391510.0
2019-11-18,54.0,54.46,53.2,53.28,1954740.0
2019-11-19,53.48,54.2,53.32,54.06,1147250.0
2019-11-20,54.14,54.58,53.12,53.46,2244170.0
2019-11-21,53.64,53.84,52.66,52.9,2252420.0
2019-11-22,53.14,53.3,52.08,52.34,1960060.0
2019-11-25,52.58,52.72,52.0,52.04,1188450.0
2019-11-26,52.2,52.78,51.82,52.58,1025300.0
2019-11-27,52.62,52.74,51.94,51.94,991260.0
2019-11-28,52.18,52.46,51.62,52.06,964050.0
2019-11-29,52.1,52.28,51.72,51.9,776290.0
2019-12-02,52.12,52.46,51.6,51.62,1856900.0
2019-12-03,51.66,52.28,50.5,50.6,2470730.0
2019-12-04,50.76,50.98,50.2,50.22,1516340.0
2019-12-05,50.22,51.8,50.14,50.48,2345240.0
2019-12-06,50.5,52.8,50.36,52.26,4192420.0
2019-12-09,52.0,53.54,51.98,52.26,2063480.0
2019-12-10,52.46,52.5,51.64,51.7,1144220.0
2019-12-11,51.64,52.58,51.64,52.0,934610.0
2019-12-12,52.0,52.6,51.66,52.02,2388230.0
2019-12-13,52.22,52.34,51.2,51.3,2819060.0
2019-12-16,51.54,51.9,51.24,51.46,1844640.0
2019-12-17,51.66,51.78,51.32,51.5,1468090.0
2019-12-18,60.02,61.26,55.6,56.0,41655110.0
2019-12-19,56.22,56.98,55.8,56.0,6819560.0
2019-12-20,56.16,56.2,54.76,55.86,5802560.0
2019-12-23,55.86,56.76,55.76,56.26,1996130.0
2019-12-24,56.24,56.5,55.8,56.0,2740810.0
2019-12-25,56.34,57.74,55.92,57.4,5756990.0
2019-12-26,57.82,58.2,57.18,57.64,2572670.0
2019-12-27,57.92,57.94,57.3,57.9,2323050.0
2019-12-30,57.92,58.88,57.9,58.0,2478190.0
2020-01-03,59.2,60.5,58.6,58.7,3811310.0
2020-01-06,58.3,58.76,57.5,58.08,1427880.0
2020-01-08,58.08,58.52,57.06,57.9,2877100.0
2020-01-09,58.2,58.84,57.7,58.16,2430650.0
2020-01-10,58.3,58.6,57.62,57.68,1360520.0
2020-01-13,57.72,58.24,57.6,57.92,2178150.0
2020-01-14,58.3,58.38,57.72,58.1,2644260.0
2020-01-15,58.3,58.88,57.92,58.22,4603900.0
2020-01-16,58.26,58.88,58.0,58.44,3329950.0
2020-01-17,58.76,58.82,57.28,58.32,5839930.0
2020-01-20,58.58,60.28,58.18,59.0,7577080.0
2020-01-21,59.26,59.28,58.34,58.88,2932380.0
2020-01-22,59.08,59.48,58.32,58.52,3698990.0
2020-01-23,58.32,58.68,57.62,58.04,2206780.0
2020-01-24,58.42,58.68,57.54,58.0,2579610.0
2020-01-27,57.28,57.4,55.4,55.88,4689270.0
2020-01-28,56.2,56.32,54.34,55.3,3687860.0
2020-01-29,55.44,56.3,55.34,55.68,2165560.0
2020-01-30,55.6,58.24,55.2,56.58,5599790.0
2020-01-31,57.3,57.8,55.44,55.66,5876120.0
2020-02-03,55.5,56.6,54.58,55.66,6335310.0
2020-02-04,56.02,56.8,55.76,56.62,1853290.0
2020-02-05,56.8,57.66,56.32,57.04,3142860.0
2020-02-06,57.2,58.26,56.5,56.9,2928080.0
2020-02-07,57.46,57.48,56.7,57.36,1173320.0
2020-02-10,57.12,57.9,56.76,57.02,1699150.0
2020-02-11,57.24,57.68,56.62,57.4,1752220.0
2020-02-12,57.48,59.44,57.2,58.74,6246570.0
2020-02-13,58.78,59.26,58.12,58.58,2336840.0
2020-02-14,58.98,59.28,57.68,57.78,3015620.0
2020-02-17,58.14,58.6,57.76,58.18,1152190.0
2020-02-18,58.24,58.8,57.56,57.6,1495760.0
2020-02-19,57.82,58.22,57.5,57.92,1270270.0
2020-02-20,58.14,58.66,57.7,58.3,2067160.0
2020-02-21,57.98,58.28,57.62,58.08,1948540.0
2020-02-25,57.22,57.4,55.72,55.92,3357570.0
2020-02-26,55.82,57.16,54.4,56.52,7807070.0
2020-02-27,55.8,56.44,53.74,53.9,4997090.0
2020-02-28,52.86,52.96,48.52,51.26,8333210.0
2020-03-02,53.38,53.46,50.16,51.72,5221830.0
2020-03-03,52.5,52.9,51.9,52.52,1758670.0
2020-03-04,51.92,53.94,51.86,53.44,2424320.0
2020-03-05,53.86,54.26,52.04,53.34,2357160.0
2020-03-06,52.32,53.32,50.12,50.5,8110120.0
2020-03-10,45.46,48.5,40.4,45.0,13397990.0
2020-03-11,46.76,46.78,43.8,44.86,4348350.0
2020-03-12,42.5,42.96,38.64,39.26,10069960.0
2020-03-13,39.56,42.06,38.38,39.34,5789600.0
2020-03-16,40.0,40.0,36.0,38.0,6614290.0
2020-03-17,38.88,39.44,36.58,37.46,2414710.0
2020-03-18,36.82,38.62,35.62,36.5,7140840.0
2020-03-19,36.14,39.52,35.0,38.56,8682440.0
2020-03-20,39.0,48.0,38.74,40.6,8196040.0
2020-03-23,38.38,42.2,37.42,39.92,4683120.0
2020-03-24,41.96,43.06,41.26,42.2,3303290.0
2020-03-25,43.0,45.0,41.16,42.12,5548360.0
2020-03-26,43.5,43.5,41.5,42.06,4013500.0
2020-03-27,42.6,42.6,40.16,40.4,3256040.0
2020-03-30,39.96,41.6,38.1,40.66,1965590.0
2020-03-31,42.18,42.56,41.08,42.3,2706450.0
2020-04-01,41.46,42.32,41.32,41.52,2102020.0
2020-04-02,42.34,42.8,41.62,42.12,3714990.0
2020-04-03,42.04,43.24,41.62,42.3,1968860.0
2020-04-06,43.2,45.58,42.72,45.4,3711760.0
2020-04-07,45.8,47.76,45.36,46.66,7746400.0
2020-04-08,46.78,58.0,46.76,57.24,46252980.0
2020-04-09,57.5,57.76,56.68,57.26,34052950.0
2020-04-10,57.2,58.0,57.06,58.0,8169240.0
2020-04-13,57.92,58.14,57.76,58.02,6658900.0
2020-04-14,58.0,58.1,57.82,58.0,12353290.0
2020-04-15,57.96,57.96,57.32,57.5,5518410.0
2020-04-16,57.7,57.8,57.4,57.46,3870970.0
2020-04-17,57.38,57.8,57.16,57.44,5490990.0
2020-04-20,57.56,57.6,57.3,57.44,2763390.0
2020-04-21,57.42,57.52,55.62,55.72,9189950.0
2020-04-22,55.72,56.92,55.5,56.88,6150530.0
2020-04-23,56.84,57.12,53.5,56.5,18058460.0
2020-04-24,56.06,56.84,55.82,56.5,5398870.0
2020-04-27,56.48,56.84,56.28,56.4,1046910.0
2020-04-28,56.6,56.9,56.42,56.64,1805630.0
2020-04-29,56.86,57.18,56.68,57.0,3160740.0
2020-04-30,57.0,57.2,56.62,56.62,2901340.0
2020-05-04,56.64,56.88,56.54,56.56,1734860.0
2020-05-05,56.84,57.18,56.7,56.9,1223060.0
2020-05-06,56.96,57.18,56.84,56.98,1058190.0
2020-05-07,56.92,57.16,56.92,57.1,791410.0
2020-05-08,56.94,57.52,56.92,57.28,993040.0
2020-05-12,57.34,57.46,57.02,57.02,2259800.0
2020-05-13,57.26,57.28,56.86,56.94,2696990.0
2020-05-14,56.94,57.28,56.64,57.0,2197800.0
2020-05-15,57.04,57.5,56.72,57.46,1853300.0
2020-05-18,57.24,59.4,57.02,58.82,20325730.0
2020-05-19,59.0,59.28,58.7,59.2,9932160.0
2020-05-20,59.04,59.2,58.92,59.2,10254100.0
2020-05-21,59.18,59.36,59.0,59.36,6538230.0
2020-05-22,59.3,59.38,59.1,59.3,4605240.0
2020-05-25,59.36,59.46,59.24,59.32,3524960.0
2020-05-26,59.26,59.46,59.24,59.28,5574240.0
2020-05-27,59.28,59.4,59.04,59.36,7594150.0
2020-05-28,59.36,59.38,59.26,59.36,2347040.0
2020-05-29,59.28,59.38,59.24,59.24,1622170.0
2020-06-01,59.3,59.42,59.24,59.36,2350690.0
2020-06-02,59.32,59.42,59.26,59.38,2647690.0
2020-06-03,59.34,59.46,59.28,59.4,4882550.0
2020-06-04,59.34,59.54,59.28,59.46,17623730.0
2020-06-05,59.46,59.8,59.44,59.8,7811100.0
2020-06-08,59.78,59.96,59.52,59.96,4688390.0
2020-06-09,59.92,59.92,59.64,59.9,1863820.0
2020-06-10,59.76,59.9,59.64,59.74,2013330.0
2020-06-11,59.72,59.86,59.32,59.86,3903570.0
2020-06-15,59.68,59.8,59.46,59.8,1742460.0
2020-06-16,59.7,59.78,59.4,59.64,2982040.0
2020-06-17,59.64,59.84,59.6,59.68,3711500.0
2020-06-18,59.7,59.8,59.62,59.7,1027990.0
2020-06-19,59.7,59.78,59.56,59.78,3591920.0
2020-06-22,59.7,59.78,59.58,59.68,2296070.0
2020-06-23,59.6,59.86,59.58,59.8,5922340.0
2020-06-25,59.8,59.86,59.58,59.82,2217210.0
2020-06-26,59.8,59.9,59.72,59.86,2415260.0
2020-06-29,59.86,60.06,59.82,60.0,3663530.0
2020-06-30,60.06,60.06,59.96,60.02,1447510.0
2020-07-02,60.04,60.2,59.92,60.02,2427820.0
2020-07-03,60.12,60.2,59.96,60.08,943770.0
2020-07-06,60.1,60.14,59.94,60.0,2513150.0
2020-07-07,59.96,60.06,59.8,59.9,454250.0
2020-07-08,59.92,60.0,59.9,59.9,940380.0
2020-07-09,60.0,60.08,59.94,59.94,511640.0
2020-07-10,59.98,60.06,59.98,59.98,529630.0
2020-07-13,60.0,60.06,56.14,60.0,1269830.0
2020-07-14,59.96,60.02,59.82,59.98,1541960.0
2020-07-15,59.96,60.0,59.78,59.86,1235800.0
2020-07-16,59.86,59.98,59.82,59.88,804610.0
2020-07-17,59.98,60.6,59.54,59.94,2471420.0
2020-07-20,59.94,60.0,59.84,59.94,810240.0
2020-07-21,59.96,60.02,59.26,59.3,1222160.0
2020-07-22,59.26,59.6,58.5,59.22,635250.0
2020-07-23,59.0,59.42,56.84,58.08,716480.0
2020-07-24,58.08,58.38,54.68,55.0,1699960.0
2020-07-27,55.5,58.16,55.34,57.6,742780.0
2020-07-28,57.58,58.2,56.74,57.06,345490.0
2020-07-29,58.24,59.2,58.0,58.4,821420.0
2020-07-30,58.4,59.4,58.4,59.38,286690.0
2020-07-31,58.82,60.38,58.28,60.38,568170.0
2020-08-03,60.1,60.1,59.24,59.9,383630.0
2020-08-04,59.58,59.88,58.2,58.3,298640.0
2020-08-05,58.2,58.6,57.26,58.44,801620.0
2020-08-06,58.5,58.8,56.3,58.1,245840.0
2020-08-07,57.78,58.98,57.78,58.22,323620.0
2020-08-10,58.08,59.16,58.02,58.68,129600.0
2020-08-11,58.52,58.94,57.82,58.36,1071450.0
2020-08-12,58.56,58.66,58.04,58.5,107990.0
2020-08-13,58.68,58.76,58.14,58.7,725100.0
2020-08-14,58.76,59.0,58.44,58.7,936610.0
2020-08-17,58.7,59.2,58.08,58.54,120890.0
2020-08-18,58.2,58.98,58.08,58.98,105610.0
2020-08-19,58.54,59.02,58.06,58.5,443850.0
2020-08-20,58.56,58.64,58.1,58.46,242160.0
2020-08-21,58.26,58.6,58.26,58.52,230080.0
2020-08-24,58.54,58.98,58.18,58.48,86770.0
2020-08-25,58.8,58.94,58.4,58.6,159100.0
2020-08-26,58.58,58.8,58.4,58.8,113210.0
2020-08-27,58.56,58.9,58.4,58.88,24160.0
2020-08-28,58.62,58.8,58.5,58.6,243260.0
2020-08-31,58.44,58.8,58.44,58.5,195240.0
2020-09-01,58.64,58.8,58.4,58.8,174820.0
2020-09-02,58.78,58.96,57.8,58.88,702960.0
2020-09-03,58.44,58.8,58.32,58.8,62070.0
2020-09-04,58.76,58.8,58.3,58.58,157310.0
2020-09-07,58.3,58.8,58.24,58.6,95190.0
2020-09-08,58.86,59.0,58.22,58.68,85180.0
2020-09-09,58.36,58.84,58.16,58.84,253350.0
2020-09-10,58.56,59.2,58.0,59.18,192200.0
2020-09-11,58.8,59.2,58.46,58.46,184990.0
2020-09-14,58.52,59.06,58.2,58.34,179370.0
2020-09-15,60.7,61.3,60.66,60.86,2596280.0
2020-09-16,60.9,60.9,60.76,60.82,416640.0
2020-09-17,60.76,60.88,60.76,60.84,1478790.0
2020-09-18,60.84,60.96,60.8,60.96,627090.0
2020-09-21,60.96,60.98,60.82,60.88,551910.0
2020-09-22,60.88,60.98,60.86,60.92,545690.0
2020-09-23,60.9,61.1,60.9,60.96,246750.0
2020-09-24,60.58,60.98,60.54,60.98,245420.0
2020-09-25,60.98,61.0,60.86,60.9,502930.0
2020-09-28,60.56,61.0,60.56,60.96,82770.0
2020-09-29,60.9,61.04,60.84,60.92,449210.0
2020-09-30,60.84,60.98,60.84,60.9,348710.0
2020-10-01,60.96,61.08,60.88,60.92,210920.0
2020-10-02,60.92,61.04,60.9,60.9,217700.0
2020-10-05,60.92,61.0,60.88,61.0,136770.0
2020-10-06,60.9,61.02,60.88,60.92,120350.0
2020-10-07,60.9,61.0,60.82,60.88,369200.0
2020-10-08,60.96,61.14,60.88,60.94,154220.0
2020-10-09,60.92,61.04,60.88,60.92,661250.0
2020-10-12,60.64,60.94,60.54,60.9,128810.0
2020-10-13,60.9,60.9,60.26,60.7,471950.0
2020-10-14,60.28,60.58,59.4,60.4,310310.0
2020-10-15,60.4,60.6,58.06,58.06,251080.0
2020-10-16,58.22,58.66,57.3,57.92,117860.0
2020-10-19,58.64,58.64,57.98,57.98,28450.0
2020-10-20,57.4,58.6,57.2,57.4,107630.0
2020-10-21,57.9,59.78,57.4,59.3,162240.0
2020-10-22,60.02,61.4,59.52,60.72,452180.0
2020-10-23,60.9,61.7,60.0,60.0,299980.0
2020-10-26,60.8,61.16,60.22,60.5,91380.0
2020-10-27,60.42,61.12,59.28,60.32,136330.0
2020-10-28,60.32,60.32,58.1,58.1,163760.0
2020-10-29,58.94,59.56,57.76,57.76,286180.0
2020-10-30,58.6,58.6,56.02,56.06,486510.0
2020-11-02,56.06,57.6,56.06,57.16,181170.0
2020-11-03,57.42,58.24,56.74,57.78,182460.0
2020-11-05,58.1,58.66,57.26,58.0,153900.0
2020-11-06,58.32,58.34,57.76,57.9,130260.0
2020-11-09,58.34,58.78,57.9,58.52,180080.0
2020-11-10,58.8,59.5,58.4,58.68,217290.0
2020-11-11,59.16,59.7,58.7,59.0,282700.0
2020-11-12,58.86,59.62,58.86,59.0,125710.0
2020-11-13,59.22,59.5,59.14,59.28,135330.0
2020-11-16,59.5,60.48,59.14,60.0,210660.0
2020-11-17,60.4,60.5,58.82,60.5,328480.0
2020-11-18,60.58,61.58,60.3,61.36,292180.0
2020-11-19,61.3,62.9,60.68,62.82,319180.0
2020-11-20,62.96,64.3,62.4,63.18,643230.0
2020-11-23,63.8,64.52,63.26,63.84,273920.0
2020-11-24,64.04,65.8,64.0,65.34,369870.0
2020-11-25,65.62,69.82,65.58,69.28,887480.0
2020-11-26,69.28,70.82,68.92,70.0,599980.0
2020-11-27,70.3,70.9,67.6,68.3,953380.0
2020-11-30,69.1,70.18,68.08,68.9,779860.0
2020-12-01,69.84,69.84,68.08,69.16,501050.0
2020-12-02,69.16,70.0,68.96,69.28,628700.0
2020-12-03,69.28,69.98,68.5,69.8,923890.0
2020-12-04,66.52,67.0,64.8,64.8,1164530.0
2020-12-07,65.08,66.6,63.5,64.02,720490.0
2020-12-08,64.6,64.8,62.0,62.02,619820.0
2020-12-09,62.34,64.4,62.02,63.0,521340.0
2020-12-10,63.7,63.74,62.94,63.08,113040.0
2020-12-11,63.54,64.1,62.92,63.0,198980.0
2020-12-14,63.22,64.0,62.92,63.5,435320.0
2020-12-15,63.14,63.46,62.78,63.06,191070.0
2020-12-16,62.98,63.9,62.52,63.06,232590.0
2020-12-17,63.06,63.8,61.3,61.7,534940.0
2020-12-18,62.0,63.8,61.42,63.8,886890.0
2020-12-21,63.08,63.3,60.78,60.82,344550.0
2020-12-22,61.32,62.0,61.0,61.04,151110.0
2020-12-23,61.44,62.46,61.12,61.28,229320.0
2020-12-24,61.88,61.88,61.12,61.12,107610.0
2020-12-25,61.1,62.0,61.02,61.4,69330.0
2020-12-28,61.56,62.3,61.4,61.58,262800.0
2020-12-29,61.88,61.92,61.06,61.12,126770.0
2020-12-30,61.28,61.86,61.06,61.16,374200.0
2021-01-04,61.4,63.0,61.18,62.32,337260.0
2021-01-05,62.26,62.76,61.84,61.92,158770.0
2021-01-06,62.28,64.0,62.06,63.24,281010.0
2021-01-08,63.8,64.4,63.36,63.62,242130.0
2021-01-11,63.74,64.48,61.5,61.96,454570.0
2021-01-12,62.2,62.98,61.96,62.2,200600.0
2021-01-13,62.38,62.8,61.5,61.78,140510.0
2021-01-14,62.1,62.5,61.5,61.86,183000.0
2021-01-15,61.6,62.38,61.6,61.6,132560.0
2021-01-18,61.7,62.28,61.56,61.88,159670.0
2021-01-19,61.94,62.42,61.18,61.18,286720.0
2021-01-20,61.5,62.1,61.2,61.24,215630.0
2021-01-21,61.4,61.7,60.3,60.54,248990.0
2021-01-22,60.46,60.58,59.62,59.9,300230.0
2021-01-25,59.9,61.14,59.8,59.92,164130.0
2021-01-26,60.16,60.54,59.66,59.66,182400.0
2021-01-27,59.8,60.5,59.5,59.68,313790.0
2021-01-28,59.32,59.88,58.3,59.72,222580.0
2021-01-29,59.46,59.74,57.1,57.1,895620.0
2021-02-01,57.36,59.3,57.0,59.3,711900.0
2021-02-02,59.88,60.22,59.16,59.4,460390.0
2021-02-03,59.68,59.68,57.84,58.24,487590.0
2021-02-04,58.6,58.68,58.18,58.4,188280.0
2021-02-05,58.68,58.98,58.26,58.74,115490.0
2021-02-08,59.0,59.76,58.72,59.18,221380.0
2021-02-09,59.56,59.72,58.34,58.44,161340.0
2021-02-10,58.62,59.1,58.2,58.2,225730.0
2021-02-11,58.54,58.68,58.1,58.44,39050.0
2021-02-12,58.5,58.5,57.56,58.26,133990.0
2021-02-15,58.6,60.0,58.2,58.76,93270.0
2021-02-16,58.56,59.06,58.0,58.68,318910.0
2021-02-17,58.76,58.9,58.42,58.48,97190.0
2021-02-18,58.4,58.8,58.18,58.6,85170.0
2021-02-19,58.42,59.5,57.42,58.96,253970.0
2021-02-20,59.0,59.58,58.7,58.7,31600.0
2021-02-22,59.36,59.36,58.0,58.0,325040.0
2021-02-24,58.0,58.5,57.88,57.9,353110.0
2021-02-25,58.1,58.58,57.68,57.7,253040.0
2021-02-26,57.6,58.2,57.52,57.54,150960.0
2021-03-01,59.98,59.98,57.62,57.66,585110.0
2021-03-02,58.0,59.72,57.78,58.96,448620.0
2021-03-03,59.44,60.9,58.94,60.14,461890.0
2021-03-04,60.14,61.2,59.46,59.78,481670.0
2021-03-05,59.18,60.96,59.14,59.82,166500.0
2021-03-09,60.94,61.28,59.9,60.54,446820.0
2021-03-10,61.26,63.76,61.0,62.44,834980.0
2021-03-11,63.0,63.44,61.54,61.76,297250.0
2021-03-12,61.76,82.0,61.56,80.32,16786430.0
2021-03-15,82.1,98.6,81.08,93.3,16419770.0
2021-03-16,95.52,98.0,88.4,90.14,5673610.0
2021-03-17,90.24,90.74,85.12,86.96,3240220.0
2021-03-18,87.6,91.7,87.06,90.26,1687830.0
2021-03-19,89.96,90.68,87.0,90.68,1255620.0
2021-03-22,89.7,90.86,88.36,88.92,1261710.0
2021-03-23,88.9,90.86,87.04,87.22,1367880.0
2021-03-24,87.4,87.7,85.16,85.94,1374300.0
2021-03-25,86.42,86.5,82.34,83.0,2305280.0
2021-03-26,83.38,84.9,81.5,82.0,2428870.0
2021-03-29,82.06,84.4,80.4,81.6,2454680.0
2021-03-30,82.52,82.58,80.52,80.98,2029550.0
2021-03-31,81.0,81.3,79.5,80.54,1947070.0
2021-04-01,80.64,83.46,79.5,80.7,3683650.0
2021-04-02,81.14,83.98,80.7,83.02,4208120.0
2021-04-05,83.8,87.88,83.6,87.84,4884700.0
2021-04-06,88.2,88.6,85.44,86.5,3539200.0
2021-04-07,86.9,87.44,85.0,86.3,1624400.0
2021-04-08,86.92,87.1,85.78,86.36,1160520.0
2021-04-09,86.4,89.5,85.92,86.56,1465900.0
2021-04-12,87.5,88.5,86.0,87.9,2222850.0
2021-04-13,88.38,90.6,88.06,89.8,3084400.0
2021-04-14,90.0,94.82,89.98,92.26,4722430.0
2021-04-15,93.68,94.24,90.8,92.0,2320980.0
2021-04-16,92.74,93.88,88.5,92.04,4185440.0
2021-04-19,93.2,93.5,91.0,92.8,3919130.0
2021-04-20,92.92,93.3,91.86,92.0,2270920.0
2021-04-21,91.92,92.2,89.2,90.2,3290110.0
2021-04-22,90.06,92.1,88.02,91.72,5518670.0
2021-04-23,82.56,83.76,79.62,80.94,8147390.0
2021-04-26,81.0,81.5,76.34,76.8,4284550.0
2021-04-27,77.0,77.0,73.62,73.72,2904020.0
2021-04-28,73.72,80.72,73.72,77.16,4801590.0
2021-04-29,78.16,78.86,77.0,77.02,1228110.0
2021-04-30,77.9,78.4,75.62,76.24,574630.0
2021-05-04,76.66,77.88,75.02,75.6,1106020.0
2021-05-05,75.42,76.08,75.0,75.5,498220.0
2021-05-06,75.6,75.76,75.0,75.08,375640.0
2021-05-07,75.2,75.78,74.7,74.98,604690.0
2021-05-10,74.72,75.4,74.26,74.3,563690.0
2021-05-11,74.12,74.8,73.6,73.78,615100.0
2021-05-12,73.64,74.36,73.64,74.12,455970.0
2021-05-13,74.3,74.82,71.7,72.02,857230.0
2021-05-14,72.12,72.48,71.06,71.22,397240.0
2021-05-17,71.68,72.34,70.16,70.5,440650.0
2021-05-18,70.56,76.12,70.02,74.28,1555860.0
2021-05-19,74.28,74.88,71.14,72.0,447690.0
2021-05-20,72.02,72.1,70.02,71.2,494380.0
2021-05-21,71.5,72.44,71.2,72.18,478210.0
2021-05-24,72.14,73.0,71.0,71.66,396560.0
2021-05-25,71.78,72.7,71.3,72.44,417780.0
2021-05-26,72.44,72.8,71.06,71.52,340260.0
2021-05-27,71.52,71.94,71.3,71.84,215980.0
2021-05-28,71.72,72.68,71.3,71.92,240040.0
2021-05-31,72.06,72.94,72.0,72.52,341030.0
2021-06-01,72.5,74.24,71.5,74.1,520720.0
2021-06-02,73.68,76.8,73.56,76.5,1054350.0
2021-06-03,77.08,77.2,74.3,74.98,474180.0
2021-06-04,74.62,76.0,74.52,74.9,306940.0
2021-06-07,74.4,77.72,74.04,77.48,887400.0
2021-06-08,78.0,78.0,75.3,75.6,563150.0
2021-06-09,76.32,76.32,74.06,74.42,349640.0
2021-06-10,74.22,74.9,72.24,73.34,484650.0
2021-06-11,73.36,73.74,73.0,73.1,342340.0
2021-06-14,73.0,73.74,72.9,73.3,193190.0
2021-06-15,73.24,75.48,73.16,73.86,577410.0
2021-06-16,74.78,74.78,72.0,73.22,207330.0
2021-06-17,72.6,73.82,72.12,73.14,228840.0
2021-06-18,73.66,73.68,72.0,72.12,410130.0
2021-06-21,72.22,72.72,70.32,71.28,395900.0
2021-06-22,71.68,71.98,70.92,71.4,194420.0
2021-06-23,71.76,72.18,70.9,71.1,251730.0
2021-06-24,71.7,71.7,70.06,70.58,284120.0
2021-06-25,70.9,71.02,68.3,69.74,503120.0
2021-06-28,69.7,70.38,69.42,69.88,163680.0
2021-06-29,69.94,70.06,68.0,68.3,406960.0
2021-06-30,68.68,69.0,67.56,67.56,352220.0
2021-07-01,68.24,69.18,67.86,68.72,322590.0
2021-07-02,68.32,70.7,68.32,70.06,411570.0
2021-07-05,70.44,73.56,70.4,73.0,988000.0
2021-07-06,73.38,74.38,72.0,72.0,473010.0
2021-07-07,72.2,73.18,71.24,71.5,246340.0
2021-07-08,71.56,72.0,69.4,70.28,292850.0
2021-07-09,70.3,71.0,69.84,69.94,170270.0
2021-07-12,69.94,70.54,69.8,70.22,105520.0
2021-07-13,70.32,70.58,69.82,70.0,140450.0
2021-07-14,69.62,70.0,68.34,68.6,462810.0
2021-07-15,69.28,69.28,67.7,68.02,368670.0
2021-07-16,68.7,68.78,67.6,67.74,347860.0
2021-07-19,68.08,68.14,63.4,65.1,917790.0
2021-07-20,65.1,66.84,64.7,64.9,360510.0
2021-07-21,65.82,68.2,63.6,66.12,712980.0
2021-07-22,66.64,72.8,66.04,72.8,2074330.0
2021-07-23,71.56,72.38,71.0,71.36,838920.0
2021-07-26,71.02,71.9,70.72,71.04,344410.0
2021-07-27,71.02,72.48,70.8,71.82,374460.0
2021-07-28,71.84,72.98,71.22,72.56,435630.0
2021-07-29,72.82,73.88,72.0,72.68,528680.0
2021-07-30,73.4,101.0,73.06,99.7,23157510.0
2021-08-02,109.94,117.66,100.5,101.88,17848130.0
2021-08-03,101.3,103.48,99.8,100.48,3412730.0
2021-08-04,100.96,102.8,100.64,102.1,1676220.0
2021-08-05,102.8,106.98,102.02,106.66,3184880.0
2021-08-06,106.68,107.5,104.0,105.0,1778070.0
2021-08-09,105.48,106.58,104.9,104.9,1104200.0
2021-08-10,104.68,105.72,103.02,103.56,1563670.0
2021-08-11,104.1,104.96,103.5,104.18,915340.0
2021-08-12,104.3,104.84,103.0,104.36,1141630.0
2021-08-13,104.5,105.02,103.8,103.9,854680.0
2021-08-16,104.3,105.5,104.2,104.6,1169030.0
2021-08-17,103.92,105.0,103.92,104.22,706680.0
2021-08-18,104.5,105.16,104.5,104.62,659680.0
2021-08-19,104.14,104.76,103.06,103.36,972500.0
2021-08-20,103.6,104.3,103.38,104.22,662880.0
2021-08-23,104.84,105.04,104.26,104.66,783990.0
2021-08-24,104.78,105.6,104.7,105.0,737380.0
2021-08-25,105.8,110.0,105.04,106.16,4292070.0
2021-08-26,106.1,107.7,105.22,106.0,1607730.0
2021-08-27,106.86,108.7,105.66,108.5,1671350.0
2021-08-30,109.04,117.0,108.3,115.7,5915200.0
2021-08-31,116.36,120.0,113.22,116.4,4299920.0
2021-09-01,117.8,117.9,114.74,116.4,1628380.0
2021-09-02,117.18,117.86,114.8,115.8,1530640.0
2021-09-03,116.1,119.98,116.04,118.7,4120820.0
2021-09-06,119.0,125.5,118.48,124.6,6910930.0
2021-09-07,124.68,125.42,122.0,122.62,3477010.0
2021-09-08,123.1,123.38,119.22,122.1,2898340.0
2021-09-09,122.58,125.0,119.6,123.08,2640950.0
2021-09-10,123.6,124.6,122.24,123.38,2255350.0
2021-09-13,123.68,123.92,120.9,121.8,3054970.0
2021-09-14,121.72,121.8,116.5,120.14,4227780.0
2021-09-15,119.98,119.98,116.0,117.08,4227060.0
2021-09-16,101.2,103.0,94.8,98.82,8291240.0
2021-09-17,99.66,99.82,95.02,95.1,2300180.0
2021-09-20,94.04,94.18,89.0,89.36,2941730.0
2021-09-21,90.0,90.98,88.9,90.4,977510.0
2021-09-22,90.92,98.4,90.8,96.6,4565860.0
2021-09-23,96.7,97.28,93.1,93.68,1593990.0
2021-09-24,94.76,95.48,92.66,94.0,886140.0
2021-09-27,95.24,96.2,93.38,94.0,1264400.0
2021-09-28,95.08,95.2,93.6,93.96,726110.0
2021-09-29,93.98,94.4,93.0,93.5,395620.0
2021-09-30,94.44,94.44,92.2,92.2,771250.0
2021-10-01,92.34,98.78,92.04,97.6,2528060.0
2021-10-04,97.98,98.12,95.02,95.06,920180.0
2021-10-05,95.6,98.48,95.34,96.84,1313640.0
2021-10-06,97.16,99.48,92.8,93.02,2028860.0
2021-10-07,94.08,96.0,93.34,94.3,893300.0
2021-10-08,95.0,97.32,94.76,95.76,909930.0
2021-10-11,96.0,97.94,95.0,95.8,768540.0
2021-10-12,96.0,97.5,94.66,96.3,830380.0
2021-10-13,96.76,97.1,95.04,95.32,474630.0
2021-10-14,95.4,95.92,94.46,94.64,413890.0
2021-10-15,94.9,95.84,94.52,94.68,260040.0
2021-10-18,94.68,95.0,93.72,94.04,329370.0
2021-10-19,94.2,96.0,94.08,95.04,608080.0
2021-10-20,95.46,95.52,94.24,94.44,220210.0
2021-10-21,94.56,95.1,93.22,93.3,337560.0
2021-10-22,93.0,94.1,92.7,93.08,365970.0
2021-10-25,93.32,94.0,90.36,90.9,1009640.0
2021-10-26,91.02,91.48,88.0,88.36,1343890.0
2021-10-27,88.4,88.4,85.5,86.68,792570.0
2021-10-28,86.58,87.34,84.62,85.98,487960.0
2021-10-29,85.8,89.98,85.8,86.7,780040.0
2021-11-01,88.0,89.4,87.5,88.44,511280.0
2021-11-02,88.22,90.3,88.2,89.06,404270.0
2021-11-03,89.06,89.44,87.9,88.42,188670.0
2021-11-05,87.46,90.88,86.1,86.78,408430.0
2021-11-08,87.3,87.98,86.34,86.5,320810.0
2021-11-09,87.3,87.64,85.9,86.16,513680.0
2021-11-10,86.7,86.88,85.02,86.32,438030.0
2021-11-11,85.34,87.3,85.34,85.98,288160.0
2021-11-12,85.42,86.72,84.04,84.6,498890.0
2021-11-15,84.94,85.7,84.22,84.9,420420.0
2021-11-16,85.12,85.58,83.22,83.22,415200.0
2021-11-17,83.34,84.98,82.7,83.02,407220.0
2021-11-18,82.5,84.0,82.38,83.0,378180.0
2021-11-19,83.18,83.56,80.7,81.52,465850.0
2021-11-22,80.54,81.88,75.0,77.54,792770.0
2021-11-23,78.0,81.32,75.1,79.24,891190.0
2021-11-24,79.7,81.78,78.2,79.0,406500.0
2021-11-25,79.0,86.64,78.94,85.2,2582350.0
2021-11-26,83.86,83.86,78.38,80.0,1930680.0
2021-11-29,80.72,82.46,78.8,79.56,760370.0
2021-11-30,78.48,79.76,75.5,75.5,1295090.0
2021-12-01,76.0,78.5,76.0,77.4,791050.0
2021-12-02,77.74,77.98,75.66,75.76,927590.0
2021-12-03,76.7,77.24,76.0,76.12,319870.0
2021-12-06,76.36,76.6,74.5,75.1,428390.0
2021-12-07,75.48,75.98,74.5,75.2,508120.0
2021-12-08,75.7,76.48,73.8,73.9,597260.0
2021-12-09,73.9,75.38,73.74,74.14,401700.0
2021-12-10,74.6,75.3,73.52,74.96,389080.0
2021-12-13,75.0,76.98,72.18,72.24,698850.0
2021-12-14,71.9,73.16,69.4,70.3,915210.0
2021-12-15,70.58,74.58,70.4,73.14,611690.0
2021-12-16,73.56,77.0,73.56,76.38,726190.0
2021-12-17,76.5,76.9,74.84,75.1,414210.0
2021-12-20,74.66,74.66,72.34,73.14,334840.0
2021-12-21,74.0,74.84,73.14,73.44,213180.0
2021-12-22,73.44,74.38,70.9,72.38,825350.0
2021-12-23,73.6,73.76,71.92,72.48,324500.0
2021-12-24,72.84,72.96,70.44,71.42,406380.0
2021-12-27,72.2,73.3,71.06,72.24,597370.0
2021-12-28,72.6,73.1,71.4,72.0,826960.0
2021-12-29,72.04,73.2,71.34,72.18,460690.0
2021-12-30,72.36,73.18,72.28,72.56,392710.0
2022-01-03,73.36,77.3,73.28,76.8,1091510.0
2022-01-04,77.2,88.44,77.18,86.0,4952100.0
2022-01-05,84.8,86.78,80.3,80.78,2009450.0
2022-01-06,81.02,83.78,80.0,80.82,923860.0
2022-01-10,81.16,84.8,81.0,81.6,1159230.0
2022-01-11,81.8,83.58,79.02,79.6,1290910.0
2022-01-12,80.5,81.78,80.0,80.8,541930.0
2022-01-13,80.82,81.68,77.52,77.52,977530.0
2022-01-14,77.9,79.56,73.1,76.4,1093900.0
2022-01-17,77.44,78.4,74.0,74.5,501990.0
2022-01-18,74.5,76.0,70.98,71.56,827610.0
2022-01-19,72.16,77.68,70.12,75.58,1114900.0
2022-01-20,76.2,78.46,74.8,76.28,501030.0
2022-01-21,76.0,78.0,75.2,77.32,648300.0
2022-01-24,77.5,78.88,70.16,72.52,1317110.0
2022-01-25,74.84,75.5,71.82,73.0,475830.0
2022-01-26,73.5,75.74,73.0,74.5,540480.0
2022-01-27,74.5,76.6,73.1,75.38,717210.0
2022-01-28,76.36,77.68,74.92,75.6,459370.0
2022-01-31,76.1,77.86,74.5,75.26,645740.0
2022-02-01,75.5,76.6,74.7,75.42,318850.0
2022-02-02,75.44,76.38,75.42,75.7,181310.0
2022-02-03,75.34,75.9,73.68,75.0,291700.0
2022-02-04,75.96,77.56,75.28,76.9,414460.0
2022-02-07,77.44,81.8,77.04,81.78,796500.0
2022-02-08,81.78,84.78,80.78,81.72,895590.0
2022-02-09,82.1,83.38,80.6,81.72,540830.0
2022-02-10,82.2,85.46,80.78,85.34,1001060.0
2022-02-11,84.32,84.44,81.18,82.26,556390.0
2022-02-14,81.08,82.18,79.02,79.98,834860.0
2022-02-15,83.84,83.86,80.64,81.32,557060.0
2022-02-16,83.06,83.5,81.46,82.54,530180.0
2022-02-17,82.5,82.5,80.2,80.7,435520.0
2022-02-18,81.66,82.1,75.54,77.0,778710.0
2022-02-21,78.84,79.78,68.6,71.0,1857320.0
2022-02-22,69.4,74.6,65.0,73.84,1213880.0
2022-02-24,65.0,66.48,40.0,51.96,2480860.0
2022-02-25,52.6,63.12,52.6,60.54,866910.0
2022-03-28,59.96,60.36,50.04,55.0,511140.0
2022-03-29,55.18,57.56,50.42,53.1,931340.0
2022-03-30,54.0,62.0,53.6,60.52,565360.0
2022-03-31,62.2,69.98,62.2,67.5,1106800.0
2022-04-01,67.8,70.58,67.4,69.58,505860.0
2022-04-04,69.98,72.0,66.1,69.08,512620.0
2022-04-05,69.0,70.1,63.2,64.66,660730.0
2022-04-06,64.96,71.96,62.62,68.3,903430.0
2022-04-07,68.04,70.2,66.0,67.42,386880.0
2022-04-08,67.78,76.44,67.32,69.0,2899630.0
2022-04-11,68.88,69.3,64.02,66.6,686440.0
2022-04-12,67.32,68.0,63.02,66.2,426060.0
2022-04-13,66.4,67.98,63.4,65.46,310550.0
2022-04-14,65.8,67.0,63.2,64.64,511450.0
2022-04-15,64.6,66.88,63.56,64.72,391220.0
2022-04-18,64.7,64.82,63.16,63.68,275890.0
2022-04-19,63.68,63.98,58.66,60.1,790990.0
2022-04-20,60.0,62.5,59.6,60.06,315240.0
2022-04-21,61.26,61.66,60.0,60.02,226980.0
2022-04-22,60.08,60.5,59.36,60.0,183600.0
2022-04-25,59.98,59.98,57.66,58.0,224290.0
2022-04-26,58.48,59.22,56.3,58.1,373370.0
2022-04-27,58.42,59.86,57.64,59.8,353070.0
2022-04-28,59.9,60.6,58.24,58.52,289430.0
2022-04-29,58.9,59.56,58.28,59.38,146890.0
2022-05-04,59.44,61.8,58.54,58.8,464700.0
2022-05-05,58.98,59.74,58.58,58.78,156750.0
2022-05-06,59.42,59.42,57.8,58.22,177370.0
2022-05-11,58.24,58.68,58.0,58.0,116590.0
2022-05-12,58.0,58.18,56.0,56.18,281010.0
2022-05-13,56.22,57.98,55.7,57.68,244320.0
2022-05-16,58.0,58.78,57.38,58.26,200020.0
2022-05-17,58.4,59.24,58.04,58.6,129900.0
2022-05-18,59.0,64.8,58.62,62.08,861230.0
2022-05-19,62.1,63.62,58.3,61.0,621110.0
2022-05-20,61.02,62.2,58.1,58.86,780410.0
2022-05-23,59.04,59.08,56.02,56.5,512450.0
2022-05-24,56.88,56.88,55.0,56.06,273230.0
2022-05-25,56.1,58.4,54.5,55.7,537360.0
2022-05-26,55.5,56.66,54.9,56.2,359330.0
2022-05-27,56.6,56.88,55.62,56.2,238950.0
2022-05-30,56.2,56.6,55.22,55.8,196740.0
2022-05-31,55.34,55.64,54.0,54.0,277280.0
2022-06-01,54.5,54.6,53.62,53.9,169150.0
2022-06-02,54.0,54.16,52.6,52.64,111130.0
2022-06-03,53.0,53.0,51.48,51.74,244310.0
2022-06-06,51.6,52.44,51.4,51.7,98270.0
2022-06-07,51.8,52.38,50.3,52.02,241610.0
2022-06-08,52.3,52.88,51.7,51.88,122390.0
2022-06-09,51.86,52.08,50.0,50.22,223110.0
2022-06-10,50.32,51.98,49.62,51.0,199750.0
2022-06-14,51.02,51.18,49.44,49.78,291100.0
2022-06-15,50.0,51.1,49.78,51.04,173640.0
2022-06-16,51.06,54.56,51.04,52.76,474730.0
2022-06-17,52.52,53.82,52.5,53.3,191630.0
2022-06-20,53.22,55.54,52.98,54.86,321900.0
2022-06-21,55.22,55.5,54.02,54.02,238670.0
2022-06-22,54.14,58.5,53.06,57.3,1128480.0
2022-06-23,57.6,59.14,57.3,58.1,453440.0
2022-06-24,58.4,59.28,57.22,57.78,265620.0
2022-06-27,57.78,57.78,56.1,57.02,185940.0
2022-06-28,57.44,57.76,56.52,56.64,118370.0
2022-06-29,56.74,58.2,56.62,57.46,201190.0
2022-06-30,57.1,59.02,54.08,55.72,692780.0
2022-07-01,55.24,61.94,54.56,59.64,1076330.0
2022-07-04,60.1,64.3,59.1,62.02,1524360.0
2022-07-05,63.56,64.42,58.3,59.36,559180.0
2022-07-06,59.5,60.58,58.0,58.7,544960.0
2022-07-07,58.8,60.38,58.7,59.42,224820.0
2022-07-08,59.84,62.12,58.98,61.02,384100.0
2022-07-11,61.82,62.88,60.2,60.56,440320.0
2022-07-12,61.1,70.48,59.5,68.52,4085460.0
2022-07-13,68.98,72.58,66.32,67.0,2775910.0
2022-07-14,67.76,71.0,67.04,70.5,2226520.0
2022-07-15,70.58,72.28,69.86,71.12,1489570.0
2022-07-18,71.86,72.8,69.0,70.38,1213100.0
2022-07-19,73.4,84.0,71.4,75.88,8003830.0
2022-07-20,75.98,78.4,72.02,76.66,4423120.0
2022-07-21,76.3,80.82,73.84,77.48,4443550.0
2022-07-22,77.64,78.6,75.5,75.8,1269770.0
2022-07-25,75.7,76.32,74.22,74.72,884100.0
2022-07-26,75.04,77.5,74.74,76.48,793810.0
2022-07-27,76.5,77.5,75.8,76.58,666400.0
2022-07-28,76.68,76.96,75.4,76.0,324220.0
2022-07-29,76.34,77.0,75.46,75.78,447810.0
2022-08-01,75.84,76.4,74.46,74.84,316030.0
2022-08-02,74.98,75.44,73.0,73.14,355610.0
2022-08-03,73.16,73.86,69.5,71.0,669740.0
2022-08-04,71.14,73.6,70.5,72.76,544690.0
2022-08-05,73.56,73.88,70.2,71.66,409240.0
2022-08-08,73.0,73.78,72.2,73.62,348720.0
2022-08-09,73.94,75.0,73.06,75.0,362180.0
2022-08-10,75.32,75.68,74.38,75.24,244150.0
2022-08-11,75.6,75.7,74.52,75.2,223700.0
2022-08-12,74.58,75.5,74.52,75.12,158380.0
2022-08-15,75.4,75.88,74.9,75.68,190480.0
2022-08-16,75.96,76.86,75.7,76.48,279400.0
2022-08-17,76.48,76.92,76.46,76.58,129880.0
2022-08-18,76.6,80.98,75.5,80.68,1479120.0
2022-08-19,80.96,81.0,77.42,78.46,719910.0
2022-08-22,79.0,81.76,78.52,79.9,928580.0
2022-08-23,80.2,80.9,79.02,79.68,318700.0
2022-08-24,79.96,80.68,78.98,80.1,332670.0
2022-08-25,80.7,82.0,80.12,81.4,759660.0
2022-08-26,81.5,84.5,81.3,83.82,3163230.0
2022-08-29,84.96,88.96,84.0,87.68,3822040.0
2022-08-30,88.1,96.56,88.0,91.4,9412550.0
2022-08-31,90.5,91.78,87.4,89.3,2011580.0
2022-09-01,89.54,90.76,89.1,89.9,1177850.0
2022-09-02,90.02,90.3,89.34,89.84,859780.0
2022-09-05,90.68,90.8,88.14,89.78,1991550.0
2022-09-06,89.78,90.0,85.0,88.52,1933670.0
2022-09-07,88.32,88.38,85.76,86.22,2201440.0
2022-09-08,76.8,81.94,73.5,78.02,6361490.0
2022-09-09,78.14,79.48,77.8,77.98,855130.0
2022-09-12,77.62,79.98,77.12,78.88,1210800.0
2022-09-13,79.1,79.42,76.5,77.7,567790.0
2022-09-14,77.98,77.98,74.2,75.3,1064350.0
2022-09-15,75.72,78.98,75.42,78.3,1209970.0
2022-09-16,78.64,81.0,78.4,78.84,2065760.0
2022-09-19,79.24,79.24,76.5,77.84,690430.0
2022-09-20,78.16,78.2,69.0,70.88,1907610.0
2022-09-21,60.4,69.96,60.4,66.32,1505280.0
2022-09-22,66.18,69.0,65.14,68.38,622300.0
2022-09-23,68.4,68.88,62.2,65.06,685270.0
2022-09-26,65.18,65.88,54.08,58.52,1290200.0
2022-09-27,58.64,60.42,54.56,56.22,785640.0
2022-09-28,57.0,59.78,55.72,55.9,893620.0
2022-09-29,56.36,58.0,55.0,55.82,638640.0
2022-09-30,55.88,68.4,53.0,60.02,2579480.0
2022-10-03,61.34,64.04,61.04,62.72,848340.0
2022-10-04,63.4,63.86,58.24,60.76,747770.0
2022-10-05,61.98,63.16,57.64,62.38,1049740.0
2022-10-06,62.02,65.5,60.62,60.92,817350.0
2022-10-07,61.08,63.3,58.6,58.6,599700.0
2022-10-10,57.7,61.24,55.66,60.38,651330.0
2022-10-11,61.98,63.48,60.24,62.8,345820.0
2022-10-12,62.86,64.0,61.42,62.78,306540.0
2022-10-13,63.04,67.2,62.78,65.96,887750.0
2022-10-14,66.62,68.68,66.22,67.4,899240.0
2022-10-17,68.06,69.0,67.04,68.6,589680.0
2022-10-18,68.82,69.24,66.6,67.28,445300.0
2022-10-19,66.98,67.0,65.0,65.5,377440.0
2022-10-20,66.12,67.66,65.1,65.9,392040.0
2022-10-21,66.74,66.74,64.04,65.02,494720.0
2022-10-24,65.72,67.4,65.6,66.4,320810.0
2022-10-25,67.0,68.6,66.24,68.4,664090.0
2022-10-26,68.5,68.52,67.0,67.66,378600.0
2022-10-27,67.74,68.5,66.8,68.06,479580.0
2022-10-28,68.04,68.24,66.8,67.5,320550.0
2022-10-31,67.7,69.88,67.5,69.1,695200.0
2022-11-01,69.54,70.8,69.08,69.54,610540.0
2022-11-02,69.8,70.2,67.84,68.7,378080.0
2022-11-03,68.3,68.56,67.5,68.36,241590.0
2022-11-07,68.42,69.8,68.42,69.54,339900.0
2022-11-08,69.9,69.9,68.4,68.94,294850.0
2022-11-09,69.06,70.26,68.2,68.5,656900.0
2022-11-10,68.64,68.98,67.54,68.54,444160.0
2022-11-11,68.96,69.08,68.0,68.22,283540.0
2022-11-14,68.22,68.9,68.04,68.86,198880.0
2022-11-15,68.86,71.9,68.16,70.92,825930.0
2022-11-16,70.92,74.8,67.06,74.52,1305920.0
2022-11-17,74.8,79.5,74.54,78.02,2768210.0
2022-11-18,78.04,78.48,75.1,76.24,857150.0
2022-11-21,76.06,76.66,72.7,75.86,947550.0
2022-11-22,76.12,76.96,74.78,75.88,345360.0
2022-11-23,76.14,77.28,75.5,76.64,397930.0
2022-11-24,76.64,79.38,76.64,77.1,880500.0
2022-11-25,77.4,77.4,75.76,77.0,329690.0
2022-11-28,76.96,76.96,75.52,75.98,164620.0
2022-11-29,76.08,77.78,75.88,77.12,345250.0
2022-11-30,77.4,78.5,77.02,77.64,416410.0
2022-12-01,77.82,78.34,77.6,77.74,154050.0
2022-12-02,78.0,78.32,77.7,78.0,268290.0
2022-12-05,78.44,79.98,78.02,78.52,664030.0
2022-12-06,78.54,78.94,76.98,78.06,223070.0
2022-12-07,77.98,77.98,77.22,77.5,167690.0
2022-12-08,77.5,77.92,77.0,77.66,169470.0
2022-12-09,77.68,79.42,77.58,78.98,379620.0
2022-12-12,79.12,79.52,78.28,78.42,204630.0
2022-12-13,78.42,79.44,78.34,78.76,341900.0
2022-12-14,78.76,82.0,76.48,81.54,1640800.0
2022-12-15,82.0,84.72,78.04,81.16,2739210.0
2022-12-16,81.74,82.68,80.14,81.08,569450.0
2022-12-19,81.28,82.08,78.6,79.54,615060.0
2022-12-20,79.76,81.0,78.98,79.82,517120.0
2022-12-21,80.48,80.48,78.82,78.84,474970.0
2022-12-22,79.0,79.54,78.86,79.18,209250.0
2022-12-23,79.4,79.4,78.62,79.08,240840.0
2022-12-26,79.3,80.98,79.22,80.46,614220.0
2022-12-27,80.78,81.74,80.14,81.3,437150.0
2022-12-28,81.88,83.0,81.3,81.7,719250.0
2022-12-29,81.9,82.6,81.7,82.24,570660.0
2022-12-30,82.6,82.98,82.32,82.8,561180.0
2023-01-03,83.3,85.4,82.8,85.4,1385070.0
2023-01-04,85.4,89.0,85.0,88.74,1388710.0
2023-01-05,88.94,91.3,88.8,90.0,1806620.0
2023-01-06,90.02,90.44,88.34,89.44,740970.0
2023-01-09,89.54,91.0,89.54,90.46,772820.0
2023-01-10,90.62,90.92,89.5,89.9,540080.0
2023-01-11,90.08,90.98,89.9,90.66,797670.0
2023-01-12,90.8,92.24,90.5,91.74,1173790.0
2023-01-13,91.96,94.86,91.66,93.86,2056810.0
2023-01-16,94.38,96.32,94.16,95.86,1732400.0
2023-01-17,96.2,97.94,93.3,94.6,1945430.0
2023-01-18,93.12,95.0,91.06,94.38,1019230.0
2023-01-19,94.52,94.52,93.0,93.56,834460.0
2023-01-20,93.86,96.3,93.42,95.62,2710560.0
2023-01-23,97.04,97.84,95.0,95.96,1656760.0
2023-01-24,96.3,96.34,93.72,93.9,1588270.0
2023-01-25,93.5,93.56,91.1,91.88,2012180.0
2023-01-26,91.98,92.96,91.6,91.9,1029370.0
2023-01-27,91.9,92.22,90.62,92.2,2239280.0
2023-01-30,85.4,86.28,84.56,84.6,4187810.0
2023-01-31,84.4,84.56,83.38,83.58,1509370.0
2023-02-01,83.58,86.2,83.48,85.4,2473490.0
2023-02-02,85.7,87.66,85.64,87.44,1750450.0
2023-02-03,87.66,87.66,86.1,86.98,786950.0
2023-02-06,86.98,87.94,85.0,87.2,923690.0
2023-02-07,87.2,89.5,87.04,88.4,1358270.0
2023-02-08,88.4,89.2,87.2,88.06,715830.0
2023-02-09,88.02,88.48,87.1,87.14,485440.0
2023-02-10,87.12,87.3,85.0,87.02,633180.0
2023-02-13,87.86,87.86,86.86,87.16,332120.0
2023-02-14,87.18,87.32,85.5,86.0,542230.0
2023-02-15,85.9,85.96,83.42,83.48,874520.0
2023-02-16,83.82,85.78,83.62,84.6,593060.0
2023-02-17,85.06,85.34,84.5,84.94,261400.0
2023-02-20,84.88,84.9,83.5,84.28,498300.0
2023-02-21,84.3,86.74,84.3,85.72,816040.0
2023-02-22,85.76,85.76,84.6,85.74,339950.0
2023-02-24,85.82,86.36,85.46,85.74,224020.0
2023-02-27,86.0,87.5,85.52,87.14,764360.0
2023-02-28,87.4,88.88,87.16,88.08,628210.0
2023-03-01,88.3,88.58,87.84,88.18,448680.0
2023-03-02,88.38,88.42,86.2,86.92,551370.0
2023-03-03,87.08,88.04,86.92,87.78,240830.0
2023-03-06,88.08,89.98,88.08,89.86,1046700.0
2023-03-07,89.98,90.72,89.04,90.6,858650.0
2023-03-09,90.68,92.0,90.5,91.6,990380.0
2023-03-10,91.6,91.6,90.06,90.64,581210.0
2023-03-13,90.68,91.32,88.1,89.42,1007580.0
2023-03-14,89.5,90.74,88.82,90.52,566510.0
2023-03-15,90.78,94.58,89.82,90.92,3518710.0
2023-03-16,92.0,93.12,90.22,91.16,746600.0
2023-03-17,91.88,92.88,90.92,92.12,969450.0
2023-03-20,92.76,95.78,92.26,94.7,1793040.0
2023-03-21,94.56,96.2,93.5,94.62,1415330.0
2023-03-22,95.26,95.9,93.88,95.04,608160.0
2023-03-23,95.24,96.2,94.9,95.42,577750.0
2023-03-24,95.6,96.4,95.12,95.9,794850.0
2023-03-27,96.02,105.5,96.02,104.48,5150840.0
2023-03-28,104.46,108.52,101.5,103.0,6993290.0
2023-03-29,103.48,105.5,102.1,102.7,2463370.0
2023-03-30,102.7,102.78,100.32,100.72,1829560.0
2023-03-31,100.72,101.0,98.62,100.08,2025910.0
2023-04-03,101.0,103.02,100.08,101.48,1610170.0
2023-04-04,102.0,104.0,101.3,101.6,1757900.0
2023-04-05,101.58,102.6,101.0,101.94,707630.0
2023-04-06,102.02,102.62,101.44,101.54,609880.0
2023-04-07,101.78,102.2,101.0,101.86,410760.0
2023-04-10,102.7,103.8,101.92,102.7,1150360.0
2023-04-11,103.0,103.5,98.66,100.5,1340440.0
2023-04-12,100.42,102.56,99.9,100.66,649760.0
2023-04-13,104.1,109.7,103.76,107.48,12825590.0
2023-04-14,107.78,108.0,105.82,107.58,2189830.0
2023-04-17,108.3,120.7,108.04,117.6,15808010.0
2023-04-18,119.36,119.5,115.06,117.12,4127280.0
2023-04-19,117.06,119.48,110.16,114.4,3972850.0
2023-04-20,114.54,117.9,103.06,103.22,15777120.0
2023-04-21,103.26,104.9,101.4,101.7,4141450.0
2023-04-24,101.7,106.5,101.1,103.5,3755330.0
2023-04-25,103.86,104.74,102.02,103.0,855100.0
2023-04-26,104.5,105.06,103.3,103.52,1038080.0
2023-04-27,103.76,104.18,101.5,102.14,787480.0
2023-04-28,102.06,102.2,100.92,101.22,753430.0
2023-05-02,101.0,101.36,99.3,100.0,1171640.0
2023-05-03,100.06,100.48,96.6,97.46,1101490.0
2023-05-04,97.5,100.0,97.0,98.3,464350.0
2023-05-05,98.4,99.92,98.14,99.04,325770.0
2023-05-08,99.08,99.32,96.8,96.8,252350.0
2023-05-10,97.12,101.62,96.5,100.4,707690.0
2023-05-11,100.38,103.42,99.34,100.9,789440.0
2023-05-12,100.4,101.22,99.02,100.44,311270.0
2023-05-15,100.8,104.5,100.5,104.5,815240.0
2023-05-16,104.98,107.96,103.78,106.3,2967340.0
2023-05-17,106.84,107.42,105.4,106.52,637680.0
2023-05-18,106.42,107.18,105.5,106.08,787280.0
2023-05-19,105.06,106.38,100.3,103.52,1260870.0
2023-05-22,104.06,109.52,104.0,107.78,2404110.0
2023-05-23,107.84,109.4,105.7,107.9,1112900.0
2023-05-24,108.14,114.7,108.14,113.4,3478850.0
2023-05-25,113.5,114.28,109.2,112.22,1295000.0
2023-05-26,112.2,118.08,109.5,112.04,2339800.0
2023-05-29,113.18,116.38,112.04,116.34,1395700.0
2023-05-30,115.6,116.98,113.0,115.0,970170.0
2023-05-31,114.02,116.48,113.32,116.0,773330.0
2023-06-01,116.1,126.4,116.1,126.4,7464100.0
2023-06-02,126.2,135.0,123.36,132.52,5984500.0
2023-06-05,133.38,138.54,125.26,127.02,4473610.0
2023-06-06,127.12,132.0,122.0,131.8,2368890.0
2023-06-07,132.26,132.8,129.0,131.3,894760.0
2023-06-08,131.1,133.88,129.98,131.7,684840.0
2023-06-09,131.82,132.44,129.08,129.96,446610.0
2023-06-13,130.02,134.8,129.02,131.16,1534920.0
2023-06-14,131.42,132.4,130.26,131.0,672240.0
2023-06-15,131.6,135.6,130.5,133.26,2176940.0
2023-06-16,134.1,149.38,133.58,149.0,7036050.0
2023-06-19,151.3,179.8,147.5,178.3,18880080.0
2023-06-20,178.32,183.0,166.2,172.62,15830730.0
2023-06-21,173.9,177.64,170.0,170.26,3861310.0
2023-06-22,170.1,179.9,168.26,173.92,5529110.0
2023-06-23,172.48,182.44,170.66,176.16,8587830.0
2023-06-26,177.04,180.0,172.12,173.04,2533820.0
2023-06-27,174.1,176.76,170.16,171.8,1738270.0
2023-06-28,172.22,173.5,166.54,171.5,2058470.0
2023-06-29,172.02,175.4,169.1,171.34,1514460.0
2023-06-30,171.44,171.78,168.1,168.88,1019810.0
2023-07-03,168.0,172.5,167.62,169.6,815980.0
2023-07-04,169.0,169.98,160.9,162.8,2656170.0
2023-07-05,163.8,164.32,154.16,154.18,4449370.0
2023-07-06,155.02,158.9,154.18,154.52,2267020.0
2023-07-07,154.58,158.54,154.58,155.4,1142810.0
2023-07-10,158.38,166.88,156.32,165.3,4055160.0
2023-07-11,165.26,167.6,162.0,164.3,1643280.0
2023-07-12,164.5,166.1,162.5,164.1,1341100.0
2023-07-13,164.72,168.54,164.14,166.62,2138530.0
2023-07-14,167.46,167.48,163.7,164.68,1169960.0
2023-07-17,163.08,165.7,162.62,164.1,714940.0
2023-07-18,164.42,165.68,163.0,163.8,1119080.0
2023-07-19,163.82,174.88,160.6,172.86,7603600.0
2023-07-20,173.5,179.88,168.0,168.1,5022800.0
2023-07-21,168.18,170.48,166.0,169.16,1309870.0
2023-07-24,169.9,176.18,168.76,174.38,2551200.0
2023-07-25,175.48,175.5,168.74,172.2,2014210.0
2023-07-26,172.72,180.82,166.26,172.92,13085350.0
2023-07-27,174.62,178.34,173.72,176.36,3996100.0
2023-07-28,177.68,186.32,177.26,185.46,7523200.0
2023-07-31,190.12,209.88,187.26,208.02,17166180.0
2023-08-01,209.24,227.5,208.5,219.5,23195410.0
2023-08-02,220.04,222.0,211.4,216.5,7895450.0
2023-08-03,217.38,221.78,216.5,219.0,3884410.0
2023-08-04,220.8,223.68,213.0,215.9,4454800.0
2023-08-07,219.18,225.6,216.0,220.64,5396030.0
2023-08-08,221.76,230.88,217.02,220.96,10401530.0
2023-08-09,222.14,222.64,219.0,220.46,1610220.0
2023-08-10,221.12,223.88,219.7,222.0,1906900.0
2023-08-11,222.9,237.72,222.68,233.5,16086540.0
2023-08-14,239.0,249.46,231.04,237.98,13270510.0
2023-08-15,235.68,249.2,225.04,245.5,7748900.0
2023-08-16,245.3,247.74,227.0,238.96,6326530.0
2023-08-17,241.14,243.0,233.02,237.02,2053180.0
2023-08-18,237.54,242.76,237.02,242.7,1948240.0
2023-08-21,243.1,249.0,242.04,244.46,3094530.0
2023-08-22,245.86,247.9,242.54,244.4,1807500.0
2023-08-23,244.64,246.0,237.7,242.48,2631350.0
2023-08-24,241.86,248.0,238.2,244.8,5228220.0
2023-08-25,246.48,248.98,241.86,243.6,2204110.0
2023-08-28,244.8,252.4,244.0,250.46,7035970.0
2023-08-29,251.5,263.4,250.46,260.8,10269860.0
2023-08-30,261.82,277.82,260.8,270.4,12621960.0
2023-08-31,271.4,276.6,262.46,265.8,4920900.0
2023-09-01,264.72,264.74,257.0,261.46,4166650.0
2023-09-04,260.72,271.98,260.1,271.0,6541910.0
2023-09-05,258.0,264.0,256.0,260.1,8597200.0
2023-09-06,260.12,263.3,251.0,255.8,3811820.0
2023-09-07,255.78,255.8,239.5,243.72,3264280.0
2023-09-08,243.72,249.5,231.0,246.0,4266380.0
2023-09-11,245.9,246.0,237.36,239.3,1614410.0
2023-09-12,239.36,245.9,239.34,242.18,1218980.0
2023-09-13,244.4,245.86,240.24,240.6,862500.0
2023-09-14,240.96,240.98,216.0,234.0,3022430.0
2023-09-15,233.66,244.0,230.0,243.02,1305450.0
2023-09-18,244.04,252.44,242.1,244.84,2991260.0
2023-09-19,244.56,250.0,234.0,238.7,3116410.0
2023-09-20,238.8,241.24,222.6,227.98,3798130.0
2023-09-21,215.06,225.68,212.14,222.7,7455620.0
2023-09-22,223.5,227.0,220.1,221.5,2595170.0
2023-09-25,222.18,233.4,220.5,230.0,2916650.0
2023-09-26,231.0,232.3,222.6,224.9,1764450.0
2023-09-27,225.0,228.6,224.42,226.36,1584850.0
2023-09-28,227.34,227.48,220.58,220.68,2350310.0
2023-09-29,220.98,227.5,217.24,220.98,5142920.0
2023-10-02,223.52,224.2,217.72,219.58,2178680.0
2023-10-03,221.36,221.36,215.0,218.46,1343460.0
2023-10-04,219.0,219.02,215.0,215.32,936510.0
2023-10-05,215.34,216.76,208.5,209.34,2514890.0
2023-10-06,209.34,219.8,202.22,215.0,8067320.0
2023-10-09,216.58,220.8,211.42,216.48,4417190.0
2023-10-10,217.0,217.9,214.0,216.1,1401370.0
2023-10-11,215.76,224.76,214.28,221.8,7241660.0
2023-10-12,216.26,220.56,211.38,217.7,3356980.0
2023-10-13,218.6,219.8,216.62,217.9,967380.0
2023-10-16,223.8,225.0,220.2,222.42,4044520.0
2023-10-17,223.1,230.0,222.04,229.9,5542550.0
2023-10-18,230.4,239.0,230.3,235.8,9894180.0
2023-10-19,236.2,236.5,231.58,232.5,2279320.0
2023-10-20,232.54,233.0,227.0,231.2,2520900.0
2023-10-23,232.0,233.1,225.0,228.72,1449330.0
2023-10-24,228.72,232.4,226.0,231.0,2589060.0
2023-10-25,231.1,233.0,228.68,228.8,1051920.0
2023-10-26,228.5,230.5,221.36,221.5,1755020.0
2023-10-27,222.0,226.0,217.6,222.0,2388330.0
2023-10-30,223.8,227.4,221.28,224.7,1547150.0
2023-10-31,224.18,225.24,215.18,219.0,2867330.0
2023-11-01,217.98,225.0,215.7,220.0,1021290.0
2023-11-02,220.16,221.84,217.0,217.5,872990.0
2023-11-03,217.96,219.36,216.32,217.1,607860.0
2023-11-06,217.22,220.0,217.0,219.28,384870.0
2023-11-07,219.24,223.8,218.8,221.92,1498580.0
2023-11-08,222.72,228.0,222.2,226.96,2254160.0
2023-11-09,227.98,227.98,222.02,223.34,996180.0
2023-11-10,223.34,224.44,217.5,221.48,1715000.0
2023-11-13,221.7,223.5,218.02,218.3,1280500.0
2023-11-14,218.3,219.08,212.1,213.8,1743080.0
2023-11-15,213.3,219.38,210.0,217.78,1562620.0
2023-11-16,218.0,221.58,214.0,214.76,1544110.0
2023-11-17,214.02,218.24,214.02,216.0,788370.0
2023-11-20,216.38,218.64,215.98,216.6,490330.0
2023-11-21,216.5,219.9,215.0,218.9,782360.0
2023-11-22,218.6,221.66,217.0,219.0,956990.0
2023-11-23,218.68,218.7,215.62,216.2,592830.0
2023-11-24,215.7,216.8,212.52,214.06,753350.0
2023-11-27,213.8,213.88,205.26,208.88,2234740.0
2023-11-28,208.48,214.78,206.06,211.74,2130030.0
2023-11-29,212.02,213.82,206.72,208.92,537370.0
2023-11-30,208.92,209.32,202.0,203.5,1261490.0
2023-12-01,202.9,202.92,188.04,189.84,5784530.0
2023-12-04,189.74,190.9,180.0,180.12,3624510.0
2023-12-05,180.5,196.8,180.42,196.5,5201830.0
2023-12-06,196.98,198.2,184.1,189.02,3937060.0
2023-12-07,188.32,198.56,180.9,195.8,5486140.0
2023-12-08,197.78,201.0,192.06,193.8,3763100.0
2023-12-11,193.5,196.0,186.36,189.06,1852130.0
2023-12-12,189.62,194.0,187.2,189.64,1359540.0
2023-12-13,190.88,190.96,188.06,189.84,984650.0
2023-12-14,190.14,193.7,184.6,187.94,1530540.0
2023-12-15,187.92,195.0,187.06,194.16,1245790.0
2023-12-18,195.2,203.48,194.36,203.46,3507420.0
2023-12-19,203.5,204.5,197.0,200.52,2910780.0
2023-12-20,201.2,201.96,197.92,199.18,1485450.0
2023-12-21,199.0,199.46,192.42,197.92,1529600.0
2023-12-22,197.5,201.72,196.74,199.72,1399380.0
2023-12-25,200.42,205.9,199.8,204.44,3079670.0
2023-12-26,204.42,205.3,200.0,201.2,1852690.0
2023-12-27,201.52,204.0,199.5,200.22,1558640.0
2023-12-28,199.92,201.0,195.62,197.52,1457610.0
2023-12-29,197.3,198.24,196.14,197.28,875330.0
2024-01-03,198.26,204.5,197.32,204.0,1153530.0
2024-01-04,205.88,219.84,204.92,218.32,8722970.0
2024-01-05,218.56,227.0,216.02,222.38,10179130.0
2024-01-08,223.0,226.2,220.2,221.12,4299830.0
2024-01-09,220.72,222.98,218.5,221.44,2012540.0
2024-01-10,221.52,221.98,216.3,217.36,1968400.0
2024-01-11,216.46,224.4,216.46,223.4,3763770.0
2024-01-12,223.14,224.6,220.5,221.2,1818750.0
2024-01-15,221.8,223.5,220.52,222.0,1523830.0
2024-01-16,221.54,232.5,219.2,228.5,8296920.0
2024-01-17,229.24,233.0,226.46,232.5,4513200.0
2024-01-18,232.48,234.28,225.2,227.1,3531540.0
2024-01-19,226.7,226.92,222.88,224.74,2910110.0
2024-01-22,224.82,229.08,222.3,225.2,6156070.0
2024-01-23,224.9,228.56,224.38,226.6,1643480.0
2024-01-24,226.2,227.76,223.24,223.66,1258840.0
2024-01-25,223.66,225.5,221.0,223.02,2394590.0
2024-01-26,222.84,224.0,221.78,222.1,1114710.0
2024-01-29,223.1,226.78,222.3,224.64,1590270.0
2024-01-30,225.3,228.0,224.5,226.64,1449690.0
2024-01-31,226.66,228.4,226.12,226.78,1164900.0
2024-02-01,227.3,229.98,226.1,226.52,1106360.0
2024-02-02,227.0,227.2,223.62,224.52,876180.0
2024-02-05,224.26,225.36,219.38,221.5,1697260.0
2024-02-06,221.52,223.5,220.0,223.38,1118410.0
2024-02-07,223.62,229.7,223.52,227.18,4501760.0
2024-02-08,228.0,229.8,222.36,224.24,1749120.0
2024-02-09,224.2,226.06,223.08,224.6,676710.0
2024-02-12,225.0,225.4,222.7,223.56,596360.0
2024-02-13,223.56,229.44,223.5,227.74,1710960.0
2024-02-14,228.08,228.5,224.92,225.46,1361610.0
2024-02-15,225.5,235.0,223.96,232.7,8184780.0
2024-02-16,232.8,236.7,228.42,231.8,5752460.0
2024-02-19,231.8,237.0,226.4,227.84,3952320.0
2024-02-20,227.82,227.82,215.2,217.54,4543480.0
2024-02-21,218.02,219.76,208.0,216.42,4084920.0
2024-02-22,216.92,221.0,215.16,217.7,1662230.0
2024-02-26,211.44,221.0,209.2,220.62,2766520.0
2024-02-27,221.04,223.74,218.12,219.1,1976540.0
2024-02-28,219.78,222.9,218.92,221.5,1455210.0
2024-02-29,222.02,224.64,217.42,219.86,3905060.0
2024-03-01,220.06,221.48,217.5,217.5,2472000.0
2024-03-04,217.5,218.9,214.48,217.1,2106320.0
2024-03-05,217.44,217.5,215.0,215.42,1093140.0
2024-03-06,215.52,216.2,213.0,213.14,1902760.0
2024-03-07,213.02,219.98,211.76,217.86,4050040.0
2024-03-11,220.7,223.3,218.0,220.44,3237950.0
2024-03-12,220.44,223.0,218.0,222.08,2384710.0
2024-03-13,222.7,223.7,219.24,220.36,1645300.0
2024-03-14,220.16,220.26,215.52,218.48,1315540.0
2024-03-15,218.54,219.68,216.66,217.6,928960.0
2024-03-18,219.66,221.26,218.1,220.0,1292020.0
2024-03-19,220.1,220.62,217.5,218.0,1116850.0
2024-03-20,218.68,220.2,217.14,218.54,1003480.0
2024-03-21,218.8,219.66,214.0,218.26,1231550.0
2024-03-22,218.9,219.44,212.98,214.9,1426730.0
2024-03-25,215.46,220.66,215.02,218.78,1694900.0
2024-03-26,218.84,219.14,216.02,216.92,1025720.0
2024-03-27,217.44,217.9,215.92,216.6,1046330.0
2024-03-28,216.8,217.2,215.04,216.42,1034390.0
2024-03-29,216.42,218.94,216.2,216.4,1106160.0
2024-04-01,216.7,222.68,216.7,220.68,2848010.0
2024-04-02,220.5,222.88,218.5,219.86,1841240.0
2024-04-03,220.2,222.5,217.82,220.98,2094420.0
2024-04-04,221.58,226.5,220.2,223.82,5239220.0
2024-04-05,224.0,226.8,223.0,223.98,1758340.0
2024-04-08,224.58,234.5,224.42,234.5,7164950.0
2024-04-09,234.94,235.0,226.4,228.8,4229200.0
2024-04-10,229.16,229.46,225.52,228.34,1721990.0
2024-04-11,229.0,234.1,228.36,231.1,2386020.0
2024-04-12,231.3,231.92,230.0,230.0,1030480.0
2024-04-15,231.7,242.98,231.34,242.92,6106720.0
2024-04-16,242.9,242.92,236.0,239.4,4132830.0
2024-04-17,240.0,241.78,237.62,238.8,1546390.0
2024-04-18,239.0,239.88,230.5,233.2,3848630.0
2024-04-19,234.9,236.58,227.1,229.34,3336380.0
2024-04-22,229.82,232.76,228.9,229.24,1749470.0
2024-04-23,229.2,230.8,225.36,226.22,1481390.0
2024-04-24,226.22,228.14,223.16,223.3,1312210.0
2024-04-25,223.96,226.96,220.14,222.24,1440440.0
2024-04-26,222.72,224.1,219.56,221.06,1705230.0
2024-04-27,221.44,221.64,219.52,220.22,1358690.0
2024-04-29,221.18,227.22,220.64,226.58,1952070.0
2024-04-30,227.36,229.0,225.16,226.14,944360.0
2024-05-02,226.22,226.36,221.48,222.5,1339850.0
2024-05-03,222.44,222.5,220.0,221.42,853050.0
2024-05-06,222.08,224.6,221.0,222.32,831990.0
2024-05-07,223.58,224.0,221.5,222.6,783110.0
2024-05-08,222.5,223.9,221.9,223.44,530390.0
2024-05-10,223.26,224.88,222.04,223.9,624100.0
2024-05-13,224.44,228.28,224.06,225.46,1496840.0
2024-05-14,226.02,227.66,222.56,224.9,1113000.0
2024-05-15,225.0,225.5,222.4,223.46,844920.0
2024-05-16,223.54,223.82,218.2,220.38,2048990.0
2024-05-17,221.04,222.0,217.0,217.76,2632740.0
2024-05-20,217.78,218.5,214.22,215.04,1476030.0
2024-05-21,215.04,215.28,210.0,214.54,2165000.0
2024-05-22,214.9,223.66,214.66,222.92,3887180.0
2024-05-23,222.36,224.0,218.5,220.9,1803610.0
2024-05-24,220.18,221.06,217.02,218.7,1263520.0
2024-05-27,219.0,220.14,209.1,211.94,2201320.0
2024-05-28,212.02,215.0,207.38,208.34,1810070.0
2024-05-29,208.3,209.84,199.0,200.0,4393470.0
2024-05-30,197.98,203.38,186.8,190.28,10025520.0
2024-05-31,187.2,189.2,180.64,183.88,4425430.0
2024-06-03,185.44,192.6,180.0,187.44,8346020.0
2024-06-04,179.02,198.42,177.58,196.1,8210530.0
2024-06-05,196.06,205.96,191.16,203.68,9034670.0
2024-06-06,204.64,205.48,200.1,203.96,1831610.0
2024-06-07,203.66,210.0,202.62,206.42,2668550.0
2024-06-10,206.76,208.88,204.0,205.34,1907580.0
2024-06-11,204.56,205.94,200.5,205.84,1868220.0
2024-06-13,194.58,205.36,194.0,203.16,2608520.0
2024-06-14,203.9,210.0,201.66,209.62,1162630.0
2024-06-17,210.46,215.0,206.82,206.82,1590800.0
2024-06-18,206.8,209.56,202.1,203.0,1344450.0
2024-06-19,203.0,203.38,191.62,195.06,1962510.0
2024-06-20,195.0,206.5,193.12,204.7,1345550.0
2024-06-21,205.28,206.28,198.26,199.32,963170.0
2024-06-24,200.0,201.46,196.66,197.16,423450.0
2024-06-25,197.16,200.94,194.2,200.7,632620.0
2024-06-26,200.9,203.48,199.34,200.52,488290.0
2024-06-27,201.12,202.28,198.7,200.8,474210.0
2024-06-28,200.64,201.3,197.8,198.8,540040.0
2024-07-01,200.0,200.96,198.84,199.4,377410.0
2024-07-02,199.0,199.94,194.6,196.08,811240.0
2024-07-03,196.54,196.54,190.34,192.68,895740.0
2024-07-04,192.6,192.6,185.54,187.8,1319520.0
2024-07-05,188.22,188.92,185.0,186.58,948780.0
2024-07-08,186.58,186.58,180.0,180.28,1261140.0
2024-07-09,181.28,184.46,170.82,171.68,3786020.0
2024-07-10,172.2,172.28,157.1,160.48,3832180.0
2024-07-11,161.4,174.74,161.0,173.74,3022020.0
2024-07-12,176.42,176.48,164.46,172.36,3271800.0
2024-07-15,172.5,174.28,165.0,167.0,2650230.0
2024-07-16,166.52,172.1,161.84,170.8,3487240.0
2024-07-17,172.86,173.82,168.1,170.08,1955640.0
2024-07-18,170.8,175.44,168.0,173.84,1351000.0
2024-07-19,173.92,182.24,172.96,180.1,2080470.0
2024-07-22,181.86,184.78,177.24,179.0,1565510.0
2024-07-23,179.1,179.78,175.92,178.18,671740.0
2024-07-24,177.98,181.98,176.48,180.08,853140.0
2024-07-25,180.3,182.0,178.02,178.38,753710.0
2024-07-26,178.38,180.6,173.0,174.7,1458530.0
2024-07-29,173.62,174.32,165.96,166.44,1789940.0
2024-07-30,165.96,168.9,163.0,167.5,1612260.0
2024-07-31,167.72,169.98,165.0,167.7,682810.0
2024-08-01,167.94,169.48,164.68,166.42,700420.0
2024-08-02,166.36,166.36,161.5,165.12,875980.0
2024-08-05,163.46,163.94,159.04,160.38,1144990.0
2024-08-06,162.0,163.92,159.0,159.96,984890.0
2024-08-07,159.98,161.9,154.48,160.22,4012210.0
2024-08-08,160.82,160.82,155.3,156.2,2258910.0
2024-08-09,155.64,158.26,154.28,154.6,1841730.0
2024-08-12,153.94,154.0,150.62,151.5,3390220.0
2024-08-13,149.66,149.7,147.16,147.76,5549450.0
2024-08-14,147.8,150.88,145.04,145.2,3729090.0
2024-08-15,144.94,144.94,139.0,139.44,4545310.0
2024-08-16,139.62,141.3,137.0,138.08,3985640.0
2024-08-19,138.0,138.48,130.8,134.32,6904620.0
2024-08-20,134.0,134.12,129.5,131.08,4034530.0
2024-08-21,130.7,133.12,129.54,131.86,3265920.0
2024-08-22,132.18,132.9,121.6,124.52,5249740.0
2024-08-23,124.8,124.96,113.24,120.48,7243270.0
2024-08-26,125.0,127.78,120.74,126.86,4289510.0
2024-08-27,127.6,127.6,117.18,118.64,4161670.0
2024-08-28,118.36,118.6,108.0,113.1,7327120.0
2024-08-29,113.1,114.38,105.1,108.54,11529190.0
2024-08-30,108.54,109.88,102.56,103.66,5857080.0
2024-09-02,102.98,102.98,95.7,97.78,9378320.0
2024-09-03,97.42,104.38,93.12,100.78,16703200.0
2024-09-04,101.5,110.0,99.1,108.62,12488960.0
2024-09-05,109.9,112.78,104.24,108.26,12359100.0
2024-09-06,108.02,109.44,105.02,107.94,4934020.0
2024-09-09,108.94,111.88,107.5,110.92,5264800.0
2024-09-10,111.86,113.48,108.5,109.98,5476350.0
2024-09-11,109.66,110.74,103.3,104.18,5853540.0
2024-09-12,102.82,104.06,100.0,101.5,6625050.0
2024-09-13,102.0,102.86,94.94,101.62,11119950.0
2024-09-16,102.94,106.44,102.84,105.86,5453200.0
2024-09-17,106.5,107.64,102.86,106.72,4687350.0
2024-09-18,107.32,107.34,103.22,103.9,3012720.0
2024-09-19,104.66,107.32,103.36,106.48,2924750.0
2024-09-20,106.58,108.82,105.88,108.5,2863640.0
2024-09-23,110.84,119.66,110.66,119.52,21925420.0
2024-09-24,120.9,122.8,116.72,121.34,14679100.0
2024-09-25,120.94,122.98,117.3,118.32,8741160.0
2024-09-26,118.02,120.44,115.32,119.2,5687830.0
2024-09-27,119.04,121.5,118.38,120.38,2331470.0
2024-09-30,122.48,123.88,117.44,117.8,4353500.0
2024-10-01,117.74,118.68,114.1,115.12,5374630.0
2024-10-02,115.2,116.38,109.5,110.48,5678640.0
2024-10-03,110.48,114.74,108.02,114.36,6195460.0
2024-10-04,114.44,114.48,111.8,113.94,3402690.0
2024-10-07,114.84,116.74,112.32,113.3,6936550.0
2024-10-08,113.14,113.56,111.02,112.54,2118260.0
2024-10-09,112.68,113.38,111.1,112.4,2424560.0
2024-10-10,112.8,112.96,110.06,111.32,2204500.0
2024-10-11,111.36,112.0,110.1,111.84,1857450.0
2024-10-14,111.8,114.94,110.44,114.08,2843870.0
2024-10-15,114.22,117.52,113.92,114.54,4511970.0
2024-10-16,115.5,116.36,112.48,113.1,2076590.0
2024-10-17,113.54,113.96,111.1,111.2,1948130.0
2024-10-18,111.2,113.4,110.22,113.2,2427960.0
2024-10-21,113.22,114.46,111.5,111.84,1854410.0
2024-10-22,112.02,112.26,108.36,108.84,2929390.0
2024-10-23,108.78,108.78,105.06,105.36,2506350.0
2024-10-24,105.02,107.64,104.0,106.4,3610160.0
2024-10-25,106.0,108.0,103.12,105.24,5659390.0
2024-10-28,103.82,103.84,101.3,102.64,3280340.0
2024-10-29,102.8,105.44,101.5,104.84,3359850.0
2024-10-30,104.88,106.34,102.44,102.82,2125360.0
2024-10-31,102.18,103.08,101.04,101.5,1987190.0
2024-11-01,101.48,104.88,100.28,104.2,1784030.0
2024-11-02,104.08,105.44,102.66,104.48,919800.0
2024-11-05,104.44,105.34,103.52,105.34,1107120.0
2024-11-06,108.0,108.92,104.86,106.54,2457220.0
2024-11-07,106.94,109.62,105.82,109.42,1437600.0
2024-11-08,109.98,110.58,107.46,110.38,2192180.0
2024-11-11,110.96,111.6,109.5,110.3,1625420.0
2024-11-12,110.8,110.8,108.02,108.32,1754250.0
2024-11-13,108.28,111.0,107.3,108.02,2723610.0
2024-11-14,108.02,108.84,105.8,106.52,1339910.0
2024-11-15,106.48,109.5,105.32,109.46,1416140.0
2024-11-18,106.82,108.32,105.9,107.4,989730.0
2024-11-19,107.24,107.92,103.24,104.68,1989690.0
2024-11-20,104.48,105.94,101.28,102.58,1978920.0
2024-11-21,102.78,104.08,100.02,103.5,1806640.0
2024-11-22,103.48,104.0,101.12,101.5,1130630.0
2024-11-25,101.5,101.92,96.7,97.98,2163650.0
2024-11-26,97.38,100.96,95.0,98.84,4811550.0
2024-11-27,98.66,100.0,90.5,99.76,4963190.0
2024-11-28,100.52,102.0,96.94,100.76,1843800.0
2024-11-29,100.52,101.34,98.8,100.3,1921530.0
2024-12-02,100.28,101.98,99.38,100.06,1036530.0
2024-12-03,100.08,100.18,95.88,96.1,1530820.0
2024-12-04,96.0,97.74,92.0,92.98,2267140.0
2024-12-05,93.12,96.2,91.52,95.7,3471920.0
2024-12-06,95.86,96.2,93.32,94.76,1147880.0
2024-12-09,94.98,96.64,94.1,94.66,1242280.0
2024-12-10,94.74,94.9,93.14,93.84,989150.0
2024-12-11,93.72,94.88,91.56,93.98,2243140.0
2024-12-12,94.12,94.54,91.2,91.98,1248150.0
2024-12-13,91.94,92.26,90.0,90.56,954900.0
2024-12-16,90.18,90.28,87.0,87.24,1549490.0
2024-12-17,87.02,87.66,82.76,85.28,3885430.0
2024-12-18,85.1,87.0,82.96,86.06,2762660.0
2024-12-19,86.56,87.08,84.04,85.42,1658960.0
2024-12-20,85.42,97.8,84.52,96.5,5905140.0
2024-12-23,98.46,101.94,95.94,97.6,2635010.0
2024-12-24,98.0,98.8,94.8,96.32,1874660.0
2024-12-25,96.3,98.72,95.14,98.56,1749460.0
2024-12-26,98.5,100.0,96.9,97.06,1668060.0
2024-12-27,97.02,98.08,96.16,97.46,989660.0
2024-12-28,97.98,100.72,97.48,100.0,1725990.0
2024-12-30,101.5,103.7,101.18,102.84,2468500.0
2025-01-03,104.76,105.96,101.64,102.42,1538110.0
2025-01-06,101.92,102.96,100.28,101.96,870880.0
2025-01-08,102.34,104.98,101.92,104.54,947660.0
2025-01-09,104.48,105.94,100.0,100.96,1608300.0
2025-01-10,101.1,105.62,99.58,103.56,2133300.0
2025-01-13,104.72,105.48,103.1,103.8,1394010.0
2025-01-14,103.78,104.36,102.0,103.76,1615010.0
2025-01-15,103.78,104.5,101.58,103.62,2042630.0
2025-01-16,104.18,106.5,101.4,105.62,3870400.0
2025-01-17,105.34,109.3,104.6,108.7,2941670.0
2025-01-20,110.76,111.2,105.5,106.18,2521710.0
2025-01-21,108.0,108.6,105.96,108.46,1070890.0
2025-01-22,109.52,109.78,106.56,106.86,1737770.0
2025-01-23,106.94,110.4,106.04,110.3,1197190.0
2025-01-24,109.92,110.2,107.68,108.72,1507340.0
2025-01-27,109.12,109.12,105.54,105.8,924660.0
2025-01-28,105.84,108.14,103.7,107.1,2096580.0
2025-01-29,107.38,108.34,106.64,106.98,598630.0
2025-01-30,107.32,107.98,105.54,107.14,1200890.0
2025-01-31,107.52,108.0,105.2,105.58,1107670.0
2025-02-03,105.62,105.88,102.5,103.3,1317940.0
2025-02-04,103.88,103.92,101.02,102.08,1058000.0
2025-02-05,101.92,104.66,100.6,104.04,1034740.0
2025-02-06,104.68,105.2,103.38,103.9,646240.0
2025-02-07,104.3,104.42,103.0,103.46,346520.0
2025-02-10,104.24,105.42,102.5,102.96,1605160.0
2025-02-11,103.58,104.62,102.98,104.54,908730.0
2025-02-12,105.02,115.0,104.5,111.1,10270080.0
2025-02-13,113.1,113.6,109.18,112.84,3309040.0
2025-02-14,113.2,121.0,110.36,115.76,9607120.0
2025-02-17,117.28,126.04,117.28,126.04,7546840.0
2025-02-18,123.6,125.14,117.8,120.2,3712530.0
2025-02-19,120.62,124.18,119.16,123.46,1778590.0
2025-02-20,124.4,125.62,121.5,122.8,1578350.0
2025-02-21,122.88,132.16,122.72,131.18,16970030.0
2025-02-24,132.3,136.5,131.18,135.9,7665540.0
2025-02-25,137.8,147.0,135.02,145.66,13706540.0
2025-02-26,145.28,145.28,136.78,138.68,7799380.0
2025-02-27,137.36,138.26,129.0,129.3,8594930.0
2025-02-28,130.0,133.52,125.0,132.1,12073270.0
2025-03-03,126.98,128.08,123.26,126.66,12610540.0
2025-03-04,127.52,131.18,126.32,129.74,3923370.0
2025-03-05,128.6,136.3,128.3,132.18,6932930.0
2025-03-06,133.58,135.54,130.88,132.32,3322980.0
2025-03-07,133.86,134.9,127.5,131.06,2639320.0
2025-03-10,131.0,131.26,127.16,128.3,2121710.0
2025-03-11,127.84,129.18,126.56,127.04,1725700.0
2025-03-12,126.34,127.36,123.9,124.56,1681800.0
2025-03-13,123.0,125.5,120.1,123.72,3252990.0
2025-03-14,123.16,128.36,122.9,126.8,1684450.0
2025-03-17,130.06,132.68,129.7,131.84,2495090.0
2025-03-18,133.16,134.0,129.28,129.7,1630760.0
2025-03-19,129.9,132.6,127.54,131.62,1384550.0
2025-03-20,132.48,136.78,130.5,135.56,2885130.0
2025-03-21,136.36,140.58,133.48,133.56,4984840.0
2025-03-24,133.58,133.72,128.62,129.64,2202270.0
2025-03-25,129.38,131.86,125.06,129.72,2535790.0
2025-03-26,129.28,131.14,125.2,125.8,1631410.0
2025-03-27,125.8,126.98,122.62,123.02,1889300.0
2025-03-28,123.0,125.66,118.96,119.92,2556600.0
2025-03-29,119.82,119.82,117.86,117.9,118200.0
2025-03-30,117.86,117.86,117.86,117.86,31350.0
2025-03-31,117.8,121.92,115.6,121.6,2248350.0
2025-04-01,121.82,126.0,119.1,120.96,3211080.0
2025-04-02,120.44,124.5,117.9,121.48,5181310.0
2025-04-03,121.94,123.2,116.48,119.1,2288800.0
2025-04-04,119.1,120.56,111.6,111.96,2691250.0
2025-04-05,111.7,112.04,110.38,111.8,256290.0
2025-04-06,111.94,114.14,111.44,114.14,306070.0
2025-04-07,113.74,113.74,101.66,105.32,4987620.0
2025-04-08,107.44,107.98,99.14,99.42,2168950.0
2025-04-09,99.74,109.12,96.2,109.0,6301760.0
2025-04-10,109.12,114.6,108.02,110.78,3221600.0
2025-04-11,110.94,114.38,110.94,113.32,2246250.0
2025-04-12,113.32,115.6,113.32,114.76,291660.0
2025-04-13,114.5,115.26,113.8,114.76,295110.0
2025-04-14,114.68,115.04,109.52,110.44,1804820.0
2025-04-15,110.18,112.04,107.56,110.14,1832660.0
2025-04-16,110.14,112.6,107.92,110.1,2000410.0
2025-04-17,110.62,112.9,105.5,109.2,6484070.0
2025-04-18,108.96,110.26,106.54,109.16,2039070.0
2025-04-21,110.22,114.8,109.84,113.36,3179790.0
2025-04-22,113.6,117.82,113.56,115.86,2747100.0
2025-04-23,116.3,116.4,112.22,113.32,2114930.0
2025-04-24,113.26,114.84,112.54,113.0,1053890.0
2025-04-25,113.22,115.12,113.06,114.52,1398930.0
2025-04-26,115.0,116.46,113.44,114.04,291740.0
2025-04-27,114.32,115.24,114.1,115.2,100090.0
2025-04-28,115.2,115.54,111.4,113.46,1995800.0
2025-04-29,113.42,113.64,109.5,110.58,1497300.0
2025-04-30,110.5,111.54,108.78,110.28,1301160.0
2025-05-02,110.28,110.28,106.04,106.52,777730.0
2025-05-03,106.48,107.36,106.06,107.08,42470.0
2025-05-04,106.68,109.7,106.5,108.42,147550.0
2025-05-05,108.24,108.42,101.98,103.48,1702910.0
2025-05-06,102.9,106.46,101.42,105.34,1164060.0
2025-05-07,105.32,107.6,104.3,106.04,1159720.0
2025-05-08,106.1,108.2,105.78,106.6,907990.0
2025-05-10,106.38,107.24,105.52,106.5,126280.0
2025-05-11,107.52,108.88,107.1,107.76,243600.0
2025-05-12,108.64,110.0,107.2,107.82,1181620.0
2025-05-13,107.96,108.56,106.66,107.1,612170.0
2025-05-14,107.0,107.9,104.76,105.1,672830.0
2025-05-15,105.1,106.36,102.42,104.02,1333330.0
2025-05-16,104.02,105.84,102.4,104.32,978960.0
2025-05-17,104.46,105.6,104.28,105.48,119000.0
2025-05-18,106.2,106.92,106.04,106.7,129610.0
2025-05-19,106.7,107.28,105.1,105.4,785990.0
2025-05-20,105.62,105.9,103.42,104.02,778030.0
2025-05-21,104.42,104.56,102.98,102.98,368480.0
2025-05-22,103.0,103.32,101.0,101.42,944140.0
2025-05-23,101.42,102.88,101.14,101.72,349610.0
2025-05-26,101.74,101.82,96.88,97.42,1419190.0
2025-05-27,97.66,99.24,95.22,99.0,2122960.0
2025-05-28,99.16,103.34,98.72,101.66,2344500.0
2025-05-29,101.66,101.82,99.04,99.42,2185400.0
2025-05-30,99.4,101.82,99.06,100.4,1161020.0
2025-05-31,99.98,100.98,99.46,100.56,61190.0
2025-06-01,100.22,100.24,97.88,98.06,349230.0
2025-06-02,98.5,110.2,97.62,109.66,23996680.0
2025-06-03,109.0,110.42,107.22,108.18,5568810.0
2025-06-04,108.66,109.36,107.02,107.64,2438510.0
2025-06-05,108.0,108.86,107.56,108.38,727620.0
2025-06-06,108.6,110.16,104.82,106.26,2924930.0
2025-06-07,106.32,107.3,105.92,106.44,71850.0
2025-06-08,106.14,106.88,106.0,106.58,52640.0
2025-06-09,106.52,107.3,105.34,106.7,720390.0
2025-06-10,106.82,112.96,106.68,111.7,6298080.0
2025-06-11,111.7,112.4,108.28,109.02,2949580.0
2025-06-13,109.18,110.78,108.36,110.2,739790.0
2025-06-14,110.02,110.48,109.72,109.86,58760.0
2025-06-15,110.0,110.98,109.36,110.66,148490.0
2025-06-16,111.12,112.9,108.6,111.28,2115420.0
2025-06-17,111.32,113.44,108.8,109.32,3455240.0
2025-06-18,109.32,110.4,107.72,108.46,1039470.0
2025-06-19,108.64,109.72,108.3,108.68,504910.0
2025-06-20,108.7,109.42,107.52,107.62,627410.0
2025-06-23,107.66,108.46,106.34,107.28,884520.0
2025-06-24,107.32,108.34,106.84,107.82,593900.0
2025-06-25,108.04,108.96,107.92,108.3,619110.0
2025-06-26,108.54,110.9,107.3,107.52,3202380.0
2025-06-27,107.06,107.4,105.42,106.58,1603990.0
2025-06-28,106.98,107.1,106.32,106.34,104420.0
2025-06-29,106.74,106.88,106.1,106.54,76230.0
2025-06-30,106.88,107.64,106.34,107.36,619550.0
2025-07-01,107.5,108.36,105.96,106.52,993950.0
2025-07-02,106.9,107.38,105.24,106.18,474330.0
2025-07-03,106.12,106.68,105.62,106.14,412820.0
2025-07-04,106.02,106.4,105.22,106.02,430040.0
2025-07-05,105.86,108.3,104.5,105.06,350190.0
2025-07-06,104.92,104.98,104.38,104.9,25250.0
2025-07-07,105.02,105.04,103.64,104.78,723970.0
2025-07-08,104.36,105.44,102.72,104.46,1260480.0
2025-07-09,104.2,105.24,103.88,104.86,615900.0
2025-07-10,105.14,108.2,104.52,104.72,839680.0
2025-07-11,104.64,104.88,101.68,102.68,1532310.0
2025-07-12,102.56,103.04,102.22,102.54,35860.0
2025-07-13,102.46,102.6,101.8,102.22,44480.0
2025-07-14,102.1,104.28,98.24,103.82,1834710.0
2025-07-15,103.96,104.3,103.04,103.14,359560.0
2025-07-16,103.2,104.28,103.1,103.74,565620.0
2025-07-17,104.0,104.76,102.22,102.46,523530.0
2025-07-18,102.34,104.06,102.3,103.9,824120.0
2025-07-19,104.38,105.56,103.92,104.58,341520.0
2025-07-20,104.48,104.72,103.14,104.28,322980.0
2025-07-21,104.26,106.72,103.62,104.9,1548980.0
2025-07-22,105.04,105.52,103.42,104.82,923850.0
2025-07-23,104.94,106.72,104.76,104.86,1550940.0
2025-07-24,104.96,105.38,104.38,104.92,488810.0
2025-07-25,105.14,105.96,103.84,104.4,756640.0
2025-07-26,104.6,104.96,104.22,104.34,50050.0
2025-07-27,104.16,104.3,103.72,104.06,51370.0
2025-07-28,103.78,104.94,102.46,102.92,690620.0
2025-07-29,102.86,103.8,102.66,103.14,323590.0
2025-07-30,103.1,103.58,101.12,102.4,410320.0
2025-07-31,102.58,103.4,101.0,101.54,1107540.0
2025-08-01,102.04,106.72,100.56,102.88,8652460.0
2025-08-04,102.9,103.58,102.26,102.88,765660.0
2025-08-05,103.0,103.84,102.0,103.68,836610.0
2025-08-06,104.0,105.72,102.3,104.12,1073500.0
2025-08-07,104.48,106.5,104.08,105.16,1118580.0
2025-08-08,105.44,107.56,105.18,106.92,997660.0
2025-08-11,108.14,110.3,107.22,107.4,1939040.0
2025-08-12,107.9,108.18,106.0,107.06,831810.0
2025-08-13,107.06,107.98,106.52,106.78,582440.0
2025-08-14,106.7,108.22,103.8,108.06,1971700.0
2025-08-15,107.84,108.84,107.22,108.02,655890.0
2025-08-16,107.0,107.0,104.82,106.64,312930.0
2025-08-17,106.54,107.14,106.36,106.46,36320.0
2025-08-18,105.6,108.78,105.5,108.1,654790.0
2025-08-19,108.0,109.42,106.9,107.54,553120.0
2025-08-20,107.52,108.08,105.8,106.12,396550.0
2025-08-21,106.38,106.74,104.1,104.28,822180.0
2025-08-22,104.86,105.14,104.22,104.94,242230.0
2025-08-23,105.06,105.24,104.86,105.02,23070.0
2025-08-24,105.3,105.32,104.8,104.92,14720.0
2025-08-25,104.92,105.5,104.32,105.28,277660.0
2025-08-26,105.54,106.1,104.72,105.46,232400.0
2025-08-27,105.52,107.34,105.16,107.28,513010.0
2025-08-28,107.28,107.82,105.08,105.6,379830.0
2025-08-29,105.6,108.5,105.52,107.74,1150650.0
2025-08-30,107.74,108.06,107.42,107.72,18090.0
2025-08-31,107.72,107.82,107.28,107.28,27690.0
2025-09-01,107.52,108.36,106.0,106.42,469130.0
2025-09-02,106.76,113.38,106.44,113.04,26631310.0
2025-09-03,113.0,115.98,111.3,115.18,12999020.0
2025-09-04,115.18,115.7,114.1,114.64,4276740.0
2025-09-05,114.96,118.76,114.66,118.7,8164230.0
2025-09-06,119.04,122.0,119.0,121.64,5664740.0
2025-09-07,122.06,122.08,120.5,121.42,2437310.0
2025-09-08,121.28,121.28,118.42,119.36,8099170.0
2025-09-09,119.16,119.38,117.7,119.18,3630690.0
2025-09-10,119.46,122.44,118.04,118.48,9700020.0
2025-09-11,118.6,120.84,118.1,119.34,4034090.0
2025-09-12,119.52,120.16,116.6,118.78,3514660.0
2025-09-13,118.7,118.7,117.42,117.84,218010.0
2025-09-14,117.84,118.6,117.04,117.96,297950.0
2025-09-15,117.84,118.46,115.84,116.5,2096780.0
2025-09-16,116.8,121.1,116.46,120.14,3849600.0
2025-09-17,120.3,123.36,119.14,122.1,6836580.0
2025-09-18,122.24,122.44,119.52,120.5,2171670.0
2025-09-19,120.16,120.68,117.4,118.32,2420860.0
2025-09-22,118.2,121.0,116.86,120.22,2410830.0
2025-09-23,120.06,122.64,118.2,119.78,3952090.0
2025-09-24,119.84,121.08,118.5,120.08,1738020.0
2025-09-25,120.06,120.96,118.82,119.32,751470.0
2025-09-26,119.8,119.98,118.38,119.5,762090.0
2025-09-27,119.2,119.48,119.02,119.18,36270.0
2025-09-28,119.5,119.82,119.14,119.7,37050.0
2025-09-29,119.96,120.64,116.62,118.4,1600470.0
2025-09-30,118.42,118.66,115.0,117.36,2279770.0
2025-10-01,117.02,117.96,115.12,115.92,1005930.0
2025-10-02,115.92,116.1,114.1,114.62,1136480.0
2025-10-03,114.62,115.48,113.78,114.6,924480.0
2025-10-04,114.48,115.46,113.62,114.06,289810.0
2025-10-05,114.06,115.46,114.06,115.44,72770.0
2025-10-06,115.16,120.18,115.16,119.4,1813990.0
2025-10-07,119.88,120.88,115.96,116.82,2657230.0
2025-10-08,117.0,117.98,112.6,115.02,2082370.0
2025-10-09,114.08,117.26,111.66,114.68,3180880.0
2025-10-10,114.68,115.6,112.22,112.92,1124430.0
2025-10-11,112.98,112.98,112.3,112.78,51150.0
2025-10-12,112.8,113.78,112.8,113.34,46900.0
2025-10-13,113.72,116.0,112.52,113.16,795160.0
2025-10-14,113.6,113.96,111.64,112.5,493880.0
2025-10-15,113.0,113.16,110.32,111.34,857580.0
2025-10-16,111.34,117.28,108.7,116.7,1734960.0
2025-10-17,116.7,117.2,114.92,116.18,992090.0
2025-10-18,116.0,118.04,114.2,117.5,303010.0
2025-10-19,117.74,117.74,115.32,116.08,152470.0
2025-10-20,116.6,116.84,115.4,116.08,410550.0
2025-10-21,116.18,116.18,112.64,113.96,1005040.0
2025-10-22,113.84,114.64,112.7,113.86,479890.0
2025-10-23,112.16,113.04,111.56,112.52,440030.0
2025-10-24,112.5,114.5,110.62,112.6,649290.0
2025-10-27,112.36,112.38,106.72,107.28,1183785.0
2025-10-28,106.88,109.08,106.24,107.5,565700.0
2025-10-29,106.88,108.5,106.84,108.08,300750.0
2025-10-30,107.4,109.46,107.3,108.96,428080.0
2025-10-31,108.66,109.72,106.58,107.42,456660.0
2025-11-01,107.76,107.82,106.88,107.22,146590.0
2025-11-03,107.48,108.9,107.38,108.22,147800.0
2025-11-05,107.86,108.5,107.0,107.76,229600.0
2025-11-06,107.42,109.04,104.62,105.74,1071760.0
2025-11-07,105.36,106.68,104.9,106.02,432830.0
2025-11-08,106.18,106.58,105.96,106.34,16100.0
2025-11-09,106.12,106.58,106.12,106.42,26210.0
2025-11-10,106.58,107.28,105.12,105.44,311330.0
2025-11-11,105.48,106.04,105.08,105.78,225260.0
2025-11-12,105.78,108.32,105.78,106.36,1488950.0
2025-11-13,106.74,107.02,105.02,105.5,587420.0
2025-11-14,105.66,105.68,102.32,103.52,1016830.0
2025-11-15,103.5,103.72,103.12,103.4,47770.0
2025-11-16,103.08,103.36,102.68,103.22,20160.0
2025-11-17,103.0,104.5,101.94,102.48,634230.0
2025-11-18,102.68,104.2,101.28,103.12,482860.0
2025-11-19,103.26,105.36,102.66,104.26,815140.0
2025-11-20,103.72,106.8,103.4,105.68,872130.0
2025-11-21,105.9,106.96,104.02,104.76,484160.0
2025-11-24,105.26,107.58,105.26,105.54,937630.0
2025-11-25,106.0,107.4,105.14,106.72,644600.0
2025-11-26,106.72,107.02,105.9,106.38,201700.0
2025-11-27,106.44,106.64,102.58,103.68,611400.0
2025-11-28,103.76,105.6,103.46,105.18,310520.0
2025-11-29,105.98,105.98,105.24,105.5,16550.0
2025-11-30,105.2,106.26,105.2,105.9,88600.0
2025-12-01,106.16,106.78,104.54,104.86,624480.0
2025-12-02,105.06,105.62,104.04,104.44,470020.0
2025-12-03,103.14,103.76,101.02,102.7,734780.0
2025-12-04,102.72,103.48,102.16,102.56,348470.0
2025-12-05,102.52,104.54,102.52,103.38,1061940.0
2025-12-08,103.1,104.48,102.02,102.24,949300.0
2025-12-09,102.48,103.32,101.44,102.84,863050.0
2025-12-10,102.58,103.62,102.4,102.6,326290.0
2025-12-11,102.62,103.8,102.52,102.96,634730.0
2025-12-12,102.8,104.68,102.02,102.48,838080.0
2025-12-13,102.64,103.2,102.42,102.92,49030.0
2025-12-14,103.04,103.08,102.58,102.92,23960.0
2025-12-15,102.92,104.04,102.2,103.82,617860.0
2025-12-16,104.0,106.7,104.0,105.78,2053880.0
2025-12-17,105.78,107.0,104.02,104.74,1305430.0
2025-12-18,104.98,105.86,104.24,104.92,411500.0
2025-12-19,104.92,105.48,103.34,104.36,506160.0
2025-12-20,104.38,104.6,104.02,104.3,36750.0
2025-12-21,104.62,106.0,104.3,105.62,86100.0
2025-12-22,105.42,105.68,102.44,102.94,585870.0
2025-12-23,102.82,103.96,102.26,103.32,324300.0
2025-12-24,103.6,103.84,102.46,102.82,286210.0
2025-12-25,102.84,104.32,102.72,103.08,588350.0
2025-12-26,102.92,104.0,102.92,103.26,405240.0
2025-12-27,103.34,104.0,103.04,103.62,98380.0
2025-12-28,103.58,103.7,103.08,103.2,59390.0
2025-12-29,103.66,107.24,102.0,102.68,2685260.0
2025-12-30,103.08,103.46,102.0,102.42,415440.0
2026-01-05,102.2,102.52,100.54,101.64,382810.0
2026-01-06,102.2,102.6,101.22,101.26,279790.0
2026-01-08,101.12,101.98,100.02,100.8,368040.0
2026-01-09,100.8,101.48,100.8,101.2,94410.0
2026-01-12,101.2,102.06,100.78,101.12,359980.0
2026-01-13,101.02,101.46,100.08,100.14,322360.0
2026-01-14,100.14,101.84,99.6,101.1,678400.0
2026-01-15,101.4,102.78,100.94,102.32,413700.0
2026-01-16,102.5,103.28,101.66,102.56,612750.0
2026-01-17,102.86,103.08,102.6,103.04,40050.0
2026-01-18,103.06,103.12,102.68,103.1,33040.0
2026-01-19,103.1,104.32,102.58,103.06,557160.0
2026-01-20,103.06,103.3,102.3,102.94,275250.0
2026-01-21,103.34,104.12,102.9,103.5,433590.0
2026-01-22,103.72,104.06,102.36,103.1,390240.0
2026-01-23,103.0,104.2,102.34,103.04,507750.0
2026-01-24,103.72,103.72,102.54,102.8,84110.0
2026-01-25,102.8,103.3,102.8,103.12,26960.0
2026-01-26,103.28,103.56,101.72,102.0,448340.0
2026-01-27,102.0,103.52,101.16,103.18,490670.0
2026-01-28,103.62,103.9,102.6,102.96,457590.0
2026-01-29,102.82,106.46,102.76,104.4,2305400.0
2026-01-30,104.72,104.76,102.7,103.18,450240.0
2026-01-31,103.28,103.86,103.02,103.48,61090.0
2026-02-01,103.28,104.4,103.18,104.24,86430.0
2026-02-02,103.64,104.36,102.7,104.18,397570.0
2026-02-03,104.36,106.32,104.12,105.42,1107000.0
2026-02-04,104.86,106.4,103.04,104.18,746920.0
2026-02-05,104.18,104.18,101.76,102.4,595700.0
2026-02-06,102.4,103.4,102.0,102.54,315190.0
2026-02-07,102.54,103.16,102.54,102.8,59100.0
2026-02-08,102.82,103.2,102.48,102.52,55600.0
2026-02-09,102.4,102.4,101.6,101.88,196430.0
2026-02-10,101.74,102.8,101.2,101.9,316780.0
2026-02-11,101.9,102.96,101.56,102.3,428760.0
2026-02-12,102.8,103.4,102.24,102.54,310380.0
2026-02-13,102.68,104.2,101.5,102.98,835680.0
2026-02-16,102.7,105.0,102.32,103.82,1031160.0
2026-02-17,104.1,107.04,103.32,104.34,3717630.0
2026-02-18,104.74,105.3,103.5,103.86,627220.0
2026-02-19,103.86,106.88,103.86,104.64,2874710.0
2026-02-20,104.86,107.86,104.62,106.4,3981420.0
2026-02-21,106.98,106.98,106.18,106.44,94490.0
2026-02-22,106.62,107.74,106.48,107.6,265190.0
2026-02-23,108.66,109.36,108.02,108.44,669810.0
2026-02-24,108.5,108.98,105.54,106.12,2162330.0
2026-02-25,106.38,107.24,105.0,105.8,699440.0
2026-02-26,106.0,106.28,104.0,105.02,507050.0
2026-02-27,104.7,106.14,104.0,104.64,427760.0
2026-02-28,104.9,105.16,102.6,103.48,550960.0
2026-03-01,103.3,104.88,103.24,103.98,250530.0
2026-03-02,104.1,104.6,101.82,101.96,999530.0
2026-03-03,101.66,102.96,101.5,101.92,808740.0
2026-03-04,101.86,103.24,101.76,102.16,657860.0
2026-03-05,102.2,104.46,102.0,102.64,1487260.0
2026-03-06,102.92,103.02,100.74,101.12,582780.0
2026-03-09,101.02,103.1,101.0,102.68,572300.0
2026-03-10,102.5,103.62,101.88,102.16,517530.0
2026-03-11,102.56,102.8,102.08,102.14,205690.0
2026-03-12,102.48,102.52,101.42,101.82,303010.0
2026-03-13,102.0,102.36,101.4,101.62,256720.0
2026-03-14,101.62,103.98,101.58,103.06,936910.0
2026-03-15,102.94,103.58,102.68,103.04,175810.0
2026-03-16,103.68,103.8,101.7,102.3,570820.0
2026-03-17,102.3,102.52,101.44,101.96,258760.0
2026-03-18,101.94,102.14,101.42,101.7,187400.0
2026-03-19,101.68,102.0,100.38,101.0,514140.0
2026-03-20,101.1,101.74,100.38,100.7,288000.0
2026-03-23,100.7,101.6,99.56,99.86,602970.0
2026-03-24,99.9,100.86,99.1,99.86,310520.0
2026-03-25,99.92,100.4,99.22,100.26,287760.0
2026-03-26,100.5,100.54,99.1,99.26,288370.0
2026-03-27,99.24,99.84,95.6,96.12,962680.0
2026-03-28,96.0,96.36,95.32,95.46,98280.0
2026-03-29,95.48,96.22,95.34,95.84,107630.0
2026-03-30,95.88,96.3,95.0,95.26,546620.0
2026-03-31,95.32,95.5,92.34,92.72,920110.0
2026-04-01,93.32,93.96,92.02,93.0,926300.0
2026-04-02,92.86,93.2,89.86,90.24,1056310.0
2026-04-03,90.2,91.18,90.16,90.44,454350.0
2026-04-04,90.42,91.04,90.32,90.54,46880.0
2026-04-05,90.32,91.28,90.32,91.26,63460.0
2026-04-06,91.4,91.74,89.5,91.42,593650.0
2026-04-07,91.44,92.28,89.12,91.06,678040.0
2026-04-08,91.2,92.64,90.42,91.8,438590.0
2026-04-09,92.26,92.62,90.04,90.76,483120.0
2026-04-10,90.76,91.44,90.0,90.0,224460.0
2026-04-11,90.04,90.9,90.04,90.2,59060.0
2026-04-12,90.5,90.98,90.32,90.74,55990.0
2026-04-13,90.98,91.0,89.2,89.86,337640.0
2026-04-14,89.86,90.8,89.18,89.62,443990.0
2026-04-15,89.62,93.94,89.52,93.28,1295650.0
2026-04-16,92.82,96.2,91.88,92.32,4178630.0
2026-04-17,92.7,92.78,90.62,91.08,678870.0
2026-04-18,90.82,91.72,90.82,91.44,41380.0
2026-04-19,91.22,91.98,91.22,91.58,77110.0
2026-04-20,91.84,93.84,91.02,93.0,741800.0
2026-04-21,92.7,93.8,91.64,93.36,534480.0
2026-04-22,93.08,95.36,92.48,94.78,425950.0
2026-04-23,94.8,96.0,94.4,94.78,471000.0
2026-04-24,94.7,95.32,92.5,92.74,497480.0
