Date,Open,High,Low,Close,Volume
2002-05-22,119.5,119.5,119.5,119.5,2500.0
2002-05-23,119.7,119.7,119.7,119.7,1800.0
2002-05-27,117.3,118.7,117.3,118.7,1400.0
2002-05-28,118.2001,118.3,118.0,118.3,2000.0
2002-05-29,117.0,117.0,114.0,114.0,23600.0
2002-06-03,115.5,115.5,111.5,111.5,3800.0
2002-06-04,112.0,112.0,111.0,111.11,18000.0
2002-06-06,110.0001,110.0001,109.0,109.0,14600.0
2002-06-07,110.0,113.0,109.5,113.0,1100.0
2002-06-10,112.0,112.0,112.0,112.0,900.0
2002-06-13,112.2,112.2,111.0,111.0,1800.0
2002-06-14,115.0,115.0,108.51,108.51,8800.0
2002-06-17,109.0,109.0,107.5,107.5,3100.0
2002-06-19,105.0,105.0,105.0,105.0,1000.0
2002-06-20,106.0,107.0,106.0,106.9,6400.0
2002-06-21,105.3,107.7,102.0,107.7,13500.0
2002-06-24,102.8,102.8,102.8,102.8,2000.0
2002-06-25,103.4999,104.0,103.4999,104.0,1200.0
2002-06-26,100.7,103.68,100.7,103.68,700.0
2002-06-28,104.7,107.0,103.2501,103.2501,13600.0
2002-07-01,104.5,105.5,104.5,105.5,2000.0
2002-07-02,106.5,106.5,103.41,103.4111,12000.0
2002-07-03,105.0,108.0,105.0,107.0,13600.0
2002-07-04,108.5,110.3,108.5,110.3,2400.0
2002-07-05,110.7,111.5,110.6001,110.6001,11800.0
2002-07-09,111.0,112.0,111.0,112.0,10000.0
2002-07-10,112.0,116.5,112.0,116.5,44300.0
2002-07-11,116.0,116.0,114.55,114.55,45500.0
2002-07-12,116.0,120.0,115.5,118.5,40600.0
2002-07-15,117.61,129.9899,117.61,124.0,110900.0
2002-07-16,124.0,126.0,120.0,121.5,39500.0
2002-07-17,123.99,125.0,123.0,123.0,25400.0
2002-07-18,123.0,124.2,123.0,124.2,11300.0
2002-07-19,122.51001,123.0,121.5,121.95,9500.0
2002-07-22,119.0,120.0,117.0,120.0,5000.0
2002-07-23,117.15001,118.9,117.0,117.3,9400.0
2002-07-24,114.0,116.0,112.55,115.98,2900.0
2002-07-25,115.5,119.94,111.4001,111.4001,2500.0
2002-07-26,111.0,117.7,106.0,117.7,14500.0
2002-07-29,121.5,121.5,116.49,116.49,600.0
2002-07-30,114.53,114.53,112.0,112.0,3600.0
2002-07-31,115.5,116.7,115.5,116.25,52400.0
2002-08-01,117.39,117.5,116.5,116.5,25500.0
2002-08-02,116.8,117.0,116.8,117.0,2200.0
2002-08-05,116.0,116.49,115.0,115.0,78600.0
2002-08-06,113.8,113.8,112.5,113.0,54400.0
2002-08-07,113.01,115.88,113.01,115.88,1700.0
2002-08-08,116.0,116.0,113.13,113.71,4100.0
2002-08-09,114.0,114.0,113.0,113.98,6100.0
2002-08-12,114.0,114.0,113.5,113.5,6100.0
2002-08-14,113.5,113.5,113.0,113.5,22900.0
2002-08-15,114.2,114.5,114.2,114.5,6900.0
2002-08-19,114.0,115.01,114.0,115.0,10800.0
2002-08-20,114.0,115.0,113.02,114.0,3800.0
2002-08-21,111.5,113.5,111.5,113.5,1700.0
2002-08-22,114.2,114.2,113.4,113.4,3800.0
2002-08-23,112.41,112.41,111.6,112.0,5900.0
2002-08-26,111.8,111.8,110.01,111.5,4300.0
2002-08-27,111.8,112.5,111.8,112.5,1100.0
2002-08-28,111.02,112.4999,111.02,112.4999,2600.0
2002-08-29,121.3,121.3,111.0001,111.3,9500.0
2002-08-30,113.3,113.7,111.01,112.05,9500.0
2002-09-02,111.3,112.0,111.01,111.25,4600.0
2002-09-03,111.2,111.2,111.11,111.11,2000.0
2002-09-04,111.11,111.11,105.0,105.0,4100.0
2002-09-05,111.0,111.0,109.5,109.65,2400.0
2002-09-06,110.0,110.0,110.0,110.0,1500.0
2002-09-09,110.0,110.0,110.0,110.0,1200.0
2002-09-10,110.8,111.5,110.0,110.99,3800.0
2002-09-11,111.0,111.0,110.1,110.18,7300.0
2002-09-12,110.0005,110.485,110.0,110.0,14100.0
2002-09-13,109.3,109.81,109.0,109.5,11400.0
2002-09-16,107.55,107.55,107.55,107.55,100.0
2002-09-17,108.5501,108.65,105.0,105.0,22700.0
2002-09-18,105.0,105.0,101.5,104.9,3700.0
2002-09-19,103.1,103.1,102.65,103.0,700.0
2002-09-23,105.0,105.0,104.0,104.0,11700.0
2002-09-24,105.0,105.2,104.5,104.5,11800.0
2002-09-25,105.0,105.0,103.5,103.5,2500.0
2002-09-26,105.0,106.0,105.0,106.0,3200.0
2002-09-27,106.0,106.6,105.95,106.25,12000.0
2002-09-30,105.5,105.5,104.06,104.06,7200.0
2002-10-01,103.5,104.46,103.5,103.99,9400.0
2002-10-02,104.5,105.0,104.0,104.0,12100.0
2002-10-03,104.5,104.8,104.0,104.8,1700.0
2002-10-04,106.3,107.0,105.62,107.0,21800.0
2002-10-07,106.0,110.9,106.0,110.8,28900.0
2002-10-08,110.5,112.0,110.0001,110.21,30400.0
2002-10-09,111.0,111.3,110.0001,110.0001,23500.0
2002-10-10,110.0,110.37,109.21,109.22,3700.0
2002-10-11,109.1001,109.1001,108.5,108.7,4300.0
2002-10-14,112.0,112.0,108.0,109.8,14900.0
2002-10-15,108.68,109.95,108.5,109.95,7700.0
2002-10-16,110.0,110.1111,109.5,110.0,20300.0
2002-10-17,110.0,110.0,110.0,110.0,2300.0
2002-10-18,109.87,111.5,109.0,110.5,3000.0
2002-10-21,111.1111,113.0,109.5066,110.0,156000.0
2002-10-22,111.9,120.0,101.4,101.4,133800.0
2002-10-23,114.0,115.0,113.0,113.15,42400.0
2002-10-24,111.5102,113.48,110.5,112.9799,57100.0
2002-10-25,113.45,114.0,112.7,113.45,37100.0
2002-10-28,114.4799,114.49,113.7002,113.7002,14600.0
2002-10-29,114.0,114.5,114.0,114.0,6000.0
2002-10-30,113.52,113.6,113.0,113.6,28900.0
2002-10-31,113.99,116.0,113.38,115.4,88100.0
2002-11-01,115.95,116.0,114.51,114.51,16000.0
2002-11-04,114.0,115.2,114.0,115.2,1100.0
2002-11-05,114.56,117.5,113.985,113.985,36900.0
2002-11-06,114.56,114.56,113.8,113.8,16000.0
2002-11-10,113.5,113.5,112.7101,112.7101,6600.0
2002-11-11,110.7002,113.3,110.7002,113.0,37400.0
2002-11-12,110.5002,113.899,110.5002,112.8,18300.0
2002-11-13,112.0005,113.99,112.0005,113.3,37100.0
2002-11-14,113.0,113.5,113.0,113.5,2800.0
2002-11-15,113.0,113.0,113.0,113.0,1300.0
2002-11-18,113.9999,113.9999,112.01,112.5,11700.0
2002-11-19,112.8199,112.8199,112.0001,112.25,49000.0
2002-11-20,112.25,112.64,112.22,112.5,30100.0
2002-11-21,112.95,113.4,112.95,113.0,4800.0
2002-11-22,113.3999,113.95,113.0,113.0,22400.0
2002-11-25,113.9,114.9,113.9,114.9,51300.0
2002-11-26,114.3,114.6,114.0,114.0,11700.0
2002-11-27,114.0,114.9899,114.0,114.7,23200.0
2002-11-28,114.3,114.65,113.35,114.65,15900.0
2002-11-29,114.25,114.9,114.21,114.5,2000.0
2002-12-02,115.99,115.99,115.4,115.75,16300.0
2002-12-03,114.5,115.67,114.11,114.11,1500.0
2002-12-04,115.0,115.0,113.8,114.3999,16200.0
2002-12-05,114.001,114.001,113.4,113.5,5900.0
2002-12-06,112.5,112.5,110.2502,110.8,86200.0
2002-12-09,111.9999,111.9999,110.5,110.5,2200.0
2002-12-10,110.55,111.3999,110.0,111.39,4300.0
2002-12-11,111.89,111.9999,110.01,110.9998,23700.0
2002-12-15,111.1,111.1899,111.1,111.1899,2600.0
2002-12-16,111.4998,111.4998,108.6,109.9999,5000.0
2002-12-17,111.9999,111.9999,110.0,110.2399,21000.0
2002-12-18,111.8497,111.8497,109.4999,109.9999,1200.0
2002-12-19,111.7999,111.7999,110.0,110.0,700.0
2002-12-20,111.4999,111.4999,109.1,110.4999,7600.0
2002-12-23,111.3849,111.3849,109.5,110.4899,1700.0
2002-12-24,111.4899,111.4899,108.5,109.85,8900.0
2002-12-25,80.0,111.19,80.0,110.0,8900.0
2002-12-26,111.2998,111.2998,107.5,109.6199,5500.0
2002-12-27,111.2399,111.2399,108.3,110.3999,2800.0
2002-12-30,110.89,110.89,108.6,108.6,800.0
2003-01-04,110.0,111.0,109.97,109.97,1800.0
2003-01-05,111.1,111.1,111.1,111.1,200.0
2003-01-08,111.9999,111.9999,100.1,108.0,1500.0
2003-01-09,109.9999,109.9999,108.0,109.89,5500.0
2003-01-10,111.9799,111.9799,109.0,109.35,11300.0
2003-01-13,110.0,110.4799,110.0,110.08,7500.0
2003-01-14,110.0,112.95,110.0,111.0,45200.0
2003-01-15,112.8999,112.8999,110.77,111.5498,11700.0
2003-01-16,112.0,112.84,112.0,112.4699,19700.0
2003-01-17,112.78,112.78,110.81,111.9,4800.0
2003-01-20,112.7499,112.75,111.1111,111.1111,35500.0
2003-01-21,111.9999,111.9999,108.19,109.8,22300.0
2003-01-22,109.0,110.9999,108.25,109.2799,15000.0
2003-01-23,109.25,109.6999,108.15,108.8499,16200.0
2003-01-24,111.4887,111.4887,108.5,109.9999,2600.0
2003-01-27,109.7999,109.7999,108.0,108.4999,17200.0
2003-01-28,109.9899,109.9899,108.4,108.99,6800.0
2003-01-29,109.9099,109.9099,109.0,109.38,400.0
2003-01-30,110.9999,110.9999,109.0,110.5,18100.0
2003-01-31,110.9899,110.9899,108.2,108.2,1500.0
2003-02-03,108.0,109.4999,108.0,108.99,1700.0
2003-02-04,108.5,109.97,107.7777,108.5,13900.0
2003-02-05,109.9499,109.9499,108.0,108.1,12600.0
2003-02-06,109.4699,111.0,109.4599,110.4962,17700.0
2003-02-07,110.9899,110.9999,109.8,110.1998,3500.0
2003-02-10,111.4943,111.4943,110.5999,110.6,16500.0
2003-02-11,111.6944,112.4999,110.81,111.4,6800.0
2003-02-12,112.9999,112.9999,109.5002,110.0,14000.0
2003-02-13,111.0,111.444,109.51,111.0998,15300.0
2003-02-14,110.9999,111.2998,109.71,110.4694,5100.0
2003-02-17,111.4799,111.4799,109.7,109.7,13600.0
2003-02-18,111.2,111.84,109.2,110.0,11500.0
2003-02-19,110.9899,110.9899,109.83,110.4899,9100.0
2003-02-20,110.1,112.7299,110.1,111.5,29100.0
2003-02-21,111.2,111.71,110.0,111.0,15200.0
2003-02-25,111.4999,111.5,111.0,111.35,20900.0
2003-02-26,112.4999,112.4999,111.3,111.75,11000.0
2003-02-27,111.15,113.0,111.15,112.62,60200.0
2003-02-28,112.55,113.99,112.5,113.5,48400.0
2003-03-03,113.98,116.9999,113.98,116.0,45200.0
2003-03-04,116.5,117.0,115.5,116.0,75500.0
2003-03-05,116.15,117.9,116.15,117.7,38000.0
2003-03-06,117.7,121.99,117.6,118.65,114800.0
2003-03-07,118.8,122.0,118.8,120.0,48600.0
2003-03-11,120.0,122.45,119.9,120.01,6400.0
2003-03-12,120.21,121.0,117.0,119.0,14700.0
2003-03-13,118.2,118.6,113.0,117.7997,20400.0
2003-03-14,115.08,118.9898,115.05,116.0,6500.0
2003-03-17,115.0,115.0,113.0,114.29,3000.0
2003-03-18,112.5102,114.9999,112.43,114.3,2800.0
2003-03-19,113.0,114.0,112.5002,114.0,16800.0
2003-03-20,109.0,113.9,109.0,113.0,6600.0
2003-03-21,113.2,114.4,113.11,114.4,6500.0
2003-03-24,114.9,115.0,112.0,113.5,6600.0
2003-03-25,110.0201,113.0,110.0201,112.5,2100.0
2003-03-26,110.6001,112.9,110.6001,112.12,23000.0
2003-03-27,109.5001,112.9998,109.5001,112.45,3500.0
2003-03-28,112.9,113.0,112.9,113.0,2000.0
2003-03-31,109.0001,112.5,109.0001,111.9999,3300.0
2003-04-01,111.0,112.7,111.0,112.7,12200.0
2003-04-02,110.4002,113.0,110.4002,112.0,10800.0
2003-04-03,111.75,112.5,111.75,112.5,5400.0
2003-04-04,112.9,112.9,112.0,112.5,9000.0
2003-04-07,112.6,113.5,112.5,113.4899,15200.0
2003-04-08,111.5003,113.9999,111.5003,113.9,2500.0
2003-04-09,113.8,114.0,113.33,113.8001,8100.0
2003-04-10,112.0101,114.0,112.0101,113.2001,27000.0
2003-04-11,117.8996,117.8996,113.7,114.78,6500.0
2003-04-14,113.9999,115.0,113.9999,114.5,18500.0
2003-04-15,115.26,115.26,114.01,114.3999,13100.0
2003-04-16,114.05,115.9,114.05,115.5,67700.0
2003-04-17,115.5,116.0,115.11,115.15,12600.0
2003-04-18,117.4499,117.4499,114.6003,114.6003,9200.0
2003-04-21,115.6999,117.76,115.5,117.0,28200.0
2003-04-22,117.0,117.0,116.01,116.01,5800.0
2003-04-23,116.1,116.98,115.7,116.0,18000.0
2003-04-24,115.6,116.0,115.6,115.8,8400.0
2003-04-25,115.95,116.2,114.0006,116.0,42000.0
2003-04-28,115.58,117.6,115.58,116.2,71900.0
2003-04-29,115.0,117.45,115.0,116.0,32000.0
2003-04-30,116.0,116.0,115.6001,115.9999,6000.0
2003-05-05,116.0,116.29,116.0,116.27,7300.0
2003-05-06,116.5,117.0,116.3,116.35,8100.0
2003-05-07,116.5,116.77,116.1,116.7,3900.0
2003-05-08,116.2,116.95,116.1,116.7,17900.0
2003-05-12,116.8,121.4,101.0,121.39,116500.0
2003-05-13,120.1,122.4,120.1,121.0,22800.0
2003-05-14,121.1,122.75,121.0,122.4,94000.0
2003-05-15,123.5,123.8,120.0,122.4799,88700.0
2003-05-16,121.25,122.8,121.25,122.59,57900.0
2003-05-19,122.5,122.5,120.7001,121.15,97600.0
2003-05-20,121.1,122.4,120.5501,121.5,71400.0
2003-05-21,116.63,116.63,105.7,112.5001,75600.0
2003-05-22,113.0,114.5,113.0,114.4,41100.0
2003-05-23,114.0,115.75,114.0,115.7,77300.0
2003-05-26,115.0,121.3,115.0,121.0,131800.0
2003-05-27,118.5002,121.85,118.5002,121.75,21400.0
2003-05-28,120.001,125.0,120.0,125.0,154300.0
2003-05-29,122.52,126.7,121.5,124.01,29700.0
2003-05-30,122.02,127.88,122.02,127.88,92400.0
2003-06-02,127.5,141.0,123.35,132.5,152300.0
2003-06-03,129.001,137.0,121.1006,123.0,86000.0
2003-06-04,120.05,127.9,116.99,119.5,133400.0
2003-06-05,120.0,121.5,119.9998,120.12,27200.0
2003-06-06,120.0,122.0,118.0,120.2,19300.0
2003-06-09,121.0,122.1999,117.01,118.0,47600.0
2003-06-10,119.88,120.99,118.8,118.8,38300.0
2003-06-11,115.1,120.0,115.1,117.5,17400.0
2003-06-16,117.02,123.95,117.02,121.0,55300.0
2003-06-17,121.5,122.45,120.0,122.45,82500.0
2003-06-18,120.22,124.99,120.22,124.98,36700.0
2003-06-19,125.0,128.9899,124.1,126.0,132400.0
2003-06-20,125.01,127.79,123.15,127.0,100900.0
2003-06-21,127.0,128.0,127.0,128.0,36600.0
2003-06-23,123.15,132.95,123.15,125.5,398500.0
2003-06-24,126.0,126.0,124.65,125.0,53800.0
2003-06-25,124.55,127.49,122.0,123.0,45100.0
2003-06-26,121.25,126.599,121.25,125.7,8100.0
2003-06-27,124.5,125.5,124.5,125.1,2300.0
2003-06-30,122.05,125.1,122.05,124.3,5100.0
2003-07-01,122.5001,125.5,122.5001,125.5,25700.0
2003-07-02,124.5,126.0,124.5,126.0,3800.0
2003-07-03,125.0,126.5,122.23,123.4,51700.0
2003-07-04,122.001,124.99,122.001,123.1,45100.0
2003-07-07,125.99,127.9999,123.57,124.02,160300.0
2003-07-08,124.13,124.5,123.99,124.5,35600.0
2003-07-09,122.11,123.6,122.1,122.1,15500.0
2003-07-10,122.0,123.0,120.0,121.4,46600.0
2003-07-11,137.19,137.19,119.51,121.5,24700.0
2003-07-14,121.0,123.45,118.51,119.0,21400.0
2003-07-15,120.0,120.0,118.811,119.05,14000.0
2003-07-16,120.99,120.99,115.5,115.5,14500.0
2003-07-17,115.25,116.5,112.53,114.9999,17900.0
2003-07-18,123.9899,123.9899,111.5001,112.0,107400.0
2003-07-21,112.0002,114.97,111.87,112.0001,7800.0
2003-07-22,112.65,112.65,111.75,112.01,21100.0
2003-07-23,110.25,114.97,110.25,113.9,400.0
2003-07-24,113.45,115.0,112.1002,112.3,12100.0
2003-07-25,112.68,113.0,112.25,112.5,13800.0
2003-07-28,112.0,112.6999,110.81,110.81,14400.0
2003-07-29,111.5,111.5,108.6,108.6,70200.0
2003-07-30,109.0,109.49,108.27,108.3015,7700.0
2003-07-31,108.8,110.0,108.51,108.51,15800.0
2003-08-01,108.66,111.99,108.66,109.9199,14800.0
2003-08-04,109.99,109.99,109.3,109.3,26000.0
2003-08-05,109.0101,109.98,109.0101,109.3,119700.0
2003-08-06,109.01,109.75,109.0,109.0,82100.0
2003-08-07,109.3,109.5994,109.01,109.1,35000.0
2003-08-08,109.1,109.1,108.7502,108.76,9800.0
2003-08-11,108.81,109.657,108.81,109.1,13400.0
2003-08-12,116.0,118.0,108.85,109.9698,9400.0
2003-08-13,109.6,112.9799,109.6,110.03,26000.0
2003-08-14,111.9,114.0,106.5,108.4901,108800.0
2003-08-15,108.0707,108.0707,106.0,106.6,86900.0
2003-08-18,106.998,110.0,106.998,110.0,49600.0
2003-08-19,110.0,117.9999,110.0,117.73,228900.0
2003-08-20,118.0,119.8,115.41,116.5,22500.0
2003-08-21,116.0,117.87,115.85,117.0,6300.0
2003-08-22,117.8,124.99,117.5,123.5,93300.0
2003-08-25,120.001,123.59,120.001,123.5,53100.0
2003-08-26,124.35,127.3,124.35,125.9999,140200.0
2003-08-27,126.0,127.0,124.5,125.55,28200.0
2003-08-28,125.7,126.85,124.05,126.0,60500.0
2003-08-29,124.04,127.0,122.2,124.0,78500.0
2003-09-01,126.0,127.0,124.0,124.6,32500.0
2003-09-02,122.5,129.1,122.5,129.0,48700.0
2003-09-03,127.0,127.4,125.6,127.0,211600.0
2003-09-04,124.25,127.5,124.25,127.5,49000.0
2003-09-05,128.7,128.7,126.5,126.5,17900.0
2003-09-08,125.0011,125.0011,124.5,125.0,59100.0
2003-09-09,125.5,126.0,124.0,125.0,39400.0
2003-09-10,118.1,125.7,118.1,125.7,15100.0
2003-09-11,125.97,127.0,125.5,127.0,9100.0
2003-09-12,125.5,130.5,125.5,129.0001,49700.0
2003-09-15,127.55,132.0,127.55,132.0,51600.0
2003-09-16,131.0,132.0,130.0101,131.9,5700.0
2003-09-17,128.0,131.93,128.0,130.99,438600.0
2003-09-18,130.01,131.0,130.01,131.0,14800.0
2003-09-19,130.1,131.75,130.0,131.2,281200.0
2003-09-22,131.5,132.0,130.1,131.8,27800.0
2003-09-23,130.9,134.0,130.01,134.0,49400.0
2003-09-24,135.0,141.55,135.0,140.0,105600.0
2003-09-25,129.9,143.99,129.9,141.33,31600.0
2003-09-26,140.0,142.0,139.5,139.5,39300.0
2003-09-29,131.5,142.88,131.5,141.0,24600.0
2003-09-30,135.1,144.9,135.1,140.05,35500.0
2003-10-01,141.99,142.99,141.99,142.0,32700.0
2003-10-02,143.9799,146.9999,143.0,145.5,125900.0
2003-10-03,146.8,151.06,146.1,146.1,132300.0
2003-10-06,146.3,148.9999,146.3,148.78,7500.0
2003-10-07,149.0,152.0,148.0,151.85,128300.0
2003-10-08,151.0,162.0,149.0,162.0,166900.0
2003-10-09,165.0,175.0,165.0,169.0,105200.0
2003-10-10,151.0,169.0,151.0,165.0,39400.0
2003-10-13,165.0,167.0,164.5,165.0,14300.0
2003-10-14,168.0,171.0,167.0,167.0,58600.0
2003-10-15,166.0,168.8,165.1,167.0,48800.0
2003-10-16,165.39,167.5,165.0,166.5,56600.0
2003-10-17,165.65,174.98,165.65,174.0,225100.0
2003-10-20,172.5001,182.0,172.5001,181.1,47100.0
2003-10-21,185.0,185.0,170.1,177.99,444400.0
2003-10-22,177.0,177.0,170.0,170.01,26300.0
2003-10-23,169.0,170.0,165.8,167.7,65300.0
2003-10-24,170.0,171.0,168.0,171.0,45300.0
2003-10-27,160.0001,160.0001,150.0,156.4,169200.0
2003-10-28,160.0,167.5,160.0,161.26,144300.0
2003-10-29,165.5,165.9999,151.5,156.0,260300.0
2003-10-30,153.5001,154.98,140.0,147.9998,391900.0
2003-10-31,147.5,155.0,147.3,148.3,101800.0
2003-11-03,152.0,162.0,152.0,162.0,70200.0
2003-11-04,162.05,165.0,160.0,163.0,92100.0
2003-11-05,161.0051,161.0051,156.5,159.5,173900.0
2003-11-06,160.5,160.5,156.0,158.0,211900.0
2003-11-10,161.5,161.5,157.0,157.0,77500.0
2003-11-11,158.5,158.5,156.5,157.85,83000.0
2003-11-12,158.0,159.95,150.0,154.5,85100.0
2003-11-13,155.88,156.0,153.8,153.8,22400.0
2003-11-14,155.5,155.7001,152.0,153.99,63300.0
2003-11-17,151.03,151.5,150.2,150.5,108000.0
2003-11-18,150.0,150.0,145.0103,145.0103,123600.0
2003-11-19,145.0,149.88,143.08,144.4999,110900.0
2003-11-20,145.0,146.0,143.0005,145.5,74400.0
2003-11-21,145.6,146.5,142.71,143.85,94200.0
2003-11-24,144.0,146.8993,142.2,146.84,65200.0
2003-11-25,146.49,147.5,145.9494,147.5,36900.0
2003-11-26,148.25,157.5,144.0,156.0,156200.0
2003-11-27,163.0,164.48,155.0,157.0,193800.0
2003-11-28,155.5001,157.5,152.0,154.5,104000.0
2003-12-01,152.0106,155.0,150.0,154.8,45800.0
2003-12-02,157.5,160.0,156.75,159.0,89300.0
2003-12-03,158.5,161.99,157.01,160.05,71300.0
2003-12-04,161.755,162.5,160.3,160.95,60200.0
2003-12-05,160.5,162.0,159.56,160.0,84900.0
2003-12-08,159.0,160.35,159.0,160.2,130800.0
2003-12-09,160.9,161.0,159.0,160.0,172000.0
2003-12-10,159.98,161.95,159.98,161.0001,30000.0
2003-12-11,161.0,161.0,159.5,160.49,23200.0
2003-12-15,163.4,164.8999,160.05,162.78,156300.0
2003-12-16,160.01,162.75,160.01,162.25,198400.0
2003-12-17,160.5,163.0,158.61,162.0,140200.0
2003-12-18,164.0,167.98,163.5,167.98,72000.0
2003-12-19,168.5,173.0,168.5,171.0,88500.0
2003-12-22,169.88,171.35,165.2001,170.0,31900.0
2003-12-23,170.0,170.0,167.81,169.0,41900.0
2003-12-24,168.01,169.5,167.5,168.01,18200.0
2003-12-25,169.0,169.5,166.0,169.4,7600.0
2003-12-26,169.79,170.999,169.79,170.5,54200.0
2003-12-29,171.49,173.0,170.5,173.0,47700.0
2003-12-30,172.8,173.5,171.0,172.9999,24700.0
2004-01-05,174.0,179.0,171.6,177.5,17100.0
2004-01-06,179.98,196.0,177.9,196.0,190600.0
2004-01-08,177.0,196.5,177.0,191.02,73400.0
2004-01-09,190.0,193.0,181.0,193.0,113500.0
2004-01-12,193.5,198.9999,191.0,191.0,42500.0
2004-01-13,191.0,195.0,190.0,194.0,87000.0
2004-01-14,195.0,196.0,190.0,190.0,130800.0
2004-01-15,192.99,194.89,187.5,189.0,75700.0
2004-01-16,190.0,192.2,188.0,188.78,46900.0
2004-01-19,192.75,192.75,186.0,187.15,125300.0
2004-01-20,186.01,189.5,185.0,188.0,431000.0
2004-01-21,188.55,192.0,188.05,190.0,99600.0
2004-01-22,190.9999,195.3,190.111,194.0,223800.0
2004-01-23,194.0,198.0,194.0,197.3,188100.0
2004-01-26,198.89,199.0,192.03,194.1499,120300.0
2004-01-27,192.0,197.0,191.8,195.75,349500.0
2004-01-28,195.5,196.01,194.0,194.58,197000.0
2004-01-29,194.0,195.0,193.0,194.86,69400.0
2004-01-30,192.0,194.5,189.5001,191.4,207900.0
2004-02-02,185.7101,191.0,183.0,190.1,43000.0
2004-02-03,191.8,193.0,191.0,191.2,200300.0
2004-02-04,191.01,195.74,190.0,194.0,121000.0
2004-02-05,194.4999,195.14,192.7505,194.0,167100.0
2004-02-06,194.0,194.3,191.1,193.59,128700.0
2004-02-09,194.0,196.0,193.5,194.56,363800.0
2004-02-10,197.2299,197.8,194.56,194.7,170100.0
2004-02-11,193.7,196.45,193.61,196.43,147900.0
2004-02-12,197.0,198.9999,196.9,198.0,915700.0
2004-02-13,198.5,199.6,198.02,198.02,259200.0
2004-02-16,198.5,199.1536,197.0,198.9999,119600.0
2004-02-17,198.0,200.95,198.0,200.5,173300.0
2004-02-18,200.89,205.01,200.0,203.0,252600.0
2004-02-19,204.04,217.49,203.04,217.49,492400.0
2004-02-20,216.0,231.0,210.1102,230.0,428200.0
2004-02-24,234.0,238.5,220.0,231.45,445500.0
2004-02-25,232.0,240.0,230.06,236.7001,275700.0
2004-02-26,239.9997,248.5,237.0,243.9999,222400.0
2004-02-27,246.5,261.9999,245.5,257.6,388900.0
2004-03-01,262.0,269.46,258.71,261.0,343300.0
2004-03-02,261.5,262.3,248.5111,251.3,583500.0
2004-03-03,250.0,250.0,240.5,243.4999,394500.0
2004-03-04,242.6,246.2,238.0,246.19,299300.0
2004-03-05,247.0,252.5,245.01,246.4799,205600.0
2004-03-09,250.0,250.0,244.5,248.15,120300.0
2004-03-10,249.0,253.5,245.2505,246.99,231700.0
2004-03-11,245.0,245.0,242.1,244.5,228500.0
2004-03-12,240.5,249.0,240.5,246.5,262100.0
2004-03-15,248.97,249.99,245.0,247.0,68400.0
2004-03-16,247.0,252.9898,246.95,252.9898,183800.0
2004-03-17,253.0,257.0,253.0,256.5,381500.0
2004-03-18,257.1,268.9,256.01,265.0,224200.0
2004-03-19,265.0,272.99,265.0,271.5,227000.0
2004-03-22,272.5,275.5,261.0,263.5,338800.0
2004-03-23,260.5,265.5,260.0,265.3906,225900.0
2004-03-24,267.5,268.5,264.5,265.5,114300.0
2004-03-25,266.8,269.53,263.5,264.5,68400.0
2004-03-26,265.0,271.0,264.37,270.0,201500.0
2004-03-29,268.5,272.0,267.01,271.5,111700.0
2004-03-30,268.495,274.9,268.495,269.35,163600.0
2004-03-31,270.0,272.3,269.5,270.65,78800.0
2004-04-01,271.5498,274.0,269.0,273.5,84200.0
2004-04-02,273.99,285.0,273.99,279.5,184200.0
2004-04-05,282.5,284.39,275.0,281.7989,179400.0
2004-04-06,283.0,284.99,275.0,277.0,266000.0
2004-04-07,277.0,280.25,275.5,279.5,176100.0
2004-04-08,279.51,282.5,278.5,282.0,93300.0
2004-04-09,278.0001,285.9999,278.0001,285.7,126400.0
2004-04-12,286.45,294.0,286.45,292.0,179100.0
2004-04-13,291.0,299.7,287.51,290.99,261100.0
2004-04-14,285.0501,290.99,278.0,281.77,220400.0
2004-04-15,283.5,284.0,277.0,281.0,198100.0
2004-04-16,281.99,282.05,273.5,273.5,95500.0
2004-04-19,275.0,277.77,270.0,274.7,85800.0
2004-04-20,276.0,276.0,272.0,274.0,111300.0
2004-04-21,271.5,274.0,268.15,270.9,123600.0
2004-04-22,270.9,270.9,258.0,260.0,115100.0
2004-04-23,261.0,268.0,261.0,263.6,172200.0
2004-04-26,263.9,266.9,263.82,266.5,56400.0
2004-04-27,263.5,264.01,258.0,261.0,74500.0
2004-04-28,264.0,264.63,260.5,260.75,36400.0
2004-04-29,258.0,258.0,232.0,246.0,80100.0
2004-04-30,245.01,250.0001,244.5,246.5,88100.0
2004-05-05,254.0,257.5,245.5,248.5,209100.0
2004-05-06,248.5,251.0,235.0,237.01,103600.0
2004-05-07,237.0,237.0,218.0001,224.5,284700.0
2004-05-11,217.89,224.88,203.5103,223.1,286400.0
2004-05-12,224.9,235.5,224.9,230.02,92000.0
2004-05-13,231.12,238.9,227.0,230.0,134600.0
2004-05-14,232.0,237.9,227.99,235.0,175900.0
2004-05-17,232.5111,243.0,227.0105,242.0,69400.0
2004-05-18,242.5,248.0,240.5,247.9,111100.0
2004-05-19,246.0,257.9898,243.0,255.0,175200.0
2004-05-20,255.0111,259.35,250.0115,259.35,52400.0
2004-05-21,258.88,263.0,252.5,259.99,135900.0
2004-05-24,260.55,265.0,258.5,263.0,41900.0
2004-05-25,264.5,266.9,252.5,255.0,183900.0
2004-05-26,255.0,259.9,251.0,258.0,153700.0
2004-05-27,259.5,262.5,254.5,258.0,260100.0
2004-05-28,242.1,255.0,241.5001,245.0,190500.0
2004-05-31,240.055,244.4,238.0,239.05,90200.0
2004-06-01,233.2501,246.4899,226.0001,230.0,226000.0
2004-06-02,239.99,239.99,227.5,236.85,332500.0
2004-06-03,240.0,240.0,233.0,238.9999,116500.0
2004-06-04,236.5,241.0,236.1003,238.0,36500.0
2004-06-07,239.95,240.0,234.2,237.0,100200.0
2004-06-08,237.0,239.8,235.5,239.49,77400.0
2004-06-09,239.9999,240.96,237.25,238.7499,198600.0
2004-06-10,231.5,237.5,231.5,237.01,138900.0
2004-06-11,236.11,238.0,235.05,237.0,36900.0
2004-06-15,234.0,234.0,226.0101,229.9,226700.0
2004-06-16,224.0,226.0,222.5,226.0,143500.0
2004-06-17,229.96,240.0,225.15,239.0,343100.0
2004-06-18,240.5,253.0,236.0,250.0,166500.0
2004-06-21,252.0,262.0,249.01,259.0,239300.0
2004-06-22,254.0,257.5,251.01,252.5,36800.0
2004-06-23,252.5,257.01,252.5,254.1,62800.0
2004-06-24,252.5,256.5,252.5,255.5001,41700.0
2004-06-25,253.0102,255.5,251.51,254.9999,22000.0
2004-06-28,253.0,253.9999,247.7,250.0001,61400.0
2004-06-29,250.0,255.0,250.0,254.5,97900.0
2004-06-30,255.89,260.95,255.0,260.94,170600.0
2004-07-01,262.0,272.0,250.0,255.0,410300.0
2004-07-02,251.01,259.9,250.5,258.0,107800.0
2004-07-05,255.0,264.7999,251.05,254.5,138800.0
2004-07-06,254.5,260.0,252.51,254.5,88700.0
2004-07-07,249.0,255.0,249.0,253.9,116700.0
2004-07-08,253.89,254.0,243.5,247.4,172000.0
2004-07-09,249.0,249.0,240.0,242.26,177300.0
2004-07-12,247.47,250.0,243.0,248.0,132300.0
2004-07-13,250.0,253.5,249.5,252.9999,91900.0
2004-07-14,250.0,254.5,247.5,250.0,116700.0
2004-07-15,253.5,255.0,252.05,255.0,249500.0
2004-07-16,252.0,253.0,250.0,252.4,206000.0
2004-07-19,254.6,259.9999,254.15,259.5,232900.0
2004-07-20,259.5,261.4999,251.0,251.8888,232500.0
2004-07-21,255.9,256.0,249.5,252.49,142500.0
2004-07-22,250.0,250.0,244.51,246.99,80500.0
2004-07-23,249.7,249.7,247.0,249.64,34800.0
2004-07-26,251.0,254.5,239.5001,239.5001,68400.0
2004-07-27,240.0,241.9,234.6,235.0,262800.0
2004-07-28,236.0,237.0,216.0,218.0,389800.0
2004-07-29,226.0,228.6,217.0001,226.0,117600.0
2004-07-30,230.0,232.4,227.0,232.4,44100.0
2004-08-02,233.5,237.6998,233.5,236.5,87200.0
2004-08-03,232.2,237.0,232.2,235.0,88100.0
2004-08-04,230.0,237.0,230.0,236.37,80900.0
2004-08-05,235.0,240.0,232.51,235.89,74300.0
2004-08-06,235.5,236.8,235.0,236.5,32000.0
2004-08-09,240.0,242.9,234.7,237.4,49400.0
2004-08-10,235.0,237.0,234.0,235.0,36000.0
2004-08-11,234.0,234.9,233.0,233.8,178800.0
2004-08-12,230.05,249.0,220.0,222.5,370400.0
2004-08-13,223.9,226.5,220.22,225.7,184300.0
2004-08-16,226.0,228.2,223.26,227.0101,83700.0
2004-08-17,227.9999,228.49,226.49,227.0,103200.0
2004-08-18,229.2,229.2,222.02,224.898,176500.0
2004-08-19,223.5,226.0,223.01,224.649,57700.0
2004-08-20,224.99,226.5,224.5001,224.8,105700.0
2004-08-23,222.55,224.9,222.5,224.7999,39200.0
2004-08-24,226.0,227.45,225.1,226.0,36400.0
2004-08-25,225.0,227.5,223.6,226.99,87500.0
2004-08-26,226.77,229.8899,226.77,229.0,163700.0
2004-08-27,231.99,236.8,229.52,236.0,162200.0
2004-08-30,234.01,238.479,234.01,236.3,58500.0
2004-08-31,235.0,246.0,235.0,246.0,187100.0
2004-09-01,246.0,249.5,241.58,249.5,103600.0
2004-09-02,250.0,253.0,245.02,251.5,121400.0
2004-09-03,251.0,251.0,249.0,250.1001,83800.0
2004-09-06,250.5,252.0,249.2,251.0,71600.0
2004-09-07,250.0,254.0,250.0,251.5,124000.0
2004-09-08,251.5,254.0,251.04,251.04,63400.0
2004-09-09,251.4,252.79,249.99,252.79,55600.0
2004-09-10,251.9,256.0,251.9,256.0,56600.0
2004-09-13,257.35,258.0,254.77,258.0,79200.0
2004-09-14,250.6,270.0,250.6,266.0,295600.0
2004-09-15,267.0,269.99,263.0,264.0,150500.0
2004-09-16,263.0,267.0,261.5,261.5,204100.0
2004-09-17,262.0,266.0,262.0,264.0,100000.0
2004-09-20,267.0,269.0,265.0,267.5,69600.0
2004-09-21,267.0,270.35,266.76,270.35,107800.0
2004-09-22,271.94,271.94,265.0888,265.8888,79000.0
2004-09-23,266.0,266.0,262.1,263.7,211100.0
2004-09-24,265.5,265.5,262.0,263.98,169000.0
2004-09-27,264.0,265.5,262.5,262.8,47800.0
2004-09-28,262.01,262.01,259.0,259.0,261900.0
2004-09-29,258.5,262.9,258.5,262.4,160700.0
2004-09-30,262.5,263.3,259.5,261.0,156400.0
2004-10-01,259.0,275.0,259.0,274.0,312000.0
2004-10-04,275.0,280.0,271.0101,277.2,132300.0
2004-10-05,277.0,280.12,275.5,278.48,217600.0
2004-10-06,278.98,282.9899,277.3,282.5,322300.0
2004-10-07,282.6,288.77,282.5,285.35,199200.0
2004-10-08,287.5,287.5,282.01,283.5,62200.0
2004-10-11,283.33,284.4999,282.6,283.8,61800.0
2004-10-12,283.1,283.5,266.5,267.121,269100.0
2004-10-13,269.9999,271.901,267.01,269.0,190600.0
2004-10-14,268.61,272.44,266.0,269.99,134400.0
2004-10-15,267.89,269.55,265.5,268.98,91600.0
2004-10-18,269.02,276.7499,269.0005,276.0,415200.0
2004-10-19,276.5,278.9,275.0,277.0,184500.0
2004-10-20,277.0,277.0,270.0,271.0,163500.0
2004-10-21,270.0,272.5,267.95,272.0,225600.0
2004-10-22,273.25,277.0,272.01,276.7,102500.0
2004-10-25,277.0,277.5,274.5,274.55,93300.0
2004-10-26,275.0,277.0,273.05,276.0,367000.0
2004-10-27,275.0011,279.0,273.0,276.3,201900.0
2004-10-28,276.3,276.3,269.58,270.0,251600.0
2004-10-29,267.38,275.8999,267.38,272.5,105200.0
2004-11-01,273.0,275.9,270.27,271.0,154300.0
2004-11-02,270.0,271.5,268.0,270.6,144300.0
2004-11-03,270.5,271.8,264.15,264.9999,1292900.0
2004-11-04,265.0,266.39,263.0,265.4,242700.0
2004-11-05,266.48,268.0,262.15,262.55,241800.0
2004-11-09,264.0,266.9999,260.04,260.1,144700.0
2004-11-10,262.0,262.5,259.25,262.5,58000.0
2004-11-11,262.0,266.9,261.57,262.7,147900.0
2004-11-12,264.95,265.5,262.0,265.5,57800.0
2004-11-15,265.5,266.7,243.8888,244.25,930400.0
2004-11-16,244.0,249.94,244.0,249.0,196700.0
2004-11-17,250.0,252.89,249.0,252.0,163100.0
2004-11-18,250.9,257.49,250.9,256.2,272300.0
2004-11-19,255.5,256.5,246.0888,248.0,187800.0
2004-11-22,245.0,251.5,245.0,248.5001,89000.0
2004-11-23,248.5,250.0,246.5,248.2,76000.0
2004-11-24,249.4,249.75,245.0,247.5,35800.0
2004-11-25,245.2,245.22,235.01,238.4,132700.0
2004-11-26,244.925,244.925,235.1,235.77,59700.0
2004-11-29,234.0,237.15,233.01,237.0,22400.0
2004-11-30,245.8,246.9999,235.0,235.0,16500.0
2004-12-01,235.1111,236.75,230.1012,231.01,187300.0
2004-12-02,232.5,233.0,225.0,226.51,172100.0
2004-12-03,226.51,228.0,221.0,223.0,391800.0
2004-12-06,220.11,224.0,217.66,224.0,157600.0
2004-12-07,226.99,244.4,222.35,237.5001,281000.0
2004-12-08,244.5,246.5001,226.0,233.11,709100.0
2004-12-09,239.11,239.11,221.0,228.88,419000.0
2004-12-10,220.11,235.0,220.1,233.99,307000.0
2004-12-14,236.99,238.0,232.5,236.0,129800.0
2004-12-15,235.51,243.98,235.51,242.55,240600.0
2004-12-16,244.0,246.5,239.0,240.0,63700.0
2004-12-17,238.01,238.8,228.0,228.01,121700.0
2004-12-20,233.0,233.0,227.0001,231.25,88800.0
2004-12-21,231.0,237.6,231.0,234.5,209600.0
2004-12-22,235.0,235.99,233.85,235.52,153300.0
2004-12-23,244.0,244.0,237.5,239.0,129900.0
2004-12-24,239.03,240.0,235.04,239.79,313900.0
2004-12-27,241.0,243.5,239.15,242.9999,41900.0
2004-12-28,242.0,244.0,239.0,241.25,96600.0
2004-12-29,240.0,243.5,239.01,243.5,50600.0
2004-12-30,245.0,254.9999,243.0,251.0,118000.0
2005-01-11,251.0,255.5,248.5,248.6,36500.0
2005-01-12,249.9794,253.0,247.5,251.5,107000.0
2005-01-13,252.5,252.5,247.1,248.0002,76300.0
2005-01-14,250.5,252.0,247.7002,249.55,32800.0
2005-01-17,249.0,252.5,249.0,251.25,46200.0
2005-01-18,251.0,251.0,248.0,250.9,147300.0
2005-01-19,250.2525,252.9999,248.2102,252.9999,152400.0
2005-01-20,235.72,252.0,235.72,251.0,130900.0
2005-01-21,250.0,251.8,249.5,251.1,45800.0
2005-01-24,251.0102,254.0,251.0102,253.0,132800.0
2005-01-25,249.0,253.0,244.5,250.98,143300.0
2005-01-26,250.6887,251.1,249.25,251.0,14300.0
2005-01-27,248.04,253.44,248.04,252.82,63100.0
2005-01-28,253.5278,259.9,252.0,259.0,123900.0
2005-01-31,259.5,264.45,256.8,263.75,425700.0
2005-02-01,262.0,265.0,261.0,263.5,156300.0
2005-02-02,262.06,267.3999,262.0,265.55,128000.0
2005-02-03,265.0,267.0,264.0,265.3,37300.0
2005-02-04,266.83,269.99,264.701,269.9699,92100.0
2005-02-07,269.0,271.23,268.0,269.0,78000.0
2005-02-08,264.0202,269.95,264.0,268.46,54000.0
2005-02-09,271.0,271.0,265.0,265.9999,143400.0
2005-02-10,265.6,265.6,259.7375,262.0,356400.0
2005-02-11,260.1001,261.27,252.0,253.0,227100.0
2005-02-14,255.23,256.0,252.0,254.0,52000.0
2005-02-15,257.2,257.2,250.5,253.45,97200.0
2005-02-16,253.45,254.4995,252.57,253.0,51500.0
2005-02-17,252.8,253.9999,250.1004,251.7499,60400.0
2005-02-18,252.09,252.09,249.0,251.4,80700.0
2005-02-21,251.51,252.8606,250.9,252.5,98900.0
2005-02-22,252.0,252.0,249.0,250.88,72400.0
2005-02-24,250.3,253.0,250.3,252.2,91800.0
2005-02-25,253.82,259.0,251.5,258.0,268900.0
2005-02-28,258.7224,262.0,257.0202,261.45,223000.0
2005-03-01,262.0,265.0,258.0,262.75,282700.0
2005-03-02,262.0,263.0,255.1001,257.5,161700.0
2005-03-03,256.779,258.4,252.5444,252.66,95700.0
2005-03-04,252.55,256.0,250.0,252.55,159300.0
2005-03-05,254.0,254.0,251.5,252.0,43800.0
2005-03-09,253.85,255.0,252.0,252.5,140800.0
2005-03-10,252.1,252.49,248.15,250.0,149500.0
2005-03-11,249.0,251.9,247.0,251.88,68700.0
2005-03-14,251.88,251.88,244.9,244.9502,115100.0
2005-03-15,246.5,248.0,244.0,247.0,46900.0
2005-03-16,246.0,247.85,238.0,241.1111,154000.0
2005-03-17,241.7,242.0,236.0,238.4,275100.0
2005-03-18,238.0,241.9,234.0,235.5,94000.0
2005-03-21,235.16,238.99,232.0,232.0,182600.0
2005-03-22,232.99,234.0,230.8601,233.98,77000.0
2005-03-23,233.49,234.62,230.0,233.0,69100.0
2005-03-24,237.0,246.5,235.0,243.0,92300.0
2005-03-25,241.0001,244.5,240.6,243.0,113800.0
2005-03-28,244.9999,246.999,240.0,242.0,57200.0
2005-03-29,241.0001,242.99,240.18,241.9,44700.0
2005-03-30,241.0,241.0,237.5,238.8888,28400.0
2005-03-31,239.0,240.9,238.0,239.98,18500.0
2005-04-01,240.0,240.5,239.1,239.5,153900.0
2005-04-04,239.9,243.0,236.879,238.87,150900.0
2005-04-05,239.0,239.9,237.52,239.75,84900.0
2005-04-06,240.0,243.0,240.0,241.5,154500.0
2005-04-07,242.3,247.0,242.2222,244.4,250300.0
2005-04-08,243.7157,245.0,242.0,244.0,55700.0
2005-04-11,244.0,244.5,236.01,240.0,118000.0
2005-04-12,239.98,242.4,237.7777,242.0,256400.0
2005-04-13,243.0,244.0,240.0,242.5,51200.0
2005-04-14,237.5001,240.9999,233.5,235.0001,141200.0
2005-04-15,234.3421,237.0,232.5,233.0,27200.0
2005-04-18,232.5001,233.0,230.7001,233.0,26800.0
2005-04-19,233.99,234.88,231.0501,232.0,32300.0
2005-04-20,234.0,234.0,212.0,231.0,92600.0
2005-04-21,231.99,236.3,229.0,236.3,137600.0
2005-04-22,234.01,237.77,234.01,236.9999,38600.0
2005-04-25,236.1,238.4,234.0,234.0112,53300.0
2005-04-26,234.0,236.9,234.0,235.02,31800.0
2005-04-27,233.5011,235.4,224.99,225.0,213700.0
2005-04-28,226.7999,226.7999,220.0,222.0,145400.0
2005-04-29,217.2102,223.9,217.2101,222.0,78700.0
2005-05-03,222.0,223.0,215.16,216.5,84200.0
2005-05-04,213.6,219.1799,213.6,218.0,23000.0
2005-05-05,218.1,223.0,218.1,222.5,50800.0
2005-05-06,223.5,224.84,222.75,222.75,25500.0
2005-05-11,221.5,222.5,212.5001,214.0,79600.0
2005-05-12,213.0,217.0,210.0,211.05,89400.0
2005-05-13,213.98,214.48,210.5,212.95,82900.0
2005-05-14,213.5,213.5,211.04,212.0,1100.0
2005-05-16,210.5,211.89,207.0011,207.0011,33400.0
2005-05-17,206.2,214.49,206.2,213.5,50300.0
2005-05-18,213.55,214.0,210.1711,212.0,114900.0
2005-05-19,213.0,215.0,211.0,211.0,83100.0
2005-05-20,210.9999,212.5,210.0601,211.5,14700.0
2005-05-23,212.0,214.0,212.0,213.979,15100.0
2005-05-24,214.8,231.0,214.0,231.0,199300.0
2005-05-25,231.0,231.9,225.5001,230.0001,66500.0
2005-05-26,229.75,241.0,229.75,240.99,242000.0
2005-05-27,240.5,242.5,239.8,240.0,288000.0
2005-05-30,239.0,239.0,235.6,237.99,31700.0
2005-05-31,239.0,251.8888,239.0,251.24,335100.0
2005-06-01,249.99,251.0,247.0,250.0,89900.0
2005-06-02,251.0,255.0,248.5,254.0,197000.0
2005-06-03,254.5,254.5,252.22,252.7,46600.0
2005-06-06,250.5,255.5,250.5,255.45,81400.0
2005-06-07,255.0,255.19,248.1,248.5,169500.0
2005-06-08,249.89,251.4498,248.0,248.5,101300.0
2005-06-09,246.5001,251.4999,245.0,250.0,60200.0
2005-06-10,250.01,250.5,248.56,250.0,26900.0
2005-06-14,250.0,255.9,247.5,255.0,76900.0
2005-06-15,254.0,254.0,250.5,251.8,22500.0
2005-06-16,251.8,253.0,250.0,251.8,74200.0
2005-06-17,251.0,252.5,250.0,252.5,29600.0
2005-06-20,252.51,252.9,250.0,250.0,29000.0
2005-06-21,248.1501,250.95,246.2501,250.0,50000.0
2005-06-22,250.0001,251.98,250.0,251.5,177300.0
2005-06-23,250.0001,256.5,250.0,252.0,342100.0
2005-06-24,251.0,253.5,250.0,252.0,133500.0
2005-06-27,251.01,252.99,249.5,249.5,48200.0
2005-06-28,248.253,252.5,248.105,249.2,53000.0
2005-06-29,250.9,258.3,248.61,257.9,241900.0
2005-06-30,256.05,265.8888,256.0,265.0,480900.0
2005-07-01,264.25,279.95,264.25,279.0,809300.0
2005-07-04,276.0,284.34,276.0,280.97,767600.0
2005-07-05,281.0,290.8888,277.5002,285.01,1622200.0
2005-07-06,285.0,309.0,285.0,309.0,1769700.0
2005-07-07,308.9,310.0,289.0,295.0,1102600.0
2005-07-08,295.0,299.9,291.2,292.8,476100.0
2005-07-11,294.3,294.4,286.0,289.0502,367600.0
2005-07-12,288.0,289.5,287.0501,288.01,78500.0
2005-07-13,287.0661,292.9498,287.0661,292.75,59000.0
2005-07-14,293.0,293.0,288.5,290.99,164500.0
2005-07-15,292.5,292.5,283.5,284.0,87700.0
2005-07-18,277.0,286.49,277.0,283.5,236700.0
2005-07-19,284.0,286.9,280.91,284.9,124700.0
2005-07-20,286.8899,290.0,286.8899,289.2,430800.0
2005-07-21,289.2001,291.5,280.0,286.0,211600.0
2005-07-22,286.0,295.0,285.99,293.5,214500.0
2005-07-25,294.7,294.7,290.5,291.0,116500.0
2005-07-26,290.0002,293.5,288.2001,289.3,347500.0
2005-07-27,283.855,292.5,283.855,292.0,59000.0
2005-07-28,292.5,300.0,292.5,300.0,589500.0
2005-07-29,300.0,303.0,296.0,296.0,195200.0
2005-08-01,298.5,298.5,292.5001,298.0,153500.0
2005-08-02,296.501,305.0,296.5,302.0,931100.0
2005-08-03,303.0,304.5,295.0,297.0,304800.0
2005-08-04,296.2,302.0,294.24,300.5,139700.0
2005-08-05,301.79,313.0,301.79,306.0,494100.0
2005-08-08,306.0,312.11,306.0,312.11,168200.0
2005-08-09,310.0,322.0,310.0,318.3,471900.0
2005-08-10,321.5,324.0,318.0,324.0,306100.0
2005-08-11,323.0,323.0,313.1,315.0,460000.0
2005-08-12,319.0,339.99,313.0,338.9,312500.0
2005-08-15,339.99,367.0,339.99,367.0,747900.0
2005-08-16,368.0,395.0,368.0,387.0,1514200.0
2005-08-17,388.0,410.01,384.0,408.0,899600.0
2005-08-18,401.505,413.0,389.0001,389.01,520900.0
2005-08-19,389.0001,393.95,386.11,388.3,131600.0
2005-08-22,389.99,405.06,389.71,395.9999,575300.0
2005-08-23,399.5,399.5,396.0,397.01,197800.0
2005-08-24,397.01,402.0,394.0,398.0,185400.0
2005-08-25,400.0,403.2,396.0,398.9999,55300.0
2005-08-26,398.9999,398.9999,391.55,394.0,135300.0
2005-08-29,394.05,400.9,394.0,397.3,54500.0
2005-08-30,398.0,409.999,398.0,401.75,354200.0
2005-08-31,401.75,403.79,390.1,401.0,451500.0
2005-09-01,396.02,408.0,396.02,402.0,296800.0
2005-09-02,401.5,418.1,390.02,416.5,365400.0
2005-09-05,417.0,424.0,410.5,419.5,243700.0
2005-09-06,419.0,420.0,394.3,398.9999,585000.0
2005-09-07,396.0001,402.99,388.05,398.939,407200.0
2005-09-08,399.0,404.4,396.0011,402.0,195300.0
2005-09-09,411.0,417.3,405.0,415.0,118500.0
2005-09-12,419.0,419.0,408.0,413.5,87900.0
2005-09-13,409.0,416.5,407.7,411.55,72700.0
2005-09-14,408.0,410.9,405.0001,410.0,70200.0
2005-09-15,412.0,412.0,405.2001,409.5,47100.0
2005-09-16,407.5,418.5,406.0101,411.5,111000.0
2005-09-19,413.0,432.6,413.0,430.0,274200.0
2005-09-20,434.34,452.0,423.0,424.99,378400.0
2005-09-21,431.5,434.2499,421.0,429.0,270900.0
2005-09-22,430.05,443.5,425.1,425.1,251800.0
2005-09-23,425.5,431.5,420.0002,422.0,80400.0
2005-09-26,421.9,428.0,420.0,422.01,94200.0
2005-09-27,425.5,441.5,425.5,436.5,151800.0
2005-09-28,436.5,458.98,434.0,454.0,285800.0
2005-09-29,458.97,468.94,453.01,464.58,203800.0
2005-09-30,464.58,501.8899,464.58,490.0,227700.0
2005-10-03,495.5,501.99,492.0,498.99,181600.0
2005-10-04,500.0004,503.85,488.1,495.0,176900.0
2005-10-05,486.01,492.98,478.1,485.0,215000.0
2005-10-06,470.0003,470.0201,450.2,470.0,1031000.0
2005-10-07,460.11,480.0,452.5,460.0,324700.0
2005-10-10,466.0,475.0,466.0,468.3,38400.0
2005-10-11,471.0,484.99,471.0,480.5,154300.0
2005-10-12,484.99,484.99,461.0002,461.0002,146000.0
2005-10-13,460.25,469.0,440.52,450.0,226900.0
2005-10-14,442.0,450.0,442.0,444.0999,107200.0
2005-10-17,446.5,458.0,445.0,451.0,148100.0
2005-10-18,453.2,460.0,445.0502,447.0,91300.0
2005-10-19,446.5,446.5,435.5,442.0,146900.0
2005-10-20,450.0,450.0,436.5,438.75,160800.0
2005-10-21,433.0,435.0,424.0,434.0,95300.0
2005-10-24,433.8,440.0,431.001,438.5,202500.0
2005-10-25,438.61,444.0,438.61,440.0501,120600.0
2005-10-26,443.5,444.0,433.4,439.0,52900.0
2005-10-27,441.5,442.0,433.5001,440.9999,58900.0
2005-10-28,433.0,449.0,430.0,449.0,83900.0
2005-10-31,449.5,468.0,449.5,461.0,160000.0
2005-11-01,463.8,472.5,460.0,467.4,187100.0
2005-11-02,463.75,487.0,463.75,474.0,248400.0
2005-11-03,479.9,481.5,465.0104,470.0,91400.0
2005-11-07,471.27,483.5,470.1375,480.5001,123500.0
2005-11-08,480.0,494.0,474.0001,485.0,83300.0
2005-11-09,484.57,492.4999,484.57,489.0,112700.0
2005-11-10,485.1,493.0,477.0,477.5,134300.0
2005-11-11,477.5,480.0,473.0,480.0,95700.0
2005-11-14,480.06,485.5,477.5,480.0,85100.0
2005-11-15,480.0,485.5,476.1,477.0101,94100.0
2005-11-16,473.0,478.5,467.0,470.6,136600.0
2005-11-17,470.07,484.0,463.0,478.251,125400.0
2005-11-18,479.1,483.0,477.5,477.81,89600.0
2005-11-21,482.0,485.0,478.0,479.5,131500.0
2005-11-22,481.5,485.0,477.5,478.7,116700.0
2005-11-23,480.0,480.0,475.0,476.0,57100.0
2005-11-24,473.51,496.0,473.51,494.5,362600.0
2005-11-25,497.99,498.5,493.0,495.8,198700.0
2005-11-28,499.0,523.0,496.1007,514.99,323500.0
2005-11-29,505.0,517.99,500.0,517.99,183700.0
2005-11-30,514.0,518.0,510.1,516.0,125300.0
2005-12-01,522.0,529.0,518.5,527.75,296600.0
2005-12-02,536.0,546.0,530.0,542.0,246700.0
2005-12-05,542.0,554.5,541.0001,544.0,187200.0
2005-12-06,549.0,549.0,535.0,544.81,205300.0
2005-12-07,549.0,554.0,546.0927,552.4999,127200.0
2005-12-08,540.0,554.0,540.0,554.0,125500.0
2005-12-09,552.0,564.25,552.0,558.0,125800.0
2005-12-12,558.5,576.25,546.0,576.25,109100.0
2005-12-13,574.44,577.0,570.0,572.0,168200.0
2005-12-14,570.0,600.0,570.0,594.0,164500.0
2005-12-15,598.27,613.0,595.6,608.5,469500.0
2005-12-16,606.02,612.0,606.0,608.75,155600.0
2005-12-19,613.0,619.95,596.5,612.5,121300.0
2005-12-20,606.85,615.5,606.85,611.0,135200.0
2005-12-21,611.0,633.77,610.0,627.1,236700.0
2005-12-22,632.45,685.0,627.0,680.0,517700.0
2005-12-23,688.5,708.0,672.05,676.0,348600.0
2005-12-26,680.0,690.0,675.0,677.5,72700.0
2005-12-27,688.0,689.97,677.0026,682.5,116900.0
2005-12-28,677.1,682.0,671.5,677.9,87700.0
2005-12-29,675.0,695.0,675.0,690.7,116100.0
2005-12-30,690.0,697.0,685.0,689.5,36700.0
2006-01-10,717.0,818.0,716.77,762.02,722700.0
2006-01-11,779.99,782.0,760.0,770.0,396900.0
2006-01-12,771.0,782.5,757.0,759.0,451900.0
2006-01-13,776.0,776.0,744.0,765.0,358400.0
2006-01-16,766.05,781.0,760.0501,778.5,274200.0
2006-01-17,780.0,800.0,728.0,736.0,628600.0
2006-01-18,736.0,736.0,695.0006,708.0,335300.0
2006-01-19,709.7,752.3,705.0,750.0,216600.0
2006-01-20,751.0,779.99,751.0,764.01,266900.0
2006-01-23,762.0,762.0,735.86,743.0,192500.0
2006-01-24,755.0,759.25,743.7,751.9,138100.0
2006-01-25,753.0,760.0,746.99,750.0,71400.0
2006-01-26,752.3,757.3,749.9999,751.0,95400.0
2006-01-27,757.99,760.76,753.5,756.0,206100.0
2006-01-30,761.0,770.0,690.0,699.99,519100.0
2006-01-31,695.0001,717.96,680.0,687.35,313200.0
2006-02-01,685.0,730.0,675.5,719.8387,311700.0
2006-02-02,722.0,727.4599,696.5,702.47,168200.0
2006-02-03,690.01,698.0,671.5501,677.0,189200.0
2006-02-06,686.8686,702.45,679.5,690.0,273300.0
2006-02-07,687.0,694.9,685.0,685.01,69400.0
2006-02-08,682.0,691.0,670.1101,684.9,187800.0
2006-02-09,684.7,696.9999,684.6,692.0,193900.0
2006-02-10,695.0,699.95,683.1,683.1,100100.0
2006-02-13,689.0,690.5,670.0,685.0,126000.0
2006-02-14,681.07,698.0,671.0,691.0,330200.0
2006-02-15,685.0201,698.8,681.0,690.0,214500.0
2006-02-16,688.5001,729.0,685.0,726.5,254300.0
2006-02-17,732.29,736.0,727.85,732.94,303400.0
2006-02-20,735.0,746.5,734.05,745.0,251800.0
2006-02-21,750.0,751.0,721.0,727.0,268200.0
2006-02-22,724.05,733.8,720.0,729.5,279800.0
2006-02-26,738.97,745.5,730.0,732.0009,148800.0
2006-02-27,730.0,734.9999,715.02,723.0,210800.0
2006-02-28,719.0,725.0,686.0,686.0,164900.0
2006-03-01,695.0,705.0,665.0001,674.9999,296700.0
2006-03-02,684.0,699.0,673.0,676.01,309300.0
2006-03-03,689.5,696.0,680.0,686.5,177200.0
2006-03-06,689.99,707.77,672.0,677.7777,285100.0
2006-03-07,675.7778,684.0,625.11,640.0,528100.0
2006-03-09,620.0,639.0,620.0,632.9,339100.0
2006-03-10,633.0,635.0,591.001,602.2999,386600.0
2006-03-13,618.0,632.89,612.05,627.0,420300.0
2006-03-14,650.0,650.0,600.13,608.5,282200.0
2006-03-15,620.0,623.0,604.395,610.5,142800.0
2006-03-16,611.0013,621.0,606.0,608.9999,148700.0
2006-03-17,615.0,630.0,612.0,624.5,154300.0
2006-03-20,630.0,635.0,613.0,621.98,159700.0
2006-03-21,610.0002,629.0,610.0002,620.0,136400.0
2006-03-22,627.15,648.38,618.0,645.0801,366100.0
2006-03-23,650.0801,677.77,646.1,674.93,387600.0
2006-03-24,678.0,678.0,581.2101,615.0,1539700.0
2006-03-27,619.99,649.2,605.0004,609.8499,734300.0
2006-03-28,609.84,636.99,601.0601,630.0,383400.0
2006-03-29,625.7,628.3,613.0001,619.8,213600.0
2006-03-30,627.0,640.0,622.07,633.0,233600.0
2006-03-31,636.0,636.0,619.0005,635.0,338500.0
2006-04-03,632.5,637.7698,621.45,624.0,183100.0
2006-04-04,628.5,634.2694,619.99,620.0,248300.0
2006-04-05,620.0,626.0,616.0,620.0001,204800.0
2006-04-06,626.0,633.0001,617.0,619.0,203900.0
2006-04-07,622.99,644.99,619.0,641.0,312600.0
2006-04-10,641.0,659.6,635.0,655.0,378300.0
2006-04-11,663.5,670.0,629.6,639.99,240300.0
2006-04-12,635.0,648.9994,628.0,646.0,103300.0
2006-04-13,643.5,652.0,628.5,634.7,218200.0
2006-04-14,638.49,638.49,624.0,632.5,118500.0
2006-04-17,630.0203,645.0,630.0202,643.01,89200.0
2006-04-18,645.0,647.9999,634.0001,634.21,76100.0
2006-04-19,639.0,641.8,632.5,639.989,350200.0
2006-04-20,642.9998,642.9998,623.0,627.0,202300.0
2006-04-21,624.0,627.0,612.0,615.2,217900.0
2006-04-24,616.85,616.9999,592.61,594.11,302400.0
2006-04-25,596.01,596.01,576.0,579.99,532600.0
2006-04-26,585.0,629.9998,580.0,614.99,497700.0
2006-04-27,617.3,630.0,581.5001,589.0,585800.0
2006-04-28,590.85,601.99,586.3,596.8999,201800.0
2006-05-02,599.8,608.8599,590.1001,595.02,286700.0
2006-05-03,600.0,607.9799,597.0,601.1,247900.0
2006-05-04,601.97,605.93,590.11,598.0,217300.0
2006-05-05,597.0,597.9799,541.5501,558.0,1062800.0
2006-09-15,570.0,570.0,530.0,535.5,467400.0
2006-09-18,531.015,543.9,531.0,533.0,341500.0
2006-09-19,538.8999,538.8999,522.0,527.48,156900.0
2006-09-20,523.0,525.0,508.0001,510.0,280300.0
2006-09-21,508.0,514.85,500.55,503.0,104900.0
2006-09-22,504.95,504.95,468.0102,476.5,153100.0
2006-09-25,472.01,472.01,432.12,445.0,174500.0
2006-09-26,450.0,464.45,450.0,459.5,114600.0
2006-09-27,464.98,483.98,461.5,483.5,368600.0
2006-09-28,499.99,500.0,477.5006,490.0,386600.0
2006-09-29,484.0001,519.0,484.0,519.0,402700.0
2006-10-02,515.0,526.0,508.0,514.5,254200.0
2006-10-03,501.15,538.9899,501.15,524.0,862100.0
2006-10-04,511.15,538.0,511.0102,534.55,116000.0
2006-10-05,548.0,577.4995,539.99,570.0,605300.0
2006-10-06,572.0,587.0,568.0101,580.0,290700.0
2006-10-09,580.5,585.0,575.1511,584.0,285500.0
2006-10-10,589.49,600.0,584.0,592.0,273600.0
2006-10-11,593.5,593.5,572.5,581.5,163500.0
2006-10-12,579.45,587.5,575.0,577.0101,68200.0
2006-10-13,582.9999,597.0,580.0,596.4998,164700.0
2006-10-16,598.9999,608.5,587.0,602.5,158800.0
2006-10-17,602.5,608.9998,590.0,596.0,234400.0
2006-10-18,600.0,602.4999,593.8,602.4,136900.0
2006-10-19,599.95,600.0,594.5,599.89,35500.0
2006-10-20,595.25,602.5,591.0,591.0,143000.0
2006-10-23,588.0,594.0,585.0,593.05,94100.0
2006-10-24,588.0,598.05,582.7,596.0,45400.0
2006-10-25,594.95,601.9999,590.2502,601.0,88100.0
2006-10-26,603.0,607.3,595.1101,595.85,185000.0
2006-10-27,593.2,599.99,578.012,581.0,143700.0
2006-10-30,580.0,580.0,561.5,561.5001,253900.0
2006-10-31,560.07,568.9998,560.0,565.0,141200.0
2006-11-01,568.0,575.0,564.0101,575.0,117800.0
2006-11-02,565.15,575.0,562.5,567.3,67700.0
2006-11-03,562.1606,574.55,562.1606,568.0,82300.0
2006-11-07,573.0,594.9,570.0001,590.99,413200.0
2006-11-08,591.0,597.49,584.0103,589.99,172100.0
2006-11-09,598.5,616.5,592.55,616.44,809800.0
2006-11-10,614.99,619.9997,606.0,618.0,212000.0
2006-11-13,613.0,649.75,613.0,640.0,682000.0
2006-11-14,648.5,648.6621,631.0102,633.5,178600.0
2006-11-15,635.0001,648.2,635.0001,644.9901,181800.0
2006-11-16,640.3015,678.4,638.5001,672.5,615300.0
2006-11-17,651.11,676.7,648.5,659.47,860200.0
2006-11-20,660.0,665.0,642.6,652.9899,345400.0
2006-11-21,656.9,659.5,640.05,645.0,239100.0
2006-11-22,651.11,656.9999,646.0,646.0001,163500.0
2006-11-23,648.0,654.0,643.0,646.9,144000.0
2006-11-24,643.5,646.95,632.0001,633.4,141900.0
2006-11-27,634.5401,638.98,625.0,626.0,200900.0
2006-11-28,623.01,629.9399,616.05,620.2,154000.0
2006-11-29,625.0001,633.11,620.01,633.11,269300.0
2006-11-30,645.0,645.0,630.0,632.0,374600.0
2006-12-01,636.4022,642.9,630.0,633.9998,330700.0
2006-12-04,636.05,642.0,635.0,636.509,180500.0
2006-12-05,641.0,641.0,617.6,623.0,292500.0
2006-12-06,623.0002,633.0,620.0,622.0,214000.0
2006-12-07,625.0001,647.0,617.0001,638.1,687200.0
2006-12-08,640.0031,643.99,633.0,639.5,110300.0
2006-12-11,635.7,639.4,628.5,633.0,133600.0
2006-12-12,633.01,633.7,619.0,622.0,199700.0
2006-12-13,618.0,623.97,605.0,619.97,242300.0
2006-12-14,620.0,628.0,613.0001,619.4,112300.0
2006-12-15,624.9,626.5,616.0,617.0,110800.0
2006-12-18,619.9,620.0,605.11,607.51,132200.0
2006-12-19,605.0,605.0,585.001,592.5,276000.0
2006-12-20,594.4552,607.77,592.5,603.0,220500.0
2006-12-21,600.0,600.0,587.77,591.5,134600.0
2006-12-22,591.5,598.0,583.0,585.8,321700.0
2006-12-25,589.4,589.4895,581.5,582.5,60900.0
2006-12-26,585.0001,585.0001,580.0,582.3,75300.0
2006-12-27,584.5,591.8,582.1,589.9999,127900.0
2006-12-28,590.9949,604.0,585.5,599.9999,244400.0
2006-12-29,599.0,602.3,599.0,599.51,84500.0
2007-01-09,570.0,588.8,541.02,550.0,233600.0
2007-01-10,544.2,599.0,538.21,587.15,431500.0
2007-01-11,588.0,594.9,574.5,582.1,313400.0
2007-01-12,579.98,580.0,568.0,572.0,225100.0
2007-01-15,584.95,605.0,580.2001,602.0,231100.0
2007-01-16,600.0,622.5,591.0,598.0,469500.0
2007-01-17,597.5,604.8994,575.0502,579.9999,287200.0
2007-01-18,585.1,598.0,574.8134,575.05,187400.0
2007-01-19,574.9999,579.85,568.12,577.5,120000.0
2007-01-22,589.95,590.0,572.0,584.7575,242800.0
2007-01-23,580.0,594.0,580.0,592.5,117400.0
2007-01-24,607.0,625.0,595.0,614.0,515600.0
2007-01-25,620.5,641.9,616.0001,637.0,718300.0
2007-01-26,634.8,649.909,620.0,625.0,384500.0
2007-01-29,626.0002,635.99,610.0,612.12,269300.0
2007-01-30,611.84,629.0,607.5,622.5,180100.0
2007-01-31,625.0,635.0,620.7701,627.0,209100.0
2007-02-01,635.0,640.0,628.1,640.0,468600.0
2007-02-02,640.0,644.396,633.5,636.0,251700.0
2007-02-05,638.005,646.0,634.0,645.01,180200.0
2007-02-06,641.0,665.0,640.0,654.0,677200.0
2007-02-07,655.0,663.4,646.0,657.0,524500.0
2007-02-08,650.0,650.05,635.9021,640.0,270500.0
2007-02-09,650.0,659.97,642.0,644.9285,184300.0
2007-02-12,639.99,642.89,620.3,625.0,154700.0
2007-02-13,624.99,633.9,609.01,632.0,291100.0
2007-02-14,634.0,638.0,626.0,628.0,120400.0
2007-02-15,628.0,632.75,618.0,618.0,181700.0
2007-02-16,618.0,630.0,614.0001,620.03,178300.0
2007-02-19,624.95,632.0,615.0,615.0,197300.0
2007-02-20,621.78,624.979,597.5,602.0,152700.0
2007-02-21,611.4,611.4,600.15,604.0,193600.0
2007-02-22,611.0,613.49,604.0001,607.9,163900.0
2007-02-26,618.0,620.0,611.1,616.0,325700.0
2007-02-27,614.01,614.01,592.0,596.0001,440400.0
2007-02-28,581.7201,585.0,555.2101,575.0,512900.0
2007-03-01,575.0,585.27,525.0,545.0,759000.0
2007-03-02,550.11,569.9999,541.5001,557.5,442200.0
2007-03-05,537.0,540.99,515.0,534.84,377900.0
2007-03-06,544.27,559.99,541.01,543.95,216600.0
2007-03-07,551.9999,558.55,541.0007,542.0,196700.0
2007-03-09,557.4,558.5,544.0,547.0,318300.0
2007-03-12,546.99,554.97,542.1,547.0,138300.0
2007-03-13,551.0,554.9499,535.05,544.2,188700.0
2007-03-14,526.11,530.0,505.1587,530.0,776400.0
2007-03-15,539.95,553.99,532.5,540.0,267900.0
2007-03-16,546.0,546.9,533.65,539.8485,108500.0
2007-03-19,546.47,552.55,540.0001,552.0,170400.0
2007-03-20,554.9,559.0,533.2,536.5001,322000.0
2007-03-21,540.0,540.0,531.0,533.77,203300.0
2007-03-22,545.0777,557.8,545.0,551.0,600000.0
2007-03-23,552.0,566.5,545.0,558.9999,381600.0
2007-03-26,562.0,565.98,555.01,559.0,216500.0
2007-03-27,559.0,559.05,543.0,547.0,192900.0
2007-03-28,550.0,553.0,544.4,546.0,396700.0
2007-03-29,548.95,554.8,547.05,551.79,190500.0
2007-03-30,557.0,559.7,525.75,538.9,333700.0
2007-04-02,536.0001,536.0001,529.0,533.9998,182600.0
2007-04-03,535.0,545.9,534.99,542.48,408600.0
2007-04-04,548.09,548.09,530.0,531.3,231400.0
2007-04-05,531.31,535.4,520.86,525.0,322400.0
2007-04-06,525.9595,529.0,521.0,522.5001,154400.0
2007-04-09,522.01,527.98,522.0,527.68,134000.0
2007-04-10,525.0,525.0,520.2,522.2222,287400.0
2007-04-11,524.0,527.4999,520.2,521.85,172900.0
2007-04-12,521.01,521.01,503.0002,505.501,523000.0
2007-04-13,510.0,518.99,506.02,513.9999,366200.0
2007-04-16,518.8,544.55,505.31,534.99,1654900.0
2007-04-17,536.0,584.75,535.1,565.5,3681100.0
2007-04-18,567.77,578.78,550.0,552.8,1331000.0
2007-04-19,547.88,557.8,525.5555,530.0,1231200.0
2007-04-20,539.9999,547.7699,530.01,535.0,416400.0
2007-04-23,541.99,542.0,510.0,516.45,594900.0
2007-04-24,519.9888,524.9,505.0199,507.5,655000.0
2007-04-25,510.0,517.5,500.01,512.7,396500.0
2007-04-26,517.8999,519.9,506.99,509.0,241300.0
2007-04-27,505.0,509.0,482.0,486.0099,538400.0
2007-04-28,490.05,495.0,489.0002,491.0,154800.0
2007-05-02,494.95,498.7999,489.9997,494.0,171800.0
2007-05-03,495.0,500.0,491.1,495.0,243800.0
2007-05-04,497.9799,504.99,496.0,499.9997,246500.0
2007-05-07,498.9,501.97,493.2001,495.0001,96700.0
2007-05-08,492.05,496.4494,488.95,490.0,61400.0
2007-05-10,494.9399,496.49,465.15,472.99,203600.0
2007-05-11,462.5002,475.62,451.1612,467.5,403300.0
2007-05-14,470.05,481.0,462.5,467.9996,122900.0
2007-05-15,461.0103,464.2556,450.2,460.0,241600.0
2007-05-16,465.17,465.17,454.0,460.0,377300.0
2007-05-17,461.8,464.99,455.1111,456.0101,224500.0
2007-05-18,459.86,464.4998,456.6941,462.0,209000.0
2007-05-21,465.99,465.9999,460.0501,463.999,208100.0
2007-05-22,462.51,469.49,458.0,466.28,396300.0
2007-05-23,465.0,465.0,444.0,445.3,294300.0
2007-05-24,445.0,445.9989,421.07,424.49,905800.0
2007-05-25,416.03,422.5,412.5102,415.39,661100.0
2007-05-28,417.9998,418.9999,394.2,398.01,538300.0
2007-05-29,398.22,409.4057,396.7003,399.0,552000.0
2007-05-30,390.0,395.0,384.0,385.0,452000.0
2007-05-31,390.7,409.9,390.7,403.0,684900.0
2007-06-01,403.01,407.4,399.66,405.0,975500.0
2007-06-04,405.0,405.0,390.0103,390.78,279100.0
2007-06-05,395.0,398.0,385.0,385.8999,296400.0
2007-06-06,389.7,391.7896,377.0,378.1015,279700.0
2007-06-07,378.0,381.99,367.5,367.5,275400.0
2007-06-08,364.99,376.99,358.09,372.5001,620600.0
2007-06-09,373.0,375.0,369.0002,373.0,101300.0
2007-06-13,374.95,374.95,366.0,370.0,276700.0
2007-06-14,374.0,404.044,371.01,404.044,1025600.0
2007-06-15,408.0,423.33,405.23,411.5,989700.0
2007-06-18,417.86,431.9,411.51,420.0,730600.0
2007-06-19,424.9998,430.5,416.15,422.01,983000.0
2007-06-20,423.5,437.4998,422.0,436.51,630500.0
2007-06-21,430.11,440.0,427.0,430.0,743900.0
2007-06-22,431.0,434.5,425.0001,427.5,392600.0
2007-06-25,422.21,433.5,420.11,424.95,779400.0
2007-06-26,426.0,427.9999,423.5,424.5,244000.0
2007-06-27,420.0001,422.9998,418.59,421.6164,237400.0
2007-06-28,425.0,432.4999,425.0,428.06,311100.0
2007-06-29,430.0,430.0,425.5001,428.0,151500.0
2007-07-02,426.0101,433.9,426.0101,428.5,131700.0
2007-07-03,431.0,433.5,428.5,433.0,276400.0
2007-07-04,432.79,436.5,427.8002,427.8002,277300.0
2007-07-05,429.0,431.5,424.0,424.35,318800.0
2007-07-06,427.0,427.0,419.9,421.5,322100.0
2007-07-09,424.3,428.0,420.0,421.5,288100.0
2007-07-10,421.6,421.75,414.02,415.0,396200.0
2007-07-11,412.57,421.9999,406.03,421.1,416800.0
2007-07-12,424.9999,434.0,423.01,427.8983,728300.0
2007-07-13,431.11,453.5,430.1,445.5,1491100.0
2007-07-16,447.0,465.0,438.0101,455.0,1061400.0
2007-07-17,455.0,456.8099,447.0,455.98,457800.0
2007-07-18,443.0,454.8999,443.0,445.0,821500.0
2007-07-19,445.45,477.5,445.45,477.181,1420800.0
2007-07-20,480.3461,511.1111,475.572,490.35,2524900.0
2007-07-23,492.7005,499.89,482.0001,492.5,415600.0
2007-07-24,492.0,496.0,471.57,478.4,940100.0
2007-07-25,467.5,476.9499,460.1,471.5,580300.0
2007-07-26,476.0,478.0,454.5,458.25,802200.0
2007-07-27,445.5,472.97,440.0001,468.878,792800.0
2007-07-30,464.0,474.19,455.05,457.5004,717600.0
2007-07-31,464.99,473.8,457.0001,469.0,460000.0
2007-08-01,458.0003,463.9799,455.6701,459.922,430300.0
2007-08-02,465.0,469.9,458.0,462.0,413000.0
2007-08-03,464.9,465.9,458.1111,460.9999,193200.0
2007-08-06,451.0001,458.77,445.0101,454.5,284100.0
2007-08-07,457.48,462.0,453.8101,458.5,167200.0
2007-08-08,461.5499,467.0,458.01,465.9899,314600.0
2007-08-09,465.02,468.0,450.01,451.3,389100.0
2007-08-10,446.7499,447.7,435.0,437.25,327100.0
2007-08-13,443.25,450.0,440.1102,449.99,142600.0
2007-08-14,445.1011,447.0,440.06,442.5,167700.0
2007-08-15,437.3109,437.3109,429.5,430.0,253500.0
2007-08-16,420.21,424.6173,404.08,410.0,644400.0
2007-08-17,409.99,419.0,392.21,413.0001,935300.0
2007-08-20,418.5,421.0,408.02,410.0,187500.0
2007-08-21,411.0,413.49,396.0,404.99,348200.0
2007-08-22,401.0,408.49,401.0,406.1,256200.0
2007-08-23,407.88,415.5,403.0003,404.0,304100.0
2007-08-24,402.5,402.9999,393.5,395.9,413900.0
2007-08-27,401.0,402.5,388.01,392.5,511600.0
2007-08-28,393.99,394.8599,383.5,385.99,249300.0
2007-08-29,378.9,394.0,378.0,383.9999,830400.0
2007-08-30,389.9991,393.0,380.07,382.0005,239700.0
2007-08-31,386.94,391.9499,382.34,382.3501,564600.0
2007-09-03,387.5,388.0,381.1005,383.8,156700.0
2007-09-04,383.0,384.8799,379.5,381.4,166300.0
2007-09-05,381.71,408.788,380.1101,403.0,1919600.0
2007-09-06,403.0601,412.0,397.6204,404.4001,793500.0
2007-09-07,403.5001,416.7,397.0,400.0,1517900.0
2007-09-10,398.59,409.94,394.1,407.0,386100.0
2007-09-11,408.99,412.99,402.01,405.7501,213700.0
2007-09-12,411.99,421.0,405.05,409.95,1189200.0
2007-09-13,412.8,424.9798,408.66,422.33,893400.0
2007-09-14,420.3,421.7778,414.25,418.49,626100.0
2007-09-17,414.0,421.9,414.0,415.4001,459200.0
2007-09-18,416.0,420.79,414.5,418.67,356900.0
2007-09-19,424.44,429.29,421.9,425.0,1199400.0
2007-09-20,423.35,424.52,417.0,417.4165,464300.0
2007-09-21,417.42,421.19,415.1001,418.5,170700.0
2007-09-24,418.02,420.4999,415.1514,419.0,209800.0
2007-09-25,417.0,420.0,415.5,415.5,295500.0
2007-09-26,416.0,446.779,415.6,445.0,1310100.0
2007-09-27,450.0,459.17,441.0501,450.1,1263500.0
2007-09-28,451.5,455.01,442.0,451.5,657600.0
2007-10-01,446.6,451.2,437.9,443.99,526800.0
2007-10-02,450.0,471.3999,446.501,466.0,1165400.0
2007-10-03,462.5,472.49,452.7,457.4999,950700.0
2007-10-04,454.5001,471.7,453.9999,467.5,878000.0
2007-10-05,470.0,479.87,470.0,471.75,886900.0
2007-10-08,476.11,497.99,468.1,490.0,1465600.0
2007-10-09,491.5,493.9999,474.1,483.999,1393800.0
2007-10-10,486.5,489.2,460.0019,465.0,1164000.0
2007-10-11,467.55,470.0,460.5707,465.98,836500.0
2007-10-12,461.01,463.25,454.19,460.0,716900.0
2007-10-15,463.85,467.0,453.33,455.99,672500.0
2007-10-16,455.9,456.89,444.44,447.4,592500.0
2007-10-17,443.2,448.5,441.0,448.0,466600.0
2007-10-18,449.0,450.0,435.51,437.5,535600.0
2007-10-19,435.0,446.9997,433.8993,439.4797,439600.0
2007-10-22,432.05,434.9,425.53,429.45,458400.0
2007-10-23,436.95,437.9,431.51,435.0,541100.0
2007-10-24,436.0,436.0,428.8,429.2005,393300.0
2007-10-25,434.0,443.4,431.6001,437.99,722100.0
2007-10-26,442.1,452.0,440.01,451.0,906100.0
2007-10-29,456.75,469.9,456.0,469.89,1375900.0
2007-10-30,468.5,484.11,465.25,477.9,1454100.0
2007-10-31,472.7,481.5,471.0,480.4999,798800.0
2007-11-01,487.0,490.0,458.0,477.9999,2281500.0
2007-11-02,466.01,482.0,462.0,478.0003,1317800.0
2007-11-06,480.5,508.91,478.0701,506.65,2090000.0
2007-11-07,509.9992,527.77,502.0,508.0,3218900.0
2007-11-08,498.0,514.99,493.0,510.1561,1315100.0
2007-11-09,512.4042,514.0,486.1,486.55,1284100.0
2007-11-12,484.08,490.0,476.01,480.0,978100.0
2007-11-13,479.97,484.95,464.75,471.39,1238600.0
2007-11-14,475.4787,496.99,473.55,494.15,2299900.0
2007-11-15,493.0,498.3898,484.05,486.7899,1023700.0
2007-11-16,485.0,488.0,473.0,475.5,837500.0
2007-11-19,478.88,482.9998,467.7,468.8,784900.0
2007-11-20,471.68,475.6795,463.5,471.0,1121900.0
2007-11-21,470.0,470.001,455.0,461.0,551100.0
2007-11-22,460.0002,465.82,447.0,449.0,1118300.0
2007-11-23,449.0,453.0,445.1205,448.99,742900.0
2007-11-26,454.95,460.0,451.135,455.11,868700.0
2007-11-27,447.4444,453.9999,440.0,442.4,663200.0
2007-11-28,442.5001,457.3999,440.4703,455.0002,738700.0
2007-11-29,460.0,464.0,451.0,453.11,544200.0
2007-11-30,454.76,470.0,453.0,464.0,1005700.0
2007-12-03,464.0,464.88,455.55,459.0,366800.0
2007-12-04,458.7997,462.6,457.0708,460.8999,439000.0
2007-12-05,461.4498,475.977,461.4498,475.4696,1291700.0
2007-12-06,476.69,479.76,467.1101,470.0056,753600.0
2007-12-07,474.43,480.99,472.0,473.89,879700.0
2007-12-10,470.02,492.9,468.0,489.05,1351500.0
2007-12-11,491.9799,520.89,491.3505,514.01,3695200.0
2007-12-12,508.05,518.9,502.16,516.8,1675300.0
2007-12-13,515.0186,526.89,507.0,512.5,2517400.0
2007-12-14,514.0,523.99,488.9779,495.0,1801300.0
2007-12-17,489.87,498.0,485.1,490.0003,763300.0
2007-12-18,490.0003,504.4,488.1173,497.03,1012900.0
2007-12-19,498.75,498.75,487.05,494.5,893200.0
2007-12-20,493.0,501.9997,492.9999,499.3,746200.0
2007-12-21,502.77,505.1,492.11,498.0,543600.0
2007-12-24,499.0,503.5,495.09,496.99,671100.0
2007-12-25,497.99,500.5,495.1539,499.3,589800.0
2007-12-26,499.3,499.3,493.5,494.1101,422600.0
2007-12-27,494.97,496.9999,485.01,492.15,517200.0
2007-12-28,490.0,491.7,485.0202,488.0,522700.0
2008-01-09,488.9,498.0,482.01,490.6,838100.0
2008-01-10,492.1398,493.9899,486.2,486.22,744900.0
2008-01-11,487.5,492.0,482.3333,489.39,219900.0
2008-01-14,492.0,492.0,486.05,488.0,475400.0
2008-01-15,487.0101,489.0,483.5662,487.5974,432000.0
2008-01-16,479.12,484.98,473.7501,477.0001,944600.0
2008-01-17,483.3499,483.3499,450.3,463.0,573600.0
2008-01-18,453.0,472.0,452.2105,469.8,342600.0
2008-01-21,460.0,461.9888,428.0,435.0006,660200.0
2008-01-22,412.01,430.0,372.2,419.0,740200.0
2008-01-23,424.98,434.9989,397.0,401.01,508000.0
2008-01-24,428.78,428.8,406.5,412.5,636700.0
2008-01-25,418.0,424.0,407.5,414.01,557000.0
2008-01-28,398.0,408.5,393.3,403.8,270700.0
2008-01-29,410.0001,412.8786,405.0112,408.2998,474100.0
2008-01-30,407.0,412.9999,402.5,409.5,288200.0
2008-01-31,406.4,417.9999,395.1,404.0,564300.0
2008-02-01,409.999,434.0,407.6503,427.0,670000.0
2008-02-04,434.5,445.7597,430.6002,438.89,567400.0
2008-02-05,433.0,441.5499,422.0,422.0,861800.0
2008-02-06,412.02,421.0003,404.3571,415.02,554800.0
2008-02-07,412.89,415.4,385.35,391.0206,824600.0
2008-02-08,398.9,398.9,385.0,390.0,367500.0
2008-02-11,395.5,398.0001,387.4,395.03,563200.0
2008-02-12,400.0001,416.0,397.53,412.2,1260800.0
2008-02-13,410.0,421.95,402.5,418.0,725400.0
2008-02-14,425.0,430.0,412.02,415.6,905900.0
2008-02-15,400.0,412.8999,396.0,400.0,600500.0
2008-02-18,402.0,406.93,396.22,398.9,444100.0
2008-02-19,401.8,402.0,393.0201,398.0,705700.0
2008-02-20,394.97,396.5,380.0,384.0,695600.0
2008-02-21,386.9997,396.999,383.0,385.8,1244300.0
2008-02-22,381.0107,389.1,377.16,378.7,1003100.0
2008-02-26,383.0,385.5,374.503,375.0,780500.0
2008-02-27,379.25,379.4898,350.25,358.5,2761700.0
2008-02-28,358.9,359.4,349.7,350.16,719600.0
2008-02-29,348.2471,355.89,340.0,340.1501,875300.0
2008-03-03,334.44,336.55,324.0,336.55,788000.0
2008-03-04,339.4699,342.0,313.0,315.6102,1251500.0
2008-03-05,317.1999,319.0,308.0,313.01,1008700.0
2008-03-06,316.0101,332.8,316.0101,323.75,1774100.0
2008-03-07,318.21,331.7989,313.0501,316.2111,1294300.0
2008-03-11,315.2,334.5,314.1205,334.35,1248400.0
2008-03-12,338.0,340.7,330.0,333.89,1109400.0
2008-03-13,329.0,343.87,325.0504,336.9373,851800.0
2008-03-14,342.9999,343.4989,334.9,335.3,626300.0
2008-03-17,330.0,330.0,314.05,319.21,502400.0
2008-03-18,322.4,324.99,316.0,324.8999,355300.0
2008-03-19,328.0,329.48,318.5,324.8999,483100.0
2008-03-20,318.0,323.0,313.7001,319.1102,408300.0
2008-03-21,321.05,322.7999,315.15,320.9,345900.0
2008-03-24,320.5,327.7777,317.4,327.5,228800.0
2008-03-25,327.01,334.0,323.6,327.0,540000.0
2008-03-26,327.8999,327.8999,323.37,323.5502,165900.0
2008-03-27,325.7699,332.0,323.25,325.0,327200.0
2008-03-28,326.0,331.0,321.1111,329.3,417100.0
2008-03-31,325.0,336.8,323.5,330.35,570300.0
2008-04-01,329.51,336.66,327.0,330.7,594200.0
2008-04-02,334.01,338.9999,326.51,328.05,869900.0
2008-04-03,329.9899,330.0,319.68,319.7,513500.0
2008-04-04,320.0,324.0,315.3103,315.6502,253700.0
2008-04-07,316.0,319.9,315.3,316.5,403100.0
2008-04-08,317.9,319.0,314.0101,319.0,1042700.0
2008-04-09,318.95,322.0943,316.5909,317.0,580600.0
2008-04-10,315.6001,317.6999,313.0,313.0,436100.0
2008-04-11,314.5,317.0,306.0,308.5,380800.0
2008-04-14,305.5001,305.5001,299.51,302.4,303500.0
2008-04-15,303.6,305.6991,301.6897,303.44,236600.0
2008-04-16,303.4603,305.0,301.0,303.98,460800.0
2008-04-17,305.0,306.0,295.01,295.602,394300.0
2008-04-18,297.75,299.7686,290.7,296.9,609800.0
2008-04-21,298.9,300.35,294.5,295.05,509800.0
2008-04-22,296.5498,303.4,294.9901,297.7,1007900.0
2008-04-23,298.0,300.8,296.1002,296.8,584500.0
2008-04-24,297.5,301.0,295.114,297.5001,462400.0
2008-04-25,300.0,300.0,295.7201,296.0233,375300.0
2008-04-28,295.8248,297.0,292.02,292.04,317400.0
2008-04-29,292.0,293.48,287.05,290.5,450400.0
2008-04-30,290.4,292.0,288.1503,289.1401,373400.0
2008-05-04,292.9898,298.65,290.0,295.79,424300.0
2008-05-05,295.5,299.5,295.5,298.07,627200.0
2008-05-06,299.77,313.1,299.77,304.5213,1980600.0
2008-05-07,306.5,312.0,299.8,305.5,997500.0
2008-05-08,304.0,314.5,302.2,309.0,1262100.0
2008-05-12,309.4999,327.9,307.8918,319.9,1696100.0
2008-05-13,320.0,336.0,314.0601,334.99,2506800.0
2008-05-14,338.0,357.56,334.0,355.0,3094400.0
2008-05-15,357.3,380.0,355.0,365.01,3431600.0
2008-05-16,366.7001,376.9499,359.0101,363.99,1908200.0
2008-05-19,366.0,367.9988,352.11,357.0,872200.0
2008-05-20,355.0,359.5,345.6,348.11,1088900.0
2008-05-21,345.6101,357.0001,344.0,351.3999,960700.0
2008-05-22,352.9,358.8,343.25,345.0,565100.0
2008-05-23,347.0,347.5,338.0,342.5,314200.0
2008-05-26,340.0,346.0,339.0,340.34,245000.0
2008-05-27,342.98,344.8997,333.7101,340.0,400600.0
2008-05-28,335.0,355.5535,335.0,348.0,972900.0
2008-05-29,350.0,352.8999,348.6894,350.0,432100.0
2008-05-30,349.0001,368.2,347.5,364.8999,1126300.0
2008-06-02,364.6,364.81,357.03,360.0,470400.0
2008-06-03,357.0811,365.9991,353.3333,362.68,424700.0
2008-06-04,361.5,372.0,352.0,357.5,916400.0
2008-06-05,357.0,363.97,354.68,356.9996,438400.0
2008-06-06,362.6,363.7999,356.0,357.0,817200.0
2008-06-07,354.3,356.0,345.05,347.07,382400.0
2008-06-09,349.8899,354.9482,347.07,350.8,369600.0
2008-06-10,349.0,349.9998,342.001,342.8,279400.0
2008-06-11,342.951,344.5,338.0,338.1,423900.0
2008-06-16,340.25,342.8,335.01,335.4798,439400.0
2008-06-17,336.38,350.0001,335.3001,343.002,1280800.0
2008-06-18,343.0499,345.6,337.5,337.5,642100.0
2008-06-19,334.1021,343.398,330.03,341.4,476200.0
2008-06-20,341.4999,341.4999,327.51,331.0011,800800.0
2008-06-23,330.0001,331.0,325.561,328.5,438100.0
2008-06-24,328.0001,329.94,319.81,322.0,761900.0
2008-06-25,322.0,325.99,320.1106,323.9898,346200.0
2008-06-26,327.0,330.0,322.0,325.0,292700.0
2008-06-27,320.0,321.5,316.0001,319.0,597800.0
2008-06-30,319.25,322.4999,315.0,317.5,405300.0
2008-07-01,316.0,320.0,305.62,309.0,566000.0
2008-07-02,309.07,312.8,308.21,311.1013,379600.0
2008-07-03,305.0,311.0156,304.9999,309.9,375900.0
2008-07-04,309.82,312.42,300.5,302.4499,580000.0
2008-07-07,302.5,308.4003,300.6,302.5,368800.0
2008-07-08,301.8999,302.0,279.661,287.0,1911800.0
2008-07-09,287.0,289.0,283.9,284.61,654000.0
2008-07-10,283.0,284.5999,279.71,281.15,520000.0
2008-07-11,282.9999,283.5,274.6,274.6,802100.0
2008-07-14,273.9,278.72,273.9,277.11,449200.0
2008-07-15,274.0,279.5,271.21,271.8,558200.0
2008-07-16,271.5603,275.0,270.0001,271.5,513700.0
2008-07-17,274.8999,276.0,270.88,272.8,568900.0
2008-07-18,271.0,283.5,270.5,281.5,1588800.0
2008-07-21,285.86,311.0,281.5,308.899,2156000.0
2008-07-22,306.0,324.0,305.07,321.57,2069700.0
2008-07-23,323.9,333.5,306.5007,313.0001,2140400.0
2008-07-24,314.99,326.8999,303.33,321.4997,1666400.0
2008-07-25,318.6,321.9,305.05,317.0,1410900.0
2008-07-28,318.07,319.8,298.6505,307.4,1139700.0
2008-07-29,301.11,303.0,292.75,296.5501,746900.0
2008-07-30,301.9999,309.9998,296.66,296.6606,497500.0
2008-07-31,298.04,298.04,288.0,291.1,1028300.0
2008-08-01,293.0,297.9797,286.0102,289.9999,276500.0
2008-08-04,287.05,289.0,276.7001,280.05,436300.0
2008-08-05,276.7001,278.5,264.0,265.9897,516900.0
2008-08-06,268.5,276.99,254.0,264.9,1348300.0
2008-08-07,267.5,276.15,264.0,266.4103,880700.0
2008-08-08,268.99,268.99,246.0006,247.0701,1016300.0
2008-08-11,247.07,252.0,190.0,251.4999,1190900.0
2008-08-12,251.0,272.5,243.2014,270.0,792400.0
2008-08-13,267.9999,279.9095,263.11,270.0,1292900.0
2008-08-14,273.657,276.7,266.0,269.18,440800.0
2008-08-15,270.0101,271.5,259.2,263.5,627800.0
2008-08-18,265.99,268.4,258.5001,259.5,339500.0
2008-08-19,256.0,256.0001,239.0,242.3,380700.0
2008-08-20,244.01,255.0,244.01,249.0,467100.0
2008-08-21,251.0001,252.6,240.01,249.2878,330100.0
2008-08-22,253.99,255.0,246.02,248.0,362000.0
2008-08-25,248.01,248.01,227.5,227.51,368200.0
2008-08-26,220.9,225.2501,207.2,217.6699,542700.0
2008-08-27,221.29,227.5,218.0,227.5,559700.0
2008-08-28,231.0,240.9,226.7555,240.11,545600.0
2008-08-29,240.11,253.0,235.99,252.1,605900.0
2008-09-01,251.97,264.5,246.5001,264.0,370800.0
2008-09-02,263.0,268.0001,252.5,257.599,448700.0
2008-09-03,254.0,256.5,244.0101,245.9,526900.0
2008-09-04,245.0,248.85,230.5111,231.0,339500.0
2008-09-05,223.5957,228.8999,205.05,212.9,1262800.0
2008-09-08,220.0,225.0,214.0529,218.0,661700.0
2008-09-09,217.0,217.0,196.25,198.0,599300.0
2008-09-10,191.15,197.46,183.2,196.6985,1087600.0
2008-09-11,197.6921,199.7999,161.0,166.0,1416300.0
2008-09-12,170.0,183.48,162.0001,172.0,2277300.0
2008-09-15,168.0,170.94,155.74,158.0,963300.0
2008-09-16,150.55,150.55,110.0009,120.01,1805000.0
2008-09-17,130.0,131.0,95.01,100.0101,653500.0
2008-09-19,112.3,140.0001,112.3,137.7696,712600.0
2008-09-22,141.99,171.9,138.01,168.9796,1355700.0
2008-09-23,160.0,174.9895,150.5,153.01,834200.0
2008-09-24,153.7999,159.6,152.5,154.25,564800.0
2008-09-25,154.99,155.9599,147.55,155.0,473400.0
2008-09-26,155.0,170.0,151.99,169.0,1220800.0
2008-09-29,167.8,180.01,166.16,173.2,1061700.0
2008-09-30,160.0,174.765,120.0,167.45,1396800.0
2008-10-01,171.0001,181.99,165.2,167.0007,813400.0
2008-10-02,167.0,175.0,155.0,155.0,410300.0
2008-10-03,152.2,154.01,131.9,150.0,554700.0
2008-10-06,145.011,145.011,118.0004,128.0,758100.0
2008-10-07,130.0,133.25,111.0,120.0,730400.0
2008-10-08,111.58,111.58,97.0,98.0014,101200.0
2008-10-09,103.9997,116.4,103.0,107.0,545200.0
2008-10-13,110.0,114.9499,99.0001,104.9,553900.0
2008-10-14,115.0,119.55,111.0,113.5,784000.0
2008-10-15,110.0,112.0,103.2499,103.6,564600.0
2008-10-16,97.01,100.9977,86.44,88.5,517600.0
2008-10-17,90.3,95.0,82.0,88.98,467800.0
2008-10-20,90.0,99.0,84.5,86.9999,603000.0
2008-10-21,89.9999,91.8261,86.5,87.5,883400.0
2008-10-22,85.8,86.0,81.19,82.1,795200.0
2008-10-23,79.0,82.47,75.95,78.0,518800.0
2008-10-24,76.9899,76.99,60.5,60.5,185800.0
2008-10-28,67.16,69.9699,58.11,65.95,1443000.0
2008-10-29,69.74,74.0,67.86,73.0102,900100.0
2008-10-30,74.9899,93.0,74.98,87.98,1957800.0
2008-10-31,79.7,91.45,77.5,90.4999,1108800.0
2008-11-01,91.7997,98.5,90.4999,94.5,485700.0
2008-11-05,99.24,108.0,95.8,101.0,1481400.0
2008-11-06,93.0,94.5,85.0001,90.25,963300.0
2008-11-07,88.1,93.98,84.6,92.51,518900.0
2008-11-10,98.0,99.85,90.0,90.5,1037300.0
2008-11-11,88.55,90.0,75.4,77.6987,409100.0
2008-11-13,65.0,77.9998,62.0,75.3,453100.0
2008-11-14,80.0,88.0,71.0,71.4,500100.0
2008-11-17,71.0058,72.5,68.21,69.5,338700.0
2008-11-18,68.0,75.5,65.1506,74.6999,480400.0
2008-11-19,75.0,75.5,71.0,74.0,347600.0
2008-11-20,68.5,72.38,67.5501,70.9992,335900.0
2008-11-21,74.0,74.7998,70.64,71.88,207800.0
2008-11-24,73.85,78.45,72.2409,77.5,1531500.0
2008-11-25,79.96,81.3,68.5,68.5001,2211300.0
2008-11-26,69.98,71.8,63.01,65.3599,846200.0
2008-11-27,67.96,71.0,65.8,69.4999,915600.0
2008-11-28,72.0,72.92,66.1,69.84,541200.0
2008-12-01,68.0201,69.99,67.0,68.0,672600.0
2008-12-02,65.411,68.1,64.12,67.0027,467300.0
2008-12-03,67.3914,67.7899,65.5123,67.28,250900.0
2008-12-04,67.86,69.9,66.2501,69.2,371700.0
2008-12-05,67.9,68.8695,66.7104,68.0,174400.0
2008-12-08,73.0,74.3999,71.0,73.431,748400.0
2008-12-09,74.0,74.0,70.68,71.0005,319600.0
2008-12-10,71.99,80.6,71.0,77.8,983800.0
2008-12-11,78.99,80.8799,76.0001,78.0,813300.0
2008-12-12,73.31,76.88,72.3757,74.201,576800.0
2008-12-15,76.75,77.78,74.3,75.7,684300.0
2008-12-16,74.99,78.7,73.5,77.9,864600.0
2008-12-17,79.5,80.237,76.11,76.5,333300.0
2008-12-18,75.5,80.2,73.5757,75.9,769700.0
2008-12-19,74.99,74.9999,70.0997,74.4999,384900.0
2008-12-22,74.5002,75.8999,73.08,75.3684,268600.0
2008-12-23,74.4999,77.8,74.21,77.48,639400.0
2008-12-24,77.7,79.379,75.5,75.7693,425800.0
2008-12-25,76.0017,77.3499,73.0901,73.5,451500.0
2008-12-26,74.0,74.5,70.1111,70.1111,270900.0
2008-12-29,71.1111,72.9999,68.2317,68.3,257300.0
2008-12-30,69.9799,70.4999,67.0,68.0,310300.0
2008-12-31,67.3301,73.8358,67.2501,69.2543,240000.0
2009-01-11,72.0999,72.1,68.78,68.9998,267200.0
2009-01-12,68.5,70.89,68.0,69.6001,213100.0
2009-01-13,68.55,70.91,67.0001,68.9501,292700.0
2009-01-14,69.9999,73.0,68.1,68.1006,763600.0
2009-01-15,67.99,70.8299,67.99,69.4599,376700.0
2009-01-16,70.5,71.0,68.7101,69.0,227500.0
2009-01-19,69.7131,70.443,65.8,66.3401,302500.0
2009-01-20,66.1,66.5,64.9,65.7,247700.0
2009-01-21,64.48,68.99,64.05,68.01,149800.0
2009-01-22,69.4997,69.9997,64.8,65.3621,175600.0
2009-01-23,65.9999,66.4799,59.94,61.2296,553500.0
2009-01-26,61.02,64.5,61.02,63.18,531800.0
2009-01-27,64.0,65.8,61.1158,62.89,1209900.0
2009-01-28,63.3501,64.158,62.0527,63.4,566600.0
2009-01-29,64.15,64.15,61.0101,63.24,580300.0
2009-01-30,62.0002,66.7,62.0002,65.999,851200.0
2009-02-02,65.3839,65.8497,63.01,64.9,245700.0
2009-02-03,65.4999,66.4325,64.5101,65.4019,297400.0
2009-02-04,65.1103,69.21,65.11,68.5,347500.0
2009-02-05,67.4001,68.2,66.5,66.701,408700.0
2009-02-06,67.9,73.15,67.2,72.7,598300.0
2009-02-09,72.2,76.49,71.5,75.7,775900.0
2009-02-10,75.6,79.3999,73.6,78.5,949600.0
2009-02-11,74.2636,78.99,74.2636,76.99,716000.0
2009-02-12,76.1,78.882,72.5001,72.65,629200.0
2009-02-13,73.7,87.7,73.4997,84.39,1699300.0
2009-02-16,84.4,92.0,81.5801,82.8601,1961900.0
2009-02-17,81.2,87.48,77.2,78.8,1206100.0
2009-02-18,77.8,85.0,73.3084,76.99,1310300.0
2009-02-19,78.2,81.5,75.7,76.0,1636400.0
2009-02-20,75.1,75.1,71.3,72.0555,453000.0
2009-02-24,70.7,72.9898,69.3001,72.5999,775300.0
2009-02-25,74.11,75.5,71.0,71.005,407600.0
2009-02-26,73.6358,75.5998,72.1812,73.1,1104700.0
2009-02-27,73.1,74.3944,70.0001,70.8,1210600.0
2009-03-02,69.1,70.19,68.0511,68.2,552900.0
2009-03-03,67.5803,70.87,67.5803,69.5,505400.0
2009-03-04,69.9999,73.4898,69.9999,72.3895,848100.0
2009-03-05,72.99,73.1,70.5001,70.5001,578400.0
2009-03-06,69.6001,72.75,69.6001,72.4599,534200.0
2009-03-10,72.5001,79.01,72.5001,78.61,2033800.0
2009-03-11,78.28,78.5,74.5,77.06,1073400.0
2009-03-12,75.15,77.5975,74.5649,76.6896,960400.0
2009-03-13,78.21,79.48,76.0153,76.6878,1127300.0
2009-03-16,76.5,87.0,70.0,86.95,2087100.0
2009-03-17,88.6,88.65,82.05,83.649,1619200.0
2009-03-18,84.68,84.989,81.2,82.9999,986500.0
2009-03-19,83.7999,93.5,83.7999,91.2,2575800.0
2009-03-20,90.0,94.8,88.2,92.9999,1257600.0
2009-03-23,95.0,98.9,93.06,96.5,1352100.0
2009-03-24,98.33,99.45,90.15,90.6998,959200.0
2009-03-25,90.0,96.34,89.0501,93.69,1471500.0
2009-03-26,95.0,96.8805,92.5501,96.0,910100.0
2009-03-27,96.0,97.5,90.99,93.0,1103600.0
2009-03-30,91.1213,91.9805,86.1615,87.8,553900.0
2009-03-31,88.0,93.92,87.4825,93.0,708000.0
2009-04-01,93.19,93.2394,89.5001,91.8997,578600.0
2009-04-02,95.55,96.0,92.93,94.8798,726800.0
2009-04-03,93.5003,96.758,93.0,93.2503,690700.0
2009-04-06,95.5,108.9999,95.5,96.63,3784300.0
2009-04-07,97.7701,104.9762,96.0,100.81,1687800.0
2009-04-08,99.0,106.5,97.2,102.9498,1614000.0
2009-04-09,107.0,125.9999,107.0,124.38,4386300.0
2009-04-10,127.0,128.0,117.1001,123.0,1959300.0
2009-04-13,122.0,128.9,119.35,121.148,1582100.0
2009-04-14,121.3102,138.0,120.0025,131.5,3935400.0
2009-04-15,129.02,145.9,128.0101,137.5,3905400.0
2009-04-16,140.49,144.0,133.0401,139.8497,2283700.0
2009-04-17,140.5,140.55,136.0801,137.05,785300.0
2009-04-20,137.0499,137.05,126.15,126.3402,838600.0
2009-04-21,125.2001,128.7027,119.11,127.5499,2021200.0
2009-04-22,128.0999,131.37,124.0304,128.0,1106300.0
2009-04-23,127.0,132.0,125.2,129.4796,1155800.0
2009-04-24,129.5001,131.4698,127.5801,128.98,628200.0
2009-04-27,128.0,128.5,123.4567,124.55,820500.0
2009-04-28,123.0501,124.99,118.5003,124.8,788700.0
2009-04-29,125.9,136.4,124.01,135.9978,1201600.0
2009-04-30,138.05,139.9,133.5058,135.3851,940300.0
2009-05-04,137.5,153.0,137.0,150.44,3644800.0
2009-05-05,151.5,153.9,144.93,145.0,1454600.0
2009-05-06,145.0,148.0,137.0,142.4,2770500.0
2009-05-07,144.5,148.8361,142.0,142.9999,3032900.0
2009-05-08,143.5003,145.826,140.5556,145.16,1745200.0
2009-05-12,144.2,157.45,140.8919,156.35,3128100.0
2009-05-13,157.15,166.0,146.5,151.649,2568300.0
2009-05-14,149.2,154.9399,147.5,151.49,1257000.0
2009-05-15,154.0,154.534,146.94,150.4,1193300.0
2009-05-18,149.0,151.2,145.5757,150.5803,929700.0
2009-05-19,153.0,154.3999,148.5006,150.3788,1012300.0
2009-05-20,149.51,153.65,148.8888,153.5499,1700900.0
2009-05-21,151.8879,151.95,146.0,146.0505,1034200.0
2009-05-22,146.0001,148.9799,145.0,145.7,1218300.0
2009-05-25,146.6048,163.0,146.0231,162.0,3813400.0
2009-05-26,162.07,164.0,153.01,157.0,2934700.0
2009-05-27,159.9,167.89,157.53,161.5003,2443800.0
2009-05-28,160.4111,169.284,159.03,163.75,2276500.0
2009-05-29,166.06,170.9997,165.9001,167.5,1406200.0
2009-06-01,171.5,185.0,170.5,181.51,2391200.0
2009-06-02,182.5,182.95,173.5,178.39,2136300.0
2009-06-03,179.4832,180.0,164.0,165.5,1293100.0
2009-06-04,166.0001,170.9993,163.45,167.5,1128900.0
2009-06-05,172.0004,177.4995,168.7,170.5,779700.0
2009-06-08,169.0,171.6999,166.57,170.41,441800.0
2009-06-09,171.4895,172.8,167.58,172.0095,576900.0
2009-06-10,174.999,183.7999,172.62,180.6,1767500.0
2009-06-11,183.29,191.5,179.5,191.1,2033500.0
2009-06-15,188.0,189.8535,180.5397,185.4,1248200.0
2009-06-16,183.0,197.3,182.8755,196.0504,1475900.0
2009-06-17,196.5,212.0,195.0,203.011,3380100.0
2009-06-18,207.0001,208.4858,190.0013,194.08,1866000.0
2009-06-19,194.49,202.85,180.0101,181.078,1179100.0
2009-06-22,183.98,186.0,173.9,174.5,1646200.0
2009-06-23,172.8864,174.4,158.21,161.0,1941500.0
2009-06-24,165.0,169.5,163.67,165.01,1596400.0
2009-06-25,168.0,169.0,160.9999,161.59,1016400.0
2009-06-26,166.5,166.532,152.829,153.3999,1257700.0
2009-06-29,153.0,156.1,148.67,153.4,933000.0
2009-06-30,157.31,163.2313,150.5,151.05,2087600.0
2009-07-01,153.4,160.1,153.25,160.1,1392100.0
2009-07-02,158.25,158.9,150.12,151.21,857000.0
2009-07-03,149.0,154.433,148.0001,153.0,885400.0
2009-07-06,149.055,151.4499,145.0,146.4853,586800.0
2009-07-07,148.77,151.7998,145.0,147.4791,844000.0
2009-07-08,144.34,147.9799,142.0403,143.25,566300.0
2009-07-09,145.0,148.94,143.21,143.75,665300.0
2009-07-10,145.0112,145.0112,132.35,135.98,978700.0
2009-07-13,132.35,139.7797,129.503,133.4999,867100.0
2009-07-14,137.0005,140.48,133.0608,133.5,1493600.0
2009-07-15,137.0002,149.43,136.0002,147.85,1503000.0
2009-07-16,148.0,150.0,141.511,146.9999,1124200.0
2009-07-17,148.04,154.4996,145.4999,152.9999,1396600.0
2009-07-20,154.98,158.9,148.5101,149.1,1614500.0
2009-07-21,150.0,154.3001,146.9021,150.6,1340400.0
2009-07-22,150.2,154.5,146.0,148.01,950500.0
2009-07-23,148.5931,155.8412,148.5931,155.7099,1345700.0
2009-07-24,156.99,164.14,153.3867,163.0014,3335400.0
2009-07-27,164.5,169.5314,157.13,158.45,2067900.0
2009-07-28,159.0,161.4646,150.35,150.5,1334400.0
2009-07-29,148.9879,152.45,147.0974,149.7999,863600.0
2009-07-30,150.8999,157.5,148.6006,156.48,1643400.0
2009-07-31,158.0,158.0,151.02,155.0,1081100.0
2009-08-03,157.0,162.8,155.5011,162.2898,1740700.0
2009-08-04,161.1,163.1,158.79,161.5,826400.0
2009-08-05,161.2,163.65,155.5757,155.6005,1609100.0
2009-08-06,157.0,161.0,156.06,160.0,1365900.0
2009-08-07,158.13,164.0,154.5,162.3,1421700.0
2009-08-10,162.8,162.8,156.5,157.7,832400.0
2009-08-11,157.77,160.8687,152.5098,152.5098,883300.0
2009-08-12,150.9709,157.8978,148.5933,157.0,1119600.0
2009-08-13,159.43,187.5,159.43,186.66,5589600.0
2009-08-14,188.9,189.0,176.2,176.89,2864900.0
2009-08-17,173.5,176.8699,170.0015,173.3,1580900.0
2009-08-18,174.9,178.9997,174.4,175.5005,1082600.0
2009-08-19,176.8499,184.2971,174.23,180.98,1681200.0
2009-08-20,183.0,185.5,181.1426,183.01,929200.0
2009-08-21,180.5,188.7998,180.1006,186.48,1844100.0
2009-08-24,188.5,189.4799,182.0,186.14,930700.0
2009-08-25,184.2,188.1818,182.0757,186.1,701700.0
2009-08-26,185.9999,201.0714,184.51,196.79,3170900.0
2009-08-27,195.41,198.9,188.5802,189.1011,1167300.0
2009-08-28,194.5,198.1,191.8,195.0201,1442900.0
2009-08-31,190.0201,208.9794,190.0201,203.9999,7622400.0
2009-09-01,204.8747,208.4999,201.0101,203.5401,1984200.0
2009-09-02,197.8,205.6,197.7703,201.9998,1152200.0
2009-09-03,203.9999,207.007,199.55,200.11,982800.0
2009-09-04,202.2,204.4999,197.1551,199.0,1032900.0
2009-09-07,202.0,204.7999,200.9,203.5,495600.0
2009-09-08,204.9999,216.5,203.75,213.11,1211600.0
2009-09-09,214.5,218.5,208.26,211.2388,1148200.0
2009-09-10,212.2,214.99,207.22,210.0,1151500.0
2009-09-11,211.8999,218.5,208.0,217.0,1288200.0
2009-09-14,212.0002,219.55,210.0,218.3,740700.0
2009-09-15,219.9896,227.5,218.7,225.1,1251000.0
2009-09-16,226.6001,234.5,226.6001,233.9877,1442800.0
2009-09-17,239.0,242.4224,235.0501,241.2,1349200.0
2009-09-18,239.5106,251.4901,237.0002,251.02,1425100.0
2009-09-21,250.6202,250.6202,239.0,240.8295,980800.0
2009-09-22,244.0824,245.4457,240.35,241.87,940000.0
2009-09-23,241.75,247.9899,239.5031,240.77,749100.0
2009-09-24,238.27,247.0,236.66,241.5,910200.0
2009-09-25,240.262,242.95,232.6,234.9998,784600.0
2009-09-28,232.35,239.9145,230.0001,238.4,589700.0
2009-09-29,240.0,247.98,239.47,246.4998,859300.0
2009-09-30,247.07,254.4899,243.9,244.0,1214600.0
2009-10-01,247.5,252.4299,243.0008,246.15,929900.0
2009-10-02,242.4799,244.97,227.7,237.9999,1137800.0
2009-10-05,237.5,240.0001,233.5562,234.2,543700.0
2009-10-06,236.9999,244.701,236.7001,244.0,730600.0
2009-10-07,245.0,247.24,243.0355,244.0,724100.0
2009-10-08,245.5501,251.88,245.5501,250.5712,901200.0
2009-10-09,250.5712,262.809,250.57,258.5,1633700.0
2009-10-12,260.0,279.4995,259.5006,277.61,1703500.0
2009-10-13,278.0059,287.0002,266.15,267.1,2068400.0
2009-10-14,274.0,278.9998,272.0,274.6001,950700.0
2009-10-15,281.8911,281.8911,272.6,276.4799,1260600.0
2009-10-16,280.7,290.0,274.0,275.5009,1701100.0
2009-10-19,279.0,295.9896,276.5001,294.5,1629500.0
2009-10-20,299.9,300.0,285.5,288.18,1077400.0
2009-10-21,286.3,291.0,278.4999,287.8005,1170200.0
2009-10-22,286.5,286.8,277.0,282.01,668200.0
2009-10-23,286.5004,288.947,277.05,277.5,830900.0
2009-10-26,274.7,284.7497,273.5,280.0,829400.0
2009-10-27,276.61,278.9989,267.3101,271.8832,1053000.0
2009-10-28,270.53,271.0001,252.5,252.5,1194000.0
2009-10-29,248.0,261.0,243.61,257.5,1729200.0
2009-10-30,262.0,264.88,246.25,246.5,888700.0
2009-11-02,244.8,254.99,241.0203,250.3999,1090400.0
2009-11-03,248.89,249.4,240.1051,240.5,564300.0
2009-11-05,245.0,248.25,241.0,241.9898,1269800.0
2009-11-06,245.55,245.55,232.5005,235.0,1371900.0
2009-11-09,240.0,248.4889,239.0105,246.8,1366100.0
2009-11-10,249.7313,253.9996,244.0,250.6001,1948100.0
2009-11-11,250.0,254.81,246.7,250.8,1118800.0
2009-11-12,245.0,246.4999,235.01,238.5135,2428800.0
2009-11-13,236.5134,236.5134,220.0501,227.04,3749800.0
2009-11-16,231.0,236.4485,230.5021,235.8999,2563400.0
2009-11-17,234.8,234.9994,229.0,229.84,1774000.0
2009-11-18,231.9699,233.0017,226.5,228.0015,1934000.0
2009-11-19,228.0021,228.0232,216.7,217.26,2140400.0
2009-11-20,218.5,221.4797,214.51,219.5386,1611700.0
2009-11-23,222.7386,224.89,217.64,220.4,1749700.0
2009-11-24,217.2,218.47,212.9999,218.47,1483400.0
2009-11-25,220.4201,221.5,215.5303,216.0,1150400.0
2009-11-26,216.11,216.3,207.5,208.228,1076600.0
2009-11-27,201.0001,219.4999,195.0,218.3,2477100.0
2009-11-30,221.0001,222.0,208.8888,214.4999,3333300.0
2009-12-01,216.1001,220.0,213.5012,217.9999,2762600.0
2009-12-02,219.7,219.7,211.0,214.8,1594900.0
2009-12-03,215.2004,218.38,211.3,211.68,1179700.0
2009-12-04,210.5507,216.495,207.0,215.9276,1592500.0
2009-12-07,213.76,217.9999,211.2102,214.18,1044900.0
2009-12-08,213.73,215.5,209.0008,210.0,1725200.0
2009-12-09,209.86,213.3,209.0,211.419,963600.0
2009-12-10,209.2,211.99,207.5001,211.599,660200.0
2009-12-11,212.97,214.35,210.82,211.2,921600.0
2009-12-14,213.4999,227.95,211.52,227.3527,3141400.0
2009-12-15,228.0,241.98,226.0063,241.5,5061900.0
2009-12-16,241.0,245.0,230.0157,239.6,4639200.0
2009-12-17,236.66,243.4,232.2621,240.5,3616500.0
2009-12-18,241.57,248.8834,241.0018,243.9899,2495700.0
2009-12-21,246.7495,248.2,242.5,244.6999,1435100.0
2009-12-22,244.88,245.2999,238.99,239.2,916400.0
2009-12-23,241.99,241.99,236.8171,238.651,847600.0
2009-12-24,240.01,242.87,231.2102,233.899,1084500.0
2009-12-25,233.2501,241.77,231.01,240.9,1284700.0
2009-12-28,242.45,245.4918,239.0001,242.249,1073000.0
2009-12-29,242.0,245.2998,235.55,237.99,778000.0
2009-12-30,237.95,238.5,234.5009,237.0777,892800.0
2009-12-31,237.0777,237.95,234.3707,235.7016,201800.0
2010-01-11,243.4,248.4899,241.15,244.9,2046800.0
2010-01-12,244.2,246.0,242.3505,243.0,734800.0
2010-01-13,242.4999,246.1716,240.5,245.0,1453000.0
2010-01-14,246.0,253.0008,245.7002,251.81,2839100.0
2010-01-15,252.7,259.4999,250.6,259.0,2084400.0
2010-01-18,257.7,279.7,257.2,279.6699,3878500.0
2010-01-19,279.0,282.467,266.2001,275.7201,3168200.0
2010-01-20,275.0,278.4996,264.3001,264.6,1796300.0
2010-01-21,267.1,272.5,260.7003,261.0,2318500.0
2010-01-22,258.0,259.9775,252.0351,256.99,2339800.0
2010-01-25,252.5505,258.6999,252.1001,254.56,1623600.0
2010-01-26,251.56,252.2987,245.5112,249.2,1628800.0
2010-01-27,248.3,252.8999,246.0505,248.0001,1432700.0
2010-01-28,252.0,258.8,251.2002,252.8734,2020100.0
2010-01-29,249.7,254.7,249.0,253.9,1251200.0
2010-02-01,250.0,254.9,249.6001,254.1501,721800.0
2010-02-02,256.0,263.8,255.8789,262.3499,1566600.0
2010-02-03,265.9392,268.9,259.0017,261.5,1693400.0
2010-02-04,261.4,264.0,250.7575,251.25,1209200.0
2010-02-05,247.0,248.2883,237.8,242.37,2300400.0
2010-02-08,241.2401,246.79,235.0,235.0102,1867000.0
2010-02-09,237.9999,241.24,236.1,240.0,1346900.0
2010-02-10,242.88,244.5,235.3,237.5651,1801800.0
2010-02-11,241.499,242.1679,236.6666,238.7799,889300.0
2010-02-12,240.9999,241.5,227.5,229.8998,1597000.0
2010-02-15,230.9896,234.48,227.05,234.4,821600.0
2010-02-16,235.65,247.4699,235.55,247.2999,1389200.0
2010-02-17,248.3,249.59,240.7,241.61,1646500.0
2010-02-18,239.9999,240.57,234.1,238.7,1302700.0
2010-02-19,234.0,239.79,230.57,238.37,1211300.0
2010-02-24,238.11,239.67,234.5009,236.7505,1031600.0
2010-02-25,235.1212,239.2997,230.0784,231.75,715200.0
2010-02-26,234.0402,236.4,231.0303,235.0,738100.0
2010-02-27,235.0,237.5,234.0048,236.2399,297600.0
2010-03-01,237.695,239.7699,235.0533,238.491,1064000.0
2010-03-02,238.4909,242.51,236.5,242.51,1464300.0
2010-03-03,241.0501,250.45,240.0101,250.45,2054800.0
2010-03-04,249.4699,252.0,245.5001,247.9999,1333000.0
2010-03-05,250.9999,256.9899,248.75,252.8517,1577500.0
2010-03-09,252.3,254.0,247.12,249.9301,1149100.0
2010-03-10,249.05,253.2033,243.4701,248.5133,1586500.0
2010-03-11,247.2509,250.5,246.03,247.6,1042400.0
2010-03-12,249.3,253.47,247.75,248.6999,2526100.0
2010-03-15,247.5,253.4578,246.7,251.0,1881800.0
2010-03-16,251.9999,257.0,250.6501,255.6,1783200.0
2010-03-17,258.9,259.9999,256.0602,258.5669,1441100.0
2010-03-18,257.7756,259.0113,252.53,252.6,1131700.0
2010-03-19,253.7999,256.49,252.8001,255.2999,1351300.0
2010-03-22,252.7,258.97,249.0476,258.77,1271000.0
2010-03-23,259.2,262.3,257.55,259.2002,1423100.0
2010-03-24,259.0,264.5,256.2,263.8997,2290000.0
2010-03-25,262.4,287.5,262.4,287.0,6644700.0
2010-03-26,287.0,309.49,284.17,303.0,11056000.0
2010-03-29,301.9999,302.0,287.7777,293.72,4417000.0
2010-03-30,293.0,314.66,287.5,314.2,6082200.0
2010-03-31,312.99,349.0,310.5901,339.2708,9113800.0
2010-04-01,345.25,361.47,342.5,359.0001,6819600.0
2010-04-02,363.0,365.0,350.02,360.0,2899200.0
2010-04-05,361.41,392.4789,358.5,391.595,5386800.0
2010-04-06,394.02,407.17,359.0314,365.5,12323800.0
2010-04-07,365.5,371.0,340.93,347.0,7608800.0
2010-04-08,340.17,368.7,337.0,355.0169,10598100.0
2010-04-09,361.9994,385.639,360.0352,374.5,9350400.0
2010-04-12,382.954,392.4169,366.0,375.0006,7543300.0
2010-04-13,370.0,377.5,362.0102,370.4,4691900.0
2010-04-14,377.49,378.5,362.193,366.0,3320200.0
2010-04-15,369.0,374.07,345.318,351.9999,7176400.0
2010-04-16,349.0,349.0,339.3776,340.0,4817500.0
2010-04-19,332.0,333.999,321.0,326.602,4377000.0
2010-04-20,334.77,339.27,328.24,329.4999,3877100.0
2010-04-21,331.73,337.397,322.5,327.51,6233100.0
2010-04-22,324.8,334.4,323.0,326.0,3019500.0
2010-04-23,330.0,331.5,325.03,327.81,2346500.0
2010-04-26,330.03,333.3333,325.0005,325.59,2100200.0
2010-04-27,323.7,323.9997,312.5,315.01,3094700.0
2010-04-28,308.6999,312.413,303.5009,306.5,3192900.0
2010-04-29,308.6006,328.6581,307.5401,325.8,4887600.0
2010-04-30,327.4,338.1913,316.8952,318.2601,5606000.0
2010-05-04,321.95,336.2121,313.4565,319.0783,5187000.0
2010-05-05,318.0,322.0,301.5442,307.0,3628500.0
2010-05-06,305.9,307.4966,286.5,288.5,6882500.0
2010-05-07,279.0,281.0,251.11,255.5,7487500.0
2010-05-11,267.38,273.0,255.502,268.0,6177600.0
2010-05-12,263.3334,291.7,263.1216,290.0,7079700.0
2010-05-13,294.5,298.0,275.0001,280.01,7130700.0
2010-05-14,275.7996,283.4,263.5501,281.0,5698700.0
2010-05-17,272.5,292.4,271.1,285.0,6547800.0
2010-05-18,287.8,294.4031,285.0001,291.2,5482500.0
2010-05-19,286.3511,286.98,270.51,273.0,4989800.0
2010-05-20,273.03,282.4,260.5,262.9947,5270000.0
2010-05-21,265.8,268.77,255.5555,267.15,5202500.0
2010-05-24,269.8,274.95,265.0,270.55,3812100.0
2010-05-25,264.1,264.1,243.1001,248.0,3405200.0
2010-05-26,255.0,258.7,250.775,256.51,5348500.0
2010-05-27,258.1275,265.0,255.2873,262.9999,4888600.0
2010-05-28,264.8,267.0,257.52,260.5,3309300.0
2010-05-31,259.8,267.9996,257.5001,266.95,3376800.0
2010-06-01,264.3,265.0,259.1205,262.85,3402900.0
2010-06-02,260.0,268.4,258.0031,267.8918,3616000.0
2010-06-03,272.0,281.8199,270.5501,272.7993,5393000.0
2010-06-04,274.001,281.7857,265.06,270.0,5252100.0
2010-06-07,262.846,268.4518,258.093,265.25,2775700.0
2010-06-08,267.88,270.2001,255.2202,255.31,3894300.0
2010-06-09,259.1,262.9998,258.55,261.7,2926500.0
2010-06-10,262.7,266.3599,258.7,265.0,2551700.0
2010-06-11,266.5,266.6251,256.55,258.3999,2769600.0
2010-06-15,260.0,265.0,258.12,264.535,1967600.0
2010-06-16,266.6251,268.88,259.5651,261.0322,2627600.0
2010-06-17,260.0384,267.4,259.18,261.5,2771300.0
2010-06-18,262.5,264.76,260.7,264.0,1451800.0
2010-06-21,267.4,286.99,266.35,285.5698,6739600.0
2010-06-22,281.0,295.4499,278.2929,287.4,9773200.0
2010-06-23,286.3511,290.3801,277.1779,279.6501,4177500.0
2010-06-24,282.2925,290.4681,278.3,287.45,6185600.0
2010-06-25,285.055,297.0,281.5002,284.44,6776300.0
2010-06-28,286.12,292.9799,285.5,288.8,2805100.0
2010-06-29,286.3511,286.3511,271.0,274.0,3846100.0
2010-06-30,274.0,277.4997,266.6666,270.7555,2746100.0
2010-07-01,266.6251,266.98,255.0,255.06,2941100.0
2010-07-02,258.2,269.45,257.6599,267.0,2656700.0
2010-07-05,266.55,268.9793,263.0101,265.0,1265700.0
2010-07-06,268.2,277.7001,267.2203,277.3929,2635400.0
2010-07-07,273.0,279.98,268.0,277.5,3600700.0
2010-07-08,284.0,284.0,277.7701,279.0201,3301400.0
2010-07-09,282.8,283.5,271.3,278.51,2062800.0
2010-07-12,277.3679,281.9999,275.0,279.56,2177400.0
2010-07-13,277.51,289.9897,276.672,286.8,3419000.0
2010-07-14,289.0226,292.0002,277.84,281.73,2469000.0
2010-07-15,280.42,283.64,271.5,271.5021,2178100.0
2010-07-16,272.5,277.5,268.11,270.5001,2061700.0
2010-07-19,267.76,275.9999,267.76,271.5099,1417400.0
2010-07-20,274.0,275.0,268.25,271.1499,1019000.0
2010-07-21,273.1199,277.1,272.0102,273.1,1646600.0
2010-07-22,271.3139,279.9,271.11,279.0304,1696800.0
2010-07-23,280.5,282.0,276.6077,277.52,1502500.0
2010-07-26,282.0,301.4,281.56,297.7999,11005500.0
2010-07-27,296.9999,300.99,291.0001,294.51,5988400.0
2010-07-28,294.6,296.4999,286.0,289.5,3443500.0
2010-07-29,292.01,326.76,291.5,320.9,14652700.0
2010-07-30,318.4,343.75,317.1122,342.78,18243200.0
2010-08-02,349.0,357.77,340.0,344.0,8435000.0
2010-08-03,346.0,346.2799,326.22,331.5119,4527000.0
2010-08-04,331.834,340.99,329.1401,335.31,6751700.0
2010-08-05,336.6,337.6796,325.6102,328.0,3053500.0
2010-08-06,331.03,331.03,317.15,317.49,2566900.0
2010-08-09,320.5,322.5593,317.15,317.6,2072300.0
2010-08-10,315.1131,315.8813,304.7,306.0,3227900.0
2010-08-11,301.0,315.5,300.1005,309.5,5423300.0
2010-08-12,308.4485,313.3399,305.0206,307.449,3448100.0
2010-08-13,312.0,312.9997,307.0,308.0,2227700.0
2010-08-16,310.25,310.98,298.7801,305.5663,2898000.0
2010-08-17,307.0,315.7777,305.7801,311.9778,4470600.0
2010-08-18,310.5,313.0,307.2101,309.0201,2138100.0
2010-08-19,311.38,319.45,309.5028,312.5,3185300.0
2010-08-20,312.0,319.55,310.0507,316.5004,4239100.0
2010-08-23,318.01,326.9,317.5,323.9001,4446100.0
2010-08-24,320.999,323.5899,312.302,316.8599,4403400.0
2010-08-25,316.4599,334.5999,315.11,332.9,8894700.0
2010-08-26,338.0111,343.5,334.6346,335.6999,5862600.0
2010-08-27,333.66,338.0226,328.3,333.4,3871500.0
2010-08-30,339.4,339.85,328.9701,331.23,1709000.0
2010-08-31,326.2006,334.3402,322.1,328.5,4804800.0
2010-09-01,330.89,336.0,326.01,333.3,3150800.0
2010-09-02,333.31,338.99,331.5501,334.6,2540700.0
2010-09-03,335.0,338.6,327.0,330.4999,5281400.0
2010-09-06,333.3,334.33,327.14,329.4,1264100.0
2010-09-07,328.17,328.17,322.4838,327.0,1476000.0
2010-09-08,325.5,335.4,325.01,335.0,2818500.0
2010-09-09,334.86,345.5,331.4,342.4997,4166000.0
2010-09-10,341.5,343.5094,339.0,341.44,1834500.0
2010-09-13,346.0,346.979,336.99,337.05,2230400.0
2010-09-14,336.25,343.9089,335.6789,342.1437,3804900.0
2010-09-15,341.1401,356.4698,340.0235,356.0,7582100.0
2010-09-16,355.0,361.7,347.0,347.85,5677000.0
2010-09-17,350.7,352.9896,341.11,342.0001,2864100.0
2010-09-20,343.2142,346.44,339.3776,346.1526,1497000.0
2010-09-21,346.2,353.5,343.02,351.4,2203200.0
2010-09-22,350.3997,352.77,341.6,344.011,2059300.0
2010-09-23,344.0,349.5336,335.0223,339.5001,2600100.0
2010-09-24,338.0,345.7,335.14,344.99,2273900.0
2010-09-27,348.76,350.9886,336.5,337.9919,2852100.0
2010-09-28,337.5,337.5,328.0,330.9,2957500.0
2010-09-29,331.5,339.0,330.5,334.26,1849200.0
2010-09-30,332.9799,338.4619,332.1141,338.0,2261600.0
2010-10-01,337.1009,344.1878,335.3415,339.2,2374800.0
2010-10-04,341.0,341.99,338.07,339.3003,1531700.0
2010-10-05,340.0005,349.0662,338.211,348.0,1775000.0
2010-10-06,349.0662,354.89,343.1158,344.1,4218900.0
2010-10-07,345.99,349.0662,337.51,339.5701,2153500.0
2010-10-08,338.0001,344.0,336.5,341.9896,1578200.0
2010-10-11,343.775,349.0583,341.3,347.11,1524500.0
2010-10-12,343.6202,345.88,341.25,343.9377,1011900.0
2010-10-13,346.79,348.0,343.81,347.15,1224200.0
2010-10-14,348.9,361.3993,347.98,354.55,7321200.0
2010-10-15,354.55,376.88,354.0137,370.9787,8503200.0
2010-10-18,367.96,381.9346,367.3612,377.0,6729800.0
2010-10-19,378.98,385.9999,371.04,382.0001,5113600.0
2010-10-20,378.0,389.75,375.5414,386.7,5494600.0
2010-10-21,374.79,374.99,351.7,364.95,12608900.0
2010-10-22,359.0314,364.7,354.5,362.4098,3288400.0
2010-10-25,364.6898,371.0,361.5615,366.8166,3601600.0
2010-10-26,366.0,372.3,364.01,367.0,2614800.0
2010-10-27,365.7,377.0,364.75,373.35,4375500.0
2010-10-28,376.0,379.51,368.2001,368.7,1767400.0
2010-10-29,368.5,370.9893,366.5,368.352,880000.0
2010-11-01,371.0,374.5,367.621,368.0,1275200.0
2010-11-02,369.0,370.9772,361.0,365.3999,1829400.0
2010-11-03,365.4,366.2119,359.3347,362.0,1125700.0
2010-11-08,369.0,369.208,363.0236,364.7876,1001800.0
2010-11-09,365.5322,367.63,361.51,365.0801,1772800.0
2010-11-10,364.0501,367.79,356.5217,358.5,1608000.0
2010-11-11,375.01,394.5,375.01,383.0,12006000.0
2010-11-12,378.4696,397.0,375.4,392.01,7279400.0
2010-11-13,389.95,396.8312,389.05,391.95,1783600.0
2010-11-15,395.87,398.5,386.5,396.0,2744100.0
2010-11-16,392.77,401.8196,389.45,392.51,5323000.0
2010-11-17,391.4108,408.5,390.55,402.8,5204800.0
2010-11-18,405.5,407.97,390.0,396.0001,3384800.0
2010-11-19,395.99,399.0,392.6001,395.9,1632900.0
2010-11-22,398.99,399.7,396.0,397.05,913400.0
2010-11-23,395.0,399.8,390.6667,392.4689,1448200.0
2010-11-24,392.4,399.7,391.754,398.9849,1432100.0
2010-11-25,399.9873,403.25,397.5556,402.3998,1891300.0
2010-11-26,401.6875,407.11,400.0,406.5,2416900.0
2010-11-29,408.2,411.4055,404.05,405.8,2521300.0
2010-11-30,406.915,412.5,397.3,410.0,8931700.0
2010-12-01,408.2301,410.0001,398.4226,409.0,3919800.0
2010-12-02,410.5,415.55,408.01,415.5,2841200.0
2010-12-03,416.0,418.77,412.86,414.0,1689800.0
2010-12-06,414.0012,418.3,413.0,415.9003,1451200.0
2010-12-07,415.37,417.8954,408.76,416.46,1685300.0
2010-12-08,412.6,416.5,412.0,412.57,847900.0
2010-12-09,416.5,423.0002,414.45,415.5,2376700.0
2010-12-10,416.5002,416.5002,413.5023,413.52,500900.0
2010-12-13,416.2909,417.7165,414.5457,415.151,814500.0
2010-12-14,415.37,416.0,414.0,415.4,691700.0
2010-12-15,414.0,416.8899,409.5169,414.6,1142300.0
2010-12-16,413.3194,414.9906,410.13,411.4,434600.0
2010-12-17,413.8881,415.5,409.0,415.0,775800.0
2010-12-20,415.299,415.5,413.0,414.1,405800.0
2010-12-21,414.1,416.9862,413.6219,414.8,466900.0
2010-12-22,414.5,416.5,414.01,414.5201,312500.0
2010-12-23,415.0,416.4893,407.5,408.02,1097000.0
2010-12-24,407.81,409.0,398.8888,400.8,1113100.0
2010-12-27,400.05,400.8,390.6747,399.4501,1189000.0
2010-12-28,400.9893,404.42,389.111,389.8,1741900.0
2010-12-29,390.0022,392.9,380.4,381.4798,2009900.0
2010-12-30,380.7982,383.97,371.9061,377.95,3089400.0
2011-01-11,380.08,396.9,378.2195,396.0,2296000.0
2011-01-12,397.7,408.9,396.1109,408.6875,2558000.0
2011-01-13,410.0,410.6875,400.07,402.0,1459500.0
2011-01-14,400.5151,404.3994,398.0,401.3,1068100.0
2011-01-17,401.3,405.0,400.1,403.0,794100.0
2011-01-18,404.3551,407.0,396.206,401.5,1440100.0
2011-01-19,403.5,406.0,400.3004,402.0,1097000.0
2011-01-20,399.7994,401.92,395.0306,395.6,1271800.0
2011-01-21,396.7988,397.9,391.0,397.1,654200.0
2011-01-24,398.3216,399.0,385.2182,388.8428,1171500.0
2011-01-25,391.9968,391.9968,382.1114,383.2309,866900.0
2011-01-26,383.2309,390.6667,383.2309,386.99,961600.0
2011-01-27,388.33,392.0,384.0284,387.0,1170200.0
2011-01-28,386.1515,387.77,382.4907,383.9609,465600.0
2011-01-31,380.0492,388.0,375.1339,386.9899,1178000.0
2011-02-01,389.8,393.0,386.167,392.3,1203200.0
2011-02-02,394.33,405.2849,392.3506,394.0,2838600.0
2011-02-03,395.8993,399.4491,385.6001,385.8206,1600600.0
2011-02-04,388.1673,395.902,387.9003,394.9996,1303000.0
2011-02-07,395.05,395.997,388.55,393.9393,638900.0
2011-02-08,393.01,394.0,381.3358,381.76,1287800.0
2011-02-09,383.3,385.4,378.1495,381.35,872900.0
2011-02-10,379.0,381.5,371.22,372.1301,1440600.0
2011-02-11,371.215,389.0,370.6172,388.0,2171100.0
2011-02-14,389.0,392.99,382.1019,385.1,956100.0
2011-02-15,385.4423,391.95,381.62,390.4201,1931900.0
2011-02-16,392.01,393.7,388.7301,392.4922,886700.0
2011-02-17,393.48,396.2039,391.0506,391.3,473100.0
2011-02-18,393.8,393.8,385.5015,386.5,531100.0
2011-02-21,388.3876,400.0,386.5006,396.0,2632500.0
2011-02-22,395.2,398.3,387.145,392.0,1865000.0
2011-02-24,393.5,394.89,385.2069,388.0,1264200.0
2011-02-25,390.0903,399.75,387.137,399.5,1876200.0
2011-02-28,399.6001,410.4998,399.6001,409.0,3033800.0
2011-03-01,410.98,413.8,401.0,402.1,1354100.0
2011-03-02,401.01,406.78,398.01,404.11,856300.0
2011-03-03,406.7,411.49,403.94,409.74,1615200.0
2011-03-04,410.41,410.78,400.0,402.75,798000.0
2011-03-05,403.0,404.99,401.5,404.98,222700.0
2011-03-09,404.67,409.6,403.11,406.24,799100.0
2011-03-10,401.72,405.49,393.14,396.5,1329900.0
2011-03-11,392.88,397.96,390.33,396.5,800200.0
2011-03-14,394.99,401.4,393.33,397.55,720500.0
2011-03-15,390.5,393.99,385.31,388.47,1559100.0
2011-03-16,391.55,395.03,382.3,387.51,1837800.0
2011-03-17,385.05,390.0,382.77,388.0,1198800.0
2011-03-18,392.0,392.2,382.3,384.6,1258400.0
2011-03-21,386.9,388.45,383.07,385.49,893300.0
2011-03-22,386.26,386.26,381.2,383.77,1029300.0
2011-03-23,382.32,388.27,381.65,387.99,866900.0
2011-03-24,389.0,394.8,387.22,394.0,1455700.0
2011-03-25,396.0,396.5,390.55,395.05,703000.0
2011-03-28,392.76,406.65,392.76,405.64,2186100.0
2011-03-29,405.63,405.63,395.3,398.3,1249300.0
2011-03-30,400.49,415.9,400.1,412.01,3925400.0
2011-03-31,415.68,420.0,410.3,418.21,3142100.0
2011-04-01,418.61,427.33,416.49,424.0,4641100.0
2011-04-04,425.02,449.99,423.34,448.71,5049200.0
2011-04-05,448.71,457.0,444.24,448.71,4328000.0
2011-04-06,449.99,453.38,448.0,452.0,2246500.0
2011-04-07,448.01,452.0,443.42,446.0,1526400.0
2011-04-08,446.0,466.44,446.0,461.2,5020400.0
2011-04-11,464.28,465.79,454.53,460.01,2424800.0
2011-04-12,453.05,453.88,432.29,434.9,3818600.0
2011-04-13,437.89,437.9,423.64,434.85,2505400.0
2011-04-14,430.65,444.37,429.17,440.91,2439100.0
2011-04-15,440.0,443.33,430.01,430.16,1373000.0
2011-04-18,431.53,434.44,391.11,408.49,3693500.0
2011-04-19,409.88,413.99,399.15,409.49,2021700.0
2011-04-20,412.41,424.99,412.0,421.06,3119500.0
2011-04-21,426.97,429.4,418.0,421.45,1735400.0
2011-04-22,423.98,428.38,421.47,425.16,582600.0
2011-04-25,425.0,429.97,416.5,417.64,1348100.0
2011-04-26,412.0,420.77,410.06,416.88,1033200.0
2011-04-27,419.19,422.94,412.01,415.0,1110300.0
2011-04-28,420.99,421.93,404.0,409.77,999400.0
2011-04-29,408.09,408.32,397.8,404.4,639900.0
2011-05-03,403.0,410.5,387.14,387.84,1321000.0
2011-05-04,385.19,394.5,382.11,384.55,1396300.0
2011-05-05,384.5,388.9,375.5,380.0,1950500.0
2011-05-06,375.5,392.75,372.02,389.6,1618900.0
2011-05-10,387.0,392.5,385.01,392.3,774100.0
2011-05-11,394.5,402.99,390.0,390.4,1924900.0
2011-05-12,384.21,392.0,381.56,392.0,1282400.0
2011-05-13,394.51,396.37,390.37,392.5,668100.0
2011-05-16,389.5,399.9,387.0,397.71,1063900.0
2011-05-17,396.58,397.91,390.19,392.0,676100.0
2011-05-18,396.32,397.98,386.24,390.98,1119300.0
2011-05-19,391.54,396.76,387.24,393.0,1613400.0
2011-05-20,393.9,395.74,384.03,384.03,788900.0
2011-05-23,380.27,382.7,370.11,371.01,1403400.0
2011-05-24,373.5,384.5,372.0,384.0,1153800.0
2011-05-25,379.99,389.5,375.5,386.16,1517200.0
2011-05-26,390.99,391.0,377.5,381.16,1614100.0
2011-05-27,384.5,388.16,380.02,385.55,989400.0
2011-05-30,385.5,390.0,383.01,387.53,550200.0
2011-05-31,390.99,394.5,388.01,391.92,834000.0
2011-06-01,394.0,410.32,386.07,409.87,3385500.0
2011-06-02,403.77,429.1,401.9,428.09,3725500.0
2011-06-03,427.59,429.88,413.01,418.0,3232700.0
2011-06-06,418.5,422.94,411.55,417.0,716600.0
2011-06-07,416.0,426.05,413.8,425.78,1181500.0
2011-06-08,425.0,427.5,418.11,423.08,1214000.0
2011-06-09,425.19,429.3,421.5,425.52,991100.0
2011-06-10,423.8,430.0,422.1,426.0,829200.0
2011-06-14,426.98,442.4,422.5,440.7,2071300.0
2011-06-15,439.89,445.0,430.14,431.49,1441600.0
2011-06-16,427.01,434.34,424.19,434.34,989300.0
2011-06-17,430.77,435.82,426.27,427.87,719400.0
2011-06-20,425.97,425.98,415.74,418.06,805700.0
2011-06-21,418.88,424.72,418.51,422.01,289500.0
2011-06-22,423.54,424.46,418.0,422.73,457300.0
2011-06-23,420.1,423.09,402.53,409.04,1197400.0
2011-06-24,413.2,417.74,408.51,408.99,919300.0
2011-06-27,405.17,409.52,398.77,401.4,1308700.0
2011-06-28,402.09,405.55,399.03,403.27,1041900.0
2011-06-29,405.0,409.87,399.4,400.85,1174700.0
2011-06-30,404.0,404.92,400.3,402.4,575900.0
2011-07-01,402.2,414.4,400.0,411.02,1402200.0
2011-07-04,412.94,419.7,410.01,415.4,910800.0
2011-07-05,413.14,423.01,411.26,418.5,993800.0
2011-07-06,420.99,422.5,414.51,417.14,582000.0
2011-07-07,420.0,429.85,419.55,428.0,1187300.0
2011-07-08,429.39,430.0,420.03,422.4,933300.0
2011-07-11,419.0,424.58,416.22,419.99,831200.0
2011-07-12,416.59,429.52,403.16,428.4,1454200.0
2011-07-13,430.0,436.39,424.02,428.01,1118500.0
2011-07-14,425.29,431.5,423.01,425.0,572000.0
2011-07-15,424.0,427.49,421.5,424.0,346500.0
2011-07-18,425.38,428.0,414.42,418.0,592500.0
2011-07-19,418.0,424.93,417.03,421.01,601600.0
2011-07-20,422.5,428.45,422.0,424.0,559000.0
2011-07-21,424.1,432.47,420.5,430.0,941500.0
2011-07-22,431.0,432.39,427.22,431.34,838700.0
2011-07-25,428.23,434.0,426.23,432.21,666000.0
2011-07-26,434.3,443.5,434.3,442.9,2309300.0
2011-07-27,443.0,449.5,442.12,442.42,1155700.0
2011-07-28,440.0,444.5,438.6,443.62,560700.0
2011-07-29,440.08,443.5,436.0,439.17,1024300.0
2011-08-01,444.38,448.89,442.46,444.15,908700.0
2011-08-02,441.85,444.0,436.58,440.8,584700.0
2011-08-03,434.83,436.87,417.0,421.34,1230600.0
2011-08-04,431.87,438.0,403.21,411.5,3283500.0
2011-08-05,400.0,409.95,381.0,398.0,2235500.0
2011-08-08,386.21,393.83,353.6,365.05,2648800.0
2011-08-09,349.0,381.8,343.0,373.02,3638800.0
2011-08-10,382.99,383.54,350.19,357.66,2093800.0
2011-08-11,363.71,370.96,318.0,350.5,3099700.0
2011-08-12,352.5,372.0,337.51,362.99,2183100.0
2011-08-15,369.5,380.5,368.81,380.15,1859500.0
2011-08-16,375.77,378.7,366.5,376.7,1101900.0
2011-08-17,378.33,393.0,370.01,384.31,1575000.0
2011-08-18,379.1,384.64,355.25,363.39,1799700.0
2011-08-19,354.8,364.0,349.06,357.81,1839600.0
2011-08-22,354.01,363.34,350.63,355.1,1219800.0
2011-08-23,361.99,365.55,345.0,350.0,1471900.0
2011-08-24,352.47,359.88,349.23,355.01,1051400.0
2011-08-25,355.01,378.88,355.01,367.64,2976500.0
2011-08-26,369.96,383.9,368.15,382.53,2344100.0
2011-08-29,386.76,392.89,382.05,391.97,1654300.0
2011-08-30,392.11,397.77,384.03,388.97,1511100.0
2011-08-31,392.81,401.0,390.21,395.32,1853900.0
2011-09-01,397.0,397.82,385.22,394.56,1445700.0
2011-09-02,389.61,395.11,386.3,389.69,860100.0
2011-09-05,382.77,386.49,369.28,372.11,1932400.0
2011-09-06,370.0,378.5,367.6,371.98,1560600.0
2011-09-07,379.3,386.99,378.0,385.88,1633600.0
2011-09-08,387.09,388.88,380.5,385.6,1161900.0
2011-09-09,382.5,383.88,373.55,374.52,1753900.0
2011-09-12,369.8,371.99,365.0,366.35,1221500.0
2011-09-13,370.03,374.37,361.23,366.4,2115600.0
2011-09-14,364.66,372.99,361.57,369.37,1029500.0
2011-09-15,371.38,382.0,370.11,374.99,3885400.0
2011-09-16,376.9,379.53,364.55,364.55,939500.0
2011-09-19,364.55,365.0,358.53,360.49,967500.0
2011-09-20,362.51,369.15,362.45,368.1,903400.0
2011-09-21,367.22,371.75,364.12,364.65,876700.0
2011-09-22,360.85,360.85,325.28,330.0,2643700.0
2011-09-23,325.05,329.99,293.0,298.54,3327500.0
2011-09-26,289.9,308.61,281.26,304.0,3423600.0
2011-09-27,310.19,320.0,308.5,319.01,2056100.0
2011-09-28,316.77,321.5,311.12,317.0,1924600.0
2011-09-29,311.05,331.8,305.55,327.12,1634600.0
2011-09-30,325.6,333.56,301.0,325.6,3982400.0
2011-10-03,317.0,323.08,307.2,311.89,1407400.0
2011-10-04,308.52,315.92,287.12,292.5,1714600.0
2011-10-05,301.0,309.96,285.86,287.68,2379900.0
2011-10-06,293.03,302.0,291.5,298.44,1770900.0
2011-10-07,302.2,309.0,299.68,304.06,1893300.0
2011-10-10,307.01,320.0,303.55,320.0,1807400.0
2011-10-11,323.21,324.9,306.07,310.99,1898900.0
2011-10-12,310.73,319.18,308.33,317.3,2092300.0
2011-10-13,315.0,318.3,304.56,305.12,2386800.0
2011-10-14,308.98,311.6,304.4,305.1,3035600.0
2011-10-17,309.86,312.77,307.3,312.75,3961900.0
2011-10-18,310.0,326.8,309.51,325.54,3844500.0
2011-10-19,328.3,331.5,319.01,322.99,2596200.0
2011-10-20,316.98,327.52,312.27,324.7,2234100.0
2011-10-21,325.86,333.0,321.51,332.4,1553500.0
2011-10-24,334.4,340.4,333.05,339.4,1163000.0
2011-10-25,339.62,360.89,334.05,356.04,6330100.0
2011-10-26,357.82,383.77,355.68,382.89,7282100.0
2011-10-27,385.77,407.83,385.77,402.5,7981900.0
2011-10-28,406.74,409.63,391.03,397.5,4896200.0
2011-10-31,392.99,399.5,386.25,389.96,2541800.0
2011-11-01,386.5,388.55,377.52,383.86,1636400.0
2011-11-02,383.9,398.77,383.9,396.78,2003500.0
2011-11-03,392.9,400.4,386.38,398.77,1979700.0
2011-11-07,401.0,403.14,394.76,399.25,722900.0
2011-11-08,399.0,402.29,391.51,396.04,695500.0
2011-11-09,399.26,399.76,383.05,392.47,2601700.0
2011-11-10,387.32,399.5,387.23,392.0,2511900.0
2011-11-11,396.0,402.41,390.87,398.0,1123500.0
2011-11-14,401.96,403.0,397.88,400.0,649300.0
2011-11-15,399.96,402.95,390.39,397.9,1168900.0
2011-11-16,395.17,420.0,392.5,418.99,2083300.0
2011-11-17,416.04,474.7,412.22,474.7,7830300.0
2011-11-18,464.0,488.65,457.0,463.58,10706900.0
2011-11-21,461.99,470.0,450.0,460.55,3478000.0
2011-11-22,461.27,473.0,460.0,462.8,2244800.0
2011-11-23,458.2,469.77,452.6,464.04,2044700.0
2011-11-24,462.53,477.77,460.04,466.99,2412300.0
2011-11-25,465.36,501.92,464.71,499.99,4354300.0
2011-11-28,503.99,517.0,503.0,505.94,3722300.0
2011-11-29,504.9,508.49,489.22,494.0,2092900.0
2011-11-30,490.0,510.0,485.25,506.0,3232900.0
2011-12-01,507.6,508.01,495.0,495.0,1235800.0
2011-12-02,496.9,509.0,489.28,506.5,1427800.0
2011-12-05,508.0,515.89,503.0,508.55,3008100.0
2011-12-06,502.81,506.42,488.2,490.0,3325800.0
2011-12-07,495.0,495.82,458.88,473.99,4618400.0
2011-12-08,476.97,500.94,475.88,486.5,3244700.0
2011-12-09,478.19,489.0,463.28,463.5,4731400.0
2011-12-12,470.0,478.6,451.77,459.15,2256800.0
2011-12-13,460.0,470.5,455.09,470.4,1644200.0
2011-12-14,467.35,473.97,461.1,465.39,1446800.0
2011-12-15,460.01,482.41,457.97,480.28,2310400.0
2011-12-16,482.5,489.86,471.25,478.98,1974700.0
2011-12-19,472.12,482.0,469.01,476.88,1493000.0
2011-12-20,476.88,491.8,475.05,487.99,1535900.0
2011-12-21,490.01,492.0,464.5,469.96,1899800.0
2011-12-22,471.73,476.49,460.0,464.05,1119900.0
2011-12-23,465.98,470.49,462.0,462.51,1231500.0
2011-12-26,466.5,476.82,465.57,473.0,532800.0
2011-12-27,473.87,484.5,471.71,478.5,1094800.0
2011-12-28,479.54,483.5,478.0,481.8,783900.0
2011-12-29,480.23,494.8,478.16,493.61,1336600.0
2011-12-30,495.79,499.49,493.89,496.0,1286400.0
2012-01-03,499.93,508.5,496.49,508.49,740900.0
2012-01-04,508.5,514.0,500.0,500.61,579200.0
2012-01-05,502.0,506.0,495.0,504.44,659400.0
2012-01-06,502.99,506.99,502.34,504.97,351300.0
2012-01-09,505.49,505.49,500.49,503.99,241500.0
2012-01-10,504.09,560.0,503.52,559.07,6210200.0
2012-01-11,555.0,595.0,545.55,586.39,8215300.0
2012-01-12,585.28,593.43,558.0,565.01,2503400.0
2012-01-13,565.01,582.96,558.65,573.0,1720100.0
2012-01-16,568.03,576.52,558.51,563.0,1515700.0
2012-01-17,569.57,573.99,563.2,569.48,1708500.0
2012-01-18,567.66,571.96,565.55,570.38,1448000.0
2012-01-19,574.99,588.5,569.5,578.18,3425500.0
2012-01-20,579.89,593.98,570.5,573.38,2986600.0
2012-01-23,570.61,593.55,570.0,582.92,6949500.0
2012-01-24,579.25,589.99,577.1,578.0,2100200.0
2012-01-25,581.36,585.87,578.01,579.0,1966100.0
2012-01-26,581.25,588.57,577.79,581.1,2274000.0
2012-01-27,579.22,584.0,572.7,576.02,1060800.0
2012-01-30,574.99,576.02,564.02,571.0,1756500.0
2012-01-31,573.99,581.0,572.57,575.02,1661000.0
2012-02-01,575.02,589.74,573.17,579.01,3887800.0
2012-02-02,581.78,582.0,559.05,565.2,3012000.0
2012-02-03,565.0,571.8,559.9,569.9,1577500.0
2012-02-06,571.5,574.51,568.0,572.0,1790100.0
2012-02-07,573.37,575.2,569.0,571.36,647100.0
2012-02-08,574.98,592.68,573.2,583.5,2606200.0
2012-02-09,583.02,587.0,576.5,577.05,1740500.0
2012-02-10,576.1,587.0,571.25,586.0,1816400.0
2012-02-13,589.0,590.0,581.25,583.0,1842500.0
2012-02-14,583.0,584.13,577.5,581.0,1001300.0
2012-02-15,584.43,586.74,574.4,575.0,1341600.0
2012-02-16,570.0,573.73,565.25,570.9,1043700.0
2012-02-17,576.75,577.39,566.0,572.7,717300.0
2012-02-20,575.71,576.5,500.98,569.06,771700.0
2012-02-21,572.56,572.56,550.77,551.97,1381900.0
2012-02-22,554.8,557.0,531.98,533.51,2763400.0
2012-02-24,536.98,542.0,526.12,535.17,2626200.0
2012-02-27,537.0,537.01,523.33,525.03,1333100.0
2012-02-28,527.91,530.0,520.07,524.39,1713800.0
2012-02-29,524.4,545.5,521.7,545.0,2229600.0
2012-03-01,542.5,549.7,525.0,528.99,3887000.0
2012-03-02,531.64,533.0,514.14,519.16,1799000.0
2012-03-05,520.0,537.1,516.0,525.0,2487300.0
2012-03-06,521.39,523.01,499.51,500.5,2186700.0
2012-03-07,499.0,514.47,494.51,510.0,2453600.0
2012-03-11,521.84,542.0,520.23,541.5,3047100.0
2012-03-12,539.0,564.39,537.59,550.29,7913200.0
2012-03-13,555.99,560.0,551.03,554.51,1651500.0
2012-03-14,559.17,582.5,555.64,581.52,7448800.0
2012-03-15,579.99,583.54,554.11,558.67,3794800.0
2012-03-16,558.5,580.71,553.5,573.0,3204300.0
2012-03-19,578.78,580.7,558.81,564.48,1779200.0
2012-03-20,567.87,570.47,545.1,545.1,1391200.0
2012-03-21,545.56,555.55,540.14,545.45,1311400.0
2012-03-22,545.22,551.84,536.2,537.0,1062600.0
2012-03-23,539.3,548.88,536.2,548.88,754700.0
2012-03-26,551.88,556.66,547.11,556.49,1399200.0
2012-03-27,559.86,566.46,558.0,563.48,1400600.0
2012-03-28,561.2,567.89,553.31,553.33,2133500.0
2012-03-29,552.1,559.5,531.21,557.5,3273900.0
2012-03-30,561.99,582.0,560.5,574.11,3782600.0
2012-04-02,579.75,580.0,560.25,560.61,1380500.0
2012-04-03,563.97,571.76,558.3,571.76,1126800.0
2012-04-04,565.87,568.31,551.5,557.7,1142300.0
2012-04-05,559.0,562.11,542.79,555.57,2020600.0
2012-04-06,557.5,563.92,551.15,557.0,842200.0
2012-04-09,554.1,564.47,550.0,559.98,676900.0
2012-04-10,559.55,580.83,556.77,575.5,2685500.0
2012-04-11,570.55,575.87,567.59,569.52,1883300.0
2012-04-12,570.61,577.34,565.1,571.29,815900.0
2012-04-13,574.4,608.97,570.15,602.12,4600500.0
2012-04-16,599.55,609.66,595.0,598.93,2047800.0
2012-04-17,598.93,605.88,587.58,603.01,1101200.0
2012-04-18,605.49,615.77,605.0,613.27,2011900.0
2012-04-19,613.48,624.0,606.6,620.3,2115700.0
2012-04-20,618.01,625.0,615.46,619.0,888300.0
2012-04-23,616.33,618.58,606.8,611.0,975800.0
2012-04-24,612.0,616.49,603.11,607.98,545800.0
2012-04-25,609.0,613.9,588.5,590.88,1428600.0
2012-04-26,597.0,597.64,566.01,568.99,3256500.0
2012-04-27,570.01,573.75,556.92,557.61,2705900.0
2012-04-28,563.0,564.75,551.0,551.46,511100.0
2012-05-02,554.31,569.98,536.2,549.47,1706000.0
2012-05-03,547.54,553.95,538.0,549.2,1269500.0
2012-05-04,547.17,548.0,526.25,529.96,1738000.0
2012-05-05,526.5,530.98,522.41,528.0,121300.0
2012-05-07,526.0,526.01,505.11,508.97,711700.0
2012-05-08,511.45,514.97,498.37,510.99,1116200.0
2012-05-10,508.97,520.0,506.7,514.0,1384200.0
2012-05-11,511.08,517.77,500.0,503.47,1454600.0
2012-05-12,500.53,509.0,490.0,503.99,343500.0
2012-05-14,500.02,504.9,482.5,489.56,993200.0
2012-05-15,489.96,492.22,472.98,483.03,1605900.0
2012-05-16,476.39,490.0,472.05,477.02,2577300.0
2012-05-17,479.99,484.7,433.3,445.03,3844400.0
2012-05-18,431.0,439.99,416.0,431.0,3615200.0
2012-05-21,432.84,436.68,411.25,423.6,2043600.0
2012-05-22,428.08,442.5,418.95,438.29,2253400.0
2012-05-23,429.52,435.0,401.25,431.59,4061200.0
2012-05-24,430.0,448.99,412.25,447.0,2278900.0
2012-05-25,440.45,443.97,432.0,438.98,1195300.0
2012-05-28,440.0,447.0,437.1,442.0,758200.0
2012-05-29,444.3,454.44,440.11,451.19,1549100.0
2012-05-30,447.0,448.8,435.5,443.0,1741200.0
2012-05-31,440.0,450.0,437.0,440.04,1592700.0
2012-06-01,439.99,444.06,421.0,426.8,1106600.0
2012-06-04,415.02,425.55,415.02,420.29,893500.0
2012-06-05,423.89,425.99,418.0,419.0,559500.0
2012-06-06,422.91,428.1,417.12,425.0,1279700.0
2012-06-07,429.0,444.44,423.03,444.0,2579000.0
2012-06-08,439.4,449.75,435.01,448.77,2973000.0
2012-06-09,449.48,456.0,449.36,453.39,1079100.0
2012-06-13,454.5,456.88,445.48,452.75,1101000.0
2012-06-14,450.06,457.0,447.57,452.48,1085800.0
2012-06-15,454.89,470.0,452.01,461.23,3170700.0
2012-06-18,465.85,472.99,461.0,469.02,1986300.0
2012-06-19,470.0,473.79,459.5,463.0,1476900.0
2012-06-20,465.04,466.99,448.22,456.5,1182200.0
2012-06-21,451.9,456.98,437.78,445.0,1488500.0
2012-06-22,438.88,449.8,435.25,447.41,1363700.0
2012-06-25,444.86,447.46,438.17,445.45,786900.0
2012-06-26,445.1,461.87,445.0,456.65,2029800.0
2012-06-27,458.0,466.25,456.65,459.2,879200.0
2012-06-28,462.98,463.0,451.2,454.88,752900.0
2012-06-29,459.0,476.0,459.0,470.0,1650800.0
2012-07-02,472.05,474.9,465.1,473.0,1449200.0
2012-07-03,475.89,484.0,474.0,481.99,1217200.0
2012-07-04,481.1,488.64,475.46,486.0,678700.0
2012-07-05,484.0,491.11,482.0,489.7,2094000.0
2012-07-06,487.09,493.28,482.66,488.01,684900.0
2012-07-09,487.17,490.98,477.49,488.0,644100.0
2012-07-10,484.5,493.43,483.06,491.04,1286500.0
2012-07-11,488.85,490.2,481.25,486.45,1159100.0
2012-07-12,485.22,487.24,471.0,480.83,1020500.0
2012-07-13,484.45,493.24,482.1,491.0,552200.0
2012-07-16,492.5,501.01,492.5,498.98,1370800.0
2012-07-17,501.47,511.88,498.03,506.87,1420100.0
2012-07-18,507.88,511.5,498.55,508.5,1380100.0
2012-07-19,512.0,518.5,511.5,515.02,822800.0
2012-07-20,511.64,513.86,496.0,505.85,1021900.0
2012-07-23,500.0,500.99,486.51,489.99,1412800.0
2012-07-24,489.99,494.44,476.78,486.45,839200.0
2012-07-25,479.87,496.8,478.0,487.0,789800.0
2012-07-26,487.71,492.99,480.01,492.75,816600.0
2012-07-27,495.0,505.9,488.63,505.89,741900.0
2012-07-30,512.5,514.7,507.17,512.98,672400.0
2012-07-31,511.52,515.5,505.1,515.5,1580200.0
2012-08-01,514.0,521.0,513.01,520.5,1370200.0
2012-08-02,518.5,524.0,507.6,511.5,781400.0
2012-08-03,510.0,520.48,508.0,518.5,799200.0
2012-08-06,520.4,537.99,516.88,536.6,1542100.0
2012-08-07,532.61,545.5,532.6,542.99,471200.0
2012-08-08,540.11,542.97,535.0,541.5,699400.0
2012-08-09,544.57,552.0,539.1,552.0,1352400.0
2012-08-10,549.7,563.08,547.0,555.07,1752100.0
2012-08-13,557.5,559.97,548.85,556.51,741700.0
2012-08-14,556.51,559.53,543.03,557.0,1396600.0
2012-08-15,554.36,557.74,545.4,548.5,885800.0
2012-08-16,550.05,553.95,536.01,542.52,1286100.0
2012-08-17,546.44,546.44,538.5,542.99,394500.0
2012-08-20,544.47,546.99,532.0,536.61,570900.0
2012-08-21,539.99,544.98,537.9,541.5,1108300.0
2012-08-22,538.5,540.8,532.13,534.6,477900.0
2012-08-23,539.0,543.5,527.0,528.78,841300.0
2012-08-24,525.0,529.97,521.04,528.8,608400.0
2012-08-27,530.0,534.0,528.5,531.38,526000.0
2012-08-28,531.4,534.5,522.0,526.78,548500.0
2012-08-29,524.18,529.29,520.87,522.01,736800.0
2012-08-30,516.11,524.5,506.25,520.65,772800.0
2012-08-31,522.0,531.45,519.26,526.66,1047900.0
2012-09-03,526.97,532.8,526.66,528.5,487000.0
2012-09-04,530.72,530.72,518.95,525.51,485700.0
2012-09-05,524.48,535.0,522.23,525.3,579100.0
2012-09-06,527.33,536.51,520.0,532.9,993000.0
2012-09-07,535.02,544.8,530.12,543.0,2494000.0
2012-09-10,543.0,543.49,533.01,533.01,793400.0
2012-09-11,529.88,537.5,527.56,535.99,754900.0
2012-09-12,536.5,546.2,535.27,544.0,1618200.0
2012-09-13,542.09,545.8,539.24,542.52,471500.0
2012-09-14,552.0,580.0,551.52,578.0,1814000.0
2012-09-17,574.0,591.84,573.0,587.41,2162200.0
2012-09-18,586.2,597.09,582.52,587.94,2671100.0
2012-09-19,591.01,592.94,560.8,568.27,1815300.0
2012-09-20,564.01,566.66,551.25,560.96,1369400.0
2012-09-21,563.38,565.0,541.5,550.79,1829400.0
2012-09-24,545.11,552.0,542.67,550.8,930000.0
2012-09-25,551.56,560.0,550.02,558.52,1406200.0
2012-09-26,555.01,565.0,552.0,554.97,1133300.0
2012-09-27,559.0,564.74,553.5,560.01,749200.0
2012-09-28,563.2,580.0,563.2,570.0,1551400.0
2012-10-01,569.3,585.99,568.84,583.0,986600.0
2012-10-02,583.01,589.0,583.01,588.99,721500.0
2012-10-03,585.7,596.84,585.0,594.0,2488800.0
2012-10-04,596.5,603.0,586.1,590.0,1708900.0
2012-10-05,595.0,599.8,590.0,597.0,976200.0
2012-10-08,593.87,594.99,581.0,588.4,1096900.0
2012-10-09,591.77,595.0,588.0,594.02,751300.0
2012-10-10,590.51,596.6,587.08,596.6,1500500.0
2012-10-11,596.6,599.99,593.04,599.85,1269800.0
2012-10-12,599.0,600.0,588.33,595.12,1204500.0
2012-10-15,594.99,597.96,592.01,592.5,472800.0
2012-10-16,594.11,598.55,586.5,593.94,890300.0
2012-10-17,595.0,616.99,591.54,615.0,1984700.0
2012-10-18,614.55,622.6,612.56,614.51,1093100.0
2012-10-19,612.78,616.49,597.05,599.25,1140300.0
2012-10-22,595.84,606.97,594.52,603.34,875600.0
2012-10-23,603.35,606.95,590.56,597.0,1367200.0
2012-10-24,600.01,604.2,591.1,603.0,799600.0
2012-10-25,603.0,611.43,600.1,607.0,557600.0
2012-10-26,601.5,618.94,596.7,613.66,1010900.0
2012-10-29,609.02,622.09,607.01,618.9,585900.0
2012-10-30,616.7,627.44,611.87,622.2,1164800.0
2012-10-31,624.89,633.03,622.52,628.5,784700.0
2012-11-01,624.71,628.45,621.02,626.0,586400.0
2012-11-02,628.4,639.99,623.85,639.99,1305100.0
2012-11-06,638.17,648.3,635.52,645.12,535800.0
2012-11-07,646.7,652.95,628.0,629.0,999600.0
2012-11-08,624.99,636.6,623.24,631.0,868800.0
2012-11-09,630.45,639.6,618.0,622.37,1200300.0
2012-11-12,625.0,628.99,612.21,620.38,648000.0
2012-11-13,616.98,618.89,600.5,600.5,919400.0
2012-11-14,603.79,605.16,581.44,589.0,1558800.0
2012-11-15,584.59,594.75,578.5,592.99,768700.0
2012-11-16,589.29,620.87,589.01,619.0,2058100.0
2012-11-19,624.87,634.0,622.51,630.4,1175200.0
2012-11-20,629.45,637.8,623.0,635.5,1592500.0
2012-11-21,633.0,644.76,630.57,642.06,707000.0
2012-11-22,642.55,644.99,621.71,630.01,1846700.0
2012-11-23,630.5,638.26,622.62,636.99,982500.0
2012-11-26,637.51,637.51,621.25,628.2,770100.0
2012-11-27,628.89,629.98,623.1,629.98,639900.0
2012-11-28,626.37,632.24,624.11,631.49,769500.0
2012-11-29,635.8,640.7,630.0,632.21,624600.0
2012-11-30,633.22,655.0,632.5,655.0,1556900.0
2012-12-03,655.0,664.5,650.86,662.98,876400.0
2012-12-04,659.02,669.4,652.49,668.0,3315400.0
2012-12-05,671.0,671.0,657.0,666.65,1968500.0
2012-12-06,666.65,679.5,661.68,675.5,1459800.0
2012-12-07,676.68,679.38,665.5,673.0,921200.0
2012-12-10,671.34,687.75,671.08,685.0,1342400.0
2012-12-11,683.0,689.9,680.07,685.0,584500.0
2012-12-12,683.05,695.0,683.01,687.0,682900.0
2012-12-13,686.05,694.0,682.04,690.13,1106700.0
2012-12-14,691.0,700.5,690.0,696.0,1223100.0
2012-12-17,697.0,699.96,680.01,687.21,1573400.0
2012-12-18,690.3,693.55,668.0,671.0,2068500.0
2012-12-19,673.0,686.5,665.5,685.8,1475800.0
2012-12-20,681.0,694.44,675.0,692.23,685500.0
2012-12-21,691.85,691.85,668.5,677.5,1495500.0
2012-12-24,677.5,683.45,666.85,674.01,669300.0
2012-12-25,675.71,680.49,671.25,673.97,367200.0
2012-12-26,673.97,692.5,673.34,690.95,1122400.0
2012-12-27,690.7,698.73,685.55,685.58,1444900.0
2012-12-28,685.62,691.9,675.25,690.15,2975200.0
2013-01-08,696.0,701.4,687.51,691.0,563200.0
2013-01-09,692.0,692.0,675.27,678.01,749700.0
2013-01-10,678.2,679.48,661.0,662.99,1487300.0
2013-01-11,662.98,666.9,657.0,662.0,894700.0
2013-01-14,662.0,674.88,660.0,672.21,910600.0
2013-01-15,672.21,681.97,668.05,675.47,876100.0
2013-01-16,677.83,677.83,670.0,673.95,520200.0
2013-01-17,675.0,684.0,671.04,684.0,496300.0
2013-01-18,687.0,696.66,685.4,696.66,896300.0
2013-01-21,696.94,702.54,683.67,691.4,700600.0
2013-01-22,691.76,694.55,680.1,688.03,659700.0
2013-01-23,688.04,699.0,683.5,698.99,770100.0
2013-01-24,696.5,699.99,692.55,694.85,668900.0
2013-01-25,693.88,701.21,693.16,698.51,908400.0
2013-01-28,701.99,710.41,699.02,707.94,896900.0
2013-01-29,705.5,708.97,697.49,707.3,919700.0
2013-01-30,708.42,711.01,702.31,706.77,874100.0
2013-01-31,705.99,707.0,688.58,707.0,1715100.0
2013-02-01,708.0,716.75,703.0,712.8,953100.0
2013-02-04,714.49,716.75,705.2,710.31,479200.0
2013-02-05,708.81,716.68,706.0,716.03,569800.0
2013-02-06,716.0,721.22,707.5,716.0,818600.0
2013-02-07,713.11,717.45,708.63,714.8,485700.0
2013-02-08,711.23,714.43,697.77,698.5,1384800.0
2013-02-11,698.49,704.5,691.2,697.0,595600.0
2013-02-12,693.51,698.05,691.25,696.0,443900.0
2013-02-13,697.5,703.96,691.35,703.49,869000.0
2013-02-14,704.87,708.0,673.49,688.45,1234400.0
2013-02-15,687.4,695.33,673.6,694.0,895100.0
2013-02-18,693.58,695.1,685.45,695.1,375800.0
2013-02-19,694.0,699.97,691.27,699.53,502200.0
2013-02-20,700.12,700.94,681.25,685.0,563400.0
2013-02-21,678.0,679.95,666.5,672.0,656800.0
2013-02-22,673.77,680.0,667.51,679.0,633500.0
2013-02-25,681.99,686.99,676.03,685.6,434700.0
2013-02-26,676.01,689.5,672.95,688.51,1159700.0
2013-02-27,689.02,699.0,683.17,688.5,569900.0
2013-02-28,690.42,694.5,686.25,686.25,723900.0
2013-03-01,685.01,689.97,681.83,688.01,596900.0
2013-03-04,688.01,689.97,676.86,684.21,490400.0
2013-03-05,685.52,696.26,681.67,689.0,1213000.0
2013-03-06,692.0,703.71,690.51,698.0,776900.0
2013-03-07,698.23,701.2,697.0,700.5,202600.0
2013-03-11,702.51,708.0,696.4,696.4,805100.0
2013-03-12,695.02,700.0,687.9,700.0,449600.0
2013-03-13,698.14,704.68,692.23,703.0,742300.0
2013-03-14,703.0,705.28,698.11,705.0,968900.0
2013-03-15,707.76,710.52,698.03,705.0,848700.0
2013-03-18,698.51,698.73,680.3,689.75,1245100.0
2013-03-19,688.5,694.87,683.05,692.93,450200.0
2013-03-20,691.93,694.0,685.1,692.85,799600.0
2013-03-21,691.61,698.89,683.01,688.16,588100.0
2013-03-22,687.49,689.5,661.98,663.49,1861800.0
2013-03-25,668.4,673.01,645.52,663.66,2007000.0
2013-03-26,661.27,666.86,645.57,659.0,1288100.0
2013-03-27,662.0,665.97,654.05,659.1,492000.0
2013-03-28,660.6,665.46,656.3,665.03,766700.0
2013-03-29,667.29,672.5,667.0,671.93,454500.0
2013-04-01,670.01,672.38,665.01,668.98,240100.0
2013-04-02,668.98,672.21,661.5,668.53,408400.0
2013-04-03,670.15,671.3,668.0,669.09,386300.0
2013-04-04,664.6,673.63,662.62,672.5,1407100.0
2013-04-05,672.0,674.92,667.53,671.11,659900.0
2013-04-08,671.93,679.89,670.11,673.0,375900.0
2013-04-09,674.53,676.98,663.4,675.0,638000.0
2013-04-10,675.05,676.92,661.05,669.0,570400.0
2013-04-11,669.66,670.0,646.51,657.37,712700.0
2013-04-12,652.02,656.0,641.0,647.0,692100.0
2013-04-15,646.0,647.0,629.0,639.5,1078300.0
2013-04-16,630.0,639.5,627.82,635.0,379200.0
2013-04-17,635.01,637.0,628.68,633.0,609900.0
2013-04-18,634.99,654.88,627.22,635.0,2176800.0
2013-04-19,637.99,638.0,624.51,636.39,539600.0
2013-04-22,636.35,638.5,629.06,638.5,574100.0
2013-04-23,636.02,639.0,626.88,637.98,465300.0
2013-04-24,637.02,644.5,630.32,639.0,537300.0
2013-04-25,641.7,644.4,617.5,634.8,1095400.0
2013-04-26,632.81,632.81,616.05,624.29,566100.0
2013-04-29,623.97,624.75,612.0,624.5,826900.0
2013-04-30,624.65,628.93,617.23,628.14,985600.0
2013-05-02,621.86,627.19,618.03,624.52,213600.0
2013-05-03,624.53,628.98,621.31,628.0,270500.0
2013-05-06,629.49,642.9,629.12,640.01,914400.0
2013-05-07,639.01,648.4,638.7,646.5,639500.0
2013-05-08,649.0,653.5,646.6,653.0,1000100.0
2013-05-10,654.98,667.0,653.0,660.77,405800.0
2013-05-13,660.79,663.18,653.08,660.31,1257000.0
2013-05-14,659.99,669.85,657.89,667.0,1466900.0
2013-05-15,669.3,670.2,651.46,655.0,1031400.0
2013-05-16,655.01,661.55,643.88,658.49,889600.0
2013-05-17,658.49,670.0,656.2,668.08,499400.0
2013-05-20,671.4,679.37,670.51,679.37,1679300.0
2013-05-21,679.76,690.0,663.16,689.93,763200.0
2013-05-22,691.0,703.7,689.96,702.99,1075800.0
2013-05-23,696.01,699.39,666.15,690.45,828500.0
2013-05-24,692.99,697.12,677.77,687.2,847600.0
2013-05-27,689.0,691.9,684.02,688.18,325600.0
2013-05-28,690.48,699.66,687.11,699.55,523600.0
2013-05-29,697.5,699.5,680.0,690.21,3149400.0
2013-05-30,690.2,697.0,686.0,693.0,4047200.0
2013-05-31,688.13,689.94,658.91,673.5,1188800.0
2013-06-03,668.73,683.0,662.0,681.46,1429400.0
2013-06-04,681.75,702.45,678.05,698.0,896400.0
2013-06-05,695.53,700.0,683.03,697.35,905300.0
2013-06-06,694.0,740.0,692.12,729.0,1475600.0
2013-06-07,729.22,754.75,722.27,746.09,1330800.0
2013-06-10,746.23,752.0,741.58,750.99,841000.0
2013-06-11,747.17,749.98,728.81,735.31,781200.0
2013-06-13,728.92,738.47,713.31,716.03,726600.0
2013-06-14,718.18,729.98,697.25,729.39,875500.0
2013-06-17,730.0,745.67,720.15,733.45,1009100.0
2013-06-18,732.46,745.0,729.57,730.05,388000.0
2013-06-19,730.38,730.38,713.49,715.98,288800.0
2013-06-20,707.01,733.97,705.18,722.56,737200.0
2013-06-21,715.78,733.5,703.43,719.96,791400.0
2013-06-24,709.99,719.98,700.04,701.5,413400.0
2013-06-25,701.51,724.54,701.51,715.0,535600.0
2013-06-26,715.0,721.96,707.85,715.01,477000.0
2013-06-27,717.65,722.7,711.0,722.59,459100.0
2013-06-28,722.59,730.0,717.8,717.81,709700.0
2013-07-01,722.77,737.88,720.01,736.77,427400.0
2013-07-02,736.77,748.95,736.77,748.95,738500.0
2013-07-03,745.71,751.11,742.67,751.09,447100.0
2013-07-04,750.0,767.59,750.0,765.9,640200.0
2013-07-05,765.02,783.8,762.05,781.71,745800.0
2013-07-08,783.5,788.49,772.2,776.0,361400.0
2013-07-09,775.99,788.44,770.6,785.0,431100.0
2013-07-10,787.59,793.97,776.03,784.0,512000.0
2013-07-11,789.99,789.99,780.15,782.31,325200.0
2013-07-12,785.86,788.33,780.02,786.98,771900.0
2013-07-15,786.79,809.5,782.0,809.5,733700.0
2013-07-16,804.03,838.61,804.03,826.12,1038900.0
2013-07-17,826.11,837.89,823.69,830.04,354700.0
2013-07-18,831.48,835.0,800.21,820.4,852000.0
2013-07-19,819.99,824.79,812.0,813.01,271700.0
2013-07-22,818.97,820.97,804.88,811.0,331900.0
2013-07-23,813.0,834.16,808.45,815.0,680900.0
2013-07-24,814.79,825.25,812.01,825.25,280400.0
2013-07-25,820.7,826.79,815.06,818.7,244800.0
2013-07-26,821.88,824.42,815.1,816.94,111700.0
2013-07-29,816.94,829.96,815.41,823.85,200600.0
2013-07-30,821.52,838.88,815.18,818.78,473600.0
2013-07-31,819.9,823.97,785.0,787.03,1445600.0
2013-08-01,792.0,797.02,777.77,784.5,523400.0
2013-08-02,787.64,799.49,786.99,790.25,286400.0
2013-08-05,789.0,794.99,787.01,794.99,113300.0
2013-08-06,792.22,809.88,784.38,793.0,262100.0
2013-08-07,788.69,807.42,781.59,798.0,487600.0
2013-08-08,800.5,806.66,788.58,795.29,368600.0
2013-08-09,796.01,801.48,782.4,787.5,322800.0
2013-08-12,787.49,789.93,783.85,786.51,109500.0
2013-08-13,791.85,799.94,789.59,798.5,455500.0
2013-08-14,798.9,807.75,792.36,806.0,248300.0
2013-08-15,808.56,816.98,786.8,790.0,411700.0
2013-08-16,790.01,799.9,777.79,779.93,415800.0
2013-08-19,780.0,781.97,757.77,766.46,464000.0
2013-08-20,759.25,773.75,759.25,769.72,234400.0
2013-08-21,769.72,780.75,759.5,760.12,555000.0
2013-08-22,754.02,777.28,754.02,776.45,292200.0
2013-08-23,771.01,776.19,768.17,769.49,126300.0
2013-08-26,769.0,780.0,765.0,771.07,145700.0
2013-08-27,769.25,774.5,765.03,771.8,253000.0
2013-08-28,769.0,774.4,747.88,773.76,577800.0
2013-08-29,771.02,778.0,768.54,769.0,233800.0
2013-08-30,771.46,774.94,760.11,765.01,388600.0
2013-09-02,761.45,779.0,761.42,769.0,100000.0
2013-09-03,770.0,778.74,766.6,778.74,256400.0
2013-09-04,774.61,786.96,774.61,786.96,276900.0
2013-09-05,788.0,828.0,784.01,828.0,504600.0
2013-09-06,818.79,819.99,804.0,806.02,593100.0
2013-09-09,805.0,818.0,800.03,818.0,453700.0
2013-09-10,818.2,832.0,815.05,829.78,555000.0
2013-09-11,825.16,828.55,822.0,827.0,328900.0
2013-09-12,827.03,827.17,811.25,816.5,296200.0
2013-09-13,815.83,826.5,811.55,820.0,329800.0
2013-09-16,825.79,828.0,795.15,808.96,819900.0
2013-09-17,805.0,814.99,803.78,814.0,512800.0
2013-09-18,814.0,823.4,807.51,820.1,406800.0
2013-09-19,828.3,837.56,825.05,830.29,558800.0
2013-09-20,832.25,835.8,815.5,821.0,572500.0
2013-09-23,819.04,829.99,819.04,822.5,359100.0
2013-09-24,824.78,830.51,819.05,825.0,447400.0
2013-09-25,825.14,834.8,820.03,834.8,515100.0
2013-09-26,834.01,836.36,826.25,835.0,431000.0
2013-09-27,833.98,849.5,830.52,844.55,745900.0
2013-09-30,844.0,849.68,831.12,849.5,591900.0
2013-10-01,847.01,851.49,841.24,846.25,352500.0
2013-10-02,846.26,849.11,828.8,835.0,508100.0
2013-10-03,835.0,837.48,829.51,837.48,291400.0
2013-10-04,834.39,838.8,830.26,838.8,280300.0
2013-10-07,836.0,838.08,832.52,837.86,162200.0
2013-10-08,835.04,855.0,835.04,855.0,424900.0
2013-10-09,852.0,858.81,850.21,855.54,394600.0
2013-10-10,855.54,870.36,851.31,868.0,593900.0
2013-10-11,870.5,870.5,847.09,854.5,504200.0
2013-10-14,854.51,854.99,840.01,852.0,264400.0
2013-10-15,853.9,869.0,853.73,866.79,445500.0
2013-10-16,860.99,869.92,859.59,864.6,420700.0
2013-10-17,865.12,867.28,842.13,858.52,409600.0
2013-10-18,860.11,864.5,845.1,864.5,642000.0
2013-10-21,864.5,869.59,861.9,866.0,332900.0
2013-10-22,864.9,866.72,856.11,865.01,302200.0
2013-10-23,860.57,863.5,841.61,847.0,540700.0
2013-10-24,847.41,848.5,826.0,836.99,757200.0
2013-10-25,833.33,834.98,819.32,823.11,506300.0
2013-10-28,825.55,833.58,809.01,817.87,463900.0
2013-10-29,814.93,818.99,806.0,816.0,384100.0
2013-10-30,816.0,825.0,813.28,820.0,362200.0
2013-10-31,814.01,822.5,798.6,821.9,841000.0
2013-11-01,818.95,831.94,815.57,829.99,331600.0
2013-11-05,828.88,831.27,823.88,830.78,170500.0
2013-11-06,830.02,836.5,824.95,836.5,245100.0
2013-11-07,831.4,834.86,828.1,833.33,272000.0
2013-11-08,825.07,836.38,815.2,834.98,355600.0
2013-11-11,832.2,834.7,829.23,833.99,247500.0
2013-11-12,832.76,842.44,831.24,839.41,326600.0
2013-11-13,839.48,840.94,834.18,837.0,392800.0
2013-11-14,839.0,840.96,828.04,838.18,251800.0
2013-11-15,839.0,847.0,816.99,824.1,522800.0
2013-11-18,824.1,832.15,820.13,826.52,390000.0
2013-11-19,826.54,829.44,823.7,827.39,332800.0
2013-11-20,824.0,837.5,823.04,837.5,334200.0
2013-11-21,833.1,836.95,828.66,829.7,256000.0
2013-11-22,834.96,836.0,825.22,835.04,311800.0
2013-11-25,836.99,836.99,826.57,829.03,259800.0
2013-11-26,829.03,839.01,827.0,839.0,359900.0
2013-11-27,831.57,845.0,831.57,843.0,485900.0
2013-11-28,844.99,848.75,840.01,844.56,251800.0
2013-11-29,843.56,854.77,837.45,846.02,681300.0
2013-12-02,843.78,849.96,843.78,846.5,261900.0
2013-12-03,846.5,847.6,837.7,843.5,770700.0
2013-12-04,842.0,848.88,838.07,848.86,407900.0
2013-12-05,845.11,847.95,840.12,844.99,393900.0
2013-12-06,843.0,846.25,837.7,838.51,295700.0
2013-12-09,842.96,850.0,838.0,849.97,327100.0
2013-12-10,847.5,856.89,846.15,856.81,393000.0
2013-12-11,852.55,854.68,841.57,845.0,396800.0
2013-12-12,841.51,844.71,833.5,844.7,460000.0
2013-12-13,842.55,855.89,840.78,855.89,919600.0
2013-12-16,853.4,863.34,853.4,859.85,284000.0
2013-12-17,859.7,869.0,850.55,858.0,279200.0
2013-12-18,856.02,857.51,852.52,855.0,147700.0
2013-12-19,856.97,865.55,854.49,858.75,277300.0
2013-12-20,858.2,860.65,845.02,853.0,574600.0
2013-12-23,850.11,857.99,843.74,857.25,256300.0
2013-12-24,855.58,863.8,852.29,861.51,176800.0
2013-12-25,862.51,869.8,862.01,867.21,213400.0
2013-12-26,868.02,877.89,866.08,873.86,266900.0
2013-12-27,873.89,874.32,855.0,858.88,361200.0
2013-12-30,853.51,859.0,849.9,859.0,241800.0
2014-01-06,851.02,867.58,832.14,838.17,305100.0
2014-01-08,840.0,841.01,822.51,828.0,457100.0
2014-01-09,830.0,836.1,830.0,832.51,268900.0
2014-01-10,831.01,838.5,827.66,836.35,589800.0
2014-01-13,834.3,840.24,830.11,836.2,336200.0
2014-01-14,831.89,844.56,823.66,839.2,574800.0
2014-01-15,842.93,843.79,834.2,839.02,221400.0
2014-01-16,841.86,843.29,832.17,835.57,375600.0
2014-01-17,834.99,841.34,834.18,837.31,247300.0
2014-01-20,835.05,839.99,834.03,836.45,98000.0
2014-01-21,837.11,843.52,836.65,841.72,395400.0
2014-01-22,843.97,856.88,838.06,844.0,381700.0
2014-01-23,840.03,853.5,840.03,850.0,618000.0
2014-01-24,841.98,859.2,841.97,854.46,521600.0
2014-01-27,853.97,860.56,836.62,848.5,733000.0
2014-01-28,848.28,848.28,813.21,837.65,1060900.0
2014-01-29,834.3,837.75,808.58,814.8,1246900.0
2014-01-30,813.42,823.79,799.08,804.5,856300.0
2014-01-31,802.73,811.59,794.5,801.82,1266500.0
2014-02-03,798.96,810.98,790.53,794.47,462300.0
2014-02-04,791.01,805.99,782.0,799.86,997600.0
2014-02-05,800.0,804.06,796.42,796.42,313200.0
2014-02-06,798.36,799.96,785.25,792.46,486500.0
2014-02-07,797.2,797.98,786.6,786.8,411600.0
2014-02-10,789.53,799.8,788.07,795.7,346700.0
2014-02-11,797.5,798.56,781.25,783.95,772500.0
2014-02-12,786.0,804.3,781.23,802.9,662800.0
2014-02-13,801.85,822.16,800.0,814.99,831300.0
2014-02-14,816.43,822.84,808.61,817.03,232600.0
2014-02-17,820.99,822.93,805.04,813.0,296300.0
2014-02-18,808.01,821.44,801.02,802.62,394400.0
2014-02-19,802.49,809.07,796.7,803.5,585700.0
2014-02-20,801.99,816.14,797.02,812.0,619800.0
2014-02-21,814.06,814.45,799.6,802.29,261200.0
2014-02-24,801.31,802.79,797.02,798.59,121800.0
2014-02-25,799.83,801.45,795.25,799.01,160000.0
2014-02-26,799.49,811.84,798.17,804.92,1401800.0
2014-02-27,806.19,810.86,799.01,809.51,486000.0
2014-02-28,806.74,811.9,796.51,811.9,370800.0
2014-03-03,799.99,800.0,751.0,783.5,2039000.0
2014-03-04,789.99,805.95,763.92,772.5,1387500.0
2014-03-05,770.03,779.1,752.88,779.0,505500.0
2014-03-06,778.75,781.98,762.02,779.01,735900.0
2014-03-07,773.6,786.98,762.58,778.95,1380700.0
2014-03-11,775.03,785.94,759.19,770.0,829800.0
2014-03-12,767.93,769.0,756.02,760.6,1018300.0
2014-03-13,762.54,785.0,757.01,757.1,1316600.0
2014-03-14,755.71,755.71,726.02,741.0,877600.0
2014-03-17,742.26,754.22,726.25,739.51,1204300.0
2014-03-18,738.67,742.7,717.0,735.0,829500.0
2014-03-19,735.43,737.9,708.79,726.0,1621400.0
2014-03-20,722.97,735.0,720.0,730.0,633700.0
2014-03-21,721.62,730.71,705.55,722.99,880700.0
2014-03-24,725.39,750.0,725.39,740.0,637300.0
2014-03-25,738.85,754.47,733.31,748.03,563900.0
2014-03-26,747.2,764.76,747.2,753.0,503300.0
2014-03-27,752.49,754.1,735.0,741.99,621300.0
2014-03-28,746.49,762.85,743.47,756.5,966500.0
2014-03-31,759.5,766.83,754.62,762.99,1361400.0
2014-04-01,764.54,773.45,757.62,770.34,766600.0
2014-04-02,771.01,775.86,764.0,771.89,913400.0
2014-04-03,772.99,777.77,769.9,772.0,831300.0
2014-04-04,773.15,778.76,769.5,770.0,824000.0
2014-04-07,769.25,777.5,761.05,775.0,769800.0
2014-04-08,777.77,799.99,777.49,799.99,1080700.0
2014-04-09,800.0,808.03,792.0,792.0,453400.0
2014-04-10,794.3,812.45,788.48,812.45,556200.0
2014-04-11,806.34,811.5,788.57,795.4,483800.0
2014-04-14,794.51,808.72,792.17,806.0,385400.0
2014-04-15,798.12,805.91,798.12,805.51,850700.0
2014-04-16,804.73,814.89,797.51,809.0,619400.0
2014-04-17,809.53,813.15,803.8,804.0,302100.0
2014-04-18,813.0,820.5,810.1,810.75,161500.0
2014-04-21,811.62,813.96,798.0,798.05,145300.0
2014-04-22,798.25,805.0,793.01,803.25,409900.0
2014-04-23,804.19,809.28,800.02,803.87,234900.0
2014-04-24,805.11,808.5,800.3,808.0,551000.0
2014-04-25,803.01,805.25,765.82,765.82,635000.0
2014-04-28,769.41,784.37,766.11,783.03,616500.0
2014-04-29,784.99,789.1,777.03,784.25,417000.0
2014-04-30,782.64,794.98,781.93,788.8,577700.0
2014-05-02,786.82,802.34,775.57,795.02,636500.0
2014-05-05,794.58,797.18,785.25,790.0,274400.0
2014-05-06,793.93,799.0,789.98,794.97,513100.0
2014-05-07,794.78,817.0,791.22,803.5,470800.0
2014-05-08,805.3,809.56,795.3,798.65,264000.0
2014-05-12,802.7,811.83,797.83,803.69,329000.0
2014-05-13,805.53,815.11,803.91,808.0,258000.0
2014-05-14,809.12,831.94,805.01,830.0,294900.0
2014-05-15,830.98,843.88,823.23,838.3,435400.0
2014-05-16,839.99,843.51,826.25,835.94,205400.0
2014-05-19,837.38,848.48,837.14,846.88,287900.0
2014-05-20,848.41,854.39,840.55,851.65,397700.0
2014-05-21,829.99,865.19,826.25,864.48,332200.0
2014-05-22,865.7,874.44,856.15,860.07,287200.0
2014-05-23,862.28,870.0,853.35,869.6,333600.0
2014-05-26,869.99,871.94,863.04,867.7,123300.0
2014-05-27,867.71,867.71,805.77,816.0,938000.0
2014-05-28,815.97,818.26,775.01,777.59,1425900.0
2014-05-29,775.27,800.0,767.66,800.0,1449800.0
2014-05-30,801.99,805.89,782.42,798.94,961800.0
2014-06-02,798.95,807.19,796.22,799.89,422400.0
2014-06-03,795.01,798.74,777.77,784.88,441100.0
2014-06-04,783.38,784.0,771.23,776.63,319400.0
2014-06-05,777.94,778.0,760.56,765.0,424400.0
2014-06-06,767.98,783.01,760.64,778.7,353200.0
2014-06-09,782.97,788.87,770.5,770.5,273600.0
2014-06-10,773.21,777.58,766.01,770.55,276600.0
2014-06-11,773.92,783.19,763.72,765.1,320700.0
2014-06-16,769.8,769.8,750.03,756.37,1159100.0
2014-06-17,756.37,762.89,755.88,760.65,501300.0
2014-06-18,758.84,786.0,758.84,781.6,484700.0
2014-06-19,784.98,789.9,766.11,766.27,501800.0
2014-06-20,768.21,770.61,751.24,751.24,392400.0
2014-06-23,754.91,760.02,746.18,746.23,340400.0
2014-06-24,746.51,779.75,746.5,776.0,528900.0
2014-06-25,771.99,775.21,742.23,745.04,392100.0
2014-06-26,746.8,750.98,734.0,738.55,391700.0
2014-06-27,739.99,745.0,735.05,740.0,309300.0
2014-06-30,739.99,744.6,738.5,744.6,257900.0
2014-07-01,744.76,757.36,744.75,754.25,515200.0
2014-07-02,755.98,768.55,747.37,768.55,555400.0
2014-07-03,767.08,771.0,758.16,758.5,257000.0
2014-07-04,756.99,765.51,748.0,765.25,581700.0
2014-07-07,764.06,772.51,761.02,771.63,222900.0
2014-07-08,774.72,774.83,760.11,762.5,250600.0
2014-07-09,762.0,762.92,743.5,748.0,296400.0
2014-07-10,749.99,754.04,740.62,740.62,617800.0
2014-07-11,745.07,759.5,740.0,745.05,332500.0
2014-07-14,749.03,754.0,747.15,748.1,323500.0
2014-07-15,749.99,753.0,748.01,749.97,235200.0
2014-07-16,748.01,755.5,748.01,754.5,281100.0
2014-07-17,747.25,758.88,740.52,750.0,471000.0
2014-07-18,742.5,745.99,715.0,729.9,804600.0
2014-07-21,730.01,733.0,718.21,731.4,898100.0
2014-07-22,734.99,756.25,732.76,742.1,513100.0
2014-07-23,744.79,750.35,737.51,742.0,282700.0
2014-07-24,738.13,746.0,733.08,737.9,325000.0
2014-07-25,735.36,742.0,728.4,730.36,427800.0
2014-07-28,726.01,737.69,723.11,734.7,365000.0
2014-07-29,737.9,747.44,731.09,740.96,325400.0
2014-07-30,739.88,750.0,731.25,737.28,670800.0
2014-07-31,738.91,743.35,731.6,738.0,424500.0
2014-08-01,736.12,745.0,732.5,735.8,246500.0
2014-08-04,736.02,739.6,716.25,729.0,815600.0
2014-08-05,730.04,736.11,724.02,735.57,365100.0
2014-08-06,734.96,744.98,733.91,740.6,458400.0
2014-08-07,736.18,748.99,736.01,744.86,371000.0
2014-08-08,743.97,769.5,741.7,763.0,504200.0
2014-08-11,768.92,781.94,768.23,770.55,409300.0
2014-08-12,768.65,780.0,766.59,774.55,276400.0
2014-08-13,771.54,788.49,771.53,788.49,352800.0
2014-08-14,788.48,814.32,784.09,809.89,1053400.0
2014-08-15,813.24,824.66,803.16,817.8,911300.0
2014-08-18,815.23,823.94,813.44,820.49,335500.0
2014-08-19,820.97,826.95,809.24,813.0,368100.0
2014-08-20,812.0,822.4,810.48,812.8,330100.0
2014-08-21,815.24,837.98,814.1,836.97,567100.0
2014-08-22,834.23,839.89,822.0,824.0,326900.0
2014-08-25,824.99,829.75,823.36,827.64,131900.0
2014-08-26,827.99,832.0,819.04,822.43,218200.0
2014-08-27,827.63,831.12,810.61,812.0,311000.0
2014-08-28,813.24,817.93,791.25,808.0,486600.0
2014-08-29,808.01,816.0,805.15,814.99,319700.0
2014-09-01,813.02,837.98,808.92,817.17,364600.0
2014-09-02,820.0,827.37,812.1,822.19,206100.0
2014-09-03,826.91,841.99,818.29,837.43,370200.0
2014-09-04,837.49,856.5,835.61,854.0,294200.0
2014-09-05,849.05,875.99,848.0,864.92,772400.0
2014-09-08,859.56,868.95,844.01,845.0,379000.0
2014-09-09,846.61,854.7,835.82,843.98,261600.0
2014-09-10,842.6,848.0,835.0,848.0,160300.0
2014-09-11,847.99,853.92,826.55,828.5,375800.0
2014-09-12,828.48,848.49,823.0,843.69,257000.0
2014-09-15,842.96,849.5,834.0,845.98,592900.0
2014-09-16,845.0,863.5,843.57,855.09,445600.0
2014-09-17,854.99,868.37,846.6,849.0,235300.0
2014-09-18,849.02,858.77,845.02,848.81,188900.0
2014-09-19,846.59,869.0,835.0,869.0,610400.0
2014-09-22,859.99,862.71,844.46,844.46,165100.0
2014-09-23,845.31,862.95,840.01,860.63,199900.0
2014-09-24,860.6,891.51,860.3,886.0,449900.0
2014-09-25,889.01,910.0,884.09,901.5,428900.0
2014-09-26,901.03,915.0,885.0,890.0,392300.0
2014-09-29,894.96,899.99,868.0,870.8,287800.0
2014-09-30,872.0,878.22,861.0,873.99,608600.0
2014-10-01,870.2,871.8,853.7,859.3,548100.0
2014-10-02,855.0,860.9,842.5,848.8,597400.0
2014-10-03,852.5,856.3,843.6,853.1,450500.0
2014-10-06,857.0,879.5,856.7,874.0,394500.0
2014-10-07,874.2,874.4,861.5,866.0,386300.0
2014-10-08,863.0,874.6,855.7,862.1,316100.0
2014-10-09,871.0,887.0,867.0,880.0,308100.0
2014-10-10,873.0,881.8,868.0,872.0,217000.0
2014-10-13,868.0,888.9,868.0,879.0,367300.0
2014-10-14,877.2,889.3,871.7,880.8,472200.0
2014-10-15,879.8,884.5,870.0,870.0,187600.0
2014-10-16,871.8,886.0,867.9,873.5,370900.0
2014-10-17,879.9,885.5,875.3,881.3,224200.0
2014-10-20,883.0,888.0,870.5,879.2,218600.0
2014-10-21,882.8,888.5,873.0,883.3,251700.0
2014-10-22,883.9,886.5,873.4,879.0,306400.0
2014-10-23,876.1,881.6,867.0,878.8,351100.0
2014-10-24,875.7,894.9,871.2,894.8,288300.0
2014-10-27,897.0,907.3,895.1,905.0,478400.0
2014-10-28,906.6,933.9,903.0,933.9,483800.0
2014-10-29,933.8,945.0,917.6,922.5,419800.0
2014-10-30,919.0,943.9,919.0,943.9,393500.0
2014-10-31,950.1,953.3,933.6,939.9,408600.0
2014-11-03,935.1,939.0,916.1,935.3,270100.0
2014-11-05,928.3,978.0,921.2,978.0,654000.0
2014-11-06,973.5,1002.4,968.1,986.9,673800.0
2014-11-07,991.9,1025.9,971.0,981.0,906300.0
2014-11-10,989.4,994.8,962.8,970.5,304500.0
2014-11-11,965.5,993.5,965.1,991.7,287400.0
2014-11-12,989.0,998.2,980.0,980.0,286500.0
2014-11-13,981.5,994.4,981.5,989.8,246100.0
2014-11-14,985.3,1029.0,983.2,1020.3,759400.0
2014-11-17,1018.2,1086.0,1018.1,1086.0,519400.0
2014-11-18,1080.9,1098.0,1067.4,1085.0,994900.0
2014-11-19,1087.9,1088.9,1036.2,1054.4,402900.0
2014-11-20,1052.3,1085.0,1052.3,1085.0,463400.0
2014-11-21,1089.9,1090.0,1057.6,1085.0,344100.0
2014-11-24,1082.9,1082.9,1031.5,1056.0,456100.0
2014-11-25,1055.7,1068.0,1040.4,1050.0,528500.0
2014-11-26,1049.8,1083.6,1035.0,1083.6,649000.0
2014-11-27,1083.0,1124.2,1074.9,1120.0,1353300.0
2014-11-28,1115.3,1207.4,1112.6,1192.0,1406500.0
2014-12-01,1193.0,1260.5,1180.0,1242.0,735600.0
2014-12-02,1242.0,1259.0,1200.4,1217.1,571100.0
2014-12-03,1224.7,1284.0,1215.2,1270.0,580800.0
2014-12-04,1270.1,1310.4,1256.2,1261.0,746400.0
2014-12-05,1270.0,1273.5,1192.0,1192.0,396400.0
2014-12-08,1192.0,1225.0,1153.0,1158.3,526400.0
2014-12-09,1153.5,1159.0,1104.9,1110.2,419100.0
2014-12-10,1110.2,1133.5,1077.2,1097.9,638800.0
2014-12-11,1098.0,1104.2,1036.3,1057.5,629400.0
2014-12-12,1043.5,1090.5,1002.0,1067.0,492200.0
2014-12-15,1072.4,1157.9,1041.9,1141.1,1088500.0
2014-12-16,1135.5,1491.4,1105.0,1337.5,1686500.0
2014-12-17,1350.0,1497.7,1115.0,1175.0,845400.0
2014-12-18,1175.0,1191.2,1067.5,1178.5,692500.0
2014-12-19,1196.9,1204.9,1082.3,1110.0,576600.0
2014-12-22,1110.1,1121.8,1061.1,1095.0,438800.0
2014-12-23,1100.0,1311.5,1075.1,1231.1,824000.0
2014-12-24,1220.3,1248.5,1130.0,1181.0,567600.0
2014-12-25,1178.0,1190.5,1110.0,1161.2,196400.0
2014-12-26,1169.8,1199.0,1161.0,1189.6,186100.0
2014-12-29,1185.5,1300.0,1175.1,1225.0,309100.0
2014-12-30,1248.9,1286.6,1170.5,1260.0,322200.0
2015-01-05,1279.9,1301.0,1205.4,1301.0,258700.0
2015-01-06,1289.5,1430.0,1284.6,1429.9,357100.0
2015-01-08,1440.0,1480.0,1300.0,1300.0,392100.0
2015-01-09,1314.4,1334.5,1188.1,1208.2,450900.0
2015-01-12,1190.5,1280.0,1188.0,1280.0,375000.0
2015-01-13,1284.4,1320.8,1250.1,1309.9,597800.0
2015-01-14,1300.0,1325.0,1269.9,1319.1,469800.0
2015-01-15,1319.0,1348.8,1290.1,1300.0,420700.0
2015-01-16,1291.5,1315.3,1269.4,1309.8,312400.0
2015-01-19,1301.0,1339.6,1283.0,1297.9,296400.0
2015-01-20,1299.8,1314.0,1270.2,1309.0,499800.0
2015-01-21,1301.0,1315.7,1282.1,1309.0,395500.0
2015-01-22,1313.5,1347.8,1292.7,1325.0,370200.0
2015-01-23,1334.7,1356.5,1303.3,1319.7,310000.0
2015-01-26,1315.0,1322.8,1225.1,1266.3,551500.0
2015-01-27,1241.0,1337.0,1233.0,1335.0,599600.0
2015-01-28,1339.9,1383.7,1310.6,1353.0,812500.0
2015-01-29,1342.4,1390.0,1324.5,1327.4,315100.0
2015-01-30,1334.9,1419.0,1311.0,1419.0,558800.0
2015-02-02,1415.1,1450.0,1371.1,1376.5,721100.0
2015-02-03,1378.0,1419.0,1365.0,1394.0,461200.0
2015-02-04,1400.1,1405.7,1335.1,1338.1,359600.0
2015-02-05,1334.0,1393.9,1325.4,1361.1,469900.0
2015-02-06,1368.1,1420.0,1365.0,1419.5,546200.0
2015-02-09,1410.0,1565.3,1385.0,1390.0,809600.0
2015-02-10,1390.0,1437.8,1336.0,1360.0,406100.0
2015-02-11,1369.8,1435.9,1369.8,1400.2,500500.0
2015-02-12,1419.7,1433.9,1365.0,1385.0,623500.0
2015-02-13,1400.0,1430.9,1386.9,1399.9,443400.0
2015-02-16,1399.9,1467.9,1370.1,1430.1,625200.0
2015-02-17,1433.4,1465.0,1430.7,1454.0,433800.0
2015-02-18,1467.9,1486.0,1451.2,1458.2,395900.0
2015-02-19,1465.5,1474.6,1415.5,1448.5,353700.0
2015-02-20,1448.3,1464.0,1430.0,1464.0,184800.0
2015-02-24,1448.2,1462.9,1403.0,1433.0,425000.0
2015-02-25,1431.0,1432.9,1368.0,1382.9,258600.0
2015-02-26,1389.9,1389.9,1357.6,1370.0,327900.0
2015-02-27,1374.8,1385.0,1338.4,1380.0,469900.0
2015-03-02,1381.9,1409.0,1366.1,1366.3,237500.0
2015-03-03,1370.0,1406.4,1366.4,1402.4,355800.0
2015-03-04,1405.0,1417.5,1368.5,1369.7,248700.0
2015-03-05,1379.8,1391.5,1350.0,1350.0,318800.0
2015-03-06,1355.0,1363.6,1341.0,1359.0,247600.0
2015-03-10,1353.3,1371.1,1330.0,1364.0,325900.0
2015-03-11,1368.7,1382.7,1367.8,1368.0,193900.0
2015-03-12,1368.1,1368.1,1299.5,1315.0,477300.0
2015-03-13,1301.8,1335.0,1297.0,1326.2,224300.0
2015-03-16,1330.0,1345.5,1303.3,1339.1,314500.0
2015-03-17,1342.4,1352.4,1306.0,1321.5,255500.0
2015-03-18,1323.0,1329.6,1315.0,1327.7,161000.0
2015-03-19,1330.1,1337.0,1286.5,1286.5,188300.0
2015-03-20,1292.9,1310.0,1216.4,1240.0,449100.0
2015-03-23,1243.0,1269.8,1220.0,1264.3,312500.0
2015-03-24,1268.9,1270.6,1231.3,1246.5,165700.0
2015-03-25,1246.6,1250.0,1217.8,1249.0,221600.0
2015-03-26,1250.0,1282.8,1219.3,1238.0,297700.0
2015-03-27,1240.0,1250.6,1222.2,1241.8,194200.0
2015-03-30,1245.0,1249.7,1228.2,1239.9,109400.0
2015-03-31,1235.0,1265.1,1216.9,1245.0,221200.0
2015-04-01,1241.2,1277.7,1237.3,1262.1,211500.0
2015-04-02,1256.5,1330.0,1247.8,1330.0,248500.0
2015-04-03,1334.6,1343.3,1290.2,1290.7,151500.0
2015-04-06,1295.0,1306.6,1275.4,1276.0,147900.0
2015-04-07,1280.2,1300.0,1262.2,1285.7,139700.0
2015-04-08,1284.0,1284.7,1251.0,1263.0,212100.0
2015-04-09,1260.1,1260.1,1174.1,1195.6,589300.0
2015-04-10,1195.6,1218.5,1170.2,1204.9,378400.0
2015-04-13,1215.0,1250.0,1194.1,1244.0,304300.0
2015-04-14,1235.0,1243.5,1211.1,1219.4,166100.0
2015-04-15,1218.7,1230.0,1201.0,1224.9,237500.0
2015-04-16,1221.3,1249.0,1198.5,1226.4,425200.0
2015-04-17,1227.5,1247.3,1181.5,1181.5,307500.0
2015-04-20,1196.7,1239.0,1187.6,1232.5,233300.0
2015-04-21,1228.5,1249.1,1217.0,1244.7,157900.0
2015-04-22,1244.0,1253.0,1205.0,1210.0,209900.0
2015-04-23,1214.9,1219.3,1155.0,1178.0,331700.0
2015-04-24,1170.3,1194.1,1162.2,1189.9,185000.0
2015-04-27,1188.0,1203.0,1170.5,1193.2,205500.0
2015-04-28,1193.1,1210.0,1190.2,1210.0,230700.0
2015-04-29,1205.2,1229.0,1205.0,1205.5,108900.0
2015-04-30,1208.0,1226.0,1185.5,1213.2,331500.0
2015-05-05,1213.5,1269.1,1211.1,1266.5,211300.0
2015-05-06,1262.1,1263.0,1228.0,1242.5,111000.0
2015-05-07,1238.0,1238.0,1190.3,1191.0,160600.0
2015-05-08,1192.0,1235.7,1191.7,1235.7,214900.0
2015-05-12,1227.5,1259.7,1220.0,1247.1,245500.0
2015-05-13,1253.2,1274.8,1220.1,1220.1,253300.0
2015-05-14,1221.0,1232.1,1195.1,1202.3,259800.0
2015-05-15,1213.7,1249.0,1200.1,1249.0,144500.0
2015-05-18,1238.9,1248.4,1200.1,1200.1,176900.0
2015-05-19,1202.0,1209.0,1176.2,1176.2,149500.0
2015-05-20,1182.9,1195.7,1174.3,1175.7,77800.0
2015-05-21,1175.5,1189.0,1174.1,1175.7,140000.0
2015-05-22,1179.9,1194.9,1175.0,1194.3,98400.0
2015-05-25,1193.7,1194.0,1173.8,1179.5,100800.0
2015-05-26,1184.8,1203.1,1184.8,1199.0,172000.0
2015-05-27,1199.0,1233.4,1185.7,1230.0,199000.0
2015-05-28,1223.0,1255.0,1223.0,1243.0,156600.0
2015-05-29,1248.1,1299.2,1230.0,1234.5,504100.0
2015-06-01,1240.0,1264.0,1224.0,1232.2,206500.0
2015-06-02,1228.0,1287.5,1225.9,1270.3,163000.0
2015-06-03,1274.9,1277.0,1241.1,1251.5,224100.0
2015-06-04,1264.3,1304.7,1253.6,1304.7,179500.0
2015-06-05,1305.0,1349.2,1275.2,1348.9,182400.0
2015-06-08,1340.4,1374.7,1335.5,1336.4,193000.0
2015-06-09,1337.0,1366.3,1319.3,1350.2,96400.0
2015-06-10,1345.5,1367.4,1340.0,1349.0,148600.0
2015-06-11,1348.0,1348.0,1290.3,1307.0,196800.0
2015-06-15,1306.5,1338.4,1278.8,1338.0,282000.0
2015-06-16,1339.5,1353.3,1330.6,1338.3,106900.0
2015-06-17,1333.5,1338.4,1298.5,1311.6,149500.0
2015-06-18,1318.9,1318.9,1271.0,1275.1,146000.0
2015-06-19,1275.0,1306.5,1266.0,1306.5,312300.0
2015-06-22,1295.0,1319.9,1291.3,1314.8,172900.0
2015-06-23,1314.2,1318.2,1290.0,1292.9,123900.0
2015-06-24,1295.0,1307.4,1276.6,1294.9,114900.0
2015-06-25,1288.5,1294.4,1281.1,1290.0,72600.0
2015-06-26,1292.9,1305.6,1288.0,1295.9,159900.0
2015-06-29,1288.5,1312.2,1288.5,1310.0,96400.0
2015-06-30,1310.0,1348.0,1304.1,1348.0,362400.0
2015-07-01,1337.0,1343.9,1311.0,1312.5,151500.0
2015-07-02,1317.9,1351.1,1315.0,1349.0,131600.0
2015-07-03,1343.4,1353.0,1311.0,1320.0,167700.0
2015-07-06,1310.0,1331.8,1309.2,1330.0,105800.0
2015-07-07,1326.5,1345.0,1320.9,1345.0,130900.0
2015-07-08,1347.9,1347.9,1311.0,1320.0,168300.0
2015-07-09,1323.0,1340.0,1318.1,1330.0,119800.0
2015-07-10,1335.5,1336.3,1309.1,1309.1,96000.0
2015-07-13,1310.2,1332.8,1310.0,1331.9,98100.0
2015-07-14,1323.1,1392.4,1310.2,1381.4,251900.0
2015-07-15,1380.0,1399.0,1362.0,1380.0,291800.0
2015-07-16,1380.3,1386.9,1365.0,1380.7,103800.0
2015-07-17,1379.3,1386.6,1347.7,1355.0,125700.0
2015-07-20,1350.1,1359.3,1296.8,1308.0,158900.0
2015-07-21,1301.5,1332.4,1296.0,1313.4,122200.0
2015-07-22,1310.2,1310.6,1284.5,1303.0,194100.0
2015-07-23,1298.5,1310.0,1285.0,1300.2,119700.0
2015-07-24,1297.1,1329.4,1293.6,1321.9,257800.0
2015-07-27,1327.2,1340.0,1315.3,1339.5,190900.0
2015-07-28,1340.0,1369.4,1334.9,1368.2,387400.0
2015-07-29,1367.5,1380.0,1340.4,1362.6,161500.0
2015-07-30,1366.6,1393.5,1351.0,1393.5,132700.0
2015-07-31,1387.2,1417.7,1373.3,1381.0,226600.0
2015-08-03,1387.0,1415.0,1361.0,1415.0,114500.0
2015-08-04,1412.0,1437.0,1393.0,1437.0,200600.0
2015-08-05,1432.0,1448.0,1401.0,1435.0,209500.0
2015-08-06,1432.0,1447.0,1416.0,1435.0,278800.0
2015-08-07,1439.0,1456.0,1431.0,1444.0,122200.0
2015-08-10,1446.0,1492.0,1419.0,1492.0,153800.0
2015-08-11,1484.0,1564.0,1484.0,1540.0,462800.0
2015-08-12,1540.0,1548.0,1502.0,1520.0,233600.0
2015-08-13,1518.0,1538.0,1483.0,1502.0,373300.0
2015-08-14,1511.0,1560.0,1500.0,1528.0,222300.0
2015-08-17,1528.0,1537.0,1502.0,1528.0,116900.0
2015-08-18,1530.0,1544.0,1506.0,1527.0,137400.0
2015-08-19,1532.0,1570.0,1514.0,1547.0,242500.0
2015-08-20,1544.0,1630.0,1537.0,1630.0,288400.0
2015-08-21,1625.0,1640.0,1613.0,1616.0,233200.0
2015-08-24,1597.0,1682.0,1553.0,1652.0,618700.0
2015-08-25,1662.0,1675.0,1585.0,1606.0,363400.0
2015-08-26,1601.0,1604.0,1557.0,1563.0,240700.0
2015-08-27,1573.0,1580.0,1536.0,1557.0,208400.0
2015-08-28,1547.0,1600.0,1535.0,1540.0,348800.0
2015-08-31,1548.0,1603.0,1540.0,1579.0,601800.0
2015-09-01,1571.0,1575.0,1510.0,1539.0,275500.0
2015-09-02,1544.0,1583.0,1520.0,1530.0,246700.0
2015-09-03,1535.0,1549.0,1520.0,1531.0,148500.0
2015-09-04,1536.0,1553.0,1500.0,1504.0,174700.0
2015-09-07,1520.0,1548.0,1510.0,1541.0,122800.0
2015-09-08,1549.0,1596.0,1548.0,1578.0,168500.0
2015-09-09,1593.0,1600.0,1560.0,1560.0,235100.0
2015-09-10,1561.0,1635.0,1561.0,1619.0,319700.0
2015-09-11,1624.0,1630.0,1592.0,1610.0,133600.0
2015-09-14,1618.0,1639.0,1593.0,1605.0,160300.0
2015-09-15,1595.0,1605.0,1550.0,1550.0,212300.0
2015-09-16,1556.0,1585.0,1538.0,1554.0,217500.0
2015-09-17,1560.0,1575.0,1541.0,1563.0,170500.0
2015-09-18,1569.0,1587.0,1540.0,1548.0,316200.0
2015-09-21,1558.0,1585.0,1551.0,1560.0,130200.0
2015-09-22,1565.0,1570.0,1497.0,1559.0,697200.0
2015-09-23,1551.0,1555.0,1516.0,1516.0,311200.0
2015-09-24,1511.0,1536.0,1491.0,1500.0,144300.0
2015-09-25,1515.0,1532.0,1480.0,1480.0,167800.0
2015-09-28,1481.0,1489.0,1450.0,1454.0,118800.0
2015-09-29,1453.0,1494.0,1453.0,1476.0,112600.0
2015-09-30,1480.0,1493.0,1469.0,1483.0,189700.0
2015-10-01,1499.0,1500.0,1462.0,1487.0,100800.0
2015-10-02,1490.0,1490.0,1460.0,1463.0,154200.0
2015-10-05,1477.0,1500.0,1468.0,1493.0,255500.0
2015-10-06,1499.0,1528.0,1497.0,1522.0,252700.0
2015-10-07,1519.0,1519.0,1466.0,1490.0,317600.0
2015-10-08,1483.0,1495.0,1451.0,1476.0,157500.0
2015-10-09,1483.0,1492.0,1450.0,1465.0,472500.0
2015-10-12,1467.0,1470.0,1401.0,1407.0,176600.0
2015-10-13,1401.0,1419.0,1374.0,1419.0,176400.0
2015-10-14,1411.0,1430.0,1392.0,1420.0,150200.0
2015-10-15,1427.0,1485.0,1412.0,1465.0,214600.0
2015-10-16,1482.0,1482.0,1441.0,1457.0,167100.0
2015-10-19,1465.0,1528.0,1465.0,1510.0,201400.0
2015-10-20,1513.0,1535.0,1497.0,1535.0,163600.0
2015-10-21,1530.0,1531.0,1480.0,1488.0,140000.0
2015-10-22,1491.0,1505.0,1460.0,1497.0,101100.0
2015-10-23,1506.0,1536.0,1485.0,1528.0,161400.0
2015-10-26,1532.0,1535.0,1476.0,1514.0,156100.0
2015-10-27,1503.0,1523.0,1470.0,1523.0,167700.0
2015-10-28,1515.0,1527.0,1485.0,1515.0,217600.0
2015-10-29,1510.0,1518.0,1488.0,1494.0,115200.0
2015-10-30,1497.0,1508.0,1482.0,1488.0,134300.0
2015-11-02,1488.0,1504.0,1475.0,1487.0,121900.0
2015-11-03,1487.0,1522.0,1483.0,1504.0,159300.0
2015-11-05,1497.0,1555.0,1497.0,1507.0,209200.0
2015-11-06,1516.0,1528.0,1490.0,1500.0,95700.0
2015-11-09,1503.0,1540.0,1500.0,1534.0,173900.0
2015-11-10,1537.0,1549.0,1505.0,1537.0,176200.0
2015-11-11,1532.0,1555.0,1522.0,1549.0,180200.0
2015-11-12,1546.0,1552.0,1512.0,1515.0,143900.0
2015-11-13,1512.0,1519.0,1455.0,1455.0,140200.0
2015-11-16,1455.0,1487.0,1445.0,1445.0,189000.0
2015-11-17,1455.0,1518.0,1446.0,1518.0,290500.0
2015-11-18,1512.0,1537.0,1490.0,1530.0,177200.0
2015-11-19,1542.0,1599.0,1536.0,1571.0,271000.0
2015-11-20,1570.0,1671.0,1548.0,1650.0,327000.0
2015-11-23,1640.0,1730.0,1631.0,1730.0,281000.0
2015-11-24,1730.0,1742.0,1594.0,1659.0,413600.0
2015-11-25,1666.0,1672.0,1622.0,1649.0,189700.0
2015-11-26,1650.0,1668.0,1602.0,1625.0,120000.0
2015-11-27,1626.0,1626.0,1532.0,1532.0,270000.0
2015-11-30,1530.0,1543.0,1500.0,1510.0,433600.0
2015-12-01,1520.0,1566.0,1517.0,1565.0,185000.0
2015-12-02,1571.0,1588.0,1521.0,1544.0,125700.0
2015-12-03,1538.0,1578.0,1538.0,1556.0,104300.0
2015-12-04,1566.0,1575.0,1510.0,1532.0,276900.0
2015-12-07,1539.0,1578.0,1526.0,1561.0,170700.0
2015-12-08,1563.0,1564.0,1523.0,1544.0,139900.0
2015-12-09,1537.0,1565.0,1514.0,1533.0,241000.0
2015-12-10,1538.0,1546.0,1502.0,1511.0,231100.0
2015-12-11,1514.0,1519.0,1468.0,1490.0,244600.0
2015-12-14,1479.0,1540.0,1463.0,1511.0,709000.0
2015-12-15,1518.0,1584.0,1515.0,1578.0,338800.0
2015-12-16,1578.0,1672.0,1571.0,1672.0,531300.0
2015-12-17,1667.0,1709.0,1634.0,1701.0,274700.0
2015-12-18,1704.0,1714.0,1656.0,1699.0,484400.0
2015-12-21,1677.0,1700.0,1662.0,1676.0,341400.0
2015-12-22,1672.0,1685.0,1635.0,1684.0,352500.0
2015-12-23,1683.0,1744.0,1670.0,1738.0,258200.0
2015-12-24,1734.0,1763.0,1705.0,1763.0,215500.0
2015-12-25,1753.0,1766.0,1744.0,1766.0,59000.0
2015-12-28,1761.0,1825.0,1756.0,1813.0,178700.0
2015-12-29,1833.0,1883.0,1800.0,1880.0,168200.0
2015-12-30,1880.0,1945.0,1862.0,1940.0,565500.0
2016-01-04,1940.0,1940.0,1840.0,1918.0,145400.0
2016-01-05,1913.0,1946.0,1900.0,1946.0,141700.0
2016-01-06,1945.0,2003.0,1922.0,1990.0,160500.0
2016-01-11,1954.0,2013.0,1947.0,2008.0,276600.0
2016-01-12,1993.0,2065.0,1979.0,2027.0,215500.0
2016-01-13,2015.0,2078.0,1972.0,2040.0,258100.0
2016-01-14,2023.0,2059.0,2016.0,2050.0,186400.0
2016-01-15,2050.0,2060.0,2021.0,2045.0,422600.0
2016-01-18,2037.0,2087.0,2030.0,2080.0,259900.0
2016-01-19,2079.0,2136.0,2078.0,2111.0,254100.0
2016-01-20,2102.0,2182.0,2097.0,2174.0,273200.0
2016-01-21,2165.0,2339.0,2165.0,2310.0,368000.0
2016-01-22,2310.0,2357.0,1974.0,1976.0,1133900.0
2016-01-25,1962.0,2015.0,1853.0,1981.0,306500.0
2016-01-26,1990.0,2077.0,1988.0,2010.0,304300.0
2016-01-27,2020.0,2059.0,1982.0,2004.0,269000.0
2016-01-28,2010.0,2014.0,1901.0,1940.0,345200.0
2016-01-29,1941.0,1945.0,1868.0,1892.0,359500.0
2016-02-01,1884.0,1945.0,1851.0,1887.0,202600.0
2016-02-02,1898.0,1905.0,1861.0,1875.0,427800.0
2016-02-03,1864.0,1886.0,1849.0,1871.0,139000.0
2016-02-04,1865.0,1924.0,1854.0,1854.0,304800.0
2016-02-05,1855.0,1876.0,1821.0,1827.0,226900.0
2016-02-08,1827.0,1863.0,1811.0,1850.0,174700.0
2016-02-09,1860.0,1888.0,1847.0,1869.0,149100.0
2016-02-10,1874.0,1939.0,1851.0,1917.0,450500.0
2016-02-11,1911.0,1918.0,1869.0,1900.0,187200.0
2016-02-12,1889.0,1927.0,1874.0,1927.0,107900.0
2016-02-15,1920.0,1970.0,1898.0,1970.0,125500.0
2016-02-16,1967.0,1996.0,1949.0,1963.0,97400.0
2016-02-17,1970.0,1996.0,1937.0,1965.0,196300.0
2016-02-18,1962.0,1990.0,1957.0,1989.0,234200.0
2016-02-19,1980.0,1996.0,1920.0,1996.0,286300.0
2016-02-20,1987.0,2018.0,1974.0,1979.0,36300.0
2016-02-22,1991.0,2014.0,1974.0,2009.0,61900.0
2016-02-24,1978.0,2029.0,1966.0,2018.0,179400.0
2016-02-25,2010.0,2015.0,1985.0,1992.0,163400.0
2016-02-26,2002.0,2002.0,1904.0,1907.0,287900.0
2016-02-29,1908.0,1909.0,1774.0,1788.0,368200.0
2016-03-01,1790.0,1815.0,1770.0,1802.0,233800.0
2016-03-02,1794.0,1845.0,1789.0,1845.0,146300.0
2016-03-03,1843.0,1968.0,1838.0,1902.0,402300.0
2016-03-04,1905.0,1905.0,1848.0,1875.0,168800.0
2016-03-07,1865.0,1902.0,1853.0,1894.0,183100.0
2016-03-09,1893.0,1940.0,1890.0,1930.0,286900.0
2016-03-10,1934.0,1955.0,1886.0,1917.0,214700.0
2016-03-11,1910.0,1942.0,1895.0,1927.0,274100.0
2016-03-14,1930.0,1937.0,1795.0,1800.0,459100.0
2016-03-15,1803.0,1849.0,1802.0,1838.0,539600.0
2016-03-16,1848.0,1858.0,1820.0,1855.0,162800.0
2016-03-17,1864.0,1880.0,1843.0,1861.0,228900.0
2016-03-18,1860.0,1880.0,1786.0,1786.0,709200.0
2016-03-21,1793.0,1815.0,1770.0,1800.0,259000.0
2016-03-22,1803.0,1815.0,1784.0,1807.0,151600.0
2016-03-23,1814.0,1844.0,1801.0,1840.0,255700.0
2016-03-24,1844.0,1872.0,1829.0,1869.0,179000.0
2016-03-25,1870.0,1881.0,1841.0,1845.0,61100.0
2016-03-28,1852.0,1858.0,1795.0,1807.0,149900.0
2016-03-29,1808.0,1815.0,1777.0,1805.0,206500.0
2016-03-30,1811.0,1870.0,1809.0,1870.0,222200.0
2016-03-31,1867.0,1878.0,1832.0,1844.0,187500.0
2016-04-01,1835.0,1852.0,1794.0,1815.0,239600.0
2016-04-04,1816.0,1874.0,1816.0,1865.0,183600.0
2016-04-05,1855.0,1878.0,1842.0,1875.0,116800.0
2016-04-06,1879.0,1879.0,1820.0,1820.0,246500.0
2016-04-07,1824.0,1841.0,1816.0,1832.0,136400.0
2016-04-08,1830.0,1842.0,1807.0,1837.0,165300.0
2016-04-11,1830.0,1840.0,1816.0,1836.0,108700.0
2016-04-12,1826.0,1830.0,1802.0,1802.0,154100.0
2016-04-13,1806.0,1848.0,1803.0,1820.0,303200.0
2016-04-14,1824.0,1858.0,1769.0,1800.0,331700.0
2016-04-15,1793.0,1823.0,1790.0,1811.0,147500.0
2016-04-18,1799.0,1820.0,1755.0,1768.0,265200.0
2016-04-19,1762.0,1800.0,1747.0,1799.0,240000.0
2016-04-20,1796.0,1838.0,1770.0,1838.0,300200.0
2016-04-21,1842.0,1850.0,1805.0,1835.0,164100.0
2016-04-22,1830.0,1898.0,1818.0,1897.0,273800.0
2016-04-25,1890.0,2054.0,1876.0,2050.0,502600.0
2016-04-26,2049.0,2049.0,1974.0,2010.0,249200.0
2016-04-27,2005.0,2022.0,1927.0,1990.0,174700.0
2016-04-28,1981.0,2023.0,1952.0,2023.0,184100.0
2016-04-29,2004.0,2051.0,1974.0,2002.0,298600.0
2016-05-04,1980.0,2061.0,1980.0,2044.0,208000.0
2016-05-05,2040.0,2040.0,1983.0,2020.0,338900.0
2016-05-06,2002.0,2078.0,1990.0,2072.0,233300.0
2016-05-10,2056.0,2264.0,2032.0,2082.0,533000.0
2016-05-11,2060.0,2106.0,1992.0,2023.0,242100.0
2016-05-12,2031.0,2031.0,1955.0,1975.0,167500.0
2016-05-13,1965.0,1980.0,1903.0,1980.0,241900.0
2016-05-16,1973.0,2065.0,1956.0,2049.0,170600.0
2016-05-17,2047.0,2073.0,1961.0,2018.0,197800.0
2016-05-18,2009.0,2023.0,1883.0,1897.0,382300.0
2016-05-19,1890.0,1905.0,1787.0,1799.0,500700.0
2016-05-20,1811.0,1829.0,1768.0,1810.0,380400.0
2016-05-23,1803.0,1808.0,1725.0,1728.0,333600.0
2016-05-24,1723.0,1760.0,1720.0,1735.0,184000.0
2016-05-25,1745.0,1776.0,1738.0,1766.0,163300.0
2016-05-26,1766.0,1787.0,1711.0,1722.0,233600.0
2016-05-27,1716.0,1764.0,1715.0,1755.0,136900.0
2016-05-30,1756.0,1760.0,1731.0,1754.0,65200.0
2016-05-31,1745.0,1764.0,1700.0,1700.0,326600.0
2016-06-01,1713.0,1738.0,1699.0,1723.0,203300.0
2016-06-02,1733.0,1746.0,1647.0,1662.0,261700.0
2016-06-03,1677.0,1684.0,1606.0,1615.0,277700.0
2016-06-06,1626.0,1680.0,1617.0,1645.0,269700.0
2016-06-07,1640.0,1663.0,1611.0,1645.0,221200.0
2016-06-08,1630.0,1742.0,1630.0,1742.0,185400.0
2016-06-09,1743.0,1748.0,1692.0,1714.0,156000.0
2016-06-10,1705.0,1722.0,1656.0,1656.0,148600.0
2016-06-14,1683.0,1729.0,1651.0,1729.0,273700.0
2016-06-15,1723.0,1747.0,1701.0,1735.0,400600.0
2016-06-16,1721.0,1745.0,1660.0,1739.0,267900.0
2016-06-17,1755.0,1760.0,1676.0,1680.0,624600.0
2016-06-20,1704.0,1704.0,1634.0,1647.0,201100.0
2016-06-21,1641.0,1700.0,1631.0,1672.0,194600.0
2016-06-22,1674.0,1693.0,1643.0,1645.0,150700.0
2016-06-23,1648.0,1659.0,1617.0,1658.0,235200.0
2016-06-24,1612.0,1640.0,1607.0,1632.0,201100.0
2016-06-27,1618.0,1640.0,1614.0,1636.0,156200.0
2016-06-28,1639.0,1657.0,1630.0,1652.0,115600.0
2016-06-29,1654.0,1694.0,1644.0,1694.0,137500.0
2016-06-30,1694.0,1720.0,1642.0,1665.0,151700.0
2016-07-01,1653.0,1690.0,1638.0,1665.0,89300.0
2016-07-04,1647.0,1677.0,1643.0,1654.0,53700.0
2016-07-05,1654.0,1657.0,1623.0,1633.0,93400.0
2016-07-06,1632.0,1641.0,1612.0,1626.0,92400.0
2016-07-07,1631.0,1655.0,1601.0,1601.0,197100.0
2016-07-08,1601.0,1601.0,1525.0,1553.0,310900.0
2016-07-11,1564.0,1584.0,1534.0,1576.0,148600.0
2016-07-12,1572.0,1627.0,1564.0,1615.0,254500.0
2016-07-13,1614.0,1631.0,1585.0,1617.0,145700.0
2016-07-14,1626.0,1650.0,1597.0,1650.0,149900.0
2016-07-15,1641.0,1641.0,1591.0,1623.0,149900.0
2016-07-18,1603.0,1628.0,1590.0,1614.0,115100.0
2016-07-19,1593.0,1601.0,1552.0,1583.0,206300.0
2016-07-20,1566.0,1574.0,1541.0,1566.0,159600.0
2016-07-21,1570.0,1582.0,1560.0,1568.0,84200.0
2016-07-22,1563.0,1581.0,1563.0,1569.0,70600.0
2016-07-25,1572.0,1598.0,1568.0,1580.0,126900.0
2016-07-26,1584.0,1584.0,1556.0,1580.0,137300.0
2016-07-27,1583.0,1629.0,1574.0,1629.0,149700.0
2016-07-28,1623.0,1670.0,1610.0,1648.0,169900.0
2016-07-29,1648.0,1668.0,1622.0,1665.0,167300.0
2016-08-01,1667.0,1677.0,1633.0,1670.0,125700.0
2016-08-02,1663.0,1674.0,1601.0,1622.0,210900.0
2016-08-03,1623.0,1626.0,1590.0,1603.0,138300.0
2016-08-04,1616.0,1654.0,1608.0,1654.0,174900.0
2016-08-05,1653.0,1664.0,1614.0,1633.0,147800.0
2016-08-08,1634.0,1638.0,1616.0,1618.0,70500.0
2016-08-09,1617.0,1653.0,1617.0,1624.0,133500.0
2016-08-10,1633.0,1640.0,1618.0,1620.0,115100.0
2016-08-11,1625.0,1629.0,1590.0,1601.0,154500.0
2016-08-12,1606.0,1624.0,1597.0,1610.0,85800.0
2016-08-15,1614.0,1640.0,1594.0,1618.0,134400.0
2016-08-16,1620.0,1638.0,1606.0,1627.0,112700.0
2016-08-17,1622.0,1634.0,1614.0,1629.0,92000.0
2016-08-18,1626.0,1644.0,1612.0,1613.0,91400.0
2016-08-19,1614.0,1624.0,1596.0,1603.0,86300.0
2016-08-22,1601.0,1602.0,1578.0,1602.0,109400.0
2016-08-23,1600.0,1607.0,1593.0,1603.0,89000.0
2016-08-24,1602.0,1605.0,1580.0,1590.0,85300.0
2016-08-25,1587.0,1594.0,1572.0,1582.0,120100.0
2016-08-26,1576.0,1593.0,1566.0,1582.0,124600.0
2016-08-29,1582.0,1590.0,1532.0,1552.0,219600.0
2016-08-30,1541.0,1563.0,1535.0,1538.0,85400.0
2016-08-31,1544.0,1564.0,1531.0,1549.0,227100.0
2016-09-01,1551.0,1551.0,1523.0,1528.0,151800.0
2016-09-02,1523.0,1529.0,1515.0,1525.0,100900.0
2016-09-05,1525.0,1535.0,1501.0,1510.0,112400.0
2016-09-06,1503.0,1527.0,1484.0,1518.0,206900.0
2016-09-07,1520.0,1527.0,1500.0,1508.0,81000.0
2016-09-08,1512.0,1516.0,1501.0,1510.0,115700.0
2016-09-09,1515.0,1517.0,1472.0,1478.0,143100.0
2016-09-12,1475.0,1553.0,1472.0,1530.0,365000.0
2016-09-13,1530.0,1543.0,1495.0,1496.0,164500.0
2016-09-14,1495.0,1505.0,1481.0,1483.0,150400.0
2016-09-15,1475.0,1492.0,1454.0,1470.0,192000.0
2016-09-16,1464.0,1496.0,1398.0,1433.0,261800.0
2016-09-19,1439.0,1442.0,1395.0,1420.0,160700.0
2016-09-20,1411.0,1411.0,1389.0,1403.0,200100.0
2016-09-21,1405.0,1410.0,1390.0,1395.0,78800.0
2016-09-22,1402.0,1409.0,1365.0,1373.0,463600.0
2016-09-23,1379.0,1388.0,1362.0,1387.0,167600.0
2016-09-26,1376.0,1385.0,1369.0,1375.0,144700.0
2016-09-27,1374.0,1385.0,1367.0,1374.0,152000.0
2016-09-28,1370.0,1401.0,1370.0,1391.0,139400.0
2016-09-29,1403.0,1404.0,1377.0,1393.0,105100.0
2016-09-30,1385.0,1392.0,1351.0,1351.0,220100.0
2016-10-03,1341.0,1354.0,1326.0,1345.0,145700.0
2016-10-04,1343.0,1379.0,1335.0,1373.0,235900.0
2016-10-05,1370.0,1370.0,1339.0,1355.0,305000.0
2016-10-06,1351.0,1372.0,1351.0,1370.0,83500.0
2016-10-07,1376.0,1385.0,1345.0,1362.0,146900.0
2016-10-10,1352.0,1375.0,1351.0,1374.0,105400.0
2016-10-11,1375.0,1386.0,1355.0,1359.0,172800.0
2016-10-12,1365.0,1433.0,1348.0,1430.0,417100.0
2016-10-13,1434.0,1482.0,1411.0,1459.0,546300.0
2016-10-14,1467.0,1472.0,1417.0,1422.0,205500.0
2016-10-17,1423.0,1463.0,1420.0,1436.0,216300.0
2016-10-18,1442.0,1448.0,1406.0,1406.0,171400.0
2016-10-19,1408.0,1431.0,1399.0,1417.0,132600.0
2016-10-20,1423.0,1431.0,1400.0,1400.0,90400.0
2016-10-21,1404.0,1417.0,1380.0,1383.0,79000.0
2016-10-24,1388.0,1452.0,1366.0,1440.0,343800.0
2016-10-25,1436.0,1511.0,1425.0,1497.0,472800.0
2016-10-26,1499.0,1548.0,1499.0,1545.0,254700.0
2016-10-27,1552.0,1647.0,1535.0,1630.0,350500.0
2016-10-28,1637.0,1679.0,1558.0,1583.0,537900.0
2016-10-31,1575.0,1583.0,1520.0,1520.0,270700.0
2016-11-01,1526.5,1565.0,1520.0,1531.5,201000.0
2016-11-02,1530.0,1567.5,1496.5,1563.0,410600.0
2016-11-03,1558.0,1637.5,1540.0,1627.0,387800.0
2016-11-07,1635.0,1658.5,1605.5,1631.0,251700.0
2016-11-08,1625.5,1669.0,1620.0,1659.0,171800.0
2016-11-09,1630.0,1708.5,1627.5,1707.5,311400.0
2016-11-10,1709.0,1715.5,1637.0,1650.0,452700.0
2016-11-11,1650.5,1661.0,1586.0,1586.0,233400.0
2016-11-14,1594.0,1601.0,1543.5,1571.5,276700.0
2016-11-15,1574.5,1586.5,1533.5,1542.0,208600.0
2016-11-16,1550.5,1620.0,1550.5,1611.0,228400.0
2016-11-17,1610.0,1644.0,1590.0,1597.5,236900.0
2016-11-18,1609.5,1612.5,1565.5,1590.0,129700.0
2016-11-21,1598.0,1617.5,1567.0,1595.0,234700.0
2016-11-22,1589.0,1599.0,1575.0,1581.5,113200.0
2016-11-23,1584.0,1660.0,1582.0,1660.0,260600.0
2016-11-24,1665.0,1669.5,1631.0,1664.5,154800.0
2016-11-25,1665.0,1674.0,1610.5,1670.0,147600.0
2016-11-28,1661.5,1739.5,1661.5,1729.5,211000.0
2016-11-29,1724.0,1768.5,1710.0,1711.5,309500.0
2016-11-30,1704.5,1778.0,1674.5,1778.0,459000.0
2016-12-01,1777.5,1896.0,1775.5,1887.5,630000.0
2016-12-02,1887.5,1974.0,1863.0,1872.0,606900.0
2016-12-05,1875.0,1887.5,1826.5,1856.0,340000.0
2016-12-06,1844.5,1929.0,1844.5,1889.5,345400.0
2016-12-07,1909.0,1917.0,1865.0,1887.5,294700.0
2016-12-08,1895.0,2052.5,1871.5,2052.0,475600.0
2016-12-09,2052.0,2064.0,1996.5,2047.0,517400.0
2016-12-12,2058.5,2111.5,2000.0,2025.0,449100.0
2016-12-13,2010.5,2049.0,1880.0,2032.5,578900.0
2016-12-14,2037.5,2038.5,1975.0,1995.5,284000.0
2016-12-15,1967.5,2014.5,1942.0,2014.5,702900.0
2016-12-16,2021.5,2038.5,1964.5,2022.5,595900.0
2016-12-19,2017.0,2045.5,1991.0,2040.5,338800.0
2016-12-20,2039.0,2043.0,2010.5,2015.0,151400.0
2016-12-21,2013.5,2017.5,1975.0,1975.0,178900.0
2016-12-22,1977.5,1977.5,1901.5,1914.0,251700.0
2016-12-23,1910.0,1995.0,1885.0,1957.5,217700.0
2016-12-26,1967.0,1985.0,1949.5,1963.0,31700.0
2016-12-27,1974.0,1997.5,1967.5,1991.5,93700.0
2016-12-28,1995.0,2038.0,1995.0,2026.0,248600.0
2016-12-29,2029.0,2044.5,1971.5,1985.0,190000.0
2016-12-30,1985.5,2013.5,1977.5,1979.5,98400.0
2017-01-03,1977.0,2085.5,1952.0,2041.0,281500.0
2017-01-04,2032.0,2079.0,2022.5,2077.0,350400.0
2017-01-05,2080.0,2080.0,2014.0,2039.0,269900.0
2017-01-06,2027.0,2033.0,1995.0,2025.0,169500.0
2017-01-09,2023.5,2040.0,2017.5,2034.5,111900.0
2017-01-10,2036.5,2072.5,2026.5,2067.0,226000.0
2017-01-11,2060.0,2109.0,2034.0,2106.0,251100.0
2017-01-12,2100.0,2210.0,2100.0,2210.0,449400.0
2017-01-13,2212.0,2220.0,2147.0,2214.5,299900.0
2017-01-16,2214.5,2250.0,2201.0,2225.0,146600.0
2017-01-17,2222.5,2227.5,2171.5,2175.0,130700.0
2017-01-18,2173.0,2199.5,2073.0,2081.0,252900.0
2017-01-19,2089.5,2123.0,1971.5,2028.5,371100.0
2017-01-20,2016.5,2069.0,1982.5,2037.0,157300.0
2017-01-23,2033.0,2050.5,1924.5,1947.0,219600.0
2017-01-24,1952.0,2026.0,1938.5,2026.0,227300.0
2017-01-25,2027.5,2098.5,2011.5,2098.5,232900.0
2017-01-26,2110.0,2126.5,2060.0,2070.0,275100.0
2017-01-27,2075.5,2118.5,2017.5,2112.0,344300.0
2017-01-30,2094.0,2121.5,2081.0,2107.0,140400.0
2017-01-31,2110.0,2110.0,2042.5,2042.5,174500.0
2017-02-01,2050.0,2106.0,2029.5,2105.5,178500.0
2017-02-02,2100.0,2105.0,2041.5,2060.0,214200.0
2017-02-03,2059.5,2066.5,2011.5,2036.0,295400.0
2017-02-06,2031.0,2031.0,1990.0,1990.0,199700.0
2017-02-07,1992.5,2015.0,1960.0,2015.0,132800.0
2017-02-08,2007.0,2015.5,1855.0,1874.0,530700.0
2017-02-09,1890.0,1898.0,1820.5,1891.0,331100.0
2017-02-10,1895.0,1925.5,1851.5,1891.0,196300.0
2017-02-13,1885.5,1914.5,1840.0,1864.0,148200.0
2017-02-14,1860.0,1907.5,1850.0,1907.5,152000.0
2017-02-15,1901.5,1948.0,1864.5,1905.0,179900.0
2017-02-16,1910.0,1915.0,1871.5,1908.0,128100.0
2017-02-17,1906.0,1910.0,1866.5,1887.5,166900.0
2017-02-20,1898.5,1900.0,1851.0,1859.5,129500.0
2017-02-21,1850.5,1868.5,1821.0,1868.5,107000.0
2017-02-22,1862.5,1871.0,1780.5,1861.0,469500.0
2017-02-24,1862.0,1884.0,1771.0,1870.0,428800.0
2017-02-27,1860.5,1872.0,1815.5,1857.5,254600.0
2017-02-28,1850.0,1850.0,1799.0,1849.5,484600.0
2017-03-01,1841.0,1846.5,1776.5,1806.0,453600.0
2017-03-02,1801.0,1802.0,1757.0,1798.0,417300.0
2017-03-03,1784.0,1784.0,1738.0,1757.5,307900.0
2017-03-06,1743.5,1748.0,1701.0,1724.5,471400.0
2017-03-07,1707.5,1754.5,1700.5,1744.5,260900.0
2017-03-09,1731.0,1820.0,1704.0,1820.0,544200.0
2017-03-10,1823.0,1844.0,1726.0,1767.0,540500.0
2017-03-13,1755.0,1774.5,1741.0,1774.0,175100.0
2017-03-14,1778.5,1812.0,1755.0,1795.0,215200.0
2017-03-15,1795.0,1839.5,1791.0,1812.5,213100.0
2017-03-16,1812.5,1828.5,1757.5,1795.0,437900.0
2017-03-17,1794.0,1836.5,1783.5,1836.5,205100.0
2017-03-20,1835.5,1890.0,1803.0,1890.0,206000.0
2017-03-21,1891.5,1980.0,1870.0,1955.0,298200.0
2017-03-22,1946.5,2124.0,1943.0,2111.0,656200.0
2017-03-23,2128.0,2128.5,2042.5,2070.0,311100.0
2017-03-24,2064.0,2073.5,1990.5,1991.5,264700.0
2017-03-27,1990.0,1990.0,1877.0,1877.5,273400.0
2017-03-28,1885.0,1892.5,1809.0,1837.5,360600.0
2017-03-29,1837.5,1854.5,1702.0,1748.0,593200.0
2017-03-30,1750.0,1772.5,1706.0,1765.0,333700.0
2017-03-31,1761.0,1768.0,1698.0,1732.0,383600.0
2017-04-03,1730.5,1747.0,1723.0,1733.0,196300.0
2017-04-04,1735.5,1785.0,1735.5,1779.0,303600.0
2017-04-05,1780.0,1838.5,1780.0,1820.0,481100.0
2017-04-06,1818.0,1819.0,1760.0,1760.0,430400.0
2017-04-07,1758.5,1766.0,1714.0,1740.0,233900.0
2017-04-10,1736.0,1755.0,1713.5,1715.0,136800.0
2017-04-11,1710.5,1728.5,1681.0,1727.0,178200.0
2017-04-12,1724.0,1759.0,1706.0,1715.0,228700.0
2017-04-13,1726.0,1736.5,1655.5,1735.0,446500.0
2017-04-14,1728.0,1737.0,1695.0,1711.5,68200.0
2017-04-17,1724.0,1734.5,1684.5,1729.0,87200.0
2017-04-18,1720.0,1754.0,1720.0,1743.0,146000.0
2017-04-19,1748.0,1784.5,1707.5,1744.0,298400.0
2017-04-20,1740.0,1812.5,1724.0,1810.5,559200.0
2017-04-21,1808.0,1973.5,1801.0,1915.0,618600.0
2017-04-24,1927.0,1970.0,1911.5,1955.0,337300.0
2017-04-25,1965.5,1968.0,1935.0,1963.0,345600.0
2017-04-26,1966.5,2025.0,1945.0,2010.0,601600.0
2017-04-27,1995.5,2007.0,1910.0,1915.0,250100.0
2017-04-28,1925.0,1954.5,1875.0,1927.0,267700.0
2017-05-02,1932.5,1942.0,1890.0,1900.0,177300.0
2017-05-03,1907.5,1958.5,1882.0,1945.0,222700.0
2017-05-04,1948.5,1989.0,1930.5,1953.0,169200.0
2017-05-05,1946.0,1966.5,1888.0,1905.0,283900.0
2017-05-10,1915.0,1918.5,1832.5,1880.0,292700.0
2017-05-11,1880.0,1972.5,1853.0,1972.5,277100.0
2017-05-12,1962.0,1998.0,1880.0,1891.5,327500.0
2017-05-15,1891.0,1915.0,1860.5,1875.0,153700.0
2017-05-16,1840.0,1840.0,1712.0,1781.0,874700.0
2017-05-17,1760.0,1780.0,1702.5,1702.5,504300.0
2017-05-18,1698.0,1725.5,1677.5,1685.0,437600.0
2017-05-19,1692.0,1753.0,1688.0,1697.0,406800.0
2017-05-22,1707.0,1736.5,1685.0,1708.5,313100.0
2017-05-23,1711.5,1715.0,1668.0,1676.0,462600.0
2017-05-24,1679.0,1687.5,1616.0,1640.0,452800.0
2017-05-25,1646.5,1728.0,1624.0,1703.5,471200.0
2017-05-26,1706.5,1718.0,1555.5,1601.0,1227600.0
2017-05-29,1604.5,1644.0,1570.0,1601.5,736000.0
2017-05-30,1593.5,1608.5,1561.0,1584.5,797500.0
2017-05-31,1568.5,1627.5,1513.5,1587.0,8580900.0
2017-06-01,1589.0,1634.0,1577.0,1604.0,832200.0
2017-06-02,1588.5,1607.0,1555.5,1600.0,422500.0
2017-06-05,1619.0,1619.0,1580.0,1600.0,385300.0
2017-06-06,1596.0,1599.0,1552.5,1560.0,566300.0
2017-06-07,1565.5,1605.0,1561.0,1596.5,537900.0
2017-06-08,1592.0,1628.0,1574.5,1610.0,673200.0
2017-06-09,1603.0,1609.5,1582.5,1598.0,259200.0
2017-06-13,1598.5,1610.0,1559.0,1580.0,338900.0
2017-06-14,1571.5,1599.5,1555.5,1594.5,483600.0
2017-06-15,1577.0,1592.5,1560.5,1589.0,1106300.0
2017-06-16,1580.0,1610.0,1575.0,1610.0,629500.0
2017-06-19,1607.0,1617.5,1592.0,1599.5,209500.0
2017-06-20,1600.5,1608.5,1572.5,1595.0,351600.0
2017-06-21,1590.0,1597.5,1575.0,1595.0,468700.0
2017-06-22,1589.0,1599.0,1577.5,1595.0,279400.0
2017-06-23,1587.5,1610.0,1581.5,1605.0,223700.0
2017-06-26,1597.0,1615.0,1588.0,1603.5,189600.0
2017-06-27,1602.0,1605.0,1597.0,1605.0,63900.0
2017-06-28,1602.0,1605.0,1584.5,1595.0,153200.0
2017-06-29,1599.5,1599.5,1586.5,1597.0,196800.0
2017-06-30,1597.0,1606.5,1588.5,1595.0,301200.0
2017-07-03,1590.0,1591.0,1561.5,1575.0,236500.0
2017-07-04,1580.5,1598.5,1576.0,1598.5,188300.0
2017-07-05,1594.5,1605.0,1585.5,1597.0,255700.0
2017-07-06,1587.5,1598.0,1583.0,1598.0,87800.0
2017-07-07,1596.0,1651.5,1588.0,1632.0,475900.0
2017-07-10,1641.0,1685.0,1633.0,1680.0,297100.0
2017-07-11,1677.0,1797.0,1670.5,1769.5,474000.0
2017-07-12,1771.0,1774.5,1732.5,1749.0,347000.0
2017-07-13,1756.5,1810.0,1750.5,1800.5,872100.0
2017-07-14,1805.0,1805.5,1755.0,1777.5,588300.0
2017-07-17,1779.5,1798.0,1773.0,1775.5,74200.0
2017-07-18,1774.5,1814.0,1765.0,1765.0,631700.0
2017-07-19,1730.5,1775.5,1716.0,1757.0,194600.0
2017-07-20,1751.5,1778.5,1751.5,1755.0,128000.0
2017-07-21,1760.5,1774.5,1733.0,1774.5,191300.0
2017-07-24,1772.0,1807.5,1765.0,1801.5,381400.0
2017-07-25,1799.5,1807.0,1787.0,1789.0,335900.0
2017-07-26,1798.0,1801.0,1782.0,1787.0,118700.0
2017-07-27,1792.0,1793.5,1780.0,1784.0,105700.0
2017-07-28,1793.0,1793.0,1753.0,1768.5,99900.0
2017-07-31,1773.5,1805.0,1750.5,1805.0,282400.0
2017-08-01,1801.5,1804.0,1779.0,1779.0,230600.0
2017-08-02,1779.0,1793.5,1762.0,1765.0,111200.0
2017-08-03,1762.5,1785.0,1752.5,1752.5,282900.0
2017-08-04,1756.0,1768.5,1747.5,1760.0,109400.0
2017-08-07,1764.0,1800.0,1756.5,1795.0,165600.0
2017-08-08,1788.0,1804.5,1781.5,1788.0,139800.0
2017-08-09,1786.5,1795.0,1771.5,1771.5,129100.0
2017-08-10,1776.5,1801.0,1773.5,1801.0,171300.0
2017-08-11,1797.5,1802.0,1760.0,1761.0,187400.0
2017-08-14,1766.0,1776.5,1760.0,1774.5,80100.0
2017-08-15,1772.5,1787.0,1763.0,1778.5,75500.0
2017-08-16,1788.5,1790.5,1751.5,1751.5,149300.0
2017-08-17,1755.5,1773.5,1755.5,1763.0,56500.0
2017-08-18,1767.5,1770.0,1744.0,1744.0,89800.0
2017-08-21,1747.5,1763.5,1737.0,1741.5,112100.0
2017-08-22,1749.0,1773.0,1744.0,1766.5,107800.0
2017-08-23,1773.5,1784.5,1750.0,1751.0,139700.0
2017-08-24,1751.0,1770.0,1747.5,1770.0,34200.0
2017-08-25,1771.5,1794.0,1760.0,1768.0,244400.0
2017-08-28,1779.5,1779.5,1753.0,1760.0,144300.0
2017-08-29,1753.5,1766.0,1751.0,1765.5,44800.0
2017-08-30,1771.5,1774.0,1750.0,1751.5,112700.0
2017-08-31,1756.5,1782.5,1754.5,1782.5,290200.0
2017-09-01,1782.5,1785.0,1727.0,1735.0,271600.0
2017-09-04,1732.5,1760.0,1730.5,1730.5,75400.0
2017-09-05,1735.0,1767.5,1720.0,1730.5,572000.0
2017-09-06,1730.5,1740.0,1725.0,1731.0,353300.0
2017-09-07,1734.0,1734.0,1700.0,1700.0,286800.0
2017-09-08,1697.5,1722.5,1697.5,1721.0,278000.0
2017-09-11,1725.0,1734.0,1707.0,1725.0,379500.0
2017-09-12,1726.5,1736.0,1719.5,1726.0,156600.0
2017-09-13,1733.0,1736.5,1725.0,1733.0,160900.0
2017-09-14,1731.5,1781.0,1724.5,1780.0,420000.0
2017-09-15,1775.0,1792.0,1760.5,1792.0,324100.0
2017-09-18,1770.0,1778.5,1755.0,1773.0,79800.0
2017-09-19,1768.0,1790.0,1764.0,1780.0,101500.0
2017-09-20,1784.5,1800.0,1767.0,1772.0,145800.0
2017-09-21,1774.5,1779.5,1753.5,1758.5,140700.0
2017-09-22,1760.0,1777.5,1755.0,1775.0,106100.0
2017-09-25,1777.0,1790.0,1761.5,1765.0,93500.0
2017-09-26,1764.5,1780.5,1757.0,1757.0,155700.0
2017-09-27,1765.0,1778.5,1762.5,1770.0,108000.0
2017-09-28,1770.0,1776.0,1763.0,1767.0,89600.0
2017-09-29,1767.5,1778.0,1761.0,1774.0,122400.0
2017-10-02,1774.5,1780.0,1770.0,1777.5,112900.0
2017-10-03,1780.0,1785.5,1772.5,1775.0,125800.0
2017-10-04,1775.0,1782.0,1775.0,1781.0,61800.0
2017-10-05,1777.5,1777.5,1760.0,1760.0,122800.0
2017-10-06,1768.5,1779.5,1761.5,1776.0,108700.0
2017-10-09,1779.5,1785.0,1774.0,1784.0,63300.0
2017-10-10,1779.0,1790.0,1778.0,1784.0,115200.0
2017-10-11,1777.5,1800.0,1770.0,1789.0,358900.0
2017-10-12,1784.0,1805.0,1784.0,1805.0,168100.0
2017-10-13,1804.5,1815.0,1797.5,1800.0,167600.0
2017-10-16,1802.0,1809.0,1790.5,1798.5,99000.0
2017-10-17,1792.0,1884.5,1790.0,1873.5,328400.0
2017-10-18,1884.5,1905.0,1852.0,1852.5,206700.0
2017-10-19,1855.0,1868.0,1825.0,1825.0,134500.0
2017-10-20,1836.5,1840.0,1815.0,1828.5,194000.0
2017-10-23,1828.5,1856.5,1825.5,1831.5,174400.0
2017-10-24,1834.5,1850.5,1826.0,1836.5,184100.0
2017-10-25,1837.0,1844.5,1830.0,1835.0,120100.0
2017-10-26,1835.0,1848.0,1828.0,1840.5,209300.0
2017-10-27,1827.0,1849.5,1826.5,1844.5,195600.0
2017-10-30,1845.5,1874.5,1837.0,1837.0,134900.0
2017-10-31,1842.5,1859.0,1828.5,1850.0,133600.0
2017-11-01,1850.0,1855.5,1820.0,1843.0,135100.0
2017-11-02,1835.0,1859.5,1827.5,1859.5,183600.0
2017-11-03,1865.0,1868.5,1826.5,1830.0,154800.0
2017-11-07,1833.0,1856.5,1830.0,1845.0,167900.0
2017-11-08,1846.0,1882.0,1826.0,1826.0,424800.0
2017-11-09,1830.5,1841.5,1825.5,1837.0,229500.0
2017-11-10,1834.0,1834.0,1762.5,1790.5,199000.0
2017-11-13,1794.5,1828.5,1790.0,1815.0,76400.0
2017-11-14,1820.5,1835.0,1815.0,1835.0,132300.0
2017-11-15,1827.5,1834.0,1785.0,1797.0,224600.0
2017-11-16,1795.0,1816.0,1770.0,1770.5,234000.0
2017-11-17,1769.0,1804.0,1768.0,1795.5,79700.0
2017-11-20,1802.0,1818.0,1790.5,1801.0,58000.0
2017-11-21,1808.5,1819.5,1787.0,1805.0,110000.0
2017-11-22,1807.0,1813.0,1803.0,1810.0,26400.0
2017-11-23,1804.0,1830.0,1800.0,1816.0,226900.0
2017-11-24,1833.5,1855.0,1818.0,1855.0,462000.0
2017-11-27,1854.5,1917.5,1822.5,1835.5,222700.0
2017-11-28,1841.0,1849.0,1824.0,1844.5,143000.0
2017-11-29,1842.5,1849.0,1830.5,1840.0,144200.0
2017-11-30,1840.5,1840.5,1780.0,1780.0,357900.0
2017-12-01,1787.5,1802.5,1784.0,1787.0,62200.0
2017-12-04,1775.0,1794.0,1760.0,1780.0,89500.0
2017-12-05,1767.5,1784.0,1765.5,1770.0,70200.0
2017-12-06,1773.5,1788.0,1761.0,1761.0,182800.0
2017-12-07,1770.5,1784.5,1728.5,1730.0,276400.0
2017-12-08,1734.5,1754.5,1732.5,1746.5,54500.0
2017-12-11,1754.5,1809.5,1750.0,1805.0,192800.0
2017-12-12,1804.5,1809.5,1777.5,1795.0,208200.0
2017-12-13,1789.0,1812.0,1789.0,1810.0,110900.0
2017-12-14,1811.5,1811.5,1792.0,1809.0,54000.0
2017-12-15,1801.0,1810.0,1782.0,1782.0,171100.0
2017-12-18,1785.0,1796.5,1762.0,1762.0,106200.0
2017-12-19,1765.0,1773.0,1744.0,1760.0,112600.0
2017-12-20,1758.5,1770.0,1745.0,1759.0,108800.0
2017-12-21,1763.5,1771.5,1757.5,1760.0,123800.0
2017-12-22,1760.0,1775.0,1754.0,1765.0,105100.0
2017-12-25,1773.5,1820.0,1773.5,1810.0,219300.0
2017-12-26,1806.5,1820.0,1786.5,1819.5,130700.0
2017-12-27,1814.5,1830.0,1809.0,1830.0,448900.0
2017-12-28,1810.5,1822.0,1758.0,1785.0,118100.0
2017-12-29,1777.5,1799.0,1760.0,1799.0,160400.0
2018-01-03,1798.5,1798.5,1773.0,1793.0,44800.0
2018-01-04,1785.5,1830.0,1782.0,1829.0,231400.0
2018-01-05,1829.0,1830.0,1801.5,1825.0,80700.0
2018-01-09,1822.0,1824.5,1791.5,1795.0,223100.0
2018-01-10,1800.0,1803.5,1787.5,1787.5,159500.0
2018-01-11,1788.5,1828.5,1786.5,1827.0,182500.0
2018-01-12,1826.0,1830.0,1809.5,1820.0,173500.0
2018-01-15,1829.0,1829.0,1805.0,1806.0,65800.0
2018-01-16,1806.0,1825.0,1800.0,1825.0,122700.0
2018-01-17,1818.5,1822.0,1804.0,1820.0,142900.0
2018-01-18,1818.0,1847.5,1813.0,1830.0,260200.0
2018-01-19,1832.5,1840.0,1815.0,1825.0,78900.0
2018-01-22,1826.5,1829.0,1818.0,1825.0,56100.0
2018-01-23,1821.0,1827.0,1807.0,1827.0,80400.0
2018-01-24,1823.5,1834.5,1805.0,1806.0,162000.0
2018-01-25,1808.0,1847.0,1808.0,1830.0,240700.0
2018-01-26,1829.5,1834.5,1821.0,1833.5,186900.0
2018-01-29,1830.0,1834.0,1796.0,1834.0,53700.0
2018-01-30,1826.5,1830.0,1800.0,1815.0,75100.0
2018-01-31,1811.0,1819.0,1800.0,1800.0,98100.0
2018-02-01,1805.5,1820.0,1805.5,1816.0,115700.0
2018-02-02,1816.0,1819.0,1800.0,1819.0,90000.0
2018-02-05,1813.0,1815.5,1797.5,1800.0,49600.0
2018-02-06,1785.5,1812.0,1775.0,1775.0,179900.0
2018-02-07,1792.0,1804.0,1770.0,1770.0,139800.0
2018-02-08,1763.0,1780.0,1745.5,1780.0,256800.0
2018-02-09,1772.5,1786.5,1756.5,1765.0,156800.0
2018-02-12,1768.0,1773.5,1743.5,1750.0,134900.0
2018-02-13,1752.0,1780.0,1748.0,1780.0,132200.0
2018-02-14,1776.0,1804.0,1770.0,1804.0,158800.0
2018-02-15,1810.5,1817.0,1803.0,1803.5,132000.0
2018-02-16,1811.5,1812.5,1803.5,1804.5,95900.0
2018-02-19,1809.5,1810.0,1798.0,1800.0,52200.0
2018-02-20,1799.0,1802.0,1783.5,1792.5,114200.0
2018-02-21,1785.5,1823.0,1781.5,1805.5,222100.0
2018-02-22,1806.0,1852.5,1800.5,1836.0,249300.0
2018-02-26,1843.5,1861.0,1828.0,1847.0,184400.0
2018-02-27,1844.5,1847.0,1815.0,1815.0,105500.0
2018-02-28,1816.5,1850.0,1815.0,1850.0,233000.0
2018-03-01,1837.5,1842.5,1823.5,1823.5,82900.0
2018-03-02,1829.0,1830.0,1792.0,1821.5,101100.0
2018-03-05,1824.0,1836.5,1819.5,1833.0,60400.0
2018-03-06,1833.0,1850.0,1827.5,1832.0,98700.0
2018-03-07,1838.5,1838.5,1786.0,1786.0,150600.0
2018-03-09,1793.0,1811.0,1788.0,1793.0,166200.0
2018-03-12,1810.0,1812.5,1802.5,1810.0,73000.0
2018-03-13,1813.5,1814.0,1806.5,1812.0,101100.0
2018-03-14,1807.5,1810.0,1767.0,1767.0,278500.0
2018-03-15,1770.5,1785.0,1750.5,1766.5,281000.0
2018-03-16,1760.0,1800.0,1758.0,1770.0,545700.0
2018-03-19,1773.0,1784.0,1766.0,1770.0,78200.0
2018-03-20,1771.5,1781.5,1768.0,1768.5,209400.0
2018-03-21,1770.0,1814.0,1763.0,1811.5,310100.0
2018-03-22,1805.0,1820.5,1771.0,1774.0,209100.0
2018-03-23,1774.0,1782.0,1767.0,1775.0,170800.0
2018-03-26,1777.5,1784.0,1756.0,1758.0,292200.0
2018-03-27,1762.0,1770.0,1756.5,1760.0,90200.0
2018-03-28,1759.5,1771.5,1745.0,1745.0,249300.0
2018-03-29,1747.0,1770.0,1746.5,1765.0,162200.0
2018-03-30,1770.0,1779.5,1759.0,1759.0,75200.0
2018-04-02,1763.5,1802.5,1757.5,1797.5,355400.0
2018-04-03,1793.5,1794.0,1781.0,1790.0,74900.0
2018-04-04,1790.0,1803.5,1775.0,1775.0,358800.0
2018-04-05,1783.0,1790.0,1773.0,1790.0,119100.0
2018-04-06,1784.0,1794.0,1760.0,1794.0,174000.0
2018-04-09,1782.5,1786.0,1687.0,1720.5,557700.0
2018-04-10,1681.0,1750.0,1681.0,1743.0,350400.0
2018-04-11,1720.5,1757.0,1710.0,1735.0,446300.0
2018-04-12,1750.0,1796.0,1732.0,1777.0,259400.0
2018-04-13,1780.5,1790.0,1743.5,1756.5,273200.0
2018-04-16,1745.0,1772.5,1745.0,1771.5,180800.0
2018-04-17,1773.0,1780.0,1756.5,1780.0,185000.0
2018-04-18,1773.0,1778.0,1764.0,1777.5,206200.0
2018-04-19,1784.5,1791.5,1761.0,1790.0,147700.0
2018-04-20,1782.5,1795.0,1765.0,1790.0,117700.0
2018-04-23,1781.5,1786.5,1743.0,1763.0,313900.0
2018-04-24,1763.0,1765.0,1740.5,1750.0,143800.0
2018-04-25,1740.5,1740.5,1707.0,1722.5,209600.0
2018-04-26,1712.0,1716.5,1698.5,1702.0,205300.0
2018-04-27,1702.5,1726.0,1697.0,1726.0,78400.0
2018-04-28,1722.0,1749.5,1708.0,1749.5,42700.0
2018-04-30,1736.0,1752.0,1724.0,1724.5,123200.0
2018-05-02,1725.0,1731.0,1612.0,1640.5,370100.0
2018-05-03,1639.0,1684.0,1636.5,1646.5,253300.0
2018-05-04,1649.5,1708.5,1615.5,1704.5,254300.0
2018-05-07,1708.0,1748.0,1692.5,1748.0,256200.0
2018-05-08,1735.5,1749.0,1720.0,1743.5,167900.0
2018-05-10,1749.0,1753.0,1730.0,1746.5,160800.0
2018-05-11,1749.0,1749.0,1735.5,1747.5,57100.0
2018-05-14,1747.5,1756.0,1743.0,1756.0,61600.0
2018-05-15,1747.5,1759.5,1743.0,1745.0,106400.0
2018-05-16,1748.0,1764.5,1740.0,1764.5,78700.0
2018-05-17,1760.5,1771.5,1746.0,1749.0,92100.0
2018-05-18,1747.5,1753.0,1739.5,1748.5,54900.0
2018-05-21,1757.5,1773.0,1743.5,1757.5,103500.0
2018-05-22,1755.5,1757.5,1744.5,1749.5,72300.0
2018-05-23,1744.0,1748.5,1730.0,1747.5,114000.0
2018-05-24,1742.0,1751.5,1733.0,1750.5,144900.0
2018-05-25,1750.0,1752.5,1736.0,1743.0,107700.0
2018-05-28,1747.5,1748.5,1738.0,1747.0,16800.0
2018-05-29,1741.5,1755.5,1737.5,1744.5,110900.0
2018-05-30,1740.0,1742.5,1703.0,1740.0,155800.0
2018-05-31,1734.0,1742.5,1706.0,1706.0,348000.0
2018-06-01,1714.0,1728.0,1697.5,1720.0,113400.0
2018-06-04,1726.0,1728.5,1707.0,1719.0,77200.0
2018-06-05,1718.0,1726.5,1708.0,1716.0,92300.0
2018-06-06,1714.5,1740.5,1703.5,1740.5,123600.0
2018-06-07,1738.5,1755.0,1728.5,1750.0,100000.0
2018-06-08,1747.5,1750.5,1725.5,1749.5,235200.0
2018-06-09,1745.0,1750.0,1745.0,1746.0,2100.0
2018-06-11,1740.5,1752.5,1737.0,1749.5,59300.0
2018-06-13,1754.0,1754.0,1730.0,1749.0,200900.0
2018-06-14,1740.5,1758.0,1735.0,1758.0,113900.0
2018-06-15,1750.0,1759.0,1736.5,1749.5,399600.0
2018-06-18,1741.5,1751.0,1684.5,1684.5,132900.0
2018-06-19,1688.0,1688.0,1646.0,1662.0,223800.0
2018-06-20,1671.0,1713.0,1661.5,1696.0,144900.0
2018-06-21,1707.0,1709.5,1677.0,1690.5,115800.0
2018-06-22,1700.0,1732.0,1691.5,1724.5,184000.0
2018-06-25,1724.5,1730.0,1717.0,1718.0,102700.0
2018-06-26,1724.0,1724.0,1680.5,1680.5,112200.0
2018-06-27,1688.5,1691.0,1661.0,1665.0,187900.0
2018-06-28,1666.0,1670.0,1645.0,1645.0,129200.0
2018-06-29,1650.5,1672.5,1647.5,1664.0,110500.0
2018-07-02,1662.0,1688.0,1662.0,1679.0,140700.0
2018-07-03,1683.0,1685.0,1670.0,1670.0,68000.0
2018-07-04,1670.0,1673.0,1660.0,1672.5,36000.0
2018-07-05,1670.5,1685.0,1667.0,1681.0,84200.0
2018-07-06,1675.0,1699.0,1671.5,1688.5,108500.0
2018-07-09,1696.5,1728.5,1696.5,1723.0,87500.0
2018-07-10,1717.5,1727.5,1701.0,1726.0,190400.0
2018-07-11,1724.0,1726.5,1714.0,1725.0,132700.0
2018-07-12,1720.0,1722.0,1660.5,1660.5,144700.0
2018-07-13,1667.5,1677.0,1661.0,1674.5,79400.0
2018-07-16,1667.5,1675.5,1661.5,1673.0,133400.0
2018-07-17,1662.5,1665.5,1647.0,1650.5,77200.0
2018-07-18,1656.0,1662.5,1650.0,1658.0,100100.0
2018-07-19,1657.0,1658.5,1643.5,1643.5,81500.0
2018-07-20,1636.5,1650.0,1626.5,1630.0,69300.0
2018-07-23,1643.5,1643.5,1615.5,1621.5,35400.0
2018-07-24,1625.5,1637.0,1612.0,1637.0,79300.0
2018-07-25,1628.5,1628.5,1616.0,1619.5,49500.0
2018-07-26,1621.0,1630.5,1610.0,1619.5,67100.0
2018-07-27,1620.0,1631.5,1612.0,1631.5,31300.0
2018-07-30,1630.0,1647.0,1618.5,1637.0,55200.0
2018-07-31,1632.0,1644.0,1624.5,1626.0,215600.0
2018-08-01,1632.5,1632.5,1607.0,1607.0,110400.0
2018-08-02,1610.5,1615.0,1574.0,1587.5,57900.0
2018-08-03,1576.5,1596.0,1570.0,1593.0,45100.0
2018-08-06,1595.0,1614.5,1584.0,1610.0,104300.0
2018-08-07,1600.0,1611.5,1583.5,1606.0,64400.0
2018-08-08,1599.0,1604.0,1550.5,1558.5,137300.0
2018-08-09,1548.0,1568.5,1510.5,1553.5,135500.0
2018-08-10,1560.0,1573.5,1531.0,1539.5,74200.0
2018-08-13,1525.0,1550.0,1514.5,1531.5,79500.0
2018-08-14,1539.0,1552.5,1521.0,1543.5,49300.0
2018-08-15,1543.0,1545.0,1524.0,1533.0,76200.0
2018-08-16,1535.0,1537.0,1520.0,1523.0,77000.0
2018-08-17,1523.0,1526.5,1502.5,1503.0,69500.0
2018-08-20,1502.0,1540.0,1502.0,1530.0,54300.0
2018-08-21,1541.5,1547.0,1501.5,1547.0,108200.0
2018-08-22,1540.0,1544.0,1511.5,1518.0,93000.0
2018-08-23,1514.0,1520.0,1503.5,1514.5,66600.0
2018-08-24,1509.5,1529.0,1500.0,1527.5,61100.0
2018-08-27,1527.5,1540.0,1514.0,1540.0,48100.0
2018-08-28,1533.0,1540.0,1504.5,1521.0,82000.0
2018-08-29,1517.0,1521.0,1510.0,1514.0,45900.0
2018-08-30,1522.0,1523.5,1429.0,1456.5,165800.0
2018-08-31,1441.5,1443.5,1396.0,1425.0,305000.0
2018-09-03,1424.0,1460.0,1420.5,1455.0,91700.0
2018-09-04,1454.5,1472.0,1434.0,1443.0,83600.0
2018-09-05,1443.5,1445.5,1424.0,1435.0,189600.0
2018-09-06,1436.0,1444.5,1382.0,1435.0,259000.0
2018-09-07,1431.0,1464.5,1416.0,1430.0,172900.0
2018-09-10,1438.5,1466.5,1415.5,1466.5,173500.0
2018-09-11,1466.5,1492.5,1460.5,1492.5,235100.0
2018-09-12,1493.0,1526.0,1484.0,1520.0,114800.0
2018-09-13,1520.0,1569.5,1502.0,1552.5,182400.0
2018-09-14,1544.5,1599.0,1528.0,1590.0,196800.0
2018-09-17,1596.0,1624.5,1570.5,1624.0,195000.0
2018-09-18,1623.5,1631.5,1595.0,1625.0,343600.0
2018-09-19,1625.5,1626.0,1595.5,1595.5,252900.0
2018-09-20,1606.5,1615.0,1526.5,1580.0,509600.0
2018-09-21,1569.0,1614.0,1530.5,1601.0,442600.0
2018-09-24,1610.0,1622.5,1580.0,1619.0,161500.0
2018-09-25,1615.5,1643.5,1594.0,1643.5,200900.0
2018-09-26,1633.5,1650.0,1621.5,1644.0,193600.0
2018-09-27,1635.0,1650.0,1600.0,1645.5,226900.0
2018-09-28,1645.5,1657.5,1623.0,1657.5,176600.0
2018-10-01,1652.0,1678.5,1632.0,1666.0,188900.0
2018-10-02,1664.5,1666.0,1644.0,1655.0,85600.0
2018-10-03,1658.5,1684.5,1645.5,1648.0,202400.0
2018-10-04,1650.0,1655.0,1633.5,1645.0,130100.0
2018-10-05,1640.5,1659.5,1617.5,1650.0,223800.0
2018-10-08,1649.5,1659.0,1642.5,1655.0,104100.0
2018-10-09,1655.0,1691.0,1643.0,1691.0,370700.0
2018-10-10,1699.0,1761.0,1698.0,1715.0,831300.0
2018-10-11,1697.0,1720.0,1692.0,1712.0,173200.0
2018-10-12,1729.0,1729.0,1708.5,1709.0,49900.0
2018-10-15,1712.0,1714.5,1696.5,1708.0,57900.0
2018-10-16,1709.0,1714.5,1701.0,1708.0,93900.0
2018-10-17,1703.5,1712.0,1696.0,1709.0,103300.0
2018-10-18,1702.0,1714.0,1701.5,1714.0,63200.0
2018-10-19,1715.0,1721.5,1702.5,1710.0,134900.0
2018-10-22,1703.0,1723.5,1703.0,1710.0,148800.0
2018-10-23,1703.5,1713.0,1688.5,1707.0,118400.0
2018-10-24,1711.0,1711.0,1698.0,1709.0,142200.0
2018-10-25,1707.5,1708.5,1697.0,1705.0,96000.0
2018-10-26,1703.0,1718.5,1695.0,1718.5,72900.0
2018-10-29,1714.5,1715.5,1704.0,1710.0,23100.0
2018-10-30,1704.0,1710.0,1700.0,1709.0,73100.0
2018-10-31,1709.5,1720.0,1703.5,1709.0,63700.0
2018-11-01,1705.0,1719.0,1699.5,1719.0,77600.0
2018-11-02,1726.5,1727.0,1709.0,1720.0,53900.0
2018-11-06,1723.5,1752.5,1712.0,1752.5,149800.0
2018-11-07,1752.5,1759.0,1732.0,1756.0,161500.0
2018-11-08,1751.5,1754.5,1737.5,1737.5,63300.0
2018-11-09,1734.5,1737.0,1666.5,1705.5,178800.0
2018-11-12,1707.0,1715.0,1686.5,1695.0,62700.0
2018-11-13,1694.5,1707.0,1686.0,1697.0,36800.0
2018-11-14,1702.5,1709.5,1695.0,1709.5,57900.0
2018-11-15,1706.0,1707.5,1694.0,1707.5,50600.0
2018-11-16,1700.0,1708.5,1687.5,1705.0,99000.0
2018-11-19,1694.0,1719.0,1690.5,1701.5,56500.0
2018-11-20,1692.0,1699.0,1680.0,1690.0,67300.0
2018-11-21,1690.0,1701.5,1681.5,1695.0,129900.0
2018-11-22,1691.0,1698.5,1683.5,1695.5,86800.0
2018-11-23,1685.0,1695.0,1680.0,1685.0,83000.0
2018-11-26,1685.5,1685.5,1632.0,1670.0,174700.0
2018-11-27,1683.5,1694.0,1665.0,1680.0,136600.0
2018-11-28,1686.0,1707.0,1674.5,1700.0,66800.0
2018-11-29,1698.5,1717.0,1693.5,1713.5,137500.0
2018-11-30,1715.0,1771.0,1713.0,1754.0,328400.0
2018-12-03,1760.0,1780.0,1718.5,1721.0,103600.0
2018-12-04,1718.0,1718.0,1693.0,1709.5,53100.0
2018-12-05,1702.0,1721.0,1689.0,1721.0,63400.0
2018-12-06,1702.5,1714.0,1687.0,1704.5,115500.0
2018-12-07,1706.0,1716.0,1668.0,1700.0,187100.0
2018-12-10,1702.0,1715.0,1690.5,1695.0,67500.0
2018-12-11,1700.0,1700.0,1675.5,1699.0,76500.0
2018-12-12,1688.0,1693.5,1671.5,1691.0,124600.0
2018-12-13,1691.0,1692.0,1676.0,1684.0,49700.0
2018-12-14,1678.5,1689.5,1669.0,1689.5,46200.0
2018-12-17,1691.5,1692.0,1665.5,1687.0,151300.0
2018-12-18,1679.5,1688.0,1660.5,1680.0,162100.0
2018-12-19,1673.0,1684.0,1658.0,1658.0,138400.0
2018-12-20,1657.5,1663.5,1636.0,1661.0,214300.0
2018-12-21,1660.5,1663.0,1628.0,1628.0,272400.0
2018-12-24,1634.0,1635.0,1600.5,1632.5,79900.0
2018-12-25,1630.0,1637.5,1602.5,1637.5,31200.0
2018-12-26,1637.5,1640.0,1613.0,1640.0,44100.0
2018-12-27,1642.0,1642.0,1600.5,1623.0,201100.0
2018-12-28,1618.5,1641.0,1615.0,1634.5,106200.0
2018-12-29,1630.5,1710.0,1630.0,1710.0,139700.0
2019-01-03,1710.0,1732.0,1683.0,1688.0,195100.0
2019-01-04,1684.0,1731.0,1684.0,1730.5,161800.0
2019-01-08,1726.5,1727.0,1693.5,1698.0,175400.0
2019-01-09,1698.5,1707.5,1668.5,1678.5,170500.0
2019-01-10,1680.0,1694.5,1672.0,1692.0,102500.0
2019-01-11,1703.0,1706.5,1687.0,1705.0,141400.0
2019-01-14,1701.0,1711.5,1687.0,1706.5,138100.0
2019-01-15,1707.5,1707.5,1677.0,1694.0,115300.0
2019-01-16,1687.0,1702.0,1681.0,1696.5,38900.0
2019-01-17,1691.5,1703.5,1680.5,1703.5,75900.0
2019-01-18,1694.5,1708.0,1652.5,1708.0,142500.0
2019-01-21,1704.0,1709.5,1698.5,1705.0,20100.0
2019-01-22,1695.0,1700.5,1690.0,1700.0,38800.0
2019-01-23,1695.0,1701.0,1691.0,1699.0,66800.0
2019-01-24,1695.0,1695.0,1675.5,1675.5,70200.0
2019-01-25,1673.0,1690.5,1673.0,1685.0,72200.0
2019-01-28,1687.0,1687.5,1676.5,1681.0,41600.0
2019-01-29,1676.0,1699.0,1676.0,1699.0,44600.0
2019-01-30,1695.0,1748.0,1689.5,1729.5,155400.0
2019-01-31,1725.0,1749.5,1717.5,1745.0,189800.0
2019-02-01,1746.5,1754.5,1717.5,1734.0,107300.0
2019-02-04,1737.5,1767.0,1725.5,1754.0,152100.0
2019-02-05,1750.0,1762.0,1727.5,1734.0,95200.0
2019-02-06,1731.0,1739.0,1717.5,1729.5,100100.0
2019-02-07,1721.0,1731.5,1711.5,1717.0,103700.0
2019-02-08,1710.0,1714.0,1698.5,1705.0,40900.0
2019-02-11,1700.0,1709.5,1690.0,1694.0,32700.0
2019-02-12,1699.0,1746.5,1695.5,1744.5,134600.0
2019-02-13,1747.5,1747.5,1696.5,1720.0,185700.0
2019-02-14,1726.0,1727.0,1672.0,1676.5,189400.0
2019-02-15,1677.0,1697.5,1677.0,1697.5,60400.0
2019-02-18,1698.0,1698.0,1678.0,1686.0,36700.0
2019-02-19,1688.0,1714.0,1685.5,1709.5,78900.0
2019-02-20,1710.0,1711.0,1695.0,1695.0,50600.0
2019-02-21,1695.0,1704.5,1692.5,1704.5,35500.0
2019-02-22,1700.0,1710.0,1696.0,1709.0,45700.0
2019-02-25,1705.0,1711.5,1683.0,1699.0,50600.0
2019-02-26,1696.0,1704.0,1690.0,1704.0,18000.0
2019-02-27,1710.0,1710.0,1692.5,1701.0,36700.0
2019-02-28,1698.0,1706.0,1685.5,1706.0,64900.0
2019-03-01,1706.0,1706.5,1663.5,1670.0,138700.0
2019-03-04,1670.5,1675.0,1661.5,1661.5,40700.0
2019-03-05,1668.5,1678.0,1628.0,1628.5,124000.0
2019-03-06,1635.5,1666.5,1633.0,1654.0,64000.0
2019-03-07,1654.5,1654.5,1625.0,1630.0,80700.0
2019-03-11,1626.0,1629.5,1595.0,1600.5,171600.0
2019-03-12,1607.5,1631.0,1598.0,1631.0,101900.0
2019-03-13,1636.0,1649.5,1629.5,1649.5,86000.0
2019-03-14,1648.5,1688.0,1641.5,1646.0,209400.0
2019-03-15,1651.0,1740.0,1647.0,1740.0,459500.0
2019-03-18,1725.0,1749.5,1714.0,1739.5,158900.0
2019-03-19,1748.0,1753.5,1723.5,1753.5,114200.0
2019-03-20,1753.5,1769.5,1740.0,1769.5,96800.0
2019-03-21,1777.0,1798.5,1763.5,1798.5,215000.0
2019-03-22,1798.0,1798.0,1763.5,1794.5,109200.0
2019-03-25,1782.0,1795.0,1771.0,1780.0,86400.0
2019-03-26,1770.5,1795.0,1770.5,1774.5,79500.0
2019-03-27,1776.0,1782.0,1755.0,1759.5,70400.0
2019-03-28,1751.0,1771.5,1747.0,1750.0,58100.0
2019-03-29,1759.5,1776.0,1748.0,1765.0,244200.0
2019-04-01,1756.0,1780.0,1752.0,1780.0,63200.0
2019-04-02,1780.0,1795.5,1767.0,1782.5,160700.0
2019-04-03,1786.0,1790.0,1754.5,1756.5,106700.0
2019-04-04,1756.5,1762.0,1718.0,1724.0,122000.0
2019-04-05,1715.0,1721.0,1687.5,1691.5,160600.0
2019-04-08,1698.0,1707.5,1679.0,1679.0,142400.0
2019-04-09,1689.5,1710.5,1669.5,1710.5,134500.0
2019-04-10,1709.0,1723.5,1680.0,1680.0,407000.0
2019-04-11,1688.5,1704.0,1673.0,1673.0,157500.0
2019-04-12,1680.0,1694.0,1672.0,1685.0,92300.0
2019-04-15,1680.5,1690.0,1646.5,1647.0,105000.0
2019-04-16,1651.5,1686.5,1640.5,1686.5,219700.0
2019-04-17,1682.0,1699.0,1674.5,1689.0,90000.0
2019-04-18,1682.5,1703.0,1682.0,1700.5,64300.0
2019-04-19,1691.0,1705.0,1691.0,1697.0,12300.0
2019-04-22,1697.0,1703.5,1693.0,1695.0,21800.0
2019-04-23,1695.0,1705.0,1681.0,1697.5,62500.0
2019-04-24,1694.5,1701.0,1687.0,1699.0,71800.0
2019-04-25,1694.0,1714.0,1677.0,1688.5,119200.0
2019-04-26,1684.0,1695.0,1658.5,1663.5,90100.0
2019-04-29,1676.5,1676.5,1660.0,1666.5,26200.0
2019-04-30,1660.0,1680.0,1660.0,1680.0,79800.0
2019-05-02,1673.0,1679.0,1669.0,1674.5,18600.0
2019-05-03,1678.5,1699.0,1671.5,1699.0,33200.0
2019-05-06,1688.0,1690.0,1666.0,1673.0,58100.0
2019-05-07,1670.0,1683.5,1654.0,1683.5,71100.0
2019-05-08,1674.5,1678.5,1660.0,1666.0,74400.0
2019-05-10,1666.0,1667.5,1601.5,1601.5,266900.0
2019-05-13,1609.5,1623.0,1563.0,1599.0,281700.0
2019-05-14,1601.5,1619.5,1572.0,1580.5,210400.0
2019-05-15,1577.5,1590.5,1545.5,1552.0,118300.0
2019-05-16,1552.0,1584.5,1530.0,1580.5,252000.0
2019-05-17,1573.0,1574.5,1535.0,1561.0,156200.0
2019-05-20,1554.0,1559.0,1525.0,1525.0,112000.0
2019-05-21,1525.0,1535.0,1522.0,1522.0,61400.0
2019-05-22,1522.0,1522.5,1500.0,1518.0,82500.0
2019-05-23,1516.0,1536.5,1502.5,1523.0,163600.0
2019-05-24,1512.5,1635.0,1512.5,1604.0,383100.0
2019-05-27,1605.0,1616.0,1573.0,1578.5,110800.0
2019-05-28,1570.5,1596.5,1549.5,1571.0,349400.0
2019-05-29,1569.0,1588.0,1546.0,1588.0,144400.0
2019-05-30,1589.0,1626.5,1584.0,1621.0,123600.0
2019-05-31,1619.0,1636.5,1592.5,1613.5,158800.0
2019-06-03,1598.5,1612.5,1586.5,1600.0,114400.0
2019-06-04,1591.0,1626.0,1591.0,1594.0,134500.0
2019-06-05,1592.5,1607.5,1575.5,1587.0,69300.0
2019-06-06,1594.0,1607.0,1586.0,1607.0,66900.0
2019-06-07,1608.0,1659.5,1590.0,1616.5,359800.0
2019-06-10,1625.5,1628.0,1597.0,1602.0,111900.0
2019-06-11,1600.0,1649.5,1600.0,1642.0,309500.0
2019-06-13,1627.5,1638.5,1603.5,1603.5,250200.0
2019-06-14,1610.0,1618.0,1566.5,1566.5,157700.0
2019-06-17,1565.0,1587.0,1553.0,1554.5,189700.0
2019-06-18,1564.5,1590.0,1558.0,1590.0,128100.0
2019-06-19,1591.0,1602.0,1575.0,1584.5,88000.0
2019-06-20,1590.0,1634.0,1586.0,1625.0,258700.0
2019-06-21,1618.0,1629.5,1598.0,1626.5,232900.0
2019-06-24,1626.5,1640.0,1605.5,1611.5,126500.0
2019-06-25,1611.5,1627.0,1594.0,1595.5,96100.0
2019-06-26,1599.5,1655.0,1599.0,1649.5,182800.0
2019-06-27,1650.0,1669.0,1634.0,1665.5,204800.0
2019-06-28,1661.5,1670.5,1651.0,1654.5,69900.0
2019-07-01,1655.5,1669.0,1634.5,1650.0,99800.0
2019-07-02,1659.0,1659.0,1640.0,1654.0,115800.0
2019-07-03,1644.5,1668.5,1641.0,1668.5,111400.0
2019-07-04,1658.0,1687.0,1657.5,1686.5,92300.0
2019-07-05,1683.0,1696.0,1681.5,1696.0,67000.0
2019-07-08,1688.0,1715.0,1685.5,1715.0,124200.0
2019-07-09,1713.0,1729.5,1712.5,1723.0,104600.0
2019-07-10,1719.0,1719.0,1680.0,1683.5,199300.0
2019-07-11,1681.0,1686.0,1661.0,1668.5,87900.0
2019-07-12,1668.0,1674.0,1642.5,1662.0,60100.0
2019-07-15,1662.0,1689.5,1662.0,1689.5,70900.0
2019-07-16,1689.0,1695.0,1670.5,1675.0,120200.0
2019-07-17,1680.0,1680.0,1646.5,1652.0,215700.0
2019-07-18,1560.5,1600.0,1556.0,1600.0,226300.0
2019-07-19,1600.0,1625.5,1592.0,1592.0,119900.0
2019-07-22,1598.0,1607.5,1570.0,1580.0,71500.0
2019-07-23,1578.5,1595.0,1572.0,1595.0,76000.0
2019-07-24,1586.0,1596.0,1576.0,1590.0,67800.0
2019-07-25,1590.5,1595.0,1573.5,1595.0,145600.0
2019-07-26,1588.5,1593.5,1567.0,1567.0,116400.0
2019-07-29,1565.0,1581.5,1565.0,1574.0,62000.0
2019-07-30,1567.0,1580.0,1566.5,1580.0,53000.0
2019-07-31,1576.0,1587.0,1572.0,1577.0,107400.0
2019-08-01,1574.5,1584.0,1557.5,1557.5,63400.0
2019-08-02,1551.0,1566.5,1550.0,1562.0,80200.0
2019-08-05,1568.5,1568.5,1550.0,1550.0,45800.0
2019-08-06,1560.0,1584.5,1549.5,1569.5,156700.0
2019-08-07,1564.0,1567.0,1552.0,1557.0,77100.0
2019-08-08,1566.0,1568.0,1547.0,1547.0,114100.0
2019-08-09,1553.0,1553.0,1543.5,1549.5,52600.0
2019-08-12,1552.0,1575.0,1548.5,1575.0,71600.0
2019-08-13,1567.5,1571.5,1553.0,1556.5,75000.0
2019-08-14,1554.5,1560.0,1521.0,1521.0,125900.0
2019-08-15,1535.5,1537.0,1511.5,1521.0,88600.0
2019-08-16,1518.5,1527.5,1501.0,1509.5,100600.0
2019-08-19,1505.0,1523.5,1486.0,1491.5,143800.0
2019-08-20,1495.0,1503.5,1485.5,1490.5,105900.0
2019-08-21,1486.5,1495.0,1485.0,1490.0,92900.0
2019-08-22,1485.5,1485.5,1456.5,1460.0,268200.0
2019-08-23,1461.0,1467.5,1450.0,1460.0,100000.0
2019-08-26,1451.0,1506.0,1450.0,1503.0,178100.0
2019-08-27,1506.5,1530.0,1502.5,1510.0,213700.0
2019-08-28,1513.5,1521.0,1498.5,1521.0,139600.0
2019-08-29,1515.0,1527.5,1512.0,1512.0,83200.0
2019-08-30,1512.0,1512.5,1501.0,1504.0,147700.0
2019-09-02,1509.0,1515.0,1500.5,1515.0,85000.0
2019-09-03,1514.5,1555.0,1513.0,1549.0,222900.0
2019-09-04,1559.5,1565.0,1535.5,1556.0,160400.0
2019-09-05,1565.0,1570.0,1533.5,1550.5,238200.0
2019-09-06,1559.5,1559.5,1536.0,1545.0,81100.0
2019-09-09,1556.5,1562.0,1550.5,1557.5,59000.0
2019-09-10,1550.5,1561.5,1545.5,1561.5,71000.0
2019-09-11,1559.0,1560.5,1545.0,1558.0,162200.0
2019-09-12,1549.0,1552.5,1545.0,1545.5,72500.0
2019-09-13,1553.5,1553.5,1525.0,1539.5,111500.0
2019-09-16,1547.5,1579.5,1526.5,1540.0,168700.0
2019-09-17,1539.5,1543.0,1527.0,1533.0,165200.0
2019-09-18,1533.0,1533.0,1514.0,1529.0,176700.0
2019-09-19,1529.0,1530.5,1512.5,1520.0,90800.0
2019-09-20,1510.5,1519.0,1500.0,1513.5,279600.0
2019-09-23,1507.0,1520.0,1507.0,1517.0,170000.0
2019-09-24,1520.5,1525.0,1508.5,1514.0,89800.0
2019-09-25,1508.5,1516.0,1501.5,1514.0,66000.0
2019-09-26,1512.0,1512.5,1503.5,1512.0,39300.0
2019-09-27,1504.5,1509.0,1500.5,1500.5,34700.0
2019-09-30,1505.5,1511.5,1498.0,1498.0,117800.0
2019-10-01,1503.5,1504.0,1493.0,1498.5,80000.0
2019-10-02,1498.5,1506.5,1490.0,1502.5,151800.0
2019-10-03,1504.5,1506.0,1491.0,1498.5,141400.0
2019-10-04,1494.5,1507.5,1493.0,1507.5,150000.0
2019-10-07,1501.5,1539.0,1501.5,1538.5,296700.0
2019-10-08,1535.0,1542.5,1522.0,1537.0,248600.0
2019-10-09,1530.0,1542.0,1525.5,1534.5,134700.0
2019-10-10,1529.0,1533.5,1525.0,1532.0,79300.0
2019-10-11,1532.0,1537.0,1518.0,1533.5,206200.0
2019-10-14,1531.5,1536.5,1508.0,1529.0,185600.0
2019-10-15,1512.0,1531.5,1504.0,1529.5,214100.0
2019-10-16,1533.0,1650.0,1522.5,1649.5,1260700.0
2019-10-17,1653.5,1691.0,1636.0,1665.0,426300.0
2019-10-18,1657.0,1670.0,1623.0,1630.0,630600.0
2019-10-21,1630.0,1656.5,1608.0,1620.0,330300.0
2019-10-22,1620.0,1626.0,1553.5,1580.0,878600.0
2019-10-23,1576.5,1622.5,1542.0,1622.5,1177800.0
2019-10-24,1618.0,1630.0,1610.0,1630.0,349900.0
2019-10-25,1630.0,1670.0,1615.0,1670.0,466600.0
2019-10-28,1656.5,1677.0,1650.0,1660.0,227400.0
2019-10-29,1662.0,1663.0,1630.0,1663.0,299100.0
2019-10-30,1656.5,1670.0,1650.0,1668.0,177300.0
2019-10-31,1661.5,1668.0,1618.5,1665.0,398600.0
2019-11-01,1661.0,1661.0,1620.5,1627.0,233100.0
2019-11-05,1629.0,1641.5,1608.0,1625.0,175500.0
2019-11-06,1625.0,1678.5,1617.5,1678.5,236200.0
2019-11-07,1672.0,1750.0,1657.5,1750.0,433400.0
2019-11-08,1746.0,1776.5,1728.0,1734.5,248700.0
2019-11-11,1740.5,1772.5,1713.0,1754.5,189700.0
2019-11-12,1753.5,1769.0,1742.5,1764.0,84000.0
2019-11-13,1760.5,1761.5,1748.5,1748.5,88800.0
2019-11-14,1752.0,1793.0,1745.0,1758.5,266900.0
2019-11-15,1758.5,1770.0,1738.0,1759.5,93900.0
2019-11-18,1759.5,1759.5,1717.0,1729.5,131200.0
2019-11-19,1735.0,1757.5,1711.0,1752.5,173800.0
2019-11-20,1747.0,1758.5,1732.5,1744.0,78400.0
2019-11-21,1738.0,1744.0,1719.5,1726.5,138100.0
2019-11-22,1738.0,1745.5,1729.5,1737.5,71900.0
2019-11-25,1737.5,1743.5,1710.5,1710.5,84500.0
2019-11-26,1717.5,1720.5,1687.0,1687.0,302400.0
2019-11-27,1693.5,1720.5,1691.5,1715.0,143300.0
2019-11-28,1710.5,1714.5,1703.0,1703.0,27200.0
2019-11-29,1704.0,1709.0,1687.0,1699.0,96100.0
2019-12-02,1702.0,1711.5,1695.5,1711.5,87800.0
2019-12-03,1705.0,1756.0,1686.0,1686.0,176200.0
2019-12-04,1686.0,1698.0,1655.5,1678.5,181000.0
2019-12-05,1670.0,1677.5,1658.5,1677.0,65100.0
2019-12-06,1672.0,1688.5,1666.0,1688.5,75000.0
2019-12-09,1688.0,1704.0,1685.5,1704.0,108100.0
2019-12-10,1701.0,1701.5,1671.0,1678.0,128800.0
2019-12-11,1683.5,1711.0,1677.5,1710.0,122000.0
2019-12-12,1708.0,1722.0,1690.5,1690.5,145800.0
2019-12-13,1691.5,1716.5,1687.0,1707.0,124600.0
2019-12-16,1709.0,1714.5,1701.0,1714.0,86400.0
2019-12-17,1717.0,1748.0,1715.5,1742.0,190300.0
2019-12-18,1744.5,1770.0,1744.0,1765.0,201000.0
2019-12-19,1770.0,1794.5,1766.5,1780.0,245100.0
2019-12-20,1783.0,1783.0,1746.5,1746.5,288700.0
2019-12-23,1754.0,1769.0,1741.0,1767.0,142600.0
2019-12-24,1761.0,1769.0,1755.5,1760.0,107600.0
2019-12-25,1763.0,1764.5,1759.0,1764.0,26500.0
2019-12-26,1758.5,1766.0,1755.5,1764.5,99700.0
2019-12-27,1765.0,1772.0,1760.0,1767.5,187200.0
2019-12-30,1769.5,1769.5,1761.0,1767.5,157500.0
2020-01-03,1761.5,1817.5,1761.5,1779.5,203100.0
2020-01-06,1782.0,1792.0,1751.0,1763.0,90900.0
2020-01-08,1760.0,1790.0,1754.0,1790.0,122000.0
2020-01-09,1799.5,1803.0,1778.0,1791.0,145000.0
2020-01-10,1781.5,1792.0,1779.0,1785.0,81300.0
2020-01-13,1780.0,1785.0,1765.0,1768.0,102200.0
2020-01-14,1768.0,1777.0,1761.5,1777.0,102800.0
2020-01-15,1766.0,1779.0,1765.5,1768.5,90400.0
2020-01-16,1776.5,1781.0,1770.5,1780.0,117500.0
2020-01-17,1773.0,1794.0,1772.5,1786.5,74100.0
2020-01-20,1784.0,1792.5,1769.0,1783.0,71600.0
2020-01-21,1783.5,1785.5,1768.5,1784.0,77000.0
2020-01-22,1784.0,1832.0,1775.0,1780.5,222800.0
2020-01-23,1795.0,1795.5,1778.5,1780.0,67300.0
2020-01-24,1778.5,1787.5,1747.0,1767.0,92200.0
2020-01-27,1745.5,1760.5,1731.5,1735.0,117500.0
2020-01-28,1743.0,1743.5,1712.0,1712.0,121600.0
2020-01-29,1717.5,1729.0,1685.0,1685.0,147900.0
2020-01-30,1683.0,1713.5,1673.5,1676.0,169800.0
2020-01-31,1676.0,1686.0,1649.5,1649.5,168700.0
2020-02-03,1646.0,1672.0,1620.0,1620.5,231400.0
2020-02-04,1633.5,1679.0,1609.5,1660.0,251300.0
2020-02-05,1661.5,1673.0,1637.0,1651.5,217900.0
2020-02-06,1666.5,1667.5,1632.0,1666.5,173300.0
2020-02-07,1664.0,1666.5,1640.5,1640.5,118200.0
2020-02-10,1640.0,1646.0,1611.5,1615.5,110400.0
2020-02-11,1630.0,1636.0,1603.5,1620.0,193400.0
2020-02-12,1625.0,1631.0,1610.0,1613.0,137000.0
2020-02-13,1609.5,1623.0,1604.0,1620.5,139400.0
2020-02-14,1625.0,1636.5,1618.0,1630.0,100700.0
2020-02-17,1636.0,1649.5,1636.0,1647.5,81500.0
2020-02-18,1643.5,1647.5,1617.5,1617.5,129100.0
2020-02-19,1620.5,1644.0,1618.0,1634.5,114500.0
2020-02-20,1643.5,1657.5,1635.5,1640.0,139500.0
2020-02-21,1635.5,1647.5,1622.5,1622.5,105100.0
2020-02-25,1606.0,1626.0,1600.0,1600.0,177800.0
2020-02-26,1595.5,1606.5,1581.0,1600.0,279800.0
2020-02-27,1595.0,1604.5,1570.5,1574.5,281300.0
2020-02-28,1565.0,1565.0,1460.0,1518.5,537100.0
2020-03-02,1538.0,1538.5,1475.0,1491.0,286200.0
2020-03-03,1521.0,1521.5,1490.0,1516.5,192300.0
2020-03-04,1505.0,1526.5,1481.5,1515.5,172700.0
2020-03-05,1518.5,1525.0,1496.0,1513.5,177500.0
2020-03-06,1500.0,1505.0,1454.0,1459.5,220200.0
2020-03-10,1349.5,1500.0,1272.0,1399.5,528200.0
2020-03-11,1407.0,1435.0,1377.0,1377.0,286700.0
2020-03-12,1330.5,1456.5,1320.5,1416.5,698800.0
2020-03-13,1402.5,1439.5,1373.5,1389.5,465200.0
2020-03-16,1397.5,1477.0,1341.0,1448.5,645500.0
2020-03-17,1440.0,1466.5,1394.5,1452.0,341200.0
2020-03-18,1445.5,1471.5,1328.0,1350.0,417700.0
2020-03-19,1356.0,1366.0,1301.0,1330.5,525800.0
2020-03-20,1353.0,1385.0,1330.5,1347.5,528600.0
2020-03-23,1307.5,1350.5,1306.5,1317.0,223300.0
2020-03-24,1350.0,1383.0,1339.0,1367.5,285900.0
2020-03-25,1380.0,1400.0,1350.5,1392.5,287400.0
2020-03-26,1388.5,1417.5,1364.5,1417.5,304000.0
2020-03-27,1418.0,1420.0,1366.0,1383.5,155500.0
2020-03-30,1365.0,1402.0,1358.0,1402.0,142100.0
2020-03-31,1413.5,1477.5,1404.0,1477.5,237500.0
2020-04-01,1453.0,1479.0,1431.5,1446.0,208400.0
2020-04-02,1470.0,1494.0,1427.0,1477.5,300400.0
2020-04-03,1477.5,1538.0,1469.0,1512.0,245900.0
2020-04-06,1528.5,1604.5,1517.5,1598.5,214600.0
2020-04-07,1606.0,1638.5,1578.0,1584.5,216900.0
2020-04-08,1581.0,1591.5,1551.0,1577.0,157700.0
2020-04-09,1578.5,1589.5,1550.5,1560.0,205600.0
2020-04-10,1560.0,1560.0,1540.0,1553.0,61800.0
2020-04-13,1556.5,1557.5,1513.5,1534.0,120600.0
2020-04-14,1552.0,1555.0,1535.5,1545.5,99700.0
2020-04-15,1540.5,1540.5,1446.5,1459.5,294500.0
2020-04-16,1460.0,1575.5,1447.0,1552.5,617800.0
2020-04-17,1582.0,1633.5,1492.5,1500.0,773900.0
2020-04-20,1486.5,1495.0,1435.0,1435.0,638600.0
2020-04-21,1411.0,1411.5,1352.5,1394.0,535700.0
2020-04-22,1390.0,1419.5,1371.0,1393.5,510600.0
2020-04-23,1405.0,1410.5,1386.5,1400.0,297300.0
2020-04-24,1398.5,1406.0,1370.0,1370.0,295400.0
2020-04-27,1367.0,1376.5,1335.0,1340.5,534200.0
2020-04-28,1344.5,1378.0,1333.5,1350.5,774400.0
2020-04-29,1355.0,1377.0,1352.0,1377.0,477500.0
2020-04-30,1395.0,1397.0,1340.5,1365.0,591700.0
2020-05-04,1352.0,1366.5,1345.5,1366.5,325000.0
2020-05-05,1373.0,1380.0,1363.0,1365.0,244600.0
2020-05-06,1371.0,1374.5,1348.5,1354.0,292300.0
2020-05-07,1359.5,1371.5,1350.0,1360.0,240100.0
2020-05-08,1366.0,1367.5,1352.0,1353.0,133200.0
2020-05-12,1358.5,1358.5,1335.5,1335.5,326800.0
2020-05-13,1309.0,1319.0,1281.0,1287.0,908800.0
2020-05-14,1284.5,1308.0,1253.5,1295.5,655400.0
2020-05-15,1298.5,1321.5,1292.0,1294.0,435100.0
2020-05-18,1308.0,1313.0,1287.0,1289.0,746900.0
2020-05-19,1290.5,1309.0,1290.5,1301.0,419600.0
2020-05-20,1306.0,1335.0,1298.0,1333.0,627700.0
2020-05-21,1335.0,1342.0,1313.5,1325.0,615300.0
2020-05-22,1310.0,1331.5,1303.5,1315.5,363800.0
2020-05-25,1305.0,1317.5,1300.0,1310.5,240600.0
2020-05-26,1321.0,1332.5,1317.0,1320.0,265300.0
2020-05-27,1322.5,1331.0,1304.0,1320.0,582100.0
2020-05-28,1311.0,1332.0,1309.0,1328.5,581100.0
2020-05-29,1318.0,1323.0,1291.0,1291.0,5009300.0
2020-06-01,1307.0,1356.0,1306.5,1336.5,1211300.0
2020-06-02,1344.5,1383.0,1338.0,1381.0,950700.0
2020-06-03,1389.5,1398.0,1363.5,1394.0,690600.0
2020-06-04,1393.5,1398.0,1356.5,1388.5,688300.0
2020-06-05,1390.0,1397.0,1376.0,1390.0,464400.0
2020-06-08,1398.5,1403.5,1375.5,1376.0,384100.0
2020-06-09,1379.5,1393.5,1373.0,1381.0,444500.0
2020-06-10,1385.0,1392.0,1381.5,1386.5,233300.0
2020-06-11,1380.5,1389.0,1360.0,1370.0,419500.0
2020-06-15,1356.5,1356.5,1337.0,1346.0,217500.0
2020-06-16,1357.0,1376.0,1346.0,1352.0,490700.0
2020-06-17,1360.5,1368.5,1346.0,1346.0,276100.0
2020-06-18,1344.0,1356.0,1324.0,1335.5,496000.0
2020-06-19,1352.5,1360.0,1330.0,1330.0,689400.0
2020-06-22,1335.0,1384.0,1327.5,1379.5,577000.0
2020-06-23,1375.0,1386.0,1356.0,1385.0,558400.0
2020-06-25,1355.0,1368.5,1341.0,1368.5,668600.0
2020-06-26,1367.5,1367.5,1337.0,1345.5,347600.0
2020-06-29,1340.0,1351.0,1336.0,1348.5,219600.0
2020-06-30,1348.0,1350.5,1336.0,1341.5,182300.0
2020-07-02,1344.5,1369.0,1343.0,1369.0,357200.0
2020-07-03,1373.5,1374.5,1356.5,1367.0,175600.0
2020-07-06,1373.5,1382.5,1334.5,1376.5,281400.0
2020-07-07,1372.0,1378.5,1367.5,1378.5,177900.0
2020-07-08,1376.5,1390.0,1373.0,1390.0,266000.0
2020-07-09,1385.0,1395.5,1367.5,1367.5,261700.0
2020-07-10,1368.0,1377.5,1365.0,1369.0,141100.0
2020-07-13,1379.0,1379.0,1357.0,1360.0,169500.0
2020-07-14,1355.5,1362.5,1331.5,1342.5,459600.0
2020-07-15,1354.0,1367.0,1341.5,1341.5,447800.0
2020-07-16,1345.0,1350.0,1335.0,1342.0,158100.0
2020-07-17,1343.0,1348.0,1333.0,1335.5,333200.0
2020-07-20,1336.0,1341.5,1334.0,1341.5,165400.0
2020-07-21,1345.0,1345.0,1332.0,1333.5,317400.0
2020-07-22,1334.0,1341.0,1330.0,1339.0,242000.0
2020-07-23,1338.0,1342.5,1336.0,1337.5,190500.0
2020-07-24,1335.0,1340.0,1331.5,1338.5,150900.0
2020-07-27,1337.0,1355.5,1334.5,1352.5,327500.0
2020-07-28,1348.5,1350.5,1341.0,1350.0,129600.0
2020-07-29,1342.5,1353.0,1342.5,1352.5,248500.0
2020-07-30,1352.5,1356.0,1342.0,1351.5,196500.0
2020-07-31,1350.0,1351.0,1343.0,1347.0,71300.0
2020-08-03,1343.5,1352.0,1313.5,1323.5,753200.0
2020-08-04,1321.0,1330.5,1318.0,1329.0,208300.0
2020-08-05,1326.0,1345.0,1323.5,1342.0,265500.0
2020-08-06,1339.0,1355.0,1337.5,1352.0,374600.0
2020-08-07,1352.0,1372.0,1344.0,1362.0,345300.0
2020-08-10,1360.0,1371.0,1335.0,1358.0,114900.0
2020-08-11,1353.0,1384.5,1351.0,1370.0,504500.0
2020-08-12,1371.0,1407.5,1368.5,1400.5,426000.0
2020-08-13,1399.5,1468.5,1394.5,1461.5,835500.0
2020-08-14,1465.0,1476.5,1430.5,1453.5,586000.0
2020-08-17,1454.0,1483.5,1432.0,1462.0,593800.0
2020-08-18,1463.5,1477.0,1441.0,1454.5,319900.0
2020-08-19,1453.0,1459.0,1445.0,1454.5,250200.0
2020-08-20,1448.0,1457.0,1406.5,1432.5,487000.0
2020-08-21,1433.0,1441.5,1402.0,1422.5,238400.0
2020-08-24,1428.5,1433.5,1416.5,1422.5,163900.0
2020-08-25,1425.5,1434.0,1406.5,1416.0,234000.0
2020-08-26,1414.0,1429.5,1407.0,1424.0,203600.0
2020-08-27,1427.0,1427.5,1408.5,1414.0,167100.0
2020-08-28,1411.0,1415.5,1363.0,1381.5,379200.0
2020-08-31,1385.0,1396.0,1374.5,1376.5,256200.0
2020-09-01,1379.5,1404.5,1369.5,1403.0,240400.0
2020-09-02,1401.0,1403.0,1362.5,1378.0,222300.0
2020-09-03,1380.5,1386.5,1360.0,1366.0,234600.0
2020-09-04,1363.5,1379.0,1362.5,1368.5,117400.0
2020-09-07,1368.5,1376.5,1367.0,1369.5,94100.0
2020-09-08,1373.0,1373.0,1343.5,1358.0,253200.0
2020-09-09,1348.0,1370.0,1348.0,1360.0,130000.0
2020-09-10,1359.5,1393.5,1352.0,1367.5,296700.0
2020-09-11,1370.0,1384.5,1363.5,1381.0,177200.0
2020-09-14,1389.0,1397.0,1381.5,1392.0,165000.0
2020-09-15,1388.5,1407.0,1387.0,1399.0,270000.0
2020-09-16,1401.5,1405.0,1388.0,1396.5,144000.0
2020-09-17,1385.5,1448.0,1363.0,1443.0,741700.0
2020-09-18,1442.5,1463.5,1416.5,1451.0,753100.0
2020-09-21,1447.5,1464.0,1413.0,1434.5,460700.0
2020-09-22,1429.0,1445.5,1425.5,1430.0,167600.0
2020-09-23,1428.5,1449.5,1412.0,1440.0,443300.0
2020-09-24,1438.5,1446.0,1425.5,1446.0,263600.0
2020-09-25,1461.0,1470.0,1435.5,1452.0,374700.0
2020-09-28,1441.5,1467.5,1441.5,1467.5,405400.0
2020-09-29,1459.5,1494.5,1455.5,1484.5,673800.0
2020-09-30,1486.5,1487.0,1475.0,1475.5,230300.0
2020-10-01,1483.5,1486.0,1457.0,1460.5,275300.0
2020-10-02,1454.5,1469.0,1452.0,1458.0,255300.0
2020-10-05,1463.5,1464.5,1446.0,1455.5,201000.0
2020-10-06,1456.5,1475.0,1456.5,1465.0,172500.0
2020-10-07,1466.5,1474.0,1455.5,1462.0,157200.0
2020-10-08,1461.5,1470.5,1460.5,1468.0,94100.0
2020-10-09,1463.5,1468.0,1453.5,1463.5,138500.0
2020-10-12,1460.5,1472.5,1460.5,1471.0,119100.0
2020-10-13,1470.0,1484.0,1462.5,1474.5,263200.0
2020-10-14,1467.0,1477.0,1465.0,1471.0,173400.0
2020-10-15,1474.0,1474.0,1458.0,1461.5,281500.0
2020-10-16,1468.5,1468.5,1414.0,1446.5,938400.0
2020-10-19,1338.5,1368.0,1325.5,1360.0,972000.0
2020-10-20,1361.5,1377.5,1354.5,1370.0,225400.0
2020-10-21,1371.5,1374.0,1343.0,1352.5,230900.0
2020-10-22,1357.0,1362.5,1352.5,1357.0,66900.0
2020-10-23,1355.0,1362.5,1350.5,1355.0,153800.0
2020-10-26,1354.5,1361.5,1344.0,1348.0,140400.0
2020-10-27,1351.5,1352.5,1342.0,1345.0,109000.0
2020-10-28,1344.5,1358.5,1315.0,1329.5,318100.0
2020-10-29,1345.0,1346.0,1317.0,1333.0,148400.0
2020-10-30,1329.0,1329.0,1318.5,1321.5,122100.0
2020-11-02,1320.5,1336.5,1308.5,1330.5,192300.0
2020-11-03,1337.5,1345.0,1322.5,1332.0,188900.0
2020-11-05,1344.5,1372.0,1336.5,1369.0,301400.0
2020-11-06,1355.5,1368.5,1355.5,1364.5,156900.0
2020-11-09,1370.0,1397.0,1366.5,1381.5,435300.0
2020-11-10,1384.5,1404.0,1372.5,1401.0,279400.0
2020-11-11,1405.5,1434.0,1402.5,1412.0,416700.0
2020-11-12,1415.5,1415.5,1383.5,1392.0,246900.0
2020-11-13,1390.5,1399.0,1385.5,1396.0,70000.0
2020-11-16,1402.0,1416.0,1393.5,1408.5,305100.0
2020-11-17,1415.5,1415.5,1391.5,1399.0,171300.0
2020-11-18,1398.0,1419.0,1398.0,1417.0,168700.0
2020-11-19,1415.0,1417.0,1410.0,1410.0,165300.0
2020-11-20,1409.0,1418.5,1402.0,1414.0,256400.0
2020-11-23,1419.5,1420.0,1407.0,1415.0,132300.0
2020-11-24,1418.0,1421.5,1407.0,1418.0,132300.0
2020-11-25,1419.0,1439.0,1410.5,1432.0,234700.0
2020-11-26,1431.5,1438.0,1420.5,1434.5,143700.0
2020-11-27,1435.5,1449.5,1427.0,1445.0,162400.0
2020-11-30,1439.0,1445.0,1422.0,1424.0,196600.0
2020-12-01,1430.0,1436.0,1423.5,1434.5,105900.0
2020-12-02,1432.0,1466.0,1429.0,1455.0,356500.0
2020-12-03,1459.0,1459.0,1434.0,1446.0,236300.0
2020-12-04,1453.5,1456.0,1433.5,1450.0,188600.0
2020-12-07,1452.5,1459.5,1442.0,1442.0,186400.0
2020-12-08,1441.5,1445.0,1424.0,1429.0,226500.0
2020-12-09,1426.0,1442.0,1421.0,1428.0,162600.0
2020-12-10,1425.5,1438.5,1413.5,1431.0,265900.0
2020-12-11,1435.5,1435.5,1414.0,1417.5,170200.0
2020-12-14,1424.5,1427.5,1407.0,1410.0,127400.0
2020-12-15,1410.0,1421.5,1402.0,1412.5,125600.0
2020-12-16,1412.5,1416.0,1403.5,1412.0,173200.0
2020-12-17,1410.0,1422.5,1397.5,1419.0,435000.0
2020-12-18,1416.0,1420.5,1395.0,1403.0,444400.0
2020-12-21,1400.0,1401.5,1386.5,1396.5,194700.0
2020-12-22,1397.5,1417.0,1393.5,1409.0,194800.0
2020-12-23,1402.5,1427.0,1402.5,1420.0,87300.0
2020-12-24,1418.5,1422.5,1399.0,1402.0,140700.0
2020-12-25,1401.0,1419.5,1400.5,1414.0,55100.0
2020-12-28,1418.5,1420.0,1404.5,1410.5,124900.0
2020-12-29,1413.0,1414.0,1402.0,1410.0,94500.0
2020-12-30,1408.0,1414.0,1397.0,1405.5,116700.0
2021-01-04,1410.5,1420.5,1406.5,1410.5,99500.0
2021-01-05,1412.0,1438.0,1406.5,1438.0,150800.0
2021-01-06,1434.0,1441.5,1420.5,1429.5,158300.0
2021-01-08,1433.0,1455.0,1433.0,1455.0,348800.0
2021-01-11,1440.0,1451.5,1435.0,1440.0,244400.0
2021-01-12,1445.0,1458.5,1431.5,1451.0,264600.0
2021-01-13,1457.0,1469.0,1447.5,1460.0,233500.0
2021-01-14,1463.5,1517.5,1453.0,1492.5,390000.0
2021-01-15,1492.5,1500.5,1473.5,1483.0,249100.0
2021-01-18,1477.5,1491.0,1461.5,1486.0,201000.0
2021-01-19,1489.5,1492.0,1477.0,1480.0,156500.0
2021-01-20,1484.0,1490.0,1479.5,1485.5,147900.0
2021-01-21,1483.5,1489.0,1441.5,1451.5,250700.0
2021-01-22,1443.5,1451.0,1408.5,1448.0,358800.0
2021-01-25,1451.5,1463.5,1447.0,1456.5,96400.0
2021-01-26,1453.5,1476.0,1451.0,1466.5,123900.0
2021-01-27,1467.0,1468.0,1440.5,1458.0,123700.0
2021-01-28,1454.5,1461.5,1442.0,1447.0,87300.0
2021-01-29,1444.5,1451.5,1425.0,1425.5,127800.0
2021-02-01,1431.0,1437.5,1422.5,1430.5,76300.0
2021-02-02,1436.0,1441.5,1430.0,1433.5,86500.0
2021-02-03,1431.0,1444.5,1427.5,1441.0,67500.0
2021-02-04,1444.0,1453.5,1435.5,1439.0,136600.0
2021-02-05,1446.0,1454.0,1438.5,1447.5,128300.0
2021-02-08,1452.5,1471.0,1447.0,1465.0,176100.0
2021-02-09,1466.0,1469.0,1454.5,1465.0,130900.0
2021-02-10,1468.0,1468.0,1442.0,1447.5,78200.0
2021-02-11,1444.5,1464.5,1443.5,1449.5,81100.0
2021-02-12,1455.5,1463.0,1435.0,1460.0,153900.0
2021-02-15,1464.5,1467.0,1453.5,1460.0,86800.0
2021-02-16,1459.5,1463.5,1453.0,1454.0,98300.0
2021-02-17,1458.5,1462.5,1450.0,1460.0,132100.0
2021-02-18,1455.5,1461.0,1450.5,1456.0,96900.0
2021-02-19,1452.5,1458.0,1449.0,1456.5,70800.0
2021-02-20,1457.0,1457.5,1452.5,1455.5,8800.0
2021-02-22,1457.5,1457.5,1445.5,1449.0,57800.0
2021-02-24,1449.0,1449.0,1424.0,1441.5,158400.0
2021-02-25,1445.5,1448.5,1427.0,1436.5,142500.0
2021-02-26,1432.0,1438.5,1420.5,1428.5,114800.0
2021-03-01,1435.0,1439.5,1425.5,1437.0,85400.0
2021-03-02,1436.5,1448.0,1425.5,1444.0,82000.0
2021-03-03,1449.0,1458.5,1446.0,1457.5,137300.0
2021-03-04,1458.0,1468.5,1438.0,1443.0,276400.0
2021-03-05,1450.5,1467.0,1438.5,1457.5,249000.0
2021-03-09,1465.0,1465.0,1438.5,1449.0,256600.0
2021-03-10,1449.0,1450.5,1429.5,1435.0,157800.0
2021-03-11,1438.0,1453.0,1433.0,1447.5,162100.0
2021-03-12,1445.0,1477.0,1444.0,1467.5,229800.0
2021-03-15,1471.0,1479.0,1453.5,1471.0,328300.0
2021-03-16,1471.5,1472.0,1459.0,1469.5,145000.0
2021-03-17,1464.5,1472.5,1450.0,1468.0,138200.0
2021-03-18,1465.5,1477.5,1453.5,1458.5,255500.0
2021-03-19,1452.5,1475.0,1445.0,1451.5,1291100.0
2021-03-22,1450.0,1475.0,1446.5,1467.5,121300.0
2021-03-23,1465.0,1497.5,1461.0,1474.0,531100.0
2021-03-24,1485.0,1490.0,1477.0,1478.0,108000.0
2021-03-25,1482.5,1484.5,1473.0,1480.5,102300.0
2021-03-26,1488.5,1498.0,1478.0,1498.0,314900.0
2021-03-29,1499.5,1515.0,1493.0,1508.0,194900.0
2021-03-30,1508.0,1517.5,1504.0,1509.0,109500.0
2021-03-31,1511.0,1516.5,1465.5,1478.0,578600.0
2021-04-01,1485.0,1492.5,1473.5,1488.0,134700.0
2021-04-02,1483.5,1488.0,1480.0,1487.5,37000.0
2021-04-05,1480.5,1489.0,1480.0,1485.5,49600.0
2021-04-06,1487.0,1491.0,1477.0,1480.0,83400.0
2021-04-07,1479.0,1488.0,1473.0,1488.0,109900.0
2021-04-08,1488.0,1488.5,1475.0,1476.5,121600.0
2021-04-09,1477.0,1481.5,1458.0,1465.5,150700.0
2021-04-12,1460.0,1473.0,1457.5,1462.5,106000.0
2021-04-13,1462.0,1474.5,1456.5,1470.0,78500.0
2021-04-14,1468.0,1472.5,1465.0,1470.0,74300.0
2021-04-15,1467.5,1467.5,1452.0,1456.5,118700.0
2021-04-16,1456.5,1462.5,1449.0,1456.0,136800.0
2021-04-19,1449.0,1455.5,1441.5,1448.0,118200.0
2021-04-20,1453.0,1453.0,1430.5,1438.5,138500.0
2021-04-21,1441.0,1443.0,1425.0,1436.5,195800.0
2021-04-22,1435.0,1450.0,1427.5,1441.5,143700.0
2021-04-23,1442.0,1449.0,1440.0,1444.5,62100.0
2021-04-26,1443.0,1446.0,1430.5,1436.0,64400.0
2021-04-27,1438.0,1442.0,1424.5,1430.0,101500.0
2021-04-28,1433.0,1433.0,1415.5,1425.0,108700.0
2021-04-29,1424.5,1430.0,1410.5,1418.5,98600.0
2021-04-30,1418.0,1418.5,1408.0,1414.0,97500.0
2021-05-04,1414.0,1423.0,1414.0,1423.0,87500.0
2021-05-05,1422.5,1430.5,1390.0,1406.5,349100.0
2021-05-06,1407.0,1409.0,1393.5,1399.0,246100.0
2021-05-07,1398.5,1400.0,1385.0,1391.5,227400.0
2021-05-10,1390.0,1401.5,1390.0,1397.5,101700.0
2021-05-11,1395.5,1405.5,1391.5,1400.0,119200.0
2021-05-12,1399.5,1399.5,1390.5,1393.0,117000.0
2021-05-13,1390.5,1398.5,1390.0,1396.5,72200.0
2021-05-14,1397.5,1397.5,1391.0,1394.0,67100.0
2021-05-17,1393.0,1399.5,1390.5,1399.5,134700.0
2021-05-18,1400.5,1428.0,1396.5,1411.5,214600.0
2021-05-19,1411.0,1414.0,1397.0,1402.0,97400.0
2021-05-20,1399.0,1405.0,1391.5,1398.5,81500.0
2021-05-21,1398.0,1406.0,1396.0,1400.0,85600.0
2021-05-24,1404.0,1412.5,1401.0,1411.0,152500.0
2021-05-25,1414.0,1427.5,1407.5,1417.0,249700.0
2021-05-26,1416.0,1427.5,1413.5,1417.0,112400.0
2021-05-27,1417.5,1420.0,1405.0,1410.0,117700.0
2021-05-28,1415.0,1418.0,1404.5,1414.0,78600.0
2021-05-31,1418.5,1426.5,1415.5,1424.5,78500.0
2021-06-01,1421.0,1438.5,1421.0,1435.5,141700.0
2021-06-02,1439.5,1467.5,1439.0,1461.0,257600.0
2021-06-03,1465.0,1470.0,1449.5,1464.5,120500.0
2021-06-04,1464.5,1510.0,1455.5,1501.0,341700.0
2021-06-07,1509.0,1509.0,1490.5,1495.0,157100.0
2021-06-08,1493.5,1520.0,1470.0,1518.5,309300.0
2021-06-09,1520.5,1556.5,1520.0,1552.0,396300.0
2021-06-10,1544.5,1674.5,1543.5,1668.0,1109300.0
2021-06-11,1669.0,1730.0,1603.0,1613.0,1230900.0
2021-06-14,1623.0,1688.5,1622.5,1675.5,696000.0
2021-06-15,1684.0,1699.0,1675.0,1684.5,464100.0
2021-06-16,1688.0,1719.0,1688.0,1710.5,463700.0
2021-06-17,1710.0,1739.5,1701.0,1732.5,389300.0
2021-06-18,1732.0,1745.0,1676.0,1726.5,873900.0
2021-06-21,1720.0,1733.5,1694.0,1717.5,203000.0
2021-06-22,1722.5,1737.0,1710.0,1721.0,160100.0
2021-06-23,1725.5,1728.5,1710.0,1718.5,101400.0
2021-06-24,1719.0,1724.5,1707.5,1717.0,95700.0
2021-06-25,1717.5,1733.5,1708.5,1729.5,164200.0
2021-06-28,1729.5,1744.5,1724.5,1733.0,226400.0
2021-06-29,1730.0,1737.0,1713.0,1722.0,229000.0
2021-06-30,1711.5,1739.0,1711.5,1733.0,159800.0
2021-07-01,1734.0,1785.0,1717.5,1730.5,402300.0
2021-07-02,1731.5,1751.0,1730.5,1750.0,108300.0
2021-07-05,1750.0,1781.5,1750.0,1778.0,199900.0
2021-07-06,1780.0,1812.0,1780.0,1795.0,280100.0
2021-07-07,1794.0,1805.5,1732.0,1744.0,294500.0
2021-07-08,1743.5,1743.5,1718.0,1724.5,128300.0
2021-07-09,1718.5,1751.5,1718.5,1745.0,109900.0
2021-07-12,1759.5,1779.0,1740.0,1764.5,135300.0
2021-07-13,1769.5,1795.0,1750.5,1780.5,217300.0
2021-07-14,1785.5,1793.5,1755.0,1774.0,229900.0
2021-07-15,1772.0,1779.0,1740.0,1770.0,349200.0
2021-07-16,1692.0,1695.0,1671.0,1678.0,287200.0
2021-07-19,1667.0,1676.0,1561.0,1572.5,368100.0
2021-07-20,1575.5,1591.0,1510.5,1574.5,614000.0
2021-07-21,1575.0,1600.0,1563.5,1590.0,153000.0
2021-07-22,1595.0,1620.0,1580.0,1609.5,178500.0
2021-07-23,1612.0,1620.0,1567.5,1586.0,163800.0
2021-07-26,1583.0,1606.0,1558.0,1602.5,137600.0
2021-07-27,1606.5,1613.5,1576.5,1608.0,154900.0
2021-07-28,1618.0,1626.0,1606.0,1618.0,89700.0
2021-07-29,1618.0,1650.0,1608.5,1645.0,113200.0
2021-07-30,1637.5,1659.0,1616.0,1626.5,177300.0
2021-08-02,1634.0,1666.5,1612.5,1632.0,241000.0
2021-08-03,1632.0,1638.0,1614.0,1624.0,96100.0
2021-08-04,1633.0,1634.5,1595.5,1604.5,133500.0
2021-08-05,1598.5,1607.5,1573.5,1607.0,193600.0
2021-08-06,1608.5,1614.5,1579.0,1590.0,119800.0
2021-08-09,1580.0,1609.0,1570.5,1601.0,146400.0
2021-08-10,1603.0,1613.0,1586.0,1598.0,140000.0
2021-08-11,1604.0,1620.5,1591.5,1607.5,140900.0
2021-08-12,1600.5,1626.0,1600.0,1617.0,102100.0
2021-08-13,1611.5,1635.5,1611.5,1619.5,98600.0
2021-08-16,1619.0,1624.5,1607.5,1615.0,87600.0
2021-08-17,1620.0,1621.0,1600.5,1604.5,116500.0
2021-08-18,1609.0,1609.0,1583.0,1585.0,112800.0
2021-08-19,1582.0,1605.0,1572.0,1598.5,126600.0
2021-08-20,1602.0,1605.0,1581.0,1591.0,74900.0
2021-08-23,1600.5,1602.5,1586.0,1593.0,52400.0
2021-08-24,1590.5,1602.0,1582.0,1593.0,93400.0
2021-08-25,1598.0,1605.0,1596.0,1597.5,77000.0
2021-08-26,1592.0,1598.0,1578.5,1581.5,69400.0
2021-08-27,1585.5,1595.5,1585.0,1595.0,58400.0
2021-08-30,1598.0,1598.5,1577.0,1581.0,155100.0
2021-08-31,1580.5,1592.0,1579.0,1579.5,130300.0
2021-09-01,1578.0,1619.5,1578.0,1605.0,257400.0
2021-09-02,1602.0,1602.0,1590.0,1597.0,68500.0
2021-09-03,1596.5,1618.0,1592.0,1616.0,131200.0
2021-09-06,1616.0,1698.0,1613.0,1681.5,335400.0
2021-09-07,1685.0,1710.0,1680.5,1690.0,183300.0
2021-09-08,1689.0,1699.5,1662.5,1677.5,169100.0
2021-09-09,1671.0,1677.0,1639.0,1642.5,137100.0
2021-09-10,1647.5,1658.0,1644.0,1657.5,61700.0
2021-09-13,1656.5,1679.0,1656.5,1675.0,131900.0
2021-09-14,1676.0,1690.0,1665.0,1671.0,101200.0
2021-09-15,1681.0,1744.5,1652.5,1677.0,505200.0
2021-09-16,1680.0,1710.0,1665.0,1702.5,280500.0
2021-09-17,1703.5,1716.0,1665.0,1670.0,518800.0
2021-09-20,1658.5,1672.5,1625.5,1630.0,134300.0
2021-09-21,1643.5,1669.0,1630.0,1634.5,113100.0
2021-09-22,1637.0,1649.0,1637.0,1646.0,66500.0
2021-09-23,1651.5,1665.0,1640.0,1644.0,112700.0
2021-09-24,1653.0,1653.5,1629.0,1633.0,72400.0
2021-09-27,1642.0,1642.5,1611.5,1619.0,111900.0
2021-09-28,1634.5,1635.5,1603.5,1610.0,102000.0
2021-09-29,1609.5,1625.5,1603.0,1613.0,100900.0
2021-09-30,1612.5,1621.0,1588.0,1595.0,157300.0
2021-10-01,1594.5,1617.5,1592.0,1602.0,151400.0
2021-10-04,1611.5,1632.5,1582.5,1629.0,174600.0
2021-10-05,1630.5,1633.0,1586.0,1615.0,419800.0
2021-10-06,1616.5,1621.5,1561.5,1575.0,458300.0
2021-10-07,1579.0,1591.5,1558.0,1586.0,218300.0
2021-10-08,1580.5,1606.0,1572.5,1582.0,191600.0
2021-10-11,1584.5,1600.0,1574.5,1593.0,107900.0
2021-10-12,1595.0,1620.0,1590.0,1615.0,161000.0
2021-10-13,1611.0,1620.0,1591.5,1611.0,135400.0
2021-10-14,1607.5,1611.0,1601.5,1607.5,35400.0
2021-10-15,1607.0,1618.5,1595.0,1600.0,107500.0
2021-10-18,1599.5,1601.5,1566.5,1580.5,418700.0
2021-10-19,1582.5,1585.0,1576.0,1580.0,111300.0
2021-10-20,1580.0,1589.0,1571.0,1584.0,113000.0
2021-10-21,1584.5,1584.5,1573.5,1582.0,65700.0
2021-10-22,1581.0,1584.0,1558.0,1563.5,91400.0
2021-10-25,1569.0,1570.0,1553.0,1561.5,112600.0
2021-10-26,1561.5,1580.0,1558.0,1571.5,236500.0
2021-10-27,1570.5,1576.5,1528.5,1534.0,226700.0
2021-10-28,1532.5,1547.5,1526.5,1543.5,149600.0
2021-10-29,1543.5,1557.0,1516.5,1521.5,224700.0
2021-11-01,1521.5,1553.0,1520.5,1548.0,107800.0
2021-11-02,1549.5,1550.5,1520.5,1529.0,196200.0
2021-11-03,1525.0,1526.0,1492.0,1502.5,210600.0
2021-11-05,1502.5,1509.0,1489.0,1497.0,105200.0
2021-11-08,1507.0,1513.0,1493.5,1512.0,131500.0
2021-11-09,1503.5,1530.0,1503.0,1508.5,122500.0
2021-11-10,1508.5,1513.5,1485.5,1493.0,195800.0
2021-11-11,1497.0,1505.5,1483.5,1501.0,141600.0
2021-11-12,1495.5,1513.0,1488.0,1502.0,115500.0
2021-11-15,1509.0,1510.0,1493.0,1499.5,169300.0
2021-11-16,1511.0,1512.5,1500.0,1506.0,112000.0
2021-11-17,1524.0,1525.0,1502.5,1507.0,78700.0
2021-11-18,1506.0,1512.0,1494.5,1504.0,70500.0
2021-11-19,1504.0,1509.5,1493.0,1495.5,98800.0
2021-11-22,1498.0,1506.5,1476.0,1485.5,315800.0
2021-11-23,1485.0,1491.5,1447.5,1473.0,198300.0
2021-11-24,1473.0,1473.0,1442.5,1452.0,215300.0
2021-11-25,1453.0,1468.5,1453.0,1461.0,84200.0
2021-11-26,1444.5,1456.5,1440.5,1447.5,130200.0
2021-11-29,1448.0,1455.0,1425.0,1429.5,158100.0
2021-11-30,1414.0,1435.0,1411.5,1418.5,239100.0
2021-12-01,1427.0,1442.0,1418.0,1432.0,189800.0
2021-12-02,1432.0,1455.5,1430.0,1437.5,182900.0
2021-12-03,1450.0,1450.0,1422.0,1425.0,101800.0
2021-12-06,1447.5,1455.0,1423.0,1434.5,60500.0
2021-12-07,1442.0,1454.0,1431.5,1446.5,120700.0
2021-12-08,1447.5,1458.0,1421.5,1428.0,209900.0
2021-12-09,1427.0,1459.5,1427.0,1447.0,103100.0
2021-12-10,1442.5,1533.5,1442.5,1531.0,699300.0
2021-12-13,1545.5,1592.5,1512.0,1519.0,363800.0
2021-12-14,1511.0,1563.5,1438.5,1535.5,366600.0
2021-12-15,1547.0,1548.0,1500.0,1515.5,111500.0
2021-12-16,1512.0,1562.5,1503.5,1550.0,287600.0
2021-12-17,1547.0,1599.5,1535.0,1595.5,680500.0
2021-12-20,1581.0,1646.0,1581.0,1610.5,562600.0
2021-12-21,1620.5,1634.0,1568.0,1581.0,243800.0
2021-12-22,1581.0,1637.0,1570.0,1631.0,223400.0
2021-12-23,1624.5,1645.0,1597.0,1631.0,210400.0
2021-12-24,1630.0,1641.0,1615.0,1626.0,51600.0
2021-12-27,1625.0,1643.0,1624.5,1640.0,106900.0
2021-12-28,1643.0,1648.0,1606.0,1613.0,182000.0
2021-12-29,1613.5,1618.5,1586.5,1603.0,180700.0
2021-12-30,1600.5,1606.0,1585.0,1588.0,95400.0
2022-01-03,1597.5,1607.5,1588.5,1599.0,61900.0
2022-01-04,1599.5,1607.0,1591.5,1601.0,61700.0
2022-01-05,1596.5,1604.0,1563.0,1565.0,93600.0
2022-01-06,1577.5,1609.5,1564.0,1600.0,118400.0
2022-01-10,1603.5,1618.0,1557.0,1571.0,137300.0
2022-01-11,1571.0,1583.0,1556.0,1560.5,144900.0
2022-01-12,1560.5,1574.0,1553.0,1572.0,98100.0
2022-01-13,1577.0,1579.5,1523.0,1538.0,163400.0
2022-01-14,1534.5,1567.0,1487.0,1559.5,299200.0
2022-01-17,1538.0,1570.0,1523.0,1534.5,131500.0
2022-01-18,1531.5,1553.0,1479.0,1545.0,339500.0
2022-01-19,1541.5,1566.0,1508.5,1517.0,423200.0
2022-01-20,1521.0,1537.0,1502.5,1510.0,225300.0
2022-01-21,1509.0,1512.0,1476.0,1482.0,199000.0
2022-01-24,1498.5,1501.0,1381.5,1436.0,507400.0
2022-01-25,1428.5,1464.5,1401.5,1463.5,349000.0
2022-01-26,1458.5,1465.0,1419.0,1424.0,338100.0
2022-01-27,1429.5,1489.0,1406.5,1465.5,469900.0
2022-01-28,1487.0,1489.0,1445.0,1463.0,271000.0
2022-01-31,1438.5,1499.0,1437.5,1481.0,236400.0
2022-02-01,1481.0,1503.5,1473.0,1490.0,189900.0
2022-02-02,1490.0,1492.0,1465.0,1475.5,168700.0
2022-02-03,1462.0,1481.5,1457.0,1471.5,131800.0
2022-02-04,1473.5,1520.0,1468.0,1515.0,237200.0
2022-02-07,1506.5,1563.5,1491.0,1500.0,274300.0
2022-02-08,1496.0,1515.0,1483.0,1491.5,261200.0
2022-02-09,1497.0,1535.0,1488.0,1517.0,278700.0
2022-02-10,1508.5,1545.0,1508.0,1524.5,267000.0
2022-02-11,1519.0,1524.0,1452.5,1459.0,329600.0
2022-02-14,1468.0,1504.0,1452.5,1490.5,667800.0
2022-02-15,1494.0,1530.0,1491.0,1529.0,332300.0
2022-02-16,1536.0,1536.0,1506.5,1526.0,203400.0
2022-02-17,1523.5,1534.5,1478.0,1495.5,206500.0
2022-02-18,1500.0,1508.5,1460.5,1470.0,285900.0
2022-02-21,1470.0,1492.0,1304.0,1369.0,838900.0
2022-02-22,1398.0,1479.0,1280.0,1460.0,993900.0
2022-02-24,1321.0,1374.0,900.0,1054.5,1262700.0
2022-02-25,1016.0,1500.0,1016.0,1287.5,628000.0
2022-03-24,1185.0,1300.0,1182.5,1209.5,194300.0
2022-03-25,1240.0,1240.0,1123.5,1162.0,61400.0
2022-03-28,1200.0,1210.0,1100.0,1104.0,57400.0
2022-03-29,1105.0,1148.0,1000.0,1039.5,216100.0
2022-03-30,1054.5,1104.5,1040.0,1080.0,69500.0
2022-03-31,1109.5,1210.0,1089.5,1193.0,177300.0
2022-04-01,1250.0,1250.0,1201.0,1213.5,120300.0
2022-04-04,1245.0,1249.0,1200.0,1219.0,60400.0
2022-04-05,1220.0,1225.5,1150.5,1179.5,54700.0
2022-04-06,1189.5,1190.0,1154.5,1180.0,32100.0
2022-04-07,1185.5,1206.0,1055.0,1154.0,137900.0
2022-04-08,1176.0,1176.0,1132.0,1145.0,38900.0
2022-04-11,1149.5,1169.5,1123.5,1156.0,29800.0
2022-04-12,1146.5,1160.5,1123.5,1141.0,25900.0
2022-04-13,1145.5,1153.0,1135.0,1139.0,17500.0
2022-04-14,1148.0,1148.0,1115.5,1116.0,26100.0
2022-04-15,1125.0,1125.0,1080.0,1113.5,30900.0
2022-04-18,1140.0,1140.0,1087.0,1092.0,38800.0
2022-04-19,1098.0,1108.0,1051.5,1070.0,54300.0
2022-04-20,1078.5,1082.5,1056.5,1070.5,37200.0
2022-04-21,1065.0,1082.5,1065.0,1066.0,34100.0
2022-04-22,1072.0,1089.0,1061.5,1081.5,38200.0
2022-04-25,1081.0,1088.5,1067.5,1075.5,36800.0
2022-04-26,1078.5,1114.0,1078.5,1110.5,35400.0
2022-04-27,1122.0,1139.0,1116.0,1132.5,38500.0
2022-04-28,1157.0,1163.0,1108.0,1112.0,61600.0
2022-04-29,1121.5,1139.5,1115.0,1133.0,28200.0
2022-05-04,1143.5,1144.0,1113.5,1117.5,18900.0
2022-05-05,1116.5,1128.0,1115.0,1115.5,11600.0
2022-05-06,1114.0,1127.0,1110.5,1112.0,16900.0
2022-05-11,1112.0,1130.0,1088.0,1101.0,40500.0
2022-05-12,1095.0,1100.5,1086.0,1086.0,19300.0
2022-05-13,1098.0,1098.0,1079.0,1083.0,15400.0
2022-05-16,1097.0,1099.5,1084.0,1092.0,22900.0
2022-05-17,1099.0,1101.5,1090.5,1097.0,19000.0
2022-05-18,1102.5,1118.5,1100.5,1112.5,32800.0
2022-05-19,1113.5,1118.5,1098.5,1115.0,24700.0
2022-05-20,1120.0,1149.0,1116.5,1137.5,75900.0
2022-05-23,1137.0,1150.0,1101.0,1104.0,34100.0
2022-05-24,1098.5,1099.5,1070.0,1096.5,48300.0
2022-05-25,1118.5,1120.0,1092.5,1115.0,24800.0
2022-05-26,1125.0,1134.5,1102.0,1134.5,39900.0
2022-05-27,1143.0,1149.0,1127.5,1144.5,46500.0
2022-05-30,1150.0,1163.0,1140.0,1156.0,63200.0
2022-05-31,1150.5,1159.0,1128.5,1138.5,42600.0
2022-06-01,1133.5,1217.0,1132.5,1195.5,130600.0
2022-06-02,1185.5,1248.5,1185.5,1227.0,161900.0
2022-06-03,1234.5,1235.0,1180.0,1210.0,81900.0
2022-06-06,1229.0,1230.0,1191.0,1201.0,38900.0
2022-06-07,1201.0,1228.0,1201.0,1221.0,50300.0
2022-06-08,1229.5,1240.0,1224.5,1238.5,41100.0
2022-06-09,1244.0,1303.0,1233.5,1301.0,201200.0
2022-06-10,1307.0,1387.5,1276.0,1371.0,317400.0
2022-06-14,1335.0,1390.0,1285.0,1302.5,245900.0
2022-06-15,1302.5,1320.0,1277.5,1296.0,82000.0
2022-06-16,1314.5,1314.5,1290.0,1305.0,63500.0
2022-06-17,1304.5,1308.0,1286.5,1289.0,33100.0
2022-06-20,1301.0,1301.0,1289.5,1297.0,38500.0
2022-06-21,1297.5,1305.0,1265.0,1272.0,44400.0
2022-06-22,1269.0,1269.0,1235.5,1257.0,58700.0
2022-06-23,1254.5,1270.0,1240.5,1267.5,42500.0
2022-06-24,1258.5,1270.0,1250.0,1258.5,27800.0
2022-06-27,1266.5,1274.5,1252.5,1257.5,34100.0
2022-06-28,1262.0,1264.5,1237.5,1238.0,63000.0
2022-06-29,1245.5,1245.5,1205.0,1228.0,70500.0
2022-06-30,1259.5,1281.0,1167.0,1194.5,209300.0
2022-07-01,1196.0,1207.5,1172.5,1200.5,65500.0
2022-07-04,1230.0,1230.0,1206.0,1213.0,45800.0
2022-07-05,1210.5,1220.0,1200.5,1220.0,41800.0
2022-07-06,1225.0,1253.5,1213.0,1224.0,109100.0
2022-07-07,1240.0,1243.0,1224.0,1234.0,52600.0
2022-07-08,1232.0,1239.5,1225.0,1236.5,35000.0
2022-07-11,1236.0,1250.0,1231.5,1246.0,82900.0
2022-07-12,1247.0,1267.0,1214.5,1248.0,184900.0
2022-07-13,1253.0,1257.5,1211.0,1220.0,113000.0
2022-07-14,1224.0,1231.0,1190.5,1215.0,65700.0
2022-07-15,1215.5,1228.5,1209.5,1225.0,46800.0
2022-07-18,1230.0,1237.5,1222.5,1235.5,125600.0
2022-07-19,1142.0,1158.0,1120.0,1123.0,197800.0
2022-07-20,1127.0,1137.0,1120.0,1135.5,81800.0
2022-07-21,1137.0,1139.0,1101.0,1108.5,58900.0
2022-07-22,1112.5,1115.5,1101.5,1114.0,46600.0
2022-07-25,1117.5,1118.0,1110.0,1114.0,37600.0
2022-07-26,1110.0,1134.0,1107.5,1116.5,80300.0
2022-07-27,1115.0,1130.0,1111.5,1117.0,53000.0
2022-07-28,1117.0,1118.5,1109.5,1111.5,33100.0
2022-07-29,1115.5,1115.5,1107.0,1113.0,34700.0
2022-08-01,1110.0,1114.5,1104.5,1104.5,44700.0
2022-08-02,1105.5,1106.0,1086.5,1088.0,62200.0
2022-08-03,1091.5,1103.0,1085.0,1095.0,61400.0
2022-08-04,1091.5,1095.5,1040.0,1048.0,237900.0
2022-08-05,1046.0,1046.0,1011.0,1016.5,147800.0
2022-08-08,1027.5,1044.0,995.5,1009.5,213900.0
2022-08-09,1010.0,1010.5,981.0,996.5,189500.0
2022-08-10,996.0,1042.0,987.0,1015.5,319000.0
2022-08-11,1032.5,1032.5,1000.5,1002.5,120900.0
2022-08-12,1015.0,1018.0,1003.0,1006.5,66700.0
2022-08-15,1008.0,1008.5,996.5,998.0,73400.0
2022-08-16,1000.0,1004.5,998.0,1002.5,56000.0
2022-08-17,1004.5,1007.0,999.0,999.5,50400.0
2022-08-18,998.5,1002.0,995.5,998.0,40100.0
2022-08-19,999.0,999.0,990.0,991.5,42900.0
2022-08-22,993.5,996.0,990.5,994.5,53300.0
2022-08-23,992.0,1000.0,991.5,997.0,80100.0
2022-08-24,998.5,999.5,993.0,996.5,31100.0
2022-08-25,998.0,999.0,991.0,993.0,51800.0
2022-08-26,992.5,998.5,991.0,995.0,68400.0
2022-08-29,997.0,1001.0,990.0,994.5,86500.0
2022-08-30,998.0,1026.0,996.0,1012.5,329400.0
2022-08-31,1021.0,1032.5,1010.0,1014.0,292000.0
2022-09-01,1020.5,1020.5,1007.0,1012.5,91200.0
2022-09-02,1020.5,1038.0,1016.0,1034.0,393700.0
2022-09-05,1044.0,1049.0,1029.5,1039.0,163400.0
2022-09-06,1041.0,1041.0,1011.0,1018.5,281800.0
2022-09-07,1023.0,1024.0,1000.5,1003.0,181900.0
2022-09-08,1008.0,1008.0,1000.5,1003.0,67000.0
2022-09-09,1003.0,1008.0,1000.5,1007.0,76200.0
2022-09-12,1004.5,1019.5,1003.0,1014.0,115300.0
2022-09-13,1013.5,1016.0,1005.0,1009.0,88000.0
2022-09-14,1004.0,1007.0,994.5,1006.5,115100.0
2022-09-15,1006.5,1018.5,1000.5,1010.0,122800.0
2022-09-16,1011.0,1013.0,1002.0,1004.5,52700.0
2022-09-19,1002.0,1010.0,1002.0,1004.5,56100.0
2022-09-20,1006.0,1007.0,940.0,964.0,468600.0
2022-09-21,924.5,942.5,870.0,895.5,414900.0
2022-09-22,903.0,919.5,900.0,910.0,124000.0
2022-09-23,923.0,923.0,852.0,871.0,276000.0
2022-09-26,860.0,870.5,741.5,753.0,554700.0
2022-09-27,768.5,793.5,755.5,790.0,164200.0
2022-09-28,790.0,809.5,777.5,794.0,132700.0
2022-09-29,794.0,798.0,781.0,790.0,107300.0
2022-09-30,796.0,800.0,763.0,785.0,177200.0
2022-10-03,785.0,830.0,782.0,827.5,164700.0
2022-10-04,843.0,843.5,791.5,803.0,207400.0
2022-10-05,798.0,802.5,769.5,785.0,402100.0
2022-10-06,789.0,797.5,776.0,780.0,99000.0
2022-10-07,781.0,782.5,753.5,755.5,85000.0
2022-10-10,710.0,766.0,706.0,761.0,194200.0
2022-10-11,768.5,788.0,755.5,778.5,113800.0
2022-10-12,774.0,782.5,767.5,777.5,95600.0
2022-10-13,778.0,789.0,770.0,777.5,104600.0
2022-10-14,781.5,782.5,770.0,775.0,36300.0
2022-10-17,783.0,809.0,779.0,803.5,111600.0
2022-10-18,813.5,815.0,789.0,795.5,128700.0
2022-10-19,796.0,803.0,780.0,795.5,92100.0
2022-10-20,800.5,803.5,793.0,797.0,78800.0
2022-10-21,800.5,802.0,788.0,801.0,44200.0
2022-10-24,805.0,809.0,801.5,804.0,63500.0
2022-10-25,808.0,835.0,804.0,829.0,115900.0
2022-10-26,837.0,840.0,828.0,837.0,108400.0
2022-10-27,838.0,898.5,830.0,891.0,274500.0
2022-10-28,893.0,936.5,874.5,931.5,257300.0
2022-10-31,935.5,975.0,932.0,967.0,470200.0
2022-11-01,973.5,977.5,911.0,957.5,355300.0
2022-11-02,952.0,963.5,913.0,918.0,359200.0
2022-11-03,912.0,923.5,890.0,908.0,359200.0
2022-11-07,915.0,939.0,914.0,932.5,177300.0
2022-11-08,934.0,938.0,921.0,927.5,97000.0
2022-11-09,927.0,928.0,891.5,904.5,148900.0
2022-11-10,905.5,919.5,898.0,915.5,105300.0
2022-11-11,919.5,921.5,905.0,915.0,59000.0
2022-11-14,917.0,944.0,910.0,930.0,298600.0
2022-11-15,933.5,935.5,868.0,902.5,288400.0
2022-11-16,902.5,916.0,902.0,910.5,165200.0
2022-11-17,914.5,914.5,906.5,912.0,64600.0
2022-11-18,911.5,913.0,908.0,910.0,55900.0
2022-11-21,910.0,913.5,881.5,895.0,142300.0
2022-11-22,896.0,900.5,893.0,898.0,54900.0
2022-11-23,892.5,899.5,890.5,897.0,54100.0
2022-11-24,895.0,897.5,894.0,895.0,25500.0
2022-11-25,894.5,895.5,890.5,892.5,20400.0
2022-11-28,885.5,894.5,880.0,888.0,61800.0
2022-11-29,890.0,891.5,884.5,889.0,39100.0
2022-11-30,887.5,888.0,881.0,887.0,20800.0
2022-12-01,887.0,888.5,883.5,884.5,20800.0
2022-12-02,887.0,887.5,882.5,886.0,36600.0
2022-12-05,886.5,895.0,873.0,888.0,56600.0
2022-12-06,888.0,889.0,883.0,885.5,28800.0
2022-12-07,884.5,887.5,881.0,885.5,43200.0
2022-12-08,884.5,885.0,881.0,882.0,16300.0
2022-12-09,882.0,883.0,875.0,875.5,37500.0
2022-12-12,874.0,880.5,870.0,871.5,36000.0
2022-12-13,871.0,872.0,852.0,858.0,82800.0
2022-12-14,858.5,858.5,850.0,850.5,47500.0
2022-12-15,853.0,853.0,828.5,840.5,77200.0
2022-12-16,837.0,897.0,835.0,871.5,103100.0
2022-12-19,863.0,873.0,853.5,856.0,73900.0
2022-12-20,862.0,888.0,857.0,881.5,144300.0
2022-12-21,884.0,891.0,862.0,872.5,103600.0
2022-12-22,874.0,875.0,864.0,870.5,58300.0
2022-12-23,873.5,873.5,851.0,860.0,86800.0
2022-12-26,864.0,864.0,852.0,857.5,75800.0
2022-12-27,858.0,861.0,856.5,859.0,49900.0
2022-12-28,861.5,863.0,855.0,859.5,58200.0
2022-12-29,860.0,873.0,857.0,869.0,42900.0
2022-12-30,868.5,883.0,865.5,871.0,68700.0
2023-01-03,877.5,880.0,870.0,878.0,31900.0
2023-01-04,875.5,877.5,872.0,876.5,33900.0
2023-01-05,877.0,877.5,872.5,875.0,19300.0
2023-01-06,875.0,878.5,873.0,875.5,27500.0
2023-01-09,875.5,884.5,875.0,879.5,53800.0
2023-01-10,877.0,878.0,870.0,871.5,47000.0
2023-01-11,869.0,879.0,866.0,878.5,66200.0
2023-01-12,875.5,877.5,871.0,876.0,30000.0
2023-01-13,875.5,876.0,871.0,876.0,45900.0
2023-01-16,879.5,912.5,875.0,899.5,183500.0
2023-01-17,905.0,905.0,885.0,887.0,81500.0
2023-01-18,885.5,889.0,877.0,884.5,77900.0
2023-01-19,881.0,884.0,860.0,869.5,118100.0
2023-01-20,870.5,871.0,856.5,867.0,94600.0
2023-01-23,870.5,886.0,870.0,883.5,95500.0
2023-01-24,887.5,887.5,877.0,880.0,47400.0
2023-01-25,877.5,880.0,872.0,875.0,42000.0
2023-01-26,878.0,878.0,863.5,872.0,76500.0
2023-01-27,870.0,877.5,866.0,877.5,51700.0
2023-01-30,878.5,883.5,873.0,882.5,62300.0
2023-01-31,882.5,900.5,880.5,893.0,134600.0
2023-02-01,898.5,905.0,891.0,897.5,124800.0
2023-02-02,901.0,901.5,891.5,896.0,76200.0
2023-02-03,897.0,897.0,887.5,890.5,65000.0
2023-02-06,885.5,899.5,885.5,896.0,68000.0
2023-02-07,899.0,944.0,896.5,936.5,618100.0
2023-02-08,937.0,940.0,915.0,921.0,204500.0
2023-02-09,928.0,928.0,915.0,920.5,72200.0
2023-02-10,920.5,925.0,916.0,922.5,46200.0
2023-02-13,923.0,924.0,920.0,920.0,77100.0
2023-02-14,923.0,926.0,901.0,904.0,137800.0
2023-02-15,901.5,903.0,870.5,881.0,173000.0
2023-02-16,883.0,904.5,882.5,896.0,105500.0
2023-02-17,896.5,899.5,889.0,894.5,51200.0
2023-02-20,896.5,902.5,883.5,894.5,61700.0
2023-02-21,897.5,915.0,893.5,909.0,134200.0
2023-02-22,906.5,908.5,898.5,908.5,40300.0
2023-02-24,905.0,909.5,901.5,909.0,21400.0
2023-02-27,908.0,915.0,905.5,914.0,74400.0
2023-02-28,914.5,920.0,910.5,916.5,68500.0
2023-03-01,919.5,926.0,917.0,924.0,99500.0
2023-03-02,926.5,928.0,906.0,913.0,92000.0
2023-03-03,910.5,917.5,897.5,917.0,140600.0
2023-03-06,922.0,924.0,908.5,919.5,139600.0
2023-03-07,920.0,925.5,915.0,919.0,99000.0
2023-03-09,920.0,924.5,918.0,922.5,66300.0
2023-03-10,919.5,924.0,917.0,921.0,81200.0
2023-03-13,923.5,933.5,916.5,928.0,151000.0
2023-03-14,928.0,940.0,926.0,935.0,172300.0
2023-03-15,935.0,957.0,931.5,942.0,257600.0
2023-03-16,949.5,950.0,930.0,940.0,198100.0
2023-03-17,942.0,1009.5,942.0,991.0,1117100.0
2023-03-20,996.0,1085.5,990.0,1072.5,1369600.0
2023-03-21,1083.0,1085.0,1045.0,1052.0,937300.0
2023-03-22,1050.5,1056.0,1022.5,1041.5,984000.0
2023-03-23,1042.5,1072.0,1036.5,1059.0,529200.0
2023-03-24,1059.5,1067.0,1056.0,1063.0,263900.0
2023-03-27,1070.0,1079.5,1065.5,1071.5,368300.0
2023-03-28,1072.5,1073.0,1055.5,1065.0,238100.0
2023-03-29,1063.0,1068.5,1060.0,1064.0,168000.0
2023-03-30,1067.0,1069.5,1060.5,1068.0,174800.0
2023-03-31,1073.0,1073.0,1050.5,1061.5,279400.0
2023-04-03,1073.5,1094.0,1065.0,1081.5,492800.0
2023-04-04,1084.0,1154.5,1080.0,1147.0,1202200.0
2023-04-05,1150.0,1198.5,1131.5,1193.0,1076400.0
2023-04-06,1186.0,1282.5,1184.5,1260.0,2509700.0
2023-04-07,1271.0,1280.0,1240.5,1259.0,800300.0
2023-04-10,1269.0,1297.5,1262.0,1285.0,563100.0
2023-04-11,1287.5,1289.0,1245.0,1258.0,585400.0
2023-04-12,1260.5,1267.0,1252.0,1258.5,204700.0
2023-04-13,1259.5,1263.5,1201.5,1218.5,566500.0
2023-04-14,1220.5,1220.5,1194.5,1216.5,411000.0
2023-04-17,1228.5,1250.0,1226.0,1238.0,306500.0
2023-04-18,1238.0,1246.0,1223.0,1231.5,191500.0
2023-04-19,1231.5,1232.0,1198.0,1211.5,327100.0
2023-04-20,1209.0,1225.0,1176.5,1202.0,526400.0
2023-04-21,1204.0,1222.0,1200.5,1217.0,247100.0
2023-04-24,1218.0,1236.5,1211.5,1232.5,284100.0
2023-04-25,1235.0,1235.5,1219.5,1223.5,178900.0
2023-04-26,1225.5,1230.0,1202.5,1217.5,156300.0
2023-04-27,1221.0,1221.0,1200.0,1208.5,162800.0
2023-04-28,1207.5,1209.5,1185.0,1203.0,226600.0
2023-05-02,1209.5,1211.0,1151.5,1178.5,304700.0
2023-05-03,1180.0,1180.0,1112.0,1116.0,712000.0
2023-05-04,1120.0,1137.0,1110.5,1128.5,276700.0
2023-05-05,1129.0,1135.5,1120.0,1131.0,171400.0
2023-05-08,1131.5,1175.5,1123.5,1164.5,268200.0
2023-05-10,1160.0,1217.0,1155.0,1213.0,572400.0
2023-05-11,1213.0,1226.0,1157.0,1182.0,591500.0
2023-05-12,1181.0,1197.0,1167.0,1178.5,248000.0
2023-05-15,1186.0,1206.0,1181.5,1205.0,320400.0
2023-05-16,1210.0,1210.0,1187.5,1197.0,255800.0
2023-05-17,1197.5,1217.0,1191.0,1209.5,184300.0
2023-05-18,1210.0,1222.0,1195.0,1216.0,246800.0
2023-05-19,1215.0,1218.0,1196.0,1211.0,310000.0
2023-05-22,1213.5,1277.5,1211.5,1262.0,1322400.0
2023-05-23,1263.0,1269.5,1239.0,1262.5,658200.0
2023-05-24,1260.5,1275.0,1257.0,1266.5,381800.0
2023-05-25,1267.0,1335.5,1265.5,1312.5,1568900.0
2023-05-26,1309.5,1328.0,1303.0,1319.5,457700.0
2023-05-29,1335.5,1346.0,1320.5,1332.5,513500.0
2023-05-30,1320.0,1344.0,1305.0,1328.0,766400.0
2023-05-31,1331.0,1334.0,1322.0,1333.0,222700.0
2023-06-01,1333.0,1357.0,1328.5,1348.0,647000.0
2023-06-02,1348.5,1382.0,1340.0,1382.0,647500.0
2023-06-05,1389.0,1407.0,1310.0,1332.5,1244600.0
2023-06-06,1332.0,1346.0,1268.0,1338.0,1568000.0
2023-06-07,1340.0,1346.0,1310.5,1313.5,540800.0
2023-06-08,1315.5,1368.0,1304.0,1364.0,958800.0
2023-06-09,1370.0,1395.0,1360.5,1382.0,1567400.0
2023-06-13,1387.0,1409.5,1160.0,1342.5,3221500.0
2023-06-14,1345.0,1469.5,1315.5,1466.0,8957900.0
2023-06-15,1466.0,1473.5,1425.5,1436.0,2564900.0
2023-06-16,1439.5,1443.0,1419.5,1431.5,1667000.0
2023-06-19,1436.0,1439.0,1422.0,1426.0,874000.0
2023-06-20,1430.0,1430.0,1375.0,1408.0,1375700.0
2023-06-21,1408.0,1410.0,1380.0,1392.0,1661000.0
2023-06-22,1393.0,1418.5,1385.0,1397.0,1618400.0
2023-06-23,1396.0,1397.0,1365.5,1373.5,1519500.0
2023-06-26,1395.5,1399.0,1325.5,1370.0,2446100.0
2023-06-27,1377.5,1408.0,1363.0,1398.0,1852700.0
2023-06-28,1399.5,1412.0,1395.5,1400.0,970500.0
2023-06-29,1402.5,1404.0,1394.0,1401.0,595300.0
2023-06-30,1401.0,1444.0,1386.0,1419.5,3356500.0
2023-07-03,1431.0,1436.0,1398.0,1399.5,1386300.0
2023-07-04,1398.0,1399.5,1365.5,1374.0,1759400.0
2023-07-05,1379.5,1384.0,1362.5,1369.5,772700.0
2023-07-06,1369.0,1380.0,1352.5,1369.0,1118700.0
2023-07-07,1369.5,1385.5,1363.0,1377.5,656900.0
2023-07-10,1384.0,1407.0,1378.5,1399.5,1291700.0
2023-07-11,1404.5,1417.5,1399.5,1400.5,2400700.0
2023-07-12,1405.0,1408.0,1395.0,1400.0,1019800.0
2023-07-13,1403.0,1403.0,1383.5,1388.0,1321000.0
2023-07-14,1388.5,1403.0,1379.0,1400.0,2026300.0
2023-07-17,1402.0,1405.0,1395.0,1400.0,1778900.0
2023-07-18,1399.0,1409.5,1395.0,1403.0,4372100.0
2023-07-19,1263.0,1297.5,1230.5,1265.0,5028400.0
2023-07-20,1266.0,1266.5,1236.0,1239.0,1413500.0
2023-07-21,1240.0,1260.0,1239.5,1257.5,876400.0
2023-07-24,1262.5,1265.0,1251.5,1255.0,556300.0
2023-07-25,1258.0,1258.5,1245.5,1249.0,573300.0
2023-07-26,1248.0,1250.0,1222.5,1238.5,1119200.0
2023-07-27,1238.5,1244.0,1230.0,1237.5,535400.0
2023-07-28,1237.5,1240.0,1232.0,1232.0,595100.0
2023-07-31,1233.5,1241.5,1206.0,1224.0,1669100.0
2023-08-01,1225.5,1226.0,1213.5,1216.5,789500.0
2023-08-02,1218.5,1250.0,1216.5,1235.0,2613400.0
2023-08-03,1236.0,1241.5,1227.0,1233.5,1092500.0
2023-08-04,1238.0,1238.0,1205.0,1214.0,1991800.0
2023-08-07,1215.5,1226.5,1205.0,1208.5,1034700.0
2023-08-08,1212.0,1212.0,1182.0,1197.0,1429600.0
2023-08-09,1198.0,1201.0,1187.0,1189.0,567400.0
2023-08-10,1190.0,1194.5,1187.0,1191.5,548800.0
2023-08-11,1191.0,1211.5,1189.0,1204.5,1083300.0
2023-08-14,1209.5,1221.0,1183.0,1187.5,1990600.0
2023-08-15,1183.0,1199.5,1170.5,1186.5,1145300.0
2023-08-16,1190.0,1190.0,1142.0,1153.0,1727800.0
2023-08-17,1160.0,1162.0,1143.5,1156.0,675200.0
2023-08-18,1156.0,1168.5,1147.0,1163.5,622000.0
2023-08-21,1175.5,1180.5,1163.5,1180.5,985000.0
2023-08-22,1183.5,1198.5,1175.5,1195.5,1627100.0
2023-08-23,1199.0,1217.0,1173.5,1181.0,2326100.0
2023-08-24,1185.0,1208.5,1180.0,1203.0,1106200.0
2023-08-25,1205.0,1214.5,1192.0,1207.0,844200.0
2023-08-28,1215.5,1238.0,1211.0,1234.5,2505500.0
2023-08-29,1236.0,1239.0,1219.5,1234.5,1842700.0
2023-08-30,1235.5,1270.0,1234.5,1269.0,2800300.0
2023-08-31,1273.0,1337.5,1272.0,1328.5,7286700.0
2023-09-01,1333.5,1389.0,1317.5,1379.5,10739200.0
2023-09-04,1390.5,1430.0,1378.0,1411.0,7414500.0
2023-09-05,1411.5,1411.5,1385.5,1398.5,3376500.0
2023-09-06,1398.0,1398.5,1350.0,1388.0,2128000.0
2023-09-07,1387.5,1400.0,1354.5,1369.5,3226700.0
2023-09-08,1372.0,1392.5,1340.0,1385.0,3434700.0
2023-09-11,1391.0,1440.0,1373.5,1430.0,6260700.0
2023-09-12,1438.0,1500.0,1435.0,1496.5,6927900.0
2023-09-13,1501.5,1516.5,1461.5,1477.5,4726300.0
2023-09-14,1482.5,1488.0,1394.0,1463.0,7251600.0
2023-09-15,1469.0,1489.0,1457.5,1473.5,3387400.0
2023-09-18,1485.5,1515.0,1475.0,1498.5,7881000.0
2023-09-19,1499.0,1500.0,1433.0,1447.0,5616300.0
2023-09-20,1443.0,1458.5,1414.5,1438.5,4342200.0
2023-09-21,1439.5,1440.0,1375.5,1386.5,3311100.0
2023-09-22,1379.5,1428.5,1361.5,1428.0,3424100.0
2023-09-25,1430.5,1439.5,1411.0,1419.5,1129300.0
2023-09-26,1417.5,1419.5,1388.0,1409.5,1462200.0
2023-09-27,1412.0,1427.0,1408.5,1417.5,1478200.0
2023-09-28,1419.5,1426.0,1411.0,1421.0,1038100.0
2023-09-29,1425.5,1429.5,1419.0,1421.0,1292300.0
2023-10-02,1426.5,1453.5,1421.5,1425.0,2243200.0
2023-10-03,1424.5,1425.0,1397.0,1416.0,1114500.0
2023-10-04,1419.5,1424.5,1404.5,1406.5,743400.0
2023-10-05,1409.0,1412.0,1400.0,1401.0,575400.0
2023-10-06,1404.0,1408.5,1398.0,1401.5,611900.0
2023-10-09,1407.0,1416.0,1401.5,1403.5,891500.0
2023-10-10,1406.5,1406.5,1392.0,1401.0,790100.0
2023-10-11,1403.0,1429.0,1397.0,1402.5,2460800.0
2023-10-12,1400.0,1420.0,1395.0,1408.5,969600.0
2023-10-13,1412.5,1420.0,1405.0,1418.0,976200.0
2023-10-16,1421.0,1445.0,1421.0,1441.0,1533100.0
2023-10-17,1445.0,1472.0,1438.5,1462.5,2558300.0
2023-10-18,1467.0,1503.0,1456.0,1489.0,4851000.0
2023-10-19,1489.0,1489.0,1472.5,1478.0,1090900.0
2023-10-20,1481.0,1482.0,1452.5,1459.5,1927200.0
2023-10-23,1466.0,1473.0,1444.5,1445.5,1065700.0
2023-10-24,1445.5,1456.0,1436.0,1454.0,1082500.0
2023-10-25,1459.0,1468.0,1448.0,1458.0,903400.0
2023-10-26,1460.0,1462.0,1437.5,1440.0,875100.0
2023-10-27,1439.0,1448.5,1418.5,1445.5,1354100.0
2023-10-30,1449.0,1449.5,1427.0,1432.0,561900.0
2023-10-31,1432.0,1432.0,1412.5,1419.5,751600.0
2023-11-01,1421.0,1434.5,1416.5,1432.0,405800.0
2023-11-02,1433.0,1453.0,1433.0,1445.0,827200.0
2023-11-03,1446.0,1451.5,1430.0,1438.5,521000.0
2023-11-06,1441.0,1449.5,1438.5,1446.0,264900.0
2023-11-07,1448.5,1465.0,1443.0,1456.0,1097000.0
2023-11-08,1459.0,1459.5,1436.0,1449.0,906300.0
2023-11-09,1449.5,1452.5,1435.5,1445.5,482300.0
2023-11-10,1446.5,1454.5,1440.0,1449.5,733900.0
2023-11-13,1456.0,1460.0,1446.5,1453.0,841400.0
2023-11-14,1453.5,1454.5,1437.5,1438.5,597900.0
2023-11-15,1439.5,1477.0,1430.0,1467.0,2544900.0
2023-11-16,1470.0,1472.5,1442.5,1445.0,1109600.0
2023-11-17,1445.5,1460.5,1435.0,1452.5,744500.0
2023-11-20,1457.0,1463.5,1450.0,1457.0,534500.0
2023-11-21,1454.5,1460.0,1453.0,1455.0,465700.0
2023-11-22,1458.0,1459.0,1452.0,1454.5,605100.0
2023-11-23,1451.5,1459.5,1451.5,1453.5,478800.0
2023-11-24,1456.5,1459.5,1452.5,1453.5,373100.0
2023-11-27,1455.0,1464.5,1447.5,1452.0,908300.0
2023-11-28,1453.5,1458.0,1449.5,1454.5,492900.0
2023-11-29,1454.5,1465.5,1450.0,1454.5,787000.0
2023-11-30,1454.5,1458.0,1438.0,1441.5,712600.0
2023-12-01,1442.0,1442.0,1420.5,1425.5,818100.0
2023-12-04,1421.5,1421.5,1383.0,1390.0,1433700.0
2023-12-05,1387.0,1413.0,1382.0,1406.5,720000.0
2023-12-06,1408.5,1413.5,1385.5,1393.0,500700.0
2023-12-07,1397.5,1399.5,1381.0,1389.5,551000.0
2023-12-08,1390.0,1398.5,1382.5,1388.0,408600.0
2023-12-11,1390.0,1390.0,1352.0,1363.0,1308400.0
2023-12-12,1362.0,1379.5,1356.5,1358.0,586800.0
2023-12-13,1357.0,1367.0,1350.5,1360.0,490300.0
2023-12-14,1360.0,1365.5,1344.0,1345.0,516000.0
2023-12-15,1345.5,1398.0,1341.5,1397.5,865100.0
2023-12-18,1404.0,1418.5,1401.5,1413.0,538800.0
2023-12-19,1415.0,1445.0,1414.0,1441.0,705800.0
2023-12-20,1442.5,1452.0,1430.5,1435.5,1008100.0
2023-12-21,1437.5,1441.5,1423.0,1432.5,574500.0
2023-12-22,1435.5,1460.5,1431.0,1446.5,1181400.0
2023-12-25,1454.5,1454.5,1441.5,1448.5,643000.0
2023-12-26,1448.5,1451.0,1441.0,1443.5,608000.0
2023-12-27,1444.5,1452.0,1443.0,1449.5,494900.0
2023-12-28,1448.5,1451.0,1444.5,1448.0,546500.0
2023-12-29,1450.5,1451.5,1444.5,1445.0,535900.0
2024-01-03,1450.5,1463.5,1447.0,1460.0,422500.0
2024-01-04,1464.5,1465.0,1456.5,1457.5,283900.0
2024-01-05,1460.0,1462.0,1453.5,1454.0,236100.0
2024-01-08,1457.5,1460.0,1453.5,1460.0,233600.0
2024-01-09,1461.0,1462.5,1454.0,1459.0,617800.0
2024-01-10,1459.0,1460.5,1455.5,1456.5,517300.0
2024-01-11,1456.0,1499.0,1454.0,1482.5,1658900.0
2024-01-12,1485.5,1503.0,1483.5,1493.0,1312800.0
2024-01-15,1498.0,1505.0,1496.5,1497.5,898600.0
2024-01-16,1499.0,1553.5,1492.5,1544.5,3538700.0
2024-01-17,1548.0,1583.0,1542.5,1564.0,3624400.0
2024-01-18,1566.5,1574.0,1541.0,1550.0,1402000.0
2024-01-19,1552.5,1557.5,1533.5,1554.0,1140700.0
2024-01-22,1560.0,1573.0,1559.5,1561.0,1010500.0
2024-01-23,1563.5,1569.5,1544.5,1554.0,786400.0
2024-01-24,1554.0,1580.0,1551.5,1575.5,1698900.0
2024-01-25,1577.5,1582.0,1566.0,1572.0,1258700.0
2024-01-26,1575.5,1576.5,1561.0,1564.5,1102600.0
2024-01-29,1570.0,1578.5,1567.5,1577.5,768800.0
2024-01-30,1578.5,1590.0,1573.5,1583.0,1412700.0
2024-01-31,1583.0,1586.0,1566.0,1577.0,1224900.0
2024-02-01,1577.0,1580.0,1570.0,1574.0,857700.0
2024-02-02,1573.5,1581.0,1568.5,1577.0,916000.0
2024-02-05,1579.5,1594.5,1576.0,1586.0,1325700.0
2024-02-06,1586.0,1587.5,1580.0,1584.5,454900.0
2024-02-07,1586.0,1604.0,1584.5,1600.0,1557500.0
2024-02-08,1602.0,1612.0,1587.5,1591.0,1545100.0
2024-02-09,1595.5,1599.5,1582.0,1592.0,640300.0
2024-02-12,1597.5,1620.5,1595.0,1617.5,1056600.0
2024-02-13,1624.5,1659.5,1621.5,1659.5,1976300.0
2024-02-14,1670.0,1679.5,1655.5,1668.5,1990200.0
2024-02-21,1650.0,1688.0,1518.0,1583.5,5647672.0
2024-02-22,1585.0,1649.0,1558.0,1604.5,1702976.0
2024-02-26,1621.0,1649.0,1619.0,1638.0,1659830.0
2024-02-27,1641.0,1643.0,1600.5,1616.0,1083218.0
2024-02-28,1617.0,1624.0,1604.5,1608.5,630779.0
2024-02-29,1611.5,1617.0,1601.5,1608.0,564594.0
2024-03-01,1611.5,1616.0,1575.0,1590.0,1274877.0
2024-03-04,1593.0,1599.5,1578.5,1585.0,1071760.0
2024-03-05,1588.0,1615.0,1580.0,1604.5,1280900.0
2024-03-06,1609.0,1610.0,1593.5,1597.0,620504.0
2024-03-07,1598.5,1611.0,1595.0,1600.0,702151.0
2024-03-11,1605.5,1640.0,1601.0,1630.5,1499086.0
2024-03-12,1633.5,1635.0,1612.0,1618.0,680734.0
2024-03-13,1621.0,1623.0,1602.5,1604.0,562913.0
2024-03-14,1606.0,1608.0,1580.0,1585.5,1031273.0
2024-03-15,1582.5,1605.5,1580.0,1594.5,878324.0
2024-03-18,1594.5,1603.0,1585.0,1589.5,482248.0
2024-03-19,1589.5,1594.0,1568.0,1583.0,1172720.0
2024-03-20,1584.5,1624.5,1576.0,1607.0,2283041.0
2024-03-21,1611.5,1628.0,1608.5,1626.5,1485964.0
2024-03-22,1627.5,1635.0,1586.5,1595.0,1593358.0
2024-03-25,1606.0,1613.0,1597.5,1608.0,764969.0
2024-03-26,1610.5,1630.0,1610.0,1625.0,999831.0
2024-03-27,1625.5,1635.0,1617.0,1623.5,1025604.0
2024-03-28,1625.5,1632.0,1610.5,1623.5,1030106.0
2024-03-29,1628.0,1648.0,1620.5,1645.5,1831005.0
2024-04-01,1652.5,1659.0,1636.0,1639.5,1541394.0
2024-04-02,1641.0,1643.0,1627.0,1640.0,814387.0
2024-04-03,1640.5,1642.0,1629.0,1633.5,744890.0
2024-04-04,1635.0,1645.5,1630.5,1633.5,721088.0
2024-04-05,1634.0,1645.0,1633.5,1638.0,633367.0
2024-04-08,1638.5,1641.5,1630.0,1635.5,666064.0
2024-04-09,1637.0,1642.0,1633.0,1639.0,555716.0
2024-04-10,1639.0,1641.5,1633.5,1635.5,405032.0
2024-04-11,1635.5,1638.5,1620.5,1625.5,663489.0
2024-04-12,1625.0,1627.5,1610.5,1620.0,720649.0
2024-04-15,1621.0,1634.0,1620.0,1626.5,628645.0
2024-04-16,1626.5,1631.5,1611.5,1614.5,658519.0
2024-04-17,1614.5,1622.0,1603.0,1614.5,687323.0
2024-04-18,1614.0,1615.0,1600.5,1603.5,414878.0
2024-04-19,1606.5,1620.0,1605.0,1613.0,672786.0
2024-04-22,1616.0,1620.0,1610.0,1614.5,645847.0
2024-04-23,1616.0,1619.5,1604.0,1607.0,568432.0
2024-04-24,1608.0,1611.0,1593.0,1599.0,592742.0
2024-04-25,1600.0,1603.0,1582.0,1596.5,379597.0
2024-04-26,1598.5,1606.0,1595.0,1600.5,403634.0
2024-04-27,1600.5,1605.5,1596.5,1598.0,246822.0
2024-04-29,1598.0,1601.5,1596.0,1599.0,118335.0
2024-04-30,1600.0,1601.5,1593.0,1597.5,107261.0
2024-05-02,1598.5,1603.5,1597.0,1599.5,225884.0
2024-05-03,1600.0,1602.0,1595.5,1597.0,210251.0
2024-05-06,1597.5,1601.0,1587.0,1592.5,388838.0
2024-05-07,1593.5,1652.0,1590.5,1644.0,3659430.0
2024-05-08,1647.0,1661.0,1632.5,1636.0,1280319.0
2024-05-10,1640.5,1640.5,1629.0,1636.0,372890.0
2024-05-13,1642.5,1649.0,1634.0,1643.0,836746.0
2024-05-14,1646.0,1687.0,1643.0,1671.5,2277324.0
2024-05-15,1680.0,1680.0,1651.0,1667.5,909892.0
2024-05-16,1669.5,1682.0,1659.5,1675.5,718388.0
2024-05-17,1678.0,1685.0,1668.5,1679.0,737967.0
2024-05-20,1682.5,1686.0,1663.5,1666.0,875546.0
2024-05-21,1666.5,1674.0,1655.0,1665.0,659020.0
2024-05-22,1667.0,1704.0,1660.0,1703.5,1426705.0
2024-05-23,1703.0,1703.5,1684.0,1692.0,872193.0
2024-05-24,1696.0,1700.0,1635.0,1663.0,1529854.0
2024-05-27,1670.5,1679.5,1622.0,1645.0,2245090.0
2024-05-28,1650.5,1666.0,1625.0,1649.5,986964.0
2024-05-29,1655.5,1680.0,1651.0,1669.0,1108115.0
2024-05-30,1677.5,1694.0,1624.0,1644.0,1894022.0
2024-05-31,1646.5,1660.0,1564.5,1589.0,1830512.0
2024-06-03,1600.0,1626.5,1550.0,1622.0,1945959.0
2024-06-04,1636.0,1636.5,1607.5,1629.0,829291.0
2024-06-05,1633.0,1639.5,1592.0,1602.0,845549.0
2024-06-06,1607.0,1627.0,1590.5,1618.0,540699.0
2024-06-07,1619.5,1659.5,1616.0,1653.5,1937889.0
2024-06-10,1665.0,1667.0,1621.0,1635.0,886120.0
2024-06-11,1635.0,1657.5,1610.5,1637.0,800631.0
2024-06-13,1577.0,1630.0,1528.0,1627.5,1574996.0
2024-06-14,1630.5,1655.0,1623.0,1642.0,622048.0
2024-06-17,1648.0,1658.5,1628.0,1636.0,646081.0
2024-06-18,1637.0,1644.5,1600.0,1611.0,734965.0
2024-06-19,1611.5,1627.0,1580.5,1587.0,1086003.0
2024-06-20,1591.0,1625.0,1528.0,1540.5,3693531.0
2024-06-21,1549.0,1574.0,1545.0,1551.0,1501866.0
2024-06-24,1555.0,1567.5,1548.0,1559.5,744308.0
2024-06-25,1560.0,1582.0,1538.0,1582.0,828473.0
2024-06-26,1584.0,1594.0,1575.0,1592.5,507029.0
2024-06-27,1593.0,1596.5,1582.0,1593.5,403739.0
2024-06-28,1592.5,1625.0,1590.0,1621.5,646494.0
2024-07-01,1621.5,1629.0,1605.5,1625.5,569090.0
2024-07-02,1625.5,1629.5,1610.5,1615.5,328664.0
2024-07-03,1615.5,1619.5,1600.5,1605.0,320075.0
2024-07-04,1607.5,1608.0,1578.5,1581.5,408675.0
2024-07-05,1581.5,1588.0,1557.0,1577.5,777431.0
2024-07-08,1579.5,1588.0,1566.5,1577.0,443230.0
2024-07-09,1577.0,1577.0,1482.0,1502.5,1700004.0
2024-07-10,1505.5,1522.0,1400.0,1411.0,3727274.0
2024-07-11,1413.0,1489.0,1407.0,1473.5,3941126.0
2024-07-12,1483.0,1490.0,1441.0,1463.0,1922111.0
2024-07-15,1472.5,1478.0,1440.0,1449.0,1565225.0
2024-07-16,1449.0,1456.5,1392.5,1443.0,3329026.0
2024-07-17,1442.0,1443.0,1419.0,1437.0,1719923.0
2024-07-18,1290.0,1326.0,1251.0,1323.5,3796590.0
2024-07-19,1329.5,1387.0,1323.5,1380.0,2153518.0
2024-07-22,1387.5,1398.5,1361.0,1375.0,1077724.0
2024-07-23,1378.0,1382.0,1351.0,1373.0,606184.0
2024-07-24,1376.5,1419.5,1374.0,1410.5,996839.0
2024-07-25,1411.0,1413.5,1390.5,1401.5,619816.0
2024-07-26,1401.0,1421.5,1366.0,1388.0,1371964.0
2024-07-29,1385.0,1385.5,1333.5,1355.5,1014145.0
2024-07-30,1334.0,1379.5,1331.0,1373.0,935380.0
2024-07-31,1375.0,1393.5,1368.5,1390.0,564484.0
2024-08-01,1390.5,1397.5,1376.0,1377.5,555848.0
2024-08-02,1380.0,1383.5,1358.0,1368.5,575905.0
2024-08-05,1359.0,1366.5,1325.5,1344.0,1178212.0
2024-08-06,1355.5,1378.0,1340.5,1354.0,663147.0
2024-08-07,1354.0,1381.5,1341.0,1374.5,746955.0
2024-08-08,1375.5,1387.0,1358.5,1365.0,401545.0
2024-08-09,1369.0,1377.0,1360.5,1368.5,244173.0
2024-08-12,1369.5,1373.5,1356.0,1371.5,438771.0
2024-08-13,1375.0,1420.0,1372.5,1416.0,1093574.0
2024-08-14,1417.5,1442.0,1391.0,1399.0,992217.0
2024-08-15,1399.5,1418.5,1371.0,1372.5,712249.0
2024-08-16,1373.0,1390.0,1363.0,1374.5,491420.0
2024-08-19,1387.0,1387.0,1352.5,1370.0,590120.0
2024-08-20,1367.5,1373.0,1333.0,1339.5,1005165.0
2024-08-21,1343.0,1345.5,1324.0,1336.0,610708.0
2024-08-22,1338.0,1344.5,1305.0,1317.0,761414.0
2024-08-23,1317.0,1320.0,1278.0,1303.5,1034521.0
2024-08-26,1331.0,1358.0,1313.0,1331.5,848057.0
2024-08-27,1335.5,1347.0,1310.5,1316.0,741046.0
2024-08-28,1318.5,1318.5,1280.0,1299.0,840531.0
2024-08-29,1301.0,1303.0,1266.5,1286.5,935874.0
2024-08-30,1286.5,1292.5,1236.0,1258.0,1515344.0
2024-09-02,1258.0,1271.5,1201.0,1227.0,2012787.0
2024-09-03,1227.5,1260.0,1203.5,1230.0,1665286.0
2024-09-04,1231.0,1284.0,1222.0,1275.0,1224465.0
2024-09-05,1288.0,1327.0,1263.5,1296.5,1791321.0
2024-09-06,1306.0,1323.0,1290.0,1301.5,1067698.0
2024-09-09,1313.0,1372.0,1309.0,1370.0,1763778.0
2024-09-10,1373.0,1373.0,1317.0,1342.5,1350146.0
2024-09-11,1335.0,1351.5,1305.0,1315.5,902552.0
2024-09-12,1321.0,1337.5,1307.5,1337.5,1033829.0
2024-09-13,1336.0,1369.0,1301.0,1359.5,1649629.0
2024-09-16,1370.0,1398.0,1356.0,1393.0,1633088.0
2024-09-17,1394.0,1405.0,1376.5,1392.5,822387.0
2024-09-18,1395.0,1395.5,1348.0,1364.0,974842.0
2024-09-19,1363.5,1385.0,1355.0,1375.5,443510.0
2024-09-20,1378.5,1393.0,1375.5,1392.0,431528.0
2024-09-23,1397.0,1425.0,1394.0,1420.0,896752.0
2024-09-24,1423.5,1434.0,1403.5,1418.0,773345.0
2024-09-25,1420.5,1421.5,1370.0,1382.5,898563.0
2024-09-26,1382.0,1395.5,1360.0,1391.5,662294.0
2024-09-27,1391.0,1395.0,1375.5,1388.0,405553.0
2024-09-30,1387.5,1411.0,1376.5,1379.0,814795.0
2024-10-01,1377.0,1380.0,1351.5,1367.5,682871.0
2024-10-02,1370.0,1385.0,1343.5,1352.0,765450.0
2024-10-03,1351.0,1366.5,1341.0,1354.0,752551.0
2024-10-04,1358.0,1369.0,1347.0,1350.0,308693.0
2024-10-07,1354.0,1379.5,1346.5,1374.5,537764.0
2024-10-08,1373.0,1395.0,1363.5,1385.0,706514.0
2024-10-09,1385.0,1391.5,1357.0,1368.0,437735.0
2024-10-10,1370.5,1373.5,1357.5,1364.5,288836.0
2024-10-11,1362.0,1367.5,1357.0,1362.5,244539.0
2024-10-14,1362.5,1368.0,1347.0,1360.5,425043.0
2024-10-15,1357.0,1381.5,1354.5,1370.0,752268.0
2024-10-16,1371.5,1379.0,1359.0,1363.0,379565.0
2024-10-17,1363.0,1366.0,1351.5,1351.5,288322.0
2024-10-18,1355.0,1362.5,1334.5,1356.0,797264.0
2024-10-21,1356.0,1361.0,1342.0,1351.5,449540.0
2024-10-22,1351.0,1362.0,1342.0,1348.0,369529.0
2024-10-23,1350.5,1351.5,1324.5,1325.0,527433.0
2024-10-24,1325.0,1350.0,1305.0,1334.5,615177.0
2024-10-25,1335.0,1342.0,1282.0,1291.0,960264.0
2024-10-28,1279.5,1308.0,1235.5,1250.5,1094700.0
2024-10-29,1251.0,1278.0,1234.0,1273.0,502499.0
2024-10-30,1276.5,1282.0,1250.0,1252.0,303771.0
2024-10-31,1242.0,1254.5,1230.0,1242.5,726329.0
2024-11-01,1243.0,1273.0,1238.0,1264.5,422779.0
2024-11-02,1265.0,1277.0,1260.5,1276.0,189871.0
2024-11-05,1285.0,1293.5,1268.5,1274.5,380599.0
2024-11-06,1299.0,1316.0,1290.5,1312.5,849284.0
2024-11-07,1312.5,1340.0,1292.5,1335.5,495274.0
2024-11-08,1341.5,1352.0,1321.0,1348.0,603308.0
2024-11-11,1360.0,1370.0,1355.5,1364.0,567432.0
2024-11-12,1362.5,1374.0,1352.5,1358.0,431449.0
2024-11-13,1360.0,1368.5,1337.0,1340.0,417605.0
2024-11-14,1333.0,1342.5,1314.5,1329.5,338985.0
2024-11-15,1329.5,1345.0,1325.0,1343.5,242781.0
2024-11-18,1277.0,1278.5,1216.0,1222.5,6734066.0
2024-11-19,1222.0,1225.0,1157.0,1166.5,5637868.0
2024-11-20,1173.5,1194.5,1125.0,1144.0,3967915.0
2024-11-21,1146.0,1149.0,1024.0,1092.0,10670237.0
2024-11-22,1095.0,1096.0,1060.0,1072.0,2785104.0
2024-11-25,1071.5,1079.0,1043.0,1054.0,1727857.0
2024-11-26,1052.0,1087.5,1015.0,1031.0,4134977.0
2024-11-27,1031.5,1045.0,988.5,1042.5,2607349.0
2024-11-28,1042.0,1050.5,1010.5,1040.0,1255738.0
2024-11-29,1040.0,1059.0,998.0,1016.0,2910213.0
2024-12-02,1018.5,1029.0,999.0,1002.5,1476024.0
2024-12-03,1003.0,1005.5,963.0,966.0,1976821.0
2024-12-04,964.5,972.5,915.0,919.5,2301757.0
2024-12-05,920.0,949.5,891.5,942.5,4300079.0
2024-12-06,957.0,984.0,936.0,964.0,3253531.0
2024-12-09,974.0,994.0,960.0,979.5,1415485.0
2024-12-10,980.0,980.0,951.0,952.5,1042887.0
2024-12-11,946.0,954.0,933.0,953.5,1055930.0
2024-12-12,954.0,963.0,923.5,927.0,1190648.0
2024-12-13,926.5,936.5,922.0,926.0,658650.0
2024-12-16,921.5,923.0,894.0,895.5,1244355.0
2024-12-17,895.5,906.5,888.5,901.0,1043419.0
2024-12-18,906.5,926.0,896.0,923.0,1411703.0
2024-12-19,925.0,928.0,914.0,922.0,1087389.0
2024-12-20,922.5,1013.0,915.0,995.5,2521707.0
2024-12-23,1020.0,1057.5,1010.0,1042.0,2277578.0
2024-12-24,1044.5,1073.5,1013.5,1054.0,2092692.0
2024-12-25,1051.5,1125.5,1047.5,1125.0,3551178.0
2024-12-26,1126.0,1165.0,1112.5,1126.5,2905613.0
2024-12-27,1129.0,1159.5,1122.0,1151.0,1775607.0
2024-12-28,1151.0,1237.5,1150.0,1232.0,4119443.0
2024-12-30,1244.0,1274.5,1195.0,1230.5,3545841.0
2025-01-03,1226.5,1228.0,1177.0,1196.5,1613603.0
2025-01-06,1187.5,1196.0,1177.5,1194.0,485364.0
2025-01-08,1195.0,1211.0,1193.5,1203.0,452131.0
2025-01-09,1206.0,1209.0,1128.0,1136.0,1670422.0
2025-01-10,1140.0,1184.0,1138.5,1172.0,2139104.0
2025-01-13,1184.0,1193.0,1169.5,1170.5,1326860.0
2025-01-14,1169.0,1172.0,1145.0,1155.5,1216871.0
2025-01-15,1156.0,1169.5,1140.0,1166.5,935840.0
2025-01-16,1169.0,1195.0,1165.0,1183.5,1149466.0
2025-01-17,1183.5,1209.5,1178.0,1197.0,1079688.0
2025-01-20,1200.5,1209.0,1151.5,1166.0,1317246.0
2025-01-21,1165.0,1169.5,1127.0,1168.5,789961.0
2025-01-22,1170.0,1195.0,1155.5,1167.0,1097276.0
2025-01-23,1168.5,1182.5,1152.5,1179.5,611595.0
2025-01-24,1176.0,1187.5,1161.0,1166.0,622042.0
2025-01-27,1168.0,1175.0,1142.5,1152.0,540393.0
2025-01-28,1152.0,1184.5,1134.5,1171.0,847192.0
2025-01-29,1171.0,1178.0,1153.0,1157.0,546450.0
2025-01-30,1160.0,1177.0,1143.5,1163.0,1459284.0
2025-01-31,1165.0,1195.5,1146.0,1156.0,1736490.0
2025-02-03,1154.4,1159.0,1141.0,1151.6,774465.0
2025-02-04,1151.6,1165.4,1111.2,1119.2,1796252.0
2025-02-05,1119.0,1143.8,1105.6,1140.0,1268374.0
2025-02-06,1141.2,1151.2,1122.0,1130.8,783326.0
2025-02-07,1131.0,1139.0,1117.0,1120.8,558301.0
2025-02-10,1127.8,1156.0,1127.0,1130.4,1259757.0
2025-02-11,1134.0,1188.2,1131.8,1183.6,1888399.0
2025-02-12,1185.6,1265.0,1183.0,1253.0,3566681.0
2025-02-13,1269.0,1311.8,1221.0,1233.6,2615611.0
2025-02-14,1220.2,1268.4,1187.0,1209.0,2656751.0
2025-02-17,1233.6,1260.0,1224.8,1255.6,1898600.0
2025-02-18,1259.6,1265.8,1222.8,1233.6,1679663.0
2025-02-19,1235.0,1252.0,1230.0,1246.0,831216.0
2025-02-20,1246.0,1256.8,1231.4,1235.2,1142763.0
2025-02-21,1234.6,1246.0,1210.4,1225.6,1211890.0
2025-02-24,1228.4,1247.4,1215.2,1237.0,1492181.0
2025-02-25,1239.4,1247.0,1225.4,1232.6,1290466.0
2025-02-26,1233.4,1239.0,1183.2,1197.6,1643650.0
2025-02-27,1198.2,1201.0,1162.4,1172.0,1384158.0
2025-02-28,1172.0,1190.0,1155.2,1178.4,1299096.0
2025-03-01,1181.2,1194.8,1181.2,1190.6,37958.0
2025-03-02,1190.0,1197.4,1173.8,1179.8,79676.0
2025-03-03,1179.0,1181.4,1141.2,1154.2,1636882.0
2025-03-04,1161.8,1177.6,1144.0,1161.0,1953931.0
2025-03-05,1162.2,1166.8,1137.0,1144.2,1791540.0
2025-03-06,1146.0,1161.2,1132.0,1150.8,1122939.0
2025-03-07,1151.4,1160.4,1120.0,1141.0,1257175.0
2025-03-10,1141.4,1182.0,1141.0,1167.6,1473559.0
2025-03-11,1172.0,1182.4,1146.0,1159.8,1778898.0
2025-03-12,1160.4,1169.0,1144.0,1159.6,675184.0
2025-03-13,1161.8,1165.6,1137.2,1152.0,1442798.0
2025-03-14,1148.4,1172.0,1146.0,1165.6,807624.0
2025-03-15,1165.6,1172.0,1165.6,1168.8,42458.0
2025-03-16,1170.0,1186.6,1169.6,1184.0,145464.0
2025-03-17,1183.6,1204.0,1179.6,1192.0,1487478.0
2025-03-18,1192.0,1220.0,1182.0,1190.0,2016076.0
2025-03-19,1191.6,1258.0,1190.6,1253.8,2731077.0
2025-03-20,1253.8,1277.0,1235.8,1245.6,2131111.0
2025-03-21,1243.4,1256.8,1222.0,1231.8,1072705.0
2025-03-24,1233.0,1265.8,1222.2,1234.8,1511982.0
2025-03-25,1233.6,1248.8,1200.2,1231.0,1440647.0
2025-03-26,1232.2,1239.0,1204.4,1210.0,685656.0
2025-03-27,1208.8,1210.2,1171.8,1176.0,1276876.0
2025-03-28,1176.8,1217.2,1161.4,1200.8,3021474.0
2025-03-29,1202.0,1206.4,1185.4,1195.6,161573.0
2025-03-30,1195.0,1197.4,1170.8,1170.8,239722.0
2025-03-31,1169.4,1259.0,1153.2,1257.4,2707141.0
2025-04-01,1259.6,1272.0,1212.0,1227.2,3182624.0
2025-04-02,1227.6,1288.8,1217.6,1280.2,2963231.0
2025-04-03,1281.0,1302.8,1246.8,1271.0,2601030.0
2025-04-04,1279.0,1282.2,1198.0,1208.4,2888704.0
2025-04-05,1202.0,1218.8,1184.4,1207.4,277027.0
2025-04-06,1209.0,1230.0,1204.8,1221.8,159352.0
2025-04-07,1202.2,1217.0,1148.2,1196.8,2967620.0
2025-04-08,1205.0,1260.0,1200.6,1215.0,2497158.0
2025-04-09,1214.8,1257.4,1190.2,1249.4,2313445.0
2025-04-10,1249.0,1258.0,1214.6,1228.4,853017.0
2025-04-11,1229.0,1255.0,1229.0,1247.0,1042236.0
2025-04-12,1247.4,1263.8,1247.4,1259.6,125027.0
2025-04-13,1265.8,1269.6,1260.2,1264.2,158575.0
2025-04-14,1265.8,1267.8,1230.8,1236.8,739092.0
2025-04-15,1242.2,1274.6,1233.8,1267.2,1241995.0
2025-04-16,1267.2,1301.4,1256.2,1286.6,2049506.0
2025-04-17,1285.0,1316.4,1282.2,1313.6,1883514.0
2025-04-18,1302.0,1303.4,1268.8,1287.0,1310278.0
2025-04-21,1292.6,1319.6,1280.0,1316.0,1119200.0
2025-04-22,1320.0,1334.8,1291.0,1309.0,1905235.0
2025-04-23,1313.8,1314.0,1281.6,1286.6,1070236.0
2025-04-24,1289.6,1308.8,1285.2,1291.6,1154349.0
2025-04-25,1293.0,1325.0,1293.0,1317.6,1189650.0
2025-04-26,1317.6,1329.8,1312.6,1317.4,135026.0
2025-04-27,1318.0,1323.6,1317.2,1322.4,32239.0
2025-04-28,1322.4,1323.6,1294.8,1297.2,1280993.0
2025-04-29,1298.4,1304.0,1281.2,1288.2,811878.0
2025-04-30,1289.8,1289.8,1263.2,1273.4,759304.0
2025-05-02,1273.8,1277.4,1243.4,1246.0,376804.0
2025-05-03,1244.2,1253.6,1240.8,1251.2,33892.0
2025-05-04,1253.0,1268.8,1250.2,1256.0,39365.0
2025-05-05,1255.4,1257.2,1202.0,1227.8,875159.0
2025-05-06,1230.0,1257.4,1217.2,1230.0,962291.0
2025-05-07,1230.2,1238.0,1213.4,1231.2,1594672.0
2025-05-08,1230.0,1245.2,1222.0,1227.4,570355.0
2025-05-10,1229.8,1233.8,1227.4,1230.8,38300.0
2025-05-11,1240.0,1253.8,1237.4,1246.0,147757.0
2025-05-12,1249.0,1255.8,1234.0,1243.8,980960.0
2025-05-13,1243.0,1247.8,1215.6,1224.0,1784631.0
2025-05-14,1224.0,1232.0,1207.4,1210.0,1017146.0
2025-05-15,1209.8,1227.0,1202.0,1214.0,1454426.0
2025-05-16,1216.2,1219.8,1192.0,1208.8,1085716.0
2025-05-17,1210.2,1221.8,1210.2,1218.8,58188.0
2025-05-18,1222.0,1228.8,1221.0,1226.2,62713.0
2025-05-19,1226.2,1231.2,1213.0,1221.4,979819.0
2025-05-20,1224.2,1259.8,1216.6,1250.0,1658998.0
2025-05-21,1251.4,1255.2,1225.2,1232.0,1180363.0
2025-05-22,1237.0,1252.0,1211.0,1236.2,1411907.0
2025-05-23,1236.4,1244.4,1227.6,1232.0,568688.0
2025-05-26,1232.0,1241.2,1210.2,1230.0,868256.0
2025-05-27,1229.2,1270.4,1221.6,1269.4,1282461.0
2025-05-28,1270.0,1297.6,1247.2,1281.8,2166726.0
2025-05-29,1287.4,1294.8,1270.0,1271.2,863423.0
2025-05-30,1271.4,1301.8,1271.2,1293.6,1206138.0
2025-05-31,1296.8,1298.4,1291.6,1296.8,45054.0
2025-06-01,1296.8,1298.0,1255.0,1270.8,417374.0
2025-06-02,1279.4,1318.4,1270.2,1303.6,2758828.0
2025-06-03,1308.8,1322.0,1304.0,1321.4,1187206.0
2025-06-04,1323.4,1335.4,1308.4,1312.0,1010247.0
2025-06-05,1316.0,1349.6,1312.4,1339.4,1160087.0
2025-06-06,1340.0,1360.0,1325.4,1329.8,1321731.0
2025-06-07,1336.6,1340.0,1320.8,1336.6,62425.0
2025-06-08,1337.4,1340.0,1335.0,1337.4,39342.0
2025-06-09,1337.8,1340.0,1301.0,1316.0,813327.0
2025-06-10,1317.2,1324.0,1300.0,1306.0,552646.0
2025-06-11,1309.8,1312.6,1292.2,1300.8,562323.0
2025-06-13,1311.4,1319.2,1304.0,1313.4,256628.0
2025-06-14,1313.4,1322.0,1313.0,1320.0,55800.0
2025-06-15,1325.0,1331.0,1309.6,1319.2,109851.0
2025-06-16,1320.2,1324.0,1310.0,1317.6,342634.0
2025-06-17,1317.6,1326.8,1312.0,1318.4,413831.0
2025-06-18,1318.4,1340.0,1315.8,1331.4,582907.0
2025-06-19,1337.6,1349.0,1327.4,1337.0,542001.0
2025-06-20,1339.8,1353.0,1330.4,1350.8,537754.0
2025-06-23,1357.0,1398.0,1353.6,1379.8,1562235.0
2025-06-24,1377.0,1387.6,1347.0,1361.0,1203716.0
2025-06-25,1364.8,1382.4,1358.8,1377.4,614278.0
2025-06-26,1377.2,1404.0,1376.4,1402.8,954880.0
2025-06-27,1403.2,1408.0,1367.2,1390.2,1841050.0
2025-06-28,1390.2,1390.4,1385.0,1388.0,51838.0
2025-06-29,1387.8,1389.0,1376.4,1380.8,83624.0
2025-06-30,1380.6,1387.0,1372.2,1382.6,726130.0
2025-07-01,1383.6,1408.2,1375.0,1402.8,1177886.0
2025-07-02,1404.4,1418.6,1396.8,1414.4,753709.0
2025-07-03,1419.0,1437.8,1401.0,1428.0,850391.0
2025-07-04,1425.0,1440.0,1402.4,1418.6,1073775.0
2025-07-05,1423.8,1424.4,1419.6,1424.2,22354.0
2025-07-06,1424.2,1424.4,1416.6,1419.0,20418.0
2025-07-07,1419.0,1424.8,1405.0,1406.4,452851.0
2025-07-08,1406.4,1416.0,1387.0,1390.2,684677.0
2025-07-09,1392.0,1421.6,1385.0,1401.2,935516.0
2025-07-10,1397.6,1418.2,1397.6,1408.2,597374.0
2025-07-11,1410.0,1410.0,1387.0,1390.0,787472.0
2025-07-12,1390.2,1392.6,1384.6,1387.2,32995.0
2025-07-13,1387.2,1392.6,1383.8,1384.0,35779.0
2025-07-14,1380.0,1419.6,1357.4,1416.0,1187229.0
2025-07-15,1416.0,1435.0,1413.8,1434.0,929055.0
2025-07-16,1432.4,1499.0,1431.4,1499.0,2474813.0
2025-07-17,1340.0,1348.0,1302.0,1306.0,3118383.0
2025-07-18,1309.4,1352.0,1306.0,1339.0,1451430.0
2025-07-19,1345.8,1348.8,1341.0,1344.0,91810.0
2025-07-20,1344.6,1349.0,1342.4,1345.2,61034.0
2025-07-21,1346.0,1354.8,1330.8,1334.2,876443.0
2025-07-22,1334.2,1352.8,1330.8,1352.0,655688.0
2025-07-23,1352.0,1362.0,1319.4,1334.2,1459920.0
2025-07-24,1338.4,1340.0,1310.6,1318.6,635452.0
2025-07-25,1318.6,1331.6,1314.0,1321.4,813307.0
2025-07-26,1327.8,1327.8,1321.8,1323.8,13960.0
2025-07-27,1325.0,1329.8,1323.0,1328.4,18252.0
2025-07-28,1331.6,1332.0,1298.0,1301.0,567106.0
2025-07-29,1301.6,1308.6,1284.2,1291.0,472626.0
2025-07-30,1291.0,1293.8,1261.6,1263.6,767183.0
2025-07-31,1266.6,1296.0,1263.2,1285.2,529433.0
2025-08-01,1285.2,1314.8,1283.2,1311.0,734812.0
2025-08-04,1311.2,1322.8,1301.0,1316.8,864866.0
2025-08-05,1321.6,1323.0,1313.0,1319.0,390806.0
2025-08-06,1321.6,1343.0,1312.0,1330.6,878334.0
2025-08-07,1330.0,1357.2,1327.0,1342.6,1227696.0
2025-08-08,1342.6,1357.8,1339.2,1357.4,798197.0
2025-08-11,1360.4,1372.4,1342.8,1346.0,980291.0
2025-08-12,1348.0,1353.8,1340.0,1341.6,594795.0
2025-08-13,1342.2,1348.0,1334.8,1342.0,469939.0
2025-08-14,1342.0,1342.8,1324.0,1337.2,606785.0
2025-08-15,1338.8,1353.0,1337.2,1343.4,664530.0
2025-08-16,1338.0,1340.0,1325.0,1332.6,105944.0
2025-08-17,1330.4,1334.6,1328.0,1330.2,30647.0
2025-08-18,1330.4,1349.0,1326.4,1340.4,473384.0
2025-08-19,1340.6,1353.4,1333.2,1337.4,473327.0
2025-08-20,1337.4,1342.4,1320.4,1330.0,346006.0
2025-08-21,1331.0,1331.8,1307.8,1312.6,384524.0
2025-08-22,1312.8,1323.0,1298.0,1322.4,625292.0
2025-08-23,1322.2,1327.2,1319.4,1325.8,19760.0
2025-08-24,1325.8,1325.8,1316.2,1321.0,20671.0
2025-08-25,1320.8,1332.8,1312.0,1319.4,483596.0
2025-08-26,1321.0,1331.4,1304.0,1309.2,439075.0
2025-08-27,1309.2,1315.0,1305.6,1311.0,225615.0
2025-08-28,1314.0,1316.8,1292.6,1299.2,419807.0
2025-08-29,1300.0,1316.0,1297.2,1314.6,431014.0
2025-08-30,1316.0,1317.4,1311.4,1316.0,24461.0
2025-08-31,1317.0,1320.0,1316.2,1319.0,24539.0
2025-09-01,1320.0,1329.6,1309.8,1313.6,231240.0
2025-09-02,1314.6,1322.4,1305.0,1318.6,362595.0
2025-09-03,1320.0,1324.4,1306.4,1317.2,407245.0
2025-09-04,1315.2,1336.0,1311.8,1327.6,564365.0
2025-09-05,1328.6,1345.0,1321.4,1343.8,556842.0
2025-09-06,1344.2,1347.4,1340.4,1341.0,20108.0
2025-09-07,1341.0,1345.6,1340.0,1344.8,22458.0
2025-09-08,1346.2,1349.0,1331.8,1344.0,347693.0
2025-09-09,1344.0,1347.6,1318.2,1328.0,680510.0
2025-09-10,1327.6,1328.0,1311.6,1314.6,571135.0
2025-09-11,1314.6,1321.6,1297.0,1304.0,807655.0
2025-09-12,1303.8,1313.0,1287.2,1289.6,764259.0
2025-09-13,1290.0,1297.4,1289.8,1292.4,42210.0
2025-09-14,1293.0,1294.4,1289.2,1294.2,30902.0
2025-09-15,1294.6,1295.6,1265.4,1275.2,589009.0
2025-09-16,1276.8,1285.6,1264.0,1275.6,497979.0
2025-09-17,1275.8,1279.4,1256.6,1263.6,532963.0
2025-09-18,1264.6,1267.6,1246.8,1247.4,455557.0
2025-09-19,1249.6,1251.6,1216.0,1218.2,661546.0
2025-09-22,1223.6,1265.0,1207.6,1261.8,977379.0
2025-09-23,1261.6,1274.0,1224.2,1231.4,669809.0
2025-09-24,1232.4,1256.2,1225.2,1248.0,401382.0
2025-09-25,1248.8,1258.0,1230.0,1235.0,275693.0
2025-09-26,1235.6,1242.2,1223.0,1230.8,298035.0
2025-09-27,1230.8,1235.4,1228.8,1229.0,15611.0
2025-09-28,1229.2,1233.6,1225.6,1230.8,17946.0
2025-09-29,1231.0,1271.0,1226.4,1243.8,1098309.0
2025-09-30,1244.0,1260.8,1228.4,1231.8,621904.0
2025-10-01,1233.4,1242.0,1222.2,1239.8,394501.0
2025-10-02,1238.6,1247.0,1222.0,1230.8,439620.0
2025-10-03,1233.0,1244.8,1215.0,1215.6,463293.0
2025-10-04,1216.0,1221.8,1206.0,1212.0,80632.0
2025-10-05,1212.4,1224.8,1208.0,1224.8,55121.0
2025-10-06,1225.0,1263.0,1214.8,1253.0,582420.0
2025-10-07,1252.0,1272.0,1242.0,1272.0,420457.0
2025-10-08,1272.0,1275.0,1235.2,1243.0,634943.0
2025-10-09,1249.2,1251.2,1210.2,1242.0,887695.0
2025-10-10,1243.8,1256.8,1226.0,1229.0,625041.0
2025-10-11,1226.2,1228.8,1216.6,1227.6,47088.0
2025-10-12,1227.8,1229.8,1225.4,1227.0,21559.0
2025-10-13,1229.6,1238.2,1213.0,1229.8,626516.0
2025-10-14,1229.8,1237.6,1212.6,1215.6,407674.0
2025-10-15,1216.8,1238.4,1209.0,1228.0,589946.0
2025-10-16,1230.0,1295.6,1222.4,1292.6,1497813.0
2025-10-17,1292.8,1301.6,1271.2,1289.4,891132.0
2025-10-18,1289.6,1305.2,1289.4,1299.2,115845.0
2025-10-19,1299.2,1306.0,1286.0,1291.8,48016.0
2025-10-20,1298.0,1309.4,1280.0,1296.8,543620.0
2025-10-21,1299.8,1299.8,1260.0,1277.4,1001890.0
2025-10-22,1277.4,1292.4,1246.0,1257.6,542697.0
2025-10-23,1248.2,1252.8,1225.0,1246.0,570753.0
2025-10-24,1244.0,1254.8,1223.0,1227.6,379242.0
2025-10-27,1227.6,1230.8,1200.0,1200.4,641002.0
2025-10-28,1200.4,1223.6,1178.0,1216.0,614795.0
2025-10-29,1217.2,1232.0,1212.2,1226.6,297216.0
2025-10-30,1226.4,1238.4,1218.4,1233.0,284006.0
2025-10-31,1233.0,1238.4,1215.0,1219.4,226671.0
2025-11-01,1220.0,1230.0,1219.0,1227.2,104650.0
2025-11-03,1230.0,1245.0,1228.0,1241.4,114518.0
2025-11-05,1240.2,1263.2,1231.0,1248.0,353970.0
2025-11-06,1251.0,1261.2,1240.0,1258.8,449673.0
2025-11-07,1258.8,1272.6,1253.8,1267.8,284944.0
2025-11-08,1270.0,1272.2,1265.4,1268.8,23134.0
2025-11-09,1266.4,1270.0,1265.0,1268.6,13477.0
2025-11-10,1271.4,1275.0,1250.0,1264.2,463996.0
2025-11-11,1266.0,1282.0,1261.8,1276.2,267771.0
2025-11-12,1276.6,1279.8,1250.2,1260.2,269463.0
2025-11-13,1260.2,1267.6,1251.6,1263.0,297270.0
2025-11-14,1262.6,1265.0,1244.8,1258.0,426524.0
2025-11-15,1257.0,1259.8,1255.0,1256.6,9914.0
2025-11-16,1255.0,1255.4,1240.0,1249.4,129457.0
2025-11-17,1249.0,1259.0,1239.6,1244.6,375162.0
2025-11-18,1244.6,1271.0,1238.6,1250.6,479493.0
2025-11-19,1252.0,1291.4,1245.2,1275.6,743814.0
2025-11-20,1282.2,1309.0,1272.0,1306.6,834406.0
2025-11-21,1306.4,1311.2,1273.0,1291.8,498502.0
2025-11-24,1293.6,1305.0,1268.0,1283.4,405068.0
2025-11-25,1283.6,1319.2,1273.6,1305.0,582938.0
2025-11-26,1305.4,1330.0,1301.6,1313.0,596883.0
2025-11-27,1309.0,1319.4,1287.6,1299.0,353702.0
2025-11-28,1295.4,1318.0,1295.4,1318.0,366374.0
2025-11-29,1321.0,1321.4,1312.8,1313.6,21085.0
2025-11-30,1317.0,1323.0,1314.0,1321.8,24412.0
2025-12-01,1321.8,1339.8,1314.6,1329.6,569842.0
2025-12-02,1329.8,1339.4,1325.8,1326.2,379158.0
2025-12-03,1319.8,1324.2,1297.2,1321.6,468699.0
2025-12-04,1322.0,1333.4,1321.6,1325.2,171026.0
2025-12-05,1327.8,1351.0,1325.0,1342.8,425172.0
2025-12-08,1343.0,1351.4,1335.2,1343.2,342927.0
2025-12-09,1342.0,1360.0,1333.4,1358.4,249318.0
2025-12-10,1358.4,1367.0,1346.2,1352.6,341518.0
2025-12-11,1353.0,1365.8,1341.0,1350.4,500007.0
2025-12-12,1349.6,1353.6,1321.4,1327.2,475266.0
2025-12-13,1330.0,1335.4,1329.8,1335.0,20268.0
2025-12-14,1334.8,1334.8,1325.2,1327.2,20252.0
2025-12-15,1330.6,1341.0,1322.0,1338.6,446060.0
2025-12-16,1337.4,1357.0,1335.0,1354.4,368939.0
2025-12-17,1354.6,1367.0,1345.6,1356.4,523595.0
2025-12-18,1357.6,1361.4,1343.0,1352.8,462436.0
2025-12-19,1353.4,1359.0,1341.6,1349.8,349878.0
2025-12-20,1350.6,1352.0,1343.6,1346.2,27844.0
2025-12-21,1350.6,1352.6,1344.6,1348.6,17659.0
2025-12-22,1350.0,1351.8,1326.6,1328.8,393312.0
2025-12-23,1328.8,1348.8,1326.6,1338.6,274657.0
2025-12-24,1339.6,1356.4,1335.0,1353.8,223421.0
2025-12-25,1354.6,1361.0,1344.2,1349.6,265030.0
2025-12-26,1351.4,1392.6,1348.6,1390.8,823153.0
2025-12-27,1394.0,1396.8,1385.0,1391.4,75281.0
2025-12-28,1392.0,1392.6,1380.0,1387.2,65262.0
2025-12-29,1387.0,1404.4,1366.0,1377.4,601821.0
2025-12-30,1375.8,1384.8,1367.4,1378.0,345511.0
2026-01-05,1378.0,1400.4,1368.0,1394.0,288870.0
2026-01-06,1396.0,1421.8,1394.0,1409.8,345271.0
2026-01-08,1410.0,1410.2,1393.6,1395.2,214784.0
2026-01-09,1398.4,1415.6,1393.6,1409.2,179033.0
2026-01-12,1409.0,1421.0,1380.6,1393.2,659037.0
2026-01-13,1393.2,1403.6,1363.4,1374.4,584037.0
2026-01-14,1374.2,1411.0,1365.8,1396.0,715365.0
2026-01-15,1397.4,1410.8,1387.6,1399.8,371247.0
2026-01-16,1399.8,1404.6,1389.4,1395.2,341024.0
2026-01-17,1396.0,1399.2,1395.0,1395.8,10793.0
2026-01-18,1395.2,1400.0,1393.0,1399.2,22399.0
2026-01-19,1399.2,1418.0,1396.0,1406.6,797716.0
2026-01-20,1407.0,1419.2,1401.4,1415.6,650690.0
2026-01-21,1417.0,1423.4,1407.4,1413.6,509566.0
2026-01-22,1414.2,1424.8,1408.0,1418.8,581454.0
2026-01-23,1418.8,1436.8,1412.2,1429.8,399683.0
2026-01-24,1431.6,1435.8,1420.0,1426.0,64703.0
2026-01-25,1427.0,1433.4,1423.4,1433.0,36180.0
2026-01-26,1432.8,1439.0,1420.4,1426.0,392816.0
2026-01-27,1427.4,1433.2,1421.0,1421.8,324098.0
2026-01-28,1423.8,1426.8,1407.0,1415.0,446247.0
2026-01-29,1416.0,1428.6,1410.0,1416.8,473205.0
2026-01-30,1419.6,1425.6,1410.0,1411.4,238637.0
2026-01-31,1411.6,1419.6,1411.2,1418.2,19229.0
2026-02-01,1418.0,1426.2,1413.8,1425.0,39764.0
2026-02-02,1419.8,1422.8,1400.0,1405.0,374589.0
2026-02-03,1410.2,1414.4,1404.6,1405.8,307193.0
2026-02-04,1407.8,1421.6,1403.2,1404.0,422726.0
2026-02-05,1404.0,1409.0,1394.0,1404.0,366705.0
2026-02-06,1408.4,1409.8,1387.4,1390.6,199420.0
2026-02-07,1390.6,1405.4,1388.8,1397.8,65470.0
2026-02-08,1399.2,1402.2,1395.8,1397.8,19488.0
2026-02-09,1396.8,1397.0,1378.8,1390.6,295043.0
2026-02-10,1395.4,1406.0,1382.8,1400.0,307924.0
2026-02-11,1401.4,1408.4,1385.0,1399.2,455816.0
2026-02-12,1404.2,1405.8,1394.6,1400.2,253555.0
2026-02-13,1405.0,1430.0,1399.4,1427.2,498496.0
2026-02-16,1427.2,1436.6,1414.2,1420.2,346805.0
2026-02-17,1424.6,1436.0,1418.2,1429.6,259398.0
2026-02-18,1434.4,1457.0,1425.6,1447.8,648605.0
2026-02-19,1448.0,1451.2,1428.0,1434.4,377644.0
2026-02-20,1440.0,1454.0,1432.4,1444.8,321376.0
2026-02-21,1447.6,1448.0,1443.6,1446.0,16475.0
2026-02-22,1446.8,1449.8,1443.6,1448.4,33948.0
2026-02-23,1447.0,1448.8,1442.8,1445.2,22286.0
2026-02-24,1446.0,1448.6,1413.0,1417.8,1009002.0
2026-02-25,1417.8,1429.0,1414.0,1424.2,327514.0
2026-02-26,1428.2,1432.0,1420.4,1421.6,189076.0
2026-02-27,1424.8,1428.4,1418.0,1427.2,177245.0
2026-02-28,1428.8,1448.6,1414.8,1442.0,288580.0
2026-03-01,1445.0,1470.0,1445.0,1464.6,857843.0
2026-03-02,1459.2,1460.0,1422.8,1429.8,1141231.0
2026-03-03,1432.8,1445.0,1416.8,1420.8,897400.0
2026-03-04,1422.0,1435.2,1407.2,1418.0,492376.0
2026-03-05,1424.0,1430.0,1419.2,1424.0,224544.0
2026-03-06,1423.0,1429.0,1405.8,1408.6,453665.0
2026-03-09,1416.2,1441.0,1412.2,1422.0,541001.0
2026-03-10,1421.0,1426.2,1395.6,1405.8,736736.0
2026-03-11,1408.0,1409.6,1380.8,1391.0,878959.0
2026-03-12,1393.2,1411.0,1388.6,1405.0,579002.0
2026-03-13,1408.8,1416.6,1398.0,1399.8,320624.0
2026-03-14,1402.0,1413.8,1402.0,1409.4,58738.0
2026-03-15,1412.0,1414.4,1409.6,1414.4,22859.0
2026-03-16,1412.0,1418.8,1388.4,1397.6,516757.0
2026-03-17,1399.0,1406.6,1390.0,1399.0,408065.0
2026-03-18,1399.6,1411.0,1392.4,1397.4,488731.0
2026-03-19,1398.4,1407.8,1392.0,1402.2,552274.0
2026-03-20,1404.8,1415.4,1401.6,1406.0,479591.0
2026-03-23,1410.0,1414.4,1390.0,1399.2,551122.0
2026-03-24,1399.2,1420.0,1396.4,1410.8,377461.0
2026-03-25,1409.8,1417.8,1407.4,1410.0,328673.0
2026-03-26,1410.0,1413.2,1375.4,1385.0,788176.0
2026-03-27,1386.0,1390.0,1344.4,1376.8,1210976.0
2026-03-28,1377.0,1398.4,1372.6,1385.8,125588.0
2026-03-29,1385.8,1395.4,1383.8,1395.4,57840.0
2026-03-30,1395.6,1396.8,1360.8,1368.8,775500.0
2026-03-31,1371.2,1374.0,1327.4,1360.6,1815199.0
2026-04-01,1364.4,1373.0,1350.2,1358.8,601035.0
2026-04-02,1360.0,1380.0,1351.2,1374.2,634945.0
2026-04-03,1377.8,1382.4,1358.4,1368.4,502077.0
2026-04-04,1375.4,1377.0,1365.0,1371.2,57445.0
2026-04-05,1371.2,1377.6,1370.0,1375.6,46269.0
2026-04-06,1369.4,1379.4,1361.4,1371.6,379640.0
2026-04-07,1376.0,1390.8,1370.0,1372.4,453675.0
2026-04-08,1360.0,1393.4,1355.2,1385.8,490626.0
2026-04-09,1389.8,1398.4,1374.2,1384.8,356090.0
2026-04-10,1387.6,1396.8,1379.2,1380.8,243908.0
2026-04-11,1380.8,1387.4,1379.0,1382.6,26372.0
2026-04-12,1384.0,1395.0,1384.0,1395.0,81962.0
2026-04-13,1394.0,1396.0,1370.2,1372.2,347604.0
2026-04-14,1374.6,1384.4,1365.0,1375.8,306625.0
2026-04-15,1376.0,1393.8,1375.2,1393.2,207259.0
2026-04-16,1393.2,1400.0,1383.6,1387.0,281948.0
2026-04-17,1388.0,1396.6,1379.8,1383.4,269033.0
2026-04-18,1390.0,1394.6,1384.2,1387.8,30552.0
2026-04-19,1387.8,1393.0,1387.8,1392.6,24451.0
2026-04-20,1392.4,1397.0,1371.0,1382.0,390585.0
2026-04-21,1384.8,1385.2,1370.8,1375.6,406458.0
2026-04-22,1375.6,1389.4,1375.2,1381.6,230701.0
2026-04-23,1383.8,1395.6,1377.8,1389.2,245174.0
2026-04-24,1389.2,1396.0,1377.8,1384.8,392449.0
2026-04-25,1384.8,1390.8,1384.6,1387.2,15049.0
2026-04-26,1387.2,1390.0,1385.0,1387.0,13118.0
2026-04-27,1387.8,1389.0,1381.0,1382.2,162155.0
2026-04-28,1382.2,1386.6,1364.2,1369.2,284847.0
2026-04-29,1370.0,1380.0,1353.2,1361.0,629734.0
2026-04-30,1363.8,1378.2,1361.0,1374.4,425975.0
2026-05-01,1374.4,1376.4,1370.0,1371.2,25387.0
2026-05-02,1373.8,1374.6,1367.2,1371.6,15844.0
2026-05-03,1372.0,1374.8,1369.8,1372.8,14499.0
2026-05-04,1370.8,1390.0,1368.8,1382.0,322378.0
2026-05-05,1382.0,1388.8,1372.0,1387.6,271681.0
2026-05-06,1387.6,1393.4,1377.6,1387.0,323803.0
2026-05-07,1387.2,1392.4,1374.2,1377.4,203180.0
2026-05-08,1379.0,1380.6,1361.0,1376.2,288831.0
2026-05-11,1384.8,1386.8,1379.4,1383.4,131966.0
2026-05-12,1383.4,1394.8,1379.2,1391.4,200733.0
2026-05-13,1393.2,1415.2,1382.8,1414.8,370572.0
2026-05-14,1414.6,1423.6,1395.6,1397.8,275813.0
2026-05-15,1397.8,1409.8,1391.0,1395.8,221772.0
2026-05-16,1395.8,1402.0,1395.8,1400.8,15786.0
2026-05-17,1404.0,1405.0,1398.2,1399.0,25157.0
2026-05-18,1399.0,1405.0,1387.8,1399.8,234449.0
2026-05-19,1404.0,1411.4,1399.4,1409.2,143421.0
2026-05-20,1409.2,1414.6,1396.2,1402.6,328181.0
2026-05-21,1402.6,1419.0,1400.8,1418.2,260175.0
2026-05-22,1415.4,1420.0,1408.2,1415.0,230381.0
2026-05-23,1413.8,1416.6,1410.0,1413.6,19301.0
2026-05-24,1412.8,1418.8,1410.0,1414.4,49968.0
2026-05-25,1415.0,1425.0,1392.6,1396.0,413974.0
