Date,Open,High,Low,Close,Volume
2007-05-28,724.5,874.5,700.0,708.0,844488.0
2007-05-29,710.0,724.5,689.0,697.5,974955.6
2007-05-30,688.5,695.0,677.5,692.5,939662.4
2007-05-31,699.0,725.0,698.0,724.0,819905.4
2007-06-01,725.0,732.5,719.0,726.0,682291.0
2007-06-04,725.0,725.0,704.5,714.5,467720.6
2007-06-05,715.0,722.5,709.5,714.0,375404.0
2007-06-06,714.5,717.5,699.0,710.0,418516.8
2007-06-07,707.5,711.0,704.0,705.0,208168.2
2007-06-08,701.0,718.0,700.0,714.5,672820.6
2007-06-09,715.0,719.5,712.0,713.0,148920.2
2007-06-13,712.0,716.5,707.5,716.0,137977.4
2007-06-14,719.0,734.0,716.5,733.0,722197.0
2007-06-15,734.5,737.5,720.0,722.5,990579.4
2007-06-18,727.5,729.0,718.5,723.0,260702.6
2007-06-19,721.5,723.0,717.0,718.0,239665.4
2007-06-20,722.0,729.5,718.0,726.0,410671.0
2007-06-21,725.0,725.0,717.5,719.0,225103.0
2007-06-22,719.5,722.5,713.0,715.5,268966.0
2007-06-25,713.5,714.0,706.0,710.0,235846.4
2007-06-26,709.5,715.0,706.0,710.5,270836.0
2007-06-27,709.5,711.0,700.5,704.5,458427.2
2007-06-28,709.5,710.0,703.5,706.5,222143.8
2007-06-29,706.0,708.5,699.5,704.5,241852.6
2007-07-02,704.5,706.0,698.5,700.0,409241.4
2007-07-03,701.0,704.5,696.0,702.0,1216081.4
2007-07-04,701.5,702.5,695.5,699.0,1122837.0
2007-07-05,700.0,701.5,697.0,700.5,311007.4
2007-07-06,699.5,705.5,697.5,701.0,487894.0
2007-07-09,702.5,707.0,699.5,706.0,423149.6
2007-07-10,704.5,704.5,697.0,700.0,648014.0
2007-07-11,697.0,701.0,695.5,698.0,535177.6
2007-07-12,700.0,705.0,698.5,705.0,645221.8
2007-07-13,706.5,708.5,700.0,703.5,550973.0
2007-07-16,702.0,702.5,697.0,702.0,384198.6
2007-07-17,700.0,700.5,693.0,699.0,314833.0
2007-07-18,697.5,697.5,691.0,693.0,649806.2
2007-07-19,693.0,700.0,692.5,700.0,993170.0
2007-07-20,700.0,703.0,694.0,698.0,410050.0
2007-07-23,697.0,703.0,695.0,701.5,517870.2
2007-07-24,700.0,703.0,695.0,703.0,648868.4
2007-07-25,698.5,703.0,694.5,702.0,319174.8
2007-07-26,702.0,702.5,686.5,687.5,665735.0
2007-07-27,684.5,687.5,680.0,682.0,448282.4
2007-07-30,682.0,687.0,674.0,676.0,1001793.2
2007-07-31,680.0,685.0,678.5,683.5,435738.8
2007-08-01,679.5,681.0,669.0,680.5,1183965.8
2007-08-02,681.0,683.0,677.5,680.0,842106.0
2007-08-03,682.0,687.5,678.5,684.5,510779.0
2007-08-06,680.0,680.5,672.0,677.5,1335759.2
2007-08-07,679.5,679.5,665.5,667.0,1101248.2
2007-08-08,670.5,673.0,665.5,670.5,1540786.6
2007-08-09,672.5,673.0,656.0,662.5,1402856.4
2007-08-10,654.5,657.0,633.0,638.5,1006313.8
2007-08-13,644.0,645.0,636.0,640.5,741303.2
2007-08-14,639.5,639.5,629.0,630.0,424543.6
2007-08-15,621.5,624.0,612.5,613.0,726171.4
2007-08-16,601.5,607.5,576.5,592.0,2087782.4
2007-08-17,587.0,596.5,562.5,590.0,2677355.8
2007-08-20,594.5,599.0,570.0,581.0,2112853.8
2007-08-21,582.0,582.0,562.5,577.5,1623467.4
2007-08-22,574.0,602.0,569.0,597.5,2971822.6
2007-08-23,605.0,616.5,593.0,605.0,3801311.6
2007-08-24,597.5,604.5,591.0,598.5,1763213.8
2007-08-27,605.0,609.5,600.5,602.0,1013588.0
2007-08-28,600.5,602.5,590.5,594.0,730476.8
2007-08-29,584.5,602.5,579.0,595.0,1532727.0
2007-08-30,601.5,602.0,593.5,594.0,1071547.6
2007-08-31,600.0,603.5,594.5,600.0,1254999.0
2007-09-03,600.0,601.5,592.0,593.0,804944.8
2007-09-04,591.5,597.0,588.5,592.5,846088.2
2007-09-05,595.5,595.5,587.0,589.0,600847.4
2007-09-06,587.5,594.5,586.5,593.5,409150.8
2007-09-07,595.0,595.0,568.5,569.5,1485159.6
2007-09-10,567.0,574.0,556.5,559.0,2355527.0
2007-09-11,561.5,562.5,550.5,555.5,1842655.2
2007-09-12,559.0,559.5,539.5,543.5,2171483.2
2007-09-13,543.5,552.0,540.0,550.5,2224660.4
2007-09-14,552.5,554.5,535.5,538.0,2539184.0
2007-09-17,538.0,541.0,522.0,523.0,2119373.8
2007-09-18,521.0,549.0,518.5,536.0,3972759.6
2007-09-19,550.5,568.5,548.0,568.0,5359868.8
2007-09-20,567.5,597.5,555.0,588.0,5904924.0
2007-09-21,585.0,611.0,582.5,606.5,7945983.8
2007-09-24,611.5,630.5,608.5,620.0,7391268.4
2007-09-25,618.0,627.5,593.5,595.5,6056745.4
2007-09-26,604.5,615.0,601.5,613.0,4677641.2
2007-09-27,617.5,621.0,585.5,595.0,8236853.2
2007-09-28,591.5,592.5,572.5,574.5,6527774.8
2007-10-01,570.5,571.0,552.0,561.5,4030211.4
2007-10-02,573.0,582.0,571.5,575.5,4832971.8
2007-10-03,575.5,581.5,566.5,569.5,3826709.4
2007-10-04,566.5,573.0,565.0,567.0,1578619.2
2007-10-05,573.0,585.0,571.0,584.0,4877938.4
2007-10-08,587.0,594.0,580.0,590.0,2830640.8
2007-10-09,590.0,603.5,584.0,601.5,3369830.0
2007-10-10,605.0,606.0,588.5,589.0,3621995.4
2007-10-11,592.5,598.0,589.5,595.5,2519092.0
2007-10-12,589.0,593.0,580.0,590.0,3092613.2
2007-10-15,592.5,605.0,588.5,591.5,3307316.8
2007-10-16,586.5,589.5,575.0,577.5,6394692.4
2007-10-17,575.0,582.0,570.0,579.0,4326257.6
2007-10-18,580.0,581.0,572.0,578.5,2953782.8
2007-10-19,577.0,587.0,576.5,580.5,2864783.2
2007-10-22,572.5,579.0,568.5,577.5,1557723.0
2007-10-23,584.0,585.5,582.0,584.0,1349877.8
2007-10-24,583.5,592.0,577.5,585.0,2940839.2
2007-10-25,585.5,590.5,584.0,585.5,1588460.0
2007-10-26,588.5,593.5,585.0,591.0,2917459.8
2007-10-29,594.5,601.0,592.0,595.5,2490170.4
2007-10-30,594.5,595.0,586.0,589.5,1658363.6
2007-10-31,588.0,597.0,587.5,596.5,2094380.4
2007-11-01,600.5,601.5,586.0,591.5,2598333.8
2007-11-02,585.5,597.5,582.5,596.0,2043455.6
2007-11-06,594.5,612.0,592.0,606.5,3529030.0
2007-11-07,608.5,610.5,595.5,601.0,2786086.2
2007-11-08,592.5,601.0,592.5,598.5,1650220.0
2007-11-09,599.0,600.5,583.5,585.0,2199586.8
2007-11-12,582.5,591.5,577.0,582.0,2298549.6
2007-11-13,581.0,584.0,574.5,578.0,2521927.4
2007-11-14,583.5,586.5,572.5,576.0,2673459.8
2007-11-15,575.0,576.5,567.0,569.5,2901407.6
2007-11-16,567.5,570.0,563.0,564.0,1686548.0
2007-11-19,566.5,567.5,557.0,561.5,1859592.8
2007-11-20,562.5,566.0,550.0,552.5,2737053.2
2007-11-21,551.5,551.5,530.5,535.5,3934507.6
2007-11-22,538.0,544.5,526.0,535.0,2563347.2
2007-11-23,537.5,548.0,532.5,543.5,2479753.6
2007-11-26,550.0,552.0,538.5,543.5,2432920.2
2007-11-27,539.0,544.0,534.0,538.0,1864501.2
2007-11-28,539.5,544.0,534.0,541.0,1530763.6
2007-11-29,547.0,553.5,544.5,546.5,2209103.0
2007-11-30,549.5,564.0,547.0,562.5,3744459.0
2007-12-03,562.5,565.5,557.5,559.5,1618266.4
2007-12-04,559.0,562.0,551.5,551.5,1836732.6
2007-12-05,553.5,577.0,553.5,574.5,4806877.6
2007-12-06,575.5,582.5,568.5,571.5,4803669.6
2007-12-07,576.0,590.0,572.5,590.0,5481018.8
2007-12-10,589.5,611.5,586.0,609.0,8578503.4
2007-12-11,614.5,624.0,604.0,612.0,8469240.0
2007-12-12,602.0,624.0,601.5,623.0,7836528.0
2007-12-13,619.5,620.0,606.0,609.5,5391170.0
2007-12-14,610.0,613.5,597.5,607.5,3631915.0
2007-12-17,605.0,616.5,598.0,612.5,5897522.4
2007-12-18,612.5,640.0,611.5,637.5,9731566.8
2007-12-19,641.0,641.5,623.0,631.5,7265763.4
2007-12-20,632.5,642.5,629.0,639.5,5954053.2
2007-12-21,641.5,645.0,636.5,642.5,5876787.6
2007-12-24,646.0,654.5,644.0,654.0,6216940.8
2007-12-25,655.5,663.0,646.0,647.5,6455262.0
2007-12-26,647.0,650.0,626.5,628.5,6402861.4
2007-12-27,630.5,637.0,622.5,633.0,6934945.4
2007-12-28,626.5,650.0,610.5,629.5,8666505.0
2008-01-09,618.0,626.0,599.5,608.5,5540937.6
2008-01-10,610.0,615.5,605.0,609.0,4330573.2
2008-01-11,610.5,611.5,605.0,609.0,2099930.8
2008-01-14,607.0,610.0,603.5,605.0,2453883.4
2008-01-15,606.0,607.5,590.5,595.5,5021131.2
2008-01-16,585.0,587.0,562.0,573.0,6450026.4
2008-01-17,574.0,577.5,561.0,569.0,4281563.2
2008-01-18,568.5,570.0,555.0,560.5,3401699.4
2008-01-21,552.5,553.5,520.5,523.5,5610575.6
2008-01-22,502.0,539.0,475.0,514.5,8704676.6
2008-01-23,524.5,538.5,491.5,494.0,6134462.2
2008-01-24,525.0,532.5,509.0,517.0,5716672.4
2008-01-25,524.0,528.0,514.5,520.0,4290090.2
2008-01-28,500.0,509.5,495.5,498.5,2953990.2
2008-01-29,512.0,521.0,505.5,521.0,4607663.4
2008-01-30,515.0,527.5,509.5,516.5,4737239.0
2008-01-31,514.0,522.0,489.5,493.0,5158339.2
2008-02-01,504.5,510.0,499.0,501.0,4549731.8
2008-02-04,512.0,513.5,506.5,508.0,3142113.0
2008-02-05,505.0,513.5,490.5,496.5,4476564.2
2008-02-06,483.0,493.0,475.5,490.5,5875528.0
2008-02-07,490.0,492.0,464.0,474.5,4866926.0
2008-02-08,480.0,482.5,458.5,465.5,3988718.4
2008-02-11,465.5,479.0,463.0,473.0,3204952.8
2008-02-12,477.0,508.5,476.0,508.0,5739814.0
2008-02-13,504.5,522.0,493.5,519.5,7953190.6
2008-02-14,528.0,532.0,507.5,510.0,6429015.8
2008-02-15,503.5,507.0,492.0,495.0,5163202.2
2008-02-18,499.5,506.5,496.0,501.0,3260964.8
2008-02-19,504.5,509.5,495.5,504.5,4491893.4
2008-02-20,497.5,499.5,490.0,494.5,2720200.4
2008-02-21,501.0,508.0,499.0,500.5,3833070.2
2008-02-22,494.5,498.0,490.0,490.5,3738118.2
2008-02-26,499.5,499.5,491.0,494.0,3066899.0
2008-02-27,498.0,499.0,481.5,482.0,2862016.8
2008-02-28,482.0,484.0,468.5,470.0,2780844.6
2008-02-29,468.0,476.0,447.5,454.0,9909484.2
2008-03-03,443.5,445.0,432.0,435.5,4558633.8
2008-03-04,443.0,443.0,417.0,421.5,6112785.0
2008-03-05,424.5,434.0,419.0,432.5,6411491.4
2008-03-06,437.0,438.0,421.0,423.0,6426720.0
2008-03-07,415.5,422.5,404.5,408.0,6734682.2
2008-03-11,401.0,437.0,400.5,436.5,10145727.4
2008-03-12,443.0,446.5,427.0,432.0,12491535.8
2008-03-13,424.0,427.0,418.0,419.0,6837796.4
2008-03-14,424.0,444.5,422.5,424.0,12174208.2
2008-03-17,414.0,415.0,392.5,406.0,9647822.8
2008-03-18,410.0,415.0,400.0,415.0,11348121.4
2008-03-19,425.5,432.5,415.0,422.5,14601482.2
2008-03-20,414.5,421.5,404.5,413.0,11972906.8
2008-03-21,419.0,421.5,415.0,416.5,4565481.8
2008-03-24,417.5,443.0,413.0,443.0,7055148.0
2008-03-25,442.0,444.0,421.0,423.0,13003891.8
2008-03-26,424.0,430.5,417.5,418.5,9878884.8
2008-03-27,416.0,434.0,416.0,422.5,11568458.4
2008-03-28,427.0,433.0,421.5,425.0,6792005.8
2008-03-31,422.0,432.0,418.5,427.5,5693775.6
2008-04-01,427.0,447.0,422.5,444.5,13734143.4
2008-04-02,453.0,463.5,453.0,458.0,20245235.2
2008-04-03,459.0,463.0,441.5,442.0,14613929.4
2008-04-04,444.5,447.0,436.5,443.0,8193327.6
2008-04-07,447.0,456.5,446.5,454.0,8311572.0
2008-04-08,450.0,455.0,446.0,447.0,6327433.6
2008-04-09,445.5,462.0,445.5,459.0,9098824.0
2008-04-10,460.5,462.0,446.5,451.5,13465421.6
2008-04-11,455.5,457.5,435.5,435.5,11582611.8
2008-04-14,430.0,439.5,425.5,437.5,8072940.8
2008-04-15,440.5,441.0,433.5,437.0,4548569.0
2008-04-16,440.5,449.5,434.5,446.0,10204458.8
2008-04-17,449.5,450.0,438.5,444.5,10287216.4
2008-04-18,445.0,454.5,440.5,453.5,11858353.0
2008-04-21,457.0,457.0,442.5,443.5,6422901.4
2008-04-22,442.0,445.5,439.5,440.5,3367631.6
2008-04-23,441.0,445.5,435.5,444.0,4886229.2
2008-04-24,444.0,457.0,437.0,450.0,6451590.4
2008-04-25,451.5,454.0,445.5,446.0,6138707.2
2008-04-28,449.0,454.5,443.5,445.5,5576066.4
2008-04-29,446.0,450.0,443.5,443.5,3653517.6
2008-04-30,444.5,446.0,438.5,442.0,2978542.6
2008-05-04,448.5,456.5,448.5,455.5,4724942.6
2008-05-05,455.0,469.0,453.5,460.5,8429910.6
2008-05-06,461.0,476.0,457.5,466.0,11818168.4
2008-05-07,469.5,473.5,462.0,472.5,7571743.6
2008-05-08,462.0,473.5,459.0,466.0,10467799.8
2008-05-12,462.5,480.5,462.0,479.5,6975761.6
2008-05-13,482.5,492.5,478.0,481.0,9225367.6
2008-05-14,481.0,489.5,475.5,488.0,7545606.6
2008-05-15,489.0,501.5,482.0,484.5,16422095.0
2008-05-16,488.5,499.5,483.0,498.0,10138506.6
2008-05-19,501.0,516.5,494.5,508.5,17948308.8
2008-05-20,507.5,507.5,495.5,503.5,12932021.6
2008-05-21,495.5,509.5,495.0,502.5,8500329.4
2008-05-22,499.5,502.0,489.0,490.0,7336262.8
2008-05-23,493.0,496.0,487.0,492.0,4543755.2
2008-05-26,489.0,490.0,482.0,485.0,3074525.4
2008-05-27,487.0,488.5,471.5,476.0,4428502.4
2008-05-28,476.5,486.5,475.0,484.5,4951781.6
2008-05-29,486.0,488.5,478.5,484.5,3634509.4
2008-05-30,488.5,492.5,485.0,486.5,3127213.4
2008-06-02,485.5,489.0,477.0,479.5,4306072.0
2008-06-03,474.5,476.0,469.5,474.5,4055306.2
2008-06-04,471.0,472.5,459.5,463.5,6185413.2
2008-06-05,462.5,468.0,458.0,461.0,5630949.2
2008-06-06,465.0,466.0,445.5,446.0,14109454.8
2008-06-07,438.5,439.0,429.5,430.0,3817703.8
2008-06-09,431.0,437.5,430.0,435.0,3834185.2
2008-06-10,430.5,431.0,420.5,423.5,7899456.8
2008-06-11,426.5,429.5,423.0,424.0,3390355.2
2008-06-16,428.0,432.5,424.5,427.0,3076587.4
2008-06-17,429.0,441.0,428.0,437.0,5576030.8
2008-06-18,434.0,438.0,428.5,429.0,4584846.6
2008-06-19,424.5,435.5,423.5,432.0,5034156.2
2008-06-20,432.0,434.5,425.5,425.5,2661350.8
2008-06-23,423.5,429.0,421.0,426.5,3961970.6
2008-06-24,426.0,426.5,414.5,416.0,4044825.6
2008-06-25,418.5,424.0,417.5,422.0,3745549.2
2008-06-26,424.0,424.5,414.0,415.0,2883557.0
2008-06-27,406.0,415.0,403.5,412.0,5068788.8
2008-06-30,412.0,413.0,403.0,406.5,3195095.0
2008-07-01,407.0,408.5,395.5,396.0,3780102.2
2008-07-02,401.5,407.5,398.0,405.5,3854919.0
2008-07-03,400.0,415.5,398.0,412.0,5388056.8
2008-07-04,413.5,414.5,406.0,407.5,2746509.2
2008-07-07,410.5,421.5,408.5,417.5,4295761.6
2008-07-08,408.0,416.0,403.0,415.5,6656850.6
2008-07-09,419.5,422.5,411.5,416.5,5599869.8
2008-07-10,410.5,420.5,407.0,416.0,4882763.0
2008-07-11,416.5,418.0,401.0,404.0,3384515.0
2008-07-14,407.0,414.5,406.5,411.0,2646711.6
2008-07-15,405.0,406.0,396.5,398.0,4189303.2
2008-07-16,400.0,409.0,395.5,407.5,6884308.4
2008-07-17,415.5,433.5,415.0,432.0,10507314.2
2008-07-18,426.0,440.0,421.5,428.5,8796744.8
2008-07-21,434.0,441.5,426.5,435.0,6162516.6
2008-07-22,431.0,433.0,424.0,429.0,6034986.4
2008-07-23,435.5,441.0,431.0,432.0,5332101.2
2008-07-24,434.5,439.0,428.0,436.5,4994086.0
2008-07-25,423.0,423.5,409.0,416.5,5906061.6
2008-07-28,420.5,428.5,410.0,410.0,4360123.6
2008-07-29,401.0,415.5,397.0,404.5,4472987.4
2008-07-30,414.5,420.0,410.0,419.5,4469181.4
2008-07-31,421.5,422.5,401.0,402.5,5306480.6
2008-08-01,401.0,409.5,399.0,401.0,3860315.4
2008-08-04,400.5,403.0,387.5,394.0,4237908.4
2008-08-05,390.0,399.5,388.0,389.5,4053859.6
2008-08-06,400.5,404.5,375.5,399.5,5301779.6
2008-08-07,400.0,408.5,399.0,402.5,3170757.8
2008-08-08,399.5,402.5,378.0,378.0,4904734.0
2008-08-11,378.0,395.5,355.0,395.5,7655738.0
2008-08-12,390.5,408.5,383.5,397.5,6663154.8
2008-08-13,392.5,398.0,386.5,387.0,3185377.4
2008-08-14,387.0,397.0,384.5,389.5,3012746.2
2008-08-15,393.0,395.0,388.0,394.0,2557529.0
2008-08-18,395.5,398.0,391.5,392.5,1890739.4
2008-08-19,385.0,386.5,367.5,369.5,3886194.8
2008-08-20,372.0,379.0,368.5,373.0,2486789.2
2008-08-21,374.0,375.0,356.5,365.5,4229973.2
2008-08-22,366.0,375.5,359.5,367.0,4716029.6
2008-08-25,368.5,369.0,338.0,338.0,5679662.2
2008-08-26,334.5,335.0,304.0,333.0,12168244.8
2008-08-27,335.5,342.0,321.0,329.5,6137690.4
2008-08-28,334.0,347.0,324.0,346.5,4898241.0
2008-08-29,346.5,348.5,335.0,338.0,3650503.0
2008-09-01,330.5,350.5,330.5,342.5,3082155.8
2008-09-02,340.0,357.0,336.0,354.0,6936069.8
2008-09-03,348.5,361.0,339.5,342.5,6457810.8
2008-09-04,341.5,349.0,318.0,320.0,9376536.6
2008-09-05,307.5,314.0,283.0,298.0,11688163.2
2008-09-08,321.0,326.5,313.0,316.5,6548173.6
2008-09-09,312.0,317.0,280.5,283.0,8782123.6
2008-09-10,275.0,292.0,256.5,269.5,11408099.2
2008-09-11,268.5,274.5,247.5,247.5,7463180.8
2008-09-12,256.5,271.5,248.5,255.0,12007968.2
2008-09-15,243.0,245.0,227.0,229.0,10785178.8
2008-09-16,217.5,219.0,151.5,162.0,16453996.4
2008-09-17,175.5,184.5,125.5,136.5,7783677.2
2008-09-19,188.0,217.5,165.5,217.5,3157663.8
2008-09-22,275.0,300.0,239.5,250.0,9670552.4
2008-09-23,244.0,257.5,236.0,252.0,3761053.6
2008-09-24,255.5,271.5,255.0,267.5,5534310.6
2008-09-25,265.0,270.0,255.5,267.5,3850056.0
2008-09-26,270.0,270.0,255.0,265.0,3815663.2
2008-09-29,262.0,265.0,243.0,247.5,4870425.4
2008-09-30,230.0,256.0,230.0,252.5,7956962.0
2008-10-01,259.0,261.5,245.5,251.5,4761900.0
2008-10-02,250.0,256.5,239.0,239.5,3596779.6
2008-10-03,232.0,239.5,223.0,228.5,5416889.2
2008-10-06,214.0,215.0,162.5,172.5,6765628.2
2008-10-07,180.0,195.0,162.0,180.0,8232858.0
2008-10-08,159.5,162.0,145.0,156.0,1231631.2
2008-10-09,168.0,208.0,156.0,164.0,5149460.2
2008-10-13,170.5,179.5,153.0,160.5,5509641.8
2008-10-14,177.0,194.0,175.0,190.0,8309735.6
2008-10-15,187.0,193.0,167.5,169.5,5603308.2
2008-10-16,140.5,173.0,135.5,158.5,4840064.4
2008-10-17,168.5,172.5,152.0,154.5,6372620.2
2008-10-20,161.5,165.0,156.0,161.5,3461829.8
2008-10-21,166.0,168.0,162.0,164.0,4046583.4
2008-10-22,157.0,165.5,152.0,163.0,4109894.6
2008-10-23,155.0,167.0,152.5,165.0,5021559.4
2008-10-24,159.0,170.5,146.5,149.5,4242571.0
2008-10-28,144.5,165.5,137.0,164.5,8721918.8
2008-10-29,171.5,186.0,171.5,184.5,8954841.6
2008-10-30,193.0,223.5,192.5,209.0,11547067.6
2008-10-31,200.0,211.5,184.0,209.5,13103648.2
2008-11-01,212.5,223.0,210.5,215.0,2124407.6
2008-11-05,225.5,240.5,209.5,210.0,7629727.6
2008-11-06,191.5,206.5,187.0,191.5,6738311.6
2008-11-07,186.5,201.0,185.0,199.0,4831218.8
2008-11-10,206.0,214.5,196.5,196.5,5857759.4
2008-11-11,191.0,192.5,175.5,176.5,3791705.2
2008-11-13,147.5,172.5,139.0,165.5,8791851.0
2008-11-14,177.5,180.0,160.0,160.5,5066399.4
2008-11-17,160.5,161.5,146.5,155.0,5939164.8
2008-11-18,150.0,162.5,144.5,160.0,4192560.6
2008-11-19,160.0,160.5,149.5,158.5,3979977.6
2008-11-20,144.5,157.5,143.5,155.0,6070285.4
2008-11-21,157.0,162.0,149.0,149.5,4250366.6
2008-11-24,155.0,166.5,151.0,166.5,5015710.4
2008-11-25,175.0,177.0,162.0,165.0,5633206.6
2008-11-26,163.5,169.5,158.5,159.0,4242334.2
2008-11-27,164.5,168.5,158.5,162.0,3990901.4
2008-11-28,163.5,164.0,157.0,158.5,1751334.2
2008-12-01,157.5,160.0,149.0,149.5,2014278.2
2008-12-02,144.0,155.0,143.0,155.0,2157532.2
2008-12-03,156.5,157.0,150.0,152.0,1426781.4
2008-12-04,152.5,157.0,150.0,152.0,2275280.2
2008-12-05,150.0,153.0,149.5,150.0,3842236.4
2008-12-08,157.5,159.5,151.5,156.5,3798889.2
2008-12-09,156.0,159.0,152.5,157.0,2650884.2
2008-12-10,157.5,162.5,156.0,160.0,2502592.6
2008-12-11,160.0,166.5,158.5,165.0,3747072.6
2008-12-12,159.5,172.5,156.0,169.5,5719608.6
2008-12-15,172.5,181.0,169.0,170.0,6180545.6
2008-12-16,168.0,174.5,167.5,169.0,3211464.2
2008-12-17,173.5,174.0,164.0,166.0,2527302.8
2008-12-18,165.5,167.0,157.5,158.0,2677472.2
2008-12-19,155.5,160.5,153.5,160.5,2642749.8
2008-12-22,160.0,163.5,157.5,163.0,3194191.0
2008-12-23,161.0,169.0,160.0,168.0,2887344.4
2008-12-24,167.5,170.5,166.5,169.0,2947635.0
2008-12-25,169.0,170.0,166.0,168.0,1339304.2
2008-12-26,168.5,169.5,165.0,168.0,1652317.2
2008-12-29,168.0,169.0,165.5,169.0,2035136.8
2008-12-30,169.0,170.0,166.0,169.0,1351302.8
2008-12-31,170.0,170.0,166.0,167.0,574599.0
2009-01-11,168.0,178.5,166.0,170.0,2187067.6
2009-01-12,170.5,174.0,168.5,169.5,1067129.0
2009-01-13,168.5,168.5,163.0,165.5,1601348.2
2009-01-14,166.5,168.0,152.0,154.0,3689434.6
2009-01-15,153.0,158.5,150.5,153.5,3508037.6
2009-01-16,157.0,158.5,150.5,152.5,2144939.6
2009-01-19,154.0,154.5,140.0,142.5,3794451.4
2009-01-20,141.5,143.0,131.5,132.5,3917718.0
2009-01-21,129.0,136.0,125.0,133.0,5042624.8
2009-01-22,137.0,138.5,115.0,116.5,6363818.4
2009-01-23,115.0,119.0,102.0,110.5,6696574.2
2009-01-26,111.5,119.0,105.5,118.5,6105318.4
2009-01-27,118.5,121.0,110.5,114.5,4402864.4
2009-01-28,116.5,119.0,112.5,117.5,4419208.2
2009-01-29,119.0,119.5,111.0,113.0,3499666.8
2009-01-30,112.0,116.0,110.0,110.0,4232260.8
2009-02-02,108.0,111.0,106.0,111.0,2460203.2
2009-02-03,111.0,113.5,109.0,110.0,1902335.2
2009-02-04,111.0,119.0,110.0,115.5,5402797.4
2009-02-05,113.5,116.0,110.0,111.5,4820293.8
2009-02-06,113.5,118.0,110.5,116.5,3954562.4
2009-02-09,118.0,127.0,116.0,124.0,6560147.0
2009-02-10,123.5,130.5,123.0,128.0,9829589.8
2009-02-11,122.0,132.5,119.5,126.5,13733432.6
2009-02-12,128.0,135.0,124.0,124.0,8802669.6
2009-02-13,127.5,129.5,124.0,127.0,4780554.6
2009-02-16,126.0,129.0,117.5,119.0,4955057.4
2009-02-17,116.5,117.0,103.0,105.0,5932091.4
2009-02-18,105.0,108.5,96.5,102.0,11340703.0
2009-02-19,103.0,107.0,101.5,103.0,4942226.6
2009-02-20,101.5,103.0,97.0,99.5,6686914.0
2009-02-24,98.0,100.0,95.5,99.0,4431746.6
2009-02-25,101.5,102.5,97.5,98.0,3821577.8
2009-02-26,100.5,101.5,98.0,100.5,4933927.2
2009-02-27,100.0,100.5,97.5,98.0,2343940.0
2009-03-02,96.0,98.5,95.0,97.5,3153620.8
2009-03-03,96.0,101.0,96.0,100.0,4961129.2
2009-03-04,101.0,109.0,100.5,107.0,11867910.8
2009-03-05,107.5,113.0,103.5,107.0,11652910.8
2009-03-06,105.0,114.0,105.0,110.5,10619298.0
2009-03-10,113.5,132.0,113.0,128.5,19256864.4
2009-03-11,132.0,134.5,127.5,131.0,13903075.0
2009-03-12,129.0,131.0,123.0,128.5,9377330.6
2009-03-13,132.5,138.5,127.5,128.5,10484328.8
2009-03-16,129.0,136.5,128.0,135.5,11003201.2
2009-03-17,137.5,141.5,134.5,137.0,19049132.6
2009-03-18,140.0,142.0,127.5,128.5,15350020.8
2009-03-19,132.5,140.0,132.5,137.0,19775108.4
2009-03-20,136.5,152.0,133.5,147.5,15612469.6
2009-03-23,153.0,163.5,152.5,162.5,17713222.6
2009-03-24,169.0,170.0,151.0,152.0,14719557.8
2009-03-25,152.5,168.0,147.5,166.5,19550219.0
2009-03-26,170.0,171.0,158.5,160.5,11635213.4
2009-03-27,161.5,162.5,151.0,151.5,7855292.4
2009-03-30,148.0,148.5,135.5,136.5,7248346.0
2009-03-31,136.5,145.5,136.0,140.0,8874184.8
2009-04-01,139.5,144.0,136.5,144.0,6423593.0
2009-04-02,148.5,154.5,147.0,153.5,10022334.8
2009-04-03,155.0,155.0,149.0,149.5,7894244.6
2009-04-06,153.0,158.5,147.0,148.0,9820648.4
2009-04-07,148.5,152.0,142.5,150.5,7519109.2
2009-04-08,147.5,154.0,145.5,153.5,7725611.8
2009-04-09,155.5,167.0,154.5,161.0,12131911.8
2009-04-10,163.5,164.5,156.5,159.5,6391077.2
2009-04-13,158.0,161.0,156.0,158.0,5240548.8
2009-04-14,159.5,173.5,158.0,167.0,25792878.4
2009-04-15,163.0,166.5,160.0,162.5,7806865.4
2009-04-16,165.0,171.5,165.0,169.0,13698931.0
2009-04-17,172.5,179.0,168.5,174.0,14327878.6
2009-04-20,174.0,176.5,159.5,161.0,9183272.8
2009-04-21,158.5,162.5,153.0,156.0,10910932.0
2009-04-22,159.0,161.5,153.5,160.5,10824755.4
2009-04-23,165.0,168.5,161.5,164.0,11798157.2
2009-04-24,163.5,165.0,160.0,161.0,6303492.4
2009-04-27,159.5,160.0,155.0,159.0,4252247.2
2009-04-28,156.5,157.0,151.5,153.5,4290981.2
2009-04-29,155.5,160.0,153.5,158.5,5848178.0
2009-04-30,161.5,163.5,156.5,157.5,6021453.2
2009-05-04,160.5,165.0,159.5,165.0,5722609.6
2009-05-05,171.0,176.0,166.0,166.0,15793321.6
2009-05-06,167.0,173.5,162.5,169.5,9661053.6
2009-05-07,173.5,184.5,172.5,180.5,19621449.8
2009-05-08,182.0,211.5,181.5,209.0,31693084.4
2009-05-12,204.0,236.5,203.5,230.0,41352765.6
2009-05-13,237.0,251.0,205.0,212.0,39901095.4
2009-05-14,201.5,206.0,189.5,198.0,25064066.6
2009-05-15,205.0,207.5,194.0,205.0,18476543.2
2009-05-18,199.0,218.5,195.5,218.5,19827923.2
2009-05-19,227.0,231.5,216.5,222.0,24417600.0
2009-05-20,222.0,237.0,216.5,233.5,28471945.4
2009-05-21,228.5,230.0,213.5,214.5,16070926.8
2009-05-22,217.0,226.0,216.5,221.0,10716585.4
2009-05-25,221.5,225.0,216.0,221.5,7529448.4
2009-05-26,219.5,220.5,207.0,214.0,12773247.4
2009-05-27,219.5,221.5,214.0,215.5,11983818.4
2009-05-28,212.5,222.0,210.5,218.5,10499319.6
2009-05-29,223.5,227.0,221.5,223.0,12653997.2
2009-06-01,229.0,246.0,228.5,243.0,25907158.8
2009-06-02,244.5,263.5,231.0,242.5,40876787.6
2009-06-03,245.0,250.0,216.0,218.5,25162937.8
2009-06-04,216.0,228.0,205.5,213.0,25398887.0
2009-06-05,220.5,223.0,210.0,215.0,14161903.0
2009-06-08,210.5,214.0,206.0,213.5,7276283.8
2009-06-09,215.0,217.5,209.5,212.5,7421499.8
2009-06-10,218.0,220.0,209.0,211.5,7120134.4
2009-06-11,212.5,213.0,206.0,208.5,5134191.6
2009-06-15,206.5,206.5,195.0,195.0,7755254.4
2009-06-16,193.5,205.5,193.5,203.0,9724368.4
2009-06-17,201.0,205.5,190.5,191.5,9233431.6
2009-06-18,194.0,194.5,180.0,186.5,9889164.0
2009-06-19,188.5,188.5,180.0,180.5,5000499.4
2009-06-22,178.0,178.5,161.5,163.0,9494762.0
2009-06-23,158.5,172.5,146.0,167.5,17947523.8
2009-06-24,170.5,178.0,168.0,175.5,17181612.6
2009-06-25,176.5,179.5,166.0,176.5,19162581.6
2009-06-26,181.5,183.5,170.5,171.5,10334575.2
2009-06-29,170.5,178.5,167.5,173.0,9760027.4
2009-06-30,176.5,178.0,171.0,172.0,8021781.6
2009-07-01,173.0,185.0,170.0,184.5,10322280.2
2009-07-02,181.0,186.0,175.0,178.5,10582640.4
2009-07-03,178.0,183.0,173.5,181.5,7888803.6
2009-07-06,177.0,178.0,170.5,172.0,6396590.2
2009-07-07,174.5,179.0,169.5,174.0,7495134.0
2009-07-08,170.0,173.0,166.0,168.0,8386384.2
2009-07-09,169.0,171.5,163.5,165.5,6751118.8
2009-07-10,166.0,166.5,154.5,156.0,6884185.8
2009-07-13,152.0,160.5,149.5,158.0,10089757.4
2009-07-14,163.5,167.5,161.0,162.0,10491974.2
2009-07-15,164.0,170.0,164.0,170.0,6274879.2
2009-07-16,172.5,175.0,166.0,175.0,9065827.6
2009-07-17,176.0,184.0,173.0,183.5,11481262.2
2009-07-20,186.5,189.5,182.0,182.5,10358200.6
2009-07-21,184.5,189.0,179.5,185.0,8745204.2
2009-07-22,184.5,187.0,177.5,180.5,7908249.8
2009-07-23,182.0,193.0,181.0,191.5,10680781.2
2009-07-24,193.5,194.0,187.0,190.5,8335999.6
2009-07-27,193.0,199.5,192.5,194.5,8061223.4
2009-07-28,195.5,199.5,185.5,187.0,9141180.0
2009-07-29,185.0,187.5,180.5,182.5,7684425.4
2009-07-30,183.5,194.5,183.0,194.0,8629693.8
2009-07-31,197.5,214.5,192.0,213.0,24261197.4
2009-08-03,217.5,223.0,216.0,221.0,17604226.0
2009-08-04,215.5,216.0,208.5,214.5,10938086.0
2009-08-05,213.0,222.0,206.5,208.0,11666159.0
2009-08-06,211.5,215.0,202.5,206.5,12847573.6
2009-08-07,205.0,216.0,201.5,215.0,9615355.6
2009-08-10,215.0,215.5,207.0,209.5,8405037.0
2009-08-11,209.5,216.5,206.0,207.0,10088849.8
2009-08-12,204.5,213.0,202.5,211.0,8018723.0
2009-08-13,214.5,219.0,209.5,213.5,9429267.0
2009-08-14,214.5,222.0,209.5,210.0,12006047.0
2009-08-17,205.0,209.0,203.0,205.0,11568711.2
2009-08-18,212.0,221.0,210.0,215.5,20972412.6
2009-08-19,215.5,219.0,212.5,216.5,10425588.8
2009-08-20,219.5,221.5,211.5,218.0,9653408.2
2009-08-21,216.0,222.5,214.5,222.0,7886467.6
2009-08-24,225.0,225.0,219.0,222.0,11263258.6
2009-08-25,218.0,224.0,215.5,218.5,7702547.8
2009-08-26,219.0,222.0,213.0,216.5,7351991.6
2009-08-27,214.5,219.5,211.0,214.0,6983573.8
2009-08-28,216.0,220.5,215.0,219.5,6452839.2
2009-08-31,216.0,219.0,214.5,216.5,3519384.6
2009-09-01,217.5,220.0,213.5,219.5,5670968.2
2009-09-02,214.0,217.5,211.5,213.0,5372064.6
2009-09-03,214.5,218.0,212.5,214.5,5551234.4
2009-09-04,215.5,217.5,205.5,208.5,8948378.0
2009-09-07,211.0,228.5,209.0,228.0,11467787.2
2009-09-08,230.5,239.0,228.0,235.5,22615796.4
2009-09-09,234.5,237.0,227.5,229.5,10324612.8
2009-09-10,232.5,233.5,222.0,225.5,11035891.4
2009-09-11,228.0,236.5,224.0,233.5,11762877.8
2009-09-14,228.5,234.0,227.0,233.5,5810558.6
2009-09-15,235.0,248.0,233.0,246.5,14588956.4
2009-09-16,249.5,287.5,248.5,278.5,42768244.0
2009-09-17,287.5,300.5,265.0,270.5,41997187.0
2009-09-18,266.5,291.0,261.5,285.5,34134088.4
2009-09-21,284.5,294.0,274.0,276.0,19709976.8
2009-09-22,282.0,291.5,280.5,289.0,17497837.6
2009-09-23,290.0,297.5,282.5,284.0,17113254.2
2009-09-24,282.0,290.5,271.5,272.0,17275695.4
2009-09-25,275.5,279.5,267.0,271.5,13467790.4
2009-09-28,267.5,285.0,266.5,282.5,12867945.2
2009-09-29,286.0,292.0,280.0,285.5,16918954.0
2009-09-30,286.0,292.5,275.0,277.0,15889276.4
2009-10-01,281.5,286.0,277.0,281.0,9862460.6
2009-10-02,276.0,286.0,265.5,283.5,13276763.0
2009-10-05,284.5,287.5,278.5,283.5,9587151.6
2009-10-06,288.0,306.5,287.5,306.0,24116782.2
2009-10-07,308.5,321.5,305.0,306.0,29199397.6
2009-10-08,313.0,329.5,312.5,328.0,25293483.8
2009-10-09,329.5,353.0,319.5,347.5,25174961.4
2009-10-12,351.5,361.5,348.0,361.5,27077719.8
2009-10-13,359.0,361.0,338.0,343.5,20286674.2
2009-10-14,352.0,357.0,340.5,345.5,16730800.2
2009-10-15,351.5,353.0,331.5,332.0,14546420.6
2009-10-16,337.0,339.5,313.5,315.0,12992166.2
2009-10-19,319.5,332.0,311.5,331.0,14994676.8
2009-10-20,335.0,338.0,324.0,327.0,11934384.2
2009-10-21,323.0,329.0,313.0,325.0,15416420.8
2009-10-22,317.5,323.0,313.0,319.0,11971313.6
2009-10-23,325.0,327.5,316.0,318.0,9337805.4
2009-10-26,316.0,327.0,314.5,319.0,8893771.0
2009-10-27,316.0,318.0,310.0,316.5,12194172.2
2009-10-28,314.5,317.0,294.0,295.5,15146127.6
2009-10-29,290.5,309.5,283.0,308.5,19422709.2
2009-10-30,311.0,311.5,287.5,291.0,14322377.2
2009-11-02,287.0,299.5,284.5,296.5,12171592.8
2009-11-03,293.5,294.0,276.0,278.5,11220345.6
2009-11-05,280.5,289.0,270.0,288.0,17256822.0
2009-11-06,290.0,296.5,281.0,289.5,15421186.0
2009-11-09,294.5,313.0,294.0,313.0,13338411.8
2009-11-10,312.5,332.5,309.0,325.0,23250740.4
2009-11-11,325.0,332.0,315.5,315.5,13694436.6
2009-11-12,314.5,319.0,309.5,315.5,16740299.6
2009-11-13,311.5,318.5,307.0,318.0,8578633.2
2009-11-16,322.5,334.5,322.5,332.0,12266514.8
2009-11-17,330.5,333.5,324.5,328.5,15183984.6
2009-11-18,331.0,337.0,325.0,328.0,13353466.2
2009-11-19,326.5,328.0,315.5,317.0,12425394.6
2009-11-20,318.0,321.0,310.5,317.0,9453907.8
2009-11-23,323.0,325.5,318.0,322.0,8465020.0
2009-11-24,315.0,323.5,312.0,322.0,10285067.8
2009-11-25,324.5,325.5,315.5,318.5,8453319.4
2009-11-26,315.5,316.5,300.0,303.5,9003442.6
2009-11-27,294.0,316.5,286.5,312.5,12735451.2
2009-11-30,318.0,318.5,305.0,309.5,11101336.6
2009-12-01,312.0,328.5,311.0,325.5,12374869.8
2009-12-02,324.5,332.0,318.5,326.5,14767384.6
2009-12-03,329.5,331.0,320.0,320.5,9371756.8
2009-12-04,320.0,334.5,317.5,332.0,11578364.6
2009-12-07,328.0,330.5,322.0,327.0,8179943.0
2009-12-08,324.0,329.5,319.5,322.0,8624554.6
2009-12-09,320.0,326.0,318.5,322.5,7262726.4
2009-12-10,320.5,327.0,317.5,324.0,7711605.6
2009-12-11,326.5,330.5,323.0,324.5,7664235.6
2009-12-14,328.5,329.0,322.0,324.5,4009944.6
2009-12-15,326.0,330.0,323.0,329.5,6235608.0
2009-12-16,328.5,350.0,328.0,346.5,13999269.8
2009-12-17,342.5,352.5,335.5,337.5,14703031.4
2009-12-18,339.5,354.0,338.5,352.0,14646194.0
2009-12-21,356.0,361.0,350.5,357.0,13098081.0
2009-12-22,357.5,358.5,348.5,349.0,8439746.6
2009-12-23,354.0,354.0,344.0,350.5,5621753.8
2009-12-24,353.5,353.5,343.0,347.5,4544801.8
2009-12-25,347.5,352.0,344.5,352.0,1864632.6
2009-12-28,351.5,354.0,346.5,347.5,2234913.0
2009-12-29,346.5,352.5,345.5,352.5,2857281.0
2009-12-30,351.0,352.0,345.5,348.0,2519956.2
2009-12-31,348.5,350.0,345.5,347.5,574623.0
2010-01-11,362.5,381.0,360.5,363.0,15164061.2
2010-01-12,363.0,368.5,358.0,363.5,6912968.0
2010-01-13,361.0,375.5,359.0,372.0,9241284.8
2010-01-14,378.0,380.5,369.5,371.5,11847083.0
2010-01-15,372.0,376.0,370.0,373.0,6732944.2
2010-01-18,372.0,376.5,371.5,375.0,5234812.0
2010-01-19,375.5,380.0,368.5,379.0,10233815.2
2010-01-20,378.5,386.0,372.0,373.5,12988681.6
2010-01-21,375.5,378.0,369.0,371.0,10301240.8
2010-01-22,366.0,368.5,352.0,356.0,13404051.0
2010-01-25,350.5,363.0,348.5,360.5,11530602.8
2010-01-26,355.0,358.5,348.5,355.0,12603787.4
2010-01-27,352.5,362.5,351.0,360.0,10769739.6
2010-01-28,365.5,374.5,365.0,371.5,10868529.8
2010-01-29,367.0,377.5,366.5,377.0,9782998.0
2010-02-01,372.0,378.0,371.0,374.5,8262841.0
2010-02-02,377.5,380.5,374.0,379.5,7504936.2
2010-02-03,383.0,385.0,378.0,378.5,9397245.0
2010-02-04,377.5,388.0,374.0,377.5,14201533.0
2010-02-05,370.5,373.0,359.0,360.5,16735963.0
2010-02-08,362.0,367.5,349.0,351.0,15124858.6
2010-02-09,353.5,361.0,350.5,359.0,11671317.6
2010-02-10,362.5,368.0,352.5,354.0,12822060.0
2010-02-11,359.5,363.0,354.0,357.5,9649535.0
2010-02-12,361.0,362.0,348.0,353.5,8193573.0
2010-02-15,353.0,357.5,351.0,356.5,3268801.4
2010-02-16,359.5,372.5,357.5,372.0,7817603.6
2010-02-17,373.0,373.5,368.0,370.5,6590842.4
2010-02-18,369.0,370.5,359.0,364.5,6420903.0
2010-02-19,358.5,371.5,356.0,370.0,7016090.0
2010-02-24,369.0,374.5,367.0,371.5,7469289.6
2010-02-25,369.0,373.0,355.0,357.5,7315723.8
2010-02-26,361.5,363.0,356.5,360.0,5489549.4
2010-02-27,360.0,370.0,359.5,369.0,3390901.2
2010-03-01,371.0,379.0,370.0,378.5,9425458.8
2010-03-02,377.0,382.5,376.0,381.0,6553626.4
2010-03-03,379.5,389.5,377.0,384.5,10400171.8
2010-03-04,382.5,389.0,379.0,385.0,8745735.4
2010-03-05,387.0,392.0,386.0,389.0,9067098.6
2010-03-09,391.5,398.0,387.5,394.5,9798711.8
2010-03-10,392.0,395.0,388.5,391.5,5712859.6
2010-03-11,390.0,395.5,381.5,386.0,7093041.0
2010-03-12,389.5,398.5,386.0,395.5,9555921.4
2010-03-15,393.0,397.5,391.0,392.0,4743445.2
2010-03-16,394.0,402.5,394.0,402.0,7539011.8
2010-03-17,406.5,411.5,403.5,406.0,6893780.2
2010-03-18,405.5,409.5,402.5,403.5,5951800.2
2010-03-19,404.5,407.0,391.5,395.0,7947249.6
2010-03-22,392.0,398.5,386.5,391.0,8210284.2
2010-03-23,394.5,400.0,391.0,397.0,7376901.2
2010-03-24,398.0,399.5,390.5,392.5,7172563.8
2010-03-25,393.5,396.0,390.0,395.5,3851599.4
2010-03-26,395.5,397.5,392.5,394.0,2739410.0
2010-03-29,394.0,406.0,392.0,403.0,6425100.8
2010-03-30,404.0,405.5,394.5,396.5,6260175.0
2010-03-31,396.0,405.5,394.0,403.5,7251652.2
2010-04-01,406.0,407.5,400.0,406.0,8081963.0
2010-04-02,407.0,407.5,403.0,405.5,3438943.6
2010-04-05,405.5,408.5,404.0,407.5,2984012.2
2010-04-06,407.0,417.5,402.0,414.5,8840436.2
2010-04-07,415.0,416.0,408.0,410.0,6213575.8
2010-04-08,407.5,413.0,404.5,411.5,4834716.8
2010-04-09,414.0,421.0,414.0,418.5,7535920.2
2010-04-12,422.0,424.0,416.5,419.5,4101366.2
2010-04-13,417.0,423.0,415.5,420.5,3305584.0
2010-04-14,422.5,428.5,421.0,427.5,5828627.8
2010-04-15,430.0,431.5,423.5,426.0,5674583.2
2010-04-16,423.0,426.0,417.0,419.5,4483110.2
2010-04-19,410.0,411.5,389.5,395.0,13974569.6
2010-04-20,401.0,403.0,394.0,398.5,9680056.4
2010-04-21,400.5,401.5,390.5,395.0,5734066.6
2010-04-22,390.5,398.5,382.5,387.0,7679603.0
2010-04-23,389.0,395.5,386.0,393.0,6007990.8
2010-04-26,396.5,402.0,393.5,400.5,4787218.8
2010-04-27,397.5,398.5,390.5,394.0,4896567.8
2010-04-28,385.0,390.5,377.5,384.0,7775744.8
2010-04-29,386.5,396.5,383.0,395.0,5989309.8
2010-04-30,397.0,399.5,389.0,394.0,5443595.4
2010-05-04,394.0,397.5,377.5,379.5,5790068.2
2010-05-05,377.0,384.0,366.0,373.5,7263652.4
2010-05-06,369.5,380.0,360.0,360.5,7607152.4
2010-05-07,349.5,353.5,334.0,335.0,9857208.6
2010-05-11,358.0,364.5,353.0,363.0,11816544.0
2010-05-12,360.0,378.0,359.0,377.5,9689251.0
2010-05-13,381.5,395.5,369.5,375.5,12171034.4
2010-05-14,371.0,375.0,362.5,364.0,5080536.6
2010-05-17,354.5,372.0,353.5,368.5,7493769.6
2010-05-18,371.0,376.5,365.0,371.5,7161659.0
2010-05-19,363.5,367.0,356.5,360.0,6673162.2
2010-05-20,359.5,367.5,343.5,345.5,9518724.6
2010-05-21,348.0,352.5,335.5,347.0,10558493.0
2010-05-24,352.5,355.5,344.0,350.5,7135214.6
2010-05-25,336.5,346.0,328.5,329.5,7606477.0
2010-05-26,340.0,347.0,334.5,345.5,7092260.8
2010-05-27,348.5,367.5,344.5,363.0,10532510.8
2010-05-28,364.0,367.5,356.5,362.0,7866748.4
2010-05-31,361.5,371.5,360.0,370.5,3211101.6
2010-06-01,367.5,376.5,360.0,375.5,8253472.4
2010-06-02,372.0,379.5,366.5,376.5,11426824.4
2010-06-03,384.0,387.0,379.0,384.5,7518796.8
2010-06-04,385.5,390.0,370.5,371.5,8341667.0
2010-06-07,362.0,370.0,356.0,366.0,8202966.4
2010-06-08,367.5,371.0,351.5,352.0,9353920.4
2010-06-09,357.5,361.5,353.0,358.5,6673698.4
2010-06-10,360.5,365.5,352.0,365.5,5987793.2
2010-06-11,366.5,370.5,361.0,367.0,7121114.0
2010-06-15,368.0,383.5,366.0,382.5,6084781.0
2010-06-16,384.5,388.5,378.5,387.0,7528008.6
2010-06-17,385.0,397.0,382.5,386.5,8645227.6
2010-06-18,388.5,394.0,383.0,394.0,5007684.0
2010-06-21,400.0,403.5,396.0,401.5,8131353.6
2010-06-22,396.5,400.0,391.0,394.5,5301379.4
2010-06-23,391.0,397.0,387.5,390.0,4176154.8
2010-06-24,393.0,397.0,387.5,393.0,5037783.2
2010-06-25,392.0,395.5,382.0,385.0,5441437.4
2010-06-28,387.5,398.5,386.0,397.0,5068177.4
2010-06-29,391.0,392.0,381.0,384.5,4507612.4
2010-06-30,382.5,388.0,375.5,377.0,5917254.2
2010-07-01,371.5,374.0,352.0,354.0,5979764.4
2010-07-02,359.0,367.5,355.5,367.0,6227797.6
2010-07-05,366.0,376.5,363.5,374.0,3606758.8
2010-07-06,377.0,388.0,376.5,388.0,5171600.8
2010-07-07,382.5,388.5,373.0,386.5,6591265.0
2010-07-08,392.0,393.0,383.0,384.0,6061054.0
2010-07-09,387.0,389.5,380.0,384.5,3326744.4
2010-07-12,385.0,394.5,382.0,392.0,5202438.6
2010-07-13,390.0,401.0,388.5,398.5,6673345.8
2010-07-14,402.0,405.5,395.0,397.5,5809999.8
2010-07-15,397.5,404.5,392.0,392.5,5566452.4
2010-07-16,393.0,397.5,380.0,382.0,4479606.6
2010-07-19,380.0,388.0,378.0,387.0,3420857.4
2010-07-20,389.5,392.0,382.5,387.0,4573939.2
2010-07-21,391.0,399.5,389.0,396.0,4913371.2
2010-07-22,393.5,405.5,392.0,405.0,4967074.2
2010-07-23,405.5,405.5,397.0,398.5,4438827.8
2010-07-26,403.5,405.5,399.0,404.5,3164353.0
2010-07-27,405.0,414.5,402.0,412.5,7000834.8
2010-07-28,413.5,418.5,408.0,412.0,6338188.8
2010-07-29,414.0,421.0,412.5,418.0,4184699.4
2010-07-30,414.5,416.5,401.5,407.0,5884863.0
2010-08-02,411.0,418.5,409.5,417.5,5143356.2
2010-08-03,418.5,418.5,413.0,415.5,4196138.2
2010-08-04,414.0,428.0,412.0,419.0,6226730.2
2010-08-05,422.5,427.0,416.0,417.5,4970699.0
2010-08-06,420.5,421.5,411.0,413.5,3314015.0
2010-08-09,416.5,421.0,415.0,420.5,2772890.0
2010-08-10,418.5,419.0,409.5,414.5,2907731.2
2010-08-11,411.0,411.5,401.0,404.5,5525461.8
2010-08-12,402.0,409.0,396.5,402.0,5039503.6
2010-08-13,405.5,408.5,399.0,402.0,3477562.0
2010-08-16,404.0,406.0,397.0,402.5,2500142.0
2010-08-17,403.5,410.0,401.5,410.0,3430029.0
2010-08-18,408.5,409.5,401.5,406.5,2925984.8
2010-08-19,408.5,409.0,402.0,403.0,2747636.6
2010-08-20,401.5,404.5,397.0,400.5,2634383.6
2010-08-23,401.0,405.5,398.0,400.5,1931774.2
2010-08-24,398.0,398.0,391.0,393.0,3786712.0
2010-08-25,391.5,395.5,379.5,382.5,5783528.4
2010-08-26,387.5,395.0,383.5,393.5,4507356.0
2010-08-27,391.0,398.0,388.5,397.5,3227017.6
2010-08-30,402.0,403.5,397.5,398.0,1867167.0
2010-08-31,393.0,400.0,390.0,396.5,3491801.4
2010-09-01,399.0,413.5,395.0,413.0,7239260.2
2010-09-02,413.5,416.5,412.0,414.0,5245882.4
2010-09-03,414.5,426.5,410.5,422.0,5829897.6
2010-09-06,424.5,426.0,421.5,424.0,2420934.4
2010-09-07,423.0,424.0,416.5,418.0,3756292.0
2010-09-08,416.5,428.0,416.5,427.5,5143612.4
2010-09-09,429.0,443.0,426.0,441.5,8957026.2
2010-09-10,439.0,444.5,437.5,443.0,5167954.6
2010-09-13,448.5,456.5,447.5,449.5,8493221.6
2010-09-14,449.5,454.0,446.0,449.5,7729505.8
2010-09-15,448.5,450.0,443.0,448.0,4666551.4
2010-09-16,446.5,452.5,443.5,445.5,4439810.8
2010-09-17,449.0,451.5,434.5,436.0,5500192.0
2010-09-20,437.5,444.0,434.0,442.0,4478568.8
2010-09-21,444.0,447.5,440.0,444.5,3885870.8
2010-09-22,446.0,447.0,438.0,443.5,4496020.6
2010-09-23,443.5,449.5,436.0,441.0,7486711.6
2010-09-24,439.0,440.5,435.0,438.0,5299033.6
2010-09-27,441.5,442.0,428.0,428.5,5413792.8
2010-09-28,427.5,429.0,418.5,420.5,5855517.6
2010-09-29,422.5,428.5,420.0,425.5,5349273.8
2010-09-30,424.0,439.5,424.0,439.0,6297472.0
2010-10-01,438.0,449.5,435.5,445.0,9584460.8
2010-10-04,446.5,448.5,443.0,446.5,3587594.6
2010-10-05,446.0,460.5,443.0,458.5,7747209.0
2010-10-06,462.5,463.5,453.0,454.5,5891238.4
2010-10-07,456.0,456.5,450.0,452.5,4156695.2
2010-10-08,451.0,456.0,448.0,455.0,3862258.4
2010-10-11,456.5,459.0,455.5,457.0,2608706.0
2010-10-12,452.5,458.5,450.5,454.0,4050941.0
2010-10-13,456.5,461.5,455.0,460.5,4635113.2
2010-10-14,462.0,463.0,453.5,456.0,4066941.8
2010-10-15,454.5,460.5,451.0,458.0,4277795.4
2010-10-18,454.5,462.0,453.5,461.0,2897989.6
2010-10-19,461.0,476.5,460.5,464.0,9842205.6
2010-10-20,461.5,469.5,461.0,468.5,5630058.4
2010-10-21,470.5,498.0,467.0,496.5,12912606.6
2010-10-22,495.5,514.0,489.0,507.0,11223876.6
2010-10-25,513.0,528.0,508.5,521.0,9935244.0
2010-10-26,518.5,526.0,510.0,511.5,8475647.8
2010-10-27,509.5,511.0,500.5,501.0,5975322.8
2010-10-28,504.5,509.0,497.5,500.0,5040542.2
2010-10-29,498.0,507.0,495.5,506.0,4583951.8
2010-11-01,511.0,522.5,510.0,518.0,6615517.0
2010-11-02,519.0,522.0,515.0,518.0,3146137.4
2010-11-03,520.0,521.5,514.0,517.5,3759434.2
2010-11-08,530.5,537.5,528.5,533.0,8127173.8
2010-11-09,532.0,543.0,530.5,537.5,6602695.6
2010-11-10,534.5,538.5,527.5,530.0,5800843.4
2010-11-11,535.0,539.5,524.0,525.0,6894784.4
2010-11-12,519.0,529.0,516.5,526.5,4830923.4
2010-11-13,523.5,529.0,522.5,528.5,1388638.2
2010-11-15,530.0,532.5,523.0,526.0,4427717.8
2010-11-16,523.0,524.5,510.0,511.0,4733233.8
2010-11-17,509.5,518.0,508.5,516.0,6456083.8
2010-11-18,519.0,525.5,517.5,523.5,4522933.2
2010-11-19,525.0,525.5,428.0,518.5,5636902.8
2010-11-22,522.0,528.0,516.0,517.0,5030513.0
2010-11-23,513.0,514.0,502.0,506.0,6360420.0
2010-11-24,508.0,514.5,499.0,513.5,6761377.8
2010-11-25,514.0,517.0,508.5,512.5,4355481.2
2010-11-26,510.5,514.5,504.0,507.0,5197633.8
2010-11-29,510.0,512.0,503.0,506.0,3386849.4
2010-11-30,506.5,508.0,497.0,500.0,5620800.0
2010-12-01,502.5,511.0,502.5,510.0,4547936.8
2010-12-02,514.5,519.0,508.0,512.0,7349969.8
2010-12-03,514.0,515.5,502.5,507.5,7041106.0
2010-12-06,507.5,514.5,503.0,514.0,4969100.2
2010-12-07,515.0,527.0,513.5,520.0,10033516.0
2010-12-08,516.0,524.5,508.5,509.5,5888438.6
2010-12-09,514.5,516.0,504.0,506.5,5288844.8
2010-12-10,506.5,509.0,502.0,507.5,3261755.8
2010-12-13,510.0,516.0,508.0,512.5,4920297.4
2010-12-14,512.0,515.5,509.0,514.5,3670456.4
2010-12-15,512.0,516.0,507.5,513.0,3808017.2
2010-12-16,510.0,515.0,509.0,514.0,2721534.2
2010-12-17,515.5,518.5,511.5,516.5,4259679.0
2010-12-20,515.5,518.5,512.5,514.5,2609909.6
2010-12-21,516.5,522.5,514.5,521.0,2773153.0
2010-12-22,522.0,525.0,516.5,517.0,3460313.2
2010-12-23,518.5,519.0,513.0,515.5,1712909.6
2010-12-24,514.5,515.5,510.0,512.0,1478813.6
2010-12-27,512.0,513.0,506.5,507.5,1321809.8
2010-12-28,508.0,510.5,504.5,505.5,2039753.4
2010-12-29,507.5,507.5,501.0,503.0,1948020.0
2010-12-30,503.0,505.5,500.0,505.0,1942672.6
2011-01-11,509.5,522.0,507.0,520.5,4980884.6
2011-01-12,521.0,547.5,519.0,546.5,6953861.6
2011-01-13,546.5,550.5,537.0,540.0,6254891.0
2011-01-14,540.0,546.0,533.0,545.5,4568657.4
2011-01-17,546.0,547.5,540.5,545.5,3264542.4
2011-01-18,547.0,552.5,543.5,546.0,6769400.0
2011-01-19,548.0,551.0,544.0,545.5,2863147.0
2011-01-20,542.5,543.0,536.5,539.0,3630509.8
2011-01-21,540.0,557.0,537.0,555.0,5534344.0
2011-01-24,555.0,555.5,537.5,546.0,5815968.6
2011-01-25,549.0,550.0,540.0,544.5,3640529.0
2011-01-26,547.0,554.0,547.0,553.5,3222079.6
2011-01-27,555.0,556.5,547.5,553.0,2683300.6
2011-01-28,550.5,552.0,543.0,545.0,3347331.8
2011-01-31,541.0,541.5,532.5,535.0,7347897.2
2011-02-01,536.5,553.0,521.5,531.0,10335347.8
2011-02-02,537.5,537.5,512.5,514.0,7515451.4
2011-02-03,515.0,521.0,508.5,511.5,4917214.4
2011-02-04,513.0,515.0,501.5,511.0,6464118.8
2011-02-07,512.5,513.5,502.0,506.0,4607295.6
2011-02-08,505.0,505.0,480.5,482.5,10099157.4
2011-02-09,482.5,492.0,474.0,484.5,10052837.6
2011-02-10,483.0,483.5,465.5,467.0,9383990.6
2011-02-11,468.5,480.5,466.0,473.0,13814200.2
2011-02-14,482.5,489.0,473.5,475.5,11229783.2
2011-02-15,476.5,480.0,471.5,476.5,6907701.8
2011-02-16,478.0,497.0,475.5,494.5,10605659.4
2011-02-17,497.0,499.0,485.5,487.5,6147591.0
2011-02-18,489.0,494.5,478.0,480.0,6459402.0
2011-02-21,480.0,485.5,476.0,478.0,4342902.8
2011-02-22,473.5,476.5,462.5,476.5,10384457.2
2011-02-24,470.0,477.5,463.0,474.5,8333778.6
2011-02-25,480.0,494.5,477.5,493.0,9276539.6
2011-02-28,495.0,510.0,492.0,506.0,13919122.8
2011-03-01,508.0,508.7,488.05,490.2,9792220.0
2011-03-02,486.0,488.5,476.4,487.2,7610162.0
2011-03-03,489.5,493.35,485.15,488.0,5682898.0
2011-03-04,491.05,491.45,480.05,482.75,4013408.0
2011-03-05,482.5,490.35,480.6,489.15,2038444.0
2011-03-09,490.05,495.95,485.7,488.35,4084816.0
2011-03-10,484.5,485.5,470.0,470.5,5957302.0
2011-03-11,468.0,476.95,457.85,471.4,9675870.0
2011-03-14,466.0,476.5,462.55,463.25,6532620.0
2011-03-15,454.8,460.0,448.25,457.0,10054472.0
2011-03-16,462.25,464.5,453.5,453.55,5749252.0
2011-03-17,453.55,464.9,453.5,462.35,6162040.0
2011-03-18,468.3,468.75,458.65,466.5,5573996.0
2011-03-21,468.35,475.85,465.1,472.75,4915204.0
2011-03-22,472.8,474.45,464.1,470.0,4147396.0
2011-03-23,466.7,476.35,465.15,475.95,4553346.0
2011-03-24,475.05,486.85,475.05,486.45,7754258.0
2011-03-25,487.25,491.9,483.85,490.75,5967642.0
2011-03-28,489.0,499.1,486.1,498.1,5626466.0
2011-03-29,497.2,498.75,487.55,489.8,4300128.0
2011-03-30,494.2,497.7,493.65,496.65,3391286.0
2011-03-31,496.65,497.4,491.15,493.5,3190734.0
2011-04-01,493.25,502.35,491.8,500.75,5439968.0
2011-04-04,502.45,504.35,498.1,501.5,4128830.0
2011-04-05,501.75,501.95,490.25,493.5,5279816.0
2011-04-06,493.5,498.9,490.5,497.25,3820388.0
2011-04-07,494.8,494.8,486.65,487.05,4255128.0
2011-04-08,491.5,495.95,490.0,492.6,5978670.0
2011-04-11,493.05,498.45,490.3,494.35,5763934.0
2011-04-12,488.2,490.05,476.5,480.9,6418748.0
2011-04-13,482.85,486.45,476.45,481.5,4655620.0
2011-04-14,480.65,482.5,470.0,477.0,3821530.0
2011-04-15,476.75,482.5,475.5,475.85,3513300.0
2011-04-18,475.1,475.9,455.6,460.25,6461156.0
2011-04-19,460.0,465.05,456.85,464.9,5299508.0
2011-04-20,468.0,472.4,465.5,469.55,4614836.0
2011-04-21,472.5,475.7,462.85,463.8,4200022.0
2011-04-22,464.05,475.35,460.0,474.95,4023194.0
2011-04-25,478.05,480.25,463.9,464.8,4760554.0
2011-04-26,463.9,468.35,455.6,466.5,6116696.0
2011-04-27,469.5,469.75,452.5,455.45,5787754.0
2011-04-28,461.5,463.75,442.6,447.0,6804476.0
2011-04-29,445.05,447.4,435.4,443.0,4164306.0
2011-05-03,441.5,445.4,428.65,429.5,4222094.0
2011-05-04,428.7,434.75,412.8,414.75,7464848.0
2011-05-05,417.5,426.0,407.65,424.0,7294452.0
2011-05-06,420.0,436.0,415.55,435.0,6570018.0
2011-05-10,431.5,435.3,425.65,428.25,4346216.0
2011-05-11,430.5,435.55,419.35,423.05,6068524.0
2011-05-12,419.0,420.5,410.7,413.55,5994950.0
2011-05-13,417.05,427.25,415.5,420.0,5481588.0
2011-05-16,415.4,420.9,409.1,413.0,6373346.0
2011-05-17,413.5,419.0,408.0,416.65,5501458.0
2011-05-18,423.05,423.45,415.25,420.1,3812402.0
2011-05-19,420.1,424.95,416.5,418.3,3928162.0
2011-05-20,418.3,422.5,413.5,413.75,4135026.0
2011-05-23,409.5,411.5,403.2,404.3,4085378.0
2011-05-24,405.5,418.85,404.3,417.55,4087798.0
2011-05-25,414.15,443.5,410.65,429.15,5664058.0
2011-05-26,430.8,432.5,420.75,425.15,4494074.0
2011-05-27,427.65,434.75,426.5,434.5,4116254.0
2011-05-30,431.5,437.0,428.5,429.95,2187324.0
2011-05-31,433.15,435.0,430.1,434.0,3013528.0
2011-06-01,433.2,436.75,426.2,430.0,4333036.0
2011-06-02,424.25,435.0,422.75,434.95,3507588.0
2011-06-03,433.15,435.5,418.4,422.25,5186946.0
2011-06-06,421.95,424.95,414.5,422.0,3948936.0
2011-06-07,420.0,427.45,418.3,426.85,3869026.0
2011-06-08,424.95,426.5,418.9,425.7,4330872.0
2011-06-09,426.85,437.05,422.65,436.1,4642600.0
2011-06-10,435.4,445.25,432.7,444.05,7091816.0
2011-06-14,444.6,447.5,439.4,441.0,3249780.0
2011-06-15,441.0,446.9,436.85,441.0,4996062.0
2011-06-16,435.4,442.25,433.55,441.75,3633962.0
2011-06-17,440.05,450.35,433.05,433.05,8164972.0
2011-06-20,431.25,432.5,420.75,421.7,4305822.0
2011-06-21,424.7,428.7,421.9,426.75,3603006.0
2011-06-22,428.0,428.45,418.5,420.7,4383534.0
2011-06-23,417.5,421.8,407.65,407.95,5438694.0
2011-06-24,412.5,417.0,409.25,411.2,5715520.0
2011-06-27,408.7,417.95,407.95,415.55,4300808.0
2011-06-28,417.3,418.4,409.85,412.0,4936924.0
2011-06-29,413.85,429.6,413.25,429.0,10787354.0
2011-06-30,430.65,432.15,426.15,429.8,4431282.0
2011-07-01,429.0,439.45,425.8,438.85,6625978.0
2011-07-04,440.0,441.0,430.55,434.2,3762540.0
2011-07-05,432.0,434.0,424.25,425.0,5452452.0
2011-07-06,426.5,426.9,413.6,414.0,6931648.0
2011-07-07,417.1,421.75,415.0,420.05,6701734.0
2011-07-08,420.25,424.2,410.85,413.25,7887942.0
2011-07-11,411.5,416.85,409.65,415.3,5096748.0
2011-07-12,412.1,417.0,409.45,413.75,6446498.0
2011-07-13,415.2,419.05,406.1,414.25,7879376.0
2011-07-14,411.75,417.0,409.65,416.2,5452078.0
2011-07-15,413.15,425.95,411.5,422.85,8642898.0
2011-07-18,424.1,428.65,415.6,416.65,6493982.0
2011-07-19,418.2,427.45,417.9,426.7,6364494.0
2011-07-20,429.95,434.25,427.45,428.0,7811832.0
2011-07-21,429.9,440.35,423.7,439.95,8931304.0
2011-07-22,441.05,443.65,430.1,431.2,6682802.0
2011-07-25,427.4,429.35,422.35,426.3,5308960.0
2011-07-26,427.15,429.25,422.7,425.0,4024562.0
2011-07-27,425.0,430.9,423.65,427.3,4810268.0
2011-07-28,426.55,429.4,425.0,425.7,4457650.0
2011-07-29,424.95,425.6,415.15,416.15,7084682.0
2011-08-01,423.75,427.25,420.7,422.8,4659852.0
2011-08-02,420.9,423.0,416.25,419.0,3842924.0
2011-08-03,413.9,414.8,402.9,404.5,6976034.0
2011-08-04,407.9,408.2,399.5,400.95,6825402.0
2011-08-05,390.6,408.95,375.6,400.55,12199662.0
2011-08-08,385.8,399.45,379.65,385.5,10304588.0
2011-08-09,374.5,388.5,333.25,383.25,17085328.0
2011-08-10,391.45,392.0,346.25,348.45,11833170.0
2011-08-11,356.0,363.7,318.85,345.5,12766542.0
2011-08-12,352.4,364.65,338.0,360.0,10223852.0
2011-08-15,365.0,367.95,356.55,367.35,6056004.0
2011-08-16,363.5,364.05,353.1,358.55,5478138.0
2011-08-17,359.5,364.2,353.5,363.1,5746264.0
2011-08-18,357.5,359.5,336.95,341.6,5704282.0
2011-08-19,335.0,346.1,318.8,340.0,10106732.0
2011-08-22,333.3,347.5,327.75,346.05,8618604.0
2011-08-23,348.0,351.8,336.25,344.1,8343288.0
2011-08-24,345.95,361.0,337.5,359.0,9694896.0
2011-08-25,359.4,369.85,354.5,356.4,11218412.0
2011-08-26,357.65,366.7,353.5,365.35,7101456.0
2011-08-29,370.75,380.45,367.55,380.0,7229856.0
2011-08-30,381.0,384.0,371.05,379.6,10148960.0
2011-08-31,380.45,382.45,372.6,375.05,7684772.0
2011-09-01,376.0,381.55,364.1,381.5,10339862.0
2011-09-02,375.9,381.0,369.1,370.4,7790480.0
2011-09-05,365.65,368.25,360.55,361.95,6651934.0
2011-09-06,359.85,372.4,358.5,370.45,8007298.0
2011-09-07,375.0,379.0,372.05,377.05,7238498.0
2011-09-08,379.0,379.35,371.0,377.4,8037500.0
2011-09-09,375.0,381.2,371.9,373.1,8111528.0
2011-09-12,366.5,370.0,358.05,365.5,6245514.0
2011-09-13,370.15,376.8,361.0,371.85,5918914.0
2011-09-14,367.5,382.85,367.35,381.5,7137108.0
2011-09-15,384.0,393.35,381.0,383.8,9521200.0
2011-09-16,386.0,389.5,379.0,381.5,5602046.0
2011-09-19,377.05,391.0,373.65,384.5,7965402.0
2011-09-20,384.45,390.75,383.75,389.75,5250978.0
2011-09-21,388.4,391.95,382.6,383.4,3454568.0
2011-09-22,375.25,376.0,352.65,356.9,8779446.0
2011-09-23,353.6,354.65,320.35,330.0,9282744.0
2011-09-26,324.95,342.0,310.5,332.65,8170932.0
2011-09-27,341.0,350.0,338.0,344.05,4493132.0
2011-09-28,340.6,341.2,332.35,334.9,5649858.0
2011-09-29,330.75,349.1,330.05,344.65,7047664.0
2011-09-30,343.3,346.95,330.05,334.85,5593486.0
2011-10-03,325.1,335.2,320.55,329.8,6069492.0
2011-10-04,325.0,329.6,303.35,305.55,8282450.0
2011-10-05,315.1,315.75,293.0,301.95,6880388.0
2011-10-06,306.45,319.9,304.5,319.45,7015134.0
2011-10-07,322.2,332.55,322.2,331.25,6231446.0
2011-10-10,333.5,340.0,321.15,339.75,5708826.0
2011-10-11,340.55,341.05,326.15,328.45,7425628.0
2011-10-12,328.5,339.75,324.7,332.95,9773816.0
2011-10-13,332.95,338.5,323.65,326.05,9534442.0
2011-10-14,327.6,338.45,324.8,335.15,10951794.0
2011-10-17,338.65,348.25,326.75,329.8,12312936.0
2011-10-18,326.85,330.4,318.9,329.75,8992876.0
2011-10-19,332.35,336.0,325.85,329.75,8327188.0
2011-10-20,324.85,333.0,319.6,325.35,7732534.0
2011-10-21,327.6,340.0,325.4,339.15,6460580.0
2011-10-24,342.2,356.9,341.0,356.75,9880810.0
2011-10-25,355.0,357.35,346.0,349.6,8174878.0
2011-10-26,348.65,358.95,347.5,354.85,8928458.0
2011-10-27,364.2,372.5,361.6,362.0,9619886.0
2011-10-28,366.75,373.75,359.6,370.75,8443544.0
2011-10-31,365.1,376.0,363.5,366.85,6159864.0
2011-11-01,361.75,364.5,350.55,353.2,6436390.0
2011-11-02,353.45,363.3,345.55,359.55,6675628.0
2011-11-03,354.0,368.45,346.55,366.8,6849250.0
2011-11-07,367.75,373.0,359.75,370.25,5195844.0
2011-11-08,370.25,379.25,367.6,373.75,4031864.0
2011-11-09,377.0,378.45,355.05,358.3,9004390.0
2011-11-10,353.25,366.15,349.0,364.5,6574178.0
2011-11-11,366.1,366.45,355.8,360.5,4818072.0
2011-11-14,364.2,370.4,358.25,359.0,5207610.0
2011-11-15,357.65,363.0,347.25,357.25,6150676.0
2011-11-16,353.75,357.1,348.9,351.85,5603540.0
2011-11-17,350.55,354.8,340.15,345.4,7065800.0
2011-11-18,340.9,344.05,338.65,340.0,4810746.0
2011-11-21,336.6,337.45,315.75,316.15,6930240.0
2011-11-22,317.5,324.2,313.6,318.5,4960538.0
2011-11-23,312.5,321.8,311.25,313.5,7387262.0
2011-11-24,313.4,316.75,306.55,307.2,5710384.0
2011-11-25,307.0,310.85,298.0,310.35,8526132.0
2011-11-28,315.85,322.5,315.3,322.2,10556484.0
2011-11-29,322.5,324.75,317.95,320.15,7405566.0
2011-11-30,318.55,339.5,316.0,337.0,10565826.0
2011-12-01,340.0,348.15,338.5,343.0,10680730.0
2011-12-02,344.0,355.45,340.05,351.1,9717416.0
2011-12-05,353.2,359.8,350.6,357.15,6065048.0
2011-12-06,353.05,353.5,335.6,336.3,9909604.0
2011-12-07,339.45,343.2,330.65,334.3,8285830.0
2011-12-08,336.55,343.45,330.0,333.55,11030456.0
2011-12-09,325.9,327.05,312.9,314.9,10640574.0
2011-12-12,320.2,322.4,303.05,304.3,7755838.0
2011-12-13,303.05,311.25,295.55,309.95,10547798.0
2011-12-14,306.65,314.85,302.0,305.6,10159026.0
2011-12-15,301.85,313.25,299.95,311.75,9053226.0
2011-12-16,312.5,319.5,308.85,313.2,7792716.0
2011-12-19,311.3,315.5,303.75,310.65,6455310.0
2011-12-20,310.65,317.0,307.55,316.5,4099588.0
2011-12-21,319.4,321.95,305.05,305.25,8952668.0
2011-12-22,306.25,306.75,300.35,303.5,5268142.0
2011-12-23,304.25,305.0,297.25,297.6,3964418.0
2011-12-26,299.95,301.9,298.35,301.45,1560834.0
2011-12-27,301.0,302.45,298.65,299.95,1409352.0
2011-12-28,299.7,300.9,295.3,296.45,1900862.0
2011-12-29,295.75,295.75,286.75,289.9,3833100.0
2011-12-30,290.75,295.4,288.1,293.5,3403438.0
2012-01-03,295.15,308.25,295.15,308.0,3026250.0
2012-01-04,308.15,310.35,305.25,306.5,2629184.0
2012-01-05,307.5,309.55,300.8,300.8,3678258.0
2012-01-06,302.0,305.75,298.65,301.9,2709422.0
2012-01-09,299.9,304.5,299.45,303.0,2327082.0
2012-01-10,306.05,313.3,306.05,312.25,6837036.0
2012-01-11,311.4,319.35,310.05,311.7,7521870.0
2012-01-12,312.5,318.95,310.5,315.8,7732836.0
2012-01-13,316.85,326.15,316.0,322.05,14541126.0
2012-01-16,319.2,326.4,318.5,321.75,5827018.0
2012-01-17,325.9,331.3,325.5,330.6,7132934.0
2012-01-18,329.95,333.35,326.65,332.3,6568690.0
2012-01-19,335.1,335.55,330.4,331.3,6610476.0
2012-01-20,332.3,332.5,324.15,325.05,5557154.0
2012-01-23,325.15,329.25,320.8,328.95,6530514.0
2012-01-24,327.3,328.9,325.75,327.3,4853556.0
2012-01-25,329.15,338.25,328.65,338.05,10081040.0
2012-01-26,342.05,361.05,341.1,356.35,21660024.0
2012-01-27,352.5,367.5,351.55,353.05,17022674.0
2012-01-30,350.05,357.0,346.0,349.25,8748734.0
2012-01-31,355.5,356.95,351.3,352.65,6078536.0
2012-02-01,351.75,361.55,349.15,358.65,8209598.0
2012-02-02,361.6,374.65,358.2,363.0,25590300.0
2012-02-03,365.05,368.2,359.15,365.35,12857132.0
2012-02-06,366.65,367.95,361.05,362.35,8506116.0
2012-02-07,362.55,363.65,352.75,355.3,9408500.0
2012-02-08,357.55,359.65,348.0,350.0,9456660.0
2012-02-09,352.2,353.8,341.4,344.55,10858388.0
2012-02-10,342.35,343.4,336.0,338.05,5769970.0
2012-02-13,342.1,354.45,341.3,353.55,10443194.0
2012-02-14,352.6,359.95,350.55,355.0,12053036.0
2012-02-15,358.75,362.9,356.85,359.75,8664824.0
2012-02-16,354.9,356.0,351.1,354.7,6193242.0
2012-02-17,359.25,359.45,352.8,354.95,5430010.0
2012-02-20,358.5,360.45,354.5,356.95,4740506.0
2012-02-21,356.9,357.0,349.55,352.0,5619412.0
2012-02-22,352.6,354.75,345.95,346.35,5648482.0
2012-02-24,350.05,361.1,346.5,360.25,9784050.0
2012-02-27,360.25,369.15,360.0,364.85,11076546.0
2012-02-28,367.55,369.75,356.3,356.85,8228222.0
2012-02-29,359.3,364.0,357.75,362.35,6701284.0
2012-03-01,359.55,365.5,357.5,364.35,6354606.0
2012-03-02,366.25,368.0,359.55,364.2,9630154.0
2012-03-05,365.45,373.35,364.5,369.7,11883896.0
2012-03-06,367.5,368.4,351.25,352.15,9734756.0
2012-03-07,349.75,355.95,349.0,354.55,4536860.0
2012-03-11,359.95,364.35,359.55,361.0,2287698.0
2012-03-12,359.95,361.2,355.15,356.5,6212830.0
2012-03-13,360.95,361.1,357.1,359.5,4417458.0
2012-03-14,363.6,369.65,357.5,366.55,18607422.0
2012-03-15,364.5,371.25,363.65,365.6,10407774.0
2012-03-16,365.55,368.35,359.3,368.35,8991860.0
2012-03-19,369.0,370.0,357.95,361.35,5840600.0
2012-03-20,360.7,362.75,346.3,346.5,6746170.0
2012-03-21,348.9,351.75,340.6,344.5,7788198.0
2012-03-22,344.45,346.95,336.25,337.75,6129758.0
2012-03-23,338.75,342.35,335.9,341.9,5020164.0
2012-03-26,343.5,353.5,342.35,352.75,6416336.0
2012-03-27,354.55,355.55,345.5,347.5,6270108.0
2012-03-28,345.5,347.75,335.55,337.5,6986936.0
2012-03-29,337.2,339.1,327.0,328.0,8263874.0
2012-03-30,331.45,340.35,331.0,334.75,7904320.0
2012-04-02,337.2,344.35,335.5,341.35,5949168.0
2012-04-03,343.95,349.8,343.0,348.9,6640476.0
2012-04-04,344.5,350.35,335.55,337.3,10142014.0
2012-04-05,339.2,342.35,333.6,341.35,9324478.0
2012-04-06,341.7,342.25,334.4,335.35,2719252.0
2012-04-09,335.0,339.35,330.25,338.6,3995096.0
2012-04-10,338.5,341.5,333.4,333.4,5169924.0
2012-04-11,332.5,336.7,330.55,334.2,4931066.0
2012-04-12,336.25,337.0,327.55,331.65,7495494.0
2012-04-13,334.05,335.0,327.8,329.0,5615604.0
2012-04-16,327.5,328.85,320.05,320.2,6003676.0
2012-04-17,321.0,321.95,316.5,319.75,5221120.0
2012-04-18,325.0,325.5,318.0,319.55,3745320.0
2012-04-19,320.0,327.55,319.75,324.5,6157538.0
2012-04-20,322.65,330.0,322.0,328.55,4176292.0
2012-04-23,327.3,327.7,315.0,315.15,5244820.0
2012-04-24,317.5,320.55,311.7,317.5,5573398.0
2012-04-25,319.2,326.75,316.35,325.9,7700620.0
2012-04-26,327.45,327.45,314.5,315.65,5175272.0
2012-04-27,313.25,316.45,310.55,316.45,5449894.0
2012-04-28,316.85,317.0,315.1,316.0,720138.0
2012-05-02,315.45,320.45,310.1,310.3,3734106.0
2012-05-03,312.05,315.4,308.1,309.7,3253398.0
2012-05-04,308.85,309.25,294.1,297.25,6033966.0
2012-05-05,295.45,297.5,293.0,295.05,916730.0
2012-05-07,290.05,293.25,282.55,289.4,2511130.0
2012-05-08,290.15,293.1,283.85,285.9,3054670.0
2012-05-10,284.4,297.3,284.4,294.0,5457730.0
2012-05-11,290.0,294.3,286.25,291.65,5159416.0
2012-05-12,290.9,295.0,289.5,294.45,1081892.0
2012-05-14,293.55,294.1,280.2,282.4,5388838.0
2012-05-15,283.9,285.9,280.2,283.6,6277126.0
2012-05-16,279.8,286.6,274.55,285.0,7885682.0
2012-05-17,285.55,288.7,268.55,272.5,9019314.0
2012-05-18,265.0,281.0,255.35,271.5,9537212.0
2012-05-21,272.75,280.8,270.0,279.55,4719422.0
2012-05-22,282.3,284.2,277.05,283.45,4997196.0
2012-05-23,279.1,279.55,266.6,266.7,5028228.0
2012-05-24,270.7,274.1,260.7,271.7,5920842.0
2012-05-25,270.85,277.3,268.25,270.5,5154426.0
2012-05-28,273.8,277.5,268.75,269.75,3649728.0
2012-05-29,272.5,279.15,270.65,278.15,4980282.0
2012-05-30,275.45,276.4,266.55,267.6,6455900.0
2012-05-31,267.5,271.5,260.5,265.35,6664558.0
2012-06-01,265.35,267.0,256.05,257.95,6361154.0
2012-06-04,255.5,262.85,251.65,260.6,4519334.0
2012-06-05,263.55,265.0,259.3,262.0,3833810.0
2012-06-06,265.0,267.85,261.55,267.0,5032622.0
2012-06-07,268.8,277.2,264.4,276.2,7330746.0
2012-06-08,272.55,274.7,269.8,274.35,6043336.0
2012-06-09,276.35,277.1,275.25,276.25,774936.0
2012-06-13,275.45,280.6,273.85,279.55,4803858.0
2012-06-14,278.3,278.85,276.0,278.0,2682056.0
2012-06-15,279.25,282.5,279.0,282.5,4953170.0
2012-06-18,287.5,290.75,285.5,287.95,4777926.0
2012-06-19,286.45,292.7,285.05,291.5,3925224.0
2012-06-20,292.0,292.5,283.5,284.4,3622678.0
2012-06-21,281.3,289.85,280.0,284.5,4066514.0
2012-06-22,279.95,280.65,275.85,278.75,4375136.0
2012-06-25,278.5,278.5,270.5,273.95,3709492.0
2012-06-26,273.95,278.4,273.5,275.25,4019096.0
2012-06-27,276.9,281.0,273.75,279.9,3239404.0
2012-06-28,280.4,282.0,268.55,268.55,4950636.0
2012-06-29,274.0,286.8,273.2,285.35,7066438.0
2012-07-02,284.75,296.6,283.5,293.8,7439318.0
2012-07-03,296.75,305.65,294.25,304.3,7160504.0
2012-07-04,303.5,304.45,299.75,301.3,5898528.0
2012-07-05,300.05,300.75,289.05,293.0,12628910.0
2012-07-06,290.15,293.4,279.1,281.25,9207994.0
2012-07-09,280.8,283.75,280.15,282.5,4049360.0
2012-07-10,281.25,290.9,280.05,285.65,7878152.0
2012-07-11,283.4,284.0,275.25,277.5,7552414.0
2012-07-12,278.45,278.55,269.0,271.25,6975518.0
2012-07-13,274.0,279.55,272.2,278.0,6868458.0
2012-07-16,278.2,281.5,275.25,278.0,5712198.0
2012-07-17,280.3,281.9,275.85,276.8,6337046.0
2012-07-18,277.7,278.85,273.05,275.95,4036700.0
2012-07-19,277.55,280.2,275.25,275.6,5541010.0
2012-07-20,274.95,275.5,269.0,269.75,5894534.0
2012-07-23,267.5,268.0,255.7,257.0,8982520.0
2012-07-24,258.5,259.6,252.65,256.05,7127670.0
2012-07-25,254.35,260.75,252.5,255.35,9654754.0
2012-07-26,256.9,260.3,254.5,259.25,7103064.0
2012-07-27,260.85,262.45,259.6,262.0,5890284.0
2012-07-30,264.0,269.95,263.05,268.05,6903548.0
2012-07-31,269.4,269.5,264.2,265.15,4819202.0
2012-08-01,264.85,270.3,263.35,268.75,4785438.0
2012-08-02,268.4,275.25,261.0,267.5,10021526.0
2012-08-03,266.0,275.2,265.9,274.5,6629720.0
2012-08-06,276.25,287.35,275.0,285.45,9844440.0
2012-08-07,284.5,291.35,279.6,290.5,9921424.0
2012-08-08,288.9,289.3,285.0,287.0,7390428.0
2012-08-09,288.3,291.0,282.6,287.2,6672384.0
2012-08-10,284.35,285.95,279.65,283.05,5205320.0
2012-08-13,284.05,289.4,281.85,285.05,6700606.0
2012-08-14,287.0,288.3,283.9,285.15,5790752.0
2012-08-15,283.75,284.05,278.0,281.15,6151456.0
2012-08-16,283.25,283.95,278.35,280.9,3719180.0
2012-08-17,282.55,283.25,279.1,279.3,3212364.0
2012-08-20,280.1,280.85,274.25,275.2,5061738.0
2012-08-21,275.9,281.2,275.6,281.05,4800532.0
2012-08-22,277.4,279.4,276.15,278.1,3971746.0
2012-08-23,280.7,285.0,277.8,278.6,6857462.0
2012-08-24,275.45,279.45,275.0,279.1,4462702.0
2012-08-27,279.75,280.6,277.0,278.2,2767804.0
2012-08-28,277.2,281.5,276.6,278.4,3762180.0
2012-08-29,278.55,280.7,271.5,271.85,5615986.0
2012-08-30,271.7,273.75,265.1,266.15,7694838.0
2012-08-31,266.35,267.85,263.15,267.0,7074816.0
2012-09-03,267.5,270.3,266.85,268.95,5920972.0
2012-09-04,269.1,269.75,266.0,266.25,6694964.0
2012-09-05,266.25,266.95,263.05,263.25,5085826.0
2012-09-06,264.25,273.2,263.8,272.5,8158970.0
2012-09-07,273.3,284.5,273.2,283.45,13483654.0
2012-09-10,283.0,285.25,281.55,283.65,5644670.0
2012-09-11,281.85,288.25,280.0,287.0,6662774.0
2012-09-12,288.25,290.6,285.5,285.55,7796444.0
2012-09-13,286.35,286.85,281.75,282.85,4788242.0
2012-09-14,291.55,301.0,291.5,300.5,19275586.0
2012-09-17,298.5,299.8,293.65,295.75,9562816.0
2012-09-18,294.6,295.4,287.9,288.5,7852658.0
2012-09-19,290.0,293.35,276.15,280.1,19662300.0
2012-09-20,276.55,279.65,272.8,278.1,11319276.0
2012-09-21,280.05,287.25,278.5,282.0,15301948.0
2012-09-24,279.15,280.05,276.4,279.45,5765080.0
2012-09-25,280.0,281.5,277.0,277.5,5631798.0
2012-09-26,273.95,274.65,265.5,267.1,8836662.0
2012-09-27,270.25,271.25,264.25,269.55,9867224.0
2012-09-28,273.5,273.65,262.6,265.35,11675918.0
2012-10-01,262.5,269.25,261.8,269.05,8394080.0
2012-10-02,268.0,272.75,266.1,272.2,9313526.0
2012-10-03,270.9,274.5,269.5,272.4,9620110.0
2012-10-04,273.15,275.2,268.85,270.35,7020222.0
2012-10-05,272.55,276.7,271.3,274.6,7175146.0
2012-10-08,272.3,273.75,271.2,272.6,4562246.0
2012-10-09,273.4,274.35,270.45,271.05,3737490.0
2012-10-10,269.8,271.3,268.5,269.65,3944268.0
2012-10-11,268.15,273.5,267.85,272.5,4651916.0
2012-10-12,272.75,272.9,268.05,269.5,4220502.0
2012-10-15,268.8,271.6,268.05,268.95,3424880.0
2012-10-16,270.55,271.25,268.5,270.5,4115368.0
2012-10-17,271.0,277.35,269.75,276.0,8104266.0
2012-10-18,276.8,280.25,274.5,275.0,6734694.0
2012-10-19,275.0,275.1,270.0,270.35,4650492.0
2012-10-22,269.3,272.95,268.3,272.6,4495832.0
2012-10-23,271.3,273.8,268.6,269.6,5856342.0
2012-10-24,270.9,271.45,265.2,270.15,5751596.0
2012-10-25,270.6,274.95,269.85,273.7,5907968.0
2012-10-26,270.7,281.15,270.0,278.5,10073374.0
2012-10-29,277.35,281.45,276.55,278.2,5073262.0
2012-10-30,276.75,280.95,274.65,274.75,6122584.0
2012-10-31,275.1,277.75,271.6,272.5,4151708.0
2012-11-01,272.2,274.05,268.2,273.0,5317560.0
2012-11-02,272.5,274.25,269.75,270.75,4137658.0
2012-11-06,269.45,275.25,269.1,274.9,3927164.0
2012-11-07,274.95,278.6,270.25,270.65,5678242.0
2012-11-08,268.6,272.1,263.7,267.45,6794398.0
2012-11-09,265.7,267.35,260.0,263.6,6968320.0
2012-11-12,264.15,265.25,261.4,262.95,5457696.0
2012-11-13,261.0,261.95,254.8,256.5,7444658.0
2012-11-14,257.5,259.75,251.2,253.95,7162546.0
2012-11-15,251.45,255.6,251.0,255.1,6154694.0
2012-11-16,254.05,260.4,253.4,258.7,7997858.0
2012-11-19,260.5,262.8,259.55,260.0,5456432.0
2012-11-20,260.8,260.8,257.95,259.5,4816554.0
2012-11-21,258.25,261.75,257.6,260.3,4364352.0
2012-11-22,260.65,262.4,259.85,261.0,4171932.0
2012-11-23,261.8,265.25,259.75,263.55,4340222.0
2012-11-26,264.15,265.95,261.45,262.0,3946790.0
2012-11-27,263.35,264.4,256.9,258.9,5992510.0
2012-11-28,257.4,258.85,255.5,256.0,3671988.0
2012-11-29,258.65,260.3,256.7,258.05,3834816.0
2012-11-30,258.25,261.45,256.5,259.65,5188180.0
2012-12-03,261.2,263.85,260.15,263.1,3703206.0
2012-12-04,261.5,263.35,259.6,260.2,3482060.0
2012-12-05,261.5,265.1,261.15,261.5,5030118.0
2012-12-06,261.5,265.8,261.1,262.75,5296188.0
2012-12-07,263.25,263.4,260.0,262.7,3674334.0
2012-12-10,263.2,264.35,261.25,261.65,3535002.0
2012-12-11,261.4,264.5,260.65,263.3,4616518.0
2012-12-12,264.4,268.65,264.2,268.0,6964506.0
2012-12-13,269.0,269.85,265.7,269.4,7640162.0
2012-12-14,270.1,271.3,267.75,269.55,4476788.0
2012-12-17,269.8,270.95,268.4,270.2,3417196.0
2012-12-18,271.8,275.2,271.8,274.55,5192400.0
2012-12-19,276.15,277.1,273.65,274.35,3827058.0
2012-12-20,271.85,276.35,270.5,272.45,7772562.0
2012-12-21,269.25,272.35,269.05,271.8,4064016.0
2012-12-24,271.0,271.85,269.75,270.05,2027684.0
2012-12-25,270.8,270.85,269.8,270.5,1643822.0
2012-12-26,270.3,271.4,270.25,270.95,1221736.0
2012-12-27,271.5,274.0,270.85,271.1,2930222.0
2012-12-28,270.85,271.0,267.85,267.95,4041214.0
2013-01-08,275.0,277.0,274.15,274.6,4663106.0
2013-01-09,274.65,275.45,272.3,273.95,4087698.0
2013-01-10,274.6,276.2,273.7,276.2,4423458.0
2013-01-11,277.05,290.2,277.0,287.7,14927742.0
2013-01-14,289.0,292.95,287.1,288.75,9133588.0
2013-01-15,287.5,291.65,286.3,287.0,5906398.0
2013-01-16,287.5,289.7,285.25,288.55,7003622.0
2013-01-17,288.15,290.5,287.2,288.75,3506048.0
2013-01-18,290.1,292.0,289.65,291.15,5407074.0
2013-01-21,291.3,292.4,289.25,291.65,2887018.0
2013-01-22,292.3,298.2,287.05,296.8,9021036.0
2013-01-23,298.3,301.8,295.75,297.35,11666354.0
2013-01-24,296.5,296.5,292.75,294.95,5967374.0
2013-01-25,294.5,296.8,293.4,295.7,4427244.0
2013-01-28,296.55,297.5,295.25,296.45,4629298.0
2013-01-29,297.0,297.0,289.55,290.0,6155374.0
2013-01-30,291.05,292.5,280.05,280.45,12296036.0
2013-01-31,279.5,279.85,275.55,279.1,7588752.0
2013-02-01,279.9,284.25,279.1,280.75,5991832.0
2013-02-04,282.75,283.0,274.4,275.4,6575248.0
2013-02-05,274.4,276.6,272.6,276.5,3692262.0
2013-02-06,277.5,279.25,270.1,270.1,9039192.0
2013-02-07,270.95,272.35,268.4,271.1,6447122.0
2013-02-08,271.5,271.75,267.15,268.15,7772028.0
2013-02-11,269.0,269.25,265.15,265.5,4984890.0
2013-02-12,264.95,267.05,262.15,264.0,4534302.0
2013-02-13,265.15,278.45,265.15,278.2,17425324.0
2013-02-14,278.8,292.15,278.3,282.35,33565628.0
2013-02-15,283.8,284.7,275.5,279.95,8518560.0
2013-02-18,279.8,283.2,277.5,279.95,4055490.0
2013-02-19,280.5,282.85,278.6,282.45,4650704.0
2013-02-20,283.0,289.1,279.5,284.45,14101172.0
2013-02-21,280.0,281.05,271.3,273.4,12308022.0
2013-02-22,274.25,275.5,270.85,271.75,4486712.0
2013-02-25,273.0,274.7,268.8,274.45,5208468.0
2013-02-26,269.0,279.45,267.85,273.9,19903416.0
2013-02-27,273.9,276.5,271.3,275.75,6508292.0
2013-02-28,278.65,283.3,277.9,279.4,10954908.0
2013-03-01,277.85,282.7,276.0,278.55,9155680.0
2013-03-04,277.75,280.55,275.75,277.5,3991458.0
2013-03-05,278.75,281.9,277.95,281.15,4212332.0
2013-03-06,282.05,282.95,278.9,279.05,4202036.0
2013-03-07,279.55,280.25,278.1,279.05,2024032.0
2013-03-11,280.45,282.35,279.0,279.4,3879694.0
2013-03-12,280.2,280.2,278.0,279.0,2653118.0
2013-03-13,278.65,281.8,278.0,278.75,6182770.0
2013-03-14,278.2,279.25,275.3,277.05,6041044.0
2013-03-15,278.6,279.65,276.4,276.75,6331276.0
2013-03-18,270.85,271.95,260.3,261.85,15587784.0
2013-03-19,262.5,264.45,255.75,257.4,8957484.0
2013-03-20,258.7,264.3,258.0,261.9,8099660.0
2013-03-21,263.65,263.65,257.9,258.4,6591776.0
2013-03-22,257.95,259.35,256.0,256.0,4798034.0
2013-03-25,258.85,260.0,251.05,251.45,8524876.0
2013-03-26,252.25,253.5,241.7,245.0,12228070.0
2013-03-27,247.2,247.4,237.7,241.25,10686488.0
2013-03-28,240.95,249.35,238.25,248.75,9888730.0
2013-03-29,250.15,250.9,247.5,248.5,2258606.0
2013-04-01,248.2,249.5,245.6,247.5,3690364.0
2013-04-02,247.35,249.5,244.4,246.15,4660880.0
2013-04-03,245.5,246.65,241.0,241.95,7447398.0
2013-04-04,239.6,244.1,236.25,236.5,9980494.0
2013-04-05,236.75,239.4,230.05,234.0,13153144.0
2013-04-08,235.5,242.2,232.9,239.4,16681058.0
2013-04-09,242.05,247.1,238.5,245.0,8825912.0
2013-04-10,246.1,248.75,239.4,241.35,8533742.0
2013-04-11,242.05,242.2,236.75,239.05,7607310.0
2013-04-12,238.75,239.65,232.55,236.5,6095570.0
2013-04-15,233.9,234.8,227.0,228.65,5048158.0
2013-04-16,227.3,232.5,225.5,227.9,6840624.0
2013-04-17,229.55,229.75,217.65,219.0,6833732.0
2013-04-18,218.8,224.15,216.7,217.1,6232414.0
2013-04-19,218.8,220.7,215.2,218.0,6363562.0
2013-04-22,219.5,226.25,219.5,222.3,10965450.0
2013-04-23,222.75,228.55,221.5,227.25,6513312.0
2013-04-24,228.75,236.8,226.7,228.5,14741864.0
2013-04-25,230.0,231.8,223.55,228.75,20784092.0
2013-04-26,228.5,229.5,222.75,226.45,16705618.0
2013-04-29,220.45,237.5,217.5,235.25,21137076.0
2013-04-30,235.9,248.0,234.75,246.45,30992970.0
2013-05-02,244.0,248.45,240.15,241.7,4727684.0
2013-05-03,243.35,246.95,242.25,244.5,5232318.0
2013-05-06,245.3,247.5,242.0,247.3,5230556.0
2013-05-07,247.2,253.75,244.5,252.55,10559906.0
2013-05-08,252.45,257.5,251.95,254.55,8510484.0
2013-05-10,252.45,256.9,247.7,248.05,2415668.0
2013-05-13,247.8,248.7,238.5,239.25,7834948.0
2013-05-14,235.35,236.7,229.7,230.0,9771928.0
2013-05-15,231.9,232.0,222.2,227.05,14295180.0
2013-05-16,228.0,228.2,219.85,220.7,7258562.0
2013-05-17,221.4,225.95,218.0,224.95,12632368.0
2013-05-20,226.15,234.95,225.25,232.4,12206068.0
2013-05-21,231.65,241.4,229.4,241.0,9715286.0
2013-05-22,241.0,250.85,239.1,249.25,11798312.0
2013-05-23,244.5,244.5,235.25,238.9,9563042.0
2013-05-24,239.5,241.45,232.6,234.3,8062722.0
2013-05-27,236.0,237.5,231.85,233.2,3382566.0
2013-05-28,234.25,239.75,233.8,236.25,6259398.0
2013-05-29,235.0,236.3,228.25,230.0,8075940.0
2013-05-30,228.7,229.9,223.05,227.7,10984626.0
2013-05-31,229.1,231.25,223.2,230.0,11983176.0
2013-06-03,226.15,237.9,225.55,233.1,13194898.0
2013-06-04,235.95,241.4,235.05,239.9,16356808.0
2013-06-05,237.5,239.95,234.5,235.9,9338390.0
2013-06-06,234.6,240.0,232.55,233.0,9125154.0
2013-06-07,235.2,238.95,232.9,238.3,5228286.0
2013-06-10,240.05,243.8,235.5,238.45,6917374.0
2013-06-11,237.3,239.7,233.05,236.85,7815796.0
2013-06-13,233.85,234.85,229.75,232.5,5669370.0
2013-06-14,234.95,239.25,232.05,239.05,5992476.0
2013-06-17,239.0,243.0,238.3,240.2,6340452.0
2013-06-18,239.6,246.45,237.85,244.9,6115526.0
2013-06-19,245.75,246.8,243.05,244.9,6617312.0
2013-06-20,240.45,241.5,234.35,234.8,8749752.0
2013-06-21,233.45,240.75,232.5,239.55,6637492.0
2013-06-24,237.8,241.5,234.5,235.45,5805062.0
2013-06-25,235.85,241.95,235.8,239.4,6101030.0
2013-06-26,240.5,246.4,239.45,246.0,6427540.0
2013-06-27,247.4,247.9,235.45,236.95,13806130.0
2013-06-28,237.9,239.95,231.15,235.05,8123500.0
2013-07-01,234.2,238.65,232.75,236.45,3630842.0
2013-07-02,236.5,238.35,232.55,237.0,5804800.0
2013-07-03,235.95,236.4,232.9,235.0,4305338.0
2013-07-04,236.05,238.2,232.55,236.8,4433524.0
2013-07-05,237.55,241.4,236.25,237.4,5183556.0
2013-07-08,237.0,238.5,234.55,236.4,2378104.0
2013-07-09,237.5,238.65,233.5,234.1,4026158.0
2013-07-10,234.6,235.1,227.65,228.45,5482338.0
2013-07-11,230.75,235.2,230.75,235.0,10506632.0
2013-07-12,235.4,237.15,232.75,235.35,12903502.0
2013-07-15,235.85,237.8,232.6,233.0,6633162.0
2013-07-16,233.8,237.15,232.85,236.0,9809402.0
2013-07-17,236.05,239.9,234.3,239.45,11280034.0
2013-07-18,239.55,240.8,231.35,234.4,9278388.0
2013-07-19,233.55,237.65,231.85,235.0,7728792.0
2013-07-22,236.0,236.45,232.4,235.25,3688106.0
2013-07-23,236.5,237.35,233.25,233.4,4874690.0
2013-07-24,233.45,234.3,229.3,232.75,6198054.0
2013-07-25,233.5,233.8,230.85,232.65,4209492.0
2013-07-26,233.35,236.85,232.5,235.0,4376406.0
2013-07-29,235.6,236.25,233.6,235.2,2793852.0
2013-07-30,235.75,236.75,232.25,232.65,4308076.0
2013-07-31,232.6,235.4,230.65,233.05,3850414.0
2013-08-01,234.4,236.75,233.35,234.75,3740292.0
2013-08-02,236.15,237.95,231.75,233.55,4205102.0
2013-08-05,234.1,234.5,230.5,232.25,2981602.0
2013-08-06,231.65,233.05,230.5,230.9,2552060.0
2013-08-07,230.9,232.45,229.0,230.25,3477416.0
2013-08-08,231.3,232.5,223.25,227.05,5916956.0
2013-08-09,228.05,229.9,225.65,229.4,3588208.0
2013-08-12,229.85,232.25,228.05,232.1,2699252.0
2013-08-13,232.5,237.9,232.3,236.7,6211454.0
2013-08-14,236.75,240.55,235.75,237.6,5308424.0
2013-08-15,237.45,239.25,234.75,235.55,4169842.0
2013-08-16,235.75,236.4,233.0,234.95,3196726.0
2013-08-19,235.05,236.4,233.2,235.55,3616694.0
2013-08-20,234.25,234.7,232.0,233.5,3010240.0
2013-08-21,233.9,235.75,228.25,228.75,5916690.0
2013-08-22,227.6,231.3,227.15,230.5,4836186.0
2013-08-23,231.0,231.75,227.9,228.15,3539894.0
2013-08-26,229.35,230.65,227.55,228.5,2161194.0
2013-08-27,227.55,227.95,225.35,226.65,2331302.0
2013-08-28,225.5,227.0,223.05,226.35,5632198.0
2013-08-29,226.8,228.45,224.8,226.2,2531636.0
2013-08-30,226.25,226.55,221.8,222.5,3003576.0
2013-09-02,224.05,224.75,221.55,222.75,2813464.0
2013-09-03,224.7,225.0,222.0,224.0,4827456.0
2013-09-04,223.55,225.35,222.55,223.7,5453030.0
2013-09-05,224.35,228.4,223.35,227.45,7535136.0
2013-09-06,227.4,229.15,218.55,220.85,13933076.0
2013-09-09,222.35,224.25,221.05,221.75,8122846.0
2013-09-10,222.95,224.7,222.05,222.55,7824840.0
2013-09-11,223.0,224.15,222.0,222.55,5316598.0
2013-09-12,223.5,224.55,219.85,221.1,10679548.0
2013-09-13,220.75,220.8,217.95,218.9,6281772.0
2013-09-16,220.35,221.25,218.45,219.0,8258726.0
2013-09-17,218.45,220.7,217.55,220.3,6433128.0
2013-09-18,219.65,222.65,217.75,218.85,9290444.0
2013-09-19,223.35,224.35,218.6,218.8,13688014.0
2013-09-20,218.2,220.7,217.65,218.05,7140468.0
2013-09-23,218.45,219.75,216.6,218.1,5191814.0
2013-09-24,218.0,219.15,216.6,217.4,4408430.0
2013-09-25,217.5,218.5,216.1,217.95,5093522.0
2013-09-26,218.2,219.05,216.25,216.8,7175256.0
2013-09-27,216.85,217.6,214.75,215.45,7136924.0
2013-09-30,214.3,215.35,212.35,213.35,6188642.0
2013-10-01,213.0,216.25,212.95,216.05,6483672.0
2013-10-02,216.0,216.5,212.95,213.15,6540816.0
2013-10-03,214.3,214.35,209.35,210.2,8079694.0
2013-10-04,208.0,211.75,206.05,211.45,10769624.0
2013-10-07,211.1,212.45,208.05,210.1,7745776.0
2013-10-08,211.1,212.7,209.9,211.55,9304866.0
2013-10-09,210.85,212.4,210.05,211.15,7128608.0
2013-10-10,211.5,215.6,210.85,213.75,14055394.0
2013-10-11,215.0,215.8,213.75,214.95,11203494.0
2013-10-14,214.25,218.55,212.6,218.0,10452166.0
2013-10-15,219.15,220.6,218.25,219.15,10011228.0
2013-10-16,218.1,220.5,217.5,219.15,11713530.0
2013-10-17,219.55,219.65,214.65,216.25,9219698.0
2013-10-18,217.6,219.25,216.3,216.85,7433282.0
2013-10-21,217.55,218.1,215.3,217.85,6935624.0
2013-10-22,217.5,219.75,216.6,216.7,8464054.0
2013-10-23,215.9,215.9,212.8,214.8,7336134.0
2013-10-24,214.8,215.0,212.8,213.3,6656178.0
2013-10-25,213.3,213.55,211.8,212.9,4861994.0
2013-10-28,214.0,217.2,213.45,216.95,7872076.0
2013-10-29,216.75,219.0,216.05,216.8,12105144.0
2013-10-30,217.75,223.75,217.55,220.5,21137104.0
2013-10-31,219.45,222.25,218.6,221.75,11820648.0
2013-11-01,221.55,224.45,221.55,223.5,7624094.0
2013-11-05,223.95,224.45,221.45,221.5,6972982.0
2013-11-06,222.15,223.35,219.65,222.95,8166670.0
2013-11-07,223.1,226.0,221.75,224.15,11046924.0
2013-11-08,223.65,227.5,222.55,227.4,11764422.0
2013-11-11,228.05,229.2,226.4,226.5,5838744.0
2013-11-12,226.25,228.65,225.7,228.25,6377792.0
2013-11-13,227.45,227.45,214.85,218.5,12828336.0
2013-11-14,220.7,223.5,219.6,221.6,17476854.0
2013-11-15,222.6,225.8,222.55,225.0,11722566.0
2013-11-18,225.8,227.3,225.15,227.1,6633440.0
2013-11-19,227.3,231.4,226.85,230.5,10129418.0
2013-11-20,230.0,234.45,228.8,234.45,13868768.0
2013-11-21,233.15,233.8,229.6,229.75,8556382.0
2013-11-22,231.15,233.2,230.55,232.45,8532664.0
2013-11-25,233.5,235.75,232.25,233.65,6901330.0
2013-11-26,233.75,237.4,231.55,235.0,29033316.0
2013-11-27,235.0,235.4,232.55,234.3,21216528.0
2013-11-28,234.45,235.95,229.55,233.0,10555448.0
2013-11-29,233.15,233.15,230.7,231.4,5040428.0
2013-12-02,231.15,232.7,230.55,231.75,4803392.0
2013-12-03,230.8,231.4,225.85,228.5,12185876.0
2013-12-04,229.0,230.4,227.4,228.3,10014128.0
2013-12-05,228.5,230.7,225.75,228.1,15776490.0
2013-12-06,228.1,230.35,226.45,230.0,11743272.0
2013-12-09,230.9,233.3,228.05,232.25,13857852.0
2013-12-10,232.6,234.2,231.5,232.75,11002990.0
2013-12-11,232.0,233.8,230.85,232.8,5421416.0
2013-12-12,230.35,232.45,229.25,230.9,7721358.0
2013-12-13,230.95,232.1,230.5,231.35,6741752.0
2013-12-16,230.95,233.85,230.1,233.75,4441344.0
2013-12-17,233.9,236.3,232.0,234.3,6381644.0
2013-12-18,234.4,235.95,233.75,235.75,3954086.0
2013-12-19,237.45,239.65,236.85,238.9,9507856.0
2013-12-20,238.85,243.25,237.85,242.65,12479384.0
2013-12-23,243.2,247.25,243.05,244.55,7828900.0
2013-12-24,244.55,245.8,243.85,244.4,3796904.0
2013-12-25,244.45,248.25,244.25,245.8,5373846.0
2013-12-26,245.55,248.0,245.45,247.55,3725530.0
2013-12-27,247.9,248.75,245.4,246.35,8339832.0
2013-12-30,245.2,249.35,244.1,248.3,10075162.0
2014-01-06,246.5,247.5,242.0,242.3,2768880.0
2014-01-08,242.85,242.85,239.55,239.55,2019642.0
2014-01-09,239.65,242.0,238.7,240.6,3435094.0
2014-01-10,240.25,242.9,239.0,242.3,3165900.0
2014-01-13,241.95,246.45,241.25,244.6,4955782.0
2014-01-14,242.9,247.0,242.0,245.55,8707560.0
2014-01-15,246.55,248.1,243.3,245.25,6347104.0
2014-01-16,245.45,246.65,242.8,243.4,3619378.0
2014-01-17,243.15,244.35,241.55,242.0,4232502.0
2014-01-20,242.05,243.3,240.65,241.0,4074268.0
2014-01-21,242.3,243.65,241.3,241.85,3478272.0
2014-01-22,242.15,242.3,237.15,238.35,7458110.0
2014-01-23,237.55,241.6,237.35,237.75,5642554.0
2014-01-24,237.5,239.25,233.55,234.8,10106580.0
2014-01-27,232.75,234.25,230.0,231.9,10158610.0
2014-01-28,231.9,233.5,230.05,231.35,5226644.0
2014-01-29,232.9,235.55,230.95,231.8,10598806.0
2014-01-30,231.55,233.4,227.7,229.0,9294686.0
2014-01-31,228.75,230.9,226.1,227.2,6330408.0
2014-02-03,228.85,229.55,226.15,226.35,5454450.0
2014-02-04,224.65,227.45,222.75,226.75,5446032.0
2014-02-05,227.6,231.4,226.55,231.05,5918370.0
2014-02-06,231.25,232.75,230.15,230.5,4485566.0
2014-02-07,231.55,231.7,228.8,230.15,3431242.0
2014-02-10,230.6,231.45,227.75,227.75,2694926.0
2014-02-11,228.0,229.35,226.65,227.75,3282284.0
2014-02-12,228.9,233.15,228.65,232.85,6265142.0
2014-02-13,231.6,231.85,228.1,228.1,3618164.0
2014-02-14,229.6,231.5,229.25,229.55,4858126.0
2014-02-17,231.05,232.45,230.1,231.0,2202540.0
2014-02-18,231.5,232.5,229.55,230.15,4223696.0
2014-02-19,229.5,230.55,224.4,225.55,7209918.0
2014-02-20,223.55,226.75,222.5,225.75,6607102.0
2014-02-21,226.55,227.9,225.9,226.6,3678124.0
2014-02-24,226.65,227.5,224.75,225.7,4184030.0
2014-02-25,226.15,226.45,222.7,222.95,4108580.0
2014-02-26,222.95,224.25,219.75,220.05,5242262.0
2014-02-27,220.25,221.05,209.6,212.25,12514824.0
2014-02-28,210.9,212.25,207.75,210.65,9793312.0
2014-03-03,200.1,204.4,167.85,173.75,28263004.0
2014-03-04,173.7,188.55,173.0,187.1,20465774.0
2014-03-05,185.9,186.2,177.8,181.5,17209686.0
2014-03-06,182.5,185.05,171.25,176.2,15391364.0
2014-03-07,174.5,180.5,174.15,175.5,10204542.0
2014-03-11,171.65,172.45,165.25,167.55,18042796.0
2014-03-12,165.4,165.8,158.55,158.55,16069282.0
2014-03-13,160.15,163.85,159.25,159.5,21180796.0
2014-03-14,155.8,160.3,148.75,160.0,23364676.0
2014-03-17,162.4,169.4,158.15,165.5,20000084.0
2014-03-18,168.4,172.75,165.25,171.55,21696924.0
2014-03-19,171.95,174.25,168.75,170.8,15545112.0
2014-03-20,168.4,176.75,167.65,174.5,12020902.0
2014-03-21,169.35,170.7,165.6,170.25,14336960.0
2014-03-24,170.35,174.0,170.0,170.55,6789850.0
2014-03-25,170.95,177.75,168.65,176.9,12200884.0
2014-03-26,177.15,184.05,177.1,182.25,13391024.0
2014-03-27,180.8,187.0,180.1,182.45,17788234.0
2014-03-28,183.25,194.5,183.05,191.1,17673936.0
2014-03-31,192.0,199.4,191.0,198.0,19460380.0
2014-04-01,199.0,202.75,195.8,197.0,17273590.0
2014-04-02,197.5,197.75,190.0,194.75,21811304.0
2014-04-03,195.35,198.25,188.5,191.1,17159552.0
2014-04-04,197.5,198.0,191.85,194.5,27106230.0
2014-04-07,192.35,193.2,184.55,188.7,16046498.0
2014-04-08,188.8,192.2,185.5,191.25,15600840.0
2014-04-09,191.4,194.25,188.15,192.0,10407322.0
2014-04-10,193.15,197.4,192.2,195.5,11108276.0
2014-04-11,192.5,200.0,192.5,198.4,24370318.0
2014-04-14,196.2,197.95,193.85,196.9,15176820.0
2014-04-15,197.5,197.85,190.9,191.15,14621082.0
2014-04-16,192.65,193.9,189.65,191.65,10598228.0
2014-04-17,192.85,193.55,189.05,191.85,11526750.0
2014-04-18,194.55,196.6,193.85,194.55,8449122.0
2014-04-21,194.95,194.95,192.25,192.65,4464616.0
2014-04-22,192.55,193.85,190.55,191.95,9976844.0
2014-04-23,191.95,192.7,189.6,191.7,13367514.0
2014-04-24,192.15,193.0,186.65,189.95,22330260.0
2014-04-25,189.15,190.5,183.6,186.6,16099510.0
2014-04-28,186.25,193.2,183.0,191.25,12650632.0
2014-04-29,192.85,196.1,192.0,192.9,8564598.0
2014-04-30,192.5,195.55,192.05,193.25,7091600.0
2014-05-02,192.7,193.65,191.25,193.0,3786896.0
2014-05-05,191.6,198.9,191.6,193.5,9867550.0
2014-05-06,194.9,200.35,193.75,199.55,13870008.0
2014-05-07,199.15,218.4,198.7,208.0,24783996.0
2014-05-08,209.0,215.65,208.75,211.1,12415308.0
2014-05-12,212.2,221.15,210.0,221.0,15425582.0
2014-05-13,221.75,227.85,219.75,224.0,27040202.0
2014-05-14,225.45,226.3,221.5,223.3,13939802.0
2014-05-15,223.35,227.2,221.55,221.65,13319738.0
2014-05-16,221.5,224.95,219.2,224.95,11237992.0
2014-05-19,225.05,231.7,224.9,230.5,12459338.0
2014-05-20,230.95,233.85,226.75,233.5,14100544.0
2014-05-21,232.5,236.85,230.25,236.65,15927328.0
2014-05-22,237.15,238.1,233.1,235.0,7323296.0
2014-05-23,235.25,237.5,233.15,236.4,5501998.0
2014-05-26,236.5,240.9,236.15,239.8,6715516.0
2014-05-27,239.5,239.55,227.95,234.3,26479318.0
2014-05-28,234.75,236.7,231.75,236.25,14127406.0
2014-05-29,237.05,240.5,235.1,240.0,10915618.0
2014-05-30,240.1,241.35,238.0,239.5,8138690.0
2014-06-02,239.25,250.0,239.2,247.5,16548522.0
2014-06-03,247.0,255.7,246.0,255.0,22653094.0
2014-06-04,255.1,258.85,250.9,255.6,16553444.0
2014-06-05,255.4,257.4,241.7,242.2,15723620.0
2014-06-06,243.5,244.85,232.45,234.45,19108172.0
2014-06-09,235.25,239.15,233.5,236.55,5124892.0
2014-06-10,236.75,237.1,230.1,235.0,11068354.0
2014-06-11,234.7,235.7,231.5,234.9,5347004.0
2014-06-16,233.5,234.95,230.0,232.15,11968548.0
2014-06-17,232.55,235.45,231.05,234.0,6474930.0
2014-06-18,234.4,235.2,228.9,229.75,8906072.0
2014-06-19,232.05,232.45,228.25,228.5,7580406.0
2014-06-20,229.45,229.5,221.8,224.5,10416884.0
2014-06-23,224.6,225.85,219.9,223.3,10084440.0
2014-06-24,224.05,228.35,220.5,220.5,20263078.0
2014-06-25,219.05,219.75,215.15,215.5,14546572.0
2014-06-26,216.5,218.1,209.5,213.95,13992010.0
2014-06-27,214.4,215.8,209.75,210.65,17847936.0
2014-06-30,207.8,208.95,203.35,205.5,9679816.0
2014-07-01,205.7,207.2,204.0,205.3,5476046.0
2014-07-02,205.35,209.1,205.3,209.1,7472726.0
2014-07-03,209.4,213.2,209.2,211.1,9447156.0
2014-07-04,211.25,211.9,204.5,204.95,7515262.0
2014-07-07,205.05,215.35,204.0,213.95,13048130.0
2014-07-08,213.95,217.0,212.5,214.0,12653894.0
2014-07-09,213.5,215.6,211.1,213.15,8877064.0
2014-07-10,214.15,214.85,206.0,208.5,10225276.0
2014-07-11,209.55,209.95,205.15,208.2,8337064.0
2014-07-14,208.55,210.0,205.55,205.8,6741282.0
2014-07-15,206.65,207.15,204.15,205.95,6976174.0
2014-07-16,205.4,208.9,204.45,206.5,8605030.0
2014-07-17,204.15,204.95,193.5,203.45,13547846.0
2014-07-18,198.05,202.7,197.75,202.45,9112296.0
2014-07-21,202.45,205.45,200.3,202.5,7714232.0
2014-07-22,204.05,209.0,204.05,204.75,11067616.0
2014-07-23,205.85,207.2,198.5,201.25,16835158.0
2014-07-24,198.85,201.05,193.05,200.7,9814870.0
2014-07-25,199.5,201.9,198.5,201.9,6406056.0
2014-07-28,200.0,202.3,196.55,199.5,8854658.0
2014-07-29,197.5,203.5,195.95,200.6,8768402.0
2014-07-30,194.75,200.7,193.05,198.0,9932214.0
2014-07-31,197.9,200.0,197.1,199.0,4916516.0
2014-08-01,197.85,201.9,190.5,200.0,13062468.0
2014-08-04,199.9,206.5,199.5,206.2,8279474.0
2014-08-05,207.1,207.65,203.15,205.0,7653836.0
2014-08-06,204.25,205.65,195.05,195.05,8995230.0
2014-08-07,194.0,195.9,185.65,190.5,14178660.0
2014-08-08,191.0,192.8,187.7,187.7,8804432.0
2014-08-11,194.75,197.4,193.4,194.95,7330906.0
2014-08-12,195.1,196.25,191.2,191.5,6339392.0
2014-08-13,191.5,195.9,190.05,195.5,5023476.0
2014-08-14,195.3,198.15,194.5,196.7,3916946.0
2014-08-15,196.75,198.25,194.8,196.55,2807626.0
2014-08-18,196.6,198.7,195.55,196.4,3125720.0
2014-08-19,197.0,198.35,196.05,197.25,3702142.0
2014-08-20,197.55,198.1,195.6,197.85,3910786.0
2014-08-21,198.0,202.7,197.2,199.6,7985772.0
2014-08-22,200.0,202.45,195.7,196.35,6816370.0
2014-08-25,197.5,201.4,196.75,200.55,4425514.0
2014-08-26,201.45,202.4,198.8,200.0,4376986.0
2014-08-27,200.9,201.35,199.0,199.05,3644302.0
2014-08-28,199.1,199.4,189.75,191.9,10434338.0
2014-08-29,192.0,192.75,188.65,192.0,4912358.0
2014-09-01,192.75,194.9,190.15,191.6,6186066.0
2014-09-02,191.6,192.65,190.85,191.85,3540328.0
2014-09-03,192.25,199.45,192.0,198.95,9801062.0
2014-09-04,199.95,205.45,196.85,204.25,8748042.0
2014-09-05,203.05,207.65,202.6,207.45,8360090.0
2014-09-08,206.45,207.15,203.0,203.05,4563388.0
2014-09-09,203.45,206.05,202.25,203.35,3908808.0
2014-09-10,202.75,204.45,201.05,203.35,3186778.0
2014-09-11,203.3,204.85,198.3,199.25,5035170.0
2014-09-12,198.7,200.85,197.2,198.7,4746238.0
2014-09-15,198.5,199.85,195.45,196.75,5984496.0
2014-09-16,196.7,202.35,196.4,200.9,4687244.0
2014-09-17,201.0,202.7,199.05,201.75,4315204.0
2014-09-18,201.15,202.8,199.6,200.5,2910250.0
2014-09-19,200.65,200.65,196.7,199.95,5658848.0
2014-09-22,199.7,200.4,197.65,197.65,2439848.0
2014-09-23,198.3,202.8,198.25,202.15,4217112.0
2014-09-24,202.75,205.75,202.65,204.1,3525348.0
2014-09-25,205.6,206.15,200.4,202.2,3742922.0
2014-09-26,200.55,202.05,198.5,200.8,3569084.0
2014-09-29,201.45,202.25,195.9,196.25,3816114.0
2014-09-30,196.55,198.2,190.2,190.2,3853624.0
2014-10-01,192.45,195.5,191.0,191.0,3845302.0
2014-10-02,191.0,193.1,189.0,190.3,4930850.0
2014-10-03,191.15,194.7,191.0,194.0,3574450.0
2014-10-06,195.05,200.45,195.0,199.15,3584212.0
2014-10-07,199.5,200.75,194.75,195.95,3903936.0
2014-10-08,194.6,194.9,191.65,191.65,3951964.0
2014-10-09,193.95,195.2,192.55,192.65,3803492.0
2014-10-10,190.35,194.5,190.0,192.6,5766372.0
2014-10-13,192.2,197.5,191.55,195.25,4755498.0
2014-10-14,195.6,198.9,195.25,197.5,4110192.0
2014-10-15,197.5,198.35,193.8,194.75,5311686.0
2014-10-16,195.3,198.15,193.0,193.25,5286622.0
2014-10-17,194.8,198.7,194.55,197.55,3392402.0
2014-10-20,197.55,200.0,195.8,197.0,3493592.0
2014-10-21,196.45,197.35,195.0,195.2,3707028.0
2014-10-22,196.5,196.9,191.1,191.5,4207130.0
2014-10-23,191.0,191.15,188.35,188.85,3467038.0
2014-10-24,189.15,191.85,186.75,191.85,3266432.0
2014-10-27,193.35,195.7,191.25,192.25,4380226.0
2014-10-28,193.05,195.55,191.35,194.25,4141796.0
2014-10-29,195.15,199.35,194.0,198.0,6890998.0
2014-10-30,197.0,199.35,196.0,199.15,8684980.0
2014-10-31,199.0,200.5,194.35,199.65,11922366.0
2014-11-03,198.65,200.45,197.25,200.45,3255184.0
2014-11-05,197.95,201.0,196.6,200.05,8231062.0
2014-11-06,200.0,203.05,200.0,200.9,7637360.0
2014-11-07,201.65,204.8,200.25,201.6,10618242.0
2014-11-10,202.25,211.75,202.25,210.95,8000750.0
2014-11-11,211.1,222.0,210.15,210.15,18682024.0
2014-11-12,211.1,220.0,210.0,219.55,20028690.0
2014-11-13,219.25,228.0,218.95,223.6,26713352.0
2014-11-14,223.05,225.5,215.4,218.75,18027100.0
2014-11-17,218.2,220.65,215.5,219.3,11780226.0
2014-11-18,219.95,222.8,218.0,219.65,6215030.0
2014-11-19,221.6,221.65,218.25,219.8,4564510.0
2014-11-20,219.9,221.8,218.0,221.0,4777622.0
2014-11-21,221.05,228.35,219.6,226.3,6617664.0
2014-11-24,227.8,232.5,224.35,231.0,12926420.0
2014-11-25,231.0,234.15,229.7,230.0,15070324.0
2014-11-26,230.0,236.25,226.0,236.0,14228870.0
2014-11-27,235.9,238.45,229.5,233.5,26874544.0
2014-11-28,232.5,234.75,223.75,233.5,18840192.0
2014-12-01,231.0,237.25,228.1,233.75,11701146.0
2014-12-02,234.55,236.55,231.55,234.95,6300628.0
2014-12-03,234.55,254.15,234.15,246.25,17643170.0
2014-12-04,246.65,275.8,246.25,260.0,33558812.0
2014-12-05,262.15,265.0,251.0,255.0,15254208.0
2014-12-08,255.45,260.5,248.5,254.5,12527554.0
2014-12-09,255.5,266.75,252.25,261.65,15148962.0
2014-12-10,262.95,273.75,260.95,269.5,16727904.0
2014-12-11,269.95,277.5,266.5,277.5,23415342.0
2014-12-12,276.05,285.7,272.6,285.0,18627868.0
2014-12-15,284.95,288.0,280.55,284.0,13520430.0
2014-12-16,283.5,302.4,260.55,280.0,31845972.0
2014-12-17,284.4,289.7,262.8,277.5,14790458.0
2014-12-18,280.0,283.35,265.0,276.7,14038134.0
2014-12-19,275.05,277.95,268.25,276.25,6952700.0
2014-12-22,279.5,308.05,275.85,305.5,23035248.0
2014-12-23,306.75,322.2,298.5,306.5,20971978.0
2014-12-24,305.0,332.4,298.7,330.05,14020528.0
2014-12-25,330.75,352.85,328.55,350.05,23258718.0
2014-12-26,350.05,358.25,335.15,344.75,14404886.0
2014-12-29,344.75,350.0,325.0,334.95,18725156.0
2014-12-30,333.85,340.0,323.05,335.0,13851390.0
2015-01-05,330.0,346.5,328.1,337.5,3416092.0
2015-01-06,334.95,344.7,330.9,333.3,2608830.0
2015-01-08,333.0,346.7,332.55,337.05,3104708.0
2015-01-09,337.85,344.9,320.5,326.55,3509842.0
2015-01-12,322.6,336.1,317.65,317.65,4132478.0
2015-01-13,315.0,320.5,297.6,302.5,4026314.0
2015-01-14,302.4,307.7,295.5,300.5,4265198.0
2015-01-15,305.5,322.2,300.9,313.65,7588490.0
2015-01-16,313.4,328.1,308.1,326.1,5406382.0
2015-01-19,324.95,337.5,318.5,320.05,5210614.0
2015-01-20,321.5,322.35,306.0,310.5,5702660.0
2015-01-21,311.9,317.5,306.35,317.5,4286000.0
2015-01-22,318.3,325.45,315.6,318.1,5602028.0
2015-01-23,319.95,324.45,315.75,319.0,4040174.0
2015-01-26,317.15,317.3,304.35,313.0,4102136.0
2015-01-27,304.9,319.95,302.05,318.2,3781804.0
2015-01-28,320.2,341.05,320.1,335.9,7795026.0
2015-01-29,336.25,350.75,330.15,332.5,8516894.0
2015-01-30,334.65,344.7,329.15,344.7,7247634.0
2015-02-02,346.25,348.5,333.25,334.8,3407900.0
2015-02-03,335.35,340.0,332.5,338.5,3192170.0
2015-02-04,340.05,344.3,331.75,334.45,1909172.0
2015-02-05,333.55,344.75,330.4,339.3,4312184.0
2015-02-06,340.05,347.7,339.05,341.3,4392066.0
2015-02-09,342.0,350.0,337.85,340.0,5294440.0
2015-02-10,340.0,346.0,336.7,341.05,2198188.0
2015-02-11,344.05,348.5,343.05,345.25,3366122.0
2015-02-12,348.95,359.95,332.75,345.0,6647044.0
2015-02-13,347.0,349.8,343.3,347.0,4697390.0
2015-02-16,347.05,348.15,336.05,336.25,3580988.0
2015-02-17,337.25,347.6,331.5,335.45,5523316.0
2015-02-18,336.0,341.75,334.2,334.2,3546960.0
2015-02-19,335.0,335.25,323.7,334.8,4783676.0
2015-02-20,337.0,338.55,329.1,333.0,2909826.0
2015-02-24,322.7,328.3,318.75,322.55,3431508.0
2015-02-25,322.55,333.5,316.95,333.5,5796556.0
2015-02-26,335.7,353.9,334.65,350.5,11255326.0
2015-02-27,349.0,353.2,338.0,340.0,6852320.0
2015-03-02,339.95,343.95,336.9,340.5,2210074.0
2015-03-03,338.55,347.7,338.25,347.55,3863876.0
2015-03-04,345.0,349.4,340.0,340.0,2404976.0
2015-03-05,341.05,343.3,330.0,332.0,4245016.0
2015-03-06,332.0,334.2,323.6,323.6,2801392.0
2015-03-10,321.15,324.55,313.0,313.0,4698950.0
2015-03-11,313.55,319.5,308.3,316.4,3388714.0
2015-03-12,317.0,323.15,305.1,322.5,5025688.0
2015-03-13,324.15,325.25,314.5,316.6,4067454.0
2015-03-16,314.55,317.5,304.05,310.5,4871774.0
2015-03-17,312.75,313.7,305.0,305.0,2049120.0
2015-03-18,306.75,312.0,301.65,312.0,3994950.0
2015-03-19,316.15,317.4,307.8,311.5,3047320.0
2015-03-20,310.05,317.0,305.05,317.0,4545354.0
2015-03-23,318.0,319.75,308.25,308.6,2480318.0
2015-03-24,308.6,315.2,305.5,315.0,3066746.0
2015-03-25,315.05,317.2,307.8,314.0,3027978.0
2015-03-26,315.0,319.45,301.7,303.0,4041572.0
2015-03-27,302.95,304.7,295.5,297.5,2997122.0
2015-03-30,298.5,303.5,298.0,300.1,2393106.0
2015-03-31,300.5,303.0,291.85,300.0,6903178.0
2015-04-01,300.0,304.45,297.7,301.95,2670902.0
2015-04-02,302.55,308.5,299.05,308.5,4308022.0
2015-04-03,308.65,312.9,306.1,308.1,3034906.0
2015-04-06,308.1,314.2,307.6,311.5,2112352.0
2015-04-07,313.05,313.25,298.9,300.7,7330054.0
2015-04-08,302.0,302.0,295.0,300.0,11348812.0
2015-04-09,299.6,309.5,293.25,293.95,20034832.0
2015-04-10,293.95,294.8,283.25,293.5,9207224.0
2015-04-13,295.0,299.7,290.05,295.15,4913416.0
2015-04-14,294.5,294.9,287.75,289.5,3294600.0
2015-04-15,289.0,293.5,287.6,291.3,2601828.0
2015-04-16,292.5,294.75,289.1,294.55,3760486.0
2015-04-17,293.9,295.85,290.0,290.25,4843338.0
2015-04-20,290.45,292.0,288.65,290.0,4962042.0
2015-04-21,290.0,294.15,289.15,292.5,2721558.0
2015-04-22,293.35,293.75,290.0,290.7,3252324.0
2015-04-23,290.5,291.75,281.95,284.5,5723740.0
2015-04-24,285.15,299.45,278.75,299.2,7869508.0
2015-04-27,299.7,302.9,296.2,299.55,5915962.0
2015-04-28,299.35,314.3,298.5,310.75,11727646.0
2015-04-29,310.75,318.25,308.6,315.5,5681020.0
2015-04-30,315.25,327.5,315.0,327.5,6788866.0
2015-05-05,327.5,344.45,326.15,342.75,7610882.0
2015-05-06,343.25,347.3,340.0,341.55,8457976.0
2015-05-07,340.2,341.55,337.25,337.6,6667648.0
2015-05-08,338.3,341.35,333.35,337.5,6609378.0
2015-05-12,336.1,338.55,330.5,332.35,5056774.0
2015-05-13,332.25,332.3,327.5,330.0,13164576.0
2015-05-14,330.5,331.6,325.75,325.75,13992956.0
2015-05-15,327.9,343.0,326.2,342.15,12185432.0
2015-05-18,342.15,355.55,340.15,355.0,8606154.0
2015-05-19,354.9,363.95,348.5,360.1,13410250.0
2015-05-20,359.75,363.0,353.5,360.0,8973718.0
2015-05-21,360.45,375.35,359.0,375.35,17377886.0
2015-05-22,376.0,389.75,376.0,388.85,12900144.0
2015-05-25,389.7,399.5,389.7,397.5,12019794.0
2015-05-26,399.6,409.75,397.5,407.5,15598784.0
2015-05-27,408.5,416.0,407.5,413.0,15230396.0
2015-05-28,412.6,414.75,401.5,402.5,18396460.0
2015-05-29,402.45,407.5,398.0,401.25,12900612.0
2015-06-01,402.5,407.3,397.9,401.75,8293394.0
2015-06-02,401.3,409.45,401.05,401.05,3777472.0
2015-06-03,401.05,406.0,400.75,405.25,6981242.0
2015-06-04,404.95,407.25,404.95,405.25,11476714.0
2015-06-05,404.8,408.35,402.5,405.35,10555652.0
2015-06-08,405.5,412.25,402.5,409.5,11218218.0
2015-06-09,410.05,413.85,402.5,408.75,13951336.0
2015-06-10,408.95,408.95,402.5,402.6,7397634.0
2015-06-11,401.8,403.45,399.25,402.0,4533674.0
2015-06-15,401.35,404.05,400.0,401.95,13424956.0
2015-06-16,400.95,402.5,400.0,400.0,5921862.0
2015-06-17,399.9,401.15,395.6,400.05,4238976.0
2015-06-18,399.75,400.65,399.0,399.5,2480250.0
2015-06-19,400.0,400.35,399.3,400.1,5332664.0
2015-06-22,400.0,404.0,393.0,397.55,12814586.0
2015-06-23,397.4,398.55,385.5,391.95,8063192.0
2015-06-24,391.5,392.0,382.5,389.5,6256922.0
2015-06-25,387.7,395.25,385.55,390.0,5046344.0
2015-06-26,389.0,393.75,385.0,390.0,2480520.0
2015-06-29,385.0,392.25,384.95,390.6,1819082.0
2015-06-30,390.1,395.9,385.25,395.0,5425266.0
2015-07-01,393.65,397.15,385.95,385.95,4457480.0
2015-07-02,386.7,390.65,383.55,387.3,4803254.0
2015-07-03,383.8,384.35,379.2,379.2,3233428.0
2015-07-06,376.75,380.8,370.0,372.5,4223788.0
2015-07-07,371.1,376.6,370.0,373.0,3378354.0
2015-07-08,373.5,376.35,366.55,366.6,3774780.0
2015-07-09,369.4,370.7,365.0,365.05,2185756.0
2015-07-10,366.2,378.85,362.85,376.0,3973902.0
2015-07-13,375.5,378.4,371.4,372.75,2512712.0
2015-07-14,372.75,383.55,370.5,374.75,4582614.0
2015-07-15,374.95,378.6,371.4,374.5,3534138.0
2015-07-16,372.5,375.0,370.6,371.2,1875302.0
2015-07-17,371.75,373.45,370.0,370.05,1479214.0
2015-07-20,370.9,371.7,362.45,364.2,2466818.0
2015-07-21,365.15,367.5,363.65,366.25,2098998.0
2015-07-22,364.8,366.5,362.85,366.15,1759102.0
2015-07-23,366.05,368.4,363.4,363.75,1450488.0
2015-07-24,364.0,367.35,359.3,359.5,3268806.0
2015-07-27,360.4,361.8,354.45,361.5,2299776.0
2015-07-28,360.65,363.75,359.25,361.25,2530346.0
2015-07-29,360.9,365.0,358.65,361.45,3350376.0
2015-07-30,361.15,362.35,358.05,359.8,3794400.0
2015-07-31,359.25,363.25,358.45,360.0,3982952.0
2015-08-03,358.05,362.0,357.0,360.0,3108280.0
2015-08-04,359.9,361.6,353.5,355.0,5250462.0
2015-08-05,355.45,357.45,353.55,355.0,4955172.0
2015-08-06,355.15,356.25,350.6,352.65,2382404.0
2015-08-07,354.45,357.85,353.2,354.05,1338968.0
2015-08-10,354.25,356.55,350.8,352.2,1878708.0
2015-08-11,353.0,353.7,350.2,352.5,2150132.0
2015-08-12,351.75,357.45,350.0,351.2,3276522.0
2015-08-13,352.45,353.5,351.5,352.7,2404718.0
2015-08-14,352.5,354.15,352.05,352.1,1753750.0
2015-08-17,352.15,352.4,348.55,351.75,2940392.0
2015-08-18,350.5,351.15,348.25,348.3,2060378.0
2015-08-19,348.0,350.55,345.0,346.65,1828596.0
2015-08-20,346.05,349.05,344.45,347.0,2387080.0
2015-08-21,345.05,346.75,342.75,343.5,2228712.0
2015-08-24,338.85,343.4,326.0,332.6,4493422.0
2015-08-25,332.75,351.95,332.75,350.0,3787324.0
2015-08-26,350.0,354.9,346.55,349.0,3502634.0
2015-08-27,350.75,354.8,347.75,349.25,3875522.0
2015-08-28,350.45,351.25,347.95,348.25,2287456.0
2015-08-31,348.8,350.55,342.55,345.0,1611378.0
2015-09-01,345.0,346.6,333.0,336.4,5790930.0
2015-09-02,335.0,338.6,330.5,334.75,2373294.0
2015-09-03,336.0,339.55,332.95,339.25,1827914.0
2015-09-04,337.6,344.1,335.5,337.5,2585654.0
2015-09-07,336.5,343.5,335.5,341.5,1460112.0
2015-09-08,342.3,354.4,342.1,348.8,3875094.0
2015-09-09,352.5,353.2,345.9,345.9,2394608.0
2015-09-10,344.1,345.7,341.6,345.5,2030048.0
2015-09-11,345.95,350.0,345.0,348.5,1969954.0
2015-09-14,347.85,350.0,347.45,349.45,1742880.0
2015-09-15,348.8,349.9,345.15,348.45,2132578.0
2015-09-16,349.5,349.8,341.3,343.0,4632040.0
2015-09-17,343.6,349.35,341.2,346.45,1369262.0
2015-09-18,349.95,351.5,337.75,339.9,3944706.0
2015-09-21,344.15,344.55,340.5,341.0,934536.0
2015-09-22,341.75,342.25,333.5,336.35,2013866.0
2015-09-23,335.85,338.25,331.3,335.05,2524346.0
2015-09-24,334.5,342.5,329.05,336.65,5352836.0
2015-09-25,339.95,345.7,333.6,337.35,2970386.0
2015-09-28,336.55,337.25,331.0,334.75,1592582.0
2015-09-29,333.05,335.6,331.25,334.75,1963414.0
2015-09-30,334.85,342.2,334.6,338.5,2246558.0
2015-10-01,340.35,340.95,335.8,338.35,876988.0
2015-10-02,337.75,339.7,332.65,335.0,1276832.0
2015-10-05,336.85,342.5,335.0,340.5,3542084.0
2015-10-06,341.5,346.6,340.15,346.6,2242568.0
2015-10-07,346.8,358.85,341.15,357.0,7008282.0
2015-10-08,355.9,371.65,352.5,370.0,7048186.0
2015-10-09,371.85,381.0,367.25,380.0,5653342.0
2015-10-12,381.2,394.25,377.9,390.5,7729258.0
2015-10-13,389.1,389.1,379.8,386.75,3323374.0
2015-10-14,384.45,387.75,380.75,385.4,2002034.0
2015-10-15,385.95,395.0,385.85,387.5,3176928.0
2015-10-16,389.0,393.15,375.55,377.0,2724076.0
2015-10-19,375.95,380.35,370.2,376.45,3422306.0
2015-10-20,377.35,379.75,373.6,377.55,3564406.0
2015-10-21,377.0,377.9,369.1,374.7,2443714.0
2015-10-22,374.9,386.85,372.15,372.55,4692134.0
2015-10-23,373.8,379.3,370.5,373.75,3205226.0
2015-10-26,375.0,376.5,354.3,361.5,4719500.0
2015-10-27,359.6,367.5,353.05,367.5,2865106.0
2015-10-28,367.0,372.95,357.65,358.95,3560706.0
2015-10-29,358.55,362.9,349.1,359.8,3479076.0
2015-10-30,359.5,364.45,357.0,361.75,2551982.0
2015-11-02,360.35,365.0,358.0,362.5,1636808.0
2015-11-03,364.4,369.8,360.0,369.8,4350160.0
2015-11-05,367.5,384.85,367.5,380.75,3931506.0
2015-11-06,382.55,387.1,374.5,379.25,3161506.0
2015-11-09,378.35,381.3,376.0,380.0,1372222.0
2015-11-10,379.5,380.5,373.35,378.8,2307616.0
2015-11-11,378.7,381.0,376.2,380.0,1712014.0
2015-11-12,378.35,380.5,377.1,377.1,1199036.0
2015-11-13,376.0,379.0,370.15,379.0,3192386.0
2015-11-16,378.0,380.7,377.75,379.4,1710934.0
2015-11-17,380.4,394.3,375.8,379.75,6656794.0
2015-11-18,381.65,388.4,379.7,380.5,4076316.0
2015-11-19,384.9,386.5,374.3,381.0,3110998.0
2015-11-20,379.6,384.75,376.6,380.05,2134170.0
2015-11-23,380.9,384.75,375.7,381.5,1794394.0
2015-11-24,381.35,383.85,358.55,364.15,5682480.0
2015-11-25,365.5,373.6,362.05,372.5,2037026.0
2015-11-26,371.05,380.0,371.0,380.0,2378382.0
2015-11-27,379.9,380.5,363.55,363.55,2616564.0
2015-11-30,363.0,367.75,353.3,355.0,3570620.0
2015-12-01,357.9,367.15,356.2,366.4,2478972.0
2015-12-02,367.5,369.95,357.45,361.25,1864494.0
2015-12-03,359.4,362.75,356.9,358.5,1243718.0
2015-12-04,359.8,366.65,357.0,361.5,3129104.0
2015-12-07,360.0,363.55,359.0,362.35,1847792.0
2015-12-08,362.0,364.1,360.45,362.25,1966540.0
2015-12-09,362.9,380.0,361.75,375.25,5000640.0
2015-12-10,375.05,384.25,373.7,378.75,3444508.0
2015-12-11,377.2,383.5,377.05,378.5,2322528.0
2015-12-14,377.45,379.75,374.75,378.75,3955436.0
2015-12-15,379.7,381.95,376.5,381.2,4188822.0
2015-12-16,381.2,390.0,379.65,387.5,2753528.0
2015-12-17,388.7,399.5,388.65,393.85,4373148.0
2015-12-18,393.6,394.05,376.0,376.0,3292422.0
2015-12-21,377.85,383.9,377.85,381.7,1802364.0
2015-12-22,381.55,391.45,380.8,387.1,1412980.0
2015-12-23,386.55,396.2,386.55,393.2,1843844.0
2015-12-24,394.05,394.85,383.6,385.05,1199134.0
2015-12-25,386.5,389.45,380.1,385.5,1409754.0
2015-12-28,385.5,387.2,380.0,380.0,1196974.0
2015-12-29,380.1,392.35,378.15,391.0,3695272.0
2015-12-30,391.75,399.3,386.8,398.5,15371296.0
2016-01-04,397.5,397.5,385.1,385.95,1445930.0
2016-01-05,384.1,390.95,375.0,376.6,2499618.0
2016-01-06,377.45,377.5,370.0,375.85,2175112.0
2016-01-11,368.8,369.5,360.0,361.25,2213446.0
2016-01-12,358.8,372.15,353.05,368.1,4008694.0
2016-01-13,371.2,373.25,360.5,361.25,3268052.0
2016-01-14,355.0,365.0,355.0,359.3,4064916.0
2016-01-15,356.9,360.75,345.0,347.5,7077704.0
2016-01-18,345.0,349.85,338.95,347.0,4458566.0
2016-01-19,350.0,356.0,341.1,347.0,5720302.0
2016-01-20,341.8,343.9,331.7,337.5,6481226.0
2016-01-21,337.45,341.45,330.25,337.45,5763674.0
2016-01-22,341.0,351.8,330.7,348.0,8755182.0
2016-01-25,352.8,353.0,339.0,342.25,3926362.0
2016-01-26,338.75,341.25,335.0,338.3,2349078.0
2016-01-27,339.1,344.4,338.15,343.35,2672998.0
2016-01-28,343.75,358.2,340.45,358.0,6280700.0
2016-01-29,359.35,368.5,356.35,368.5,5391952.0
2016-02-01,367.0,374.25,362.55,367.5,3070006.0
2016-02-02,364.5,368.5,350.65,353.7,3137818.0
2016-02-03,350.7,358.7,347.55,347.6,3279272.0
2016-02-04,354.45,362.3,352.6,359.95,3606154.0
2016-02-05,358.75,362.2,354.5,355.75,2230102.0
2016-02-08,356.7,357.75,347.6,348.75,2225480.0
2016-02-09,348.3,354.8,341.65,342.3,3766020.0
2016-02-10,343.5,349.65,339.1,347.0,2477418.0
2016-02-11,344.65,345.9,332.7,339.7,4393780.0
2016-02-12,341.7,347.4,340.85,346.5,2037832.0
2016-02-15,352.05,355.55,349.25,353.0,2337470.0
2016-02-16,356.0,358.5,350.15,352.3,2627384.0
2016-02-17,351.5,358.5,348.65,356.6,2661490.0
2016-02-18,358.75,369.5,357.85,367.75,4430632.0
2016-02-19,362.9,366.25,359.5,363.5,2647772.0
2016-02-20,363.95,366.0,361.3,361.5,566806.0
2016-02-22,361.75,368.9,361.1,366.5,1018092.0
2016-02-24,362.85,364.7,354.1,358.75,2642342.0
2016-02-25,359.95,363.5,354.25,357.2,2669928.0
2016-02-26,361.05,364.05,358.5,359.9,2439172.0
2016-02-29,357.6,367.0,356.3,367.0,2492482.0
2016-03-01,367.05,374.0,360.5,361.0,3804522.0
2016-03-02,365.0,365.45,360.4,362.5,1848468.0
2016-03-03,363.25,369.0,361.1,366.5,2497710.0
2016-03-04,367.65,372.5,364.55,372.5,2103344.0
2016-03-07,372.95,385.5,372.95,385.5,2645444.0
2016-03-09,380.8,383.0,375.75,378.15,2150512.0
2016-03-10,380.05,383.3,372.25,380.9,2871094.0
2016-03-11,381.45,383.9,378.0,382.5,2568842.0
2016-03-14,383.5,384.25,372.5,374.4,1942018.0
2016-03-15,375.5,377.6,369.7,372.8,4690486.0
2016-03-16,373.05,379.5,370.85,379.5,1593458.0
2016-03-17,381.7,389.5,380.6,385.95,3894566.0
2016-03-18,385.5,392.7,382.7,387.8,3757974.0
2016-03-21,386.2,386.25,374.0,376.5,2834962.0
2016-03-22,377.25,379.75,363.3,368.2,3322848.0
2016-03-23,367.5,372.25,364.25,368.25,2295032.0
2016-03-24,366.45,371.05,365.4,370.0,2004834.0
2016-03-25,372.4,373.5,367.95,368.35,927698.0
2016-03-28,370.0,370.95,359.6,362.7,2080476.0
2016-03-29,362.25,365.0,358.35,365.0,2239026.0
2016-03-30,368.0,373.5,366.55,373.5,2451068.0
2016-03-31,370.7,387.75,370.35,383.4,5822088.0
2016-04-01,381.85,382.3,367.6,372.5,3531624.0
2016-04-04,370.0,382.15,369.2,377.75,2441996.0
2016-04-05,374.95,377.45,369.15,369.9,1722724.0
2016-04-06,372.25,373.35,365.35,369.5,1961312.0
2016-04-07,372.35,374.75,367.5,371.85,1629172.0
2016-04-08,372.45,379.95,370.55,373.25,2676364.0
2016-04-11,374.5,384.75,373.0,384.7,2765486.0
2016-04-12,384.0,387.5,375.25,375.5,2764708.0
2016-04-13,376.85,387.0,376.85,384.0,3120384.0
2016-04-14,383.3,386.55,366.0,374.25,5856252.0
2016-04-15,374.4,378.85,368.35,376.35,5067724.0
2016-04-18,369.0,372.35,360.4,367.5,4419852.0
2016-04-19,367.85,373.45,363.3,367.0,5611902.0
2016-04-20,366.0,367.5,360.85,367.05,3387206.0
2016-04-21,370.15,371.15,356.55,358.2,4574928.0
2016-04-22,358.7,363.25,353.6,360.0,3928994.0
2016-04-25,358.75,361.85,354.65,357.7,2916410.0
2016-04-26,357.05,359.5,347.6,351.0,3082852.0
2016-04-27,353.4,358.65,350.15,354.35,2804388.0
2016-04-28,353.5,357.25,350.95,357.25,2088364.0
2016-04-29,356.4,359.0,349.05,350.25,3880096.0
2016-05-04,347.0,350.5,338.15,350.5,7334818.0
2016-05-05,350.8,351.0,344.1,351.0,3808866.0
2016-05-06,348.75,349.45,342.55,345.0,2684694.0
2016-05-10,343.5,346.7,340.25,342.5,3308342.0
2016-05-11,342.95,349.1,341.85,347.5,4237656.0
2016-05-12,349.0,352.3,341.75,345.0,2972292.0
2016-05-13,344.3,346.05,340.25,344.0,2350532.0
2016-05-16,347.0,350.6,345.05,347.95,2772614.0
2016-05-17,348.6,349.95,340.5,344.5,3440992.0
2016-05-18,343.0,345.7,341.8,345.0,1249050.0
2016-05-19,342.95,343.7,340.75,340.8,1908826.0
2016-05-20,343.0,343.2,335.8,342.5,2846620.0
2016-05-23,341.0,342.5,338.0,342.5,1498816.0
2016-05-24,341.65,345.0,339.4,345.0,1807760.0
2016-05-25,346.45,351.3,346.0,349.5,3121424.0
2016-05-26,351.65,353.75,345.25,350.0,3542360.0
2016-05-27,348.15,349.5,345.45,346.1,1615282.0
2016-05-30,347.1,351.0,345.5,349.35,1283530.0
2016-05-31,349.8,351.5,338.9,342.0,3046654.0
2016-06-01,342.4,344.1,339.7,341.6,2526056.0
2016-06-02,342.7,343.0,338.85,339.6,1627984.0
2016-06-03,340.75,344.4,339.6,342.0,2232108.0
2016-06-06,341.4,349.5,340.4,347.5,1851628.0
2016-06-07,347.9,354.3,346.0,351.5,2942438.0
2016-06-08,352.65,360.5,348.15,360.0,3489924.0
2016-06-09,360.5,367.95,360.25,365.0,5554668.0
2016-06-10,363.0,365.5,357.7,364.0,4853916.0
2016-06-14,362.2,363.6,352.5,355.0,5498804.0
2016-06-15,354.0,358.75,350.25,350.65,3817940.0
2016-06-16,349.2,349.95,338.8,346.0,3503378.0
2016-06-17,347.75,353.5,341.75,345.0,2639348.0
2016-06-20,348.05,351.9,346.3,349.95,1171086.0
2016-06-21,348.25,352.25,345.5,350.9,1233814.0
2016-06-22,350.9,352.15,344.0,345.0,1801530.0
2016-06-23,345.25,348.7,341.7,347.5,1114826.0
2016-06-24,342.25,343.9,332.5,343.9,3161566.0
2016-06-27,342.8,343.8,335.0,335.0,1742676.0
2016-06-28,337.25,338.7,332.75,338.15,2068318.0
2016-06-29,338.9,343.5,337.75,343.5,1497782.0
2016-06-30,343.95,345.0,336.55,340.0,2043496.0
2016-07-01,337.4,340.25,335.5,336.75,1351474.0
2016-07-04,338.5,339.4,334.5,336.95,898750.0
2016-07-05,336.5,336.9,333.5,335.05,716632.0
2016-07-06,335.0,337.0,332.7,336.15,1090046.0
2016-07-07,337.5,346.85,336.95,340.25,3008076.0
2016-07-08,337.75,342.5,337.55,340.95,1427766.0
2016-07-11,342.5,347.35,339.75,344.45,1346874.0
2016-07-12,345.25,349.7,344.05,345.25,1704706.0
2016-07-13,345.3,346.8,337.4,337.5,2418212.0
2016-07-14,339.5,342.45,338.2,342.45,1343304.0
2016-07-15,341.55,342.85,338.0,341.6,1371688.0
2016-07-18,341.15,344.1,339.3,343.75,1433722.0
2016-07-19,342.5,342.65,334.0,338.0,3748906.0
2016-07-20,335.55,338.35,333.05,334.5,1466122.0
2016-07-21,336.15,338.15,334.45,337.95,801020.0
2016-07-22,336.95,339.35,335.55,335.55,715742.0
2016-07-25,336.05,341.0,336.0,339.7,1094150.0
2016-07-26,338.75,341.0,335.6,338.55,932838.0
2016-07-27,339.05,342.7,338.75,342.5,1029608.0
2016-07-28,342.5,342.5,339.35,340.9,1008902.0
2016-07-29,341.45,341.9,336.6,337.05,1607762.0
2016-08-01,339.6,341.05,332.75,334.6,1208126.0
2016-08-02,334.7,336.95,332.0,335.95,1763312.0
2016-08-03,335.9,336.55,333.0,335.8,799284.0
2016-08-04,336.65,343.0,335.25,342.0,2250150.0
2016-08-05,342.6,344.75,335.5,338.1,2543198.0
2016-08-08,339.35,341.85,336.5,340.25,916712.0
2016-08-09,340.0,340.9,336.55,338.25,858758.0
2016-08-10,338.75,340.75,336.05,338.5,1181614.0
2016-08-11,337.5,339.1,333.85,338.85,1511232.0
2016-08-12,339.75,341.1,338.2,340.0,1374864.0
2016-08-15,340.95,341.5,333.0,337.0,5398736.0
2016-08-16,337.0,339.35,331.1,333.0,5511562.0
2016-08-17,334.15,335.0,330.6,335.0,2159524.0
2016-08-18,334.95,335.9,332.5,335.0,1245782.0
2016-08-19,334.35,335.85,331.0,335.0,3071010.0
2016-08-22,333.6,335.0,332.1,335.0,1403226.0
2016-08-23,334.0,337.8,333.0,337.45,1330392.0
2016-08-24,336.5,336.9,333.25,336.0,782978.0
2016-08-25,336.0,338.0,333.75,337.5,1209854.0
2016-08-26,336.4,337.95,333.15,335.5,2096476.0
2016-08-29,334.05,336.9,333.35,336.9,958328.0
2016-08-30,337.0,341.85,335.35,341.0,2932564.0
2016-08-31,340.5,343.45,340.0,342.45,2537296.0
2016-09-01,341.5,352.25,340.6,351.0,3399070.0
2016-09-02,352.0,370.95,350.7,368.75,12115688.0
2016-09-05,370.0,374.35,363.75,369.5,4249862.0
2016-09-06,370.5,371.9,364.6,371.25,3707142.0
2016-09-07,372.65,378.95,371.3,377.25,4630668.0
2016-09-08,378.55,383.85,376.15,381.9,3187484.0
2016-09-09,379.15,383.75,374.0,383.75,4037534.0
2016-09-12,380.3,383.95,371.45,375.0,5521708.0
2016-09-13,375.25,377.95,372.5,372.75,2319036.0
2016-09-14,372.7,374.0,370.55,372.5,2446252.0
2016-09-15,371.5,373.5,350.05,373.0,2651054.0
2016-09-16,373.45,378.0,372.5,375.0,3395820.0
2016-09-19,375.5,377.3,372.0,372.5,1712012.0
2016-09-20,370.8,372.5,364.5,372.5,2311128.0
2016-09-21,373.85,375.15,370.9,373.55,1674890.0
2016-09-22,375.35,379.25,371.6,379.25,2191878.0
2016-09-23,377.6,379.25,375.6,376.45,1695968.0
2016-09-26,375.0,376.5,371.25,374.0,2308712.0
2016-09-27,375.3,375.7,365.0,365.0,2574384.0
2016-09-28,365.0,367.25,362.75,363.6,1716602.0
2016-09-29,367.0,369.4,366.45,366.5,1414330.0
2016-09-30,364.4,366.15,357.0,360.5,2723650.0
2016-10-03,360.4,360.7,354.0,359.15,1746978.0
2016-10-04,359.0,359.95,357.25,357.25,846658.0
2016-10-05,357.1,357.35,350.0,350.5,1875620.0
2016-10-06,350.0,352.15,349.0,350.75,843830.0
2016-10-07,350.95,355.0,347.95,350.9,1436206.0
2016-10-10,351.1,353.95,345.4,353.8,3173752.0
2016-10-11,353.25,354.65,347.75,351.0,2290214.0
2016-10-12,350.5,352.9,343.75,345.5,1914432.0
2016-10-13,344.2,345.8,339.8,343.45,1558460.0
2016-10-14,342.8,343.0,337.75,339.0,1144498.0
2016-10-17,339.65,340.9,337.0,337.8,1304104.0
2016-10-18,338.95,341.55,338.25,340.25,930070.0
2016-10-19,340.6,344.55,339.65,343.5,956664.0
2016-10-20,344.0,344.45,335.75,335.75,1991858.0
2016-10-21,336.0,338.2,334.15,337.65,750656.0
2016-10-24,337.9,344.35,337.9,343.95,1474268.0
2016-10-25,344.4,349.75,339.6,346.25,2360972.0
2016-10-26,345.7,349.35,342.55,345.75,1507262.0
2016-10-27,346.2,347.45,340.05,340.05,1279418.0
2016-10-28,340.5,343.25,338.75,341.1,1165016.0
2016-10-31,340.9,341.15,338.25,338.75,1310994.0
2016-11-01,340.3,345.35,340.0,343.85,1218528.0
2016-11-02,341.55,343.3,337.5,337.5,1107288.0
2016-11-03,338.0,339.25,335.75,337.7,1013708.0
2016-11-07,338.9,341.95,337.65,337.65,1322440.0
2016-11-08,338.95,340.95,337.85,339.85,842280.0
2016-11-09,335.0,348.65,334.95,346.0,4355518.0
2016-11-10,346.9,351.45,343.85,343.85,4433326.0
2016-11-11,344.55,345.4,340.9,341.05,1619924.0
2016-11-14,343.85,349.85,339.95,339.95,3014282.0
2016-11-15,341.75,344.5,339.15,340.2,2306340.0
2016-11-16,341.75,344.95,339.1,340.75,2802610.0
2016-11-17,340.75,342.2,339.15,340.1,1311022.0
2016-11-18,340.0,341.1,338.65,338.75,716512.0
2016-11-21,340.25,343.45,340.2,342.5,1973858.0
2016-11-22,344.0,349.5,339.5,341.05,6142090.0
2016-11-23,342.3,344.25,341.85,343.75,975910.0
2016-11-24,344.1,344.75,339.0,341.5,3168824.0
2016-11-25,341.55,344.25,340.45,342.5,811592.0
2016-11-28,342.8,346.25,341.3,343.75,1539460.0
2016-11-29,341.5,345.55,341.1,343.8,1073198.0
2016-11-30,344.0,347.25,340.5,347.0,5128582.0
2016-12-01,347.95,348.4,341.0,341.55,5192562.0
2016-12-02,342.4,345.95,339.2,341.75,5314952.0
2016-12-05,342.95,345.9,341.8,343.3,1891506.0
2016-12-06,343.95,345.4,339.0,340.0,7397152.0
2016-12-07,340.5,342.8,340.5,340.75,1559148.0
2016-12-08,342.1,351.5,339.5,345.0,8175822.0
2016-12-09,347.5,376.25,346.05,376.15,13354834.0
2016-12-12,379.0,381.5,365.75,367.0,9305638.0
2016-12-13,367.75,372.25,361.1,368.0,4980126.0
2016-12-14,368.1,371.75,357.6,361.4,4435882.0
2016-12-15,358.5,364.4,354.0,361.5,7378292.0
2016-12-16,362.95,374.75,357.55,368.5,7791784.0
2016-12-19,368.7,373.9,361.45,362.75,3742238.0
2016-12-20,362.65,366.1,359.5,362.95,1959814.0
2016-12-21,363.5,365.95,357.85,358.75,2170108.0
2016-12-22,358.75,359.45,355.5,357.5,1768876.0
2016-12-23,357.95,364.45,355.75,360.2,2140186.0
2016-12-26,361.45,362.35,356.5,356.5,796482.0
2016-12-27,357.05,364.2,357.0,363.9,1455622.0
2016-12-28,363.95,368.5,362.5,365.1,2516354.0
2016-12-29,364.5,371.2,364.25,369.95,6054030.0
2016-12-30,369.85,375.0,364.5,370.0,11149084.0
2017-01-03,368.85,372.5,366.3,370.05,3579574.0
2017-01-04,369.8,371.65,363.75,365.75,2695310.0
2017-01-05,366.3,366.6,355.25,357.45,2872106.0
2017-01-06,357.75,357.75,354.0,354.85,2323740.0
2017-01-09,356.55,359.35,351.65,352.9,1642302.0
2017-01-10,353.6,357.0,352.0,356.25,3585256.0
2017-01-11,355.3,358.75,349.6,351.05,3583476.0
2017-01-12,352.05,352.35,346.55,347.75,2279776.0
2017-01-13,348.5,349.75,342.05,346.25,3313568.0
2017-01-16,346.5,351.35,344.5,347.05,1589204.0
2017-01-17,347.8,349.45,345.5,346.05,1229918.0
2017-01-18,348.5,348.7,341.85,343.05,4453334.0
2017-01-19,343.75,344.95,342.0,343.45,2473864.0
2017-01-20,343.7,344.55,340.3,342.15,1616636.0
2017-01-23,342.95,343.45,339.25,343.4,1420992.0
2017-01-24,343.45,346.5,341.8,342.5,2576100.0
2017-01-25,343.25,346.0,341.35,342.5,2425208.0
2017-01-26,343.75,349.75,343.1,345.45,5731246.0
2017-01-27,346.55,350.75,344.25,348.5,5622784.0
2017-01-30,349.05,353.75,346.75,347.0,2983892.0
2017-01-31,346.5,348.5,342.55,344.85,1985212.0
2017-02-01,344.95,347.45,344.1,347.35,1361650.0
2017-02-02,347.35,348.0,343.4,345.45,1451496.0
2017-02-03,345.05,346.75,344.25,346.45,1541940.0
2017-02-06,347.25,347.45,342.15,343.4,1325616.0
2017-02-07,343.2,344.75,342.2,343.95,833978.0
2017-02-08,343.8,344.6,341.5,343.5,1057808.0
2017-02-09,344.05,344.6,340.1,343.5,1168830.0
2017-02-10,343.55,344.35,341.3,342.15,736236.0
2017-02-13,342.45,344.3,338.25,340.8,1905932.0
2017-02-14,340.0,341.25,336.1,339.4,1399080.0
2017-02-15,339.0,344.25,336.0,338.85,1819634.0
2017-02-16,340.9,340.9,337.95,339.95,865340.0
2017-02-17,341.2,341.2,337.75,339.65,2250610.0
2017-02-20,341.0,341.95,339.25,339.95,848716.0
2017-02-21,340.35,341.0,336.8,339.6,914384.0
2017-02-22,339.6,339.6,334.75,337.1,1407444.0
2017-02-24,336.55,337.0,333.75,335.75,743354.0
2017-02-27,335.9,336.0,330.55,333.75,3147200.0
2017-02-28,332.95,334.85,327.5,330.4,2568756.0
2017-03-01,330.55,336.25,330.45,336.25,1799516.0
2017-03-02,335.3,337.35,328.6,330.0,2201900.0
2017-03-03,329.6,330.0,322.5,330.0,3235970.0
2017-03-06,329.1,331.45,326.55,330.0,1640942.0
2017-03-07,329.35,330.0,323.8,330.0,3688722.0
2017-03-09,326.8,332.0,317.5,323.0,10028038.0
2017-03-10,322.0,328.5,320.8,325.25,5072510.0
2017-03-13,325.5,328.0,321.35,326.3,1890438.0
2017-03-14,326.85,327.75,324.1,325.3,1549784.0
2017-03-15,326.2,328.85,325.15,325.7,1271010.0
2017-03-16,328.4,330.15,322.75,327.5,3420912.0
2017-03-17,326.5,331.5,326.2,331.25,2552968.0
2017-03-20,331.25,336.45,330.25,336.0,2924644.0
2017-03-21,336.0,338.3,331.3,334.0,1746276.0
2017-03-22,331.4,334.9,327.85,334.85,1660692.0
2017-03-23,334.55,336.5,330.55,333.9,939190.0
2017-03-24,333.45,333.9,328.9,332.0,1265976.0
2017-03-27,329.95,330.95,324.25,327.5,1538084.0
2017-03-28,327.3,329.45,325.6,327.6,1228126.0
2017-03-29,328.2,331.0,327.0,330.95,837118.0
2017-03-30,330.75,335.0,329.4,334.0,1211882.0
2017-03-31,333.9,335.65,329.1,331.25,1501720.0
2017-04-03,331.2,334.3,327.9,334.3,1627642.0
2017-04-04,333.3,336.05,331.4,335.5,1458806.0
2017-04-05,336.55,339.2,334.3,334.5,1585728.0
2017-04-06,333.95,334.25,329.75,330.75,1716498.0
2017-04-07,328.9,330.7,326.25,327.95,2120336.0
2017-04-10,327.45,327.5,317.8,323.65,3062500.0
2017-04-11,322.2,325.0,319.0,324.5,5118848.0
2017-04-12,324.95,325.5,316.5,320.5,1958844.0
2017-04-13,319.75,321.95,314.35,320.0,3286966.0
2017-04-14,318.55,320.5,314.6,320.45,1081046.0
2017-04-17,318.8,321.6,316.85,321.0,642310.0
2017-04-18,322.05,322.2,316.25,320.0,1404308.0
2017-04-19,319.55,320.0,317.5,320.0,1525142.0
2017-04-20,318.65,322.0,316.75,322.0,2361692.0
2017-04-21,322.55,329.4,320.75,325.0,2161948.0
2017-04-24,328.05,328.5,325.0,325.75,1233388.0
2017-04-25,326.15,335.5,325.1,330.6,2609014.0
2017-04-26,332.25,342.5,330.5,342.15,2921762.0
2017-04-27,341.25,343.0,333.2,333.55,1942226.0
2017-04-28,335.2,338.75,331.55,333.55,1683756.0
2017-05-02,334.05,338.85,333.6,336.85,1196108.0
2017-05-03,335.9,340.5,330.4,337.5,1808762.0
2017-05-04,338.1,342.15,335.0,335.5,1859978.0
2017-05-05,331.8,332.05,326.95,328.65,2665724.0
2017-05-10,329.7,334.5,327.6,334.5,1361044.0
2017-05-11,333.8,335.3,329.3,329.45,1027728.0
2017-05-12,330.5,330.7,327.25,328.35,745132.0
2017-05-15,328.15,337.4,328.15,333.0,1185076.0
2017-05-16,332.95,342.35,331.35,335.0,4048584.0
2017-05-17,334.0,335.0,330.5,333.0,1687542.0
2017-05-18,330.35,333.5,325.85,327.7,2274074.0
2017-05-19,328.45,337.25,327.0,331.95,2841656.0
2017-05-22,334.4,334.4,328.25,328.25,1493882.0
2017-05-23,328.7,336.2,327.6,336.05,1333904.0
2017-05-24,336.0,340.6,333.05,335.1,3263258.0
2017-05-25,335.6,337.25,332.4,334.7,841624.0
2017-05-26,334.65,335.0,329.35,331.85,1216090.0
2017-05-29,331.85,332.5,328.85,330.0,367122.0
2017-05-30,329.85,330.75,326.75,329.7,843140.0
2017-05-31,328.7,333.45,325.4,330.75,1591424.0
2017-06-01,329.45,333.35,321.15,323.65,1863428.0
2017-06-02,324.0,326.0,317.85,326.0,2143552.0
2017-06-05,326.2,328.4,322.5,325.25,1134492.0
2017-06-06,324.05,325.85,321.65,321.75,642112.0
2017-06-07,321.75,323.5,320.55,320.55,1104118.0
2017-06-08,321.5,324.65,320.0,322.5,1603418.0
2017-06-09,322.3,326.25,321.2,326.25,1525252.0
2017-06-13,326.25,327.5,322.5,322.5,1320544.0
2017-06-14,322.5,322.8,316.6,320.0,1708784.0
2017-06-15,318.5,319.7,308.9,319.5,8783388.0
2017-06-16,319.15,320.9,314.0,319.5,5597070.0
2017-06-19,319.4,319.5,315.25,316.1,1976638.0
2017-06-20,316.6,319.5,313.25,319.5,4040820.0
2017-06-21,318.25,319.45,315.75,316.7,1093536.0
2017-06-22,315.8,320.5,312.7,319.5,3780106.0
2017-06-23,319.15,320.85,315.9,320.0,2805874.0
2017-06-26,320.65,322.5,317.45,317.45,865068.0
2017-06-27,317.1,317.9,314.6,316.9,2602594.0
2017-06-28,315.45,319.0,314.05,319.0,1996636.0
2017-06-29,319.2,320.15,316.85,319.5,1988878.0
2017-06-30,318.95,322.5,317.95,320.0,1811790.0
2017-07-03,320.0,322.1,319.35,321.5,1092116.0
2017-07-04,321.45,324.75,321.25,322.0,953294.0
2017-07-05,321.15,322.8,319.3,320.0,1353944.0
2017-07-06,320.7,321.25,316.8,319.35,1343290.0
2017-07-07,318.15,320.75,317.3,318.4,1193810.0
2017-07-10,318.5,321.0,317.55,319.0,1123560.0
2017-07-11,319.55,320.15,315.85,319.35,1006784.0
2017-07-12,319.35,322.5,317.5,320.0,2113312.0
2017-07-13,319.75,321.4,318.0,318.55,1139280.0
2017-07-14,318.95,320.05,318.4,319.0,856238.0
2017-07-17,319.2,320.45,317.5,319.35,859308.0
2017-07-18,318.85,319.55,315.15,317.5,1548942.0
2017-07-19,316.35,320.5,315.55,320.5,1127680.0
2017-07-20,320.55,326.9,319.1,324.5,2002256.0
2017-07-21,324.4,325.3,318.05,318.65,1106268.0
2017-07-24,318.0,319.5,315.55,317.5,1535538.0
2017-07-25,317.45,318.0,315.2,317.5,1973006.0
2017-07-26,317.15,318.7,316.0,318.0,946060.0
2017-07-27,318.85,319.8,316.65,317.05,1209360.0
2017-07-28,317.0,317.0,303.85,304.5,8280026.0
2017-07-31,305.65,305.75,294.05,298.45,3036144.0
2017-08-01,298.9,303.45,296.7,300.25,1678134.0
2017-08-02,301.0,310.75,300.0,308.55,2631958.0
2017-08-03,308.45,314.3,307.05,309.3,1694480.0
2017-08-04,308.6,309.15,303.15,304.1,1311240.0
2017-08-07,304.9,310.55,304.35,310.55,1038042.0
2017-08-08,311.05,314.75,310.1,310.3,2859638.0
2017-08-09,309.8,313.9,306.5,309.95,2691646.0
2017-08-10,309.9,310.9,301.15,303.4,1507692.0
2017-08-11,303.0,304.25,297.0,300.0,2035556.0
2017-08-14,301.2,304.6,300.75,302.5,660970.0
2017-08-15,302.6,306.5,300.8,305.1,1329736.0
2017-08-16,305.15,306.0,300.45,301.85,1035536.0
2017-08-17,300.8,302.5,300.0,300.0,618570.0
2017-08-18,299.45,300.0,295.5,297.25,1289884.0
2017-08-21,298.0,298.7,296.15,296.25,651898.0
2017-08-22,296.85,297.75,296.2,297.0,395912.0
2017-08-23,297.1,302.4,295.0,302.4,1379730.0
2017-08-24,302.45,305.25,301.4,304.6,1195534.0
2017-08-25,304.95,307.2,299.5,301.0,1986534.0
2017-08-28,301.05,301.65,298.35,300.85,1059124.0
2017-08-29,299.95,301.95,297.85,299.95,1352518.0
2017-08-30,300.95,324.85,299.95,324.0,6948304.0
2017-08-31,324.5,326.5,320.55,322.8,3561930.0
2017-09-01,323.5,334.15,316.55,317.25,6237886.0
2017-09-04,315.05,317.85,308.15,308.15,4129556.0
2017-09-05,308.95,310.2,298.5,300.5,5437950.0
2017-09-06,300.0,303.6,296.5,301.0,3010556.0
2017-09-07,301.25,305.0,300.5,300.5,1631866.0
2017-09-08,301.05,309.25,300.5,308.0,2563738.0
2017-09-11,310.1,312.85,306.75,310.55,2616472.0
2017-09-12,311.25,321.35,310.05,318.65,4148186.0
2017-09-13,318.65,324.2,311.95,311.95,4365468.0
2017-09-14,313.25,316.75,311.0,314.45,1938438.0
2017-09-15,313.9,318.95,308.0,308.0,2907974.0
2017-09-18,310.55,312.4,309.95,311.35,1150764.0
2017-09-19,311.2,313.7,306.85,309.4,1977194.0
2017-09-20,309.9,309.95,305.5,309.0,2567310.0
2017-09-21,308.4,309.75,306.3,308.15,2229168.0
2017-09-22,308.05,309.7,305.25,306.45,2228644.0
2017-09-25,306.75,313.95,305.95,312.7,2320796.0
2017-09-26,313.25,314.25,310.55,311.65,2595574.0
2017-09-27,311.65,313.75,307.85,308.15,2253610.0
2017-09-28,309.0,311.2,308.25,309.55,1473894.0
2017-09-29,310.25,311.25,307.95,307.95,833114.0
2017-10-02,308.5,310.85,306.2,307.2,2160874.0
2017-10-03,307.8,310.0,307.05,308.05,1171708.0
2017-10-04,306.65,307.95,306.0,307.0,1173354.0
2017-10-05,307.05,307.3,303.55,306.0,2562864.0
2017-10-06,306.45,310.5,306.45,307.25,3690664.0
2017-10-09,307.95,309.5,306.75,307.85,1356024.0
2017-10-10,308.05,309.0,306.55,307.9,1211564.0
2017-10-11,308.45,308.55,305.9,305.9,2991406.0
2017-10-12,306.2,307.8,305.5,306.0,1417470.0
2017-10-13,306.45,307.45,304.2,305.0,1220130.0
2017-10-16,305.65,307.5,304.85,305.75,1259044.0
2017-10-17,305.85,306.1,301.45,303.0,1051982.0
2017-10-18,303.85,305.25,301.15,301.15,1097046.0
2017-10-19,302.3,303.4,301.0,301.05,1473764.0
2017-10-20,301.9,303.5,301.05,301.25,1097156.0
2017-10-23,301.95,303.45,301.0,301.25,815894.0
2017-10-24,301.45,305.2,300.75,305.2,1123206.0
2017-10-25,306.2,307.0,302.15,302.15,1464020.0
2017-10-26,303.1,303.4,301.1,301.1,1045082.0
2017-10-27,302.25,304.2,301.75,302.45,1369806.0
2017-10-30,302.65,303.45,301.15,301.15,1000080.0
2017-10-31,302.1,302.9,300.0,300.0,1309048.0
2017-11-01,300.6,303.75,299.55,299.75,1505976.0
2017-11-02,299.95,300.15,296.75,298.8,1251854.0
2017-11-03,298.65,301.85,297.5,297.5,1537702.0
2017-11-07,299.65,305.0,298.5,303.75,3381246.0
2017-11-08,302.55,304.45,300.5,300.5,1456778.0
2017-11-09,301.4,312.05,300.6,306.35,6282806.0
2017-11-10,306.5,306.75,300.5,300.55,2153620.0
2017-11-13,300.55,303.6,300.05,300.05,1413832.0
2017-11-14,299.55,300.8,294.0,294.0,4792796.0
2017-11-15,293.45,295.05,277.45,277.45,5900928.0
2017-11-16,276.9,277.45,250.5,260.25,22719846.0
2017-11-17,262.5,269.0,260.55,266.9,8100868.0
2017-11-20,266.7,273.75,265.55,269.9,4870978.0
2017-11-21,271.0,272.5,263.3,266.0,4535028.0
2017-11-22,266.6,266.9,261.0,264.5,2578496.0
2017-11-23,263.5,264.5,258.7,261.1,1628542.0
2017-11-24,261.0,267.5,260.95,266.9,3714652.0
2017-11-27,266.6,267.15,261.8,263.35,1536348.0
2017-11-28,263.3,267.25,261.95,264.0,2102176.0
2017-11-29,264.05,264.6,261.0,261.0,1365734.0
2017-11-30,261.15,261.65,251.95,253.9,3858496.0
2017-12-01,255.0,259.7,250.55,258.0,5100766.0
2017-12-04,256.55,258.1,254.55,255.0,2070316.0
2017-12-05,254.55,256.55,252.95,254.3,1493978.0
2017-12-06,253.95,259.15,253.2,257.5,1623544.0
2017-12-07,257.55,258.35,254.4,255.15,1837864.0
2017-12-08,255.3,257.35,253.3,253.3,1341024.0
2017-12-11,253.85,256.5,253.55,256.1,2984500.0
2017-12-12,256.75,257.0,254.2,256.25,1886564.0
2017-12-13,254.55,256.25,250.5,250.5,4803744.0
2017-12-14,250.7,254.3,244.75,252.0,6863344.0
2017-12-15,251.5,252.5,249.5,250.0,2623750.0
2017-12-18,251.0,252.45,248.5,249.35,2023072.0
2017-12-19,249.55,250.5,241.85,242.0,4033294.0
2017-12-20,241.5,241.75,228.55,229.55,11312788.0
2017-12-21,229.15,230.45,221.05,226.75,9427448.0
2017-12-22,227.05,236.0,225.45,232.75,6268722.0
2017-12-25,234.4,236.5,231.5,236.5,1635654.0
2017-12-26,236.05,236.9,233.55,234.25,1787386.0
2017-12-27,234.05,245.25,232.5,237.25,8537238.0
2017-12-28,237.6,238.95,231.1,234.8,3777326.0
2017-12-29,235.0,238.6,232.85,236.6,2365966.0
2018-01-03,236.65,247.5,236.1,247.5,3470210.0
2018-01-04,247.55,251.35,245.55,250.25,3610442.0
2018-01-05,251.4,251.4,247.55,251.0,1878144.0
2018-01-09,251.65,259.35,251.6,254.0,6410554.0
2018-01-10,255.0,256.5,252.0,252.55,4737962.0
2018-01-11,252.55,253.5,248.55,252.5,4493544.0
2018-01-12,252.6,255.25,250.4,254.8,3265602.0
2018-01-15,255.95,258.95,254.05,254.05,2584776.0
2018-01-16,254.95,255.15,251.3,254.5,3059860.0
2018-01-17,253.05,258.5,251.4,256.95,4637180.0
2018-01-18,256.4,258.75,252.25,253.0,4514162.0
2018-01-19,254.45,254.65,245.5,248.25,3902724.0
2018-01-22,248.5,251.25,248.05,250.7,2397628.0
2018-01-23,250.7,251.25,245.55,248.9,2887076.0
2018-01-24,248.1,248.35,244.4,245.1,2908174.0
2018-01-25,245.5,252.25,245.05,249.5,5887042.0
2018-01-26,249.0,249.3,243.55,246.75,3326632.0
2018-01-29,245.95,247.95,243.7,245.0,2353620.0
2018-01-30,244.5,247.5,243.2,244.0,2187236.0
2018-01-31,244.4,247.0,243.25,247.0,1846150.0
2018-02-01,246.7,250.45,245.25,246.9,4725726.0
2018-02-02,246.95,248.35,243.75,246.0,3505934.0
2018-02-05,244.15,246.25,242.65,245.4,2705572.0
2018-02-06,241.95,244.1,234.0,235.1,9509836.0
2018-02-07,237.85,239.75,236.1,238.05,2853328.0
2018-02-08,238.05,244.2,236.15,237.55,6394486.0
2018-02-09,235.35,237.45,233.0,235.35,5656622.0
2018-02-12,237.5,238.95,234.75,235.6,3440680.0
2018-02-13,235.95,238.75,235.25,238.35,2440698.0
2018-02-14,238.5,241.35,236.05,238.5,3557896.0
2018-02-15,240.0,240.0,236.6,236.75,4100322.0
2018-02-16,236.85,239.0,236.8,238.5,2073612.0
2018-02-19,238.35,238.9,236.15,237.25,1260520.0
2018-02-20,237.3,239.75,236.8,238.7,1524216.0
2018-02-21,238.5,245.85,238.05,244.5,7106108.0
2018-02-22,243.35,264.75,242.95,258.75,14253886.0
2018-02-26,264.85,279.15,262.75,273.15,20640746.0
2018-02-27,273.65,274.45,266.75,269.0,8621830.0
2018-02-28,268.25,270.25,263.05,263.8,11176268.0
2018-03-01,263.25,265.85,261.5,262.5,5000152.0
2018-03-02,263.75,269.95,260.5,262.05,4804838.0
2018-03-05,263.5,267.1,260.1,262.3,3994692.0
2018-03-06,263.25,268.45,262.65,265.0,4380496.0
2018-03-07,264.0,273.9,263.2,273.5,7572918.0
2018-03-09,272.7,282.95,271.65,281.4,6943354.0
2018-03-12,285.05,288.2,278.5,278.55,6455814.0
2018-03-13,278.85,281.4,274.6,279.0,5736508.0
2018-03-14,277.75,279.9,267.5,267.7,6041930.0
2018-03-15,268.25,271.15,265.95,269.2,6690950.0
2018-03-16,268.95,270.95,266.75,267.4,7513876.0
2018-03-19,269.5,270.7,267.0,267.0,2525896.0
2018-03-20,267.95,269.8,263.3,269.5,3857732.0
2018-03-21,270.25,272.5,265.85,270.0,6129670.0
2018-03-22,271.4,271.4,266.55,270.0,5520806.0
2018-03-23,267.05,267.9,264.5,266.4,3480040.0
2018-03-26,266.15,266.15,254.95,254.95,6622156.0
2018-03-27,256.8,260.95,255.25,259.0,4285822.0
2018-03-28,256.7,257.9,252.75,255.0,3347952.0
2018-03-29,255.6,260.5,255.55,255.75,4141388.0
2018-03-30,257.55,258.3,256.1,258.3,821870.0
2018-04-02,258.3,259.7,255.7,255.7,2502358.0
2018-04-03,255.65,265.5,253.85,261.5,8492276.0
2018-04-04,262.9,263.2,260.5,261.85,3863042.0
2018-04-05,263.4,269.75,262.65,269.75,13525850.0
2018-04-06,267.95,277.75,267.95,277.0,16791016.0
2018-04-09,276.0,276.25,242.5,252.0,23513304.0
2018-04-10,250.15,258.95,246.1,253.25,15922934.0
2018-04-11,254.55,257.95,247.05,252.35,8634048.0
2018-04-12,254.55,257.4,252.55,254.65,4173756.0
2018-04-13,254.95,257.5,250.6,254.35,5402744.0
2018-04-16,250.35,260.95,250.0,258.95,5630204.0
2018-04-17,266.75,267.7,259.7,260.85,6897604.0
2018-04-18,262.1,267.45,261.0,265.0,4807706.0
2018-04-19,265.05,267.5,259.85,262.5,4297076.0
2018-04-20,261.8,266.0,260.5,264.45,3168450.0
2018-04-23,263.55,265.0,262.55,265.0,4184420.0
2018-04-24,265.0,269.5,264.0,265.0,5390612.0
2018-04-25,263.75,264.5,261.4,264.35,2901530.0
2018-04-26,265.0,266.75,260.4,262.0,3967658.0
2018-04-27,262.75,264.0,260.85,262.85,2715630.0
2018-04-28,262.85,263.6,261.75,263.5,528088.0
2018-04-30,263.6,269.85,263.25,269.85,2657952.0
2018-05-02,267.65,270.7,265.4,267.0,3093700.0
2018-05-03,266.4,268.3,263.05,263.05,2309184.0
2018-05-04,264.95,265.55,263.25,263.75,1714726.0
2018-05-07,265.45,266.5,263.6,263.85,2640658.0
2018-05-08,262.85,264.75,254.25,263.5,4078722.0
2018-05-10,265.55,265.85,261.2,261.25,3108034.0
2018-05-11,262.0,263.5,260.2,261.9,4110954.0
2018-05-14,262.0,263.65,260.85,262.5,3929316.0
2018-05-15,261.25,261.85,255.55,257.5,7946458.0
2018-05-16,256.45,258.2,255.8,256.6,4206334.0
2018-05-17,257.75,259.75,256.1,256.1,6867440.0
2018-05-18,257.3,257.95,255.0,256.0,4319300.0
2018-05-21,256.55,259.45,256.4,257.8,3488654.0
2018-05-22,258.3,258.3,256.6,256.95,2201574.0
2018-05-23,256.5,258.3,255.75,255.75,2861260.0
2018-05-24,256.6,257.95,255.8,256.05,3027056.0
2018-05-25,256.4,257.45,253.85,255.3,3253628.0
2018-05-28,255.5,257.5,255.4,257.25,1748792.0
2018-05-29,256.8,257.5,254.8,256.4,3647770.0
2018-05-30,256.5,258.25,255.7,256.7,6286822.0
2018-05-31,257.3,258.1,249.45,249.45,25509890.0
2018-06-01,237.35,241.15,237.0,237.0,15450298.0
2018-06-04,238.2,239.4,234.2,235.15,6073860.0
2018-06-05,235.85,238.0,235.05,237.2,3842906.0
2018-06-06,237.0,238.45,235.25,236.25,3298490.0
2018-06-07,237.0,237.25,234.05,234.05,3727536.0
2018-06-08,233.5,233.65,226.5,226.55,8200310.0
2018-06-09,226.7,228.05,226.7,227.6,775290.0
2018-06-11,227.7,228.3,222.5,225.7,3821026.0
2018-06-13,224.3,226.35,223.15,223.75,5125060.0
2018-06-14,223.7,226.0,222.85,223.25,3445940.0
2018-06-15,224.2,225.25,222.55,222.55,4722054.0
2018-06-18,222.5,231.6,222.2,230.55,7671740.0
2018-06-19,230.0,230.4,225.95,225.95,5496716.0
2018-06-20,227.75,236.0,227.7,236.0,6421694.0
2018-06-21,236.1,238.9,233.55,234.8,5657306.0
2018-06-22,236.4,237.65,232.45,233.0,3954572.0
2018-06-25,234.4,236.35,232.8,233.5,3502066.0
2018-06-26,234.7,235.9,233.55,234.5,2686686.0
2018-06-27,235.35,237.95,233.75,236.75,4273410.0
2018-06-28,237.0,243.35,236.75,239.15,5983822.0
2018-06-29,240.1,244.45,240.0,240.05,4187426.0
2018-07-02,239.6,242.2,237.05,241.65,4964996.0
2018-07-03,241.95,243.6,240.95,241.9,2632802.0
2018-07-04,242.15,244.0,241.3,242.8,2387810.0
2018-07-05,242.5,243.65,241.6,243.3,2504844.0
2018-07-06,242.8,246.0,242.0,242.5,2950720.0
2018-07-09,244.0,246.95,243.65,246.95,2928142.0
2018-07-10,247.2,247.35,244.2,245.15,2410002.0
2018-07-11,243.6,244.2,241.9,243.0,2780830.0
2018-07-12,242.55,244.2,239.4,241.55,2515500.0
2018-07-13,242.35,248.75,241.4,248.75,5369298.0
2018-07-16,248.5,249.9,246.8,247.0,4099086.0
2018-07-17,246.85,247.25,243.0,243.6,2569346.0
2018-07-18,243.5,245.15,242.4,242.65,1754894.0
2018-07-19,243.2,243.9,237.25,239.2,3937788.0
2018-07-20,239.2,243.45,236.85,241.25,3047052.0
2018-07-23,240.9,244.9,240.9,241.2,1486520.0
2018-07-24,242.05,242.35,239.55,241.1,2124794.0
2018-07-25,238.5,239.95,235.8,239.75,3101732.0
2018-07-26,240.25,241.15,237.65,237.9,1625106.0
2018-07-27,238.5,239.75,237.05,239.1,1377604.0
2018-07-30,238.55,240.35,237.65,239.85,1466982.0
2018-07-31,238.1,241.4,238.1,241.4,1857626.0
2018-08-01,240.5,244.3,240.35,241.4,2712216.0
2018-08-02,241.4,242.3,237.25,237.9,1849850.0
2018-08-03,238.4,238.5,234.7,236.75,2036798.0
2018-08-06,237.0,238.15,233.95,234.05,2156754.0
2018-08-07,234.5,236.75,232.8,234.0,1616198.0
2018-08-08,233.05,234.1,226.5,228.45,6028568.0
2018-08-09,226.85,226.85,211.05,225.55,12573792.0
2018-08-10,225.0,225.65,214.2,216.85,5821394.0
2018-08-13,213.7,218.9,212.55,214.75,4387280.0
2018-08-14,216.2,218.5,213.35,218.2,3014830.0
2018-08-15,217.5,219.45,215.75,217.0,2424378.0
2018-08-16,218.0,219.4,217.4,219.4,1567138.0
2018-08-17,218.8,219.45,216.5,218.55,1683652.0
2018-08-20,219.1,221.45,219.05,220.75,1250084.0
2018-08-21,221.05,222.0,218.55,220.75,1589308.0
2018-08-22,220.7,221.0,213.95,215.0,4632570.0
2018-08-23,214.5,215.0,205.35,206.95,6662126.0
2018-08-24,206.5,207.6,200.9,205.1,6474942.0
2018-08-27,206.45,210.75,206.2,210.75,2763176.0
2018-08-28,211.25,211.4,207.5,207.65,2049312.0
2018-08-29,207.95,209.95,205.35,209.95,2438070.0
2018-08-30,210.0,210.85,205.5,206.1,2496138.0
2018-08-31,205.9,207.75,204.25,207.0,2847512.0
2018-09-03,206.15,207.55,205.25,206.45,1340814.0
2018-09-04,206.5,208.65,204.3,204.6,2015682.0
2018-09-05,204.7,205.55,200.1,200.1,2767870.0
2018-09-06,200.3,201.75,197.15,197.5,3967052.0
2018-09-07,198.1,199.75,195.15,196.65,3272886.0
2018-09-10,196.85,197.4,192.1,193.0,4455710.0
2018-09-11,193.15,195.5,191.7,195.0,4094210.0
2018-09-12,195.95,199.0,195.15,198.0,3502344.0
2018-09-13,198.3,208.4,198.05,202.4,7522314.0
2018-09-14,202.75,204.9,198.3,200.25,5174082.0
2018-09-17,200.5,202.15,199.05,200.2,2612928.0
2018-09-18,199.85,206.0,199.75,205.9,3476988.0
2018-09-19,206.75,209.0,205.35,206.4,3921278.0
2018-09-20,206.95,210.0,204.5,205.55,7019084.0
2018-09-21,206.05,211.0,204.05,211.0,3585300.0
2018-09-24,209.5,212.25,207.8,209.55,4544334.0
2018-09-25,210.25,211.25,207.5,208.0,2068440.0
2018-09-26,208.5,208.65,205.0,205.9,3535898.0
2018-09-27,205.9,208.45,202.25,206.5,4994786.0
2018-09-28,207.55,207.95,202.35,203.8,4519688.0
2018-10-01,204.6,205.05,200.7,201.55,2621438.0
2018-10-02,202.7,203.35,200.6,201.85,1972636.0
2018-10-03,201.85,204.75,200.9,203.55,3321426.0
2018-10-04,203.45,204.95,198.15,199.5,4288746.0
2018-10-05,199.35,200.0,196.7,197.9,2754320.0
2018-10-08,198.4,199.0,194.1,196.05,3010912.0
2018-10-09,196.75,198.3,192.0,192.0,4465498.0
2018-10-10,192.75,193.3,188.8,190.65,4114830.0
2018-10-11,186.95,189.3,182.9,188.5,9006152.0
2018-10-12,190.0,192.0,186.85,189.75,4189846.0
2018-10-15,190.9,194.0,189.5,192.45,3218018.0
2018-10-16,192.45,194.75,188.05,192.0,5184402.0
2018-10-17,193.35,194.35,190.05,192.3,3934288.0
2018-10-18,191.9,192.5,188.7,189.65,2358266.0
2018-10-19,189.9,189.9,184.25,184.45,3935820.0
2018-10-22,184.5,185.15,179.3,180.7,5391036.0
2018-10-23,179.65,181.9,176.0,181.0,4969808.0
2018-10-24,181.5,185.7,179.25,184.25,5753548.0
2018-10-25,181.4,182.6,180.15,181.75,2234028.0
2018-10-26,181.0,181.1,178.1,178.7,2888760.0
2018-10-29,178.25,183.5,178.25,182.0,2559396.0
2018-10-30,181.45,183.35,180.05,183.0,2342600.0
2018-10-31,183.8,185.25,182.9,182.9,2858040.0
2018-11-01,183.3,183.425,179.25,181.0,3596200.0
2018-11-02,181.125,181.75,180.2,180.65,2287598.0
2018-11-06,181.0,183.1,180.7,180.75,3175166.0
2018-11-07,180.025,190.95,178.65,190.95,11618716.0
2018-11-08,191.5,193.7,188.975,190.15,7174064.0
2018-11-09,189.275,190.4,185.5,187.85,4166638.0
2018-11-12,188.525,192.5,188.525,190.9,3940524.0
2018-11-13,190.25,195.75,188.675,192.2,6475728.0
2018-11-14,191.5,192.85,189.0,190.75,3517992.0
2018-11-15,191.925,197.0,190.825,196.4,6573658.0
2018-11-16,197.6,197.8,194.375,195.8,3914416.0
2018-11-19,195.825,197.5,192.5,194.0,2523244.0
2018-11-20,193.6,193.6,186.725,187.15,4092648.0
2018-11-21,186.075,188.4,184.325,186.1,4662086.0
2018-11-22,187.05,188.85,186.05,186.5,2753322.0
2018-11-23,186.25,186.85,183.575,185.3,2462558.0
2018-11-26,185.125,185.825,177.75,183.475,6204840.0
2018-11-27,183.5,186.0,182.525,184.15,2460316.0
2018-11-28,184.6,188.425,184.075,187.9,3176082.0
2018-11-29,188.0,191.675,187.5,190.15,4372016.0
2018-11-30,188.975,189.225,185.525,186.5,2466874.0
2018-12-03,187.525,190.85,187.5,188.0,2642682.0
2018-12-04,187.925,188.95,184.775,184.95,3745724.0
2018-12-05,183.775,185.3,182.6,184.975,3362662.0
2018-12-06,183.95,184.2,181.25,183.55,2508306.0
2018-12-07,183.925,185.2,182.375,182.775,3405802.0
2018-12-10,181.925,183.45,180.5,180.5,2250300.0
2018-12-11,181.575,181.775,179.7,180.025,2161300.0
2018-12-12,180.65,181.25,179.175,181.25,2430700.0
2018-12-13,181.2,181.4,179.55,180.4,1576300.0
2018-12-14,180.0,180.35,177.775,179.975,2421252.0
2018-12-17,179.425,184.75,179.425,181.7,4024894.0
2018-12-18,180.5,181.25,178.2,181.0,3365588.0
2018-12-19,179.525,182.7,178.5,181.5,2558312.0
2018-12-20,181.075,181.125,178.5,179.35,4637686.0
2018-12-21,179.0,180.45,176.225,176.225,3597658.0
2018-12-24,177.025,178.2,173.1,173.6,4422974.0
2018-12-25,172.375,172.5,165.25,170.875,5337338.0
2018-12-26,171.5,173.475,170.025,172.275,3527948.0
2018-12-27,174.25,174.525,170.25,170.25,4118086.0
2018-12-28,170.975,172.15,168.85,169.55,4066676.0
2018-12-29,170.475,170.725,169.25,169.25,1176518.0
2019-01-03,169.525,171.8,168.3,171.05,1800292.0
2019-01-04,171.225,173.1,171.1,173.1,1721612.0
2019-01-08,173.275,174.975,172.35,174.2,2195524.0
2019-01-09,174.975,175.7,174.225,175.0,2451350.0
2019-01-10,175.0,175.3,173.25,175.225,2568148.0
2019-01-11,175.625,177.175,174.8,175.925,2994104.0
2019-01-14,175.0,176.675,174.025,176.5,1852970.0
2019-01-15,176.65,179.0,176.575,177.325,2748848.0
2019-01-16,177.9,178.65,176.85,178.25,1745868.0
2019-01-17,178.4,178.9,177.775,178.525,1740334.0
2019-01-18,179.025,185.5,179.025,185.5,6910930.0
2019-01-21,185.9,188.15,184.025,184.45,4664100.0
2019-01-22,184.25,186.6,183.025,185.5,4377692.0
2019-01-23,185.7,188.425,185.1,187.675,4721666.0
2019-01-24,187.7,189.9,183.7,184.625,7627012.0
2019-01-25,185.05,185.875,183.2,184.8,3352384.0
2019-01-28,185.05,187.125,183.575,184.7,3547568.0
2019-01-29,184.7,187.35,183.55,187.1,2687072.0
2019-01-30,186.925,187.5,186.0,187.4,1986038.0
2019-01-31,188.25,189.475,187.125,188.85,2765716.0
2019-02-01,188.1,190.2,187.775,189.575,3264750.0
2019-02-04,189.775,192.1,189.75,191.725,2988480.0
2019-02-05,192.15,192.5,190.425,191.05,2491682.0
2019-02-06,190.85,190.925,188.05,188.05,3151882.0
2019-02-07,187.825,187.85,184.75,185.05,2951288.0
2019-02-08,184.25,186.55,183.8,185.65,2425744.0
2019-02-11,185.525,188.075,185.525,188.0,2174798.0
2019-02-12,188.975,190.325,188.425,189.5,2708572.0
2019-02-13,189.9,190.025,184.65,184.925,4180136.0
2019-02-14,181.975,182.325,178.075,180.2,7280486.0
2019-02-15,180.775,183.05,180.575,183.0,2942126.0
2019-02-18,183.5,184.5,180.325,181.65,2456710.0
2019-02-19,181.7,183.475,180.025,181.225,2090772.0
2019-02-20,181.25,182.7,181.2,182.1,1440298.0
2019-02-21,182.55,182.55,179.075,180.325,2706574.0
2019-02-22,180.325,181.4,179.55,180.4,1656268.0
2019-02-25,181.125,181.975,179.55,181.2,2166718.0
2019-02-26,181.0,181.325,178.875,179.0,2725372.0
2019-02-27,179.75,180.175,178.25,179.775,3287564.0
2019-02-28,179.425,180.725,178.8,179.5,2098728.0
2019-03-01,179.975,180.475,179.5,180.15,1914256.0
2019-03-04,180.075,180.775,179.375,179.85,1569878.0
2019-03-05,179.45,179.45,176.4,176.5,3612738.0
2019-03-06,176.0,177.475,175.875,177.475,2107934.0
2019-03-07,177.175,177.275,175.55,176.1,2246104.0
2019-03-11,176.0,177.5,175.4,176.85,2625260.0
2019-03-12,177.425,179.225,176.85,178.25,2625048.0
2019-03-13,177.625,182.75,177.55,181.7,4195750.0
2019-03-14,181.675,184.0,180.1,181.075,3641436.0
2019-03-15,181.25,186.95,180.35,186.95,7349036.0
2019-03-18,185.125,186.075,183.55,184.6,5108880.0
2019-03-19,184.6,185.0,183.3,183.85,1914072.0
2019-03-20,183.775,184.25,183.025,183.45,2898736.0
2019-03-21,183.95,184.8,181.525,182.575,3946214.0
2019-03-22,182.75,182.75,179.65,180.0,2641730.0
2019-03-25,179.25,182.025,178.35,181.65,2835132.0
2019-03-26,181.625,182.5,181.025,181.25,2201168.0
2019-03-27,181.25,181.75,179.75,179.75,1398182.0
2019-03-28,180.025,180.5,179.75,180.0,1059292.0
2019-03-29,180.45,182.2,177.775,178.225,4024082.0
2019-04-01,179.0,181.25,178.8,180.975,2585598.0
2019-04-02,181.0,182.25,179.85,181.0,2147574.0
2019-04-03,181.575,183.325,181.55,183.05,4049514.0
2019-04-04,182.8,183.05,181.55,182.5,1328898.0
2019-04-05,182.525,183.05,180.65,181.6,1963134.0
2019-04-08,181.9,182.775,180.875,181.5,2006374.0
2019-04-09,181.675,182.5,181.4,181.4,3657794.0
2019-04-10,181.425,189.95,166.05,184.425,12724306.0
2019-04-11,184.425,185.55,182.7,183.475,2768028.0
2019-04-12,183.475,183.7,180.65,181.275,2546556.0
2019-04-15,182.075,182.275,179.225,179.85,3013038.0
2019-04-16,180.05,180.75,178.375,180.4,3322798.0
2019-04-17,180.475,181.075,179.35,179.5,2140898.0
2019-04-18,179.35,180.1,178.5,180.05,2477362.0
2019-04-19,180.125,180.5,179.0,179.05,978114.0
2019-04-22,179.925,180.2,178.875,178.925,1310400.0
2019-04-23,179.25,179.825,176.025,176.65,4816530.0
2019-04-24,175.825,178.85,174.275,178.85,4903258.0
2019-04-25,178.5,179.0,176.35,176.875,2691250.0
2019-04-26,176.875,177.05,175.5,177.05,2381086.0
2019-04-29,176.85,178.5,176.425,177.15,1408578.0
2019-04-30,177.925,177.95,175.75,177.5,2436248.0
2019-05-02,177.4,178.875,176.75,177.7,1165608.0
2019-05-03,178.25,179.925,177.875,178.9,1636104.0
2019-05-06,177.0,178.8,177.0,178.8,1021018.0
2019-05-07,178.3,180.475,177.875,177.875,1799640.0
2019-05-08,178.35,178.65,177.3,177.3,1303694.0
2019-05-10,177.3,178.1,175.35,175.975,1987358.0
2019-05-13,175.95,176.95,174.875,174.875,1887962.0
2019-05-14,175.35,175.95,174.55,174.65,2069656.0
2019-05-15,175.175,176.4,174.075,175.475,3602028.0
2019-05-16,175.525,176.25,174.8,174.8,1740826.0
2019-05-17,175.0,175.825,174.275,175.5,1747620.0
2019-05-20,175.675,175.825,174.875,174.95,1388388.0
2019-05-21,174.975,175.725,174.5,174.5,1732660.0
2019-05-22,174.625,176.65,174.175,175.925,2074848.0
2019-05-23,175.5,194.25,175.15,193.75,21102140.0
2019-05-24,195.55,199.225,185.6,186.0,26685368.0
2019-05-27,186.0,189.725,185.95,188.05,3829100.0
2019-05-28,188.45,190.65,182.675,182.675,7892882.0
2019-05-29,183.125,184.675,181.15,184.0,6570428.0
2019-05-30,184.125,185.9,181.5,183.5,6166328.0
2019-05-31,182.125,183.525,180.275,183.525,3111540.0
2019-06-03,182.475,186.725,181.25,184.9,7397432.0
2019-06-04,185.025,187.7,184.2,185.9,3941220.0
2019-06-05,186.975,196.0,185.4,193.5,17636372.0
2019-06-06,193.525,196.85,192.025,194.85,6952204.0
2019-06-07,195.0,195.975,193.5,195.0,3291044.0
2019-06-10,195.275,198.2,195.1,197.25,4461318.0
2019-06-11,197.5,205.725,196.275,200.0,15151926.0
2019-06-13,200.425,203.25,198.925,203.25,4840148.0
2019-06-14,202.625,204.5,201.6,201.6,3895380.0
2019-06-17,201.675,204.65,200.6,202.425,3698220.0
2019-06-18,202.75,203.325,200.15,202.2,3762144.0
2019-06-19,202.175,203.3,200.175,201.15,3450470.0
2019-06-20,201.575,203.0,200.425,202.075,6182446.0
2019-06-21,197.5,201.0,197.375,201.0,6227962.0
2019-06-24,199.875,206.425,199.25,203.625,7927212.0
2019-06-25,203.45,204.5,201.0,202.875,3892884.0
2019-06-26,202.75,204.125,201.25,201.3,2818922.0
2019-06-27,201.75,202.3,200.25,200.65,2799986.0
2019-06-28,201.325,202.175,199.35,199.4,2046372.0
2019-07-01,200.95,203.5,199.775,201.25,4154526.0
2019-07-02,201.5,202.675,200.75,202.5,2122814.0
2019-07-03,201.625,203.0,201.125,202.925,2251582.0
2019-07-04,203.1,210.975,202.625,206.975,14929074.0
2019-07-05,207.275,208.175,206.35,206.775,8057448.0
2019-07-08,206.25,214.625,203.575,212.75,17652500.0
2019-07-09,212.75,216.725,211.75,215.65,11095710.0
2019-07-10,216.425,222.0,215.525,219.65,16928152.0
2019-07-11,220.75,225.0,216.225,220.0,16907424.0
2019-07-12,219.25,222.25,212.7,220.0,13283018.0
2019-07-15,220.725,223.95,218.2,219.95,8636948.0
2019-07-16,220.0,220.2,214.9,215.05,5752478.0
2019-07-17,214.975,217.45,212.05,212.225,6346616.0
2019-07-18,211.975,214.375,210.05,210.9,7043500.0
2019-07-19,212.25,214.25,211.0,212.0,3861290.0
2019-07-22,212.65,219.5,210.2,217.025,10524442.0
2019-07-23,217.975,220.0,216.1,216.15,5167398.0
2019-07-24,217.2,218.3,213.1,214.75,4368970.0
2019-07-25,214.8,218.45,212.6,215.75,4520912.0
2019-07-26,215.475,216.1,212.75,213.5,4256078.0
2019-07-29,213.825,215.5,212.35,214.05,2701730.0
2019-07-30,214.5,215.3,212.825,214.0,2183494.0
2019-07-31,214.025,214.75,212.5,212.5,2855400.0
2019-08-01,211.95,213.9,211.25,212.675,3548460.0
2019-08-02,209.975,211.0,207.15,210.075,12380200.0
2019-08-05,209.675,214.2,207.5,207.725,5791476.0
2019-08-06,208.275,209.55,207.25,208.0,3968796.0
2019-08-07,208.05,209.1,203.75,204.25,6823696.0
2019-08-08,205.425,207.45,200.625,205.0,11665834.0
2019-08-09,204.45,204.475,202.3,203.0,3061622.0
2019-08-12,203.475,204.75,202.625,203.0,2829094.0
2019-08-13,203.05,203.275,199.425,201.1,5543824.0
2019-08-14,201.6,201.775,194.6,195.05,6378620.0
2019-08-15,196.175,196.825,192.45,193.15,6053156.0
2019-08-16,194.1,195.325,190.5,190.5,4307936.0
2019-08-19,191.75,192.875,190.7,191.825,4590712.0
2019-08-20,191.8,197.6,191.8,196.6,7885568.0
2019-08-21,197.025,198.775,195.7,196.65,4059692.0
2019-08-22,196.25,196.9,192.85,192.85,3482858.0
2019-08-23,193.1,193.875,189.725,190.525,5048510.0
2019-08-26,189.475,191.975,188.85,190.3,3611552.0
2019-08-27,190.725,191.9,189.425,191.9,3939980.0
2019-08-28,192.2,192.575,190.425,192.35,2998400.0
2019-08-29,192.225,194.9,191.35,192.9,4892194.0
2019-08-30,192.9,193.95,191.425,193.4,4544398.0
2019-09-02,193.3,198.4,193.05,197.025,6160414.0
2019-09-03,197.225,198.675,194.55,196.0,4695672.0
2019-09-04,197.1,215.475,196.875,214.55,34524616.0
2019-09-05,215.725,220.0,208.25,210.025,22769084.0
2019-09-06,210.85,212.825,207.75,209.75,6987066.0
2019-09-09,210.625,211.65,207.05,207.5,4692726.0
2019-09-10,207.825,214.15,206.225,213.25,11646796.0
2019-09-11,213.85,215.25,211.8,213.5,6959106.0
2019-09-12,213.0,216.5,212.3,214.375,7100786.0
2019-09-13,214.4,215.725,211.5,212.5,4052688.0
2019-09-16,213.45,213.925,210.4,213.35,3946398.0
2019-09-17,213.0,213.95,210.6,211.7,4685762.0
2019-09-18,211.425,214.6,211.1,212.775,5246366.0
2019-09-19,212.8,213.5,211.275,212.275,3854124.0
2019-09-20,212.225,212.575,209.4,212.0,3778906.0
2019-09-23,211.525,212.95,209.4,210.35,2428754.0
2019-09-24,211.125,217.5,210.35,210.375,12092982.0
2019-09-25,209.975,212.375,207.575,211.5,4500472.0
2019-09-26,211.425,216.0,210.625,214.6,6753850.0
2019-09-27,214.775,214.9,213.15,213.475,1923590.0
2019-09-30,213.5,213.825,210.025,212.975,3102162.0
2019-10-01,212.7,214.075,211.5,211.5,1866018.0
2019-10-02,211.75,212.5,206.475,206.55,5122788.0
2019-10-03,206.725,207.85,202.175,204.5,8394048.0
2019-10-04,205.375,206.45,203.275,203.75,3033528.0
2019-10-07,204.625,208.2,203.4,207.325,3397810.0
2019-10-08,207.7,207.7,203.275,203.275,3978104.0
2019-10-09,203.325,206.5,203.325,204.0,2931072.0
2019-10-10,204.075,206.75,203.325,206.75,2664500.0
2019-10-11,207.125,211.975,206.975,209.625,6820690.0
2019-10-14,209.7,210.9,207.525,208.75,2587168.0
2019-10-15,209.05,209.725,206.5,208.5,3108932.0
2019-10-16,209.35,210.8,208.625,209.9,2393674.0
2019-10-17,209.9,210.825,208.525,210.025,1767420.0
2019-10-18,210.0,215.5,209.4,214.0,6935028.0
2019-10-21,214.9,220.3,214.6,218.2,9850320.0
2019-10-22,219.75,219.75,216.6,218.5,4763252.0
2019-10-23,218.275,218.3,211.4,216.0,10568526.0
2019-10-24,215.75,215.925,212.65,214.275,5760122.0
2019-10-25,214.35,216.5,211.875,214.925,6030996.0
2019-10-28,215.15,217.7,213.275,214.125,4552474.0
2019-10-29,214.1,215.3,212.975,215.3,2889992.0
2019-10-30,215.5,219.375,214.725,217.5,7018066.0
2019-10-31,217.95,218.8,213.5,215.45,5608174.0
2019-11-01,215.075,216.65,214.1,215.725,3232346.0
2019-11-05,217.9,220.5,217.0,220.125,6105932.0
2019-11-06,220.15,223.4,219.0,221.0,17886502.0
2019-11-07,220.25,223.75,218.025,221.5,10129602.0
2019-11-08,220.825,231.25,219.05,230.0,20154234.0
2019-11-11,230.4,236.7,228.375,234.75,19020018.0
2019-11-12,234.95,240.0,232.975,235.0,15011776.0
2019-11-13,234.1,240.0,229.75,236.65,14217826.0
2019-11-14,237.525,239.4,232.325,235.325,9514466.0
2019-11-15,235.325,235.725,232.65,234.6,4624546.0
2019-11-18,233.9,236.1,230.7,231.0,4891112.0
2019-11-19,231.275,234.75,230.5,232.3,4559776.0
2019-11-20,230.975,232.25,228.675,230.0,4978548.0
2019-11-21,229.5,231.875,227.8,229.975,4271678.0
2019-11-22,230.0,231.8,229.6,230.95,2929158.0
2019-11-25,231.15,232.95,230.5,231.25,2105622.0
2019-11-26,231.5,231.825,228.525,229.375,4383006.0
2019-11-27,229.35,230.0,228.775,229.0,2086122.0
2019-11-28,229.05,229.675,226.5,227.15,3631104.0
2019-11-29,227.0,228.4,225.45,226.65,4020362.0
2019-12-02,227.225,228.15,223.825,224.575,5074782.0
2019-12-03,224.275,224.825,220.075,221.225,5835648.0
2019-12-04,220.85,223.925,219.525,222.975,4116414.0
2019-12-05,223.25,224.225,221.35,223.575,2342110.0
2019-12-06,223.475,226.375,223.1,226.375,3390340.0
2019-12-09,226.35,227.25,224.075,227.25,3646198.0
2019-12-10,226.1,228.25,224.825,225.85,3554428.0
2019-12-11,225.975,227.425,225.5,226.525,2465088.0
2019-12-12,226.95,227.25,225.375,226.775,3353584.0
2019-12-13,227.25,232.8,227.0,231.75,8642698.0
2019-12-16,231.925,234.925,231.75,232.55,5403776.0
2019-12-17,233.075,233.925,232.1,232.75,2929352.0
2019-12-18,232.7,235.0,230.95,234.6,4405688.0
2019-12-19,234.25,236.075,230.0,232.575,6962306.0
2019-12-20,233.05,233.475,230.55,231.5,3444450.0
2019-12-23,231.725,233.275,231.55,232.525,2353764.0
2019-12-24,232.9,233.525,231.5,231.75,1912646.0
2019-12-25,232.0,232.425,229.65,229.9,2482804.0
2019-12-26,229.975,230.8,229.35,230.0,2018862.0
2019-12-27,230.475,230.85,228.775,229.4,3089692.0
2019-12-30,229.8,230.95,229.325,229.5,2366656.0
2020-01-03,230.525,231.7,229.975,231.2,2376468.0
2020-01-06,230.55,230.975,229.65,230.55,1595192.0
2020-01-08,231.05,235.0,231.0,232.625,5727468.0
2020-01-09,234.1,236.5,232.875,235.375,5893216.0
2020-01-10,235.6,239.45,235.025,238.0,5974320.0
2020-01-13,238.25,241.25,238.05,240.3,6525562.0
2020-01-14,240.75,242.125,235.5,236.3,7885366.0
2020-01-15,236.0,240.75,233.5,234.025,11951454.0
2020-01-16,235.05,239.125,235.0,239.125,6168468.0
2020-01-17,239.125,241.0,238.5,240.175,5596880.0
2020-01-20,240.75,244.2,240.0,240.075,8951860.0
2020-01-21,240.075,251.25,237.075,249.05,31238966.0
2020-01-22,249.7,251.25,244.425,244.85,10303060.0
2020-01-23,243.0,247.25,241.0,242.5,8608640.0
2020-01-24,243.75,245.575,240.0,240.0,7977554.0
2020-01-27,237.475,238.35,231.25,234.1,10070426.0
2020-01-28,235.625,236.475,232.125,236.0,5206370.0
2020-01-29,236.625,238.9,235.0,237.7,6898428.0
2020-01-30,236.65,238.675,235.05,235.225,4482164.0
2020-01-31,237.05,237.8,232.0,232.0,6008302.0
2020-02-03,230.3,232.825,229.175,230.75,5748806.0
2020-02-04,231.85,237.175,231.65,236.275,7699806.0
2020-02-05,236.65,240.875,235.125,238.4,7901626.0
2020-02-06,240.0,241.75,238.55,240.375,6077158.0
2020-02-07,240.2,241.15,237.0,240.45,3498560.0
2020-02-10,240.575,242.5,237.0,237.0,6949636.0
2020-02-11,238.0,238.95,237.1,237.2,5602294.0
2020-02-12,237.4,240.25,237.25,239.35,3927092.0
2020-02-13,238.925,241.8,237.925,240.0,5720036.0
2020-02-14,240.6,241.25,238.675,239.425,2323122.0
2020-02-17,240.375,240.9,239.4,240.475,1835518.0
2020-02-18,239.625,239.975,236.0,236.025,4749430.0
2020-02-19,237.0,237.9,236.4,237.35,2758896.0
2020-02-20,237.825,238.925,237.55,237.55,2521326.0
2020-02-21,236.95,240.5,236.0,239.8,3954278.0
2020-02-25,236.75,241.375,236.1,236.475,10537906.0
2020-02-26,235.25,238.7,232.6,236.15,10443274.0
2020-02-27,234.725,235.65,226.55,226.95,9260606.0
2020-02-28,221.5,222.475,212.15,216.65,17778764.0
2020-03-02,220.7,222.2,213.075,215.0,12841586.0
2020-03-03,218.55,220.95,214.175,216.275,10137124.0
2020-03-04,214.125,219.0,213.5,215.775,5737690.0
2020-03-05,217.875,218.9,214.625,215.35,5075082.0
2020-03-06,212.925,213.0,204.175,206.1,12488844.0
2020-03-10,185.5,198.5,173.9,187.25,20019046.0
2020-03-11,191.425,191.425,180.85,181.775,11740880.0
2020-03-12,174.975,174.975,153.675,155.6,29331304.0
2020-03-13,158.825,164.975,156.0,157.875,26143906.0
2020-03-16,151.825,154.725,143.775,150.75,23662862.0
2020-03-17,151.425,157.2,144.525,148.675,18098670.0
2020-03-18,145.5,146.95,138.0,140.7,18070060.0
2020-03-19,142.65,153.25,139.275,152.85,20219240.0
2020-03-20,155.825,165.125,155.45,157.5,23449254.0
2020-03-23,151.3,162.375,150.525,158.0,15947210.0
2020-03-24,165.05,167.475,162.0,164.4,12598024.0
2020-03-25,168.0,177.425,158.5,164.0,26355978.0
2020-03-26,163.325,167.0,160.5,162.5,12924246.0
2020-03-27,164.025,164.675,154.275,155.5,12101436.0
2020-03-30,154.0,158.975,149.1,158.25,15584356.0
2020-03-31,161.625,163.475,158.975,163.0,14373802.0
2020-04-01,158.65,161.9,157.8,160.15,11499732.0
2020-04-02,163.85,164.975,155.875,160.875,16636814.0
2020-04-03,160.025,163.0,159.125,160.4,13861878.0
2020-04-06,162.45,169.3,161.85,168.35,16973610.0
2020-04-07,170.75,176.0,170.125,171.85,25806450.0
2020-04-08,171.825,175.0,169.6,175.0,12544424.0
2020-04-09,178.025,184.7,176.875,182.0,25190134.0
2020-04-10,180.925,183.9,177.5,182.95,12599350.0
2020-04-13,182.875,185.625,179.075,179.5,14023220.0
2020-04-14,181.975,182.25,175.975,177.075,11582412.0
2020-04-15,175.9,175.925,165.875,166.2,17948456.0
2020-04-16,167.4,172.325,163.5,170.0,17390438.0
2020-04-17,173.55,174.0,170.0,171.5,8057330.0
2020-04-20,169.825,171.375,168.0,169.025,8108498.0
2020-04-21,166.85,166.9,163.2,165.5,12092830.0
2020-04-22,164.75,170.85,163.55,170.0,11115362.0
2020-04-23,171.25,172.275,169.1,171.35,8701738.0
2020-04-24,170.5,170.8,168.0,168.525,7137368.0
2020-04-27,168.5,170.425,168.25,169.5,4549888.0
2020-04-28,169.425,175.0,168.925,172.5,11355794.0
2020-04-29,173.8,176.15,173.25,175.975,7750638.0
2020-04-30,177.875,179.175,173.8,174.5,8808346.0
2020-05-04,172.55,175.5,170.525,174.3,6542910.0
2020-05-05,176.375,178.275,175.8,177.375,5971324.0
2020-05-06,177.5,179.475,176.525,176.55,6625856.0
2020-05-07,177.25,179.7,176.875,177.65,5358472.0
2020-05-08,178.0,178.925,175.25,176.875,5397294.0
2020-05-12,176.65,177.55,175.5,175.925,4074818.0
2020-05-13,175.0,175.2,171.025,171.025,6913896.0
2020-05-14,170.375,172.5,169.575,171.55,5772982.0
2020-05-15,173.125,174.25,171.075,171.075,4323944.0
2020-05-18,173.1,175.225,172.5,174.95,5099322.0
2020-05-19,175.5,177.15,173.35,174.15,6006726.0
2020-05-20,174.0,176.175,173.15,176.05,5574620.0
2020-05-21,176.275,177.1,173.925,174.8,6835464.0
2020-05-22,173.875,174.4,172.65,173.35,4241286.0
2020-05-25,174.075,175.45,174.025,175.025,2386494.0
2020-05-26,175.95,177.85,175.3,175.5,5708726.0
2020-05-27,175.5,178.25,175.25,176.95,7280066.0
2020-05-28,177.75,180.3,177.05,179.85,7992602.0
2020-05-29,179.5,181.55,176.5,181.55,8214488.0
2020-06-01,182.025,183.65,181.35,183.2,7660308.0
2020-06-02,183.675,185.875,183.25,185.875,9204188.0
2020-06-03,186.35,189.9,186.25,189.9,9164240.0
2020-06-04,189.35,189.5,184.0,185.75,9600574.0
2020-06-05,186.5,188.375,185.95,187.975,6276268.0
2020-06-08,188.65,189.725,187.0,188.475,7384230.0
2020-06-09,188.95,189.175,185.825,188.5,5551798.0
2020-06-10,188.8,189.075,186.825,187.9,4550652.0
2020-06-11,186.325,186.4,182.2,183.725,7332306.0
2020-06-15,180.975,185.25,179.15,184.225,5712064.0
2020-06-16,185.975,187.15,184.0,184.4,5141664.0
2020-06-17,184.625,185.8,182.25,182.5,4967146.0
2020-06-18,182.15,182.475,179.15,179.5,6528086.0
2020-06-19,180.625,181.75,176.275,176.275,10789500.0
2020-06-22,176.975,178.75,176.15,177.825,7235884.0
2020-06-23,177.775,179.4,177.15,177.7,4101786.0
2020-06-25,175.55,178.0,174.875,178.0,5247058.0
2020-06-26,177.825,178.5,175.2,175.75,3885898.0
2020-06-29,175.775,177.55,174.225,177.425,3876436.0
2020-06-30,177.15,177.75,174.6,175.25,4290034.0
2020-07-02,175.7,177.9,175.675,177.05,4301530.0
2020-07-03,177.6,178.475,176.9,178.35,3388510.0
2020-07-06,179.85,180.8,179.0,180.4,5088148.0
2020-07-07,179.925,180.0,178.275,178.675,4218710.0
2020-07-08,178.6,178.75,176.375,177.55,5722726.0
2020-07-09,177.825,177.925,175.0,175.875,5093686.0
2020-07-10,174.95,176.275,174.3,176.175,4297152.0
2020-07-13,176.8,176.975,174.775,175.0,4345600.0
2020-07-14,175.15,175.275,170.9,174.575,7459598.0
2020-07-15,175.0,175.275,173.7,174.975,4067526.0
2020-07-16,174.075,174.7,173.125,174.05,2903178.0
2020-07-17,174.1,174.4,173.025,174.0,3087806.0
2020-07-20,173.925,185.675,173.25,185.5,21577548.0
2020-07-21,185.775,193.6,185.775,190.35,28044774.0
2020-07-22,190.0,191.75,187.6,189.45,10063070.0
2020-07-23,190.625,191.025,185.8,187.325,7566862.0
2020-07-24,187.45,190.125,185.6,189.75,5863396.0
2020-07-27,190.55,197.5,190.225,196.05,18094604.0
2020-07-28,196.525,197.575,193.7,194.525,6403122.0
2020-07-29,194.425,196.475,192.5,196.2,8073330.0
2020-07-30,193.125,195.575,191.25,193.05,8930466.0
2020-07-31,192.45,194.5,192.45,193.775,5611052.0
2020-08-03,194.2,200.675,193.8,200.625,13296632.0
2020-08-04,201.025,203.525,199.25,201.925,8717434.0
2020-08-05,202.65,203.625,190.55,192.75,37360176.0
2020-08-06,192.8,193.9,187.15,189.15,17117310.0
2020-08-07,189.025,189.7,182.975,183.6,20044360.0
2020-08-10,183.525,185.25,182.55,183.775,7991174.0
2020-08-11,183.2,187.275,183.025,184.65,11745660.0
2020-08-12,185.825,188.5,184.675,188.4,7974676.0
2020-08-13,187.95,189.925,187.275,188.2,6898606.0
2020-08-14,188.825,189.225,186.375,188.6,5013318.0
2020-08-17,189.3,190.5,186.85,188.05,7197028.0
2020-08-18,187.975,188.675,185.85,186.775,3887550.0
2020-08-19,186.65,188.3,186.225,187.225,3597052.0
2020-08-20,186.725,186.725,183.55,184.85,5793812.0
2020-08-21,185.15,185.5,180.375,181.8,6905222.0
2020-08-24,182.325,183.3,180.025,181.575,8191610.0
2020-08-25,181.6,182.3,178.25,179.25,7246838.0
2020-08-26,179.0,180.4,176.8,180.325,6353740.0
2020-08-27,180.25,181.85,179.75,180.45,4447628.0
2020-08-28,180.8,181.375,179.0,179.75,3010922.0
2020-08-31,180.3,180.975,175.275,176.875,5956866.0
2020-09-01,177.175,180.425,176.85,180.325,4922374.0
2020-09-02,180.425,180.8,175.8,177.775,5991060.0
2020-09-03,177.5,178.1,174.625,175.4,6828544.0
2020-09-04,174.9,177.0,174.025,176.675,4190958.0
2020-09-07,176.275,177.225,175.425,176.05,2830098.0
2020-09-08,176.25,176.425,172.5,174.125,5377100.0
2020-09-09,174.15,175.3,173.55,175.15,2959512.0
2020-09-10,175.275,177.425,173.075,175.75,4935294.0
2020-09-11,176.05,177.2,175.45,177.1,2651120.0
2020-09-14,177.65,179.375,177.4,179.0,4882906.0
2020-09-15,179.15,181.25,178.175,180.925,4982594.0
2020-09-16,181.2,181.725,178.425,178.975,4410092.0
2020-09-17,178.025,178.85,176.725,178.525,4875634.0
2020-09-18,178.75,179.0,176.275,177.45,4474428.0
2020-09-21,177.325,177.35,172.75,174.275,5407978.0
2020-09-22,174.125,175.575,171.5,173.175,10213520.0
2020-09-23,172.95,174.375,171.5,171.775,5469382.0
2020-09-24,170.725,173.0,170.1,171.375,7072876.0
2020-09-25,171.7,171.95,169.55,171.125,3749648.0
2020-09-28,171.275,172.95,170.85,172.475,3673046.0
2020-09-29,172.5,174.4,168.15,172.9,6721340.0
2020-09-30,172.7,173.75,171.35,172.375,3887116.0
2020-10-01,173.25,173.525,170.75,171.25,2798888.0
2020-10-02,168.65,169.5,167.55,169.175,3909028.0
2020-10-05,169.75,169.9,168.0,168.75,2952934.0
2020-10-06,168.75,170.325,168.475,168.95,2841254.0
2020-10-07,169.25,169.75,165.95,167.025,4749870.0
2020-10-08,167.1,167.525,165.275,166.975,3710904.0
2020-10-09,167.2,167.2,165.025,166.025,2789746.0
2020-10-12,165.975,167.7,165.575,166.15,2669962.0
2020-10-13,166.025,166.9,164.575,165.2,2429366.0
2020-10-14,164.9,166.475,164.025,166.125,2561378.0
2020-10-15,165.6,165.925,162.025,163.275,5006216.0
2020-10-16,163.0,163.375,160.025,160.1,3989664.0
2020-10-19,160.525,161.475,158.125,158.625,4253610.0
2020-10-20,159.0,169.9,157.5,169.45,21501726.0
2020-10-21,169.825,173.35,166.625,168.0,18369470.0
2020-10-22,167.0,173.9,166.25,173.2,13125564.0
2020-10-23,173.15,175.725,171.35,173.925,7842250.0
2020-10-26,173.6,173.65,169.425,170.575,5324870.0
2020-10-27,170.85,172.125,167.0,167.175,4758726.0
2020-10-28,167.15,167.15,161.0,161.125,7155334.0
2020-10-29,161.75,165.5,160.25,163.8,7852186.0
2020-10-30,162.375,166.1,161.1,163.325,6062004.0
2020-11-02,163.0,164.575,160.5,164.325,4919250.0
2020-11-03,165.05,166.475,163.525,164.775,6882588.0
2020-11-05,167.1,168.95,165.775,168.225,8052578.0
2020-11-06,167.85,168.625,166.0,168.025,4695458.0
2020-11-09,169.3,173.1,168.125,171.95,13032562.0
2020-11-10,171.85,174.175,170.825,173.2,7251432.0
2020-11-11,173.675,176.1,170.6,170.7,11837380.0
2020-11-12,169.925,183.025,169.25,179.675,21694274.0
2020-11-13,179.65,185.25,178.725,183.0,21432314.0
2020-11-16,184.65,186.5,183.025,186.0,17411882.0
2020-11-17,185.925,186.225,179.5,181.0,13416690.0
2020-11-18,180.45,183.4,177.175,180.25,8574564.0
2020-11-19,180.25,181.325,178.45,180.5,5444088.0
2020-11-20,180.475,184.225,180.25,182.725,6896308.0
2020-11-23,183.4,185.0,181.275,182.65,6342378.0
2020-11-24,183.125,184.975,182.175,184.675,6308418.0
2020-11-25,184.7,185.75,182.225,184.1,10302456.0
2020-11-26,184.25,187.2,183.0,185.0,14283308.0
2020-11-27,185.5,191.0,183.925,188.825,22108916.0
2020-11-30,188.525,189.25,185.025,186.05,8883576.0
2020-12-01,186.925,189.125,186.35,188.5,5970488.0
2020-12-02,187.75,190.25,187.35,189.85,6647364.0
2020-12-03,189.975,192.15,186.7,188.775,9277714.0
2020-12-04,189.175,190.5,188.5,189.175,7985386.0
2020-12-07,188.975,189.925,187.225,187.45,5179304.0
2020-12-08,187.4,189.0,185.25,187.4,5239370.0
2020-12-09,187.525,189.7,186.25,186.6,6245512.0
2020-12-10,187.1,190.7,186.15,190.15,9566716.0
2020-12-11,190.375,191.15,188.5,189.725,7143882.0
2020-12-14,190.75,193.475,187.5,189.15,12752032.0
2020-12-15,188.55,190.2,188.05,188.825,7853140.0
2020-12-16,189.1,192.5,188.5,191.575,12893196.0
2020-12-17,191.75,194.7,190.025,191.75,9657122.0
2020-12-18,190.975,191.825,189.125,190.75,5929822.0
2020-12-21,189.775,190.225,182.575,185.9,11691476.0
2020-12-22,184.475,187.7,183.775,186.025,5561692.0
2020-12-23,186.425,190.725,185.775,189.725,6649182.0
2020-12-24,190.525,191.35,188.35,189.15,3565082.0
2020-12-25,189.25,190.375,189.0,189.75,1979782.0
2020-12-28,191.5,191.575,189.5,190.05,3637704.0
2020-12-29,190.775,191.1,187.325,188.775,3333834.0
2020-12-30,189.2,190.9,187.5,189.475,3554750.0
2021-01-04,190.125,192.6,189.0,189.625,4765208.0
2021-01-05,189.675,193.0,189.275,192.225,5756518.0
2021-01-06,192.625,192.975,190.25,191.175,5085678.0
2021-01-08,192.6,195.475,192.225,194.7,7900950.0
2021-01-11,193.7,200.25,192.05,199.45,12058670.0
2021-01-12,200.25,202.75,198.75,200.875,9882830.0
2021-01-13,201.025,202.3,197.55,198.675,7417760.0
2021-01-14,198.95,200.5,196.3,199.375,5322886.0
2021-01-15,198.675,207.2,196.0,197.8,16839940.0
2021-01-18,196.825,197.2,193.775,195.8,7833556.0
2021-01-19,196.8,197.375,192.75,193.225,6750848.0
2021-01-20,193.375,194.55,193.0,193.95,4953488.0
2021-01-21,194.875,194.95,188.95,189.35,7574702.0
2021-01-22,188.25,188.7,185.4,186.85,6673628.0
2021-01-25,187.85,189.5,187.025,188.6,5166798.0
2021-01-26,187.75,189.125,186.75,188.6,3706856.0
2021-01-27,188.975,189.425,185.1,185.325,4910790.0
2021-01-28,185.075,186.6,182.0,185.45,6810850.0
2021-01-29,184.675,184.775,182.75,183.175,4446366.0
2021-02-01,184.025,185.725,183.175,184.725,4173682.0
2021-02-02,185.525,187.65,184.25,184.725,5575916.0
2021-02-03,185.475,186.875,183.75,185.0,4516766.0
2021-02-04,184.65,187.0,184.65,186.9,3685074.0
2021-02-05,187.3,190.375,186.575,189.425,5957606.0
2021-02-08,190.15,191.7,190.1,191.425,3984872.0
2021-02-09,191.875,192.125,187.95,189.025,5027582.0
2021-02-10,189.3,190.35,186.4,186.85,3370112.0
2021-02-11,186.85,188.65,186.175,187.35,2447000.0
2021-02-12,187.1,188.45,184.725,188.425,4023598.0
2021-02-15,189.2,190.725,188.75,190.4,4247906.0
2021-02-16,190.8,191.125,188.5,189.45,3142590.0
2021-02-17,189.3,191.5,186.9,188.4,4681104.0
2021-02-18,188.45,188.675,183.775,184.7,5133992.0
2021-02-19,184.025,187.325,183.575,186.9,4129232.0
2021-02-20,186.6,186.9,185.75,186.55,619608.0
2021-02-22,187.3,188.125,184.85,186.75,2063510.0
2021-02-24,186.0,187.9,185.55,187.4,3320536.0
2021-02-25,187.75,190.5,186.625,187.075,7281292.0
2021-02-26,186.4,188.6,184.8,185.375,6706546.0
2021-03-01,186.3,187.3,186.075,186.925,2936310.0
2021-03-02,186.35,188.65,185.625,188.025,3936406.0
2021-03-03,188.875,190.425,186.5,187.225,5108816.0
2021-03-04,187.35,188.775,184.25,184.875,6235050.0
2021-03-05,185.8,188.0,184.825,187.95,5176496.0
2021-03-09,188.2,193.175,187.975,192.325,8152840.0
2021-03-10,191.5,195.45,190.425,191.55,5283174.0
2021-03-11,192.175,193.275,189.075,191.325,4926492.0
2021-03-12,191.4,191.475,189.875,190.875,2567942.0
2021-03-15,191.5,194.0,191.025,192.85,4591846.0
2021-03-16,192.5,194.6,191.5,193.825,3839812.0
2021-03-17,193.75,194.125,189.225,191.075,5240574.0
2021-03-18,191.65,192.25,187.225,188.05,5250678.0
2021-03-19,188.15,190.15,187.1,189.25,5553946.0
2021-03-22,189.05,193.0,188.6,190.8,5908598.0
2021-03-23,190.45,191.45,188.125,189.0,4592708.0
2021-03-24,189.75,190.975,189.075,189.575,2755918.0
2021-03-25,189.6,190.825,188.35,190.25,2772754.0
2021-03-26,190.55,192.3,190.525,191.9,2411506.0
2021-03-29,191.525,194.5,190.675,193.925,5013314.0
2021-03-30,194.75,199.675,194.25,199.3,7261504.0
2021-03-31,199.55,214.45,199.25,213.575,36672982.0
2021-04-01,215.05,218.175,211.5,212.9,18670904.0
2021-04-02,213.875,215.875,210.35,214.275,7725726.0
2021-04-05,214.275,222.15,213.625,221.875,14338168.0
2021-04-06,222.425,224.675,214.15,214.5,19230700.0
2021-04-07,214.7,222.0,213.375,220.5,11198222.0
2021-04-08,221.9,224.9,219.325,220.275,10036692.0
2021-04-09,220.275,220.725,217.0,218.75,6137184.0
2021-04-12,218.0,222.5,216.75,220.1,5498116.0
2021-04-13,221.025,227.5,220.825,227.4,11061628.0
2021-04-14,228.6,235.9,228.125,233.8,16605666.0
2021-04-15,229.625,233.525,228.225,231.775,7875132.0
2021-04-16,233.775,237.7,232.825,237.375,10443100.0
2021-04-19,238.0,239.0,231.75,232.1,10755252.0
2021-04-20,233.375,241.0,229.625,234.125,27369198.0
2021-04-21,233.825,239.75,232.475,239.3,13534434.0
2021-04-22,239.95,241.35,236.1,240.0,11429298.0
2021-04-23,240.8,257.5,240.475,256.8,38435220.0
2021-04-26,259.05,260.8,252.05,256.575,21418542.0
2021-04-27,256.8,258.85,254.4,256.475,11933636.0
2021-04-28,258.2,258.6,250.7,251.65,14388932.0
2021-04-29,253.125,256.2,247.25,250.05,13318480.0
2021-04-30,249.125,258.4,247.775,258.0,14725300.0
2021-05-04,259.45,274.5,258.6,273.475,28867828.0
2021-05-05,274.175,278.275,267.65,270.625,15253536.0
2021-05-06,270.975,274.225,267.825,271.425,7584888.0
2021-05-07,272.3,272.75,262.1,263.625,11379412.0
2021-05-10,264.775,265.975,251.1,254.475,12978198.0
2021-05-11,254.0,258.2,247.5,247.9,17424954.0
2021-05-12,249.0,250.5,242.025,243.025,16992884.0
2021-05-13,243.625,256.3,242.85,255.275,15687162.0
2021-05-14,256.375,257.75,248.0,250.375,11036318.0
2021-05-17,250.95,251.675,238.825,239.8,21070160.0
2021-05-18,240.75,242.9,228.0,228.35,43790458.0
2021-05-19,225.975,237.1,220.55,226.5,69076644.0
2021-05-20,227.45,233.35,223.85,231.6,28903254.0
2021-05-21,232.075,232.125,225.8,228.025,16872854.0
2021-05-24,229.075,230.375,225.725,227.075,10542950.0
2021-05-25,227.275,228.275,225.75,226.8,8747316.0
2021-05-26,227.675,238.85,227.575,237.425,34162166.0
2021-05-27,237.1,245.95,234.1,243.475,37848118.0
2021-05-28,244.45,245.45,239.15,241.975,10830238.0
2021-05-31,242.25,244.85,242.025,243.75,7794986.0
2021-06-01,244.5,250.25,243.75,247.75,20123508.0
2021-06-02,247.975,249.725,244.3,249.6,11961246.0
2021-06-03,250.475,251.475,244.575,246.925,11992780.0
2021-06-04,247.0,247.225,239.3,243.075,15764508.0
2021-06-07,242.5,245.3,241.525,243.975,6576840.0
2021-06-08,243.5,250.5,242.95,250.0,15392220.0
2021-06-09,250.35,255.975,250.125,255.825,15532320.0
2021-06-10,256.0,256.8,250.15,251.3,10254260.0
2021-06-11,252.075,254.8,249.7,252.025,9173082.0
2021-06-14,252.5,253.725,249.0,249.675,6124516.0
2021-06-15,250.175,251.475,244.025,245.825,11466932.0
2021-06-16,245.875,248.1,239.475,241.9,14372150.0
2021-06-17,240.925,243.6,238.9,242.3,12130496.0
2021-06-18,242.2,242.4,236.0,236.725,14753332.0
2021-06-21,235.925,242.5,233.5,241.325,11744956.0
2021-06-22,242.525,243.15,239.5,241.125,7806746.0
2021-06-23,241.7,243.05,239.675,241.125,5755982.0
2021-06-24,241.875,246.075,240.2,242.5,10471756.0
2021-06-25,243.275,244.7,241.525,243.175,4364784.0
2021-06-28,244.175,248.625,231.65,248.05,11541806.0
2021-06-29,247.975,248.0,240.75,243.3,10427288.0
2021-06-30,244.0,244.9,238.0,242.375,15150016.0
2021-07-01,242.825,245.5,242.45,244.575,8067002.0
2021-07-02,244.525,245.05,242.75,243.85,4367282.0
2021-07-05,244.2,253.875,243.55,252.725,13103746.0
2021-07-06,253.6,254.375,245.525,247.4,12409132.0
2021-07-07,248.45,249.65,245.325,247.0,9686208.0
2021-07-08,245.45,245.825,242.0,243.475,9052520.0
2021-07-09,243.925,245.875,242.1,244.975,6837660.0
2021-07-12,245.875,246.5,242.775,244.45,6201968.0
2021-07-13,244.975,245.275,240.6,241.125,7329688.0
2021-07-14,235.275,237.375,234.6,236.55,7800348.0
2021-07-15,236.5,239.25,234.4,235.95,7634658.0
2021-07-16,235.95,238.75,235.3,236.25,6735254.0
2021-07-19,235.45,236.075,228.425,230.0,12659890.0
2021-07-20,230.575,232.625,229.0,231.25,7348218.0
2021-07-21,231.125,235.0,230.05,234.65,4936632.0
2021-07-22,235.05,237.05,232.975,233.8,5903664.0
2021-07-23,234.575,235.225,232.65,233.675,4966364.0
2021-07-26,232.7,233.925,231.625,232.9,6499102.0
2021-07-27,232.375,233.475,230.0,231.175,9518412.0
2021-07-28,231.7,240.75,231.15,240.0,12386182.0
2021-07-29,240.9,245.0,239.225,241.8,11748430.0
2021-07-30,241.7,244.225,238.35,242.3,15638072.0
2021-08-02,244.5,247.0,242.925,243.925,10764532.0
2021-08-03,244.125,246.425,240.5,244.975,6758894.0
2021-08-04,245.5,245.9,244.225,245.625,5462946.0
2021-08-05,245.95,249.975,245.0,248.4,8142766.0
2021-08-06,248.6,251.625,246.825,249.725,8959766.0
2021-08-09,248.95,257.25,247.0,255.025,12048496.0
2021-08-10,256.6,260.625,255.5,259.25,11674310.0
2021-08-11,259.5,265.675,257.875,265.6,13538584.0
2021-08-12,265.6,267.0,259.05,260.375,11834846.0
2021-08-13,260.35,263.35,256.475,257.225,6915314.0
2021-08-16,256.475,262.1,255.325,261.925,6180946.0
2021-08-17,261.475,265.45,260.6,261.925,10372510.0
2021-08-18,263.125,263.975,255.675,255.95,7291568.0
2021-08-19,255.05,255.1,249.125,252.4,13214346.0
2021-08-20,252.025,255.5,247.9,253.425,8783064.0
2021-08-23,256.0,257.075,254.675,256.5,4424522.0
2021-08-24,256.85,258.7,252.85,255.325,6948930.0
2021-08-25,255.3,256.45,252.0,255.425,5155066.0
2021-08-26,254.95,255.425,249.0,250.225,6045756.0
2021-08-27,251.375,254.375,248.5,254.025,6545884.0
2021-08-30,254.2,261.25,254.2,260.75,10199586.0
2021-08-31,261.75,264.975,260.875,263.45,14401754.0
2021-09-01,264.75,266.075,262.05,266.0,7827596.0
2021-09-02,266.65,267.5,260.75,262.225,7454530.0
2021-09-03,262.5,264.5,259.25,262.0,8635364.0
2021-09-06,263.125,272.7,262.5,270.45,13566498.0
2021-09-07,271.85,274.2,265.25,268.2,10934780.0
2021-09-08,269.0,272.0,264.6,268.925,10027372.0
2021-09-09,268.5,268.525,261.375,261.95,9387044.0
2021-09-10,263.3,266.125,258.8,259.75,7166752.0
2021-09-13,261.275,262.75,259.5,262.75,6097794.0
2021-09-14,262.95,263.75,256.375,257.475,9038030.0
2021-09-15,257.525,262.425,255.625,260.6,11435480.0
2021-09-16,260.475,261.95,255.65,258.175,8230256.0
2021-09-17,258.2,259.5,256.0,257.0,7429176.0
2021-09-20,255.0,255.25,247.0,249.9,9323852.0
2021-09-21,251.25,253.525,247.275,250.325,8500664.0
2021-09-22,252.525,255.75,249.5,254.075,8921636.0
2021-09-23,255.1,256.525,250.75,253.975,7628428.0
2021-09-24,253.8,255.625,251.9,254.625,5006200.0
2021-09-27,256.6,261.75,255.5,261.725,8557190.0
2021-09-28,262.05,265.55,252.75,254.275,15784572.0
2021-09-29,254.0,257.975,252.325,254.8,7150562.0
2021-09-30,256.025,261.1,255.7,258.35,14076818.0
2021-10-01,256.0,257.5,254.15,257.425,6212488.0
2021-10-04,257.125,262.0,254.7,258.4,12901576.0
2021-10-05,259.55,269.975,257.9,269.175,18584608.0
2021-10-06,269.9,274.5,263.55,270.8,25438026.0
2021-10-07,272.525,275.5,268.55,271.4,14757176.0
2021-10-08,271.55,273.75,269.15,272.975,10536710.0
2021-10-11,274.4,282.7,273.65,280.95,23776444.0
2021-10-12,279.075,279.75,276.025,276.95,10443054.0
2021-10-13,277.5,278.25,271.7,275.55,11797828.0
2021-10-14,276.875,280.0,272.8,276.85,13646868.0
2021-10-15,277.5,278.725,274.75,278.0,6764628.0
2021-10-18,277.95,279.125,275.3,278.825,5731306.0
2021-10-19,280.8,287.475,279.025,287.0,20482128.0
2021-10-20,286.25,287.5,281.225,283.05,13803040.0
2021-10-21,280.975,282.5,273.15,275.8,14474362.0
2021-10-22,276.05,279.5,271.025,272.0,13164614.0
2021-10-25,273.975,281.0,269.725,280.85,12834112.0
2021-10-26,282.025,282.1,277.775,279.85,11324930.0
2021-10-27,276.35,280.0,274.625,275.3,11038052.0
2021-10-28,274.7,276.425,265.4,268.825,15295214.0
2021-10-29,267.3,267.95,260.0,263.65,18641974.0
2021-11-01,263.75,267.75,261.6,267.7,11746372.0
2021-11-02,268.0,268.6,261.8,264.1,11251450.0
2021-11-03,262.225,264.925,259.0,264.425,9553304.0
2021-11-05,262.475,264.3,260.7,264.075,6356208.0
2021-11-08,265.5,266.85,259.325,261.85,9422720.0
2021-11-09,261.45,261.85,255.0,257.6,12608974.0
2021-11-10,256.9,258.325,250.0,250.125,14674780.0
2021-11-11,250.975,257.425,250.25,256.25,14836652.0
2021-11-12,256.65,257.7,247.85,251.45,18527312.0
2021-11-15,251.525,261.55,250.85,259.45,17531776.0
2021-11-16,260.675,261.225,254.05,255.2,10366796.0
2021-11-17,254.725,259.8,254.425,257.825,7485062.0
2021-11-18,257.5,265.05,252.65,262.75,17671266.0
2021-11-19,265.0,266.2,250.625,252.475,25449028.0
2021-11-22,250.95,251.8,240.15,242.025,24417472.0
2021-11-23,240.75,250.0,235.125,249.375,21005988.0
2021-11-24,250.75,251.825,244.625,246.75,9584156.0
2021-11-25,247.775,248.475,243.35,243.95,6877280.0
2021-11-26,238.3,239.95,232.6,232.9,17477754.0
2021-11-29,238.0,240.275,232.625,236.875,17234140.0
2021-11-30,232.85,240.0,232.2,235.975,17161072.0
2021-12-01,238.725,242.975,236.0,237.9,14778346.0
2021-12-02,238.1,245.4,238.1,244.65,12604540.0
2021-12-03,245.75,246.325,240.9,243.05,8185916.0
2021-12-06,243.95,246.1,237.175,240.05,8888768.0
2021-12-07,240.05,243.375,235.5,241.9,13313632.0
2021-12-08,242.525,245.9,233.275,236.275,12794020.0
2021-12-09,236.675,239.675,232.35,234.575,10387940.0
2021-12-10,235.225,235.5,229.075,229.675,14680210.0
2021-12-13,230.35,231.175,212.35,214.65,28110718.0
2021-12-14,214.425,222.75,195.45,222.2,30731892.0
2021-12-15,222.5,224.4,217.3,223.975,12206770.0
2021-12-16,224.0,233.55,223.975,231.2,17615504.0
2021-12-17,230.725,236.65,228.175,234.525,13007152.0
2021-12-20,232.5,232.975,226.75,231.825,13203770.0
2021-12-21,232.55,237.375,230.3,236.7,11178494.0
2021-12-22,236.375,240.975,234.75,237.875,11910610.0
2021-12-23,237.95,241.0,234.875,236.0,7554624.0
2021-12-24,236.125,236.725,231.025,235.45,6998970.0
2021-12-27,235.175,240.25,235.05,238.65,9411624.0
2021-12-28,239.1,242.25,238.375,241.975,9766318.0
2021-12-29,242.075,242.9,238.8,242.15,5642750.0
2021-12-30,242.125,243.075,239.625,240.975,6143622.0
2022-01-03,241.75,247.475,241.75,247.25,5590572.0
2022-01-04,247.275,249.35,245.3,248.5,5959020.0
2022-01-05,247.95,249.325,235.875,236.8,9527418.0
2022-01-06,236.825,242.5,235.25,242.225,7938072.0
2022-01-10,243.4,246.325,241.1,244.75,6950562.0
2022-01-11,244.975,252.0,243.375,251.3,9494698.0
2022-01-12,251.2,254.3,249.375,250.55,9739012.0
2022-01-13,250.45,251.2,229.2,235.375,34732510.0
2022-01-14,236.875,239.95,219.2,232.05,39009434.0
2022-01-17,232.525,234.125,224.3,232.5,21258324.0
2022-01-18,232.675,233.475,215.35,218.175,31446490.0
2022-01-19,215.225,232.5,205.625,226.375,29986462.0
2022-01-20,226.325,234.1,224.025,227.075,20528466.0
2022-01-21,225.475,231.25,218.8,219.675,16121056.0
2022-01-24,221.8,222.425,197.75,205.9,43458528.0
2022-01-25,204.975,213.5,203.0,212.675,27814868.0
2022-01-26,212.7,213.875,202.75,206.45,34858064.0
2022-01-27,203.9,220.6,203.325,215.5,30033300.0
2022-01-28,216.5,221.275,213.225,216.975,15052662.0
2022-01-31,217.825,222.0,215.0,218.9,18947302.0
2022-02-01,219.0,220.475,211.075,213.475,18988518.0
2022-02-02,214.7,216.125,209.4,212.0,13405130.0
2022-02-03,210.975,211.725,204.0,206.225,13567322.0
2022-02-04,208.1,210.625,203.625,206.25,13354236.0
2022-02-07,206.0,208.2,202.875,205.5,10234620.0
2022-02-08,205.975,211.15,204.425,211.025,19479732.0
2022-02-09,211.7,215.0,210.275,213.7,23882222.0
2022-02-10,213.7,214.5,208.25,209.5,20856532.0
2022-02-11,209.1,210.25,200.5,202.5,20430650.0
2022-02-14,200.2,202.75,193.175,201.425,28820460.0
2022-02-15,202.0,209.475,201.675,209.425,19499236.0
2022-02-16,210.225,216.9,210.0,214.625,24227158.0
2022-02-17,214.625,214.75,204.3,205.925,23157806.0
2022-02-18,206.85,209.4,194.1,196.45,27165630.0
2022-02-21,195.75,201.0,146.0,160.6,94506726.0
2022-02-22,159.85,172.9,144.8,171.075,83560926.0
2022-02-24,152.55,152.55,81.95,100.5,85112562.0
2022-02-25,101.0,113.475,91.25,100.55,44164616.0
2022-03-24,90.55,108.85,79.975,95.0,25703294.0
2022-03-25,98.425,99.025,85.5,87.5,14224482.0
2022-03-28,87.75,88.475,82.5,84.25,7569970.0
2022-03-29,84.35,89.725,81.1,82.5,11758078.0
2022-03-30,87.5,87.725,84.725,85.775,8090288.0
2022-03-31,86.775,99.6,86.775,99.0,36616794.0
2022-04-01,102.5,119.225,99.475,112.5,48366282.0
2022-04-04,115.1,125.75,112.5,125.5,59716968.0
2022-04-05,129.05,131.8,109.0,115.4,71983438.0
2022-04-06,110.45,117.5,106.1,109.75,29650248.0
2022-04-07,109.975,115.575,109.975,114.05,16155236.0
2022-04-08,115.3,116.4,110.025,111.8,11022184.0
2022-04-11,110.35,113.15,107.0,107.5,11733918.0
2022-04-12,108.475,108.475,100.75,105.55,14502284.0
2022-04-13,107.15,108.075,104.15,105.675,7346250.0
2022-04-14,106.125,106.5,99.525,99.675,8801110.0
2022-04-15,99.55,103.1,95.525,100.625,12639668.0
2022-04-18,101.375,102.5,95.1,95.125,8666262.0
2022-04-19,95.0,95.0,89.3,93.475,12633904.0
2022-04-20,94.025,96.775,91.125,96.475,12026420.0
2022-04-21,96.05,96.4,93.575,94.9,5878410.0
2022-04-22,94.3,98.0,93.4,94.05,6387326.0
2022-04-25,93.325,93.5,90.15,90.775,6139726.0
2022-04-26,91.25,97.825,90.6,95.625,11805614.0
2022-04-27,95.975,100.5,94.5,99.5,15559326.0
2022-04-28,100.5,101.975,95.15,95.575,14173810.0
2022-04-29,97.475,101.95,96.4,100.475,20427682.0
2022-05-04,100.425,102.475,97.6,97.95,8307512.0
2022-05-05,98.7,99.575,98.0,98.975,3912478.0
2022-05-06,98.75,98.75,96.225,97.4,4293080.0
2022-05-11,97.15,98.75,95.875,96.525,4839996.0
2022-05-12,96.525,96.875,91.725,92.775,5353468.0
2022-05-13,94.125,94.475,92.3,93.25,3028430.0
2022-05-16,94.125,95.725,93.25,94.9,3980148.0
2022-05-17,95.9,97.4,95.05,96.65,5361752.0
2022-05-18,97.225,99.6,96.0,96.0,7494002.0
2022-05-19,96.0,96.9,94.55,95.85,3916660.0
2022-05-20,96.4,96.95,93.625,94.375,4150976.0
2022-05-23,94.875,95.425,92.525,92.85,3739578.0
2022-05-24,92.625,94.4,90.5,93.525,5377522.0
2022-05-25,94.0,94.7,92.5,94.05,4156408.0
2022-05-26,94.35,95.4,93.175,94.0,6554830.0
2022-05-27,94.2,94.375,92.75,93.0,3790484.0
2022-05-30,93.275,93.8,91.325,91.5,5105724.0
2022-05-31,91.25,91.95,90.525,91.55,2989974.0
2022-06-01,91.2,92.95,90.5,92.475,4915692.0
2022-06-02,92.2,92.5,89.575,89.675,6051986.0
2022-06-03,89.675,90.475,87.125,87.75,6034494.0
2022-06-06,87.8,88.4,86.0,87.075,4089718.0
2022-06-07,87.1,87.1,84.775,86.05,5239660.0
2022-06-08,86.3,88.475,85.625,86.7,5317922.0
2022-06-09,87.0,87.075,84.875,85.15,3247056.0
2022-06-10,85.35,85.95,84.75,85.0,3199148.0
2022-06-14,84.95,88.25,83.75,87.475,6488256.0
2022-06-15,87.625,89.85,87.6,88.0,7154226.0
2022-06-16,88.275,89.175,87.5,88.975,6280516.0
2022-06-17,89.025,91.05,88.575,89.5,7815626.0
2022-06-20,90.225,94.275,90.0,93.7,9613966.0
2022-06-21,94.5,94.85,91.0,91.025,9403382.0
2022-06-22,90.475,92.55,89.05,92.55,7848284.0
2022-06-23,92.5,94.85,91.375,92.925,10334130.0
2022-06-24,93.375,93.925,91.625,93.0,5304702.0
2022-06-27,92.975,95.85,92.75,95.5,9564164.0
2022-06-28,95.775,97.65,94.1,96.5,10774096.0
2022-06-29,96.7,96.725,92.925,93.525,7165114.0
2022-06-30,93.475,94.75,88.0,88.9,11533226.0
2022-07-01,88.525,91.25,86.575,87.525,6686486.0
2022-07-04,88.825,92.75,88.8,92.75,8273866.0
2022-07-05,92.8,95.5,92.475,93.925,12339550.0
2022-07-06,93.125,95.5,92.925,93.6,6310192.0
2022-07-07,94.05,94.4,92.5,93.675,4558760.0
2022-07-08,94.25,94.7,93.1,94.15,3705722.0
2022-07-11,93.5,94.35,91.35,91.625,4699636.0
2022-07-12,91.8,92.375,90.25,90.825,6146866.0
2022-07-13,91.475,92.15,88.85,89.425,4808694.0
2022-07-14,89.6,91.0,88.675,88.75,4500136.0
2022-07-15,89.3,90.325,88.4,89.925,4655758.0
2022-07-18,90.35,91.175,89.375,90.4,3977964.0
2022-07-19,90.475,92.075,89.15,92.025,6091200.0
2022-07-20,92.6,93.725,91.025,91.15,6379434.0
2022-07-21,91.15,91.575,89.375,90.9,4937396.0
2022-07-22,90.85,92.825,90.675,91.95,4727610.0
2022-07-25,91.75,93.375,91.35,92.55,4308868.0
2022-07-26,92.85,93.85,92.55,93.15,4429834.0
2022-07-27,93.15,94.25,92.0,92.25,5317358.0
2022-07-28,92.825,93.175,91.375,92.5,3202728.0
2022-07-29,92.7,93.0,91.75,92.925,3285560.0
2022-08-01,92.975,93.075,90.775,90.775,3981900.0
2022-08-02,90.725,91.35,89.925,90.05,4193496.0
2022-08-03,90.225,90.75,89.0,89.0,3952692.0
2022-08-04,89.45,90.425,89.025,89.725,3134226.0
2022-08-05,90.075,90.125,87.275,88.1,5064880.0
2022-08-08,89.25,89.975,88.275,88.275,4742464.0
2022-08-09,88.55,89.675,87.675,89.6,3652964.0
2022-08-10,89.4,90.625,88.925,90.35,3743584.0
2022-08-11,90.5,90.85,88.775,89.25,3762576.0
2022-08-12,89.275,90.0,88.4,89.775,2955900.0
2022-08-15,89.6,90.425,88.95,90.0,3554638.0
2022-08-16,90.15,90.65,89.575,90.325,3586814.0
2022-08-17,90.55,92.5,90.55,90.9,8202130.0
2022-08-18,90.95,91.5,90.1,90.7,3099204.0
2022-08-19,90.9,90.9,89.575,90.0,3391418.0
2022-08-22,89.825,90.55,89.375,90.2,3291810.0
2022-08-23,90.05,91.825,90.05,91.65,4511512.0
2022-08-24,91.925,92.2,90.75,91.375,3419772.0
2022-08-25,91.375,92.0,90.5,90.725,3168794.0
2022-08-26,90.975,91.475,90.5,91.2,2166556.0
2022-08-29,91.175,93.45,90.9,93.25,5376676.0
2022-08-30,93.75,94.9,92.8,93.975,9962532.0
2022-08-31,95.75,97.85,94.625,96.725,15390342.0
2022-09-01,96.725,98.425,95.625,97.65,9648566.0
2022-09-02,98.275,100.9,97.5,100.45,15728518.0
2022-09-05,100.9,103.45,98.8,103.35,14453002.0
2022-09-06,102.675,104.0,97.525,99.55,19930054.0
2022-09-07,99.575,102.3,98.5,99.4,11487458.0
2022-09-08,99.5,100.5,98.0,98.25,9591320.0
2022-09-09,99.0,99.75,98.3,99.3,6007638.0
2022-09-12,98.75,101.4,98.15,100.65,9698124.0
2022-09-13,101.175,101.925,99.55,99.725,9200862.0
2022-09-14,99.55,100.525,98.25,100.225,8891222.0
2022-09-15,100.2,100.75,99.45,100.175,6422758.0
2022-09-16,100.05,100.975,99.1,99.7,7623612.0
2022-09-19,99.5,100.35,99.175,99.375,4863324.0
2022-09-20,99.4,99.85,89.75,92.25,26318860.0
2022-09-21,84.975,91.5,84.025,87.15,19318798.0
2022-09-22,87.3,91.55,87.175,89.75,11571328.0
2022-09-23,89.425,89.85,84.25,85.075,12214122.0
2022-09-26,83.15,83.875,75.95,76.875,26135116.0
2022-09-27,78.975,80.7,76.975,79.325,14983312.0
2022-09-28,79.0,80.75,75.3,77.575,12505780.0
2022-09-29,77.95,78.4,72.525,74.85,14767486.0
2022-09-30,75.275,75.875,71.125,74.65,25790570.0
2022-10-03,75.0,79.2,74.05,78.625,14891506.0
2022-10-04,79.325,79.55,75.05,76.5,14399868.0
2022-10-05,76.35,76.475,73.275,76.0,10603882.0
2022-10-06,76.3,77.375,75.2,75.7,6121524.0
2022-10-07,75.5,75.55,72.0,72.125,8579594.0
2022-10-10,70.125,75.3,69.4,74.6,11351510.0
2022-10-11,75.025,76.775,73.725,76.125,8213238.0
2022-10-12,76.2,76.95,75.325,76.15,5549684.0
2022-10-13,76.2,77.5,75.425,76.375,5462168.0
2022-10-14,76.625,76.925,74.25,76.0,8520146.0
2022-10-17,76.075,79.475,75.8,78.975,9104150.0
2022-10-18,79.4,81.925,78.05,78.65,15411666.0
2022-10-19,78.7,79.75,77.625,79.175,14296830.0
2022-10-20,79.5,81.425,78.925,80.3,11945002.0
2022-10-21,80.3,81.325,79.05,80.9,8559196.0
2022-10-24,81.25,82.15,79.4,80.4,9152798.0
2022-10-25,80.4,83.8,80.125,82.75,12777724.0
2022-10-26,82.775,84.7,82.15,83.775,10239320.0
2022-10-27,83.95,84.975,83.05,84.175,9939610.0
2022-10-28,83.9,85.0,82.5,84.575,9009520.0
2022-10-31,84.6,85.725,83.8,84.2,6711550.0
2022-11-01,84.575,84.95,83.9,84.225,4774084.0
2022-11-02,84.375,84.4,81.125,82.0,6527504.0
2022-11-03,81.975,82.45,80.55,82.0,5667800.0
2022-11-07,82.925,84.425,82.425,84.3,9519392.0
2022-11-08,84.475,87.125,83.5,86.25,13972338.0
2022-11-09,86.025,87.025,82.6,82.95,12472588.0
2022-11-10,83.675,86.8,83.275,86.45,18131166.0
2022-11-11,86.7,86.975,84.9,85.8,9490166.0
2022-11-14,86.025,88.55,85.35,87.125,11189996.0
2022-11-15,87.325,88.275,81.575,84.025,15654056.0
2022-11-16,84.75,86.0,84.55,85.4,6966574.0
2022-11-17,85.6,86.55,84.8,85.575,6314266.0
2022-11-18,85.6,85.925,84.6,85.175,4774360.0
2022-11-21,85.325,85.325,83.5,84.4,6293030.0
2022-11-22,84.05,85.15,83.975,84.95,4604242.0
2022-11-23,85.0,85.95,84.5,85.3,4659982.0
2022-11-24,85.325,86.075,84.925,85.175,4308404.0
2022-11-25,85.05,85.45,84.725,84.9,2800116.0
2022-11-28,84.325,84.725,83.85,84.25,4313818.0
2022-11-29,84.5,84.75,84.175,84.575,2603328.0
2022-11-30,84.875,84.875,84.075,84.7,2113090.0
2022-12-01,84.9,85.25,84.15,84.675,3160984.0
2022-12-02,84.55,84.55,83.95,84.15,2906264.0
2022-12-05,84.225,86.275,83.925,84.9,9761092.0
2022-12-06,85.3,85.625,78.5,83.55,13575780.0
2022-12-07,83.0,84.825,81.55,84.0,18481860.0
2022-12-08,84.45,84.725,83.15,83.55,5034772.0
2022-12-09,83.5,84.225,83.075,83.575,3839136.0
2022-12-12,83.575,83.9,83.05,83.45,3292142.0
2022-12-13,83.55,83.625,82.925,83.15,3423056.0
2022-12-14,83.15,83.225,81.6,82.075,5124786.0
2022-12-15,81.85,82.1,80.225,80.625,7295604.0
2022-12-16,80.525,81.45,80.4,80.9,3426450.0
2022-12-19,80.65,81.2,80.05,80.15,4856802.0
2022-12-20,79.975,82.45,79.4,82.125,6885970.0
2022-12-21,82.425,82.675,81.05,81.9,4341246.0
2022-12-22,82.225,85.9,81.6,85.225,18326990.0
2022-12-23,85.225,85.75,84.5,84.65,8025590.0
2022-12-26,85.05,86.0,84.775,85.525,8029814.0
2022-12-27,85.875,86.675,84.7,85.0,8936448.0
2022-12-28,84.975,85.225,81.1,82.375,29609938.0
2022-12-29,82.45,83.35,81.825,83.05,7707720.0
2022-12-30,83.25,83.6,81.75,81.95,10190854.0
2023-01-03,81.9,82.5,81.725,82.225,4254372.0
2023-01-04,82.2,82.625,81.9,82.15,2551702.0
2023-01-05,82.45,82.45,81.175,81.6,3096072.0
2023-01-06,81.675,81.775,80.85,81.025,3219550.0
2023-01-09,81.375,82.675,81.15,82.3,7895980.0
2023-01-10,82.1,82.2,81.5,81.825,3460346.0
2023-01-11,81.75,83.8,81.6,83.4,10559876.0
2023-01-12,83.8,83.9,82.6,82.925,6160684.0
2023-01-13,82.85,84.1,82.325,83.225,8219218.0
2023-01-16,83.6,85.725,83.575,85.65,11910480.0
2023-01-17,85.7,85.85,83.5,83.55,10263130.0
2023-01-18,83.725,84.8,83.275,83.65,6319790.0
2023-01-19,83.65,84.1,82.525,83.25,8106254.0
2023-01-20,83.4,83.675,82.625,83.575,3974682.0
2023-01-23,83.85,84.4,83.5,84.1,5570976.0
2023-01-24,84.2,84.5,82.9,82.95,5500688.0
2023-01-25,82.95,83.75,81.65,83.15,9009594.0
2023-01-26,83.325,83.675,82.775,83.0,3764498.0
2023-01-27,82.875,83.425,82.725,82.925,4350208.0
2023-01-30,82.725,85.125,82.35,83.975,14865092.0
2023-01-31,84.125,84.9,83.95,84.75,7769174.0
2023-02-01,84.775,86.975,84.5,85.575,17898290.0
2023-02-02,85.75,86.25,84.025,85.125,10590340.0
2023-02-03,85.025,85.325,83.2,84.575,9364366.0
2023-02-06,84.6,85.8,84.3,85.65,9849986.0
2023-02-07,85.125,86.75,84.4,85.5,18142342.0
2023-02-08,85.6,86.4,84.775,85.1,9552390.0
2023-02-09,85.175,85.4,84.5,84.975,5965420.0
2023-02-10,85.05,85.075,84.525,84.725,3506960.0
2023-02-13,84.775,85.125,83.875,84.15,4605718.0
2023-02-14,84.15,84.25,82.0,84.2,8203942.0
2023-02-15,83.25,83.425,79.65,80.2,13357216.0
2023-02-16,80.975,81.775,79.05,80.0,11392246.0
2023-02-17,79.975,80.625,79.275,79.925,6335896.0
2023-02-20,80.175,81.675,79.525,81.075,7686296.0
2023-02-21,81.1,83.325,81.1,82.0,10535110.0
2023-02-22,81.925,82.225,81.475,81.7,2616280.0
2023-02-24,81.75,82.2,80.475,81.025,4751860.0
2023-02-27,80.775,82.925,80.625,82.075,6798386.0
2023-02-28,82.075,83.075,81.7,82.3,6149044.0
2023-03-01,82.55,83.45,82.3,83.25,7944612.0
2023-03-02,83.225,83.625,81.175,82.025,8014750.0
2023-03-03,82.15,83.0,81.925,82.925,4452770.0
2023-03-06,83.225,84.05,83.15,83.85,6135594.0
2023-03-07,84.0,84.325,83.375,83.825,4893630.0
2023-03-09,83.95,84.175,83.275,83.4,4233436.0
2023-03-10,83.125,83.15,82.025,82.45,6614646.0
2023-03-13,82.775,83.375,81.7,82.275,6505404.0
2023-03-14,82.325,83.225,81.975,82.75,4994834.0
2023-03-15,82.775,83.375,81.775,82.3,7215822.0
2023-03-16,82.25,82.525,81.45,82.125,4537226.0
2023-03-17,82.45,84.0,82.25,83.45,14358198.0
2023-03-20,86.55,95.95,85.9,94.975,134422438.0
2023-03-21,94.95,96.725,90.175,91.375,80282420.0
2023-03-22,91.275,93.0,90.675,92.025,20141186.0
2023-03-23,92.025,92.775,90.25,90.775,12866926.0
2023-03-24,91.0,91.2,88.625,89.5,25285926.0
2023-03-27,89.9,92.375,89.575,91.7,18061662.0
2023-03-28,91.9,92.6,90.425,91.5,10180426.0
2023-03-29,91.8,92.325,90.875,91.7,10807554.0
2023-03-30,91.7,92.225,91.25,91.8,6751736.0
2023-03-31,91.975,92.1,89.325,90.7,13658162.0
2023-04-03,90.95,100.15,90.15,99.55,80326312.0
2023-04-04,99.975,104.6,98.975,101.85,96748308.0
2023-04-05,102.025,102.125,93.55,94.475,109067034.0
2023-04-06,94.25,95.875,93.05,93.85,29105258.0
2023-04-07,93.925,94.45,93.4,94.15,11778644.0
2023-04-10,94.825,95.375,94.25,95.2,17605714.0
2023-04-11,95.425,95.7,91.725,92.9,27874324.0
2023-04-12,93.075,94.0,92.35,93.275,11983708.0
2023-04-13,93.5,94.125,92.425,93.2,10654316.0
2023-04-14,93.15,93.7,92.025,93.475,8557422.0
2023-04-17,94.075,97.25,93.7,96.55,38543760.0
2023-04-18,96.6,97.275,95.4,97.05,19463468.0
2023-04-19,97.55,99.375,94.25,96.575,43560602.0
2023-04-20,97.1,101.825,96.525,100.15,50065638.0
2023-04-21,100.225,101.55,99.3,100.975,20701748.0
2023-04-24,100.6,103.2,99.55,100.05,33460772.0
2023-04-25,100.25,100.9,98.025,98.825,27495932.0
2023-04-26,99.125,104.425,98.9,103.7,64703628.0
2023-04-27,104.25,113.95,104.075,112.325,140582162.0
2023-04-28,112.5,114.75,108.75,111.1,93670456.0
2023-05-02,111.375,114.375,105.475,109.4,74005192.0
2023-05-03,109.3,109.3,104.0,104.775,58934982.0
2023-05-04,105.35,106.75,103.025,105.475,39426618.0
2023-05-05,105.675,108.975,104.5,105.3,47546362.0
2023-05-08,105.85,106.575,103.375,103.45,19846152.0
2023-05-10,103.825,110.9,103.75,110.5,57268780.0
2023-05-11,110.45,112.275,106.1,108.325,62703012.0
2023-05-12,108.075,109.6,107.05,108.55,27053554.0
2023-05-15,109.8,112.45,109.05,112.4,27411476.0
2023-05-16,112.725,113.45,110.05,111.65,27534410.0
2023-05-17,111.825,117.425,110.575,116.725,87174786.0
2023-05-18,117.275,120.725,114.05,116.05,99998304.0
2023-05-19,115.45,118.2,114.05,115.65,44184802.0
2023-05-22,116.975,117.4,113.05,114.425,34192934.0
2023-05-23,115.625,119.0,114.0,118.3,60447758.0
2023-05-24,118.875,120.35,116.45,118.125,58280064.0
2023-05-25,118.0,118.75,114.4,116.1,50939320.0
2023-05-26,115.7,118.2,114.4,116.25,44336832.0
2023-05-29,117.275,117.95,114.625,116.025,43823944.0
2023-05-30,114.275,115.975,111.4,112.425,46281522.0
2023-05-31,111.8,112.375,109.775,111.0,35220856.0
2023-06-01,111.275,111.8,106.325,107.125,38876124.0
2023-06-02,102.55,113.75,101.15,113.15,123712568.0
2023-06-05,113.3,115.15,108.5,109.525,59774860.0
2023-06-06,109.225,113.125,107.3,111.675,42818998.0
2023-06-07,111.725,116.225,111.6,114.8,72117240.0
2023-06-08,114.575,115.85,113.375,113.75,33895088.0
2023-06-09,114.1,115.375,113.25,113.925,23717976.0
2023-06-13,115.05,116.65,114.075,115.1,36724128.0
2023-06-14,115.6,116.15,114.6,115.25,20936790.0
2023-06-15,115.2,115.5,113.8,115.25,21716236.0
2023-06-16,115.3,115.825,113.425,114.875,22139564.0
2023-06-19,114.7,115.3,113.9,114.425,17454906.0
2023-06-20,114.1,114.5,111.825,113.475,22948288.0
2023-06-21,113.475,115.0,112.625,113.875,18100960.0
2023-06-22,113.6,114.075,104.5,111.65,24553976.0
2023-06-23,111.025,112.625,108.0,110.0,41830840.0
2023-06-26,111.375,111.75,107.125,109.4,37958600.0
2023-06-27,109.7,110.775,108.05,109.05,25717848.0
2023-06-28,109.125,109.75,108.0,108.375,15455362.0
2023-06-29,108.25,109.75,107.75,109.025,19231332.0
2023-06-30,109.075,109.675,108.225,108.425,10159424.0
2023-07-03,108.925,110.45,108.375,110.45,22592834.0
2023-07-04,110.725,113.475,110.35,112.15,43448390.0
2023-07-05,112.625,113.325,111.025,112.2,19751176.0
2023-07-06,112.25,112.775,111.475,112.075,19526798.0
2023-07-07,112.175,112.55,110.125,112.425,16967882.0
2023-07-10,113.25,115.125,113.1,115.05,27859190.0
2023-07-11,115.1,117.25,114.25,116.8,51620290.0
2023-07-12,117.15,117.425,115.1,116.0,30171994.0
2023-07-13,116.15,116.75,114.5,115.375,19286580.0
2023-07-14,115.25,116.85,114.7,116.375,17236284.0
2023-07-17,115.425,116.725,114.575,116.15,17023912.0
2023-07-18,116.325,118.375,116.1,117.7,31678816.0
2023-07-19,118.025,118.175,116.4,116.75,16735640.0
2023-07-20,117.0,117.05,113.55,113.8,27076860.0
2023-07-21,114.025,115.575,113.8,115.175,16315418.0
2023-07-24,115.5,116.45,115.075,116.125,11482982.0
2023-07-25,116.275,117.05,115.9,116.55,12534140.0
2023-07-26,116.6,117.8,116.05,117.45,18244912.0
2023-07-27,117.775,126.5,117.725,125.5,102836074.0
2023-07-28,125.65,126.425,123.175,125.4,45425838.0
2023-07-31,126.75,129.75,126.2,129.075,50345836.0
2023-08-01,129.55,130.0,127.075,128.15,39043078.0
2023-08-02,128.15,128.425,126.7,128.0,19619196.0
2023-08-03,127.75,136.55,127.075,135.35,85055338.0
2023-08-04,135.5,137.75,129.7,132.625,78426234.0
2023-08-07,133.1,135.2,128.15,130.375,40847094.0
2023-08-08,130.0,133.3,127.0,133.3,44345768.0
2023-08-09,133.55,134.825,131.2,132.725,24249928.0
2023-08-10,133.425,144.0,132.625,142.75,129890752.0
2023-08-11,142.675,144.1,140.4,141.5,49400136.0
2023-08-14,143.2,143.95,136.35,137.3,60450698.0
2023-08-15,136.2,139.95,135.275,135.975,38479904.0
2023-08-16,136.575,137.025,131.275,133.875,44462752.0
2023-08-17,135.025,140.4,132.775,139.225,40755954.0
2023-08-18,139.5,141.6,138.025,139.8,39169452.0
2023-08-21,140.625,141.2,138.575,139.35,20628208.0
2023-08-22,139.325,139.5,137.525,138.675,19531412.0
2023-08-23,139.05,139.05,133.85,135.1,32112892.0
2023-08-24,135.975,138.25,134.525,138.125,20190684.0
2023-08-25,138.1,140.225,137.5,139.275,22519450.0
2023-08-28,139.825,142.5,139.75,142.175,27678512.0
2023-08-29,142.2,143.2,140.25,141.2,25028800.0
2023-08-30,141.525,141.875,139.25,140.5,17131646.0
2023-08-31,140.9,145.875,140.75,144.125,52830304.0
2023-09-01,144.125,144.95,142.875,143.95,17380318.0
2023-09-04,144.975,146.925,144.45,146.475,27592180.0
2023-09-05,146.375,146.575,143.5,144.975,30078470.0
2023-09-06,144.975,144.975,141.575,142.575,19753618.0
2023-09-07,142.5,143.575,135.375,137.725,46274406.0
2023-09-08,138.35,138.7,133.675,135.95,32488226.0
2023-09-11,135.7,137.725,132.6,133.325,34173090.0
2023-09-12,134.675,137.1,133.5,136.775,26167022.0
2023-09-13,137.0,137.875,132.775,133.35,21617782.0
2023-09-14,133.525,134.1,129.625,133.025,32401618.0
2023-09-15,133.325,135.9,132.45,135.425,22352978.0
2023-09-18,136.2,136.875,133.35,134.35,19114586.0
2023-09-19,134.35,134.35,128.15,128.35,40677822.0
2023-09-20,128.25,130.0,124.525,127.7,46237788.0
2023-09-21,127.425,128.35,122.575,123.0,33156198.0
2023-09-22,123.575,126.25,122.4,125.625,29371030.0
2023-09-25,125.95,126.75,124.275,125.6,16859098.0
2023-09-26,125.275,128.575,123.4,127.5,26420308.0
2023-09-27,127.8,129.425,126.7,128.075,18464662.0
2023-09-28,128.125,129.925,127.2,129.025,20831554.0
2023-09-29,129.55,130.5,127.75,128.5,19215964.0
2023-10-02,128.75,129.35,126.0,126.55,17580980.0
2023-10-03,126.3,126.9,124.475,125.95,18203956.0
2023-10-04,125.7,126.9,124.0,124.45,14689448.0
2023-10-05,124.45,125.125,123.15,123.975,15119172.0
2023-10-06,124.925,125.85,123.2,125.75,15628602.0
2023-10-09,126.8,127.925,126.175,127.35,26840098.0
2023-10-10,127.225,127.625,126.25,126.7,12440864.0
2023-10-11,127.0,127.35,123.7,124.225,17488198.0
2023-10-12,124.25,125.975,123.75,125.875,12566970.0
2023-10-13,125.85,128.2,125.2,126.9,16323968.0
2023-10-16,127.45,130.7,127.2,129.9,24010732.0
2023-10-17,129.825,132.375,129.25,130.975,27935528.0
2023-10-18,131.275,131.975,128.8,130.6,18238912.0
2023-10-19,130.275,131.95,129.325,130.85,13688490.0
2023-10-20,131.1,131.125,128.65,129.975,17653546.0
2023-10-23,130.325,131.5,129.825,130.55,12699508.0
2023-10-24,130.475,133.825,129.925,133.075,21559604.0
2023-10-25,133.025,134.35,131.5,131.975,18953462.0
2023-10-26,132.325,132.7,127.5,127.75,31752572.0
2023-10-27,128.0,128.5,124.75,126.65,28011536.0
2023-10-30,126.5,127.45,125.475,125.8,10476986.0
2023-10-31,125.5,127.05,124.5,126.575,15885378.0
2023-11-01,126.7,127.725,125.6,126.0,14215086.0
2023-11-02,126.3,126.675,124.6,125.275,12924236.0
2023-11-03,125.25,125.6,123.475,124.5,13017456.0
2023-11-06,124.675,126.85,124.525,126.825,7997432.0
2023-11-07,126.775,127.725,125.525,125.85,13086248.0
2023-11-08,125.9,127.225,125.275,126.075,12546412.0
2023-11-09,126.1,126.325,124.7,125.025,10424218.0
2023-11-10,125.075,125.725,124.225,124.525,11085714.0
2023-11-13,124.55,125.0,123.525,123.875,10837712.0
2023-11-14,123.475,123.475,120.05,120.525,24700914.0
2023-11-15,120.475,123.125,120.275,122.175,16909354.0
2023-11-16,122.2,122.875,120.5,120.75,8566496.0
2023-11-17,120.65,122.2,119.7,121.925,11877996.0
2023-11-20,122.225,122.975,121.1,122.075,8499592.0
2023-11-21,121.7,122.75,121.275,122.4,6826822.0
2023-11-22,122.575,126.0,122.425,126.0,18932684.0
2023-11-23,126.0,126.5,124.3,124.55,11154590.0
2023-11-24,124.675,125.8,123.55,124.225,12252172.0
2023-11-27,124.4,124.975,121.25,121.5,13843022.0
2023-11-28,122.125,122.15,118.9,120.65,14969830.0
2023-11-29,120.75,121.475,119.3,119.5,8761934.0
2023-11-30,119.45,119.75,117.5,119.425,14581582.0
2023-12-01,119.35,120.625,117.6,118.05,12129966.0
2023-12-04,117.95,117.95,112.35,112.725,22082224.0
2023-12-05,113.3,114.5,111.65,114.425,19590976.0
2023-12-06,114.4,114.825,109.725,110.35,25735498.0
2023-12-07,110.75,114.325,110.125,112.3,29682718.0
2023-12-08,112.425,113.2,110.625,111.65,12954936.0
2023-12-11,111.825,112.975,109.8,110.225,21072672.0
2023-12-12,110.35,114.475,110.325,111.75,28229194.0
2023-12-13,111.3,113.925,110.85,113.925,15089902.0
2023-12-14,114.375,115.75,112.025,113.0,18614608.0
2023-12-15,112.9,118.1,112.425,117.425,25940994.0
2023-12-18,117.9,119.65,116.525,117.3,20289314.0
2023-12-19,116.25,117.85,115.35,117.75,14951304.0
2023-12-20,117.7,118.375,116.25,116.525,10798402.0
2023-12-21,116.5,117.25,113.75,114.675,19295310.0
2023-12-22,114.925,116.525,114.075,114.875,20210382.0
2023-12-25,115.25,116.15,113.975,115.975,12349990.0
2023-12-26,115.7,116.325,114.825,115.8,12525598.0
2023-12-27,115.95,115.975,114.1,114.375,11913452.0
2023-12-28,114.6,114.95,113.225,113.475,10442340.0
2023-12-29,113.65,115.25,113.25,113.4,10940230.0
2024-01-03,113.575,115.2,113.55,115.125,7225152.0
2024-01-04,115.125,115.975,114.85,115.55,5964360.0
2024-01-05,115.525,120.275,115.4,120.0,30446878.0
2024-01-08,120.225,124.5,120.075,124.275,35755788.0
2024-01-09,124.55,124.7,122.35,123.5,17561532.0
2024-01-10,123.5,124.25,121.175,122.175,14009924.0
2024-01-11,122.5,126.675,121.375,125.95,37273324.0
2024-01-12,126.35,126.75,124.6,125.125,12814796.0
2024-01-15,125.175,125.975,123.6,124.3,12593408.0
2024-01-16,124.35,125.85,122.675,124.925,14950080.0
2024-01-17,125.175,126.7,124.7,124.975,17865746.0
2024-01-18,125.025,125.375,122.425,122.575,15467656.0
2024-01-19,122.85,124.2,122.025,122.75,14216254.0
2024-01-22,123.0,124.925,122.125,124.175,9621244.0
2024-01-23,124.35,124.75,122.625,122.975,10137158.0
2024-01-24,123.075,123.975,120.1,120.85,21373506.0
2024-01-25,121.0,122.3,120.175,121.975,12837268.0
2024-01-26,121.975,122.9,120.575,120.75,10626462.0
2024-01-29,120.925,122.275,120.875,121.825,8687882.0
2024-01-30,121.975,123.925,121.925,122.625,17023718.0
2024-01-31,122.9,123.45,122.05,122.875,11796380.0
2024-02-01,123.25,124.25,122.5,123.125,13647476.0
2024-02-02,123.1,123.2,121.7,122.2,8914898.0
2024-02-05,122.25,123.175,121.675,122.275,9608718.0
2024-02-06,122.325,122.7,121.025,121.9,9937184.0
2024-02-07,122.0,123.9,121.8,123.45,23772902.0
2024-02-08,123.6,124.95,121.15,121.3,28522580.0
2024-02-09,121.375,122.475,120.4,121.65,11959016.0
2024-02-12,122.175,122.9,121.9,122.325,10842766.0
2024-02-13,122.65,123.45,121.0,121.975,16135700.0
2024-02-14,122.325,123.05,121.75,122.5,22932908.0
2024-02-15,122.575,122.725,121.3,121.925,15490964.0
2024-02-16,122.075,124.05,120.275,121.25,42089846.0
2024-02-19,121.8,125.25,121.225,124.7,59012770.0
2024-02-20,124.85,124.875,116.45,117.875,92247980.0
2024-02-21,118.0,119.25,113.95,115.5,63949090.0
2024-02-22,115.725,117.775,114.525,115.95,29217310.0
2024-02-26,118.8,119.125,117.125,118.0,22987580.0
2024-02-27,118.05,118.425,116.275,116.925,16602236.0
2024-02-28,117.0,117.775,115.875,116.55,14248892.0
2024-02-29,116.65,117.85,115.85,117.125,19126978.0
2024-03-01,117.15,119.95,116.8,118.275,45323730.0
2024-03-04,118.975,119.35,118.325,118.9,15692304.0
2024-03-05,119.05,119.15,117.275,117.525,15322162.0
2024-03-06,117.625,118.35,117.0,117.2,12184644.0
2024-03-07,117.45,117.85,116.0,116.55,12694328.0
2024-03-11,117.025,117.5,116.025,116.65,11799186.0
2024-03-12,116.7,117.0,115.325,116.975,12370618.0
2024-03-13,117.0,117.625,116.4,116.925,11697692.0
2024-03-14,116.875,117.15,115.05,115.45,13350288.0
2024-03-15,115.35,116.3,115.25,115.975,11024730.0
2024-03-18,116.075,116.825,114.275,114.35,17936382.0
2024-03-19,114.4,114.925,111.0,111.825,36159154.0
2024-03-20,112.05,112.625,110.65,112.35,20611212.0
2024-03-21,112.525,113.45,111.375,112.375,17485046.0
2024-03-22,112.45,113.225,109.75,111.5,25245438.0
2024-03-25,111.475,113.45,110.8,113.2,15834410.0
2024-03-26,113.425,113.7,112.525,112.875,9818090.0
2024-03-27,112.875,113.375,111.95,112.975,12743976.0
2024-03-28,113.325,113.8,112.6,112.9,10737616.0
2024-03-29,113.15,115.05,112.75,114.625,16408074.0
2024-04-01,115.35,116.7,114.725,116.475,22787960.0
2024-04-02,116.525,119.075,115.175,118.15,34925442.0
2024-04-03,118.2,119.975,117.3,118.35,38114800.0
2024-04-04,118.6,121.75,118.025,119.7,43778402.0
2024-04-05,119.85,120.6,118.95,119.375,18645534.0
2024-04-08,119.25,120.975,119.25,120.125,18430760.0
2024-04-09,120.55,120.6,117.65,118.325,22625376.0
2024-04-10,118.4,119.05,117.05,118.7,16539758.0
2024-04-11,119.0,119.25,117.875,118.425,12186890.0
2024-04-12,118.575,120.825,118.325,119.3,20643518.0
2024-04-15,119.75,120.375,118.2,118.675,17678046.0
2024-04-16,118.725,119.6,117.825,118.575,15131764.0
2024-04-17,118.8,119.15,117.6,118.6,12381148.0
2024-04-18,118.8,119.525,118.6,119.125,10071000.0
2024-04-19,119.125,120.175,119.025,119.475,15218894.0
2024-04-22,119.6,120.5,119.1,120.475,18232158.0
2024-04-23,120.575,121.425,117.8,118.375,29177464.0
2024-04-24,118.5,118.975,115.75,116.975,25317596.0
2024-04-25,116.85,119.3,116.625,118.05,22001848.0
2024-04-26,118.575,119.1,117.275,117.65,14319506.0
2024-04-27,117.6,118.15,114.575,116.525,24586412.0
2024-04-29,116.55,118.475,116.175,117.475,11510924.0
2024-04-30,117.45,117.95,116.65,116.825,5551018.0
2024-05-02,117.075,117.4,115.8,116.125,9023122.0
2024-05-03,116.125,116.25,114.85,114.975,10850974.0
2024-05-06,115.075,115.425,114.175,115.0,11218522.0
2024-05-07,115.0,115.675,114.7,115.2,8202038.0
2024-05-08,115.625,115.875,115.15,115.225,6035396.0
2024-05-10,115.4,115.925,115.3,115.4,4316854.0
2024-05-13,115.575,116.575,114.825,115.5,13569308.0
2024-05-14,115.55,115.7,114.4,115.3,9642238.0
2024-05-15,115.35,116.3,115.1,116.025,12804340.0
2024-05-16,116.375,116.975,115.875,115.95,14153632.0
2024-05-17,116.2,116.35,115.1,115.375,9657422.0
2024-05-20,115.83,115.83,112.35,112.88,19328550.0
2024-05-21,112.9,113.5,111.075,112.45,15509510.0
2024-05-22,112.45,113.225,112.0,112.5,7301634.0
2024-05-23,112.275,113.625,111.375,112.6,11794160.0
2024-05-24,112.625,116.4,110.0,110.05,45983326.0
2024-05-27,110.75,112.375,102.2,105.1,79263002.0
2024-05-28,105.575,106.85,102.725,104.275,40462152.0
2024-05-29,104.575,105.425,102.75,105.05,20375496.0
2024-05-30,105.25,105.55,100.675,101.05,38237870.0
2024-05-31,101.075,101.725,97.5,98.825,46857846.0
2024-06-03,99.65,100.25,94.325,99.425,47196132.0
2024-06-04,99.325,101.875,98.325,101.85,40091230.0
2024-06-05,102.275,103.425,99.65,100.35,37642574.0
2024-06-06,100.15,101.1,99.5,100.15,14284968.0
2024-06-07,100.575,103.75,100.4,102.0,32388170.0
2024-06-10,103.05,104.1,100.35,101.7,34094494.0
2024-06-11,101.45,101.8,97.5,99.1,37070002.0
2024-06-13,94.475,101.0,93.175,100.825,29244574.0
2024-06-14,100.975,101.7,99.525,100.6,16977172.0
2024-06-17,101.125,103.075,100.375,101.975,25878218.0
2024-06-18,102.0,102.675,97.925,99.375,27648926.0
2024-06-19,99.3,99.55,94.775,96.225,33280052.0
2024-06-20,96.4,98.65,94.125,97.925,34196866.0
2024-06-21,98.125,99.075,96.7,97.3,13231938.0
2024-06-24,97.2,98.95,96.5,97.725,15889822.0
2024-06-25,98.0,102.4,97.075,102.35,33653570.0
2024-06-26,102.6,108.675,102.15,108.25,83555342.0
2024-06-27,108.575,108.8,105.375,106.3,57289454.0
2024-06-28,106.2,108.4,105.275,105.7,35696248.0
2024-07-01,105.85,106.975,103.625,106.55,34644480.0
2024-07-02,106.6,106.825,105.0,105.05,11242412.0
2024-07-03,105.0,105.925,101.3,101.825,23706708.0
2024-07-04,101.825,104.75,101.275,102.525,29086750.0
2024-07-05,102.925,103.95,100.6,101.35,18698534.0
2024-07-08,101.5,102.85,98.8,99.65,17355037.7856
2024-07-15,100.01,100.05,91.65,92.95,97854806.0
2024-07-16,92.93,95.4,91.8,95.32,49524520.0
2024-07-17,95.61,96.69,93.1,93.72,33399328.0
2024-07-18,93.59,96.15,92.8,95.89,27360328.0
2024-07-19,95.9,97.66,95.0,96.33,25087293.0
2024-07-22,96.83,100.23,96.38,99.75,26643682.0
2024-07-23,99.61,101.55,98.67,100.75,34881813.0
2024-07-24,101.08,101.8,99.81,99.9,16862236.0
2024-07-25,99.69,99.89,97.82,99.2,17600791.0
2024-07-26,98.99,101.15,95.5,96.73,41353105.0
2024-07-29,96.55,96.55,93.01,93.4,28603597.0
2024-07-30,93.0,99.86,92.6,99.09,73050636.0
2024-07-31,99.2,99.99,97.1,97.82,58296404.0
2024-08-01,97.8,99.8,97.56,98.13,34959940.0
2024-08-02,98.05,98.81,96.7,97.69,27323628.0
2024-08-05,96.3,97.2,94.44,95.36,47257175.0
2024-08-06,96.31,97.55,95.39,96.21,28347727.0
2024-08-07,96.48,99.0,95.1,98.35,44487352.0
2024-08-08,98.39,99.21,96.06,96.85,25920188.0
2024-08-09,96.54,97.92,96.32,97.09,15856513.0
2024-08-12,96.98,98.49,96.41,98.03,26289969.0
2024-08-13,98.37,100.83,98.16,100.69,37637044.0
2024-08-14,100.76,102.0,99.37,99.81,42283235.0
2024-08-15,99.82,100.69,98.69,99.28,19792049.0
2024-08-16,99.28,99.67,97.76,97.85,22017826.0
2024-08-19,98.26,99.0,97.18,98.78,28447998.0
2024-08-20,98.9,100.49,98.43,99.47,32428214.0
2024-08-21,99.78,100.34,98.85,100.19,24722424.0
2024-08-22,100.37,100.67,94.61,96.64,46812648.0
2024-08-23,96.62,97.73,94.03,96.47,45220074.0
2024-08-26,98.36,99.3,97.29,99.09,28067100.0
2024-08-27,99.29,99.83,96.57,96.88,23712860.0
2024-08-28,97.02,97.32,95.0,97.02,23342181.0
2024-08-29,97.07,97.6,95.35,96.02,19521221.0
2024-08-30,96.09,96.32,91.0,91.48,41809667.0
2024-09-02,90.95,91.06,85.2,86.1,62629809.0
2024-09-03,86.45,89.06,84.14,86.23,54462837.0
2024-09-04,86.4,89.38,85.83,89.03,34336485.0
2024-09-05,89.07,90.08,86.79,87.2,35847770.0
2024-09-06,87.3,88.15,86.5,87.3,22242355.0
2024-09-09,87.63,91.0,87.56,90.9,30888415.0
2024-09-10,91.4,91.5,88.12,88.89,28390305.0
2024-09-11,88.7,89.48,86.84,87.2,22027389.0
2024-09-12,87.17,87.5,85.22,86.2,29240789.0
2024-09-13,85.75,87.42,83.81,87.14,49166505.0
2024-09-16,87.7,89.75,87.33,88.62,29635064.0
2024-09-17,88.71,90.39,87.81,90.1,20540803.0
2024-09-18,90.09,90.95,87.33,87.93,23966189.0
2024-09-19,88.08,89.36,87.61,88.53,20265925.0
2024-09-20,88.51,89.9,88.42,89.35,20217844.0
2024-09-23,89.7,92.37,89.56,91.96,36052987.0
2024-09-24,92.2,93.95,90.81,92.65,36551512.0
2024-09-25,92.79,94.6,90.31,90.83,47501305.0
2024-09-26,90.77,91.84,89.82,90.76,23804539.0
2024-09-27,90.94,91.5,90.31,90.57,19157535.0
2024-09-30,90.76,91.42,88.92,89.03,24716275.0
2024-10-01,89.08,89.08,86.37,87.52,37957353.0
2024-10-02,87.7,88.12,85.0,86.16,25167047.0
2024-10-03,85.95,87.49,84.69,87.23,32046559.0
2024-10-04,87.3,87.71,86.22,86.63,15787227.0
2024-10-07,86.78,87.1,85.37,86.43,17298798.0
2024-10-08,86.37,86.48,85.37,85.85,14039890.0
2024-10-09,85.77,89.9,85.13,89.79,38417848.0
2024-10-10,89.46,89.66,85.9,86.16,63694271.0
2024-10-11,86.18,86.31,85.2,85.61,17182431.0
2024-10-14,85.57,86.99,84.6,86.7,32071897.0
2024-10-15,86.49,87.17,86.21,86.67,17778737.0
2024-10-16,86.79,87.62,85.0,85.82,23573132.0
2024-10-17,85.77,86.07,84.8,85.09,15026360.0
2024-10-18,84.85,85.4,84.01,84.84,27431244.0
2024-10-21,84.97,85.21,84.42,84.71,12251341.0
2024-10-22,84.65,85.1,83.45,83.58,16802353.0
2024-10-23,83.41,84.98,81.84,82.22,39387791.0
2024-10-24,82.35,82.9,81.2,82.64,21005881.0
2024-10-25,82.67,83.3,79.67,79.89,45307994.0
2024-10-28,79.16,80.19,75.16,76.2,51050980.0
2024-10-29,76.32,78.08,74.9,77.45,33367282.0
2024-10-30,77.57,78.42,76.0,76.19,27655067.0
2024-10-31,75.97,76.47,74.73,75.25,26517035.0
2024-11-01,75.24,76.85,74.53,76.62,21282242.0
2024-11-02,76.65,77.44,76.42,77.12,9867531.0
2024-11-05,77.68,78.2,76.86,77.38,15684407.0
2024-11-06,78.65,79.9,77.66,78.32,38865527.0
2024-11-07,78.29,79.31,76.53,79.1,42338206.0
2024-11-08,79.5,80.43,77.85,80.2,44477398.0
2024-11-11,81.09,82.16,80.5,81.58,47446166.0
2024-11-12,81.48,81.78,80.2,80.68,21606605.0
2024-11-13,80.6,81.4,79.33,79.41,23126160.0
2024-11-14,79.52,80.16,78.83,79.19,20639604.0
2024-11-15,79.19,80.61,78.88,80.59,16484347.0
2024-11-18,78.99,79.84,78.2,78.95,18772256.0
2024-11-19,78.95,79.47,76.57,77.06,25942896.0
2024-11-20,77.19,77.88,75.03,75.64,23247288.0
2024-11-21,75.77,76.3,74.03,76.3,33762966.0
2024-11-22,76.46,76.58,73.78,74.05,22613798.0
2024-11-25,74.14,74.36,69.83,70.11,59613527.0
2024-11-26,70.31,72.48,67.75,68.23,95500402.0
2024-11-27,68.41,70.07,65.67,70.02,68040885.0
2024-11-28,70.22,70.69,67.69,69.28,42335372.0
2024-11-29,69.5,70.48,68.8,69.5,31714309.0
2024-12-02,69.0,70.17,68.85,69.27,28490169.0
2024-12-03,69.28,69.34,67.0,67.28,24778567.0
2024-12-04,67.38,69.07,65.02,65.38,65936859.0
2024-12-05,65.32,67.21,64.3,66.95,55194681.0
2024-12-06,67.0,68.17,66.01,67.52,31479725.0
2024-12-09,67.93,68.8,67.54,68.1,18779455.0
2024-12-10,68.2,68.22,66.68,66.94,21669843.0
2024-12-11,66.94,67.85,66.49,67.81,18176567.0
2024-12-12,68.0,68.66,66.5,66.57,24591292.0
2024-12-13,66.44,67.0,65.73,66.38,18831540.0
2024-12-16,66.19,66.31,63.8,64.25,26300837.0
2024-12-17,64.2,64.79,63.67,64.21,16233706.0
2024-12-18,64.27,65.41,63.62,65.23,19802225.0
2024-12-19,65.45,66.27,64.85,65.95,29251933.0
2024-12-20,65.85,73.27,65.8,72.88,61170110.0
2024-12-23,73.66,74.8,72.98,74.19,36734961.0
2024-12-24,74.25,74.75,72.6,73.89,33306519.0
2024-12-25,73.73,76.85,73.03,76.53,53759890.0
2024-12-26,76.62,77.67,75.65,75.74,41451479.0
2024-12-27,75.98,76.99,75.52,76.49,22865434.0
2024-12-28,76.73,78.48,76.59,78.09,25251123.0
2024-12-30,78.71,80.41,78.05,80.03,21757566.0
2025-01-03,80.52,80.63,77.5,77.78,20154958.0
2025-01-06,77.34,78.0,76.48,77.97,10861969.0
2025-01-08,78.05,79.2,77.9,78.64,10083998.0
2025-01-09,78.66,79.15,76.0,76.04,20983160.0
2025-01-10,76.38,79.5,75.54,79.28,37430852.0
2025-01-13,79.87,80.96,78.96,79.36,32706997.0
2025-01-14,79.45,82.45,78.51,81.27,36144913.0
2025-01-15,81.28,83.25,80.05,82.5,35659986.0
2025-01-16,82.79,85.21,81.5,84.56,55312823.0
2025-01-17,84.51,87.26,84.3,87.0,53603478.0
2025-01-20,88.42,88.75,85.36,86.17,41144226.0
2025-01-21,86.16,87.69,85.45,87.69,24108743.0
2025-01-22,87.82,88.25,85.65,86.01,29571032.0
2025-01-23,85.99,87.94,85.59,87.8,22832792.0
2025-01-24,88.2,88.66,86.49,87.54,28216673.0
2025-01-27,87.26,87.48,83.4,83.72,39466432.0
2025-01-28,83.5,84.88,82.32,84.66,34309423.0
2025-01-29,84.56,85.2,83.53,83.95,25704005.0
2025-01-30,84.0,84.4,82.77,83.85,26862499.0
2025-01-31,83.95,86.49,83.33,83.89,76052279.0
2025-02-03,83.99,84.45,81.3,81.96,39989260.0
2025-02-04,82.11,82.42,79.96,80.35,32271352.0
2025-02-05,80.35,82.88,79.05,82.09,36890790.0
2025-02-06,82.44,83.41,81.45,82.4,29047950.0
2025-02-07,82.35,82.97,80.74,81.19,31210738.0
2025-02-10,81.84,82.72,79.7,80.0,42107280.0
2025-02-11,80.21,82.11,80.07,82.11,27614461.0
2025-02-12,82.12,88.21,81.06,88.14,139117877.0
2025-02-13,88.59,89.87,85.06,89.54,140583618.0
2025-02-14,85.02,94.23,80.5,87.79,275071336.0
2025-02-17,90.44,98.77,90.04,98.76,341766251.0
2025-02-18,99.7,101.33,90.59,91.73,453280185.0
2025-02-19,92.9,94.97,90.73,94.5,189742451.0
2025-02-20,94.54,95.05,92.42,92.92,118870498.0
2025-02-21,92.68,93.58,90.74,92.36,94921743.0
2025-02-24,92.85,96.23,92.58,96.22,154935156.0
2025-02-25,96.46,97.44,93.4,93.68,198518343.0
2025-02-26,93.9,94.32,89.67,90.48,156364866.0
2025-02-27,90.47,91.82,89.05,89.3,104177007.0
2025-02-28,88.98,92.62,88.44,91.7,140859592.0
2025-03-01,92.0,92.19,91.02,91.73,2091351.0
2025-03-02,91.24,91.49,90.41,90.49,4943226.0
2025-03-03,90.6,91.75,88.12,90.77,104719464.0
2025-03-04,91.0,94.5,90.86,93.18,111036536.0
2025-03-05,93.3,93.49,90.38,90.52,100399729.0
2025-03-06,90.53,91.7,89.4,91.15,59592755.0
2025-03-07,91.18,93.81,88.5,91.07,159200005.0
2025-03-10,91.2,92.0,90.15,90.99,47132430.0
2025-03-11,91.2,91.86,89.5,90.7,64200694.0
2025-03-12,90.65,91.18,89.75,90.31,37306388.0
2025-03-13,90.1,91.67,87.6,89.86,114386162.0
2025-03-14,89.49,91.5,89.18,90.99,52994473.0
2025-03-15,91.13,91.22,90.95,91.02,1512265.0
2025-03-16,91.03,92.36,91.0,92.29,8047605.0
2025-03-17,92.51,93.75,91.2,92.6,84801521.0
2025-03-18,92.96,93.18,90.05,90.13,119412421.0
2025-03-19,90.38,91.25,89.3,90.65,58191475.0
2025-03-20,90.67,91.35,90.3,90.72,38322312.0
2025-03-21,90.63,91.33,89.58,89.82,43096337.0
2025-03-24,89.82,89.87,88.5,89.05,30052214.0
2025-03-25,88.83,91.45,87.74,90.99,71604508.0
2025-03-26,91.23,91.46,88.87,89.11,51898049.0
2025-03-27,89.11,89.9,87.0,87.07,60781268.0
2025-03-28,86.99,87.76,82.2,82.35,110411671.0
2025-03-29,82.56,82.6,81.59,81.59,5380604.0
2025-03-30,81.59,81.59,81.59,81.59,498304.0
2025-03-31,80.0,83.54,79.38,81.96,70339674.0
2025-04-01,82.06,83.46,78.55,78.78,67188106.0
2025-04-02,78.77,80.62,78.31,79.88,58930743.0
2025-04-03,80.09,80.89,75.7,77.86,76021666.0
2025-04-04,78.53,78.66,72.08,72.25,112231741.0
2025-04-05,72.02,72.9,72.02,72.32,8499673.0
2025-04-06,72.6,73.85,72.19,73.73,9847078.0
2025-04-07,72.1,72.7,67.76,70.89,155718651.0
2025-04-08,71.61,72.64,67.51,67.76,103774919.0
2025-04-09,67.34,73.49,66.1,73.28,166938034.0
2025-04-10,73.67,74.41,70.7,73.16,115131718.0
2025-04-11,73.25,76.84,72.96,76.76,86273031.0
2025-04-12,77.0,78.28,76.91,78.17,13869580.0
2025-04-13,78.1,78.24,77.7,78.19,7366879.0
2025-04-14,78.21,78.29,75.09,75.5,62748912.0
2025-04-15,75.8,77.47,75.23,77.1,71171659.0
2025-04-16,76.91,80.18,76.34,79.73,95871343.0
2025-04-17,79.73,83.37,79.73,83.28,98999465.0
2025-04-18,82.09,84.18,80.61,83.3,111702076.0
2025-04-21,83.92,85.87,83.65,85.39,71965839.0
2025-04-22,85.53,88.1,84.41,86.32,109794286.0
2025-04-23,86.36,86.59,83.4,85.4,88142024.0
2025-04-24,85.41,86.97,84.93,85.52,57459017.0
2025-04-25,86.24,87.78,85.92,87.24,78396479.0
2025-04-26,87.62,89.15,87.45,87.84,25951696.0
2025-04-27,88.0,88.26,87.65,87.93,5134555.0
2025-04-28,87.91,109.04,85.9,98.55,631121501.0
2025-04-29,98.74,100.62,95.08,97.3,252643989.0
2025-04-30,97.4,98.41,94.71,98.1,131724901.0
2025-05-02,98.31,98.45,96.07,96.6,55510428.0
2025-05-03,96.4,97.19,96.29,96.59,6527566.0
2025-05-04,96.59,97.39,96.56,97.13,7838190.0
2025-05-05,97.46,97.7,95.56,96.19,63207668.0
2025-05-06,96.36,98.28,95.92,97.42,61111243.0
2025-05-07,97.6,98.35,96.8,97.64,48268365.0
2025-05-08,97.8,98.82,97.35,97.75,29348338.0
2025-05-10,98.11,98.33,97.8,98.08,4666238.0
2025-05-11,98.8,99.86,98.5,99.07,20830726.0
2025-05-12,99.6,100.33,98.74,99.72,56873061.0
2025-05-13,99.82,100.09,98.91,99.17,32865857.0
2025-05-14,99.2,99.66,96.5,97.0,41127569.0
2025-05-15,96.99,98.0,96.05,97.25,46194281.0
2025-05-16,97.27,98.12,94.35,97.19,79794960.0
2025-05-17,97.3,98.48,97.14,98.32,8345597.0
2025-05-18,98.71,99.05,98.4,98.89,8765308.0
2025-05-19,98.95,98.95,96.55,96.97,37684412.0
2025-05-20,97.21,97.32,96.1,96.3,23414273.0
2025-05-21,96.36,97.03,95.31,95.65,21911450.0
2025-05-22,95.86,96.68,94.24,95.18,56589482.0
2025-05-23,95.24,96.27,95.01,95.5,21170038.0
2025-05-26,95.49,95.5,91.34,92.25,71203968.0
2025-05-27,92.26,94.28,90.22,93.59,53742918.0
2025-05-28,93.75,95.85,93.73,95.78,53920466.0
2025-05-29,95.88,95.98,93.87,94.17,30962690.0
2025-05-30,94.17,96.64,93.11,93.9,82168242.0
2025-05-31,94.0,94.36,93.77,93.87,3166785.0
2025-06-01,93.79,93.82,91.1,91.89,18943641.0
2025-06-02,91.9,94.15,91.51,93.47,42913079.0
2025-06-03,93.49,95.5,93.48,95.41,42707891.0
2025-06-04,95.41,96.86,94.55,95.1,63920642.0
2025-06-05,95.14,96.1,95.13,95.44,24208545.0
2025-06-06,95.51,98.5,92.82,93.27,97263652.0
2025-06-07,93.68,94.48,93.21,93.77,3711888.0
2025-06-08,93.83,93.96,93.38,93.64,2165872.0
2025-06-09,93.8,94.57,93.03,94.27,38512287.0
2025-06-10,94.37,95.04,93.25,93.5,29762741.0
2025-06-11,93.7,94.37,93.13,93.44,29521873.0
2025-06-13,96.36,98.38,95.31,98.12,75193431.0
2025-06-14,98.15,98.87,98.15,98.55,5831354.0
2025-06-15,98.76,99.42,98.36,99.18,12928840.0
2025-06-16,99.2,99.33,96.02,96.69,74752754.0
2025-06-17,96.7,98.65,96.3,97.85,50019339.0
2025-06-18,98.1,98.56,96.9,97.37,39128996.0
2025-06-19,97.61,98.6,97.0,97.97,64406292.0
2025-06-20,98.04,102.24,97.86,101.75,183501457.0
2025-06-23,102.42,104.95,101.8,104.23,131360424.0
2025-06-24,104.49,106.77,104.11,106.45,106502131.0
2025-06-25,106.65,107.58,105.04,107.48,77270710.0
2025-06-26,107.49,107.76,106.04,106.46,64187995.0
2025-06-27,106.74,107.13,106.16,106.75,46432920.0
2025-06-28,106.96,107.27,106.88,107.13,4205789.0
2025-06-29,107.14,107.77,107.14,107.28,8620056.0
2025-06-30,107.35,107.6,105.3,106.22,92246699.0
2025-07-01,106.21,107.2,102.62,104.69,182666012.0
2025-07-02,105.0,105.16,101.31,102.57,158811790.0
2025-07-03,102.61,103.13,99.61,99.94,107546620.0
2025-07-04,99.86,100.96,98.31,99.38,105454601.0
2025-07-05,99.55,99.67,99.3,99.39,3400795.0
2025-07-06,99.41,100.79,99.09,100.15,10343526.0
2025-07-07,100.47,100.47,96.27,96.6,107383156.0
2025-07-08,96.2,97.48,94.03,94.38,166997625.0
2025-07-09,94.5,95.78,92.82,94.45,127771946.0
2025-07-10,93.05,95.05,93.05,93.46,167592383.0
2025-07-11,71.0,74.9,70.91,72.79,307746735.0
2025-07-12,72.79,74.02,72.6,73.29,15958804.0
2025-07-13,73.55,73.59,72.22,72.8,11668009.0
2025-07-14,72.68,75.3,71.27,74.91,146998763.0
2025-07-15,75.07,78.92,74.81,78.85,153609402.0
2025-07-16,79.0,80.83,78.73,79.38,140970732.0
2025-07-17,79.6,80.3,77.18,78.02,100506088.0
2025-07-18,78.02,81.25,78.0,81.0,80456193.0
2025-07-19,81.35,82.96,81.3,82.76,29023234.0
2025-07-20,83.35,83.45,82.32,82.9,18726668.0
2025-07-21,82.9,83.48,81.38,82.05,83220220.0
2025-07-22,82.24,82.72,81.22,82.51,44677931.0
2025-07-23,82.51,83.0,82.12,82.6,57834655.0
2025-07-24,82.73,83.15,81.77,82.28,51338713.0
2025-07-25,82.4,84.46,81.8,83.6,141893529.0
2025-07-26,83.7,83.95,83.28,83.46,6211629.0
2025-07-27,83.5,83.63,82.97,83.3,5245841.0
2025-07-28,83.41,83.6,78.77,79.59,217147752.0
2025-07-29,79.6,80.23,77.4,78.72,146226966.0
2025-07-30,78.71,79.49,77.77,78.19,52789325.0
2025-07-31,77.96,81.28,75.01,77.77,323128915.0
2025-08-01,78.0,78.5,76.26,76.68,81945601.0
2025-08-04,76.68,76.94,75.86,76.62,54432346.0
2025-08-05,76.9,78.98,75.96,78.85,140024735.0
2025-08-06,78.97,80.26,77.21,79.6,129989447.0
2025-08-07,79.95,80.67,78.82,79.6,124263079.0
2025-08-08,79.65,80.77,79.18,80.53,84558230.0
2025-08-11,81.16,81.93,79.0,79.52,108109481.0
2025-08-12,79.53,80.08,78.83,79.38,37489514.0
2025-08-13,79.37,80.07,78.9,78.98,33823187.0
2025-08-14,78.89,80.5,78.4,80.28,51466008.0
2025-08-15,80.41,80.68,79.65,80.28,40075440.0
2025-08-16,79.1,79.37,78.0,79.0,16548345.0
2025-08-17,79.19,79.34,78.8,78.88,4592854.0
2025-08-18,79.09,80.8,78.71,80.1,48406966.0
2025-08-19,80.61,81.08,79.17,79.51,37768494.0
2025-08-20,79.62,79.78,77.61,77.99,40819746.0
2025-08-21,78.0,78.4,76.4,76.63,45764105.0
2025-08-22,76.77,77.52,76.1,76.98,28400768.0
2025-08-23,77.05,77.3,77.01,77.03,1285790.0
2025-08-24,77.1,77.21,76.8,76.93,1514125.0
2025-08-25,76.93,77.08,75.4,76.32,38879009.0
2025-08-26,76.5,77.08,75.89,76.4,24462016.0
2025-08-27,76.4,76.97,76.07,76.55,25056323.0
2025-08-28,76.65,76.87,75.46,75.9,31095099.0
2025-08-29,76.03,76.15,74.6,75.15,43519973.0
2025-08-30,75.2,75.27,74.97,75.04,2765970.0
2025-08-31,75.04,75.28,75.0,75.14,4333560.0
2025-09-01,75.19,76.09,74.4,74.79,40712572.0
2025-09-02,74.92,74.97,73.56,74.02,44534997.0
2025-09-03,74.03,75.34,73.17,75.13,45140033.0
2025-09-04,75.08,75.96,74.61,75.74,49542505.0
2025-09-05,75.85,76.13,74.94,75.5,40692536.0
2025-09-06,75.59,75.71,75.35,75.64,1681425.0
2025-09-07,75.69,75.85,75.5,75.68,2186520.0
2025-09-08,75.69,76.05,74.85,75.23,31762413.0
2025-09-09,75.24,75.36,74.46,74.97,36296546.0
2025-09-10,74.85,75.0,73.9,74.1,30290571.0
2025-09-11,74.15,78.59,73.72,77.86,244138837.0
2025-09-12,77.85,78.15,75.35,75.86,168264879.0
2025-09-13,75.94,76.17,75.64,76.0,4718687.0
2025-09-14,76.02,76.51,75.92,76.38,6941025.0
2025-09-15,76.53,76.65,73.6,74.11,106671976.0
2025-09-16,74.0,75.5,72.5,72.97,170196886.0
2025-09-17,73.11,73.69,71.81,72.09,116606221.0
2025-09-18,72.13,72.88,71.1,71.83,129721031.0
2025-09-19,71.78,72.18,69.31,71.54,452730709.0
2025-09-22,71.83,72.15,70.01,70.94,138109255.0
2025-09-23,70.93,72.15,69.68,70.25,110803293.0
2025-09-24,70.25,71.28,69.88,70.78,87252030.0
2025-09-25,70.84,71.05,69.73,69.97,48970721.0
2025-09-26,70.0,70.19,67.84,69.19,150980438.0
2025-09-27,69.2,69.47,68.9,69.01,3997668.0
2025-09-28,69.17,69.18,68.78,69.0,4875131.0
2025-09-29,69.1,70.29,67.9,68.2,107403701.0
2025-09-30,68.22,68.99,67.5,68.16,101192187.0
2025-10-01,68.33,68.69,67.65,67.96,61676711.0
2025-10-02,67.99,68.07,67.34,67.49,61286371.0
2025-10-03,67.49,67.87,66.55,66.6,81103224.0
2025-10-04,66.71,66.75,65.71,65.99,23228630.0
2025-10-05,65.89,66.48,65.72,66.48,11253804.0
2025-10-06,66.59,67.95,66.11,67.52,102295539.0
2025-10-07,67.36,69.19,67.18,68.7,82655270.0
2025-10-08,68.7,69.15,64.87,66.04,165713705.0
2025-10-09,66.25,68.16,64.9,67.8,118175203.0
2025-10-10,67.78,67.81,66.83,67.0,66913960.0
2025-10-11,66.92,67.01,66.1,66.78,7350523.0
2025-10-12,66.86,67.2,66.78,67.03,4719374.0
2025-10-13,67.33,68.88,66.81,67.98,75330691.0
2025-10-14,68.06,68.3,66.91,67.25,44364214.0
2025-10-15,67.24,68.06,66.8,67.53,46658897.0
2025-10-16,67.5,71.38,67.22,71.24,144685586.0
2025-10-17,71.43,72.0,69.8,70.38,117391057.0
2025-10-18,70.98,71.6,70.47,71.42,20416604.0
2025-10-19,71.45,71.6,70.25,70.81,20455978.0
2025-10-20,71.09,71.26,70.4,70.69,60168900.0
2025-10-21,70.69,70.75,67.23,68.08,127089334.0
2025-10-22,68.1,68.94,66.74,67.13,70685097.0
2025-10-23,66.44,68.06,65.7,67.98,70760782.0
2025-10-24,68.0,69.4,66.89,67.28,100051422.0
2025-10-27,67.18,67.19,66.04,66.08,57459844.0
2025-10-28,66.24,68.28,65.85,68.1,68195208.0
2025-10-29,68.15,68.5,67.55,67.83,34238610.0
2025-10-30,67.84,69.18,67.6,68.82,59428083.0
2025-10-31,68.82,69.19,67.7,68.02,35618902.0
2025-11-01,68.06,68.4,67.91,68.25,10559202.0
2025-11-03,68.35,69.0,68.31,68.66,19343030.0
2025-11-05,68.62,70.5,68.16,69.41,104491910.0
2025-11-06,69.39,70.28,68.7,69.63,56497364.0
2025-11-07,69.44,70.3,69.22,69.89,53678888.0
2025-11-08,69.89,70.1,69.85,69.96,3228323.0
2025-11-09,70.07,70.2,69.88,70.15,3977794.0
2025-11-10,70.22,70.78,69.6,69.96,52587460.0
2025-11-11,69.97,70.3,69.62,70.21,27733156.0
2025-11-12,70.25,70.26,68.83,69.25,38768297.0
2025-11-13,69.25,69.75,69.1,69.18,25907687.0
2025-11-14,69.19,69.47,68.34,68.64,30157318.0
2025-11-15,68.64,68.91,68.64,68.72,3118512.0
2025-11-16,68.62,68.88,68.62,68.71,2185583.0
2025-11-17,68.54,69.71,68.03,68.49,59507855.0
2025-11-18,68.51,69.78,67.63,69.02,83100487.0
2025-11-19,69.05,70.81,68.95,69.9,124526803.0
2025-11-20,69.91,71.88,69.51,71.86,107332152.0
2025-11-21,72.0,72.0,70.51,71.16,75894997.0
2025-11-24,71.8,72.6,70.94,71.29,70702972.0
2025-11-25,71.31,72.37,70.87,72.04,74573823.0
2025-11-26,72.05,72.1,71.3,71.5,32169341.0
2025-11-27,71.51,71.85,70.17,70.51,53999951.0
2025-11-28,70.52,73.33,70.34,72.85,130782831.0
2025-11-29,72.85,72.98,72.65,72.88,5726926.0
2025-11-30,72.85,74.28,72.83,74.1,27151688.0
2025-12-01,73.9,74.18,72.14,72.47,139261224.0
2025-12-02,72.35,72.69,71.53,71.96,63114897.0
2025-12-03,71.43,71.93,71.0,71.87,71954184.0
2025-12-04,72.12,72.76,72.0,72.16,42499323.0
2025-12-05,72.2,73.41,72.13,73.17,81767738.0
2025-12-08,73.21,73.52,72.1,72.22,67572473.0
2025-12-09,72.31,73.26,72.01,72.87,47446760.0
2025-12-10,72.98,73.19,72.19,72.68,42777058.0
2025-12-11,72.81,73.41,72.66,72.9,70503420.0
2025-12-12,72.88,73.11,71.54,71.62,75709544.0
2025-12-13,72.0,72.22,71.82,72.07,8959461.0
2025-12-14,72.07,72.13,71.2,71.52,16988201.0
2025-12-15,71.59,71.96,71.3,71.85,57364936.0
2025-12-16,71.96,72.4,71.8,72.1,51674988.0
2025-12-17,72.19,72.48,71.56,72.0,62491891.0
2025-12-18,72.11,73.57,71.97,73.32,124797306.0
2025-12-19,73.35,74.28,72.72,73.07,136093972.0
2025-12-20,73.15,73.25,72.95,73.12,3056760.0
2025-12-21,73.09,73.16,72.95,73.08,2771633.0
2025-12-22,73.17,73.33,71.03,71.19,97226379.0
2025-12-23,71.25,72.11,70.62,71.88,57538358.0
2025-12-24,71.93,72.2,71.37,71.6,38634398.0
2025-12-25,71.7,71.88,71.18,71.4,25676375.0
2025-12-26,71.4,73.1,71.3,72.92,72255920.0
2025-12-27,73.01,73.15,72.77,72.95,8640898.0
2025-12-28,72.83,73.07,72.6,72.92,6997767.0
2025-12-29,73.25,73.95,71.8,72.17,91203914.0
2025-12-30,72.09,72.57,72.08,72.22,40389633.0
2026-01-05,72.22,72.24,70.91,71.55,38118410.0
2026-01-06,71.65,71.84,71.4,71.5,17090734.0
2026-01-08,71.09,71.36,70.9,71.07,20852070.0
2026-01-09,71.11,71.67,71.09,71.22,16645029.0
2026-01-12,71.25,71.88,71.05,71.34,28553219.0
2026-01-13,71.35,71.56,70.76,71.16,32106158.0
2026-01-14,71.26,71.4,70.51,70.91,66376632.0
2026-01-15,71.04,71.48,70.85,71.13,38668669.0
2026-01-16,71.18,72.19,71.13,71.98,42039513.0
2026-01-17,72.14,72.15,71.93,72.05,2661082.0
2026-01-18,72.05,72.19,71.97,72.09,3144375.0
2026-01-19,72.1,72.45,71.65,71.91,40356138.0
2026-01-20,71.96,72.25,71.51,71.85,27359347.0
2026-01-21,71.84,72.87,71.63,72.72,50769076.0
2026-01-22,72.76,73.25,72.4,72.82,54518664.0
2026-01-23,72.85,73.36,72.51,73.12,32576198.0
2026-01-24,73.12,73.3,72.7,72.94,7116641.0
2026-01-25,72.95,73.15,72.87,73.14,5262792.0
2026-01-26,72.89,72.97,72.2,72.29,35160861.0
2026-01-27,72.3,73.2,72.06,72.92,33782167.0
2026-01-28,72.95,73.48,72.91,73.28,38768108.0
2026-01-29,73.4,78.08,73.23,77.75,245819700.0
2026-01-30,77.71,79.29,75.85,77.47,226640588.0
2026-01-31,77.5,78.08,77.33,77.62,9972648.0
2026-02-01,77.62,79.2,77.5,79.06,43948518.0
2026-02-02,78.5,82.39,77.88,82.25,306764494.0
2026-02-03,82.345,82.86,80.23,81.37,203550475.0
2026-02-04,81.48,83.475,81.0,82.26,228073392.0
2026-02-05,82.26,82.35,80.245,81.27,112638815.0
2026-02-06,81.27,83.8,81.205,83.2,172954723.0
2026-02-07,83.245,84.585,83.16,84.54,49066838.0
2026-02-08,84.6,85.57,84.565,85.065,52183416.0
2026-02-09,84.96,85.3,82.15,82.615,143980432.0
2026-02-10,82.705,84.24,82.51,83.48,103744467.0
2026-02-11,83.575,84.7,81.135,83.9,217427978.0
2026-02-12,84.01,84.395,83.405,83.965,64704904.0
2026-02-13,83.96,87.655,83.53,87.62,195310789.0
2026-02-16,87.85,89.37,87.015,87.795,170361157.0
2026-02-17,87.9,89.5,87.255,89.4,95852141.0
2026-02-18,89.345,89.95,86.2,87.375,190959498.0
2026-02-19,87.375,87.61,84.94,85.51,168988569.0
2026-02-20,85.5,88.89,84.76,88.88,218138262.0
2026-02-21,88.88,89.13,88.05,88.445,27337285.0
2026-02-22,88.44,88.835,88.35,88.595,10633608.0
2026-02-23,88.6,88.61,88.31,88.51,7640596.0
2026-02-24,88.55,88.8,86.71,87.38,89197300.0
2026-02-25,87.37,90.55,87.1,88.1,218786099.0
2026-02-26,88.09,88.4,87.055,87.32,55645766.0
2026-02-27,87.115,87.47,85.52,86.925,58756429.0
2026-02-28,86.9,87.15,85.8,86.255,26522014.0
2026-03-01,85.94,86.5,85.85,86.2,9977248.0
2026-03-02,86.1,86.315,84.63,85.045,54991653.0
2026-03-03,85.0,86.08,84.06,84.3,76355840.0
2026-03-04,84.4,84.925,83.7,83.8,40666557.0
2026-03-05,83.885,86.6,83.555,85.93,89676273.0
2026-03-06,85.85,86.68,85.575,86.02,39698299.0
2026-03-09,86.045,87.48,84.61,86.07,58679059.0
2026-03-10,86.08,86.67,85.26,85.51,32180264.0
2026-03-11,85.57,86.4,85.55,85.9,19202530.0
2026-03-12,85.885,86.1,85.31,85.69,18918606.0
2026-03-13,85.69,86.645,85.69,86.2,25292654.0
2026-03-14,86.35,86.445,86.225,86.355,2557252.0
2026-03-15,86.355,86.505,86.255,86.475,2426566.0
2026-03-16,86.555,88.165,86.14,86.45,70285062.0
2026-03-17,86.5,86.94,85.6,86.445,37119647.0
2026-03-18,86.62,87.195,86.11,86.445,42130603.0
2026-03-19,86.48,86.71,85.5,85.965,35319301.0
2026-03-20,86.17,86.85,85.725,85.905,35969063.0
2026-03-23,86.035,86.1,84.4,85.17,52603199.0
2026-03-24,85.3,85.775,84.82,85.56,30159894.0
2026-03-25,85.615,86.875,85.335,86.78,40477500.0
2026-03-26,86.795,87.28,84.24,84.52,79539658.0
2026-03-27,84.665,85.185,82.44,82.995,60699355.0
2026-03-28,82.89,83.285,82.89,82.92,3101648.0
2026-03-29,82.92,83.36,82.92,83.32,3802927.0
2026-03-30,83.41,84.63,81.92,83.39,64300437.0
2026-03-31,83.505,86.18,82.935,86.045,77271686.0
2026-04-01,86.04,88.145,85.505,88.135,96619200.0
2026-04-02,88.03,90.085,87.24,89.91,139401864.0
2026-04-03,89.91,92.065,89.685,91.66,163558540.0
2026-04-04,91.65,92.78,91.5,92.505,15878439.0
2026-04-05,92.575,92.775,90.805,91.3,28669025.0
2026-04-06,91.215,91.475,89.7,90.81,65785537.0
2026-04-07,91.0,91.96,90.245,91.15,47564723.0
2026-04-08,91.6,92.38,90.365,90.93,47317040.0
2026-04-09,91.035,91.25,89.46,90.145,68983359.0
2026-04-10,90.15,91.25,89.55,90.4,46023118.0
2026-04-11,90.425,90.81,90.4,90.8,2498528.0
2026-04-12,90.8,91.0,90.5,90.84,4661094.0
2026-04-13,90.85,92.485,90.84,91.955,69223716.0
2026-04-14,92.015,92.1,90.66,91.93,44222144.0
2026-04-15,91.93,93.875,91.295,93.75,74401055.0
2026-04-16,93.83,95.98,93.57,95.135,94572687.0
2026-04-17,95.14,95.875,94.04,95.405,61831590.0
2026-04-18,95.365,95.75,95.315,95.69,5228366.0
2026-04-19,95.71,96.0,95.49,95.845,4016583.0
2026-04-20,95.7,98.2,95.665,98.1,80084282.0
2026-04-21,98.2,98.82,93.555,95.81,114445090.0
2026-04-22,95.8,96.8,93.675,95.37,88746375.0
2026-04-23,95.34,95.36,93.83,94.02,43332846.0
2026-04-24,94.11,94.98,92.7,94.24,61830217.0
2026-04-25,94.24,94.5,94.09,94.185,2448614.0
2026-04-26,94.04,94.225,94.0,94.135,2479517.0
2026-04-27,94.135,94.73,93.24,93.31,27707834.0
2026-04-28,93.33,93.815,92.255,92.64,36825337.0
2026-04-29,92.635,93.72,87.51,92.86,170568650.0
2026-04-30,92.92,93.2,90.655,91.3,39980617.0
2026-05-01,91.445,91.685,91.155,91.295,3359704.0
2026-05-02,91.3,91.485,91.195,91.295,1056831.0
2026-05-03,91.295,91.345,90.89,91.03,2756317.0
2026-05-04,91.03,91.87,89.005,89.91,44369077.0
2026-05-05,89.925,92.2,89.145,92.1,48401343.0
2026-05-06,92.145,92.145,89.81,91.92,31355879.0
2026-05-07,91.83,93.34,91.32,92.495,35267634.0
2026-05-08,92.57,93.195,91.62,92.35,32025551.0
2026-05-11,92.57,93.3,92.43,92.795,16031572.0
2026-05-12,92.795,94.065,92.555,94.05,32776707.0
2026-05-13,94.065,94.07,93.13,93.495,17468511.0
2026-05-14,93.495,93.52,89.9,90.11,82498808.0
2026-05-15,90.15,90.57,89.1,89.79,50345443.0
2026-05-16,89.865,90.2,89.7,89.77,3288722.0
2026-05-17,89.77,91.2,89.1,90.6,16917827.0
