Date,Open,High,Low,Close,Volume
2014-06-05,1175.0,1195.0,1141.1,1145.1,24973.0
2014-06-06,1158.3,1173.5,1151.0,1163.0,7889.0
2014-06-09,1178.9,1185.6,1155.7,1172.1,7304.0
2014-06-10,1172.1,1181.0,1160.1,1170.0,3207.0
2014-06-11,1175.0,1183.0,1157.1,1179.9,8837.0
2014-06-16,1164.0,1181.2,1150.0,1165.0,13904.0
2014-06-17,1166.9,1187.7,1166.9,1185.5,8517.0
2014-06-18,1180.1,1185.0,1176.0,1182.9,1455.0
2014-06-19,1176.0,1182.7,1165.0,1168.0,1396.0
2014-06-20,1165.2,1179.0,1160.0,1175.0,2702.0
2014-06-23,1185.0,1218.8,1185.0,1196.0,14081.0
2014-06-24,1200.0,1208.9,1191.0,1191.8,3895.0
2014-06-25,1185.0,1195.0,1153.1,1176.8,3949.0
2014-06-26,1185.0,1188.5,1168.9,1185.0,2392.0
2014-06-27,1172.1,1197.0,1165.0,1185.0,1148.0
2014-06-30,1189.9,1218.1,1184.1,1218.0,8749.0
2014-07-01,1212.5,1239.8,1212.5,1218.2,3036.0
2014-07-02,1218.0,1220.0,1195.0,1200.0,33473.0
2014-07-03,1188.9,1213.8,1184.0,1192.0,25562.0
2014-07-04,1184.9,1204.9,1183.0,1186.0,2133.0
2014-07-07,1200.0,1211.8,1152.0,1160.0,19359.0
2014-07-08,1165.0,1180.0,1100.0,1113.4,26565.0
2014-07-09,1100.0,1111.0,1073.8,1094.0,19416.0
2014-07-10,1100.0,1125.7,1061.5,1077.8,11216.0
2014-07-11,1072.2,1101.5,1056.0,1099.3,35563.0
2014-07-14,1095.1,1123.5,1090.2,1118.9,6192.0
2014-07-15,1123.3,1127.5,1110.0,1114.3,2789.0
2014-07-16,1114.2,1115.5,1098.1,1106.5,7340.0
2014-07-17,1098.0,1107.5,1067.6,1088.0,7221.0
2014-07-18,1080.4,1081.4,1054.1,1072.3,7144.0
2014-07-21,1080.0,1081.4,1035.0,1047.5,8353.0
2014-07-22,1050.4,1060.0,1043.9,1060.0,10468.0
2014-07-23,1061.4,1062.0,1047.4,1056.2,5286.0
2014-07-24,1056.2,1093.4,1048.3,1077.8,5186.0
2014-07-25,1077.8,1109.4,1070.1,1075.1,5127.0
2014-07-28,1060.2,1075.0,1050.1,1055.0,3992.0
2014-07-29,1055.1,1147.6,1055.1,1116.0,11794.0
2014-07-30,1112.3,1129.8,1106.0,1120.0,3075.0
2014-07-31,1129.9,1129.9,1081.1,1087.7,4886.0
2014-08-01,1096.9,1096.9,1060.0,1062.2,6621.0
2014-08-04,1073.2,1101.9,1072.7,1089.5,7073.0
2014-08-05,1101.3,1110.9,1076.1,1094.6,528.0
2014-08-06,1076.1,1076.1,1043.0,1060.1,3329.0
2014-08-07,1041.1,1055.0,1041.1,1054.5,3528.0
2014-08-08,1055.4,1055.4,1033.5,1033.5,7617.0
2014-08-11,1040.0,1071.9,1040.0,1053.0,13759.0
2014-08-12,1050.0,1070.0,1027.9,1052.1,15203.0
2014-08-13,1050.0,1067.0,1045.1,1054.6,2194.0
2014-08-14,1047.5,1065.4,1040.0,1053.1,3752.0
2014-08-15,1040.6,1060.0,1040.0,1041.0,3461.0
2014-08-18,1025.0,1038.4,1025.0,1032.0,5929.0
2014-08-19,1046.8,1100.0,1040.0,1089.0,16771.0
2014-08-20,1081.3,1116.9,1081.3,1109.7,6577.0
2014-08-21,1098.1,1103.3,1085.7,1089.2,10737.0
2014-08-22,1085.0,1085.0,1041.0,1050.0,16800.0
2014-08-25,1054.0,1066.9,1051.0,1061.6,2679.0
2014-08-26,1062.0,1068.0,1056.0,1056.0,3465.0
2014-08-27,1059.8,1062.1,1058.0,1062.1,457.0
2014-08-28,1050.2,1060.0,1041.0,1055.0,10192.0
2014-08-29,1047.0,1061.6,1044.9,1050.0,7012.0
2014-09-01,1061.7,1061.7,1050.5,1055.5,184.0
2014-09-02,1059.5,1092.9,1057.5,1087.6,1756.0
2014-09-03,1089.9,1133.3,1079.8,1116.8,49804.0
2014-09-04,1124.0,1133.9,1100.1,1119.0,13818.0
2014-09-05,1109.9,1160.0,1106.3,1159.6,15060.0
2014-09-08,1168.0,1537.8,1159.7,1173.7,12370.0
2014-09-09,1170.0,1170.0,1157.3,1157.3,1918.0
2014-09-10,1150.1,1168.5,1141.1,1149.0,3514.0
2014-09-11,1154.0,1174.0,1148.5,1149.9,3651.0
2014-09-12,1144.1,1200.9,1144.1,1173.7,4322.0
2014-09-15,1187.7,1230.0,1175.0,1230.0,26905.0
2014-09-16,1185.0,1549.9,1167.1,1176.8,41461.0
2014-09-17,1190.0,1212.9,1165.0,1174.1,22336.0
2014-09-18,1173.7,1205.0,1159.2,1164.1,17206.0
2014-09-19,1162.0,1177.0,1121.6,1148.5,18414.0
2014-09-22,1159.9,1179.0,1113.0,1135.2,9633.0
2014-09-23,1115.0,1144.8,1103.0,1125.0,11478.0
2014-09-24,1125.0,1146.4,1112.0,1130.0,12744.0
2014-09-25,1149.0,1171.6,1141.4,1154.0,16402.0
2014-09-26,1154.1,1168.8,1112.1,1162.0,8653.0
2014-09-29,1163.9,1180.0,1120.6,1131.3,15825.0
2014-09-30,1119.8,1160.0,1114.1,1130.7,18896.0
2014-10-01,1107.0,1116.0,1077.0,1091.0,10869.0
2014-10-02,1072.0,1076.0,1032.0,1035.0,9479.0
2014-10-03,1065.0,1084.0,1056.0,1078.0,7397.0
2014-10-06,1081.0,1107.0,1078.0,1082.0,12208.0
2014-10-07,1077.0,1080.0,1060.0,1069.0,6037.0
2014-10-08,1061.0,1061.0,1035.0,1036.0,5456.0
2014-10-09,1047.0,1058.0,1037.0,1037.0,3451.0
2014-10-10,1045.0,1046.0,1006.0,1011.0,4958.0
2014-10-13,1027.0,1048.0,986.0,996.0,18937.0
2014-10-14,1011.0,1050.0,1010.0,1050.0,17501.0
2014-10-15,1031.0,1055.0,1001.0,1015.0,15854.0
2014-10-16,1026.0,1049.0,1010.0,1035.0,11639.0
2014-10-17,1040.0,1105.0,1040.0,1077.0,19695.0
2014-10-20,1080.0,1092.0,1060.0,1072.0,7157.0
2014-10-21,1078.0,1104.0,1076.0,1096.0,7164.0
2014-10-22,1115.0,1127.0,1106.0,1125.0,12202.0
2014-10-23,1090.0,1180.0,1075.0,1155.0,41502.0
2014-10-24,1147.0,1168.0,1132.0,1142.0,11694.0
2014-10-27,1150.0,1176.0,1136.0,1153.0,4996.0
2014-10-28,1157.0,1196.0,1157.0,1196.0,17959.0
2014-10-29,1211.0,1232.0,1202.0,1208.0,14239.0
2014-10-30,1212.0,1240.0,1166.0,1174.0,17743.0
2014-10-31,1171.0,1237.0,1160.0,1213.0,39161.0
2014-11-03,1232.0,1250.0,1200.0,1233.0,3698.0
2014-11-05,1205.0,1247.0,1172.0,1214.0,8978.0
2014-11-06,1228.0,1277.0,1221.0,1229.0,12389.0
2014-11-07,1242.0,1350.0,1205.0,1233.0,13308.0
2014-11-10,1243.0,1300.0,1156.0,1214.0,16825.0
2014-11-11,1232.0,1248.0,1182.0,1221.0,9302.0
2014-11-12,1226.0,1232.0,1186.0,1221.0,4480.0
2014-11-13,1222.0,1332.0,1220.0,1230.0,4985.0
2014-11-14,1231.0,1298.0,1210.0,1224.0,3532.0
2014-11-17,1225.0,1253.0,1223.0,1230.0,2447.0
2014-11-18,1224.0,1234.0,1212.0,1224.0,5123.0
2014-11-19,1221.0,1222.0,1204.0,1206.0,1726.0
2014-11-20,1206.0,1212.0,1194.0,1209.0,3247.0
2014-11-21,1206.0,1231.0,1180.0,1226.0,10804.0
2014-11-24,1207.0,1251.0,1174.0,1183.0,6219.0
2014-11-25,1176.0,1215.0,1162.0,1208.0,4154.0
2014-11-26,1196.0,1244.0,1184.0,1235.0,7898.0
2014-11-27,1232.0,1257.0,1174.0,1230.0,9577.0
2014-11-28,1240.0,1289.0,1218.0,1238.0,19198.0
2014-12-01,1242.0,1324.0,1200.0,1244.0,21771.0
2014-12-02,1222.0,1283.0,1205.0,1283.0,17393.0
2014-12-03,1260.0,1323.0,1240.0,1280.0,22431.0
2014-12-04,1274.0,1321.0,1210.0,1236.0,19206.0
2014-12-05,1221.0,1239.0,1137.0,1149.0,29997.0
2014-12-08,1179.0,1196.0,1076.0,1090.0,16367.0
2014-12-09,1090.0,1090.0,1034.0,1075.0,24783.0
2014-12-10,1082.0,1157.0,1055.0,1088.0,35769.0
2014-12-11,1079.0,1085.0,1050.0,1055.0,28533.0
2014-12-12,1055.0,1152.0,955.0,1133.0,26472.0
2014-12-15,1125.0,1195.0,1087.0,1127.0,33525.0
2014-12-16,1095.0,1198.0,1061.0,1131.0,26790.0
2014-12-17,1175.0,1180.0,1078.0,1096.0,13521.0
2014-12-18,1101.0,1149.0,1061.0,1100.0,27341.0
2014-12-19,1118.0,1132.0,1022.0,1063.0,32333.0
2014-12-22,1065.0,1065.0,973.0,1000.0,27332.0
2014-12-23,1002.0,1032.0,990.0,1013.0,11153.0
2014-12-24,991.0,1014.0,990.0,996.0,40832.0
2014-12-25,1001.0,1045.0,1001.0,1038.0,35626.0
2014-12-26,1036.0,1045.0,980.0,991.0,24041.0
2014-12-29,1010.0,1044.0,971.0,1028.0,37278.0
2014-12-30,1043.0,1060.0,1010.0,1025.0,11510.0
2015-01-05,1064.0,1080.0,1051.0,1079.0,8834.0
2015-01-06,1069.0,1116.0,1047.0,1092.0,4004.0
2015-01-08,1084.0,1117.0,1069.0,1094.0,5960.0
2015-01-09,1101.0,1116.0,1030.0,1098.0,3064.0
2015-01-12,1100.0,1129.0,1093.0,1113.0,7511.0
2015-01-13,1115.0,1155.0,1115.0,1153.0,72155.0
2015-01-14,1150.0,1185.0,1147.0,1177.0,18285.0
2015-01-15,1181.0,1200.0,1165.0,1175.0,34207.0
2015-01-16,1162.0,1170.0,1150.0,1165.0,8064.0
2015-01-19,1121.0,1182.0,1121.0,1165.0,9278.0
2015-01-20,1165.0,1167.0,1101.0,1122.0,41989.0
2015-01-21,1102.0,1125.0,1075.0,1083.0,109351.0
2015-01-22,1085.0,1115.0,1084.0,1106.0,25782.0
2015-01-23,1111.0,1161.0,1104.0,1117.0,36333.0
2015-01-26,1107.0,1125.0,1105.0,1121.0,11541.0
2015-01-27,1097.0,1116.0,1084.0,1095.0,12508.0
2015-01-28,1093.0,1105.0,1069.0,1081.0,23975.0
2015-01-29,1060.0,1079.0,1045.0,1075.0,83797.0
2015-01-30,1084.0,1100.0,1052.0,1075.0,99805.0
2015-02-02,1058.0,1088.0,980.0,998.0,56487.0
2015-02-03,1010.0,1034.0,992.0,997.0,75020.0
2015-02-04,1008.0,1051.0,1005.0,1050.0,41377.0
2015-02-05,1040.0,1096.0,1035.0,1090.0,37434.0
2015-02-06,1090.0,1125.0,1080.0,1084.0,20513.0
2015-02-09,1084.0,1150.0,1060.0,1078.0,65824.0
2015-02-10,1059.0,1101.0,1036.0,1045.0,69067.0
2015-02-11,1049.0,1078.0,1019.0,1037.0,49561.0
2015-02-12,1047.0,1130.0,1030.0,1071.0,79591.0
2015-02-13,1084.0,1120.0,1068.0,1115.0,40957.0
2015-02-16,1105.0,1105.0,1066.0,1070.0,46228.0
2015-02-17,1058.0,1094.0,1025.0,1030.0,59848.0
2015-02-18,1041.0,1160.0,1041.0,1084.0,158645.0
2015-02-19,1078.0,1098.0,1033.0,1049.0,66084.0
2015-02-20,1050.0,1085.0,1045.0,1053.0,56184.0
2015-02-24,1045.0,1049.0,1030.0,1038.0,53192.0
2015-02-25,1044.0,1075.0,1007.0,1025.0,95401.0
2015-02-26,1039.0,1039.0,1005.0,1009.0,59208.0
2015-02-27,1016.0,1028.0,1004.0,1016.0,46134.0
2015-03-02,1020.0,1030.0,991.0,1000.0,68616.0
2015-03-03,1009.0,1022.0,998.0,1000.0,99947.0
2015-03-04,1007.0,1033.0,985.0,996.0,361726.0
2015-03-05,995.0,1025.0,961.0,970.0,298547.0
2015-03-06,970.0,970.0,924.0,932.0,97952.0
2015-03-10,908.0,917.0,866.0,885.0,110332.0
2015-03-11,888.0,905.0,866.0,898.0,73763.0
2015-03-12,899.0,903.0,881.0,894.0,29687.0
2015-03-13,899.0,899.0,870.0,880.0,42238.0
2015-03-16,892.0,905.0,876.0,878.0,45875.0
2015-03-17,878.0,890.0,870.0,889.0,34933.0
2015-03-18,886.0,899.0,871.0,877.0,29001.0
2015-03-19,879.0,888.0,857.0,874.0,46088.0
2015-03-20,874.0,874.0,863.0,866.0,33000.0
2015-03-23,866.0,891.0,863.0,874.0,42843.0
2015-03-24,874.0,885.0,852.0,866.0,53437.0
2015-03-25,871.0,890.0,866.0,885.0,33463.0
2015-03-26,884.0,888.0,859.0,880.0,36086.0
2015-03-27,874.0,885.0,865.0,883.0,20581.0
2015-03-30,881.0,903.0,879.0,887.0,38545.0
2015-03-31,891.0,895.0,878.0,893.0,28269.0
2015-04-01,886.0,903.0,883.0,902.0,45071.0
2015-04-02,902.0,920.0,887.0,919.0,63305.0
2015-04-03,924.0,946.0,922.0,940.0,34654.0
2015-04-06,949.0,957.0,914.0,934.0,39591.0
2015-04-07,941.0,958.0,934.0,942.0,58384.0
2015-04-08,939.0,958.0,920.0,946.0,38475.0
2015-04-09,945.0,948.0,919.0,939.0,38162.0
2015-04-10,937.0,946.0,922.0,940.0,41505.0
2015-04-13,947.0,969.0,931.0,941.0,61194.0
2015-04-14,943.0,947.0,903.0,910.0,65429.0
2015-04-15,911.0,977.0,908.0,973.0,77722.0
2015-04-16,988.0,1049.0,983.0,1028.0,201027.0
2015-04-17,1033.0,1064.0,1010.0,1053.0,97613.0
2015-04-20,1062.0,1076.0,1039.0,1054.0,70628.0
2015-04-21,1079.0,1100.0,1061.0,1091.0,112546.0
2015-04-22,1094.0,1095.0,1066.0,1081.0,28801.0
2015-04-23,1066.0,1083.0,1056.0,1076.0,20436.0
2015-04-24,1064.0,1072.0,1050.0,1052.0,26802.0
2015-04-27,1060.0,1075.0,1050.0,1070.0,13031.0
2015-04-28,1055.0,1070.0,947.0,986.0,136373.0
2015-04-29,995.0,1013.0,968.0,997.0,35060.0
2015-04-30,998.0,1010.0,994.0,1001.0,23473.0
2015-05-05,999.0,1013.0,984.0,985.0,46740.0
2015-05-06,995.0,1009.0,979.0,1006.0,55440.0
2015-05-07,1001.0,1005.0,961.0,968.0,82000.0
2015-05-08,970.0,991.0,963.0,979.0,52763.0
2015-05-12,986.0,995.0,970.0,979.0,38788.0
2015-05-13,975.0,982.0,940.0,944.0,78011.0
2015-05-14,954.0,982.0,954.0,971.0,34923.0
2015-05-15,980.0,984.0,948.0,950.0,28844.0
2015-05-18,946.0,947.0,928.0,944.0,45551.0
2015-05-19,954.0,957.0,933.0,939.0,54705.0
2015-05-20,938.0,939.0,923.0,926.0,9755.0
2015-05-21,928.0,940.0,926.0,935.0,25100.0
2015-05-22,932.0,936.0,923.0,928.0,27601.0
2015-05-25,927.0,930.0,916.0,928.0,14561.0
2015-05-26,929.0,939.0,915.0,923.0,20678.0
2015-05-27,925.0,935.0,911.0,919.0,29120.0
2015-05-28,928.0,964.0,926.0,950.0,26138.0
2015-05-29,964.0,980.0,941.0,941.0,31993.0
2015-06-01,949.0,968.0,948.0,950.0,16336.0
2015-06-02,953.0,997.0,953.0,997.0,32356.0
2015-06-03,990.0,1004.0,976.0,980.0,43881.0
2015-06-04,980.0,999.0,970.0,993.0,28266.0
2015-06-05,995.0,998.0,960.0,976.0,44361.0
2015-06-08,974.0,995.0,970.0,977.0,20654.0
2015-06-09,970.0,974.0,948.0,965.0,25459.0
2015-06-10,960.0,970.0,940.0,950.0,32914.0
2015-06-11,954.0,954.0,936.0,950.0,35944.0
2015-06-15,954.0,964.0,942.0,946.0,23830.0
2015-06-16,941.0,944.0,921.0,927.0,26004.0
2015-06-17,933.0,940.0,920.0,930.0,13611.0
2015-06-18,931.0,931.0,902.0,906.0,40398.0
2015-06-19,909.0,919.0,895.0,910.0,16534.0
2015-06-22,914.0,927.0,870.0,881.0,89054.0
2015-06-23,883.0,894.0,866.0,871.0,44555.0
2015-06-24,870.0,878.0,861.0,871.0,25898.0
2015-06-25,871.0,881.0,861.0,866.0,25063.0
2015-06-26,866.0,884.0,846.0,855.0,52779.0
2015-06-29,853.0,863.0,835.0,842.0,32766.0
2015-06-30,840.0,864.0,822.0,848.0,58406.0
2015-07-01,847.0,865.0,845.0,853.0,24063.0
2015-07-02,845.0,856.0,840.0,853.0,23690.0
2015-07-03,853.0,859.0,843.0,857.0,13915.0
2015-07-06,853.0,867.0,843.0,860.0,36238.0
2015-07-07,858.0,880.0,801.0,820.0,128527.0
2015-07-08,840.0,852.0,821.0,845.0,67615.0
2015-07-09,855.0,862.0,838.0,855.0,39253.0
2015-07-10,854.0,867.0,838.0,845.0,29611.0
2015-07-13,844.0,857.0,839.0,857.0,27707.0
2015-07-14,860.0,880.0,858.0,880.0,46761.0
2015-07-15,879.0,890.0,856.0,875.0,23942.0
2015-07-16,868.0,880.0,867.0,873.0,21212.0
2015-07-17,873.0,904.0,873.0,900.0,39649.0
2015-07-20,901.0,904.0,885.0,891.0,29294.0
2015-07-21,887.0,894.0,873.0,889.0,25304.0
2015-07-22,883.0,884.0,865.0,865.0,22400.0
2015-07-23,870.0,879.0,859.0,879.0,21442.0
2015-07-24,874.0,890.0,856.0,867.0,28701.0
2015-07-27,866.0,871.0,845.0,860.0,21662.0
2015-07-28,864.0,890.0,864.0,883.0,40504.0
2015-07-29,883.0,914.0,880.0,903.0,25671.0
2015-07-30,905.0,929.0,884.0,898.0,99490.0
2015-07-31,886.0,887.0,850.0,882.0,96142.0
2015-08-03,872.0,886.0,845.0,866.0,45732.0
2015-08-04,866.0,885.0,860.0,869.0,23533.0
2015-08-05,868.0,885.0,864.0,878.0,21998.0
2015-08-06,880.0,880.0,844.0,850.0,75981.0
2015-08-07,854.0,869.0,854.0,860.0,28438.0
2015-08-10,862.0,870.0,853.0,858.0,23214.0
2015-08-11,858.0,869.0,846.0,851.0,52602.0
2015-08-12,853.0,858.0,825.0,830.0,101179.0
2015-08-13,836.0,851.0,831.0,839.0,95828.0
2015-08-14,837.0,846.0,821.0,831.0,64739.0
2015-08-17,828.0,847.0,825.0,835.0,64859.0
2015-08-18,831.0,831.0,812.0,819.0,42911.0
2015-08-19,822.0,832.0,790.0,799.0,125769.0
2015-08-20,800.0,809.0,773.0,780.0,76743.0
2015-08-21,778.0,787.0,762.0,770.0,60536.0
2015-08-24,741.0,762.0,711.0,738.0,163304.0
2015-08-25,739.0,769.0,732.0,764.0,111466.0
2015-08-26,754.0,767.0,737.0,742.0,103693.0
2015-08-27,747.0,780.0,746.0,776.0,121195.0
2015-08-28,786.0,806.0,783.0,800.0,99452.0
2015-08-31,801.0,814.0,791.0,805.0,78096.0
2015-09-01,797.0,807.0,770.0,782.0,93881.0
2015-09-02,772.0,797.0,772.0,780.0,58502.0
2015-09-03,783.0,801.0,783.0,795.0,55513.0
2015-09-04,789.0,797.0,782.0,790.0,68927.0
2015-09-07,787.0,795.0,784.0,786.0,39642.0
2015-09-08,788.0,799.0,785.0,786.0,39563.0
2015-09-09,785.0,801.0,782.0,787.0,89589.0
2015-09-10,787.0,795.0,767.0,773.0,104104.0
2015-09-11,775.0,780.0,755.0,760.0,81910.0
2015-09-14,762.0,836.0,741.0,809.0,347085.0
2015-09-15,813.0,829.0,792.0,815.0,138531.0
2015-09-16,814.0,872.0,807.0,862.0,156563.0
2015-09-17,859.0,869.0,850.0,860.0,45814.0
2015-09-18,869.0,873.0,832.0,841.0,68487.0
2015-09-21,841.0,847.0,821.0,826.0,22671.0
2015-09-22,820.0,821.0,774.0,775.0,106138.0
2015-09-23,778.0,800.0,749.0,752.0,153482.0
2015-09-24,750.0,752.0,705.0,714.0,151450.0
2015-09-25,717.0,738.0,706.0,714.0,140526.0
2015-09-28,712.0,720.0,686.0,694.0,91842.0
2015-09-29,688.0,715.0,683.0,703.0,129444.0
2015-09-30,710.0,732.0,704.0,713.0,110470.0
2015-10-01,718.0,722.0,698.0,704.0,58288.0
2015-10-02,706.0,734.0,701.0,730.0,81032.0
2015-10-05,737.0,783.0,737.0,775.0,130625.0
2015-10-06,781.0,794.0,752.0,769.0,103569.0
2015-10-07,770.0,785.0,738.0,745.0,111838.0
2015-10-08,749.0,749.0,731.0,736.0,62763.0
2015-10-09,742.0,769.0,736.0,763.0,76620.0
2015-10-12,763.0,767.0,732.0,743.0,63315.0
2015-10-13,744.0,821.0,744.0,814.0,239794.0
2015-10-14,809.0,823.0,787.0,818.0,151244.0
2015-10-15,828.0,862.0,821.0,821.0,214022.0
2015-10-16,827.0,844.0,813.0,813.0,76770.0
2015-10-19,816.0,857.0,815.0,845.0,83043.0
2015-10-20,842.0,854.0,830.0,834.0,52935.0
2015-10-21,834.0,836.0,801.0,822.0,62233.0
2015-10-22,820.0,840.0,813.0,836.0,48942.0
2015-10-23,822.0,823.0,798.0,813.0,121991.0
2015-10-26,816.0,854.0,808.0,838.0,91351.0
2015-10-27,862.0,965.0,851.0,940.0,622409.0
2015-10-28,961.0,1009.0,932.0,1002.0,319794.0
2015-10-29,992.0,1020.0,971.0,1009.0,123568.0
2015-10-30,1002.0,1022.0,989.0,1016.0,59115.0
2015-11-02,1020.0,1036.8,1003.1,1030.0,83151.0
2015-11-03,1034.3,1039.9,1011.0,1011.0,76597.0
2015-11-05,1003.1,1011.7,980.0,980.0,66578.0
2015-11-06,982.1,1005.0,967.0,994.9,55334.0
2015-11-09,1001.8,1028.4,994.2,1012.0,44127.0
2015-11-10,1021.2,1036.5,1011.7,1027.0,61240.0
2015-11-11,1020.1,1048.9,1015.2,1040.0,51775.0
2015-11-12,1040.5,1049.9,1005.0,1020.6,55771.0
2015-11-13,1017.9,1020.0,990.0,1001.0,42234.0
2015-11-16,997.6,1022.0,997.6,1015.1,31774.0
2015-11-17,1014.9,1080.5,1012.2,1059.0,103384.0
2015-11-18,1063.2,1098.8,1050.2,1094.0,115818.0
2015-11-19,1098.9,1106.8,1071.8,1086.0,150546.0
2015-11-20,1090.3,1120.9,1089.1,1111.0,44906.0
2015-11-23,1112.0,1150.0,1112.0,1129.9,56335.0
2015-11-24,1125.2,1131.4,1060.0,1092.0,87860.0
2015-11-25,1095.7,1149.9,1095.5,1127.0,48843.0
2015-11-26,1119.9,1148.8,1115.0,1117.7,23563.0
2015-11-27,1116.2,1121.6,1066.2,1074.5,51467.0
2015-11-30,1074.4,1099.0,1074.4,1094.0,33272.0
2015-12-01,1097.2,1108.2,1076.0,1086.0,22606.0
2015-12-02,1079.4,1104.0,1051.8,1104.0,68236.0
2015-12-03,1105.0,1114.0,1094.8,1099.0,24364.0
2015-12-04,1092.6,1104.9,1071.6,1087.1,36766.0
2015-12-07,1091.5,1091.6,1038.2,1060.0,36564.0
2015-12-08,1055.1,1058.0,1003.1,1038.9,58815.0
2015-12-09,1038.2,1060.0,1034.4,1050.0,21844.0
2015-12-10,1047.0,1051.7,1030.0,1030.3,31961.0
2015-12-11,1033.9,1055.0,1020.1,1037.0,37768.0
2015-12-14,1029.1,1030.0,981.1,984.4,57670.0
2015-12-15,995.1,1059.6,994.5,1055.0,81371.0
2015-12-16,1060.0,1085.0,1056.0,1067.0,28202.0
2015-12-17,1069.9,1111.1,1064.9,1084.9,42062.0
2015-12-18,1084.6,1089.9,1061.2,1075.1,29548.0
2015-12-21,1085.0,1103.8,1070.2,1095.1,28543.0
2015-12-22,1104.0,1119.0,1090.1,1090.1,28452.0
2015-12-23,1095.6,1129.4,1091.7,1125.1,44509.0
2015-12-24,1112.4,1136.0,1100.6,1129.1,29432.0
2015-12-25,1110.2,1121.3,1102.1,1110.0,19317.0
2015-12-28,1109.2,1133.6,1107.8,1119.5,25923.0
2015-12-29,1129.7,1152.1,1121.1,1138.0,26402.0
2015-12-30,1136.1,1159.8,1136.1,1147.0,25502.0
2016-01-04,1148.9,1157.9,1060.0,1064.1,55784.0
2016-01-05,1080.1,1134.8,1075.2,1133.9,41995.0
2016-01-06,1131.9,1133.5,1095.0,1112.0,38189.0
2016-01-11,1027.5,1075.0,987.0,987.0,141169.0
2016-01-12,982.5,1004.2,972.2,999.0,109601.0
2016-01-13,1004.1,1023.8,1004.1,1006.0,50263.0
2016-01-14,998.0,1009.9,970.2,1009.0,72349.0
2016-01-15,1010.0,1014.0,930.0,954.0,85966.0
2016-01-18,949.0,978.1,900.1,963.0,46699.0
2016-01-19,969.9,990.8,951.7,954.0,85781.0
2016-01-20,943.1,946.9,903.2,912.5,98080.0
2016-01-21,926.9,1023.0,920.1,1020.0,146107.0
2016-01-22,1023.0,1039.0,995.5,1020.0,96113.0
2016-01-25,1020.0,1030.0,988.0,1002.1,64008.0
2016-01-26,1003.0,1023.8,990.0,1012.0,58906.0
2016-01-27,1019.5,1054.8,1018.2,1049.9,88938.0
2016-01-28,1049.0,1051.0,1011.0,1017.4,84808.0
2016-01-29,1019.0,1029.8,1005.2,1007.0,57217.0
2016-02-01,1015.0,1026.0,1000.0,1013.0,39630.0
2016-02-02,1022.5,1041.0,1006.0,1012.0,50384.0
2016-02-03,1012.5,1028.0,1000.5,1012.5,39685.0
2016-02-04,1020.5,1061.0,1016.5,1054.0,122360.0
2016-02-05,1046.0,1046.0,1023.0,1023.0,46287.0
2016-02-08,1021.0,1022.0,968.0,986.0,95054.0
2016-02-09,991.5,1017.0,970.0,992.0,81971.0
2016-02-10,980.5,1010.0,975.0,998.0,63650.0
2016-02-11,999.0,1013.0,985.0,1007.0,59547.0
2016-02-12,1006.0,1022.5,989.0,989.0,50041.0
2016-02-15,1006.0,1018.5,1000.0,1008.0,37493.0
2016-02-16,1011.5,1075.5,997.0,1072.0,174733.0
2016-02-17,1064.0,1081.0,1036.0,1044.0,127367.0
2016-02-18,1035.0,1060.0,1004.0,1014.0,114810.0
2016-02-19,1005.0,1012.5,976.5,989.0,154533.0
2016-02-20,985.5,996.0,980.0,987.5,14819.0
2016-02-22,996.0,1008.5,986.0,1002.5,47757.0
2016-02-24,990.5,1001.5,972.0,974.5,76231.0
2016-02-25,992.5,995.0,976.5,982.0,70155.0
2016-02-26,977.5,1012.0,975.5,983.5,144720.0
2016-02-29,979.5,994.5,976.0,978.0,67813.0
2016-03-01,975.5,991.5,971.0,989.5,62097.0
2016-03-02,993.0,1009.0,980.5,1003.0,71302.0
2016-03-03,1019.5,1045.5,1010.0,1018.0,123660.0
2016-03-04,1005.5,1021.0,987.5,999.0,114317.0
2016-03-07,1026.5,1029.5,1007.5,1020.0,76725.0
2016-03-09,1004.5,1009.0,991.0,994.0,108964.0
2016-03-10,990.5,998.0,976.0,978.5,95508.0
2016-03-11,985.0,993.0,973.0,979.0,84474.0
2016-03-14,992.0,1035.5,985.5,1023.0,220367.0
2016-03-15,1033.0,1039.5,995.5,1004.0,109028.0
2016-03-16,1000.5,1039.5,997.5,1021.0,132607.0
2016-03-17,1040.0,1044.0,1022.0,1032.0,66233.0
2016-03-18,1040.0,1049.0,1021.5,1034.5,61476.0
2016-03-21,1033.5,1037.5,1020.0,1022.0,44912.0
2016-03-22,1026.0,1027.0,1005.0,1023.5,50907.0
2016-03-23,1025.5,1035.0,1018.5,1020.5,41697.0
2016-03-24,1028.0,1032.0,1018.0,1028.0,28409.0
2016-03-25,1029.5,1037.0,1026.5,1032.5,6445.0
2016-03-28,1035.0,1040.5,1001.0,1013.0,38499.0
2016-03-29,1022.0,1036.0,1006.0,1036.0,49095.0
2016-03-30,1039.0,1061.0,1036.0,1041.5,69512.0
2016-03-31,1043.0,1050.0,1015.0,1022.0,57980.0
2016-04-01,1025.0,1035.0,1014.0,1028.0,41564.0
2016-04-04,1039.0,1042.5,1030.0,1033.0,32092.0
2016-04-05,1033.0,1046.0,1023.0,1039.0,33833.0
2016-04-06,1035.5,1047.0,1026.5,1041.0,31361.0
2016-04-07,1042.0,1063.5,1035.5,1060.0,69136.0
2016-04-08,1048.0,1049.5,1018.0,1018.0,122002.0
2016-04-11,1014.0,1054.5,1011.5,1045.0,111668.0
2016-04-12,1042.5,1093.0,1041.5,1088.5,111892.0
2016-04-13,1093.0,1133.0,1089.5,1127.0,94435.0
2016-04-14,1112.0,1124.0,1090.0,1109.5,71957.0
2016-04-15,1104.5,1114.5,1101.5,1109.0,33596.0
2016-04-18,1091.0,1139.0,1084.0,1130.0,47972.0
2016-04-19,1131.5,1150.0,1130.0,1148.0,54307.0
2016-04-20,1147.0,1188.0,1142.5,1186.0,61999.0
2016-04-21,1182.5,1209.5,1171.0,1200.0,85130.0
2016-04-22,1204.0,1218.0,1190.0,1196.0,81865.0
2016-04-25,1197.5,1218.5,1175.5,1176.5,79699.0
2016-04-26,1187.0,1190.0,1171.0,1173.0,33921.0
2016-04-27,1182.0,1197.0,1164.5,1194.0,59542.0
2016-04-28,1191.5,1310.0,1190.5,1300.0,327259.0
2016-04-29,1300.0,1313.0,1271.0,1301.0,82426.0
2016-05-04,1310.0,1400.0,1295.5,1337.5,39333.0
2016-05-05,1334.5,1334.5,1292.0,1316.5,60698.0
2016-05-06,1315.5,1316.0,1270.0,1291.0,69623.0
2016-05-10,1283.5,1299.5,1260.0,1291.5,55376.0
2016-05-11,1298.0,1310.0,1284.5,1286.0,29919.0
2016-05-12,1286.5,1298.5,1266.0,1277.0,36641.0
2016-05-13,1264.0,1289.0,1250.5,1276.5,35654.0
2016-05-16,1264.0,1302.0,1262.0,1297.0,35942.0
2016-05-17,1299.5,1299.5,1266.0,1278.5,45377.0
2016-05-18,1276.5,1287.5,1265.0,1267.5,24537.0
2016-05-19,1265.0,1272.5,1245.0,1261.0,34258.0
2016-05-20,1261.0,1282.5,1256.0,1278.0,48596.0
2016-05-23,1276.0,1298.5,1266.0,1288.0,39669.0
2016-05-24,1285.0,1291.0,1278.5,1289.5,28406.0
2016-05-25,1287.5,1309.0,1280.5,1305.0,62664.0
2016-05-26,1298.5,1329.0,1292.5,1303.5,51472.0
2016-05-27,1310.0,1329.5,1305.5,1311.0,32577.0
2016-05-30,1321.0,1326.5,1314.5,1317.5,7512.0
2016-05-31,1318.0,1370.0,1304.0,1357.0,66821.0
2016-06-01,1370.0,1390.5,1342.5,1369.5,45287.0
2016-06-02,1369.5,1389.5,1353.5,1371.0,27014.0
2016-06-03,1378.5,1387.0,1358.0,1370.0,38559.0
2016-06-06,1390.0,1427.0,1383.0,1399.0,62212.0
2016-06-07,1410.5,1427.0,1396.0,1413.0,36704.0
2016-06-08,1422.0,1456.0,1410.0,1450.0,26614.0
2016-06-09,1452.5,1476.0,1445.0,1464.0,31928.0
2016-06-10,1469.0,1499.5,1430.0,1430.0,37549.0
2016-06-14,1427.5,1431.0,1371.0,1375.5,62608.0
2016-06-15,1385.0,1419.5,1372.5,1408.5,55396.0
2016-06-16,1401.0,1401.0,1353.5,1380.0,49836.0
2016-06-17,1366.0,1414.0,1363.0,1406.0,44249.0
2016-06-20,1424.5,1450.0,1408.5,1418.5,52708.0
2016-06-21,1416.0,1429.0,1371.0,1377.0,30649.0
2016-06-22,1384.5,1414.5,1371.5,1407.0,28283.0
2016-06-23,1406.0,1448.0,1405.5,1428.0,23256.0
2016-06-24,1403.0,1429.5,1360.5,1379.5,51708.0
2016-06-27,1391.0,1409.5,1280.0,1291.0,82886.0
2016-06-28,1305.0,1353.0,1302.0,1336.0,32494.0
2016-06-29,1359.5,1374.5,1335.0,1372.5,19361.0
2016-06-30,1375.0,1406.0,1360.5,1399.0,24258.0
2016-07-01,1393.0,1415.5,1375.0,1403.0,25838.0
2016-07-04,1401.0,1401.0,1379.5,1390.0,12952.0
2016-07-05,1380.5,1402.0,1364.0,1383.0,20290.0
2016-07-06,1394.5,1399.5,1348.0,1373.5,23896.0
2016-07-07,1378.5,1409.0,1375.0,1390.0,41944.0
2016-07-08,1391.0,1424.0,1383.0,1413.0,15692.0
2016-07-11,1425.0,1434.0,1403.5,1407.0,17543.0
2016-07-12,1410.0,1479.0,1406.5,1473.0,31278.0
2016-07-13,1473.0,1473.0,1400.5,1403.0,33006.0
2016-07-14,1413.5,1429.5,1391.0,1391.0,43031.0
2016-07-15,1390.0,1414.0,1371.0,1373.5,48486.0
2016-07-18,1375.0,1375.0,1347.5,1354.0,50312.0
2016-07-19,1358.0,1364.5,1341.5,1345.5,28147.0
2016-07-20,1343.0,1360.0,1335.0,1360.0,18096.0
2016-07-21,1354.0,1388.5,1354.0,1376.0,18809.0
2016-07-22,1370.5,1395.0,1360.0,1387.5,16493.0
2016-07-25,1398.0,1413.0,1368.0,1377.5,20457.0
2016-07-26,1373.0,1417.0,1365.0,1404.0,40460.0
2016-07-27,1392.5,1419.5,1390.5,1419.0,33913.0
2016-07-28,1436.5,1543.0,1424.0,1485.5,157214.0
2016-07-29,1487.0,1512.5,1430.5,1442.0,45620.0
2016-08-01,1442.0,1464.0,1426.5,1438.5,26702.0
2016-08-02,1434.0,1444.5,1400.0,1416.0,37551.0
2016-08-03,1415.0,1435.0,1400.5,1409.0,22141.0
2016-08-04,1403.0,1419.5,1395.0,1417.0,30503.0
2016-08-05,1412.0,1429.0,1401.0,1429.0,19140.0
2016-08-08,1428.0,1434.0,1410.5,1420.0,10165.0
2016-08-09,1415.0,1449.0,1410.5,1447.0,15415.0
2016-08-10,1447.0,1460.0,1440.5,1447.0,16960.0
2016-08-11,1455.0,1492.0,1438.5,1485.0,27182.0
2016-08-12,1494.0,1510.5,1485.5,1506.0,21162.0
2016-08-15,1506.5,1529.0,1495.0,1498.0,28247.0
2016-08-16,1498.0,1514.5,1476.5,1491.0,18162.0
2016-08-17,1493.5,1497.0,1445.0,1459.0,39996.0
2016-08-18,1462.0,1476.0,1443.0,1451.0,48051.0
2016-08-19,1454.0,1458.5,1439.0,1445.5,18216.0
2016-08-22,1433.5,1459.0,1415.5,1441.0,29108.0
2016-08-23,1433.5,1454.5,1430.0,1449.0,25140.0
2016-08-24,1459.0,1463.5,1440.5,1453.0,18354.0
2016-08-25,1465.0,1476.0,1444.5,1444.5,23227.0
2016-08-26,1441.5,1470.0,1430.0,1447.0,31592.0
2016-08-29,1440.5,1457.0,1430.5,1442.0,28693.0
2016-08-30,1442.5,1454.0,1430.5,1437.5,19520.0
2016-08-31,1440.0,1447.5,1421.0,1428.0,20219.0
2016-09-01,1430.5,1469.0,1430.0,1464.0,32846.0
2016-09-02,1464.5,1475.0,1447.5,1463.0,19268.0
2016-09-05,1463.0,1465.0,1455.0,1455.5,5391.0
2016-09-06,1458.5,1482.5,1439.0,1441.0,38416.0
2016-09-07,1438.5,1441.5,1410.5,1418.0,42108.0
2016-09-08,1420.0,1443.5,1408.5,1409.0,54985.0
2016-09-09,1409.0,1410.0,1345.5,1370.0,95696.0
2016-09-12,1359.5,1365.5,1317.0,1350.0,172413.0
2016-09-13,1359.5,1360.0,1302.0,1326.0,89319.0
2016-09-14,1326.5,1339.5,1316.0,1321.5,36058.0
2016-09-15,1324.0,1342.0,1309.0,1319.5,67920.0
2016-09-16,1327.5,1344.5,1316.0,1335.0,28864.0
2016-09-19,1348.0,1359.0,1338.0,1341.0,27941.0
2016-09-20,1344.0,1354.5,1333.0,1341.0,24799.0
2016-09-21,1359.0,1359.5,1338.0,1348.5,16237.0
2016-09-22,1362.0,1403.5,1352.0,1401.0,52219.0
2016-09-23,1406.0,1408.0,1377.5,1398.5,28966.0
2016-09-26,1381.5,1385.0,1356.5,1370.0,24175.0
2016-09-27,1383.0,1383.0,1347.0,1353.0,19365.0
2016-09-28,1363.0,1369.0,1350.0,1355.0,20131.0
2016-09-29,1365.0,1369.5,1341.0,1353.0,38008.0
2016-09-30,1345.5,1353.5,1327.0,1341.0,24020.0
2016-10-03,1325.0,1359.0,1320.0,1356.0,24540.0
2016-10-04,1362.0,1362.0,1334.0,1346.0,19350.0
2016-10-05,1333.0,1375.0,1330.0,1371.0,35997.0
2016-10-06,1378.0,1383.0,1359.0,1376.5,22804.0
2016-10-07,1380.0,1391.0,1363.0,1367.0,14436.0
2016-10-10,1361.5,1381.5,1350.0,1352.5,11316.0
2016-10-11,1345.5,1361.0,1340.5,1350.5,24177.0
2016-10-12,1353.5,1354.5,1282.0,1290.0,62073.0
2016-10-13,1277.0,1288.0,1218.0,1231.0,152236.0
2016-10-14,1209.5,1243.0,1194.5,1212.0,76714.0
2016-10-17,1202.0,1207.0,1181.0,1186.0,45822.0
2016-10-18,1194.0,1237.5,1194.0,1228.5,40374.0
2016-10-19,1237.0,1255.5,1232.5,1238.5,44581.0
2016-10-20,1244.0,1245.5,1223.0,1234.0,25030.0
2016-10-21,1222.5,1235.0,1212.5,1213.5,14982.0
2016-10-24,1235.0,1267.5,1211.5,1221.0,68786.0
2016-10-25,1221.5,1262.0,1213.5,1222.5,58180.0
2016-10-26,1235.0,1239.5,1187.5,1194.5,53191.0
2016-10-27,1209.5,1295.0,1199.0,1261.0,182553.0
2016-10-28,1270.0,1287.5,1254.5,1270.0,70960.0
2016-10-31,1278.0,1278.5,1238.0,1256.0,48642.0
2016-11-01,1259.5,1264.0,1231.5,1243.5,42155.0
2016-11-02,1243.0,1245.0,1209.0,1212.0,51835.0
2016-11-03,1210.0,1224.0,1180.0,1190.0,77147.0
2016-11-07,1203.0,1219.5,1192.0,1196.0,29770.0
2016-11-08,1208.5,1221.0,1172.0,1197.0,41923.0
2016-11-09,1175.5,1234.0,1155.5,1234.0,59380.0
2016-11-10,1244.0,1307.0,1240.0,1240.5,156761.0
2016-11-11,1252.5,1269.5,1201.0,1225.0,73263.0
2016-11-14,1230.0,1238.5,1192.0,1195.0,36586.0
2016-11-15,1195.0,1199.5,1168.5,1170.0,65715.0
2016-11-16,1172.0,1192.0,1160.5,1164.0,73059.0
2016-11-17,1151.5,1163.0,1143.0,1150.0,100546.0
2016-11-18,1159.0,1203.5,1155.0,1203.5,107262.0
2016-11-21,1196.0,1220.0,1190.5,1201.0,26788.0
2016-11-22,1199.5,1200.0,1160.0,1177.0,64130.0
2016-11-23,1205.0,1240.0,1197.0,1228.0,101679.0
2016-11-24,1230.0,1240.0,1223.0,1228.5,23217.0
2016-11-25,1233.0,1248.5,1221.0,1221.5,49147.0
2016-11-28,1225.0,1233.5,1204.0,1213.0,72941.0
2016-11-29,1204.5,1215.0,1195.0,1215.0,48646.0
2016-11-30,1216.0,1219.5,1190.0,1201.5,70116.0
2016-12-01,1212.0,1239.5,1204.0,1217.0,109295.0
2016-12-02,1195.0,1213.0,1181.5,1197.5,72609.0
2016-12-05,1184.5,1202.0,1182.5,1199.0,124291.0
2016-12-06,1215.0,1241.0,1209.0,1231.0,156842.0
2016-12-07,1234.5,1250.0,1216.5,1243.0,41363.0
2016-12-08,1243.5,1261.5,1241.5,1252.0,60760.0
2016-12-09,1262.0,1277.5,1241.0,1248.0,30463.0
2016-12-12,1245.5,1260.0,1220.0,1239.0,124603.0
2016-12-13,1242.5,1285.0,1235.5,1277.0,69717.0
2016-12-14,1279.0,1290.0,1242.0,1282.5,113975.0
2016-12-15,1285.5,1310.0,1266.5,1292.0,129747.0
2016-12-16,1274.5,1311.0,1252.0,1263.0,169605.0
2016-12-19,1269.0,1273.5,1245.0,1255.0,68139.0
2016-12-20,1259.5,1267.0,1235.5,1267.0,68428.0
2016-12-21,1272.0,1285.0,1244.0,1245.0,44274.0
2016-12-22,1246.0,1259.5,1236.5,1246.0,80931.0
2016-12-23,1256.0,1262.0,1236.5,1252.0,37688.0
2016-12-26,1252.0,1257.5,1244.5,1245.0,20730.0
2016-12-27,1251.0,1258.5,1235.5,1237.0,36756.0
2016-12-28,1241.5,1250.0,1228.0,1228.0,33166.0
2016-12-29,1239.0,1243.0,1216.5,1241.0,27620.0
2016-12-30,1240.0,1252.5,1239.5,1247.5,21350.0
2017-01-03,1254.0,1269.5,1235.0,1241.0,76613.0
2017-01-04,1247.5,1257.0,1233.5,1239.0,38727.0
2017-01-05,1246.5,1254.5,1212.0,1252.0,77016.0
2017-01-06,1290.0,1295.0,1260.0,1291.0,83164.0
2017-01-09,1295.0,1322.0,1288.5,1317.0,66907.0
2017-01-10,1321.5,1332.0,1305.5,1319.5,43833.0
2017-01-11,1304.0,1309.0,1290.5,1299.0,43663.0
2017-01-12,1290.0,1298.0,1266.0,1271.5,57377.0
2017-01-13,1272.0,1288.0,1259.0,1286.5,32527.0
2017-01-16,1284.5,1310.0,1277.5,1305.0,17621.0
2017-01-17,1293.0,1307.0,1280.5,1303.0,27698.0
2017-01-18,1302.5,1312.0,1292.5,1299.0,24139.0
2017-01-19,1304.5,1312.0,1293.5,1307.0,19013.0
2017-01-20,1315.5,1320.0,1299.0,1315.0,26316.0
2017-01-23,1310.0,1315.5,1288.0,1295.0,21449.0
2017-01-24,1306.5,1350.0,1303.5,1349.0,71002.0
2017-01-25,1354.0,1393.5,1350.5,1381.0,79942.0
2017-01-26,1395.0,1424.5,1386.0,1411.0,74937.0
2017-01-27,1411.5,1425.0,1391.0,1418.5,43891.0
2017-01-30,1408.5,1417.0,1362.5,1370.0,52000.0
2017-01-31,1375.0,1395.0,1375.0,1379.0,14882.0
2017-02-01,1380.5,1407.5,1373.0,1384.0,22785.0
2017-02-02,1391.0,1407.5,1365.5,1370.0,33089.0
2017-02-03,1379.0,1399.0,1376.0,1387.0,19431.0
2017-02-06,1387.0,1387.0,1346.5,1357.5,21118.0
2017-02-07,1359.5,1388.0,1359.5,1382.0,19332.0
2017-02-08,1367.5,1380.5,1345.0,1350.0,35970.0
2017-02-09,1365.0,1365.0,1326.5,1356.5,41973.0
2017-02-10,1369.0,1369.0,1332.0,1345.0,16668.0
2017-02-13,1357.0,1359.5,1335.0,1335.0,29261.0
2017-02-14,1334.0,1344.0,1304.0,1312.0,36207.0
2017-02-15,1313.0,1336.0,1263.0,1316.0,42386.0
2017-02-16,1334.0,1412.0,1312.0,1401.0,112620.0
2017-02-17,1400.0,1436.5,1385.5,1425.0,218189.0
2017-02-20,1431.0,1437.5,1420.0,1425.0,21960.0
2017-02-21,1423.0,1429.5,1392.0,1395.0,25664.0
2017-02-22,1397.0,1404.5,1380.0,1399.0,49796.0
2017-02-24,1379.5,1381.0,1356.0,1368.5,17194.0
2017-02-27,1371.0,1379.5,1334.5,1354.0,21493.0
2017-02-28,1343.5,1354.0,1309.0,1330.0,27553.0
2017-03-01,1320.0,1354.0,1303.5,1334.0,61898.0
2017-03-02,1359.0,1369.5,1335.5,1358.5,54692.0
2017-03-03,1358.5,1373.0,1351.5,1370.0,16786.0
2017-03-06,1370.0,1374.5,1341.0,1359.0,27374.0
2017-03-07,1365.5,1371.5,1349.0,1364.0,13429.0
2017-03-09,1371.0,1389.0,1352.0,1359.5,48396.0
2017-03-10,1353.5,1365.0,1335.5,1360.0,26487.0
2017-03-13,1355.0,1377.5,1350.5,1366.5,14319.0
2017-03-14,1378.5,1379.5,1354.0,1357.0,33875.0
2017-03-15,1369.0,1374.5,1329.0,1341.0,29476.0
2017-03-16,1351.5,1390.0,1327.0,1375.0,64823.0
2017-03-17,1377.5,1396.5,1351.5,1354.0,31069.0
2017-03-20,1359.0,1360.0,1340.0,1347.0,13918.0
2017-03-21,1342.0,1359.5,1309.0,1311.0,41760.0
2017-03-22,1292.0,1297.0,1279.0,1291.0,73998.0
2017-03-23,1292.0,1309.5,1278.5,1288.0,17787.0
2017-03-24,1290.0,1294.0,1271.0,1280.0,13202.0
2017-03-27,1284.5,1285.0,1238.0,1261.0,32998.0
2017-03-28,1262.0,1280.0,1260.0,1275.0,14867.0
2017-03-29,1278.0,1295.0,1255.5,1262.0,27076.0
2017-03-30,1262.5,1277.5,1242.0,1247.5,26400.0
2017-03-31,1244.5,1250.0,1231.0,1245.5,14507.0
2017-04-03,1232.0,1259.5,1225.5,1242.0,32441.0
2017-04-04,1242.0,1258.0,1234.0,1239.0,13502.0
2017-04-05,1237.5,1298.0,1236.5,1298.0,67084.0
2017-04-06,1296.5,1304.5,1279.0,1289.0,25707.0
2017-04-07,1281.5,1290.0,1240.5,1260.0,50228.0
2017-04-10,1260.0,1260.0,1225.0,1249.5,28178.0
2017-04-11,1230.0,1257.0,1230.0,1251.0,30547.0
2017-04-12,1257.0,1293.0,1253.5,1284.0,38589.0
2017-04-13,1298.0,1298.0,1265.0,1289.0,27449.0
2017-04-14,1270.5,1291.5,1266.0,1268.5,4672.0
2017-04-17,1266.5,1368.0,1256.0,1367.5,59222.0
2017-04-18,1359.5,1366.5,1331.0,1336.5,22208.0
2017-04-19,1337.5,1355.0,1326.0,1329.5,16519.0
2017-04-20,1323.0,1340.0,1310.0,1328.0,17367.0
2017-04-21,1328.0,1335.0,1307.0,1310.0,24706.0
2017-04-24,1328.0,1335.0,1307.0,1317.0,55276.0
2017-04-25,1315.0,1338.5,1305.5,1338.0,28152.0
2017-04-26,1343.5,1423.0,1337.5,1404.0,119824.0
2017-04-27,1410.0,1537.0,1405.5,1520.0,290446.0
2017-04-28,1535.0,1569.0,1502.0,1534.5,67712.0
2017-05-02,1560.0,1590.0,1545.0,1549.0,43787.0
2017-05-03,1538.5,1558.5,1500.5,1528.0,85779.0
2017-05-04,1548.5,1589.0,1538.0,1581.0,84099.0
2017-05-05,1553.0,1589.0,1551.5,1570.0,22265.0
2017-05-10,1577.0,1601.0,1576.5,1590.0,33096.0
2017-05-11,1589.5,1667.5,1554.0,1562.5,86560.0
2017-05-12,1575.0,1595.0,1551.0,1592.0,81394.0
2017-05-15,1605.0,1640.5,1595.5,1619.0,75029.0
2017-05-16,1619.0,1648.0,1565.5,1611.0,83374.0
2017-05-17,1625.0,1633.0,1601.5,1608.0,38209.0
2017-05-18,1589.5,1599.5,1550.0,1565.0,83934.0
2017-05-19,1581.5,1634.0,1565.0,1614.5,67408.0
2017-05-22,1618.0,1624.0,1595.5,1608.0,32791.0
2017-05-23,1611.0,1630.0,1593.0,1611.5,45953.0
2017-05-24,1618.5,1619.5,1595.5,1611.0,10624.0
2017-05-25,1618.5,1620.5,1575.5,1584.0,20110.0
2017-05-26,1588.0,1589.0,1565.5,1568.0,13512.0
2017-05-29,1568.0,1583.5,1565.0,1573.5,9792.0
2017-05-30,1565.0,1576.5,1547.0,1552.0,24153.0
2017-05-31,1560.0,1564.5,1497.5,1505.0,59350.0
2017-06-01,1504.5,1527.5,1482.0,1520.5,18929.0
2017-06-02,1507.5,1531.0,1474.5,1478.0,62833.0
2017-06-05,1493.0,1535.0,1482.5,1525.0,59948.0
2017-06-06,1538.5,1555.0,1522.5,1524.5,20730.0
2017-06-07,1539.5,1540.0,1516.0,1526.0,18247.0
2017-06-08,1526.0,1535.5,1513.0,1521.5,21783.0
2017-06-09,1523.5,1548.0,1520.5,1541.5,15331.0
2017-06-13,1476.0,1506.0,1467.0,1480.0,51486.0
2017-06-14,1490.5,1510.5,1474.0,1482.5,37914.0
2017-06-15,1461.5,1502.0,1430.0,1495.5,217036.0
2017-06-16,1503.0,1508.5,1460.5,1464.5,23282.0
2017-06-19,1468.0,1549.5,1466.5,1541.0,44233.0
2017-06-20,1549.0,1580.0,1544.5,1554.0,20845.0
2017-06-21,1554.0,1605.0,1548.5,1585.0,21339.0
2017-06-22,1595.0,1640.5,1595.0,1618.0,63536.0
2017-06-23,1611.5,1629.5,1575.0,1616.5,31002.0
2017-06-26,1629.5,1643.0,1595.5,1608.0,21154.0
2017-06-27,1614.0,1614.5,1580.5,1582.5,28432.0
2017-06-28,1582.5,1633.0,1552.0,1612.0,41610.0
2017-06-29,1631.0,1639.5,1585.0,1588.0,21624.0
2017-06-30,1588.0,1604.5,1532.5,1536.0,46980.0
2017-07-03,1553.0,1570.0,1538.5,1560.0,21669.0
2017-07-04,1547.0,1579.0,1543.5,1566.5,10408.0
2017-07-05,1570.5,1578.5,1545.0,1558.5,15095.0
2017-07-06,1569.5,1581.5,1550.5,1564.0,29909.0
2017-07-07,1574.5,1592.0,1555.0,1578.5,19820.0
2017-07-10,1581.5,1604.0,1568.0,1594.0,25898.0
2017-07-11,1604.0,1616.0,1579.0,1612.0,25724.0
2017-07-12,1613.0,1681.5,1601.0,1632.0,31789.0
2017-07-13,1650.0,2039.5,1649.5,1898.5,637802.0
2017-07-14,1907.0,1907.0,1842.0,1867.0,91788.0
2017-07-17,1879.0,1889.5,1846.0,1866.0,60597.0
2017-07-18,1865.5,1910.0,1851.0,1867.0,64920.0
2017-07-19,1868.0,1902.0,1835.0,1849.0,69315.0
2017-07-20,1841.0,1859.5,1815.0,1845.0,30626.0
2017-07-21,1845.0,1869.5,1835.0,1856.0,28179.0
2017-07-24,1862.0,1928.5,1857.0,1916.0,46390.0
2017-07-25,1925.0,1927.0,1881.0,1906.0,35605.0
2017-07-26,1903.0,1916.0,1891.5,1899.5,21219.0
2017-07-27,1908.0,1923.5,1879.5,1888.5,29370.0
2017-07-28,1838.0,1850.0,1735.0,1754.5,175921.0
2017-07-31,1763.5,1787.0,1743.0,1743.0,27697.0
2017-08-01,1758.0,1785.0,1739.5,1746.5,36253.0
2017-08-02,1756.0,1767.0,1708.0,1719.0,38174.0
2017-08-03,1710.0,1757.0,1710.0,1744.0,40929.0
2017-08-04,1751.0,1779.5,1732.5,1770.5,42073.0
2017-08-07,1774.5,1811.5,1771.0,1795.5,52609.0
2017-08-08,1801.0,1818.0,1765.5,1792.5,40316.0
2017-08-09,1782.0,1915.0,1760.0,1835.5,218740.0
2017-08-10,1859.5,1872.5,1780.5,1786.0,73096.0
2017-08-11,1774.0,1785.5,1731.5,1731.5,55444.0
2017-08-14,1743.5,1783.5,1743.5,1765.5,36526.0
2017-08-15,1790.5,1808.0,1770.5,1798.0,21030.0
2017-08-16,1805.5,1840.0,1801.0,1818.0,28292.0
2017-08-17,1821.5,1864.5,1820.0,1832.0,28157.0
2017-08-18,1820.0,1820.0,1761.0,1785.0,59783.0
2017-08-21,1775.5,1787.5,1751.0,1769.0,39546.0
2017-08-22,1772.0,1777.5,1745.5,1756.0,31420.0
2017-08-23,1766.0,1783.0,1752.0,1765.0,28661.0
2017-08-24,1771.0,1791.5,1758.0,1768.0,39902.0
2017-08-25,1785.0,1800.0,1745.0,1757.0,86550.0
2017-08-28,1757.0,1769.5,1722.5,1725.5,89485.0
2017-08-29,1732.0,1746.5,1710.5,1743.0,32288.0
2017-08-30,1746.5,1754.0,1720.5,1728.5,51305.0
2017-08-31,1738.0,1775.5,1734.5,1752.0,51101.0
2017-09-01,1751.0,1867.5,1740.0,1820.0,113712.0
2017-09-04,1817.5,1837.5,1817.0,1833.0,20554.0
2017-09-05,1831.5,1886.0,1821.0,1863.0,88227.0
2017-09-06,1861.5,1885.0,1821.0,1843.0,50820.0
2017-09-07,1849.0,1854.0,1798.0,1820.0,34801.0
2017-09-08,1858.0,1897.0,1851.5,1865.5,56820.0
2017-09-11,1851.5,1881.5,1835.5,1867.0,78761.0
2017-09-12,1875.0,1938.0,1875.0,1903.5,63299.0
2017-09-13,1903.0,1925.0,1874.0,1876.0,91458.0
2017-09-14,1879.5,1882.0,1841.0,1858.0,78679.0
2017-09-15,1868.5,1913.5,1850.5,1895.0,62929.0
2017-09-18,1902.5,1908.0,1863.0,1893.5,34221.0
2017-09-19,1883.0,1894.0,1840.0,1872.5,56611.0
2017-09-20,1880.0,1891.0,1863.5,1872.0,28321.0
2017-09-21,1884.0,1894.5,1860.0,1872.0,68000.0
2017-09-22,1872.0,1930.0,1867.0,1922.0,71184.0
2017-09-25,1905.0,1936.0,1846.0,1853.0,169315.0
2017-09-26,1853.5,1885.0,1831.5,1848.0,78559.0
2017-09-27,1858.5,1880.0,1841.0,1867.0,45351.0
2017-09-28,1876.5,1901.5,1846.5,1856.5,69221.0
2017-09-29,1866.0,1877.0,1850.0,1873.0,32277.0
2017-10-02,1882.5,1940.0,1881.5,1906.5,79804.0
2017-10-03,1902.0,1974.5,1901.0,1961.0,80243.0
2017-10-04,1951.0,1992.5,1933.0,1942.5,44684.0
2017-10-05,1934.5,1972.0,1911.0,1925.0,54925.0
2017-10-06,1939.5,1960.0,1890.5,1893.0,61013.0
2017-10-09,1907.5,1924.0,1890.0,1920.0,35162.0
2017-10-10,1904.0,1910.0,1838.0,1840.0,135935.0
2017-10-11,1854.0,1864.0,1830.0,1855.5,63140.0
2017-10-12,1850.0,1878.0,1833.5,1863.0,45177.0
2017-10-13,1864.0,1874.5,1847.5,1858.0,73895.0
2017-10-16,1848.0,1869.5,1825.0,1832.0,57513.0
2017-10-17,1832.0,1852.5,1815.5,1833.0,45784.0
2017-10-18,1832.5,1857.0,1816.0,1852.0,52678.0
2017-10-19,1853.0,1860.0,1830.0,1839.5,49929.0
2017-10-20,1830.0,1839.5,1790.0,1796.0,60694.0
2017-10-23,1796.0,1812.0,1782.0,1799.0,44296.0
2017-10-24,1787.0,1950.0,1743.0,1889.0,354986.0
2017-10-25,1891.0,1908.0,1836.5,1855.0,54987.0
2017-10-26,1859.0,1915.0,1840.0,1896.0,85957.0
2017-10-27,1908.0,1955.0,1890.5,1921.0,105024.0
2017-10-30,1918.5,1918.5,1878.0,1898.0,47439.0
2017-10-31,1902.5,1971.0,1881.5,1950.0,113754.0
2017-11-01,1950.0,2023.5,1950.0,1991.5,103542.0
2017-11-02,1971.5,1984.5,1927.0,1932.0,90071.0
2017-11-03,1957.0,1977.0,1930.0,1965.0,46576.0
2017-11-07,1966.0,1993.5,1943.5,1950.5,62261.0
2017-11-08,1945.0,1969.5,1920.5,1935.5,58153.0
2017-11-09,1948.0,1949.0,1883.0,1890.0,70132.0
2017-11-10,1887.0,1910.0,1855.5,1856.5,57153.0
2017-11-13,1856.0,1875.0,1840.5,1860.0,62277.0
2017-11-14,1869.5,1929.5,1862.0,1890.0,92519.0
2017-11-15,1890.0,1894.0,1857.0,1873.0,30430.0
2017-11-16,1889.0,1926.0,1868.0,1925.5,43257.0
2017-11-17,1926.5,1967.5,1915.0,1949.5,53663.0
2017-11-20,1964.5,2008.0,1950.5,2002.5,61174.0
2017-11-21,1990.0,2060.0,1990.0,2038.0,84388.0
2017-11-22,2030.0,2039.5,1957.5,1975.0,66079.0
2017-11-23,1984.0,1998.5,1980.0,1987.5,23217.0
2017-11-24,1988.0,2079.5,1982.0,2025.0,119155.0
2017-11-27,2033.0,2055.0,2015.0,2017.0,61335.0
2017-11-28,2019.0,2029.5,1988.0,1991.5,63193.0
2017-11-29,2009.0,2030.0,1933.0,1957.0,86974.0
2017-11-30,1945.0,1947.5,1881.0,1940.5,30667.0
2017-12-01,1925.5,1949.5,1916.5,1931.5,28431.0
2017-12-04,1932.0,1939.0,1901.0,1907.0,58476.0
2017-12-05,1900.5,1912.5,1867.0,1899.0,57854.0
2017-12-06,1899.0,1936.5,1889.0,1900.0,49809.0
2017-12-07,1920.0,1949.5,1908.0,1949.5,84763.0
2017-12-08,1949.5,1979.5,1949.5,1957.0,33731.0
2017-12-11,1959.0,1999.0,1958.5,1997.5,51580.0
2017-12-12,1985.5,1989.5,1944.0,1954.0,33762.0
2017-12-13,1935.0,1975.0,1930.0,1938.0,54043.0
2017-12-14,1938.0,1950.0,1909.0,1919.0,50301.0
2017-12-15,1913.0,1915.0,1875.5,1895.0,64596.0
2017-12-18,1895.5,1910.0,1880.0,1892.0,36314.0
2017-12-19,1898.0,1905.0,1872.0,1902.0,33679.0
2017-12-20,1898.5,1906.5,1865.5,1873.5,122117.0
2017-12-21,1885.5,1895.0,1851.5,1884.0,50054.0
2017-12-22,1862.5,1864.5,1832.0,1832.0,58688.0
2017-12-25,1834.0,1852.5,1834.0,1847.0,18185.0
2017-12-26,1851.5,1863.5,1820.0,1840.0,63442.0
2017-12-27,1848.0,1874.5,1846.0,1865.0,25091.0
2017-12-28,1867.5,1885.0,1859.0,1883.5,27016.0
2017-12-29,1878.0,1911.5,1860.5,1894.0,20585.0
2018-01-03,1920.0,1949.5,1915.0,1943.5,33127.0
2018-01-04,1949.5,1985.0,1943.0,1978.0,38178.0
2018-01-05,1965.0,1965.5,1921.0,1942.5,23213.0
2018-01-09,1960.0,1982.0,1954.0,1963.0,42713.0
2018-01-10,1969.0,1980.0,1931.5,1972.0,44374.0
2018-01-11,1963.5,1985.0,1955.0,1963.0,40478.0
2018-01-12,1955.0,1968.0,1945.5,1955.0,17647.0
2018-01-15,1956.0,1979.0,1954.5,1970.0,14687.0
2018-01-16,1964.0,2044.0,1940.5,1992.5,118550.0
2018-01-17,1993.0,2046.5,1981.0,2035.0,45442.0
2018-01-18,2051.5,2100.0,2045.0,2099.0,83619.0
2018-01-19,2112.0,2134.0,2090.5,2098.5,48107.0
2018-01-22,2098.0,2122.5,2080.5,2118.5,38349.0
2018-01-23,2132.5,2145.0,2111.5,2145.0,59496.0
2018-01-24,2150.0,2158.0,2129.5,2138.0,18971.0
2018-01-25,2134.0,2155.0,2105.0,2134.0,44055.0
2018-01-26,2137.0,2179.5,2134.0,2176.0,47179.0
2018-01-29,2199.5,2214.5,2178.5,2197.5,29552.0
2018-01-30,2176.0,2176.0,2120.0,2150.0,136698.0
2018-01-31,2160.5,2196.5,2133.5,2179.0,29158.0
2018-02-01,2172.0,2229.0,2168.0,2202.0,67861.0
2018-02-02,2193.0,2224.5,2115.5,2150.0,49846.0
2018-02-05,2140.5,2172.0,2113.5,2150.0,39726.0
2018-02-06,2071.0,2130.0,2048.5,2054.5,114144.0
2018-02-07,2106.0,2174.0,2100.5,2140.5,48058.0
2018-02-08,2126.5,2187.0,2125.5,2159.0,60895.0
2018-02-09,2090.0,2107.0,2062.0,2086.5,80483.0
2018-02-12,2109.0,2135.0,2102.0,2127.0,47944.0
2018-02-13,2119.5,2141.5,2111.0,2135.0,70378.0
2018-02-14,2155.0,2220.5,2144.0,2200.0,94995.0
2018-02-15,2230.5,2420.0,2211.0,2283.5,381640.0
2018-02-16,2341.0,2374.0,2291.5,2371.5,133549.0
2018-02-19,2367.5,2430.0,2361.0,2416.5,47577.0
2018-02-20,2420.0,2439.0,2376.5,2413.0,54816.0
2018-02-21,2429.5,2474.5,2418.0,2473.5,86040.0
2018-02-22,2469.5,2494.0,2410.5,2435.5,73258.0
2018-02-26,2449.0,2450.0,2362.0,2383.0,81045.0
2018-02-27,2362.0,2391.0,2320.5,2386.0,68500.0
2018-02-28,2362.5,2385.0,2327.0,2343.5,35038.0
2018-03-01,2329.5,2344.5,2300.5,2310.0,49309.0
2018-03-02,2307.0,2310.0,2241.0,2280.5,90805.0
2018-03-05,2316.0,2372.0,2313.5,2347.5,46502.0
2018-03-06,2377.0,2395.0,2351.0,2389.5,71962.0
2018-03-07,2399.0,2439.5,2368.0,2427.5,78708.0
2018-03-09,2474.0,2519.0,2451.0,2469.0,45125.0
2018-03-12,2465.0,2486.0,2439.5,2450.0,57515.0
2018-03-13,2449.0,2476.0,2385.0,2415.0,67323.0
2018-03-14,2424.5,2439.5,2394.0,2430.5,44268.0
2018-03-15,2444.0,2469.0,2415.5,2446.0,81508.0
2018-03-16,2440.5,2450.0,2418.0,2436.0,25193.0
2018-03-19,2435.0,2452.0,2406.5,2426.0,28486.0
2018-03-20,2428.0,2485.5,2427.0,2463.0,37037.0
2018-03-21,2478.5,2497.5,2450.0,2497.5,33640.0
2018-03-22,2481.0,2481.5,2375.5,2385.0,68071.0
2018-03-23,2390.0,2425.0,2372.0,2385.5,60192.0
2018-03-26,2375.5,2405.0,2314.0,2344.0,81365.0
2018-03-27,2369.5,2393.5,2351.5,2364.0,39240.0
2018-03-28,2339.5,2339.5,2234.0,2265.0,94132.0
2018-03-29,2282.0,2328.5,2271.0,2314.0,82008.0
2018-03-30,2288.5,2307.5,2260.0,2287.0,30277.0
2018-04-02,2290.0,2290.0,2244.0,2253.0,48226.0
2018-04-03,2250.0,2294.0,2240.0,2263.0,51466.0
2018-04-04,2255.0,2255.0,2202.0,2249.5,69263.0
2018-04-05,2265.0,2318.0,2265.0,2315.0,56004.0
2018-04-06,2311.0,2318.0,2292.0,2312.0,36394.0
2018-04-09,2308.5,2313.0,2077.0,2124.0,192944.0
2018-04-10,2091.0,2205.0,2048.0,2174.5,158788.0
2018-04-11,2165.5,2244.5,2140.5,2240.0,118651.0
2018-04-12,2218.0,2349.5,2130.0,2161.5,306563.0
2018-04-13,2139.5,2250.0,2060.5,2083.5,257105.0
2018-04-16,2052.0,2110.0,1995.0,2020.5,190633.0
2018-04-17,2147.5,2222.5,2067.5,2103.5,126975.0
2018-04-18,2080.0,2167.0,2075.0,2142.0,227818.0
2018-04-19,2160.0,2216.0,2089.0,2096.5,250559.0
2018-04-20,2104.0,2137.5,2068.0,2084.5,79660.0
2018-04-23,2090.0,2192.0,2086.0,2140.5,150633.0
2018-04-24,2142.0,2160.0,2094.5,2105.5,169932.0
2018-04-25,2098.5,2140.0,1982.0,2025.0,481669.0
2018-04-26,2056.0,2094.5,2041.0,2061.0,178831.0
2018-04-27,2070.5,2088.0,1994.0,2015.5,290886.0
2018-04-28,2034.5,2040.0,2021.0,2030.0,35195.0
2018-04-30,2035.5,2110.0,2020.0,2097.5,111911.0
2018-05-02,2106.5,2220.0,2070.5,2215.0,260358.0
2018-05-03,2203.0,2203.0,2114.0,2128.0,141659.0
2018-05-04,2148.5,2149.5,2082.0,2107.0,79887.0
2018-05-07,2118.0,2166.5,2107.5,2152.5,92193.0
2018-05-08,2152.5,2172.5,2111.0,2127.5,77706.0
2018-05-10,2145.5,2200.0,2137.0,2190.0,125032.0
2018-05-11,2186.0,2211.0,2170.5,2201.0,115363.0
2018-05-14,2192.0,2204.0,2155.0,2186.0,99234.0
2018-05-15,2172.0,2178.5,2105.5,2118.5,115866.0
2018-05-16,2119.0,2147.5,2101.0,2114.0,90374.0
2018-05-17,2112.5,2135.0,2102.0,2131.0,57791.0
2018-05-18,2120.5,2129.0,2107.5,2119.5,53079.0
2018-05-21,2123.0,2163.5,2123.0,2142.0,111107.0
2018-05-22,2148.5,2149.0,2110.5,2122.5,45641.0
2018-05-23,2100.5,2114.5,2075.0,2086.5,85806.0
2018-05-24,2103.5,2125.0,2086.0,2094.0,112954.0
2018-05-25,2084.5,2097.0,2070.0,2089.0,66104.0
2018-05-28,2089.0,2104.0,2078.0,2102.5,31576.0
2018-05-29,2102.0,2129.0,2059.0,2079.0,98056.0
2018-05-30,2059.5,2072.0,2025.5,2072.0,99468.0
2018-05-31,2072.0,2110.0,2070.0,2076.5,73436.0
2018-06-01,2090.0,2139.5,2084.5,2137.0,136869.0
2018-06-04,2137.0,2179.0,2129.0,2163.5,93803.0
2018-06-05,2188.5,2255.5,2177.5,2213.0,183510.0
2018-06-06,2216.0,2239.0,2193.5,2214.0,67847.0
2018-06-07,2233.5,2233.5,2160.0,2175.0,82175.0
2018-06-08,2159.5,2159.5,2117.0,2144.0,104430.0
2018-06-09,2150.5,2167.5,2146.0,2159.0,11290.0
2018-06-11,2164.0,2211.5,2143.0,2192.5,74234.0
2018-06-13,2252.5,2325.0,2251.5,2290.5,229911.0
2018-06-14,2287.0,2301.5,2257.0,2292.0,103869.0
2018-06-15,2300.0,2309.5,2256.0,2268.0,68260.0
2018-06-18,2268.5,2302.5,2240.5,2287.0,99339.0
2018-06-19,2311.5,2320.0,2265.0,2295.0,98968.0
2018-06-20,2291.0,2332.0,2286.0,2301.5,79383.0
2018-06-21,2308.0,2311.0,2246.0,2270.5,73601.0
2018-06-22,2268.5,2268.5,2190.0,2220.0,98371.0
2018-06-25,2225.5,2231.0,2165.5,2177.0,132808.0
2018-06-26,2179.5,2197.5,2150.5,2185.0,102119.0
2018-06-27,2197.5,2245.0,2189.0,2227.5,100522.0
2018-06-28,2204.5,2206.0,2165.0,2193.5,78163.0
2018-06-29,2206.0,2261.0,2201.5,2244.0,101378.0
2018-07-02,2238.5,2271.5,2223.0,2257.5,68860.0
2018-07-03,2280.0,2290.0,2240.5,2240.5,55967.0
2018-07-04,2243.0,2245.0,2225.0,2236.0,20404.0
2018-07-05,2231.0,2256.5,2210.0,2226.0,75771.0
2018-07-06,2266.5,2325.0,2256.0,2315.0,96819.0
2018-07-09,2322.0,2357.0,2314.5,2316.5,66188.0
2018-07-10,2331.5,2351.0,2300.0,2302.5,63429.0
2018-07-11,2291.0,2320.0,2259.0,2303.0,64672.0
2018-07-12,2290.5,2349.5,2281.5,2345.0,54490.0
2018-07-13,2378.0,2399.0,2353.0,2390.0,94215.0
2018-07-16,2382.0,2382.0,2310.0,2333.0,64526.0
2018-07-17,2333.0,2425.0,2312.0,2420.0,85648.0
2018-07-18,2419.5,2419.5,2370.5,2398.5,90248.0
2018-07-19,2390.5,2414.0,2364.0,2364.5,94484.0
2018-07-20,2341.0,2348.0,2290.0,2329.5,93933.0
2018-07-23,2338.5,2344.5,2306.5,2333.0,50543.0
2018-07-24,2345.0,2419.0,2340.5,2377.0,76406.0
2018-07-25,2363.0,2396.0,2353.0,2391.5,80469.0
2018-07-26,2410.5,2499.5,2348.0,2430.0,365240.0
2018-07-27,2384.5,2431.0,2355.0,2388.0,110722.0
2018-07-30,2348.5,2364.5,2232.5,2242.5,220645.0
2018-07-31,2240.0,2284.0,2220.5,2250.0,139929.0
2018-08-01,2257.5,2295.0,2253.0,2272.0,144950.0
2018-08-02,2266.0,2279.5,2210.5,2237.0,91851.0
2018-08-03,2260.5,2273.0,2241.5,2252.5,77474.0
2018-08-06,2255.0,2276.0,2225.0,2230.5,63591.0
2018-08-07,2240.0,2290.0,2231.5,2272.5,103698.0
2018-08-08,2255.5,2274.5,2156.0,2185.0,189472.0
2018-08-09,2141.0,2185.0,2102.5,2132.0,248892.0
2018-08-10,2133.5,2145.0,2080.0,2128.0,167754.0
2018-08-13,2134.5,2170.0,2120.0,2152.5,96040.0
2018-08-14,2167.5,2184.0,2111.0,2150.0,237583.0
2018-08-15,2135.0,2141.5,2061.5,2091.0,195495.0
2018-08-16,2102.5,2140.0,2100.5,2123.5,75480.0
2018-08-17,2123.5,2137.0,2082.5,2099.0,87886.0
2018-08-20,2108.0,2145.0,2100.5,2133.5,71539.0
2018-08-21,2134.0,2168.0,2115.0,2164.0,62565.0
2018-08-22,2163.0,2170.5,2125.0,2137.0,76855.0
2018-08-23,2145.0,2165.5,2110.0,2120.0,110275.0
2018-08-24,2120.0,2130.0,2104.0,2115.0,68478.0
2018-08-27,2142.0,2163.0,2124.5,2151.0,61720.0
2018-08-28,2159.0,2184.5,2148.0,2153.5,83226.0
2018-08-29,2154.0,2170.0,2149.5,2168.5,35833.0
2018-08-30,2170.0,2173.0,2122.5,2142.0,70997.0
2018-08-31,2132.0,2160.0,2113.5,2150.0,89028.0
2018-09-03,2159.0,2180.0,2159.0,2179.5,24162.0
2018-09-04,2183.5,2194.5,2146.5,2168.0,76609.0
2018-09-05,2170.0,2185.5,2106.0,2125.0,122387.0
2018-09-06,2122.5,2133.5,2075.0,2105.5,108903.0
2018-09-07,2080.0,2109.0,2055.0,2098.5,142427.0
2018-09-10,2108.0,2125.0,2097.0,2111.5,47038.0
2018-09-11,2123.5,2124.5,2080.0,2094.5,58359.0
2018-09-12,2095.0,2111.5,2035.0,2066.5,104779.0
2018-09-13,2071.0,2159.0,2070.5,2132.0,156048.0
2018-09-14,2144.0,2195.0,2126.0,2187.0,98413.0
2018-09-17,2194.0,2208.5,2135.0,2148.0,82800.0
2018-09-18,2129.5,2150.0,2110.5,2144.5,115420.0
2018-09-19,2146.5,2163.5,2121.0,2145.0,96613.0
2018-09-20,2152.5,2219.0,2150.5,2174.5,197607.0
2018-09-21,2185.0,2217.5,2166.0,2204.0,100048.0
2018-09-24,2199.5,2201.0,2145.0,2193.5,94288.0
2018-09-25,2196.0,2214.5,2184.0,2213.0,59033.0
2018-09-26,2213.0,2230.5,2197.5,2216.0,67988.0
2018-09-27,2193.0,2233.0,2180.0,2185.0,116329.0
2018-09-28,2187.0,2196.5,2140.5,2160.5,89313.0
2018-10-01,2168.0,2184.5,2130.0,2134.0,80755.0
2018-10-02,2136.0,2146.0,2093.5,2136.5,131248.0
2018-10-03,2143.5,2179.0,2137.0,2172.5,84631.0
2018-10-04,2181.0,2189.5,2139.0,2157.5,217218.0
2018-10-05,2151.0,2180.5,2105.5,2143.0,140287.0
2018-10-08,2153.0,2204.5,2130.0,2170.5,153631.0
2018-10-09,2198.0,2249.0,2186.5,2220.0,134223.0
2018-10-10,2215.5,2227.0,2128.0,2146.0,139205.0
2018-10-11,2119.0,2165.5,2097.0,2118.0,191806.0
2018-10-12,2130.5,2169.5,2120.5,2140.0,74884.0
2018-10-15,2152.0,2181.5,2121.0,2178.0,81153.0
2018-10-16,2178.0,2327.5,2160.5,2307.0,225362.0
2018-10-17,2309.0,2330.5,2285.5,2310.0,108686.0
2018-10-18,2322.0,2356.5,2185.0,2235.0,386244.0
2018-10-19,2012.0,2095.0,1736.0,1790.0,3383592.0
2018-10-22,1830.5,1990.0,1687.5,1755.0,3146067.0
2018-10-23,1765.0,1837.5,1717.0,1760.0,1004034.0
2018-10-24,1769.5,1819.5,1765.0,1781.0,590970.0
2018-10-25,1749.0,1789.5,1710.0,1777.0,409951.0
2018-10-26,1770.5,1787.0,1722.5,1761.5,403880.0
2018-10-29,1776.5,1928.5,1770.5,1859.5,1334462.0
2018-10-30,1829.0,1885.0,1800.0,1843.0,611227.0
2018-10-31,1875.5,1975.0,1854.0,1916.5,1292180.0
2018-11-01,1964.0,1999.0,1935.0,1999.0,859711.0
2018-11-02,2007.0,2041.5,1977.0,1995.0,800355.0
2018-11-06,2001.0,2019.0,1984.0,2002.0,295198.0
2018-11-07,1999.5,2005.5,1970.0,1995.0,238352.0
2018-11-08,1986.0,1999.5,1959.0,1982.0,282783.0
2018-11-09,1954.5,1964.0,1902.5,1921.5,298308.0
2018-11-12,1929.0,1939.0,1873.0,1886.0,341627.0
2018-11-13,1883.5,1925.5,1875.0,1903.5,269889.0
2018-11-14,1907.0,1964.5,1894.0,1940.0,253760.0
2018-11-15,1949.0,1957.5,1913.0,1920.0,179266.0
2018-11-16,1933.5,1951.0,1907.5,1916.0,163951.0
2018-11-19,1927.0,1944.5,1915.5,1924.5,135821.0
2018-11-20,1914.5,1915.0,1851.0,1902.0,232318.0
2018-11-21,1877.5,1923.0,1872.0,1909.0,214781.0
2018-11-22,1924.0,1930.0,1915.5,1921.0,63156.0
2018-11-23,1916.0,1917.0,1871.0,1898.5,182307.0
2018-11-26,1894.0,1924.5,1851.0,1920.0,309979.0
2018-11-27,1924.0,1949.0,1915.0,1945.0,136938.0
2018-11-28,1950.0,1977.0,1935.5,1945.5,234627.0
2018-11-29,1977.0,1998.0,1950.0,1967.5,231774.0
2018-11-30,1950.0,1971.0,1930.0,1965.0,119031.0
2018-12-03,1975.0,2019.5,1975.0,1989.0,407539.0
2018-12-04,1990.5,1994.0,1954.0,1957.5,107428.0
2018-12-05,1949.0,1965.0,1921.0,1955.0,78222.0
2018-12-06,1936.0,1939.5,1868.5,1914.0,327591.0
2018-12-07,1913.5,1936.5,1907.0,1912.5,131112.0
2018-12-10,1908.0,1927.0,1893.5,1903.0,100902.0
2018-12-11,1890.0,1899.5,1865.5,1869.5,179273.0
2018-12-12,1847.5,1876.5,1781.5,1871.5,317873.0
2018-12-13,1900.0,1910.0,1870.5,1888.0,140778.0
2018-12-14,1867.5,1869.0,1836.0,1860.5,123027.0
2018-12-17,1868.5,1883.0,1850.0,1869.0,94889.0
2018-12-18,1849.5,1870.0,1836.0,1856.0,163743.0
2018-12-19,1850.0,1905.0,1836.0,1894.0,148234.0
2018-12-20,1848.0,1880.0,1834.5,1864.0,234004.0
2018-12-21,1860.0,1877.0,1847.5,1860.5,123055.0
2018-12-24,1848.0,1854.5,1805.0,1840.5,210937.0
2018-12-25,1839.5,1840.0,1785.5,1828.0,117210.0
2018-12-26,1830.0,1875.0,1816.5,1832.0,237870.0
2018-12-27,1872.0,1901.0,1863.5,1880.0,217787.0
2018-12-28,1894.5,1939.0,1894.5,1916.0,175307.0
2018-12-29,1929.0,1934.0,1920.0,1930.0,47568.0
2019-01-03,1916.5,1917.0,1857.0,1859.5,147668.0
2019-01-04,1862.5,1924.0,1862.5,1916.0,187770.0
2019-01-08,1934.0,1953.0,1919.0,1926.5,114132.0
2019-01-09,1936.5,1970.0,1934.0,1960.0,133530.0
2019-01-10,1971.0,1985.5,1955.0,1985.0,140854.0
2019-01-11,1983.0,1997.0,1973.5,1983.0,101633.0
2019-01-14,1985.0,1997.0,1964.5,1992.5,107300.0
2019-01-15,1993.5,2009.5,1980.5,1999.5,190867.0
2019-01-16,1995.0,2006.0,1977.0,1980.0,179316.0
2019-01-17,1979.5,2006.0,1960.0,1993.5,154525.0
2019-01-18,2025.0,2059.5,2020.5,2044.5,276484.0
2019-01-21,2048.5,2049.5,2040.0,2044.5,48802.0
2019-01-22,2039.5,2077.0,2011.0,2051.0,138581.0
2019-01-23,2040.0,2075.5,2035.0,2060.0,189906.0
2019-01-24,2057.0,2098.0,2050.0,2083.0,217514.0
2019-01-25,2099.5,2172.5,2095.5,2152.0,278472.0
2019-01-28,2169.5,2188.5,2124.0,2167.0,303944.0
2019-01-29,2166.0,2184.0,2151.5,2152.0,156551.0
2019-01-30,2145.0,2172.5,2136.0,2157.0,130634.0
2019-01-31,2181.0,2214.5,2180.0,2212.0,263760.0
2019-02-01,2199.6,2215.0,2165.4,2197.2,169368.0
2019-02-04,2195.0,2215.0,2195.0,2212.0,83782.0
2019-02-05,2215.6,2262.0,2215.6,2250.8,222314.0
2019-02-06,2261.0,2261.6,2225.2,2244.0,130636.0
2019-02-07,2230.0,2231.4,2181.8,2192.2,139246.0
2019-02-08,2185.0,2185.0,2142.4,2163.4,132557.0
2019-02-11,2173.8,2223.0,2170.8,2196.0,166773.0
2019-02-12,2206.0,2241.8,2200.4,2230.0,177257.0
2019-02-13,2233.0,2258.2,2201.0,2258.0,385667.0
2019-02-14,2229.0,2269.6,2212.0,2264.0,336196.0
2019-02-15,2289.8,2335.0,2148.8,2200.2,1081539.0
2019-02-18,2137.6,2174.4,2116.2,2161.0,675808.0
2019-02-19,2169.8,2179.8,2095.0,2126.6,574601.0
2019-02-20,2161.6,2187.4,2148.6,2166.2,278410.0
2019-02-21,2166.4,2176.0,2110.0,2115.0,221977.0
2019-02-22,2108.0,2139.0,2090.4,2133.0,250232.0
2019-02-25,2182.0,2235.0,2180.2,2214.6,390801.0
2019-02-26,2195.0,2204.8,2162.0,2169.6,136369.0
2019-02-27,2177.8,2189.8,2158.8,2163.0,157649.0
2019-02-28,2164.0,2214.0,2145.2,2208.0,171959.0
2019-03-01,2235.6,2270.0,2230.0,2247.4,328374.0
2019-03-04,2260.2,2319.6,2260.2,2303.6,204146.0
2019-03-05,2290.6,2340.2,2272.0,2340.2,177763.0
2019-03-06,2358.0,2404.0,2350.2,2362.0,237195.0
2019-03-07,2363.0,2382.0,2312.0,2329.2,132802.0
2019-03-11,2329.2,2364.8,2320.8,2346.4,94031.0
2019-03-12,2369.0,2380.0,2344.0,2355.0,79207.0
2019-03-13,2346.2,2368.4,2325.0,2345.0,90214.0
2019-03-14,2344.6,2354.8,2300.2,2303.4,89264.0
2019-03-15,2326.6,2355.0,2325.2,2352.8,85638.0
2019-03-18,2354.8,2398.0,2297.8,2306.0,252580.0
2019-03-19,2323.8,2339.8,2315.6,2318.8,70555.0
2019-03-20,2318.8,2329.8,2295.0,2301.4,97533.0
2019-03-21,2298.0,2348.0,2259.0,2274.0,464345.0
2019-03-22,2291.0,2310.0,2275.0,2276.4,113084.0
2019-03-25,2273.8,2318.4,2210.0,2293.8,102693.0
2019-03-26,2297.0,2329.0,2290.2,2315.8,94392.0
2019-03-27,2306.8,2317.6,2266.6,2268.0,109455.0
2019-03-28,2270.0,2332.2,2250.0,2317.8,163380.0
2019-03-29,2320.4,2335.0,2280.0,2293.6,199044.0
2019-04-01,2289.0,2291.0,2232.0,2243.4,236542.0
2019-04-02,2237.6,2252.8,2218.2,2249.0,174808.0
2019-04-03,2271.6,2286.8,2255.6,2268.2,136871.0
2019-04-04,2265.0,2301.8,2250.4,2280.8,110767.0
2019-04-05,2279.6,2305.0,2267.2,2298.0,88171.0
2019-04-08,2299.2,2313.8,2283.6,2301.6,69854.0
2019-04-09,2310.8,2346.0,2300.4,2346.0,134672.0
2019-04-10,2339.8,2352.0,2110.8,2350.8,133829.0
2019-04-11,2374.0,2444.0,2374.0,2434.0,290638.0
2019-04-12,2440.0,2454.8,2425.8,2435.2,128006.0
2019-04-15,2484.4,2494.0,2443.6,2453.0,254954.0
2019-04-16,2476.4,2513.0,2476.2,2499.8,205211.0
2019-04-17,2499.0,2518.0,2451.0,2451.0,147815.0
2019-04-18,2448.2,2448.2,2382.6,2383.2,118089.0
2019-04-19,2394.6,2424.8,2383.2,2415.2,48418.0
2019-04-22,2417.4,2437.6,2392.4,2400.0,113234.0
2019-04-23,2399.8,2428.8,2391.0,2412.8,109208.0
2019-04-24,2415.2,2424.0,2395.2,2410.6,78601.0
2019-04-25,2424.0,2489.8,2337.0,2407.6,437205.0
2019-04-26,2407.4,2414.6,2364.2,2389.0,132041.0
2019-04-29,2387.0,2423.0,2376.0,2406.0,105924.0
2019-04-30,2406.0,2408.6,2380.0,2391.0,45347.0
2019-05-02,2445.0,2481.8,2405.2,2413.0,225229.0
2019-05-03,2405.6,2437.6,2392.4,2414.0,175519.0
2019-05-06,2398.2,2414.0,2350.4,2407.0,195274.0
2019-05-07,2406.8,2418.0,2375.0,2388.6,89910.0
2019-05-08,2388.6,2388.6,2356.2,2379.0,139683.0
2019-05-10,2374.8,2389.8,2336.0,2340.0,107225.0
2019-05-13,2349.8,2357.4,2286.6,2286.6,135392.0
2019-05-14,2291.0,2315.0,2266.4,2299.0,111288.0
2019-05-15,2301.2,2325.4,2245.6,2312.0,191541.0
2019-05-16,2329.2,2401.8,2325.2,2392.0,188407.0
2019-05-17,2395.8,2434.6,2355.2,2425.0,157550.0
2019-05-20,2447.6,2449.4,2377.2,2407.8,122137.0
2019-05-21,2398.0,2414.8,2378.2,2392.4,128354.0
2019-05-22,2400.0,2432.0,2380.8,2424.8,137889.0
2019-05-23,2406.6,2415.0,2361.8,2365.0,111066.0
2019-05-24,2365.4,2392.0,2362.2,2383.4,90446.0
2019-05-27,2393.4,2409.0,2393.4,2404.6,35498.0
2019-05-28,2405.0,2409.8,2240.2,2280.2,653351.0
2019-05-29,2300.0,2368.0,2222.0,2350.2,479703.0
2019-05-30,2357.0,2379.8,2346.4,2379.6,131106.0
2019-05-31,2360.0,2362.2,2325.6,2336.6,119997.0
2019-06-03,2333.0,2350.0,2292.4,2319.0,202643.0
2019-06-04,2318.4,2344.0,2283.8,2341.0,252932.0
2019-06-05,2353.2,2364.0,2340.0,2361.0,166289.0
2019-06-06,2365.0,2394.2,2355.6,2389.0,136459.0
2019-06-07,2404.0,2447.8,2396.0,2418.6,195828.0
2019-06-10,2422.0,2444.8,2402.6,2435.0,136456.0
2019-06-11,2438.2,2510.6,2435.2,2494.8,298615.0
2019-06-13,2485.6,2514.4,2475.2,2492.0,159106.0
2019-06-14,2489.0,2499.4,2456.0,2465.0,103515.0
2019-06-17,2459.8,2478.0,2445.0,2455.8,141639.0
2019-06-18,2457.0,2498.0,2455.4,2480.2,93539.0
2019-06-19,2488.4,2500.0,2470.0,2470.2,83183.0
2019-06-20,2485.4,2531.6,2472.0,2492.8,430723.0
2019-06-21,2487.6,2488.8,2463.0,2468.4,100132.0
2019-06-24,2465.4,2484.8,2448.0,2452.6,80765.0
2019-06-25,2446.8,2459.2,2415.0,2424.6,112543.0
2019-06-26,2398.4,2432.8,2382.4,2391.6,373316.0
2019-06-27,2390.4,2416.2,2372.0,2410.0,208834.0
2019-06-28,2436.2,2447.6,2378.0,2405.4,198344.0
2019-07-01,2424.0,2499.0,2415.8,2482.4,274260.0
2019-07-02,2481.8,2520.0,2452.4,2491.2,197214.0
2019-07-03,2502.6,2520.0,2495.4,2505.4,152205.0
2019-07-04,2497.0,2499.4,2480.2,2494.8,52998.0
2019-07-05,2493.6,2499.8,2451.0,2481.4,118816.0
2019-07-08,2488.6,2499.0,2458.0,2465.0,115399.0
2019-07-09,2456.2,2479.8,2436.2,2478.0,121774.0
2019-07-10,2495.0,2527.8,2490.6,2500.2,200703.0
2019-07-11,2508.6,2524.6,2486.0,2495.0,121545.0
2019-07-12,2509.4,2590.0,2507.4,2573.0,311283.0
2019-07-15,2568.4,2574.2,2535.2,2546.4,195439.0
2019-07-16,2539.8,2568.2,2517.2,2542.6,163769.0
2019-07-17,2550.0,2560.0,2505.2,2509.2,123619.0
2019-07-18,2498.0,2507.2,2480.0,2489.8,139618.0
2019-07-19,2506.0,2554.0,2500.2,2518.0,168952.0
2019-07-22,2491.0,2495.0,2470.0,2486.0,172286.0
2019-07-23,2495.8,2509.8,2482.4,2482.8,95804.0
2019-07-24,2497.2,2518.0,2482.6,2507.0,109920.0
2019-07-25,2524.0,2547.0,2432.2,2461.6,524436.0
2019-07-26,2456.0,2679.0,2420.0,2520.0,1640954.0
2019-07-29,2438.6,2497.6,2390.0,2441.0,1634132.0
2019-07-30,2486.6,2547.0,2466.4,2480.4,1272478.0
2019-07-31,2481.4,2503.2,2455.2,2490.0,400780.0
2019-08-01,2488.6,2567.2,2475.6,2550.6,412251.0
2019-08-02,2489.8,2514.8,2450.2,2470.0,445899.0
2019-08-05,2449.0,2449.8,2357.0,2369.6,537160.0
2019-08-06,2380.0,2434.0,2374.0,2413.0,378334.0
2019-08-07,2420.0,2440.0,2383.0,2428.8,273663.0
2019-08-08,2417.2,2432.0,2406.0,2413.2,203771.0
2019-08-09,2420.4,2425.0,2404.0,2405.0,116311.0
2019-08-12,2411.6,2428.0,2398.2,2410.0,109618.0
2019-08-13,2384.6,2446.8,2373.6,2428.0,300721.0
2019-08-14,2440.0,2440.0,2365.8,2374.0,254600.0
2019-08-15,2390.0,2395.0,2351.0,2365.4,225504.0
2019-08-16,2375.0,2397.0,2351.2,2394.0,130444.0
2019-08-19,2420.4,2454.0,2402.0,2424.0,328823.0
2019-08-20,2437.0,2453.2,2420.2,2438.4,126107.0
2019-08-21,2435.0,2443.0,2415.6,2421.2,165203.0
2019-08-22,2412.0,2417.0,2385.0,2399.0,166095.0
2019-08-23,2404.0,2423.0,2386.0,2391.0,163956.0
2019-08-26,2379.8,2405.0,2361.0,2394.4,163458.0
2019-08-27,2394.0,2437.0,2394.0,2429.8,158268.0
2019-08-28,2431.0,2434.8,2410.0,2434.0,168439.0
2019-08-29,2423.0,2444.8,2417.2,2441.0,275717.0
2019-08-30,2443.4,2470.0,2443.4,2462.8,162123.0
2019-09-02,2464.8,2485.0,2464.8,2469.8,51471.0
2019-09-03,2473.4,2497.0,2446.2,2487.0,247804.0
2019-09-04,2486.8,2498.0,2469.2,2487.0,134711.0
2019-09-05,2500.6,2515.0,2463.6,2509.2,230474.0
2019-09-06,2515.0,2519.6,2491.4,2503.6,144379.0
2019-09-09,2508.8,2520.0,2464.0,2466.0,163273.0
2019-09-10,2464.0,2474.8,2432.2,2450.2,213741.0
2019-09-11,2456.4,2482.6,2453.2,2466.2,176894.0
2019-09-12,2466.8,2474.8,2449.4,2457.0,133655.0
2019-09-13,2455.0,2459.0,2434.4,2453.0,122047.0
2019-09-16,2449.0,2449.8,2430.0,2447.6,166674.0
2019-09-17,2447.8,2459.8,2435.0,2438.4,175776.0
2019-09-18,2439.2,2452.2,2430.6,2432.0,296993.0
2019-09-19,2419.8,2426.0,2398.2,2407.4,351370.0
2019-09-20,2409.6,2413.8,2350.2,2350.2,577563.0
2019-09-23,2343.8,2349.8,2305.2,2342.2,440267.0
2019-09-24,2304.8,2344.8,2292.0,2301.4,430626.0
2019-09-25,2309.8,2329.8,2281.6,2322.4,283383.0
2019-09-26,2332.0,2355.0,2317.0,2319.6,255030.0
2019-09-27,2323.8,2339.8,2308.0,2315.8,136519.0
2019-09-30,2310.0,2311.8,2254.0,2263.4,371926.0
2019-10-01,2274.6,2319.8,2272.0,2287.0,308984.0
2019-10-02,2284.0,2294.8,2235.0,2250.0,254586.0
2019-10-03,2234.2,2283.2,2207.6,2265.0,345593.0
2019-10-04,2280.2,2288.8,2256.2,2274.4,236654.0
2019-10-07,2271.4,2299.8,2264.8,2284.2,141260.0
2019-10-08,2295.8,2304.8,2270.0,2295.2,164506.0
2019-10-09,2306.0,2323.4,2303.8,2312.0,156115.0
2019-10-10,2315.0,2330.0,2298.0,2327.0,226208.0
2019-10-11,2314.8,2315.0,1852.4,1898.0,5982678.0
2019-10-14,1936.0,2025.0,1901.0,1975.6,3688949.0
2019-10-15,1970.2,2005.0,1965.6,1986.6,1295020.0
2019-10-16,1974.8,1990.0,1943.0,1957.2,1094006.0
2019-10-17,1949.4,1949.6,1903.4,1927.0,912291.0
2019-10-18,1929.6,1978.8,1926.0,1934.0,781788.0
2019-10-21,2043.2,2142.8,2030.0,2061.0,4564034.0
2019-10-22,2092.4,2110.0,2050.0,2054.6,1277982.0
2019-10-23,2054.6,2069.0,2032.0,2046.6,642429.0
2019-10-24,2049.0,2092.0,2041.6,2090.2,1160575.0
2019-10-25,2100.0,2158.6,2041.0,2064.0,2273620.0
2019-10-28,2073.4,2149.2,2065.0,2118.4,1298981.0
2019-10-29,2138.8,2152.8,2105.8,2134.4,900154.0
2019-10-30,2142.2,2164.6,2134.4,2156.0,616114.0
2019-10-31,2155.0,2164.8,2115.0,2125.8,688903.0
2019-11-01,2135.6,2143.8,2125.0,2138.0,353284.0
2019-11-05,2162.8,2178.0,2150.2,2171.4,600565.0
2019-11-06,2177.2,2198.6,2176.0,2191.0,517137.0
2019-11-07,2184.2,2198.8,2171.0,2187.8,413031.0
2019-11-08,2176.0,2189.0,1962.4,2184.8,591417.0
2019-11-11,2185.0,2191.0,2161.2,2179.6,356455.0
2019-11-12,2183.8,2189.0,2168.0,2184.0,345327.0
2019-11-13,2173.8,2182.6,2168.0,2173.8,287343.0
2019-11-14,2180.0,2193.0,2172.0,2186.4,325329.0
2019-11-15,2202.0,2269.8,2195.2,2267.0,1039502.0
2019-11-18,2375.0,2540.0,2350.0,2525.2,4279240.0
2019-11-19,2545.4,2545.4,2480.0,2510.0,1529677.0
2019-11-20,2495.0,2524.0,2453.0,2514.4,678415.0
2019-11-21,2538.4,2564.2,2515.2,2549.0,754304.0
2019-11-22,2542.6,2569.8,2535.0,2566.2,462050.0
2019-11-25,2572.8,2629.0,2560.0,2629.0,437748.0
2019-11-26,2624.6,2662.0,2593.0,2635.8,488920.0
2019-11-27,2644.2,2682.0,2640.2,2668.0,485812.0
2019-11-28,2668.0,2676.6,2600.2,2624.6,524370.0
2019-11-29,2621.8,2696.8,2606.4,2693.0,626272.0
2019-12-02,2695.0,2728.8,2613.0,2620.6,973254.0
2019-12-03,2633.8,2654.8,2582.4,2599.0,577167.0
2019-12-04,2601.0,2642.0,2592.6,2607.4,318622.0
2019-12-05,2601.0,2601.0,2555.6,2568.4,360434.0
2019-12-06,2570.0,2595.8,2541.6,2570.4,279678.0
2019-12-09,2575.0,2608.8,2560.2,2584.0,270949.0
2019-12-10,2575.8,2593.4,2536.0,2588.0,269384.0
2019-12-11,2576.4,2598.0,2571.4,2595.0,209179.0
2019-12-12,2611.2,2649.8,2600.0,2628.0,293387.0
2019-12-13,2628.0,2663.0,2605.2,2662.8,357030.0
2019-12-16,2700.4,2718.8,2675.4,2690.0,567056.0
2019-12-17,2675.8,2693.6,2644.2,2660.0,290603.0
2019-12-18,2634.4,2654.8,2612.0,2625.0,351565.0
2019-12-19,2625.0,2659.0,2615.0,2623.2,514549.0
2019-12-20,2653.0,2693.8,2650.2,2680.0,485015.0
2019-12-23,2683.6,2707.6,2675.2,2699.8,281916.0
2019-12-24,2704.6,2711.8,2676.2,2688.0,157888.0
2019-12-25,2689.6,2693.0,2672.0,2687.0,57691.0
2019-12-26,2688.2,2718.6,2678.0,2713.0,176600.0
2019-12-27,2713.8,2750.0,2710.0,2736.0,289311.0
2019-12-30,2735.6,2740.0,2665.0,2697.0,248021.0
2020-01-03,2712.2,2718.0,2677.4,2685.0,263527.0
2020-01-06,2682.2,2682.2,2650.6,2672.0,226702.0
2020-01-08,2663.8,2707.0,2636.2,2677.0,252503.0
2020-01-09,2685.0,2737.2,2683.4,2728.4,306731.0
2020-01-10,2728.6,2760.0,2700.2,2725.0,308125.0
2020-01-13,2713.4,2729.8,2692.0,2703.4,330909.0
2020-01-14,2719.0,2750.0,2683.8,2685.0,468516.0
2020-01-15,2677.0,2708.4,2660.0,2690.0,415484.0
2020-01-16,2678.2,2869.2,2673.2,2719.8,1470744.0
2020-01-17,2732.2,2776.8,2726.2,2772.8,668860.0
2020-01-20,2790.0,2827.0,2777.0,2800.0,339337.0
2020-01-21,2799.6,2799.6,2762.6,2770.0,350182.0
2020-01-22,2783.2,2799.6,2673.2,2790.0,755887.0
2020-01-23,2791.0,2826.6,2740.0,2820.2,480427.0
2020-01-24,2798.0,2818.0,2775.8,2798.0,366624.0
2020-01-27,2789.2,2802.0,2735.2,2780.0,481600.0
2020-01-28,2785.2,2813.8,2765.6,2799.8,357013.0
2020-01-29,2812.4,2890.0,2812.4,2890.0,679946.0
2020-01-30,2880.0,2905.0,2852.4,2888.0,344028.0
2020-01-31,2895.0,2913.0,2865.4,2873.4,296170.0
2020-02-03,2856.8,2899.6,2843.2,2880.6,270342.0
2020-02-04,2911.8,2994.8,2907.0,2990.0,469932.0
2020-02-05,3010.6,3081.0,2992.4,3008.2,692586.0
2020-02-06,3030.0,3076.0,3003.4,3048.2,389930.0
2020-02-07,3058.6,3140.0,3022.4,3103.8,479731.0
2020-02-10,3104.6,3143.0,3065.0,3087.2,422510.0
2020-02-11,3100.0,3131.2,3066.2,3085.0,340079.0
2020-02-12,3081.0,3083.2,3033.0,3037.2,551073.0
2020-02-13,3066.6,3097.0,3035.2,3087.4,516454.0
2020-02-14,3119.8,3127.6,2950.8,3011.0,1995630.0
2020-02-17,2980.4,2989.8,2935.4,2983.6,497430.0
2020-02-18,2990.0,2992.4,2917.2,2937.0,582824.0
2020-02-19,2921.4,2991.2,2912.6,2953.0,728333.0
2020-02-20,2945.0,2996.4,2941.4,2988.4,738945.0
2020-02-21,2975.0,2996.0,2910.6,2911.8,645644.0
2020-02-25,2799.8,2869.8,2672.6,2681.8,2303488.0
2020-02-26,2661.2,2704.8,2538.4,2690.8,2316101.0
2020-02-27,2665.0,2744.4,2620.4,2678.2,1662998.0
2020-02-28,2624.8,2686.0,2540.2,2659.8,1464045.0
2020-03-02,2732.8,2762.8,2615.2,2721.4,1290610.0
2020-03-03,2744.0,2784.8,2701.4,2723.0,971355.0
2020-03-04,2680.0,2708.8,2632.6,2654.2,697745.0
2020-03-05,2743.0,2744.6,2643.2,2728.2,894054.0
2020-03-06,2700.8,2711.8,2556.0,2685.0,1005756.0
2020-03-10,2520.0,2757.8,2500.0,2590.0,1510732.0
2020-03-11,2619.6,2640.0,2520.0,2615.0,910964.0
2020-03-12,2559.8,2560.0,2350.0,2460.0,1547538.0
2020-03-13,2439.8,2620.6,2400.0,2470.0,1221313.0
2020-03-16,2459.6,2459.6,2241.2,2370.0,1286296.0
2020-03-17,2320.0,2438.8,2257.0,2425.0,1078574.0
2020-03-18,2357.0,2400.0,2251.0,2318.8,1288232.0
2020-03-19,2345.4,2464.4,2273.2,2434.0,1509790.0
2020-03-20,2484.0,2593.4,2414.0,2455.2,1335704.0
2020-03-23,2376.8,2494.4,2295.0,2299.8,1233149.0
2020-03-24,2365.0,2489.0,2363.0,2459.0,1072509.0
2020-03-25,2549.8,2595.0,2480.2,2555.8,1339722.0
2020-03-26,2587.8,2640.0,2505.0,2610.0,1169462.0
2020-03-27,2649.8,2668.0,2552.6,2597.0,798730.0
2020-03-30,2589.6,2678.8,2577.0,2670.2,659554.0
2020-03-31,2700.0,2749.4,2647.0,2714.4,815448.0
2020-04-01,2653.0,2679.6,2591.0,2605.8,762168.0
2020-04-02,2621.0,2650.0,2493.8,2550.8,1102131.0
2020-04-03,2540.2,2584.0,2514.4,2520.0,915527.0
2020-04-06,2566.0,2609.0,2536.2,2582.0,785518.0
2020-04-07,2607.0,2695.0,2602.2,2668.0,910645.0
2020-04-08,2622.0,2742.6,2600.2,2742.6,758024.0
2020-04-09,2722.8,2755.8,2661.2,2697.2,1045760.0
2020-04-10,2705.0,2705.0,2671.6,2701.0,262317.0
2020-04-13,2667.8,2688.0,2623.2,2659.0,349223.0
2020-04-14,2697.8,2782.4,2687.6,2755.6,907990.0
2020-04-15,2717.6,2719.8,2584.4,2588.2,775540.0
2020-04-16,2606.8,2680.0,2570.2,2637.8,708410.0
2020-04-17,2655.6,2668.8,2620.2,2630.4,457724.0
2020-04-20,2664.0,2746.0,2642.0,2736.4,863566.0
2020-04-21,2681.8,2695.4,2601.0,2659.2,1018160.0
2020-04-22,2650.0,2706.8,2631.2,2655.0,785080.0
2020-04-23,2668.0,2677.0,2621.4,2640.6,505885.0
2020-04-24,2634.8,2655.0,2606.6,2621.0,402936.0
2020-04-27,2652.0,2715.0,2647.0,2715.0,783496.0
2020-04-28,2731.0,2856.8,2716.4,2754.8,1297877.0
2020-04-29,2800.2,2874.0,2775.4,2870.0,777309.0
2020-04-30,2898.0,2924.0,2812.2,2850.8,744921.0
2020-05-04,2809.8,2848.8,2776.8,2828.8,414159.0
2020-05-05,2849.8,2876.8,2831.0,2842.2,352411.0
2020-05-06,2849.0,2883.2,2830.2,2864.0,376841.0
2020-05-07,2869.0,2918.8,2858.0,2910.2,430050.0
2020-05-08,2975.0,2992.0,2933.0,2975.2,471330.0
2020-05-12,2968.0,2979.8,2927.0,2977.0,281684.0
2020-05-13,2958.4,2958.4,2890.4,2893.4,511700.0
2020-05-14,2875.2,2883.0,2785.8,2821.8,557815.0
2020-05-15,2858.0,2894.0,2795.8,2839.6,518342.0
2020-05-18,2877.0,2947.0,2870.4,2945.0,480408.0
2020-05-19,2976.0,2980.0,2923.6,2970.0,338651.0
2020-05-20,2955.2,3000.0,2941.0,2964.6,511039.0
2020-05-21,2944.0,2960.0,2895.0,2910.8,503956.0
2020-05-22,2889.8,2938.8,2880.6,2905.0,336192.0
2020-05-25,2913.8,2962.0,2908.2,2960.6,258725.0
2020-05-26,2968.8,2992.8,2911.4,2913.2,553908.0
2020-05-27,2905.8,2942.8,2817.2,2826.0,688266.0
2020-05-28,2875.4,2916.8,2860.4,2888.0,623076.0
2020-05-29,2865.0,2884.0,2811.6,2833.2,530562.0
2020-06-01,2849.6,2869.8,2814.4,2846.0,635598.0
2020-06-02,2848.0,2875.0,2821.2,2837.8,696965.0
2020-06-03,2848.4,2879.6,2835.0,2867.6,666883.0
2020-06-04,2864.8,2882.0,2837.0,2861.6,458534.0
2020-06-05,2874.2,2911.8,2850.0,2884.0,425118.0
2020-06-08,2897.2,2917.8,2866.0,2873.2,364212.0
2020-06-09,2896.4,2905.0,2855.0,2902.0,335131.0
2020-06-10,2895.6,2919.4,2867.0,2881.2,353031.0
2020-06-11,2871.0,2879.8,2817.6,2850.0,477374.0
2020-06-15,2836.0,2975.0,2820.4,2967.4,799022.0
2020-06-16,2984.0,3062.0,2967.4,3009.0,916051.0
2020-06-17,3024.0,3074.0,3010.0,3068.2,606577.0
2020-06-18,3058.8,3115.0,3021.2,3108.0,741015.0
2020-06-19,3109.0,3176.2,3107.0,3155.0,700308.0
2020-06-22,3171.0,3270.8,3115.0,3254.2,759511.0
2020-06-23,3248.0,3444.8,3240.8,3358.6,1723932.0
2020-06-25,3434.0,3509.2,3383.0,3499.0,1287989.0
2020-06-26,3477.2,3519.4,3417.0,3430.0,610592.0
2020-06-29,3434.6,3483.2,3380.2,3467.0,560338.0
2020-06-30,3467.0,3564.6,3423.0,3545.6,631981.0
2020-07-02,3524.0,3588.0,3502.0,3548.6,438762.0
2020-07-03,3550.0,3575.0,3513.0,3549.6,274175.0
2020-07-06,3573.0,3710.0,3555.6,3639.0,611903.0
2020-07-07,3643.0,3664.2,3572.0,3598.8,612278.0
2020-07-08,3586.8,3636.0,3553.0,3581.8,571527.0
2020-07-09,3583.0,3658.0,3575.4,3637.8,495719.0
2020-07-10,3622.6,3684.8,3590.6,3633.0,501547.0
2020-07-13,3640.6,3719.6,3635.0,3678.0,463247.0
2020-07-14,3677.0,3789.0,3581.2,3772.0,733070.0
2020-07-15,3762.6,3896.4,3762.4,3882.8,816356.0
2020-07-16,3849.6,3882.8,3807.0,3824.0,501829.0
2020-07-17,3836.4,3966.0,3830.0,3950.0,638095.0
2020-07-20,3950.0,4029.4,3901.0,4029.0,587288.0
2020-07-21,4017.0,4202.0,3921.2,3964.0,1030294.0
2020-07-22,3965.0,4026.6,3910.6,4010.0,704144.0
2020-07-23,4020.2,4069.6,3952.2,4002.8,576118.0
2020-07-24,3982.0,4045.0,3931.0,4017.2,489272.0
2020-07-27,4038.4,4155.0,4012.0,4123.0,534302.0
2020-07-28,4182.0,4198.8,3971.8,4114.4,1295142.0
2020-07-29,4131.4,4222.0,4121.6,4187.8,544339.0
2020-07-30,4184.0,4196.8,4104.4,4191.0,548606.0
2020-07-31,4211.4,4267.6,4180.2,4257.0,808414.0
2020-08-03,4261.0,4328.8,4242.6,4288.6,546317.0
2020-08-04,4304.0,4348.8,4280.2,4312.0,343736.0
2020-08-05,4323.4,4355.0,4310.0,4340.2,508572.0
2020-08-06,4342.0,4417.6,4330.2,4413.8,431203.0
2020-08-07,4399.8,4443.6,4321.0,4360.0,565488.0
2020-08-10,4380.4,4396.0,4173.8,4205.0,846158.0
2020-08-11,4228.2,4329.0,4135.2,4185.8,1317479.0
2020-08-12,4203.2,4330.0,4182.0,4288.8,1220993.0
2020-08-13,4411.8,4554.2,4317.4,4366.0,3722104.0
2020-08-14,4405.6,4459.8,4370.4,4389.6,2193720.0
2020-08-17,4406.2,4534.6,4406.0,4500.0,2532299.0
2020-08-18,4493.8,4548.0,4464.4,4503.0,1977361.0
2020-08-19,4510.0,4624.4,4505.4,4620.0,1961349.0
2020-08-20,4596.0,4760.0,4586.0,4700.0,2991385.0
2020-08-21,4725.2,4823.8,4717.6,4772.0,2525509.0
2020-08-24,4792.2,4920.0,4770.2,4913.4,2313397.0
2020-08-25,4920.2,5078.2,4890.6,5055.0,2614166.0
2020-08-26,5063.2,5135.8,4816.4,4973.6,3774617.0
2020-08-27,4993.6,5022.8,4791.0,4842.8,2604003.0
2020-08-28,4867.2,4928.2,4761.0,4845.0,2429625.0
2020-08-31,4888.0,5165.0,4881.0,5089.4,22750215.0
2020-09-01,5082.6,5177.0,4984.8,5033.0,3622595.0
2020-09-02,5070.0,5118.2,4943.0,5070.0,2459368.0
2020-09-03,5043.8,5106.0,4870.0,4917.8,2587899.0
2020-09-04,4890.6,4993.8,4766.0,4885.0,2799228.0
2020-09-07,4845.0,4997.8,4810.0,4975.0,1264674.0
2020-09-08,4980.2,5035.0,4660.2,4670.2,3248397.0
2020-09-09,4695.0,4759.0,4650.0,4743.4,1686076.0
2020-09-10,4738.8,4775.0,4585.0,4597.8,1788524.0
2020-09-11,4626.0,4692.2,4572.2,4662.0,1493158.0
2020-09-14,4680.0,4760.0,4665.2,4730.0,1131139.0
2020-09-15,4730.2,4836.8,4656.0,4685.8,1759118.0
2020-09-16,4704.0,4719.6,4608.0,4637.0,900653.0
2020-09-17,4606.0,4614.0,4483.4,4595.0,1633678.0
2020-09-18,4585.0,4643.6,4552.0,4628.0,1015803.0
2020-09-21,4615.2,4626.8,4488.2,4527.8,1002994.0
2020-09-22,4534.0,4900.0,4490.0,4900.0,3090318.0
2020-09-23,5100.0,5653.2,4941.6,5008.6,13054589.0
2020-09-24,5016.6,5045.8,4763.4,4775.0,2950463.0
2020-09-25,4797.0,4959.8,4710.0,4934.0,1839588.0
2020-09-28,4951.8,5119.8,4941.8,5080.0,1758903.0
2020-09-29,5074.4,5131.0,4940.0,5095.0,1482489.0
2020-09-30,5078.2,5106.8,5022.4,5062.0,704126.0
2020-10-01,5072.4,5108.6,4902.0,4928.8,1209875.0
2020-10-02,4907.8,4988.6,4844.8,4907.0,1192250.0
2020-10-05,4934.0,5010.0,4872.2,4980.0,816213.0
2020-10-06,4982.2,4999.2,4833.4,4869.0,1009472.0
2020-10-07,4891.8,4902.8,4740.0,4779.4,979550.0
2020-10-08,4800.4,4816.6,4690.2,4714.6,903958.0
2020-10-09,4732.2,4766.0,4620.8,4683.0,1093789.0
2020-10-12,4694.0,4794.0,4685.0,4759.8,965369.0
2020-10-13,4759.4,4855.0,4736.8,4838.8,1224955.0
2020-10-14,4843.6,4885.4,4752.0,4772.0,868759.0
2020-10-15,4756.6,4780.0,4677.0,4754.4,1013258.0
2020-10-16,4754.2,4779.8,4503.0,4530.0,2239810.0
2020-10-19,4551.0,4571.8,4427.2,4457.0,1424787.0
2020-10-20,4463.2,4494.0,4311.4,4340.0,1493008.0
2020-10-21,4351.0,4440.0,4263.6,4410.2,1857616.0
2020-10-22,4405.0,4508.6,4373.0,4455.0,1490652.0
2020-10-23,4443.0,4529.8,4435.2,4523.2,766336.0
2020-10-26,4499.6,4540.6,4450.2,4504.0,624050.0
2020-10-27,4500.0,4623.0,4475.6,4600.8,901719.0
2020-10-28,4590.0,4637.0,4500.0,4586.0,1388479.0
2020-10-29,4605.0,4655.0,4584.4,4637.2,992726.0
2020-10-30,4597.8,4619.6,4515.0,4561.0,651709.0
2020-11-02,4557.2,4685.0,4543.4,4589.2,843940.0
2020-11-03,4605.0,4627.8,4536.0,4591.0,858907.0
2020-11-05,4765.0,4867.0,4710.2,4854.8,1492806.0
2020-11-06,4830.0,4934.4,4780.0,4927.0,1023911.0
2020-11-09,4988.0,5077.8,4933.4,4985.4,1831036.0
2020-11-10,4976.0,4986.0,4696.0,4696.0,1651350.0
2020-11-11,4725.4,4813.6,4666.2,4724.8,1630908.0
2020-11-12,4709.6,4775.0,4703.0,4718.8,596016.0
2020-11-13,4748.0,4799.8,4732.0,4799.0,382448.0
2020-11-16,4806.2,4839.8,4705.2,4735.2,689840.0
2020-11-17,4745.0,4765.0,4632.0,4680.0,464480.0
2020-11-18,4662.4,4750.0,4641.2,4691.2,504218.0
2020-11-19,4698.2,4755.0,4678.0,4742.6,353059.0
2020-11-20,4744.0,4792.8,4720.0,4745.6,335322.0
2020-11-23,4750.0,4783.0,4680.0,4687.6,611856.0
2020-11-24,4711.0,4966.6,4695.4,4935.8,1518366.0
2020-11-25,4951.8,4960.0,4846.0,4946.0,836646.0
2020-11-26,4940.8,5034.8,4915.8,4985.2,621134.0
2020-11-27,5006.8,5170.0,4970.2,5115.0,988908.0
2020-11-30,5099.8,5418.4,5065.2,5278.0,3552109.0
2020-12-01,5308.2,5389.6,5240.4,5310.4,1215891.0
2020-12-02,5309.0,5327.2,5180.2,5193.6,785382.0
2020-12-03,5212.0,5245.0,5136.2,5166.0,524297.0
2020-12-04,5185.8,5228.0,5055.4,5065.2,821760.0
2020-12-07,5066.0,5113.2,4962.6,5002.2,729697.0
2020-12-08,5009.6,5077.8,4952.6,5066.4,777084.0
2020-12-09,5063.4,5230.8,5040.0,5094.0,970424.0
2020-12-10,5119.6,5189.8,4990.6,5169.2,760322.0
2020-12-11,5148.0,5194.0,5092.2,5124.0,493797.0
2020-12-14,5150.8,5160.8,5010.2,5040.0,593129.0
2020-12-15,5059.0,5109.4,5015.0,5050.0,385675.0
2020-12-16,5076.0,5204.8,5050.0,5198.0,537105.0
2020-12-17,5183.8,5283.6,5100.8,5145.4,926687.0
2020-12-18,5160.2,5209.0,5080.2,5082.0,761329.0
2020-12-21,5100.0,5139.8,4991.4,5004.4,874186.0
2020-12-22,5008.8,5095.0,4982.0,5084.0,423976.0
2020-12-23,5072.2,5149.8,5041.4,5113.0,351103.0
2020-12-24,5126.8,5137.8,4990.4,5029.0,335241.0
2020-12-25,5029.0,5049.8,5002.0,5039.8,91780.0
2020-12-28,5048.6,5078.4,4986.2,5026.4,337357.0
2020-12-29,5017.0,5065.2,4996.0,5020.4,342093.0
2020-12-30,5022.0,5183.2,5006.4,5167.0,475906.0
2021-01-04,5167.8,5235.0,5113.0,5185.2,574279.0
2021-01-05,5184.0,5389.4,5141.0,5340.4,688355.0
2021-01-06,5300.0,5338.8,5150.0,5188.8,806459.0
2021-01-08,5230.6,5323.4,5220.0,5254.2,892172.0
2021-01-11,5257.6,5303.0,5200.4,5214.2,797440.0
2021-01-12,5224.6,5270.0,5100.2,5121.8,626655.0
2021-01-13,5150.0,5198.6,5053.0,5079.8,554710.0
2021-01-14,5098.0,5132.4,5006.0,5077.4,740196.0
2021-01-15,5070.0,5128.0,4988.8,4998.0,796721.0
2021-01-18,5002.0,5061.0,4990.0,5043.6,534674.0
2021-01-19,5057.0,5069.8,4965.4,5008.8,646875.0
2021-01-20,5016.0,5178.0,4985.0,5170.0,819724.0
2021-01-21,5130.2,5167.0,5006.2,5069.0,1020112.0
2021-01-22,5036.8,5098.8,5010.0,5015.8,577323.0
2021-01-25,5039.4,5089.0,4860.4,4901.8,1249250.0
2021-01-26,4941.8,4984.0,4884.6,4898.2,1012315.0
2021-01-27,4909.2,4937.0,4775.4,4828.4,1030102.0
2021-01-28,4824.8,4917.0,4800.4,4876.2,478920.0
2021-01-29,4859.8,4879.2,4713.2,4760.6,809513.0
2021-02-01,4786.4,4857.8,4728.6,4847.4,573930.0
2021-02-02,4850.4,4999.8,4850.4,4997.0,846570.0
2021-02-03,4984.0,5005.0,4901.6,4917.2,673322.0
2021-02-04,4934.0,5018.6,4903.4,5016.6,686670.0
2021-02-05,4990.2,5024.6,4913.0,4973.6,580426.0
2021-02-08,4995.6,5075.0,4973.2,5060.4,555898.0
2021-02-09,5062.4,5170.0,4995.2,5147.2,787338.0
2021-02-10,5142.8,5349.6,5105.0,5306.0,1508444.0
2021-02-11,5310.0,5394.0,5229.6,5361.6,912316.0
2021-02-12,5374.6,5459.2,5265.0,5448.0,1040840.0
2021-02-15,5463.4,5549.6,5404.0,5478.0,576146.0
2021-02-16,5483.8,5517.2,5325.4,5348.0,1160561.0
2021-02-17,5348.0,5362.8,5100.2,5187.0,1368065.0
2021-02-18,5205.0,5207.0,5005.4,5007.8,1181958.0
2021-02-19,5035.0,5142.0,4951.2,5005.0,1449078.0
2021-02-20,5053.8,5067.6,5007.0,5064.0,196731.0
2021-02-22,5024.4,5048.8,4902.2,4918.0,908836.0
2021-02-24,4960.0,5032.0,4901.2,4928.2,1001828.0
2021-02-25,4945.0,4975.0,4821.0,4857.4,906961.0
2021-02-26,4851.0,4875.8,4762.0,4813.2,1438926.0
2021-03-01,4858.6,5009.2,4820.2,5004.6,1090605.0
2021-03-02,4968.4,5068.6,4960.0,5027.0,683676.0
2021-03-03,5054.8,5133.0,4875.0,4890.2,1021134.0
2021-03-04,4906.2,4953.0,4662.4,4718.2,1342783.0
2021-03-05,4729.8,4819.8,4626.8,4722.8,1438430.0
2021-03-09,4589.8,4769.2,4575.0,4707.6,1501368.0
2021-03-10,4720.0,4831.2,4652.8,4692.0,1117692.0
2021-03-11,4716.0,4898.0,4713.6,4889.8,941686.0
2021-03-12,4858.8,4963.6,4816.0,4960.4,757248.0
2021-03-15,4972.0,5063.8,4932.0,5039.0,1138969.0
2021-03-16,5049.2,5177.8,4957.0,5161.8,1550466.0
2021-03-17,5150.0,5150.0,4955.0,5037.6,1872694.0
2021-03-18,5061.6,5120.0,4826.2,4858.0,1791738.0
2021-03-19,4873.0,4954.8,4812.6,4880.0,1153421.0
2021-03-22,4894.0,4954.6,4875.0,4891.0,539226.0
2021-03-23,4890.6,4953.6,4853.8,4906.0,669877.0
2021-03-24,4910.2,4977.2,4825.0,4850.0,845120.0
2021-03-25,4851.0,4878.8,4683.0,4741.0,1120317.0
2021-03-26,4766.6,4833.8,4700.2,4785.0,798846.0
2021-03-29,4785.0,4835.0,4735.0,4830.0,620133.0
2021-03-30,4818.6,4818.6,4721.0,4788.0,715561.0
2021-03-31,4804.4,4915.0,4725.0,4859.0,1119731.0
2021-04-01,4886.0,4962.8,4868.0,4949.2,832481.0
2021-04-02,4960.0,4960.0,4890.0,4935.0,294486.0
2021-04-05,4935.0,4958.4,4884.0,4940.0,409203.0
2021-04-06,4937.0,4991.6,4917.8,4961.8,691979.0
2021-04-07,4963.0,4979.8,4822.0,4845.2,666770.0
2021-04-08,4872.4,4958.0,4850.0,4888.0,700448.0
2021-04-09,4885.2,4891.4,4794.0,4813.0,469363.0
2021-04-12,4806.0,4907.0,4777.2,4854.8,627250.0
2021-04-13,4865.2,4882.0,4510.0,4600.0,3817613.0
2021-04-14,4630.0,4721.4,4576.2,4661.0,2828314.0
2021-04-15,4636.6,4697.4,4617.0,4677.8,988193.0
2021-04-16,4683.8,4697.0,4650.6,4690.0,553149.0
2021-04-19,4695.0,4743.4,4650.0,4663.8,953222.0
2021-04-20,4679.4,4707.0,4621.0,4665.6,796491.0
2021-04-21,4667.8,4677.8,4631.4,4648.0,423533.0
2021-04-22,4642.0,4687.0,4590.0,4605.0,850772.0
2021-04-23,4623.2,4623.2,4521.4,4570.2,831281.0
2021-04-26,4570.2,4721.0,4558.8,4703.6,1112408.0
2021-04-27,4707.0,4776.0,4671.0,4732.0,993756.0
2021-04-28,4730.2,4857.8,4676.2,4834.8,2009902.0
2021-04-29,4851.4,5054.8,4834.0,5040.0,1769231.0
2021-04-30,5027.2,5048.0,4887.2,4934.8,1318008.0
2021-05-04,4910.0,4948.0,4742.0,4802.2,987366.0
2021-05-05,4821.6,4924.8,4815.2,4864.4,698437.0
2021-05-06,4859.6,4909.0,4751.2,4828.6,770602.0
2021-05-07,4839.8,4859.0,4785.0,4831.6,514574.0
2021-05-10,4824.0,4836.8,4690.0,4702.8,679601.0
2021-05-11,4685.0,4698.0,4570.8,4678.0,1203590.0
2021-05-12,4678.0,4731.4,4581.4,4601.0,964585.0
2021-05-13,4599.8,4659.8,4574.0,4638.4,836836.0
2021-05-14,4651.8,4699.2,4615.6,4687.0,503970.0
2021-05-17,4685.0,4706.6,4609.2,4704.2,537501.0
2021-05-18,4726.0,4814.6,4700.0,4740.0,967606.0
2021-05-19,4752.0,4755.2,4653.0,4741.6,594753.0
2021-05-20,4748.0,4762.0,4666.0,4750.8,549267.0
2021-05-21,4740.0,4796.6,4692.0,4767.2,635993.0
2021-05-24,4790.6,4900.0,4741.2,4891.8,785575.0
2021-05-25,4890.2,4928.8,4881.2,4897.8,489356.0
2021-05-26,4905.4,5005.0,4898.4,4995.4,728677.0
2021-05-27,4995.0,5020.0,4930.0,4962.2,1123473.0
2021-05-28,4980.8,5012.6,4920.2,4945.0,363633.0
2021-05-31,4974.0,4998.8,4916.2,4942.0,231371.0
2021-06-01,4950.0,5030.0,4890.0,4933.0,581810.0
2021-06-02,4933.0,4988.0,4895.0,4948.0,680065.0
2021-06-03,4979.2,4994.0,4886.6,4901.8,453756.0
2021-06-04,4914.4,4935.4,4861.2,4923.4,534795.0
2021-06-07,4923.4,4928.2,4865.0,4911.4,322039.0
2021-06-08,4912.4,4935.2,4871.8,4889.6,429070.0
2021-06-09,4899.8,5020.0,4865.2,4973.0,843246.0
2021-06-10,4968.0,5025.0,4930.0,5005.8,510385.0
2021-06-11,5020.0,5093.2,4975.6,5056.8,871342.0
2021-06-14,5070.6,5096.4,5037.2,5090.0,214712.0
2021-06-15,5087.4,5087.4,4910.2,4925.0,559238.0
2021-06-16,4931.6,4993.0,4899.0,4962.8,534296.0
2021-06-17,4952.6,5063.0,4928.2,5041.4,642669.0
2021-06-18,5032.0,5110.0,4951.6,5047.0,865518.0
2021-06-21,5047.0,5123.0,5002.0,5008.4,491552.0
2021-06-22,5016.8,5036.0,4982.0,5007.0,366983.0
2021-06-23,5008.8,5046.4,4985.0,5040.0,319871.0
2021-06-24,5050.0,5070.0,5007.0,5033.0,375630.0
2021-06-25,5040.2,5103.0,5020.6,5088.0,363564.0
2021-06-28,5088.0,5155.0,5064.0,5099.8,337688.0
2021-06-29,5102.8,5119.8,5027.0,5084.6,486779.0
2021-06-30,5084.0,5199.0,5071.2,5176.6,859944.0
2021-07-01,5179.0,5199.0,5089.4,5168.6,380605.0
2021-07-02,5140.6,5229.8,5127.6,5216.0,338974.0
2021-07-05,5230.2,5236.4,5191.2,5212.4,191960.0
2021-07-06,5209.4,5262.4,5163.0,5247.4,476766.0
2021-07-07,5248.0,5410.0,5235.6,5341.4,1001716.0
2021-07-08,5340.0,5379.8,5216.0,5354.2,619467.0
2021-07-09,5361.6,5361.6,5151.0,5235.8,625317.0
2021-07-12,5250.2,5296.8,5208.8,5281.0,349925.0
2021-07-13,5273.8,5298.0,5206.2,5256.8,374339.0
2021-07-14,5252.2,5278.8,5172.2,5177.8,382642.0
2021-07-15,5174.0,5238.8,5140.0,5188.0,313127.0
2021-07-16,5193.8,5235.0,5137.8,5150.0,345078.0
2021-07-19,5150.0,5179.0,5059.8,5109.0,545818.0
2021-07-20,5122.8,5127.6,5045.2,5095.4,332912.0
2021-07-21,5100.0,5165.0,5075.4,5151.2,260067.0
2021-07-22,5161.8,5198.8,5112.0,5165.8,381228.0
2021-07-23,5173.4,5198.8,5115.0,5196.4,304303.0
2021-07-26,5185.6,5237.0,5130.0,5155.2,669192.0
2021-07-27,5154.8,5177.2,4975.4,5035.2,740135.0
2021-07-28,5014.0,5137.4,5000.4,5076.8,692146.0
2021-07-29,5076.2,5095.8,5005.0,5034.6,505841.0
2021-07-30,5011.0,5026.0,4905.0,4970.4,954770.0
2021-08-02,4994.0,5007.6,4928.0,4938.0,353448.0
2021-08-03,4944.2,4972.0,4910.2,4934.0,445134.0
2021-08-04,4943.4,5019.8,4910.0,4989.6,479392.0
2021-08-05,4992.4,5032.2,4960.2,4995.0,376717.0
2021-08-06,4991.0,5025.2,4920.0,4971.2,393665.0
2021-08-09,4971.2,5007.0,4936.0,4971.0,268030.0
2021-08-10,4986.4,4994.0,4930.8,4966.2,276377.0
2021-08-11,4970.0,5065.0,4945.0,5036.4,453405.0
2021-08-12,5026.0,5068.6,4971.0,4984.4,369995.0
2021-08-13,4984.8,5000.4,4935.0,4975.0,214780.0
2021-08-16,4970.0,5093.4,4960.0,5093.0,581957.0
2021-08-17,5065.0,5139.8,5061.4,5065.2,536075.0
2021-08-18,5096.2,5127.0,5052.4,5055.2,294711.0
2021-08-19,5052.0,5115.0,4994.2,5065.6,506013.0
2021-08-20,5065.6,5113.8,5016.0,5061.0,287267.0
2021-08-23,5093.0,5124.8,5047.0,5104.0,303032.0
2021-08-24,5115.0,5159.2,5061.2,5159.0,372150.0
2021-08-25,5150.0,5155.4,5106.0,5129.6,248387.0
2021-08-26,5129.6,5233.8,5091.0,5219.0,399212.0
2021-08-27,5218.0,5326.8,5180.0,5308.0,593499.0
2021-08-30,5309.8,5405.0,5290.0,5352.4,570458.0
2021-08-31,5385.8,5647.0,5378.0,5615.0,1520571.0
2021-09-01,5624.0,5767.4,5565.0,5699.6,1061509.0
2021-09-02,5724.8,5773.0,5629.6,5636.4,709017.0
2021-09-03,5649.8,5738.2,5592.0,5732.6,525282.0
2021-09-06,5740.0,5860.0,5726.6,5804.0,382579.0
2021-09-07,5810.0,5828.6,5689.0,5690.8,618931.0
2021-09-08,5687.8,5759.8,5647.4,5712.6,543506.0
2021-09-09,5701.4,5766.0,5642.0,5735.0,411425.0
2021-09-10,5745.6,5896.0,5707.8,5868.4,450366.0
2021-09-13,5892.6,5948.0,5817.0,5939.2,513262.0
2021-09-14,5942.0,5988.6,5872.0,5973.0,533537.0
2021-09-15,5970.8,5990.4,5861.8,5892.0,504454.0
2021-09-16,5894.0,5986.4,5866.4,5872.0,659483.0
2021-09-17,5884.0,5924.8,5825.6,5828.4,543387.0
2021-09-20,5827.0,5877.0,5767.0,5785.0,494076.0
2021-09-21,5808.0,5839.0,5726.0,5771.8,379725.0
2021-09-22,5782.0,5796.6,5722.0,5755.0,382770.0
2021-09-23,5755.0,5890.0,5735.0,5885.0,354430.0
2021-09-24,5890.0,5890.0,5786.0,5850.4,272481.0
2021-09-27,5851.0,5980.0,5831.4,5949.2,694533.0
2021-09-28,5949.4,5964.8,5750.2,5788.0,509369.0
2021-09-29,5789.8,5880.0,5741.0,5762.4,351585.0
2021-09-30,5769.6,5849.0,5731.0,5804.6,501002.0
2021-10-01,5774.0,5843.8,5745.2,5766.4,334023.0
2021-10-04,5764.6,5774.6,5433.4,5504.0,937249.0
2021-10-05,5472.6,5639.6,5464.2,5594.2,930282.0
2021-10-06,5592.0,5699.0,5500.0,5694.2,764711.0
2021-10-07,5695.4,5767.8,5649.8,5705.2,756213.0
2021-10-08,5700.4,5729.6,5639.2,5701.6,498047.0
2021-10-11,5703.4,5736.8,5587.6,5622.2,446168.0
2021-10-12,5607.0,5653.6,5545.0,5549.0,491568.0
2021-10-13,5560.0,5629.0,5524.6,5553.8,483838.0
2021-10-14,5582.2,5619.0,5492.2,5518.0,578126.0
2021-10-15,5535.0,5546.0,5400.2,5427.2,589950.0
2021-10-18,5403.4,5489.2,5382.0,5488.8,349478.0
2021-10-19,5495.0,5540.0,5431.0,5480.0,498543.0
2021-10-20,5480.8,5526.0,5405.2,5420.2,414060.0
2021-10-21,5415.8,5449.0,5370.0,5390.0,364841.0
2021-10-22,5392.0,5434.8,5308.6,5325.8,444860.0
2021-10-25,5340.6,5422.0,5319.0,5383.0,429465.0
2021-10-26,5415.6,5432.0,5283.8,5309.6,440939.0
2021-10-27,5315.0,5628.6,5241.4,5573.8,1334260.0
2021-10-28,5558.0,5872.4,5542.0,5823.0,1468815.0
2021-10-29,5808.0,5913.6,5742.0,5879.2,1104111.0
2021-11-01,5868.8,5947.4,5767.0,5890.0,575423.0
2021-11-02,5891.0,5974.0,5866.2,5942.4,434415.0
2021-11-03,5939.6,6046.6,5880.2,6027.0,552118.0
2021-11-05,6027.0,6145.0,5964.2,6120.0,794367.0
2021-11-08,6148.0,6217.0,6080.0,6161.0,625313.0
2021-11-09,6148.8,6188.0,5981.2,5990.4,474570.0
2021-11-10,5991.0,6057.0,5847.0,5857.8,554560.0
2021-11-11,5884.8,6024.8,5843.2,5966.6,457431.0
2021-11-12,5967.0,6023.8,5835.6,5970.2,870653.0
2021-11-15,5970.0,6045.6,5894.0,5928.4,498364.0
2021-11-16,5926.8,5962.0,5875.8,5936.4,391602.0
2021-11-17,5930.2,5957.6,5870.2,5931.6,317165.0
2021-11-18,5925.0,5995.8,5894.4,5993.8,323139.0
2021-11-19,6000.0,6150.0,5916.0,5968.8,668218.0
2021-11-22,5982.6,6048.6,5339.8,5450.0,2336930.0
2021-11-23,5430.0,5659.8,5372.0,5571.0,1531834.0
2021-11-24,5593.6,5640.0,5435.0,5542.2,1007009.0
2021-11-25,5565.0,5639.8,5526.2,5552.8,339351.0
2021-11-26,5416.0,5530.2,5316.2,5380.0,1248733.0
2021-11-29,5396.2,5529.0,5333.0,5407.0,1150358.0
2021-11-30,5353.0,5510.0,5261.2,5359.4,1632445.0
2021-12-01,5412.0,5458.6,5330.0,5330.8,616813.0
2021-12-02,5338.4,5412.6,5185.0,5255.0,954482.0
2021-12-03,5255.6,5283.0,5073.0,5100.6,880048.0
2021-12-06,5115.0,5169.0,4905.0,5068.0,820348.0
2021-12-07,5080.0,5178.0,4983.2,4992.0,978799.0
2021-12-08,5016.0,5071.2,4775.0,4932.2,1047121.0
2021-12-09,4940.0,5013.2,4825.0,4853.6,897646.0
2021-12-10,4864.0,4887.0,4650.0,4664.0,1103320.0
2021-12-13,4675.0,4728.8,4505.0,4560.0,1414380.0
2021-12-14,4559.8,4675.0,4237.2,4586.4,1153004.0
2021-12-15,4597.4,4619.0,4462.0,4511.6,826761.0
2021-12-16,4526.0,4810.4,4505.6,4609.6,1817718.0
2021-12-17,4610.0,4700.6,4541.0,4630.2,1105894.0
2021-12-20,4598.0,4649.4,4471.2,4474.8,771984.0
2021-12-21,4490.0,4603.6,4480.4,4578.8,629884.0
2021-12-22,4621.0,4650.2,4488.0,4488.4,916480.0
2021-12-23,4500.0,4539.6,4366.0,4410.6,801704.0
2021-12-24,4425.6,4449.0,4325.8,4424.8,553474.0
2021-12-27,4428.0,4500.0,4427.0,4467.8,597408.0
2021-12-28,4475.0,4535.0,4457.6,4482.0,697962.0
2021-12-29,4482.2,4528.6,4380.0,4418.8,887117.0
2021-12-30,4426.6,4584.6,4409.6,4569.4,755485.0
2022-01-03,4570.0,4631.8,4503.2,4515.2,848647.0
2022-01-04,4525.8,4577.0,4413.0,4479.8,906790.0
2022-01-05,4477.0,4477.0,4270.0,4275.0,990732.0
2022-01-06,4275.0,4374.2,4206.2,4226.6,1177922.0
2022-01-10,4194.0,4262.4,4061.4,4196.4,1491994.0
2022-01-11,4217.2,4398.6,4177.8,4338.2,1677241.0
2022-01-12,4355.0,4464.8,4330.0,4393.2,1487477.0
2022-01-13,4393.0,4450.0,4150.0,4168.0,1978967.0
2022-01-14,4175.2,4250.0,3726.0,3938.6,3328471.0
2022-01-17,3953.2,4088.8,3875.0,4075.6,1906402.0
2022-01-18,4084.6,4115.6,3739.0,3769.0,2665731.0
2022-01-19,3770.2,3968.6,3570.0,3701.8,3633679.0
2022-01-20,3705.0,3860.0,3665.0,3669.2,2675018.0
2022-01-21,3650.8,3748.2,3475.2,3490.0,2983581.0
2022-01-24,3495.0,3550.0,3094.8,3345.0,4851065.0
2022-01-25,3325.2,3477.0,3225.0,3409.2,3461723.0
2022-01-26,3424.0,3563.8,3314.4,3364.8,3250109.0
2022-01-27,3320.0,3595.0,3276.0,3405.2,4035166.0
2022-01-28,3421.0,3525.0,3371.6,3448.4,3395043.0
2022-01-31,3487.0,3718.2,3456.0,3717.6,2663098.0
2022-02-01,3715.0,3944.8,3662.8,3724.0,3344738.0
2022-02-02,3749.0,3840.0,3640.0,3675.0,2710466.0
2022-02-03,3629.8,3635.6,3483.4,3517.0,2413099.0
2022-02-04,3575.0,3644.0,3460.6,3502.4,2120916.0
2022-02-07,3511.4,3550.0,3422.8,3468.0,1247103.0
2022-02-08,3477.8,3625.8,3452.8,3624.2,1924481.0
2022-02-09,3640.0,3777.0,3633.6,3763.0,2115707.0
2022-02-10,3760.0,3900.2,3651.8,3805.0,2899424.0
2022-02-11,3789.4,3828.0,3400.0,3429.8,3928913.0
2022-02-14,3428.2,3540.0,3306.8,3471.4,4795126.0
2022-02-15,3518.4,3992.8,3497.4,3953.2,7828656.0
2022-02-16,3981.0,4184.4,3893.0,4044.8,5892747.0
2022-02-17,4044.0,4044.0,3737.2,3772.6,4475290.0
2022-02-18,3800.0,3880.0,3457.0,3475.4,5000023.0
2022-02-21,3465.0,3648.8,2845.0,3065.8,10649817.0
2022-02-22,3027.4,3409.8,2900.0,3154.8,10240422.0
2022-02-24,2954.0,2954.0,1700.0,1990.0,9011283.0
2022-02-25,1949.8,2385.0,1900.0,1931.2,5757694.0
2022-03-29,2010.0,2173.0,1932.0,2020.0,2573925.0
2022-03-30,2100.2,2250.0,2025.0,2154.0,1740526.0
2022-03-31,2220.2,2290.0,2155.0,2259.0,1676144.0
2022-04-01,2299.4,2460.0,2280.0,2325.0,2138371.0
2022-04-04,2370.2,2420.0,2201.0,2285.0,1768864.0
2022-04-05,2299.0,2340.0,2020.0,2158.4,1723047.0
2022-04-06,2109.0,2145.0,2025.0,2070.8,1395892.0
2022-04-07,2072.0,2246.2,2071.0,2130.0,1406513.0
2022-04-08,2172.0,2188.6,2075.0,2115.0,620413.0
2022-04-11,2120.8,2160.0,2071.0,2097.0,428052.0
2022-04-12,2099.8,2115.0,1980.8,2074.0,471934.0
2022-04-13,2081.0,2115.0,2050.0,2088.0,243959.0
2022-04-14,2087.0,2099.2,1943.0,1945.2,511030.0
2022-04-15,1955.8,1996.0,1900.2,1979.6,342649.0
2022-04-18,1997.2,2019.2,1871.2,1880.2,419550.0
2022-04-19,1885.0,1910.6,1732.2,1857.6,784163.0
2022-04-20,1870.0,1890.0,1782.4,1789.8,780645.0
2022-04-21,1798.2,1808.6,1642.8,1646.0,969505.0
2022-04-22,1668.6,1695.0,1532.0,1692.0,1132432.0
2022-04-25,1692.4,1698.0,1520.0,1520.8,816131.0
2022-04-26,1520.2,1628.0,1500.0,1600.8,979187.0
2022-04-27,1619.0,1770.0,1587.0,1748.6,914538.0
2022-04-28,1761.0,1928.6,1717.0,1721.0,1223911.0
2022-04-29,1735.0,1817.6,1734.2,1766.6,394680.0
2022-05-04,1792.2,1813.6,1684.2,1699.0,368114.0
2022-05-05,1717.8,1751.8,1703.0,1734.4,187108.0
2022-05-06,1730.0,1731.4,1655.0,1688.0,199869.0
2022-05-11,1688.2,1728.6,1634.0,1677.4,255168.0
2022-05-12,1670.4,1681.2,1543.6,1594.0,259497.0
2022-05-13,1604.6,1624.6,1574.2,1593.0,120870.0
2022-05-16,1618.0,1679.0,1562.0,1638.2,265490.0
2022-05-17,1658.2,1707.0,1649.8,1701.0,204637.0
2022-05-18,1708.0,1795.0,1701.8,1715.8,321392.0
2022-05-19,1699.0,1713.0,1640.0,1705.0,203252.0
2022-05-20,1721.8,1733.4,1600.0,1646.0,260762.0
2022-05-23,1640.0,1673.8,1570.6,1592.8,199081.0
2022-05-24,1590.2,1629.0,1530.2,1590.0,196650.0
2022-05-25,1594.0,1636.0,1572.0,1608.0,187667.0
2022-05-26,1617.8,1708.6,1608.0,1670.0,460793.0
2022-05-27,1685.6,1705.0,1630.0,1644.0,220303.0
2022-05-30,1652.6,1663.0,1592.2,1597.6,213919.0
2022-05-31,1590.0,1602.0,1550.4,1567.8,151631.0
2022-06-01,1567.0,1623.0,1559.0,1586.0,226402.0
2022-06-02,1590.0,1607.6,1564.6,1592.0,203846.0
2022-06-03,1591.0,1620.0,1366.4,1497.0,1367133.0
2022-06-06,1504.6,1525.6,1385.0,1399.8,903197.0
2022-06-07,1395.0,1442.6,1333.0,1438.0,759930.0
2022-06-08,1450.0,1495.0,1441.4,1456.2,368870.0
2022-06-09,1458.0,1461.2,1382.0,1401.4,379390.0
2022-06-10,1390.0,1470.0,1350.0,1400.8,492575.0
2022-06-14,1380.0,1429.2,1360.0,1386.0,323484.0
2022-06-15,1390.6,1407.8,1380.2,1390.0,239546.0
2022-06-16,1404.0,1457.0,1390.0,1456.2,473524.0
2022-06-17,1460.4,1511.4,1433.4,1465.0,453160.0
2022-06-20,1468.0,1566.0,1467.8,1560.8,569095.0
2022-06-21,1574.0,1629.0,1531.2,1533.8,591291.0
2022-06-22,1525.0,1600.0,1500.4,1600.0,331398.0
2022-06-23,1603.6,1669.0,1581.0,1662.0,460065.0
2022-06-24,1665.0,1680.0,1610.4,1645.0,245110.0
2022-06-27,1660.0,1779.0,1645.2,1779.0,522537.0
2022-06-28,1781.2,1781.2,1731.2,1750.0,394456.0
2022-06-29,1748.0,1748.8,1666.2,1712.0,309255.0
2022-06-30,1710.0,1730.0,1565.8,1603.8,489807.0
2022-07-01,1595.2,1627.0,1552.0,1596.0,215038.0
2022-07-04,1604.6,1688.0,1571.8,1660.0,316882.0
2022-07-05,1679.8,1742.0,1660.0,1701.4,357880.0
2022-07-06,1720.4,1748.0,1634.8,1655.0,400756.0
2022-07-07,1660.2,1729.0,1660.2,1711.0,417994.0
2022-07-08,1720.2,1739.4,1685.4,1704.0,261884.0
2022-07-11,1706.0,1740.0,1660.0,1678.0,359813.0
2022-07-12,1679.8,1680.6,1595.0,1660.6,409730.0
2022-07-13,1660.6,1688.8,1586.0,1600.0,239032.0
2022-07-14,1610.2,1669.0,1572.0,1613.6,304258.0
2022-07-15,1626.0,1642.0,1602.6,1638.6,225685.0
2022-07-18,1650.0,1719.6,1645.0,1696.0,436145.0
2022-07-19,1699.8,1705.8,1645.0,1672.4,313716.0
2022-07-20,1680.0,1748.0,1670.4,1715.4,438717.0
2022-07-21,1720.6,1733.8,1658.6,1701.0,216408.0
2022-07-22,1708.0,1804.0,1706.2,1800.0,606519.0
2022-07-25,1827.0,1978.8,1810.0,1973.0,1198889.0
2022-07-26,1994.0,2170.0,1975.2,2136.0,2860775.0
2022-07-27,2149.0,2150.0,2020.0,2072.0,1808534.0
2022-07-28,2085.0,2109.0,2038.0,2063.0,569081.0
2022-07-29,2055.0,2078.0,1950.0,1952.0,1286947.0
2022-08-01,1948.0,1973.0,1852.2,1926.2,979741.0
2022-08-02,1922.8,1948.0,1860.2,1891.2,642364.0
2022-08-03,1898.0,1986.2,1895.0,1956.0,709763.0
2022-08-04,1985.0,2032.0,1975.0,2000.0,704153.0
2022-08-05,2030.4,2030.4,1811.2,1837.0,1358695.0
2022-08-08,1984.0,1985.6,1893.0,1933.0,896927.0
2022-08-09,1935.0,1949.0,1887.6,1944.4,428532.0
2022-08-10,1944.4,1989.0,1930.2,1971.8,392508.0
2022-08-11,1981.0,2014.4,1901.0,1915.6,570623.0
2022-08-12,1915.0,1948.8,1888.8,1903.0,507510.0
2022-08-15,1908.8,1933.0,1872.2,1904.0,349933.0
2022-08-16,1917.6,1940.8,1901.0,1935.0,226498.0
2022-08-17,1940.0,1979.2,1930.2,1958.0,316563.0
2022-08-18,1962.0,1975.0,1943.0,1966.0,207864.0
2022-08-19,1964.0,1965.0,1920.0,1936.6,191253.0
2022-08-22,1936.6,2022.0,1920.4,2006.0,578456.0
2022-08-23,2011.8,2089.0,2011.0,2082.2,756212.0
2022-08-24,2095.0,2123.0,2070.0,2085.2,535171.0
2022-08-25,2086.0,2120.0,2085.0,2118.8,424759.0
2022-08-26,2120.0,2130.0,2089.4,2100.0,309737.0
2022-08-29,2100.0,2112.0,2081.8,2105.0,281092.0
2022-08-30,2107.6,2205.0,2096.0,2190.0,1021768.0
2022-08-31,2199.0,2236.0,2111.2,2170.6,692807.0
2022-09-01,2180.0,2195.4,2150.4,2178.0,300430.0
2022-09-02,2177.6,2180.0,2116.0,2150.0,423558.0
2022-09-05,2155.0,2160.0,2121.6,2155.0,210953.0
2022-09-06,2156.6,2183.0,2007.2,2070.0,856283.0
2022-09-07,2071.0,2105.6,2034.0,2076.0,385611.0
2022-09-08,2076.0,2095.0,2036.0,2064.0,303647.0
2022-09-09,2071.2,2095.0,2042.0,2093.0,243031.0
2022-09-12,2089.8,2181.6,2078.0,2148.6,797013.0
2022-09-13,2160.0,2206.6,2142.4,2191.4,786628.0
2022-09-14,2192.8,2192.8,2109.4,2167.4,521919.0
2022-09-15,2166.0,2195.0,2151.2,2177.6,421177.0
2022-09-16,2180.0,2238.0,2175.0,2206.0,780976.0
2022-09-19,2207.0,2250.0,2198.0,2230.0,513110.0
2022-09-20,2238.6,2254.0,1890.0,2010.0,3596874.0
2022-09-21,1782.2,1978.0,1688.6,1899.4,2208774.0
2022-09-22,1902.6,1969.8,1892.4,1916.8,976973.0
2022-09-23,1922.8,1923.0,1750.0,1791.8,1516226.0
2022-09-26,1752.0,1762.0,1505.0,1543.0,2233701.0
2022-09-27,1580.0,1715.0,1575.0,1713.2,1710834.0
2022-09-28,1713.2,1796.0,1669.2,1780.0,1811098.0
2022-09-29,1803.6,1880.0,1756.0,1840.6,1819649.0
2022-09-30,1840.0,1940.0,1801.2,1877.6,2255911.0
2022-10-03,1877.8,1959.6,1868.0,1959.0,935982.0
2022-10-04,1968.0,2004.0,1901.0,1985.0,1244927.0
2022-10-05,1988.6,2059.4,1940.4,2029.8,1989674.0
2022-10-06,2043.6,2056.0,1977.0,2004.4,892275.0
2022-10-07,1993.0,1995.4,1913.0,1930.2,931770.0
2022-10-10,1810.2,1999.8,1810.0,1998.0,1415111.0
2022-10-11,2003.0,2037.8,1986.0,2006.6,848118.0
2022-10-12,2018.2,2058.8,1986.0,2044.0,837060.0
2022-10-13,2044.2,2089.0,2005.6,2032.0,1076310.0
2022-10-14,2035.2,2052.0,1967.2,1991.0,867035.0
2022-10-17,1998.8,2024.6,1983.6,2022.2,474896.0
2022-10-18,2034.4,2045.0,1953.4,1968.0,609477.0
2022-10-19,1969.2,1995.0,1871.6,1927.4,1426467.0
2022-10-20,1933.6,1955.2,1907.0,1928.8,539142.0
2022-10-21,1929.2,1982.4,1910.8,1976.0,446510.0
2022-10-24,1983.6,2012.0,1950.8,1973.4,351982.0
2022-10-25,1977.0,2026.8,1957.0,2020.2,471649.0
2022-10-26,2029.6,2036.8,1984.8,2008.0,462700.0
2022-10-27,2018.2,2038.6,2002.6,2021.0,414126.0
2022-10-28,2011.4,2026.8,1962.8,2021.8,472134.0
2022-10-31,2029.8,2109.0,2025.0,2109.0,803901.0
2022-11-01,2118.8,2160.0,2097.0,2157.0,747789.0
2022-11-02,2160.0,2165.0,2055.0,2110.0,574029.0
2022-11-03,2110.2,2134.0,2080.0,2119.0,802545.0
2022-11-07,2145.8,2162.0,2130.0,2151.6,573914.0
2022-11-08,2154.8,2165.0,2111.2,2127.6,343905.0
2022-11-09,2128.0,2128.6,2035.4,2060.4,606343.0
2022-11-10,2064.6,2129.0,2040.0,2111.6,491571.0
2022-11-11,2119.4,2139.6,2111.8,2122.2,328278.0
2022-11-14,2126.4,2150.0,2102.6,2132.4,317835.0
2022-11-15,2140.0,2184.0,1950.0,2071.6,1055573.0
2022-11-16,2090.0,2124.0,2066.0,2114.2,325735.0
2022-11-17,2115.2,2128.6,2081.2,2097.8,184839.0
2022-11-18,2097.0,2110.4,2065.0,2098.2,231699.0
2022-11-21,2091.0,2102.4,2038.0,2068.0,378347.0
2022-11-22,2067.0,2095.2,2050.0,2083.8,202290.0
2022-11-23,2085.8,2159.4,2061.0,2135.0,669003.0
2022-11-24,2151.0,2154.6,2108.4,2130.0,345805.0
2022-11-25,2120.0,2153.0,2006.0,2020.4,1924598.0
2022-11-28,1994.8,1995.6,1885.8,1914.2,2241618.0
2022-11-29,1918.8,1992.0,1916.4,1986.2,1182505.0
2022-11-30,1988.2,2014.6,1954.8,1996.6,762512.0
2022-12-01,1999.8,2003.6,1960.0,1980.2,411776.0
2022-12-02,1980.0,1980.2,1957.2,1971.2,268044.0
2022-12-05,1969.0,2004.4,1968.2,1985.8,600269.0
2022-12-06,1988.6,2000.0,1961.6,1989.4,367212.0
2022-12-07,1989.4,1989.8,1962.0,1976.4,218390.0
2022-12-08,1976.8,1984.8,1940.8,1958.4,312388.0
2022-12-09,1955.6,1963.0,1933.0,1949.4,193187.0
2022-12-12,1950.0,1959.6,1910.0,1921.8,279073.0
2022-12-13,1925.0,1927.0,1881.0,1899.2,489237.0
2022-12-14,1899.2,1899.8,1826.4,1851.0,749148.0
2022-12-15,1850.0,1883.0,1823.6,1849.6,567164.0
2022-12-16,1851.2,1862.2,1830.8,1836.4,255675.0
2022-12-19,1830.0,1834.8,1762.4,1768.8,582864.0
2022-12-20,1765.0,1845.0,1764.6,1842.0,507271.0
2022-12-21,1856.4,1878.0,1791.2,1833.8,521557.0
2022-12-22,1837.0,1865.0,1810.0,1847.0,424790.0
2022-12-23,1846.6,1847.0,1811.0,1821.2,400956.0
2022-12-26,1826.4,1829.8,1793.0,1811.4,393506.0
2022-12-27,1817.4,1849.6,1797.2,1834.0,356130.0
2022-12-28,1835.2,1846.0,1811.0,1815.8,347826.0
2022-12-29,1817.0,1828.2,1806.2,1819.6,233511.0
2022-12-30,1812.2,1823.0,1791.0,1817.8,370215.0
2023-01-03,1817.2,1839.0,1805.8,1832.0,209699.0
2023-01-04,1834.0,1877.0,1827.2,1867.0,221737.0
2023-01-05,1871.6,1886.8,1841.2,1855.4,156597.0
2023-01-06,1856.2,1864.4,1845.0,1850.4,74490.0
2023-01-09,1857.2,1874.2,1850.0,1866.8,216289.0
2023-01-10,1869.0,1873.8,1855.0,1870.0,195392.0
2023-01-11,1874.8,1909.6,1873.0,1909.0,306673.0
2023-01-12,1909.0,1914.8,1886.8,1897.8,202326.0
2023-01-13,1898.0,1914.6,1883.4,1912.0,208163.0
2023-01-16,1925.6,1955.0,1923.0,1953.8,313669.0
2023-01-17,1956.4,1958.4,1869.8,1889.6,533009.0
2023-01-18,1889.0,1931.8,1872.8,1906.6,407744.0
2023-01-19,1910.2,1914.0,1873.2,1882.4,195959.0
2023-01-20,1877.8,1913.8,1871.2,1904.8,307976.0
2023-01-23,1909.4,1948.0,1903.2,1945.0,338606.0
2023-01-24,1949.4,1959.8,1912.2,1919.8,422587.0
2023-01-25,1920.2,1927.6,1897.2,1914.8,236938.0
2023-01-26,1910.0,1924.8,1885.0,1902.8,249891.0
2023-01-27,1902.0,1916.0,1897.6,1912.0,154186.0
2023-01-30,1912.0,1938.6,1912.0,1934.0,188721.0
2023-01-31,1938.6,2047.4,1934.0,2047.2,1186473.0
2023-02-01,2051.0,2128.0,2036.2,2088.0,1729949.0
2023-02-02,2098.6,2102.6,2055.0,2075.0,418666.0
2023-02-03,2074.4,2074.4,2025.0,2055.8,537014.0
2023-02-06,2070.0,2108.0,2070.0,2094.6,763152.0
2023-02-07,2090.0,2104.2,2061.0,2076.6,441443.0
2023-02-08,2080.0,2080.0,2036.0,2060.2,421100.0
2023-02-09,2057.2,2058.6,2032.0,2040.4,245384.0
2023-02-10,2046.2,2065.2,2032.8,2060.8,321474.0
2023-02-13,2071.4,2092.4,2057.8,2065.2,397668.0
2023-02-14,2064.6,2065.0,1994.0,2028.6,795370.0
2023-02-15,2030.4,2048.0,1921.6,1969.2,1833428.0
2023-02-16,1981.0,2023.0,1958.0,1976.4,624540.0
2023-02-17,1975.0,1987.8,1956.0,1971.0,331242.0
2023-02-20,1968.0,1968.0,1913.0,1958.0,448046.0
2023-02-21,1969.8,2034.8,1960.0,1993.8,820897.0
2023-02-22,1998.4,1999.6,1969.8,1980.4,242025.0
2023-02-24,1986.4,1998.2,1980.4,1986.6,142949.0
2023-02-27,1949.0,2025.0,1930.2,2007.4,666089.0
2023-02-28,2014.8,2036.0,2010.0,2015.0,352946.0
2023-03-01,2019.8,2040.0,2015.0,2033.8,342963.0
2023-03-02,2037.8,2037.8,1955.2,1970.8,1220219.0
2023-03-03,1970.6,1991.2,1932.4,1984.2,355224.0
2023-03-06,1996.8,1999.2,1964.0,1973.0,588584.0
2023-03-07,1974.8,1978.6,1956.2,1961.8,337990.0
2023-03-09,1963.4,1970.4,1935.4,1942.0,464950.0
2023-03-10,1933.8,1940.0,1911.0,1917.0,477838.0
2023-03-13,1919.6,1939.6,1880.4,1907.4,679374.0
2023-03-14,1912.2,1913.8,1886.0,1901.2,382695.0
2023-03-15,1906.8,1910.8,1860.0,1864.2,543086.0
2023-03-16,1856.4,1882.0,1812.0,1851.0,1259109.0
2023-03-17,1859.6,1899.2,1847.2,1898.0,672443.0
2023-03-20,1900.0,1915.0,1881.0,1910.0,664723.0
2023-03-21,1915.0,1920.0,1866.0,1887.6,463924.0
2023-03-22,1885.0,1903.4,1866.6,1887.8,368458.0
2023-03-23,1887.8,1907.6,1885.2,1902.0,263327.0
2023-03-24,1902.8,1909.0,1880.0,1886.4,183485.0
2023-03-27,1889.8,1920.0,1889.8,1919.6,370357.0
2023-03-28,1923.4,1947.0,1920.8,1929.6,352927.0
2023-03-29,1932.8,1936.8,1907.0,1919.6,271441.0
2023-03-30,1919.6,1926.4,1911.0,1917.4,229580.0
2023-03-31,1921.0,1921.4,1888.4,1901.6,304340.0
2023-04-03,1910.0,1919.0,1902.6,1913.0,225021.0
2023-04-04,1916.8,1925.0,1896.4,1905.0,345392.0
2023-04-05,1905.0,1909.0,1892.0,1907.2,201662.0
2023-04-06,1907.2,1934.0,1906.2,1912.8,421606.0
2023-04-07,1918.2,1925.0,1910.4,1919.8,196181.0
2023-04-10,1924.6,1998.2,1922.2,1993.0,1385988.0
2023-04-11,1998.0,2019.0,1927.8,1952.2,1079024.0
2023-04-12,1963.0,1969.8,1935.2,1953.6,308677.0
2023-04-13,1958.4,1966.8,1942.0,1954.0,243595.0
2023-04-14,1957.4,1959.6,1940.0,1945.0,177435.0
2023-04-17,1954.8,1980.0,1948.0,1964.8,334304.0
2023-04-18,1970.2,1985.0,1953.0,1981.4,422683.0
2023-04-19,1983.0,2028.2,1962.0,1989.6,1005697.0
2023-04-20,1998.4,2100.0,1963.2,2098.6,1934542.0
2023-04-21,2106.6,2128.6,2062.0,2086.8,1228499.0
2023-04-24,2088.2,2108.2,2065.8,2080.0,504264.0
2023-04-25,2086.4,2088.2,2044.0,2059.4,408219.0
2023-04-26,2064.0,2125.0,2059.6,2113.0,1088025.0
2023-04-27,2123.2,2159.0,2082.0,2101.6,1688385.0
2023-04-28,2103.0,2108.0,2050.2,2070.6,624462.0
2023-05-02,2075.0,2099.0,1980.0,2015.0,1005583.0
2023-05-03,2020.2,2021.6,1922.2,1930.4,1078287.0
2023-05-04,1935.0,1992.4,1930.2,1979.6,709407.0
2023-05-05,1979.0,1988.2,1946.2,1948.0,425180.0
2023-05-08,1949.6,1969.0,1930.4,1943.0,165104.0
2023-05-10,1950.2,2012.0,1945.8,2008.8,656703.0
2023-05-11,2025.0,2052.0,1961.0,2007.2,1232151.0
2023-05-12,2000.0,2017.0,1991.0,2012.0,351201.0
2023-05-15,2019.0,2050.0,2013.2,2049.6,412179.0
2023-05-16,2056.6,2063.6,2022.0,2045.6,368067.0
2023-05-17,2047.4,2077.8,2028.0,2058.0,452798.0
2023-05-18,2065.2,2072.8,2026.0,2032.8,442803.0
2023-05-19,2033.0,2285.4,2020.0,2223.2,6556578.0
2023-05-22,2300.2,2371.4,2235.0,2300.0,3706710.0
2023-05-23,2315.6,2330.0,2212.2,2242.8,1419528.0
2023-05-24,2244.0,2256.4,2172.2,2220.0,1035691.0
2023-05-25,2223.0,2350.0,2165.6,2350.0,3407501.0
2023-05-26,2355.0,2357.6,2294.2,2322.0,1086132.0
2023-05-29,2334.8,2410.0,2295.6,2390.0,1486072.0
2023-05-30,2314.8,2385.0,2263.0,2303.6,1688009.0
2023-05-31,2298.6,2353.0,2244.2,2324.2,1036049.0
2023-06-01,2328.0,2356.0,2294.8,2313.4,658567.0
2023-06-02,2324.0,2348.0,2292.2,2343.6,556883.0
2023-06-05,2340.0,2383.2,2282.0,2305.8,928435.0
2023-06-06,2293.6,2334.6,2260.2,2323.2,679461.0
2023-06-07,2324.0,2430.0,2310.6,2425.4,1489138.0
2023-06-08,2427.2,2523.0,2426.0,2520.0,2586239.0
2023-06-09,2532.4,2557.0,2481.0,2506.6,1358360.0
2023-06-13,2506.4,2568.0,2470.0,2566.8,944727.0
2023-06-14,2571.6,2655.0,2550.4,2620.0,1534499.0
2023-06-15,2637.2,2649.0,2557.0,2600.0,1329104.0
2023-06-16,2608.0,2615.0,2500.8,2547.0,2370797.0
2023-06-19,2546.8,2555.6,2475.0,2510.4,1029648.0
2023-06-20,2504.0,2560.0,2461.0,2510.6,833029.0
2023-06-21,2515.0,2542.0,2490.8,2529.6,508468.0
2023-06-22,2529.0,2537.2,2474.0,2492.6,462510.0
2023-06-23,2482.4,2487.6,2372.0,2393.4,1870074.0
2023-06-26,2415.2,2448.0,2294.0,2379.0,1918491.0
2023-06-27,2398.0,2443.8,2351.8,2431.4,960518.0
2023-06-28,2437.8,2472.0,2420.2,2462.0,879220.0
2023-06-29,2475.6,2497.0,2458.2,2468.6,493741.0
2023-06-30,2473.4,2487.4,2420.6,2439.6,395416.0
2023-07-03,2455.2,2457.0,2381.0,2402.8,682277.0
2023-07-04,2405.0,2416.0,2296.0,2366.0,788339.0
2023-07-05,2380.0,2421.0,2370.0,2403.6,478324.0
2023-07-06,2405.8,2427.8,2370.0,2390.2,492431.0
2023-07-07,2389.6,2390.0,2337.0,2365.6,712980.0
2023-07-10,2371.0,2408.0,2355.0,2407.6,762839.0
2023-07-11,2409.0,2463.2,2404.2,2462.0,775599.0
2023-07-12,2471.2,2477.6,2420.4,2445.0,640511.0
2023-07-13,2454.2,2479.0,2425.6,2464.6,672972.0
2023-07-14,2464.4,2557.6,2450.0,2555.0,1748439.0
2023-07-17,2515.0,2580.6,2491.0,2538.4,1383298.0
2023-07-18,2538.4,2600.0,2536.0,2590.0,1107819.0
2023-07-19,2591.0,2609.0,2550.8,2571.6,950394.0
2023-07-20,2571.6,2578.6,2481.0,2492.2,1177511.0
2023-07-21,2493.2,2537.6,2492.6,2532.0,671540.0
2023-07-24,2542.2,2633.8,2537.0,2630.0,1380687.0
2023-07-25,2640.0,2662.0,2611.2,2642.6,1325161.0
2023-07-26,2642.4,2666.4,2611.6,2655.2,1112951.0
2023-07-27,2665.0,2685.0,2616.0,2630.0,1775094.0
2023-07-28,2630.0,2642.0,2613.0,2636.0,766960.0
2023-07-31,2641.6,2652.8,2605.0,2635.0,1013540.0
2023-08-01,2635.0,2717.2,2612.8,2670.0,1678138.0
2023-08-02,2670.0,2727.0,2666.2,2709.4,1646149.0
2023-08-03,2709.4,2785.0,2695.0,2780.0,1252199.0
2023-08-04,2785.4,2872.0,2657.4,2731.0,3358650.0
2023-08-07,2750.0,2795.6,2662.4,2709.0,1186646.0
2023-08-08,2700.0,2730.0,2627.2,2728.6,1044187.0
2023-08-09,2732.4,2748.0,2694.4,2723.2,665737.0
2023-08-10,2730.0,2765.0,2661.8,2718.0,2097956.0
2023-08-11,2718.6,2729.0,2685.2,2704.2,627924.0
2023-08-14,2712.4,2732.0,2605.0,2610.0,1372331.0
2023-08-15,2599.0,2695.6,2540.0,2615.8,1099599.0
2023-08-16,2628.0,2645.0,2450.2,2570.6,1585902.0
2023-08-17,2597.0,2623.0,2528.0,2581.6,1104944.0
2023-08-18,2582.0,2609.0,2537.8,2602.2,817147.0
2023-08-21,2613.6,2674.4,2582.0,2662.4,962993.0
2023-08-22,2672.0,2718.4,2650.0,2710.8,1031561.0
2023-08-23,2714.6,2720.0,2589.6,2604.0,1281738.0
2023-08-24,2626.0,2660.4,2619.6,2648.4,463352.0
2023-08-25,2649.2,2669.8,2630.4,2648.6,415630.0
2023-08-28,2654.4,2685.0,2652.0,2670.0,562574.0
2023-08-29,2666.8,2710.0,2666.0,2698.8,800205.0
2023-08-30,2691.4,2708.0,2654.6,2668.2,571060.0
2023-08-31,2668.2,2694.0,2641.8,2689.0,599432.0
2023-09-01,2690.0,2700.0,2670.0,2690.2,417718.0
2023-09-04,2690.0,2756.0,2688.8,2744.0,1159692.0
2023-09-05,2744.2,2754.8,2711.2,2726.6,587474.0
2023-09-06,2730.0,2733.0,2653.0,2664.6,947759.0
2023-09-07,2666.6,2673.4,2555.2,2585.6,1561701.0
2023-09-08,2586.0,2609.0,2526.2,2547.6,863051.0
2023-09-11,2567.0,2584.8,2470.0,2488.8,1191720.0
2023-09-12,2497.0,2598.0,2497.0,2579.2,1052387.0
2023-09-13,2582.0,2633.0,2535.6,2550.8,1043252.0
2023-09-14,2553.0,2561.2,2450.2,2508.8,1126757.0
2023-09-15,2499.0,2588.0,2485.0,2568.0,628855.0
2023-09-18,2593.0,2620.0,2508.8,2518.0,817317.0
2023-09-19,2521.0,2527.0,2422.2,2442.2,1283391.0
2023-09-20,2456.8,2460.0,2358.0,2418.0,1494661.0
2023-09-21,2407.8,2419.0,2350.8,2355.4,1152180.0
2023-09-22,2355.4,2435.0,2323.2,2410.2,984738.0
2023-09-25,2425.0,2425.0,2369.6,2391.0,542586.0
2023-09-26,2390.6,2411.8,2352.8,2391.0,707215.0
2023-09-27,2405.0,2466.0,2390.4,2453.8,995801.0
2023-09-28,2455.0,2475.2,2422.8,2439.4,834660.0
2023-09-29,2447.8,2449.4,2392.0,2402.2,897964.0
2023-10-02,2415.8,2434.0,2377.6,2395.8,760461.0
2023-10-03,2390.2,2414.4,2367.2,2386.8,657291.0
2023-10-04,2383.4,2410.0,2373.2,2379.6,717879.0
2023-10-05,2388.0,2483.6,2360.2,2480.0,2258122.0
2023-10-06,2490.6,2516.8,2468.0,2482.2,1526500.0
2023-10-09,2484.0,2498.8,2470.0,2477.4,509121.0
2023-10-10,2477.6,2507.8,2454.2,2485.2,830630.0
2023-10-11,2490.0,2500.0,2420.0,2444.0,644806.0
2023-10-12,2435.0,2472.0,2421.0,2465.0,517913.0
2023-10-13,2470.0,2534.0,2466.0,2512.6,1235619.0
2023-10-16,2527.8,2552.0,2520.8,2530.0,673061.0
2023-10-17,2527.0,2540.6,2509.6,2527.4,535882.0
2023-10-18,2522.2,2539.0,2511.8,2527.2,541004.0
2023-10-19,2521.4,2675.4,2517.0,2660.6,3276711.0
2023-10-20,2668.8,2700.0,2611.0,2679.4,1959038.0
2023-10-23,2690.0,2717.4,2656.8,2677.2,976479.0
2023-10-24,2674.0,2730.0,2632.4,2725.2,1224647.0
2023-10-25,2726.2,2750.0,2700.0,2737.0,1013175.0
2023-10-26,2760.0,2772.4,2675.0,2682.4,1741065.0
2023-10-27,2684.8,2736.0,2620.0,2666.6,2311934.0
2023-10-30,2666.8,2677.0,2600.2,2603.6,816858.0
2023-10-31,2595.0,2640.0,2557.0,2612.0,1049562.0
2023-11-01,2611.6,2672.2,2600.0,2639.8,817839.0
2023-11-02,2643.6,2665.0,2603.0,2625.6,642643.0
2023-11-03,2633.6,2638.2,2594.2,2613.0,542501.0
2023-11-06,2612.0,2653.2,2606.2,2638.0,299894.0
2023-11-07,2638.2,2645.0,2616.6,2633.2,306527.0
2023-11-08,2638.0,2661.8,2605.0,2614.8,595674.0
2023-11-09,2616.8,2623.4,2582.6,2611.6,583654.0
2023-11-10,2619.0,2620.0,2587.8,2598.8,346142.0
2023-11-13,2598.0,2599.8,2568.6,2577.2,470501.0
2023-11-14,2571.6,2677.8,2531.6,2600.0,2304984.0
2023-11-15,2592.2,2651.8,2590.0,2620.0,879855.0
2023-11-16,2620.0,2631.2,2564.6,2569.0,1161809.0
2023-11-17,2569.0,2593.6,2546.0,2572.0,478139.0
2023-11-20,2573.0,2589.2,2557.0,2573.4,572912.0
2023-11-21,2570.0,2587.8,2563.0,2572.6,340917.0
2023-11-22,2578.0,2599.0,2568.0,2573.4,486196.0
2023-11-23,2583.0,2598.0,2540.0,2559.2,583121.0
2023-11-24,2569.6,2616.4,2560.0,2594.6,1005631.0
2023-11-27,2593.4,2659.4,2587.0,2593.2,1903884.0
2023-11-28,2599.2,2628.0,2591.0,2602.6,808923.0
2023-11-29,2602.2,2628.8,2563.6,2574.0,902549.0
2023-11-30,2576.0,2603.8,2501.0,2523.4,1097112.0
2023-12-01,2526.4,2548.0,2410.0,2420.6,1683423.0
2023-12-04,2420.0,2436.8,2365.6,2397.8,1239252.0
2023-12-05,2419.6,2433.0,2385.0,2418.6,643260.0
2023-12-06,2420.2,2428.8,2301.0,2320.6,1297177.0
2023-12-07,2326.6,2367.6,2296.2,2349.8,1011069.0
2023-12-08,2365.0,2385.0,2335.2,2337.6,695479.0
2023-12-11,2339.0,2343.8,2191.4,2207.6,2085576.0
2023-12-12,2219.8,2284.4,2201.0,2257.0,1883367.0
2023-12-13,2243.0,2288.0,2230.2,2266.8,1087960.0
2023-12-14,2271.0,2275.6,2140.0,2157.6,1559511.0
2023-12-15,2162.0,2244.0,2116.2,2224.4,2086655.0
2023-12-18,2228.0,2271.0,2217.4,2250.4,1389454.0
2023-12-19,2250.2,2274.0,2231.8,2242.2,898147.0
2023-12-20,2245.6,2318.8,2242.6,2288.8,2252431.0
2023-12-21,2278.8,2286.8,2245.2,2267.2,942834.0
2023-12-22,2267.0,2303.8,2266.2,2295.8,802124.0
2023-12-25,2300.6,2455.8,2297.0,2396.6,4164074.0
2023-12-26,2398.8,2439.8,2361.0,2427.6,1543722.0
2023-12-27,2428.0,2574.6,2428.0,2550.0,2789178.0
2023-12-28,2594.0,2610.0,2520.0,2531.2,2089692.0
2023-12-29,2537.6,2566.0,2505.6,2540.0,859639.0
2024-01-03,2550.0,2593.0,2542.0,2581.0,425879.0
2024-01-04,2575.0,2580.4,2554.4,2568.0,393161.0
2024-01-05,2568.4,2586.6,2566.2,2576.8,264257.0
2024-01-08,2580.2,2618.8,2579.2,2611.0,672087.0
2024-01-09,2621.2,2628.8,2584.0,2607.0,620500.0
2024-01-10,2606.8,2615.2,2573.4,2586.4,526227.0
2024-01-11,2586.8,2614.6,2583.6,2605.0,550695.0
2024-01-12,2610.8,2644.0,2606.0,2631.0,735355.0
2024-01-15,2645.0,2695.0,2642.2,2690.2,1002045.0
2024-01-16,2698.6,2698.8,2630.6,2647.2,950469.0
2024-01-17,2643.0,2674.8,2635.2,2652.4,492065.0
2024-01-18,2654.4,2660.0,2590.8,2595.8,827733.0
2024-01-19,2606.0,2606.0,2550.0,2569.8,805680.0
2024-01-22,2572.8,2615.4,2551.0,2601.0,557079.0
2024-01-23,2661.0,2690.0,2612.2,2635.4,1605227.0
2024-01-24,2636.0,2658.8,2615.0,2645.8,816125.0
2024-01-25,2651.0,2798.0,2633.6,2779.0,2793527.0
2024-01-26,2789.2,2895.0,2778.8,2873.0,4129990.0
2024-01-29,2900.2,2996.6,2896.4,2995.0,3210492.0
2024-01-30,2998.0,3138.8,2966.0,3078.0,6276392.0
2024-01-31,3099.0,3117.8,3019.4,3026.0,2383839.0
2024-02-01,3025.0,3130.0,3002.2,3108.0,2738744.0
2024-02-02,3116.6,3169.6,3059.8,3163.0,3013086.0
2024-02-05,2903.0,3086.6,2870.0,3047.0,11129601.0
2024-02-06,3043.4,3137.0,3019.2,3108.6,3487262.0
2024-02-07,3118.2,3363.6,3110.4,3325.0,7854832.0
2024-02-08,3339.0,3432.0,3242.8,3306.2,9567315.0
2024-02-09,3320.0,3340.0,3204.0,3290.4,2729079.0
2024-02-12,3296.6,3317.0,3226.0,3304.6,1661144.0
2024-02-13,3320.6,3497.4,3292.4,3477.0,4101928.0
2024-02-14,3482.8,3543.8,3392.2,3439.4,3417121.0
2024-02-15,3443.0,3497.4,3393.2,3444.2,2910587.0
2024-02-16,3448.4,3464.0,3362.0,3417.0,2461877.0
2024-02-19,3424.8,3444.0,3282.6,3310.4,1944984.0
2024-02-20,3311.4,3392.8,3273.8,3314.6,2702765.0
2024-02-21,3314.8,3342.0,3173.8,3246.2,3112682.0
2024-02-22,3256.0,3285.0,3204.0,3241.8,1401732.0
2024-02-26,3342.0,3411.2,3294.0,3404.8,1761401.0
2024-02-27,3411.8,3417.0,3340.0,3365.8,1085792.0
2024-02-28,3365.8,3396.0,3337.0,3375.8,959563.0
2024-02-29,3382.0,3400.0,3350.0,3383.0,629382.0
2024-03-01,3385.6,3542.0,3380.2,3539.4,2838863.0
2024-03-04,3580.2,3718.0,3565.2,3700.6,4295866.0
2024-03-05,3710.0,3710.0,3600.2,3627.0,2487397.0
2024-03-06,3625.2,3625.2,3562.8,3577.8,1377867.0
2024-03-07,3566.8,3670.0,3546.0,3623.8,1306761.0
2024-03-11,3633.0,3650.0,3507.4,3544.4,2827001.0
2024-03-12,3549.2,3549.2,3487.6,3499.6,945758.0
2024-03-13,3499.8,3610.0,3488.0,3588.6,1749114.0
2024-03-14,3589.0,3631.8,3550.0,3598.8,1551185.0
2024-03-15,3602.2,3667.8,3571.4,3635.6,1780247.0
2024-03-18,3620.0,3708.8,3595.0,3686.2,1630156.0
2024-03-19,3687.0,3859.4,3683.2,3797.0,4106947.0
2024-03-20,3815.0,3972.6,3810.0,3948.0,3667238.0
2024-03-21,3953.0,4004.8,3842.4,3882.0,3385416.0
2024-03-22,3884.8,3944.6,3800.0,3834.0,2438389.0
2024-03-25,3848.6,4025.0,3845.2,4024.6,1933023.0
2024-03-26,4036.2,4080.0,3985.0,4018.8,1517670.0
2024-03-27,4024.0,4033.4,3986.6,4007.2,727700.0
2024-03-28,4014.8,4050.0,3983.4,4003.8,644990.0
2024-03-29,4015.0,4015.0,3973.2,3994.0,647215.0
2024-04-01,4020.0,4055.0,3940.2,3975.0,1212148.0
2024-04-02,3980.0,3992.4,3735.8,3868.0,4565829.0
2024-04-03,3880.0,3936.4,3820.8,3920.2,964379.0
2024-04-04,3930.8,3985.0,3918.0,3960.0,717536.0
2024-04-05,3963.2,4007.0,3949.6,3995.0,548627.0
2024-04-08,4010.6,4010.8,3878.4,3959.0,1449407.0
2024-04-09,3957.0,3965.8,3926.4,3954.6,576477.0
2024-04-10,3950.0,4007.8,3935.0,3980.0,536130.0
2024-04-11,3989.0,3995.0,3935.0,3946.0,378927.0
2024-04-12,3944.4,3999.8,3944.0,3990.0,411133.0
2024-04-15,3987.8,4076.2,3942.0,4046.0,1088093.0
2024-04-16,4050.0,4077.0,4014.6,4049.6,384269.0
2024-04-17,4052.0,4200.0,4052.0,4199.8,1598948.0
2024-04-18,4200.0,4222.0,4143.2,4193.0,716187.0
2024-04-19,4195.0,4269.0,4156.8,4257.2,785405.0
2024-04-22,4264.6,4348.6,4069.2,4290.2,2290103.0
2024-04-23,4290.2,4299.0,4152.6,4172.2,814720.0
2024-04-24,4164.2,4184.6,4087.4,4111.8,903071.0
2024-04-25,4107.2,4184.6,4020.2,4164.6,1436605.0
2024-04-26,4164.8,4251.0,4101.2,4231.6,1018736.0
2024-04-27,4231.6,4260.4,4120.4,4160.2,844865.0
2024-04-29,4160.2,4180.0,4113.6,4173.4,304942.0
2024-04-30,4174.0,4174.4,4130.6,4149.6,103507.0
2024-05-02,4149.8,4195.0,4114.8,4177.0,383942.0
2024-05-03,4182.0,4246.4,4125.6,4236.4,401425.0
2024-05-06,4250.6,4313.4,4237.0,4274.0,534477.0
2024-05-07,4274.0,4371.0,4242.8,4356.0,647231.0
2024-05-08,4359.8,4390.0,4274.0,4310.0,631037.0
2024-05-10,4319.2,4360.0,4301.2,4356.2,180545.0
2024-05-13,4363.4,4592.2,4125.0,4407.0,4613982.0
2024-05-14,4407.0,4517.4,4401.4,4489.8,1533685.0
2024-05-15,4491.0,4508.0,4334.0,4355.2,1238454.0
2024-05-16,4344.8,4410.6,4237.8,4361.2,1170370.0
2024-05-17,4350.2,4373.2,4257.0,4271.0,841847.0
2024-05-20,4259.6,4300.0,4150.6,4196.0,1219286.0
2024-05-21,4182.0,4275.0,4100.2,4106.4,1013417.0
2024-05-22,4088.0,4297.4,4060.0,4234.0,850010.0
2024-05-23,4232.8,4285.0,4180.0,4206.4,462392.0
2024-05-24,4205.8,4275.6,4146.0,4189.2,554083.0
2024-05-27,4180.0,4399.0,4070.0,4084.0,758272.0
2024-05-28,4082.2,4186.0,4012.6,4038.4,405306.0
2024-05-29,4040.0,4098.0,4002.2,4051.0,236898.0
2024-05-30,4050.2,4159.0,4021.2,4032.8,344523.0
2024-05-31,4033.2,4080.0,3939.0,3996.8,471361.0
2024-06-03,4035.8,4070.0,3890.0,4044.4,392633.0
2024-06-04,4045.2,4215.6,4006.2,4177.8,357282.0
2024-06-05,4181.0,4250.0,4130.0,4159.2,435693.0
2024-06-06,4180.0,4238.0,4151.4,4204.2,261180.0
2024-06-07,4222.8,4284.2,4210.6,4222.0,328747.0
2024-06-10,4223.0,4248.0,4082.8,4125.6,296780.0
2024-06-11,4100.8,4140.6,4092.0,4102.0,233459.0
2024-06-13,3980.0,4160.0,3901.0,4048.0,359413.0
2024-06-14,4047.6,4128.8,4030.0,4071.2,330398.0
2024-07-24,4541.0,4542.0,4100.0,4148.5,5272881.0
2024-07-25,4154.5,4186.0,4070.0,4137.5,1904654.0
2024-07-26,4138.0,4176.5,3931.0,3962.5,4186115.0
2024-07-29,3934.5,3935.0,3783.0,3867.0,4726169.0
2024-07-30,3917.0,3949.0,3809.0,3910.0,4051285.0
2024-07-31,3916.0,3954.5,3865.5,3892.0,2005848.0
2024-08-01,3894.5,3921.0,3861.0,3871.5,1225587.0
2024-08-02,3872.0,3874.0,3726.0,3728.5,2610905.0
2024-08-05,3607.0,3657.0,3551.0,3585.0,3816494.0
2024-08-06,3643.0,3700.0,3564.0,3644.0,2337871.0
2024-08-07,3662.0,3876.0,3605.0,3854.0,4358036.0
2024-08-08,3860.0,3929.5,3790.5,3828.0,3518885.0
2024-08-09,3826.0,3870.5,3792.5,3854.5,1123372.0
2024-08-12,3834.5,3923.0,3805.5,3923.0,1656972.0
2024-08-13,3937.5,3964.0,3903.5,3911.0,1116684.0
2024-08-14,3915.0,3929.0,3825.0,3831.5,996328.0
2024-08-15,3832.0,3860.0,3783.0,3828.0,1129448.0
2024-08-16,3828.5,3856.0,3756.0,3776.5,1083033.0
2024-08-19,3798.5,3825.0,3680.5,3725.5,1902791.0
2024-08-20,3739.0,3787.5,3683.5,3753.0,1233449.0
2024-08-21,3756.0,3853.0,3712.5,3836.5,1343753.0
2024-08-22,3837.0,3884.0,3760.5,3794.0,1504697.0
2024-08-23,3795.0,3836.5,3730.0,3807.0,1389063.0
2024-08-26,3879.5,3945.0,3851.0,3913.5,1748956.0
2024-08-27,3911.0,3942.5,3828.5,3844.0,908561.0
2024-08-28,3844.0,3920.0,3819.0,3892.5,1267517.0
2024-08-29,3900.5,3944.5,3840.0,3926.0,1113179.0
2024-08-30,3954.5,3972.5,3731.0,3765.5,1663805.0
2024-09-02,3730.5,3762.0,3583.5,3620.5,2472551.0
2024-09-03,3634.5,3707.0,3568.0,3652.0,1934686.0
2024-09-04,3655.0,3744.0,3628.0,3737.0,1025206.0
2024-09-05,3760.0,3769.5,3669.0,3679.5,957678.0
2024-09-06,3682.0,3745.5,3641.0,3715.0,677481.0
2024-09-09,3740.0,3888.0,3738.5,3883.5,1422217.0
2024-09-10,3904.0,3905.5,3771.0,3825.0,1110652.0
2024-09-11,3821.5,3878.0,3777.0,3782.0,1316464.0
2024-09-12,3793.0,3829.5,3736.0,3828.5,1163585.0
2024-09-13,3820.0,3920.0,3762.5,3914.5,1696940.0
2024-09-16,3933.5,4135.0,3921.0,4119.0,2996246.0
2024-09-17,4127.0,4175.5,4052.5,4106.0,1986294.0
2024-09-18,4114.5,4130.0,4020.0,4031.0,1029059.0
2024-09-19,4047.5,4150.0,4026.0,4137.5,1409040.0
2024-09-20,4075.0,4135.0,4065.0,4100.0,1198015.0
2024-09-23,4100.5,4249.0,4070.0,4202.5,1877378.0
2024-09-24,4209.0,4240.0,4128.0,4160.0,910326.0
2024-09-25,4169.5,4169.5,4002.0,4035.5,1367230.0
2024-09-26,4016.0,4059.0,3963.5,4001.5,1115625.0
2024-09-27,4010.0,4068.0,4002.5,4024.0,603086.0
2024-09-30,4045.5,4089.0,3985.5,4007.5,711892.0
2024-10-01,4004.5,4023.5,3931.0,3963.0,747074.0
2024-10-02,3967.5,4009.0,3901.0,3907.5,692479.0
2024-10-03,3913.0,3974.0,3862.5,3969.0,925652.0
2024-10-04,3975.0,4003.0,3931.0,3945.5,593636.0
2024-10-07,3950.0,3961.0,3910.0,3928.5,385886.0
2024-10-08,3927.5,4000.0,3900.5,3982.5,729323.0
2024-10-09,3982.0,3987.0,3906.5,3933.5,436594.0
2024-10-10,3938.0,3994.0,3933.0,3979.5,389149.0
2024-10-11,3980.0,4006.0,3944.0,3975.0,578227.0
2024-10-14,3985.0,4082.5,3964.0,4074.0,1111982.0
2024-10-15,4069.5,4128.0,4059.0,4091.0,659095.0
2024-10-16,4099.0,4121.5,4023.0,4057.0,658823.0
2024-10-17,4055.5,4065.5,3975.5,3983.5,456723.0
2024-10-18,3982.0,4007.0,3941.0,3968.5,497518.0
2024-10-21,3970.5,4054.5,3969.5,4031.0,524304.0
2024-10-22,4038.0,4039.0,3954.0,3964.5,433971.0
2024-10-23,3956.0,3985.5,3876.5,3883.5,512476.0
2024-10-24,3883.5,3975.0,3879.0,3969.5,602636.0
2024-10-25,3973.0,4037.0,3810.5,3834.5,1413782.0
2024-10-28,3797.5,3874.5,3655.0,3743.0,1579127.0
2024-10-29,3767.5,3792.0,3670.0,3758.0,1093095.0
2024-10-30,3769.0,3817.5,3685.5,3710.0,730074.0
2024-10-31,3685.0,3734.5,3621.0,3666.5,761805.0
2024-11-01,3675.0,3700.0,3622.0,3674.0,797470.0
2024-11-02,3680.0,3694.0,3652.5,3683.5,245836.0
2024-11-05,3691.0,3703.5,3602.5,3646.0,657535.0
2024-11-06,3723.0,3787.5,3654.5,3677.0,1491341.0
2024-11-07,3677.0,3817.0,3619.0,3811.5,1055346.0
2024-11-08,3821.5,3895.0,3780.5,3888.0,955030.0
2024-11-11,3913.5,3944.0,3868.5,3885.0,911186.0
2024-11-12,3883.5,3889.0,3747.0,3758.5,1169514.0
2024-11-13,3747.5,3800.0,3682.5,3693.0,1401537.0
2024-11-14,3690.0,3730.0,3650.0,3678.0,828437.0
2024-11-15,3678.0,3721.0,3666.5,3712.0,745660.0
2024-11-18,3652.0,3708.5,3607.5,3649.0,974458.0
2024-11-19,3656.0,3678.0,3540.5,3560.0,1428212.0
2024-11-20,3572.0,3587.5,3424.0,3460.0,1309343.0
2024-11-21,3466.5,3513.0,3360.0,3509.0,1732102.0
2024-11-22,3500.0,3520.0,3406.0,3415.0,857379.0
2024-11-25,3414.5,3414.5,3294.0,3299.5,1160680.0
2024-11-26,3305.5,3354.5,3171.0,3211.0,1708636.0
2024-11-27,3224.5,3419.0,3092.0,3385.0,2659637.0
2024-11-28,3410.0,3446.0,3260.0,3365.5,1484869.0
2024-11-29,3352.5,3420.0,3305.5,3320.0,981237.0
2024-12-02,3324.5,3443.5,3322.5,3434.0,873607.0
2024-12-03,3442.5,3442.5,3338.0,3380.0,983796.0
2024-12-04,3370.0,3405.5,3218.0,3252.0,1236283.0
2024-12-05,3259.0,3384.0,3231.0,3378.5,1401001.0
2024-12-06,3381.0,3417.5,3330.5,3376.0,902660.0
2024-12-09,3399.0,3489.5,3386.0,3466.0,1046297.0
2024-12-10,3478.5,3483.0,3375.0,3379.5,910348.0
2024-12-11,3380.5,3399.5,3331.5,3397.0,785874.0
2024-12-12,3398.5,3414.0,3283.0,3284.0,769236.0
2024-12-13,3284.0,3333.0,3282.5,3321.0,510578.0
2024-12-16,3306.5,3322.0,3211.0,3232.5,948885.0
2024-12-17,3232.5,3288.5,3205.5,3248.5,821447.0
2024-12-18,3250.0,3279.5,3191.0,3255.0,971819.0
2024-12-19,3265.5,3359.0,3245.5,3339.0,1489884.0
2024-12-20,3340.0,3732.5,3320.5,3683.5,3331556.0
2024-12-23,3737.0,3974.0,3700.0,3800.0,2509680.0
2024-12-24,3806.5,3807.5,3680.5,3702.5,1528852.0
2024-12-25,3688.0,3800.0,3660.5,3790.0,1743078.0
2024-12-26,3799.5,3843.5,3730.0,3785.0,1428961.0
2024-12-27,3795.5,3856.0,3780.5,3848.0,831633.0
2024-12-28,3853.0,3930.0,3849.0,3928.5,674010.0
2024-12-30,3939.5,3998.5,3924.0,3994.0,614697.0
2025-01-03,4012.5,4027.5,3863.0,3872.5,903560.0
2025-01-06,3848.0,3894.5,3795.0,3891.5,401992.0
2025-01-08,3892.0,3934.0,3870.5,3926.0,292530.0
2025-01-09,3940.0,3940.0,3800.0,3811.5,590461.0
2025-01-10,3835.5,3950.0,3801.0,3934.0,952678.0
2025-01-13,3952.0,4080.5,3952.0,4014.0,1369396.0
2025-01-14,4011.0,4089.0,3980.0,4083.5,895103.0
2025-01-15,4091.0,4127.5,4021.5,4114.5,1124472.0
2025-01-16,4121.0,4130.0,4054.5,4065.5,972256.0
2025-01-17,4067.0,4124.0,4030.0,4113.0,714187.0
2025-01-20,4150.5,4164.0,4014.0,4020.0,1074976.0
2025-01-21,4034.0,4080.0,3958.5,4070.0,836720.0
2025-01-22,4075.5,4095.5,4016.0,4037.5,719729.0
2025-01-23,4040.0,4050.0,3981.0,4050.0,585055.0
2025-01-24,4052.5,4060.0,3996.0,4037.0,395134.0
2025-01-27,4035.0,4035.0,3940.5,3945.0,455690.0
2025-01-28,3942.0,4056.5,3923.5,4040.0,714036.0
2025-01-29,4040.0,4147.0,4029.0,4073.5,931970.0
2025-01-30,4072.5,4135.0,4071.0,4117.0,465937.0
2025-01-31,4117.0,4154.0,4057.0,4092.0,758059.0
2025-02-03,4081.0,4089.5,4005.0,4052.5,510246.0
2025-02-04,4053.5,4086.0,3978.0,4008.0,423479.0
2025-02-05,4010.0,4120.0,3993.5,4105.5,668883.0
2025-02-06,4107.0,4225.0,4095.0,4219.0,1686041.0
2025-02-07,4222.0,4245.5,4176.5,4200.0,896025.0
2025-02-10,4219.0,4287.0,4185.5,4217.0,987750.0
2025-02-11,4217.0,4293.0,4212.0,4287.0,697204.0
2025-02-12,4294.5,4568.0,4264.0,4519.5,2256058.0
2025-02-13,4560.0,4598.5,4454.5,4492.0,1664651.0
2025-02-14,4794.5,4794.5,4440.0,4549.0,1680291.0
2025-02-17,4591.5,4718.0,4585.0,4709.0,1204289.0
2025-02-18,4718.5,4749.5,4511.0,4550.0,1392035.0
2025-02-19,4550.5,4669.0,4527.0,4646.0,1127389.0
2025-02-20,4659.5,4734.0,4610.5,4649.0,1692515.0
2025-02-21,4670.0,4697.5,4590.0,4667.0,684070.0
2025-02-24,4668.0,4698.0,4608.5,4671.0,734370.0
2025-02-25,4671.0,4689.5,4620.0,4623.5,715033.0
2025-02-26,4625.0,4638.0,4412.0,4440.0,1558923.0
2025-02-27,4440.0,4519.5,4324.0,4377.0,1242048.0
2025-02-28,4376.0,4485.0,4300.0,4423.0,1388105.0
2025-03-01,4450.0,4455.0,4427.0,4438.0,13967.0
2025-03-02,4430.5,4432.5,4365.0,4376.0,40558.0
2025-03-03,4392.5,4399.5,4260.0,4347.5,1105947.0
2025-03-04,4368.0,4619.5,4356.0,4586.0,1426446.0
2025-03-05,4585.5,4630.0,4470.0,4497.0,924568.0
2025-03-06,4498.0,4577.5,4480.0,4513.5,561254.0
2025-03-07,4513.0,4640.0,4474.0,4553.0,1320168.0
2025-03-10,4560.5,4612.0,4537.0,4562.5,505481.0
2025-03-11,4572.5,4614.0,4541.5,4564.5,566193.0
2025-03-12,4569.0,4584.5,4501.0,4529.0,527855.0
2025-03-13,4536.0,4550.0,4361.0,4480.0,1445273.0
2025-03-14,4477.5,4558.0,4390.0,4527.0,781239.0
2025-03-15,4527.0,4544.0,4516.0,4527.5,35764.0
2025-03-16,4518.5,4597.5,4518.5,4584.5,44249.0
2025-03-17,4599.0,4675.0,4562.0,4673.5,705698.0
2025-03-18,4678.0,4730.0,4610.5,4622.0,1153460.0
2025-03-19,4618.5,4654.5,4595.5,4641.0,428607.0
2025-03-20,4641.0,4673.5,4566.5,4646.0,630399.0
2025-03-21,4655.0,4699.0,4611.0,4625.0,451957.0
2025-03-24,4635.0,4645.0,4555.5,4584.5,415599.0
2025-03-25,4580.0,4660.0,4541.0,4646.5,509353.0
2025-03-26,4652.5,4674.0,4550.5,4567.5,431690.0
2025-03-27,4564.0,4574.5,4422.5,4446.0,719251.0
2025-03-28,4442.0,4470.0,4324.5,4357.0,1050478.0
2025-03-29,4356.0,4357.0,4291.5,4293.0,51362.0
2025-03-30,4292.0,4323.0,4291.5,4291.5,44038.0
2025-03-31,4245.0,4520.0,4226.0,4476.0,978986.0
2025-04-01,4482.5,4540.0,4345.0,4355.5,757225.0
2025-04-02,4348.5,4435.0,4343.5,4409.0,737308.0
2025-04-03,4418.5,4434.0,4211.0,4291.0,859669.0
2025-04-04,4295.0,4313.0,4067.0,4088.0,1432610.0
2025-04-05,4075.0,4118.0,4006.5,4100.0,135683.0
2025-04-06,4081.5,4190.0,4080.5,4189.0,88213.0
2025-04-07,4105.0,4368.0,3901.0,4069.0,2643163.0
2025-04-08,4100.0,4143.0,3925.0,3969.5,1101887.0
2025-04-09,3965.0,4130.0,3770.0,4121.0,2061523.0
2025-04-10,4144.0,4144.0,4022.5,4064.5,916042.0
2025-04-11,4065.0,4224.0,4065.0,4176.0,1139519.0
2025-04-12,4180.0,4228.0,4180.0,4223.0,77924.0
2025-04-13,4242.0,4294.0,4229.0,4286.0,123053.0
2025-04-14,4271.0,4271.0,4091.5,4119.5,548765.0
2025-04-15,4135.0,4199.5,4111.0,4193.0,382196.0
2025-04-16,4185.5,4285.0,4132.0,4229.5,573476.0
2025-04-17,4234.0,4280.0,4140.5,4252.5,815593.0
2025-04-18,4205.0,4235.0,4150.0,4200.0,744500.0
2025-04-21,4215.0,4336.0,4210.5,4313.5,858242.0
2025-04-22,4315.5,4403.5,4302.0,4362.5,627502.0
2025-04-23,4362.5,4382.0,4182.0,4285.0,1088953.0
2025-04-24,4287.0,4372.5,4245.0,4293.0,584541.0
2025-04-25,4301.5,4374.0,4294.0,4371.5,759468.0
2025-04-28,4322.5,4358.0,4237.0,4283.0,844808.0
2025-04-29,4285.0,4316.5,4131.5,4155.0,538880.0
2025-04-30,4154.0,4211.0,3993.0,4106.0,712587.0
2025-05-02,4113.0,4113.0,3900.0,3905.5,561471.0
2025-05-03,3940.0,3960.0,3909.0,3940.5,61146.0
2025-05-04,3945.0,3976.0,3940.0,3948.5,50717.0
2025-05-05,3955.0,3975.0,3814.0,3860.0,616394.0
2025-05-06,3860.0,4065.5,3817.0,4013.0,787680.0
2025-05-07,4015.0,4092.0,3961.0,3991.0,726515.0
2025-05-08,3991.0,4058.5,3987.0,3993.5,234269.0
2025-05-10,4008.5,4012.0,3993.5,3997.0,27073.0
2025-05-11,4075.0,4093.5,4041.5,4060.0,94491.0
2025-05-12,4080.5,4190.0,4080.5,4153.5,746321.0
2025-05-13,4158.0,4180.5,4072.5,4114.5,418666.0
2025-05-14,4115.5,4154.0,4021.0,4021.0,364017.0
2025-05-15,4020.5,4060.5,3924.0,3989.5,895960.0
2025-05-16,3997.5,4069.5,3910.0,4022.0,738567.0
2025-05-17,4022.0,4107.0,4022.0,4095.0,75066.0
2025-05-18,4109.5,4128.0,4083.0,4106.0,52172.0
2025-05-19,4108.5,4115.5,4032.5,4054.0,566174.0
2025-05-20,4064.0,4091.0,4021.0,4040.5,318991.0
2025-05-21,4042.0,4050.0,3971.0,3990.5,308074.0
2025-05-22,3990.0,4089.0,3925.0,4024.0,773429.0
2025-05-23,4032.0,4048.0,3996.0,4009.5,335512.0
2025-05-26,4002.5,4024.0,3886.0,3917.0,504972.0
2025-05-27,3917.5,4024.0,3855.0,3992.5,694856.0
2025-05-28,3995.0,4176.0,3995.0,4165.0,1192122.0
2025-05-29,4165.5,4180.0,4105.0,4117.0,482923.0
2025-05-30,4118.5,4207.5,4105.0,4172.0,678522.0
2025-05-31,4168.5,4189.0,4162.5,4165.0,17869.0
2025-06-01,4159.0,4159.0,4060.0,4062.5,170225.0
2025-06-02,4073.5,4177.0,4070.5,4145.0,756774.0
2025-06-03,4155.0,4240.0,4145.5,4232.0,907307.0
2025-06-04,4236.5,4266.0,4174.0,4200.0,885768.0
2025-06-05,4214.5,4296.0,4205.5,4282.0,596154.0
2025-06-06,4284.5,4350.0,4161.0,4169.0,1269586.0
2025-06-07,4189.0,4195.0,4170.0,4194.0,12630.0
2025-06-08,4194.0,4198.0,4152.5,4165.5,22234.0
2025-06-09,4167.0,4186.0,4050.0,4073.0,631966.0
2025-06-10,4085.0,4096.0,3963.0,3979.0,885577.0
2025-06-11,3994.0,4043.0,3944.0,3997.5,716144.0
2025-06-13,4018.5,4035.0,3975.0,3980.0,252552.0
2025-06-14,3988.0,4009.0,3988.0,3995.0,23701.0
2025-06-15,3999.0,4008.5,3984.5,4005.0,27260.0
2025-06-16,4010.0,4049.5,3962.0,3988.0,567717.0
2025-06-17,4003.0,4085.0,3984.0,4072.0,687403.0
2025-06-18,4080.5,4109.0,4036.5,4038.5,543520.0
2025-06-19,4049.5,4080.0,4030.0,4053.0,587191.0
2025-06-20,4063.0,4088.5,4030.0,4045.5,471265.0
2025-06-23,4045.5,4062.0,3994.0,4007.5,513822.0
2025-06-24,4009.0,4118.0,3986.0,4106.0,747487.0
2025-06-25,4110.0,4186.0,4080.0,4145.0,895395.0
2025-06-26,4150.0,4171.0,4106.0,4135.5,357113.0
2025-06-27,4148.5,4182.5,4125.0,4175.0,348042.0
2025-06-28,4178.0,4185.0,4169.0,4173.0,14969.0
2025-06-29,4173.0,4188.5,4166.0,4169.0,29052.0
2025-06-30,4176.5,4190.0,4133.5,4167.0,553897.0
2025-07-01,4174.0,4210.0,4150.0,4168.5,738910.0
2025-07-02,4169.0,4177.5,4105.5,4131.0,590040.0
2025-07-03,4132.0,4197.5,4108.5,4121.5,601380.0
2025-07-04,4121.0,4155.0,4076.5,4088.5,537604.0
2025-07-05,4097.5,4105.5,4082.0,4083.5,12087.0
2025-07-06,4084.0,4088.5,4071.5,4079.0,11328.0
2025-07-07,4088.5,4120.5,4056.0,4060.0,359695.0
2025-07-08,4074.0,4139.0,4037.0,4090.5,851550.0
2025-07-09,4090.0,4185.0,4068.0,4161.5,878826.0
2025-07-10,4168.0,4188.0,4121.0,4167.5,349556.0
2025-07-11,4169.5,4169.5,3980.0,3993.0,886521.0
2025-07-12,3993.0,4013.5,3990.0,3995.0,21683.0
2025-07-13,4000.0,4012.0,3983.0,3993.5,24117.0
2025-07-14,3993.0,4160.0,3955.5,4143.0,1129496.0
2025-07-15,4143.0,4277.5,4122.5,4242.0,1061188.0
2025-07-16,4243.0,4340.5,4243.0,4329.5,780693.0
2025-07-17,4338.0,4370.5,4242.0,4259.0,745777.0
2025-07-18,4255.0,4418.0,4250.5,4401.0,1073505.0
2025-07-19,4401.0,4448.0,4401.0,4418.0,71383.0
2025-07-20,4440.0,4440.0,4402.5,4415.5,26702.0
2025-07-21,4415.5,4448.0,4380.0,4395.5,631895.0
2025-07-22,4395.0,4430.0,4337.0,4388.0,502672.0
2025-07-23,4377.0,4442.5,4337.0,4372.5,775039.0
2025-07-24,4383.5,4399.0,4284.5,4300.0,546153.0
2025-07-25,4297.5,4346.5,4227.5,4247.0,1170926.0
2025-07-26,4259.5,4271.0,4250.0,4269.0,31014.0
2025-07-27,4268.0,4270.0,4254.5,4263.0,22075.0
2025-07-28,4263.5,4316.0,4127.0,4185.0,1271246.0
2025-07-29,4185.0,4236.0,4130.0,4154.5,837039.0
2025-07-30,4160.0,4193.0,4136.0,4159.0,481626.0
2025-07-31,4165.0,4213.5,4152.0,4181.0,443939.0
2025-08-01,4182.5,4220.0,4074.5,4123.5,837282.0
2025-08-04,4131.0,4182.0,4121.0,4178.5,419163.0
2025-08-05,4187.0,4209.0,4164.0,4190.0,531421.0
2025-08-06,4199.5,4350.0,4158.0,4274.0,1168114.0
2025-08-07,4281.0,4417.5,4263.0,4370.0,1254921.0
2025-08-08,4377.0,4420.0,4313.5,4418.5,589847.0
2025-08-11,4426.5,4459.0,4378.5,4405.0,871595.0
2025-08-12,4407.0,4430.0,4350.0,4394.0,467169.0
2025-08-13,4409.5,4438.0,4325.0,4336.0,410506.0
2025-08-14,4352.0,4407.0,4316.0,4374.5,668969.0
2025-08-15,4386.0,4420.0,4359.0,4410.0,486561.0
2025-08-16,4364.0,4364.0,4277.0,4355.5,90284.0
2025-08-17,4355.5,4369.5,4338.0,4342.0,16544.0
2025-08-18,4345.5,4509.5,4325.5,4506.0,1131898.0
2025-08-19,4507.5,4525.5,4407.5,4438.5,705276.0
2025-08-20,4442.0,4464.0,4362.5,4380.5,423444.0
2025-08-21,4383.0,4416.0,4281.0,4290.0,632505.0
2025-08-22,4298.0,4359.0,4265.0,4342.0,469357.0
2025-08-23,4342.0,4356.0,4342.0,4346.0,18250.0
2025-08-24,4345.0,4349.5,4325.0,4336.0,16158.0
2025-08-25,4346.5,4367.5,4280.0,4343.5,384559.0
2025-08-26,4345.0,4398.0,4343.5,4377.0,265776.0
2025-08-27,4379.5,4392.5,4327.0,4343.0,401792.0
2025-08-28,4346.5,4354.0,4283.5,4309.0,338176.0
2025-08-29,4314.0,4333.0,4275.5,4282.5,339197.0
2025-08-30,4293.5,4299.0,4280.0,4280.5,20113.0
2025-08-31,4287.0,4305.0,4285.0,4296.0,19746.0
2025-09-01,4300.0,4329.5,4275.0,4282.5,329077.0
2025-09-02,4294.0,4309.0,4255.0,4288.0,428998.0
2025-09-03,4292.5,4322.0,4244.0,4290.0,316239.0
2025-09-04,4299.5,4320.0,4277.0,4299.5,302776.0
2025-09-05,4306.0,4349.5,4301.5,4341.0,311663.0
2025-09-06,4342.0,4355.0,4341.0,4354.0,20131.0
2025-09-07,4354.0,4361.0,4350.5,4356.0,22636.0
2025-09-08,4356.0,4413.0,4325.0,4405.0,630930.0
2025-09-09,4407.0,4425.0,4355.5,4375.0,453231.0
2025-09-10,4374.5,4383.0,4312.0,4323.5,344927.0
2025-09-11,4323.5,4332.5,4279.5,4297.0,495665.0
2025-09-12,4312.0,4312.0,4171.5,4200.0,673513.0
2025-09-13,4220.5,4222.0,4200.0,4202.0,18356.0
2025-09-14,4202.0,4216.0,4193.0,4210.0,27033.0
2025-09-15,4212.0,4221.0,4120.0,4150.0,427883.0
2025-09-16,4158.0,4183.0,4058.5,4127.5,493745.0
2025-09-17,4134.0,4164.0,4100.0,4161.0,448271.0
2025-09-18,4162.0,4174.5,4100.5,4108.5,544822.0
2025-09-19,4110.5,4168.0,4073.5,4080.0,695198.0
2025-09-22,4080.0,4130.0,4026.5,4121.5,641666.0
2025-09-23,4132.5,4166.5,4005.5,4052.0,624476.0
2025-09-24,4061.5,4160.0,4007.0,4131.0,681951.0
2025-09-25,4135.0,4167.0,4061.0,4084.0,482567.0
2025-09-26,4090.0,4114.0,4067.5,4097.0,477653.0
2025-09-29,4023.5,4065.5,3930.0,3940.0,727423.0
2025-09-30,3941.0,3970.0,3911.5,3926.5,612021.0
2025-10-01,3926.5,3957.0,3827.0,3845.0,594902.0
2025-10-02,3847.5,3868.0,3742.0,3757.0,797505.0
2025-10-03,3770.0,3828.0,3761.0,3764.0,563250.0
2025-10-04,3766.0,3775.0,3695.5,3716.0,107043.0
2025-10-05,3712.5,3748.0,3701.0,3745.0,41559.0
2025-10-06,3757.5,3917.5,3747.5,3902.5,950626.0
2025-10-07,3902.5,3945.0,3880.0,3918.0,520563.0
2025-10-08,3928.0,3943.0,3724.5,3798.0,1039768.0
2025-10-09,3812.0,3970.5,3659.5,3932.5,1472898.0
2025-10-10,3935.5,3954.5,3802.0,3806.5,713411.0
2025-10-11,3817.5,3829.5,3773.0,3825.0,40543.0
2025-10-12,3832.0,3848.0,3821.5,3828.0,27867.0
2025-10-13,3837.0,3911.5,3791.5,3822.5,709306.0
2025-10-14,3822.5,3868.0,3760.5,3788.5,700788.0
2025-10-15,3796.0,3844.0,3746.0,3792.0,442303.0
2025-10-16,3790.0,4073.0,3787.0,4065.0,1083496.0
2025-10-17,4073.5,4155.5,3982.0,4117.0,804910.0
2025-10-18,4128.5,4208.5,4117.5,4185.0,157803.0
2025-10-19,4181.5,4193.0,4153.5,4169.5,44783.0
2025-10-20,4169.5,4181.0,4130.0,4155.0,356198.0
2025-10-21,4155.0,4160.5,3857.0,3996.0,891454.0
2025-10-22,4006.5,4028.0,3855.0,3905.0,852861.0
2025-10-23,3837.0,3927.5,3812.0,3914.0,537248.0
2025-10-24,3916.0,3952.0,3814.5,3841.5,665861.0
2025-10-27,3850.0,3855.0,3770.0,3800.0,596405.0
2025-10-28,3813.0,3888.0,3794.0,3887.5,608277.0
2025-10-29,3889.0,4023.0,3863.0,3972.0,1254189.0
2025-10-30,3972.5,4080.0,3966.5,4055.5,802780.0
2025-10-31,4060.0,4088.0,3940.0,3978.5,529777.0
2025-11-01,3984.0,4022.5,3973.5,4008.0,229703.0
2025-11-03,4018.0,4104.5,4015.5,4077.0,298810.0
2025-11-05,4065.0,4100.0,4033.0,4067.0,505548.0
2025-11-06,4067.0,4085.0,4015.0,4043.0,245661.0
2025-11-07,4035.0,4095.0,4024.5,4064.0,372161.0
2025-11-08,4074.5,4113.0,4070.0,4085.0,63315.0
2025-11-09,4086.5,4097.0,4082.5,4097.0,12150.0
2025-11-10,4099.5,4118.0,4057.5,4072.5,413559.0
2025-11-11,4075.0,4084.0,4015.5,4049.0,442304.0
2025-11-12,4058.5,4059.5,3963.5,3995.0,412990.0
2025-11-13,3995.5,4010.0,3947.0,3965.0,319685.0
2025-11-14,3970.0,3989.5,3934.0,3953.0,266108.0
2025-11-15,3955.0,3976.0,3951.0,3955.0,13791.0
2025-11-16,3955.5,3958.0,3942.5,3955.5,18467.0
2025-11-17,3955.5,3959.5,3882.5,3883.0,276315.0
2025-11-18,3883.0,4016.5,3868.5,3925.0,949540.0
2025-11-19,3932.0,4150.0,3921.0,4092.0,1374889.0
2025-11-20,4095.0,4180.0,4063.5,4172.0,726948.0
2025-11-21,4175.0,4194.5,4087.0,4157.0,575128.0
2025-11-24,4170.0,4187.0,4070.0,4103.0,447762.0
2025-11-25,4111.0,4169.0,4065.0,4154.0,526460.0
2025-11-26,4140.0,4168.5,4135.0,4145.0,231890.0
2025-11-27,4150.0,4176.5,4082.0,4105.5,324939.0
2025-11-28,4108.5,4194.5,4099.5,4185.5,365754.0
2025-11-29,4193.0,4193.0,4173.0,4182.0,14482.0
2025-11-30,4185.0,4208.5,4178.0,4202.0,46631.0
2025-12-01,4199.5,4220.0,4166.0,4192.5,360788.0
2025-12-02,4190.0,4239.5,4182.0,4220.5,754907.0
2025-12-03,4192.0,4220.0,4120.0,4170.5,441737.0
2025-12-04,4178.5,4233.5,4166.5,4202.0,353008.0
2025-12-05,4205.0,4303.0,4202.0,4288.0,670044.0
2025-12-08,4290.0,4372.0,4281.0,4303.0,629635.0
2025-12-09,4310.0,4364.5,4291.0,4346.0,399506.0
2025-12-10,4350.0,4361.0,4280.0,4317.0,345864.0
2025-12-11,4316.5,4367.5,4281.0,4328.5,711566.0
2025-12-12,4334.0,4350.0,4258.5,4272.0,442142.0
2025-12-13,4282.0,4308.0,4282.0,4297.0,30329.0
2025-12-14,4297.0,4304.5,4265.0,4278.0,28564.0
2025-12-15,4296.5,4339.5,4272.0,4324.0,358754.0
2025-12-16,4328.0,4388.5,4322.5,4371.5,373734.0
2025-12-17,4380.0,4382.0,4320.0,4347.0,389199.0
2025-12-18,4346.0,4494.0,4340.0,4492.5,1340542.0
2025-12-19,4493.5,4533.0,4398.0,4444.0,1087204.0
2025-12-20,4458.5,4459.0,4436.5,4446.5,20896.0
2025-12-21,4446.0,4446.5,4432.5,4435.5,25925.0
2025-12-22,4442.0,4489.0,4400.0,4438.5,574997.0
2025-12-23,4447.5,4459.0,4422.5,4439.5,261290.0
2025-12-24,4439.5,4519.5,4414.0,4485.0,531547.0
2025-12-25,4487.0,4500.5,4460.0,4500.0,242430.0
2025-12-26,4500.5,4538.5,4488.5,4534.0,580352.0
2025-12-27,4535.0,4566.0,4535.0,4555.5,93752.0
2025-12-28,4575.5,4586.0,4556.0,4574.5,78583.0
2025-12-29,4580.0,4687.0,4483.0,4529.5,1317489.0
2025-12-30,4536.5,4590.0,4489.5,4567.0,535471.0
2026-01-05,4555.0,4563.5,4472.5,4498.0,253132.0
2026-01-06,4506.0,4525.5,4480.5,4491.0,130627.0
2026-01-08,4466.5,4466.5,4405.0,4414.5,187656.0
2026-01-09,4414.0,4446.5,4407.5,4422.5,117485.0
2026-01-12,4432.0,4510.0,4427.5,4480.5,390248.0
2026-01-13,4477.5,4541.0,4450.5,4486.0,447639.0
2026-01-14,4489.0,4620.0,4458.0,4542.0,667656.0
2026-01-15,4542.5,4577.0,4504.0,4555.0,392905.0
2026-01-16,4564.5,4641.5,4548.0,4635.0,420011.0
2026-01-17,4643.5,4645.0,4625.0,4626.0,37286.0
2026-01-18,4626.0,4635.0,4622.0,4633.0,27284.0
2026-01-19,4633.5,4700.0,4612.0,4658.0,767898.0
2026-01-20,4662.5,4688.5,4629.5,4650.5,483096.0
2026-01-21,4650.0,4771.0,4645.0,4757.0,625877.0
2026-01-22,4765.0,4779.0,4701.0,4741.5,464963.0
2026-01-23,4741.5,4770.0,4722.5,4756.0,324017.0
2026-01-24,4757.5,4758.0,4713.0,4737.0,75862.0
2026-01-25,4737.0,4803.0,4735.0,4779.5,112293.0
2026-01-26,4778.0,4790.0,4719.0,4740.0,377931.0
2026-01-27,4742.0,4758.0,4666.0,4731.0,552183.0
2026-01-28,4740.0,4775.0,4715.0,4719.5,401042.0
2026-01-29,4727.5,4775.0,4680.0,4735.5,653363.0
2026-01-30,4739.5,4828.0,4712.0,4735.0,594232.0
2026-01-31,4735.0,4768.5,4730.5,4749.5,33538.0
2026-02-01,4751.5,4765.5,4742.0,4748.5,32354.0
2026-02-02,4747.5,4785.0,4720.0,4753.0,390523.0
2026-02-03,4756.0,4775.5,4710.5,4737.0,316706.0
2026-02-04,4739.0,4758.0,4672.5,4695.0,513462.0
2026-02-05,4705.0,4708.5,4575.5,4644.0,724475.0
2026-02-06,4644.0,4655.5,4585.0,4604.5,280134.0
2026-02-07,4605.0,4615.0,4596.0,4598.0,16664.0
2026-02-08,4597.5,4612.5,4588.5,4596.0,21865.0
2026-02-09,4597.5,4609.5,4510.5,4531.0,316713.0
2026-02-10,4529.0,4590.0,4514.0,4528.5,502558.0
2026-02-11,4530.0,4720.0,4530.0,4708.0,763538.0
2026-02-12,4690.0,4767.0,4671.0,4743.5,566227.0
2026-02-13,4735.0,4848.0,4707.5,4846.5,767061.0
2026-02-16,4848.5,4916.5,4837.5,4874.5,838980.0
2026-02-17,4879.5,4929.0,4746.0,4795.5,1555578.0
2026-02-18,4794.0,4873.0,4760.5,4827.5,641845.0
2026-02-19,4832.0,4870.0,4788.0,4795.5,540024.0
2026-02-20,4794.0,4817.0,4760.0,4790.5,341491.0
2026-02-21,4790.0,4812.5,4785.0,4801.0,21449.0
2026-02-22,4800.0,4808.5,4792.0,4799.5,15867.0
2026-02-23,4797.0,4807.0,4791.0,4803.5,16125.0
2026-02-24,4807.0,4829.5,4755.0,4806.0,511992.0
2026-02-25,4815.0,4825.0,4788.0,4810.5,271059.0
2026-02-26,4810.0,4846.0,4795.0,4811.5,385320.0
2026-02-27,4810.0,4827.0,4772.0,4796.0,325763.0
2026-02-28,4796.0,4807.5,4730.0,4749.5,139188.0
2026-03-01,4749.5,4777.5,4733.5,4744.5,53247.0
2026-03-02,4749.5,4760.0,4645.5,4658.0,1138793.0
2026-03-03,4660.0,4679.5,4527.0,4557.5,941513.0
2026-03-04,4560.0,4619.5,4525.0,4564.0,619035.0
2026-03-05,4574.5,4612.0,4536.5,4552.0,451836.0
2026-03-06,4559.0,4570.0,4500.0,4526.5,502613.0
2026-03-09,4521.0,4660.0,4451.0,4637.0,633510.0
2026-03-10,4640.0,4676.0,4540.5,4578.5,861068.0
2026-03-11,4583.0,4583.0,4501.0,4524.0,550074.0
2026-03-12,4523.0,4555.5,4502.0,4507.0,348273.0
2026-03-13,4507.0,4554.5,4485.0,4503.5,582188.0
2026-03-14,4507.0,4513.5,4502.5,4511.0,34762.0
2026-03-15,4514.0,4522.5,4506.0,4521.5,27875.0
2026-03-16,4522.0,4534.5,4473.0,4487.0,412997.0
2026-03-17,4490.0,4538.5,4458.5,4514.0,380405.0
2026-03-18,4514.5,4574.0,4490.0,4494.5,681309.0
2026-03-19,4500.5,4518.5,4427.5,4460.0,832163.0
2026-03-20,4464.0,4495.0,4412.0,4418.5,517988.0
2026-03-23,4429.5,4430.0,4290.0,4295.0,1110315.0
2026-03-24,4306.0,4351.5,4255.0,4301.0,745002.0
2026-03-25,4303.0,4372.5,4282.0,4340.0,552788.0
2026-03-26,4348.0,4368.0,4251.0,4267.0,763102.0
2026-03-27,4267.5,4302.5,4213.0,4231.5,651121.0
2026-03-28,4232.5,4251.0,4230.0,4250.0,35218.0
2026-03-29,4250.0,4255.0,4230.5,4244.5,42435.0
2026-03-30,4250.5,4307.5,4215.5,4275.0,633841.0
2026-03-31,4292.5,4308.0,4212.0,4237.0,646990.0
2026-04-01,4242.0,4308.5,4231.0,4275.5,565973.0
2026-04-02,4272.5,4279.5,4220.0,4223.0,535353.0
2026-04-03,4230.0,4243.0,4127.5,4142.0,794358.0
2026-04-04,4142.0,4160.0,4133.0,4154.5,46057.0
2026-04-05,4154.5,4156.5,4126.0,4145.0,42801.0
2026-04-06,4140.0,4195.5,4102.5,4182.0,1136302.0
2026-04-07,4182.5,4243.0,4161.5,4210.0,668585.0
2026-04-08,4232.0,4290.0,4217.5,4238.0,664863.0
2026-04-09,4245.0,4261.0,4150.0,4162.0,467317.0
2026-04-10,4169.0,4198.0,4144.5,4150.5,365951.0
2026-04-11,4153.0,4160.0,4145.5,4151.5,25180.0
2026-04-12,4152.5,4164.5,4132.0,4143.5,60863.0
2026-04-13,4142.5,4158.5,4055.5,4076.5,644192.0
2026-04-14,4088.5,4187.0,4068.5,4169.0,670927.0
2026-04-15,4170.0,4333.0,4169.0,4331.0,1475230.0
2026-04-16,4331.0,4349.5,4254.5,4278.0,859899.0
2026-04-17,4279.5,4324.5,4237.0,4288.0,593638.0
2026-04-18,4292.0,4305.0,4287.0,4290.0,43907.0
2026-04-19,4295.0,4302.5,4281.5,4298.0,28161.0
2026-04-20,4304.5,4340.0,4263.5,4315.5,466284.0
2026-04-21,4316.5,4379.0,4290.0,4317.0,696938.0
2026-04-22,4320.0,4359.0,4303.0,4350.5,447906.0
2026-04-23,4353.0,4391.0,4326.5,4343.0,572381.0
2026-04-24,4344.0,4357.5,4217.0,4284.5,1001227.0
2026-04-25,4187.0,4202.0,4178.0,4194.0,147293.0
2026-04-26,4194.0,4200.0,4186.0,4188.5,45539.0
2026-04-27,4189.0,4194.0,4136.5,4151.0,621372.0
2026-04-28,4157.0,4213.5,4046.5,4056.5,1547638.0
2026-04-29,4063.5,4095.0,3960.0,4013.5,1362809.0
2026-04-30,4024.0,4069.0,3981.0,4060.0,654705.0
2026-05-01,4068.0,4082.0,4047.0,4054.5,53184.0
2026-05-02,4060.0,4065.5,4040.5,4056.0,28363.0
2026-05-03,4058.0,4071.0,4048.0,4071.0,22700.0
2026-05-04,4080.0,4088.5,4003.5,4035.0,520422.0
2026-05-05,4035.0,4081.5,3991.5,4067.0,635274.0
2026-05-06,4073.5,4102.5,3990.5,4021.5,575653.0
2026-05-07,4030.0,4078.0,4022.5,4033.5,286720.0
2026-05-08,4043.5,4070.0,4020.0,4042.5,310535.0
2026-05-11,4047.5,4120.0,4047.5,4112.5,261610.0
2026-05-12,4112.5,4149.0,4093.5,4146.0,477893.0
2026-05-13,4148.0,4165.0,4126.0,4139.0,246008.0
2026-05-14,4140.0,4145.0,4050.0,4057.0,334643.0
2026-05-15,4065.5,4097.0,3998.0,4007.5,430710.0
2026-05-16,4025.0,4025.5,4012.0,4017.0,24579.0
2026-05-17,4018.0,4027.5,4014.5,4022.0,19392.0
2026-05-18,4019.0,4094.0,3992.0,4070.5,375364.0
2026-05-19,4071.0,4097.0,4052.5,4073.0,315728.0
2026-05-20,4079.5,4088.0,4026.0,4035.0,389515.0
2026-05-21,4035.5,4090.0,4006.0,4066.0,308561.0
2026-05-22,4076.0,4132.5,4016.0,4027.0,599129.0
2026-05-23,4038.5,4038.5,4025.5,4027.0,15915.0
2026-05-24,4030.0,4033.0,4010.0,4016.0,30698.0
2026-05-25,4031.5,4066.0,3973.5,3995.0,797240.0
